arm,warm_start,data_all,frozen,lr,noise,hidden,n_layers,kernel,history,batch_size,step_budget,F,n_params,seed,data_seed,noise_seed,init_seed,shuffle_seed,cycle,step,cum_step,lead_step,lead_hours,lead_mtu,lead_lyapunov,nrmse
cold,0,1,0,0.0001,0.1,512,3,5,4,256,6000,8.0,2633729,4,4,9977,4101,900015,0,1,1,1,6.0,0.05,0.08355,0.15827249
cold,0,1,0,0.0001,0.1,512,3,5,4,256,6000,8.0,2633729,4,4,9977,4101,900015,0,1,1,2,12.0,0.1,0.1671,0.28475049
cold,0,1,0,0.0001,0.1,512,3,5,4,256,6000,8.0,2633729,4,4,9977,4101,900015,0,1,1,3,18.0,0.15,0.25065,0.40173128
cold,0,1,0,0.0001,0.1,512,3,5,4,256,6000,8.0,2633729,4,4,9977,4101,900015,0,1,1,4,24.0,0.2,0.3342,0.50100338
cold,0,1,0,0.0001,0.1,512,3,5,4,256,6000,8.0,2633729,4,4,9977,4101,900015,0,1,1,5,30.0,0.25,0.41775,0.57993209
cold,0,1,0,0.0001,0.1,512,3,5,4,256,6000,8.0,2633729,4,4,9977,4101,900015,0,1,1,6,36.0,0.3,0.5013,0.63922489
cold,0,1,0,0.0001,0.1,512,3,5,4,256,6000,8.0,2633729,4,4,9977,4101,900015,0,1,1,7,42.0,0.35,0.58485,0.68066901
cold,0,1,0,0.0001,0.1,512,3,5,4,256,6000,8.0,2633729,4,4,9977,4101,900015,0,1,1,8,48.0,0.4,0.6684,0.70740563
cold,0,1,0,0.0001,0.1,512,3,5,4,256,6000,8.0,2633729,4,4,9977,4101,900015,0,1,1,9,54.0,0.45,0.75195,0.72320491
cold,0,1,0,0.0001,0.1,512,3,5,4,256,6000,8.0,2633729,4,4,9977,4101,900015,0,1,1,10,60.0,0.5,0.8355,0.73122442
cold,0,1,0,0.0001,0.1,512,3,5,4,256,6000,8.0,2633729,4,4,9977,4101,900015,0,1,1,11,66.0,0.55,0.91905,0.73455465
cold,0,1,0,0.0001,0.1,512,3,5,4,256,6000,8.0,2633729,4,4,9977,4101,900015,0,1,1,12,72.0,0.6,1.0026,0.73671472
cold,0,1,0,0.0001,0.1,512,3,5,4,256,6000,8.0,2633729,4,4,9977,4101,900015,0,1,1,13,78.0,0.65,1.08615,0.74022299
cold,0,1,0,0.0001,0.1,512,3,5,4,256,6000,8.0,2633729,4,4,9977,4101,900015,0,1,1,14,84.0,0.7,1.1697,0.74570614
cold,0,1,0,0.0001,0.1,512,3,5,4,256,6000,8.0,2633729,4,4,9977,4101,900015,0,1,1,15,90.0,0.75,1.25325,0.75228149
cold,0,1,0,0.0001,0.1,512,3,5,4,256,6000,8.0,2633729,4,4,9977,4101,900015,0,1,1,16,96.0,0.8,1.3368,0.75858438
cold,0,1,0,0.0001,0.1,512,3,5,4,256,6000,8.0,2633729,4,4,9977,4101,900015,0,1,1,17,102.0,0.85,1.42035,0.76412481
cold,0,1,0,0.0001,0.1,512,3,5,4,256,6000,8.0,2633729,4,4,9977,4101,900015,0,1,1,18,108.0,0.9,1.5039,0.76902461
cold,0,1,0,0.0001,0.1,512,3,5,4,256,6000,8.0,2633729,4,4,9977,4101,900015,0,1,1,19,114.0,0.95,1.58745,0.7728613
cold,0,1,0,0.0001,0.1,512,3,5,4,256,6000,8.0,2633729,4,4,9977,4101,900015,0,1,1,20,120.0,1.0,1.671,0.77484882
cold,0,1,0,0.0001,0.1,512,3,5,4,256,6000,8.0,2633729,4,4,9977,4101,900015,0,1,1,21,126.0,1.05,1.75455,0.77509862
cold,0,1,0,0.0001,0.1,512,3,5,4,256,6000,8.0,2633729,4,4,9977,4101,900015,0,1,1,22,132.0,1.1,1.8381,0.77492654
cold,0,1,0,0.0001,0.1,512,3,5,4,256,6000,8.0,2633729,4,4,9977,4101,900015,0,1,1,23,138.0,1.15,1.92165,0.77587211
cold,0,1,0,0.0001,0.1,512,3,5,4,256,6000,8.0,2633729,4,4,9977,4101,900015,0,1,1,24,144.0,1.2,2.0052,0.77873403
cold,0,1,0,0.0001,0.1,512,3,5,4,256,6000,8.0,2633729,4,4,9977,4101,900015,0,1,1,25,150.0,1.25,2.08875,0.7828083
cold,0,1,0,0.0001,0.1,512,3,5,4,256,6000,8.0,2633729,4,4,9977,4101,900015,0,1,1,26,156.0,1.3,2.1723,0.78650653
cold,0,1,0,0.0001,0.1,512,3,5,4,256,6000,8.0,2633729,4,4,9977,4101,900015,0,1,1,27,162.0,1.35,2.25585,0.78901845
cold,0,1,0,0.0001,0.1,512,3,5,4,256,6000,8.0,2633729,4,4,9977,4101,900015,0,1,1,28,168.0,1.4,2.3394,0.79059976
cold,0,1,0,0.0001,0.1,512,3,5,4,256,6000,8.0,2633729,4,4,9977,4101,900015,0,1,1,29,174.0,1.45,2.42295,0.79138803
cold,0,1,0,0.0001,0.1,512,3,5,4,256,6000,8.0,2633729,4,4,9977,4101,900015,0,1,1,30,180.0,1.5,2.5065,0.79087436
cold,0,1,0,0.0001,0.1,512,3,5,4,256,6000,8.0,2633729,4,4,9977,4101,900015,0,1,1,31,186.0,1.55,2.59005,0.78924638
cold,0,1,0,0.0001,0.1,512,3,5,4,256,6000,8.0,2633729,4,4,9977,4101,900015,0,1,1,32,192.0,1.6,2.6736,0.78810012
cold,0,1,0,0.0001,0.1,512,3,5,4,256,6000,8.0,2633729,4,4,9977,4101,900015,0,1,1,33,198.0,1.65,2.75715,0.78875273
cold,0,1,0,0.0001,0.1,512,3,5,4,256,6000,8.0,2633729,4,4,9977,4101,900015,0,1,1,34,204.0,1.7,2.8407,0.79106158
cold,0,1,0,0.0001,0.1,512,3,5,4,256,6000,8.0,2633729,4,4,9977,4101,900015,0,1,1,35,210.0,1.75,2.92425,0.79383177
cold,0,1,0,0.0001,0.1,512,3,5,4,256,6000,8.0,2633729,4,4,9977,4101,900015,0,1,1,36,216.0,1.8,3.0078,0.79600012
cold,0,1,0,0.0001,0.1,512,3,5,4,256,6000,8.0,2633729,4,4,9977,4101,900015,0,1,1,37,222.0,1.85,3.09135,0.79774112
cold,0,1,0,0.0001,0.1,512,3,5,4,256,6000,8.0,2633729,4,4,9977,4101,900015,0,1,1,38,228.0,1.9,3.1749,0.79957521
cold,0,1,0,0.0001,0.1,512,3,5,4,256,6000,8.0,2633729,4,4,9977,4101,900015,0,1,1,39,234.0,1.95,3.25845,0.80103099
cold,0,1,0,0.0001,0.1,512,3,5,4,256,6000,8.0,2633729,4,4,9977,4101,900015,0,1,1,40,240.0,2.0,3.342,0.80112332
cold,0,1,0,0.0001,0.1,512,3,5,4,256,6000,8.0,2633729,4,4,9977,4101,900015,0,1,1,41,246.0,2.05,3.42555,0.79975927
cold,0,1,0,0.0001,0.1,512,3,5,4,256,6000,8.0,2633729,4,4,9977,4101,900015,0,1,1,42,252.0,2.1,3.5091,0.79805946
cold,0,1,0,0.0001,0.1,512,3,5,4,256,6000,8.0,2633729,4,4,9977,4101,900015,0,1,1,43,258.0,2.15,3.59265,0.79739082
cold,0,1,0,0.0001,0.1,512,3,5,4,256,6000,8.0,2633729,4,4,9977,4101,900015,0,1,1,44,264.0,2.2,3.6762,0.79835629
cold,0,1,0,0.0001,0.1,512,3,5,4,256,6000,8.0,2633729,4,4,9977,4101,900015,0,1,1,45,270.0,2.25,3.75975,0.80012536
cold,0,1,0,0.0001,0.1,512,3,5,4,256,6000,8.0,2633729,4,4,9977,4101,900015,0,1,1,46,276.0,2.3,3.8433,0.80135745
cold,0,1,0,0.0001,0.1,512,3,5,4,256,6000,8.0,2633729,4,4,9977,4101,900015,0,1,1,47,282.0,2.35,3.92685,0.8017301
cold,0,1,0,0.0001,0.1,512,3,5,4,256,6000,8.0,2633729,4,4,9977,4101,900015,0,1,1,48,288.0,2.4,4.0104,0.80188787
cold,0,1,0,0.0001,0.1,512,3,5,4,256,6000,8.0,2633729,4,4,9977,4101,900015,0,1,1,49,294.0,2.45,4.09395,0.80212402
cold,0,1,0,0.0001,0.1,512,3,5,4,256,6000,8.0,2633729,4,4,9977,4101,900015,0,1,1,50,300.0,2.5,4.1775,0.80177999
cold,0,1,0,0.0001,0.1,512,3,5,4,256,6000,8.0,2633729,4,4,9977,4101,900015,0,1,1,51,306.0,2.55,4.26105,0.80067098
cold,0,1,0,0.0001,0.1,512,3,5,4,256,6000,8.0,2633729,4,4,9977,4101,900015,0,1,1,52,312.0,2.6,4.3446,0.80009443
cold,0,1,0,0.0001,0.1,512,3,5,4,256,6000,8.0,2633729,4,4,9977,4101,900015,0,1,1,53,318.0,2.65,4.42815,0.80136406
cold,0,1,0,0.0001,0.1,512,3,5,4,256,6000,8.0,2633729,4,4,9977,4101,900015,0,1,1,54,324.0,2.7,4.5117,0.80439782
cold,0,1,0,0.0001,0.1,512,3,5,4,256,6000,8.0,2633729,4,4,9977,4101,900015,0,1,1,55,330.0,2.75,4.59525,0.80784041
cold,0,1,0,0.0001,0.1,512,3,5,4,256,6000,8.0,2633729,4,4,9977,4101,900015,0,1,1,56,336.0,2.8,4.6788,0.81048149
cold,0,1,0,0.0001,0.1,512,3,5,4,256,6000,8.0,2633729,4,4,9977,4101,900015,0,1,1,57,342.0,2.85,4.76235,0.81252664
cold,0,1,0,0.0001,0.1,512,3,5,4,256,6000,8.0,2633729,4,4,9977,4101,900015,0,1,1,58,348.0,2.9,4.8459,0.81450003
cold,0,1,0,0.0001,0.1,512,3,5,4,256,6000,8.0,2633729,4,4,9977,4101,900015,0,1,1,59,354.0,2.95,4.92945,0.81585509
cold,0,1,0,0.0001,0.1,512,3,5,4,256,6000,8.0,2633729,4,4,9977,4101,900015,0,1,1,60,360.0,3.0,5.013,0.81562567
cold,0,1,0,0.0001,0.1,512,3,5,4,256,6000,8.0,2633729,4,4,9977,4101,900015,0,1,1,61,366.0,3.05,5.09655,0.81389791
cold,0,1,0,0.0001,0.1,512,3,5,4,256,6000,8.0,2633729,4,4,9977,4101,900015,0,1,1,62,372.0,3.1,5.1801,0.81198794
cold,0,1,0,0.0001,0.1,512,3,5,4,256,6000,8.0,2633729,4,4,9977,4101,900015,0,1,1,63,378.0,3.15,5.26365,0.81130213
cold,0,1,0,0.0001,0.1,512,3,5,4,256,6000,8.0,2633729,4,4,9977,4101,900015,0,1,1,64,384.0,3.2,5.3472,0.8123076
cold,0,1,0,0.0001,0.1,512,3,5,4,256,6000,8.0,2633729,4,4,9977,4101,900015,0,1,1,65,390.0,3.25,5.43075,0.81397009
cold,0,1,0,0.0001,0.1,512,3,5,4,256,6000,8.0,2633729,4,4,9977,4101,900015,0,1,1,66,396.0,3.3,5.5143,0.8147788
cold,0,1,0,0.0001,0.1,512,3,5,4,256,6000,8.0,2633729,4,4,9977,4101,900015,0,1,1,67,402.0,3.35,5.59785,0.81434935
cold,0,1,0,0.0001,0.1,512,3,5,4,256,6000,8.0,2633729,4,4,9977,4101,900015,0,1,1,68,408.0,3.4,5.6814,0.81339645
cold,0,1,0,0.0001,0.1,512,3,5,4,256,6000,8.0,2633729,4,4,9977,4101,900015,0,1,1,69,414.0,3.45,5.76495,0.81237662
cold,0,1,0,0.0001,0.1,512,3,5,4,256,6000,8.0,2633729,4,4,9977,4101,900015,0,1,1,70,420.0,3.5,5.8485,0.8108241
cold,0,1,0,0.0001,0.1,512,3,5,4,256,6000,8.0,2633729,4,4,9977,4101,900015,0,1,1,71,426.0,3.55,5.93205,0.80874658
cold,0,1,0,0.0001,0.1,512,3,5,4,256,6000,8.0,2633729,4,4,9977,4101,900015,0,1,1,72,432.0,3.6,6.0156,0.80759227
cold,0,1,0,0.0001,0.1,512,3,5,4,256,6000,8.0,2633729,4,4,9977,4101,900015,0,1,1,73,438.0,3.65,6.09915,0.80867702
cold,0,1,0,0.0001,0.1,512,3,5,4,256,6000,8.0,2633729,4,4,9977,4101,900015,0,1,1,74,444.0,3.7,6.1827,0.81182462
cold,0,1,0,0.0001,0.1,512,3,5,4,256,6000,8.0,2633729,4,4,9977,4101,900015,0,1,1,75,450.0,3.75,6.26625,0.81560618
cold,0,1,0,0.0001,0.1,512,3,5,4,256,6000,8.0,2633729,4,4,9977,4101,900015,0,1,1,76,456.0,3.8,6.3498,0.8187229
cold,0,1,0,0.0001,0.1,512,3,5,4,256,6000,8.0,2633729,4,4,9977,4101,900015,0,1,1,77,462.0,3.85,6.43335,0.82125694
cold,0,1,0,0.0001,0.1,512,3,5,4,256,6000,8.0,2633729,4,4,9977,4101,900015,0,1,1,78,468.0,3.9,6.5169,0.82366872
cold,0,1,0,0.0001,0.1,512,3,5,4,256,6000,8.0,2633729,4,4,9977,4101,900015,0,1,1,79,474.0,3.95,6.60045,0.8254196
cold,0,1,0,0.0001,0.1,512,3,5,4,256,6000,8.0,2633729,4,4,9977,4101,900015,0,1,1,80,480.0,4.0,6.684,0.82549089
cold,0,1,0,0.0001,0.1,512,3,5,4,256,6000,8.0,2633729,4,4,9977,4101,900015,0,1,1,81,486.0,4.05,6.76755,0.82382804
cold,0,1,0,0.0001,0.1,512,3,5,4,256,6000,8.0,2633729,4,4,9977,4101,900015,0,1,1,82,492.0,4.1,6.8511,0.82164723
cold,0,1,0,0.0001,0.1,512,3,5,4,256,6000,8.0,2633729,4,4,9977,4101,900015,0,1,1,83,498.0,4.15,6.93465,0.8203876
cold,0,1,0,0.0001,0.1,512,3,5,4,256,6000,8.0,2633729,4,4,9977,4101,900015,0,1,1,84,504.0,4.2,7.0182,0.82067317
cold,0,1,0,0.0001,0.1,512,3,5,4,256,6000,8.0,2633729,4,4,9977,4101,900015,0,1,1,85,510.0,4.25,7.10175,0.82163429
cold,0,1,0,0.0001,0.1,512,3,5,4,256,6000,8.0,2633729,4,4,9977,4101,900015,0,1,1,86,516.0,4.3,7.1853,0.82177496
cold,0,1,0,0.0001,0.1,512,3,5,4,256,6000,8.0,2633729,4,4,9977,4101,900015,0,1,1,87,522.0,4.35,7.26885,0.82060069
cold,0,1,0,0.0001,0.1,512,3,5,4,256,6000,8.0,2633729,4,4,9977,4101,900015,0,1,1,88,528.0,4.4,7.3524,0.81878728
cold,0,1,0,0.0001,0.1,512,3,5,4,256,6000,8.0,2633729,4,4,9977,4101,900015,0,1,1,89,534.0,4.45,7.43595,0.81688315
cold,0,1,0,0.0001,0.1,512,3,5,4,256,6000,8.0,2633729,4,4,9977,4101,900015,0,1,1,90,540.0,4.5,7.5195,0.81454343
cold,0,1,0,0.0001,0.1,512,3,5,4,256,6000,8.0,2633729,4,4,9977,4101,900015,0,1,1,91,546.0,4.55,7.60305,0.81192398
cold,0,1,0,0.0001,0.1,512,3,5,4,256,6000,8.0,2633729,4,4,9977,4101,900015,0,1,1,92,552.0,4.6,7.6866,0.81063247
cold,0,1,0,0.0001,0.1,512,3,5,4,256,6000,8.0,2633729,4,4,9977,4101,900015,0,1,1,93,558.0,4.65,7.77015,0.81192666
cold,0,1,0,0.0001,0.1,512,3,5,4,256,6000,8.0,2633729,4,4,9977,4101,900015,0,1,1,94,564.0,4.7,7.8537,0.81527883
cold,0,1,0,0.0001,0.1,512,3,5,4,256,6000,8.0,2633729,4,4,9977,4101,900015,0,1,1,95,570.0,4.75,7.93725,0.81892586
cold,0,1,0,0.0001,0.1,512,3,5,4,256,6000,8.0,2633729,4,4,9977,4101,900015,0,1,1,96,576.0,4.8,8.0208,0.82157946
cold,0,1,0,0.0001,0.1,512,3,5,4,256,6000,8.0,2633729,4,4,9977,4101,900015,0,1,1,97,582.0,4.85,8.10435,0.82362646
cold,0,1,0,0.0001,0.1,512,3,5,4,256,6000,8.0,2633729,4,4,9977,4101,900015,0,1,1,98,588.0,4.9,8.1879,0.82578754
cold,0,1,0,0.0001,0.1,512,3,5,4,256,6000,8.0,2633729,4,4,9977,4101,900015,0,1,1,99,594.0,4.95,8.27145,0.82752854
cold,0,1,0,0.0001,0.1,512,3,5,4,256,6000,8.0,2633729,4,4,9977,4101,900015,0,1,1,100,600.0,5.0,8.355,0.82767475
cold,0,1,0,0.0001,0.1,512,3,5,4,256,6000,8.0,2633729,4,4,9977,4101,900015,0,1,1,101,606.0,5.05,8.43855,0.82606471
cold,0,1,0,0.0001,0.1,512,3,5,4,256,6000,8.0,2633729,4,4,9977,4101,900015,0,1,1,102,612.0,5.1,8.5221,0.82393157
cold,0,1,0,0.0001,0.1,512,3,5,4,256,6000,8.0,2633729,4,4,9977,4101,900015,0,1,1,103,618.0,5.15,8.60565,0.82279474
cold,0,1,0,0.0001,0.1,512,3,5,4,256,6000,8.0,2633729,4,4,9977,4101,900015,0,1,1,104,624.0,5.2,8.6892,0.82342696
cold,0,1,0,0.0001,0.1,512,3,5,4,256,6000,8.0,2633729,4,4,9977,4101,900015,0,1,1,105,630.0,5.25,8.77275,0.82498538
cold,0,1,0,0.0001,0.1,512,3,5,4,256,6000,8.0,2633729,4,4,9977,4101,900015,0,1,1,106,636.0,5.3,8.8563,0.82563496
cold,0,1,0,0.0001,0.1,512,3,5,4,256,6000,8.0,2633729,4,4,9977,4101,900015,0,1,1,107,642.0,5.35,8.93985,0.82444042
cold,0,1,0,0.0001,0.1,512,3,5,4,256,6000,8.0,2633729,4,4,9977,4101,900015,0,1,1,108,648.0,5.4,9.0234,0.82195443
cold,0,1,0,0.0001,0.1,512,3,5,4,256,6000,8.0,2633729,4,4,9977,4101,900015,0,1,1,109,654.0,5.45,9.10695,0.81904465
cold,0,1,0,0.0001,0.1,512,3,5,4,256,6000,8.0,2633729,4,4,9977,4101,900015,0,1,1,110,660.0,5.5,9.1905,0.8158806
cold,0,1,0,0.0001,0.1,512,3,5,4,256,6000,8.0,2633729,4,4,9977,4101,900015,0,1,1,111,666.0,5.55,9.27405,0.8129552
cold,0,1,0,0.0001,0.1,512,3,5,4,256,6000,8.0,2633729,4,4,9977,4101,900015,0,1,1,112,672.0,5.6,9.3576,0.81184769
cold,0,1,0,0.0001,0.1,512,3,5,4,256,6000,8.0,2633729,4,4,9977,4101,900015,0,1,1,113,678.0,5.65,9.44115,0.81356353
cold,0,1,0,0.0001,0.1,512,3,5,4,256,6000,8.0,2633729,4,4,9977,4101,900015,0,1,1,114,684.0,5.7,9.5247,0.81734198
cold,0,1,0,0.0001,0.1,512,3,5,4,256,6000,8.0,2633729,4,4,9977,4101,900015,0,1,1,115,690.0,5.75,9.60825,0.82126337
cold,0,1,0,0.0001,0.1,512,3,5,4,256,6000,8.0,2633729,4,4,9977,4101,900015,0,1,1,116,696.0,5.8,9.6918,0.82398671
cold,0,1,0,0.0001,0.1,512,3,5,4,256,6000,8.0,2633729,4,4,9977,4101,900015,0,1,1,117,702.0,5.85,9.77535,0.82592863
cold,0,1,0,0.0001,0.1,512,3,5,4,256,6000,8.0,2633729,4,4,9977,4101,900015,0,1,1,118,708.0,5.9,9.8589,0.82776529
cold,0,1,0,0.0001,0.1,512,3,5,4,256,6000,8.0,2633729,4,4,9977,4101,900015,0,1,1,119,714.0,5.95,9.94245,0.82895833
cold,0,1,0,0.0001,0.1,512,3,5,4,256,6000,8.0,2633729,4,4,9977,4101,900015,0,1,1,120,720.0,6.0,10.026,0.82846892
cold,0,1,0,0.0001,0.1,512,3,5,4,256,6000,8.0,2633729,4,4,9977,4101,900015,0,12,12,1,6.0,0.05,0.08355,0.11815929
cold,0,1,0,0.0001,0.1,512,3,5,4,256,6000,8.0,2633729,4,4,9977,4101,900015,0,12,12,2,12.0,0.1,0.1671,0.19890931
cold,0,1,0,0.0001,0.1,512,3,5,4,256,6000,8.0,2633729,4,4,9977,4101,900015,0,12,12,3,18.0,0.15,0.25065,0.28293616
cold,0,1,0,0.0001,0.1,512,3,5,4,256,6000,8.0,2633729,4,4,9977,4101,900015,0,12,12,4,24.0,0.2,0.3342,0.36006916
cold,0,1,0,0.0001,0.1,512,3,5,4,256,6000,8.0,2633729,4,4,9977,4101,900015,0,12,12,5,30.0,0.25,0.41775,0.4254584
cold,0,1,0,0.0001,0.1,512,3,5,4,256,6000,8.0,2633729,4,4,9977,4101,900015,0,12,12,6,36.0,0.3,0.5013,0.47685018
cold,0,1,0,0.0001,0.1,512,3,5,4,256,6000,8.0,2633729,4,4,9977,4101,900015,0,12,12,7,42.0,0.35,0.58485,0.5145309
cold,0,1,0,0.0001,0.1,512,3,5,4,256,6000,8.0,2633729,4,4,9977,4101,900015,0,12,12,8,48.0,0.4,0.6684,0.54200745
cold,0,1,0,0.0001,0.1,512,3,5,4,256,6000,8.0,2633729,4,4,9977,4101,900015,0,12,12,9,54.0,0.45,0.75195,0.56313032
cold,0,1,0,0.0001,0.1,512,3,5,4,256,6000,8.0,2633729,4,4,9977,4101,900015,0,12,12,10,60.0,0.5,0.8355,0.57976317
cold,0,1,0,0.0001,0.1,512,3,5,4,256,6000,8.0,2633729,4,4,9977,4101,900015,0,12,12,11,66.0,0.55,0.91905,0.59276307
cold,0,1,0,0.0001,0.1,512,3,5,4,256,6000,8.0,2633729,4,4,9977,4101,900015,0,12,12,12,72.0,0.6,1.0026,0.60339153
cold,0,1,0,0.0001,0.1,512,3,5,4,256,6000,8.0,2633729,4,4,9977,4101,900015,0,12,12,13,78.0,0.65,1.08615,0.61303586
cold,0,1,0,0.0001,0.1,512,3,5,4,256,6000,8.0,2633729,4,4,9977,4101,900015,0,12,12,14,84.0,0.7,1.1697,0.62239146
cold,0,1,0,0.0001,0.1,512,3,5,4,256,6000,8.0,2633729,4,4,9977,4101,900015,0,12,12,15,90.0,0.75,1.25325,0.63122243
cold,0,1,0,0.0001,0.1,512,3,5,4,256,6000,8.0,2633729,4,4,9977,4101,900015,0,12,12,16,96.0,0.8,1.3368,0.63920432
cold,0,1,0,0.0001,0.1,512,3,5,4,256,6000,8.0,2633729,4,4,9977,4101,900015,0,12,12,17,102.0,0.85,1.42035,0.64679694
cold,0,1,0,0.0001,0.1,512,3,5,4,256,6000,8.0,2633729,4,4,9977,4101,900015,0,12,12,18,108.0,0.9,1.5039,0.65435117
cold,0,1,0,0.0001,0.1,512,3,5,4,256,6000,8.0,2633729,4,4,9977,4101,900015,0,12,12,19,114.0,0.95,1.58745,0.66101611
cold,0,1,0,0.0001,0.1,512,3,5,4,256,6000,8.0,2633729,4,4,9977,4101,900015,0,12,12,20,120.0,1.0,1.671,0.66552401
cold,0,1,0,0.0001,0.1,512,3,5,4,256,6000,8.0,2633729,4,4,9977,4101,900015,0,12,12,21,126.0,1.05,1.75455,0.66781878
cold,0,1,0,0.0001,0.1,512,3,5,4,256,6000,8.0,2633729,4,4,9977,4101,900015,0,12,12,22,132.0,1.1,1.8381,0.66927838
cold,0,1,0,0.0001,0.1,512,3,5,4,256,6000,8.0,2633729,4,4,9977,4101,900015,0,12,12,23,138.0,1.15,1.92165,0.67159218
cold,0,1,0,0.0001,0.1,512,3,5,4,256,6000,8.0,2633729,4,4,9977,4101,900015,0,12,12,24,144.0,1.2,2.0052,0.6754849
cold,0,1,0,0.0001,0.1,512,3,5,4,256,6000,8.0,2633729,4,4,9977,4101,900015,0,12,12,25,150.0,1.25,2.08875,0.67976266
cold,0,1,0,0.0001,0.1,512,3,5,4,256,6000,8.0,2633729,4,4,9977,4101,900015,0,12,12,26,156.0,1.3,2.1723,0.68269771
cold,0,1,0,0.0001,0.1,512,3,5,4,256,6000,8.0,2633729,4,4,9977,4101,900015,0,12,12,27,162.0,1.35,2.25585,0.68424678
cold,0,1,0,0.0001,0.1,512,3,5,4,256,6000,8.0,2633729,4,4,9977,4101,900015,0,12,12,28,168.0,1.4,2.3394,0.68554127
cold,0,1,0,0.0001,0.1,512,3,5,4,256,6000,8.0,2633729,4,4,9977,4101,900015,0,12,12,29,174.0,1.45,2.42295,0.68719101
cold,0,1,0,0.0001,0.1,512,3,5,4,256,6000,8.0,2633729,4,4,9977,4101,900015,0,12,12,30,180.0,1.5,2.5065,0.68881184
cold,0,1,0,0.0001,0.1,512,3,5,4,256,6000,8.0,2633729,4,4,9977,4101,900015,0,12,12,31,186.0,1.55,2.59005,0.69011503
cold,0,1,0,0.0001,0.1,512,3,5,4,256,6000,8.0,2633729,4,4,9977,4101,900015,0,12,12,32,192.0,1.6,2.6736,0.69177455
cold,0,1,0,0.0001,0.1,512,3,5,4,256,6000,8.0,2633729,4,4,9977,4101,900015,0,12,12,33,198.0,1.65,2.75715,0.69460213
cold,0,1,0,0.0001,0.1,512,3,5,4,256,6000,8.0,2633729,4,4,9977,4101,900015,0,12,12,34,204.0,1.7,2.8407,0.69852871
cold,0,1,0,0.0001,0.1,512,3,5,4,256,6000,8.0,2633729,4,4,9977,4101,900015,0,12,12,35,210.0,1.75,2.92425,0.70255601
cold,0,1,0,0.0001,0.1,512,3,5,4,256,6000,8.0,2633729,4,4,9977,4101,900015,0,12,12,36,216.0,1.8,3.0078,0.70572865
cold,0,1,0,0.0001,0.1,512,3,5,4,256,6000,8.0,2633729,4,4,9977,4101,900015,0,12,12,37,222.0,1.85,3.09135,0.70818049
cold,0,1,0,0.0001,0.1,512,3,5,4,256,6000,8.0,2633729,4,4,9977,4101,900015,0,12,12,38,228.0,1.9,3.1749,0.71035838
cold,0,1,0,0.0001,0.1,512,3,5,4,256,6000,8.0,2633729,4,4,9977,4101,900015,0,12,12,39,234.0,1.95,3.25845,0.71189529
cold,0,1,0,0.0001,0.1,512,3,5,4,256,6000,8.0,2633729,4,4,9977,4101,900015,0,12,12,40,240.0,2.0,3.342,0.71208638
cold,0,1,0,0.0001,0.1,512,3,5,4,256,6000,8.0,2633729,4,4,9977,4101,900015,0,12,12,41,246.0,2.05,3.42555,0.71098202
cold,0,1,0,0.0001,0.1,512,3,5,4,256,6000,8.0,2633729,4,4,9977,4101,900015,0,12,12,42,252.0,2.1,3.5091,0.70955896
cold,0,1,0,0.0001,0.1,512,3,5,4,256,6000,8.0,2633729,4,4,9977,4101,900015,0,12,12,43,258.0,2.15,3.59265,0.70895547
cold,0,1,0,0.0001,0.1,512,3,5,4,256,6000,8.0,2633729,4,4,9977,4101,900015,0,12,12,44,264.0,2.2,3.6762,0.70968753
cold,0,1,0,0.0001,0.1,512,3,5,4,256,6000,8.0,2633729,4,4,9977,4101,900015,0,12,12,45,270.0,2.25,3.75975,0.71103942
cold,0,1,0,0.0001,0.1,512,3,5,4,256,6000,8.0,2633729,4,4,9977,4101,900015,0,12,12,46,276.0,2.3,3.8433,0.71183395
cold,0,1,0,0.0001,0.1,512,3,5,4,256,6000,8.0,2633729,4,4,9977,4101,900015,0,12,12,47,282.0,2.35,3.92685,0.71182221
cold,0,1,0,0.0001,0.1,512,3,5,4,256,6000,8.0,2633729,4,4,9977,4101,900015,0,12,12,48,288.0,2.4,4.0104,0.71160668
cold,0,1,0,0.0001,0.1,512,3,5,4,256,6000,8.0,2633729,4,4,9977,4101,900015,0,12,12,49,294.0,2.45,4.09395,0.71154952
cold,0,1,0,0.0001,0.1,512,3,5,4,256,6000,8.0,2633729,4,4,9977,4101,900015,0,12,12,50,300.0,2.5,4.1775,0.71131426
cold,0,1,0,0.0001,0.1,512,3,5,4,256,6000,8.0,2633729,4,4,9977,4101,900015,0,12,12,51,306.0,2.55,4.26105,0.71084428
cold,0,1,0,0.0001,0.1,512,3,5,4,256,6000,8.0,2633729,4,4,9977,4101,900015,0,12,12,52,312.0,2.6,4.3446,0.71102113
cold,0,1,0,0.0001,0.1,512,3,5,4,256,6000,8.0,2633729,4,4,9977,4101,900015,0,12,12,53,318.0,2.65,4.42815,0.71259403
cold,0,1,0,0.0001,0.1,512,3,5,4,256,6000,8.0,2633729,4,4,9977,4101,900015,0,12,12,54,324.0,2.7,4.5117,0.71528333
cold,0,1,0,0.0001,0.1,512,3,5,4,256,6000,8.0,2633729,4,4,9977,4101,900015,0,12,12,55,330.0,2.75,4.59525,0.71802056
cold,0,1,0,0.0001,0.1,512,3,5,4,256,6000,8.0,2633729,4,4,9977,4101,900015,0,12,12,56,336.0,2.8,4.6788,0.71999401
cold,0,1,0,0.0001,0.1,512,3,5,4,256,6000,8.0,2633729,4,4,9977,4101,900015,0,12,12,57,342.0,2.85,4.76235,0.72149259
cold,0,1,0,0.0001,0.1,512,3,5,4,256,6000,8.0,2633729,4,4,9977,4101,900015,0,12,12,58,348.0,2.9,4.8459,0.72297955
cold,0,1,0,0.0001,0.1,512,3,5,4,256,6000,8.0,2633729,4,4,9977,4101,900015,0,12,12,59,354.0,2.95,4.92945,0.72404152
cold,0,1,0,0.0001,0.1,512,3,5,4,256,6000,8.0,2633729,4,4,9977,4101,900015,0,12,12,60,360.0,3.0,5.013,0.72389805
cold,0,1,0,0.0001,0.1,512,3,5,4,256,6000,8.0,2633729,4,4,9977,4101,900015,0,12,12,61,366.0,3.05,5.09655,0.72250962
cold,0,1,0,0.0001,0.1,512,3,5,4,256,6000,8.0,2633729,4,4,9977,4101,900015,0,12,12,62,372.0,3.1,5.1801,0.72081459
cold,0,1,0,0.0001,0.1,512,3,5,4,256,6000,8.0,2633729,4,4,9977,4101,900015,0,12,12,63,378.0,3.15,5.26365,0.71995008
cold,0,1,0,0.0001,0.1,512,3,5,4,256,6000,8.0,2633729,4,4,9977,4101,900015,0,12,12,64,384.0,3.2,5.3472,0.72037119
cold,0,1,0,0.0001,0.1,512,3,5,4,256,6000,8.0,2633729,4,4,9977,4101,900015,0,12,12,65,390.0,3.25,5.43075,0.72127724
cold,0,1,0,0.0001,0.1,512,3,5,4,256,6000,8.0,2633729,4,4,9977,4101,900015,0,12,12,66,396.0,3.3,5.5143,0.72143728
cold,0,1,0,0.0001,0.1,512,3,5,4,256,6000,8.0,2633729,4,4,9977,4101,900015,0,12,12,67,402.0,3.35,5.59785,0.72057462
cold,0,1,0,0.0001,0.1,512,3,5,4,256,6000,8.0,2633729,4,4,9977,4101,900015,0,12,12,68,408.0,3.4,5.6814,0.71935278
cold,0,1,0,0.0001,0.1,512,3,5,4,256,6000,8.0,2633729,4,4,9977,4101,900015,0,12,12,69,414.0,3.45,5.76495,0.71819198
cold,0,1,0,0.0001,0.1,512,3,5,4,256,6000,8.0,2633729,4,4,9977,4101,900015,0,12,12,70,420.0,3.5,5.8485,0.71676081
cold,0,1,0,0.0001,0.1,512,3,5,4,256,6000,8.0,2633729,4,4,9977,4101,900015,0,12,12,71,426.0,3.55,5.93205,0.71510035
cold,0,1,0,0.0001,0.1,512,3,5,4,256,6000,8.0,2633729,4,4,9977,4101,900015,0,12,12,72,432.0,3.6,6.0156,0.71431684
cold,0,1,0,0.0001,0.1,512,3,5,4,256,6000,8.0,2633729,4,4,9977,4101,900015,0,12,12,73,438.0,3.65,6.09915,0.7153303
cold,0,1,0,0.0001,0.1,512,3,5,4,256,6000,8.0,2633729,4,4,9977,4101,900015,0,12,12,74,444.0,3.7,6.1827,0.71788961
cold,0,1,0,0.0001,0.1,512,3,5,4,256,6000,8.0,2633729,4,4,9977,4101,900015,0,12,12,75,450.0,3.75,6.26625,0.72083992
cold,0,1,0,0.0001,0.1,512,3,5,4,256,6000,8.0,2633729,4,4,9977,4101,900015,0,12,12,76,456.0,3.8,6.3498,0.72321349
cold,0,1,0,0.0001,0.1,512,3,5,4,256,6000,8.0,2633729,4,4,9977,4101,900015,0,12,12,77,462.0,3.85,6.43335,0.72512972
cold,0,1,0,0.0001,0.1,512,3,5,4,256,6000,8.0,2633729,4,4,9977,4101,900015,0,12,12,78,468.0,3.9,6.5169,0.72693503
cold,0,1,0,0.0001,0.1,512,3,5,4,256,6000,8.0,2633729,4,4,9977,4101,900015,0,12,12,79,474.0,3.95,6.60045,0.72815448
cold,0,1,0,0.0001,0.1,512,3,5,4,256,6000,8.0,2633729,4,4,9977,4101,900015,0,12,12,80,480.0,4.0,6.684,0.72795528
cold,0,1,0,0.0001,0.1,512,3,5,4,256,6000,8.0,2633729,4,4,9977,4101,900015,0,12,12,81,486.0,4.05,6.76755,0.7263028
cold,0,1,0,0.0001,0.1,512,3,5,4,256,6000,8.0,2633729,4,4,9977,4101,900015,0,12,12,82,492.0,4.1,6.8511,0.72421402
cold,0,1,0,0.0001,0.1,512,3,5,4,256,6000,8.0,2633729,4,4,9977,4101,900015,0,12,12,83,498.0,4.15,6.93465,0.72288793
cold,0,1,0,0.0001,0.1,512,3,5,4,256,6000,8.0,2633729,4,4,9977,4101,900015,0,12,12,84,504.0,4.2,7.0182,0.7228176
cold,0,1,0,0.0001,0.1,512,3,5,4,256,6000,8.0,2633729,4,4,9977,4101,900015,0,12,12,85,510.0,4.25,7.10175,0.72328132
cold,0,1,0,0.0001,0.1,512,3,5,4,256,6000,8.0,2633729,4,4,9977,4101,900015,0,12,12,86,516.0,4.3,7.1853,0.72310716
cold,0,1,0,0.0001,0.1,512,3,5,4,256,6000,8.0,2633729,4,4,9977,4101,900015,0,12,12,87,522.0,4.35,7.26885,0.72195977
cold,0,1,0,0.0001,0.1,512,3,5,4,256,6000,8.0,2633729,4,4,9977,4101,900015,0,12,12,88,528.0,4.4,7.3524,0.72040159
cold,0,1,0,0.0001,0.1,512,3,5,4,256,6000,8.0,2633729,4,4,9977,4101,900015,0,12,12,89,534.0,4.45,7.43595,0.71884656
cold,0,1,0,0.0001,0.1,512,3,5,4,256,6000,8.0,2633729,4,4,9977,4101,900015,0,12,12,90,540.0,4.5,7.5195,0.71703142
cold,0,1,0,0.0001,0.1,512,3,5,4,256,6000,8.0,2633729,4,4,9977,4101,900015,0,12,12,91,546.0,4.55,7.60305,0.71513027
cold,0,1,0,0.0001,0.1,512,3,5,4,256,6000,8.0,2633729,4,4,9977,4101,900015,0,12,12,92,552.0,4.6,7.6866,0.71439916
cold,0,1,0,0.0001,0.1,512,3,5,4,256,6000,8.0,2633729,4,4,9977,4101,900015,0,12,12,93,558.0,4.65,7.77015,0.71573049
cold,0,1,0,0.0001,0.1,512,3,5,4,256,6000,8.0,2633729,4,4,9977,4101,900015,0,12,12,94,564.0,4.7,7.8537,0.71861088
cold,0,1,0,0.0001,0.1,512,3,5,4,256,6000,8.0,2633729,4,4,9977,4101,900015,0,12,12,95,570.0,4.75,7.93725,0.72161537
cold,0,1,0,0.0001,0.1,512,3,5,4,256,6000,8.0,2633729,4,4,9977,4101,900015,0,12,12,96,576.0,4.8,8.0208,0.72374833
cold,0,1,0,0.0001,0.1,512,3,5,4,256,6000,8.0,2633729,4,4,9977,4101,900015,0,12,12,97,582.0,4.85,8.10435,0.72533846
cold,0,1,0,0.0001,0.1,512,3,5,4,256,6000,8.0,2633729,4,4,9977,4101,900015,0,12,12,98,588.0,4.9,8.1879,0.72695374
cold,0,1,0,0.0001,0.1,512,3,5,4,256,6000,8.0,2633729,4,4,9977,4101,900015,0,12,12,99,594.0,4.95,8.27145,0.72817653
cold,0,1,0,0.0001,0.1,512,3,5,4,256,6000,8.0,2633729,4,4,9977,4101,900015,0,12,12,100,600.0,5.0,8.355,0.7281028
cold,0,1,0,0.0001,0.1,512,3,5,4,256,6000,8.0,2633729,4,4,9977,4101,900015,0,12,12,101,606.0,5.05,8.43855,0.72663552
cold,0,1,0,0.0001,0.1,512,3,5,4,256,6000,8.0,2633729,4,4,9977,4101,900015,0,12,12,102,612.0,5.1,8.5221,0.72477871
cold,0,1,0,0.0001,0.1,512,3,5,4,256,6000,8.0,2633729,4,4,9977,4101,900015,0,12,12,103,618.0,5.15,8.60565,0.72374469
cold,0,1,0,0.0001,0.1,512,3,5,4,256,6000,8.0,2633729,4,4,9977,4101,900015,0,12,12,104,624.0,5.2,8.6892,0.72411156
cold,0,1,0,0.0001,0.1,512,3,5,4,256,6000,8.0,2633729,4,4,9977,4101,900015,0,12,12,105,630.0,5.25,8.77275,0.7251696
cold,0,1,0,0.0001,0.1,512,3,5,4,256,6000,8.0,2633729,4,4,9977,4101,900015,0,12,12,106,636.0,5.3,8.8563,0.72547102
cold,0,1,0,0.0001,0.1,512,3,5,4,256,6000,8.0,2633729,4,4,9977,4101,900015,0,12,12,107,642.0,5.35,8.93985,0.7243318
cold,0,1,0,0.0001,0.1,512,3,5,4,256,6000,8.0,2633729,4,4,9977,4101,900015,0,12,12,108,648.0,5.4,9.0234,0.72224569
cold,0,1,0,0.0001,0.1,512,3,5,4,256,6000,8.0,2633729,4,4,9977,4101,900015,0,12,12,109,654.0,5.45,9.10695,0.71991301
cold,0,1,0,0.0001,0.1,512,3,5,4,256,6000,8.0,2633729,4,4,9977,4101,900015,0,12,12,110,660.0,5.5,9.1905,0.71747583
cold,0,1,0,0.0001,0.1,512,3,5,4,256,6000,8.0,2633729,4,4,9977,4101,900015,0,12,12,111,666.0,5.55,9.27405,0.71534437
cold,0,1,0,0.0001,0.1,512,3,5,4,256,6000,8.0,2633729,4,4,9977,4101,900015,0,12,12,112,672.0,5.6,9.3576,0.71474159
cold,0,1,0,0.0001,0.1,512,3,5,4,256,6000,8.0,2633729,4,4,9977,4101,900015,0,12,12,113,678.0,5.65,9.44115,0.71637535
cold,0,1,0,0.0001,0.1,512,3,5,4,256,6000,8.0,2633729,4,4,9977,4101,900015,0,12,12,114,684.0,5.7,9.5247,0.71955776
cold,0,1,0,0.0001,0.1,512,3,5,4,256,6000,8.0,2633729,4,4,9977,4101,900015,0,12,12,115,690.0,5.75,9.60825,0.72274464
cold,0,1,0,0.0001,0.1,512,3,5,4,256,6000,8.0,2633729,4,4,9977,4101,900015,0,12,12,116,696.0,5.8,9.6918,0.72490042
cold,0,1,0,0.0001,0.1,512,3,5,4,256,6000,8.0,2633729,4,4,9977,4101,900015,0,12,12,117,702.0,5.85,9.77535,0.72637147
cold,0,1,0,0.0001,0.1,512,3,5,4,256,6000,8.0,2633729,4,4,9977,4101,900015,0,12,12,118,708.0,5.9,9.8589,0.72769284
cold,0,1,0,0.0001,0.1,512,3,5,4,256,6000,8.0,2633729,4,4,9977,4101,900015,0,12,12,119,714.0,5.95,9.94245,0.72845602
cold,0,1,0,0.0001,0.1,512,3,5,4,256,6000,8.0,2633729,4,4,9977,4101,900015,0,12,12,120,720.0,6.0,10.026,0.72788352
cold,0,1,0,0.0001,0.1,512,3,5,4,256,6000,8.0,2633729,4,4,9977,4101,900015,0,54,54,1,6.0,0.05,0.08355,0.08873615
cold,0,1,0,0.0001,0.1,512,3,5,4,256,6000,8.0,2633729,4,4,9977,4101,900015,0,54,54,2,12.0,0.1,0.1671,0.12933265
cold,0,1,0,0.0001,0.1,512,3,5,4,256,6000,8.0,2633729,4,4,9977,4101,900015,0,54,54,3,18.0,0.15,0.25065,0.1750205
cold,0,1,0,0.0001,0.1,512,3,5,4,256,6000,8.0,2633729,4,4,9977,4101,900015,0,54,54,4,24.0,0.2,0.3342,0.22270593
cold,0,1,0,0.0001,0.1,512,3,5,4,256,6000,8.0,2633729,4,4,9977,4101,900015,0,54,54,5,30.0,0.25,0.41775,0.26924309
cold,0,1,0,0.0001,0.1,512,3,5,4,256,6000,8.0,2633729,4,4,9977,4101,900015,0,54,54,6,36.0,0.3,0.5013,0.31251827
cold,0,1,0,0.0001,0.1,512,3,5,4,256,6000,8.0,2633729,4,4,9977,4101,900015,0,54,54,7,42.0,0.35,0.58485,0.35176703
cold,0,1,0,0.0001,0.1,512,3,5,4,256,6000,8.0,2633729,4,4,9977,4101,900015,0,54,54,8,48.0,0.4,0.6684,0.38718733
cold,0,1,0,0.0001,0.1,512,3,5,4,256,6000,8.0,2633729,4,4,9977,4101,900015,0,54,54,9,54.0,0.45,0.75195,0.41970488
cold,0,1,0,0.0001,0.1,512,3,5,4,256,6000,8.0,2633729,4,4,9977,4101,900015,0,54,54,10,60.0,0.5,0.8355,0.45028493
cold,0,1,0,0.0001,0.1,512,3,5,4,256,6000,8.0,2633729,4,4,9977,4101,900015,0,54,54,11,66.0,0.55,0.91905,0.47873482
cold,0,1,0,0.0001,0.1,512,3,5,4,256,6000,8.0,2633729,4,4,9977,4101,900015,0,54,54,12,72.0,0.6,1.0026,0.50461185
cold,0,1,0,0.0001,0.1,512,3,5,4,256,6000,8.0,2633729,4,4,9977,4101,900015,0,54,54,13,78.0,0.65,1.08615,0.52814442
cold,0,1,0,0.0001,0.1,512,3,5,4,256,6000,8.0,2633729,4,4,9977,4101,900015,0,54,54,14,84.0,0.7,1.1697,0.55008167
cold,0,1,0,0.0001,0.1,512,3,5,4,256,6000,8.0,2633729,4,4,9977,4101,900015,0,54,54,15,90.0,0.75,1.25325,0.57108152
cold,0,1,0,0.0001,0.1,512,3,5,4,256,6000,8.0,2633729,4,4,9977,4101,900015,0,54,54,16,96.0,0.8,1.3368,0.59086168
cold,0,1,0,0.0001,0.1,512,3,5,4,256,6000,8.0,2633729,4,4,9977,4101,900015,0,54,54,17,102.0,0.85,1.42035,0.60910922
cold,0,1,0,0.0001,0.1,512,3,5,4,256,6000,8.0,2633729,4,4,9977,4101,900015,0,54,54,18,108.0,0.9,1.5039,0.62610126
cold,0,1,0,0.0001,0.1,512,3,5,4,256,6000,8.0,2633729,4,4,9977,4101,900015,0,54,54,19,114.0,0.95,1.58745,0.64126569
cold,0,1,0,0.0001,0.1,512,3,5,4,256,6000,8.0,2633729,4,4,9977,4101,900015,0,54,54,20,120.0,1.0,1.671,0.65338081
cold,0,1,0,0.0001,0.1,512,3,5,4,256,6000,8.0,2633729,4,4,9977,4101,900015,0,54,54,21,126.0,1.05,1.75455,0.66254276
cold,0,1,0,0.0001,0.1,512,3,5,4,256,6000,8.0,2633729,4,4,9977,4101,900015,0,54,54,22,132.0,1.1,1.8381,0.66990364
cold,0,1,0,0.0001,0.1,512,3,5,4,256,6000,8.0,2633729,4,4,9977,4101,900015,0,54,54,23,138.0,1.15,1.92165,0.67616868
cold,0,1,0,0.0001,0.1,512,3,5,4,256,6000,8.0,2633729,4,4,9977,4101,900015,0,54,54,24,144.0,1.2,2.0052,0.68141055
cold,0,1,0,0.0001,0.1,512,3,5,4,256,6000,8.0,2633729,4,4,9977,4101,900015,0,54,54,25,150.0,1.25,2.08875,0.68520117
cold,0,1,0,0.0001,0.1,512,3,5,4,256,6000,8.0,2633729,4,4,9977,4101,900015,0,54,54,26,156.0,1.3,2.1723,0.68748933
cold,0,1,0,0.0001,0.1,512,3,5,4,256,6000,8.0,2633729,4,4,9977,4101,900015,0,54,54,27,162.0,1.35,2.25585,0.68992305
cold,0,1,0,0.0001,0.1,512,3,5,4,256,6000,8.0,2633729,4,4,9977,4101,900015,0,54,54,28,168.0,1.4,2.3394,0.6945833
cold,0,1,0,0.0001,0.1,512,3,5,4,256,6000,8.0,2633729,4,4,9977,4101,900015,0,54,54,29,174.0,1.45,2.42295,0.70203078
cold,0,1,0,0.0001,0.1,512,3,5,4,256,6000,8.0,2633729,4,4,9977,4101,900015,0,54,54,30,180.0,1.5,2.5065,0.71098197
cold,0,1,0,0.0001,0.1,512,3,5,4,256,6000,8.0,2633729,4,4,9977,4101,900015,0,54,54,31,186.0,1.55,2.59005,0.71954966
cold,0,1,0,0.0001,0.1,512,3,5,4,256,6000,8.0,2633729,4,4,9977,4101,900015,0,54,54,32,192.0,1.6,2.6736,0.72693014
cold,0,1,0,0.0001,0.1,512,3,5,4,256,6000,8.0,2633729,4,4,9977,4101,900015,0,54,54,33,198.0,1.65,2.75715,0.73369789
cold,0,1,0,0.0001,0.1,512,3,5,4,256,6000,8.0,2633729,4,4,9977,4101,900015,0,54,54,34,204.0,1.7,2.8407,0.74074447
cold,0,1,0,0.0001,0.1,512,3,5,4,256,6000,8.0,2633729,4,4,9977,4101,900015,0,54,54,35,210.0,1.75,2.92425,0.74798048
cold,0,1,0,0.0001,0.1,512,3,5,4,256,6000,8.0,2633729,4,4,9977,4101,900015,0,54,54,36,216.0,1.8,3.0078,0.75398552
cold,0,1,0,0.0001,0.1,512,3,5,4,256,6000,8.0,2633729,4,4,9977,4101,900015,0,54,54,37,222.0,1.85,3.09135,0.75808042
cold,0,1,0,0.0001,0.1,512,3,5,4,256,6000,8.0,2633729,4,4,9977,4101,900015,0,54,54,38,228.0,1.9,3.1749,0.7612682
cold,0,1,0,0.0001,0.1,512,3,5,4,256,6000,8.0,2633729,4,4,9977,4101,900015,0,54,54,39,234.0,1.95,3.25845,0.76419491
cold,0,1,0,0.0001,0.1,512,3,5,4,256,6000,8.0,2633729,4,4,9977,4101,900015,0,54,54,40,240.0,2.0,3.342,0.7662344
cold,0,1,0,0.0001,0.1,512,3,5,4,256,6000,8.0,2633729,4,4,9977,4101,900015,0,54,54,41,246.0,2.05,3.42555,0.76718372
cold,0,1,0,0.0001,0.1,512,3,5,4,256,6000,8.0,2633729,4,4,9977,4101,900015,0,54,54,42,252.0,2.1,3.5091,0.76830983
cold,0,1,0,0.0001,0.1,512,3,5,4,256,6000,8.0,2633729,4,4,9977,4101,900015,0,54,54,43,258.0,2.15,3.59265,0.7708326
cold,0,1,0,0.0001,0.1,512,3,5,4,256,6000,8.0,2633729,4,4,9977,4101,900015,0,54,54,44,264.0,2.2,3.6762,0.77462065
cold,0,1,0,0.0001,0.1,512,3,5,4,256,6000,8.0,2633729,4,4,9977,4101,900015,0,54,54,45,270.0,2.25,3.75975,0.77844864
cold,0,1,0,0.0001,0.1,512,3,5,4,256,6000,8.0,2633729,4,4,9977,4101,900015,0,54,54,46,276.0,2.3,3.8433,0.78121096
cold,0,1,0,0.0001,0.1,512,3,5,4,256,6000,8.0,2633729,4,4,9977,4101,900015,0,54,54,47,282.0,2.35,3.92685,0.78326726
cold,0,1,0,0.0001,0.1,512,3,5,4,256,6000,8.0,2633729,4,4,9977,4101,900015,0,54,54,48,288.0,2.4,4.0104,0.78576261
cold,0,1,0,0.0001,0.1,512,3,5,4,256,6000,8.0,2633729,4,4,9977,4101,900015,0,54,54,49,294.0,2.45,4.09395,0.78882116
cold,0,1,0,0.0001,0.1,512,3,5,4,256,6000,8.0,2633729,4,4,9977,4101,900015,0,54,54,50,300.0,2.5,4.1775,0.79130507
cold,0,1,0,0.0001,0.1,512,3,5,4,256,6000,8.0,2633729,4,4,9977,4101,900015,0,54,54,51,306.0,2.55,4.26105,0.79257268
cold,0,1,0,0.0001,0.1,512,3,5,4,256,6000,8.0,2633729,4,4,9977,4101,900015,0,54,54,52,312.0,2.6,4.3446,0.7933253
cold,0,1,0,0.0001,0.1,512,3,5,4,256,6000,8.0,2633729,4,4,9977,4101,900015,0,54,54,53,318.0,2.65,4.42815,0.79455405
cold,0,1,0,0.0001,0.1,512,3,5,4,256,6000,8.0,2633729,4,4,9977,4101,900015,0,54,54,54,324.0,2.7,4.5117,0.79669672
cold,0,1,0,0.0001,0.1,512,3,5,4,256,6000,8.0,2633729,4,4,9977,4101,900015,0,54,54,55,330.0,2.75,4.59525,0.799613
cold,0,1,0,0.0001,0.1,512,3,5,4,256,6000,8.0,2633729,4,4,9977,4101,900015,0,54,54,56,336.0,2.8,4.6788,0.80314183
cold,0,1,0,0.0001,0.1,512,3,5,4,256,6000,8.0,2633729,4,4,9977,4101,900015,0,54,54,57,342.0,2.85,4.76235,0.80734944
cold,0,1,0,0.0001,0.1,512,3,5,4,256,6000,8.0,2633729,4,4,9977,4101,900015,0,54,54,58,348.0,2.9,4.8459,0.81186223
cold,0,1,0,0.0001,0.1,512,3,5,4,256,6000,8.0,2633729,4,4,9977,4101,900015,0,54,54,59,354.0,2.95,4.92945,0.81581026
cold,0,1,0,0.0001,0.1,512,3,5,4,256,6000,8.0,2633729,4,4,9977,4101,900015,0,54,54,60,360.0,3.0,5.013,0.81854159
cold,0,1,0,0.0001,0.1,512,3,5,4,256,6000,8.0,2633729,4,4,9977,4101,900015,0,54,54,61,366.0,3.05,5.09655,0.81994492
cold,0,1,0,0.0001,0.1,512,3,5,4,256,6000,8.0,2633729,4,4,9977,4101,900015,0,54,54,62,372.0,3.1,5.1801,0.82052779
cold,0,1,0,0.0001,0.1,512,3,5,4,256,6000,8.0,2633729,4,4,9977,4101,900015,0,54,54,63,378.0,3.15,5.26365,0.82107496
cold,0,1,0,0.0001,0.1,512,3,5,4,256,6000,8.0,2633729,4,4,9977,4101,900015,0,54,54,64,384.0,3.2,5.3472,0.82185012
cold,0,1,0,0.0001,0.1,512,3,5,4,256,6000,8.0,2633729,4,4,9977,4101,900015,0,54,54,65,390.0,3.25,5.43075,0.82224166
cold,0,1,0,0.0001,0.1,512,3,5,4,256,6000,8.0,2633729,4,4,9977,4101,900015,0,54,54,66,396.0,3.3,5.5143,0.82191771
cold,0,1,0,0.0001,0.1,512,3,5,4,256,6000,8.0,2633729,4,4,9977,4101,900015,0,54,54,67,402.0,3.35,5.59785,0.82178515
cold,0,1,0,0.0001,0.1,512,3,5,4,256,6000,8.0,2633729,4,4,9977,4101,900015,0,54,54,68,408.0,3.4,5.6814,0.82271129
cold,0,1,0,0.0001,0.1,512,3,5,4,256,6000,8.0,2633729,4,4,9977,4101,900015,0,54,54,69,414.0,3.45,5.76495,0.82386339
cold,0,1,0,0.0001,0.1,512,3,5,4,256,6000,8.0,2633729,4,4,9977,4101,900015,0,54,54,70,420.0,3.5,5.8485,0.82377625
cold,0,1,0,0.0001,0.1,512,3,5,4,256,6000,8.0,2633729,4,4,9977,4101,900015,0,54,54,71,426.0,3.55,5.93205,0.82238793
cold,0,1,0,0.0001,0.1,512,3,5,4,256,6000,8.0,2633729,4,4,9977,4101,900015,0,54,54,72,432.0,3.6,6.0156,0.82080543
cold,0,1,0,0.0001,0.1,512,3,5,4,256,6000,8.0,2633729,4,4,9977,4101,900015,0,54,54,73,438.0,3.65,6.09915,0.81991488
cold,0,1,0,0.0001,0.1,512,3,5,4,256,6000,8.0,2633729,4,4,9977,4101,900015,0,54,54,74,444.0,3.7,6.1827,0.82021028
cold,0,1,0,0.0001,0.1,512,3,5,4,256,6000,8.0,2633729,4,4,9977,4101,900015,0,54,54,75,450.0,3.75,6.26625,0.82164186
cold,0,1,0,0.0001,0.1,512,3,5,4,256,6000,8.0,2633729,4,4,9977,4101,900015,0,54,54,76,456.0,3.8,6.3498,0.82368934
cold,0,1,0,0.0001,0.1,512,3,5,4,256,6000,8.0,2633729,4,4,9977,4101,900015,0,54,54,77,462.0,3.85,6.43335,0.82615584
cold,0,1,0,0.0001,0.1,512,3,5,4,256,6000,8.0,2633729,4,4,9977,4101,900015,0,54,54,78,468.0,3.9,6.5169,0.82882363
cold,0,1,0,0.0001,0.1,512,3,5,4,256,6000,8.0,2633729,4,4,9977,4101,900015,0,54,54,79,474.0,3.95,6.60045,0.83077323
cold,0,1,0,0.0001,0.1,512,3,5,4,256,6000,8.0,2633729,4,4,9977,4101,900015,0,54,54,80,480.0,4.0,6.684,0.83109969
cold,0,1,0,0.0001,0.1,512,3,5,4,256,6000,8.0,2633729,4,4,9977,4101,900015,0,54,54,81,486.0,4.05,6.76755,0.83024865
cold,0,1,0,0.0001,0.1,512,3,5,4,256,6000,8.0,2633729,4,4,9977,4101,900015,0,54,54,82,492.0,4.1,6.8511,0.83004856
cold,0,1,0,0.0001,0.1,512,3,5,4,256,6000,8.0,2633729,4,4,9977,4101,900015,0,54,54,83,498.0,4.15,6.93465,0.83216369
cold,0,1,0,0.0001,0.1,512,3,5,4,256,6000,8.0,2633729,4,4,9977,4101,900015,0,54,54,84,504.0,4.2,7.0182,0.83624518
cold,0,1,0,0.0001,0.1,512,3,5,4,256,6000,8.0,2633729,4,4,9977,4101,900015,0,54,54,85,510.0,4.25,7.10175,0.83965403
cold,0,1,0,0.0001,0.1,512,3,5,4,256,6000,8.0,2633729,4,4,9977,4101,900015,0,54,54,86,516.0,4.3,7.1853,0.84024739
cold,0,1,0,0.0001,0.1,512,3,5,4,256,6000,8.0,2633729,4,4,9977,4101,900015,0,54,54,87,522.0,4.35,7.26885,0.83878899
cold,0,1,0,0.0001,0.1,512,3,5,4,256,6000,8.0,2633729,4,4,9977,4101,900015,0,54,54,88,528.0,4.4,7.3524,0.83739185
cold,0,1,0,0.0001,0.1,512,3,5,4,256,6000,8.0,2633729,4,4,9977,4101,900015,0,54,54,89,534.0,4.45,7.43595,0.83659917
cold,0,1,0,0.0001,0.1,512,3,5,4,256,6000,8.0,2633729,4,4,9977,4101,900015,0,54,54,90,540.0,4.5,7.5195,0.83544827
cold,0,1,0,0.0001,0.1,512,3,5,4,256,6000,8.0,2633729,4,4,9977,4101,900015,0,54,54,91,546.0,4.55,7.60305,0.83366024
cold,0,1,0,0.0001,0.1,512,3,5,4,256,6000,8.0,2633729,4,4,9977,4101,900015,0,54,54,92,552.0,4.6,7.6866,0.83207107
cold,0,1,0,0.0001,0.1,512,3,5,4,256,6000,8.0,2633729,4,4,9977,4101,900015,0,54,54,93,558.0,4.65,7.77015,0.83149141
cold,0,1,0,0.0001,0.1,512,3,5,4,256,6000,8.0,2633729,4,4,9977,4101,900015,0,54,54,94,564.0,4.7,7.8537,0.83209664
cold,0,1,0,0.0001,0.1,512,3,5,4,256,6000,8.0,2633729,4,4,9977,4101,900015,0,54,54,95,570.0,4.75,7.93725,0.8335436
cold,0,1,0,0.0001,0.1,512,3,5,4,256,6000,8.0,2633729,4,4,9977,4101,900015,0,54,54,96,576.0,4.8,8.0208,0.83574826
cold,0,1,0,0.0001,0.1,512,3,5,4,256,6000,8.0,2633729,4,4,9977,4101,900015,0,54,54,97,582.0,4.85,8.10435,0.83890778
cold,0,1,0,0.0001,0.1,512,3,5,4,256,6000,8.0,2633729,4,4,9977,4101,900015,0,54,54,98,588.0,4.9,8.1879,0.84247082
cold,0,1,0,0.0001,0.1,512,3,5,4,256,6000,8.0,2633729,4,4,9977,4101,900015,0,54,54,99,594.0,4.95,8.27145,0.84532988
cold,0,1,0,0.0001,0.1,512,3,5,4,256,6000,8.0,2633729,4,4,9977,4101,900015,0,54,54,100,600.0,5.0,8.355,0.84679019
cold,0,1,0,0.0001,0.1,512,3,5,4,256,6000,8.0,2633729,4,4,9977,4101,900015,0,54,54,101,606.0,5.05,8.43855,0.84695166
cold,0,1,0,0.0001,0.1,512,3,5,4,256,6000,8.0,2633729,4,4,9977,4101,900015,0,54,54,102,612.0,5.1,8.5221,0.84657723
cold,0,1,0,0.0001,0.1,512,3,5,4,256,6000,8.0,2633729,4,4,9977,4101,900015,0,54,54,103,618.0,5.15,8.60565,0.84670514
cold,0,1,0,0.0001,0.1,512,3,5,4,256,6000,8.0,2633729,4,4,9977,4101,900015,0,54,54,104,624.0,5.2,8.6892,0.84799582
cold,0,1,0,0.0001,0.1,512,3,5,4,256,6000,8.0,2633729,4,4,9977,4101,900015,0,54,54,105,630.0,5.25,8.77275,0.84993517
cold,0,1,0,0.0001,0.1,512,3,5,4,256,6000,8.0,2633729,4,4,9977,4101,900015,0,54,54,106,636.0,5.3,8.8563,0.85140872
cold,0,1,0,0.0001,0.1,512,3,5,4,256,6000,8.0,2633729,4,4,9977,4101,900015,0,54,54,107,642.0,5.35,8.93985,0.85233009
cold,0,1,0,0.0001,0.1,512,3,5,4,256,6000,8.0,2633729,4,4,9977,4101,900015,0,54,54,108,648.0,5.4,9.0234,0.85325199
cold,0,1,0,0.0001,0.1,512,3,5,4,256,6000,8.0,2633729,4,4,9977,4101,900015,0,54,54,109,654.0,5.45,9.10695,0.85358077
cold,0,1,0,0.0001,0.1,512,3,5,4,256,6000,8.0,2633729,4,4,9977,4101,900015,0,54,54,110,660.0,5.5,9.1905,0.8521418
cold,0,1,0,0.0001,0.1,512,3,5,4,256,6000,8.0,2633729,4,4,9977,4101,900015,0,54,54,111,666.0,5.55,9.27405,0.84947306
cold,0,1,0,0.0001,0.1,512,3,5,4,256,6000,8.0,2633729,4,4,9977,4101,900015,0,54,54,112,672.0,5.6,9.3576,0.84770179
cold,0,1,0,0.0001,0.1,512,3,5,4,256,6000,8.0,2633729,4,4,9977,4101,900015,0,54,54,113,678.0,5.65,9.44115,0.84809828
cold,0,1,0,0.0001,0.1,512,3,5,4,256,6000,8.0,2633729,4,4,9977,4101,900015,0,54,54,114,684.0,5.7,9.5247,0.85026991
cold,0,1,0,0.0001,0.1,512,3,5,4,256,6000,8.0,2633729,4,4,9977,4101,900015,0,54,54,115,690.0,5.75,9.60825,0.85330093
cold,0,1,0,0.0001,0.1,512,3,5,4,256,6000,8.0,2633729,4,4,9977,4101,900015,0,54,54,116,696.0,5.8,9.6918,0.85670328
cold,0,1,0,0.0001,0.1,512,3,5,4,256,6000,8.0,2633729,4,4,9977,4101,900015,0,54,54,117,702.0,5.85,9.77535,0.86030728
cold,0,1,0,0.0001,0.1,512,3,5,4,256,6000,8.0,2633729,4,4,9977,4101,900015,0,54,54,118,708.0,5.9,9.8589,0.86345142
cold,0,1,0,0.0001,0.1,512,3,5,4,256,6000,8.0,2633729,4,4,9977,4101,900015,0,54,54,119,714.0,5.95,9.94245,0.8650465
cold,0,1,0,0.0001,0.1,512,3,5,4,256,6000,8.0,2633729,4,4,9977,4101,900015,0,54,54,120,720.0,6.0,10.026,0.86434847
cold,0,1,0,0.0001,0.1,512,3,5,4,256,6000,8.0,2633729,4,4,9977,4101,900015,0,234,234,1,6.0,0.05,0.08355,0.04714043
cold,0,1,0,0.0001,0.1,512,3,5,4,256,6000,8.0,2633729,4,4,9977,4101,900015,0,234,234,2,12.0,0.1,0.1671,0.0548548
cold,0,1,0,0.0001,0.1,512,3,5,4,256,6000,8.0,2633729,4,4,9977,4101,900015,0,234,234,3,18.0,0.15,0.25065,0.06446533
cold,0,1,0,0.0001,0.1,512,3,5,4,256,6000,8.0,2633729,4,4,9977,4101,900015,0,234,234,4,24.0,0.2,0.3342,0.0755761
cold,0,1,0,0.0001,0.1,512,3,5,4,256,6000,8.0,2633729,4,4,9977,4101,900015,0,234,234,5,30.0,0.25,0.41775,0.08751586
cold,0,1,0,0.0001,0.1,512,3,5,4,256,6000,8.0,2633729,4,4,9977,4101,900015,0,234,234,6,36.0,0.3,0.5013,0.1009472
cold,0,1,0,0.0001,0.1,512,3,5,4,256,6000,8.0,2633729,4,4,9977,4101,900015,0,234,234,7,42.0,0.35,0.58485,0.11620525
cold,0,1,0,0.0001,0.1,512,3,5,4,256,6000,8.0,2633729,4,4,9977,4101,900015,0,234,234,8,48.0,0.4,0.6684,0.13397311
cold,0,1,0,0.0001,0.1,512,3,5,4,256,6000,8.0,2633729,4,4,9977,4101,900015,0,234,234,9,54.0,0.45,0.75195,0.15382195
cold,0,1,0,0.0001,0.1,512,3,5,4,256,6000,8.0,2633729,4,4,9977,4101,900015,0,234,234,10,60.0,0.5,0.8355,0.17376053
cold,0,1,0,0.0001,0.1,512,3,5,4,256,6000,8.0,2633729,4,4,9977,4101,900015,0,234,234,11,66.0,0.55,0.91905,0.19265188
cold,0,1,0,0.0001,0.1,512,3,5,4,256,6000,8.0,2633729,4,4,9977,4101,900015,0,234,234,12,72.0,0.6,1.0026,0.21143369
cold,0,1,0,0.0001,0.1,512,3,5,4,256,6000,8.0,2633729,4,4,9977,4101,900015,0,234,234,13,78.0,0.65,1.08615,0.23125678
cold,0,1,0,0.0001,0.1,512,3,5,4,256,6000,8.0,2633729,4,4,9977,4101,900015,0,234,234,14,84.0,0.7,1.1697,0.25222206
cold,0,1,0,0.0001,0.1,512,3,5,4,256,6000,8.0,2633729,4,4,9977,4101,900015,0,234,234,15,90.0,0.75,1.25325,0.27442056
cold,0,1,0,0.0001,0.1,512,3,5,4,256,6000,8.0,2633729,4,4,9977,4101,900015,0,234,234,16,96.0,0.8,1.3368,0.29796407
cold,0,1,0,0.0001,0.1,512,3,5,4,256,6000,8.0,2633729,4,4,9977,4101,900015,0,234,234,17,102.0,0.85,1.42035,0.32265005
cold,0,1,0,0.0001,0.1,512,3,5,4,256,6000,8.0,2633729,4,4,9977,4101,900015,0,234,234,18,108.0,0.9,1.5039,0.34805396
cold,0,1,0,0.0001,0.1,512,3,5,4,256,6000,8.0,2633729,4,4,9977,4101,900015,0,234,234,19,114.0,0.95,1.58745,0.37284476
cold,0,1,0,0.0001,0.1,512,3,5,4,256,6000,8.0,2633729,4,4,9977,4101,900015,0,234,234,20,120.0,1.0,1.671,0.39639381
cold,0,1,0,0.0001,0.1,512,3,5,4,256,6000,8.0,2633729,4,4,9977,4101,900015,0,234,234,21,126.0,1.05,1.75455,0.41979337
cold,0,1,0,0.0001,0.1,512,3,5,4,256,6000,8.0,2633729,4,4,9977,4101,900015,0,234,234,22,132.0,1.1,1.8381,0.44382814
cold,0,1,0,0.0001,0.1,512,3,5,4,256,6000,8.0,2633729,4,4,9977,4101,900015,0,234,234,23,138.0,1.15,1.92165,0.46844697
cold,0,1,0,0.0001,0.1,512,3,5,4,256,6000,8.0,2633729,4,4,9977,4101,900015,0,234,234,24,144.0,1.2,2.0052,0.49363008
cold,0,1,0,0.0001,0.1,512,3,5,4,256,6000,8.0,2633729,4,4,9977,4101,900015,0,234,234,25,150.0,1.25,2.08875,0.51837301
cold,0,1,0,0.0001,0.1,512,3,5,4,256,6000,8.0,2633729,4,4,9977,4101,900015,0,234,234,26,156.0,1.3,2.1723,0.54071218
cold,0,1,0,0.0001,0.1,512,3,5,4,256,6000,8.0,2633729,4,4,9977,4101,900015,0,234,234,27,162.0,1.35,2.25585,0.56046116
cold,0,1,0,0.0001,0.1,512,3,5,4,256,6000,8.0,2633729,4,4,9977,4101,900015,0,234,234,28,168.0,1.4,2.3394,0.58031076
cold,0,1,0,0.0001,0.1,512,3,5,4,256,6000,8.0,2633729,4,4,9977,4101,900015,0,234,234,29,174.0,1.45,2.42295,0.6022827
cold,0,1,0,0.0001,0.1,512,3,5,4,256,6000,8.0,2633729,4,4,9977,4101,900015,0,234,234,30,180.0,1.5,2.5065,0.62418538
cold,0,1,0,0.0001,0.1,512,3,5,4,256,6000,8.0,2633729,4,4,9977,4101,900015,0,234,234,31,186.0,1.55,2.59005,0.64273268
cold,0,1,0,0.0001,0.1,512,3,5,4,256,6000,8.0,2633729,4,4,9977,4101,900015,0,234,234,32,192.0,1.6,2.6736,0.6580137
cold,0,1,0,0.0001,0.1,512,3,5,4,256,6000,8.0,2633729,4,4,9977,4101,900015,0,234,234,33,198.0,1.65,2.75715,0.67220831
cold,0,1,0,0.0001,0.1,512,3,5,4,256,6000,8.0,2633729,4,4,9977,4101,900015,0,234,234,34,204.0,1.7,2.8407,0.68730658
cold,0,1,0,0.0001,0.1,512,3,5,4,256,6000,8.0,2633729,4,4,9977,4101,900015,0,234,234,35,210.0,1.75,2.92425,0.70396429
cold,0,1,0,0.0001,0.1,512,3,5,4,256,6000,8.0,2633729,4,4,9977,4101,900015,0,234,234,36,216.0,1.8,3.0078,0.72025526
cold,0,1,0,0.0001,0.1,512,3,5,4,256,6000,8.0,2633729,4,4,9977,4101,900015,0,234,234,37,222.0,1.85,3.09135,0.73459435
cold,0,1,0,0.0001,0.1,512,3,5,4,256,6000,8.0,2633729,4,4,9977,4101,900015,0,234,234,38,228.0,1.9,3.1749,0.74783015
cold,0,1,0,0.0001,0.1,512,3,5,4,256,6000,8.0,2633729,4,4,9977,4101,900015,0,234,234,39,234.0,1.95,3.25845,0.76070762
cold,0,1,0,0.0001,0.1,512,3,5,4,256,6000,8.0,2633729,4,4,9977,4101,900015,0,234,234,40,240.0,2.0,3.342,0.77293849
cold,0,1,0,0.0001,0.1,512,3,5,4,256,6000,8.0,2633729,4,4,9977,4101,900015,0,234,234,41,246.0,2.05,3.42555,0.78375477
cold,0,1,0,0.0001,0.1,512,3,5,4,256,6000,8.0,2633729,4,4,9977,4101,900015,0,234,234,42,252.0,2.1,3.5091,0.79310268
cold,0,1,0,0.0001,0.1,512,3,5,4,256,6000,8.0,2633729,4,4,9977,4101,900015,0,234,234,43,258.0,2.15,3.59265,0.80250496
cold,0,1,0,0.0001,0.1,512,3,5,4,256,6000,8.0,2633729,4,4,9977,4101,900015,0,234,234,44,264.0,2.2,3.6762,0.81388247
cold,0,1,0,0.0001,0.1,512,3,5,4,256,6000,8.0,2633729,4,4,9977,4101,900015,0,234,234,45,270.0,2.25,3.75975,0.82708466
cold,0,1,0,0.0001,0.1,512,3,5,4,256,6000,8.0,2633729,4,4,9977,4101,900015,0,234,234,46,276.0,2.3,3.8433,0.83952034
cold,0,1,0,0.0001,0.1,512,3,5,4,256,6000,8.0,2633729,4,4,9977,4101,900015,0,234,234,47,282.0,2.35,3.92685,0.84964919
cold,0,1,0,0.0001,0.1,512,3,5,4,256,6000,8.0,2633729,4,4,9977,4101,900015,0,234,234,48,288.0,2.4,4.0104,0.85809886
cold,0,1,0,0.0001,0.1,512,3,5,4,256,6000,8.0,2633729,4,4,9977,4101,900015,0,234,234,49,294.0,2.45,4.09395,0.86483842
cold,0,1,0,0.0001,0.1,512,3,5,4,256,6000,8.0,2633729,4,4,9977,4101,900015,0,234,234,50,300.0,2.5,4.1775,0.86964762
cold,0,1,0,0.0001,0.1,512,3,5,4,256,6000,8.0,2633729,4,4,9977,4101,900015,0,234,234,51,306.0,2.55,4.26105,0.87319744
cold,0,1,0,0.0001,0.1,512,3,5,4,256,6000,8.0,2633729,4,4,9977,4101,900015,0,234,234,52,312.0,2.6,4.3446,0.87676817
cold,0,1,0,0.0001,0.1,512,3,5,4,256,6000,8.0,2633729,4,4,9977,4101,900015,0,234,234,53,318.0,2.65,4.42815,0.88244176
cold,0,1,0,0.0001,0.1,512,3,5,4,256,6000,8.0,2633729,4,4,9977,4101,900015,0,234,234,54,324.0,2.7,4.5117,0.89085859
cold,0,1,0,0.0001,0.1,512,3,5,4,256,6000,8.0,2633729,4,4,9977,4101,900015,0,234,234,55,330.0,2.75,4.59525,0.89929253
cold,0,1,0,0.0001,0.1,512,3,5,4,256,6000,8.0,2633729,4,4,9977,4101,900015,0,234,234,56,336.0,2.8,4.6788,0.90488201
cold,0,1,0,0.0001,0.1,512,3,5,4,256,6000,8.0,2633729,4,4,9977,4101,900015,0,234,234,57,342.0,2.85,4.76235,0.90762931
cold,0,1,0,0.0001,0.1,512,3,5,4,256,6000,8.0,2633729,4,4,9977,4101,900015,0,234,234,58,348.0,2.9,4.8459,0.90914357
cold,0,1,0,0.0001,0.1,512,3,5,4,256,6000,8.0,2633729,4,4,9977,4101,900015,0,234,234,59,354.0,2.95,4.92945,0.91079736
cold,0,1,0,0.0001,0.1,512,3,5,4,256,6000,8.0,2633729,4,4,9977,4101,900015,0,234,234,60,360.0,3.0,5.013,0.91230917
cold,0,1,0,0.0001,0.1,512,3,5,4,256,6000,8.0,2633729,4,4,9977,4101,900015,0,234,234,61,366.0,3.05,5.09655,0.91268218
cold,0,1,0,0.0001,0.1,512,3,5,4,256,6000,8.0,2633729,4,4,9977,4101,900015,0,234,234,62,372.0,3.1,5.1801,0.91217768
cold,0,1,0,0.0001,0.1,512,3,5,4,256,6000,8.0,2633729,4,4,9977,4101,900015,0,234,234,63,378.0,3.15,5.26365,0.9123944
cold,0,1,0,0.0001,0.1,512,3,5,4,256,6000,8.0,2633729,4,4,9977,4101,900015,0,234,234,64,384.0,3.2,5.3472,0.91430503
cold,0,1,0,0.0001,0.1,512,3,5,4,256,6000,8.0,2633729,4,4,9977,4101,900015,0,234,234,65,390.0,3.25,5.43075,0.91745001
cold,0,1,0,0.0001,0.1,512,3,5,4,256,6000,8.0,2633729,4,4,9977,4101,900015,0,234,234,66,396.0,3.3,5.5143,0.92212313
cold,0,1,0,0.0001,0.1,512,3,5,4,256,6000,8.0,2633729,4,4,9977,4101,900015,0,234,234,67,402.0,3.35,5.59785,0.92986298
cold,0,1,0,0.0001,0.1,512,3,5,4,256,6000,8.0,2633729,4,4,9977,4101,900015,0,234,234,68,408.0,3.4,5.6814,0.9409526
cold,0,1,0,0.0001,0.1,512,3,5,4,256,6000,8.0,2633729,4,4,9977,4101,900015,0,234,234,69,414.0,3.45,5.76495,0.95305246
cold,0,1,0,0.0001,0.1,512,3,5,4,256,6000,8.0,2633729,4,4,9977,4101,900015,0,234,234,70,420.0,3.5,5.8485,0.96251255
cold,0,1,0,0.0001,0.1,512,3,5,4,256,6000,8.0,2633729,4,4,9977,4101,900015,0,234,234,71,426.0,3.55,5.93205,0.96740115
cold,0,1,0,0.0001,0.1,512,3,5,4,256,6000,8.0,2633729,4,4,9977,4101,900015,0,234,234,72,432.0,3.6,6.0156,0.96985853
cold,0,1,0,0.0001,0.1,512,3,5,4,256,6000,8.0,2633729,4,4,9977,4101,900015,0,234,234,73,438.0,3.65,6.09915,0.97232109
cold,0,1,0,0.0001,0.1,512,3,5,4,256,6000,8.0,2633729,4,4,9977,4101,900015,0,234,234,74,444.0,3.7,6.1827,0.97477418
cold,0,1,0,0.0001,0.1,512,3,5,4,256,6000,8.0,2633729,4,4,9977,4101,900015,0,234,234,75,450.0,3.75,6.26625,0.97692001
cold,0,1,0,0.0001,0.1,512,3,5,4,256,6000,8.0,2633729,4,4,9977,4101,900015,0,234,234,76,456.0,3.8,6.3498,0.97913069
cold,0,1,0,0.0001,0.1,512,3,5,4,256,6000,8.0,2633729,4,4,9977,4101,900015,0,234,234,77,462.0,3.85,6.43335,0.98165953
cold,0,1,0,0.0001,0.1,512,3,5,4,256,6000,8.0,2633729,4,4,9977,4101,900015,0,234,234,78,468.0,3.9,6.5169,0.9835338
cold,0,1,0,0.0001,0.1,512,3,5,4,256,6000,8.0,2633729,4,4,9977,4101,900015,0,234,234,79,474.0,3.95,6.60045,0.98359895
cold,0,1,0,0.0001,0.1,512,3,5,4,256,6000,8.0,2633729,4,4,9977,4101,900015,0,234,234,80,480.0,4.0,6.684,0.98115504
cold,0,1,0,0.0001,0.1,512,3,5,4,256,6000,8.0,2633729,4,4,9977,4101,900015,0,234,234,81,486.0,4.05,6.76755,0.97603589
cold,0,1,0,0.0001,0.1,512,3,5,4,256,6000,8.0,2633729,4,4,9977,4101,900015,0,234,234,82,492.0,4.1,6.8511,0.97057146
cold,0,1,0,0.0001,0.1,512,3,5,4,256,6000,8.0,2633729,4,4,9977,4101,900015,0,234,234,83,498.0,4.15,6.93465,0.96813774
cold,0,1,0,0.0001,0.1,512,3,5,4,256,6000,8.0,2633729,4,4,9977,4101,900015,0,234,234,84,504.0,4.2,7.0182,0.96987331
cold,0,1,0,0.0001,0.1,512,3,5,4,256,6000,8.0,2633729,4,4,9977,4101,900015,0,234,234,85,510.0,4.25,7.10175,0.97406387
cold,0,1,0,0.0001,0.1,512,3,5,4,256,6000,8.0,2633729,4,4,9977,4101,900015,0,234,234,86,516.0,4.3,7.1853,0.97875434
cold,0,1,0,0.0001,0.1,512,3,5,4,256,6000,8.0,2633729,4,4,9977,4101,900015,0,234,234,87,522.0,4.35,7.26885,0.98373747
cold,0,1,0,0.0001,0.1,512,3,5,4,256,6000,8.0,2633729,4,4,9977,4101,900015,0,234,234,88,528.0,4.4,7.3524,0.98884296
cold,0,1,0,0.0001,0.1,512,3,5,4,256,6000,8.0,2633729,4,4,9977,4101,900015,0,234,234,89,534.0,4.45,7.43595,0.99312687
cold,0,1,0,0.0001,0.1,512,3,5,4,256,6000,8.0,2633729,4,4,9977,4101,900015,0,234,234,90,540.0,4.5,7.5195,0.99472511
cold,0,1,0,0.0001,0.1,512,3,5,4,256,6000,8.0,2633729,4,4,9977,4101,900015,0,234,234,91,546.0,4.55,7.60305,0.99285018
cold,0,1,0,0.0001,0.1,512,3,5,4,256,6000,8.0,2633729,4,4,9977,4101,900015,0,234,234,92,552.0,4.6,7.6866,0.99001986
cold,0,1,0,0.0001,0.1,512,3,5,4,256,6000,8.0,2633729,4,4,9977,4101,900015,0,234,234,93,558.0,4.65,7.77015,0.98942798
cold,0,1,0,0.0001,0.1,512,3,5,4,256,6000,8.0,2633729,4,4,9977,4101,900015,0,234,234,94,564.0,4.7,7.8537,0.99148768
cold,0,1,0,0.0001,0.1,512,3,5,4,256,6000,8.0,2633729,4,4,9977,4101,900015,0,234,234,95,570.0,4.75,7.93725,0.99379504
cold,0,1,0,0.0001,0.1,512,3,5,4,256,6000,8.0,2633729,4,4,9977,4101,900015,0,234,234,96,576.0,4.8,8.0208,0.99452877
cold,0,1,0,0.0001,0.1,512,3,5,4,256,6000,8.0,2633729,4,4,9977,4101,900015,0,234,234,97,582.0,4.85,8.10435,0.99315757
cold,0,1,0,0.0001,0.1,512,3,5,4,256,6000,8.0,2633729,4,4,9977,4101,900015,0,234,234,98,588.0,4.9,8.1879,0.98973155
cold,0,1,0,0.0001,0.1,512,3,5,4,256,6000,8.0,2633729,4,4,9977,4101,900015,0,234,234,99,594.0,4.95,8.27145,0.98482943
cold,0,1,0,0.0001,0.1,512,3,5,4,256,6000,8.0,2633729,4,4,9977,4101,900015,0,234,234,100,600.0,5.0,8.355,0.98006362
cold,0,1,0,0.0001,0.1,512,3,5,4,256,6000,8.0,2633729,4,4,9977,4101,900015,0,234,234,101,606.0,5.05,8.43855,0.97811687
cold,0,1,0,0.0001,0.1,512,3,5,4,256,6000,8.0,2633729,4,4,9977,4101,900015,0,234,234,102,612.0,5.1,8.5221,0.98013514
cold,0,1,0,0.0001,0.1,512,3,5,4,256,6000,8.0,2633729,4,4,9977,4101,900015,0,234,234,103,618.0,5.15,8.60565,0.98456222
cold,0,1,0,0.0001,0.1,512,3,5,4,256,6000,8.0,2633729,4,4,9977,4101,900015,0,234,234,104,624.0,5.2,8.6892,0.98922437
cold,0,1,0,0.0001,0.1,512,3,5,4,256,6000,8.0,2633729,4,4,9977,4101,900015,0,234,234,105,630.0,5.25,8.77275,0.99380982
cold,0,1,0,0.0001,0.1,512,3,5,4,256,6000,8.0,2633729,4,4,9977,4101,900015,0,234,234,106,636.0,5.3,8.8563,0.99777377
cold,0,1,0,0.0001,0.1,512,3,5,4,256,6000,8.0,2633729,4,4,9977,4101,900015,0,234,234,107,642.0,5.35,8.93985,0.9992395
cold,0,1,0,0.0001,0.1,512,3,5,4,256,6000,8.0,2633729,4,4,9977,4101,900015,0,234,234,108,648.0,5.4,9.0234,0.99813312
cold,0,1,0,0.0001,0.1,512,3,5,4,256,6000,8.0,2633729,4,4,9977,4101,900015,0,234,234,109,654.0,5.45,9.10695,0.99553704
cold,0,1,0,0.0001,0.1,512,3,5,4,256,6000,8.0,2633729,4,4,9977,4101,900015,0,234,234,110,660.0,5.5,9.1905,0.99189866
cold,0,1,0,0.0001,0.1,512,3,5,4,256,6000,8.0,2633729,4,4,9977,4101,900015,0,234,234,111,666.0,5.55,9.27405,0.988078
cold,0,1,0,0.0001,0.1,512,3,5,4,256,6000,8.0,2633729,4,4,9977,4101,900015,0,234,234,112,672.0,5.6,9.3576,0.9862113
cold,0,1,0,0.0001,0.1,512,3,5,4,256,6000,8.0,2633729,4,4,9977,4101,900015,0,234,234,113,678.0,5.65,9.44115,0.98871791
cold,0,1,0,0.0001,0.1,512,3,5,4,256,6000,8.0,2633729,4,4,9977,4101,900015,0,234,234,114,684.0,5.7,9.5247,0.99546212
cold,0,1,0,0.0001,0.1,512,3,5,4,256,6000,8.0,2633729,4,4,9977,4101,900015,0,234,234,115,690.0,5.75,9.60825,1.0027554
cold,0,1,0,0.0001,0.1,512,3,5,4,256,6000,8.0,2633729,4,4,9977,4101,900015,0,234,234,116,696.0,5.8,9.6918,1.00643516
cold,0,1,0,0.0001,0.1,512,3,5,4,256,6000,8.0,2633729,4,4,9977,4101,900015,0,234,234,117,702.0,5.85,9.77535,1.00581527
cold,0,1,0,0.0001,0.1,512,3,5,4,256,6000,8.0,2633729,4,4,9977,4101,900015,0,234,234,118,708.0,5.9,9.8589,1.00419641
cold,0,1,0,0.0001,0.1,512,3,5,4,256,6000,8.0,2633729,4,4,9977,4101,900015,0,234,234,119,714.0,5.95,9.94245,1.00451493
cold,0,1,0,0.0001,0.1,512,3,5,4,256,6000,8.0,2633729,4,4,9977,4101,900015,0,234,234,120,720.0,6.0,10.026,1.0057863
cold,0,1,0,0.0001,0.1,512,3,5,4,256,6000,8.0,2633729,4,4,9977,4101,900015,0,1023,1023,1,6.0,0.05,0.08355,0.04068404
cold,0,1,0,0.0001,0.1,512,3,5,4,256,6000,8.0,2633729,4,4,9977,4101,900015,0,1023,1023,2,12.0,0.1,0.1671,0.04799217
cold,0,1,0,0.0001,0.1,512,3,5,4,256,6000,8.0,2633729,4,4,9977,4101,900015,0,1023,1023,3,18.0,0.15,0.25065,0.05609326
cold,0,1,0,0.0001,0.1,512,3,5,4,256,6000,8.0,2633729,4,4,9977,4101,900015,0,1023,1023,4,24.0,0.2,0.3342,0.06481799
cold,0,1,0,0.0001,0.1,512,3,5,4,256,6000,8.0,2633729,4,4,9977,4101,900015,0,1023,1023,5,30.0,0.25,0.41775,0.07353799
cold,0,1,0,0.0001,0.1,512,3,5,4,256,6000,8.0,2633729,4,4,9977,4101,900015,0,1023,1023,6,36.0,0.3,0.5013,0.08390286
cold,0,1,0,0.0001,0.1,512,3,5,4,256,6000,8.0,2633729,4,4,9977,4101,900015,0,1023,1023,7,42.0,0.35,0.58485,0.09516413
cold,0,1,0,0.0001,0.1,512,3,5,4,256,6000,8.0,2633729,4,4,9977,4101,900015,0,1023,1023,8,48.0,0.4,0.6684,0.10807705
cold,0,1,0,0.0001,0.1,512,3,5,4,256,6000,8.0,2633729,4,4,9977,4101,900015,0,1023,1023,9,54.0,0.45,0.75195,0.12248909
cold,0,1,0,0.0001,0.1,512,3,5,4,256,6000,8.0,2633729,4,4,9977,4101,900015,0,1023,1023,10,60.0,0.5,0.8355,0.13764893
cold,0,1,0,0.0001,0.1,512,3,5,4,256,6000,8.0,2633729,4,4,9977,4101,900015,0,1023,1023,11,66.0,0.55,0.91905,0.15352622
cold,0,1,0,0.0001,0.1,512,3,5,4,256,6000,8.0,2633729,4,4,9977,4101,900015,0,1023,1023,12,72.0,0.6,1.0026,0.17106609
cold,0,1,0,0.0001,0.1,512,3,5,4,256,6000,8.0,2633729,4,4,9977,4101,900015,0,1023,1023,13,78.0,0.65,1.08615,0.1909032
cold,0,1,0,0.0001,0.1,512,3,5,4,256,6000,8.0,2633729,4,4,9977,4101,900015,0,1023,1023,14,84.0,0.7,1.1697,0.21298794
cold,0,1,0,0.0001,0.1,512,3,5,4,256,6000,8.0,2633729,4,4,9977,4101,900015,0,1023,1023,15,90.0,0.75,1.25325,0.23696925
cold,0,1,0,0.0001,0.1,512,3,5,4,256,6000,8.0,2633729,4,4,9977,4101,900015,0,1023,1023,16,96.0,0.8,1.3368,0.26242444
cold,0,1,0,0.0001,0.1,512,3,5,4,256,6000,8.0,2633729,4,4,9977,4101,900015,0,1023,1023,17,102.0,0.85,1.42035,0.28907683
cold,0,1,0,0.0001,0.1,512,3,5,4,256,6000,8.0,2633729,4,4,9977,4101,900015,0,1023,1023,18,108.0,0.9,1.5039,0.31700912
cold,0,1,0,0.0001,0.1,512,3,5,4,256,6000,8.0,2633729,4,4,9977,4101,900015,0,1023,1023,19,114.0,0.95,1.58745,0.34599224
cold,0,1,0,0.0001,0.1,512,3,5,4,256,6000,8.0,2633729,4,4,9977,4101,900015,0,1023,1023,20,120.0,1.0,1.671,0.37543356
cold,0,1,0,0.0001,0.1,512,3,5,4,256,6000,8.0,2633729,4,4,9977,4101,900015,0,1023,1023,21,126.0,1.05,1.75455,0.40400705
cold,0,1,0,0.0001,0.1,512,3,5,4,256,6000,8.0,2633729,4,4,9977,4101,900015,0,1023,1023,22,132.0,1.1,1.8381,0.42986512
cold,0,1,0,0.0001,0.1,512,3,5,4,256,6000,8.0,2633729,4,4,9977,4101,900015,0,1023,1023,23,138.0,1.15,1.92165,0.45206562
cold,0,1,0,0.0001,0.1,512,3,5,4,256,6000,8.0,2633729,4,4,9977,4101,900015,0,1023,1023,24,144.0,1.2,2.0052,0.47143078
cold,0,1,0,0.0001,0.1,512,3,5,4,256,6000,8.0,2633729,4,4,9977,4101,900015,0,1023,1023,25,150.0,1.25,2.08875,0.49014723
cold,0,1,0,0.0001,0.1,512,3,5,4,256,6000,8.0,2633729,4,4,9977,4101,900015,0,1023,1023,26,156.0,1.3,2.1723,0.51045334
cold,0,1,0,0.0001,0.1,512,3,5,4,256,6000,8.0,2633729,4,4,9977,4101,900015,0,1023,1023,27,162.0,1.35,2.25585,0.53214175
cold,0,1,0,0.0001,0.1,512,3,5,4,256,6000,8.0,2633729,4,4,9977,4101,900015,0,1023,1023,28,168.0,1.4,2.3394,0.55249423
cold,0,1,0,0.0001,0.1,512,3,5,4,256,6000,8.0,2633729,4,4,9977,4101,900015,0,1023,1023,29,174.0,1.45,2.42295,0.56996733
cold,0,1,0,0.0001,0.1,512,3,5,4,256,6000,8.0,2633729,4,4,9977,4101,900015,0,1023,1023,30,180.0,1.5,2.5065,0.58606285
cold,0,1,0,0.0001,0.1,512,3,5,4,256,6000,8.0,2633729,4,4,9977,4101,900015,0,1023,1023,31,186.0,1.55,2.59005,0.60320902
cold,0,1,0,0.0001,0.1,512,3,5,4,256,6000,8.0,2633729,4,4,9977,4101,900015,0,1023,1023,32,192.0,1.6,2.6736,0.62187415
cold,0,1,0,0.0001,0.1,512,3,5,4,256,6000,8.0,2633729,4,4,9977,4101,900015,0,1023,1023,33,198.0,1.65,2.75715,0.64125264
cold,0,1,0,0.0001,0.1,512,3,5,4,256,6000,8.0,2633729,4,4,9977,4101,900015,0,1023,1023,34,204.0,1.7,2.8407,0.66163695
cold,0,1,0,0.0001,0.1,512,3,5,4,256,6000,8.0,2633729,4,4,9977,4101,900015,0,1023,1023,35,210.0,1.75,2.92425,0.68331844
cold,0,1,0,0.0001,0.1,512,3,5,4,256,6000,8.0,2633729,4,4,9977,4101,900015,0,1023,1023,36,216.0,1.8,3.0078,0.7040835
cold,0,1,0,0.0001,0.1,512,3,5,4,256,6000,8.0,2633729,4,4,9977,4101,900015,0,1023,1023,37,222.0,1.85,3.09135,0.72074866
cold,0,1,0,0.0001,0.1,512,3,5,4,256,6000,8.0,2633729,4,4,9977,4101,900015,0,1023,1023,38,228.0,1.9,3.1749,0.73199612
cold,0,1,0,0.0001,0.1,512,3,5,4,256,6000,8.0,2633729,4,4,9977,4101,900015,0,1023,1023,39,234.0,1.95,3.25845,0.73911542
cold,0,1,0,0.0001,0.1,512,3,5,4,256,6000,8.0,2633729,4,4,9977,4101,900015,0,1023,1023,40,240.0,2.0,3.342,0.74417752
cold,0,1,0,0.0001,0.1,512,3,5,4,256,6000,8.0,2633729,4,4,9977,4101,900015,0,1023,1023,41,246.0,2.05,3.42555,0.74965161
cold,0,1,0,0.0001,0.1,512,3,5,4,256,6000,8.0,2633729,4,4,9977,4101,900015,0,1023,1023,42,252.0,2.1,3.5091,0.75723642
cold,0,1,0,0.0001,0.1,512,3,5,4,256,6000,8.0,2633729,4,4,9977,4101,900015,0,1023,1023,43,258.0,2.15,3.59265,0.76640761
cold,0,1,0,0.0001,0.1,512,3,5,4,256,6000,8.0,2633729,4,4,9977,4101,900015,0,1023,1023,44,264.0,2.2,3.6762,0.776636
cold,0,1,0,0.0001,0.1,512,3,5,4,256,6000,8.0,2633729,4,4,9977,4101,900015,0,1023,1023,45,270.0,2.25,3.75975,0.78739166
cold,0,1,0,0.0001,0.1,512,3,5,4,256,6000,8.0,2633729,4,4,9977,4101,900015,0,1023,1023,46,276.0,2.3,3.8433,0.79734218
cold,0,1,0,0.0001,0.1,512,3,5,4,256,6000,8.0,2633729,4,4,9977,4101,900015,0,1023,1023,47,282.0,2.35,3.92685,0.80578846
cold,0,1,0,0.0001,0.1,512,3,5,4,256,6000,8.0,2633729,4,4,9977,4101,900015,0,1023,1023,48,288.0,2.4,4.0104,0.81327796
cold,0,1,0,0.0001,0.1,512,3,5,4,256,6000,8.0,2633729,4,4,9977,4101,900015,0,1023,1023,49,294.0,2.45,4.09395,0.82188183
cold,0,1,0,0.0001,0.1,512,3,5,4,256,6000,8.0,2633729,4,4,9977,4101,900015,0,1023,1023,50,300.0,2.5,4.1775,0.83292741
cold,0,1,0,0.0001,0.1,512,3,5,4,256,6000,8.0,2633729,4,4,9977,4101,900015,0,1023,1023,51,306.0,2.55,4.26105,0.84429675
cold,0,1,0,0.0001,0.1,512,3,5,4,256,6000,8.0,2633729,4,4,9977,4101,900015,0,1023,1023,52,312.0,2.6,4.3446,0.85325491
cold,0,1,0,0.0001,0.1,512,3,5,4,256,6000,8.0,2633729,4,4,9977,4101,900015,0,1023,1023,53,318.0,2.65,4.42815,0.86060214
cold,0,1,0,0.0001,0.1,512,3,5,4,256,6000,8.0,2633729,4,4,9977,4101,900015,0,1023,1023,54,324.0,2.7,4.5117,0.86897618
cold,0,1,0,0.0001,0.1,512,3,5,4,256,6000,8.0,2633729,4,4,9977,4101,900015,0,1023,1023,55,330.0,2.75,4.59525,0.87870705
cold,0,1,0,0.0001,0.1,512,3,5,4,256,6000,8.0,2633729,4,4,9977,4101,900015,0,1023,1023,56,336.0,2.8,4.6788,0.88811642
cold,0,1,0,0.0001,0.1,512,3,5,4,256,6000,8.0,2633729,4,4,9977,4101,900015,0,1023,1023,57,342.0,2.85,4.76235,0.89616483
cold,0,1,0,0.0001,0.1,512,3,5,4,256,6000,8.0,2633729,4,4,9977,4101,900015,0,1023,1023,58,348.0,2.9,4.8459,0.90287548
cold,0,1,0,0.0001,0.1,512,3,5,4,256,6000,8.0,2633729,4,4,9977,4101,900015,0,1023,1023,59,354.0,2.95,4.92945,0.90830988
cold,0,1,0,0.0001,0.1,512,3,5,4,256,6000,8.0,2633729,4,4,9977,4101,900015,0,1023,1023,60,360.0,3.0,5.013,0.91185594
cold,0,1,0,0.0001,0.1,512,3,5,4,256,6000,8.0,2633729,4,4,9977,4101,900015,0,1023,1023,61,366.0,3.05,5.09655,0.91313851
cold,0,1,0,0.0001,0.1,512,3,5,4,256,6000,8.0,2633729,4,4,9977,4101,900015,0,1023,1023,62,372.0,3.1,5.1801,0.91323096
cold,0,1,0,0.0001,0.1,512,3,5,4,256,6000,8.0,2633729,4,4,9977,4101,900015,0,1023,1023,63,378.0,3.15,5.26365,0.91443306
cold,0,1,0,0.0001,0.1,512,3,5,4,256,6000,8.0,2633729,4,4,9977,4101,900015,0,1023,1023,64,384.0,3.2,5.3472,0.91894054
cold,0,1,0,0.0001,0.1,512,3,5,4,256,6000,8.0,2633729,4,4,9977,4101,900015,0,1023,1023,65,390.0,3.25,5.43075,0.92616791
cold,0,1,0,0.0001,0.1,512,3,5,4,256,6000,8.0,2633729,4,4,9977,4101,900015,0,1023,1023,66,396.0,3.3,5.5143,0.93229151
cold,0,1,0,0.0001,0.1,512,3,5,4,256,6000,8.0,2633729,4,4,9977,4101,900015,0,1023,1023,67,402.0,3.35,5.59785,0.93555468
cold,0,1,0,0.0001,0.1,512,3,5,4,256,6000,8.0,2633729,4,4,9977,4101,900015,0,1023,1023,68,408.0,3.4,5.6814,0.9383263
cold,0,1,0,0.0001,0.1,512,3,5,4,256,6000,8.0,2633729,4,4,9977,4101,900015,0,1023,1023,69,414.0,3.45,5.76495,0.94201952
cold,0,1,0,0.0001,0.1,512,3,5,4,256,6000,8.0,2633729,4,4,9977,4101,900015,0,1023,1023,70,420.0,3.5,5.8485,0.94654924
cold,0,1,0,0.0001,0.1,512,3,5,4,256,6000,8.0,2633729,4,4,9977,4101,900015,0,1023,1023,71,426.0,3.55,5.93205,0.95222545
cold,0,1,0,0.0001,0.1,512,3,5,4,256,6000,8.0,2633729,4,4,9977,4101,900015,0,1023,1023,72,432.0,3.6,6.0156,0.95898426
cold,0,1,0,0.0001,0.1,512,3,5,4,256,6000,8.0,2633729,4,4,9977,4101,900015,0,1023,1023,73,438.0,3.65,6.09915,0.96577394
cold,0,1,0,0.0001,0.1,512,3,5,4,256,6000,8.0,2633729,4,4,9977,4101,900015,0,1023,1023,74,444.0,3.7,6.1827,0.97032493
cold,0,1,0,0.0001,0.1,512,3,5,4,256,6000,8.0,2633729,4,4,9977,4101,900015,0,1023,1023,75,450.0,3.75,6.26625,0.97215188
cold,0,1,0,0.0001,0.1,512,3,5,4,256,6000,8.0,2633729,4,4,9977,4101,900015,0,1023,1023,76,456.0,3.8,6.3498,0.97438037
cold,0,1,0,0.0001,0.1,512,3,5,4,256,6000,8.0,2633729,4,4,9977,4101,900015,0,1023,1023,77,462.0,3.85,6.43335,0.97894347
cold,0,1,0,0.0001,0.1,512,3,5,4,256,6000,8.0,2633729,4,4,9977,4101,900015,0,1023,1023,78,468.0,3.9,6.5169,0.98468876
cold,0,1,0,0.0001,0.1,512,3,5,4,256,6000,8.0,2633729,4,4,9977,4101,900015,0,1023,1023,79,474.0,3.95,6.60045,0.98960203
cold,0,1,0,0.0001,0.1,512,3,5,4,256,6000,8.0,2633729,4,4,9977,4101,900015,0,1023,1023,80,480.0,4.0,6.684,0.99178475
cold,0,1,0,0.0001,0.1,512,3,5,4,256,6000,8.0,2633729,4,4,9977,4101,900015,0,1023,1023,81,486.0,4.05,6.76755,0.9908694
cold,0,1,0,0.0001,0.1,512,3,5,4,256,6000,8.0,2633729,4,4,9977,4101,900015,0,1023,1023,82,492.0,4.1,6.8511,0.98796904
cold,0,1,0,0.0001,0.1,512,3,5,4,256,6000,8.0,2633729,4,4,9977,4101,900015,0,1023,1023,83,498.0,4.15,6.93465,0.98490614
cold,0,1,0,0.0001,0.1,512,3,5,4,256,6000,8.0,2633729,4,4,9977,4101,900015,0,1023,1023,84,504.0,4.2,7.0182,0.98420048
cold,0,1,0,0.0001,0.1,512,3,5,4,256,6000,8.0,2633729,4,4,9977,4101,900015,0,1023,1023,85,510.0,4.25,7.10175,0.98642194
cold,0,1,0,0.0001,0.1,512,3,5,4,256,6000,8.0,2633729,4,4,9977,4101,900015,0,1023,1023,86,516.0,4.3,7.1853,0.98927337
cold,0,1,0,0.0001,0.1,512,3,5,4,256,6000,8.0,2633729,4,4,9977,4101,900015,0,1023,1023,87,522.0,4.35,7.26885,0.99070859
cold,0,1,0,0.0001,0.1,512,3,5,4,256,6000,8.0,2633729,4,4,9977,4101,900015,0,1023,1023,88,528.0,4.4,7.3524,0.99013907
cold,0,1,0,0.0001,0.1,512,3,5,4,256,6000,8.0,2633729,4,4,9977,4101,900015,0,1023,1023,89,534.0,4.45,7.43595,0.98745686
cold,0,1,0,0.0001,0.1,512,3,5,4,256,6000,8.0,2633729,4,4,9977,4101,900015,0,1023,1023,90,540.0,4.5,7.5195,0.98377949
cold,0,1,0,0.0001,0.1,512,3,5,4,256,6000,8.0,2633729,4,4,9977,4101,900015,0,1023,1023,91,546.0,4.55,7.60305,0.98163259
cold,0,1,0,0.0001,0.1,512,3,5,4,256,6000,8.0,2633729,4,4,9977,4101,900015,0,1023,1023,92,552.0,4.6,7.6866,0.98187768
cold,0,1,0,0.0001,0.1,512,3,5,4,256,6000,8.0,2633729,4,4,9977,4101,900015,0,1023,1023,93,558.0,4.65,7.77015,0.98229378
cold,0,1,0,0.0001,0.1,512,3,5,4,256,6000,8.0,2633729,4,4,9977,4101,900015,0,1023,1023,94,564.0,4.7,7.8537,0.98088408
cold,0,1,0,0.0001,0.1,512,3,5,4,256,6000,8.0,2633729,4,4,9977,4101,900015,0,1023,1023,95,570.0,4.75,7.93725,0.976928
cold,0,1,0,0.0001,0.1,512,3,5,4,256,6000,8.0,2633729,4,4,9977,4101,900015,0,1023,1023,96,576.0,4.8,8.0208,0.97059119
cold,0,1,0,0.0001,0.1,512,3,5,4,256,6000,8.0,2633729,4,4,9977,4101,900015,0,1023,1023,97,582.0,4.85,8.10435,0.96406972
cold,0,1,0,0.0001,0.1,512,3,5,4,256,6000,8.0,2633729,4,4,9977,4101,900015,0,1023,1023,98,588.0,4.9,8.1879,0.95962524
cold,0,1,0,0.0001,0.1,512,3,5,4,256,6000,8.0,2633729,4,4,9977,4101,900015,0,1023,1023,99,594.0,4.95,8.27145,0.95841509
cold,0,1,0,0.0001,0.1,512,3,5,4,256,6000,8.0,2633729,4,4,9977,4101,900015,0,1023,1023,100,600.0,5.0,8.355,0.96088791
cold,0,1,0,0.0001,0.1,512,3,5,4,256,6000,8.0,2633729,4,4,9977,4101,900015,0,1023,1023,101,606.0,5.05,8.43855,0.9663856
cold,0,1,0,0.0001,0.1,512,3,5,4,256,6000,8.0,2633729,4,4,9977,4101,900015,0,1023,1023,102,612.0,5.1,8.5221,0.97364926
cold,0,1,0,0.0001,0.1,512,3,5,4,256,6000,8.0,2633729,4,4,9977,4101,900015,0,1023,1023,103,618.0,5.15,8.60565,0.98199844
cold,0,1,0,0.0001,0.1,512,3,5,4,256,6000,8.0,2633729,4,4,9977,4101,900015,0,1023,1023,104,624.0,5.2,8.6892,0.99053854
cold,0,1,0,0.0001,0.1,512,3,5,4,256,6000,8.0,2633729,4,4,9977,4101,900015,0,1023,1023,105,630.0,5.25,8.77275,0.99751633
cold,0,1,0,0.0001,0.1,512,3,5,4,256,6000,8.0,2633729,4,4,9977,4101,900015,0,1023,1023,106,636.0,5.3,8.8563,1.00074482
cold,0,1,0,0.0001,0.1,512,3,5,4,256,6000,8.0,2633729,4,4,9977,4101,900015,0,1023,1023,107,642.0,5.35,8.93985,0.99946123
cold,0,1,0,0.0001,0.1,512,3,5,4,256,6000,8.0,2633729,4,4,9977,4101,900015,0,1023,1023,108,648.0,5.4,9.0234,0.9938997
cold,0,1,0,0.0001,0.1,512,3,5,4,256,6000,8.0,2633729,4,4,9977,4101,900015,0,1023,1023,109,654.0,5.45,9.10695,0.98565483
cold,0,1,0,0.0001,0.1,512,3,5,4,256,6000,8.0,2633729,4,4,9977,4101,900015,0,1023,1023,110,660.0,5.5,9.1905,0.97700828
cold,0,1,0,0.0001,0.1,512,3,5,4,256,6000,8.0,2633729,4,4,9977,4101,900015,0,1023,1023,111,666.0,5.55,9.27405,0.96965635
cold,0,1,0,0.0001,0.1,512,3,5,4,256,6000,8.0,2633729,4,4,9977,4101,900015,0,1023,1023,112,672.0,5.6,9.3576,0.96474248
cold,0,1,0,0.0001,0.1,512,3,5,4,256,6000,8.0,2633729,4,4,9977,4101,900015,0,1023,1023,113,678.0,5.65,9.44115,0.96276915
cold,0,1,0,0.0001,0.1,512,3,5,4,256,6000,8.0,2633729,4,4,9977,4101,900015,0,1023,1023,114,684.0,5.7,9.5247,0.96299666
cold,0,1,0,0.0001,0.1,512,3,5,4,256,6000,8.0,2633729,4,4,9977,4101,900015,0,1023,1023,115,690.0,5.75,9.60825,0.96393418
cold,0,1,0,0.0001,0.1,512,3,5,4,256,6000,8.0,2633729,4,4,9977,4101,900015,0,1023,1023,116,696.0,5.8,9.6918,0.96584874
cold,0,1,0,0.0001,0.1,512,3,5,4,256,6000,8.0,2633729,4,4,9977,4101,900015,0,1023,1023,117,702.0,5.85,9.77535,0.96977973
cold,0,1,0,0.0001,0.1,512,3,5,4,256,6000,8.0,2633729,4,4,9977,4101,900015,0,1023,1023,118,708.0,5.9,9.8589,0.97444749
cold,0,1,0,0.0001,0.1,512,3,5,4,256,6000,8.0,2633729,4,4,9977,4101,900015,0,1023,1023,119,714.0,5.95,9.94245,0.97619909
cold,0,1,0,0.0001,0.1,512,3,5,4,256,6000,8.0,2633729,4,4,9977,4101,900015,0,1023,1023,120,720.0,6.0,10.026,0.97341466
cold,0,1,0,0.0001,0.1,512,3,5,4,256,6000,8.0,2633729,4,4,9977,4101,900015,0,4468,4468,1,6.0,0.05,0.08355,0.03881914
cold,0,1,0,0.0001,0.1,512,3,5,4,256,6000,8.0,2633729,4,4,9977,4101,900015,0,4468,4468,2,12.0,0.1,0.1671,0.0460236
cold,0,1,0,0.0001,0.1,512,3,5,4,256,6000,8.0,2633729,4,4,9977,4101,900015,0,4468,4468,3,18.0,0.15,0.25065,0.05345566
cold,0,1,0,0.0001,0.1,512,3,5,4,256,6000,8.0,2633729,4,4,9977,4101,900015,0,4468,4468,4,24.0,0.2,0.3342,0.06073493
cold,0,1,0,0.0001,0.1,512,3,5,4,256,6000,8.0,2633729,4,4,9977,4101,900015,0,4468,4468,5,30.0,0.25,0.41775,0.067602
cold,0,1,0,0.0001,0.1,512,3,5,4,256,6000,8.0,2633729,4,4,9977,4101,900015,0,4468,4468,6,36.0,0.3,0.5013,0.07695147
cold,0,1,0,0.0001,0.1,512,3,5,4,256,6000,8.0,2633729,4,4,9977,4101,900015,0,4468,4468,7,42.0,0.35,0.58485,0.08685602
cold,0,1,0,0.0001,0.1,512,3,5,4,256,6000,8.0,2633729,4,4,9977,4101,900015,0,4468,4468,8,48.0,0.4,0.6684,0.09761214
cold,0,1,0,0.0001,0.1,512,3,5,4,256,6000,8.0,2633729,4,4,9977,4101,900015,0,4468,4468,9,54.0,0.45,0.75195,0.10947534
cold,0,1,0,0.0001,0.1,512,3,5,4,256,6000,8.0,2633729,4,4,9977,4101,900015,0,4468,4468,10,60.0,0.5,0.8355,0.12243457
cold,0,1,0,0.0001,0.1,512,3,5,4,256,6000,8.0,2633729,4,4,9977,4101,900015,0,4468,4468,11,66.0,0.55,0.91905,0.1364339
cold,0,1,0,0.0001,0.1,512,3,5,4,256,6000,8.0,2633729,4,4,9977,4101,900015,0,4468,4468,12,72.0,0.6,1.0026,0.15213922
cold,0,1,0,0.0001,0.1,512,3,5,4,256,6000,8.0,2633729,4,4,9977,4101,900015,0,4468,4468,13,78.0,0.65,1.08615,0.16964452
cold,0,1,0,0.0001,0.1,512,3,5,4,256,6000,8.0,2633729,4,4,9977,4101,900015,0,4468,4468,14,84.0,0.7,1.1697,0.18818019
cold,0,1,0,0.0001,0.1,512,3,5,4,256,6000,8.0,2633729,4,4,9977,4101,900015,0,4468,4468,15,90.0,0.75,1.25325,0.20715712
cold,0,1,0,0.0001,0.1,512,3,5,4,256,6000,8.0,2633729,4,4,9977,4101,900015,0,4468,4468,16,96.0,0.8,1.3368,0.22628886
cold,0,1,0,0.0001,0.1,512,3,5,4,256,6000,8.0,2633729,4,4,9977,4101,900015,0,4468,4468,17,102.0,0.85,1.42035,0.24587077
cold,0,1,0,0.0001,0.1,512,3,5,4,256,6000,8.0,2633729,4,4,9977,4101,900015,0,4468,4468,18,108.0,0.9,1.5039,0.26628718
cold,0,1,0,0.0001,0.1,512,3,5,4,256,6000,8.0,2633729,4,4,9977,4101,900015,0,4468,4468,19,114.0,0.95,1.58745,0.28775862
cold,0,1,0,0.0001,0.1,512,3,5,4,256,6000,8.0,2633729,4,4,9977,4101,900015,0,4468,4468,20,120.0,1.0,1.671,0.31008211
cold,0,1,0,0.0001,0.1,512,3,5,4,256,6000,8.0,2633729,4,4,9977,4101,900015,0,4468,4468,21,126.0,1.05,1.75455,0.33291063
cold,0,1,0,0.0001,0.1,512,3,5,4,256,6000,8.0,2633729,4,4,9977,4101,900015,0,4468,4468,22,132.0,1.1,1.8381,0.35598338
cold,0,1,0,0.0001,0.1,512,3,5,4,256,6000,8.0,2633729,4,4,9977,4101,900015,0,4468,4468,23,138.0,1.15,1.92165,0.37914473
cold,0,1,0,0.0001,0.1,512,3,5,4,256,6000,8.0,2633729,4,4,9977,4101,900015,0,4468,4468,24,144.0,1.2,2.0052,0.40215284
cold,0,1,0,0.0001,0.1,512,3,5,4,256,6000,8.0,2633729,4,4,9977,4101,900015,0,4468,4468,25,150.0,1.25,2.08875,0.42437759
cold,0,1,0,0.0001,0.1,512,3,5,4,256,6000,8.0,2633729,4,4,9977,4101,900015,0,4468,4468,26,156.0,1.3,2.1723,0.44475216
cold,0,1,0,0.0001,0.1,512,3,5,4,256,6000,8.0,2633729,4,4,9977,4101,900015,0,4468,4468,27,162.0,1.35,2.25585,0.46302113
cold,0,1,0,0.0001,0.1,512,3,5,4,256,6000,8.0,2633729,4,4,9977,4101,900015,0,4468,4468,28,168.0,1.4,2.3394,0.48176312
cold,0,1,0,0.0001,0.1,512,3,5,4,256,6000,8.0,2633729,4,4,9977,4101,900015,0,4468,4468,29,174.0,1.45,2.42295,0.50393152
cold,0,1,0,0.0001,0.1,512,3,5,4,256,6000,8.0,2633729,4,4,9977,4101,900015,0,4468,4468,30,180.0,1.5,2.5065,0.52957362
cold,0,1,0,0.0001,0.1,512,3,5,4,256,6000,8.0,2633729,4,4,9977,4101,900015,0,4468,4468,31,186.0,1.55,2.59005,0.55660135
cold,0,1,0,0.0001,0.1,512,3,5,4,256,6000,8.0,2633729,4,4,9977,4101,900015,0,4468,4468,32,192.0,1.6,2.6736,0.58335602
cold,0,1,0,0.0001,0.1,512,3,5,4,256,6000,8.0,2633729,4,4,9977,4101,900015,0,4468,4468,33,198.0,1.65,2.75715,0.60913432
cold,0,1,0,0.0001,0.1,512,3,5,4,256,6000,8.0,2633729,4,4,9977,4101,900015,0,4468,4468,34,204.0,1.7,2.8407,0.63296467
cold,0,1,0,0.0001,0.1,512,3,5,4,256,6000,8.0,2633729,4,4,9977,4101,900015,0,4468,4468,35,210.0,1.75,2.92425,0.65196097
cold,0,1,0,0.0001,0.1,512,3,5,4,256,6000,8.0,2633729,4,4,9977,4101,900015,0,4468,4468,36,216.0,1.8,3.0078,0.66384423
cold,0,1,0,0.0001,0.1,512,3,5,4,256,6000,8.0,2633729,4,4,9977,4101,900015,0,4468,4468,37,222.0,1.85,3.09135,0.67080188
cold,0,1,0,0.0001,0.1,512,3,5,4,256,6000,8.0,2633729,4,4,9977,4101,900015,0,4468,4468,38,228.0,1.9,3.1749,0.67842835
cold,0,1,0,0.0001,0.1,512,3,5,4,256,6000,8.0,2633729,4,4,9977,4101,900015,0,4468,4468,39,234.0,1.95,3.25845,0.69088906
cold,0,1,0,0.0001,0.1,512,3,5,4,256,6000,8.0,2633729,4,4,9977,4101,900015,0,4468,4468,40,240.0,2.0,3.342,0.70712072
cold,0,1,0,0.0001,0.1,512,3,5,4,256,6000,8.0,2633729,4,4,9977,4101,900015,0,4468,4468,41,246.0,2.05,3.42555,0.72298628
cold,0,1,0,0.0001,0.1,512,3,5,4,256,6000,8.0,2633729,4,4,9977,4101,900015,0,4468,4468,42,252.0,2.1,3.5091,0.73685604
cold,0,1,0,0.0001,0.1,512,3,5,4,256,6000,8.0,2633729,4,4,9977,4101,900015,0,4468,4468,43,258.0,2.15,3.59265,0.74952376
cold,0,1,0,0.0001,0.1,512,3,5,4,256,6000,8.0,2633729,4,4,9977,4101,900015,0,4468,4468,44,264.0,2.2,3.6762,0.76182854
cold,0,1,0,0.0001,0.1,512,3,5,4,256,6000,8.0,2633729,4,4,9977,4101,900015,0,4468,4468,45,270.0,2.25,3.75975,0.77310574
cold,0,1,0,0.0001,0.1,512,3,5,4,256,6000,8.0,2633729,4,4,9977,4101,900015,0,4468,4468,46,276.0,2.3,3.8433,0.7810685
cold,0,1,0,0.0001,0.1,512,3,5,4,256,6000,8.0,2633729,4,4,9977,4101,900015,0,4468,4468,47,282.0,2.35,3.92685,0.78549069
cold,0,1,0,0.0001,0.1,512,3,5,4,256,6000,8.0,2633729,4,4,9977,4101,900015,0,4468,4468,48,288.0,2.4,4.0104,0.78905618
cold,0,1,0,0.0001,0.1,512,3,5,4,256,6000,8.0,2633729,4,4,9977,4101,900015,0,4468,4468,49,294.0,2.45,4.09395,0.79490209
cold,0,1,0,0.0001,0.1,512,3,5,4,256,6000,8.0,2633729,4,4,9977,4101,900015,0,4468,4468,50,300.0,2.5,4.1775,0.80421907
cold,0,1,0,0.0001,0.1,512,3,5,4,256,6000,8.0,2633729,4,4,9977,4101,900015,0,4468,4468,51,306.0,2.55,4.26105,0.81623423
cold,0,1,0,0.0001,0.1,512,3,5,4,256,6000,8.0,2633729,4,4,9977,4101,900015,0,4468,4468,52,312.0,2.6,4.3446,0.83032644
cold,0,1,0,0.0001,0.1,512,3,5,4,256,6000,8.0,2633729,4,4,9977,4101,900015,0,4468,4468,53,318.0,2.65,4.42815,0.84540319
cold,0,1,0,0.0001,0.1,512,3,5,4,256,6000,8.0,2633729,4,4,9977,4101,900015,0,4468,4468,54,324.0,2.7,4.5117,0.85996336
cold,0,1,0,0.0001,0.1,512,3,5,4,256,6000,8.0,2633729,4,4,9977,4101,900015,0,4468,4468,55,330.0,2.75,4.59525,0.87267798
cold,0,1,0,0.0001,0.1,512,3,5,4,256,6000,8.0,2633729,4,4,9977,4101,900015,0,4468,4468,56,336.0,2.8,4.6788,0.88277256
cold,0,1,0,0.0001,0.1,512,3,5,4,256,6000,8.0,2633729,4,4,9977,4101,900015,0,4468,4468,57,342.0,2.85,4.76235,0.8908577
cold,0,1,0,0.0001,0.1,512,3,5,4,256,6000,8.0,2633729,4,4,9977,4101,900015,0,4468,4468,58,348.0,2.9,4.8459,0.89750004
cold,0,1,0,0.0001,0.1,512,3,5,4,256,6000,8.0,2633729,4,4,9977,4101,900015,0,4468,4468,59,354.0,2.95,4.92945,0.90289533
cold,0,1,0,0.0001,0.1,512,3,5,4,256,6000,8.0,2633729,4,4,9977,4101,900015,0,4468,4468,60,360.0,3.0,5.013,0.9082917
cold,0,1,0,0.0001,0.1,512,3,5,4,256,6000,8.0,2633729,4,4,9977,4101,900015,0,4468,4468,61,366.0,3.05,5.09655,0.91439945
cold,0,1,0,0.0001,0.1,512,3,5,4,256,6000,8.0,2633729,4,4,9977,4101,900015,0,4468,4468,62,372.0,3.1,5.1801,0.92062169
cold,0,1,0,0.0001,0.1,512,3,5,4,256,6000,8.0,2633729,4,4,9977,4101,900015,0,4468,4468,63,378.0,3.15,5.26365,0.92680615
cold,0,1,0,0.0001,0.1,512,3,5,4,256,6000,8.0,2633729,4,4,9977,4101,900015,0,4468,4468,64,384.0,3.2,5.3472,0.93284863
cold,0,1,0,0.0001,0.1,512,3,5,4,256,6000,8.0,2633729,4,4,9977,4101,900015,0,4468,4468,65,390.0,3.25,5.43075,0.9372173
cold,0,1,0,0.0001,0.1,512,3,5,4,256,6000,8.0,2633729,4,4,9977,4101,900015,0,4468,4468,66,396.0,3.3,5.5143,0.9389388
cold,0,1,0,0.0001,0.1,512,3,5,4,256,6000,8.0,2633729,4,4,9977,4101,900015,0,4468,4468,67,402.0,3.35,5.59785,0.93905324
cold,0,1,0,0.0001,0.1,512,3,5,4,256,6000,8.0,2633729,4,4,9977,4101,900015,0,4468,4468,68,408.0,3.4,5.6814,0.93890774
cold,0,1,0,0.0001,0.1,512,3,5,4,256,6000,8.0,2633729,4,4,9977,4101,900015,0,4468,4468,69,414.0,3.45,5.76495,0.93900526
cold,0,1,0,0.0001,0.1,512,3,5,4,256,6000,8.0,2633729,4,4,9977,4101,900015,0,4468,4468,70,420.0,3.5,5.8485,0.93864155
cold,0,1,0,0.0001,0.1,512,3,5,4,256,6000,8.0,2633729,4,4,9977,4101,900015,0,4468,4468,71,426.0,3.55,5.93205,0.93700284
cold,0,1,0,0.0001,0.1,512,3,5,4,256,6000,8.0,2633729,4,4,9977,4101,900015,0,4468,4468,72,432.0,3.6,6.0156,0.93552554
cold,0,1,0,0.0001,0.1,512,3,5,4,256,6000,8.0,2633729,4,4,9977,4101,900015,0,4468,4468,73,438.0,3.65,6.09915,0.93652624
cold,0,1,0,0.0001,0.1,512,3,5,4,256,6000,8.0,2633729,4,4,9977,4101,900015,0,4468,4468,74,444.0,3.7,6.1827,0.9408868
cold,0,1,0,0.0001,0.1,512,3,5,4,256,6000,8.0,2633729,4,4,9977,4101,900015,0,4468,4468,75,450.0,3.75,6.26625,0.94704527
cold,0,1,0,0.0001,0.1,512,3,5,4,256,6000,8.0,2633729,4,4,9977,4101,900015,0,4468,4468,76,456.0,3.8,6.3498,0.95265222
cold,0,1,0,0.0001,0.1,512,3,5,4,256,6000,8.0,2633729,4,4,9977,4101,900015,0,4468,4468,77,462.0,3.85,6.43335,0.95664394
cold,0,1,0,0.0001,0.1,512,3,5,4,256,6000,8.0,2633729,4,4,9977,4101,900015,0,4468,4468,78,468.0,3.9,6.5169,0.95957565
cold,0,1,0,0.0001,0.1,512,3,5,4,256,6000,8.0,2633729,4,4,9977,4101,900015,0,4468,4468,79,474.0,3.95,6.60045,0.96214527
cold,0,1,0,0.0001,0.1,512,3,5,4,256,6000,8.0,2633729,4,4,9977,4101,900015,0,4468,4468,80,480.0,4.0,6.684,0.96424204
cold,0,1,0,0.0001,0.1,512,3,5,4,256,6000,8.0,2633729,4,4,9977,4101,900015,0,4468,4468,81,486.0,4.05,6.76755,0.96537429
cold,0,1,0,0.0001,0.1,512,3,5,4,256,6000,8.0,2633729,4,4,9977,4101,900015,0,4468,4468,82,492.0,4.1,6.8511,0.96583688
cold,0,1,0,0.0001,0.1,512,3,5,4,256,6000,8.0,2633729,4,4,9977,4101,900015,0,4468,4468,83,498.0,4.15,6.93465,0.96681851
cold,0,1,0,0.0001,0.1,512,3,5,4,256,6000,8.0,2633729,4,4,9977,4101,900015,0,4468,4468,84,504.0,4.2,7.0182,0.96951854
cold,0,1,0,0.0001,0.1,512,3,5,4,256,6000,8.0,2633729,4,4,9977,4101,900015,0,4468,4468,85,510.0,4.25,7.10175,0.97465461
cold,0,1,0,0.0001,0.1,512,3,5,4,256,6000,8.0,2633729,4,4,9977,4101,900015,0,4468,4468,86,516.0,4.3,7.1853,0.9817279
cold,0,1,0,0.0001,0.1,512,3,5,4,256,6000,8.0,2633729,4,4,9977,4101,900015,0,4468,4468,87,522.0,4.35,7.26885,0.98858386
cold,0,1,0,0.0001,0.1,512,3,5,4,256,6000,8.0,2633729,4,4,9977,4101,900015,0,4468,4468,88,528.0,4.4,7.3524,0.99283743
cold,0,1,0,0.0001,0.1,512,3,5,4,256,6000,8.0,2633729,4,4,9977,4101,900015,0,4468,4468,89,534.0,4.45,7.43595,0.99329197
cold,0,1,0,0.0001,0.1,512,3,5,4,256,6000,8.0,2633729,4,4,9977,4101,900015,0,4468,4468,90,540.0,4.5,7.5195,0.98991221
cold,0,1,0,0.0001,0.1,512,3,5,4,256,6000,8.0,2633729,4,4,9977,4101,900015,0,4468,4468,91,546.0,4.55,7.60305,0.98404908
cold,0,1,0,0.0001,0.1,512,3,5,4,256,6000,8.0,2633729,4,4,9977,4101,900015,0,4468,4468,92,552.0,4.6,7.6866,0.9783532
cold,0,1,0,0.0001,0.1,512,3,5,4,256,6000,8.0,2633729,4,4,9977,4101,900015,0,4468,4468,93,558.0,4.65,7.77015,0.97520077
cold,0,1,0,0.0001,0.1,512,3,5,4,256,6000,8.0,2633729,4,4,9977,4101,900015,0,4468,4468,94,564.0,4.7,7.8537,0.97472525
cold,0,1,0,0.0001,0.1,512,3,5,4,256,6000,8.0,2633729,4,4,9977,4101,900015,0,4468,4468,95,570.0,4.75,7.93725,0.9757458
cold,0,1,0,0.0001,0.1,512,3,5,4,256,6000,8.0,2633729,4,4,9977,4101,900015,0,4468,4468,96,576.0,4.8,8.0208,0.97853351
cold,0,1,0,0.0001,0.1,512,3,5,4,256,6000,8.0,2633729,4,4,9977,4101,900015,0,4468,4468,97,582.0,4.85,8.10435,0.98382461
cold,0,1,0,0.0001,0.1,512,3,5,4,256,6000,8.0,2633729,4,4,9977,4101,900015,0,4468,4468,98,588.0,4.9,8.1879,0.99072748
cold,0,1,0,0.0001,0.1,512,3,5,4,256,6000,8.0,2633729,4,4,9977,4101,900015,0,4468,4468,99,594.0,4.95,8.27145,0.99689585
cold,0,1,0,0.0001,0.1,512,3,5,4,256,6000,8.0,2633729,4,4,9977,4101,900015,0,4468,4468,100,600.0,5.0,8.355,1.00055838
cold,0,1,0,0.0001,0.1,512,3,5,4,256,6000,8.0,2633729,4,4,9977,4101,900015,0,4468,4468,101,606.0,5.05,8.43855,1.00221145
cold,0,1,0,0.0001,0.1,512,3,5,4,256,6000,8.0,2633729,4,4,9977,4101,900015,0,4468,4468,102,612.0,5.1,8.5221,1.00319874
cold,0,1,0,0.0001,0.1,512,3,5,4,256,6000,8.0,2633729,4,4,9977,4101,900015,0,4468,4468,103,618.0,5.15,8.60565,1.00336301
cold,0,1,0,0.0001,0.1,512,3,5,4,256,6000,8.0,2633729,4,4,9977,4101,900015,0,4468,4468,104,624.0,5.2,8.6892,1.00220597
cold,0,1,0,0.0001,0.1,512,3,5,4,256,6000,8.0,2633729,4,4,9977,4101,900015,0,4468,4468,105,630.0,5.25,8.77275,0.99947542
cold,0,1,0,0.0001,0.1,512,3,5,4,256,6000,8.0,2633729,4,4,9977,4101,900015,0,4468,4468,106,636.0,5.3,8.8563,0.99562883
cold,0,1,0,0.0001,0.1,512,3,5,4,256,6000,8.0,2633729,4,4,9977,4101,900015,0,4468,4468,107,642.0,5.35,8.93985,0.99147189
cold,0,1,0,0.0001,0.1,512,3,5,4,256,6000,8.0,2633729,4,4,9977,4101,900015,0,4468,4468,108,648.0,5.4,9.0234,0.9863323
cold,0,1,0,0.0001,0.1,512,3,5,4,256,6000,8.0,2633729,4,4,9977,4101,900015,0,4468,4468,109,654.0,5.45,9.10695,0.98012596
cold,0,1,0,0.0001,0.1,512,3,5,4,256,6000,8.0,2633729,4,4,9977,4101,900015,0,4468,4468,110,660.0,5.5,9.1905,0.97440803
cold,0,1,0,0.0001,0.1,512,3,5,4,256,6000,8.0,2633729,4,4,9977,4101,900015,0,4468,4468,111,666.0,5.55,9.27405,0.97043467
cold,0,1,0,0.0001,0.1,512,3,5,4,256,6000,8.0,2633729,4,4,9977,4101,900015,0,4468,4468,112,672.0,5.6,9.3576,0.9692145
cold,0,1,0,0.0001,0.1,512,3,5,4,256,6000,8.0,2633729,4,4,9977,4101,900015,0,4468,4468,113,678.0,5.65,9.44115,0.97199672
cold,0,1,0,0.0001,0.1,512,3,5,4,256,6000,8.0,2633729,4,4,9977,4101,900015,0,4468,4468,114,684.0,5.7,9.5247,0.97842586
cold,0,1,0,0.0001,0.1,512,3,5,4,256,6000,8.0,2633729,4,4,9977,4101,900015,0,4468,4468,115,690.0,5.75,9.60825,0.98577017
cold,0,1,0,0.0001,0.1,512,3,5,4,256,6000,8.0,2633729,4,4,9977,4101,900015,0,4468,4468,116,696.0,5.8,9.6918,0.99144936
cold,0,1,0,0.0001,0.1,512,3,5,4,256,6000,8.0,2633729,4,4,9977,4101,900015,0,4468,4468,117,702.0,5.85,9.77535,0.99524134
cold,0,1,0,0.0001,0.1,512,3,5,4,256,6000,8.0,2633729,4,4,9977,4101,900015,0,4468,4468,118,708.0,5.9,9.8589,0.9979614
cold,0,1,0,0.0001,0.1,512,3,5,4,256,6000,8.0,2633729,4,4,9977,4101,900015,0,4468,4468,119,714.0,5.95,9.94245,0.99912298
cold,0,1,0,0.0001,0.1,512,3,5,4,256,6000,8.0,2633729,4,4,9977,4101,900015,0,4468,4468,120,720.0,6.0,10.026,0.99833953
cold,0,1,0,0.0001,0.1,512,3,5,4,256,6000,8.0,2633729,4,4,9977,4101,900015,0,6000,6000,1,6.0,0.05,0.08355,0.03867247
cold,0,1,0,0.0001,0.1,512,3,5,4,256,6000,8.0,2633729,4,4,9977,4101,900015,0,6000,6000,2,12.0,0.1,0.1671,0.04554436
cold,0,1,0,0.0001,0.1,512,3,5,4,256,6000,8.0,2633729,4,4,9977,4101,900015,0,6000,6000,3,18.0,0.15,0.25065,0.05258022
cold,0,1,0,0.0001,0.1,512,3,5,4,256,6000,8.0,2633729,4,4,9977,4101,900015,0,6000,6000,4,24.0,0.2,0.3342,0.059565
cold,0,1,0,0.0001,0.1,512,3,5,4,256,6000,8.0,2633729,4,4,9977,4101,900015,0,6000,6000,5,30.0,0.25,0.41775,0.06617973
cold,0,1,0,0.0001,0.1,512,3,5,4,256,6000,8.0,2633729,4,4,9977,4101,900015,0,6000,6000,6,36.0,0.3,0.5013,0.07510967
cold,0,1,0,0.0001,0.1,512,3,5,4,256,6000,8.0,2633729,4,4,9977,4101,900015,0,6000,6000,7,42.0,0.35,0.58485,0.08434314
cold,0,1,0,0.0001,0.1,512,3,5,4,256,6000,8.0,2633729,4,4,9977,4101,900015,0,6000,6000,8,48.0,0.4,0.6684,0.09426606
cold,0,1,0,0.0001,0.1,512,3,5,4,256,6000,8.0,2633729,4,4,9977,4101,900015,0,6000,6000,9,54.0,0.45,0.75195,0.10523704
cold,0,1,0,0.0001,0.1,512,3,5,4,256,6000,8.0,2633729,4,4,9977,4101,900015,0,6000,6000,10,60.0,0.5,0.8355,0.11749239
cold,0,1,0,0.0001,0.1,512,3,5,4,256,6000,8.0,2633729,4,4,9977,4101,900015,0,6000,6000,11,66.0,0.55,0.91905,0.1313944
cold,0,1,0,0.0001,0.1,512,3,5,4,256,6000,8.0,2633729,4,4,9977,4101,900015,0,6000,6000,12,72.0,0.6,1.0026,0.14753439
cold,0,1,0,0.0001,0.1,512,3,5,4,256,6000,8.0,2633729,4,4,9977,4101,900015,0,6000,6000,13,78.0,0.65,1.08615,0.16565636
cold,0,1,0,0.0001,0.1,512,3,5,4,256,6000,8.0,2633729,4,4,9977,4101,900015,0,6000,6000,14,84.0,0.7,1.1697,0.18474379
cold,0,1,0,0.0001,0.1,512,3,5,4,256,6000,8.0,2633729,4,4,9977,4101,900015,0,6000,6000,15,90.0,0.75,1.25325,0.20388635
cold,0,1,0,0.0001,0.1,512,3,5,4,256,6000,8.0,2633729,4,4,9977,4101,900015,0,6000,6000,16,96.0,0.8,1.3368,0.22223482
cold,0,1,0,0.0001,0.1,512,3,5,4,256,6000,8.0,2633729,4,4,9977,4101,900015,0,6000,6000,17,102.0,0.85,1.42035,0.23997383
cold,0,1,0,0.0001,0.1,512,3,5,4,256,6000,8.0,2633729,4,4,9977,4101,900015,0,6000,6000,18,108.0,0.9,1.5039,0.25811997
cold,0,1,0,0.0001,0.1,512,3,5,4,256,6000,8.0,2633729,4,4,9977,4101,900015,0,6000,6000,19,114.0,0.95,1.58745,0.27760407
cold,0,1,0,0.0001,0.1,512,3,5,4,256,6000,8.0,2633729,4,4,9977,4101,900015,0,6000,6000,20,120.0,1.0,1.671,0.29789323
cold,0,1,0,0.0001,0.1,512,3,5,4,256,6000,8.0,2633729,4,4,9977,4101,900015,0,6000,6000,21,126.0,1.05,1.75455,0.31810772
cold,0,1,0,0.0001,0.1,512,3,5,4,256,6000,8.0,2633729,4,4,9977,4101,900015,0,6000,6000,22,132.0,1.1,1.8381,0.33857855
cold,0,1,0,0.0001,0.1,512,3,5,4,256,6000,8.0,2633729,4,4,9977,4101,900015,0,6000,6000,23,138.0,1.15,1.92165,0.35952005
cold,0,1,0,0.0001,0.1,512,3,5,4,256,6000,8.0,2633729,4,4,9977,4101,900015,0,6000,6000,24,144.0,1.2,2.0052,0.38020363
cold,0,1,0,0.0001,0.1,512,3,5,4,256,6000,8.0,2633729,4,4,9977,4101,900015,0,6000,6000,25,150.0,1.25,2.08875,0.39983168
cold,0,1,0,0.0001,0.1,512,3,5,4,256,6000,8.0,2633729,4,4,9977,4101,900015,0,6000,6000,26,156.0,1.3,2.1723,0.41786456
cold,0,1,0,0.0001,0.1,512,3,5,4,256,6000,8.0,2633729,4,4,9977,4101,900015,0,6000,6000,27,162.0,1.35,2.25585,0.43428814
cold,0,1,0,0.0001,0.1,512,3,5,4,256,6000,8.0,2633729,4,4,9977,4101,900015,0,6000,6000,28,168.0,1.4,2.3394,0.45062444
cold,0,1,0,0.0001,0.1,512,3,5,4,256,6000,8.0,2633729,4,4,9977,4101,900015,0,6000,6000,29,174.0,1.45,2.42295,0.46854615
cold,0,1,0,0.0001,0.1,512,3,5,4,256,6000,8.0,2633729,4,4,9977,4101,900015,0,6000,6000,30,180.0,1.5,2.5065,0.48801494
cold,0,1,0,0.0001,0.1,512,3,5,4,256,6000,8.0,2633729,4,4,9977,4101,900015,0,6000,6000,31,186.0,1.55,2.59005,0.50884968
cold,0,1,0,0.0001,0.1,512,3,5,4,256,6000,8.0,2633729,4,4,9977,4101,900015,0,6000,6000,32,192.0,1.6,2.6736,0.5314427
cold,0,1,0,0.0001,0.1,512,3,5,4,256,6000,8.0,2633729,4,4,9977,4101,900015,0,6000,6000,33,198.0,1.65,2.75715,0.5558514
cold,0,1,0,0.0001,0.1,512,3,5,4,256,6000,8.0,2633729,4,4,9977,4101,900015,0,6000,6000,34,204.0,1.7,2.8407,0.58124202
cold,0,1,0,0.0001,0.1,512,3,5,4,256,6000,8.0,2633729,4,4,9977,4101,900015,0,6000,6000,35,210.0,1.75,2.92425,0.60632229
cold,0,1,0,0.0001,0.1,512,3,5,4,256,6000,8.0,2633729,4,4,9977,4101,900015,0,6000,6000,36,216.0,1.8,3.0078,0.62944043
cold,0,1,0,0.0001,0.1,512,3,5,4,256,6000,8.0,2633729,4,4,9977,4101,900015,0,6000,6000,37,222.0,1.85,3.09135,0.65030336
cold,0,1,0,0.0001,0.1,512,3,5,4,256,6000,8.0,2633729,4,4,9977,4101,900015,0,6000,6000,38,228.0,1.9,3.1749,0.6699571
cold,0,1,0,0.0001,0.1,512,3,5,4,256,6000,8.0,2633729,4,4,9977,4101,900015,0,6000,6000,39,234.0,1.95,3.25845,0.68882507
cold,0,1,0,0.0001,0.1,512,3,5,4,256,6000,8.0,2633729,4,4,9977,4101,900015,0,6000,6000,40,240.0,2.0,3.342,0.70659465
cold,0,1,0,0.0001,0.1,512,3,5,4,256,6000,8.0,2633729,4,4,9977,4101,900015,0,6000,6000,41,246.0,2.05,3.42555,0.72264093
cold,0,1,0,0.0001,0.1,512,3,5,4,256,6000,8.0,2633729,4,4,9977,4101,900015,0,6000,6000,42,252.0,2.1,3.5091,0.73665869
cold,0,1,0,0.0001,0.1,512,3,5,4,256,6000,8.0,2633729,4,4,9977,4101,900015,0,6000,6000,43,258.0,2.15,3.59265,0.74897331
cold,0,1,0,0.0001,0.1,512,3,5,4,256,6000,8.0,2633729,4,4,9977,4101,900015,0,6000,6000,44,264.0,2.2,3.6762,0.75947052
cold,0,1,0,0.0001,0.1,512,3,5,4,256,6000,8.0,2633729,4,4,9977,4101,900015,0,6000,6000,45,270.0,2.25,3.75975,0.76793629
cold,0,1,0,0.0001,0.1,512,3,5,4,256,6000,8.0,2633729,4,4,9977,4101,900015,0,6000,6000,46,276.0,2.3,3.8433,0.77488816
cold,0,1,0,0.0001,0.1,512,3,5,4,256,6000,8.0,2633729,4,4,9977,4101,900015,0,6000,6000,47,282.0,2.35,3.92685,0.78190452
cold,0,1,0,0.0001,0.1,512,3,5,4,256,6000,8.0,2633729,4,4,9977,4101,900015,0,6000,6000,48,288.0,2.4,4.0104,0.79105973
cold,0,1,0,0.0001,0.1,512,3,5,4,256,6000,8.0,2633729,4,4,9977,4101,900015,0,6000,6000,49,294.0,2.45,4.09395,0.80343628
cold,0,1,0,0.0001,0.1,512,3,5,4,256,6000,8.0,2633729,4,4,9977,4101,900015,0,6000,6000,50,300.0,2.5,4.1775,0.81780106
cold,0,1,0,0.0001,0.1,512,3,5,4,256,6000,8.0,2633729,4,4,9977,4101,900015,0,6000,6000,51,306.0,2.55,4.26105,0.83166683
cold,0,1,0,0.0001,0.1,512,3,5,4,256,6000,8.0,2633729,4,4,9977,4101,900015,0,6000,6000,52,312.0,2.6,4.3446,0.84332204
cold,0,1,0,0.0001,0.1,512,3,5,4,256,6000,8.0,2633729,4,4,9977,4101,900015,0,6000,6000,53,318.0,2.65,4.42815,0.85299516
cold,0,1,0,0.0001,0.1,512,3,5,4,256,6000,8.0,2633729,4,4,9977,4101,900015,0,6000,6000,54,324.0,2.7,4.5117,0.8615275
cold,0,1,0,0.0001,0.1,512,3,5,4,256,6000,8.0,2633729,4,4,9977,4101,900015,0,6000,6000,55,330.0,2.75,4.59525,0.86831266
cold,0,1,0,0.0001,0.1,512,3,5,4,256,6000,8.0,2633729,4,4,9977,4101,900015,0,6000,6000,56,336.0,2.8,4.6788,0.8725968
cold,0,1,0,0.0001,0.1,512,3,5,4,256,6000,8.0,2633729,4,4,9977,4101,900015,0,6000,6000,57,342.0,2.85,4.76235,0.87584895
cold,0,1,0,0.0001,0.1,512,3,5,4,256,6000,8.0,2633729,4,4,9977,4101,900015,0,6000,6000,58,348.0,2.9,4.8459,0.87994975
cold,0,1,0,0.0001,0.1,512,3,5,4,256,6000,8.0,2633729,4,4,9977,4101,900015,0,6000,6000,59,354.0,2.95,4.92945,0.88519394
cold,0,1,0,0.0001,0.1,512,3,5,4,256,6000,8.0,2633729,4,4,9977,4101,900015,0,6000,6000,60,360.0,3.0,5.013,0.89008152
cold,0,1,0,0.0001,0.1,512,3,5,4,256,6000,8.0,2633729,4,4,9977,4101,900015,0,6000,6000,61,366.0,3.05,5.09655,0.89441538
cold,0,1,0,0.0001,0.1,512,3,5,4,256,6000,8.0,2633729,4,4,9977,4101,900015,0,6000,6000,62,372.0,3.1,5.1801,0.89961338
cold,0,1,0,0.0001,0.1,512,3,5,4,256,6000,8.0,2633729,4,4,9977,4101,900015,0,6000,6000,63,378.0,3.15,5.26365,0.90502119
cold,0,1,0,0.0001,0.1,512,3,5,4,256,6000,8.0,2633729,4,4,9977,4101,900015,0,6000,6000,64,384.0,3.2,5.3472,0.90879267
cold,0,1,0,0.0001,0.1,512,3,5,4,256,6000,8.0,2633729,4,4,9977,4101,900015,0,6000,6000,65,390.0,3.25,5.43075,0.91043025
cold,0,1,0,0.0001,0.1,512,3,5,4,256,6000,8.0,2633729,4,4,9977,4101,900015,0,6000,6000,66,396.0,3.3,5.5143,0.91082025
cold,0,1,0,0.0001,0.1,512,3,5,4,256,6000,8.0,2633729,4,4,9977,4101,900015,0,6000,6000,67,402.0,3.35,5.59785,0.91135609
cold,0,1,0,0.0001,0.1,512,3,5,4,256,6000,8.0,2633729,4,4,9977,4101,900015,0,6000,6000,68,408.0,3.4,5.6814,0.91323012
cold,0,1,0,0.0001,0.1,512,3,5,4,256,6000,8.0,2633729,4,4,9977,4101,900015,0,6000,6000,69,414.0,3.45,5.76495,0.91707391
cold,0,1,0,0.0001,0.1,512,3,5,4,256,6000,8.0,2633729,4,4,9977,4101,900015,0,6000,6000,70,420.0,3.5,5.8485,0.92285192
cold,0,1,0,0.0001,0.1,512,3,5,4,256,6000,8.0,2633729,4,4,9977,4101,900015,0,6000,6000,71,426.0,3.55,5.93205,0.92938304
cold,0,1,0,0.0001,0.1,512,3,5,4,256,6000,8.0,2633729,4,4,9977,4101,900015,0,6000,6000,72,432.0,3.6,6.0156,0.93513924
cold,0,1,0,0.0001,0.1,512,3,5,4,256,6000,8.0,2633729,4,4,9977,4101,900015,0,6000,6000,73,438.0,3.65,6.09915,0.93892187
cold,0,1,0,0.0001,0.1,512,3,5,4,256,6000,8.0,2633729,4,4,9977,4101,900015,0,6000,6000,74,444.0,3.7,6.1827,0.94037366
cold,0,1,0,0.0001,0.1,512,3,5,4,256,6000,8.0,2633729,4,4,9977,4101,900015,0,6000,6000,75,450.0,3.75,6.26625,0.94102228
cold,0,1,0,0.0001,0.1,512,3,5,4,256,6000,8.0,2633729,4,4,9977,4101,900015,0,6000,6000,76,456.0,3.8,6.3498,0.94218993
cold,0,1,0,0.0001,0.1,512,3,5,4,256,6000,8.0,2633729,4,4,9977,4101,900015,0,6000,6000,77,462.0,3.85,6.43335,0.94365889
cold,0,1,0,0.0001,0.1,512,3,5,4,256,6000,8.0,2633729,4,4,9977,4101,900015,0,6000,6000,78,468.0,3.9,6.5169,0.94503999
cold,0,1,0,0.0001,0.1,512,3,5,4,256,6000,8.0,2633729,4,4,9977,4101,900015,0,6000,6000,79,474.0,3.95,6.60045,0.94704348
cold,0,1,0,0.0001,0.1,512,3,5,4,256,6000,8.0,2633729,4,4,9977,4101,900015,0,6000,6000,80,480.0,4.0,6.684,0.95036107
cold,0,1,0,0.0001,0.1,512,3,5,4,256,6000,8.0,2633729,4,4,9977,4101,900015,0,6000,6000,81,486.0,4.05,6.76755,0.95388836
cold,0,1,0,0.0001,0.1,512,3,5,4,256,6000,8.0,2633729,4,4,9977,4101,900015,0,6000,6000,82,492.0,4.1,6.8511,0.95594388
cold,0,1,0,0.0001,0.1,512,3,5,4,256,6000,8.0,2633729,4,4,9977,4101,900015,0,6000,6000,83,498.0,4.15,6.93465,0.95641166
cold,0,1,0,0.0001,0.1,512,3,5,4,256,6000,8.0,2633729,4,4,9977,4101,900015,0,6000,6000,84,504.0,4.2,7.0182,0.95701104
cold,0,1,0,0.0001,0.1,512,3,5,4,256,6000,8.0,2633729,4,4,9977,4101,900015,0,6000,6000,85,510.0,4.25,7.10175,0.95848548
cold,0,1,0,0.0001,0.1,512,3,5,4,256,6000,8.0,2633729,4,4,9977,4101,900015,0,6000,6000,86,516.0,4.3,7.1853,0.96029377
cold,0,1,0,0.0001,0.1,512,3,5,4,256,6000,8.0,2633729,4,4,9977,4101,900015,0,6000,6000,87,522.0,4.35,7.26885,0.96183175
cold,0,1,0,0.0001,0.1,512,3,5,4,256,6000,8.0,2633729,4,4,9977,4101,900015,0,6000,6000,88,528.0,4.4,7.3524,0.9639309
cold,0,1,0,0.0001,0.1,512,3,5,4,256,6000,8.0,2633729,4,4,9977,4101,900015,0,6000,6000,89,534.0,4.45,7.43595,0.96793544
cold,0,1,0,0.0001,0.1,512,3,5,4,256,6000,8.0,2633729,4,4,9977,4101,900015,0,6000,6000,90,540.0,4.5,7.5195,0.97256535
cold,0,1,0,0.0001,0.1,512,3,5,4,256,6000,8.0,2633729,4,4,9977,4101,900015,0,6000,6000,91,546.0,4.55,7.60305,0.97541767
cold,0,1,0,0.0001,0.1,512,3,5,4,256,6000,8.0,2633729,4,4,9977,4101,900015,0,6000,6000,92,552.0,4.6,7.6866,0.97604322
cold,0,1,0,0.0001,0.1,512,3,5,4,256,6000,8.0,2633729,4,4,9977,4101,900015,0,6000,6000,93,558.0,4.65,7.77015,0.97500777
cold,0,1,0,0.0001,0.1,512,3,5,4,256,6000,8.0,2633729,4,4,9977,4101,900015,0,6000,6000,94,564.0,4.7,7.8537,0.97340572
cold,0,1,0,0.0001,0.1,512,3,5,4,256,6000,8.0,2633729,4,4,9977,4101,900015,0,6000,6000,95,570.0,4.75,7.93725,0.97301662
cold,0,1,0,0.0001,0.1,512,3,5,4,256,6000,8.0,2633729,4,4,9977,4101,900015,0,6000,6000,96,576.0,4.8,8.0208,0.9742837
cold,0,1,0,0.0001,0.1,512,3,5,4,256,6000,8.0,2633729,4,4,9977,4101,900015,0,6000,6000,97,582.0,4.85,8.10435,0.97672582
cold,0,1,0,0.0001,0.1,512,3,5,4,256,6000,8.0,2633729,4,4,9977,4101,900015,0,6000,6000,98,588.0,4.9,8.1879,0.97975641
cold,0,1,0,0.0001,0.1,512,3,5,4,256,6000,8.0,2633729,4,4,9977,4101,900015,0,6000,6000,99,594.0,4.95,8.27145,0.98205066
cold,0,1,0,0.0001,0.1,512,3,5,4,256,6000,8.0,2633729,4,4,9977,4101,900015,0,6000,6000,100,600.0,5.0,8.355,0.98213321
cold,0,1,0,0.0001,0.1,512,3,5,4,256,6000,8.0,2633729,4,4,9977,4101,900015,0,6000,6000,101,606.0,5.05,8.43855,0.97981417
cold,0,1,0,0.0001,0.1,512,3,5,4,256,6000,8.0,2633729,4,4,9977,4101,900015,0,6000,6000,102,612.0,5.1,8.5221,0.97690773
cold,0,1,0,0.0001,0.1,512,3,5,4,256,6000,8.0,2633729,4,4,9977,4101,900015,0,6000,6000,103,618.0,5.15,8.60565,0.97509325
cold,0,1,0,0.0001,0.1,512,3,5,4,256,6000,8.0,2633729,4,4,9977,4101,900015,0,6000,6000,104,624.0,5.2,8.6892,0.97647339
cold,0,1,0,0.0001,0.1,512,3,5,4,256,6000,8.0,2633729,4,4,9977,4101,900015,0,6000,6000,105,630.0,5.25,8.77275,0.98188454
cold,0,1,0,0.0001,0.1,512,3,5,4,256,6000,8.0,2633729,4,4,9977,4101,900015,0,6000,6000,106,636.0,5.3,8.8563,0.98915523
cold,0,1,0,0.0001,0.1,512,3,5,4,256,6000,8.0,2633729,4,4,9977,4101,900015,0,6000,6000,107,642.0,5.35,8.93985,0.9955228
cold,0,1,0,0.0001,0.1,512,3,5,4,256,6000,8.0,2633729,4,4,9977,4101,900015,0,6000,6000,108,648.0,5.4,9.0234,0.99973047
cold,0,1,0,0.0001,0.1,512,3,5,4,256,6000,8.0,2633729,4,4,9977,4101,900015,0,6000,6000,109,654.0,5.45,9.10695,1.00121975
cold,0,1,0,0.0001,0.1,512,3,5,4,256,6000,8.0,2633729,4,4,9977,4101,900015,0,6000,6000,110,660.0,5.5,9.1905,1.00000882
cold,0,1,0,0.0001,0.1,512,3,5,4,256,6000,8.0,2633729,4,4,9977,4101,900015,0,6000,6000,111,666.0,5.55,9.27405,0.99754936
cold,0,1,0,0.0001,0.1,512,3,5,4,256,6000,8.0,2633729,4,4,9977,4101,900015,0,6000,6000,112,672.0,5.6,9.3576,0.99567175
cold,0,1,0,0.0001,0.1,512,3,5,4,256,6000,8.0,2633729,4,4,9977,4101,900015,0,6000,6000,113,678.0,5.65,9.44115,0.99454939
cold,0,1,0,0.0001,0.1,512,3,5,4,256,6000,8.0,2633729,4,4,9977,4101,900015,0,6000,6000,114,684.0,5.7,9.5247,0.99417412
cold,0,1,0,0.0001,0.1,512,3,5,4,256,6000,8.0,2633729,4,4,9977,4101,900015,0,6000,6000,115,690.0,5.75,9.60825,0.99442965
cold,0,1,0,0.0001,0.1,512,3,5,4,256,6000,8.0,2633729,4,4,9977,4101,900015,0,6000,6000,116,696.0,5.8,9.6918,0.99449021
cold,0,1,0,0.0001,0.1,512,3,5,4,256,6000,8.0,2633729,4,4,9977,4101,900015,0,6000,6000,117,702.0,5.85,9.77535,0.99421531
cold,0,1,0,0.0001,0.1,512,3,5,4,256,6000,8.0,2633729,4,4,9977,4101,900015,0,6000,6000,118,708.0,5.9,9.8589,0.99437326
cold,0,1,0,0.0001,0.1,512,3,5,4,256,6000,8.0,2633729,4,4,9977,4101,900015,0,6000,6000,119,714.0,5.95,9.94245,0.99573284
cold,0,1,0,0.0001,0.1,512,3,5,4,256,6000,8.0,2633729,4,4,9977,4101,900015,0,6000,6000,120,720.0,6.0,10.026,0.99823338
cold,0,1,0,0.0001,0.1,512,3,5,4,256,6000,8.0,2633729,4,4,9977,4102,900016,1,1,6001,1,6.0,0.05,0.08355,0.16106784
cold,0,1,0,0.0001,0.1,512,3,5,4,256,6000,8.0,2633729,4,4,9977,4102,900016,1,1,6001,2,12.0,0.1,0.1671,0.28947914
cold,0,1,0,0.0001,0.1,512,3,5,4,256,6000,8.0,2633729,4,4,9977,4102,900016,1,1,6001,3,18.0,0.15,0.25065,0.40734893
cold,0,1,0,0.0001,0.1,512,3,5,4,256,6000,8.0,2633729,4,4,9977,4102,900016,1,1,6001,4,24.0,0.2,0.3342,0.50639963
cold,0,1,0,0.0001,0.1,512,3,5,4,256,6000,8.0,2633729,4,4,9977,4102,900016,1,1,6001,5,30.0,0.25,0.41775,0.58474904
cold,0,1,0,0.0001,0.1,512,3,5,4,256,6000,8.0,2633729,4,4,9977,4102,900016,1,1,6001,6,36.0,0.3,0.5013,0.64334464
cold,0,1,0,0.0001,0.1,512,3,5,4,256,6000,8.0,2633729,4,4,9977,4102,900016,1,1,6001,7,42.0,0.35,0.58485,0.68412578
cold,0,1,0,0.0001,0.1,512,3,5,4,256,6000,8.0,2633729,4,4,9977,4102,900016,1,1,6001,8,48.0,0.4,0.6684,0.7102744
cold,0,1,0,0.0001,0.1,512,3,5,4,256,6000,8.0,2633729,4,4,9977,4102,900016,1,1,6001,9,54.0,0.45,0.75195,0.72550189
cold,0,1,0,0.0001,0.1,512,3,5,4,256,6000,8.0,2633729,4,4,9977,4102,900016,1,1,6001,10,60.0,0.5,0.8355,0.73281956
cold,0,1,0,0.0001,0.1,512,3,5,4,256,6000,8.0,2633729,4,4,9977,4102,900016,1,1,6001,11,66.0,0.55,0.91905,0.73503619
cold,0,1,0,0.0001,0.1,512,3,5,4,256,6000,8.0,2633729,4,4,9977,4102,900016,1,1,6001,12,72.0,0.6,1.0026,0.7353164
cold,0,1,0,0.0001,0.1,512,3,5,4,256,6000,8.0,2633729,4,4,9977,4102,900016,1,1,6001,13,78.0,0.65,1.08615,0.73595572
cold,0,1,0,0.0001,0.1,512,3,5,4,256,6000,8.0,2633729,4,4,9977,4102,900016,1,1,6001,14,84.0,0.7,1.1697,0.73763925
cold,0,1,0,0.0001,0.1,512,3,5,4,256,6000,8.0,2633729,4,4,9977,4102,900016,1,1,6001,15,90.0,0.75,1.25325,0.73983085
cold,0,1,0,0.0001,0.1,512,3,5,4,256,6000,8.0,2633729,4,4,9977,4102,900016,1,1,6001,16,96.0,0.8,1.3368,0.74155581
cold,0,1,0,0.0001,0.1,512,3,5,4,256,6000,8.0,2633729,4,4,9977,4102,900016,1,1,6001,17,102.0,0.85,1.42035,0.74252689
cold,0,1,0,0.0001,0.1,512,3,5,4,256,6000,8.0,2633729,4,4,9977,4102,900016,1,1,6001,18,108.0,0.9,1.5039,0.7430144
cold,0,1,0,0.0001,0.1,512,3,5,4,256,6000,8.0,2633729,4,4,9977,4102,900016,1,1,6001,19,114.0,0.95,1.58745,0.74279529
cold,0,1,0,0.0001,0.1,512,3,5,4,256,6000,8.0,2633729,4,4,9977,4102,900016,1,1,6001,20,120.0,1.0,1.671,0.74124676
cold,0,1,0,0.0001,0.1,512,3,5,4,256,6000,8.0,2633729,4,4,9977,4102,900016,1,1,6001,21,126.0,1.05,1.75455,0.73846501
cold,0,1,0,0.0001,0.1,512,3,5,4,256,6000,8.0,2633729,4,4,9977,4102,900016,1,1,6001,22,132.0,1.1,1.8381,0.7355842
cold,0,1,0,0.0001,0.1,512,3,5,4,256,6000,8.0,2633729,4,4,9977,4102,900016,1,1,6001,23,138.0,1.15,1.92165,0.73397309
cold,0,1,0,0.0001,0.1,512,3,5,4,256,6000,8.0,2633729,4,4,9977,4102,900016,1,1,6001,24,144.0,1.2,2.0052,0.73440087
cold,0,1,0,0.0001,0.1,512,3,5,4,256,6000,8.0,2633729,4,4,9977,4102,900016,1,1,6001,25,150.0,1.25,2.08875,0.73628896
cold,0,1,0,0.0001,0.1,512,3,5,4,256,6000,8.0,2633729,4,4,9977,4102,900016,1,1,6001,26,156.0,1.3,2.1723,0.73813444
cold,0,1,0,0.0001,0.1,512,3,5,4,256,6000,8.0,2633729,4,4,9977,4102,900016,1,1,6001,27,162.0,1.35,2.25585,0.73899162
cold,0,1,0,0.0001,0.1,512,3,5,4,256,6000,8.0,2633729,4,4,9977,4102,900016,1,1,6001,28,168.0,1.4,2.3394,0.73887765
cold,0,1,0,0.0001,0.1,512,3,5,4,256,6000,8.0,2633729,4,4,9977,4102,900016,1,1,6001,29,174.0,1.45,2.42295,0.73785836
cold,0,1,0,0.0001,0.1,512,3,5,4,256,6000,8.0,2633729,4,4,9977,4102,900016,1,1,6001,30,180.0,1.5,2.5065,0.73558217
cold,0,1,0,0.0001,0.1,512,3,5,4,256,6000,8.0,2633729,4,4,9977,4102,900016,1,1,6001,31,186.0,1.55,2.59005,0.73229223
cold,0,1,0,0.0001,0.1,512,3,5,4,256,6000,8.0,2633729,4,4,9977,4102,900016,1,1,6001,32,192.0,1.6,2.6736,0.72937328
cold,0,1,0,0.0001,0.1,512,3,5,4,256,6000,8.0,2633729,4,4,9977,4102,900016,1,1,6001,33,198.0,1.65,2.75715,0.72797781
cold,0,1,0,0.0001,0.1,512,3,5,4,256,6000,8.0,2633729,4,4,9977,4102,900016,1,1,6001,34,204.0,1.7,2.8407,0.7280618
cold,0,1,0,0.0001,0.1,512,3,5,4,256,6000,8.0,2633729,4,4,9977,4102,900016,1,1,6001,35,210.0,1.75,2.92425,0.72867268
cold,0,1,0,0.0001,0.1,512,3,5,4,256,6000,8.0,2633729,4,4,9977,4102,900016,1,1,6001,36,216.0,1.8,3.0078,0.72888315
cold,0,1,0,0.0001,0.1,512,3,5,4,256,6000,8.0,2633729,4,4,9977,4102,900016,1,1,6001,37,222.0,1.85,3.09135,0.72878122
cold,0,1,0,0.0001,0.1,512,3,5,4,256,6000,8.0,2633729,4,4,9977,4102,900016,1,1,6001,38,228.0,1.9,3.1749,0.72883171
cold,0,1,0,0.0001,0.1,512,3,5,4,256,6000,8.0,2633729,4,4,9977,4102,900016,1,1,6001,39,234.0,1.95,3.25845,0.72875488
cold,0,1,0,0.0001,0.1,512,3,5,4,256,6000,8.0,2633729,4,4,9977,4102,900016,1,1,6001,40,240.0,2.0,3.342,0.72782183
cold,0,1,0,0.0001,0.1,512,3,5,4,256,6000,8.0,2633729,4,4,9977,4102,900016,1,1,6001,41,246.0,2.05,3.42555,0.72592497
cold,0,1,0,0.0001,0.1,512,3,5,4,256,6000,8.0,2633729,4,4,9977,4102,900016,1,1,6001,42,252.0,2.1,3.5091,0.72385794
cold,0,1,0,0.0001,0.1,512,3,5,4,256,6000,8.0,2633729,4,4,9977,4102,900016,1,1,6001,43,258.0,2.15,3.59265,0.72261971
cold,0,1,0,0.0001,0.1,512,3,5,4,256,6000,8.0,2633729,4,4,9977,4102,900016,1,1,6001,44,264.0,2.2,3.6762,0.72266829
cold,0,1,0,0.0001,0.1,512,3,5,4,256,6000,8.0,2633729,4,4,9977,4102,900016,1,1,6001,45,270.0,2.25,3.75975,0.72336781
cold,0,1,0,0.0001,0.1,512,3,5,4,256,6000,8.0,2633729,4,4,9977,4102,900016,1,1,6001,46,276.0,2.3,3.8433,0.72363031
cold,0,1,0,0.0001,0.1,512,3,5,4,256,6000,8.0,2633729,4,4,9977,4102,900016,1,1,6001,47,282.0,2.35,3.92685,0.72313076
cold,0,1,0,0.0001,0.1,512,3,5,4,256,6000,8.0,2633729,4,4,9977,4102,900016,1,1,6001,48,288.0,2.4,4.0104,0.72237176
cold,0,1,0,0.0001,0.1,512,3,5,4,256,6000,8.0,2633729,4,4,9977,4102,900016,1,1,6001,49,294.0,2.45,4.09395,0.72164315
cold,0,1,0,0.0001,0.1,512,3,5,4,256,6000,8.0,2633729,4,4,9977,4102,900016,1,1,6001,50,300.0,2.5,4.1775,0.72046572
cold,0,1,0,0.0001,0.1,512,3,5,4,256,6000,8.0,2633729,4,4,9977,4102,900016,1,1,6001,51,306.0,2.55,4.26105,0.71872276
cold,0,1,0,0.0001,0.1,512,3,5,4,256,6000,8.0,2633729,4,4,9977,4102,900016,1,1,6001,52,312.0,2.6,4.3446,0.7174685
cold,0,1,0,0.0001,0.1,512,3,5,4,256,6000,8.0,2633729,4,4,9977,4102,900016,1,1,6001,53,318.0,2.65,4.42815,0.71770298
cold,0,1,0,0.0001,0.1,512,3,5,4,256,6000,8.0,2633729,4,4,9977,4102,900016,1,1,6001,54,324.0,2.7,4.5117,0.71930289
cold,0,1,0,0.0001,0.1,512,3,5,4,256,6000,8.0,2633729,4,4,9977,4102,900016,1,1,6001,55,330.0,2.75,4.59525,0.72122562
cold,0,1,0,0.0001,0.1,512,3,5,4,256,6000,8.0,2633729,4,4,9977,4102,900016,1,1,6001,56,336.0,2.8,4.6788,0.72261149
cold,0,1,0,0.0001,0.1,512,3,5,4,256,6000,8.0,2633729,4,4,9977,4102,900016,1,1,6001,57,342.0,2.85,4.76235,0.72368777
cold,0,1,0,0.0001,0.1,512,3,5,4,256,6000,8.0,2633729,4,4,9977,4102,900016,1,1,6001,58,348.0,2.9,4.8459,0.7248528
cold,0,1,0,0.0001,0.1,512,3,5,4,256,6000,8.0,2633729,4,4,9977,4102,900016,1,1,6001,59,354.0,2.95,4.92945,0.7256158
cold,0,1,0,0.0001,0.1,512,3,5,4,256,6000,8.0,2633729,4,4,9977,4102,900016,1,1,6001,60,360.0,3.0,5.013,0.7251519
cold,0,1,0,0.0001,0.1,512,3,5,4,256,6000,8.0,2633729,4,4,9977,4102,900016,1,1,6001,61,366.0,3.05,5.09655,0.72348207
cold,0,1,0,0.0001,0.1,512,3,5,4,256,6000,8.0,2633729,4,4,9977,4102,900016,1,1,6001,62,372.0,3.1,5.1801,0.72161329
cold,0,1,0,0.0001,0.1,512,3,5,4,256,6000,8.0,2633729,4,4,9977,4102,900016,1,1,6001,63,378.0,3.15,5.26365,0.72063529
cold,0,1,0,0.0001,0.1,512,3,5,4,256,6000,8.0,2633729,4,4,9977,4102,900016,1,1,6001,64,384.0,3.2,5.3472,0.72091663
cold,0,1,0,0.0001,0.1,512,3,5,4,256,6000,8.0,2633729,4,4,9977,4102,900016,1,1,6001,65,390.0,3.25,5.43075,0.72168332
cold,0,1,0,0.0001,0.1,512,3,5,4,256,6000,8.0,2633729,4,4,9977,4102,900016,1,1,6001,66,396.0,3.3,5.5143,0.72182864
cold,0,1,0,0.0001,0.1,512,3,5,4,256,6000,8.0,2633729,4,4,9977,4102,900016,1,1,6001,67,402.0,3.35,5.59785,0.72113168
cold,0,1,0,0.0001,0.1,512,3,5,4,256,6000,8.0,2633729,4,4,9977,4102,900016,1,1,6001,68,408.0,3.4,5.6814,0.72018731
cold,0,1,0,0.0001,0.1,512,3,5,4,256,6000,8.0,2633729,4,4,9977,4102,900016,1,1,6001,69,414.0,3.45,5.76495,0.71932274
cold,0,1,0,0.0001,0.1,512,3,5,4,256,6000,8.0,2633729,4,4,9977,4102,900016,1,1,6001,70,420.0,3.5,5.8485,0.7181167
cold,0,1,0,0.0001,0.1,512,3,5,4,256,6000,8.0,2633729,4,4,9977,4102,900016,1,1,6001,71,426.0,3.55,5.93205,0.71653312
cold,0,1,0,0.0001,0.1,512,3,5,4,256,6000,8.0,2633729,4,4,9977,4102,900016,1,1,6001,72,432.0,3.6,6.0156,0.71567088
cold,0,1,0,0.0001,0.1,512,3,5,4,256,6000,8.0,2633729,4,4,9977,4102,900016,1,1,6001,73,438.0,3.65,6.09915,0.71652329
cold,0,1,0,0.0001,0.1,512,3,5,4,256,6000,8.0,2633729,4,4,9977,4102,900016,1,1,6001,74,444.0,3.7,6.1827,0.71892011
cold,0,1,0,0.0001,0.1,512,3,5,4,256,6000,8.0,2633729,4,4,9977,4102,900016,1,1,6001,75,450.0,3.75,6.26625,0.72172427
cold,0,1,0,0.0001,0.1,512,3,5,4,256,6000,8.0,2633729,4,4,9977,4102,900016,1,1,6001,76,456.0,3.8,6.3498,0.72392058
cold,0,1,0,0.0001,0.1,512,3,5,4,256,6000,8.0,2633729,4,4,9977,4102,900016,1,1,6001,77,462.0,3.85,6.43335,0.72557348
cold,0,1,0,0.0001,0.1,512,3,5,4,256,6000,8.0,2633729,4,4,9977,4102,900016,1,1,6001,78,468.0,3.9,6.5169,0.72703069
cold,0,1,0,0.0001,0.1,512,3,5,4,256,6000,8.0,2633729,4,4,9977,4102,900016,1,1,6001,79,474.0,3.95,6.60045,0.72787857
cold,0,1,0,0.0001,0.1,512,3,5,4,256,6000,8.0,2633729,4,4,9977,4102,900016,1,1,6001,80,480.0,4.0,6.684,0.72738552
cold,0,1,0,0.0001,0.1,512,3,5,4,256,6000,8.0,2633729,4,4,9977,4102,900016,1,1,6001,81,486.0,4.05,6.76755,0.72560322
cold,0,1,0,0.0001,0.1,512,3,5,4,256,6000,8.0,2633729,4,4,9977,4102,900016,1,1,6001,82,492.0,4.1,6.8511,0.72352922
cold,0,1,0,0.0001,0.1,512,3,5,4,256,6000,8.0,2633729,4,4,9977,4102,900016,1,1,6001,83,498.0,4.15,6.93465,0.72226697
cold,0,1,0,0.0001,0.1,512,3,5,4,256,6000,8.0,2633729,4,4,9977,4102,900016,1,1,6001,84,504.0,4.2,7.0182,0.72225422
cold,0,1,0,0.0001,0.1,512,3,5,4,256,6000,8.0,2633729,4,4,9977,4102,900016,1,1,6001,85,510.0,4.25,7.10175,0.72277778
cold,0,1,0,0.0001,0.1,512,3,5,4,256,6000,8.0,2633729,4,4,9977,4102,900016,1,1,6001,86,516.0,4.3,7.1853,0.72267157
cold,0,1,0,0.0001,0.1,512,3,5,4,256,6000,8.0,2633729,4,4,9977,4102,900016,1,1,6001,87,522.0,4.35,7.26885,0.72158444
cold,0,1,0,0.0001,0.1,512,3,5,4,256,6000,8.0,2633729,4,4,9977,4102,900016,1,1,6001,88,528.0,4.4,7.3524,0.72007775
cold,0,1,0,0.0001,0.1,512,3,5,4,256,6000,8.0,2633729,4,4,9977,4102,900016,1,1,6001,89,534.0,4.45,7.43595,0.71858025
cold,0,1,0,0.0001,0.1,512,3,5,4,256,6000,8.0,2633729,4,4,9977,4102,900016,1,1,6001,90,540.0,4.5,7.5195,0.71681559
cold,0,1,0,0.0001,0.1,512,3,5,4,256,6000,8.0,2633729,4,4,9977,4102,900016,1,1,6001,91,546.0,4.55,7.60305,0.71491486
cold,0,1,0,0.0001,0.1,512,3,5,4,256,6000,8.0,2633729,4,4,9977,4102,900016,1,1,6001,92,552.0,4.6,7.6866,0.71411341
cold,0,1,0,0.0001,0.1,512,3,5,4,256,6000,8.0,2633729,4,4,9977,4102,900016,1,1,6001,93,558.0,4.65,7.77015,0.71532071
cold,0,1,0,0.0001,0.1,512,3,5,4,256,6000,8.0,2633729,4,4,9977,4102,900016,1,1,6001,94,564.0,4.7,7.8537,0.71805155
cold,0,1,0,0.0001,0.1,512,3,5,4,256,6000,8.0,2633729,4,4,9977,4102,900016,1,1,6001,95,570.0,4.75,7.93725,0.72090501
cold,0,1,0,0.0001,0.1,512,3,5,4,256,6000,8.0,2633729,4,4,9977,4102,900016,1,1,6001,96,576.0,4.8,8.0208,0.72289795
cold,0,1,0,0.0001,0.1,512,3,5,4,256,6000,8.0,2633729,4,4,9977,4102,900016,1,1,6001,97,582.0,4.85,8.10435,0.72436106
cold,0,1,0,0.0001,0.1,512,3,5,4,256,6000,8.0,2633729,4,4,9977,4102,900016,1,1,6001,98,588.0,4.9,8.1879,0.72585928
cold,0,1,0,0.0001,0.1,512,3,5,4,256,6000,8.0,2633729,4,4,9977,4102,900016,1,1,6001,99,594.0,4.95,8.27145,0.72697568
cold,0,1,0,0.0001,0.1,512,3,5,4,256,6000,8.0,2633729,4,4,9977,4102,900016,1,1,6001,100,600.0,5.0,8.355,0.72682571
cold,0,1,0,0.0001,0.1,512,3,5,4,256,6000,8.0,2633729,4,4,9977,4102,900016,1,1,6001,101,606.0,5.05,8.43855,0.72534293
cold,0,1,0,0.0001,0.1,512,3,5,4,256,6000,8.0,2633729,4,4,9977,4102,900016,1,1,6001,102,612.0,5.1,8.5221,0.72352862
cold,0,1,0,0.0001,0.1,512,3,5,4,256,6000,8.0,2633729,4,4,9977,4102,900016,1,1,6001,103,618.0,5.15,8.60565,0.7225548
cold,0,1,0,0.0001,0.1,512,3,5,4,256,6000,8.0,2633729,4,4,9977,4102,900016,1,1,6001,104,624.0,5.2,8.6892,0.72297299
cold,0,1,0,0.0001,0.1,512,3,5,4,256,6000,8.0,2633729,4,4,9977,4102,900016,1,1,6001,105,630.0,5.25,8.77275,0.72408319
cold,0,1,0,0.0001,0.1,512,3,5,4,256,6000,8.0,2633729,4,4,9977,4102,900016,1,1,6001,106,636.0,5.3,8.8563,0.72445786
cold,0,1,0,0.0001,0.1,512,3,5,4,256,6000,8.0,2633729,4,4,9977,4102,900016,1,1,6001,107,642.0,5.35,8.93985,0.72341198
cold,0,1,0,0.0001,0.1,512,3,5,4,256,6000,8.0,2633729,4,4,9977,4102,900016,1,1,6001,108,648.0,5.4,9.0234,0.72142714
cold,0,1,0,0.0001,0.1,512,3,5,4,256,6000,8.0,2633729,4,4,9977,4102,900016,1,1,6001,109,654.0,5.45,9.10695,0.71920621
cold,0,1,0,0.0001,0.1,512,3,5,4,256,6000,8.0,2633729,4,4,9977,4102,900016,1,1,6001,110,660.0,5.5,9.1905,0.71688825
cold,0,1,0,0.0001,0.1,512,3,5,4,256,6000,8.0,2633729,4,4,9977,4102,900016,1,1,6001,111,666.0,5.55,9.27405,0.71485567
cold,0,1,0,0.0001,0.1,512,3,5,4,256,6000,8.0,2633729,4,4,9977,4102,900016,1,1,6001,112,672.0,5.6,9.3576,0.71430308
cold,0,1,0,0.0001,0.1,512,3,5,4,256,6000,8.0,2633729,4,4,9977,4102,900016,1,1,6001,113,678.0,5.65,9.44115,0.71593022
cold,0,1,0,0.0001,0.1,512,3,5,4,256,6000,8.0,2633729,4,4,9977,4102,900016,1,1,6001,114,684.0,5.7,9.5247,0.7190609
cold,0,1,0,0.0001,0.1,512,3,5,4,256,6000,8.0,2633729,4,4,9977,4102,900016,1,1,6001,115,690.0,5.75,9.60825,0.72216821
cold,0,1,0,0.0001,0.1,512,3,5,4,256,6000,8.0,2633729,4,4,9977,4102,900016,1,1,6001,116,696.0,5.8,9.6918,0.72423702
cold,0,1,0,0.0001,0.1,512,3,5,4,256,6000,8.0,2633729,4,4,9977,4102,900016,1,1,6001,117,702.0,5.85,9.77535,0.72563505
cold,0,1,0,0.0001,0.1,512,3,5,4,256,6000,8.0,2633729,4,4,9977,4102,900016,1,1,6001,118,708.0,5.9,9.8589,0.72690487
cold,0,1,0,0.0001,0.1,512,3,5,4,256,6000,8.0,2633729,4,4,9977,4102,900016,1,1,6001,119,714.0,5.95,9.94245,0.727633
cold,0,1,0,0.0001,0.1,512,3,5,4,256,6000,8.0,2633729,4,4,9977,4102,900016,1,1,6001,120,720.0,6.0,10.026,0.72704226
cold,0,1,0,0.0001,0.1,512,3,5,4,256,6000,8.0,2633729,4,4,9977,4102,900016,1,12,6012,1,6.0,0.05,0.08355,0.11822977
cold,0,1,0,0.0001,0.1,512,3,5,4,256,6000,8.0,2633729,4,4,9977,4102,900016,1,12,6012,2,12.0,0.1,0.1671,0.19910136
cold,0,1,0,0.0001,0.1,512,3,5,4,256,6000,8.0,2633729,4,4,9977,4102,900016,1,12,6012,3,18.0,0.15,0.25065,0.28242576
cold,0,1,0,0.0001,0.1,512,3,5,4,256,6000,8.0,2633729,4,4,9977,4102,900016,1,12,6012,4,24.0,0.2,0.3342,0.35812977
cold,0,1,0,0.0001,0.1,512,3,5,4,256,6000,8.0,2633729,4,4,9977,4102,900016,1,12,6012,5,30.0,0.25,0.41775,0.42157552
cold,0,1,0,0.0001,0.1,512,3,5,4,256,6000,8.0,2633729,4,4,9977,4102,900016,1,12,6012,6,36.0,0.3,0.5013,0.471219
cold,0,1,0,0.0001,0.1,512,3,5,4,256,6000,8.0,2633729,4,4,9977,4102,900016,1,12,6012,7,42.0,0.35,0.58485,0.50772607
cold,0,1,0,0.0001,0.1,512,3,5,4,256,6000,8.0,2633729,4,4,9977,4102,900016,1,12,6012,8,48.0,0.4,0.6684,0.5345189
cold,0,1,0,0.0001,0.1,512,3,5,4,256,6000,8.0,2633729,4,4,9977,4102,900016,1,12,6012,9,54.0,0.45,0.75195,0.55530417
cold,0,1,0,0.0001,0.1,512,3,5,4,256,6000,8.0,2633729,4,4,9977,4102,900016,1,12,6012,10,60.0,0.5,0.8355,0.57197708
cold,0,1,0,0.0001,0.1,512,3,5,4,256,6000,8.0,2633729,4,4,9977,4102,900016,1,12,6012,11,66.0,0.55,0.91905,0.58540368
cold,0,1,0,0.0001,0.1,512,3,5,4,256,6000,8.0,2633729,4,4,9977,4102,900016,1,12,6012,12,72.0,0.6,1.0026,0.59668577
cold,0,1,0,0.0001,0.1,512,3,5,4,256,6000,8.0,2633729,4,4,9977,4102,900016,1,12,6012,13,78.0,0.65,1.08615,0.60699421
cold,0,1,0,0.0001,0.1,512,3,5,4,256,6000,8.0,2633729,4,4,9977,4102,900016,1,12,6012,14,84.0,0.7,1.1697,0.61684096
cold,0,1,0,0.0001,0.1,512,3,5,4,256,6000,8.0,2633729,4,4,9977,4102,900016,1,12,6012,15,90.0,0.75,1.25325,0.62596279
cold,0,1,0,0.0001,0.1,512,3,5,4,256,6000,8.0,2633729,4,4,9977,4102,900016,1,12,6012,16,96.0,0.8,1.3368,0.63414407
cold,0,1,0,0.0001,0.1,512,3,5,4,256,6000,8.0,2633729,4,4,9977,4102,900016,1,12,6012,17,102.0,0.85,1.42035,0.64189124
cold,0,1,0,0.0001,0.1,512,3,5,4,256,6000,8.0,2633729,4,4,9977,4102,900016,1,12,6012,18,108.0,0.9,1.5039,0.64957047
cold,0,1,0,0.0001,0.1,512,3,5,4,256,6000,8.0,2633729,4,4,9977,4102,900016,1,12,6012,19,114.0,0.95,1.58745,0.65647358
cold,0,1,0,0.0001,0.1,512,3,5,4,256,6000,8.0,2633729,4,4,9977,4102,900016,1,12,6012,20,120.0,1.0,1.671,0.66154528
cold,0,1,0,0.0001,0.1,512,3,5,4,256,6000,8.0,2633729,4,4,9977,4102,900016,1,12,6012,21,126.0,1.05,1.75455,0.66472173
cold,0,1,0,0.0001,0.1,512,3,5,4,256,6000,8.0,2633729,4,4,9977,4102,900016,1,12,6012,22,132.0,1.1,1.8381,0.6670661
cold,0,1,0,0.0001,0.1,512,3,5,4,256,6000,8.0,2633729,4,4,9977,4102,900016,1,12,6012,23,138.0,1.15,1.92165,0.66991574
cold,0,1,0,0.0001,0.1,512,3,5,4,256,6000,8.0,2633729,4,4,9977,4102,900016,1,12,6012,24,144.0,1.2,2.0052,0.67386466
cold,0,1,0,0.0001,0.1,512,3,5,4,256,6000,8.0,2633729,4,4,9977,4102,900016,1,12,6012,25,150.0,1.25,2.08875,0.67788035
cold,0,1,0,0.0001,0.1,512,3,5,4,256,6000,8.0,2633729,4,4,9977,4102,900016,1,12,6012,26,156.0,1.3,2.1723,0.68054599
cold,0,1,0,0.0001,0.1,512,3,5,4,256,6000,8.0,2633729,4,4,9977,4102,900016,1,12,6012,27,162.0,1.35,2.25585,0.68201721
cold,0,1,0,0.0001,0.1,512,3,5,4,256,6000,8.0,2633729,4,4,9977,4102,900016,1,12,6012,28,168.0,1.4,2.3394,0.68344742
cold,0,1,0,0.0001,0.1,512,3,5,4,256,6000,8.0,2633729,4,4,9977,4102,900016,1,12,6012,29,174.0,1.45,2.42295,0.68534094
cold,0,1,0,0.0001,0.1,512,3,5,4,256,6000,8.0,2633729,4,4,9977,4102,900016,1,12,6012,30,180.0,1.5,2.5065,0.68713605
cold,0,1,0,0.0001,0.1,512,3,5,4,256,6000,8.0,2633729,4,4,9977,4102,900016,1,12,6012,31,186.0,1.55,2.59005,0.68841773
cold,0,1,0,0.0001,0.1,512,3,5,4,256,6000,8.0,2633729,4,4,9977,4102,900016,1,12,6012,32,192.0,1.6,2.6736,0.68989301
cold,0,1,0,0.0001,0.1,512,3,5,4,256,6000,8.0,2633729,4,4,9977,4102,900016,1,12,6012,33,198.0,1.65,2.75715,0.69250113
cold,0,1,0,0.0001,0.1,512,3,5,4,256,6000,8.0,2633729,4,4,9977,4102,900016,1,12,6012,34,204.0,1.7,2.8407,0.69624221
cold,0,1,0,0.0001,0.1,512,3,5,4,256,6000,8.0,2633729,4,4,9977,4102,900016,1,12,6012,35,210.0,1.75,2.92425,0.70010656
cold,0,1,0,0.0001,0.1,512,3,5,4,256,6000,8.0,2633729,4,4,9977,4102,900016,1,12,6012,36,216.0,1.8,3.0078,0.70312291
cold,0,1,0,0.0001,0.1,512,3,5,4,256,6000,8.0,2633729,4,4,9977,4102,900016,1,12,6012,37,222.0,1.85,3.09135,0.70543838
cold,0,1,0,0.0001,0.1,512,3,5,4,256,6000,8.0,2633729,4,4,9977,4102,900016,1,12,6012,38,228.0,1.9,3.1749,0.70753056
cold,0,1,0,0.0001,0.1,512,3,5,4,256,6000,8.0,2633729,4,4,9977,4102,900016,1,12,6012,39,234.0,1.95,3.25845,0.70906776
cold,0,1,0,0.0001,0.1,512,3,5,4,256,6000,8.0,2633729,4,4,9977,4102,900016,1,12,6012,40,240.0,2.0,3.342,0.70935416
cold,0,1,0,0.0001,0.1,512,3,5,4,256,6000,8.0,2633729,4,4,9977,4102,900016,1,12,6012,41,246.0,2.05,3.42555,0.7084105
cold,0,1,0,0.0001,0.1,512,3,5,4,256,6000,8.0,2633729,4,4,9977,4102,900016,1,12,6012,42,252.0,2.1,3.5091,0.70715714
cold,0,1,0,0.0001,0.1,512,3,5,4,256,6000,8.0,2633729,4,4,9977,4102,900016,1,12,6012,43,258.0,2.15,3.59265,0.70666713
cold,0,1,0,0.0001,0.1,512,3,5,4,256,6000,8.0,2633729,4,4,9977,4102,900016,1,12,6012,44,264.0,2.2,3.6762,0.70739609
cold,0,1,0,0.0001,0.1,512,3,5,4,256,6000,8.0,2633729,4,4,9977,4102,900016,1,12,6012,45,270.0,2.25,3.75975,0.70861578
cold,0,1,0,0.0001,0.1,512,3,5,4,256,6000,8.0,2633729,4,4,9977,4102,900016,1,12,6012,46,276.0,2.3,3.8433,0.70920801
cold,0,1,0,0.0001,0.1,512,3,5,4,256,6000,8.0,2633729,4,4,9977,4102,900016,1,12,6012,47,282.0,2.35,3.92685,0.70899141
cold,0,1,0,0.0001,0.1,512,3,5,4,256,6000,8.0,2633729,4,4,9977,4102,900016,1,12,6012,48,288.0,2.4,4.0104,0.70858973
cold,0,1,0,0.0001,0.1,512,3,5,4,256,6000,8.0,2633729,4,4,9977,4102,900016,1,12,6012,49,294.0,2.45,4.09395,0.70838332
cold,0,1,0,0.0001,0.1,512,3,5,4,256,6000,8.0,2633729,4,4,9977,4102,900016,1,12,6012,50,300.0,2.5,4.1775,0.70808703
cold,0,1,0,0.0001,0.1,512,3,5,4,256,6000,8.0,2633729,4,4,9977,4102,900016,1,12,6012,51,306.0,2.55,4.26105,0.70767188
cold,0,1,0,0.0001,0.1,512,3,5,4,256,6000,8.0,2633729,4,4,9977,4102,900016,1,12,6012,52,312.0,2.6,4.3446,0.70796919
cold,0,1,0,0.0001,0.1,512,3,5,4,256,6000,8.0,2633729,4,4,9977,4102,900016,1,12,6012,53,318.0,2.65,4.42815,0.7096464
cold,0,1,0,0.0001,0.1,512,3,5,4,256,6000,8.0,2633729,4,4,9977,4102,900016,1,12,6012,54,324.0,2.7,4.5117,0.71238381
cold,0,1,0,0.0001,0.1,512,3,5,4,256,6000,8.0,2633729,4,4,9977,4102,900016,1,12,6012,55,330.0,2.75,4.59525,0.71513778
cold,0,1,0,0.0001,0.1,512,3,5,4,256,6000,8.0,2633729,4,4,9977,4102,900016,1,12,6012,56,336.0,2.8,4.6788,0.71714628
cold,0,1,0,0.0001,0.1,512,3,5,4,256,6000,8.0,2633729,4,4,9977,4102,900016,1,12,6012,57,342.0,2.85,4.76235,0.71870226
cold,0,1,0,0.0001,0.1,512,3,5,4,256,6000,8.0,2633729,4,4,9977,4102,900016,1,12,6012,58,348.0,2.9,4.8459,0.72023571
cold,0,1,0,0.0001,0.1,512,3,5,4,256,6000,8.0,2633729,4,4,9977,4102,900016,1,12,6012,59,354.0,2.95,4.92945,0.72131807
cold,0,1,0,0.0001,0.1,512,3,5,4,256,6000,8.0,2633729,4,4,9977,4102,900016,1,12,6012,60,360.0,3.0,5.013,0.72118002
cold,0,1,0,0.0001,0.1,512,3,5,4,256,6000,8.0,2633729,4,4,9977,4102,900016,1,12,6012,61,366.0,3.05,5.09655,0.71980643
cold,0,1,0,0.0001,0.1,512,3,5,4,256,6000,8.0,2633729,4,4,9977,4102,900016,1,12,6012,62,372.0,3.1,5.1801,0.71814162
cold,0,1,0,0.0001,0.1,512,3,5,4,256,6000,8.0,2633729,4,4,9977,4102,900016,1,12,6012,63,378.0,3.15,5.26365,0.71728253
cold,0,1,0,0.0001,0.1,512,3,5,4,256,6000,8.0,2633729,4,4,9977,4102,900016,1,12,6012,64,384.0,3.2,5.3472,0.71763259
cold,0,1,0,0.0001,0.1,512,3,5,4,256,6000,8.0,2633729,4,4,9977,4102,900016,1,12,6012,65,390.0,3.25,5.43075,0.71840423
cold,0,1,0,0.0001,0.1,512,3,5,4,256,6000,8.0,2633729,4,4,9977,4102,900016,1,12,6012,66,396.0,3.3,5.5143,0.71843493
cold,0,1,0,0.0001,0.1,512,3,5,4,256,6000,8.0,2633729,4,4,9977,4102,900016,1,12,6012,67,402.0,3.35,5.59785,0.71748793
cold,0,1,0,0.0001,0.1,512,3,5,4,256,6000,8.0,2633729,4,4,9977,4102,900016,1,12,6012,68,408.0,3.4,5.6814,0.71620667
cold,0,1,0,0.0001,0.1,512,3,5,4,256,6000,8.0,2633729,4,4,9977,4102,900016,1,12,6012,69,414.0,3.45,5.76495,0.71499938
cold,0,1,0,0.0001,0.1,512,3,5,4,256,6000,8.0,2633729,4,4,9977,4102,900016,1,12,6012,70,420.0,3.5,5.8485,0.71356946
cold,0,1,0,0.0001,0.1,512,3,5,4,256,6000,8.0,2633729,4,4,9977,4102,900016,1,12,6012,71,426.0,3.55,5.93205,0.71197766
cold,0,1,0,0.0001,0.1,512,3,5,4,256,6000,8.0,2633729,4,4,9977,4102,900016,1,12,6012,72,432.0,3.6,6.0156,0.71128833
cold,0,1,0,0.0001,0.1,512,3,5,4,256,6000,8.0,2633729,4,4,9977,4102,900016,1,12,6012,73,438.0,3.65,6.09915,0.71236354
cold,0,1,0,0.0001,0.1,512,3,5,4,256,6000,8.0,2633729,4,4,9977,4102,900016,1,12,6012,74,444.0,3.7,6.1827,0.71493483
cold,0,1,0,0.0001,0.1,512,3,5,4,256,6000,8.0,2633729,4,4,9977,4102,900016,1,12,6012,75,450.0,3.75,6.26625,0.71786958
cold,0,1,0,0.0001,0.1,512,3,5,4,256,6000,8.0,2633729,4,4,9977,4102,900016,1,12,6012,76,456.0,3.8,6.3498,0.7202189
cold,0,1,0,0.0001,0.1,512,3,5,4,256,6000,8.0,2633729,4,4,9977,4102,900016,1,12,6012,77,462.0,3.85,6.43335,0.72208947
cold,0,1,0,0.0001,0.1,512,3,5,4,256,6000,8.0,2633729,4,4,9977,4102,900016,1,12,6012,78,468.0,3.9,6.5169,0.72381121
cold,0,1,0,0.0001,0.1,512,3,5,4,256,6000,8.0,2633729,4,4,9977,4102,900016,1,12,6012,79,474.0,3.95,6.60045,0.7249229
cold,0,1,0,0.0001,0.1,512,3,5,4,256,6000,8.0,2633729,4,4,9977,4102,900016,1,12,6012,80,480.0,4.0,6.684,0.72463346
cold,0,1,0,0.0001,0.1,512,3,5,4,256,6000,8.0,2633729,4,4,9977,4102,900016,1,12,6012,81,486.0,4.05,6.76755,0.72294778
cold,0,1,0,0.0001,0.1,512,3,5,4,256,6000,8.0,2633729,4,4,9977,4102,900016,1,12,6012,82,492.0,4.1,6.8511,0.72088438
cold,0,1,0,0.0001,0.1,512,3,5,4,256,6000,8.0,2633729,4,4,9977,4102,900016,1,12,6012,83,498.0,4.15,6.93465,0.71959817
cold,0,1,0,0.0001,0.1,512,3,5,4,256,6000,8.0,2633729,4,4,9977,4102,900016,1,12,6012,84,504.0,4.2,7.0182,0.71953523
cold,0,1,0,0.0001,0.1,512,3,5,4,256,6000,8.0,2633729,4,4,9977,4102,900016,1,12,6012,85,510.0,4.25,7.10175,0.71997881
cold,0,1,0,0.0001,0.1,512,3,5,4,256,6000,8.0,2633729,4,4,9977,4102,900016,1,12,6012,86,516.0,4.3,7.1853,0.71979976
cold,0,1,0,0.0001,0.1,512,3,5,4,256,6000,8.0,2633729,4,4,9977,4102,900016,1,12,6012,87,522.0,4.35,7.26885,0.71868008
cold,0,1,0,0.0001,0.1,512,3,5,4,256,6000,8.0,2633729,4,4,9977,4102,900016,1,12,6012,88,528.0,4.4,7.3524,0.71715623
cold,0,1,0,0.0001,0.1,512,3,5,4,256,6000,8.0,2633729,4,4,9977,4102,900016,1,12,6012,89,534.0,4.45,7.43595,0.71562964
cold,0,1,0,0.0001,0.1,512,3,5,4,256,6000,8.0,2633729,4,4,9977,4102,900016,1,12,6012,90,540.0,4.5,7.5195,0.71386737
cold,0,1,0,0.0001,0.1,512,3,5,4,256,6000,8.0,2633729,4,4,9977,4102,900016,1,12,6012,91,546.0,4.55,7.60305,0.71205539
cold,0,1,0,0.0001,0.1,512,3,5,4,256,6000,8.0,2633729,4,4,9977,4102,900016,1,12,6012,92,552.0,4.6,7.6866,0.71140897
cold,0,1,0,0.0001,0.1,512,3,5,4,256,6000,8.0,2633729,4,4,9977,4102,900016,1,12,6012,93,558.0,4.65,7.77015,0.71277297
cold,0,1,0,0.0001,0.1,512,3,5,4,256,6000,8.0,2633729,4,4,9977,4102,900016,1,12,6012,94,564.0,4.7,7.8537,0.71562326
cold,0,1,0,0.0001,0.1,512,3,5,4,256,6000,8.0,2633729,4,4,9977,4102,900016,1,12,6012,95,570.0,4.75,7.93725,0.71856183
cold,0,1,0,0.0001,0.1,512,3,5,4,256,6000,8.0,2633729,4,4,9977,4102,900016,1,12,6012,96,576.0,4.8,8.0208,0.72062659
cold,0,1,0,0.0001,0.1,512,3,5,4,256,6000,8.0,2633729,4,4,9977,4102,900016,1,12,6012,97,582.0,4.85,8.10435,0.72214919
cold,0,1,0,0.0001,0.1,512,3,5,4,256,6000,8.0,2633729,4,4,9977,4102,900016,1,12,6012,98,588.0,4.9,8.1879,0.72368675
cold,0,1,0,0.0001,0.1,512,3,5,4,256,6000,8.0,2633729,4,4,9977,4102,900016,1,12,6012,99,594.0,4.95,8.27145,0.72482741
cold,0,1,0,0.0001,0.1,512,3,5,4,256,6000,8.0,2633729,4,4,9977,4102,900016,1,12,6012,100,600.0,5.0,8.355,0.72469091
cold,0,1,0,0.0001,0.1,512,3,5,4,256,6000,8.0,2633729,4,4,9977,4102,900016,1,12,6012,101,606.0,5.05,8.43855,0.72320455
cold,0,1,0,0.0001,0.1,512,3,5,4,256,6000,8.0,2633729,4,4,9977,4102,900016,1,12,6012,102,612.0,5.1,8.5221,0.72137409
cold,0,1,0,0.0001,0.1,512,3,5,4,256,6000,8.0,2633729,4,4,9977,4102,900016,1,12,6012,103,618.0,5.15,8.60565,0.72038132
cold,0,1,0,0.0001,0.1,512,3,5,4,256,6000,8.0,2633729,4,4,9977,4102,900016,1,12,6012,104,624.0,5.2,8.6892,0.72077137
cold,0,1,0,0.0001,0.1,512,3,5,4,256,6000,8.0,2633729,4,4,9977,4102,900016,1,12,6012,105,630.0,5.25,8.77275,0.72183865
cold,0,1,0,0.0001,0.1,512,3,5,4,256,6000,8.0,2633729,4,4,9977,4102,900016,1,12,6012,106,636.0,5.3,8.8563,0.72216439
cold,0,1,0,0.0001,0.1,512,3,5,4,256,6000,8.0,2633729,4,4,9977,4102,900016,1,12,6012,107,642.0,5.35,8.93985,0.72107852
cold,0,1,0,0.0001,0.1,512,3,5,4,256,6000,8.0,2633729,4,4,9977,4102,900016,1,12,6012,108,648.0,5.4,9.0234,0.71905601
cold,0,1,0,0.0001,0.1,512,3,5,4,256,6000,8.0,2633729,4,4,9977,4102,900016,1,12,6012,109,654.0,5.45,9.10695,0.71677798
cold,0,1,0,0.0001,0.1,512,3,5,4,256,6000,8.0,2633729,4,4,9977,4102,900016,1,12,6012,110,660.0,5.5,9.1905,0.71439755
cold,0,1,0,0.0001,0.1,512,3,5,4,256,6000,8.0,2633729,4,4,9977,4102,900016,1,12,6012,111,666.0,5.55,9.27405,0.71233302
cold,0,1,0,0.0001,0.1,512,3,5,4,256,6000,8.0,2633729,4,4,9977,4102,900016,1,12,6012,112,672.0,5.6,9.3576,0.71178281
cold,0,1,0,0.0001,0.1,512,3,5,4,256,6000,8.0,2633729,4,4,9977,4102,900016,1,12,6012,113,678.0,5.65,9.44115,0.7134254
cold,0,1,0,0.0001,0.1,512,3,5,4,256,6000,8.0,2633729,4,4,9977,4102,900016,1,12,6012,114,684.0,5.7,9.5247,0.71657121
cold,0,1,0,0.0001,0.1,512,3,5,4,256,6000,8.0,2633729,4,4,9977,4102,900016,1,12,6012,115,690.0,5.75,9.60825,0.7196998
cold,0,1,0,0.0001,0.1,512,3,5,4,256,6000,8.0,2633729,4,4,9977,4102,900016,1,12,6012,116,696.0,5.8,9.6918,0.72179717
cold,0,1,0,0.0001,0.1,512,3,5,4,256,6000,8.0,2633729,4,4,9977,4102,900016,1,12,6012,117,702.0,5.85,9.77535,0.72321188
cold,0,1,0,0.0001,0.1,512,3,5,4,256,6000,8.0,2633729,4,4,9977,4102,900016,1,12,6012,118,708.0,5.9,9.8589,0.72447813
cold,0,1,0,0.0001,0.1,512,3,5,4,256,6000,8.0,2633729,4,4,9977,4102,900016,1,12,6012,119,714.0,5.95,9.94245,0.72519672
cold,0,1,0,0.0001,0.1,512,3,5,4,256,6000,8.0,2633729,4,4,9977,4102,900016,1,12,6012,120,720.0,6.0,10.026,0.72460663
cold,0,1,0,0.0001,0.1,512,3,5,4,256,6000,8.0,2633729,4,4,9977,4102,900016,1,54,6054,1,6.0,0.05,0.08355,0.09015143
cold,0,1,0,0.0001,0.1,512,3,5,4,256,6000,8.0,2633729,4,4,9977,4102,900016,1,54,6054,2,12.0,0.1,0.1671,0.13243325
cold,0,1,0,0.0001,0.1,512,3,5,4,256,6000,8.0,2633729,4,4,9977,4102,900016,1,54,6054,3,18.0,0.15,0.25065,0.17963289
cold,0,1,0,0.0001,0.1,512,3,5,4,256,6000,8.0,2633729,4,4,9977,4102,900016,1,54,6054,4,24.0,0.2,0.3342,0.22860102
cold,0,1,0,0.0001,0.1,512,3,5,4,256,6000,8.0,2633729,4,4,9977,4102,900016,1,54,6054,5,30.0,0.25,0.41775,0.27684483
cold,0,1,0,0.0001,0.1,512,3,5,4,256,6000,8.0,2633729,4,4,9977,4102,900016,1,54,6054,6,36.0,0.3,0.5013,0.32271832
cold,0,1,0,0.0001,0.1,512,3,5,4,256,6000,8.0,2633729,4,4,9977,4102,900016,1,54,6054,7,42.0,0.35,0.58485,0.3654865
cold,0,1,0,0.0001,0.1,512,3,5,4,256,6000,8.0,2633729,4,4,9977,4102,900016,1,54,6054,8,48.0,0.4,0.6684,0.40499562
cold,0,1,0,0.0001,0.1,512,3,5,4,256,6000,8.0,2633729,4,4,9977,4102,900016,1,54,6054,9,54.0,0.45,0.75195,0.44174317
cold,0,1,0,0.0001,0.1,512,3,5,4,256,6000,8.0,2633729,4,4,9977,4102,900016,1,54,6054,10,60.0,0.5,0.8355,0.47629839
cold,0,1,0,0.0001,0.1,512,3,5,4,256,6000,8.0,2633729,4,4,9977,4102,900016,1,54,6054,11,66.0,0.55,0.91905,0.50790244
cold,0,1,0,0.0001,0.1,512,3,5,4,256,6000,8.0,2633729,4,4,9977,4102,900016,1,54,6054,12,72.0,0.6,1.0026,0.53549963
cold,0,1,0,0.0001,0.1,512,3,5,4,256,6000,8.0,2633729,4,4,9977,4102,900016,1,54,6054,13,78.0,0.65,1.08615,0.55910563
cold,0,1,0,0.0001,0.1,512,3,5,4,256,6000,8.0,2633729,4,4,9977,4102,900016,1,54,6054,14,84.0,0.7,1.1697,0.57991695
cold,0,1,0,0.0001,0.1,512,3,5,4,256,6000,8.0,2633729,4,4,9977,4102,900016,1,54,6054,15,90.0,0.75,1.25325,0.5995391
cold,0,1,0,0.0001,0.1,512,3,5,4,256,6000,8.0,2633729,4,4,9977,4102,900016,1,54,6054,16,96.0,0.8,1.3368,0.61847848
cold,0,1,0,0.0001,0.1,512,3,5,4,256,6000,8.0,2633729,4,4,9977,4102,900016,1,54,6054,17,102.0,0.85,1.42035,0.63698024
cold,0,1,0,0.0001,0.1,512,3,5,4,256,6000,8.0,2633729,4,4,9977,4102,900016,1,54,6054,18,108.0,0.9,1.5039,0.65584153
cold,0,1,0,0.0001,0.1,512,3,5,4,256,6000,8.0,2633729,4,4,9977,4102,900016,1,54,6054,19,114.0,0.95,1.58745,0.67446959
cold,0,1,0,0.0001,0.1,512,3,5,4,256,6000,8.0,2633729,4,4,9977,4102,900016,1,54,6054,20,120.0,1.0,1.671,0.69083655
cold,0,1,0,0.0001,0.1,512,3,5,4,256,6000,8.0,2633729,4,4,9977,4102,900016,1,54,6054,21,126.0,1.05,1.75455,0.70395744
cold,0,1,0,0.0001,0.1,512,3,5,4,256,6000,8.0,2633729,4,4,9977,4102,900016,1,54,6054,22,132.0,1.1,1.8381,0.71418017
cold,0,1,0,0.0001,0.1,512,3,5,4,256,6000,8.0,2633729,4,4,9977,4102,900016,1,54,6054,23,138.0,1.15,1.92165,0.7218945
cold,0,1,0,0.0001,0.1,512,3,5,4,256,6000,8.0,2633729,4,4,9977,4102,900016,1,54,6054,24,144.0,1.2,2.0052,0.72745532
cold,0,1,0,0.0001,0.1,512,3,5,4,256,6000,8.0,2633729,4,4,9977,4102,900016,1,54,6054,25,150.0,1.25,2.08875,0.73125041
cold,0,1,0,0.0001,0.1,512,3,5,4,256,6000,8.0,2633729,4,4,9977,4102,900016,1,54,6054,26,156.0,1.3,2.1723,0.73413658
cold,0,1,0,0.0001,0.1,512,3,5,4,256,6000,8.0,2633729,4,4,9977,4102,900016,1,54,6054,27,162.0,1.35,2.25585,0.73837364
cold,0,1,0,0.0001,0.1,512,3,5,4,256,6000,8.0,2633729,4,4,9977,4102,900016,1,54,6054,28,168.0,1.4,2.3394,0.74603379
cold,0,1,0,0.0001,0.1,512,3,5,4,256,6000,8.0,2633729,4,4,9977,4102,900016,1,54,6054,29,174.0,1.45,2.42295,0.75702089
cold,0,1,0,0.0001,0.1,512,3,5,4,256,6000,8.0,2633729,4,4,9977,4102,900016,1,54,6054,30,180.0,1.5,2.5065,0.76931167
cold,0,1,0,0.0001,0.1,512,3,5,4,256,6000,8.0,2633729,4,4,9977,4102,900016,1,54,6054,31,186.0,1.55,2.59005,0.78079265
cold,0,1,0,0.0001,0.1,512,3,5,4,256,6000,8.0,2633729,4,4,9977,4102,900016,1,54,6054,32,192.0,1.6,2.6736,0.79089344
cold,0,1,0,0.0001,0.1,512,3,5,4,256,6000,8.0,2633729,4,4,9977,4102,900016,1,54,6054,33,198.0,1.65,2.75715,0.80029452
cold,0,1,0,0.0001,0.1,512,3,5,4,256,6000,8.0,2633729,4,4,9977,4102,900016,1,54,6054,34,204.0,1.7,2.8407,0.80954015
cold,0,1,0,0.0001,0.1,512,3,5,4,256,6000,8.0,2633729,4,4,9977,4102,900016,1,54,6054,35,210.0,1.75,2.92425,0.81831348
cold,0,1,0,0.0001,0.1,512,3,5,4,256,6000,8.0,2633729,4,4,9977,4102,900016,1,54,6054,36,216.0,1.8,3.0078,0.82529348
cold,0,1,0,0.0001,0.1,512,3,5,4,256,6000,8.0,2633729,4,4,9977,4102,900016,1,54,6054,37,222.0,1.85,3.09135,0.82977837
cold,0,1,0,0.0001,0.1,512,3,5,4,256,6000,8.0,2633729,4,4,9977,4102,900016,1,54,6054,38,228.0,1.9,3.1749,0.83301795
cold,0,1,0,0.0001,0.1,512,3,5,4,256,6000,8.0,2633729,4,4,9977,4102,900016,1,54,6054,39,234.0,1.95,3.25845,0.83643228
cold,0,1,0,0.0001,0.1,512,3,5,4,256,6000,8.0,2633729,4,4,9977,4102,900016,1,54,6054,40,240.0,2.0,3.342,0.83961016
cold,0,1,0,0.0001,0.1,512,3,5,4,256,6000,8.0,2633729,4,4,9977,4102,900016,1,54,6054,41,246.0,2.05,3.42555,0.84124607
cold,0,1,0,0.0001,0.1,512,3,5,4,256,6000,8.0,2633729,4,4,9977,4102,900016,1,54,6054,42,252.0,2.1,3.5091,0.84166211
cold,0,1,0,0.0001,0.1,512,3,5,4,256,6000,8.0,2633729,4,4,9977,4102,900016,1,54,6054,43,258.0,2.15,3.59265,0.84286571
cold,0,1,0,0.0001,0.1,512,3,5,4,256,6000,8.0,2633729,4,4,9977,4102,900016,1,54,6054,44,264.0,2.2,3.6762,0.84629703
cold,0,1,0,0.0001,0.1,512,3,5,4,256,6000,8.0,2633729,4,4,9977,4102,900016,1,54,6054,45,270.0,2.25,3.75975,0.85143787
cold,0,1,0,0.0001,0.1,512,3,5,4,256,6000,8.0,2633729,4,4,9977,4102,900016,1,54,6054,46,276.0,2.3,3.8433,0.8566069
cold,0,1,0,0.0001,0.1,512,3,5,4,256,6000,8.0,2633729,4,4,9977,4102,900016,1,54,6054,47,282.0,2.35,3.92685,0.86101794
cold,0,1,0,0.0001,0.1,512,3,5,4,256,6000,8.0,2633729,4,4,9977,4102,900016,1,54,6054,48,288.0,2.4,4.0104,0.86535728
cold,0,1,0,0.0001,0.1,512,3,5,4,256,6000,8.0,2633729,4,4,9977,4102,900016,1,54,6054,49,294.0,2.45,4.09395,0.8703723
cold,0,1,0,0.0001,0.1,512,3,5,4,256,6000,8.0,2633729,4,4,9977,4102,900016,1,54,6054,50,300.0,2.5,4.1775,0.87560135
cold,0,1,0,0.0001,0.1,512,3,5,4,256,6000,8.0,2633729,4,4,9977,4102,900016,1,54,6054,51,306.0,2.55,4.26105,0.87997729
cold,0,1,0,0.0001,0.1,512,3,5,4,256,6000,8.0,2633729,4,4,9977,4102,900016,1,54,6054,52,312.0,2.6,4.3446,0.88281018
cold,0,1,0,0.0001,0.1,512,3,5,4,256,6000,8.0,2633729,4,4,9977,4102,900016,1,54,6054,53,318.0,2.65,4.42815,0.88413084
cold,0,1,0,0.0001,0.1,512,3,5,4,256,6000,8.0,2633729,4,4,9977,4102,900016,1,54,6054,54,324.0,2.7,4.5117,0.88466144
cold,0,1,0,0.0001,0.1,512,3,5,4,256,6000,8.0,2633729,4,4,9977,4102,900016,1,54,6054,55,330.0,2.75,4.59525,0.88507092
cold,0,1,0,0.0001,0.1,512,3,5,4,256,6000,8.0,2633729,4,4,9977,4102,900016,1,54,6054,56,336.0,2.8,4.6788,0.88586533
cold,0,1,0,0.0001,0.1,512,3,5,4,256,6000,8.0,2633729,4,4,9977,4102,900016,1,54,6054,57,342.0,2.85,4.76235,0.88803983
cold,0,1,0,0.0001,0.1,512,3,5,4,256,6000,8.0,2633729,4,4,9977,4102,900016,1,54,6054,58,348.0,2.9,4.8459,0.89227128
cold,0,1,0,0.0001,0.1,512,3,5,4,256,6000,8.0,2633729,4,4,9977,4102,900016,1,54,6054,59,354.0,2.95,4.92945,0.89790314
cold,0,1,0,0.0001,0.1,512,3,5,4,256,6000,8.0,2633729,4,4,9977,4102,900016,1,54,6054,60,360.0,3.0,5.013,0.90358007
cold,0,1,0,0.0001,0.1,512,3,5,4,256,6000,8.0,2633729,4,4,9977,4102,900016,1,54,6054,61,366.0,3.05,5.09655,0.90792572
cold,0,1,0,0.0001,0.1,512,3,5,4,256,6000,8.0,2633729,4,4,9977,4102,900016,1,54,6054,62,372.0,3.1,5.1801,0.91057074
cold,0,1,0,0.0001,0.1,512,3,5,4,256,6000,8.0,2633729,4,4,9977,4102,900016,1,54,6054,63,378.0,3.15,5.26365,0.91302621
cold,0,1,0,0.0001,0.1,512,3,5,4,256,6000,8.0,2633729,4,4,9977,4102,900016,1,54,6054,64,384.0,3.2,5.3472,0.91697502
cold,0,1,0,0.0001,0.1,512,3,5,4,256,6000,8.0,2633729,4,4,9977,4102,900016,1,54,6054,65,390.0,3.25,5.43075,0.9216069
cold,0,1,0,0.0001,0.1,512,3,5,4,256,6000,8.0,2633729,4,4,9977,4102,900016,1,54,6054,66,396.0,3.3,5.5143,0.92438871
cold,0,1,0,0.0001,0.1,512,3,5,4,256,6000,8.0,2633729,4,4,9977,4102,900016,1,54,6054,67,402.0,3.35,5.59785,0.9242993
cold,0,1,0,0.0001,0.1,512,3,5,4,256,6000,8.0,2633729,4,4,9977,4102,900016,1,54,6054,68,408.0,3.4,5.6814,0.92270154
cold,0,1,0,0.0001,0.1,512,3,5,4,256,6000,8.0,2633729,4,4,9977,4102,900016,1,54,6054,69,414.0,3.45,5.76495,0.92114824
cold,0,1,0,0.0001,0.1,512,3,5,4,256,6000,8.0,2633729,4,4,9977,4102,900016,1,54,6054,70,420.0,3.5,5.8485,0.92001539
cold,0,1,0,0.0001,0.1,512,3,5,4,256,6000,8.0,2633729,4,4,9977,4102,900016,1,54,6054,71,426.0,3.55,5.93205,0.91953295
cold,0,1,0,0.0001,0.1,512,3,5,4,256,6000,8.0,2633729,4,4,9977,4102,900016,1,54,6054,72,432.0,3.6,6.0156,0.92027456
cold,0,1,0,0.0001,0.1,512,3,5,4,256,6000,8.0,2633729,4,4,9977,4102,900016,1,54,6054,73,438.0,3.65,6.09915,0.92213821
cold,0,1,0,0.0001,0.1,512,3,5,4,256,6000,8.0,2633729,4,4,9977,4102,900016,1,54,6054,74,444.0,3.7,6.1827,0.9240135
cold,0,1,0,0.0001,0.1,512,3,5,4,256,6000,8.0,2633729,4,4,9977,4102,900016,1,54,6054,75,450.0,3.75,6.26625,0.92481321
cold,0,1,0,0.0001,0.1,512,3,5,4,256,6000,8.0,2633729,4,4,9977,4102,900016,1,54,6054,76,456.0,3.8,6.3498,0.92507881
cold,0,1,0,0.0001,0.1,512,3,5,4,256,6000,8.0,2633729,4,4,9977,4102,900016,1,54,6054,77,462.0,3.85,6.43335,0.926736
cold,0,1,0,0.0001,0.1,512,3,5,4,256,6000,8.0,2633729,4,4,9977,4102,900016,1,54,6054,78,468.0,3.9,6.5169,0.93072176
cold,0,1,0,0.0001,0.1,512,3,5,4,256,6000,8.0,2633729,4,4,9977,4102,900016,1,54,6054,79,474.0,3.95,6.60045,0.93601626
cold,0,1,0,0.0001,0.1,512,3,5,4,256,6000,8.0,2633729,4,4,9977,4102,900016,1,54,6054,80,480.0,4.0,6.684,0.94083363
cold,0,1,0,0.0001,0.1,512,3,5,4,256,6000,8.0,2633729,4,4,9977,4102,900016,1,54,6054,81,486.0,4.05,6.76755,0.94360059
cold,0,1,0,0.0001,0.1,512,3,5,4,256,6000,8.0,2633729,4,4,9977,4102,900016,1,54,6054,82,492.0,4.1,6.8511,0.94362855
cold,0,1,0,0.0001,0.1,512,3,5,4,256,6000,8.0,2633729,4,4,9977,4102,900016,1,54,6054,83,498.0,4.15,6.93465,0.94185966
cold,0,1,0,0.0001,0.1,512,3,5,4,256,6000,8.0,2633729,4,4,9977,4102,900016,1,54,6054,84,504.0,4.2,7.0182,0.94042206
cold,0,1,0,0.0001,0.1,512,3,5,4,256,6000,8.0,2633729,4,4,9977,4102,900016,1,54,6054,85,510.0,4.25,7.10175,0.94060475
cold,0,1,0,0.0001,0.1,512,3,5,4,256,6000,8.0,2633729,4,4,9977,4102,900016,1,54,6054,86,516.0,4.3,7.1853,0.9416216
cold,0,1,0,0.0001,0.1,512,3,5,4,256,6000,8.0,2633729,4,4,9977,4102,900016,1,54,6054,87,522.0,4.35,7.26885,0.94230032
cold,0,1,0,0.0001,0.1,512,3,5,4,256,6000,8.0,2633729,4,4,9977,4102,900016,1,54,6054,88,528.0,4.4,7.3524,0.94282031
cold,0,1,0,0.0001,0.1,512,3,5,4,256,6000,8.0,2633729,4,4,9977,4102,900016,1,54,6054,89,534.0,4.45,7.43595,0.94336033
cold,0,1,0,0.0001,0.1,512,3,5,4,256,6000,8.0,2633729,4,4,9977,4102,900016,1,54,6054,90,540.0,4.5,7.5195,0.9430483
cold,0,1,0,0.0001,0.1,512,3,5,4,256,6000,8.0,2633729,4,4,9977,4102,900016,1,54,6054,91,546.0,4.55,7.60305,0.941827
cold,0,1,0,0.0001,0.1,512,3,5,4,256,6000,8.0,2633729,4,4,9977,4102,900016,1,54,6054,92,552.0,4.6,7.6866,0.94119549
cold,0,1,0,0.0001,0.1,512,3,5,4,256,6000,8.0,2633729,4,4,9977,4102,900016,1,54,6054,93,558.0,4.65,7.77015,0.94257432
cold,0,1,0,0.0001,0.1,512,3,5,4,256,6000,8.0,2633729,4,4,9977,4102,900016,1,54,6054,94,564.0,4.7,7.8537,0.94609433
cold,0,1,0,0.0001,0.1,512,3,5,4,256,6000,8.0,2633729,4,4,9977,4102,900016,1,54,6054,95,570.0,4.75,7.93725,0.95039445
cold,0,1,0,0.0001,0.1,512,3,5,4,256,6000,8.0,2633729,4,4,9977,4102,900016,1,54,6054,96,576.0,4.8,8.0208,0.9537195
cold,0,1,0,0.0001,0.1,512,3,5,4,256,6000,8.0,2633729,4,4,9977,4102,900016,1,54,6054,97,582.0,4.85,8.10435,0.95557183
cold,0,1,0,0.0001,0.1,512,3,5,4,256,6000,8.0,2633729,4,4,9977,4102,900016,1,54,6054,98,588.0,4.9,8.1879,0.95649272
cold,0,1,0,0.0001,0.1,512,3,5,4,256,6000,8.0,2633729,4,4,9977,4102,900016,1,54,6054,99,594.0,4.95,8.27145,0.95694041
cold,0,1,0,0.0001,0.1,512,3,5,4,256,6000,8.0,2633729,4,4,9977,4102,900016,1,54,6054,100,600.0,5.0,8.355,0.95696527
cold,0,1,0,0.0001,0.1,512,3,5,4,256,6000,8.0,2633729,4,4,9977,4102,900016,1,54,6054,101,606.0,5.05,8.43855,0.95610321
cold,0,1,0,0.0001,0.1,512,3,5,4,256,6000,8.0,2633729,4,4,9977,4102,900016,1,54,6054,102,612.0,5.1,8.5221,0.95380551
cold,0,1,0,0.0001,0.1,512,3,5,4,256,6000,8.0,2633729,4,4,9977,4102,900016,1,54,6054,103,618.0,5.15,8.60565,0.95048952
cold,0,1,0,0.0001,0.1,512,3,5,4,256,6000,8.0,2633729,4,4,9977,4102,900016,1,54,6054,104,624.0,5.2,8.6892,0.94773579
cold,0,1,0,0.0001,0.1,512,3,5,4,256,6000,8.0,2633729,4,4,9977,4102,900016,1,54,6054,105,630.0,5.25,8.77275,0.94670731
cold,0,1,0,0.0001,0.1,512,3,5,4,256,6000,8.0,2633729,4,4,9977,4102,900016,1,54,6054,106,636.0,5.3,8.8563,0.94696391
cold,0,1,0,0.0001,0.1,512,3,5,4,256,6000,8.0,2633729,4,4,9977,4102,900016,1,54,6054,107,642.0,5.35,8.93985,0.94759369
cold,0,1,0,0.0001,0.1,512,3,5,4,256,6000,8.0,2633729,4,4,9977,4102,900016,1,54,6054,108,648.0,5.4,9.0234,0.94868511
cold,0,1,0,0.0001,0.1,512,3,5,4,256,6000,8.0,2633729,4,4,9977,4102,900016,1,54,6054,109,654.0,5.45,9.10695,0.95018321
cold,0,1,0,0.0001,0.1,512,3,5,4,256,6000,8.0,2633729,4,4,9977,4102,900016,1,54,6054,110,660.0,5.5,9.1905,0.95103943
cold,0,1,0,0.0001,0.1,512,3,5,4,256,6000,8.0,2633729,4,4,9977,4102,900016,1,54,6054,111,666.0,5.55,9.27405,0.95093781
cold,0,1,0,0.0001,0.1,512,3,5,4,256,6000,8.0,2633729,4,4,9977,4102,900016,1,54,6054,112,672.0,5.6,9.3576,0.95069855
cold,0,1,0,0.0001,0.1,512,3,5,4,256,6000,8.0,2633729,4,4,9977,4102,900016,1,54,6054,113,678.0,5.65,9.44115,0.95116156
cold,0,1,0,0.0001,0.1,512,3,5,4,256,6000,8.0,2633729,4,4,9977,4102,900016,1,54,6054,114,684.0,5.7,9.5247,0.95270246
cold,0,1,0,0.0001,0.1,512,3,5,4,256,6000,8.0,2633729,4,4,9977,4102,900016,1,54,6054,115,690.0,5.75,9.60825,0.95504183
cold,0,1,0,0.0001,0.1,512,3,5,4,256,6000,8.0,2633729,4,4,9977,4102,900016,1,54,6054,116,696.0,5.8,9.6918,0.95768082
cold,0,1,0,0.0001,0.1,512,3,5,4,256,6000,8.0,2633729,4,4,9977,4102,900016,1,54,6054,117,702.0,5.85,9.77535,0.96045285
cold,0,1,0,0.0001,0.1,512,3,5,4,256,6000,8.0,2633729,4,4,9977,4102,900016,1,54,6054,118,708.0,5.9,9.8589,0.96337205
cold,0,1,0,0.0001,0.1,512,3,5,4,256,6000,8.0,2633729,4,4,9977,4102,900016,1,54,6054,119,714.0,5.95,9.94245,0.96627957
cold,0,1,0,0.0001,0.1,512,3,5,4,256,6000,8.0,2633729,4,4,9977,4102,900016,1,54,6054,120,720.0,6.0,10.026,0.96861863
cold,0,1,0,0.0001,0.1,512,3,5,4,256,6000,8.0,2633729,4,4,9977,4102,900016,1,234,6234,1,6.0,0.05,0.08355,0.04700426
cold,0,1,0,0.0001,0.1,512,3,5,4,256,6000,8.0,2633729,4,4,9977,4102,900016,1,234,6234,2,12.0,0.1,0.1671,0.05510203
cold,0,1,0,0.0001,0.1,512,3,5,4,256,6000,8.0,2633729,4,4,9977,4102,900016,1,234,6234,3,18.0,0.15,0.25065,0.06499203
cold,0,1,0,0.0001,0.1,512,3,5,4,256,6000,8.0,2633729,4,4,9977,4102,900016,1,234,6234,4,24.0,0.2,0.3342,0.07614715
cold,0,1,0,0.0001,0.1,512,3,5,4,256,6000,8.0,2633729,4,4,9977,4102,900016,1,234,6234,5,30.0,0.25,0.41775,0.08760308
cold,0,1,0,0.0001,0.1,512,3,5,4,256,6000,8.0,2633729,4,4,9977,4102,900016,1,234,6234,6,36.0,0.3,0.5013,0.1005439
cold,0,1,0,0.0001,0.1,512,3,5,4,256,6000,8.0,2633729,4,4,9977,4102,900016,1,234,6234,7,42.0,0.35,0.58485,0.1153623
cold,0,1,0,0.0001,0.1,512,3,5,4,256,6000,8.0,2633729,4,4,9977,4102,900016,1,234,6234,8,48.0,0.4,0.6684,0.13250737
cold,0,1,0,0.0001,0.1,512,3,5,4,256,6000,8.0,2633729,4,4,9977,4102,900016,1,234,6234,9,54.0,0.45,0.75195,0.15090129
cold,0,1,0,0.0001,0.1,512,3,5,4,256,6000,8.0,2633729,4,4,9977,4102,900016,1,234,6234,10,60.0,0.5,0.8355,0.16900972
cold,0,1,0,0.0001,0.1,512,3,5,4,256,6000,8.0,2633729,4,4,9977,4102,900016,1,234,6234,11,66.0,0.55,0.91905,0.18709509
cold,0,1,0,0.0001,0.1,512,3,5,4,256,6000,8.0,2633729,4,4,9977,4102,900016,1,234,6234,12,72.0,0.6,1.0026,0.20643273
cold,0,1,0,0.0001,0.1,512,3,5,4,256,6000,8.0,2633729,4,4,9977,4102,900016,1,234,6234,13,78.0,0.65,1.08615,0.22734831
cold,0,1,0,0.0001,0.1,512,3,5,4,256,6000,8.0,2633729,4,4,9977,4102,900016,1,234,6234,14,84.0,0.7,1.1697,0.2496713
cold,0,1,0,0.0001,0.1,512,3,5,4,256,6000,8.0,2633729,4,4,9977,4102,900016,1,234,6234,15,90.0,0.75,1.25325,0.27400255
cold,0,1,0,0.0001,0.1,512,3,5,4,256,6000,8.0,2633729,4,4,9977,4102,900016,1,234,6234,16,96.0,0.8,1.3368,0.30123562
cold,0,1,0,0.0001,0.1,512,3,5,4,256,6000,8.0,2633729,4,4,9977,4102,900016,1,234,6234,17,102.0,0.85,1.42035,0.33065999
cold,0,1,0,0.0001,0.1,512,3,5,4,256,6000,8.0,2633729,4,4,9977,4102,900016,1,234,6234,18,108.0,0.9,1.5039,0.36087435
cold,0,1,0,0.0001,0.1,512,3,5,4,256,6000,8.0,2633729,4,4,9977,4102,900016,1,234,6234,19,114.0,0.95,1.58745,0.38992891
cold,0,1,0,0.0001,0.1,512,3,5,4,256,6000,8.0,2633729,4,4,9977,4102,900016,1,234,6234,20,120.0,1.0,1.671,0.41616291
cold,0,1,0,0.0001,0.1,512,3,5,4,256,6000,8.0,2633729,4,4,9977,4102,900016,1,234,6234,21,126.0,1.05,1.75455,0.44016311
cold,0,1,0,0.0001,0.1,512,3,5,4,256,6000,8.0,2633729,4,4,9977,4102,900016,1,234,6234,22,132.0,1.1,1.8381,0.46419463
cold,0,1,0,0.0001,0.1,512,3,5,4,256,6000,8.0,2633729,4,4,9977,4102,900016,1,234,6234,23,138.0,1.15,1.92165,0.49036697
cold,0,1,0,0.0001,0.1,512,3,5,4,256,6000,8.0,2633729,4,4,9977,4102,900016,1,234,6234,24,144.0,1.2,2.0052,0.5183633
cold,0,1,0,0.0001,0.1,512,3,5,4,256,6000,8.0,2633729,4,4,9977,4102,900016,1,234,6234,25,150.0,1.25,2.08875,0.54492414
cold,0,1,0,0.0001,0.1,512,3,5,4,256,6000,8.0,2633729,4,4,9977,4102,900016,1,234,6234,26,156.0,1.3,2.1723,0.56782013
cold,0,1,0,0.0001,0.1,512,3,5,4,256,6000,8.0,2633729,4,4,9977,4102,900016,1,234,6234,27,162.0,1.35,2.25585,0.58834207
cold,0,1,0,0.0001,0.1,512,3,5,4,256,6000,8.0,2633729,4,4,9977,4102,900016,1,234,6234,28,168.0,1.4,2.3394,0.60913748
cold,0,1,0,0.0001,0.1,512,3,5,4,256,6000,8.0,2633729,4,4,9977,4102,900016,1,234,6234,29,174.0,1.45,2.42295,0.6315068
cold,0,1,0,0.0001,0.1,512,3,5,4,256,6000,8.0,2633729,4,4,9977,4102,900016,1,234,6234,30,180.0,1.5,2.5065,0.65433991
cold,0,1,0,0.0001,0.1,512,3,5,4,256,6000,8.0,2633729,4,4,9977,4102,900016,1,234,6234,31,186.0,1.55,2.59005,0.67578018
cold,0,1,0,0.0001,0.1,512,3,5,4,256,6000,8.0,2633729,4,4,9977,4102,900016,1,234,6234,32,192.0,1.6,2.6736,0.69517082
cold,0,1,0,0.0001,0.1,512,3,5,4,256,6000,8.0,2633729,4,4,9977,4102,900016,1,234,6234,33,198.0,1.65,2.75715,0.71294636
cold,0,1,0,0.0001,0.1,512,3,5,4,256,6000,8.0,2633729,4,4,9977,4102,900016,1,234,6234,34,204.0,1.7,2.8407,0.72956008
cold,0,1,0,0.0001,0.1,512,3,5,4,256,6000,8.0,2633729,4,4,9977,4102,900016,1,234,6234,35,210.0,1.75,2.92425,0.74502879
cold,0,1,0,0.0001,0.1,512,3,5,4,256,6000,8.0,2633729,4,4,9977,4102,900016,1,234,6234,36,216.0,1.8,3.0078,0.75929087
cold,0,1,0,0.0001,0.1,512,3,5,4,256,6000,8.0,2633729,4,4,9977,4102,900016,1,234,6234,37,222.0,1.85,3.09135,0.77254283
cold,0,1,0,0.0001,0.1,512,3,5,4,256,6000,8.0,2633729,4,4,9977,4102,900016,1,234,6234,38,228.0,1.9,3.1749,0.78543329
cold,0,1,0,0.0001,0.1,512,3,5,4,256,6000,8.0,2633729,4,4,9977,4102,900016,1,234,6234,39,234.0,1.95,3.25845,0.79847991
cold,0,1,0,0.0001,0.1,512,3,5,4,256,6000,8.0,2633729,4,4,9977,4102,900016,1,234,6234,40,240.0,2.0,3.342,0.81053346
cold,0,1,0,0.0001,0.1,512,3,5,4,256,6000,8.0,2633729,4,4,9977,4102,900016,1,234,6234,41,246.0,2.05,3.42555,0.82030362
cold,0,1,0,0.0001,0.1,512,3,5,4,256,6000,8.0,2633729,4,4,9977,4102,900016,1,234,6234,42,252.0,2.1,3.5091,0.82823783
cold,0,1,0,0.0001,0.1,512,3,5,4,256,6000,8.0,2633729,4,4,9977,4102,900016,1,234,6234,43,258.0,2.15,3.59265,0.83493334
cold,0,1,0,0.0001,0.1,512,3,5,4,256,6000,8.0,2633729,4,4,9977,4102,900016,1,234,6234,44,264.0,2.2,3.6762,0.84042275
cold,0,1,0,0.0001,0.1,512,3,5,4,256,6000,8.0,2633729,4,4,9977,4102,900016,1,234,6234,45,270.0,2.25,3.75975,0.84521389
cold,0,1,0,0.0001,0.1,512,3,5,4,256,6000,8.0,2633729,4,4,9977,4102,900016,1,234,6234,46,276.0,2.3,3.8433,0.84919572
cold,0,1,0,0.0001,0.1,512,3,5,4,256,6000,8.0,2633729,4,4,9977,4102,900016,1,234,6234,47,282.0,2.35,3.92685,0.8517046
cold,0,1,0,0.0001,0.1,512,3,5,4,256,6000,8.0,2633729,4,4,9977,4102,900016,1,234,6234,48,288.0,2.4,4.0104,0.85414881
cold,0,1,0,0.0001,0.1,512,3,5,4,256,6000,8.0,2633729,4,4,9977,4102,900016,1,234,6234,49,294.0,2.45,4.09395,0.8586306
cold,0,1,0,0.0001,0.1,512,3,5,4,256,6000,8.0,2633729,4,4,9977,4102,900016,1,234,6234,50,300.0,2.5,4.1775,0.86528409
cold,0,1,0,0.0001,0.1,512,3,5,4,256,6000,8.0,2633729,4,4,9977,4102,900016,1,234,6234,51,306.0,2.55,4.26105,0.87300497
cold,0,1,0,0.0001,0.1,512,3,5,4,256,6000,8.0,2633729,4,4,9977,4102,900016,1,234,6234,52,312.0,2.6,4.3446,0.88151735
cold,0,1,0,0.0001,0.1,512,3,5,4,256,6000,8.0,2633729,4,4,9977,4102,900016,1,234,6234,53,318.0,2.65,4.42815,0.89172161
cold,0,1,0,0.0001,0.1,512,3,5,4,256,6000,8.0,2633729,4,4,9977,4102,900016,1,234,6234,54,324.0,2.7,4.5117,0.90314221
cold,0,1,0,0.0001,0.1,512,3,5,4,256,6000,8.0,2633729,4,4,9977,4102,900016,1,234,6234,55,330.0,2.75,4.59525,0.91341943
cold,0,1,0,0.0001,0.1,512,3,5,4,256,6000,8.0,2633729,4,4,9977,4102,900016,1,234,6234,56,336.0,2.8,4.6788,0.92007869
cold,0,1,0,0.0001,0.1,512,3,5,4,256,6000,8.0,2633729,4,4,9977,4102,900016,1,234,6234,57,342.0,2.85,4.76235,0.92138433
cold,0,1,0,0.0001,0.1,512,3,5,4,256,6000,8.0,2633729,4,4,9977,4102,900016,1,234,6234,58,348.0,2.9,4.8459,0.9198696
cold,0,1,0,0.0001,0.1,512,3,5,4,256,6000,8.0,2633729,4,4,9977,4102,900016,1,234,6234,59,354.0,2.95,4.92945,0.91991431
cold,0,1,0,0.0001,0.1,512,3,5,4,256,6000,8.0,2633729,4,4,9977,4102,900016,1,234,6234,60,360.0,3.0,5.013,0.92274147
cold,0,1,0,0.0001,0.1,512,3,5,4,256,6000,8.0,2633729,4,4,9977,4102,900016,1,234,6234,61,366.0,3.05,5.09655,0.92764038
cold,0,1,0,0.0001,0.1,512,3,5,4,256,6000,8.0,2633729,4,4,9977,4102,900016,1,234,6234,62,372.0,3.1,5.1801,0.93341672
cold,0,1,0,0.0001,0.1,512,3,5,4,256,6000,8.0,2633729,4,4,9977,4102,900016,1,234,6234,63,378.0,3.15,5.26365,0.93893158
cold,0,1,0,0.0001,0.1,512,3,5,4,256,6000,8.0,2633729,4,4,9977,4102,900016,1,234,6234,64,384.0,3.2,5.3472,0.94360769
cold,0,1,0,0.0001,0.1,512,3,5,4,256,6000,8.0,2633729,4,4,9977,4102,900016,1,234,6234,65,390.0,3.25,5.43075,0.9474721
cold,0,1,0,0.0001,0.1,512,3,5,4,256,6000,8.0,2633729,4,4,9977,4102,900016,1,234,6234,66,396.0,3.3,5.5143,0.95100117
cold,0,1,0,0.0001,0.1,512,3,5,4,256,6000,8.0,2633729,4,4,9977,4102,900016,1,234,6234,67,402.0,3.35,5.59785,0.95417506
cold,0,1,0,0.0001,0.1,512,3,5,4,256,6000,8.0,2633729,4,4,9977,4102,900016,1,234,6234,68,408.0,3.4,5.6814,0.95602483
cold,0,1,0,0.0001,0.1,512,3,5,4,256,6000,8.0,2633729,4,4,9977,4102,900016,1,234,6234,69,414.0,3.45,5.76495,0.95548922
cold,0,1,0,0.0001,0.1,512,3,5,4,256,6000,8.0,2633729,4,4,9977,4102,900016,1,234,6234,70,420.0,3.5,5.8485,0.95242071
cold,0,1,0,0.0001,0.1,512,3,5,4,256,6000,8.0,2633729,4,4,9977,4102,900016,1,234,6234,71,426.0,3.55,5.93205,0.94756681
cold,0,1,0,0.0001,0.1,512,3,5,4,256,6000,8.0,2633729,4,4,9977,4102,900016,1,234,6234,72,432.0,3.6,6.0156,0.94266266
cold,0,1,0,0.0001,0.1,512,3,5,4,256,6000,8.0,2633729,4,4,9977,4102,900016,1,234,6234,73,438.0,3.65,6.09915,0.94072497
cold,0,1,0,0.0001,0.1,512,3,5,4,256,6000,8.0,2633729,4,4,9977,4102,900016,1,234,6234,74,444.0,3.7,6.1827,0.94461483
cold,0,1,0,0.0001,0.1,512,3,5,4,256,6000,8.0,2633729,4,4,9977,4102,900016,1,234,6234,75,450.0,3.75,6.26625,0.95462185
cold,0,1,0,0.0001,0.1,512,3,5,4,256,6000,8.0,2633729,4,4,9977,4102,900016,1,234,6234,76,456.0,3.8,6.3498,0.96831018
cold,0,1,0,0.0001,0.1,512,3,5,4,256,6000,8.0,2633729,4,4,9977,4102,900016,1,234,6234,77,462.0,3.85,6.43335,0.98278832
cold,0,1,0,0.0001,0.1,512,3,5,4,256,6000,8.0,2633729,4,4,9977,4102,900016,1,234,6234,78,468.0,3.9,6.5169,0.99616027
cold,0,1,0,0.0001,0.1,512,3,5,4,256,6000,8.0,2633729,4,4,9977,4102,900016,1,234,6234,79,474.0,3.95,6.60045,1.00550389
cold,0,1,0,0.0001,0.1,512,3,5,4,256,6000,8.0,2633729,4,4,9977,4102,900016,1,234,6234,80,480.0,4.0,6.684,1.00835633
cold,0,1,0,0.0001,0.1,512,3,5,4,256,6000,8.0,2633729,4,4,9977,4102,900016,1,234,6234,81,486.0,4.05,6.76755,1.00673342
cold,0,1,0,0.0001,0.1,512,3,5,4,256,6000,8.0,2633729,4,4,9977,4102,900016,1,234,6234,82,492.0,4.1,6.8511,1.00516677
cold,0,1,0,0.0001,0.1,512,3,5,4,256,6000,8.0,2633729,4,4,9977,4102,900016,1,234,6234,83,498.0,4.15,6.93465,1.00641179
cold,0,1,0,0.0001,0.1,512,3,5,4,256,6000,8.0,2633729,4,4,9977,4102,900016,1,234,6234,84,504.0,4.2,7.0182,1.01011038
cold,0,1,0,0.0001,0.1,512,3,5,4,256,6000,8.0,2633729,4,4,9977,4102,900016,1,234,6234,85,510.0,4.25,7.10175,1.01335311
cold,0,1,0,0.0001,0.1,512,3,5,4,256,6000,8.0,2633729,4,4,9977,4102,900016,1,234,6234,86,516.0,4.3,7.1853,1.01288724
cold,0,1,0,0.0001,0.1,512,3,5,4,256,6000,8.0,2633729,4,4,9977,4102,900016,1,234,6234,87,522.0,4.35,7.26885,1.00981271
cold,0,1,0,0.0001,0.1,512,3,5,4,256,6000,8.0,2633729,4,4,9977,4102,900016,1,234,6234,88,528.0,4.4,7.3524,1.00683999
cold,0,1,0,0.0001,0.1,512,3,5,4,256,6000,8.0,2633729,4,4,9977,4102,900016,1,234,6234,89,534.0,4.45,7.43595,1.00496519
cold,0,1,0,0.0001,0.1,512,3,5,4,256,6000,8.0,2633729,4,4,9977,4102,900016,1,234,6234,90,540.0,4.5,7.5195,1.00401223
cold,0,1,0,0.0001,0.1,512,3,5,4,256,6000,8.0,2633729,4,4,9977,4102,900016,1,234,6234,91,546.0,4.55,7.60305,1.00343537
cold,0,1,0,0.0001,0.1,512,3,5,4,256,6000,8.0,2633729,4,4,9977,4102,900016,1,234,6234,92,552.0,4.6,7.6866,1.00399411
cold,0,1,0,0.0001,0.1,512,3,5,4,256,6000,8.0,2633729,4,4,9977,4102,900016,1,234,6234,93,558.0,4.65,7.77015,1.00750458
cold,0,1,0,0.0001,0.1,512,3,5,4,256,6000,8.0,2633729,4,4,9977,4102,900016,1,234,6234,94,564.0,4.7,7.8537,1.01357293
cold,0,1,0,0.0001,0.1,512,3,5,4,256,6000,8.0,2633729,4,4,9977,4102,900016,1,234,6234,95,570.0,4.75,7.93725,1.01738358
cold,0,1,0,0.0001,0.1,512,3,5,4,256,6000,8.0,2633729,4,4,9977,4102,900016,1,234,6234,96,576.0,4.8,8.0208,1.01685083
cold,0,1,0,0.0001,0.1,512,3,5,4,256,6000,8.0,2633729,4,4,9977,4102,900016,1,234,6234,97,582.0,4.85,8.10435,1.01532662
cold,0,1,0,0.0001,0.1,512,3,5,4,256,6000,8.0,2633729,4,4,9977,4102,900016,1,234,6234,98,588.0,4.9,8.1879,1.0159806
cold,0,1,0,0.0001,0.1,512,3,5,4,256,6000,8.0,2633729,4,4,9977,4102,900016,1,234,6234,99,594.0,4.95,8.27145,1.01881492
cold,0,1,0,0.0001,0.1,512,3,5,4,256,6000,8.0,2633729,4,4,9977,4102,900016,1,234,6234,100,600.0,5.0,8.355,1.02164721
cold,0,1,0,0.0001,0.1,512,3,5,4,256,6000,8.0,2633729,4,4,9977,4102,900016,1,234,6234,101,606.0,5.05,8.43855,1.02222562
cold,0,1,0,0.0001,0.1,512,3,5,4,256,6000,8.0,2633729,4,4,9977,4102,900016,1,234,6234,102,612.0,5.1,8.5221,1.01915145
cold,0,1,0,0.0001,0.1,512,3,5,4,256,6000,8.0,2633729,4,4,9977,4102,900016,1,234,6234,103,618.0,5.15,8.60565,1.01358557
cold,0,1,0,0.0001,0.1,512,3,5,4,256,6000,8.0,2633729,4,4,9977,4102,900016,1,234,6234,104,624.0,5.2,8.6892,1.00819314
cold,0,1,0,0.0001,0.1,512,3,5,4,256,6000,8.0,2633729,4,4,9977,4102,900016,1,234,6234,105,630.0,5.25,8.77275,1.00430727
cold,0,1,0,0.0001,0.1,512,3,5,4,256,6000,8.0,2633729,4,4,9977,4102,900016,1,234,6234,106,636.0,5.3,8.8563,1.0023061
cold,0,1,0,0.0001,0.1,512,3,5,4,256,6000,8.0,2633729,4,4,9977,4102,900016,1,234,6234,107,642.0,5.35,8.93985,1.00256348
cold,0,1,0,0.0001,0.1,512,3,5,4,256,6000,8.0,2633729,4,4,9977,4102,900016,1,234,6234,108,648.0,5.4,9.0234,1.00435126
cold,0,1,0,0.0001,0.1,512,3,5,4,256,6000,8.0,2633729,4,4,9977,4102,900016,1,234,6234,109,654.0,5.45,9.10695,1.00631201
cold,0,1,0,0.0001,0.1,512,3,5,4,256,6000,8.0,2633729,4,4,9977,4102,900016,1,234,6234,110,660.0,5.5,9.1905,1.00770664
cold,0,1,0,0.0001,0.1,512,3,5,4,256,6000,8.0,2633729,4,4,9977,4102,900016,1,234,6234,111,666.0,5.55,9.27405,1.00905252
cold,0,1,0,0.0001,0.1,512,3,5,4,256,6000,8.0,2633729,4,4,9977,4102,900016,1,234,6234,112,672.0,5.6,9.3576,1.01078022
cold,0,1,0,0.0001,0.1,512,3,5,4,256,6000,8.0,2633729,4,4,9977,4102,900016,1,234,6234,113,678.0,5.65,9.44115,1.01267493
cold,0,1,0,0.0001,0.1,512,3,5,4,256,6000,8.0,2633729,4,4,9977,4102,900016,1,234,6234,114,684.0,5.7,9.5247,1.01453817
cold,0,1,0,0.0001,0.1,512,3,5,4,256,6000,8.0,2633729,4,4,9977,4102,900016,1,234,6234,115,690.0,5.75,9.60825,1.01565516
cold,0,1,0,0.0001,0.1,512,3,5,4,256,6000,8.0,2633729,4,4,9977,4102,900016,1,234,6234,116,696.0,5.8,9.6918,1.01497853
cold,0,1,0,0.0001,0.1,512,3,5,4,256,6000,8.0,2633729,4,4,9977,4102,900016,1,234,6234,117,702.0,5.85,9.77535,1.01345396
cold,0,1,0,0.0001,0.1,512,3,5,4,256,6000,8.0,2633729,4,4,9977,4102,900016,1,234,6234,118,708.0,5.9,9.8589,1.01382792
cold,0,1,0,0.0001,0.1,512,3,5,4,256,6000,8.0,2633729,4,4,9977,4102,900016,1,234,6234,119,714.0,5.95,9.94245,1.01764464
cold,0,1,0,0.0001,0.1,512,3,5,4,256,6000,8.0,2633729,4,4,9977,4102,900016,1,234,6234,120,720.0,6.0,10.026,1.02340066
cold,0,1,0,0.0001,0.1,512,3,5,4,256,6000,8.0,2633729,4,4,9977,4102,900016,1,1023,7023,1,6.0,0.05,0.08355,0.03972891
cold,0,1,0,0.0001,0.1,512,3,5,4,256,6000,8.0,2633729,4,4,9977,4102,900016,1,1023,7023,2,12.0,0.1,0.1671,0.0464924
cold,0,1,0,0.0001,0.1,512,3,5,4,256,6000,8.0,2633729,4,4,9977,4102,900016,1,1023,7023,3,18.0,0.15,0.25065,0.05426091
cold,0,1,0,0.0001,0.1,512,3,5,4,256,6000,8.0,2633729,4,4,9977,4102,900016,1,1023,7023,4,24.0,0.2,0.3342,0.06244588
cold,0,1,0,0.0001,0.1,512,3,5,4,256,6000,8.0,2633729,4,4,9977,4102,900016,1,1023,7023,5,30.0,0.25,0.41775,0.07063168
cold,0,1,0,0.0001,0.1,512,3,5,4,256,6000,8.0,2633729,4,4,9977,4102,900016,1,1023,7023,6,36.0,0.3,0.5013,0.08057967
cold,0,1,0,0.0001,0.1,512,3,5,4,256,6000,8.0,2633729,4,4,9977,4102,900016,1,1023,7023,7,42.0,0.35,0.58485,0.09141514
cold,0,1,0,0.0001,0.1,512,3,5,4,256,6000,8.0,2633729,4,4,9977,4102,900016,1,1023,7023,8,48.0,0.4,0.6684,0.10377095
cold,0,1,0,0.0001,0.1,512,3,5,4,256,6000,8.0,2633729,4,4,9977,4102,900016,1,1023,7023,9,54.0,0.45,0.75195,0.11713554
cold,0,1,0,0.0001,0.1,512,3,5,4,256,6000,8.0,2633729,4,4,9977,4102,900016,1,1023,7023,10,60.0,0.5,0.8355,0.13060729
cold,0,1,0,0.0001,0.1,512,3,5,4,256,6000,8.0,2633729,4,4,9977,4102,900016,1,1023,7023,11,66.0,0.55,0.91905,0.14474668
cold,0,1,0,0.0001,0.1,512,3,5,4,256,6000,8.0,2633729,4,4,9977,4102,900016,1,1023,7023,12,72.0,0.6,1.0026,0.16103525
cold,0,1,0,0.0001,0.1,512,3,5,4,256,6000,8.0,2633729,4,4,9977,4102,900016,1,1023,7023,13,78.0,0.65,1.08615,0.17988919
cold,0,1,0,0.0001,0.1,512,3,5,4,256,6000,8.0,2633729,4,4,9977,4102,900016,1,1023,7023,14,84.0,0.7,1.1697,0.20059103
cold,0,1,0,0.0001,0.1,512,3,5,4,256,6000,8.0,2633729,4,4,9977,4102,900016,1,1023,7023,15,90.0,0.75,1.25325,0.2220756
cold,0,1,0,0.0001,0.1,512,3,5,4,256,6000,8.0,2633729,4,4,9977,4102,900016,1,1023,7023,16,96.0,0.8,1.3368,0.24364337
cold,0,1,0,0.0001,0.1,512,3,5,4,256,6000,8.0,2633729,4,4,9977,4102,900016,1,1023,7023,17,102.0,0.85,1.42035,0.26536682
cold,0,1,0,0.0001,0.1,512,3,5,4,256,6000,8.0,2633729,4,4,9977,4102,900016,1,1023,7023,18,108.0,0.9,1.5039,0.28780913
cold,0,1,0,0.0001,0.1,512,3,5,4,256,6000,8.0,2633729,4,4,9977,4102,900016,1,1023,7023,19,114.0,0.95,1.58745,0.31068438
cold,0,1,0,0.0001,0.1,512,3,5,4,256,6000,8.0,2633729,4,4,9977,4102,900016,1,1023,7023,20,120.0,1.0,1.671,0.3334448
cold,0,1,0,0.0001,0.1,512,3,5,4,256,6000,8.0,2633729,4,4,9977,4102,900016,1,1023,7023,21,126.0,1.05,1.75455,0.35609177
cold,0,1,0,0.0001,0.1,512,3,5,4,256,6000,8.0,2633729,4,4,9977,4102,900016,1,1023,7023,22,132.0,1.1,1.8381,0.37891534
cold,0,1,0,0.0001,0.1,512,3,5,4,256,6000,8.0,2633729,4,4,9977,4102,900016,1,1023,7023,23,138.0,1.15,1.92165,0.40155506
cold,0,1,0,0.0001,0.1,512,3,5,4,256,6000,8.0,2633729,4,4,9977,4102,900016,1,1023,7023,24,144.0,1.2,2.0052,0.42327529
cold,0,1,0,0.0001,0.1,512,3,5,4,256,6000,8.0,2633729,4,4,9977,4102,900016,1,1023,7023,25,150.0,1.25,2.08875,0.44400525
cold,0,1,0,0.0001,0.1,512,3,5,4,256,6000,8.0,2633729,4,4,9977,4102,900016,1,1023,7023,26,156.0,1.3,2.1723,0.46429098
cold,0,1,0,0.0001,0.1,512,3,5,4,256,6000,8.0,2633729,4,4,9977,4102,900016,1,1023,7023,27,162.0,1.35,2.25585,0.48477334
cold,0,1,0,0.0001,0.1,512,3,5,4,256,6000,8.0,2633729,4,4,9977,4102,900016,1,1023,7023,28,168.0,1.4,2.3394,0.50500464
cold,0,1,0,0.0001,0.1,512,3,5,4,256,6000,8.0,2633729,4,4,9977,4102,900016,1,1023,7023,29,174.0,1.45,2.42295,0.52445996
cold,0,1,0,0.0001,0.1,512,3,5,4,256,6000,8.0,2633729,4,4,9977,4102,900016,1,1023,7023,30,180.0,1.5,2.5065,0.54385406
cold,0,1,0,0.0001,0.1,512,3,5,4,256,6000,8.0,2633729,4,4,9977,4102,900016,1,1023,7023,31,186.0,1.55,2.59005,0.56361526
cold,0,1,0,0.0001,0.1,512,3,5,4,256,6000,8.0,2633729,4,4,9977,4102,900016,1,1023,7023,32,192.0,1.6,2.6736,0.58376455
cold,0,1,0,0.0001,0.1,512,3,5,4,256,6000,8.0,2633729,4,4,9977,4102,900016,1,1023,7023,33,198.0,1.65,2.75715,0.60348403
cold,0,1,0,0.0001,0.1,512,3,5,4,256,6000,8.0,2633729,4,4,9977,4102,900016,1,1023,7023,34,204.0,1.7,2.8407,0.6218614
cold,0,1,0,0.0001,0.1,512,3,5,4,256,6000,8.0,2633729,4,4,9977,4102,900016,1,1023,7023,35,210.0,1.75,2.92425,0.63925874
cold,0,1,0,0.0001,0.1,512,3,5,4,256,6000,8.0,2633729,4,4,9977,4102,900016,1,1023,7023,36,216.0,1.8,3.0078,0.65670043
cold,0,1,0,0.0001,0.1,512,3,5,4,256,6000,8.0,2633729,4,4,9977,4102,900016,1,1023,7023,37,222.0,1.85,3.09135,0.6752153
cold,0,1,0,0.0001,0.1,512,3,5,4,256,6000,8.0,2633729,4,4,9977,4102,900016,1,1023,7023,38,228.0,1.9,3.1749,0.6952706
cold,0,1,0,0.0001,0.1,512,3,5,4,256,6000,8.0,2633729,4,4,9977,4102,900016,1,1023,7023,39,234.0,1.95,3.25845,0.71536535
cold,0,1,0,0.0001,0.1,512,3,5,4,256,6000,8.0,2633729,4,4,9977,4102,900016,1,1023,7023,40,240.0,2.0,3.342,0.73275733
cold,0,1,0,0.0001,0.1,512,3,5,4,256,6000,8.0,2633729,4,4,9977,4102,900016,1,1023,7023,41,246.0,2.05,3.42555,0.74610978
cold,0,1,0,0.0001,0.1,512,3,5,4,256,6000,8.0,2633729,4,4,9977,4102,900016,1,1023,7023,42,252.0,2.1,3.5091,0.75648141
cold,0,1,0,0.0001,0.1,512,3,5,4,256,6000,8.0,2633729,4,4,9977,4102,900016,1,1023,7023,43,258.0,2.15,3.59265,0.76569951
cold,0,1,0,0.0001,0.1,512,3,5,4,256,6000,8.0,2633729,4,4,9977,4102,900016,1,1023,7023,44,264.0,2.2,3.6762,0.77468204
cold,0,1,0,0.0001,0.1,512,3,5,4,256,6000,8.0,2633729,4,4,9977,4102,900016,1,1023,7023,45,270.0,2.25,3.75975,0.7832365
cold,0,1,0,0.0001,0.1,512,3,5,4,256,6000,8.0,2633729,4,4,9977,4102,900016,1,1023,7023,46,276.0,2.3,3.8433,0.79129505
cold,0,1,0,0.0001,0.1,512,3,5,4,256,6000,8.0,2633729,4,4,9977,4102,900016,1,1023,7023,47,282.0,2.35,3.92685,0.80005801
cold,0,1,0,0.0001,0.1,512,3,5,4,256,6000,8.0,2633729,4,4,9977,4102,900016,1,1023,7023,48,288.0,2.4,4.0104,0.81125671
cold,0,1,0,0.0001,0.1,512,3,5,4,256,6000,8.0,2633729,4,4,9977,4102,900016,1,1023,7023,49,294.0,2.45,4.09395,0.82569468
cold,0,1,0,0.0001,0.1,512,3,5,4,256,6000,8.0,2633729,4,4,9977,4102,900016,1,1023,7023,50,300.0,2.5,4.1775,0.8421976
cold,0,1,0,0.0001,0.1,512,3,5,4,256,6000,8.0,2633729,4,4,9977,4102,900016,1,1023,7023,51,306.0,2.55,4.26105,0.8576076
cold,0,1,0,0.0001,0.1,512,3,5,4,256,6000,8.0,2633729,4,4,9977,4102,900016,1,1023,7023,52,312.0,2.6,4.3446,0.86895138
cold,0,1,0,0.0001,0.1,512,3,5,4,256,6000,8.0,2633729,4,4,9977,4102,900016,1,1023,7023,53,318.0,2.65,4.42815,0.87463599
cold,0,1,0,0.0001,0.1,512,3,5,4,256,6000,8.0,2633729,4,4,9977,4102,900016,1,1023,7023,54,324.0,2.7,4.5117,0.87601602
cold,0,1,0,0.0001,0.1,512,3,5,4,256,6000,8.0,2633729,4,4,9977,4102,900016,1,1023,7023,55,330.0,2.75,4.59525,0.87666291
cold,0,1,0,0.0001,0.1,512,3,5,4,256,6000,8.0,2633729,4,4,9977,4102,900016,1,1023,7023,56,336.0,2.8,4.6788,0.879408
cold,0,1,0,0.0001,0.1,512,3,5,4,256,6000,8.0,2633729,4,4,9977,4102,900016,1,1023,7023,57,342.0,2.85,4.76235,0.88471264
cold,0,1,0,0.0001,0.1,512,3,5,4,256,6000,8.0,2633729,4,4,9977,4102,900016,1,1023,7023,58,348.0,2.9,4.8459,0.89172369
cold,0,1,0,0.0001,0.1,512,3,5,4,256,6000,8.0,2633729,4,4,9977,4102,900016,1,1023,7023,59,354.0,2.95,4.92945,0.89902806
cold,0,1,0,0.0001,0.1,512,3,5,4,256,6000,8.0,2633729,4,4,9977,4102,900016,1,1023,7023,60,360.0,3.0,5.013,0.90570515
cold,0,1,0,0.0001,0.1,512,3,5,4,256,6000,8.0,2633729,4,4,9977,4102,900016,1,1023,7023,61,366.0,3.05,5.09655,0.9133783
cold,0,1,0,0.0001,0.1,512,3,5,4,256,6000,8.0,2633729,4,4,9977,4102,900016,1,1023,7023,62,372.0,3.1,5.1801,0.92375124
cold,0,1,0,0.0001,0.1,512,3,5,4,256,6000,8.0,2633729,4,4,9977,4102,900016,1,1023,7023,63,378.0,3.15,5.26365,0.93576396
cold,0,1,0,0.0001,0.1,512,3,5,4,256,6000,8.0,2633729,4,4,9977,4102,900016,1,1023,7023,64,384.0,3.2,5.3472,0.9460088
cold,0,1,0,0.0001,0.1,512,3,5,4,256,6000,8.0,2633729,4,4,9977,4102,900016,1,1023,7023,65,390.0,3.25,5.43075,0.95129865
cold,0,1,0,0.0001,0.1,512,3,5,4,256,6000,8.0,2633729,4,4,9977,4102,900016,1,1023,7023,66,396.0,3.3,5.5143,0.95249236
cold,0,1,0,0.0001,0.1,512,3,5,4,256,6000,8.0,2633729,4,4,9977,4102,900016,1,1023,7023,67,402.0,3.35,5.59785,0.95371348
cold,0,1,0,0.0001,0.1,512,3,5,4,256,6000,8.0,2633729,4,4,9977,4102,900016,1,1023,7023,68,408.0,3.4,5.6814,0.95705128
cold,0,1,0,0.0001,0.1,512,3,5,4,256,6000,8.0,2633729,4,4,9977,4102,900016,1,1023,7023,69,414.0,3.45,5.76495,0.96090901
cold,0,1,0,0.0001,0.1,512,3,5,4,256,6000,8.0,2633729,4,4,9977,4102,900016,1,1023,7023,70,420.0,3.5,5.8485,0.9629519
cold,0,1,0,0.0001,0.1,512,3,5,4,256,6000,8.0,2633729,4,4,9977,4102,900016,1,1023,7023,71,426.0,3.55,5.93205,0.96303451
cold,0,1,0,0.0001,0.1,512,3,5,4,256,6000,8.0,2633729,4,4,9977,4102,900016,1,1023,7023,72,432.0,3.6,6.0156,0.9634589
cold,0,1,0,0.0001,0.1,512,3,5,4,256,6000,8.0,2633729,4,4,9977,4102,900016,1,1023,7023,73,438.0,3.65,6.09915,0.96622115
cold,0,1,0,0.0001,0.1,512,3,5,4,256,6000,8.0,2633729,4,4,9977,4102,900016,1,1023,7023,74,444.0,3.7,6.1827,0.97128981
cold,0,1,0,0.0001,0.1,512,3,5,4,256,6000,8.0,2633729,4,4,9977,4102,900016,1,1023,7023,75,450.0,3.75,6.26625,0.97719246
cold,0,1,0,0.0001,0.1,512,3,5,4,256,6000,8.0,2633729,4,4,9977,4102,900016,1,1023,7023,76,456.0,3.8,6.3498,0.98282677
cold,0,1,0,0.0001,0.1,512,3,5,4,256,6000,8.0,2633729,4,4,9977,4102,900016,1,1023,7023,77,462.0,3.85,6.43335,0.98796564
cold,0,1,0,0.0001,0.1,512,3,5,4,256,6000,8.0,2633729,4,4,9977,4102,900016,1,1023,7023,78,468.0,3.9,6.5169,0.99139434
cold,0,1,0,0.0001,0.1,512,3,5,4,256,6000,8.0,2633729,4,4,9977,4102,900016,1,1023,7023,79,474.0,3.95,6.60045,0.99153095
cold,0,1,0,0.0001,0.1,512,3,5,4,256,6000,8.0,2633729,4,4,9977,4102,900016,1,1023,7023,80,480.0,4.0,6.684,0.98870605
cold,0,1,0,0.0001,0.1,512,3,5,4,256,6000,8.0,2633729,4,4,9977,4102,900016,1,1023,7023,81,486.0,4.05,6.76755,0.98530513
cold,0,1,0,0.0001,0.1,512,3,5,4,256,6000,8.0,2633729,4,4,9977,4102,900016,1,1023,7023,82,492.0,4.1,6.8511,0.98259538
cold,0,1,0,0.0001,0.1,512,3,5,4,256,6000,8.0,2633729,4,4,9977,4102,900016,1,1023,7023,83,498.0,4.15,6.93465,0.98081577
cold,0,1,0,0.0001,0.1,512,3,5,4,256,6000,8.0,2633729,4,4,9977,4102,900016,1,1023,7023,84,504.0,4.2,7.0182,0.98100746
cold,0,1,0,0.0001,0.1,512,3,5,4,256,6000,8.0,2633729,4,4,9977,4102,900016,1,1023,7023,85,510.0,4.25,7.10175,0.98278362
cold,0,1,0,0.0001,0.1,512,3,5,4,256,6000,8.0,2633729,4,4,9977,4102,900016,1,1023,7023,86,516.0,4.3,7.1853,0.98440439
cold,0,1,0,0.0001,0.1,512,3,5,4,256,6000,8.0,2633729,4,4,9977,4102,900016,1,1023,7023,87,522.0,4.35,7.26885,0.98485947
cold,0,1,0,0.0001,0.1,512,3,5,4,256,6000,8.0,2633729,4,4,9977,4102,900016,1,1023,7023,88,528.0,4.4,7.3524,0.98447883
cold,0,1,0,0.0001,0.1,512,3,5,4,256,6000,8.0,2633729,4,4,9977,4102,900016,1,1023,7023,89,534.0,4.45,7.43595,0.98500848
cold,0,1,0,0.0001,0.1,512,3,5,4,256,6000,8.0,2633729,4,4,9977,4102,900016,1,1023,7023,90,540.0,4.5,7.5195,0.98726326
cold,0,1,0,0.0001,0.1,512,3,5,4,256,6000,8.0,2633729,4,4,9977,4102,900016,1,1023,7023,91,546.0,4.55,7.60305,0.99015045
cold,0,1,0,0.0001,0.1,512,3,5,4,256,6000,8.0,2633729,4,4,9977,4102,900016,1,1023,7023,92,552.0,4.6,7.6866,0.99262285
cold,0,1,0,0.0001,0.1,512,3,5,4,256,6000,8.0,2633729,4,4,9977,4102,900016,1,1023,7023,93,558.0,4.65,7.77015,0.99534327
cold,0,1,0,0.0001,0.1,512,3,5,4,256,6000,8.0,2633729,4,4,9977,4102,900016,1,1023,7023,94,564.0,4.7,7.8537,0.99867588
cold,0,1,0,0.0001,0.1,512,3,5,4,256,6000,8.0,2633729,4,4,9977,4102,900016,1,1023,7023,95,570.0,4.75,7.93725,1.0008508
cold,0,1,0,0.0001,0.1,512,3,5,4,256,6000,8.0,2633729,4,4,9977,4102,900016,1,1023,7023,96,576.0,4.8,8.0208,1.00085652
cold,0,1,0,0.0001,0.1,512,3,5,4,256,6000,8.0,2633729,4,4,9977,4102,900016,1,1023,7023,97,582.0,4.85,8.10435,1.00143015
cold,0,1,0,0.0001,0.1,512,3,5,4,256,6000,8.0,2633729,4,4,9977,4102,900016,1,1023,7023,98,588.0,4.9,8.1879,1.00505364
cold,0,1,0,0.0001,0.1,512,3,5,4,256,6000,8.0,2633729,4,4,9977,4102,900016,1,1023,7023,99,594.0,4.95,8.27145,1.00927854
cold,0,1,0,0.0001,0.1,512,3,5,4,256,6000,8.0,2633729,4,4,9977,4102,900016,1,1023,7023,100,600.0,5.0,8.355,1.01175952
cold,0,1,0,0.0001,0.1,512,3,5,4,256,6000,8.0,2633729,4,4,9977,4102,900016,1,1023,7023,101,606.0,5.05,8.43855,1.01406741
cold,0,1,0,0.0001,0.1,512,3,5,4,256,6000,8.0,2633729,4,4,9977,4102,900016,1,1023,7023,102,612.0,5.1,8.5221,1.01774812
cold,0,1,0,0.0001,0.1,512,3,5,4,256,6000,8.0,2633729,4,4,9977,4102,900016,1,1023,7023,103,618.0,5.15,8.60565,1.02233565
cold,0,1,0,0.0001,0.1,512,3,5,4,256,6000,8.0,2633729,4,4,9977,4102,900016,1,1023,7023,104,624.0,5.2,8.6892,1.0276655
cold,0,1,0,0.0001,0.1,512,3,5,4,256,6000,8.0,2633729,4,4,9977,4102,900016,1,1023,7023,105,630.0,5.25,8.77275,1.03313041
cold,0,1,0,0.0001,0.1,512,3,5,4,256,6000,8.0,2633729,4,4,9977,4102,900016,1,1023,7023,106,636.0,5.3,8.8563,1.03588808
cold,0,1,0,0.0001,0.1,512,3,5,4,256,6000,8.0,2633729,4,4,9977,4102,900016,1,1023,7023,107,642.0,5.35,8.93985,1.03389657
cold,0,1,0,0.0001,0.1,512,3,5,4,256,6000,8.0,2633729,4,4,9977,4102,900016,1,1023,7023,108,648.0,5.4,9.0234,1.02856922
cold,0,1,0,0.0001,0.1,512,3,5,4,256,6000,8.0,2633729,4,4,9977,4102,900016,1,1023,7023,109,654.0,5.45,9.10695,1.02262676
cold,0,1,0,0.0001,0.1,512,3,5,4,256,6000,8.0,2633729,4,4,9977,4102,900016,1,1023,7023,110,660.0,5.5,9.1905,1.01845992
cold,0,1,0,0.0001,0.1,512,3,5,4,256,6000,8.0,2633729,4,4,9977,4102,900016,1,1023,7023,111,666.0,5.55,9.27405,1.01743579
cold,0,1,0,0.0001,0.1,512,3,5,4,256,6000,8.0,2633729,4,4,9977,4102,900016,1,1023,7023,112,672.0,5.6,9.3576,1.01878285
cold,0,1,0,0.0001,0.1,512,3,5,4,256,6000,8.0,2633729,4,4,9977,4102,900016,1,1023,7023,113,678.0,5.65,9.44115,1.02009654
cold,0,1,0,0.0001,0.1,512,3,5,4,256,6000,8.0,2633729,4,4,9977,4102,900016,1,1023,7023,114,684.0,5.7,9.5247,1.01932108
cold,0,1,0,0.0001,0.1,512,3,5,4,256,6000,8.0,2633729,4,4,9977,4102,900016,1,1023,7023,115,690.0,5.75,9.60825,1.01606166
cold,0,1,0,0.0001,0.1,512,3,5,4,256,6000,8.0,2633729,4,4,9977,4102,900016,1,1023,7023,116,696.0,5.8,9.6918,1.01153207
cold,0,1,0,0.0001,0.1,512,3,5,4,256,6000,8.0,2633729,4,4,9977,4102,900016,1,1023,7023,117,702.0,5.85,9.77535,1.00645947
cold,0,1,0,0.0001,0.1,512,3,5,4,256,6000,8.0,2633729,4,4,9977,4102,900016,1,1023,7023,118,708.0,5.9,9.8589,1.00113308
cold,0,1,0,0.0001,0.1,512,3,5,4,256,6000,8.0,2633729,4,4,9977,4102,900016,1,1023,7023,119,714.0,5.95,9.94245,0.99731952
cold,0,1,0,0.0001,0.1,512,3,5,4,256,6000,8.0,2633729,4,4,9977,4102,900016,1,1023,7023,120,720.0,6.0,10.026,0.99717575
cold,0,1,0,0.0001,0.1,512,3,5,4,256,6000,8.0,2633729,4,4,9977,4102,900016,1,4468,10468,1,6.0,0.05,0.08355,0.03805337
cold,0,1,0,0.0001,0.1,512,3,5,4,256,6000,8.0,2633729,4,4,9977,4102,900016,1,4468,10468,2,12.0,0.1,0.1671,0.04483388
cold,0,1,0,0.0001,0.1,512,3,5,4,256,6000,8.0,2633729,4,4,9977,4102,900016,1,4468,10468,3,18.0,0.15,0.25065,0.05218814
cold,0,1,0,0.0001,0.1,512,3,5,4,256,6000,8.0,2633729,4,4,9977,4102,900016,1,4468,10468,4,24.0,0.2,0.3342,0.05914899
cold,0,1,0,0.0001,0.1,512,3,5,4,256,6000,8.0,2633729,4,4,9977,4102,900016,1,4468,10468,5,30.0,0.25,0.41775,0.06581992
cold,0,1,0,0.0001,0.1,512,3,5,4,256,6000,8.0,2633729,4,4,9977,4102,900016,1,4468,10468,6,36.0,0.3,0.5013,0.07482185
cold,0,1,0,0.0001,0.1,512,3,5,4,256,6000,8.0,2633729,4,4,9977,4102,900016,1,4468,10468,7,42.0,0.35,0.58485,0.08429062
cold,0,1,0,0.0001,0.1,512,3,5,4,256,6000,8.0,2633729,4,4,9977,4102,900016,1,4468,10468,8,48.0,0.4,0.6684,0.09456041
cold,0,1,0,0.0001,0.1,512,3,5,4,256,6000,8.0,2633729,4,4,9977,4102,900016,1,4468,10468,9,54.0,0.45,0.75195,0.10574572
cold,0,1,0,0.0001,0.1,512,3,5,4,256,6000,8.0,2633729,4,4,9977,4102,900016,1,4468,10468,10,60.0,0.5,0.8355,0.11755317
cold,0,1,0,0.0001,0.1,512,3,5,4,256,6000,8.0,2633729,4,4,9977,4102,900016,1,4468,10468,11,66.0,0.55,0.91905,0.13019821
cold,0,1,0,0.0001,0.1,512,3,5,4,256,6000,8.0,2633729,4,4,9977,4102,900016,1,4468,10468,12,72.0,0.6,1.0026,0.14460811
cold,0,1,0,0.0001,0.1,512,3,5,4,256,6000,8.0,2633729,4,4,9977,4102,900016,1,4468,10468,13,78.0,0.65,1.08615,0.16124509
cold,0,1,0,0.0001,0.1,512,3,5,4,256,6000,8.0,2633729,4,4,9977,4102,900016,1,4468,10468,14,84.0,0.7,1.1697,0.1797253
cold,0,1,0,0.0001,0.1,512,3,5,4,256,6000,8.0,2633729,4,4,9977,4102,900016,1,4468,10468,15,90.0,0.75,1.25325,0.19925301
cold,0,1,0,0.0001,0.1,512,3,5,4,256,6000,8.0,2633729,4,4,9977,4102,900016,1,4468,10468,16,96.0,0.8,1.3368,0.21920404
cold,0,1,0,0.0001,0.1,512,3,5,4,256,6000,8.0,2633729,4,4,9977,4102,900016,1,4468,10468,17,102.0,0.85,1.42035,0.23962289
cold,0,1,0,0.0001,0.1,512,3,5,4,256,6000,8.0,2633729,4,4,9977,4102,900016,1,4468,10468,18,108.0,0.9,1.5039,0.26105547
cold,0,1,0,0.0001,0.1,512,3,5,4,256,6000,8.0,2633729,4,4,9977,4102,900016,1,4468,10468,19,114.0,0.95,1.58745,0.28370288
cold,0,1,0,0.0001,0.1,512,3,5,4,256,6000,8.0,2633729,4,4,9977,4102,900016,1,4468,10468,20,120.0,1.0,1.671,0.30727088
cold,0,1,0,0.0001,0.1,512,3,5,4,256,6000,8.0,2633729,4,4,9977,4102,900016,1,4468,10468,21,126.0,1.05,1.75455,0.33112708
cold,0,1,0,0.0001,0.1,512,3,5,4,256,6000,8.0,2633729,4,4,9977,4102,900016,1,4468,10468,22,132.0,1.1,1.8381,0.35459191
cold,0,1,0,0.0001,0.1,512,3,5,4,256,6000,8.0,2633729,4,4,9977,4102,900016,1,4468,10468,23,138.0,1.15,1.92165,0.37698781
cold,0,1,0,0.0001,0.1,512,3,5,4,256,6000,8.0,2633729,4,4,9977,4102,900016,1,4468,10468,24,144.0,1.2,2.0052,0.39819205
cold,0,1,0,0.0001,0.1,512,3,5,4,256,6000,8.0,2633729,4,4,9977,4102,900016,1,4468,10468,25,150.0,1.25,2.08875,0.41854164
cold,0,1,0,0.0001,0.1,512,3,5,4,256,6000,8.0,2633729,4,4,9977,4102,900016,1,4468,10468,26,156.0,1.3,2.1723,0.43837991
cold,0,1,0,0.0001,0.1,512,3,5,4,256,6000,8.0,2633729,4,4,9977,4102,900016,1,4468,10468,27,162.0,1.35,2.25585,0.45791012
cold,0,1,0,0.0001,0.1,512,3,5,4,256,6000,8.0,2633729,4,4,9977,4102,900016,1,4468,10468,28,168.0,1.4,2.3394,0.47797671
cold,0,1,0,0.0001,0.1,512,3,5,4,256,6000,8.0,2633729,4,4,9977,4102,900016,1,4468,10468,29,174.0,1.45,2.42295,0.49925113
cold,0,1,0,0.0001,0.1,512,3,5,4,256,6000,8.0,2633729,4,4,9977,4102,900016,1,4468,10468,30,180.0,1.5,2.5065,0.52099502
cold,0,1,0,0.0001,0.1,512,3,5,4,256,6000,8.0,2633729,4,4,9977,4102,900016,1,4468,10468,31,186.0,1.55,2.59005,0.54225135
cold,0,1,0,0.0001,0.1,512,3,5,4,256,6000,8.0,2633729,4,4,9977,4102,900016,1,4468,10468,32,192.0,1.6,2.6736,0.56313723
cold,0,1,0,0.0001,0.1,512,3,5,4,256,6000,8.0,2633729,4,4,9977,4102,900016,1,4468,10468,33,198.0,1.65,2.75715,0.58394706
cold,0,1,0,0.0001,0.1,512,3,5,4,256,6000,8.0,2633729,4,4,9977,4102,900016,1,4468,10468,34,204.0,1.7,2.8407,0.60488456
cold,0,1,0,0.0001,0.1,512,3,5,4,256,6000,8.0,2633729,4,4,9977,4102,900016,1,4468,10468,35,210.0,1.75,2.92425,0.62542784
cold,0,1,0,0.0001,0.1,512,3,5,4,256,6000,8.0,2633729,4,4,9977,4102,900016,1,4468,10468,36,216.0,1.8,3.0078,0.64397413
cold,0,1,0,0.0001,0.1,512,3,5,4,256,6000,8.0,2633729,4,4,9977,4102,900016,1,4468,10468,37,222.0,1.85,3.09135,0.66009951
cold,0,1,0,0.0001,0.1,512,3,5,4,256,6000,8.0,2633729,4,4,9977,4102,900016,1,4468,10468,38,228.0,1.9,3.1749,0.67570174
cold,0,1,0,0.0001,0.1,512,3,5,4,256,6000,8.0,2633729,4,4,9977,4102,900016,1,4468,10468,39,234.0,1.95,3.25845,0.69173092
cold,0,1,0,0.0001,0.1,512,3,5,4,256,6000,8.0,2633729,4,4,9977,4102,900016,1,4468,10468,40,240.0,2.0,3.342,0.70670021
cold,0,1,0,0.0001,0.1,512,3,5,4,256,6000,8.0,2633729,4,4,9977,4102,900016,1,4468,10468,41,246.0,2.05,3.42555,0.71892798
cold,0,1,0,0.0001,0.1,512,3,5,4,256,6000,8.0,2633729,4,4,9977,4102,900016,1,4468,10468,42,252.0,2.1,3.5091,0.72857642
cold,0,1,0,0.0001,0.1,512,3,5,4,256,6000,8.0,2633729,4,4,9977,4102,900016,1,4468,10468,43,258.0,2.15,3.59265,0.73697293
cold,0,1,0,0.0001,0.1,512,3,5,4,256,6000,8.0,2633729,4,4,9977,4102,900016,1,4468,10468,44,264.0,2.2,3.6762,0.7448597
cold,0,1,0,0.0001,0.1,512,3,5,4,256,6000,8.0,2633729,4,4,9977,4102,900016,1,4468,10468,45,270.0,2.25,3.75975,0.75212747
cold,0,1,0,0.0001,0.1,512,3,5,4,256,6000,8.0,2633729,4,4,9977,4102,900016,1,4468,10468,46,276.0,2.3,3.8433,0.75799209
cold,0,1,0,0.0001,0.1,512,3,5,4,256,6000,8.0,2633729,4,4,9977,4102,900016,1,4468,10468,47,282.0,2.35,3.92685,0.76208311
cold,0,1,0,0.0001,0.1,512,3,5,4,256,6000,8.0,2633729,4,4,9977,4102,900016,1,4468,10468,48,288.0,2.4,4.0104,0.76530904
cold,0,1,0,0.0001,0.1,512,3,5,4,256,6000,8.0,2633729,4,4,9977,4102,900016,1,4468,10468,49,294.0,2.45,4.09395,0.77027088
cold,0,1,0,0.0001,0.1,512,3,5,4,256,6000,8.0,2633729,4,4,9977,4102,900016,1,4468,10468,50,300.0,2.5,4.1775,0.77993381
cold,0,1,0,0.0001,0.1,512,3,5,4,256,6000,8.0,2633729,4,4,9977,4102,900016,1,4468,10468,51,306.0,2.55,4.26105,0.79380023
cold,0,1,0,0.0001,0.1,512,3,5,4,256,6000,8.0,2633729,4,4,9977,4102,900016,1,4468,10468,52,312.0,2.6,4.3446,0.80758405
cold,0,1,0,0.0001,0.1,512,3,5,4,256,6000,8.0,2633729,4,4,9977,4102,900016,1,4468,10468,53,318.0,2.65,4.42815,0.81817311
cold,0,1,0,0.0001,0.1,512,3,5,4,256,6000,8.0,2633729,4,4,9977,4102,900016,1,4468,10468,54,324.0,2.7,4.5117,0.82602715
cold,0,1,0,0.0001,0.1,512,3,5,4,256,6000,8.0,2633729,4,4,9977,4102,900016,1,4468,10468,55,330.0,2.75,4.59525,0.83267057
cold,0,1,0,0.0001,0.1,512,3,5,4,256,6000,8.0,2633729,4,4,9977,4102,900016,1,4468,10468,56,336.0,2.8,4.6788,0.83851254
cold,0,1,0,0.0001,0.1,512,3,5,4,256,6000,8.0,2633729,4,4,9977,4102,900016,1,4468,10468,57,342.0,2.85,4.76235,0.84365243
cold,0,1,0,0.0001,0.1,512,3,5,4,256,6000,8.0,2633729,4,4,9977,4102,900016,1,4468,10468,58,348.0,2.9,4.8459,0.84937108
cold,0,1,0,0.0001,0.1,512,3,5,4,256,6000,8.0,2633729,4,4,9977,4102,900016,1,4468,10468,59,354.0,2.95,4.92945,0.8562569
cold,0,1,0,0.0001,0.1,512,3,5,4,256,6000,8.0,2633729,4,4,9977,4102,900016,1,4468,10468,60,360.0,3.0,5.013,0.86331171
cold,0,1,0,0.0001,0.1,512,3,5,4,256,6000,8.0,2633729,4,4,9977,4102,900016,1,4468,10468,61,366.0,3.05,5.09655,0.86978346
cold,0,1,0,0.0001,0.1,512,3,5,4,256,6000,8.0,2633729,4,4,9977,4102,900016,1,4468,10468,62,372.0,3.1,5.1801,0.87554848
cold,0,1,0,0.0001,0.1,512,3,5,4,256,6000,8.0,2633729,4,4,9977,4102,900016,1,4468,10468,63,378.0,3.15,5.26365,0.88097537
cold,0,1,0,0.0001,0.1,512,3,5,4,256,6000,8.0,2633729,4,4,9977,4102,900016,1,4468,10468,64,384.0,3.2,5.3472,0.88684642
cold,0,1,0,0.0001,0.1,512,3,5,4,256,6000,8.0,2633729,4,4,9977,4102,900016,1,4468,10468,65,390.0,3.25,5.43075,0.89319712
cold,0,1,0,0.0001,0.1,512,3,5,4,256,6000,8.0,2633729,4,4,9977,4102,900016,1,4468,10468,66,396.0,3.3,5.5143,0.89873391
cold,0,1,0,0.0001,0.1,512,3,5,4,256,6000,8.0,2633729,4,4,9977,4102,900016,1,4468,10468,67,402.0,3.35,5.59785,0.90232116
cold,0,1,0,0.0001,0.1,512,3,5,4,256,6000,8.0,2633729,4,4,9977,4102,900016,1,4468,10468,68,408.0,3.4,5.6814,0.90412575
cold,0,1,0,0.0001,0.1,512,3,5,4,256,6000,8.0,2633729,4,4,9977,4102,900016,1,4468,10468,69,414.0,3.45,5.76495,0.90522432
cold,0,1,0,0.0001,0.1,512,3,5,4,256,6000,8.0,2633729,4,4,9977,4102,900016,1,4468,10468,70,420.0,3.5,5.8485,0.90711451
cold,0,1,0,0.0001,0.1,512,3,5,4,256,6000,8.0,2633729,4,4,9977,4102,900016,1,4468,10468,71,426.0,3.55,5.93205,0.91157866
cold,0,1,0,0.0001,0.1,512,3,5,4,256,6000,8.0,2633729,4,4,9977,4102,900016,1,4468,10468,72,432.0,3.6,6.0156,0.91934228
cold,0,1,0,0.0001,0.1,512,3,5,4,256,6000,8.0,2633729,4,4,9977,4102,900016,1,4468,10468,73,438.0,3.65,6.09915,0.92786962
cold,0,1,0,0.0001,0.1,512,3,5,4,256,6000,8.0,2633729,4,4,9977,4102,900016,1,4468,10468,74,444.0,3.7,6.1827,0.93293732
cold,0,1,0,0.0001,0.1,512,3,5,4,256,6000,8.0,2633729,4,4,9977,4102,900016,1,4468,10468,75,450.0,3.75,6.26625,0.93303102
cold,0,1,0,0.0001,0.1,512,3,5,4,256,6000,8.0,2633729,4,4,9977,4102,900016,1,4468,10468,76,456.0,3.8,6.3498,0.93030769
cold,0,1,0,0.0001,0.1,512,3,5,4,256,6000,8.0,2633729,4,4,9977,4102,900016,1,4468,10468,77,462.0,3.85,6.43335,0.92765737
cold,0,1,0,0.0001,0.1,512,3,5,4,256,6000,8.0,2633729,4,4,9977,4102,900016,1,4468,10468,78,468.0,3.9,6.5169,0.92616552
cold,0,1,0,0.0001,0.1,512,3,5,4,256,6000,8.0,2633729,4,4,9977,4102,900016,1,4468,10468,79,474.0,3.95,6.60045,0.92598146
cold,0,1,0,0.0001,0.1,512,3,5,4,256,6000,8.0,2633729,4,4,9977,4102,900016,1,4468,10468,80,480.0,4.0,6.684,0.92761236
cold,0,1,0,0.0001,0.1,512,3,5,4,256,6000,8.0,2633729,4,4,9977,4102,900016,1,4468,10468,81,486.0,4.05,6.76755,0.93149042
cold,0,1,0,0.0001,0.1,512,3,5,4,256,6000,8.0,2633729,4,4,9977,4102,900016,1,4468,10468,82,492.0,4.1,6.8511,0.93771237
cold,0,1,0,0.0001,0.1,512,3,5,4,256,6000,8.0,2633729,4,4,9977,4102,900016,1,4468,10468,83,498.0,4.15,6.93465,0.94602197
cold,0,1,0,0.0001,0.1,512,3,5,4,256,6000,8.0,2633729,4,4,9977,4102,900016,1,4468,10468,84,504.0,4.2,7.0182,0.95545459
cold,0,1,0,0.0001,0.1,512,3,5,4,256,6000,8.0,2633729,4,4,9977,4102,900016,1,4468,10468,85,510.0,4.25,7.10175,0.96346045
cold,0,1,0,0.0001,0.1,512,3,5,4,256,6000,8.0,2633729,4,4,9977,4102,900016,1,4468,10468,86,516.0,4.3,7.1853,0.96721381
cold,0,1,0,0.0001,0.1,512,3,5,4,256,6000,8.0,2633729,4,4,9977,4102,900016,1,4468,10468,87,522.0,4.35,7.26885,0.96619195
cold,0,1,0,0.0001,0.1,512,3,5,4,256,6000,8.0,2633729,4,4,9977,4102,900016,1,4468,10468,88,528.0,4.4,7.3524,0.96239036
cold,0,1,0,0.0001,0.1,512,3,5,4,256,6000,8.0,2633729,4,4,9977,4102,900016,1,4468,10468,89,534.0,4.45,7.43595,0.95843929
cold,0,1,0,0.0001,0.1,512,3,5,4,256,6000,8.0,2633729,4,4,9977,4102,900016,1,4468,10468,90,540.0,4.5,7.5195,0.95588654
cold,0,1,0,0.0001,0.1,512,3,5,4,256,6000,8.0,2633729,4,4,9977,4102,900016,1,4468,10468,91,546.0,4.55,7.60305,0.95527351
cold,0,1,0,0.0001,0.1,512,3,5,4,256,6000,8.0,2633729,4,4,9977,4102,900016,1,4468,10468,92,552.0,4.6,7.6866,0.95636368
cold,0,1,0,0.0001,0.1,512,3,5,4,256,6000,8.0,2633729,4,4,9977,4102,900016,1,4468,10468,93,558.0,4.65,7.77015,0.9589296
cold,0,1,0,0.0001,0.1,512,3,5,4,256,6000,8.0,2633729,4,4,9977,4102,900016,1,4468,10468,94,564.0,4.7,7.8537,0.96309096
cold,0,1,0,0.0001,0.1,512,3,5,4,256,6000,8.0,2633729,4,4,9977,4102,900016,1,4468,10468,95,570.0,4.75,7.93725,0.96805763
cold,0,1,0,0.0001,0.1,512,3,5,4,256,6000,8.0,2633729,4,4,9977,4102,900016,1,4468,10468,96,576.0,4.8,8.0208,0.97213668
cold,0,1,0,0.0001,0.1,512,3,5,4,256,6000,8.0,2633729,4,4,9977,4102,900016,1,4468,10468,97,582.0,4.85,8.10435,0.97511071
cold,0,1,0,0.0001,0.1,512,3,5,4,256,6000,8.0,2633729,4,4,9977,4102,900016,1,4468,10468,98,588.0,4.9,8.1879,0.97833771
cold,0,1,0,0.0001,0.1,512,3,5,4,256,6000,8.0,2633729,4,4,9977,4102,900016,1,4468,10468,99,594.0,4.95,8.27145,0.98171353
cold,0,1,0,0.0001,0.1,512,3,5,4,256,6000,8.0,2633729,4,4,9977,4102,900016,1,4468,10468,100,600.0,5.0,8.355,0.98377347
cold,0,1,0,0.0001,0.1,512,3,5,4,256,6000,8.0,2633729,4,4,9977,4102,900016,1,4468,10468,101,606.0,5.05,8.43855,0.9843328
cold,0,1,0,0.0001,0.1,512,3,5,4,256,6000,8.0,2633729,4,4,9977,4102,900016,1,4468,10468,102,612.0,5.1,8.5221,0.9846772
cold,0,1,0,0.0001,0.1,512,3,5,4,256,6000,8.0,2633729,4,4,9977,4102,900016,1,4468,10468,103,618.0,5.15,8.60565,0.98507613
cold,0,1,0,0.0001,0.1,512,3,5,4,256,6000,8.0,2633729,4,4,9977,4102,900016,1,4468,10468,104,624.0,5.2,8.6892,0.98476911
cold,0,1,0,0.0001,0.1,512,3,5,4,256,6000,8.0,2633729,4,4,9977,4102,900016,1,4468,10468,105,630.0,5.25,8.77275,0.98418397
cold,0,1,0,0.0001,0.1,512,3,5,4,256,6000,8.0,2633729,4,4,9977,4102,900016,1,4468,10468,106,636.0,5.3,8.8563,0.98518652
cold,0,1,0,0.0001,0.1,512,3,5,4,256,6000,8.0,2633729,4,4,9977,4102,900016,1,4468,10468,107,642.0,5.35,8.93985,0.98832428
cold,0,1,0,0.0001,0.1,512,3,5,4,256,6000,8.0,2633729,4,4,9977,4102,900016,1,4468,10468,108,648.0,5.4,9.0234,0.99082524
cold,0,1,0,0.0001,0.1,512,3,5,4,256,6000,8.0,2633729,4,4,9977,4102,900016,1,4468,10468,109,654.0,5.45,9.10695,0.98927498
cold,0,1,0,0.0001,0.1,512,3,5,4,256,6000,8.0,2633729,4,4,9977,4102,900016,1,4468,10468,110,660.0,5.5,9.1905,0.98436415
cold,0,1,0,0.0001,0.1,512,3,5,4,256,6000,8.0,2633729,4,4,9977,4102,900016,1,4468,10468,111,666.0,5.55,9.27405,0.98055172
cold,0,1,0,0.0001,0.1,512,3,5,4,256,6000,8.0,2633729,4,4,9977,4102,900016,1,4468,10468,112,672.0,5.6,9.3576,0.98075455
cold,0,1,0,0.0001,0.1,512,3,5,4,256,6000,8.0,2633729,4,4,9977,4102,900016,1,4468,10468,113,678.0,5.65,9.44115,0.98446435
cold,0,1,0,0.0001,0.1,512,3,5,4,256,6000,8.0,2633729,4,4,9977,4102,900016,1,4468,10468,114,684.0,5.7,9.5247,0.99013466
cold,0,1,0,0.0001,0.1,512,3,5,4,256,6000,8.0,2633729,4,4,9977,4102,900016,1,4468,10468,115,690.0,5.75,9.60825,0.9958663
cold,0,1,0,0.0001,0.1,512,3,5,4,256,6000,8.0,2633729,4,4,9977,4102,900016,1,4468,10468,116,696.0,5.8,9.6918,0.99975568
cold,0,1,0,0.0001,0.1,512,3,5,4,256,6000,8.0,2633729,4,4,9977,4102,900016,1,4468,10468,117,702.0,5.85,9.77535,1.00225008
cold,0,1,0,0.0001,0.1,512,3,5,4,256,6000,8.0,2633729,4,4,9977,4102,900016,1,4468,10468,118,708.0,5.9,9.8589,1.00473416
cold,0,1,0,0.0001,0.1,512,3,5,4,256,6000,8.0,2633729,4,4,9977,4102,900016,1,4468,10468,119,714.0,5.95,9.94245,1.00585294
cold,0,1,0,0.0001,0.1,512,3,5,4,256,6000,8.0,2633729,4,4,9977,4102,900016,1,4468,10468,120,720.0,6.0,10.026,1.0043087
cold,0,1,0,0.0001,0.1,512,3,5,4,256,6000,8.0,2633729,4,4,9977,4102,900016,1,6000,12000,1,6.0,0.05,0.08355,0.03798913
cold,0,1,0,0.0001,0.1,512,3,5,4,256,6000,8.0,2633729,4,4,9977,4102,900016,1,6000,12000,2,12.0,0.1,0.1671,0.0447802
cold,0,1,0,0.0001,0.1,512,3,5,4,256,6000,8.0,2633729,4,4,9977,4102,900016,1,6000,12000,3,18.0,0.15,0.25065,0.05203666
cold,0,1,0,0.0001,0.1,512,3,5,4,256,6000,8.0,2633729,4,4,9977,4102,900016,1,6000,12000,4,24.0,0.2,0.3342,0.05870384
cold,0,1,0,0.0001,0.1,512,3,5,4,256,6000,8.0,2633729,4,4,9977,4102,900016,1,6000,12000,5,30.0,0.25,0.41775,0.06521311
cold,0,1,0,0.0001,0.1,512,3,5,4,256,6000,8.0,2633729,4,4,9977,4102,900016,1,6000,12000,6,36.0,0.3,0.5013,0.07438326
cold,0,1,0,0.0001,0.1,512,3,5,4,256,6000,8.0,2633729,4,4,9977,4102,900016,1,6000,12000,7,42.0,0.35,0.58485,0.08435416
cold,0,1,0,0.0001,0.1,512,3,5,4,256,6000,8.0,2633729,4,4,9977,4102,900016,1,6000,12000,8,48.0,0.4,0.6684,0.09526544
cold,0,1,0,0.0001,0.1,512,3,5,4,256,6000,8.0,2633729,4,4,9977,4102,900016,1,6000,12000,9,54.0,0.45,0.75195,0.10727929
cold,0,1,0,0.0001,0.1,512,3,5,4,256,6000,8.0,2633729,4,4,9977,4102,900016,1,6000,12000,10,60.0,0.5,0.8355,0.12025412
cold,0,1,0,0.0001,0.1,512,3,5,4,256,6000,8.0,2633729,4,4,9977,4102,900016,1,6000,12000,11,66.0,0.55,0.91905,0.13446979
cold,0,1,0,0.0001,0.1,512,3,5,4,256,6000,8.0,2633729,4,4,9977,4102,900016,1,6000,12000,12,72.0,0.6,1.0026,0.1505895
cold,0,1,0,0.0001,0.1,512,3,5,4,256,6000,8.0,2633729,4,4,9977,4102,900016,1,6000,12000,13,78.0,0.65,1.08615,0.16861553
cold,0,1,0,0.0001,0.1,512,3,5,4,256,6000,8.0,2633729,4,4,9977,4102,900016,1,6000,12000,14,84.0,0.7,1.1697,0.18782128
cold,0,1,0,0.0001,0.1,512,3,5,4,256,6000,8.0,2633729,4,4,9977,4102,900016,1,6000,12000,15,90.0,0.75,1.25325,0.20745133
cold,0,1,0,0.0001,0.1,512,3,5,4,256,6000,8.0,2633729,4,4,9977,4102,900016,1,6000,12000,16,96.0,0.8,1.3368,0.22690053
cold,0,1,0,0.0001,0.1,512,3,5,4,256,6000,8.0,2633729,4,4,9977,4102,900016,1,6000,12000,17,102.0,0.85,1.42035,0.24607329
cold,0,1,0,0.0001,0.1,512,3,5,4,256,6000,8.0,2633729,4,4,9977,4102,900016,1,6000,12000,18,108.0,0.9,1.5039,0.26573032
cold,0,1,0,0.0001,0.1,512,3,5,4,256,6000,8.0,2633729,4,4,9977,4102,900016,1,6000,12000,19,114.0,0.95,1.58745,0.28668082
cold,0,1,0,0.0001,0.1,512,3,5,4,256,6000,8.0,2633729,4,4,9977,4102,900016,1,6000,12000,20,120.0,1.0,1.671,0.30879819
cold,0,1,0,0.0001,0.1,512,3,5,4,256,6000,8.0,2633729,4,4,9977,4102,900016,1,6000,12000,21,126.0,1.05,1.75455,0.3313143
cold,0,1,0,0.0001,0.1,512,3,5,4,256,6000,8.0,2633729,4,4,9977,4102,900016,1,6000,12000,22,132.0,1.1,1.8381,0.35310987
cold,0,1,0,0.0001,0.1,512,3,5,4,256,6000,8.0,2633729,4,4,9977,4102,900016,1,6000,12000,23,138.0,1.15,1.92165,0.37312412
cold,0,1,0,0.0001,0.1,512,3,5,4,256,6000,8.0,2633729,4,4,9977,4102,900016,1,6000,12000,24,144.0,1.2,2.0052,0.391233
cold,0,1,0,0.0001,0.1,512,3,5,4,256,6000,8.0,2633729,4,4,9977,4102,900016,1,6000,12000,25,150.0,1.25,2.08875,0.40839371
cold,0,1,0,0.0001,0.1,512,3,5,4,256,6000,8.0,2633729,4,4,9977,4102,900016,1,6000,12000,26,156.0,1.3,2.1723,0.4255428
cold,0,1,0,0.0001,0.1,512,3,5,4,256,6000,8.0,2633729,4,4,9977,4102,900016,1,6000,12000,27,162.0,1.35,2.25585,0.44323847
cold,0,1,0,0.0001,0.1,512,3,5,4,256,6000,8.0,2633729,4,4,9977,4102,900016,1,6000,12000,28,168.0,1.4,2.3394,0.46213618
cold,0,1,0,0.0001,0.1,512,3,5,4,256,6000,8.0,2633729,4,4,9977,4102,900016,1,6000,12000,29,174.0,1.45,2.42295,0.48258439
cold,0,1,0,0.0001,0.1,512,3,5,4,256,6000,8.0,2633729,4,4,9977,4102,900016,1,6000,12000,30,180.0,1.5,2.5065,0.50421369
cold,0,1,0,0.0001,0.1,512,3,5,4,256,6000,8.0,2633729,4,4,9977,4102,900016,1,6000,12000,31,186.0,1.55,2.59005,0.52634609
cold,0,1,0,0.0001,0.1,512,3,5,4,256,6000,8.0,2633729,4,4,9977,4102,900016,1,6000,12000,32,192.0,1.6,2.6736,0.54950643
cold,0,1,0,0.0001,0.1,512,3,5,4,256,6000,8.0,2633729,4,4,9977,4102,900016,1,6000,12000,33,198.0,1.65,2.75715,0.57453758
cold,0,1,0,0.0001,0.1,512,3,5,4,256,6000,8.0,2633729,4,4,9977,4102,900016,1,6000,12000,34,204.0,1.7,2.8407,0.60041636
cold,0,1,0,0.0001,0.1,512,3,5,4,256,6000,8.0,2633729,4,4,9977,4102,900016,1,6000,12000,35,210.0,1.75,2.92425,0.62498987
cold,0,1,0,0.0001,0.1,512,3,5,4,256,6000,8.0,2633729,4,4,9977,4102,900016,1,6000,12000,36,216.0,1.8,3.0078,0.64675891
cold,0,1,0,0.0001,0.1,512,3,5,4,256,6000,8.0,2633729,4,4,9977,4102,900016,1,6000,12000,37,222.0,1.85,3.09135,0.66533947
cold,0,1,0,0.0001,0.1,512,3,5,4,256,6000,8.0,2633729,4,4,9977,4102,900016,1,6000,12000,38,228.0,1.9,3.1749,0.68175292
cold,0,1,0,0.0001,0.1,512,3,5,4,256,6000,8.0,2633729,4,4,9977,4102,900016,1,6000,12000,39,234.0,1.95,3.25845,0.69728768
cold,0,1,0,0.0001,0.1,512,3,5,4,256,6000,8.0,2633729,4,4,9977,4102,900016,1,6000,12000,40,240.0,2.0,3.342,0.71217197
cold,0,1,0,0.0001,0.1,512,3,5,4,256,6000,8.0,2633729,4,4,9977,4102,900016,1,6000,12000,41,246.0,2.05,3.42555,0.72589236
cold,0,1,0,0.0001,0.1,512,3,5,4,256,6000,8.0,2633729,4,4,9977,4102,900016,1,6000,12000,42,252.0,2.1,3.5091,0.73809123
cold,0,1,0,0.0001,0.1,512,3,5,4,256,6000,8.0,2633729,4,4,9977,4102,900016,1,6000,12000,43,258.0,2.15,3.59265,0.74901408
cold,0,1,0,0.0001,0.1,512,3,5,4,256,6000,8.0,2633729,4,4,9977,4102,900016,1,6000,12000,44,264.0,2.2,3.6762,0.75851196
cold,0,1,0,0.0001,0.1,512,3,5,4,256,6000,8.0,2633729,4,4,9977,4102,900016,1,6000,12000,45,270.0,2.25,3.75975,0.76511627
cold,0,1,0,0.0001,0.1,512,3,5,4,256,6000,8.0,2633729,4,4,9977,4102,900016,1,6000,12000,46,276.0,2.3,3.8433,0.76796472
cold,0,1,0,0.0001,0.1,512,3,5,4,256,6000,8.0,2633729,4,4,9977,4102,900016,1,6000,12000,47,282.0,2.35,3.92685,0.76992476
cold,0,1,0,0.0001,0.1,512,3,5,4,256,6000,8.0,2633729,4,4,9977,4102,900016,1,6000,12000,48,288.0,2.4,4.0104,0.77439463
cold,0,1,0,0.0001,0.1,512,3,5,4,256,6000,8.0,2633729,4,4,9977,4102,900016,1,6000,12000,49,294.0,2.45,4.09395,0.78185445
cold,0,1,0,0.0001,0.1,512,3,5,4,256,6000,8.0,2633729,4,4,9977,4102,900016,1,6000,12000,50,300.0,2.5,4.1775,0.79159355
cold,0,1,0,0.0001,0.1,512,3,5,4,256,6000,8.0,2633729,4,4,9977,4102,900016,1,6000,12000,51,306.0,2.55,4.26105,0.80244809
cold,0,1,0,0.0001,0.1,512,3,5,4,256,6000,8.0,2633729,4,4,9977,4102,900016,1,6000,12000,52,312.0,2.6,4.3446,0.81245798
cold,0,1,0,0.0001,0.1,512,3,5,4,256,6000,8.0,2633729,4,4,9977,4102,900016,1,6000,12000,53,318.0,2.65,4.42815,0.82038122
cold,0,1,0,0.0001,0.1,512,3,5,4,256,6000,8.0,2633729,4,4,9977,4102,900016,1,6000,12000,54,324.0,2.7,4.5117,0.82785189
cold,0,1,0,0.0001,0.1,512,3,5,4,256,6000,8.0,2633729,4,4,9977,4102,900016,1,6000,12000,55,330.0,2.75,4.59525,0.83646417
cold,0,1,0,0.0001,0.1,512,3,5,4,256,6000,8.0,2633729,4,4,9977,4102,900016,1,6000,12000,56,336.0,2.8,4.6788,0.84491062
cold,0,1,0,0.0001,0.1,512,3,5,4,256,6000,8.0,2633729,4,4,9977,4102,900016,1,6000,12000,57,342.0,2.85,4.76235,0.85177904
cold,0,1,0,0.0001,0.1,512,3,5,4,256,6000,8.0,2633729,4,4,9977,4102,900016,1,6000,12000,58,348.0,2.9,4.8459,0.85726684
cold,0,1,0,0.0001,0.1,512,3,5,4,256,6000,8.0,2633729,4,4,9977,4102,900016,1,6000,12000,59,354.0,2.95,4.92945,0.86243385
cold,0,1,0,0.0001,0.1,512,3,5,4,256,6000,8.0,2633729,4,4,9977,4102,900016,1,6000,12000,60,360.0,3.0,5.013,0.86758012
cold,0,1,0,0.0001,0.1,512,3,5,4,256,6000,8.0,2633729,4,4,9977,4102,900016,1,6000,12000,61,366.0,3.05,5.09655,0.87331563
cold,0,1,0,0.0001,0.1,512,3,5,4,256,6000,8.0,2633729,4,4,9977,4102,900016,1,6000,12000,62,372.0,3.1,5.1801,0.88017094
cold,0,1,0,0.0001,0.1,512,3,5,4,256,6000,8.0,2633729,4,4,9977,4102,900016,1,6000,12000,63,378.0,3.15,5.26365,0.88786435
cold,0,1,0,0.0001,0.1,512,3,5,4,256,6000,8.0,2633729,4,4,9977,4102,900016,1,6000,12000,64,384.0,3.2,5.3472,0.8954497
cold,0,1,0,0.0001,0.1,512,3,5,4,256,6000,8.0,2633729,4,4,9977,4102,900016,1,6000,12000,65,390.0,3.25,5.43075,0.90285975
cold,0,1,0,0.0001,0.1,512,3,5,4,256,6000,8.0,2633729,4,4,9977,4102,900016,1,6000,12000,66,396.0,3.3,5.5143,0.90991324
cold,0,1,0,0.0001,0.1,512,3,5,4,256,6000,8.0,2633729,4,4,9977,4102,900016,1,6000,12000,67,402.0,3.35,5.59785,0.91636866
cold,0,1,0,0.0001,0.1,512,3,5,4,256,6000,8.0,2633729,4,4,9977,4102,900016,1,6000,12000,68,408.0,3.4,5.6814,0.92256677
cold,0,1,0,0.0001,0.1,512,3,5,4,256,6000,8.0,2633729,4,4,9977,4102,900016,1,6000,12000,69,414.0,3.45,5.76495,0.92877215
cold,0,1,0,0.0001,0.1,512,3,5,4,256,6000,8.0,2633729,4,4,9977,4102,900016,1,6000,12000,70,420.0,3.5,5.8485,0.93398529
cold,0,1,0,0.0001,0.1,512,3,5,4,256,6000,8.0,2633729,4,4,9977,4102,900016,1,6000,12000,71,426.0,3.55,5.93205,0.93674135
cold,0,1,0,0.0001,0.1,512,3,5,4,256,6000,8.0,2633729,4,4,9977,4102,900016,1,6000,12000,72,432.0,3.6,6.0156,0.93754643
cold,0,1,0,0.0001,0.1,512,3,5,4,256,6000,8.0,2633729,4,4,9977,4102,900016,1,6000,12000,73,438.0,3.65,6.09915,0.93797421
cold,0,1,0,0.0001,0.1,512,3,5,4,256,6000,8.0,2633729,4,4,9977,4102,900016,1,6000,12000,74,444.0,3.7,6.1827,0.93922114
cold,0,1,0,0.0001,0.1,512,3,5,4,256,6000,8.0,2633729,4,4,9977,4102,900016,1,6000,12000,75,450.0,3.75,6.26625,0.94188863
cold,0,1,0,0.0001,0.1,512,3,5,4,256,6000,8.0,2633729,4,4,9977,4102,900016,1,6000,12000,76,456.0,3.8,6.3498,0.94630122
cold,0,1,0,0.0001,0.1,512,3,5,4,256,6000,8.0,2633729,4,4,9977,4102,900016,1,6000,12000,77,462.0,3.85,6.43335,0.95145726
cold,0,1,0,0.0001,0.1,512,3,5,4,256,6000,8.0,2633729,4,4,9977,4102,900016,1,6000,12000,78,468.0,3.9,6.5169,0.95603645
cold,0,1,0,0.0001,0.1,512,3,5,4,256,6000,8.0,2633729,4,4,9977,4102,900016,1,6000,12000,79,474.0,3.95,6.60045,0.95984256
cold,0,1,0,0.0001,0.1,512,3,5,4,256,6000,8.0,2633729,4,4,9977,4102,900016,1,6000,12000,80,480.0,4.0,6.684,0.96317023
cold,0,1,0,0.0001,0.1,512,3,5,4,256,6000,8.0,2633729,4,4,9977,4102,900016,1,6000,12000,81,486.0,4.05,6.76755,0.96540695
cold,0,1,0,0.0001,0.1,512,3,5,4,256,6000,8.0,2633729,4,4,9977,4102,900016,1,6000,12000,82,492.0,4.1,6.8511,0.96595144
cold,0,1,0,0.0001,0.1,512,3,5,4,256,6000,8.0,2633729,4,4,9977,4102,900016,1,6000,12000,83,498.0,4.15,6.93465,0.96543336
cold,0,1,0,0.0001,0.1,512,3,5,4,256,6000,8.0,2633729,4,4,9977,4102,900016,1,6000,12000,84,504.0,4.2,7.0182,0.96450263
cold,0,1,0,0.0001,0.1,512,3,5,4,256,6000,8.0,2633729,4,4,9977,4102,900016,1,6000,12000,85,510.0,4.25,7.10175,0.9632591
cold,0,1,0,0.0001,0.1,512,3,5,4,256,6000,8.0,2633729,4,4,9977,4102,900016,1,6000,12000,86,516.0,4.3,7.1853,0.96171147
cold,0,1,0,0.0001,0.1,512,3,5,4,256,6000,8.0,2633729,4,4,9977,4102,900016,1,6000,12000,87,522.0,4.35,7.26885,0.95981848
cold,0,1,0,0.0001,0.1,512,3,5,4,256,6000,8.0,2633729,4,4,9977,4102,900016,1,6000,12000,88,528.0,4.4,7.3524,0.95738989
cold,0,1,0,0.0001,0.1,512,3,5,4,256,6000,8.0,2633729,4,4,9977,4102,900016,1,6000,12000,89,534.0,4.45,7.43595,0.95432407
cold,0,1,0,0.0001,0.1,512,3,5,4,256,6000,8.0,2633729,4,4,9977,4102,900016,1,6000,12000,90,540.0,4.5,7.5195,0.95138913
cold,0,1,0,0.0001,0.1,512,3,5,4,256,6000,8.0,2633729,4,4,9977,4102,900016,1,6000,12000,91,546.0,4.55,7.60305,0.95024425
cold,0,1,0,0.0001,0.1,512,3,5,4,256,6000,8.0,2633729,4,4,9977,4102,900016,1,6000,12000,92,552.0,4.6,7.6866,0.95238572
cold,0,1,0,0.0001,0.1,512,3,5,4,256,6000,8.0,2633729,4,4,9977,4102,900016,1,6000,12000,93,558.0,4.65,7.77015,0.95740259
cold,0,1,0,0.0001,0.1,512,3,5,4,256,6000,8.0,2633729,4,4,9977,4102,900016,1,6000,12000,94,564.0,4.7,7.8537,0.96332812
cold,0,1,0,0.0001,0.1,512,3,5,4,256,6000,8.0,2633729,4,4,9977,4102,900016,1,6000,12000,95,570.0,4.75,7.93725,0.96775997
cold,0,1,0,0.0001,0.1,512,3,5,4,256,6000,8.0,2633729,4,4,9977,4102,900016,1,6000,12000,96,576.0,4.8,8.0208,0.97049266
cold,0,1,0,0.0001,0.1,512,3,5,4,256,6000,8.0,2633729,4,4,9977,4102,900016,1,6000,12000,97,582.0,4.85,8.10435,0.97393197
cold,0,1,0,0.0001,0.1,512,3,5,4,256,6000,8.0,2633729,4,4,9977,4102,900016,1,6000,12000,98,588.0,4.9,8.1879,0.97955596
cold,0,1,0,0.0001,0.1,512,3,5,4,256,6000,8.0,2633729,4,4,9977,4102,900016,1,6000,12000,99,594.0,4.95,8.27145,0.98590934
cold,0,1,0,0.0001,0.1,512,3,5,4,256,6000,8.0,2633729,4,4,9977,4102,900016,1,6000,12000,100,600.0,5.0,8.355,0.99034268
cold,0,1,0,0.0001,0.1,512,3,5,4,256,6000,8.0,2633729,4,4,9977,4102,900016,1,6000,12000,101,606.0,5.05,8.43855,0.99210447
cold,0,1,0,0.0001,0.1,512,3,5,4,256,6000,8.0,2633729,4,4,9977,4102,900016,1,6000,12000,102,612.0,5.1,8.5221,0.99208367
cold,0,1,0,0.0001,0.1,512,3,5,4,256,6000,8.0,2633729,4,4,9977,4102,900016,1,6000,12000,103,618.0,5.15,8.60565,0.99138123
cold,0,1,0,0.0001,0.1,512,3,5,4,256,6000,8.0,2633729,4,4,9977,4102,900016,1,6000,12000,104,624.0,5.2,8.6892,0.99126267
cold,0,1,0,0.0001,0.1,512,3,5,4,256,6000,8.0,2633729,4,4,9977,4102,900016,1,6000,12000,105,630.0,5.25,8.77275,0.99252319
cold,0,1,0,0.0001,0.1,512,3,5,4,256,6000,8.0,2633729,4,4,9977,4102,900016,1,6000,12000,106,636.0,5.3,8.8563,0.99480075
cold,0,1,0,0.0001,0.1,512,3,5,4,256,6000,8.0,2633729,4,4,9977,4102,900016,1,6000,12000,107,642.0,5.35,8.93985,0.9961617
cold,0,1,0,0.0001,0.1,512,3,5,4,256,6000,8.0,2633729,4,4,9977,4102,900016,1,6000,12000,108,648.0,5.4,9.0234,0.99456143
cold,0,1,0,0.0001,0.1,512,3,5,4,256,6000,8.0,2633729,4,4,9977,4102,900016,1,6000,12000,109,654.0,5.45,9.10695,0.99083012
cold,0,1,0,0.0001,0.1,512,3,5,4,256,6000,8.0,2633729,4,4,9977,4102,900016,1,6000,12000,110,660.0,5.5,9.1905,0.98757917
cold,0,1,0,0.0001,0.1,512,3,5,4,256,6000,8.0,2633729,4,4,9977,4102,900016,1,6000,12000,111,666.0,5.55,9.27405,0.98591143
cold,0,1,0,0.0001,0.1,512,3,5,4,256,6000,8.0,2633729,4,4,9977,4102,900016,1,6000,12000,112,672.0,5.6,9.3576,0.98551112
cold,0,1,0,0.0001,0.1,512,3,5,4,256,6000,8.0,2633729,4,4,9977,4102,900016,1,6000,12000,113,678.0,5.65,9.44115,0.98563176
cold,0,1,0,0.0001,0.1,512,3,5,4,256,6000,8.0,2633729,4,4,9977,4102,900016,1,6000,12000,114,684.0,5.7,9.5247,0.98581022
cold,0,1,0,0.0001,0.1,512,3,5,4,256,6000,8.0,2633729,4,4,9977,4102,900016,1,6000,12000,115,690.0,5.75,9.60825,0.98547232
cold,0,1,0,0.0001,0.1,512,3,5,4,256,6000,8.0,2633729,4,4,9977,4102,900016,1,6000,12000,116,696.0,5.8,9.6918,0.98494875
cold,0,1,0,0.0001,0.1,512,3,5,4,256,6000,8.0,2633729,4,4,9977,4102,900016,1,6000,12000,117,702.0,5.85,9.77535,0.98620087
cold,0,1,0,0.0001,0.1,512,3,5,4,256,6000,8.0,2633729,4,4,9977,4102,900016,1,6000,12000,118,708.0,5.9,9.8589,0.99021333
cold,0,1,0,0.0001,0.1,512,3,5,4,256,6000,8.0,2633729,4,4,9977,4102,900016,1,6000,12000,119,714.0,5.95,9.94245,0.99519765
cold,0,1,0,0.0001,0.1,512,3,5,4,256,6000,8.0,2633729,4,4,9977,4102,900016,1,6000,12000,120,720.0,6.0,10.026,0.99878716
cold,0,1,0,0.0001,0.1,512,3,5,4,256,6000,8.0,2633729,4,4,9977,4103,900017,2,1,12001,1,6.0,0.05,0.08355,0.16081361
cold,0,1,0,0.0001,0.1,512,3,5,4,256,6000,8.0,2633729,4,4,9977,4103,900017,2,1,12001,2,12.0,0.1,0.1671,0.28917664
cold,0,1,0,0.0001,0.1,512,3,5,4,256,6000,8.0,2633729,4,4,9977,4103,900017,2,1,12001,3,18.0,0.15,0.25065,0.40713504
cold,0,1,0,0.0001,0.1,512,3,5,4,256,6000,8.0,2633729,4,4,9977,4103,900017,2,1,12001,4,24.0,0.2,0.3342,0.50629497
cold,0,1,0,0.0001,0.1,512,3,5,4,256,6000,8.0,2633729,4,4,9977,4103,900017,2,1,12001,5,30.0,0.25,0.41775,0.58507955
cold,0,1,0,0.0001,0.1,512,3,5,4,256,6000,8.0,2633729,4,4,9977,4103,900017,2,1,12001,6,36.0,0.3,0.5013,0.64428848
cold,0,1,0,0.0001,0.1,512,3,5,4,256,6000,8.0,2633729,4,4,9977,4103,900017,2,1,12001,7,42.0,0.35,0.58485,0.68570185
cold,0,1,0,0.0001,0.1,512,3,5,4,256,6000,8.0,2633729,4,4,9977,4103,900017,2,1,12001,8,48.0,0.4,0.6684,0.71236372
cold,0,1,0,0.0001,0.1,512,3,5,4,256,6000,8.0,2633729,4,4,9977,4103,900017,2,1,12001,9,54.0,0.45,0.75195,0.72799665
cold,0,1,0,0.0001,0.1,512,3,5,4,256,6000,8.0,2633729,4,4,9977,4103,900017,2,1,12001,10,60.0,0.5,0.8355,0.73577398
cold,0,1,0,0.0001,0.1,512,3,5,4,256,6000,8.0,2633729,4,4,9977,4103,900017,2,1,12001,11,66.0,0.55,0.91905,0.73872697
cold,0,1,0,0.0001,0.1,512,3,5,4,256,6000,8.0,2633729,4,4,9977,4103,900017,2,1,12001,12,72.0,0.6,1.0026,0.74026382
cold,0,1,0,0.0001,0.1,512,3,5,4,256,6000,8.0,2633729,4,4,9977,4103,900017,2,1,12001,13,78.0,0.65,1.08615,0.74293053
cold,0,1,0,0.0001,0.1,512,3,5,4,256,6000,8.0,2633729,4,4,9977,4103,900017,2,1,12001,14,84.0,0.7,1.1697,0.74756491
cold,0,1,0,0.0001,0.1,512,3,5,4,256,6000,8.0,2633729,4,4,9977,4103,900017,2,1,12001,15,90.0,0.75,1.25325,0.75352901
cold,0,1,0,0.0001,0.1,512,3,5,4,256,6000,8.0,2633729,4,4,9977,4103,900017,2,1,12001,16,96.0,0.8,1.3368,0.7594918
cold,0,1,0,0.0001,0.1,512,3,5,4,256,6000,8.0,2633729,4,4,9977,4103,900017,2,1,12001,17,102.0,0.85,1.42035,0.76475132
cold,0,1,0,0.0001,0.1,512,3,5,4,256,6000,8.0,2633729,4,4,9977,4103,900017,2,1,12001,18,108.0,0.9,1.5039,0.76926976
cold,0,1,0,0.0001,0.1,512,3,5,4,256,6000,8.0,2633729,4,4,9977,4103,900017,2,1,12001,19,114.0,0.95,1.58745,0.77268571
cold,0,1,0,0.0001,0.1,512,3,5,4,256,6000,8.0,2633729,4,4,9977,4103,900017,2,1,12001,20,120.0,1.0,1.671,0.77435452
cold,0,1,0,0.0001,0.1,512,3,5,4,256,6000,8.0,2633729,4,4,9977,4103,900017,2,1,12001,21,126.0,1.05,1.75455,0.77443045
cold,0,1,0,0.0001,0.1,512,3,5,4,256,6000,8.0,2633729,4,4,9977,4103,900017,2,1,12001,22,132.0,1.1,1.8381,0.77417749
cold,0,1,0,0.0001,0.1,512,3,5,4,256,6000,8.0,2633729,4,4,9977,4103,900017,2,1,12001,23,138.0,1.15,1.92165,0.77510887
cold,0,1,0,0.0001,0.1,512,3,5,4,256,6000,8.0,2633729,4,4,9977,4103,900017,2,1,12001,24,144.0,1.2,2.0052,0.77807611
cold,0,1,0,0.0001,0.1,512,3,5,4,256,6000,8.0,2633729,4,4,9977,4103,900017,2,1,12001,25,150.0,1.25,2.08875,0.78242201
cold,0,1,0,0.0001,0.1,512,3,5,4,256,6000,8.0,2633729,4,4,9977,4103,900017,2,1,12001,26,156.0,1.3,2.1723,0.786493
cold,0,1,0,0.0001,0.1,512,3,5,4,256,6000,8.0,2633729,4,4,9977,4103,900017,2,1,12001,27,162.0,1.35,2.25585,0.78937459
cold,0,1,0,0.0001,0.1,512,3,5,4,256,6000,8.0,2633729,4,4,9977,4103,900017,2,1,12001,28,168.0,1.4,2.3394,0.79127777
cold,0,1,0,0.0001,0.1,512,3,5,4,256,6000,8.0,2633729,4,4,9977,4103,900017,2,1,12001,29,174.0,1.45,2.42295,0.79235756
cold,0,1,0,0.0001,0.1,512,3,5,4,256,6000,8.0,2633729,4,4,9977,4103,900017,2,1,12001,30,180.0,1.5,2.5065,0.79218799
cold,0,1,0,0.0001,0.1,512,3,5,4,256,6000,8.0,2633729,4,4,9977,4103,900017,2,1,12001,31,186.0,1.55,2.59005,0.79104394
cold,0,1,0,0.0001,0.1,512,3,5,4,256,6000,8.0,2633729,4,4,9977,4103,900017,2,1,12001,32,192.0,1.6,2.6736,0.79050523
cold,0,1,0,0.0001,0.1,512,3,5,4,256,6000,8.0,2633729,4,4,9977,4103,900017,2,1,12001,33,198.0,1.65,2.75715,0.79178923
cold,0,1,0,0.0001,0.1,512,3,5,4,256,6000,8.0,2633729,4,4,9977,4103,900017,2,1,12001,34,204.0,1.7,2.8407,0.7946977
cold,0,1,0,0.0001,0.1,512,3,5,4,256,6000,8.0,2633729,4,4,9977,4103,900017,2,1,12001,35,210.0,1.75,2.92425,0.79804885
cold,0,1,0,0.0001,0.1,512,3,5,4,256,6000,8.0,2633729,4,4,9977,4103,900017,2,1,12001,36,216.0,1.8,3.0078,0.80074811
cold,0,1,0,0.0001,0.1,512,3,5,4,256,6000,8.0,2633729,4,4,9977,4103,900017,2,1,12001,37,222.0,1.85,3.09135,0.80290389
cold,0,1,0,0.0001,0.1,512,3,5,4,256,6000,8.0,2633729,4,4,9977,4103,900017,2,1,12001,38,228.0,1.9,3.1749,0.80503899
cold,0,1,0,0.0001,0.1,512,3,5,4,256,6000,8.0,2633729,4,4,9977,4103,900017,2,1,12001,39,234.0,1.95,3.25845,0.80673146
cold,0,1,0,0.0001,0.1,512,3,5,4,256,6000,8.0,2633729,4,4,9977,4103,900017,2,1,12001,40,240.0,2.0,3.342,0.80702835
cold,0,1,0,0.0001,0.1,512,3,5,4,256,6000,8.0,2633729,4,4,9977,4103,900017,2,1,12001,41,246.0,2.05,3.42555,0.80584186
cold,0,1,0,0.0001,0.1,512,3,5,4,256,6000,8.0,2633729,4,4,9977,4103,900017,2,1,12001,42,252.0,2.1,3.5091,0.80430466
cold,0,1,0,0.0001,0.1,512,3,5,4,256,6000,8.0,2633729,4,4,9977,4103,900017,2,1,12001,43,258.0,2.15,3.59265,0.80383396
cold,0,1,0,0.0001,0.1,512,3,5,4,256,6000,8.0,2633729,4,4,9977,4103,900017,2,1,12001,44,264.0,2.2,3.6762,0.80510747
cold,0,1,0,0.0001,0.1,512,3,5,4,256,6000,8.0,2633729,4,4,9977,4103,900017,2,1,12001,45,270.0,2.25,3.75975,0.80733389
cold,0,1,0,0.0001,0.1,512,3,5,4,256,6000,8.0,2633729,4,4,9977,4103,900017,2,1,12001,46,276.0,2.3,3.8433,0.80909431
cold,0,1,0,0.0001,0.1,512,3,5,4,256,6000,8.0,2633729,4,4,9977,4103,900017,2,1,12001,47,282.0,2.35,3.92685,0.8099122
cold,0,1,0,0.0001,0.1,512,3,5,4,256,6000,8.0,2633729,4,4,9977,4103,900017,2,1,12001,48,288.0,2.4,4.0104,0.81034386
cold,0,1,0,0.0001,0.1,512,3,5,4,256,6000,8.0,2633729,4,4,9977,4103,900017,2,1,12001,49,294.0,2.45,4.09395,0.81068629
cold,0,1,0,0.0001,0.1,512,3,5,4,256,6000,8.0,2633729,4,4,9977,4103,900017,2,1,12001,50,300.0,2.5,4.1775,0.81031185
cold,0,1,0,0.0001,0.1,512,3,5,4,256,6000,8.0,2633729,4,4,9977,4103,900017,2,1,12001,51,306.0,2.55,4.26105,0.8090843
cold,0,1,0,0.0001,0.1,512,3,5,4,256,6000,8.0,2633729,4,4,9977,4103,900017,2,1,12001,52,312.0,2.6,4.3446,0.80838829
cold,0,1,0,0.0001,0.1,512,3,5,4,256,6000,8.0,2633729,4,4,9977,4103,900017,2,1,12001,53,318.0,2.65,4.42815,0.80963707
cold,0,1,0,0.0001,0.1,512,3,5,4,256,6000,8.0,2633729,4,4,9977,4103,900017,2,1,12001,54,324.0,2.7,4.5117,0.81279844
cold,0,1,0,0.0001,0.1,512,3,5,4,256,6000,8.0,2633729,4,4,9977,4103,900017,2,1,12001,55,330.0,2.75,4.59525,0.81647825
cold,0,1,0,0.0001,0.1,512,3,5,4,256,6000,8.0,2633729,4,4,9977,4103,900017,2,1,12001,56,336.0,2.8,4.6788,0.81937069
cold,0,1,0,0.0001,0.1,512,3,5,4,256,6000,8.0,2633729,4,4,9977,4103,900017,2,1,12001,57,342.0,2.85,4.76235,0.82160878
cold,0,1,0,0.0001,0.1,512,3,5,4,256,6000,8.0,2633729,4,4,9977,4103,900017,2,1,12001,58,348.0,2.9,4.8459,0.8236962
cold,0,1,0,0.0001,0.1,512,3,5,4,256,6000,8.0,2633729,4,4,9977,4103,900017,2,1,12001,59,354.0,2.95,4.92945,0.82509822
cold,0,1,0,0.0001,0.1,512,3,5,4,256,6000,8.0,2633729,4,4,9977,4103,900017,2,1,12001,60,360.0,3.0,5.013,0.82489359
cold,0,1,0,0.0001,0.1,512,3,5,4,256,6000,8.0,2633729,4,4,9977,4103,900017,2,1,12001,61,366.0,3.05,5.09655,0.82322246
cold,0,1,0,0.0001,0.1,512,3,5,4,256,6000,8.0,2633729,4,4,9977,4103,900017,2,1,12001,62,372.0,3.1,5.1801,0.82140321
cold,0,1,0,0.0001,0.1,512,3,5,4,256,6000,8.0,2633729,4,4,9977,4103,900017,2,1,12001,63,378.0,3.15,5.26365,0.82080781
cold,0,1,0,0.0001,0.1,512,3,5,4,256,6000,8.0,2633729,4,4,9977,4103,900017,2,1,12001,64,384.0,3.2,5.3472,0.82189697
cold,0,1,0,0.0001,0.1,512,3,5,4,256,6000,8.0,2633729,4,4,9977,4103,900017,2,1,12001,65,390.0,3.25,5.43075,0.82366937
cold,0,1,0,0.0001,0.1,512,3,5,4,256,6000,8.0,2633729,4,4,9977,4103,900017,2,1,12001,66,396.0,3.3,5.5143,0.82463479
cold,0,1,0,0.0001,0.1,512,3,5,4,256,6000,8.0,2633729,4,4,9977,4103,900017,2,1,12001,67,402.0,3.35,5.59785,0.82438141
cold,0,1,0,0.0001,0.1,512,3,5,4,256,6000,8.0,2633729,4,4,9977,4103,900017,2,1,12001,68,408.0,3.4,5.6814,0.82358885
cold,0,1,0,0.0001,0.1,512,3,5,4,256,6000,8.0,2633729,4,4,9977,4103,900017,2,1,12001,69,414.0,3.45,5.76495,0.82271522
cold,0,1,0,0.0001,0.1,512,3,5,4,256,6000,8.0,2633729,4,4,9977,4103,900017,2,1,12001,70,420.0,3.5,5.8485,0.82129818
cold,0,1,0,0.0001,0.1,512,3,5,4,256,6000,8.0,2633729,4,4,9977,4103,900017,2,1,12001,71,426.0,3.55,5.93205,0.81932116
cold,0,1,0,0.0001,0.1,512,3,5,4,256,6000,8.0,2633729,4,4,9977,4103,900017,2,1,12001,72,432.0,3.6,6.0156,0.81822777
cold,0,1,0,0.0001,0.1,512,3,5,4,256,6000,8.0,2633729,4,4,9977,4103,900017,2,1,12001,73,438.0,3.65,6.09915,0.81936675
cold,0,1,0,0.0001,0.1,512,3,5,4,256,6000,8.0,2633729,4,4,9977,4103,900017,2,1,12001,74,444.0,3.7,6.1827,0.82259583
cold,0,1,0,0.0001,0.1,512,3,5,4,256,6000,8.0,2633729,4,4,9977,4103,900017,2,1,12001,75,450.0,3.75,6.26625,0.82648367
cold,0,1,0,0.0001,0.1,512,3,5,4,256,6000,8.0,2633729,4,4,9977,4103,900017,2,1,12001,76,456.0,3.8,6.3498,0.82969606
cold,0,1,0,0.0001,0.1,512,3,5,4,256,6000,8.0,2633729,4,4,9977,4103,900017,2,1,12001,77,462.0,3.85,6.43335,0.83228737
cold,0,1,0,0.0001,0.1,512,3,5,4,256,6000,8.0,2633729,4,4,9977,4103,900017,2,1,12001,78,468.0,3.9,6.5169,0.83472317
cold,0,1,0,0.0001,0.1,512,3,5,4,256,6000,8.0,2633729,4,4,9977,4103,900017,2,1,12001,79,474.0,3.95,6.60045,0.83648789
cold,0,1,0,0.0001,0.1,512,3,5,4,256,6000,8.0,2633729,4,4,9977,4103,900017,2,1,12001,80,480.0,4.0,6.684,0.8365925
cold,0,1,0,0.0001,0.1,512,3,5,4,256,6000,8.0,2633729,4,4,9977,4103,900017,2,1,12001,81,486.0,4.05,6.76755,0.83501828
cold,0,1,0,0.0001,0.1,512,3,5,4,256,6000,8.0,2633729,4,4,9977,4103,900017,2,1,12001,82,492.0,4.1,6.8511,0.83300596
cold,0,1,0,0.0001,0.1,512,3,5,4,256,6000,8.0,2633729,4,4,9977,4103,900017,2,1,12001,83,498.0,4.15,6.93465,0.83199185
cold,0,1,0,0.0001,0.1,512,3,5,4,256,6000,8.0,2633729,4,4,9977,4103,900017,2,1,12001,84,504.0,4.2,7.0182,0.83257103
cold,0,1,0,0.0001,0.1,512,3,5,4,256,6000,8.0,2633729,4,4,9977,4103,900017,2,1,12001,85,510.0,4.25,7.10175,0.83382344
cold,0,1,0,0.0001,0.1,512,3,5,4,256,6000,8.0,2633729,4,4,9977,4103,900017,2,1,12001,86,516.0,4.3,7.1853,0.83420801
cold,0,1,0,0.0001,0.1,512,3,5,4,256,6000,8.0,2633729,4,4,9977,4103,900017,2,1,12001,87,522.0,4.35,7.26885,0.83321232
cold,0,1,0,0.0001,0.1,512,3,5,4,256,6000,8.0,2633729,4,4,9977,4103,900017,2,1,12001,88,528.0,4.4,7.3524,0.83151555
cold,0,1,0,0.0001,0.1,512,3,5,4,256,6000,8.0,2633729,4,4,9977,4103,900017,2,1,12001,89,534.0,4.45,7.43595,0.82968509
cold,0,1,0,0.0001,0.1,512,3,5,4,256,6000,8.0,2633729,4,4,9977,4103,900017,2,1,12001,90,540.0,4.5,7.5195,0.82739151
cold,0,1,0,0.0001,0.1,512,3,5,4,256,6000,8.0,2633729,4,4,9977,4103,900017,2,1,12001,91,546.0,4.55,7.60305,0.82479596
cold,0,1,0,0.0001,0.1,512,3,5,4,256,6000,8.0,2633729,4,4,9977,4103,900017,2,1,12001,92,552.0,4.6,7.6866,0.82351375
cold,0,1,0,0.0001,0.1,512,3,5,4,256,6000,8.0,2633729,4,4,9977,4103,900017,2,1,12001,93,558.0,4.65,7.77015,0.82481229
cold,0,1,0,0.0001,0.1,512,3,5,4,256,6000,8.0,2633729,4,4,9977,4103,900017,2,1,12001,94,564.0,4.7,7.8537,0.82817894
cold,0,1,0,0.0001,0.1,512,3,5,4,256,6000,8.0,2633729,4,4,9977,4103,900017,2,1,12001,95,570.0,4.75,7.93725,0.83186918
cold,0,1,0,0.0001,0.1,512,3,5,4,256,6000,8.0,2633729,4,4,9977,4103,900017,2,1,12001,96,576.0,4.8,8.0208,0.83459657
cold,0,1,0,0.0001,0.1,512,3,5,4,256,6000,8.0,2633729,4,4,9977,4103,900017,2,1,12001,97,582.0,4.85,8.10435,0.836734
cold,0,1,0,0.0001,0.1,512,3,5,4,256,6000,8.0,2633729,4,4,9977,4103,900017,2,1,12001,98,588.0,4.9,8.1879,0.83898932
cold,0,1,0,0.0001,0.1,512,3,5,4,256,6000,8.0,2633729,4,4,9977,4103,900017,2,1,12001,99,594.0,4.95,8.27145,0.8408193
cold,0,1,0,0.0001,0.1,512,3,5,4,256,6000,8.0,2633729,4,4,9977,4103,900017,2,1,12001,100,600.0,5.0,8.355,0.84103793
cold,0,1,0,0.0001,0.1,512,3,5,4,256,6000,8.0,2633729,4,4,9977,4103,900017,2,1,12001,101,606.0,5.05,8.43855,0.83948445
cold,0,1,0,0.0001,0.1,512,3,5,4,256,6000,8.0,2633729,4,4,9977,4103,900017,2,1,12001,102,612.0,5.1,8.5221,0.8374089
cold,0,1,0,0.0001,0.1,512,3,5,4,256,6000,8.0,2633729,4,4,9977,4103,900017,2,1,12001,103,618.0,5.15,8.60565,0.83634597
cold,0,1,0,0.0001,0.1,512,3,5,4,256,6000,8.0,2633729,4,4,9977,4103,900017,2,1,12001,104,624.0,5.2,8.6892,0.83707005
cold,0,1,0,0.0001,0.1,512,3,5,4,256,6000,8.0,2633729,4,4,9977,4103,900017,2,1,12001,105,630.0,5.25,8.77275,0.83872283
cold,0,1,0,0.0001,0.1,512,3,5,4,256,6000,8.0,2633729,4,4,9977,4103,900017,2,1,12001,106,636.0,5.3,8.8563,0.839441
cold,0,1,0,0.0001,0.1,512,3,5,4,256,6000,8.0,2633729,4,4,9977,4103,900017,2,1,12001,107,642.0,5.35,8.93985,0.83827233
cold,0,1,0,0.0001,0.1,512,3,5,4,256,6000,8.0,2633729,4,4,9977,4103,900017,2,1,12001,108,648.0,5.4,9.0234,0.83576912
cold,0,1,0,0.0001,0.1,512,3,5,4,256,6000,8.0,2633729,4,4,9977,4103,900017,2,1,12001,109,654.0,5.45,9.10695,0.83281112
cold,0,1,0,0.0001,0.1,512,3,5,4,256,6000,8.0,2633729,4,4,9977,4103,900017,2,1,12001,110,660.0,5.5,9.1905,0.82958174
cold,0,1,0,0.0001,0.1,512,3,5,4,256,6000,8.0,2633729,4,4,9977,4103,900017,2,1,12001,111,666.0,5.55,9.27405,0.82659233
cold,0,1,0,0.0001,0.1,512,3,5,4,256,6000,8.0,2633729,4,4,9977,4103,900017,2,1,12001,112,672.0,5.6,9.3576,0.82545131
cold,0,1,0,0.0001,0.1,512,3,5,4,256,6000,8.0,2633729,4,4,9977,4103,900017,2,1,12001,113,678.0,5.65,9.44115,0.82718199
cold,0,1,0,0.0001,0.1,512,3,5,4,256,6000,8.0,2633729,4,4,9977,4103,900017,2,1,12001,114,684.0,5.7,9.5247,0.83101386
cold,0,1,0,0.0001,0.1,512,3,5,4,256,6000,8.0,2633729,4,4,9977,4103,900017,2,1,12001,115,690.0,5.75,9.60825,0.83500254
cold,0,1,0,0.0001,0.1,512,3,5,4,256,6000,8.0,2633729,4,4,9977,4103,900017,2,1,12001,116,696.0,5.8,9.6918,0.83779114
cold,0,1,0,0.0001,0.1,512,3,5,4,256,6000,8.0,2633729,4,4,9977,4103,900017,2,1,12001,117,702.0,5.85,9.77535,0.8398037
cold,0,1,0,0.0001,0.1,512,3,5,4,256,6000,8.0,2633729,4,4,9977,4103,900017,2,1,12001,118,708.0,5.9,9.8589,0.8417272
cold,0,1,0,0.0001,0.1,512,3,5,4,256,6000,8.0,2633729,4,4,9977,4103,900017,2,1,12001,119,714.0,5.95,9.94245,0.84301215
cold,0,1,0,0.0001,0.1,512,3,5,4,256,6000,8.0,2633729,4,4,9977,4103,900017,2,1,12001,120,720.0,6.0,10.026,0.8425988
cold,0,1,0,0.0001,0.1,512,3,5,4,256,6000,8.0,2633729,4,4,9977,4103,900017,2,12,12012,1,6.0,0.05,0.08355,0.11943536
cold,0,1,0,0.0001,0.1,512,3,5,4,256,6000,8.0,2633729,4,4,9977,4103,900017,2,12,12012,2,12.0,0.1,0.1671,0.20176801
cold,0,1,0,0.0001,0.1,512,3,5,4,256,6000,8.0,2633729,4,4,9977,4103,900017,2,12,12012,3,18.0,0.15,0.25065,0.28597832
cold,0,1,0,0.0001,0.1,512,3,5,4,256,6000,8.0,2633729,4,4,9977,4103,900017,2,12,12012,4,24.0,0.2,0.3342,0.36181608
cold,0,1,0,0.0001,0.1,512,3,5,4,256,6000,8.0,2633729,4,4,9977,4103,900017,2,12,12012,5,30.0,0.25,0.41775,0.4247672
cold,0,1,0,0.0001,0.1,512,3,5,4,256,6000,8.0,2633729,4,4,9977,4103,900017,2,12,12012,6,36.0,0.3,0.5013,0.47354794
cold,0,1,0,0.0001,0.1,512,3,5,4,256,6000,8.0,2633729,4,4,9977,4103,900017,2,12,12012,7,42.0,0.35,0.58485,0.50903767
cold,0,1,0,0.0001,0.1,512,3,5,4,256,6000,8.0,2633729,4,4,9977,4103,900017,2,12,12012,8,48.0,0.4,0.6684,0.53474867
cold,0,1,0,0.0001,0.1,512,3,5,4,256,6000,8.0,2633729,4,4,9977,4103,900017,2,12,12012,9,54.0,0.45,0.75195,0.55451059
cold,0,1,0,0.0001,0.1,512,3,5,4,256,6000,8.0,2633729,4,4,9977,4103,900017,2,12,12012,10,60.0,0.5,0.8355,0.57041907
cold,0,1,0,0.0001,0.1,512,3,5,4,256,6000,8.0,2633729,4,4,9977,4103,900017,2,12,12012,11,66.0,0.55,0.91905,0.58342475
cold,0,1,0,0.0001,0.1,512,3,5,4,256,6000,8.0,2633729,4,4,9977,4103,900017,2,12,12012,12,72.0,0.6,1.0026,0.59456563
cold,0,1,0,0.0001,0.1,512,3,5,4,256,6000,8.0,2633729,4,4,9977,4103,900017,2,12,12012,13,78.0,0.65,1.08615,0.60499698
cold,0,1,0,0.0001,0.1,512,3,5,4,256,6000,8.0,2633729,4,4,9977,4103,900017,2,12,12012,14,84.0,0.7,1.1697,0.61522204
cold,0,1,0,0.0001,0.1,512,3,5,4,256,6000,8.0,2633729,4,4,9977,4103,900017,2,12,12012,15,90.0,0.75,1.25325,0.62482738
cold,0,1,0,0.0001,0.1,512,3,5,4,256,6000,8.0,2633729,4,4,9977,4103,900017,2,12,12012,16,96.0,0.8,1.3368,0.6334312
cold,0,1,0,0.0001,0.1,512,3,5,4,256,6000,8.0,2633729,4,4,9977,4103,900017,2,12,12012,17,102.0,0.85,1.42035,0.64146155
cold,0,1,0,0.0001,0.1,512,3,5,4,256,6000,8.0,2633729,4,4,9977,4103,900017,2,12,12012,18,108.0,0.9,1.5039,0.6493274
cold,0,1,0,0.0001,0.1,512,3,5,4,256,6000,8.0,2633729,4,4,9977,4103,900017,2,12,12012,19,114.0,0.95,1.58745,0.65648907
cold,0,1,0,0.0001,0.1,512,3,5,4,256,6000,8.0,2633729,4,4,9977,4103,900017,2,12,12012,20,120.0,1.0,1.671,0.6620549
cold,0,1,0,0.0001,0.1,512,3,5,4,256,6000,8.0,2633729,4,4,9977,4103,900017,2,12,12012,21,126.0,1.05,1.75455,0.66602868
cold,0,1,0,0.0001,0.1,512,3,5,4,256,6000,8.0,2633729,4,4,9977,4103,900017,2,12,12012,22,132.0,1.1,1.8381,0.66941178
cold,0,1,0,0.0001,0.1,512,3,5,4,256,6000,8.0,2633729,4,4,9977,4103,900017,2,12,12012,23,138.0,1.15,1.92165,0.67340761
cold,0,1,0,0.0001,0.1,512,3,5,4,256,6000,8.0,2633729,4,4,9977,4103,900017,2,12,12012,24,144.0,1.2,2.0052,0.67854732
cold,0,1,0,0.0001,0.1,512,3,5,4,256,6000,8.0,2633729,4,4,9977,4103,900017,2,12,12012,25,150.0,1.25,2.08875,0.68371624
cold,0,1,0,0.0001,0.1,512,3,5,4,256,6000,8.0,2633729,4,4,9977,4103,900017,2,12,12012,26,156.0,1.3,2.1723,0.68722242
cold,0,1,0,0.0001,0.1,512,3,5,4,256,6000,8.0,2633729,4,4,9977,4103,900017,2,12,12012,27,162.0,1.35,2.25585,0.68904191
cold,0,1,0,0.0001,0.1,512,3,5,4,256,6000,8.0,2633729,4,4,9977,4103,900017,2,12,12012,28,168.0,1.4,2.3394,0.69042403
cold,0,1,0,0.0001,0.1,512,3,5,4,256,6000,8.0,2633729,4,4,9977,4103,900017,2,12,12012,29,174.0,1.45,2.42295,0.69206554
cold,0,1,0,0.0001,0.1,512,3,5,4,256,6000,8.0,2633729,4,4,9977,4103,900017,2,12,12012,30,180.0,1.5,2.5065,0.69365484
cold,0,1,0,0.0001,0.1,512,3,5,4,256,6000,8.0,2633729,4,4,9977,4103,900017,2,12,12012,31,186.0,1.55,2.59005,0.69498187
cold,0,1,0,0.0001,0.1,512,3,5,4,256,6000,8.0,2633729,4,4,9977,4103,900017,2,12,12012,32,192.0,1.6,2.6736,0.69675702
cold,0,1,0,0.0001,0.1,512,3,5,4,256,6000,8.0,2633729,4,4,9977,4103,900017,2,12,12012,33,198.0,1.65,2.75715,0.6998499
cold,0,1,0,0.0001,0.1,512,3,5,4,256,6000,8.0,2633729,4,4,9977,4103,900017,2,12,12012,34,204.0,1.7,2.8407,0.70424783
cold,0,1,0,0.0001,0.1,512,3,5,4,256,6000,8.0,2633729,4,4,9977,4103,900017,2,12,12012,35,210.0,1.75,2.92425,0.70885479
cold,0,1,0,0.0001,0.1,512,3,5,4,256,6000,8.0,2633729,4,4,9977,4103,900017,2,12,12012,36,216.0,1.8,3.0078,0.712497
cold,0,1,0,0.0001,0.1,512,3,5,4,256,6000,8.0,2633729,4,4,9977,4103,900017,2,12,12012,37,222.0,1.85,3.09135,0.71519005
cold,0,1,0,0.0001,0.1,512,3,5,4,256,6000,8.0,2633729,4,4,9977,4103,900017,2,12,12012,38,228.0,1.9,3.1749,0.71744013
cold,0,1,0,0.0001,0.1,512,3,5,4,256,6000,8.0,2633729,4,4,9977,4103,900017,2,12,12012,39,234.0,1.95,3.25845,0.71899229
cold,0,1,0,0.0001,0.1,512,3,5,4,256,6000,8.0,2633729,4,4,9977,4103,900017,2,12,12012,40,240.0,2.0,3.342,0.7192173
cold,0,1,0,0.0001,0.1,512,3,5,4,256,6000,8.0,2633729,4,4,9977,4103,900017,2,12,12012,41,246.0,2.05,3.42555,0.71819472
cold,0,1,0,0.0001,0.1,512,3,5,4,256,6000,8.0,2633729,4,4,9977,4103,900017,2,12,12012,42,252.0,2.1,3.5091,0.71690482
cold,0,1,0,0.0001,0.1,512,3,5,4,256,6000,8.0,2633729,4,4,9977,4103,900017,2,12,12012,43,258.0,2.15,3.59265,0.71649224
cold,0,1,0,0.0001,0.1,512,3,5,4,256,6000,8.0,2633729,4,4,9977,4103,900017,2,12,12012,44,264.0,2.2,3.6762,0.71751058
cold,0,1,0,0.0001,0.1,512,3,5,4,256,6000,8.0,2633729,4,4,9977,4103,900017,2,12,12012,45,270.0,2.25,3.75975,0.71930593
cold,0,1,0,0.0001,0.1,512,3,5,4,256,6000,8.0,2633729,4,4,9977,4103,900017,2,12,12012,46,276.0,2.3,3.8433,0.72069114
cold,0,1,0,0.0001,0.1,512,3,5,4,256,6000,8.0,2633729,4,4,9977,4103,900017,2,12,12012,47,282.0,2.35,3.92685,0.7213065
cold,0,1,0,0.0001,0.1,512,3,5,4,256,6000,8.0,2633729,4,4,9977,4103,900017,2,12,12012,48,288.0,2.4,4.0104,0.72158504
cold,0,1,0,0.0001,0.1,512,3,5,4,256,6000,8.0,2633729,4,4,9977,4103,900017,2,12,12012,49,294.0,2.45,4.09395,0.72169626
cold,0,1,0,0.0001,0.1,512,3,5,4,256,6000,8.0,2633729,4,4,9977,4103,900017,2,12,12012,50,300.0,2.5,4.1775,0.72122157
cold,0,1,0,0.0001,0.1,512,3,5,4,256,6000,8.0,2633729,4,4,9977,4103,900017,2,12,12012,51,306.0,2.55,4.26105,0.72027165
cold,0,1,0,0.0001,0.1,512,3,5,4,256,6000,8.0,2633729,4,4,9977,4103,900017,2,12,12012,52,312.0,2.6,4.3446,0.719989
cold,0,1,0,0.0001,0.1,512,3,5,4,256,6000,8.0,2633729,4,4,9977,4103,900017,2,12,12012,53,318.0,2.65,4.42815,0.721241
cold,0,1,0,0.0001,0.1,512,3,5,4,256,6000,8.0,2633729,4,4,9977,4103,900017,2,12,12012,54,324.0,2.7,4.5117,0.72373313
cold,0,1,0,0.0001,0.1,512,3,5,4,256,6000,8.0,2633729,4,4,9977,4103,900017,2,12,12012,55,330.0,2.75,4.59525,0.72634119
cold,0,1,0,0.0001,0.1,512,3,5,4,256,6000,8.0,2633729,4,4,9977,4103,900017,2,12,12012,56,336.0,2.8,4.6788,0.72822791
cold,0,1,0,0.0001,0.1,512,3,5,4,256,6000,8.0,2633729,4,4,9977,4103,900017,2,12,12012,57,342.0,2.85,4.76235,0.72972703
cold,0,1,0,0.0001,0.1,512,3,5,4,256,6000,8.0,2633729,4,4,9977,4103,900017,2,12,12012,58,348.0,2.9,4.8459,0.73131204
cold,0,1,0,0.0001,0.1,512,3,5,4,256,6000,8.0,2633729,4,4,9977,4103,900017,2,12,12012,59,354.0,2.95,4.92945,0.73248088
cold,0,1,0,0.0001,0.1,512,3,5,4,256,6000,8.0,2633729,4,4,9977,4103,900017,2,12,12012,60,360.0,3.0,5.013,0.73242402
cold,0,1,0,0.0001,0.1,512,3,5,4,256,6000,8.0,2633729,4,4,9977,4103,900017,2,12,12012,61,366.0,3.05,5.09655,0.73115742
cold,0,1,0,0.0001,0.1,512,3,5,4,256,6000,8.0,2633729,4,4,9977,4103,900017,2,12,12012,62,372.0,3.1,5.1801,0.7296052
cold,0,1,0,0.0001,0.1,512,3,5,4,256,6000,8.0,2633729,4,4,9977,4103,900017,2,12,12012,63,378.0,3.15,5.26365,0.72884631
cold,0,1,0,0.0001,0.1,512,3,5,4,256,6000,8.0,2633729,4,4,9977,4103,900017,2,12,12012,64,384.0,3.2,5.3472,0.7293824
cold,0,1,0,0.0001,0.1,512,3,5,4,256,6000,8.0,2633729,4,4,9977,4103,900017,2,12,12012,65,390.0,3.25,5.43075,0.73052168
cold,0,1,0,0.0001,0.1,512,3,5,4,256,6000,8.0,2633729,4,4,9977,4103,900017,2,12,12012,66,396.0,3.3,5.5143,0.73105049
cold,0,1,0,0.0001,0.1,512,3,5,4,256,6000,8.0,2633729,4,4,9977,4103,900017,2,12,12012,67,402.0,3.35,5.59785,0.73061401
cold,0,1,0,0.0001,0.1,512,3,5,4,256,6000,8.0,2633729,4,4,9977,4103,900017,2,12,12012,68,408.0,3.4,5.6814,0.72979265
cold,0,1,0,0.0001,0.1,512,3,5,4,256,6000,8.0,2633729,4,4,9977,4103,900017,2,12,12012,69,414.0,3.45,5.76495,0.7288819
cold,0,1,0,0.0001,0.1,512,3,5,4,256,6000,8.0,2633729,4,4,9977,4103,900017,2,12,12012,70,420.0,3.5,5.8485,0.72740006
cold,0,1,0,0.0001,0.1,512,3,5,4,256,6000,8.0,2633729,4,4,9977,4103,900017,2,12,12012,71,426.0,3.55,5.93205,0.72543645
cold,0,1,0,0.0001,0.1,512,3,5,4,256,6000,8.0,2633729,4,4,9977,4103,900017,2,12,12012,72,432.0,3.6,6.0156,0.72431248
cold,0,1,0,0.0001,0.1,512,3,5,4,256,6000,8.0,2633729,4,4,9977,4103,900017,2,12,12012,73,438.0,3.65,6.09915,0.72507256
cold,0,1,0,0.0001,0.1,512,3,5,4,256,6000,8.0,2633729,4,4,9977,4103,900017,2,12,12012,74,444.0,3.7,6.1827,0.7274555
cold,0,1,0,0.0001,0.1,512,3,5,4,256,6000,8.0,2633729,4,4,9977,4103,900017,2,12,12012,75,450.0,3.75,6.26625,0.73026007
cold,0,1,0,0.0001,0.1,512,3,5,4,256,6000,8.0,2633729,4,4,9977,4103,900017,2,12,12012,76,456.0,3.8,6.3498,0.73254919
cold,0,1,0,0.0001,0.1,512,3,5,4,256,6000,8.0,2633729,4,4,9977,4103,900017,2,12,12012,77,462.0,3.85,6.43335,0.73456466
cold,0,1,0,0.0001,0.1,512,3,5,4,256,6000,8.0,2633729,4,4,9977,4103,900017,2,12,12012,78,468.0,3.9,6.5169,0.73670179
cold,0,1,0,0.0001,0.1,512,3,5,4,256,6000,8.0,2633729,4,4,9977,4103,900017,2,12,12012,79,474.0,3.95,6.60045,0.73837769
cold,0,1,0,0.0001,0.1,512,3,5,4,256,6000,8.0,2633729,4,4,9977,4103,900017,2,12,12012,80,480.0,4.0,6.684,0.73861986
cold,0,1,0,0.0001,0.1,512,3,5,4,256,6000,8.0,2633729,4,4,9977,4103,900017,2,12,12012,81,486.0,4.05,6.76755,0.7372843
cold,0,1,0,0.0001,0.1,512,3,5,4,256,6000,8.0,2633729,4,4,9977,4103,900017,2,12,12012,82,492.0,4.1,6.8511,0.73530769
cold,0,1,0,0.0001,0.1,512,3,5,4,256,6000,8.0,2633729,4,4,9977,4103,900017,2,12,12012,83,498.0,4.15,6.93465,0.73391747
cold,0,1,0,0.0001,0.1,512,3,5,4,256,6000,8.0,2633729,4,4,9977,4103,900017,2,12,12012,84,504.0,4.2,7.0182,0.73373628
cold,0,1,0,0.0001,0.1,512,3,5,4,256,6000,8.0,2633729,4,4,9977,4103,900017,2,12,12012,85,510.0,4.25,7.10175,0.73410046
cold,0,1,0,0.0001,0.1,512,3,5,4,256,6000,8.0,2633729,4,4,9977,4103,900017,2,12,12012,86,516.0,4.3,7.1853,0.73377502
cold,0,1,0,0.0001,0.1,512,3,5,4,256,6000,8.0,2633729,4,4,9977,4103,900017,2,12,12012,87,522.0,4.35,7.26885,0.73239887
cold,0,1,0,0.0001,0.1,512,3,5,4,256,6000,8.0,2633729,4,4,9977,4103,900017,2,12,12012,88,528.0,4.4,7.3524,0.73061323
cold,0,1,0,0.0001,0.1,512,3,5,4,256,6000,8.0,2633729,4,4,9977,4103,900017,2,12,12012,89,534.0,4.45,7.43595,0.72886634
cold,0,1,0,0.0001,0.1,512,3,5,4,256,6000,8.0,2633729,4,4,9977,4103,900017,2,12,12012,90,540.0,4.5,7.5195,0.7268427
cold,0,1,0,0.0001,0.1,512,3,5,4,256,6000,8.0,2633729,4,4,9977,4103,900017,2,12,12012,91,546.0,4.55,7.60305,0.72474515
cold,0,1,0,0.0001,0.1,512,3,5,4,256,6000,8.0,2633729,4,4,9977,4103,900017,2,12,12012,92,552.0,4.6,7.6866,0.72393769
cold,0,1,0,0.0001,0.1,512,3,5,4,256,6000,8.0,2633729,4,4,9977,4103,900017,2,12,12012,93,558.0,4.65,7.77015,0.72532535
cold,0,1,0,0.0001,0.1,512,3,5,4,256,6000,8.0,2633729,4,4,9977,4103,900017,2,12,12012,94,564.0,4.7,7.8537,0.72830778
cold,0,1,0,0.0001,0.1,512,3,5,4,256,6000,8.0,2633729,4,4,9977,4103,900017,2,12,12012,95,570.0,4.75,7.93725,0.73135972
cold,0,1,0,0.0001,0.1,512,3,5,4,256,6000,8.0,2633729,4,4,9977,4103,900017,2,12,12012,96,576.0,4.8,8.0208,0.73347408
cold,0,1,0,0.0001,0.1,512,3,5,4,256,6000,8.0,2633729,4,4,9977,4103,900017,2,12,12012,97,582.0,4.85,8.10435,0.7350964
cold,0,1,0,0.0001,0.1,512,3,5,4,256,6000,8.0,2633729,4,4,9977,4103,900017,2,12,12012,98,588.0,4.9,8.1879,0.73688096
cold,0,1,0,0.0001,0.1,512,3,5,4,256,6000,8.0,2633729,4,4,9977,4103,900017,2,12,12012,99,594.0,4.95,8.27145,0.73834974
cold,0,1,0,0.0001,0.1,512,3,5,4,256,6000,8.0,2633729,4,4,9977,4103,900017,2,12,12012,100,600.0,5.0,8.355,0.7384643
cold,0,1,0,0.0001,0.1,512,3,5,4,256,6000,8.0,2633729,4,4,9977,4103,900017,2,12,12012,101,606.0,5.05,8.43855,0.73700839
cold,0,1,0,0.0001,0.1,512,3,5,4,256,6000,8.0,2633729,4,4,9977,4103,900017,2,12,12012,102,612.0,5.1,8.5221,0.73493713
cold,0,1,0,0.0001,0.1,512,3,5,4,256,6000,8.0,2633729,4,4,9977,4103,900017,2,12,12012,103,618.0,5.15,8.60565,0.73354787
cold,0,1,0,0.0001,0.1,512,3,5,4,256,6000,8.0,2633729,4,4,9977,4103,900017,2,12,12012,104,624.0,5.2,8.6892,0.73359931
cold,0,1,0,0.0001,0.1,512,3,5,4,256,6000,8.0,2633729,4,4,9977,4103,900017,2,12,12012,105,630.0,5.25,8.77275,0.73449486
cold,0,1,0,0.0001,0.1,512,3,5,4,256,6000,8.0,2633729,4,4,9977,4103,900017,2,12,12012,106,636.0,5.3,8.8563,0.73474008
cold,0,1,0,0.0001,0.1,512,3,5,4,256,6000,8.0,2633729,4,4,9977,4103,900017,2,12,12012,107,642.0,5.35,8.93985,0.73355377
cold,0,1,0,0.0001,0.1,512,3,5,4,256,6000,8.0,2633729,4,4,9977,4103,900017,2,12,12012,108,648.0,5.4,9.0234,0.73142534
cold,0,1,0,0.0001,0.1,512,3,5,4,256,6000,8.0,2633729,4,4,9977,4103,900017,2,12,12012,109,654.0,5.45,9.10695,0.72907537
cold,0,1,0,0.0001,0.1,512,3,5,4,256,6000,8.0,2633729,4,4,9977,4103,900017,2,12,12012,110,660.0,5.5,9.1905,0.72659826
cold,0,1,0,0.0001,0.1,512,3,5,4,256,6000,8.0,2633729,4,4,9977,4103,900017,2,12,12012,111,666.0,5.55,9.27405,0.72439206
cold,0,1,0,0.0001,0.1,512,3,5,4,256,6000,8.0,2633729,4,4,9977,4103,900017,2,12,12012,112,672.0,5.6,9.3576,0.72375643
cold,0,1,0,0.0001,0.1,512,3,5,4,256,6000,8.0,2633729,4,4,9977,4103,900017,2,12,12012,113,678.0,5.65,9.44115,0.72543591
cold,0,1,0,0.0001,0.1,512,3,5,4,256,6000,8.0,2633729,4,4,9977,4103,900017,2,12,12012,114,684.0,5.7,9.5247,0.72868443
cold,0,1,0,0.0001,0.1,512,3,5,4,256,6000,8.0,2633729,4,4,9977,4103,900017,2,12,12012,115,690.0,5.75,9.60825,0.7318958
cold,0,1,0,0.0001,0.1,512,3,5,4,256,6000,8.0,2633729,4,4,9977,4103,900017,2,12,12012,116,696.0,5.8,9.6918,0.73405856
cold,0,1,0,0.0001,0.1,512,3,5,4,256,6000,8.0,2633729,4,4,9977,4103,900017,2,12,12012,117,702.0,5.85,9.77535,0.73559588
cold,0,1,0,0.0001,0.1,512,3,5,4,256,6000,8.0,2633729,4,4,9977,4103,900017,2,12,12012,118,708.0,5.9,9.8589,0.73706424
cold,0,1,0,0.0001,0.1,512,3,5,4,256,6000,8.0,2633729,4,4,9977,4103,900017,2,12,12012,119,714.0,5.95,9.94245,0.73799551
cold,0,1,0,0.0001,0.1,512,3,5,4,256,6000,8.0,2633729,4,4,9977,4103,900017,2,12,12012,120,720.0,6.0,10.026,0.7375319
cold,0,1,0,0.0001,0.1,512,3,5,4,256,6000,8.0,2633729,4,4,9977,4103,900017,2,54,12054,1,6.0,0.05,0.08355,0.09010484
cold,0,1,0,0.0001,0.1,512,3,5,4,256,6000,8.0,2633729,4,4,9977,4103,900017,2,54,12054,2,12.0,0.1,0.1671,0.13197847
cold,0,1,0,0.0001,0.1,512,3,5,4,256,6000,8.0,2633729,4,4,9977,4103,900017,2,54,12054,3,18.0,0.15,0.25065,0.17806505
cold,0,1,0,0.0001,0.1,512,3,5,4,256,6000,8.0,2633729,4,4,9977,4103,900017,2,54,12054,4,24.0,0.2,0.3342,0.22507672
cold,0,1,0,0.0001,0.1,512,3,5,4,256,6000,8.0,2633729,4,4,9977,4103,900017,2,54,12054,5,30.0,0.25,0.41775,0.27022767
cold,0,1,0,0.0001,0.1,512,3,5,4,256,6000,8.0,2633729,4,4,9977,4103,900017,2,54,12054,6,36.0,0.3,0.5013,0.31206921
cold,0,1,0,0.0001,0.1,512,3,5,4,256,6000,8.0,2633729,4,4,9977,4103,900017,2,54,12054,7,42.0,0.35,0.58485,0.35045955
cold,0,1,0,0.0001,0.1,512,3,5,4,256,6000,8.0,2633729,4,4,9977,4103,900017,2,54,12054,8,48.0,0.4,0.6684,0.38570252
cold,0,1,0,0.0001,0.1,512,3,5,4,256,6000,8.0,2633729,4,4,9977,4103,900017,2,54,12054,9,54.0,0.45,0.75195,0.4183782
cold,0,1,0,0.0001,0.1,512,3,5,4,256,6000,8.0,2633729,4,4,9977,4103,900017,2,54,12054,10,60.0,0.5,0.8355,0.44914678
cold,0,1,0,0.0001,0.1,512,3,5,4,256,6000,8.0,2633729,4,4,9977,4103,900017,2,54,12054,11,66.0,0.55,0.91905,0.47786483
cold,0,1,0,0.0001,0.1,512,3,5,4,256,6000,8.0,2633729,4,4,9977,4103,900017,2,54,12054,12,72.0,0.6,1.0026,0.5042277
cold,0,1,0,0.0001,0.1,512,3,5,4,256,6000,8.0,2633729,4,4,9977,4103,900017,2,54,12054,13,78.0,0.65,1.08615,0.52827615
cold,0,1,0,0.0001,0.1,512,3,5,4,256,6000,8.0,2633729,4,4,9977,4103,900017,2,54,12054,14,84.0,0.7,1.1697,0.55008447
cold,0,1,0,0.0001,0.1,512,3,5,4,256,6000,8.0,2633729,4,4,9977,4103,900017,2,54,12054,15,90.0,0.75,1.25325,0.56977975
cold,0,1,0,0.0001,0.1,512,3,5,4,256,6000,8.0,2633729,4,4,9977,4103,900017,2,54,12054,16,96.0,0.8,1.3368,0.58722055
cold,0,1,0,0.0001,0.1,512,3,5,4,256,6000,8.0,2633729,4,4,9977,4103,900017,2,54,12054,17,102.0,0.85,1.42035,0.6023882
cold,0,1,0,0.0001,0.1,512,3,5,4,256,6000,8.0,2633729,4,4,9977,4103,900017,2,54,12054,18,108.0,0.9,1.5039,0.61594164
cold,0,1,0,0.0001,0.1,512,3,5,4,256,6000,8.0,2633729,4,4,9977,4103,900017,2,54,12054,19,114.0,0.95,1.58745,0.62811428
cold,0,1,0,0.0001,0.1,512,3,5,4,256,6000,8.0,2633729,4,4,9977,4103,900017,2,54,12054,20,120.0,1.0,1.671,0.638152
cold,0,1,0,0.0001,0.1,512,3,5,4,256,6000,8.0,2633729,4,4,9977,4103,900017,2,54,12054,21,126.0,1.05,1.75455,0.64577061
cold,0,1,0,0.0001,0.1,512,3,5,4,256,6000,8.0,2633729,4,4,9977,4103,900017,2,54,12054,22,132.0,1.1,1.8381,0.65182358
cold,0,1,0,0.0001,0.1,512,3,5,4,256,6000,8.0,2633729,4,4,9977,4103,900017,2,54,12054,23,138.0,1.15,1.92165,0.65732998
cold,0,1,0,0.0001,0.1,512,3,5,4,256,6000,8.0,2633729,4,4,9977,4103,900017,2,54,12054,24,144.0,1.2,2.0052,0.66261905
cold,0,1,0,0.0001,0.1,512,3,5,4,256,6000,8.0,2633729,4,4,9977,4103,900017,2,54,12054,25,150.0,1.25,2.08875,0.66699481
cold,0,1,0,0.0001,0.1,512,3,5,4,256,6000,8.0,2633729,4,4,9977,4103,900017,2,54,12054,26,156.0,1.3,2.1723,0.66971707
cold,0,1,0,0.0001,0.1,512,3,5,4,256,6000,8.0,2633729,4,4,9977,4103,900017,2,54,12054,27,162.0,1.35,2.25585,0.67167413
cold,0,1,0,0.0001,0.1,512,3,5,4,256,6000,8.0,2633729,4,4,9977,4103,900017,2,54,12054,28,168.0,1.4,2.3394,0.67458993
cold,0,1,0,0.0001,0.1,512,3,5,4,256,6000,8.0,2633729,4,4,9977,4103,900017,2,54,12054,29,174.0,1.45,2.42295,0.67926699
cold,0,1,0,0.0001,0.1,512,3,5,4,256,6000,8.0,2633729,4,4,9977,4103,900017,2,54,12054,30,180.0,1.5,2.5065,0.68527645
cold,0,1,0,0.0001,0.1,512,3,5,4,256,6000,8.0,2633729,4,4,9977,4103,900017,2,54,12054,31,186.0,1.55,2.59005,0.69183409
cold,0,1,0,0.0001,0.1,512,3,5,4,256,6000,8.0,2633729,4,4,9977,4103,900017,2,54,12054,32,192.0,1.6,2.6736,0.69877958
cold,0,1,0,0.0001,0.1,512,3,5,4,256,6000,8.0,2633729,4,4,9977,4103,900017,2,54,12054,33,198.0,1.65,2.75715,0.70635986
cold,0,1,0,0.0001,0.1,512,3,5,4,256,6000,8.0,2633729,4,4,9977,4103,900017,2,54,12054,34,204.0,1.7,2.8407,0.71429014
cold,0,1,0,0.0001,0.1,512,3,5,4,256,6000,8.0,2633729,4,4,9977,4103,900017,2,54,12054,35,210.0,1.75,2.92425,0.72150141
cold,0,1,0,0.0001,0.1,512,3,5,4,256,6000,8.0,2633729,4,4,9977,4103,900017,2,54,12054,36,216.0,1.8,3.0078,0.72687286
cold,0,1,0,0.0001,0.1,512,3,5,4,256,6000,8.0,2633729,4,4,9977,4103,900017,2,54,12054,37,222.0,1.85,3.09135,0.73050255
cold,0,1,0,0.0001,0.1,512,3,5,4,256,6000,8.0,2633729,4,4,9977,4103,900017,2,54,12054,38,228.0,1.9,3.1749,0.73346877
cold,0,1,0,0.0001,0.1,512,3,5,4,256,6000,8.0,2633729,4,4,9977,4103,900017,2,54,12054,39,234.0,1.95,3.25845,0.73624319
cold,0,1,0,0.0001,0.1,512,3,5,4,256,6000,8.0,2633729,4,4,9977,4103,900017,2,54,12054,40,240.0,2.0,3.342,0.73831111
cold,0,1,0,0.0001,0.1,512,3,5,4,256,6000,8.0,2633729,4,4,9977,4103,900017,2,54,12054,41,246.0,2.05,3.42555,0.73926789
cold,0,1,0,0.0001,0.1,512,3,5,4,256,6000,8.0,2633729,4,4,9977,4103,900017,2,54,12054,42,252.0,2.1,3.5091,0.73982865
cold,0,1,0,0.0001,0.1,512,3,5,4,256,6000,8.0,2633729,4,4,9977,4103,900017,2,54,12054,43,258.0,2.15,3.59265,0.74128157
cold,0,1,0,0.0001,0.1,512,3,5,4,256,6000,8.0,2633729,4,4,9977,4103,900017,2,54,12054,44,264.0,2.2,3.6762,0.74420965
cold,0,1,0,0.0001,0.1,512,3,5,4,256,6000,8.0,2633729,4,4,9977,4103,900017,2,54,12054,45,270.0,2.25,3.75975,0.74794531
cold,0,1,0,0.0001,0.1,512,3,5,4,256,6000,8.0,2633729,4,4,9977,4103,900017,2,54,12054,46,276.0,2.3,3.8433,0.75135291
cold,0,1,0,0.0001,0.1,512,3,5,4,256,6000,8.0,2633729,4,4,9977,4103,900017,2,54,12054,47,282.0,2.35,3.92685,0.7540887
cold,0,1,0,0.0001,0.1,512,3,5,4,256,6000,8.0,2633729,4,4,9977,4103,900017,2,54,12054,48,288.0,2.4,4.0104,0.75669062
cold,0,1,0,0.0001,0.1,512,3,5,4,256,6000,8.0,2633729,4,4,9977,4103,900017,2,54,12054,49,294.0,2.45,4.09395,0.75972974
cold,0,1,0,0.0001,0.1,512,3,5,4,256,6000,8.0,2633729,4,4,9977,4103,900017,2,54,12054,50,300.0,2.5,4.1775,0.76303291
cold,0,1,0,0.0001,0.1,512,3,5,4,256,6000,8.0,2633729,4,4,9977,4103,900017,2,54,12054,51,306.0,2.55,4.26105,0.76620424
cold,0,1,0,0.0001,0.1,512,3,5,4,256,6000,8.0,2633729,4,4,9977,4103,900017,2,54,12054,52,312.0,2.6,4.3446,0.76937103
cold,0,1,0,0.0001,0.1,512,3,5,4,256,6000,8.0,2633729,4,4,9977,4103,900017,2,54,12054,53,318.0,2.65,4.42815,0.77282476
cold,0,1,0,0.0001,0.1,512,3,5,4,256,6000,8.0,2633729,4,4,9977,4103,900017,2,54,12054,54,324.0,2.7,4.5117,0.77637625
cold,0,1,0,0.0001,0.1,512,3,5,4,256,6000,8.0,2633729,4,4,9977,4103,900017,2,54,12054,55,330.0,2.75,4.59525,0.77908981
cold,0,1,0,0.0001,0.1,512,3,5,4,256,6000,8.0,2633729,4,4,9977,4103,900017,2,54,12054,56,336.0,2.8,4.6788,0.7803185
cold,0,1,0,0.0001,0.1,512,3,5,4,256,6000,8.0,2633729,4,4,9977,4103,900017,2,54,12054,57,342.0,2.85,4.76235,0.78092301
cold,0,1,0,0.0001,0.1,512,3,5,4,256,6000,8.0,2633729,4,4,9977,4103,900017,2,54,12054,58,348.0,2.9,4.8459,0.78224206
cold,0,1,0,0.0001,0.1,512,3,5,4,256,6000,8.0,2633729,4,4,9977,4103,900017,2,54,12054,59,354.0,2.95,4.92945,0.78446549
cold,0,1,0,0.0001,0.1,512,3,5,4,256,6000,8.0,2633729,4,4,9977,4103,900017,2,54,12054,60,360.0,3.0,5.013,0.78688014
cold,0,1,0,0.0001,0.1,512,3,5,4,256,6000,8.0,2633729,4,4,9977,4103,900017,2,54,12054,61,366.0,3.05,5.09655,0.78870404
cold,0,1,0,0.0001,0.1,512,3,5,4,256,6000,8.0,2633729,4,4,9977,4103,900017,2,54,12054,62,372.0,3.1,5.1801,0.7897163
cold,0,1,0,0.0001,0.1,512,3,5,4,256,6000,8.0,2633729,4,4,9977,4103,900017,2,54,12054,63,378.0,3.15,5.26365,0.79061735
cold,0,1,0,0.0001,0.1,512,3,5,4,256,6000,8.0,2633729,4,4,9977,4103,900017,2,54,12054,64,384.0,3.2,5.3472,0.79227394
cold,0,1,0,0.0001,0.1,512,3,5,4,256,6000,8.0,2633729,4,4,9977,4103,900017,2,54,12054,65,390.0,3.25,5.43075,0.79430759
cold,0,1,0,0.0001,0.1,512,3,5,4,256,6000,8.0,2633729,4,4,9977,4103,900017,2,54,12054,66,396.0,3.3,5.5143,0.79558122
cold,0,1,0,0.0001,0.1,512,3,5,4,256,6000,8.0,2633729,4,4,9977,4103,900017,2,54,12054,67,402.0,3.35,5.59785,0.79591721
cold,0,1,0,0.0001,0.1,512,3,5,4,256,6000,8.0,2633729,4,4,9977,4103,900017,2,54,12054,68,408.0,3.4,5.6814,0.79604
cold,0,1,0,0.0001,0.1,512,3,5,4,256,6000,8.0,2633729,4,4,9977,4103,900017,2,54,12054,69,414.0,3.45,5.76495,0.79589933
cold,0,1,0,0.0001,0.1,512,3,5,4,256,6000,8.0,2633729,4,4,9977,4103,900017,2,54,12054,70,420.0,3.5,5.8485,0.79482281
cold,0,1,0,0.0001,0.1,512,3,5,4,256,6000,8.0,2633729,4,4,9977,4103,900017,2,54,12054,71,426.0,3.55,5.93205,0.79341
cold,0,1,0,0.0001,0.1,512,3,5,4,256,6000,8.0,2633729,4,4,9977,4103,900017,2,54,12054,72,432.0,3.6,6.0156,0.79313201
cold,0,1,0,0.0001,0.1,512,3,5,4,256,6000,8.0,2633729,4,4,9977,4103,900017,2,54,12054,73,438.0,3.65,6.09915,0.79425633
cold,0,1,0,0.0001,0.1,512,3,5,4,256,6000,8.0,2633729,4,4,9977,4103,900017,2,54,12054,74,444.0,3.7,6.1827,0.79576594
cold,0,1,0,0.0001,0.1,512,3,5,4,256,6000,8.0,2633729,4,4,9977,4103,900017,2,54,12054,75,450.0,3.75,6.26625,0.79648769
cold,0,1,0,0.0001,0.1,512,3,5,4,256,6000,8.0,2633729,4,4,9977,4103,900017,2,54,12054,76,456.0,3.8,6.3498,0.7961033
cold,0,1,0,0.0001,0.1,512,3,5,4,256,6000,8.0,2633729,4,4,9977,4103,900017,2,54,12054,77,462.0,3.85,6.43335,0.79584569
cold,0,1,0,0.0001,0.1,512,3,5,4,256,6000,8.0,2633729,4,4,9977,4103,900017,2,54,12054,78,468.0,3.9,6.5169,0.79718077
cold,0,1,0,0.0001,0.1,512,3,5,4,256,6000,8.0,2633729,4,4,9977,4103,900017,2,54,12054,79,474.0,3.95,6.60045,0.80012786
cold,0,1,0,0.0001,0.1,512,3,5,4,256,6000,8.0,2633729,4,4,9977,4103,900017,2,54,12054,80,480.0,4.0,6.684,0.80351579
cold,0,1,0,0.0001,0.1,512,3,5,4,256,6000,8.0,2633729,4,4,9977,4103,900017,2,54,12054,81,486.0,4.05,6.76755,0.80579364
cold,0,1,0,0.0001,0.1,512,3,5,4,256,6000,8.0,2633729,4,4,9977,4103,900017,2,54,12054,82,492.0,4.1,6.8511,0.80595499
cold,0,1,0,0.0001,0.1,512,3,5,4,256,6000,8.0,2633729,4,4,9977,4103,900017,2,54,12054,83,498.0,4.15,6.93465,0.80478758
cold,0,1,0,0.0001,0.1,512,3,5,4,256,6000,8.0,2633729,4,4,9977,4103,900017,2,54,12054,84,504.0,4.2,7.0182,0.80445784
cold,0,1,0,0.0001,0.1,512,3,5,4,256,6000,8.0,2633729,4,4,9977,4103,900017,2,54,12054,85,510.0,4.25,7.10175,0.8058145
cold,0,1,0,0.0001,0.1,512,3,5,4,256,6000,8.0,2633729,4,4,9977,4103,900017,2,54,12054,86,516.0,4.3,7.1853,0.80738008
cold,0,1,0,0.0001,0.1,512,3,5,4,256,6000,8.0,2633729,4,4,9977,4103,900017,2,54,12054,87,522.0,4.35,7.26885,0.80756116
cold,0,1,0,0.0001,0.1,512,3,5,4,256,6000,8.0,2633729,4,4,9977,4103,900017,2,54,12054,88,528.0,4.4,7.3524,0.806485
cold,0,1,0,0.0001,0.1,512,3,5,4,256,6000,8.0,2633729,4,4,9977,4103,900017,2,54,12054,89,534.0,4.45,7.43595,0.80504578
cold,0,1,0,0.0001,0.1,512,3,5,4,256,6000,8.0,2633729,4,4,9977,4103,900017,2,54,12054,90,540.0,4.5,7.5195,0.80369568
cold,0,1,0,0.0001,0.1,512,3,5,4,256,6000,8.0,2633729,4,4,9977,4103,900017,2,54,12054,91,546.0,4.55,7.60305,0.80315965
cold,0,1,0,0.0001,0.1,512,3,5,4,256,6000,8.0,2633729,4,4,9977,4103,900017,2,54,12054,92,552.0,4.6,7.6866,0.80438423
cold,0,1,0,0.0001,0.1,512,3,5,4,256,6000,8.0,2633729,4,4,9977,4103,900017,2,54,12054,93,558.0,4.65,7.77015,0.80723298
cold,0,1,0,0.0001,0.1,512,3,5,4,256,6000,8.0,2633729,4,4,9977,4103,900017,2,54,12054,94,564.0,4.7,7.8537,0.81048495
cold,0,1,0,0.0001,0.1,512,3,5,4,256,6000,8.0,2633729,4,4,9977,4103,900017,2,54,12054,95,570.0,4.75,7.93725,0.812931
cold,0,1,0,0.0001,0.1,512,3,5,4,256,6000,8.0,2633729,4,4,9977,4103,900017,2,54,12054,96,576.0,4.8,8.0208,0.814206
cold,0,1,0,0.0001,0.1,512,3,5,4,256,6000,8.0,2633729,4,4,9977,4103,900017,2,54,12054,97,582.0,4.85,8.10435,0.81492287
cold,0,1,0,0.0001,0.1,512,3,5,4,256,6000,8.0,2633729,4,4,9977,4103,900017,2,54,12054,98,588.0,4.9,8.1879,0.81560361
cold,0,1,0,0.0001,0.1,512,3,5,4,256,6000,8.0,2633729,4,4,9977,4103,900017,2,54,12054,99,594.0,4.95,8.27145,0.81584924
cold,0,1,0,0.0001,0.1,512,3,5,4,256,6000,8.0,2633729,4,4,9977,4103,900017,2,54,12054,100,600.0,5.0,8.355,0.8148998
cold,0,1,0,0.0001,0.1,512,3,5,4,256,6000,8.0,2633729,4,4,9977,4103,900017,2,54,12054,101,606.0,5.05,8.43855,0.81231856
cold,0,1,0,0.0001,0.1,512,3,5,4,256,6000,8.0,2633729,4,4,9977,4103,900017,2,54,12054,102,612.0,5.1,8.5221,0.80842888
cold,0,1,0,0.0001,0.1,512,3,5,4,256,6000,8.0,2633729,4,4,9977,4103,900017,2,54,12054,103,618.0,5.15,8.60565,0.8046149
cold,0,1,0,0.0001,0.1,512,3,5,4,256,6000,8.0,2633729,4,4,9977,4103,900017,2,54,12054,104,624.0,5.2,8.6892,0.80263972
cold,0,1,0,0.0001,0.1,512,3,5,4,256,6000,8.0,2633729,4,4,9977,4103,900017,2,54,12054,105,630.0,5.25,8.77275,0.80302894
cold,0,1,0,0.0001,0.1,512,3,5,4,256,6000,8.0,2633729,4,4,9977,4103,900017,2,54,12054,106,636.0,5.3,8.8563,0.80482316
cold,0,1,0,0.0001,0.1,512,3,5,4,256,6000,8.0,2633729,4,4,9977,4103,900017,2,54,12054,107,642.0,5.35,8.93985,0.80702198
cold,0,1,0,0.0001,0.1,512,3,5,4,256,6000,8.0,2633729,4,4,9977,4103,900017,2,54,12054,108,648.0,5.4,9.0234,0.80941743
cold,0,1,0,0.0001,0.1,512,3,5,4,256,6000,8.0,2633729,4,4,9977,4103,900017,2,54,12054,109,654.0,5.45,9.10695,0.81170481
cold,0,1,0,0.0001,0.1,512,3,5,4,256,6000,8.0,2633729,4,4,9977,4103,900017,2,54,12054,110,660.0,5.5,9.1905,0.81309676
cold,0,1,0,0.0001,0.1,512,3,5,4,256,6000,8.0,2633729,4,4,9977,4103,900017,2,54,12054,111,666.0,5.55,9.27405,0.81343734
cold,0,1,0,0.0001,0.1,512,3,5,4,256,6000,8.0,2633729,4,4,9977,4103,900017,2,54,12054,112,672.0,5.6,9.3576,0.81360102
cold,0,1,0,0.0001,0.1,512,3,5,4,256,6000,8.0,2633729,4,4,9977,4103,900017,2,54,12054,113,678.0,5.65,9.44115,0.81450665
cold,0,1,0,0.0001,0.1,512,3,5,4,256,6000,8.0,2633729,4,4,9977,4103,900017,2,54,12054,114,684.0,5.7,9.5247,0.8160814
cold,0,1,0,0.0001,0.1,512,3,5,4,256,6000,8.0,2633729,4,4,9977,4103,900017,2,54,12054,115,690.0,5.75,9.60825,0.81753635
cold,0,1,0,0.0001,0.1,512,3,5,4,256,6000,8.0,2633729,4,4,9977,4103,900017,2,54,12054,116,696.0,5.8,9.6918,0.81896716
cold,0,1,0,0.0001,0.1,512,3,5,4,256,6000,8.0,2633729,4,4,9977,4103,900017,2,54,12054,117,702.0,5.85,9.77535,0.8215121
cold,0,1,0,0.0001,0.1,512,3,5,4,256,6000,8.0,2633729,4,4,9977,4103,900017,2,54,12054,118,708.0,5.9,9.8589,0.82542974
cold,0,1,0,0.0001,0.1,512,3,5,4,256,6000,8.0,2633729,4,4,9977,4103,900017,2,54,12054,119,714.0,5.95,9.94245,0.82954568
cold,0,1,0,0.0001,0.1,512,3,5,4,256,6000,8.0,2633729,4,4,9977,4103,900017,2,54,12054,120,720.0,6.0,10.026,0.83230615
cold,0,1,0,0.0001,0.1,512,3,5,4,256,6000,8.0,2633729,4,4,9977,4103,900017,2,234,12234,1,6.0,0.05,0.08355,0.04724055
cold,0,1,0,0.0001,0.1,512,3,5,4,256,6000,8.0,2633729,4,4,9977,4103,900017,2,234,12234,2,12.0,0.1,0.1671,0.05525101
cold,0,1,0,0.0001,0.1,512,3,5,4,256,6000,8.0,2633729,4,4,9977,4103,900017,2,234,12234,3,18.0,0.15,0.25065,0.06565503
cold,0,1,0,0.0001,0.1,512,3,5,4,256,6000,8.0,2633729,4,4,9977,4103,900017,2,234,12234,4,24.0,0.2,0.3342,0.07840987
cold,0,1,0,0.0001,0.1,512,3,5,4,256,6000,8.0,2633729,4,4,9977,4103,900017,2,234,12234,5,30.0,0.25,0.41775,0.09228195
cold,0,1,0,0.0001,0.1,512,3,5,4,256,6000,8.0,2633729,4,4,9977,4103,900017,2,234,12234,6,36.0,0.3,0.5013,0.1079685
cold,0,1,0,0.0001,0.1,512,3,5,4,256,6000,8.0,2633729,4,4,9977,4103,900017,2,234,12234,7,42.0,0.35,0.58485,0.12579073
cold,0,1,0,0.0001,0.1,512,3,5,4,256,6000,8.0,2633729,4,4,9977,4103,900017,2,234,12234,8,48.0,0.4,0.6684,0.14695023
cold,0,1,0,0.0001,0.1,512,3,5,4,256,6000,8.0,2633729,4,4,9977,4103,900017,2,234,12234,9,54.0,0.45,0.75195,0.17153564
cold,0,1,0,0.0001,0.1,512,3,5,4,256,6000,8.0,2633729,4,4,9977,4103,900017,2,234,12234,10,60.0,0.5,0.8355,0.19706415
cold,0,1,0,0.0001,0.1,512,3,5,4,256,6000,8.0,2633729,4,4,9977,4103,900017,2,234,12234,11,66.0,0.55,0.91905,0.22158064
cold,0,1,0,0.0001,0.1,512,3,5,4,256,6000,8.0,2633729,4,4,9977,4103,900017,2,234,12234,12,72.0,0.6,1.0026,0.24585739
cold,0,1,0,0.0001,0.1,512,3,5,4,256,6000,8.0,2633729,4,4,9977,4103,900017,2,234,12234,13,78.0,0.65,1.08615,0.27108705
cold,0,1,0,0.0001,0.1,512,3,5,4,256,6000,8.0,2633729,4,4,9977,4103,900017,2,234,12234,14,84.0,0.7,1.1697,0.29788178
cold,0,1,0,0.0001,0.1,512,3,5,4,256,6000,8.0,2633729,4,4,9977,4103,900017,2,234,12234,15,90.0,0.75,1.25325,0.32617801
cold,0,1,0,0.0001,0.1,512,3,5,4,256,6000,8.0,2633729,4,4,9977,4103,900017,2,234,12234,16,96.0,0.8,1.3368,0.35453081
cold,0,1,0,0.0001,0.1,512,3,5,4,256,6000,8.0,2633729,4,4,9977,4103,900017,2,234,12234,17,102.0,0.85,1.42035,0.38253185
cold,0,1,0,0.0001,0.1,512,3,5,4,256,6000,8.0,2633729,4,4,9977,4103,900017,2,234,12234,18,108.0,0.9,1.5039,0.41121796
cold,0,1,0,0.0001,0.1,512,3,5,4,256,6000,8.0,2633729,4,4,9977,4103,900017,2,234,12234,19,114.0,0.95,1.58745,0.44046083
cold,0,1,0,0.0001,0.1,512,3,5,4,256,6000,8.0,2633729,4,4,9977,4103,900017,2,234,12234,20,120.0,1.0,1.671,0.46907625
cold,0,1,0,0.0001,0.1,512,3,5,4,256,6000,8.0,2633729,4,4,9977,4103,900017,2,234,12234,21,126.0,1.05,1.75455,0.49605113
cold,0,1,0,0.0001,0.1,512,3,5,4,256,6000,8.0,2633729,4,4,9977,4103,900017,2,234,12234,22,132.0,1.1,1.8381,0.52105266
cold,0,1,0,0.0001,0.1,512,3,5,4,256,6000,8.0,2633729,4,4,9977,4103,900017,2,234,12234,23,138.0,1.15,1.92165,0.54331934
cold,0,1,0,0.0001,0.1,512,3,5,4,256,6000,8.0,2633729,4,4,9977,4103,900017,2,234,12234,24,144.0,1.2,2.0052,0.56272048
cold,0,1,0,0.0001,0.1,512,3,5,4,256,6000,8.0,2633729,4,4,9977,4103,900017,2,234,12234,25,150.0,1.25,2.08875,0.58144367
cold,0,1,0,0.0001,0.1,512,3,5,4,256,6000,8.0,2633729,4,4,9977,4103,900017,2,234,12234,26,156.0,1.3,2.1723,0.60154879
cold,0,1,0,0.0001,0.1,512,3,5,4,256,6000,8.0,2633729,4,4,9977,4103,900017,2,234,12234,27,162.0,1.35,2.25585,0.62290853
cold,0,1,0,0.0001,0.1,512,3,5,4,256,6000,8.0,2633729,4,4,9977,4103,900017,2,234,12234,28,168.0,1.4,2.3394,0.64395314
cold,0,1,0,0.0001,0.1,512,3,5,4,256,6000,8.0,2633729,4,4,9977,4103,900017,2,234,12234,29,174.0,1.45,2.42295,0.66419095
cold,0,1,0,0.0001,0.1,512,3,5,4,256,6000,8.0,2633729,4,4,9977,4103,900017,2,234,12234,30,180.0,1.5,2.5065,0.68341362
cold,0,1,0,0.0001,0.1,512,3,5,4,256,6000,8.0,2633729,4,4,9977,4103,900017,2,234,12234,31,186.0,1.55,2.59005,0.70087606
cold,0,1,0,0.0001,0.1,512,3,5,4,256,6000,8.0,2633729,4,4,9977,4103,900017,2,234,12234,32,192.0,1.6,2.6736,0.71703637
cold,0,1,0,0.0001,0.1,512,3,5,4,256,6000,8.0,2633729,4,4,9977,4103,900017,2,234,12234,33,198.0,1.65,2.75715,0.73403245
cold,0,1,0,0.0001,0.1,512,3,5,4,256,6000,8.0,2633729,4,4,9977,4103,900017,2,234,12234,34,204.0,1.7,2.8407,0.75297105
cold,0,1,0,0.0001,0.1,512,3,5,4,256,6000,8.0,2633729,4,4,9977,4103,900017,2,234,12234,35,210.0,1.75,2.92425,0.77180296
cold,0,1,0,0.0001,0.1,512,3,5,4,256,6000,8.0,2633729,4,4,9977,4103,900017,2,234,12234,36,216.0,1.8,3.0078,0.78795469
cold,0,1,0,0.0001,0.1,512,3,5,4,256,6000,8.0,2633729,4,4,9977,4103,900017,2,234,12234,37,222.0,1.85,3.09135,0.80129218
cold,0,1,0,0.0001,0.1,512,3,5,4,256,6000,8.0,2633729,4,4,9977,4103,900017,2,234,12234,38,228.0,1.9,3.1749,0.81337965
cold,0,1,0,0.0001,0.1,512,3,5,4,256,6000,8.0,2633729,4,4,9977,4103,900017,2,234,12234,39,234.0,1.95,3.25845,0.82514864
cold,0,1,0,0.0001,0.1,512,3,5,4,256,6000,8.0,2633729,4,4,9977,4103,900017,2,234,12234,40,240.0,2.0,3.342,0.83558697
cold,0,1,0,0.0001,0.1,512,3,5,4,256,6000,8.0,2633729,4,4,9977,4103,900017,2,234,12234,41,246.0,2.05,3.42555,0.84359068
cold,0,1,0,0.0001,0.1,512,3,5,4,256,6000,8.0,2633729,4,4,9977,4103,900017,2,234,12234,42,252.0,2.1,3.5091,0.84903902
cold,0,1,0,0.0001,0.1,512,3,5,4,256,6000,8.0,2633729,4,4,9977,4103,900017,2,234,12234,43,258.0,2.15,3.59265,0.85280687
cold,0,1,0,0.0001,0.1,512,3,5,4,256,6000,8.0,2633729,4,4,9977,4103,900017,2,234,12234,44,264.0,2.2,3.6762,0.85616535
cold,0,1,0,0.0001,0.1,512,3,5,4,256,6000,8.0,2633729,4,4,9977,4103,900017,2,234,12234,45,270.0,2.25,3.75975,0.85886151
cold,0,1,0,0.0001,0.1,512,3,5,4,256,6000,8.0,2633729,4,4,9977,4103,900017,2,234,12234,46,276.0,2.3,3.8433,0.86003685
cold,0,1,0,0.0001,0.1,512,3,5,4,256,6000,8.0,2633729,4,4,9977,4103,900017,2,234,12234,47,282.0,2.35,3.92685,0.8622511
cold,0,1,0,0.0001,0.1,512,3,5,4,256,6000,8.0,2633729,4,4,9977,4103,900017,2,234,12234,48,288.0,2.4,4.0104,0.8688044
cold,0,1,0,0.0001,0.1,512,3,5,4,256,6000,8.0,2633729,4,4,9977,4103,900017,2,234,12234,49,294.0,2.45,4.09395,0.88031226
cold,0,1,0,0.0001,0.1,512,3,5,4,256,6000,8.0,2633729,4,4,9977,4103,900017,2,234,12234,50,300.0,2.5,4.1775,0.89513987
cold,0,1,0,0.0001,0.1,512,3,5,4,256,6000,8.0,2633729,4,4,9977,4103,900017,2,234,12234,51,306.0,2.55,4.26105,0.90933645
cold,0,1,0,0.0001,0.1,512,3,5,4,256,6000,8.0,2633729,4,4,9977,4103,900017,2,234,12234,52,312.0,2.6,4.3446,0.91904646
cold,0,1,0,0.0001,0.1,512,3,5,4,256,6000,8.0,2633729,4,4,9977,4103,900017,2,234,12234,53,318.0,2.65,4.42815,0.92293346
cold,0,1,0,0.0001,0.1,512,3,5,4,256,6000,8.0,2633729,4,4,9977,4103,900017,2,234,12234,54,324.0,2.7,4.5117,0.92349994
cold,0,1,0,0.0001,0.1,512,3,5,4,256,6000,8.0,2633729,4,4,9977,4103,900017,2,234,12234,55,330.0,2.75,4.59525,0.92469972
cold,0,1,0,0.0001,0.1,512,3,5,4,256,6000,8.0,2633729,4,4,9977,4103,900017,2,234,12234,56,336.0,2.8,4.6788,0.92795539
cold,0,1,0,0.0001,0.1,512,3,5,4,256,6000,8.0,2633729,4,4,9977,4103,900017,2,234,12234,57,342.0,2.85,4.76235,0.93378758
cold,0,1,0,0.0001,0.1,512,3,5,4,256,6000,8.0,2633729,4,4,9977,4103,900017,2,234,12234,58,348.0,2.9,4.8459,0.94407248
cold,0,1,0,0.0001,0.1,512,3,5,4,256,6000,8.0,2633729,4,4,9977,4103,900017,2,234,12234,59,354.0,2.95,4.92945,0.95672089
cold,0,1,0,0.0001,0.1,512,3,5,4,256,6000,8.0,2633729,4,4,9977,4103,900017,2,234,12234,60,360.0,3.0,5.013,0.96696603
cold,0,1,0,0.0001,0.1,512,3,5,4,256,6000,8.0,2633729,4,4,9977,4103,900017,2,234,12234,61,366.0,3.05,5.09655,0.97414041
cold,0,1,0,0.0001,0.1,512,3,5,4,256,6000,8.0,2633729,4,4,9977,4103,900017,2,234,12234,62,372.0,3.1,5.1801,0.98024982
cold,0,1,0,0.0001,0.1,512,3,5,4,256,6000,8.0,2633729,4,4,9977,4103,900017,2,234,12234,63,378.0,3.15,5.26365,0.98663324
cold,0,1,0,0.0001,0.1,512,3,5,4,256,6000,8.0,2633729,4,4,9977,4103,900017,2,234,12234,64,384.0,3.2,5.3472,0.99144793
cold,0,1,0,0.0001,0.1,512,3,5,4,256,6000,8.0,2633729,4,4,9977,4103,900017,2,234,12234,65,390.0,3.25,5.43075,0.99077404
cold,0,1,0,0.0001,0.1,512,3,5,4,256,6000,8.0,2633729,4,4,9977,4103,900017,2,234,12234,66,396.0,3.3,5.5143,0.98346043
cold,0,1,0,0.0001,0.1,512,3,5,4,256,6000,8.0,2633729,4,4,9977,4103,900017,2,234,12234,67,402.0,3.35,5.59785,0.97338873
cold,0,1,0,0.0001,0.1,512,3,5,4,256,6000,8.0,2633729,4,4,9977,4103,900017,2,234,12234,68,408.0,3.4,5.6814,0.96521294
cold,0,1,0,0.0001,0.1,512,3,5,4,256,6000,8.0,2633729,4,4,9977,4103,900017,2,234,12234,69,414.0,3.45,5.76495,0.96049702
cold,0,1,0,0.0001,0.1,512,3,5,4,256,6000,8.0,2633729,4,4,9977,4103,900017,2,234,12234,70,420.0,3.5,5.8485,0.95871198
cold,0,1,0,0.0001,0.1,512,3,5,4,256,6000,8.0,2633729,4,4,9977,4103,900017,2,234,12234,71,426.0,3.55,5.93205,0.9584887
cold,0,1,0,0.0001,0.1,512,3,5,4,256,6000,8.0,2633729,4,4,9977,4103,900017,2,234,12234,72,432.0,3.6,6.0156,0.96036977
cold,0,1,0,0.0001,0.1,512,3,5,4,256,6000,8.0,2633729,4,4,9977,4103,900017,2,234,12234,73,438.0,3.65,6.09915,0.96530408
cold,0,1,0,0.0001,0.1,512,3,5,4,256,6000,8.0,2633729,4,4,9977,4103,900017,2,234,12234,74,444.0,3.7,6.1827,0.97269505
cold,0,1,0,0.0001,0.1,512,3,5,4,256,6000,8.0,2633729,4,4,9977,4103,900017,2,234,12234,75,450.0,3.75,6.26625,0.98240036
cold,0,1,0,0.0001,0.1,512,3,5,4,256,6000,8.0,2633729,4,4,9977,4103,900017,2,234,12234,76,456.0,3.8,6.3498,0.99254698
cold,0,1,0,0.0001,0.1,512,3,5,4,256,6000,8.0,2633729,4,4,9977,4103,900017,2,234,12234,77,462.0,3.85,6.43335,1.0008502
cold,0,1,0,0.0001,0.1,512,3,5,4,256,6000,8.0,2633729,4,4,9977,4103,900017,2,234,12234,78,468.0,3.9,6.5169,1.00622213
cold,0,1,0,0.0001,0.1,512,3,5,4,256,6000,8.0,2633729,4,4,9977,4103,900017,2,234,12234,79,474.0,3.95,6.60045,1.00879169
cold,0,1,0,0.0001,0.1,512,3,5,4,256,6000,8.0,2633729,4,4,9977,4103,900017,2,234,12234,80,480.0,4.0,6.684,1.00840008
cold,0,1,0,0.0001,0.1,512,3,5,4,256,6000,8.0,2633729,4,4,9977,4103,900017,2,234,12234,81,486.0,4.05,6.76755,1.00542009
cold,0,1,0,0.0001,0.1,512,3,5,4,256,6000,8.0,2633729,4,4,9977,4103,900017,2,234,12234,82,492.0,4.1,6.8511,1.00180328
cold,0,1,0,0.0001,0.1,512,3,5,4,256,6000,8.0,2633729,4,4,9977,4103,900017,2,234,12234,83,498.0,4.15,6.93465,1.00032365
cold,0,1,0,0.0001,0.1,512,3,5,4,256,6000,8.0,2633729,4,4,9977,4103,900017,2,234,12234,84,504.0,4.2,7.0182,1.00215852
cold,0,1,0,0.0001,0.1,512,3,5,4,256,6000,8.0,2633729,4,4,9977,4103,900017,2,234,12234,85,510.0,4.25,7.10175,1.00484681
cold,0,1,0,0.0001,0.1,512,3,5,4,256,6000,8.0,2633729,4,4,9977,4103,900017,2,234,12234,86,516.0,4.3,7.1853,1.0056994
cold,0,1,0,0.0001,0.1,512,3,5,4,256,6000,8.0,2633729,4,4,9977,4103,900017,2,234,12234,87,522.0,4.35,7.26885,1.00489271
cold,0,1,0,0.0001,0.1,512,3,5,4,256,6000,8.0,2633729,4,4,9977,4103,900017,2,234,12234,88,528.0,4.4,7.3524,1.00453615
cold,0,1,0,0.0001,0.1,512,3,5,4,256,6000,8.0,2633729,4,4,9977,4103,900017,2,234,12234,89,534.0,4.45,7.43595,1.0049994
cold,0,1,0,0.0001,0.1,512,3,5,4,256,6000,8.0,2633729,4,4,9977,4103,900017,2,234,12234,90,540.0,4.5,7.5195,1.00465679
cold,0,1,0,0.0001,0.1,512,3,5,4,256,6000,8.0,2633729,4,4,9977,4103,900017,2,234,12234,91,546.0,4.55,7.60305,1.00452363
cold,0,1,0,0.0001,0.1,512,3,5,4,256,6000,8.0,2633729,4,4,9977,4103,900017,2,234,12234,92,552.0,4.6,7.6866,1.00693822
cold,0,1,0,0.0001,0.1,512,3,5,4,256,6000,8.0,2633729,4,4,9977,4103,900017,2,234,12234,93,558.0,4.65,7.77015,1.01042378
cold,0,1,0,0.0001,0.1,512,3,5,4,256,6000,8.0,2633729,4,4,9977,4103,900017,2,234,12234,94,564.0,4.7,7.8537,1.01236629
cold,0,1,0,0.0001,0.1,512,3,5,4,256,6000,8.0,2633729,4,4,9977,4103,900017,2,234,12234,95,570.0,4.75,7.93725,1.01231384
cold,0,1,0,0.0001,0.1,512,3,5,4,256,6000,8.0,2633729,4,4,9977,4103,900017,2,234,12234,96,576.0,4.8,8.0208,1.0123111
cold,0,1,0,0.0001,0.1,512,3,5,4,256,6000,8.0,2633729,4,4,9977,4103,900017,2,234,12234,97,582.0,4.85,8.10435,1.01409924
cold,0,1,0,0.0001,0.1,512,3,5,4,256,6000,8.0,2633729,4,4,9977,4103,900017,2,234,12234,98,588.0,4.9,8.1879,1.01566184
cold,0,1,0,0.0001,0.1,512,3,5,4,256,6000,8.0,2633729,4,4,9977,4103,900017,2,234,12234,99,594.0,4.95,8.27145,1.01503754
cold,0,1,0,0.0001,0.1,512,3,5,4,256,6000,8.0,2633729,4,4,9977,4103,900017,2,234,12234,100,600.0,5.0,8.355,1.01314604
cold,0,1,0,0.0001,0.1,512,3,5,4,256,6000,8.0,2633729,4,4,9977,4103,900017,2,234,12234,101,606.0,5.05,8.43855,1.01093566
cold,0,1,0,0.0001,0.1,512,3,5,4,256,6000,8.0,2633729,4,4,9977,4103,900017,2,234,12234,102,612.0,5.1,8.5221,1.01035821
cold,0,1,0,0.0001,0.1,512,3,5,4,256,6000,8.0,2633729,4,4,9977,4103,900017,2,234,12234,103,618.0,5.15,8.60565,1.01269078
cold,0,1,0,0.0001,0.1,512,3,5,4,256,6000,8.0,2633729,4,4,9977,4103,900017,2,234,12234,104,624.0,5.2,8.6892,1.01750135
cold,0,1,0,0.0001,0.1,512,3,5,4,256,6000,8.0,2633729,4,4,9977,4103,900017,2,234,12234,105,630.0,5.25,8.77275,1.02340102
cold,0,1,0,0.0001,0.1,512,3,5,4,256,6000,8.0,2633729,4,4,9977,4103,900017,2,234,12234,106,636.0,5.3,8.8563,1.02996397
cold,0,1,0,0.0001,0.1,512,3,5,4,256,6000,8.0,2633729,4,4,9977,4103,900017,2,234,12234,107,642.0,5.35,8.93985,1.03576112
cold,0,1,0,0.0001,0.1,512,3,5,4,256,6000,8.0,2633729,4,4,9977,4103,900017,2,234,12234,108,648.0,5.4,9.0234,1.03849828
cold,0,1,0,0.0001,0.1,512,3,5,4,256,6000,8.0,2633729,4,4,9977,4103,900017,2,234,12234,109,654.0,5.45,9.10695,1.0388968
cold,0,1,0,0.0001,0.1,512,3,5,4,256,6000,8.0,2633729,4,4,9977,4103,900017,2,234,12234,110,660.0,5.5,9.1905,1.03869295
cold,0,1,0,0.0001,0.1,512,3,5,4,256,6000,8.0,2633729,4,4,9977,4103,900017,2,234,12234,111,666.0,5.55,9.27405,1.03819096
cold,0,1,0,0.0001,0.1,512,3,5,4,256,6000,8.0,2633729,4,4,9977,4103,900017,2,234,12234,112,672.0,5.6,9.3576,1.03740132
cold,0,1,0,0.0001,0.1,512,3,5,4,256,6000,8.0,2633729,4,4,9977,4103,900017,2,234,12234,113,678.0,5.65,9.44115,1.03650868
cold,0,1,0,0.0001,0.1,512,3,5,4,256,6000,8.0,2633729,4,4,9977,4103,900017,2,234,12234,114,684.0,5.7,9.5247,1.03580117
cold,0,1,0,0.0001,0.1,512,3,5,4,256,6000,8.0,2633729,4,4,9977,4103,900017,2,234,12234,115,690.0,5.75,9.60825,1.03484809
cold,0,1,0,0.0001,0.1,512,3,5,4,256,6000,8.0,2633729,4,4,9977,4103,900017,2,234,12234,116,696.0,5.8,9.6918,1.03231072
cold,0,1,0,0.0001,0.1,512,3,5,4,256,6000,8.0,2633729,4,4,9977,4103,900017,2,234,12234,117,702.0,5.85,9.77535,1.0290705
cold,0,1,0,0.0001,0.1,512,3,5,4,256,6000,8.0,2633729,4,4,9977,4103,900017,2,234,12234,118,708.0,5.9,9.8589,1.02804995
cold,0,1,0,0.0001,0.1,512,3,5,4,256,6000,8.0,2633729,4,4,9977,4103,900017,2,234,12234,119,714.0,5.95,9.94245,1.02888751
cold,0,1,0,0.0001,0.1,512,3,5,4,256,6000,8.0,2633729,4,4,9977,4103,900017,2,234,12234,120,720.0,6.0,10.026,1.02844679
cold,0,1,0,0.0001,0.1,512,3,5,4,256,6000,8.0,2633729,4,4,9977,4103,900017,2,1023,13023,1,6.0,0.05,0.08355,0.03961254
cold,0,1,0,0.0001,0.1,512,3,5,4,256,6000,8.0,2633729,4,4,9977,4103,900017,2,1023,13023,2,12.0,0.1,0.1671,0.04603571
cold,0,1,0,0.0001,0.1,512,3,5,4,256,6000,8.0,2633729,4,4,9977,4103,900017,2,1023,13023,3,18.0,0.15,0.25065,0.05366859
cold,0,1,0,0.0001,0.1,512,3,5,4,256,6000,8.0,2633729,4,4,9977,4103,900017,2,1023,13023,4,24.0,0.2,0.3342,0.06203847
cold,0,1,0,0.0001,0.1,512,3,5,4,256,6000,8.0,2633729,4,4,9977,4103,900017,2,1023,13023,5,30.0,0.25,0.41775,0.07039323
cold,0,1,0,0.0001,0.1,512,3,5,4,256,6000,8.0,2633729,4,4,9977,4103,900017,2,1023,13023,6,36.0,0.3,0.5013,0.0805402
cold,0,1,0,0.0001,0.1,512,3,5,4,256,6000,8.0,2633729,4,4,9977,4103,900017,2,1023,13023,7,42.0,0.35,0.58485,0.09142669
cold,0,1,0,0.0001,0.1,512,3,5,4,256,6000,8.0,2633729,4,4,9977,4103,900017,2,1023,13023,8,48.0,0.4,0.6684,0.10358861
cold,0,1,0,0.0001,0.1,512,3,5,4,256,6000,8.0,2633729,4,4,9977,4103,900017,2,1023,13023,9,54.0,0.45,0.75195,0.11648729
cold,0,1,0,0.0001,0.1,512,3,5,4,256,6000,8.0,2633729,4,4,9977,4103,900017,2,1023,13023,10,60.0,0.5,0.8355,0.12927319
cold,0,1,0,0.0001,0.1,512,3,5,4,256,6000,8.0,2633729,4,4,9977,4103,900017,2,1023,13023,11,66.0,0.55,0.91905,0.1427543
cold,0,1,0,0.0001,0.1,512,3,5,4,256,6000,8.0,2633729,4,4,9977,4103,900017,2,1023,13023,12,72.0,0.6,1.0026,0.15850841
cold,0,1,0,0.0001,0.1,512,3,5,4,256,6000,8.0,2633729,4,4,9977,4103,900017,2,1023,13023,13,78.0,0.65,1.08615,0.17629336
cold,0,1,0,0.0001,0.1,512,3,5,4,256,6000,8.0,2633729,4,4,9977,4103,900017,2,1023,13023,14,84.0,0.7,1.1697,0.1952341
cold,0,1,0,0.0001,0.1,512,3,5,4,256,6000,8.0,2633729,4,4,9977,4103,900017,2,1023,13023,15,90.0,0.75,1.25325,0.2150404
cold,0,1,0,0.0001,0.1,512,3,5,4,256,6000,8.0,2633729,4,4,9977,4103,900017,2,1023,13023,16,96.0,0.8,1.3368,0.23536058
cold,0,1,0,0.0001,0.1,512,3,5,4,256,6000,8.0,2633729,4,4,9977,4103,900017,2,1023,13023,17,102.0,0.85,1.42035,0.25598362
cold,0,1,0,0.0001,0.1,512,3,5,4,256,6000,8.0,2633729,4,4,9977,4103,900017,2,1023,13023,18,108.0,0.9,1.5039,0.27739421
cold,0,1,0,0.0001,0.1,512,3,5,4,256,6000,8.0,2633729,4,4,9977,4103,900017,2,1023,13023,19,114.0,0.95,1.58745,0.29980022
cold,0,1,0,0.0001,0.1,512,3,5,4,256,6000,8.0,2633729,4,4,9977,4103,900017,2,1023,13023,20,120.0,1.0,1.671,0.32240948
cold,0,1,0,0.0001,0.1,512,3,5,4,256,6000,8.0,2633729,4,4,9977,4103,900017,2,1023,13023,21,126.0,1.05,1.75455,0.34461418
cold,0,1,0,0.0001,0.1,512,3,5,4,256,6000,8.0,2633729,4,4,9977,4103,900017,2,1023,13023,22,132.0,1.1,1.8381,0.36675
cold,0,1,0,0.0001,0.1,512,3,5,4,256,6000,8.0,2633729,4,4,9977,4103,900017,2,1023,13023,23,138.0,1.15,1.92165,0.38932943
cold,0,1,0,0.0001,0.1,512,3,5,4,256,6000,8.0,2633729,4,4,9977,4103,900017,2,1023,13023,24,144.0,1.2,2.0052,0.41170537
cold,0,1,0,0.0001,0.1,512,3,5,4,256,6000,8.0,2633729,4,4,9977,4103,900017,2,1023,13023,25,150.0,1.25,2.08875,0.43222564
cold,0,1,0,0.0001,0.1,512,3,5,4,256,6000,8.0,2633729,4,4,9977,4103,900017,2,1023,13023,26,156.0,1.3,2.1723,0.45046276
cold,0,1,0,0.0001,0.1,512,3,5,4,256,6000,8.0,2633729,4,4,9977,4103,900017,2,1023,13023,27,162.0,1.35,2.25585,0.46794298
cold,0,1,0,0.0001,0.1,512,3,5,4,256,6000,8.0,2633729,4,4,9977,4103,900017,2,1023,13023,28,168.0,1.4,2.3394,0.48655069
cold,0,1,0,0.0001,0.1,512,3,5,4,256,6000,8.0,2633729,4,4,9977,4103,900017,2,1023,13023,29,174.0,1.45,2.42295,0.50688136
cold,0,1,0,0.0001,0.1,512,3,5,4,256,6000,8.0,2633729,4,4,9977,4103,900017,2,1023,13023,30,180.0,1.5,2.5065,0.52913511
cold,0,1,0,0.0001,0.1,512,3,5,4,256,6000,8.0,2633729,4,4,9977,4103,900017,2,1023,13023,31,186.0,1.55,2.59005,0.55298001
cold,0,1,0,0.0001,0.1,512,3,5,4,256,6000,8.0,2633729,4,4,9977,4103,900017,2,1023,13023,32,192.0,1.6,2.6736,0.57825059
cold,0,1,0,0.0001,0.1,512,3,5,4,256,6000,8.0,2633729,4,4,9977,4103,900017,2,1023,13023,33,198.0,1.65,2.75715,0.60490304
cold,0,1,0,0.0001,0.1,512,3,5,4,256,6000,8.0,2633729,4,4,9977,4103,900017,2,1023,13023,34,204.0,1.7,2.8407,0.63174397
cold,0,1,0,0.0001,0.1,512,3,5,4,256,6000,8.0,2633729,4,4,9977,4103,900017,2,1023,13023,35,210.0,1.75,2.92425,0.65684998
cold,0,1,0,0.0001,0.1,512,3,5,4,256,6000,8.0,2633729,4,4,9977,4103,900017,2,1023,13023,36,216.0,1.8,3.0078,0.67823607
cold,0,1,0,0.0001,0.1,512,3,5,4,256,6000,8.0,2633729,4,4,9977,4103,900017,2,1023,13023,37,222.0,1.85,3.09135,0.69554383
cold,0,1,0,0.0001,0.1,512,3,5,4,256,6000,8.0,2633729,4,4,9977,4103,900017,2,1023,13023,38,228.0,1.9,3.1749,0.71034855
cold,0,1,0,0.0001,0.1,512,3,5,4,256,6000,8.0,2633729,4,4,9977,4103,900017,2,1023,13023,39,234.0,1.95,3.25845,0.7241506
cold,0,1,0,0.0001,0.1,512,3,5,4,256,6000,8.0,2633729,4,4,9977,4103,900017,2,1023,13023,40,240.0,2.0,3.342,0.7370038
cold,0,1,0,0.0001,0.1,512,3,5,4,256,6000,8.0,2633729,4,4,9977,4103,900017,2,1023,13023,41,246.0,2.05,3.42555,0.74836719
cold,0,1,0,0.0001,0.1,512,3,5,4,256,6000,8.0,2633729,4,4,9977,4103,900017,2,1023,13023,42,252.0,2.1,3.5091,0.75839955
cold,0,1,0,0.0001,0.1,512,3,5,4,256,6000,8.0,2633729,4,4,9977,4103,900017,2,1023,13023,43,258.0,2.15,3.59265,0.76692796
cold,0,1,0,0.0001,0.1,512,3,5,4,256,6000,8.0,2633729,4,4,9977,4103,900017,2,1023,13023,44,264.0,2.2,3.6762,0.77340937
cold,0,1,0,0.0001,0.1,512,3,5,4,256,6000,8.0,2633729,4,4,9977,4103,900017,2,1023,13023,45,270.0,2.25,3.75975,0.77801162
cold,0,1,0,0.0001,0.1,512,3,5,4,256,6000,8.0,2633729,4,4,9977,4103,900017,2,1023,13023,46,276.0,2.3,3.8433,0.781964
cold,0,1,0,0.0001,0.1,512,3,5,4,256,6000,8.0,2633729,4,4,9977,4103,900017,2,1023,13023,47,282.0,2.35,3.92685,0.78829253
cold,0,1,0,0.0001,0.1,512,3,5,4,256,6000,8.0,2633729,4,4,9977,4103,900017,2,1023,13023,48,288.0,2.4,4.0104,0.80031562
cold,0,1,0,0.0001,0.1,512,3,5,4,256,6000,8.0,2633729,4,4,9977,4103,900017,2,1023,13023,49,294.0,2.45,4.09395,0.81823808
cold,0,1,0,0.0001,0.1,512,3,5,4,256,6000,8.0,2633729,4,4,9977,4103,900017,2,1023,13023,50,300.0,2.5,4.1775,0.83746082
cold,0,1,0,0.0001,0.1,512,3,5,4,256,6000,8.0,2633729,4,4,9977,4103,900017,2,1023,13023,51,306.0,2.55,4.26105,0.85254359
cold,0,1,0,0.0001,0.1,512,3,5,4,256,6000,8.0,2633729,4,4,9977,4103,900017,2,1023,13023,52,312.0,2.6,4.3446,0.86362928
cold,0,1,0,0.0001,0.1,512,3,5,4,256,6000,8.0,2633729,4,4,9977,4103,900017,2,1023,13023,53,318.0,2.65,4.42815,0.87389433
cold,0,1,0,0.0001,0.1,512,3,5,4,256,6000,8.0,2633729,4,4,9977,4103,900017,2,1023,13023,54,324.0,2.7,4.5117,0.88342029
cold,0,1,0,0.0001,0.1,512,3,5,4,256,6000,8.0,2633729,4,4,9977,4103,900017,2,1023,13023,55,330.0,2.75,4.59525,0.89065981
cold,0,1,0,0.0001,0.1,512,3,5,4,256,6000,8.0,2633729,4,4,9977,4103,900017,2,1023,13023,56,336.0,2.8,4.6788,0.89574432
cold,0,1,0,0.0001,0.1,512,3,5,4,256,6000,8.0,2633729,4,4,9977,4103,900017,2,1023,13023,57,342.0,2.85,4.76235,0.89978611
cold,0,1,0,0.0001,0.1,512,3,5,4,256,6000,8.0,2633729,4,4,9977,4103,900017,2,1023,13023,58,348.0,2.9,4.8459,0.90357405
cold,0,1,0,0.0001,0.1,512,3,5,4,256,6000,8.0,2633729,4,4,9977,4103,900017,2,1023,13023,59,354.0,2.95,4.92945,0.9066152
cold,0,1,0,0.0001,0.1,512,3,5,4,256,6000,8.0,2633729,4,4,9977,4103,900017,2,1023,13023,60,360.0,3.0,5.013,0.90797693
cold,0,1,0,0.0001,0.1,512,3,5,4,256,6000,8.0,2633729,4,4,9977,4103,900017,2,1023,13023,61,366.0,3.05,5.09655,0.90920532
cold,0,1,0,0.0001,0.1,512,3,5,4,256,6000,8.0,2633729,4,4,9977,4103,900017,2,1023,13023,62,372.0,3.1,5.1801,0.91316783
cold,0,1,0,0.0001,0.1,512,3,5,4,256,6000,8.0,2633729,4,4,9977,4103,900017,2,1023,13023,63,378.0,3.15,5.26365,0.91977954
cold,0,1,0,0.0001,0.1,512,3,5,4,256,6000,8.0,2633729,4,4,9977,4103,900017,2,1023,13023,64,384.0,3.2,5.3472,0.92630142
cold,0,1,0,0.0001,0.1,512,3,5,4,256,6000,8.0,2633729,4,4,9977,4103,900017,2,1023,13023,65,390.0,3.25,5.43075,0.93067122
cold,0,1,0,0.0001,0.1,512,3,5,4,256,6000,8.0,2633729,4,4,9977,4103,900017,2,1023,13023,66,396.0,3.3,5.5143,0.93215901
cold,0,1,0,0.0001,0.1,512,3,5,4,256,6000,8.0,2633729,4,4,9977,4103,900017,2,1023,13023,67,402.0,3.35,5.59785,0.93144202
cold,0,1,0,0.0001,0.1,512,3,5,4,256,6000,8.0,2633729,4,4,9977,4103,900017,2,1023,13023,68,408.0,3.4,5.6814,0.93069524
cold,0,1,0,0.0001,0.1,512,3,5,4,256,6000,8.0,2633729,4,4,9977,4103,900017,2,1023,13023,69,414.0,3.45,5.76495,0.93046045
cold,0,1,0,0.0001,0.1,512,3,5,4,256,6000,8.0,2633729,4,4,9977,4103,900017,2,1023,13023,70,420.0,3.5,5.8485,0.9302004
cold,0,1,0,0.0001,0.1,512,3,5,4,256,6000,8.0,2633729,4,4,9977,4103,900017,2,1023,13023,71,426.0,3.55,5.93205,0.92989165
cold,0,1,0,0.0001,0.1,512,3,5,4,256,6000,8.0,2633729,4,4,9977,4103,900017,2,1023,13023,72,432.0,3.6,6.0156,0.93090749
cold,0,1,0,0.0001,0.1,512,3,5,4,256,6000,8.0,2633729,4,4,9977,4103,900017,2,1023,13023,73,438.0,3.65,6.09915,0.93437231
cold,0,1,0,0.0001,0.1,512,3,5,4,256,6000,8.0,2633729,4,4,9977,4103,900017,2,1023,13023,74,444.0,3.7,6.1827,0.93942553
cold,0,1,0,0.0001,0.1,512,3,5,4,256,6000,8.0,2633729,4,4,9977,4103,900017,2,1023,13023,75,450.0,3.75,6.26625,0.94518882
cold,0,1,0,0.0001,0.1,512,3,5,4,256,6000,8.0,2633729,4,4,9977,4103,900017,2,1023,13023,76,456.0,3.8,6.3498,0.95222282
cold,0,1,0,0.0001,0.1,512,3,5,4,256,6000,8.0,2633729,4,4,9977,4103,900017,2,1023,13023,77,462.0,3.85,6.43335,0.95986575
cold,0,1,0,0.0001,0.1,512,3,5,4,256,6000,8.0,2633729,4,4,9977,4103,900017,2,1023,13023,78,468.0,3.9,6.5169,0.96574134
cold,0,1,0,0.0001,0.1,512,3,5,4,256,6000,8.0,2633729,4,4,9977,4103,900017,2,1023,13023,79,474.0,3.95,6.60045,0.96902114
cold,0,1,0,0.0001,0.1,512,3,5,4,256,6000,8.0,2633729,4,4,9977,4103,900017,2,1023,13023,80,480.0,4.0,6.684,0.97130948
cold,0,1,0,0.0001,0.1,512,3,5,4,256,6000,8.0,2633729,4,4,9977,4103,900017,2,1023,13023,81,486.0,4.05,6.76755,0.97420669
cold,0,1,0,0.0001,0.1,512,3,5,4,256,6000,8.0,2633729,4,4,9977,4103,900017,2,1023,13023,82,492.0,4.1,6.8511,0.97740155
cold,0,1,0,0.0001,0.1,512,3,5,4,256,6000,8.0,2633729,4,4,9977,4103,900017,2,1023,13023,83,498.0,4.15,6.93465,0.97974533
cold,0,1,0,0.0001,0.1,512,3,5,4,256,6000,8.0,2633729,4,4,9977,4103,900017,2,1023,13023,84,504.0,4.2,7.0182,0.98088217
cold,0,1,0,0.0001,0.1,512,3,5,4,256,6000,8.0,2633729,4,4,9977,4103,900017,2,1023,13023,85,510.0,4.25,7.10175,0.98126888
cold,0,1,0,0.0001,0.1,512,3,5,4,256,6000,8.0,2633729,4,4,9977,4103,900017,2,1023,13023,86,516.0,4.3,7.1853,0.98187482
cold,0,1,0,0.0001,0.1,512,3,5,4,256,6000,8.0,2633729,4,4,9977,4103,900017,2,1023,13023,87,522.0,4.35,7.26885,0.98343897
cold,0,1,0,0.0001,0.1,512,3,5,4,256,6000,8.0,2633729,4,4,9977,4103,900017,2,1023,13023,88,528.0,4.4,7.3524,0.98588818
cold,0,1,0,0.0001,0.1,512,3,5,4,256,6000,8.0,2633729,4,4,9977,4103,900017,2,1023,13023,89,534.0,4.45,7.43595,0.98822933
cold,0,1,0,0.0001,0.1,512,3,5,4,256,6000,8.0,2633729,4,4,9977,4103,900017,2,1023,13023,90,540.0,4.5,7.5195,0.98855853
cold,0,1,0,0.0001,0.1,512,3,5,4,256,6000,8.0,2633729,4,4,9977,4103,900017,2,1023,13023,91,546.0,4.55,7.60305,0.98623198
cold,0,1,0,0.0001,0.1,512,3,5,4,256,6000,8.0,2633729,4,4,9977,4103,900017,2,1023,13023,92,552.0,4.6,7.6866,0.98239768
cold,0,1,0,0.0001,0.1,512,3,5,4,256,6000,8.0,2633729,4,4,9977,4103,900017,2,1023,13023,93,558.0,4.65,7.77015,0.97961777
cold,0,1,0,0.0001,0.1,512,3,5,4,256,6000,8.0,2633729,4,4,9977,4103,900017,2,1023,13023,94,564.0,4.7,7.8537,0.9800989
cold,0,1,0,0.0001,0.1,512,3,5,4,256,6000,8.0,2633729,4,4,9977,4103,900017,2,1023,13023,95,570.0,4.75,7.93725,0.98372328
cold,0,1,0,0.0001,0.1,512,3,5,4,256,6000,8.0,2633729,4,4,9977,4103,900017,2,1023,13023,96,576.0,4.8,8.0208,0.98862475
cold,0,1,0,0.0001,0.1,512,3,5,4,256,6000,8.0,2633729,4,4,9977,4103,900017,2,1023,13023,97,582.0,4.85,8.10435,0.9921664
cold,0,1,0,0.0001,0.1,512,3,5,4,256,6000,8.0,2633729,4,4,9977,4103,900017,2,1023,13023,98,588.0,4.9,8.1879,0.99184144
cold,0,1,0,0.0001,0.1,512,3,5,4,256,6000,8.0,2633729,4,4,9977,4103,900017,2,1023,13023,99,594.0,4.95,8.27145,0.98710829
cold,0,1,0,0.0001,0.1,512,3,5,4,256,6000,8.0,2633729,4,4,9977,4103,900017,2,1023,13023,100,600.0,5.0,8.355,0.98067093
cold,0,1,0,0.0001,0.1,512,3,5,4,256,6000,8.0,2633729,4,4,9977,4103,900017,2,1023,13023,101,606.0,5.05,8.43855,0.97619051
cold,0,1,0,0.0001,0.1,512,3,5,4,256,6000,8.0,2633729,4,4,9977,4103,900017,2,1023,13023,102,612.0,5.1,8.5221,0.9752785
cold,0,1,0,0.0001,0.1,512,3,5,4,256,6000,8.0,2633729,4,4,9977,4103,900017,2,1023,13023,103,618.0,5.15,8.60565,0.9768573
cold,0,1,0,0.0001,0.1,512,3,5,4,256,6000,8.0,2633729,4,4,9977,4103,900017,2,1023,13023,104,624.0,5.2,8.6892,0.97912508
cold,0,1,0,0.0001,0.1,512,3,5,4,256,6000,8.0,2633729,4,4,9977,4103,900017,2,1023,13023,105,630.0,5.25,8.77275,0.98056507
cold,0,1,0,0.0001,0.1,512,3,5,4,256,6000,8.0,2633729,4,4,9977,4103,900017,2,1023,13023,106,636.0,5.3,8.8563,0.97986323
cold,0,1,0,0.0001,0.1,512,3,5,4,256,6000,8.0,2633729,4,4,9977,4103,900017,2,1023,13023,107,642.0,5.35,8.93985,0.97728437
cold,0,1,0,0.0001,0.1,512,3,5,4,256,6000,8.0,2633729,4,4,9977,4103,900017,2,1023,13023,108,648.0,5.4,9.0234,0.97519982
cold,0,1,0,0.0001,0.1,512,3,5,4,256,6000,8.0,2633729,4,4,9977,4103,900017,2,1023,13023,109,654.0,5.45,9.10695,0.97630894
cold,0,1,0,0.0001,0.1,512,3,5,4,256,6000,8.0,2633729,4,4,9977,4103,900017,2,1023,13023,110,660.0,5.5,9.1905,0.98094976
cold,0,1,0,0.0001,0.1,512,3,5,4,256,6000,8.0,2633729,4,4,9977,4103,900017,2,1023,13023,111,666.0,5.55,9.27405,0.9872219
cold,0,1,0,0.0001,0.1,512,3,5,4,256,6000,8.0,2633729,4,4,9977,4103,900017,2,1023,13023,112,672.0,5.6,9.3576,0.99362773
cold,0,1,0,0.0001,0.1,512,3,5,4,256,6000,8.0,2633729,4,4,9977,4103,900017,2,1023,13023,113,678.0,5.65,9.44115,0.99921334
cold,0,1,0,0.0001,0.1,512,3,5,4,256,6000,8.0,2633729,4,4,9977,4103,900017,2,1023,13023,114,684.0,5.7,9.5247,1.00221276
cold,0,1,0,0.0001,0.1,512,3,5,4,256,6000,8.0,2633729,4,4,9977,4103,900017,2,1023,13023,115,690.0,5.75,9.60825,1.00145674
cold,0,1,0,0.0001,0.1,512,3,5,4,256,6000,8.0,2633729,4,4,9977,4103,900017,2,1023,13023,116,696.0,5.8,9.6918,0.99760801
cold,0,1,0,0.0001,0.1,512,3,5,4,256,6000,8.0,2633729,4,4,9977,4103,900017,2,1023,13023,117,702.0,5.85,9.77535,0.99263793
cold,0,1,0,0.0001,0.1,512,3,5,4,256,6000,8.0,2633729,4,4,9977,4103,900017,2,1023,13023,118,708.0,5.9,9.8589,0.98899239
cold,0,1,0,0.0001,0.1,512,3,5,4,256,6000,8.0,2633729,4,4,9977,4103,900017,2,1023,13023,119,714.0,5.95,9.94245,0.9878335
cold,0,1,0,0.0001,0.1,512,3,5,4,256,6000,8.0,2633729,4,4,9977,4103,900017,2,1023,13023,120,720.0,6.0,10.026,0.9883936
cold,0,1,0,0.0001,0.1,512,3,5,4,256,6000,8.0,2633729,4,4,9977,4103,900017,2,4468,16468,1,6.0,0.05,0.08355,0.03857458
cold,0,1,0,0.0001,0.1,512,3,5,4,256,6000,8.0,2633729,4,4,9977,4103,900017,2,4468,16468,2,12.0,0.1,0.1671,0.045602
cold,0,1,0,0.0001,0.1,512,3,5,4,256,6000,8.0,2633729,4,4,9977,4103,900017,2,4468,16468,3,18.0,0.15,0.25065,0.05323759
cold,0,1,0,0.0001,0.1,512,3,5,4,256,6000,8.0,2633729,4,4,9977,4103,900017,2,4468,16468,4,24.0,0.2,0.3342,0.06035621
cold,0,1,0,0.0001,0.1,512,3,5,4,256,6000,8.0,2633729,4,4,9977,4103,900017,2,4468,16468,5,30.0,0.25,0.41775,0.06715629
cold,0,1,0,0.0001,0.1,512,3,5,4,256,6000,8.0,2633729,4,4,9977,4103,900017,2,4468,16468,6,36.0,0.3,0.5013,0.07649221
cold,0,1,0,0.0001,0.1,512,3,5,4,256,6000,8.0,2633729,4,4,9977,4103,900017,2,4468,16468,7,42.0,0.35,0.58485,0.08639497
cold,0,1,0,0.0001,0.1,512,3,5,4,256,6000,8.0,2633729,4,4,9977,4103,900017,2,4468,16468,8,48.0,0.4,0.6684,0.09705227
cold,0,1,0,0.0001,0.1,512,3,5,4,256,6000,8.0,2633729,4,4,9977,4103,900017,2,4468,16468,9,54.0,0.45,0.75195,0.108431
cold,0,1,0,0.0001,0.1,512,3,5,4,256,6000,8.0,2633729,4,4,9977,4103,900017,2,4468,16468,10,60.0,0.5,0.8355,0.12053139
cold,0,1,0,0.0001,0.1,512,3,5,4,256,6000,8.0,2633729,4,4,9977,4103,900017,2,4468,16468,11,66.0,0.55,0.91905,0.1339211
cold,0,1,0,0.0001,0.1,512,3,5,4,256,6000,8.0,2633729,4,4,9977,4103,900017,2,4468,16468,12,72.0,0.6,1.0026,0.14927755
cold,0,1,0,0.0001,0.1,512,3,5,4,256,6000,8.0,2633729,4,4,9977,4103,900017,2,4468,16468,13,78.0,0.65,1.08615,0.16643104
cold,0,1,0,0.0001,0.1,512,3,5,4,256,6000,8.0,2633729,4,4,9977,4103,900017,2,4468,16468,14,84.0,0.7,1.1697,0.18466727
cold,0,1,0,0.0001,0.1,512,3,5,4,256,6000,8.0,2633729,4,4,9977,4103,900017,2,4468,16468,15,90.0,0.75,1.25325,0.20316683
cold,0,1,0,0.0001,0.1,512,3,5,4,256,6000,8.0,2633729,4,4,9977,4103,900017,2,4468,16468,16,96.0,0.8,1.3368,0.22153531
cold,0,1,0,0.0001,0.1,512,3,5,4,256,6000,8.0,2633729,4,4,9977,4103,900017,2,4468,16468,17,102.0,0.85,1.42035,0.24045461
cold,0,1,0,0.0001,0.1,512,3,5,4,256,6000,8.0,2633729,4,4,9977,4103,900017,2,4468,16468,18,108.0,0.9,1.5039,0.26096043
cold,0,1,0,0.0001,0.1,512,3,5,4,256,6000,8.0,2633729,4,4,9977,4103,900017,2,4468,16468,19,114.0,0.95,1.58745,0.28295636
cold,0,1,0,0.0001,0.1,512,3,5,4,256,6000,8.0,2633729,4,4,9977,4103,900017,2,4468,16468,20,120.0,1.0,1.671,0.30541027
cold,0,1,0,0.0001,0.1,512,3,5,4,256,6000,8.0,2633729,4,4,9977,4103,900017,2,4468,16468,21,126.0,1.05,1.75455,0.3277145
cold,0,1,0,0.0001,0.1,512,3,5,4,256,6000,8.0,2633729,4,4,9977,4103,900017,2,4468,16468,22,132.0,1.1,1.8381,0.35022986
cold,0,1,0,0.0001,0.1,512,3,5,4,256,6000,8.0,2633729,4,4,9977,4103,900017,2,4468,16468,23,138.0,1.15,1.92165,0.373045
cold,0,1,0,0.0001,0.1,512,3,5,4,256,6000,8.0,2633729,4,4,9977,4103,900017,2,4468,16468,24,144.0,1.2,2.0052,0.39578176
cold,0,1,0,0.0001,0.1,512,3,5,4,256,6000,8.0,2633729,4,4,9977,4103,900017,2,4468,16468,25,150.0,1.25,2.08875,0.41748336
cold,0,1,0,0.0001,0.1,512,3,5,4,256,6000,8.0,2633729,4,4,9977,4103,900017,2,4468,16468,26,156.0,1.3,2.1723,0.43704167
cold,0,1,0,0.0001,0.1,512,3,5,4,256,6000,8.0,2633729,4,4,9977,4103,900017,2,4468,16468,27,162.0,1.35,2.25585,0.4547331
cold,0,1,0,0.0001,0.1,512,3,5,4,256,6000,8.0,2633729,4,4,9977,4103,900017,2,4468,16468,28,168.0,1.4,2.3394,0.47213423
cold,0,1,0,0.0001,0.1,512,3,5,4,256,6000,8.0,2633729,4,4,9977,4103,900017,2,4468,16468,29,174.0,1.45,2.42295,0.49074998
cold,0,1,0,0.0001,0.1,512,3,5,4,256,6000,8.0,2633729,4,4,9977,4103,900017,2,4468,16468,30,180.0,1.5,2.5065,0.51096135
cold,0,1,0,0.0001,0.1,512,3,5,4,256,6000,8.0,2633729,4,4,9977,4103,900017,2,4468,16468,31,186.0,1.55,2.59005,0.53194153
cold,0,1,0,0.0001,0.1,512,3,5,4,256,6000,8.0,2633729,4,4,9977,4103,900017,2,4468,16468,32,192.0,1.6,2.6736,0.55396813
cold,0,1,0,0.0001,0.1,512,3,5,4,256,6000,8.0,2633729,4,4,9977,4103,900017,2,4468,16468,33,198.0,1.65,2.75715,0.57750738
cold,0,1,0,0.0001,0.1,512,3,5,4,256,6000,8.0,2633729,4,4,9977,4103,900017,2,4468,16468,34,204.0,1.7,2.8407,0.60094041
cold,0,1,0,0.0001,0.1,512,3,5,4,256,6000,8.0,2633729,4,4,9977,4103,900017,2,4468,16468,35,210.0,1.75,2.92425,0.62224323
cold,0,1,0,0.0001,0.1,512,3,5,4,256,6000,8.0,2633729,4,4,9977,4103,900017,2,4468,16468,36,216.0,1.8,3.0078,0.64058405
cold,0,1,0,0.0001,0.1,512,3,5,4,256,6000,8.0,2633729,4,4,9977,4103,900017,2,4468,16468,37,222.0,1.85,3.09135,0.65618569
cold,0,1,0,0.0001,0.1,512,3,5,4,256,6000,8.0,2633729,4,4,9977,4103,900017,2,4468,16468,38,228.0,1.9,3.1749,0.67044497
cold,0,1,0,0.0001,0.1,512,3,5,4,256,6000,8.0,2633729,4,4,9977,4103,900017,2,4468,16468,39,234.0,1.95,3.25845,0.6846993
cold,0,1,0,0.0001,0.1,512,3,5,4,256,6000,8.0,2633729,4,4,9977,4103,900017,2,4468,16468,40,240.0,2.0,3.342,0.69930238
cold,0,1,0,0.0001,0.1,512,3,5,4,256,6000,8.0,2633729,4,4,9977,4103,900017,2,4468,16468,41,246.0,2.05,3.42555,0.71407402
cold,0,1,0,0.0001,0.1,512,3,5,4,256,6000,8.0,2633729,4,4,9977,4103,900017,2,4468,16468,42,252.0,2.1,3.5091,0.72841567
cold,0,1,0,0.0001,0.1,512,3,5,4,256,6000,8.0,2633729,4,4,9977,4103,900017,2,4468,16468,43,258.0,2.15,3.59265,0.74080461
cold,0,1,0,0.0001,0.1,512,3,5,4,256,6000,8.0,2633729,4,4,9977,4103,900017,2,4468,16468,44,264.0,2.2,3.6762,0.74990499
cold,0,1,0,0.0001,0.1,512,3,5,4,256,6000,8.0,2633729,4,4,9977,4103,900017,2,4468,16468,45,270.0,2.25,3.75975,0.75567943
cold,0,1,0,0.0001,0.1,512,3,5,4,256,6000,8.0,2633729,4,4,9977,4103,900017,2,4468,16468,46,276.0,2.3,3.8433,0.75952858
cold,0,1,0,0.0001,0.1,512,3,5,4,256,6000,8.0,2633729,4,4,9977,4103,900017,2,4468,16468,47,282.0,2.35,3.92685,0.76355159
cold,0,1,0,0.0001,0.1,512,3,5,4,256,6000,8.0,2633729,4,4,9977,4103,900017,2,4468,16468,48,288.0,2.4,4.0104,0.76918191
cold,0,1,0,0.0001,0.1,512,3,5,4,256,6000,8.0,2633729,4,4,9977,4103,900017,2,4468,16468,49,294.0,2.45,4.09395,0.77711076
cold,0,1,0,0.0001,0.1,512,3,5,4,256,6000,8.0,2633729,4,4,9977,4103,900017,2,4468,16468,50,300.0,2.5,4.1775,0.78667325
cold,0,1,0,0.0001,0.1,512,3,5,4,256,6000,8.0,2633729,4,4,9977,4103,900017,2,4468,16468,51,306.0,2.55,4.26105,0.79588717
cold,0,1,0,0.0001,0.1,512,3,5,4,256,6000,8.0,2633729,4,4,9977,4103,900017,2,4468,16468,52,312.0,2.6,4.3446,0.80308586
cold,0,1,0,0.0001,0.1,512,3,5,4,256,6000,8.0,2633729,4,4,9977,4103,900017,2,4468,16468,53,318.0,2.65,4.42815,0.8086009
cold,0,1,0,0.0001,0.1,512,3,5,4,256,6000,8.0,2633729,4,4,9977,4103,900017,2,4468,16468,54,324.0,2.7,4.5117,0.81446934
cold,0,1,0,0.0001,0.1,512,3,5,4,256,6000,8.0,2633729,4,4,9977,4103,900017,2,4468,16468,55,330.0,2.75,4.59525,0.82228583
cold,0,1,0,0.0001,0.1,512,3,5,4,256,6000,8.0,2633729,4,4,9977,4103,900017,2,4468,16468,56,336.0,2.8,4.6788,0.83184248
cold,0,1,0,0.0001,0.1,512,3,5,4,256,6000,8.0,2633729,4,4,9977,4103,900017,2,4468,16468,57,342.0,2.85,4.76235,0.84168547
cold,0,1,0,0.0001,0.1,512,3,5,4,256,6000,8.0,2633729,4,4,9977,4103,900017,2,4468,16468,58,348.0,2.9,4.8459,0.85048765
cold,0,1,0,0.0001,0.1,512,3,5,4,256,6000,8.0,2633729,4,4,9977,4103,900017,2,4468,16468,59,354.0,2.95,4.92945,0.85801679
cold,0,1,0,0.0001,0.1,512,3,5,4,256,6000,8.0,2633729,4,4,9977,4103,900017,2,4468,16468,60,360.0,3.0,5.013,0.86490601
cold,0,1,0,0.0001,0.1,512,3,5,4,256,6000,8.0,2633729,4,4,9977,4103,900017,2,4468,16468,61,366.0,3.05,5.09655,0.87166542
cold,0,1,0,0.0001,0.1,512,3,5,4,256,6000,8.0,2633729,4,4,9977,4103,900017,2,4468,16468,62,372.0,3.1,5.1801,0.87825245
cold,0,1,0,0.0001,0.1,512,3,5,4,256,6000,8.0,2633729,4,4,9977,4103,900017,2,4468,16468,63,378.0,3.15,5.26365,0.88390476
cold,0,1,0,0.0001,0.1,512,3,5,4,256,6000,8.0,2633729,4,4,9977,4103,900017,2,4468,16468,64,384.0,3.2,5.3472,0.8888678
cold,0,1,0,0.0001,0.1,512,3,5,4,256,6000,8.0,2633729,4,4,9977,4103,900017,2,4468,16468,65,390.0,3.25,5.43075,0.89436185
cold,0,1,0,0.0001,0.1,512,3,5,4,256,6000,8.0,2633729,4,4,9977,4103,900017,2,4468,16468,66,396.0,3.3,5.5143,0.90048587
cold,0,1,0,0.0001,0.1,512,3,5,4,256,6000,8.0,2633729,4,4,9977,4103,900017,2,4468,16468,67,402.0,3.35,5.59785,0.90613747
cold,0,1,0,0.0001,0.1,512,3,5,4,256,6000,8.0,2633729,4,4,9977,4103,900017,2,4468,16468,68,408.0,3.4,5.6814,0.91079819
cold,0,1,0,0.0001,0.1,512,3,5,4,256,6000,8.0,2633729,4,4,9977,4103,900017,2,4468,16468,69,414.0,3.45,5.76495,0.91462052
cold,0,1,0,0.0001,0.1,512,3,5,4,256,6000,8.0,2633729,4,4,9977,4103,900017,2,4468,16468,70,420.0,3.5,5.8485,0.91790402
cold,0,1,0,0.0001,0.1,512,3,5,4,256,6000,8.0,2633729,4,4,9977,4103,900017,2,4468,16468,71,426.0,3.55,5.93205,0.9213075
cold,0,1,0,0.0001,0.1,512,3,5,4,256,6000,8.0,2633729,4,4,9977,4103,900017,2,4468,16468,72,432.0,3.6,6.0156,0.92565411
cold,0,1,0,0.0001,0.1,512,3,5,4,256,6000,8.0,2633729,4,4,9977,4103,900017,2,4468,16468,73,438.0,3.65,6.09915,0.93113351
cold,0,1,0,0.0001,0.1,512,3,5,4,256,6000,8.0,2633729,4,4,9977,4103,900017,2,4468,16468,74,444.0,3.7,6.1827,0.935821
cold,0,1,0,0.0001,0.1,512,3,5,4,256,6000,8.0,2633729,4,4,9977,4103,900017,2,4468,16468,75,450.0,3.75,6.26625,0.93612599
cold,0,1,0,0.0001,0.1,512,3,5,4,256,6000,8.0,2633729,4,4,9977,4103,900017,2,4468,16468,76,456.0,3.8,6.3498,0.93189889
cold,0,1,0,0.0001,0.1,512,3,5,4,256,6000,8.0,2633729,4,4,9977,4103,900017,2,4468,16468,77,462.0,3.85,6.43335,0.92795324
cold,0,1,0,0.0001,0.1,512,3,5,4,256,6000,8.0,2633729,4,4,9977,4103,900017,2,4468,16468,78,468.0,3.9,6.5169,0.92845184
cold,0,1,0,0.0001,0.1,512,3,5,4,256,6000,8.0,2633729,4,4,9977,4103,900017,2,4468,16468,79,474.0,3.95,6.60045,0.93259662
cold,0,1,0,0.0001,0.1,512,3,5,4,256,6000,8.0,2633729,4,4,9977,4103,900017,2,4468,16468,80,480.0,4.0,6.684,0.93717915
cold,0,1,0,0.0001,0.1,512,3,5,4,256,6000,8.0,2633729,4,4,9977,4103,900017,2,4468,16468,81,486.0,4.05,6.76755,0.94050485
cold,0,1,0,0.0001,0.1,512,3,5,4,256,6000,8.0,2633729,4,4,9977,4103,900017,2,4468,16468,82,492.0,4.1,6.8511,0.94261301
cold,0,1,0,0.0001,0.1,512,3,5,4,256,6000,8.0,2633729,4,4,9977,4103,900017,2,4468,16468,83,498.0,4.15,6.93465,0.94428879
cold,0,1,0,0.0001,0.1,512,3,5,4,256,6000,8.0,2633729,4,4,9977,4103,900017,2,4468,16468,84,504.0,4.2,7.0182,0.94699788
cold,0,1,0,0.0001,0.1,512,3,5,4,256,6000,8.0,2633729,4,4,9977,4103,900017,2,4468,16468,85,510.0,4.25,7.10175,0.95148134
cold,0,1,0,0.0001,0.1,512,3,5,4,256,6000,8.0,2633729,4,4,9977,4103,900017,2,4468,16468,86,516.0,4.3,7.1853,0.9575305
cold,0,1,0,0.0001,0.1,512,3,5,4,256,6000,8.0,2633729,4,4,9977,4103,900017,2,4468,16468,87,522.0,4.35,7.26885,0.96453035
cold,0,1,0,0.0001,0.1,512,3,5,4,256,6000,8.0,2633729,4,4,9977,4103,900017,2,4468,16468,88,528.0,4.4,7.3524,0.97035688
cold,0,1,0,0.0001,0.1,512,3,5,4,256,6000,8.0,2633729,4,4,9977,4103,900017,2,4468,16468,89,534.0,4.45,7.43595,0.97256601
cold,0,1,0,0.0001,0.1,512,3,5,4,256,6000,8.0,2633729,4,4,9977,4103,900017,2,4468,16468,90,540.0,4.5,7.5195,0.97103268
cold,0,1,0,0.0001,0.1,512,3,5,4,256,6000,8.0,2633729,4,4,9977,4103,900017,2,4468,16468,91,546.0,4.55,7.60305,0.96780735
cold,0,1,0,0.0001,0.1,512,3,5,4,256,6000,8.0,2633729,4,4,9977,4103,900017,2,4468,16468,92,552.0,4.6,7.6866,0.96552223
cold,0,1,0,0.0001,0.1,512,3,5,4,256,6000,8.0,2633729,4,4,9977,4103,900017,2,4468,16468,93,558.0,4.65,7.77015,0.96642917
cold,0,1,0,0.0001,0.1,512,3,5,4,256,6000,8.0,2633729,4,4,9977,4103,900017,2,4468,16468,94,564.0,4.7,7.8537,0.97044653
cold,0,1,0,0.0001,0.1,512,3,5,4,256,6000,8.0,2633729,4,4,9977,4103,900017,2,4468,16468,95,570.0,4.75,7.93725,0.97479457
cold,0,1,0,0.0001,0.1,512,3,5,4,256,6000,8.0,2633729,4,4,9977,4103,900017,2,4468,16468,96,576.0,4.8,8.0208,0.97776622
cold,0,1,0,0.0001,0.1,512,3,5,4,256,6000,8.0,2633729,4,4,9977,4103,900017,2,4468,16468,97,582.0,4.85,8.10435,0.97994673
cold,0,1,0,0.0001,0.1,512,3,5,4,256,6000,8.0,2633729,4,4,9977,4103,900017,2,4468,16468,98,588.0,4.9,8.1879,0.98176146
cold,0,1,0,0.0001,0.1,512,3,5,4,256,6000,8.0,2633729,4,4,9977,4103,900017,2,4468,16468,99,594.0,4.95,8.27145,0.98294473
cold,0,1,0,0.0001,0.1,512,3,5,4,256,6000,8.0,2633729,4,4,9977,4103,900017,2,4468,16468,100,600.0,5.0,8.355,0.98337662
cold,0,1,0,0.0001,0.1,512,3,5,4,256,6000,8.0,2633729,4,4,9977,4103,900017,2,4468,16468,101,606.0,5.05,8.43855,0.98288769
cold,0,1,0,0.0001,0.1,512,3,5,4,256,6000,8.0,2633729,4,4,9977,4103,900017,2,4468,16468,102,612.0,5.1,8.5221,0.98175305
cold,0,1,0,0.0001,0.1,512,3,5,4,256,6000,8.0,2633729,4,4,9977,4103,900017,2,4468,16468,103,618.0,5.15,8.60565,0.98065156
cold,0,1,0,0.0001,0.1,512,3,5,4,256,6000,8.0,2633729,4,4,9977,4103,900017,2,4468,16468,104,624.0,5.2,8.6892,0.98045689
cold,0,1,0,0.0001,0.1,512,3,5,4,256,6000,8.0,2633729,4,4,9977,4103,900017,2,4468,16468,105,630.0,5.25,8.77275,0.98070878
cold,0,1,0,0.0001,0.1,512,3,5,4,256,6000,8.0,2633729,4,4,9977,4103,900017,2,4468,16468,106,636.0,5.3,8.8563,0.97905344
cold,0,1,0,0.0001,0.1,512,3,5,4,256,6000,8.0,2633729,4,4,9977,4103,900017,2,4468,16468,107,642.0,5.35,8.93985,0.97517145
cold,0,1,0,0.0001,0.1,512,3,5,4,256,6000,8.0,2633729,4,4,9977,4103,900017,2,4468,16468,108,648.0,5.4,9.0234,0.97279644
cold,0,1,0,0.0001,0.1,512,3,5,4,256,6000,8.0,2633729,4,4,9977,4103,900017,2,4468,16468,109,654.0,5.45,9.10695,0.97454935
cold,0,1,0,0.0001,0.1,512,3,5,4,256,6000,8.0,2633729,4,4,9977,4103,900017,2,4468,16468,110,660.0,5.5,9.1905,0.97853965
cold,0,1,0,0.0001,0.1,512,3,5,4,256,6000,8.0,2633729,4,4,9977,4103,900017,2,4468,16468,111,666.0,5.55,9.27405,0.98255289
cold,0,1,0,0.0001,0.1,512,3,5,4,256,6000,8.0,2633729,4,4,9977,4103,900017,2,4468,16468,112,672.0,5.6,9.3576,0.98692977
cold,0,1,0,0.0001,0.1,512,3,5,4,256,6000,8.0,2633729,4,4,9977,4103,900017,2,4468,16468,113,678.0,5.65,9.44115,0.99220991
cold,0,1,0,0.0001,0.1,512,3,5,4,256,6000,8.0,2633729,4,4,9977,4103,900017,2,4468,16468,114,684.0,5.7,9.5247,0.99671048
cold,0,1,0,0.0001,0.1,512,3,5,4,256,6000,8.0,2633729,4,4,9977,4103,900017,2,4468,16468,115,690.0,5.75,9.60825,0.99764973
cold,0,1,0,0.0001,0.1,512,3,5,4,256,6000,8.0,2633729,4,4,9977,4103,900017,2,4468,16468,116,696.0,5.8,9.6918,0.99443084
cold,0,1,0,0.0001,0.1,512,3,5,4,256,6000,8.0,2633729,4,4,9977,4103,900017,2,4468,16468,117,702.0,5.85,9.77535,0.98942459
cold,0,1,0,0.0001,0.1,512,3,5,4,256,6000,8.0,2633729,4,4,9977,4103,900017,2,4468,16468,118,708.0,5.9,9.8589,0.98578781
cold,0,1,0,0.0001,0.1,512,3,5,4,256,6000,8.0,2633729,4,4,9977,4103,900017,2,4468,16468,119,714.0,5.95,9.94245,0.98531157
cold,0,1,0,0.0001,0.1,512,3,5,4,256,6000,8.0,2633729,4,4,9977,4103,900017,2,4468,16468,120,720.0,6.0,10.026,0.98737419
cold,0,1,0,0.0001,0.1,512,3,5,4,256,6000,8.0,2633729,4,4,9977,4103,900017,2,6000,18000,1,6.0,0.05,0.08355,0.03817104
cold,0,1,0,0.0001,0.1,512,3,5,4,256,6000,8.0,2633729,4,4,9977,4103,900017,2,6000,18000,2,12.0,0.1,0.1671,0.04546949
cold,0,1,0,0.0001,0.1,512,3,5,4,256,6000,8.0,2633729,4,4,9977,4103,900017,2,6000,18000,3,18.0,0.15,0.25065,0.05336798
cold,0,1,0,0.0001,0.1,512,3,5,4,256,6000,8.0,2633729,4,4,9977,4103,900017,2,6000,18000,4,24.0,0.2,0.3342,0.06056996
cold,0,1,0,0.0001,0.1,512,3,5,4,256,6000,8.0,2633729,4,4,9977,4103,900017,2,6000,18000,5,30.0,0.25,0.41775,0.06746455
cold,0,1,0,0.0001,0.1,512,3,5,4,256,6000,8.0,2633729,4,4,9977,4103,900017,2,6000,18000,6,36.0,0.3,0.5013,0.07709996
cold,0,1,0,0.0001,0.1,512,3,5,4,256,6000,8.0,2633729,4,4,9977,4103,900017,2,6000,18000,7,42.0,0.35,0.58485,0.08740778
cold,0,1,0,0.0001,0.1,512,3,5,4,256,6000,8.0,2633729,4,4,9977,4103,900017,2,6000,18000,8,48.0,0.4,0.6684,0.09864022
cold,0,1,0,0.0001,0.1,512,3,5,4,256,6000,8.0,2633729,4,4,9977,4103,900017,2,6000,18000,9,54.0,0.45,0.75195,0.11073104
cold,0,1,0,0.0001,0.1,512,3,5,4,256,6000,8.0,2633729,4,4,9977,4103,900017,2,6000,18000,10,60.0,0.5,0.8355,0.12357842
cold,0,1,0,0.0001,0.1,512,3,5,4,256,6000,8.0,2633729,4,4,9977,4103,900017,2,6000,18000,11,66.0,0.55,0.91905,0.13764253
cold,0,1,0,0.0001,0.1,512,3,5,4,256,6000,8.0,2633729,4,4,9977,4103,900017,2,6000,18000,12,72.0,0.6,1.0026,0.15368664
cold,0,1,0,0.0001,0.1,512,3,5,4,256,6000,8.0,2633729,4,4,9977,4103,900017,2,6000,18000,13,78.0,0.65,1.08615,0.17185271
cold,0,1,0,0.0001,0.1,512,3,5,4,256,6000,8.0,2633729,4,4,9977,4103,900017,2,6000,18000,14,84.0,0.7,1.1697,0.19155541
cold,0,1,0,0.0001,0.1,512,3,5,4,256,6000,8.0,2633729,4,4,9977,4103,900017,2,6000,18000,15,90.0,0.75,1.25325,0.21166515
cold,0,1,0,0.0001,0.1,512,3,5,4,256,6000,8.0,2633729,4,4,9977,4103,900017,2,6000,18000,16,96.0,0.8,1.3368,0.23098946
cold,0,1,0,0.0001,0.1,512,3,5,4,256,6000,8.0,2633729,4,4,9977,4103,900017,2,6000,18000,17,102.0,0.85,1.42035,0.24936497
cold,0,1,0,0.0001,0.1,512,3,5,4,256,6000,8.0,2633729,4,4,9977,4103,900017,2,6000,18000,18,108.0,0.9,1.5039,0.26862144
cold,0,1,0,0.0001,0.1,512,3,5,4,256,6000,8.0,2633729,4,4,9977,4103,900017,2,6000,18000,19,114.0,0.95,1.58745,0.29058388
cold,0,1,0,0.0001,0.1,512,3,5,4,256,6000,8.0,2633729,4,4,9977,4103,900017,2,6000,18000,20,120.0,1.0,1.671,0.31489819
cold,0,1,0,0.0001,0.1,512,3,5,4,256,6000,8.0,2633729,4,4,9977,4103,900017,2,6000,18000,21,126.0,1.05,1.75455,0.33979863
cold,0,1,0,0.0001,0.1,512,3,5,4,256,6000,8.0,2633729,4,4,9977,4103,900017,2,6000,18000,22,132.0,1.1,1.8381,0.36342105
cold,0,1,0,0.0001,0.1,512,3,5,4,256,6000,8.0,2633729,4,4,9977,4103,900017,2,6000,18000,23,138.0,1.15,1.92165,0.38496149
cold,0,1,0,0.0001,0.1,512,3,5,4,256,6000,8.0,2633729,4,4,9977,4103,900017,2,6000,18000,24,144.0,1.2,2.0052,0.40467128
cold,0,1,0,0.0001,0.1,512,3,5,4,256,6000,8.0,2633729,4,4,9977,4103,900017,2,6000,18000,25,150.0,1.25,2.08875,0.42237705
cold,0,1,0,0.0001,0.1,512,3,5,4,256,6000,8.0,2633729,4,4,9977,4103,900017,2,6000,18000,26,156.0,1.3,2.1723,0.43844622
cold,0,1,0,0.0001,0.1,512,3,5,4,256,6000,8.0,2633729,4,4,9977,4103,900017,2,6000,18000,27,162.0,1.35,2.25585,0.45382747
cold,0,1,0,0.0001,0.1,512,3,5,4,256,6000,8.0,2633729,4,4,9977,4103,900017,2,6000,18000,28,168.0,1.4,2.3394,0.47017995
cold,0,1,0,0.0001,0.1,512,3,5,4,256,6000,8.0,2633729,4,4,9977,4103,900017,2,6000,18000,29,174.0,1.45,2.42295,0.48988187
cold,0,1,0,0.0001,0.1,512,3,5,4,256,6000,8.0,2633729,4,4,9977,4103,900017,2,6000,18000,30,180.0,1.5,2.5065,0.51297486
cold,0,1,0,0.0001,0.1,512,3,5,4,256,6000,8.0,2633729,4,4,9977,4103,900017,2,6000,18000,31,186.0,1.55,2.59005,0.53696728
cold,0,1,0,0.0001,0.1,512,3,5,4,256,6000,8.0,2633729,4,4,9977,4103,900017,2,6000,18000,32,192.0,1.6,2.6736,0.56178474
cold,0,1,0,0.0001,0.1,512,3,5,4,256,6000,8.0,2633729,4,4,9977,4103,900017,2,6000,18000,33,198.0,1.65,2.75715,0.58844668
cold,0,1,0,0.0001,0.1,512,3,5,4,256,6000,8.0,2633729,4,4,9977,4103,900017,2,6000,18000,34,204.0,1.7,2.8407,0.6156559
cold,0,1,0,0.0001,0.1,512,3,5,4,256,6000,8.0,2633729,4,4,9977,4103,900017,2,6000,18000,35,210.0,1.75,2.92425,0.64102662
cold,0,1,0,0.0001,0.1,512,3,5,4,256,6000,8.0,2633729,4,4,9977,4103,900017,2,6000,18000,36,216.0,1.8,3.0078,0.6634351
cold,0,1,0,0.0001,0.1,512,3,5,4,256,6000,8.0,2633729,4,4,9977,4103,900017,2,6000,18000,37,222.0,1.85,3.09135,0.68379039
cold,0,1,0,0.0001,0.1,512,3,5,4,256,6000,8.0,2633729,4,4,9977,4103,900017,2,6000,18000,38,228.0,1.9,3.1749,0.70355797
cold,0,1,0,0.0001,0.1,512,3,5,4,256,6000,8.0,2633729,4,4,9977,4103,900017,2,6000,18000,39,234.0,1.95,3.25845,0.7222231
cold,0,1,0,0.0001,0.1,512,3,5,4,256,6000,8.0,2633729,4,4,9977,4103,900017,2,6000,18000,40,240.0,2.0,3.342,0.73817712
cold,0,1,0,0.0001,0.1,512,3,5,4,256,6000,8.0,2633729,4,4,9977,4103,900017,2,6000,18000,41,246.0,2.05,3.42555,0.7508713
cold,0,1,0,0.0001,0.1,512,3,5,4,256,6000,8.0,2633729,4,4,9977,4103,900017,2,6000,18000,42,252.0,2.1,3.5091,0.76106048
cold,0,1,0,0.0001,0.1,512,3,5,4,256,6000,8.0,2633729,4,4,9977,4103,900017,2,6000,18000,43,258.0,2.15,3.59265,0.7696777
cold,0,1,0,0.0001,0.1,512,3,5,4,256,6000,8.0,2633729,4,4,9977,4103,900017,2,6000,18000,44,264.0,2.2,3.6762,0.77657008
cold,0,1,0,0.0001,0.1,512,3,5,4,256,6000,8.0,2633729,4,4,9977,4103,900017,2,6000,18000,45,270.0,2.25,3.75975,0.78147137
cold,0,1,0,0.0001,0.1,512,3,5,4,256,6000,8.0,2633729,4,4,9977,4103,900017,2,6000,18000,46,276.0,2.3,3.8433,0.7851854
cold,0,1,0,0.0001,0.1,512,3,5,4,256,6000,8.0,2633729,4,4,9977,4103,900017,2,6000,18000,47,282.0,2.35,3.92685,0.79039836
cold,0,1,0,0.0001,0.1,512,3,5,4,256,6000,8.0,2633729,4,4,9977,4103,900017,2,6000,18000,48,288.0,2.4,4.0104,0.79963076
cold,0,1,0,0.0001,0.1,512,3,5,4,256,6000,8.0,2633729,4,4,9977,4103,900017,2,6000,18000,49,294.0,2.45,4.09395,0.81310016
cold,0,1,0,0.0001,0.1,512,3,5,4,256,6000,8.0,2633729,4,4,9977,4103,900017,2,6000,18000,50,300.0,2.5,4.1775,0.82830089
cold,0,1,0,0.0001,0.1,512,3,5,4,256,6000,8.0,2633729,4,4,9977,4103,900017,2,6000,18000,51,306.0,2.55,4.26105,0.84166181
cold,0,1,0,0.0001,0.1,512,3,5,4,256,6000,8.0,2633729,4,4,9977,4103,900017,2,6000,18000,52,312.0,2.6,4.3446,0.85186303
cold,0,1,0,0.0001,0.1,512,3,5,4,256,6000,8.0,2633729,4,4,9977,4103,900017,2,6000,18000,53,318.0,2.65,4.42815,0.85975379
cold,0,1,0,0.0001,0.1,512,3,5,4,256,6000,8.0,2633729,4,4,9977,4103,900017,2,6000,18000,54,324.0,2.7,4.5117,0.86647034
cold,0,1,0,0.0001,0.1,512,3,5,4,256,6000,8.0,2633729,4,4,9977,4103,900017,2,6000,18000,55,330.0,2.75,4.59525,0.87255138
cold,0,1,0,0.0001,0.1,512,3,5,4,256,6000,8.0,2633729,4,4,9977,4103,900017,2,6000,18000,56,336.0,2.8,4.6788,0.87847733
cold,0,1,0,0.0001,0.1,512,3,5,4,256,6000,8.0,2633729,4,4,9977,4103,900017,2,6000,18000,57,342.0,2.85,4.76235,0.88508117
cold,0,1,0,0.0001,0.1,512,3,5,4,256,6000,8.0,2633729,4,4,9977,4103,900017,2,6000,18000,58,348.0,2.9,4.8459,0.89236522
cold,0,1,0,0.0001,0.1,512,3,5,4,256,6000,8.0,2633729,4,4,9977,4103,900017,2,6000,18000,59,354.0,2.95,4.92945,0.89888281
cold,0,1,0,0.0001,0.1,512,3,5,4,256,6000,8.0,2633729,4,4,9977,4103,900017,2,6000,18000,60,360.0,3.0,5.013,0.90324265
cold,0,1,0,0.0001,0.1,512,3,5,4,256,6000,8.0,2633729,4,4,9977,4103,900017,2,6000,18000,61,366.0,3.05,5.09655,0.90655345
cold,0,1,0,0.0001,0.1,512,3,5,4,256,6000,8.0,2633729,4,4,9977,4103,900017,2,6000,18000,62,372.0,3.1,5.1801,0.91176707
cold,0,1,0,0.0001,0.1,512,3,5,4,256,6000,8.0,2633729,4,4,9977,4103,900017,2,6000,18000,63,378.0,3.15,5.26365,0.92038727
cold,0,1,0,0.0001,0.1,512,3,5,4,256,6000,8.0,2633729,4,4,9977,4103,900017,2,6000,18000,64,384.0,3.2,5.3472,0.93076569
cold,0,1,0,0.0001,0.1,512,3,5,4,256,6000,8.0,2633729,4,4,9977,4103,900017,2,6000,18000,65,390.0,3.25,5.43075,0.93899047
cold,0,1,0,0.0001,0.1,512,3,5,4,256,6000,8.0,2633729,4,4,9977,4103,900017,2,6000,18000,66,396.0,3.3,5.5143,0.94276232
cold,0,1,0,0.0001,0.1,512,3,5,4,256,6000,8.0,2633729,4,4,9977,4103,900017,2,6000,18000,67,402.0,3.35,5.59785,0.94449854
cold,0,1,0,0.0001,0.1,512,3,5,4,256,6000,8.0,2633729,4,4,9977,4103,900017,2,6000,18000,68,408.0,3.4,5.6814,0.94744682
cold,0,1,0,0.0001,0.1,512,3,5,4,256,6000,8.0,2633729,4,4,9977,4103,900017,2,6000,18000,69,414.0,3.45,5.76495,0.95252681
cold,0,1,0,0.0001,0.1,512,3,5,4,256,6000,8.0,2633729,4,4,9977,4103,900017,2,6000,18000,70,420.0,3.5,5.8485,0.95839882
cold,0,1,0,0.0001,0.1,512,3,5,4,256,6000,8.0,2633729,4,4,9977,4103,900017,2,6000,18000,71,426.0,3.55,5.93205,0.96341598
cold,0,1,0,0.0001,0.1,512,3,5,4,256,6000,8.0,2633729,4,4,9977,4103,900017,2,6000,18000,72,432.0,3.6,6.0156,0.96670729
cold,0,1,0,0.0001,0.1,512,3,5,4,256,6000,8.0,2633729,4,4,9977,4103,900017,2,6000,18000,73,438.0,3.65,6.09915,0.96860081
cold,0,1,0,0.0001,0.1,512,3,5,4,256,6000,8.0,2633729,4,4,9977,4103,900017,2,6000,18000,74,444.0,3.7,6.1827,0.97056621
cold,0,1,0,0.0001,0.1,512,3,5,4,256,6000,8.0,2633729,4,4,9977,4103,900017,2,6000,18000,75,450.0,3.75,6.26625,0.97378457
cold,0,1,0,0.0001,0.1,512,3,5,4,256,6000,8.0,2633729,4,4,9977,4103,900017,2,6000,18000,76,456.0,3.8,6.3498,0.97845435
cold,0,1,0,0.0001,0.1,512,3,5,4,256,6000,8.0,2633729,4,4,9977,4103,900017,2,6000,18000,77,462.0,3.85,6.43335,0.98438907
cold,0,1,0,0.0001,0.1,512,3,5,4,256,6000,8.0,2633729,4,4,9977,4103,900017,2,6000,18000,78,468.0,3.9,6.5169,0.99114484
cold,0,1,0,0.0001,0.1,512,3,5,4,256,6000,8.0,2633729,4,4,9977,4103,900017,2,6000,18000,79,474.0,3.95,6.60045,0.99726021
cold,0,1,0,0.0001,0.1,512,3,5,4,256,6000,8.0,2633729,4,4,9977,4103,900017,2,6000,18000,80,480.0,4.0,6.684,1.00025225
cold,0,1,0,0.0001,0.1,512,3,5,4,256,6000,8.0,2633729,4,4,9977,4103,900017,2,6000,18000,81,486.0,4.05,6.76755,0.99919969
cold,0,1,0,0.0001,0.1,512,3,5,4,256,6000,8.0,2633729,4,4,9977,4103,900017,2,6000,18000,82,492.0,4.1,6.8511,0.99554414
cold,0,1,0,0.0001,0.1,512,3,5,4,256,6000,8.0,2633729,4,4,9977,4103,900017,2,6000,18000,83,498.0,4.15,6.93465,0.99152386
cold,0,1,0,0.0001,0.1,512,3,5,4,256,6000,8.0,2633729,4,4,9977,4103,900017,2,6000,18000,84,504.0,4.2,7.0182,0.98838431
cold,0,1,0,0.0001,0.1,512,3,5,4,256,6000,8.0,2633729,4,4,9977,4103,900017,2,6000,18000,85,510.0,4.25,7.10175,0.98537207
cold,0,1,0,0.0001,0.1,512,3,5,4,256,6000,8.0,2633729,4,4,9977,4103,900017,2,6000,18000,86,516.0,4.3,7.1853,0.98185354
cold,0,1,0,0.0001,0.1,512,3,5,4,256,6000,8.0,2633729,4,4,9977,4103,900017,2,6000,18000,87,522.0,4.35,7.26885,0.97916883
cold,0,1,0,0.0001,0.1,512,3,5,4,256,6000,8.0,2633729,4,4,9977,4103,900017,2,6000,18000,88,528.0,4.4,7.3524,0.97861207
cold,0,1,0,0.0001,0.1,512,3,5,4,256,6000,8.0,2633729,4,4,9977,4103,900017,2,6000,18000,89,534.0,4.45,7.43595,0.97916716
cold,0,1,0,0.0001,0.1,512,3,5,4,256,6000,8.0,2633729,4,4,9977,4103,900017,2,6000,18000,90,540.0,4.5,7.5195,0.97911739
cold,0,1,0,0.0001,0.1,512,3,5,4,256,6000,8.0,2633729,4,4,9977,4103,900017,2,6000,18000,91,546.0,4.55,7.60305,0.97858024
cold,0,1,0,0.0001,0.1,512,3,5,4,256,6000,8.0,2633729,4,4,9977,4103,900017,2,6000,18000,92,552.0,4.6,7.6866,0.97930843
cold,0,1,0,0.0001,0.1,512,3,5,4,256,6000,8.0,2633729,4,4,9977,4103,900017,2,6000,18000,93,558.0,4.65,7.77015,0.98252922
cold,0,1,0,0.0001,0.1,512,3,5,4,256,6000,8.0,2633729,4,4,9977,4103,900017,2,6000,18000,94,564.0,4.7,7.8537,0.98791218
cold,0,1,0,0.0001,0.1,512,3,5,4,256,6000,8.0,2633729,4,4,9977,4103,900017,2,6000,18000,95,570.0,4.75,7.93725,0.99401504
cold,0,1,0,0.0001,0.1,512,3,5,4,256,6000,8.0,2633729,4,4,9977,4103,900017,2,6000,18000,96,576.0,4.8,8.0208,0.99959916
cold,0,1,0,0.0001,0.1,512,3,5,4,256,6000,8.0,2633729,4,4,9977,4103,900017,2,6000,18000,97,582.0,4.85,8.10435,1.00467861
cold,0,1,0,0.0001,0.1,512,3,5,4,256,6000,8.0,2633729,4,4,9977,4103,900017,2,6000,18000,98,588.0,4.9,8.1879,1.00978494
cold,0,1,0,0.0001,0.1,512,3,5,4,256,6000,8.0,2633729,4,4,9977,4103,900017,2,6000,18000,99,594.0,4.95,8.27145,1.0139575
cold,0,1,0,0.0001,0.1,512,3,5,4,256,6000,8.0,2633729,4,4,9977,4103,900017,2,6000,18000,100,600.0,5.0,8.355,1.01513135
cold,0,1,0,0.0001,0.1,512,3,5,4,256,6000,8.0,2633729,4,4,9977,4103,900017,2,6000,18000,101,606.0,5.05,8.43855,1.01318598
cold,0,1,0,0.0001,0.1,512,3,5,4,256,6000,8.0,2633729,4,4,9977,4103,900017,2,6000,18000,102,612.0,5.1,8.5221,1.01028562
cold,0,1,0,0.0001,0.1,512,3,5,4,256,6000,8.0,2633729,4,4,9977,4103,900017,2,6000,18000,103,618.0,5.15,8.60565,1.00861764
cold,0,1,0,0.0001,0.1,512,3,5,4,256,6000,8.0,2633729,4,4,9977,4103,900017,2,6000,18000,104,624.0,5.2,8.6892,1.00852156
cold,0,1,0,0.0001,0.1,512,3,5,4,256,6000,8.0,2633729,4,4,9977,4103,900017,2,6000,18000,105,630.0,5.25,8.77275,1.0095607
cold,0,1,0,0.0001,0.1,512,3,5,4,256,6000,8.0,2633729,4,4,9977,4103,900017,2,6000,18000,106,636.0,5.3,8.8563,1.01058626
cold,0,1,0,0.0001,0.1,512,3,5,4,256,6000,8.0,2633729,4,4,9977,4103,900017,2,6000,18000,107,642.0,5.35,8.93985,1.01045144
cold,0,1,0,0.0001,0.1,512,3,5,4,256,6000,8.0,2633729,4,4,9977,4103,900017,2,6000,18000,108,648.0,5.4,9.0234,1.00915229
cold,0,1,0,0.0001,0.1,512,3,5,4,256,6000,8.0,2633729,4,4,9977,4103,900017,2,6000,18000,109,654.0,5.45,9.10695,1.00764465
cold,0,1,0,0.0001,0.1,512,3,5,4,256,6000,8.0,2633729,4,4,9977,4103,900017,2,6000,18000,110,660.0,5.5,9.1905,1.00656462
cold,0,1,0,0.0001,0.1,512,3,5,4,256,6000,8.0,2633729,4,4,9977,4103,900017,2,6000,18000,111,666.0,5.55,9.27405,1.00587738
cold,0,1,0,0.0001,0.1,512,3,5,4,256,6000,8.0,2633729,4,4,9977,4103,900017,2,6000,18000,112,672.0,5.6,9.3576,1.00602555
cold,0,1,0,0.0001,0.1,512,3,5,4,256,6000,8.0,2633729,4,4,9977,4103,900017,2,6000,18000,113,678.0,5.65,9.44115,1.006863
cold,0,1,0,0.0001,0.1,512,3,5,4,256,6000,8.0,2633729,4,4,9977,4103,900017,2,6000,18000,114,684.0,5.7,9.5247,1.00682688
cold,0,1,0,0.0001,0.1,512,3,5,4,256,6000,8.0,2633729,4,4,9977,4103,900017,2,6000,18000,115,690.0,5.75,9.60825,1.005005
cold,0,1,0,0.0001,0.1,512,3,5,4,256,6000,8.0,2633729,4,4,9977,4103,900017,2,6000,18000,116,696.0,5.8,9.6918,1.00251698
cold,0,1,0,0.0001,0.1,512,3,5,4,256,6000,8.0,2633729,4,4,9977,4103,900017,2,6000,18000,117,702.0,5.85,9.77535,1.0010401
cold,0,1,0,0.0001,0.1,512,3,5,4,256,6000,8.0,2633729,4,4,9977,4103,900017,2,6000,18000,118,708.0,5.9,9.8589,1.00084531
cold,0,1,0,0.0001,0.1,512,3,5,4,256,6000,8.0,2633729,4,4,9977,4103,900017,2,6000,18000,119,714.0,5.95,9.94245,1.00122738
cold,0,1,0,0.0001,0.1,512,3,5,4,256,6000,8.0,2633729,4,4,9977,4103,900017,2,6000,18000,120,720.0,6.0,10.026,1.00190282
cold,0,1,0,0.0001,0.1,512,3,5,4,256,6000,8.0,2633729,4,4,9977,4104,900018,3,1,18001,1,6.0,0.05,0.08355,0.15868345
cold,0,1,0,0.0001,0.1,512,3,5,4,256,6000,8.0,2633729,4,4,9977,4104,900018,3,1,18001,2,12.0,0.1,0.1671,0.28479162
cold,0,1,0,0.0001,0.1,512,3,5,4,256,6000,8.0,2633729,4,4,9977,4104,900018,3,1,18001,3,18.0,0.15,0.25065,0.40052024
cold,0,1,0,0.0001,0.1,512,3,5,4,256,6000,8.0,2633729,4,4,9977,4104,900018,3,1,18001,4,24.0,0.2,0.3342,0.49750707
cold,0,1,0,0.0001,0.1,512,3,5,4,256,6000,8.0,2633729,4,4,9977,4104,900018,3,1,18001,5,30.0,0.25,0.41775,0.57306546
cold,0,1,0,0.0001,0.1,512,3,5,4,256,6000,8.0,2633729,4,4,9977,4104,900018,3,1,18001,6,36.0,0.3,0.5013,0.62827498
cold,0,1,0,0.0001,0.1,512,3,5,4,256,6000,8.0,2633729,4,4,9977,4104,900018,3,1,18001,7,42.0,0.35,0.58485,0.66531253
cold,0,1,0,0.0001,0.1,512,3,5,4,256,6000,8.0,2633729,4,4,9977,4104,900018,3,1,18001,8,48.0,0.4,0.6684,0.68766063
cold,0,1,0,0.0001,0.1,512,3,5,4,256,6000,8.0,2633729,4,4,9977,4104,900018,3,1,18001,9,54.0,0.45,0.75195,0.69937128
cold,0,1,0,0.0001,0.1,512,3,5,4,256,6000,8.0,2633729,4,4,9977,4104,900018,3,1,18001,10,60.0,0.5,0.8355,0.70375395
cold,0,1,0,0.0001,0.1,512,3,5,4,256,6000,8.0,2633729,4,4,9977,4104,900018,3,1,18001,11,66.0,0.55,0.91905,0.70376658
cold,0,1,0,0.0001,0.1,512,3,5,4,256,6000,8.0,2633729,4,4,9977,4104,900018,3,1,18001,12,72.0,0.6,1.0026,0.70263541
cold,0,1,0,0.0001,0.1,512,3,5,4,256,6000,8.0,2633729,4,4,9977,4104,900018,3,1,18001,13,78.0,0.65,1.08615,0.70278317
cold,0,1,0,0.0001,0.1,512,3,5,4,256,6000,8.0,2633729,4,4,9977,4104,900018,3,1,18001,14,84.0,0.7,1.1697,0.70504534
cold,0,1,0,0.0001,0.1,512,3,5,4,256,6000,8.0,2633729,4,4,9977,4104,900018,3,1,18001,15,90.0,0.75,1.25325,0.70886672
cold,0,1,0,0.0001,0.1,512,3,5,4,256,6000,8.0,2633729,4,4,9977,4104,900018,3,1,18001,16,96.0,0.8,1.3368,0.71295613
cold,0,1,0,0.0001,0.1,512,3,5,4,256,6000,8.0,2633729,4,4,9977,4104,900018,3,1,18001,17,102.0,0.85,1.42035,0.71649373
cold,0,1,0,0.0001,0.1,512,3,5,4,256,6000,8.0,2633729,4,4,9977,4104,900018,3,1,18001,18,108.0,0.9,1.5039,0.71932113
cold,0,1,0,0.0001,0.1,512,3,5,4,256,6000,8.0,2633729,4,4,9977,4104,900018,3,1,18001,19,114.0,0.95,1.58745,0.72111815
cold,0,1,0,0.0001,0.1,512,3,5,4,256,6000,8.0,2633729,4,4,9977,4104,900018,3,1,18001,20,120.0,1.0,1.671,0.72136158
cold,0,1,0,0.0001,0.1,512,3,5,4,256,6000,8.0,2633729,4,4,9977,4104,900018,3,1,18001,21,126.0,1.05,1.75455,0.72018993
cold,0,1,0,0.0001,0.1,512,3,5,4,256,6000,8.0,2633729,4,4,9977,4104,900018,3,1,18001,22,132.0,1.1,1.8381,0.71864641
cold,0,1,0,0.0001,0.1,512,3,5,4,256,6000,8.0,2633729,4,4,9977,4104,900018,3,1,18001,23,138.0,1.15,1.92165,0.71796995
cold,0,1,0,0.0001,0.1,512,3,5,4,256,6000,8.0,2633729,4,4,9977,4104,900018,3,1,18001,24,144.0,1.2,2.0052,0.71887249
cold,0,1,0,0.0001,0.1,512,3,5,4,256,6000,8.0,2633729,4,4,9977,4104,900018,3,1,18001,25,150.0,1.25,2.08875,0.72083944
cold,0,1,0,0.0001,0.1,512,3,5,4,256,6000,8.0,2633729,4,4,9977,4104,900018,3,1,18001,26,156.0,1.3,2.1723,0.72254908
cold,0,1,0,0.0001,0.1,512,3,5,4,256,6000,8.0,2633729,4,4,9977,4104,900018,3,1,18001,27,162.0,1.35,2.25585,0.72331971
cold,0,1,0,0.0001,0.1,512,3,5,4,256,6000,8.0,2633729,4,4,9977,4104,900018,3,1,18001,28,168.0,1.4,2.3394,0.72341144
cold,0,1,0,0.0001,0.1,512,3,5,4,256,6000,8.0,2633729,4,4,9977,4104,900018,3,1,18001,29,174.0,1.45,2.42295,0.72302967
cold,0,1,0,0.0001,0.1,512,3,5,4,256,6000,8.0,2633729,4,4,9977,4104,900018,3,1,18001,30,180.0,1.5,2.5065,0.72189248
cold,0,1,0,0.0001,0.1,512,3,5,4,256,6000,8.0,2633729,4,4,9977,4104,900018,3,1,18001,31,186.0,1.55,2.59005,0.7202239
cold,0,1,0,0.0001,0.1,512,3,5,4,256,6000,8.0,2633729,4,4,9977,4104,900018,3,1,18001,32,192.0,1.6,2.6736,0.71920687
cold,0,1,0,0.0001,0.1,512,3,5,4,256,6000,8.0,2633729,4,4,9977,4104,900018,3,1,18001,33,198.0,1.65,2.75715,0.71968907
cold,0,1,0,0.0001,0.1,512,3,5,4,256,6000,8.0,2633729,4,4,9977,4104,900018,3,1,18001,34,204.0,1.7,2.8407,0.72140044
cold,0,1,0,0.0001,0.1,512,3,5,4,256,6000,8.0,2633729,4,4,9977,4104,900018,3,1,18001,35,210.0,1.75,2.92425,0.72334152
cold,0,1,0,0.0001,0.1,512,3,5,4,256,6000,8.0,2633729,4,4,9977,4104,900018,3,1,18001,36,216.0,1.8,3.0078,0.7246415
cold,0,1,0,0.0001,0.1,512,3,5,4,256,6000,8.0,2633729,4,4,9977,4104,900018,3,1,18001,37,222.0,1.85,3.09135,0.7253778
cold,0,1,0,0.0001,0.1,512,3,5,4,256,6000,8.0,2633729,4,4,9977,4104,900018,3,1,18001,38,228.0,1.9,3.1749,0.72594196
cold,0,1,0,0.0001,0.1,512,3,5,4,256,6000,8.0,2633729,4,4,9977,4104,900018,3,1,18001,39,234.0,1.95,3.25845,0.72604322
cold,0,1,0,0.0001,0.1,512,3,5,4,256,6000,8.0,2633729,4,4,9977,4104,900018,3,1,18001,40,240.0,2.0,3.342,0.72506005
cold,0,1,0,0.0001,0.1,512,3,5,4,256,6000,8.0,2633729,4,4,9977,4104,900018,3,1,18001,41,246.0,2.05,3.42555,0.72306049
cold,0,1,0,0.0001,0.1,512,3,5,4,256,6000,8.0,2633729,4,4,9977,4104,900018,3,1,18001,42,252.0,2.1,3.5091,0.72098315
cold,0,1,0,0.0001,0.1,512,3,5,4,256,6000,8.0,2633729,4,4,9977,4104,900018,3,1,18001,43,258.0,2.15,3.59265,0.71987665
cold,0,1,0,0.0001,0.1,512,3,5,4,256,6000,8.0,2633729,4,4,9977,4104,900018,3,1,18001,44,264.0,2.2,3.6762,0.72013891
cold,0,1,0,0.0001,0.1,512,3,5,4,256,6000,8.0,2633729,4,4,9977,4104,900018,3,1,18001,45,270.0,2.25,3.75975,0.72103846
cold,0,1,0,0.0001,0.1,512,3,5,4,256,6000,8.0,2633729,4,4,9977,4104,900018,3,1,18001,46,276.0,2.3,3.8433,0.72144991
cold,0,1,0,0.0001,0.1,512,3,5,4,256,6000,8.0,2633729,4,4,9977,4104,900018,3,1,18001,47,282.0,2.35,3.92685,0.72104871
cold,0,1,0,0.0001,0.1,512,3,5,4,256,6000,8.0,2633729,4,4,9977,4104,900018,3,1,18001,48,288.0,2.4,4.0104,0.72031158
cold,0,1,0,0.0001,0.1,512,3,5,4,256,6000,8.0,2633729,4,4,9977,4104,900018,3,1,18001,49,294.0,2.45,4.09395,0.71950871
cold,0,1,0,0.0001,0.1,512,3,5,4,256,6000,8.0,2633729,4,4,9977,4104,900018,3,1,18001,50,300.0,2.5,4.1775,0.71821648
cold,0,1,0,0.0001,0.1,512,3,5,4,256,6000,8.0,2633729,4,4,9977,4104,900018,3,1,18001,51,306.0,2.55,4.26105,0.71641231
cold,0,1,0,0.0001,0.1,512,3,5,4,256,6000,8.0,2633729,4,4,9977,4104,900018,3,1,18001,52,312.0,2.6,4.3446,0.71520603
cold,0,1,0,0.0001,0.1,512,3,5,4,256,6000,8.0,2633729,4,4,9977,4104,900018,3,1,18001,53,318.0,2.65,4.42815,0.71562982
cold,0,1,0,0.0001,0.1,512,3,5,4,256,6000,8.0,2633729,4,4,9977,4104,900018,3,1,18001,54,324.0,2.7,4.5117,0.71755064
cold,0,1,0,0.0001,0.1,512,3,5,4,256,6000,8.0,2633729,4,4,9977,4104,900018,3,1,18001,55,330.0,2.75,4.59525,0.71982849
cold,0,1,0,0.0001,0.1,512,3,5,4,256,6000,8.0,2633729,4,4,9977,4104,900018,3,1,18001,56,336.0,2.8,4.6788,0.72145253
cold,0,1,0,0.0001,0.1,512,3,5,4,256,6000,8.0,2633729,4,4,9977,4104,900018,3,1,18001,57,342.0,2.85,4.76235,0.72253609
cold,0,1,0,0.0001,0.1,512,3,5,4,256,6000,8.0,2633729,4,4,9977,4104,900018,3,1,18001,58,348.0,2.9,4.8459,0.72347122
cold,0,1,0,0.0001,0.1,512,3,5,4,256,6000,8.0,2633729,4,4,9977,4104,900018,3,1,18001,59,354.0,2.95,4.92945,0.72386712
cold,0,1,0,0.0001,0.1,512,3,5,4,256,6000,8.0,2633729,4,4,9977,4104,900018,3,1,18001,60,360.0,3.0,5.013,0.72305489
cold,0,1,0,0.0001,0.1,512,3,5,4,256,6000,8.0,2633729,4,4,9977,4104,900018,3,1,18001,61,366.0,3.05,5.09655,0.72116387
cold,0,1,0,0.0001,0.1,512,3,5,4,256,6000,8.0,2633729,4,4,9977,4104,900018,3,1,18001,62,372.0,3.1,5.1801,0.71919149
cold,0,1,0,0.0001,0.1,512,3,5,4,256,6000,8.0,2633729,4,4,9977,4104,900018,3,1,18001,63,378.0,3.15,5.26365,0.71816403
cold,0,1,0,0.0001,0.1,512,3,5,4,256,6000,8.0,2633729,4,4,9977,4104,900018,3,1,18001,64,384.0,3.2,5.3472,0.71841913
cold,0,1,0,0.0001,0.1,512,3,5,4,256,6000,8.0,2633729,4,4,9977,4104,900018,3,1,18001,65,390.0,3.25,5.43075,0.71918148
cold,0,1,0,0.0001,0.1,512,3,5,4,256,6000,8.0,2633729,4,4,9977,4104,900018,3,1,18001,66,396.0,3.3,5.5143,0.71931332
cold,0,1,0,0.0001,0.1,512,3,5,4,256,6000,8.0,2633729,4,4,9977,4104,900018,3,1,18001,67,402.0,3.35,5.59785,0.71854168
cold,0,1,0,0.0001,0.1,512,3,5,4,256,6000,8.0,2633729,4,4,9977,4104,900018,3,1,18001,68,408.0,3.4,5.6814,0.7174505
cold,0,1,0,0.0001,0.1,512,3,5,4,256,6000,8.0,2633729,4,4,9977,4104,900018,3,1,18001,69,414.0,3.45,5.76495,0.71641684
cold,0,1,0,0.0001,0.1,512,3,5,4,256,6000,8.0,2633729,4,4,9977,4104,900018,3,1,18001,70,420.0,3.5,5.8485,0.71508235
cold,0,1,0,0.0001,0.1,512,3,5,4,256,6000,8.0,2633729,4,4,9977,4104,900018,3,1,18001,71,426.0,3.55,5.93205,0.71343088
cold,0,1,0,0.0001,0.1,512,3,5,4,256,6000,8.0,2633729,4,4,9977,4104,900018,3,1,18001,72,432.0,3.6,6.0156,0.71253276
cold,0,1,0,0.0001,0.1,512,3,5,4,256,6000,8.0,2633729,4,4,9977,4104,900018,3,1,18001,73,438.0,3.65,6.09915,0.71333414
cold,0,1,0,0.0001,0.1,512,3,5,4,256,6000,8.0,2633729,4,4,9977,4104,900018,3,1,18001,74,444.0,3.7,6.1827,0.71563834
cold,0,1,0,0.0001,0.1,512,3,5,4,256,6000,8.0,2633729,4,4,9977,4104,900018,3,1,18001,75,450.0,3.75,6.26625,0.71832049
cold,0,1,0,0.0001,0.1,512,3,5,4,256,6000,8.0,2633729,4,4,9977,4104,900018,3,1,18001,76,456.0,3.8,6.3498,0.72040176
cold,0,1,0,0.0001,0.1,512,3,5,4,256,6000,8.0,2633729,4,4,9977,4104,900018,3,1,18001,77,462.0,3.85,6.43335,0.72197616
cold,0,1,0,0.0001,0.1,512,3,5,4,256,6000,8.0,2633729,4,4,9977,4104,900018,3,1,18001,78,468.0,3.9,6.5169,0.72340047
cold,0,1,0,0.0001,0.1,512,3,5,4,256,6000,8.0,2633729,4,4,9977,4104,900018,3,1,18001,79,474.0,3.95,6.60045,0.72426564
cold,0,1,0,0.0001,0.1,512,3,5,4,256,6000,8.0,2633729,4,4,9977,4104,900018,3,1,18001,80,480.0,4.0,6.684,0.72384506
cold,0,1,0,0.0001,0.1,512,3,5,4,256,6000,8.0,2633729,4,4,9977,4104,900018,3,1,18001,81,486.0,4.05,6.76755,0.72218281
cold,0,1,0,0.0001,0.1,512,3,5,4,256,6000,8.0,2633729,4,4,9977,4104,900018,3,1,18001,82,492.0,4.1,6.8511,0.72025532
cold,0,1,0,0.0001,0.1,512,3,5,4,256,6000,8.0,2633729,4,4,9977,4104,900018,3,1,18001,83,498.0,4.15,6.93465,0.71913558
cold,0,1,0,0.0001,0.1,512,3,5,4,256,6000,8.0,2633729,4,4,9977,4104,900018,3,1,18001,84,504.0,4.2,7.0182,0.71923494
cold,0,1,0,0.0001,0.1,512,3,5,4,256,6000,8.0,2633729,4,4,9977,4104,900018,3,1,18001,85,510.0,4.25,7.10175,0.7198413
cold,0,1,0,0.0001,0.1,512,3,5,4,256,6000,8.0,2633729,4,4,9977,4104,900018,3,1,18001,86,516.0,4.3,7.1853,0.71981466
cold,0,1,0,0.0001,0.1,512,3,5,4,256,6000,8.0,2633729,4,4,9977,4104,900018,3,1,18001,87,522.0,4.35,7.26885,0.71881115
cold,0,1,0,0.0001,0.1,512,3,5,4,256,6000,8.0,2633729,4,4,9977,4104,900018,3,1,18001,88,528.0,4.4,7.3524,0.71737379
cold,0,1,0,0.0001,0.1,512,3,5,4,256,6000,8.0,2633729,4,4,9977,4104,900018,3,1,18001,89,534.0,4.45,7.43595,0.71593326
cold,0,1,0,0.0001,0.1,512,3,5,4,256,6000,8.0,2633729,4,4,9977,4104,900018,3,1,18001,90,540.0,4.5,7.5195,0.71424234
cold,0,1,0,0.0001,0.1,512,3,5,4,256,6000,8.0,2633729,4,4,9977,4104,900018,3,1,18001,91,546.0,4.55,7.60305,0.7124384
cold,0,1,0,0.0001,0.1,512,3,5,4,256,6000,8.0,2633729,4,4,9977,4104,900018,3,1,18001,92,552.0,4.6,7.6866,0.71172261
cold,0,1,0,0.0001,0.1,512,3,5,4,256,6000,8.0,2633729,4,4,9977,4104,900018,3,1,18001,93,558.0,4.65,7.77015,0.71297574
cold,0,1,0,0.0001,0.1,512,3,5,4,256,6000,8.0,2633729,4,4,9977,4104,900018,3,1,18001,94,564.0,4.7,7.8537,0.71571922
cold,0,1,0,0.0001,0.1,512,3,5,4,256,6000,8.0,2633729,4,4,9977,4104,900018,3,1,18001,95,570.0,4.75,7.93725,0.71857953
cold,0,1,0,0.0001,0.1,512,3,5,4,256,6000,8.0,2633729,4,4,9977,4104,900018,3,1,18001,96,576.0,4.8,8.0208,0.72058904
cold,0,1,0,0.0001,0.1,512,3,5,4,256,6000,8.0,2633729,4,4,9977,4104,900018,3,1,18001,97,582.0,4.85,8.10435,0.72206569
cold,0,1,0,0.0001,0.1,512,3,5,4,256,6000,8.0,2633729,4,4,9977,4104,900018,3,1,18001,98,588.0,4.9,8.1879,0.72356135
cold,0,1,0,0.0001,0.1,512,3,5,4,256,6000,8.0,2633729,4,4,9977,4104,900018,3,1,18001,99,594.0,4.95,8.27145,0.72466743
cold,0,1,0,0.0001,0.1,512,3,5,4,256,6000,8.0,2633729,4,4,9977,4104,900018,3,1,18001,100,600.0,5.0,8.355,0.72451752
cold,0,1,0,0.0001,0.1,512,3,5,4,256,6000,8.0,2633729,4,4,9977,4104,900018,3,1,18001,101,606.0,5.05,8.43855,0.7230522
cold,0,1,0,0.0001,0.1,512,3,5,4,256,6000,8.0,2633729,4,4,9977,4104,900018,3,1,18001,102,612.0,5.1,8.5221,0.72126549
cold,0,1,0,0.0001,0.1,512,3,5,4,256,6000,8.0,2633729,4,4,9977,4104,900018,3,1,18001,103,618.0,5.15,8.60565,0.72031301
cold,0,1,0,0.0001,0.1,512,3,5,4,256,6000,8.0,2633729,4,4,9977,4104,900018,3,1,18001,104,624.0,5.2,8.6892,0.72073126
cold,0,1,0,0.0001,0.1,512,3,5,4,256,6000,8.0,2633729,4,4,9977,4104,900018,3,1,18001,105,630.0,5.25,8.77275,0.72182
cold,0,1,0,0.0001,0.1,512,3,5,4,256,6000,8.0,2633729,4,4,9977,4104,900018,3,1,18001,106,636.0,5.3,8.8563,0.72217089
cold,0,1,0,0.0001,0.1,512,3,5,4,256,6000,8.0,2633729,4,4,9977,4104,900018,3,1,18001,107,642.0,5.35,8.93985,0.72111714
cold,0,1,0,0.0001,0.1,512,3,5,4,256,6000,8.0,2633729,4,4,9977,4104,900018,3,1,18001,108,648.0,5.4,9.0234,0.71913862
cold,0,1,0,0.0001,0.1,512,3,5,4,256,6000,8.0,2633729,4,4,9977,4104,900018,3,1,18001,109,654.0,5.45,9.10695,0.7169314
cold,0,1,0,0.0001,0.1,512,3,5,4,256,6000,8.0,2633729,4,4,9977,4104,900018,3,1,18001,110,660.0,5.5,9.1905,0.71463901
cold,0,1,0,0.0001,0.1,512,3,5,4,256,6000,8.0,2633729,4,4,9977,4104,900018,3,1,18001,111,666.0,5.55,9.27405,0.71264207
cold,0,1,0,0.0001,0.1,512,3,5,4,256,6000,8.0,2633729,4,4,9977,4104,900018,3,1,18001,112,672.0,5.6,9.3576,0.71211201
cold,0,1,0,0.0001,0.1,512,3,5,4,256,6000,8.0,2633729,4,4,9977,4104,900018,3,1,18001,113,678.0,5.65,9.44115,0.71373063
cold,0,1,0,0.0001,0.1,512,3,5,4,256,6000,8.0,2633729,4,4,9977,4104,900018,3,1,18001,114,684.0,5.7,9.5247,0.71682799
cold,0,1,0,0.0001,0.1,512,3,5,4,256,6000,8.0,2633729,4,4,9977,4104,900018,3,1,18001,115,690.0,5.75,9.60825,0.71990013
cold,0,1,0,0.0001,0.1,512,3,5,4,256,6000,8.0,2633729,4,4,9977,4104,900018,3,1,18001,116,696.0,5.8,9.6918,0.72194725
cold,0,1,0,0.0001,0.1,512,3,5,4,256,6000,8.0,2633729,4,4,9977,4104,900018,3,1,18001,117,702.0,5.85,9.77535,0.72333109
cold,0,1,0,0.0001,0.1,512,3,5,4,256,6000,8.0,2633729,4,4,9977,4104,900018,3,1,18001,118,708.0,5.9,9.8589,0.72458565
cold,0,1,0,0.0001,0.1,512,3,5,4,256,6000,8.0,2633729,4,4,9977,4104,900018,3,1,18001,119,714.0,5.95,9.94245,0.72530448
cold,0,1,0,0.0001,0.1,512,3,5,4,256,6000,8.0,2633729,4,4,9977,4104,900018,3,1,18001,120,720.0,6.0,10.026,0.72472519
cold,0,1,0,0.0001,0.1,512,3,5,4,256,6000,8.0,2633729,4,4,9977,4104,900018,3,12,18012,1,6.0,0.05,0.08355,0.1185073
cold,0,1,0,0.0001,0.1,512,3,5,4,256,6000,8.0,2633729,4,4,9977,4104,900018,3,12,18012,2,12.0,0.1,0.1671,0.1997485
cold,0,1,0,0.0001,0.1,512,3,5,4,256,6000,8.0,2633729,4,4,9977,4104,900018,3,12,18012,3,18.0,0.15,0.25065,0.28353062
cold,0,1,0,0.0001,0.1,512,3,5,4,256,6000,8.0,2633729,4,4,9977,4104,900018,3,12,18012,4,24.0,0.2,0.3342,0.35982528
cold,0,1,0,0.0001,0.1,512,3,5,4,256,6000,8.0,2633729,4,4,9977,4104,900018,3,12,18012,5,30.0,0.25,0.41775,0.42393911
cold,0,1,0,0.0001,0.1,512,3,5,4,256,6000,8.0,2633729,4,4,9977,4104,900018,3,12,18012,6,36.0,0.3,0.5013,0.47395644
cold,0,1,0,0.0001,0.1,512,3,5,4,256,6000,8.0,2633729,4,4,9977,4104,900018,3,12,18012,7,42.0,0.35,0.58485,0.51040292
cold,0,1,0,0.0001,0.1,512,3,5,4,256,6000,8.0,2633729,4,4,9977,4104,900018,3,12,18012,8,48.0,0.4,0.6684,0.53671569
cold,0,1,0,0.0001,0.1,512,3,5,4,256,6000,8.0,2633729,4,4,9977,4104,900018,3,12,18012,9,54.0,0.45,0.75195,0.5566572
cold,0,1,0,0.0001,0.1,512,3,5,4,256,6000,8.0,2633729,4,4,9977,4104,900018,3,12,18012,10,60.0,0.5,0.8355,0.57228518
cold,0,1,0,0.0001,0.1,512,3,5,4,256,6000,8.0,2633729,4,4,9977,4104,900018,3,12,18012,11,66.0,0.55,0.91905,0.58463323
cold,0,1,0,0.0001,0.1,512,3,5,4,256,6000,8.0,2633729,4,4,9977,4104,900018,3,12,18012,12,72.0,0.6,1.0026,0.59482133
cold,0,1,0,0.0001,0.1,512,3,5,4,256,6000,8.0,2633729,4,4,9977,4104,900018,3,12,18012,13,78.0,0.65,1.08615,0.60405582
cold,0,1,0,0.0001,0.1,512,3,5,4,256,6000,8.0,2633729,4,4,9977,4104,900018,3,12,18012,14,84.0,0.7,1.1697,0.61308521
cold,0,1,0,0.0001,0.1,512,3,5,4,256,6000,8.0,2633729,4,4,9977,4104,900018,3,12,18012,15,90.0,0.75,1.25325,0.6219396
cold,0,1,0,0.0001,0.1,512,3,5,4,256,6000,8.0,2633729,4,4,9977,4104,900018,3,12,18012,16,96.0,0.8,1.3368,0.63042319
cold,0,1,0,0.0001,0.1,512,3,5,4,256,6000,8.0,2633729,4,4,9977,4104,900018,3,12,18012,17,102.0,0.85,1.42035,0.63868916
cold,0,1,0,0.0001,0.1,512,3,5,4,256,6000,8.0,2633729,4,4,9977,4104,900018,3,12,18012,18,108.0,0.9,1.5039,0.64672816
cold,0,1,0,0.0001,0.1,512,3,5,4,256,6000,8.0,2633729,4,4,9977,4104,900018,3,12,18012,19,114.0,0.95,1.58745,0.6536448
cold,0,1,0,0.0001,0.1,512,3,5,4,256,6000,8.0,2633729,4,4,9977,4104,900018,3,12,18012,20,120.0,1.0,1.671,0.6583221
cold,0,1,0,0.0001,0.1,512,3,5,4,256,6000,8.0,2633729,4,4,9977,4104,900018,3,12,18012,21,126.0,1.05,1.75455,0.66078627
cold,0,1,0,0.0001,0.1,512,3,5,4,256,6000,8.0,2633729,4,4,9977,4104,900018,3,12,18012,22,132.0,1.1,1.8381,0.66236567
cold,0,1,0,0.0001,0.1,512,3,5,4,256,6000,8.0,2633729,4,4,9977,4104,900018,3,12,18012,23,138.0,1.15,1.92165,0.66469693
cold,0,1,0,0.0001,0.1,512,3,5,4,256,6000,8.0,2633729,4,4,9977,4104,900018,3,12,18012,24,144.0,1.2,2.0052,0.66854626
cold,0,1,0,0.0001,0.1,512,3,5,4,256,6000,8.0,2633729,4,4,9977,4104,900018,3,12,18012,25,150.0,1.25,2.08875,0.67284578
cold,0,1,0,0.0001,0.1,512,3,5,4,256,6000,8.0,2633729,4,4,9977,4104,900018,3,12,18012,26,156.0,1.3,2.1723,0.67584723
cold,0,1,0,0.0001,0.1,512,3,5,4,256,6000,8.0,2633729,4,4,9977,4104,900018,3,12,18012,27,162.0,1.35,2.25585,0.67727304
cold,0,1,0,0.0001,0.1,512,3,5,4,256,6000,8.0,2633729,4,4,9977,4104,900018,3,12,18012,28,168.0,1.4,2.3394,0.67812365
cold,0,1,0,0.0001,0.1,512,3,5,4,256,6000,8.0,2633729,4,4,9977,4104,900018,3,12,18012,29,174.0,1.45,2.42295,0.6791935
cold,0,1,0,0.0001,0.1,512,3,5,4,256,6000,8.0,2633729,4,4,9977,4104,900018,3,12,18012,30,180.0,1.5,2.5065,0.68047154
cold,0,1,0,0.0001,0.1,512,3,5,4,256,6000,8.0,2633729,4,4,9977,4104,900018,3,12,18012,31,186.0,1.55,2.59005,0.68186188
cold,0,1,0,0.0001,0.1,512,3,5,4,256,6000,8.0,2633729,4,4,9977,4104,900018,3,12,18012,32,192.0,1.6,2.6736,0.68384504
cold,0,1,0,0.0001,0.1,512,3,5,4,256,6000,8.0,2633729,4,4,9977,4104,900018,3,12,18012,33,198.0,1.65,2.75715,0.68689567
cold,0,1,0,0.0001,0.1,512,3,5,4,256,6000,8.0,2633729,4,4,9977,4104,900018,3,12,18012,34,204.0,1.7,2.8407,0.69079822
cold,0,1,0,0.0001,0.1,512,3,5,4,256,6000,8.0,2633729,4,4,9977,4104,900018,3,12,18012,35,210.0,1.75,2.92425,0.69464296
cold,0,1,0,0.0001,0.1,512,3,5,4,256,6000,8.0,2633729,4,4,9977,4104,900018,3,12,18012,36,216.0,1.8,3.0078,0.69757146
cold,0,1,0,0.0001,0.1,512,3,5,4,256,6000,8.0,2633729,4,4,9977,4104,900018,3,12,18012,37,222.0,1.85,3.09135,0.69970858
cold,0,1,0,0.0001,0.1,512,3,5,4,256,6000,8.0,2633729,4,4,9977,4104,900018,3,12,18012,38,228.0,1.9,3.1749,0.70151585
cold,0,1,0,0.0001,0.1,512,3,5,4,256,6000,8.0,2633729,4,4,9977,4104,900018,3,12,18012,39,234.0,1.95,3.25845,0.70271724
cold,0,1,0,0.0001,0.1,512,3,5,4,256,6000,8.0,2633729,4,4,9977,4104,900018,3,12,18012,40,240.0,2.0,3.342,0.70270753
cold,0,1,0,0.0001,0.1,512,3,5,4,256,6000,8.0,2633729,4,4,9977,4104,900018,3,12,18012,41,246.0,2.05,3.42555,0.70157588
cold,0,1,0,0.0001,0.1,512,3,5,4,256,6000,8.0,2633729,4,4,9977,4104,900018,3,12,18012,42,252.0,2.1,3.5091,0.70026642
cold,0,1,0,0.0001,0.1,512,3,5,4,256,6000,8.0,2633729,4,4,9977,4104,900018,3,12,18012,43,258.0,2.15,3.59265,0.6998421
cold,0,1,0,0.0001,0.1,512,3,5,4,256,6000,8.0,2633729,4,4,9977,4104,900018,3,12,18012,44,264.0,2.2,3.6762,0.70072579
cold,0,1,0,0.0001,0.1,512,3,5,4,256,6000,8.0,2633729,4,4,9977,4104,900018,3,12,18012,45,270.0,2.25,3.75975,0.7021966
cold,0,1,0,0.0001,0.1,512,3,5,4,256,6000,8.0,2633729,4,4,9977,4104,900018,3,12,18012,46,276.0,2.3,3.8433,0.70312554
cold,0,1,0,0.0001,0.1,512,3,5,4,256,6000,8.0,2633729,4,4,9977,4104,900018,3,12,18012,47,282.0,2.35,3.92685,0.70323414
cold,0,1,0,0.0001,0.1,512,3,5,4,256,6000,8.0,2633729,4,4,9977,4104,900018,3,12,18012,48,288.0,2.4,4.0104,0.70305663
cold,0,1,0,0.0001,0.1,512,3,5,4,256,6000,8.0,2633729,4,4,9977,4104,900018,3,12,18012,49,294.0,2.45,4.09395,0.70293272
cold,0,1,0,0.0001,0.1,512,3,5,4,256,6000,8.0,2633729,4,4,9977,4104,900018,3,12,18012,50,300.0,2.5,4.1775,0.70258147
cold,0,1,0,0.0001,0.1,512,3,5,4,256,6000,8.0,2633729,4,4,9977,4104,900018,3,12,18012,51,306.0,2.55,4.26105,0.70201683
cold,0,1,0,0.0001,0.1,512,3,5,4,256,6000,8.0,2633729,4,4,9977,4104,900018,3,12,18012,52,312.0,2.6,4.3446,0.70209986
cold,0,1,0,0.0001,0.1,512,3,5,4,256,6000,8.0,2633729,4,4,9977,4104,900018,3,12,18012,53,318.0,2.65,4.42815,0.70351386
cold,0,1,0,0.0001,0.1,512,3,5,4,256,6000,8.0,2633729,4,4,9977,4104,900018,3,12,18012,54,324.0,2.7,4.5117,0.70596606
cold,0,1,0,0.0001,0.1,512,3,5,4,256,6000,8.0,2633729,4,4,9977,4104,900018,3,12,18012,55,330.0,2.75,4.59525,0.70844251
cold,0,1,0,0.0001,0.1,512,3,5,4,256,6000,8.0,2633729,4,4,9977,4104,900018,3,12,18012,56,336.0,2.8,4.6788,0.71018976
cold,0,1,0,0.0001,0.1,512,3,5,4,256,6000,8.0,2633729,4,4,9977,4104,900018,3,12,18012,57,342.0,2.85,4.76235,0.71147519
cold,0,1,0,0.0001,0.1,512,3,5,4,256,6000,8.0,2633729,4,4,9977,4104,900018,3,12,18012,58,348.0,2.9,4.8459,0.71272373
cold,0,1,0,0.0001,0.1,512,3,5,4,256,6000,8.0,2633729,4,4,9977,4104,900018,3,12,18012,59,354.0,2.95,4.92945,0.71356267
cold,0,1,0,0.0001,0.1,512,3,5,4,256,6000,8.0,2633729,4,4,9977,4104,900018,3,12,18012,60,360.0,3.0,5.013,0.71331275
cold,0,1,0,0.0001,0.1,512,3,5,4,256,6000,8.0,2633729,4,4,9977,4104,900018,3,12,18012,61,366.0,3.05,5.09655,0.71199322
cold,0,1,0,0.0001,0.1,512,3,5,4,256,6000,8.0,2633729,4,4,9977,4104,900018,3,12,18012,62,372.0,3.1,5.1801,0.71047449
cold,0,1,0,0.0001,0.1,512,3,5,4,256,6000,8.0,2633729,4,4,9977,4104,900018,3,12,18012,63,378.0,3.15,5.26365,0.70975137
cold,0,1,0,0.0001,0.1,512,3,5,4,256,6000,8.0,2633729,4,4,9977,4104,900018,3,12,18012,64,384.0,3.2,5.3472,0.71019727
cold,0,1,0,0.0001,0.1,512,3,5,4,256,6000,8.0,2633729,4,4,9977,4104,900018,3,12,18012,65,390.0,3.25,5.43075,0.71108967
cold,0,1,0,0.0001,0.1,512,3,5,4,256,6000,8.0,2633729,4,4,9977,4104,900018,3,12,18012,66,396.0,3.3,5.5143,0.7113297
cold,0,1,0,0.0001,0.1,512,3,5,4,256,6000,8.0,2633729,4,4,9977,4104,900018,3,12,18012,67,402.0,3.35,5.59785,0.71065927
cold,0,1,0,0.0001,0.1,512,3,5,4,256,6000,8.0,2633729,4,4,9977,4104,900018,3,12,18012,68,408.0,3.4,5.6814,0.70966828
cold,0,1,0,0.0001,0.1,512,3,5,4,256,6000,8.0,2633729,4,4,9977,4104,900018,3,12,18012,69,414.0,3.45,5.76495,0.70872372
cold,0,1,0,0.0001,0.1,512,3,5,4,256,6000,8.0,2633729,4,4,9977,4104,900018,3,12,18012,70,420.0,3.5,5.8485,0.70749438
cold,0,1,0,0.0001,0.1,512,3,5,4,256,6000,8.0,2633729,4,4,9977,4104,900018,3,12,18012,71,426.0,3.55,5.93205,0.70600778
cold,0,1,0,0.0001,0.1,512,3,5,4,256,6000,8.0,2633729,4,4,9977,4104,900018,3,12,18012,72,432.0,3.6,6.0156,0.70529079
cold,0,1,0,0.0001,0.1,512,3,5,4,256,6000,8.0,2633729,4,4,9977,4104,900018,3,12,18012,73,438.0,3.65,6.09915,0.70619833
cold,0,1,0,0.0001,0.1,512,3,5,4,256,6000,8.0,2633729,4,4,9977,4104,900018,3,12,18012,74,444.0,3.7,6.1827,0.7085045
cold,0,1,0,0.0001,0.1,512,3,5,4,256,6000,8.0,2633729,4,4,9977,4104,900018,3,12,18012,75,450.0,3.75,6.26625,0.71115386
cold,0,1,0,0.0001,0.1,512,3,5,4,256,6000,8.0,2633729,4,4,9977,4104,900018,3,12,18012,76,456.0,3.8,6.3498,0.71326941
cold,0,1,0,0.0001,0.1,512,3,5,4,256,6000,8.0,2633729,4,4,9977,4104,900018,3,12,18012,77,462.0,3.85,6.43335,0.71496516
cold,0,1,0,0.0001,0.1,512,3,5,4,256,6000,8.0,2633729,4,4,9977,4104,900018,3,12,18012,78,468.0,3.9,6.5169,0.71654534
cold,0,1,0,0.0001,0.1,512,3,5,4,256,6000,8.0,2633729,4,4,9977,4104,900018,3,12,18012,79,474.0,3.95,6.60045,0.71756852
cold,0,1,0,0.0001,0.1,512,3,5,4,256,6000,8.0,2633729,4,4,9977,4104,900018,3,12,18012,80,480.0,4.0,6.684,0.71730149
cold,0,1,0,0.0001,0.1,512,3,5,4,256,6000,8.0,2633729,4,4,9977,4104,900018,3,12,18012,81,486.0,4.05,6.76755,0.71574348
cold,0,1,0,0.0001,0.1,512,3,5,4,256,6000,8.0,2633729,4,4,9977,4104,900018,3,12,18012,82,492.0,4.1,6.8511,0.71381277
cold,0,1,0,0.0001,0.1,512,3,5,4,256,6000,8.0,2633729,4,4,9977,4104,900018,3,12,18012,83,498.0,4.15,6.93465,0.71257359
cold,0,1,0,0.0001,0.1,512,3,5,4,256,6000,8.0,2633729,4,4,9977,4104,900018,3,12,18012,84,504.0,4.2,7.0182,0.71246135
cold,0,1,0,0.0001,0.1,512,3,5,4,256,6000,8.0,2633729,4,4,9977,4104,900018,3,12,18012,85,510.0,4.25,7.10175,0.71282208
cold,0,1,0,0.0001,0.1,512,3,5,4,256,6000,8.0,2633729,4,4,9977,4104,900018,3,12,18012,86,516.0,4.3,7.1853,0.71259773
cold,0,1,0,0.0001,0.1,512,3,5,4,256,6000,8.0,2633729,4,4,9977,4104,900018,3,12,18012,87,522.0,4.35,7.26885,0.71149743
cold,0,1,0,0.0001,0.1,512,3,5,4,256,6000,8.0,2633729,4,4,9977,4104,900018,3,12,18012,88,528.0,4.4,7.3524,0.71005684
cold,0,1,0,0.0001,0.1,512,3,5,4,256,6000,8.0,2633729,4,4,9977,4104,900018,3,12,18012,89,534.0,4.45,7.43595,0.70866042
cold,0,1,0,0.0001,0.1,512,3,5,4,256,6000,8.0,2633729,4,4,9977,4104,900018,3,12,18012,90,540.0,4.5,7.5195,0.70705104
cold,0,1,0,0.0001,0.1,512,3,5,4,256,6000,8.0,2633729,4,4,9977,4104,900018,3,12,18012,91,546.0,4.55,7.60305,0.70537442
cold,0,1,0,0.0001,0.1,512,3,5,4,256,6000,8.0,2633729,4,4,9977,4104,900018,3,12,18012,92,552.0,4.6,7.6866,0.70477194
cold,0,1,0,0.0001,0.1,512,3,5,4,256,6000,8.0,2633729,4,4,9977,4104,900018,3,12,18012,93,558.0,4.65,7.77015,0.70604473
cold,0,1,0,0.0001,0.1,512,3,5,4,256,6000,8.0,2633729,4,4,9977,4104,900018,3,12,18012,94,564.0,4.7,7.8537,0.70870888
cold,0,1,0,0.0001,0.1,512,3,5,4,256,6000,8.0,2633729,4,4,9977,4104,900018,3,12,18012,95,570.0,4.75,7.93725,0.71145821
cold,0,1,0,0.0001,0.1,512,3,5,4,256,6000,8.0,2633729,4,4,9977,4104,900018,3,12,18012,96,576.0,4.8,8.0208,0.71338981
cold,0,1,0,0.0001,0.1,512,3,5,4,256,6000,8.0,2633729,4,4,9977,4104,900018,3,12,18012,97,582.0,4.85,8.10435,0.71480608
cold,0,1,0,0.0001,0.1,512,3,5,4,256,6000,8.0,2633729,4,4,9977,4104,900018,3,12,18012,98,588.0,4.9,8.1879,0.71621484
cold,0,1,0,0.0001,0.1,512,3,5,4,256,6000,8.0,2633729,4,4,9977,4104,900018,3,12,18012,99,594.0,4.95,8.27145,0.71723413
cold,0,1,0,0.0001,0.1,512,3,5,4,256,6000,8.0,2633729,4,4,9977,4104,900018,3,12,18012,100,600.0,5.0,8.355,0.71706599
cold,0,1,0,0.0001,0.1,512,3,5,4,256,6000,8.0,2633729,4,4,9977,4104,900018,3,12,18012,101,606.0,5.05,8.43855,0.7156508
cold,0,1,0,0.0001,0.1,512,3,5,4,256,6000,8.0,2633729,4,4,9977,4104,900018,3,12,18012,102,612.0,5.1,8.5221,0.71389973
cold,0,1,0,0.0001,0.1,512,3,5,4,256,6000,8.0,2633729,4,4,9977,4104,900018,3,12,18012,103,618.0,5.15,8.60565,0.71289402
cold,0,1,0,0.0001,0.1,512,3,5,4,256,6000,8.0,2633729,4,4,9977,4104,900018,3,12,18012,104,624.0,5.2,8.6892,0.71314758
cold,0,1,0,0.0001,0.1,512,3,5,4,256,6000,8.0,2633729,4,4,9977,4104,900018,3,12,18012,105,630.0,5.25,8.77275,0.7140215
cold,0,1,0,0.0001,0.1,512,3,5,4,256,6000,8.0,2633729,4,4,9977,4104,900018,3,12,18012,106,636.0,5.3,8.8563,0.71421975
cold,0,1,0,0.0001,0.1,512,3,5,4,256,6000,8.0,2633729,4,4,9977,4104,900018,3,12,18012,107,642.0,5.35,8.93985,0.71314162
cold,0,1,0,0.0001,0.1,512,3,5,4,256,6000,8.0,2633729,4,4,9977,4104,900018,3,12,18012,108,648.0,5.4,9.0234,0.71125686
cold,0,1,0,0.0001,0.1,512,3,5,4,256,6000,8.0,2633729,4,4,9977,4104,900018,3,12,18012,109,654.0,5.45,9.10695,0.70921481
cold,0,1,0,0.0001,0.1,512,3,5,4,256,6000,8.0,2633729,4,4,9977,4104,900018,3,12,18012,110,660.0,5.5,9.1905,0.70713216
cold,0,1,0,0.0001,0.1,512,3,5,4,256,6000,8.0,2633729,4,4,9977,4104,900018,3,12,18012,111,666.0,5.55,9.27405,0.70534754
cold,0,1,0,0.0001,0.1,512,3,5,4,256,6000,8.0,2633729,4,4,9977,4104,900018,3,12,18012,112,672.0,5.6,9.3576,0.70493144
cold,0,1,0,0.0001,0.1,512,3,5,4,256,6000,8.0,2633729,4,4,9977,4104,900018,3,12,18012,113,678.0,5.65,9.44115,0.70649469
cold,0,1,0,0.0001,0.1,512,3,5,4,256,6000,8.0,2633729,4,4,9977,4104,900018,3,12,18012,114,684.0,5.7,9.5247,0.70940351
cold,0,1,0,0.0001,0.1,512,3,5,4,256,6000,8.0,2633729,4,4,9977,4104,900018,3,12,18012,115,690.0,5.75,9.60825,0.71226925
cold,0,1,0,0.0001,0.1,512,3,5,4,256,6000,8.0,2633729,4,4,9977,4104,900018,3,12,18012,116,696.0,5.8,9.6918,0.71417874
cold,0,1,0,0.0001,0.1,512,3,5,4,256,6000,8.0,2633729,4,4,9977,4104,900018,3,12,18012,117,702.0,5.85,9.77535,0.71546078
cold,0,1,0,0.0001,0.1,512,3,5,4,256,6000,8.0,2633729,4,4,9977,4104,900018,3,12,18012,118,708.0,5.9,9.8589,0.71659487
cold,0,1,0,0.0001,0.1,512,3,5,4,256,6000,8.0,2633729,4,4,9977,4104,900018,3,12,18012,119,714.0,5.95,9.94245,0.71721041
cold,0,1,0,0.0001,0.1,512,3,5,4,256,6000,8.0,2633729,4,4,9977,4104,900018,3,12,18012,120,720.0,6.0,10.026,0.7166214
cold,0,1,0,0.0001,0.1,512,3,5,4,256,6000,8.0,2633729,4,4,9977,4104,900018,3,54,18054,1,6.0,0.05,0.08355,0.09060759
cold,0,1,0,0.0001,0.1,512,3,5,4,256,6000,8.0,2633729,4,4,9977,4104,900018,3,54,18054,2,12.0,0.1,0.1671,0.13278323
cold,0,1,0,0.0001,0.1,512,3,5,4,256,6000,8.0,2633729,4,4,9977,4104,900018,3,54,18054,3,18.0,0.15,0.25065,0.17909192
cold,0,1,0,0.0001,0.1,512,3,5,4,256,6000,8.0,2633729,4,4,9977,4104,900018,3,54,18054,4,24.0,0.2,0.3342,0.2261882
cold,0,1,0,0.0001,0.1,512,3,5,4,256,6000,8.0,2633729,4,4,9977,4104,900018,3,54,18054,5,30.0,0.25,0.41775,0.27111417
cold,0,1,0,0.0001,0.1,512,3,5,4,256,6000,8.0,2633729,4,4,9977,4104,900018,3,54,18054,6,36.0,0.3,0.5013,0.3125113
cold,0,1,0,0.0001,0.1,512,3,5,4,256,6000,8.0,2633729,4,4,9977,4104,900018,3,54,18054,7,42.0,0.35,0.58485,0.35055655
cold,0,1,0,0.0001,0.1,512,3,5,4,256,6000,8.0,2633729,4,4,9977,4104,900018,3,54,18054,8,48.0,0.4,0.6684,0.38571036
cold,0,1,0,0.0001,0.1,512,3,5,4,256,6000,8.0,2633729,4,4,9977,4104,900018,3,54,18054,9,54.0,0.45,0.75195,0.41860148
cold,0,1,0,0.0001,0.1,512,3,5,4,256,6000,8.0,2633729,4,4,9977,4104,900018,3,54,18054,10,60.0,0.5,0.8355,0.45006937
cold,0,1,0,0.0001,0.1,512,3,5,4,256,6000,8.0,2633729,4,4,9977,4104,900018,3,54,18054,11,66.0,0.55,0.91905,0.48008275
cold,0,1,0,0.0001,0.1,512,3,5,4,256,6000,8.0,2633729,4,4,9977,4104,900018,3,54,18054,12,72.0,0.6,1.0026,0.50819016
cold,0,1,0,0.0001,0.1,512,3,5,4,256,6000,8.0,2633729,4,4,9977,4104,900018,3,54,18054,13,78.0,0.65,1.08615,0.53411055
cold,0,1,0,0.0001,0.1,512,3,5,4,256,6000,8.0,2633729,4,4,9977,4104,900018,3,54,18054,14,84.0,0.7,1.1697,0.55753767
cold,0,1,0,0.0001,0.1,512,3,5,4,256,6000,8.0,2633729,4,4,9977,4104,900018,3,54,18054,15,90.0,0.75,1.25325,0.57837278
cold,0,1,0,0.0001,0.1,512,3,5,4,256,6000,8.0,2633729,4,4,9977,4104,900018,3,54,18054,16,96.0,0.8,1.3368,0.59633166
cold,0,1,0,0.0001,0.1,512,3,5,4,256,6000,8.0,2633729,4,4,9977,4104,900018,3,54,18054,17,102.0,0.85,1.42035,0.6112718
cold,0,1,0,0.0001,0.1,512,3,5,4,256,6000,8.0,2633729,4,4,9977,4104,900018,3,54,18054,18,108.0,0.9,1.5039,0.6240958
cold,0,1,0,0.0001,0.1,512,3,5,4,256,6000,8.0,2633729,4,4,9977,4104,900018,3,54,18054,19,114.0,0.95,1.58745,0.6357426
cold,0,1,0,0.0001,0.1,512,3,5,4,256,6000,8.0,2633729,4,4,9977,4104,900018,3,54,18054,20,120.0,1.0,1.671,0.64612979
cold,0,1,0,0.0001,0.1,512,3,5,4,256,6000,8.0,2633729,4,4,9977,4104,900018,3,54,18054,21,126.0,1.05,1.75455,0.6552431
cold,0,1,0,0.0001,0.1,512,3,5,4,256,6000,8.0,2633729,4,4,9977,4104,900018,3,54,18054,22,132.0,1.1,1.8381,0.66383666
cold,0,1,0,0.0001,0.1,512,3,5,4,256,6000,8.0,2633729,4,4,9977,4104,900018,3,54,18054,23,138.0,1.15,1.92165,0.67236263
cold,0,1,0,0.0001,0.1,512,3,5,4,256,6000,8.0,2633729,4,4,9977,4104,900018,3,54,18054,24,144.0,1.2,2.0052,0.6803062
cold,0,1,0,0.0001,0.1,512,3,5,4,256,6000,8.0,2633729,4,4,9977,4104,900018,3,54,18054,25,150.0,1.25,2.08875,0.68647861
cold,0,1,0,0.0001,0.1,512,3,5,4,256,6000,8.0,2633729,4,4,9977,4104,900018,3,54,18054,26,156.0,1.3,2.1723,0.69012332
cold,0,1,0,0.0001,0.1,512,3,5,4,256,6000,8.0,2633729,4,4,9977,4104,900018,3,54,18054,27,162.0,1.35,2.25585,0.69226789
cold,0,1,0,0.0001,0.1,512,3,5,4,256,6000,8.0,2633729,4,4,9977,4104,900018,3,54,18054,28,168.0,1.4,2.3394,0.69489676
cold,0,1,0,0.0001,0.1,512,3,5,4,256,6000,8.0,2633729,4,4,9977,4104,900018,3,54,18054,29,174.0,1.45,2.42295,0.69928533
cold,0,1,0,0.0001,0.1,512,3,5,4,256,6000,8.0,2633729,4,4,9977,4104,900018,3,54,18054,30,180.0,1.5,2.5065,0.70552456
cold,0,1,0,0.0001,0.1,512,3,5,4,256,6000,8.0,2633729,4,4,9977,4104,900018,3,54,18054,31,186.0,1.55,2.59005,0.71300429
cold,0,1,0,0.0001,0.1,512,3,5,4,256,6000,8.0,2633729,4,4,9977,4104,900018,3,54,18054,32,192.0,1.6,2.6736,0.72119957
cold,0,1,0,0.0001,0.1,512,3,5,4,256,6000,8.0,2633729,4,4,9977,4104,900018,3,54,18054,33,198.0,1.65,2.75715,0.72979611
cold,0,1,0,0.0001,0.1,512,3,5,4,256,6000,8.0,2633729,4,4,9977,4104,900018,3,54,18054,34,204.0,1.7,2.8407,0.73831522
cold,0,1,0,0.0001,0.1,512,3,5,4,256,6000,8.0,2633729,4,4,9977,4104,900018,3,54,18054,35,210.0,1.75,2.92425,0.74603838
cold,0,1,0,0.0001,0.1,512,3,5,4,256,6000,8.0,2633729,4,4,9977,4104,900018,3,54,18054,36,216.0,1.8,3.0078,0.75231338
cold,0,1,0,0.0001,0.1,512,3,5,4,256,6000,8.0,2633729,4,4,9977,4104,900018,3,54,18054,37,222.0,1.85,3.09135,0.75729561
cold,0,1,0,0.0001,0.1,512,3,5,4,256,6000,8.0,2633729,4,4,9977,4104,900018,3,54,18054,38,228.0,1.9,3.1749,0.76164621
cold,0,1,0,0.0001,0.1,512,3,5,4,256,6000,8.0,2633729,4,4,9977,4104,900018,3,54,18054,39,234.0,1.95,3.25845,0.76528525
cold,0,1,0,0.0001,0.1,512,3,5,4,256,6000,8.0,2633729,4,4,9977,4104,900018,3,54,18054,40,240.0,2.0,3.342,0.7675336
cold,0,1,0,0.0001,0.1,512,3,5,4,256,6000,8.0,2633729,4,4,9977,4104,900018,3,54,18054,41,246.0,2.05,3.42555,0.76818782
cold,0,1,0,0.0001,0.1,512,3,5,4,256,6000,8.0,2633729,4,4,9977,4104,900018,3,54,18054,42,252.0,2.1,3.5091,0.76814389
cold,0,1,0,0.0001,0.1,512,3,5,4,256,6000,8.0,2633729,4,4,9977,4104,900018,3,54,18054,43,258.0,2.15,3.59265,0.76886678
cold,0,1,0,0.0001,0.1,512,3,5,4,256,6000,8.0,2633729,4,4,9977,4104,900018,3,54,18054,44,264.0,2.2,3.6762,0.77128708
cold,0,1,0,0.0001,0.1,512,3,5,4,256,6000,8.0,2633729,4,4,9977,4104,900018,3,54,18054,45,270.0,2.25,3.75975,0.77530396
cold,0,1,0,0.0001,0.1,512,3,5,4,256,6000,8.0,2633729,4,4,9977,4104,900018,3,54,18054,46,276.0,2.3,3.8433,0.78005338
cold,0,1,0,0.0001,0.1,512,3,5,4,256,6000,8.0,2633729,4,4,9977,4104,900018,3,54,18054,47,282.0,2.35,3.92685,0.78462511
cold,0,1,0,0.0001,0.1,512,3,5,4,256,6000,8.0,2633729,4,4,9977,4104,900018,3,54,18054,48,288.0,2.4,4.0104,0.78867036
cold,0,1,0,0.0001,0.1,512,3,5,4,256,6000,8.0,2633729,4,4,9977,4104,900018,3,54,18054,49,294.0,2.45,4.09395,0.79223412
cold,0,1,0,0.0001,0.1,512,3,5,4,256,6000,8.0,2633729,4,4,9977,4104,900018,3,54,18054,50,300.0,2.5,4.1775,0.7951709
cold,0,1,0,0.0001,0.1,512,3,5,4,256,6000,8.0,2633729,4,4,9977,4104,900018,3,54,18054,51,306.0,2.55,4.26105,0.79747403
cold,0,1,0,0.0001,0.1,512,3,5,4,256,6000,8.0,2633729,4,4,9977,4104,900018,3,54,18054,52,312.0,2.6,4.3446,0.79969257
cold,0,1,0,0.0001,0.1,512,3,5,4,256,6000,8.0,2633729,4,4,9977,4104,900018,3,54,18054,53,318.0,2.65,4.42815,0.80235469
cold,0,1,0,0.0001,0.1,512,3,5,4,256,6000,8.0,2633729,4,4,9977,4104,900018,3,54,18054,54,324.0,2.7,4.5117,0.80535805
cold,0,1,0,0.0001,0.1,512,3,5,4,256,6000,8.0,2633729,4,4,9977,4104,900018,3,54,18054,55,330.0,2.75,4.59525,0.80768961
cold,0,1,0,0.0001,0.1,512,3,5,4,256,6000,8.0,2633729,4,4,9977,4104,900018,3,54,18054,56,336.0,2.8,4.6788,0.80850667
cold,0,1,0,0.0001,0.1,512,3,5,4,256,6000,8.0,2633729,4,4,9977,4104,900018,3,54,18054,57,342.0,2.85,4.76235,0.80859518
cold,0,1,0,0.0001,0.1,512,3,5,4,256,6000,8.0,2633729,4,4,9977,4104,900018,3,54,18054,58,348.0,2.9,4.8459,0.80938423
cold,0,1,0,0.0001,0.1,512,3,5,4,256,6000,8.0,2633729,4,4,9977,4104,900018,3,54,18054,59,354.0,2.95,4.92945,0.81115597
cold,0,1,0,0.0001,0.1,512,3,5,4,256,6000,8.0,2633729,4,4,9977,4104,900018,3,54,18054,60,360.0,3.0,5.013,0.8133077
cold,0,1,0,0.0001,0.1,512,3,5,4,256,6000,8.0,2633729,4,4,9977,4104,900018,3,54,18054,61,366.0,3.05,5.09655,0.8151871
cold,0,1,0,0.0001,0.1,512,3,5,4,256,6000,8.0,2633729,4,4,9977,4104,900018,3,54,18054,62,372.0,3.1,5.1801,0.81640959
cold,0,1,0,0.0001,0.1,512,3,5,4,256,6000,8.0,2633729,4,4,9977,4104,900018,3,54,18054,63,378.0,3.15,5.26365,0.81732172
cold,0,1,0,0.0001,0.1,512,3,5,4,256,6000,8.0,2633729,4,4,9977,4104,900018,3,54,18054,64,384.0,3.2,5.3472,0.81889367
cold,0,1,0,0.0001,0.1,512,3,5,4,256,6000,8.0,2633729,4,4,9977,4104,900018,3,54,18054,65,390.0,3.25,5.43075,0.82140279
cold,0,1,0,0.0001,0.1,512,3,5,4,256,6000,8.0,2633729,4,4,9977,4104,900018,3,54,18054,66,396.0,3.3,5.5143,0.82401031
cold,0,1,0,0.0001,0.1,512,3,5,4,256,6000,8.0,2633729,4,4,9977,4104,900018,3,54,18054,67,402.0,3.35,5.59785,0.82572335
cold,0,1,0,0.0001,0.1,512,3,5,4,256,6000,8.0,2633729,4,4,9977,4104,900018,3,54,18054,68,408.0,3.4,5.6814,0.82613033
cold,0,1,0,0.0001,0.1,512,3,5,4,256,6000,8.0,2633729,4,4,9977,4104,900018,3,54,18054,69,414.0,3.45,5.76495,0.82499844
cold,0,1,0,0.0001,0.1,512,3,5,4,256,6000,8.0,2633729,4,4,9977,4104,900018,3,54,18054,70,420.0,3.5,5.8485,0.82220495
cold,0,1,0,0.0001,0.1,512,3,5,4,256,6000,8.0,2633729,4,4,9977,4104,900018,3,54,18054,71,426.0,3.55,5.93205,0.81897783
cold,0,1,0,0.0001,0.1,512,3,5,4,256,6000,8.0,2633729,4,4,9977,4104,900018,3,54,18054,72,432.0,3.6,6.0156,0.81757319
cold,0,1,0,0.0001,0.1,512,3,5,4,256,6000,8.0,2633729,4,4,9977,4104,900018,3,54,18054,73,438.0,3.65,6.09915,0.81899667
cold,0,1,0,0.0001,0.1,512,3,5,4,256,6000,8.0,2633729,4,4,9977,4104,900018,3,54,18054,74,444.0,3.7,6.1827,0.82226074
cold,0,1,0,0.0001,0.1,512,3,5,4,256,6000,8.0,2633729,4,4,9977,4104,900018,3,54,18054,75,450.0,3.75,6.26625,0.82531154
cold,0,1,0,0.0001,0.1,512,3,5,4,256,6000,8.0,2633729,4,4,9977,4104,900018,3,54,18054,76,456.0,3.8,6.3498,0.82659733
cold,0,1,0,0.0001,0.1,512,3,5,4,256,6000,8.0,2633729,4,4,9977,4104,900018,3,54,18054,77,462.0,3.85,6.43335,0.82656586
cold,0,1,0,0.0001,0.1,512,3,5,4,256,6000,8.0,2633729,4,4,9977,4104,900018,3,54,18054,78,468.0,3.9,6.5169,0.82684362
cold,0,1,0,0.0001,0.1,512,3,5,4,256,6000,8.0,2633729,4,4,9977,4104,900018,3,54,18054,79,474.0,3.95,6.60045,0.82828093
cold,0,1,0,0.0001,0.1,512,3,5,4,256,6000,8.0,2633729,4,4,9977,4104,900018,3,54,18054,80,480.0,4.0,6.684,0.83059943
cold,0,1,0,0.0001,0.1,512,3,5,4,256,6000,8.0,2633729,4,4,9977,4104,900018,3,54,18054,81,486.0,4.05,6.76755,0.83279121
cold,0,1,0,0.0001,0.1,512,3,5,4,256,6000,8.0,2633729,4,4,9977,4104,900018,3,54,18054,82,492.0,4.1,6.8511,0.83354348
cold,0,1,0,0.0001,0.1,512,3,5,4,256,6000,8.0,2633729,4,4,9977,4104,900018,3,54,18054,83,498.0,4.15,6.93465,0.83243144
cold,0,1,0,0.0001,0.1,512,3,5,4,256,6000,8.0,2633729,4,4,9977,4104,900018,3,54,18054,84,504.0,4.2,7.0182,0.83087683
cold,0,1,0,0.0001,0.1,512,3,5,4,256,6000,8.0,2633729,4,4,9977,4104,900018,3,54,18054,85,510.0,4.25,7.10175,0.83064115
cold,0,1,0,0.0001,0.1,512,3,5,4,256,6000,8.0,2633729,4,4,9977,4104,900018,3,54,18054,86,516.0,4.3,7.1853,0.83158171
cold,0,1,0,0.0001,0.1,512,3,5,4,256,6000,8.0,2633729,4,4,9977,4104,900018,3,54,18054,87,522.0,4.35,7.26885,0.83199739
cold,0,1,0,0.0001,0.1,512,3,5,4,256,6000,8.0,2633729,4,4,9977,4104,900018,3,54,18054,88,528.0,4.4,7.3524,0.83090371
cold,0,1,0,0.0001,0.1,512,3,5,4,256,6000,8.0,2633729,4,4,9977,4104,900018,3,54,18054,89,534.0,4.45,7.43595,0.82878542
cold,0,1,0,0.0001,0.1,512,3,5,4,256,6000,8.0,2633729,4,4,9977,4104,900018,3,54,18054,90,540.0,4.5,7.5195,0.82653177
cold,0,1,0,0.0001,0.1,512,3,5,4,256,6000,8.0,2633729,4,4,9977,4104,900018,3,54,18054,91,546.0,4.55,7.60305,0.82525587
cold,0,1,0,0.0001,0.1,512,3,5,4,256,6000,8.0,2633729,4,4,9977,4104,900018,3,54,18054,92,552.0,4.6,7.6866,0.82597214
cold,0,1,0,0.0001,0.1,512,3,5,4,256,6000,8.0,2633729,4,4,9977,4104,900018,3,54,18054,93,558.0,4.65,7.77015,0.82854658
cold,0,1,0,0.0001,0.1,512,3,5,4,256,6000,8.0,2633729,4,4,9977,4104,900018,3,54,18054,94,564.0,4.7,7.8537,0.83184558
cold,0,1,0,0.0001,0.1,512,3,5,4,256,6000,8.0,2633729,4,4,9977,4104,900018,3,54,18054,95,570.0,4.75,7.93725,0.83442169
cold,0,1,0,0.0001,0.1,512,3,5,4,256,6000,8.0,2633729,4,4,9977,4104,900018,3,54,18054,96,576.0,4.8,8.0208,0.83531821
cold,0,1,0,0.0001,0.1,512,3,5,4,256,6000,8.0,2633729,4,4,9977,4104,900018,3,54,18054,97,582.0,4.85,8.10435,0.83497077
cold,0,1,0,0.0001,0.1,512,3,5,4,256,6000,8.0,2633729,4,4,9977,4104,900018,3,54,18054,98,588.0,4.9,8.1879,0.83454615
cold,0,1,0,0.0001,0.1,512,3,5,4,256,6000,8.0,2633729,4,4,9977,4104,900018,3,54,18054,99,594.0,4.95,8.27145,0.83447802
cold,0,1,0,0.0001,0.1,512,3,5,4,256,6000,8.0,2633729,4,4,9977,4104,900018,3,54,18054,100,600.0,5.0,8.355,0.83436781
cold,0,1,0,0.0001,0.1,512,3,5,4,256,6000,8.0,2633729,4,4,9977,4104,900018,3,54,18054,101,606.0,5.05,8.43855,0.83366662
cold,0,1,0,0.0001,0.1,512,3,5,4,256,6000,8.0,2633729,4,4,9977,4104,900018,3,54,18054,102,612.0,5.1,8.5221,0.83216321
cold,0,1,0,0.0001,0.1,512,3,5,4,256,6000,8.0,2633729,4,4,9977,4104,900018,3,54,18054,103,618.0,5.15,8.60565,0.83044904
cold,0,1,0,0.0001,0.1,512,3,5,4,256,6000,8.0,2633729,4,4,9977,4104,900018,3,54,18054,104,624.0,5.2,8.6892,0.82977593
cold,0,1,0,0.0001,0.1,512,3,5,4,256,6000,8.0,2633729,4,4,9977,4104,900018,3,54,18054,105,630.0,5.25,8.77275,0.83061659
cold,0,1,0,0.0001,0.1,512,3,5,4,256,6000,8.0,2633729,4,4,9977,4104,900018,3,54,18054,106,636.0,5.3,8.8563,0.83187354
cold,0,1,0,0.0001,0.1,512,3,5,4,256,6000,8.0,2633729,4,4,9977,4104,900018,3,54,18054,107,642.0,5.35,8.93985,0.83208764
cold,0,1,0,0.0001,0.1,512,3,5,4,256,6000,8.0,2633729,4,4,9977,4104,900018,3,54,18054,108,648.0,5.4,9.0234,0.83110487
cold,0,1,0,0.0001,0.1,512,3,5,4,256,6000,8.0,2633729,4,4,9977,4104,900018,3,54,18054,109,654.0,5.45,9.10695,0.82968003
cold,0,1,0,0.0001,0.1,512,3,5,4,256,6000,8.0,2633729,4,4,9977,4104,900018,3,54,18054,110,660.0,5.5,9.1905,0.82815689
cold,0,1,0,0.0001,0.1,512,3,5,4,256,6000,8.0,2633729,4,4,9977,4104,900018,3,54,18054,111,666.0,5.55,9.27405,0.82695419
cold,0,1,0,0.0001,0.1,512,3,5,4,256,6000,8.0,2633729,4,4,9977,4104,900018,3,54,18054,112,672.0,5.6,9.3576,0.82707036
cold,0,1,0,0.0001,0.1,512,3,5,4,256,6000,8.0,2633729,4,4,9977,4104,900018,3,54,18054,113,678.0,5.65,9.44115,0.82907903
cold,0,1,0,0.0001,0.1,512,3,5,4,256,6000,8.0,2633729,4,4,9977,4104,900018,3,54,18054,114,684.0,5.7,9.5247,0.83239424
cold,0,1,0,0.0001,0.1,512,3,5,4,256,6000,8.0,2633729,4,4,9977,4104,900018,3,54,18054,115,690.0,5.75,9.60825,0.83564758
cold,0,1,0,0.0001,0.1,512,3,5,4,256,6000,8.0,2633729,4,4,9977,4104,900018,3,54,18054,116,696.0,5.8,9.6918,0.83815575
cold,0,1,0,0.0001,0.1,512,3,5,4,256,6000,8.0,2633729,4,4,9977,4104,900018,3,54,18054,117,702.0,5.85,9.77535,0.84069824
cold,0,1,0,0.0001,0.1,512,3,5,4,256,6000,8.0,2633729,4,4,9977,4104,900018,3,54,18054,118,708.0,5.9,9.8589,0.84397465
cold,0,1,0,0.0001,0.1,512,3,5,4,256,6000,8.0,2633729,4,4,9977,4104,900018,3,54,18054,119,714.0,5.95,9.94245,0.84733748
cold,0,1,0,0.0001,0.1,512,3,5,4,256,6000,8.0,2633729,4,4,9977,4104,900018,3,54,18054,120,720.0,6.0,10.026,0.84958076
cold,0,1,0,0.0001,0.1,512,3,5,4,256,6000,8.0,2633729,4,4,9977,4104,900018,3,234,18234,1,6.0,0.05,0.08355,0.04638146
cold,0,1,0,0.0001,0.1,512,3,5,4,256,6000,8.0,2633729,4,4,9977,4104,900018,3,234,18234,2,12.0,0.1,0.1671,0.05308659
cold,0,1,0,0.0001,0.1,512,3,5,4,256,6000,8.0,2633729,4,4,9977,4104,900018,3,234,18234,3,18.0,0.15,0.25065,0.0620524
cold,0,1,0,0.0001,0.1,512,3,5,4,256,6000,8.0,2633729,4,4,9977,4104,900018,3,234,18234,4,24.0,0.2,0.3342,0.07252646
cold,0,1,0,0.0001,0.1,512,3,5,4,256,6000,8.0,2633729,4,4,9977,4104,900018,3,234,18234,5,30.0,0.25,0.41775,0.08361383
cold,0,1,0,0.0001,0.1,512,3,5,4,256,6000,8.0,2633729,4,4,9977,4104,900018,3,234,18234,6,36.0,0.3,0.5013,0.09617336
cold,0,1,0,0.0001,0.1,512,3,5,4,256,6000,8.0,2633729,4,4,9977,4104,900018,3,234,18234,7,42.0,0.35,0.58485,0.11028216
cold,0,1,0,0.0001,0.1,512,3,5,4,256,6000,8.0,2633729,4,4,9977,4104,900018,3,234,18234,8,48.0,0.4,0.6684,0.12691559
cold,0,1,0,0.0001,0.1,512,3,5,4,256,6000,8.0,2633729,4,4,9977,4104,900018,3,234,18234,9,54.0,0.45,0.75195,0.14604145
cold,0,1,0,0.0001,0.1,512,3,5,4,256,6000,8.0,2633729,4,4,9977,4104,900018,3,234,18234,10,60.0,0.5,0.8355,0.16544951
cold,0,1,0,0.0001,0.1,512,3,5,4,256,6000,8.0,2633729,4,4,9977,4104,900018,3,234,18234,11,66.0,0.55,0.91905,0.18378186
cold,0,1,0,0.0001,0.1,512,3,5,4,256,6000,8.0,2633729,4,4,9977,4104,900018,3,234,18234,12,72.0,0.6,1.0026,0.20232886
cold,0,1,0,0.0001,0.1,512,3,5,4,256,6000,8.0,2633729,4,4,9977,4104,900018,3,234,18234,13,78.0,0.65,1.08615,0.2225676
cold,0,1,0,0.0001,0.1,512,3,5,4,256,6000,8.0,2633729,4,4,9977,4104,900018,3,234,18234,14,84.0,0.7,1.1697,0.24472834
cold,0,1,0,0.0001,0.1,512,3,5,4,256,6000,8.0,2633729,4,4,9977,4104,900018,3,234,18234,15,90.0,0.75,1.25325,0.26869887
cold,0,1,0,0.0001,0.1,512,3,5,4,256,6000,8.0,2633729,4,4,9977,4104,900018,3,234,18234,16,96.0,0.8,1.3368,0.2940855
cold,0,1,0,0.0001,0.1,512,3,5,4,256,6000,8.0,2633729,4,4,9977,4104,900018,3,234,18234,17,102.0,0.85,1.42035,0.32072657
cold,0,1,0,0.0001,0.1,512,3,5,4,256,6000,8.0,2633729,4,4,9977,4104,900018,3,234,18234,18,108.0,0.9,1.5039,0.34869376
cold,0,1,0,0.0001,0.1,512,3,5,4,256,6000,8.0,2633729,4,4,9977,4104,900018,3,234,18234,19,114.0,0.95,1.58745,0.3769927
cold,0,1,0,0.0001,0.1,512,3,5,4,256,6000,8.0,2633729,4,4,9977,4104,900018,3,234,18234,20,120.0,1.0,1.671,0.40437272
cold,0,1,0,0.0001,0.1,512,3,5,4,256,6000,8.0,2633729,4,4,9977,4104,900018,3,234,18234,21,126.0,1.05,1.75455,0.43032137
cold,0,1,0,0.0001,0.1,512,3,5,4,256,6000,8.0,2633729,4,4,9977,4104,900018,3,234,18234,22,132.0,1.1,1.8381,0.4543469
cold,0,1,0,0.0001,0.1,512,3,5,4,256,6000,8.0,2633729,4,4,9977,4104,900018,3,234,18234,23,138.0,1.15,1.92165,0.47521773
cold,0,1,0,0.0001,0.1,512,3,5,4,256,6000,8.0,2633729,4,4,9977,4104,900018,3,234,18234,24,144.0,1.2,2.0052,0.4922936
cold,0,1,0,0.0001,0.1,512,3,5,4,256,6000,8.0,2633729,4,4,9977,4104,900018,3,234,18234,25,150.0,1.25,2.08875,0.50721902
cold,0,1,0,0.0001,0.1,512,3,5,4,256,6000,8.0,2633729,4,4,9977,4104,900018,3,234,18234,26,156.0,1.3,2.1723,0.52291757
cold,0,1,0,0.0001,0.1,512,3,5,4,256,6000,8.0,2633729,4,4,9977,4104,900018,3,234,18234,27,162.0,1.35,2.25585,0.54099673
cold,0,1,0,0.0001,0.1,512,3,5,4,256,6000,8.0,2633729,4,4,9977,4104,900018,3,234,18234,28,168.0,1.4,2.3394,0.56145924
cold,0,1,0,0.0001,0.1,512,3,5,4,256,6000,8.0,2633729,4,4,9977,4104,900018,3,234,18234,29,174.0,1.45,2.42295,0.5839678
cold,0,1,0,0.0001,0.1,512,3,5,4,256,6000,8.0,2633729,4,4,9977,4104,900018,3,234,18234,30,180.0,1.5,2.5065,0.60711414
cold,0,1,0,0.0001,0.1,512,3,5,4,256,6000,8.0,2633729,4,4,9977,4104,900018,3,234,18234,31,186.0,1.55,2.59005,0.62954926
cold,0,1,0,0.0001,0.1,512,3,5,4,256,6000,8.0,2633729,4,4,9977,4104,900018,3,234,18234,32,192.0,1.6,2.6736,0.65070659
cold,0,1,0,0.0001,0.1,512,3,5,4,256,6000,8.0,2633729,4,4,9977,4104,900018,3,234,18234,33,198.0,1.65,2.75715,0.67090404
cold,0,1,0,0.0001,0.1,512,3,5,4,256,6000,8.0,2633729,4,4,9977,4104,900018,3,234,18234,34,204.0,1.7,2.8407,0.6905328
cold,0,1,0,0.0001,0.1,512,3,5,4,256,6000,8.0,2633729,4,4,9977,4104,900018,3,234,18234,35,210.0,1.75,2.92425,0.70914316
cold,0,1,0,0.0001,0.1,512,3,5,4,256,6000,8.0,2633729,4,4,9977,4104,900018,3,234,18234,36,216.0,1.8,3.0078,0.72512507
cold,0,1,0,0.0001,0.1,512,3,5,4,256,6000,8.0,2633729,4,4,9977,4104,900018,3,234,18234,37,222.0,1.85,3.09135,0.73740709
cold,0,1,0,0.0001,0.1,512,3,5,4,256,6000,8.0,2633729,4,4,9977,4104,900018,3,234,18234,38,228.0,1.9,3.1749,0.74770164
cold,0,1,0,0.0001,0.1,512,3,5,4,256,6000,8.0,2633729,4,4,9977,4104,900018,3,234,18234,39,234.0,1.95,3.25845,0.7574926
cold,0,1,0,0.0001,0.1,512,3,5,4,256,6000,8.0,2633729,4,4,9977,4104,900018,3,234,18234,40,240.0,2.0,3.342,0.76554471
cold,0,1,0,0.0001,0.1,512,3,5,4,256,6000,8.0,2633729,4,4,9977,4104,900018,3,234,18234,41,246.0,2.05,3.42555,0.77099127
cold,0,1,0,0.0001,0.1,512,3,5,4,256,6000,8.0,2633729,4,4,9977,4104,900018,3,234,18234,42,252.0,2.1,3.5091,0.77535242
cold,0,1,0,0.0001,0.1,512,3,5,4,256,6000,8.0,2633729,4,4,9977,4104,900018,3,234,18234,43,258.0,2.15,3.59265,0.78084606
cold,0,1,0,0.0001,0.1,512,3,5,4,256,6000,8.0,2633729,4,4,9977,4104,900018,3,234,18234,44,264.0,2.2,3.6762,0.78843117
cold,0,1,0,0.0001,0.1,512,3,5,4,256,6000,8.0,2633729,4,4,9977,4104,900018,3,234,18234,45,270.0,2.25,3.75975,0.79702091
cold,0,1,0,0.0001,0.1,512,3,5,4,256,6000,8.0,2633729,4,4,9977,4104,900018,3,234,18234,46,276.0,2.3,3.8433,0.80557024
cold,0,1,0,0.0001,0.1,512,3,5,4,256,6000,8.0,2633729,4,4,9977,4104,900018,3,234,18234,47,282.0,2.35,3.92685,0.81502122
cold,0,1,0,0.0001,0.1,512,3,5,4,256,6000,8.0,2633729,4,4,9977,4104,900018,3,234,18234,48,288.0,2.4,4.0104,0.82658082
cold,0,1,0,0.0001,0.1,512,3,5,4,256,6000,8.0,2633729,4,4,9977,4104,900018,3,234,18234,49,294.0,2.45,4.09395,0.84057379
cold,0,1,0,0.0001,0.1,512,3,5,4,256,6000,8.0,2633729,4,4,9977,4104,900018,3,234,18234,50,300.0,2.5,4.1775,0.8561964
cold,0,1,0,0.0001,0.1,512,3,5,4,256,6000,8.0,2633729,4,4,9977,4104,900018,3,234,18234,51,306.0,2.55,4.26105,0.87016225
cold,0,1,0,0.0001,0.1,512,3,5,4,256,6000,8.0,2633729,4,4,9977,4104,900018,3,234,18234,52,312.0,2.6,4.3446,0.88005203
cold,0,1,0,0.0001,0.1,512,3,5,4,256,6000,8.0,2633729,4,4,9977,4104,900018,3,234,18234,53,318.0,2.65,4.42815,0.88570321
cold,0,1,0,0.0001,0.1,512,3,5,4,256,6000,8.0,2633729,4,4,9977,4104,900018,3,234,18234,54,324.0,2.7,4.5117,0.88812149
cold,0,1,0,0.0001,0.1,512,3,5,4,256,6000,8.0,2633729,4,4,9977,4104,900018,3,234,18234,55,330.0,2.75,4.59525,0.88983929
cold,0,1,0,0.0001,0.1,512,3,5,4,256,6000,8.0,2633729,4,4,9977,4104,900018,3,234,18234,56,336.0,2.8,4.6788,0.89219999
cold,0,1,0,0.0001,0.1,512,3,5,4,256,6000,8.0,2633729,4,4,9977,4104,900018,3,234,18234,57,342.0,2.85,4.76235,0.89380538
cold,0,1,0,0.0001,0.1,512,3,5,4,256,6000,8.0,2633729,4,4,9977,4104,900018,3,234,18234,58,348.0,2.9,4.8459,0.8946479
cold,0,1,0,0.0001,0.1,512,3,5,4,256,6000,8.0,2633729,4,4,9977,4104,900018,3,234,18234,59,354.0,2.95,4.92945,0.89742857
cold,0,1,0,0.0001,0.1,512,3,5,4,256,6000,8.0,2633729,4,4,9977,4104,900018,3,234,18234,60,360.0,3.0,5.013,0.90283841
cold,0,1,0,0.0001,0.1,512,3,5,4,256,6000,8.0,2633729,4,4,9977,4104,900018,3,234,18234,61,366.0,3.05,5.09655,0.90905434
cold,0,1,0,0.0001,0.1,512,3,5,4,256,6000,8.0,2633729,4,4,9977,4104,900018,3,234,18234,62,372.0,3.1,5.1801,0.91440248
cold,0,1,0,0.0001,0.1,512,3,5,4,256,6000,8.0,2633729,4,4,9977,4104,900018,3,234,18234,63,378.0,3.15,5.26365,0.91828072
cold,0,1,0,0.0001,0.1,512,3,5,4,256,6000,8.0,2633729,4,4,9977,4104,900018,3,234,18234,64,384.0,3.2,5.3472,0.92155826
cold,0,1,0,0.0001,0.1,512,3,5,4,256,6000,8.0,2633729,4,4,9977,4104,900018,3,234,18234,65,390.0,3.25,5.43075,0.92391902
cold,0,1,0,0.0001,0.1,512,3,5,4,256,6000,8.0,2633729,4,4,9977,4104,900018,3,234,18234,66,396.0,3.3,5.5143,0.92361337
cold,0,1,0,0.0001,0.1,512,3,5,4,256,6000,8.0,2633729,4,4,9977,4104,900018,3,234,18234,67,402.0,3.35,5.59785,0.92076939
cold,0,1,0,0.0001,0.1,512,3,5,4,256,6000,8.0,2633729,4,4,9977,4104,900018,3,234,18234,68,408.0,3.4,5.6814,0.91768384
cold,0,1,0,0.0001,0.1,512,3,5,4,256,6000,8.0,2633729,4,4,9977,4104,900018,3,234,18234,69,414.0,3.45,5.76495,0.91687912
cold,0,1,0,0.0001,0.1,512,3,5,4,256,6000,8.0,2633729,4,4,9977,4104,900018,3,234,18234,70,420.0,3.5,5.8485,0.9190616
cold,0,1,0,0.0001,0.1,512,3,5,4,256,6000,8.0,2633729,4,4,9977,4104,900018,3,234,18234,71,426.0,3.55,5.93205,0.9226563
cold,0,1,0,0.0001,0.1,512,3,5,4,256,6000,8.0,2633729,4,4,9977,4104,900018,3,234,18234,72,432.0,3.6,6.0156,0.92535418
cold,0,1,0,0.0001,0.1,512,3,5,4,256,6000,8.0,2633729,4,4,9977,4104,900018,3,234,18234,73,438.0,3.65,6.09915,0.92618585
cold,0,1,0,0.0001,0.1,512,3,5,4,256,6000,8.0,2633729,4,4,9977,4104,900018,3,234,18234,74,444.0,3.7,6.1827,0.92683554
cold,0,1,0,0.0001,0.1,512,3,5,4,256,6000,8.0,2633729,4,4,9977,4104,900018,3,234,18234,75,450.0,3.75,6.26625,0.93020141
cold,0,1,0,0.0001,0.1,512,3,5,4,256,6000,8.0,2633729,4,4,9977,4104,900018,3,234,18234,76,456.0,3.8,6.3498,0.93605131
cold,0,1,0,0.0001,0.1,512,3,5,4,256,6000,8.0,2633729,4,4,9977,4104,900018,3,234,18234,77,462.0,3.85,6.43335,0.94167
cold,0,1,0,0.0001,0.1,512,3,5,4,256,6000,8.0,2633729,4,4,9977,4104,900018,3,234,18234,78,468.0,3.9,6.5169,0.94547129
cold,0,1,0,0.0001,0.1,512,3,5,4,256,6000,8.0,2633729,4,4,9977,4104,900018,3,234,18234,79,474.0,3.95,6.60045,0.94693863
cold,0,1,0,0.0001,0.1,512,3,5,4,256,6000,8.0,2633729,4,4,9977,4104,900018,3,234,18234,80,480.0,4.0,6.684,0.94575155
cold,0,1,0,0.0001,0.1,512,3,5,4,256,6000,8.0,2633729,4,4,9977,4104,900018,3,234,18234,81,486.0,4.05,6.76755,0.9426471
cold,0,1,0,0.0001,0.1,512,3,5,4,256,6000,8.0,2633729,4,4,9977,4104,900018,3,234,18234,82,492.0,4.1,6.8511,0.93984753
cold,0,1,0,0.0001,0.1,512,3,5,4,256,6000,8.0,2633729,4,4,9977,4104,900018,3,234,18234,83,498.0,4.15,6.93465,0.93977928
cold,0,1,0,0.0001,0.1,512,3,5,4,256,6000,8.0,2633729,4,4,9977,4104,900018,3,234,18234,84,504.0,4.2,7.0182,0.94310302
cold,0,1,0,0.0001,0.1,512,3,5,4,256,6000,8.0,2633729,4,4,9977,4104,900018,3,234,18234,85,510.0,4.25,7.10175,0.94853616
cold,0,1,0,0.0001,0.1,512,3,5,4,256,6000,8.0,2633729,4,4,9977,4104,900018,3,234,18234,86,516.0,4.3,7.1853,0.95458609
cold,0,1,0,0.0001,0.1,512,3,5,4,256,6000,8.0,2633729,4,4,9977,4104,900018,3,234,18234,87,522.0,4.35,7.26885,0.96013802
cold,0,1,0,0.0001,0.1,512,3,5,4,256,6000,8.0,2633729,4,4,9977,4104,900018,3,234,18234,88,528.0,4.4,7.3524,0.96404976
cold,0,1,0,0.0001,0.1,512,3,5,4,256,6000,8.0,2633729,4,4,9977,4104,900018,3,234,18234,89,534.0,4.45,7.43595,0.96459067
cold,0,1,0,0.0001,0.1,512,3,5,4,256,6000,8.0,2633729,4,4,9977,4104,900018,3,234,18234,90,540.0,4.5,7.5195,0.96043342
cold,0,1,0,0.0001,0.1,512,3,5,4,256,6000,8.0,2633729,4,4,9977,4104,900018,3,234,18234,91,546.0,4.55,7.60305,0.95312262
cold,0,1,0,0.0001,0.1,512,3,5,4,256,6000,8.0,2633729,4,4,9977,4104,900018,3,234,18234,92,552.0,4.6,7.6866,0.94666237
cold,0,1,0,0.0001,0.1,512,3,5,4,256,6000,8.0,2633729,4,4,9977,4104,900018,3,234,18234,93,558.0,4.65,7.77015,0.94458753
cold,0,1,0,0.0001,0.1,512,3,5,4,256,6000,8.0,2633729,4,4,9977,4104,900018,3,234,18234,94,564.0,4.7,7.8537,0.9479357
cold,0,1,0,0.0001,0.1,512,3,5,4,256,6000,8.0,2633729,4,4,9977,4104,900018,3,234,18234,95,570.0,4.75,7.93725,0.95526946
cold,0,1,0,0.0001,0.1,512,3,5,4,256,6000,8.0,2633729,4,4,9977,4104,900018,3,234,18234,96,576.0,4.8,8.0208,0.96277016
cold,0,1,0,0.0001,0.1,512,3,5,4,256,6000,8.0,2633729,4,4,9977,4104,900018,3,234,18234,97,582.0,4.85,8.10435,0.96718723
cold,0,1,0,0.0001,0.1,512,3,5,4,256,6000,8.0,2633729,4,4,9977,4104,900018,3,234,18234,98,588.0,4.9,8.1879,0.96780705
cold,0,1,0,0.0001,0.1,512,3,5,4,256,6000,8.0,2633729,4,4,9977,4104,900018,3,234,18234,99,594.0,4.95,8.27145,0.96580589
cold,0,1,0,0.0001,0.1,512,3,5,4,256,6000,8.0,2633729,4,4,9977,4104,900018,3,234,18234,100,600.0,5.0,8.355,0.96378142
cold,0,1,0,0.0001,0.1,512,3,5,4,256,6000,8.0,2633729,4,4,9977,4104,900018,3,234,18234,101,606.0,5.05,8.43855,0.9632557
cold,0,1,0,0.0001,0.1,512,3,5,4,256,6000,8.0,2633729,4,4,9977,4104,900018,3,234,18234,102,612.0,5.1,8.5221,0.96313888
cold,0,1,0,0.0001,0.1,512,3,5,4,256,6000,8.0,2633729,4,4,9977,4104,900018,3,234,18234,103,618.0,5.15,8.60565,0.96225756
cold,0,1,0,0.0001,0.1,512,3,5,4,256,6000,8.0,2633729,4,4,9977,4104,900018,3,234,18234,104,624.0,5.2,8.6892,0.96162802
cold,0,1,0,0.0001,0.1,512,3,5,4,256,6000,8.0,2633729,4,4,9977,4104,900018,3,234,18234,105,630.0,5.25,8.77275,0.96259695
cold,0,1,0,0.0001,0.1,512,3,5,4,256,6000,8.0,2633729,4,4,9977,4104,900018,3,234,18234,106,636.0,5.3,8.8563,0.96576661
cold,0,1,0,0.0001,0.1,512,3,5,4,256,6000,8.0,2633729,4,4,9977,4104,900018,3,234,18234,107,642.0,5.35,8.93985,0.97045916
cold,0,1,0,0.0001,0.1,512,3,5,4,256,6000,8.0,2633729,4,4,9977,4104,900018,3,234,18234,108,648.0,5.4,9.0234,0.97477353
cold,0,1,0,0.0001,0.1,512,3,5,4,256,6000,8.0,2633729,4,4,9977,4104,900018,3,234,18234,109,654.0,5.45,9.10695,0.97706258
cold,0,1,0,0.0001,0.1,512,3,5,4,256,6000,8.0,2633729,4,4,9977,4104,900018,3,234,18234,110,660.0,5.5,9.1905,0.97620255
cold,0,1,0,0.0001,0.1,512,3,5,4,256,6000,8.0,2633729,4,4,9977,4104,900018,3,234,18234,111,666.0,5.55,9.27405,0.97302347
cold,0,1,0,0.0001,0.1,512,3,5,4,256,6000,8.0,2633729,4,4,9977,4104,900018,3,234,18234,112,672.0,5.6,9.3576,0.97038692
cold,0,1,0,0.0001,0.1,512,3,5,4,256,6000,8.0,2633729,4,4,9977,4104,900018,3,234,18234,113,678.0,5.65,9.44115,0.96992868
cold,0,1,0,0.0001,0.1,512,3,5,4,256,6000,8.0,2633729,4,4,9977,4104,900018,3,234,18234,114,684.0,5.7,9.5247,0.97161824
cold,0,1,0,0.0001,0.1,512,3,5,4,256,6000,8.0,2633729,4,4,9977,4104,900018,3,234,18234,115,690.0,5.75,9.60825,0.97405905
cold,0,1,0,0.0001,0.1,512,3,5,4,256,6000,8.0,2633729,4,4,9977,4104,900018,3,234,18234,116,696.0,5.8,9.6918,0.97505337
cold,0,1,0,0.0001,0.1,512,3,5,4,256,6000,8.0,2633729,4,4,9977,4104,900018,3,234,18234,117,702.0,5.85,9.77535,0.97400075
cold,0,1,0,0.0001,0.1,512,3,5,4,256,6000,8.0,2633729,4,4,9977,4104,900018,3,234,18234,118,708.0,5.9,9.8589,0.97279567
cold,0,1,0,0.0001,0.1,512,3,5,4,256,6000,8.0,2633729,4,4,9977,4104,900018,3,234,18234,119,714.0,5.95,9.94245,0.97351521
cold,0,1,0,0.0001,0.1,512,3,5,4,256,6000,8.0,2633729,4,4,9977,4104,900018,3,234,18234,120,720.0,6.0,10.026,0.97612393
cold,0,1,0,0.0001,0.1,512,3,5,4,256,6000,8.0,2633729,4,4,9977,4104,900018,3,1023,19023,1,6.0,0.05,0.08355,0.03998002
cold,0,1,0,0.0001,0.1,512,3,5,4,256,6000,8.0,2633729,4,4,9977,4104,900018,3,1023,19023,2,12.0,0.1,0.1671,0.04658306
cold,0,1,0,0.0001,0.1,512,3,5,4,256,6000,8.0,2633729,4,4,9977,4104,900018,3,1023,19023,3,18.0,0.15,0.25065,0.05448385
cold,0,1,0,0.0001,0.1,512,3,5,4,256,6000,8.0,2633729,4,4,9977,4104,900018,3,1023,19023,4,24.0,0.2,0.3342,0.06297858
cold,0,1,0,0.0001,0.1,512,3,5,4,256,6000,8.0,2633729,4,4,9977,4104,900018,3,1023,19023,5,30.0,0.25,0.41775,0.07135604
cold,0,1,0,0.0001,0.1,512,3,5,4,256,6000,8.0,2633729,4,4,9977,4104,900018,3,1023,19023,6,36.0,0.3,0.5013,0.08157162
cold,0,1,0,0.0001,0.1,512,3,5,4,256,6000,8.0,2633729,4,4,9977,4104,900018,3,1023,19023,7,42.0,0.35,0.58485,0.09257055
cold,0,1,0,0.0001,0.1,512,3,5,4,256,6000,8.0,2633729,4,4,9977,4104,900018,3,1023,19023,8,48.0,0.4,0.6684,0.1047101
cold,0,1,0,0.0001,0.1,512,3,5,4,256,6000,8.0,2633729,4,4,9977,4104,900018,3,1023,19023,9,54.0,0.45,0.75195,0.11715002
cold,0,1,0,0.0001,0.1,512,3,5,4,256,6000,8.0,2633729,4,4,9977,4104,900018,3,1023,19023,10,60.0,0.5,0.8355,0.129062
cold,0,1,0,0.0001,0.1,512,3,5,4,256,6000,8.0,2633729,4,4,9977,4104,900018,3,1023,19023,11,66.0,0.55,0.91905,0.14117871
cold,0,1,0,0.0001,0.1,512,3,5,4,256,6000,8.0,2633729,4,4,9977,4104,900018,3,1023,19023,12,72.0,0.6,1.0026,0.15524296
cold,0,1,0,0.0001,0.1,512,3,5,4,256,6000,8.0,2633729,4,4,9977,4104,900018,3,1023,19023,13,78.0,0.65,1.08615,0.1717207
cold,0,1,0,0.0001,0.1,512,3,5,4,256,6000,8.0,2633729,4,4,9977,4104,900018,3,1023,19023,14,84.0,0.7,1.1697,0.19020595
cold,0,1,0,0.0001,0.1,512,3,5,4,256,6000,8.0,2633729,4,4,9977,4104,900018,3,1023,19023,15,90.0,0.75,1.25325,0.21030916
cold,0,1,0,0.0001,0.1,512,3,5,4,256,6000,8.0,2633729,4,4,9977,4104,900018,3,1023,19023,16,96.0,0.8,1.3368,0.23181966
cold,0,1,0,0.0001,0.1,512,3,5,4,256,6000,8.0,2633729,4,4,9977,4104,900018,3,1023,19023,17,102.0,0.85,1.42035,0.25443795
cold,0,1,0,0.0001,0.1,512,3,5,4,256,6000,8.0,2633729,4,4,9977,4104,900018,3,1023,19023,18,108.0,0.9,1.5039,0.27791327
cold,0,1,0,0.0001,0.1,512,3,5,4,256,6000,8.0,2633729,4,4,9977,4104,900018,3,1023,19023,19,114.0,0.95,1.58745,0.30172929
cold,0,1,0,0.0001,0.1,512,3,5,4,256,6000,8.0,2633729,4,4,9977,4104,900018,3,1023,19023,20,120.0,1.0,1.671,0.32493952
cold,0,1,0,0.0001,0.1,512,3,5,4,256,6000,8.0,2633729,4,4,9977,4104,900018,3,1023,19023,21,126.0,1.05,1.75455,0.34710497
cold,0,1,0,0.0001,0.1,512,3,5,4,256,6000,8.0,2633729,4,4,9977,4104,900018,3,1023,19023,22,132.0,1.1,1.8381,0.36912888
cold,0,1,0,0.0001,0.1,512,3,5,4,256,6000,8.0,2633729,4,4,9977,4104,900018,3,1023,19023,23,138.0,1.15,1.92165,0.39267731
cold,0,1,0,0.0001,0.1,512,3,5,4,256,6000,8.0,2633729,4,4,9977,4104,900018,3,1023,19023,24,144.0,1.2,2.0052,0.41727972
cold,0,1,0,0.0001,0.1,512,3,5,4,256,6000,8.0,2633729,4,4,9977,4104,900018,3,1023,19023,25,150.0,1.25,2.08875,0.44044828
cold,0,1,0,0.0001,0.1,512,3,5,4,256,6000,8.0,2633729,4,4,9977,4104,900018,3,1023,19023,26,156.0,1.3,2.1723,0.46016464
cold,0,1,0,0.0001,0.1,512,3,5,4,256,6000,8.0,2633729,4,4,9977,4104,900018,3,1023,19023,27,162.0,1.35,2.25585,0.47707421
cold,0,1,0,0.0001,0.1,512,3,5,4,256,6000,8.0,2633729,4,4,9977,4104,900018,3,1023,19023,28,168.0,1.4,2.3394,0.49373475
cold,0,1,0,0.0001,0.1,512,3,5,4,256,6000,8.0,2633729,4,4,9977,4104,900018,3,1023,19023,29,174.0,1.45,2.42295,0.51262885
cold,0,1,0,0.0001,0.1,512,3,5,4,256,6000,8.0,2633729,4,4,9977,4104,900018,3,1023,19023,30,180.0,1.5,2.5065,0.53432828
cold,0,1,0,0.0001,0.1,512,3,5,4,256,6000,8.0,2633729,4,4,9977,4104,900018,3,1023,19023,31,186.0,1.55,2.59005,0.55598348
cold,0,1,0,0.0001,0.1,512,3,5,4,256,6000,8.0,2633729,4,4,9977,4104,900018,3,1023,19023,32,192.0,1.6,2.6736,0.57599062
cold,0,1,0,0.0001,0.1,512,3,5,4,256,6000,8.0,2633729,4,4,9977,4104,900018,3,1023,19023,33,198.0,1.65,2.75715,0.59693009
cold,0,1,0,0.0001,0.1,512,3,5,4,256,6000,8.0,2633729,4,4,9977,4104,900018,3,1023,19023,34,204.0,1.7,2.8407,0.62021106
cold,0,1,0,0.0001,0.1,512,3,5,4,256,6000,8.0,2633729,4,4,9977,4104,900018,3,1023,19023,35,210.0,1.75,2.92425,0.6433121
cold,0,1,0,0.0001,0.1,512,3,5,4,256,6000,8.0,2633729,4,4,9977,4104,900018,3,1023,19023,36,216.0,1.8,3.0078,0.66381252
cold,0,1,0,0.0001,0.1,512,3,5,4,256,6000,8.0,2633729,4,4,9977,4104,900018,3,1023,19023,37,222.0,1.85,3.09135,0.68168056
cold,0,1,0,0.0001,0.1,512,3,5,4,256,6000,8.0,2633729,4,4,9977,4104,900018,3,1023,19023,38,228.0,1.9,3.1749,0.69802785
cold,0,1,0,0.0001,0.1,512,3,5,4,256,6000,8.0,2633729,4,4,9977,4104,900018,3,1023,19023,39,234.0,1.95,3.25845,0.71295899
cold,0,1,0,0.0001,0.1,512,3,5,4,256,6000,8.0,2633729,4,4,9977,4104,900018,3,1023,19023,40,240.0,2.0,3.342,0.72583354
cold,0,1,0,0.0001,0.1,512,3,5,4,256,6000,8.0,2633729,4,4,9977,4104,900018,3,1023,19023,41,246.0,2.05,3.42555,0.73669022
cold,0,1,0,0.0001,0.1,512,3,5,4,256,6000,8.0,2633729,4,4,9977,4104,900018,3,1023,19023,42,252.0,2.1,3.5091,0.74730951
cold,0,1,0,0.0001,0.1,512,3,5,4,256,6000,8.0,2633729,4,4,9977,4104,900018,3,1023,19023,43,258.0,2.15,3.59265,0.75901961
cold,0,1,0,0.0001,0.1,512,3,5,4,256,6000,8.0,2633729,4,4,9977,4104,900018,3,1023,19023,44,264.0,2.2,3.6762,0.77147084
cold,0,1,0,0.0001,0.1,512,3,5,4,256,6000,8.0,2633729,4,4,9977,4104,900018,3,1023,19023,45,270.0,2.25,3.75975,0.78325874
cold,0,1,0,0.0001,0.1,512,3,5,4,256,6000,8.0,2633729,4,4,9977,4104,900018,3,1023,19023,46,276.0,2.3,3.8433,0.79328221
cold,0,1,0,0.0001,0.1,512,3,5,4,256,6000,8.0,2633729,4,4,9977,4104,900018,3,1023,19023,47,282.0,2.35,3.92685,0.80151671
cold,0,1,0,0.0001,0.1,512,3,5,4,256,6000,8.0,2633729,4,4,9977,4104,900018,3,1023,19023,48,288.0,2.4,4.0104,0.8089124
cold,0,1,0,0.0001,0.1,512,3,5,4,256,6000,8.0,2633729,4,4,9977,4104,900018,3,1023,19023,49,294.0,2.45,4.09395,0.81608558
cold,0,1,0,0.0001,0.1,512,3,5,4,256,6000,8.0,2633729,4,4,9977,4104,900018,3,1023,19023,50,300.0,2.5,4.1775,0.82228458
cold,0,1,0,0.0001,0.1,512,3,5,4,256,6000,8.0,2633729,4,4,9977,4104,900018,3,1023,19023,51,306.0,2.55,4.26105,0.82678843
cold,0,1,0,0.0001,0.1,512,3,5,4,256,6000,8.0,2633729,4,4,9977,4104,900018,3,1023,19023,52,312.0,2.6,4.3446,0.83032197
cold,0,1,0,0.0001,0.1,512,3,5,4,256,6000,8.0,2633729,4,4,9977,4104,900018,3,1023,19023,53,318.0,2.65,4.42815,0.83535922
cold,0,1,0,0.0001,0.1,512,3,5,4,256,6000,8.0,2633729,4,4,9977,4104,900018,3,1023,19023,54,324.0,2.7,4.5117,0.84418792
cold,0,1,0,0.0001,0.1,512,3,5,4,256,6000,8.0,2633729,4,4,9977,4104,900018,3,1023,19023,55,330.0,2.75,4.59525,0.85595983
cold,0,1,0,0.0001,0.1,512,3,5,4,256,6000,8.0,2633729,4,4,9977,4104,900018,3,1023,19023,56,336.0,2.8,4.6788,0.86865771
cold,0,1,0,0.0001,0.1,512,3,5,4,256,6000,8.0,2633729,4,4,9977,4104,900018,3,1023,19023,57,342.0,2.85,4.76235,0.88075179
cold,0,1,0,0.0001,0.1,512,3,5,4,256,6000,8.0,2633729,4,4,9977,4104,900018,3,1023,19023,58,348.0,2.9,4.8459,0.89179373
cold,0,1,0,0.0001,0.1,512,3,5,4,256,6000,8.0,2633729,4,4,9977,4104,900018,3,1023,19023,59,354.0,2.95,4.92945,0.90146536
cold,0,1,0,0.0001,0.1,512,3,5,4,256,6000,8.0,2633729,4,4,9977,4104,900018,3,1023,19023,60,360.0,3.0,5.013,0.90826446
cold,0,1,0,0.0001,0.1,512,3,5,4,256,6000,8.0,2633729,4,4,9977,4104,900018,3,1023,19023,61,366.0,3.05,5.09655,0.91187012
cold,0,1,0,0.0001,0.1,512,3,5,4,256,6000,8.0,2633729,4,4,9977,4104,900018,3,1023,19023,62,372.0,3.1,5.1801,0.91472208
cold,0,1,0,0.0001,0.1,512,3,5,4,256,6000,8.0,2633729,4,4,9977,4104,900018,3,1023,19023,63,378.0,3.15,5.26365,0.92049098
cold,0,1,0,0.0001,0.1,512,3,5,4,256,6000,8.0,2633729,4,4,9977,4104,900018,3,1023,19023,64,384.0,3.2,5.3472,0.92916358
cold,0,1,0,0.0001,0.1,512,3,5,4,256,6000,8.0,2633729,4,4,9977,4104,900018,3,1023,19023,65,390.0,3.25,5.43075,0.93602473
cold,0,1,0,0.0001,0.1,512,3,5,4,256,6000,8.0,2633729,4,4,9977,4104,900018,3,1023,19023,66,396.0,3.3,5.5143,0.93784231
cold,0,1,0,0.0001,0.1,512,3,5,4,256,6000,8.0,2633729,4,4,9977,4104,900018,3,1023,19023,67,402.0,3.35,5.59785,0.93721139
cold,0,1,0,0.0001,0.1,512,3,5,4,256,6000,8.0,2633729,4,4,9977,4104,900018,3,1023,19023,68,408.0,3.4,5.6814,0.93777812
cold,0,1,0,0.0001,0.1,512,3,5,4,256,6000,8.0,2633729,4,4,9977,4104,900018,3,1023,19023,69,414.0,3.45,5.76495,0.93977761
cold,0,1,0,0.0001,0.1,512,3,5,4,256,6000,8.0,2633729,4,4,9977,4104,900018,3,1023,19023,70,420.0,3.5,5.8485,0.94135809
cold,0,1,0,0.0001,0.1,512,3,5,4,256,6000,8.0,2633729,4,4,9977,4104,900018,3,1023,19023,71,426.0,3.55,5.93205,0.9413417
cold,0,1,0,0.0001,0.1,512,3,5,4,256,6000,8.0,2633729,4,4,9977,4104,900018,3,1023,19023,72,432.0,3.6,6.0156,0.94048715
cold,0,1,0,0.0001,0.1,512,3,5,4,256,6000,8.0,2633729,4,4,9977,4104,900018,3,1023,19023,73,438.0,3.65,6.09915,0.9408949
cold,0,1,0,0.0001,0.1,512,3,5,4,256,6000,8.0,2633729,4,4,9977,4104,900018,3,1023,19023,74,444.0,3.7,6.1827,0.94460088
cold,0,1,0,0.0001,0.1,512,3,5,4,256,6000,8.0,2633729,4,4,9977,4104,900018,3,1023,19023,75,450.0,3.75,6.26625,0.95043188
cold,0,1,0,0.0001,0.1,512,3,5,4,256,6000,8.0,2633729,4,4,9977,4104,900018,3,1023,19023,76,456.0,3.8,6.3498,0.95530611
cold,0,1,0,0.0001,0.1,512,3,5,4,256,6000,8.0,2633729,4,4,9977,4104,900018,3,1023,19023,77,462.0,3.85,6.43335,0.95872563
cold,0,1,0,0.0001,0.1,512,3,5,4,256,6000,8.0,2633729,4,4,9977,4104,900018,3,1023,19023,78,468.0,3.9,6.5169,0.9622398
cold,0,1,0,0.0001,0.1,512,3,5,4,256,6000,8.0,2633729,4,4,9977,4104,900018,3,1023,19023,79,474.0,3.95,6.60045,0.96518731
cold,0,1,0,0.0001,0.1,512,3,5,4,256,6000,8.0,2633729,4,4,9977,4104,900018,3,1023,19023,80,480.0,4.0,6.684,0.96602386
cold,0,1,0,0.0001,0.1,512,3,5,4,256,6000,8.0,2633729,4,4,9977,4104,900018,3,1023,19023,81,486.0,4.05,6.76755,0.96457934
cold,0,1,0,0.0001,0.1,512,3,5,4,256,6000,8.0,2633729,4,4,9977,4104,900018,3,1023,19023,82,492.0,4.1,6.8511,0.96142226
cold,0,1,0,0.0001,0.1,512,3,5,4,256,6000,8.0,2633729,4,4,9977,4104,900018,3,1023,19023,83,498.0,4.15,6.93465,0.95792174
cold,0,1,0,0.0001,0.1,512,3,5,4,256,6000,8.0,2633729,4,4,9977,4104,900018,3,1023,19023,84,504.0,4.2,7.0182,0.95671636
cold,0,1,0,0.0001,0.1,512,3,5,4,256,6000,8.0,2633729,4,4,9977,4104,900018,3,1023,19023,85,510.0,4.25,7.10175,0.9591611
cold,0,1,0,0.0001,0.1,512,3,5,4,256,6000,8.0,2633729,4,4,9977,4104,900018,3,1023,19023,86,516.0,4.3,7.1853,0.96370751
cold,0,1,0,0.0001,0.1,512,3,5,4,256,6000,8.0,2633729,4,4,9977,4104,900018,3,1023,19023,87,522.0,4.35,7.26885,0.9683488
cold,0,1,0,0.0001,0.1,512,3,5,4,256,6000,8.0,2633729,4,4,9977,4104,900018,3,1023,19023,88,528.0,4.4,7.3524,0.97266775
cold,0,1,0,0.0001,0.1,512,3,5,4,256,6000,8.0,2633729,4,4,9977,4104,900018,3,1023,19023,89,534.0,4.45,7.43595,0.97703785
cold,0,1,0,0.0001,0.1,512,3,5,4,256,6000,8.0,2633729,4,4,9977,4104,900018,3,1023,19023,90,540.0,4.5,7.5195,0.98081887
cold,0,1,0,0.0001,0.1,512,3,5,4,256,6000,8.0,2633729,4,4,9977,4104,900018,3,1023,19023,91,546.0,4.55,7.60305,0.98320848
cold,0,1,0,0.0001,0.1,512,3,5,4,256,6000,8.0,2633729,4,4,9977,4104,900018,3,1023,19023,92,552.0,4.6,7.6866,0.98483801
cold,0,1,0,0.0001,0.1,512,3,5,4,256,6000,8.0,2633729,4,4,9977,4104,900018,3,1023,19023,93,558.0,4.65,7.77015,0.98684573
cold,0,1,0,0.0001,0.1,512,3,5,4,256,6000,8.0,2633729,4,4,9977,4104,900018,3,1023,19023,94,564.0,4.7,7.8537,0.99015623
cold,0,1,0,0.0001,0.1,512,3,5,4,256,6000,8.0,2633729,4,4,9977,4104,900018,3,1023,19023,95,570.0,4.75,7.93725,0.99468559
cold,0,1,0,0.0001,0.1,512,3,5,4,256,6000,8.0,2633729,4,4,9977,4104,900018,3,1023,19023,96,576.0,4.8,8.0208,1.00022471
cold,0,1,0,0.0001,0.1,512,3,5,4,256,6000,8.0,2633729,4,4,9977,4104,900018,3,1023,19023,97,582.0,4.85,8.10435,1.00629699
cold,0,1,0,0.0001,0.1,512,3,5,4,256,6000,8.0,2633729,4,4,9977,4104,900018,3,1023,19023,98,588.0,4.9,8.1879,1.01106846
cold,0,1,0,0.0001,0.1,512,3,5,4,256,6000,8.0,2633729,4,4,9977,4104,900018,3,1023,19023,99,594.0,4.95,8.27145,1.01259744
cold,0,1,0,0.0001,0.1,512,3,5,4,256,6000,8.0,2633729,4,4,9977,4104,900018,3,1023,19023,100,600.0,5.0,8.355,1.01028693
cold,0,1,0,0.0001,0.1,512,3,5,4,256,6000,8.0,2633729,4,4,9977,4104,900018,3,1023,19023,101,606.0,5.05,8.43855,1.0052526
cold,0,1,0,0.0001,0.1,512,3,5,4,256,6000,8.0,2633729,4,4,9977,4104,900018,3,1023,19023,102,612.0,5.1,8.5221,0.99976957
cold,0,1,0,0.0001,0.1,512,3,5,4,256,6000,8.0,2633729,4,4,9977,4104,900018,3,1023,19023,103,618.0,5.15,8.60565,0.99679738
cold,0,1,0,0.0001,0.1,512,3,5,4,256,6000,8.0,2633729,4,4,9977,4104,900018,3,1023,19023,104,624.0,5.2,8.6892,0.99796778
cold,0,1,0,0.0001,0.1,512,3,5,4,256,6000,8.0,2633729,4,4,9977,4104,900018,3,1023,19023,105,630.0,5.25,8.77275,1.00294602
cold,0,1,0,0.0001,0.1,512,3,5,4,256,6000,8.0,2633729,4,4,9977,4104,900018,3,1023,19023,106,636.0,5.3,8.8563,1.00866723
cold,0,1,0,0.0001,0.1,512,3,5,4,256,6000,8.0,2633729,4,4,9977,4104,900018,3,1023,19023,107,642.0,5.35,8.93985,1.01089847
cold,0,1,0,0.0001,0.1,512,3,5,4,256,6000,8.0,2633729,4,4,9977,4104,900018,3,1023,19023,108,648.0,5.4,9.0234,1.00917995
cold,0,1,0,0.0001,0.1,512,3,5,4,256,6000,8.0,2633729,4,4,9977,4104,900018,3,1023,19023,109,654.0,5.45,9.10695,1.00587428
cold,0,1,0,0.0001,0.1,512,3,5,4,256,6000,8.0,2633729,4,4,9977,4104,900018,3,1023,19023,110,660.0,5.5,9.1905,1.00215995
cold,0,1,0,0.0001,0.1,512,3,5,4,256,6000,8.0,2633729,4,4,9977,4104,900018,3,1023,19023,111,666.0,5.55,9.27405,0.99821252
cold,0,1,0,0.0001,0.1,512,3,5,4,256,6000,8.0,2633729,4,4,9977,4104,900018,3,1023,19023,112,672.0,5.6,9.3576,0.9952808
cold,0,1,0,0.0001,0.1,512,3,5,4,256,6000,8.0,2633729,4,4,9977,4104,900018,3,1023,19023,113,678.0,5.65,9.44115,0.994941
cold,0,1,0,0.0001,0.1,512,3,5,4,256,6000,8.0,2633729,4,4,9977,4104,900018,3,1023,19023,114,684.0,5.7,9.5247,0.99659777
cold,0,1,0,0.0001,0.1,512,3,5,4,256,6000,8.0,2633729,4,4,9977,4104,900018,3,1023,19023,115,690.0,5.75,9.60825,0.99765968
cold,0,1,0,0.0001,0.1,512,3,5,4,256,6000,8.0,2633729,4,4,9977,4104,900018,3,1023,19023,116,696.0,5.8,9.6918,0.9972958
cold,0,1,0,0.0001,0.1,512,3,5,4,256,6000,8.0,2633729,4,4,9977,4104,900018,3,1023,19023,117,702.0,5.85,9.77535,0.99673444
cold,0,1,0,0.0001,0.1,512,3,5,4,256,6000,8.0,2633729,4,4,9977,4104,900018,3,1023,19023,118,708.0,5.9,9.8589,0.99735385
cold,0,1,0,0.0001,0.1,512,3,5,4,256,6000,8.0,2633729,4,4,9977,4104,900018,3,1023,19023,119,714.0,5.95,9.94245,0.99978268
cold,0,1,0,0.0001,0.1,512,3,5,4,256,6000,8.0,2633729,4,4,9977,4104,900018,3,1023,19023,120,720.0,6.0,10.026,1.00381005
cold,0,1,0,0.0001,0.1,512,3,5,4,256,6000,8.0,2633729,4,4,9977,4104,900018,3,4468,22468,1,6.0,0.05,0.08355,0.03756323
cold,0,1,0,0.0001,0.1,512,3,5,4,256,6000,8.0,2633729,4,4,9977,4104,900018,3,4468,22468,2,12.0,0.1,0.1671,0.04419995
cold,0,1,0,0.0001,0.1,512,3,5,4,256,6000,8.0,2633729,4,4,9977,4104,900018,3,4468,22468,3,18.0,0.15,0.25065,0.05124349
cold,0,1,0,0.0001,0.1,512,3,5,4,256,6000,8.0,2633729,4,4,9977,4104,900018,3,4468,22468,4,24.0,0.2,0.3342,0.05801614
cold,0,1,0,0.0001,0.1,512,3,5,4,256,6000,8.0,2633729,4,4,9977,4104,900018,3,4468,22468,5,30.0,0.25,0.41775,0.06411027
cold,0,1,0,0.0001,0.1,512,3,5,4,256,6000,8.0,2633729,4,4,9977,4104,900018,3,4468,22468,6,36.0,0.3,0.5013,0.07248189
cold,0,1,0,0.0001,0.1,512,3,5,4,256,6000,8.0,2633729,4,4,9977,4104,900018,3,4468,22468,7,42.0,0.35,0.58485,0.08099839
cold,0,1,0,0.0001,0.1,512,3,5,4,256,6000,8.0,2633729,4,4,9977,4104,900018,3,4468,22468,8,48.0,0.4,0.6684,0.09002215
cold,0,1,0,0.0001,0.1,512,3,5,4,256,6000,8.0,2633729,4,4,9977,4104,900018,3,4468,22468,9,54.0,0.45,0.75195,0.09956159
cold,0,1,0,0.0001,0.1,512,3,5,4,256,6000,8.0,2633729,4,4,9977,4104,900018,3,4468,22468,10,60.0,0.5,0.8355,0.10963816
cold,0,1,0,0.0001,0.1,512,3,5,4,256,6000,8.0,2633729,4,4,9977,4104,900018,3,4468,22468,11,66.0,0.55,0.91905,0.12092031
cold,0,1,0,0.0001,0.1,512,3,5,4,256,6000,8.0,2633729,4,4,9977,4104,900018,3,4468,22468,12,72.0,0.6,1.0026,0.1342701
cold,0,1,0,0.0001,0.1,512,3,5,4,256,6000,8.0,2633729,4,4,9977,4104,900018,3,4468,22468,13,78.0,0.65,1.08615,0.149446
cold,0,1,0,0.0001,0.1,512,3,5,4,256,6000,8.0,2633729,4,4,9977,4104,900018,3,4468,22468,14,84.0,0.7,1.1697,0.16584428
cold,0,1,0,0.0001,0.1,512,3,5,4,256,6000,8.0,2633729,4,4,9977,4104,900018,3,4468,22468,15,90.0,0.75,1.25325,0.18289904
cold,0,1,0,0.0001,0.1,512,3,5,4,256,6000,8.0,2633729,4,4,9977,4104,900018,3,4468,22468,16,96.0,0.8,1.3368,0.20044194
cold,0,1,0,0.0001,0.1,512,3,5,4,256,6000,8.0,2633729,4,4,9977,4104,900018,3,4468,22468,17,102.0,0.85,1.42035,0.21899994
cold,0,1,0,0.0001,0.1,512,3,5,4,256,6000,8.0,2633729,4,4,9977,4104,900018,3,4468,22468,18,108.0,0.9,1.5039,0.23920307
cold,0,1,0,0.0001,0.1,512,3,5,4,256,6000,8.0,2633729,4,4,9977,4104,900018,3,4468,22468,19,114.0,0.95,1.58745,0.26104099
cold,0,1,0,0.0001,0.1,512,3,5,4,256,6000,8.0,2633729,4,4,9977,4104,900018,3,4468,22468,20,120.0,1.0,1.671,0.28365153
cold,0,1,0,0.0001,0.1,512,3,5,4,256,6000,8.0,2633729,4,4,9977,4104,900018,3,4468,22468,21,126.0,1.05,1.75455,0.30590707
cold,0,1,0,0.0001,0.1,512,3,5,4,256,6000,8.0,2633729,4,4,9977,4104,900018,3,4468,22468,22,132.0,1.1,1.8381,0.32735404
cold,0,1,0,0.0001,0.1,512,3,5,4,256,6000,8.0,2633729,4,4,9977,4104,900018,3,4468,22468,23,138.0,1.15,1.92165,0.34781361
cold,0,1,0,0.0001,0.1,512,3,5,4,256,6000,8.0,2633729,4,4,9977,4104,900018,3,4468,22468,24,144.0,1.2,2.0052,0.36730054
cold,0,1,0,0.0001,0.1,512,3,5,4,256,6000,8.0,2633729,4,4,9977,4104,900018,3,4468,22468,25,150.0,1.25,2.08875,0.38591576
cold,0,1,0,0.0001,0.1,512,3,5,4,256,6000,8.0,2633729,4,4,9977,4104,900018,3,4468,22468,26,156.0,1.3,2.1723,0.40389004
cold,0,1,0,0.0001,0.1,512,3,5,4,256,6000,8.0,2633729,4,4,9977,4104,900018,3,4468,22468,27,162.0,1.35,2.25585,0.4222064
cold,0,1,0,0.0001,0.1,512,3,5,4,256,6000,8.0,2633729,4,4,9977,4104,900018,3,4468,22468,28,168.0,1.4,2.3394,0.44183895
cold,0,1,0,0.0001,0.1,512,3,5,4,256,6000,8.0,2633729,4,4,9977,4104,900018,3,4468,22468,29,174.0,1.45,2.42295,0.46285582
cold,0,1,0,0.0001,0.1,512,3,5,4,256,6000,8.0,2633729,4,4,9977,4104,900018,3,4468,22468,30,180.0,1.5,2.5065,0.48416498
cold,0,1,0,0.0001,0.1,512,3,5,4,256,6000,8.0,2633729,4,4,9977,4104,900018,3,4468,22468,31,186.0,1.55,2.59005,0.50451124
cold,0,1,0,0.0001,0.1,512,3,5,4,256,6000,8.0,2633729,4,4,9977,4104,900018,3,4468,22468,32,192.0,1.6,2.6736,0.52484614
cold,0,1,0,0.0001,0.1,512,3,5,4,256,6000,8.0,2633729,4,4,9977,4104,900018,3,4468,22468,33,198.0,1.65,2.75715,0.54717642
cold,0,1,0,0.0001,0.1,512,3,5,4,256,6000,8.0,2633729,4,4,9977,4104,900018,3,4468,22468,34,204.0,1.7,2.8407,0.5714103
cold,0,1,0,0.0001,0.1,512,3,5,4,256,6000,8.0,2633729,4,4,9977,4104,900018,3,4468,22468,35,210.0,1.75,2.92425,0.5955379
cold,0,1,0,0.0001,0.1,512,3,5,4,256,6000,8.0,2633729,4,4,9977,4104,900018,3,4468,22468,36,216.0,1.8,3.0078,0.61738819
cold,0,1,0,0.0001,0.1,512,3,5,4,256,6000,8.0,2633729,4,4,9977,4104,900018,3,4468,22468,37,222.0,1.85,3.09135,0.63591576
cold,0,1,0,0.0001,0.1,512,3,5,4,256,6000,8.0,2633729,4,4,9977,4104,900018,3,4468,22468,38,228.0,1.9,3.1749,0.65185535
cold,0,1,0,0.0001,0.1,512,3,5,4,256,6000,8.0,2633729,4,4,9977,4104,900018,3,4468,22468,39,234.0,1.95,3.25845,0.66675711
cold,0,1,0,0.0001,0.1,512,3,5,4,256,6000,8.0,2633729,4,4,9977,4104,900018,3,4468,22468,40,240.0,2.0,3.342,0.68085593
cold,0,1,0,0.0001,0.1,512,3,5,4,256,6000,8.0,2633729,4,4,9977,4104,900018,3,4468,22468,41,246.0,2.05,3.42555,0.69292408
cold,0,1,0,0.0001,0.1,512,3,5,4,256,6000,8.0,2633729,4,4,9977,4104,900018,3,4468,22468,42,252.0,2.1,3.5091,0.70226604
cold,0,1,0,0.0001,0.1,512,3,5,4,256,6000,8.0,2633729,4,4,9977,4104,900018,3,4468,22468,43,258.0,2.15,3.59265,0.70979291
cold,0,1,0,0.0001,0.1,512,3,5,4,256,6000,8.0,2633729,4,4,9977,4104,900018,3,4468,22468,44,264.0,2.2,3.6762,0.7168597
cold,0,1,0,0.0001,0.1,512,3,5,4,256,6000,8.0,2633729,4,4,9977,4104,900018,3,4468,22468,45,270.0,2.25,3.75975,0.72429061
cold,0,1,0,0.0001,0.1,512,3,5,4,256,6000,8.0,2633729,4,4,9977,4104,900018,3,4468,22468,46,276.0,2.3,3.8433,0.73283947
cold,0,1,0,0.0001,0.1,512,3,5,4,256,6000,8.0,2633729,4,4,9977,4104,900018,3,4468,22468,47,282.0,2.35,3.92685,0.74310893
cold,0,1,0,0.0001,0.1,512,3,5,4,256,6000,8.0,2633729,4,4,9977,4104,900018,3,4468,22468,48,288.0,2.4,4.0104,0.75375444
cold,0,1,0,0.0001,0.1,512,3,5,4,256,6000,8.0,2633729,4,4,9977,4104,900018,3,4468,22468,49,294.0,2.45,4.09395,0.76368684
cold,0,1,0,0.0001,0.1,512,3,5,4,256,6000,8.0,2633729,4,4,9977,4104,900018,3,4468,22468,50,300.0,2.5,4.1775,0.77426893
cold,0,1,0,0.0001,0.1,512,3,5,4,256,6000,8.0,2633729,4,4,9977,4104,900018,3,4468,22468,51,306.0,2.55,4.26105,0.78550863
cold,0,1,0,0.0001,0.1,512,3,5,4,256,6000,8.0,2633729,4,4,9977,4104,900018,3,4468,22468,52,312.0,2.6,4.3446,0.79492694
cold,0,1,0,0.0001,0.1,512,3,5,4,256,6000,8.0,2633729,4,4,9977,4104,900018,3,4468,22468,53,318.0,2.65,4.42815,0.80163622
cold,0,1,0,0.0001,0.1,512,3,5,4,256,6000,8.0,2633729,4,4,9977,4104,900018,3,4468,22468,54,324.0,2.7,4.5117,0.80692053
cold,0,1,0,0.0001,0.1,512,3,5,4,256,6000,8.0,2633729,4,4,9977,4104,900018,3,4468,22468,55,330.0,2.75,4.59525,0.81184429
cold,0,1,0,0.0001,0.1,512,3,5,4,256,6000,8.0,2633729,4,4,9977,4104,900018,3,4468,22468,56,336.0,2.8,4.6788,0.81623161
cold,0,1,0,0.0001,0.1,512,3,5,4,256,6000,8.0,2633729,4,4,9977,4104,900018,3,4468,22468,57,342.0,2.85,4.76235,0.81907225
cold,0,1,0,0.0001,0.1,512,3,5,4,256,6000,8.0,2633729,4,4,9977,4104,900018,3,4468,22468,58,348.0,2.9,4.8459,0.82079029
cold,0,1,0,0.0001,0.1,512,3,5,4,256,6000,8.0,2633729,4,4,9977,4104,900018,3,4468,22468,59,354.0,2.95,4.92945,0.82361346
cold,0,1,0,0.0001,0.1,512,3,5,4,256,6000,8.0,2633729,4,4,9977,4104,900018,3,4468,22468,60,360.0,3.0,5.013,0.82878208
cold,0,1,0,0.0001,0.1,512,3,5,4,256,6000,8.0,2633729,4,4,9977,4104,900018,3,4468,22468,61,366.0,3.05,5.09655,0.83563828
cold,0,1,0,0.0001,0.1,512,3,5,4,256,6000,8.0,2633729,4,4,9977,4104,900018,3,4468,22468,62,372.0,3.1,5.1801,0.84417611
cold,0,1,0,0.0001,0.1,512,3,5,4,256,6000,8.0,2633729,4,4,9977,4104,900018,3,4468,22468,63,378.0,3.15,5.26365,0.856049
cold,0,1,0,0.0001,0.1,512,3,5,4,256,6000,8.0,2633729,4,4,9977,4104,900018,3,4468,22468,64,384.0,3.2,5.3472,0.87093693
cold,0,1,0,0.0001,0.1,512,3,5,4,256,6000,8.0,2633729,4,4,9977,4104,900018,3,4468,22468,65,390.0,3.25,5.43075,0.88484132
cold,0,1,0,0.0001,0.1,512,3,5,4,256,6000,8.0,2633729,4,4,9977,4104,900018,3,4468,22468,66,396.0,3.3,5.5143,0.89370871
cold,0,1,0,0.0001,0.1,512,3,5,4,256,6000,8.0,2633729,4,4,9977,4104,900018,3,4468,22468,67,402.0,3.35,5.59785,0.89767069
cold,0,1,0,0.0001,0.1,512,3,5,4,256,6000,8.0,2633729,4,4,9977,4104,900018,3,4468,22468,68,408.0,3.4,5.6814,0.90033984
cold,0,1,0,0.0001,0.1,512,3,5,4,256,6000,8.0,2633729,4,4,9977,4104,900018,3,4468,22468,69,414.0,3.45,5.76495,0.90462857
cold,0,1,0,0.0001,0.1,512,3,5,4,256,6000,8.0,2633729,4,4,9977,4104,900018,3,4468,22468,70,420.0,3.5,5.8485,0.91110855
cold,0,1,0,0.0001,0.1,512,3,5,4,256,6000,8.0,2633729,4,4,9977,4104,900018,3,4468,22468,71,426.0,3.55,5.93205,0.91844583
cold,0,1,0,0.0001,0.1,512,3,5,4,256,6000,8.0,2633729,4,4,9977,4104,900018,3,4468,22468,72,432.0,3.6,6.0156,0.92459345
cold,0,1,0,0.0001,0.1,512,3,5,4,256,6000,8.0,2633729,4,4,9977,4104,900018,3,4468,22468,73,438.0,3.65,6.09915,0.92816162
cold,0,1,0,0.0001,0.1,512,3,5,4,256,6000,8.0,2633729,4,4,9977,4104,900018,3,4468,22468,74,444.0,3.7,6.1827,0.92971575
cold,0,1,0,0.0001,0.1,512,3,5,4,256,6000,8.0,2633729,4,4,9977,4104,900018,3,4468,22468,75,450.0,3.75,6.26625,0.93122143
cold,0,1,0,0.0001,0.1,512,3,5,4,256,6000,8.0,2633729,4,4,9977,4104,900018,3,4468,22468,76,456.0,3.8,6.3498,0.93473005
cold,0,1,0,0.0001,0.1,512,3,5,4,256,6000,8.0,2633729,4,4,9977,4104,900018,3,4468,22468,77,462.0,3.85,6.43335,0.94066691
cold,0,1,0,0.0001,0.1,512,3,5,4,256,6000,8.0,2633729,4,4,9977,4104,900018,3,4468,22468,78,468.0,3.9,6.5169,0.9468717
cold,0,1,0,0.0001,0.1,512,3,5,4,256,6000,8.0,2633729,4,4,9977,4104,900018,3,4468,22468,79,474.0,3.95,6.60045,0.95061356
cold,0,1,0,0.0001,0.1,512,3,5,4,256,6000,8.0,2633729,4,4,9977,4104,900018,3,4468,22468,80,480.0,4.0,6.684,0.95026875
cold,0,1,0,0.0001,0.1,512,3,5,4,256,6000,8.0,2633729,4,4,9977,4104,900018,3,4468,22468,81,486.0,4.05,6.76755,0.94657046
cold,0,1,0,0.0001,0.1,512,3,5,4,256,6000,8.0,2633729,4,4,9977,4104,900018,3,4468,22468,82,492.0,4.1,6.8511,0.94256848
cold,0,1,0,0.0001,0.1,512,3,5,4,256,6000,8.0,2633729,4,4,9977,4104,900018,3,4468,22468,83,498.0,4.15,6.93465,0.94000274
cold,0,1,0,0.0001,0.1,512,3,5,4,256,6000,8.0,2633729,4,4,9977,4104,900018,3,4468,22468,84,504.0,4.2,7.0182,0.93828374
cold,0,1,0,0.0001,0.1,512,3,5,4,256,6000,8.0,2633729,4,4,9977,4104,900018,3,4468,22468,85,510.0,4.25,7.10175,0.93635869
cold,0,1,0,0.0001,0.1,512,3,5,4,256,6000,8.0,2633729,4,4,9977,4104,900018,3,4468,22468,86,516.0,4.3,7.1853,0.93446153
cold,0,1,0,0.0001,0.1,512,3,5,4,256,6000,8.0,2633729,4,4,9977,4104,900018,3,4468,22468,87,522.0,4.35,7.26885,0.93389535
cold,0,1,0,0.0001,0.1,512,3,5,4,256,6000,8.0,2633729,4,4,9977,4104,900018,3,4468,22468,88,528.0,4.4,7.3524,0.935139
cold,0,1,0,0.0001,0.1,512,3,5,4,256,6000,8.0,2633729,4,4,9977,4104,900018,3,4468,22468,89,534.0,4.45,7.43595,0.93687153
cold,0,1,0,0.0001,0.1,512,3,5,4,256,6000,8.0,2633729,4,4,9977,4104,900018,3,4468,22468,90,540.0,4.5,7.5195,0.9378382
cold,0,1,0,0.0001,0.1,512,3,5,4,256,6000,8.0,2633729,4,4,9977,4104,900018,3,4468,22468,91,546.0,4.55,7.60305,0.93855172
cold,0,1,0,0.0001,0.1,512,3,5,4,256,6000,8.0,2633729,4,4,9977,4104,900018,3,4468,22468,92,552.0,4.6,7.6866,0.94014657
cold,0,1,0,0.0001,0.1,512,3,5,4,256,6000,8.0,2633729,4,4,9977,4104,900018,3,4468,22468,93,558.0,4.65,7.77015,0.94284016
cold,0,1,0,0.0001,0.1,512,3,5,4,256,6000,8.0,2633729,4,4,9977,4104,900018,3,4468,22468,94,564.0,4.7,7.8537,0.94617426
cold,0,1,0,0.0001,0.1,512,3,5,4,256,6000,8.0,2633729,4,4,9977,4104,900018,3,4468,22468,95,570.0,4.75,7.93725,0.94944984
cold,0,1,0,0.0001,0.1,512,3,5,4,256,6000,8.0,2633729,4,4,9977,4104,900018,3,4468,22468,96,576.0,4.8,8.0208,0.95149714
cold,0,1,0,0.0001,0.1,512,3,5,4,256,6000,8.0,2633729,4,4,9977,4104,900018,3,4468,22468,97,582.0,4.85,8.10435,0.95180184
cold,0,1,0,0.0001,0.1,512,3,5,4,256,6000,8.0,2633729,4,4,9977,4104,900018,3,4468,22468,98,588.0,4.9,8.1879,0.95117754
cold,0,1,0,0.0001,0.1,512,3,5,4,256,6000,8.0,2633729,4,4,9977,4104,900018,3,4468,22468,99,594.0,4.95,8.27145,0.95110673
cold,0,1,0,0.0001,0.1,512,3,5,4,256,6000,8.0,2633729,4,4,9977,4104,900018,3,4468,22468,100,600.0,5.0,8.355,0.95203841
cold,0,1,0,0.0001,0.1,512,3,5,4,256,6000,8.0,2633729,4,4,9977,4104,900018,3,4468,22468,101,606.0,5.05,8.43855,0.95324057
cold,0,1,0,0.0001,0.1,512,3,5,4,256,6000,8.0,2633729,4,4,9977,4104,900018,3,4468,22468,102,612.0,5.1,8.5221,0.95405895
cold,0,1,0,0.0001,0.1,512,3,5,4,256,6000,8.0,2633729,4,4,9977,4104,900018,3,4468,22468,103,618.0,5.15,8.60565,0.95441103
cold,0,1,0,0.0001,0.1,512,3,5,4,256,6000,8.0,2633729,4,4,9977,4104,900018,3,4468,22468,104,624.0,5.2,8.6892,0.95517695
cold,0,1,0,0.0001,0.1,512,3,5,4,256,6000,8.0,2633729,4,4,9977,4104,900018,3,4468,22468,105,630.0,5.25,8.77275,0.95725685
cold,0,1,0,0.0001,0.1,512,3,5,4,256,6000,8.0,2633729,4,4,9977,4104,900018,3,4468,22468,106,636.0,5.3,8.8563,0.96100116
cold,0,1,0,0.0001,0.1,512,3,5,4,256,6000,8.0,2633729,4,4,9977,4104,900018,3,4468,22468,107,642.0,5.35,8.93985,0.9658069
cold,0,1,0,0.0001,0.1,512,3,5,4,256,6000,8.0,2633729,4,4,9977,4104,900018,3,4468,22468,108,648.0,5.4,9.0234,0.96927816
cold,0,1,0,0.0001,0.1,512,3,5,4,256,6000,8.0,2633729,4,4,9977,4104,900018,3,4468,22468,109,654.0,5.45,9.10695,0.96871048
cold,0,1,0,0.0001,0.1,512,3,5,4,256,6000,8.0,2633729,4,4,9977,4104,900018,3,4468,22468,110,660.0,5.5,9.1905,0.96295917
cold,0,1,0,0.0001,0.1,512,3,5,4,256,6000,8.0,2633729,4,4,9977,4104,900018,3,4468,22468,111,666.0,5.55,9.27405,0.95440191
cold,0,1,0,0.0001,0.1,512,3,5,4,256,6000,8.0,2633729,4,4,9977,4104,900018,3,4468,22468,112,672.0,5.6,9.3576,0.94805473
cold,0,1,0,0.0001,0.1,512,3,5,4,256,6000,8.0,2633729,4,4,9977,4104,900018,3,4468,22468,113,678.0,5.65,9.44115,0.94713032
cold,0,1,0,0.0001,0.1,512,3,5,4,256,6000,8.0,2633729,4,4,9977,4104,900018,3,4468,22468,114,684.0,5.7,9.5247,0.95063442
cold,0,1,0,0.0001,0.1,512,3,5,4,256,6000,8.0,2633729,4,4,9977,4104,900018,3,4468,22468,115,690.0,5.75,9.60825,0.95524198
cold,0,1,0,0.0001,0.1,512,3,5,4,256,6000,8.0,2633729,4,4,9977,4104,900018,3,4468,22468,116,696.0,5.8,9.6918,0.95886618
cold,0,1,0,0.0001,0.1,512,3,5,4,256,6000,8.0,2633729,4,4,9977,4104,900018,3,4468,22468,117,702.0,5.85,9.77535,0.9619348
cold,0,1,0,0.0001,0.1,512,3,5,4,256,6000,8.0,2633729,4,4,9977,4104,900018,3,4468,22468,118,708.0,5.9,9.8589,0.9646998
cold,0,1,0,0.0001,0.1,512,3,5,4,256,6000,8.0,2633729,4,4,9977,4104,900018,3,4468,22468,119,714.0,5.95,9.94245,0.96543837
cold,0,1,0,0.0001,0.1,512,3,5,4,256,6000,8.0,2633729,4,4,9977,4104,900018,3,4468,22468,120,720.0,6.0,10.026,0.96385056
cold,0,1,0,0.0001,0.1,512,3,5,4,256,6000,8.0,2633729,4,4,9977,4104,900018,3,6000,24000,1,6.0,0.05,0.08355,0.03730276
cold,0,1,0,0.0001,0.1,512,3,5,4,256,6000,8.0,2633729,4,4,9977,4104,900018,3,6000,24000,2,12.0,0.1,0.1671,0.04409954
cold,0,1,0,0.0001,0.1,512,3,5,4,256,6000,8.0,2633729,4,4,9977,4104,900018,3,6000,24000,3,18.0,0.15,0.25065,0.05131171
cold,0,1,0,0.0001,0.1,512,3,5,4,256,6000,8.0,2633729,4,4,9977,4104,900018,3,6000,24000,4,24.0,0.2,0.3342,0.05808968
cold,0,1,0,0.0001,0.1,512,3,5,4,256,6000,8.0,2633729,4,4,9977,4104,900018,3,6000,24000,5,30.0,0.25,0.41775,0.06447182
cold,0,1,0,0.0001,0.1,512,3,5,4,256,6000,8.0,2633729,4,4,9977,4104,900018,3,6000,24000,6,36.0,0.3,0.5013,0.07356886
cold,0,1,0,0.0001,0.1,512,3,5,4,256,6000,8.0,2633729,4,4,9977,4104,900018,3,6000,24000,7,42.0,0.35,0.58485,0.08300825
cold,0,1,0,0.0001,0.1,512,3,5,4,256,6000,8.0,2633729,4,4,9977,4104,900018,3,6000,24000,8,48.0,0.4,0.6684,0.09315979
cold,0,1,0,0.0001,0.1,512,3,5,4,256,6000,8.0,2633729,4,4,9977,4104,900018,3,6000,24000,9,54.0,0.45,0.75195,0.10394508
cold,0,1,0,0.0001,0.1,512,3,5,4,256,6000,8.0,2633729,4,4,9977,4104,900018,3,6000,24000,10,60.0,0.5,0.8355,0.11516454
cold,0,1,0,0.0001,0.1,512,3,5,4,256,6000,8.0,2633729,4,4,9977,4104,900018,3,6000,24000,11,66.0,0.55,0.91905,0.12713915
cold,0,1,0,0.0001,0.1,512,3,5,4,256,6000,8.0,2633729,4,4,9977,4104,900018,3,6000,24000,12,72.0,0.6,1.0026,0.14086542
cold,0,1,0,0.0001,0.1,512,3,5,4,256,6000,8.0,2633729,4,4,9977,4104,900018,3,6000,24000,13,78.0,0.65,1.08615,0.1566283
cold,0,1,0,0.0001,0.1,512,3,5,4,256,6000,8.0,2633729,4,4,9977,4104,900018,3,6000,24000,14,84.0,0.7,1.1697,0.17407714
cold,0,1,0,0.0001,0.1,512,3,5,4,256,6000,8.0,2633729,4,4,9977,4104,900018,3,6000,24000,15,90.0,0.75,1.25325,0.19239391
cold,0,1,0,0.0001,0.1,512,3,5,4,256,6000,8.0,2633729,4,4,9977,4104,900018,3,6000,24000,16,96.0,0.8,1.3368,0.21084729
cold,0,1,0,0.0001,0.1,512,3,5,4,256,6000,8.0,2633729,4,4,9977,4104,900018,3,6000,24000,17,102.0,0.85,1.42035,0.22973564
cold,0,1,0,0.0001,0.1,512,3,5,4,256,6000,8.0,2633729,4,4,9977,4104,900018,3,6000,24000,18,108.0,0.9,1.5039,0.250229
cold,0,1,0,0.0001,0.1,512,3,5,4,256,6000,8.0,2633729,4,4,9977,4104,900018,3,6000,24000,19,114.0,0.95,1.58745,0.27311015
cold,0,1,0,0.0001,0.1,512,3,5,4,256,6000,8.0,2633729,4,4,9977,4104,900018,3,6000,24000,20,120.0,1.0,1.671,0.29782057
cold,0,1,0,0.0001,0.1,512,3,5,4,256,6000,8.0,2633729,4,4,9977,4104,900018,3,6000,24000,21,126.0,1.05,1.75455,0.32270631
cold,0,1,0,0.0001,0.1,512,3,5,4,256,6000,8.0,2633729,4,4,9977,4104,900018,3,6000,24000,22,132.0,1.1,1.8381,0.34581077
cold,0,1,0,0.0001,0.1,512,3,5,4,256,6000,8.0,2633729,4,4,9977,4104,900018,3,6000,24000,23,138.0,1.15,1.92165,0.36593729
cold,0,1,0,0.0001,0.1,512,3,5,4,256,6000,8.0,2633729,4,4,9977,4104,900018,3,6000,24000,24,144.0,1.2,2.0052,0.38370091
cold,0,1,0,0.0001,0.1,512,3,5,4,256,6000,8.0,2633729,4,4,9977,4104,900018,3,6000,24000,25,150.0,1.25,2.08875,0.40078658
cold,0,1,0,0.0001,0.1,512,3,5,4,256,6000,8.0,2633729,4,4,9977,4104,900018,3,6000,24000,26,156.0,1.3,2.1723,0.41834292
cold,0,1,0,0.0001,0.1,512,3,5,4,256,6000,8.0,2633729,4,4,9977,4104,900018,3,6000,24000,27,162.0,1.35,2.25585,0.43686977
cold,0,1,0,0.0001,0.1,512,3,5,4,256,6000,8.0,2633729,4,4,9977,4104,900018,3,6000,24000,28,168.0,1.4,2.3394,0.45698202
cold,0,1,0,0.0001,0.1,512,3,5,4,256,6000,8.0,2633729,4,4,9977,4104,900018,3,6000,24000,29,174.0,1.45,2.42295,0.47876829
cold,0,1,0,0.0001,0.1,512,3,5,4,256,6000,8.0,2633729,4,4,9977,4104,900018,3,6000,24000,30,180.0,1.5,2.5065,0.50074714
cold,0,1,0,0.0001,0.1,512,3,5,4,256,6000,8.0,2633729,4,4,9977,4104,900018,3,6000,24000,31,186.0,1.55,2.59005,0.52194947
cold,0,1,0,0.0001,0.1,512,3,5,4,256,6000,8.0,2633729,4,4,9977,4104,900018,3,6000,24000,32,192.0,1.6,2.6736,0.54390448
cold,0,1,0,0.0001,0.1,512,3,5,4,256,6000,8.0,2633729,4,4,9977,4104,900018,3,6000,24000,33,198.0,1.65,2.75715,0.56800741
cold,0,1,0,0.0001,0.1,512,3,5,4,256,6000,8.0,2633729,4,4,9977,4104,900018,3,6000,24000,34,204.0,1.7,2.8407,0.59333307
cold,0,1,0,0.0001,0.1,512,3,5,4,256,6000,8.0,2633729,4,4,9977,4104,900018,3,6000,24000,35,210.0,1.75,2.92425,0.61839533
cold,0,1,0,0.0001,0.1,512,3,5,4,256,6000,8.0,2633729,4,4,9977,4104,900018,3,6000,24000,36,216.0,1.8,3.0078,0.64167118
cold,0,1,0,0.0001,0.1,512,3,5,4,256,6000,8.0,2633729,4,4,9977,4104,900018,3,6000,24000,37,222.0,1.85,3.09135,0.66182262
cold,0,1,0,0.0001,0.1,512,3,5,4,256,6000,8.0,2633729,4,4,9977,4104,900018,3,6000,24000,38,228.0,1.9,3.1749,0.67952651
cold,0,1,0,0.0001,0.1,512,3,5,4,256,6000,8.0,2633729,4,4,9977,4104,900018,3,6000,24000,39,234.0,1.95,3.25845,0.69662565
cold,0,1,0,0.0001,0.1,512,3,5,4,256,6000,8.0,2633729,4,4,9977,4104,900018,3,6000,24000,40,240.0,2.0,3.342,0.71340817
cold,0,1,0,0.0001,0.1,512,3,5,4,256,6000,8.0,2633729,4,4,9977,4104,900018,3,6000,24000,41,246.0,2.05,3.42555,0.72848576
cold,0,1,0,0.0001,0.1,512,3,5,4,256,6000,8.0,2633729,4,4,9977,4104,900018,3,6000,24000,42,252.0,2.1,3.5091,0.7408275
cold,0,1,0,0.0001,0.1,512,3,5,4,256,6000,8.0,2633729,4,4,9977,4104,900018,3,6000,24000,43,258.0,2.15,3.59265,0.74982011
cold,0,1,0,0.0001,0.1,512,3,5,4,256,6000,8.0,2633729,4,4,9977,4104,900018,3,6000,24000,44,264.0,2.2,3.6762,0.75557256
cold,0,1,0,0.0001,0.1,512,3,5,4,256,6000,8.0,2633729,4,4,9977,4104,900018,3,6000,24000,45,270.0,2.25,3.75975,0.75908744
cold,0,1,0,0.0001,0.1,512,3,5,4,256,6000,8.0,2633729,4,4,9977,4104,900018,3,6000,24000,46,276.0,2.3,3.8433,0.76187438
cold,0,1,0,0.0001,0.1,512,3,5,4,256,6000,8.0,2633729,4,4,9977,4104,900018,3,6000,24000,47,282.0,2.35,3.92685,0.76593465
cold,0,1,0,0.0001,0.1,512,3,5,4,256,6000,8.0,2633729,4,4,9977,4104,900018,3,6000,24000,48,288.0,2.4,4.0104,0.7722308
cold,0,1,0,0.0001,0.1,512,3,5,4,256,6000,8.0,2633729,4,4,9977,4104,900018,3,6000,24000,49,294.0,2.45,4.09395,0.78074431
cold,0,1,0,0.0001,0.1,512,3,5,4,256,6000,8.0,2633729,4,4,9977,4104,900018,3,6000,24000,50,300.0,2.5,4.1775,0.79154682
cold,0,1,0,0.0001,0.1,512,3,5,4,256,6000,8.0,2633729,4,4,9977,4104,900018,3,6000,24000,51,306.0,2.55,4.26105,0.8040396
cold,0,1,0,0.0001,0.1,512,3,5,4,256,6000,8.0,2633729,4,4,9977,4104,900018,3,6000,24000,52,312.0,2.6,4.3446,0.81559777
cold,0,1,0,0.0001,0.1,512,3,5,4,256,6000,8.0,2633729,4,4,9977,4104,900018,3,6000,24000,53,318.0,2.65,4.42815,0.82343203
cold,0,1,0,0.0001,0.1,512,3,5,4,256,6000,8.0,2633729,4,4,9977,4104,900018,3,6000,24000,54,324.0,2.7,4.5117,0.82847351
cold,0,1,0,0.0001,0.1,512,3,5,4,256,6000,8.0,2633729,4,4,9977,4104,900018,3,6000,24000,55,330.0,2.75,4.59525,0.83430052
cold,0,1,0,0.0001,0.1,512,3,5,4,256,6000,8.0,2633729,4,4,9977,4104,900018,3,6000,24000,56,336.0,2.8,4.6788,0.84250909
cold,0,1,0,0.0001,0.1,512,3,5,4,256,6000,8.0,2633729,4,4,9977,4104,900018,3,6000,24000,57,342.0,2.85,4.76235,0.85096252
cold,0,1,0,0.0001,0.1,512,3,5,4,256,6000,8.0,2633729,4,4,9977,4104,900018,3,6000,24000,58,348.0,2.9,4.8459,0.85797817
cold,0,1,0,0.0001,0.1,512,3,5,4,256,6000,8.0,2633729,4,4,9977,4104,900018,3,6000,24000,59,354.0,2.95,4.92945,0.86454767
cold,0,1,0,0.0001,0.1,512,3,5,4,256,6000,8.0,2633729,4,4,9977,4104,900018,3,6000,24000,60,360.0,3.0,5.013,0.87212175
cold,0,1,0,0.0001,0.1,512,3,5,4,256,6000,8.0,2633729,4,4,9977,4104,900018,3,6000,24000,61,366.0,3.05,5.09655,0.88112444
cold,0,1,0,0.0001,0.1,512,3,5,4,256,6000,8.0,2633729,4,4,9977,4104,900018,3,6000,24000,62,372.0,3.1,5.1801,0.89113158
cold,0,1,0,0.0001,0.1,512,3,5,4,256,6000,8.0,2633729,4,4,9977,4104,900018,3,6000,24000,63,378.0,3.15,5.26365,0.89990336
cold,0,1,0,0.0001,0.1,512,3,5,4,256,6000,8.0,2633729,4,4,9977,4104,900018,3,6000,24000,64,384.0,3.2,5.3472,0.90498197
cold,0,1,0,0.0001,0.1,512,3,5,4,256,6000,8.0,2633729,4,4,9977,4104,900018,3,6000,24000,65,390.0,3.25,5.43075,0.90712744
cold,0,1,0,0.0001,0.1,512,3,5,4,256,6000,8.0,2633729,4,4,9977,4104,900018,3,6000,24000,66,396.0,3.3,5.5143,0.90800858
cold,0,1,0,0.0001,0.1,512,3,5,4,256,6000,8.0,2633729,4,4,9977,4104,900018,3,6000,24000,67,402.0,3.35,5.59785,0.90880847
cold,0,1,0,0.0001,0.1,512,3,5,4,256,6000,8.0,2633729,4,4,9977,4104,900018,3,6000,24000,68,408.0,3.4,5.6814,0.9106434
cold,0,1,0,0.0001,0.1,512,3,5,4,256,6000,8.0,2633729,4,4,9977,4104,900018,3,6000,24000,69,414.0,3.45,5.76495,0.91369623
cold,0,1,0,0.0001,0.1,512,3,5,4,256,6000,8.0,2633729,4,4,9977,4104,900018,3,6000,24000,70,420.0,3.5,5.8485,0.91693872
cold,0,1,0,0.0001,0.1,512,3,5,4,256,6000,8.0,2633729,4,4,9977,4104,900018,3,6000,24000,71,426.0,3.55,5.93205,0.91944611
cold,0,1,0,0.0001,0.1,512,3,5,4,256,6000,8.0,2633729,4,4,9977,4104,900018,3,6000,24000,72,432.0,3.6,6.0156,0.92227352
cold,0,1,0,0.0001,0.1,512,3,5,4,256,6000,8.0,2633729,4,4,9977,4104,900018,3,6000,24000,73,438.0,3.65,6.09915,0.92756003
cold,0,1,0,0.0001,0.1,512,3,5,4,256,6000,8.0,2633729,4,4,9977,4104,900018,3,6000,24000,74,444.0,3.7,6.1827,0.93581045
cold,0,1,0,0.0001,0.1,512,3,5,4,256,6000,8.0,2633729,4,4,9977,4104,900018,3,6000,24000,75,450.0,3.75,6.26625,0.94461459
cold,0,1,0,0.0001,0.1,512,3,5,4,256,6000,8.0,2633729,4,4,9977,4104,900018,3,6000,24000,76,456.0,3.8,6.3498,0.95048475
cold,0,1,0,0.0001,0.1,512,3,5,4,256,6000,8.0,2633729,4,4,9977,4104,900018,3,6000,24000,77,462.0,3.85,6.43335,0.95200139
cold,0,1,0,0.0001,0.1,512,3,5,4,256,6000,8.0,2633729,4,4,9977,4104,900018,3,6000,24000,78,468.0,3.9,6.5169,0.95056224
cold,0,1,0,0.0001,0.1,512,3,5,4,256,6000,8.0,2633729,4,4,9977,4104,900018,3,6000,24000,79,474.0,3.95,6.60045,0.9487803
cold,0,1,0,0.0001,0.1,512,3,5,4,256,6000,8.0,2633729,4,4,9977,4104,900018,3,6000,24000,80,480.0,4.0,6.684,0.94798088
cold,0,1,0,0.0001,0.1,512,3,5,4,256,6000,8.0,2633729,4,4,9977,4104,900018,3,6000,24000,81,486.0,4.05,6.76755,0.94840497
cold,0,1,0,0.0001,0.1,512,3,5,4,256,6000,8.0,2633729,4,4,9977,4104,900018,3,6000,24000,82,492.0,4.1,6.8511,0.95103252
cold,0,1,0,0.0001,0.1,512,3,5,4,256,6000,8.0,2633729,4,4,9977,4104,900018,3,6000,24000,83,498.0,4.15,6.93465,0.95589739
cold,0,1,0,0.0001,0.1,512,3,5,4,256,6000,8.0,2633729,4,4,9977,4104,900018,3,6000,24000,84,504.0,4.2,7.0182,0.96043974
cold,0,1,0,0.0001,0.1,512,3,5,4,256,6000,8.0,2633729,4,4,9977,4104,900018,3,6000,24000,85,510.0,4.25,7.10175,0.96178663
cold,0,1,0,0.0001,0.1,512,3,5,4,256,6000,8.0,2633729,4,4,9977,4104,900018,3,6000,24000,86,516.0,4.3,7.1853,0.9593569
cold,0,1,0,0.0001,0.1,512,3,5,4,256,6000,8.0,2633729,4,4,9977,4104,900018,3,6000,24000,87,522.0,4.35,7.26885,0.95470989
cold,0,1,0,0.0001,0.1,512,3,5,4,256,6000,8.0,2633729,4,4,9977,4104,900018,3,6000,24000,88,528.0,4.4,7.3524,0.94978285
cold,0,1,0,0.0001,0.1,512,3,5,4,256,6000,8.0,2633729,4,4,9977,4104,900018,3,6000,24000,89,534.0,4.45,7.43595,0.94604319
cold,0,1,0,0.0001,0.1,512,3,5,4,256,6000,8.0,2633729,4,4,9977,4104,900018,3,6000,24000,90,540.0,4.5,7.5195,0.94448674
cold,0,1,0,0.0001,0.1,512,3,5,4,256,6000,8.0,2633729,4,4,9977,4104,900018,3,6000,24000,91,546.0,4.55,7.60305,0.94482648
cold,0,1,0,0.0001,0.1,512,3,5,4,256,6000,8.0,2633729,4,4,9977,4104,900018,3,6000,24000,92,552.0,4.6,7.6866,0.94692385
cold,0,1,0,0.0001,0.1,512,3,5,4,256,6000,8.0,2633729,4,4,9977,4104,900018,3,6000,24000,93,558.0,4.65,7.77015,0.95152432
cold,0,1,0,0.0001,0.1,512,3,5,4,256,6000,8.0,2633729,4,4,9977,4104,900018,3,6000,24000,94,564.0,4.7,7.8537,0.95822477
cold,0,1,0,0.0001,0.1,512,3,5,4,256,6000,8.0,2633729,4,4,9977,4104,900018,3,6000,24000,95,570.0,4.75,7.93725,0.96552831
cold,0,1,0,0.0001,0.1,512,3,5,4,256,6000,8.0,2633729,4,4,9977,4104,900018,3,6000,24000,96,576.0,4.8,8.0208,0.97221094
cold,0,1,0,0.0001,0.1,512,3,5,4,256,6000,8.0,2633729,4,4,9977,4104,900018,3,6000,24000,97,582.0,4.85,8.10435,0.97807127
cold,0,1,0,0.0001,0.1,512,3,5,4,256,6000,8.0,2633729,4,4,9977,4104,900018,3,6000,24000,98,588.0,4.9,8.1879,0.98318207
cold,0,1,0,0.0001,0.1,512,3,5,4,256,6000,8.0,2633729,4,4,9977,4104,900018,3,6000,24000,99,594.0,4.95,8.27145,0.98707712
cold,0,1,0,0.0001,0.1,512,3,5,4,256,6000,8.0,2633729,4,4,9977,4104,900018,3,6000,24000,100,600.0,5.0,8.355,0.9902516
cold,0,1,0,0.0001,0.1,512,3,5,4,256,6000,8.0,2633729,4,4,9977,4104,900018,3,6000,24000,101,606.0,5.05,8.43855,0.99426144
cold,0,1,0,0.0001,0.1,512,3,5,4,256,6000,8.0,2633729,4,4,9977,4104,900018,3,6000,24000,102,612.0,5.1,8.5221,0.9993372
cold,0,1,0,0.0001,0.1,512,3,5,4,256,6000,8.0,2633729,4,4,9977,4104,900018,3,6000,24000,103,618.0,5.15,8.60565,1.0036279
cold,0,1,0,0.0001,0.1,512,3,5,4,256,6000,8.0,2633729,4,4,9977,4104,900018,3,6000,24000,104,624.0,5.2,8.6892,1.00550306
cold,0,1,0,0.0001,0.1,512,3,5,4,256,6000,8.0,2633729,4,4,9977,4104,900018,3,6000,24000,105,630.0,5.25,8.77275,1.00445235
cold,0,1,0,0.0001,0.1,512,3,5,4,256,6000,8.0,2633729,4,4,9977,4104,900018,3,6000,24000,106,636.0,5.3,8.8563,1.00103712
cold,0,1,0,0.0001,0.1,512,3,5,4,256,6000,8.0,2633729,4,4,9977,4104,900018,3,6000,24000,107,642.0,5.35,8.93985,0.99732351
cold,0,1,0,0.0001,0.1,512,3,5,4,256,6000,8.0,2633729,4,4,9977,4104,900018,3,6000,24000,108,648.0,5.4,9.0234,0.99463326
cold,0,1,0,0.0001,0.1,512,3,5,4,256,6000,8.0,2633729,4,4,9977,4104,900018,3,6000,24000,109,654.0,5.45,9.10695,0.99190003
cold,0,1,0,0.0001,0.1,512,3,5,4,256,6000,8.0,2633729,4,4,9977,4104,900018,3,6000,24000,110,660.0,5.5,9.1905,0.98770952
cold,0,1,0,0.0001,0.1,512,3,5,4,256,6000,8.0,2633729,4,4,9977,4104,900018,3,6000,24000,111,666.0,5.55,9.27405,0.98315179
cold,0,1,0,0.0001,0.1,512,3,5,4,256,6000,8.0,2633729,4,4,9977,4104,900018,3,6000,24000,112,672.0,5.6,9.3576,0.98072118
cold,0,1,0,0.0001,0.1,512,3,5,4,256,6000,8.0,2633729,4,4,9977,4104,900018,3,6000,24000,113,678.0,5.65,9.44115,0.98083735
cold,0,1,0,0.0001,0.1,512,3,5,4,256,6000,8.0,2633729,4,4,9977,4104,900018,3,6000,24000,114,684.0,5.7,9.5247,0.98165953
cold,0,1,0,0.0001,0.1,512,3,5,4,256,6000,8.0,2633729,4,4,9977,4104,900018,3,6000,24000,115,690.0,5.75,9.60825,0.98166156
cold,0,1,0,0.0001,0.1,512,3,5,4,256,6000,8.0,2633729,4,4,9977,4104,900018,3,6000,24000,116,696.0,5.8,9.6918,0.9807086
cold,0,1,0,0.0001,0.1,512,3,5,4,256,6000,8.0,2633729,4,4,9977,4104,900018,3,6000,24000,117,702.0,5.85,9.77535,0.97904283
cold,0,1,0,0.0001,0.1,512,3,5,4,256,6000,8.0,2633729,4,4,9977,4104,900018,3,6000,24000,118,708.0,5.9,9.8589,0.97795212
cold,0,1,0,0.0001,0.1,512,3,5,4,256,6000,8.0,2633729,4,4,9977,4104,900018,3,6000,24000,119,714.0,5.95,9.94245,0.97943473
cold,0,1,0,0.0001,0.1,512,3,5,4,256,6000,8.0,2633729,4,4,9977,4104,900018,3,6000,24000,120,720.0,6.0,10.026,0.98372221
cold,0,1,0,0.0001,0.1,512,3,5,4,256,6000,8.0,2633729,4,4,9977,4105,900019,4,1,24001,1,6.0,0.05,0.08355,0.16113181
cold,0,1,0,0.0001,0.1,512,3,5,4,256,6000,8.0,2633729,4,4,9977,4105,900019,4,1,24001,2,12.0,0.1,0.1671,0.29050067
cold,0,1,0,0.0001,0.1,512,3,5,4,256,6000,8.0,2633729,4,4,9977,4105,900019,4,1,24001,3,18.0,0.15,0.25065,0.40978447
cold,0,1,0,0.0001,0.1,512,3,5,4,256,6000,8.0,2633729,4,4,9977,4105,900019,4,1,24001,4,24.0,0.2,0.3342,0.51093435
cold,0,1,0,0.0001,0.1,512,3,5,4,256,6000,8.0,2633729,4,4,9977,4105,900019,4,1,24001,5,30.0,0.25,0.41775,0.591811
cold,0,1,0,0.0001,0.1,512,3,5,4,256,6000,8.0,2633729,4,4,9977,4105,900019,4,1,24001,6,36.0,0.3,0.5013,0.65308273
cold,0,1,0,0.0001,0.1,512,3,5,4,256,6000,8.0,2633729,4,4,9977,4105,900019,4,1,24001,7,42.0,0.35,0.58485,0.69650304
cold,0,1,0,0.0001,0.1,512,3,5,4,256,6000,8.0,2633729,4,4,9977,4105,900019,4,1,24001,8,48.0,0.4,0.6684,0.72510302
cold,0,1,0,0.0001,0.1,512,3,5,4,256,6000,8.0,2633729,4,4,9977,4105,900019,4,1,24001,9,54.0,0.45,0.75195,0.74251002
cold,0,1,0,0.0001,0.1,512,3,5,4,256,6000,8.0,2633729,4,4,9977,4105,900019,4,1,24001,10,60.0,0.5,0.8355,0.75173175
cold,0,1,0,0.0001,0.1,512,3,5,4,256,6000,8.0,2633729,4,4,9977,4105,900019,4,1,24001,11,66.0,0.55,0.91905,0.75568974
cold,0,1,0,0.0001,0.1,512,3,5,4,256,6000,8.0,2633729,4,4,9977,4105,900019,4,1,24001,12,72.0,0.6,1.0026,0.75780439
cold,0,1,0,0.0001,0.1,512,3,5,4,256,6000,8.0,2633729,4,4,9977,4105,900019,4,1,24001,13,78.0,0.65,1.08615,0.76063013
cold,0,1,0,0.0001,0.1,512,3,5,4,256,6000,8.0,2633729,4,4,9977,4105,900019,4,1,24001,14,84.0,0.7,1.1697,0.76496655
cold,0,1,0,0.0001,0.1,512,3,5,4,256,6000,8.0,2633729,4,4,9977,4105,900019,4,1,24001,15,90.0,0.75,1.25325,0.77017385
cold,0,1,0,0.0001,0.1,512,3,5,4,256,6000,8.0,2633729,4,4,9977,4105,900019,4,1,24001,16,96.0,0.8,1.3368,0.77497584
cold,0,1,0,0.0001,0.1,512,3,5,4,256,6000,8.0,2633729,4,4,9977,4105,900019,4,1,24001,17,102.0,0.85,1.42035,0.77877373
cold,0,1,0,0.0001,0.1,512,3,5,4,256,6000,8.0,2633729,4,4,9977,4105,900019,4,1,24001,18,108.0,0.9,1.5039,0.78168201
cold,0,1,0,0.0001,0.1,512,3,5,4,256,6000,8.0,2633729,4,4,9977,4105,900019,4,1,24001,19,114.0,0.95,1.58745,0.78349978
cold,0,1,0,0.0001,0.1,512,3,5,4,256,6000,8.0,2633729,4,4,9977,4105,900019,4,1,24001,20,120.0,1.0,1.671,0.78369707
cold,0,1,0,0.0001,0.1,512,3,5,4,256,6000,8.0,2633729,4,4,9977,4105,900019,4,1,24001,21,126.0,1.05,1.75455,0.78247601
cold,0,1,0,0.0001,0.1,512,3,5,4,256,6000,8.0,2633729,4,4,9977,4105,900019,4,1,24001,22,132.0,1.1,1.8381,0.78109115
cold,0,1,0,0.0001,0.1,512,3,5,4,256,6000,8.0,2633729,4,4,9977,4105,900019,4,1,24001,23,138.0,1.15,1.92165,0.78101838
cold,0,1,0,0.0001,0.1,512,3,5,4,256,6000,8.0,2633729,4,4,9977,4105,900019,4,1,24001,24,144.0,1.2,2.0052,0.78309596
cold,0,1,0,0.0001,0.1,512,3,5,4,256,6000,8.0,2633729,4,4,9977,4105,900019,4,1,24001,25,150.0,1.25,2.08875,0.78667098
cold,0,1,0,0.0001,0.1,512,3,5,4,256,6000,8.0,2633729,4,4,9977,4105,900019,4,1,24001,26,156.0,1.3,2.1723,0.79002023
cold,0,1,0,0.0001,0.1,512,3,5,4,256,6000,8.0,2633729,4,4,9977,4105,900019,4,1,24001,27,162.0,1.35,2.25585,0.79210019
cold,0,1,0,0.0001,0.1,512,3,5,4,256,6000,8.0,2633729,4,4,9977,4105,900019,4,1,24001,28,168.0,1.4,2.3394,0.79309434
cold,0,1,0,0.0001,0.1,512,3,5,4,256,6000,8.0,2633729,4,4,9977,4105,900019,4,1,24001,29,174.0,1.45,2.42295,0.79326153
cold,0,1,0,0.0001,0.1,512,3,5,4,256,6000,8.0,2633729,4,4,9977,4105,900019,4,1,24001,30,180.0,1.5,2.5065,0.79228592
cold,0,1,0,0.0001,0.1,512,3,5,4,256,6000,8.0,2633729,4,4,9977,4105,900019,4,1,24001,31,186.0,1.55,2.59005,0.79044855
cold,0,1,0,0.0001,0.1,512,3,5,4,256,6000,8.0,2633729,4,4,9977,4105,900019,4,1,24001,32,192.0,1.6,2.6736,0.78929293
cold,0,1,0,0.0001,0.1,512,3,5,4,256,6000,8.0,2633729,4,4,9977,4105,900019,4,1,24001,33,198.0,1.65,2.75715,0.7900483
cold,0,1,0,0.0001,0.1,512,3,5,4,256,6000,8.0,2633729,4,4,9977,4105,900019,4,1,24001,34,204.0,1.7,2.8407,0.7925542
cold,0,1,0,0.0001,0.1,512,3,5,4,256,6000,8.0,2633729,4,4,9977,4105,900019,4,1,24001,35,210.0,1.75,2.92425,0.79564357
cold,0,1,0,0.0001,0.1,512,3,5,4,256,6000,8.0,2633729,4,4,9977,4105,900019,4,1,24001,36,216.0,1.8,3.0078,0.79819578
cold,0,1,0,0.0001,0.1,512,3,5,4,256,6000,8.0,2633729,4,4,9977,4105,900019,4,1,24001,37,222.0,1.85,3.09135,0.80027622
cold,0,1,0,0.0001,0.1,512,3,5,4,256,6000,8.0,2633729,4,4,9977,4105,900019,4,1,24001,38,228.0,1.9,3.1749,0.8024388
cold,0,1,0,0.0001,0.1,512,3,5,4,256,6000,8.0,2633729,4,4,9977,4105,900019,4,1,24001,39,234.0,1.95,3.25845,0.80439937
cold,0,1,0,0.0001,0.1,512,3,5,4,256,6000,8.0,2633729,4,4,9977,4105,900019,4,1,24001,40,240.0,2.0,3.342,0.80534947
cold,0,1,0,0.0001,0.1,512,3,5,4,256,6000,8.0,2633729,4,4,9977,4105,900019,4,1,24001,41,246.0,2.05,3.42555,0.80523843
cold,0,1,0,0.0001,0.1,512,3,5,4,256,6000,8.0,2633729,4,4,9977,4105,900019,4,1,24001,42,252.0,2.1,3.5091,0.80505896
cold,0,1,0,0.0001,0.1,512,3,5,4,256,6000,8.0,2633729,4,4,9977,4105,900019,4,1,24001,43,258.0,2.15,3.59265,0.80598754
cold,0,1,0,0.0001,0.1,512,3,5,4,256,6000,8.0,2633729,4,4,9977,4105,900019,4,1,24001,44,264.0,2.2,3.6762,0.80851829
cold,0,1,0,0.0001,0.1,512,3,5,4,256,6000,8.0,2633729,4,4,9977,4105,900019,4,1,24001,45,270.0,2.25,3.75975,0.81177342
cold,0,1,0,0.0001,0.1,512,3,5,4,256,6000,8.0,2633729,4,4,9977,4105,900019,4,1,24001,46,276.0,2.3,3.8433,0.81429952
cold,0,1,0,0.0001,0.1,512,3,5,4,256,6000,8.0,2633729,4,4,9977,4105,900019,4,1,24001,47,282.0,2.35,3.92685,0.81562626
cold,0,1,0,0.0001,0.1,512,3,5,4,256,6000,8.0,2633729,4,4,9977,4105,900019,4,1,24001,48,288.0,2.4,4.0104,0.81641901
cold,0,1,0,0.0001,0.1,512,3,5,4,256,6000,8.0,2633729,4,4,9977,4105,900019,4,1,24001,49,294.0,2.45,4.09395,0.81717926
cold,0,1,0,0.0001,0.1,512,3,5,4,256,6000,8.0,2633729,4,4,9977,4105,900019,4,1,24001,50,300.0,2.5,4.1775,0.81739521
cold,0,1,0,0.0001,0.1,512,3,5,4,256,6000,8.0,2633729,4,4,9977,4105,900019,4,1,24001,51,306.0,2.55,4.26105,0.81693536
cold,0,1,0,0.0001,0.1,512,3,5,4,256,6000,8.0,2633729,4,4,9977,4105,900019,4,1,24001,52,312.0,2.6,4.3446,0.81722677
cold,0,1,0,0.0001,0.1,512,3,5,4,256,6000,8.0,2633729,4,4,9977,4105,900019,4,1,24001,53,318.0,2.65,4.42815,0.81970578
cold,0,1,0,0.0001,0.1,512,3,5,4,256,6000,8.0,2633729,4,4,9977,4105,900019,4,1,24001,54,324.0,2.7,4.5117,0.8242951
cold,0,1,0,0.0001,0.1,512,3,5,4,256,6000,8.0,2633729,4,4,9977,4105,900019,4,1,24001,55,330.0,2.75,4.59525,0.82954299
cold,0,1,0,0.0001,0.1,512,3,5,4,256,6000,8.0,2633729,4,4,9977,4105,900019,4,1,24001,56,336.0,2.8,4.6788,0.83408165
cold,0,1,0,0.0001,0.1,512,3,5,4,256,6000,8.0,2633729,4,4,9977,4105,900019,4,1,24001,57,342.0,2.85,4.76235,0.83801693
cold,0,1,0,0.0001,0.1,512,3,5,4,256,6000,8.0,2633729,4,4,9977,4105,900019,4,1,24001,58,348.0,2.9,4.8459,0.84188068
cold,0,1,0,0.0001,0.1,512,3,5,4,256,6000,8.0,2633729,4,4,9977,4105,900019,4,1,24001,59,354.0,2.95,4.92945,0.84515995
cold,0,1,0,0.0001,0.1,512,3,5,4,256,6000,8.0,2633729,4,4,9977,4105,900019,4,1,24001,60,360.0,3.0,5.013,0.84688812
cold,0,1,0,0.0001,0.1,512,3,5,4,256,6000,8.0,2633729,4,4,9977,4105,900019,4,1,24001,61,366.0,3.05,5.09655,0.84711331
cold,0,1,0,0.0001,0.1,512,3,5,4,256,6000,8.0,2633729,4,4,9977,4105,900019,4,1,24001,62,372.0,3.1,5.1801,0.84708381
cold,0,1,0,0.0001,0.1,512,3,5,4,256,6000,8.0,2633729,4,4,9977,4105,900019,4,1,24001,63,378.0,3.15,5.26365,0.84818447
cold,0,1,0,0.0001,0.1,512,3,5,4,256,6000,8.0,2633729,4,4,9977,4105,900019,4,1,24001,64,384.0,3.2,5.3472,0.85095382
cold,0,1,0,0.0001,0.1,512,3,5,4,256,6000,8.0,2633729,4,4,9977,4105,900019,4,1,24001,65,390.0,3.25,5.43075,0.85443515
cold,0,1,0,0.0001,0.1,512,3,5,4,256,6000,8.0,2633729,4,4,9977,4105,900019,4,1,24001,66,396.0,3.3,5.5143,0.85712779
cold,0,1,0,0.0001,0.1,512,3,5,4,256,6000,8.0,2633729,4,4,9977,4105,900019,4,1,24001,67,402.0,3.35,5.59785,0.85863483
cold,0,1,0,0.0001,0.1,512,3,5,4,256,6000,8.0,2633729,4,4,9977,4105,900019,4,1,24001,68,408.0,3.4,5.6814,0.85968226
cold,0,1,0,0.0001,0.1,512,3,5,4,256,6000,8.0,2633729,4,4,9977,4105,900019,4,1,24001,69,414.0,3.45,5.76495,0.86070949
cold,0,1,0,0.0001,0.1,512,3,5,4,256,6000,8.0,2633729,4,4,9977,4105,900019,4,1,24001,70,420.0,3.5,5.8485,0.86116725
cold,0,1,0,0.0001,0.1,512,3,5,4,256,6000,8.0,2633729,4,4,9977,4105,900019,4,1,24001,71,426.0,3.55,5.93205,0.86099714
cold,0,1,0,0.0001,0.1,512,3,5,4,256,6000,8.0,2633729,4,4,9977,4105,900019,4,1,24001,72,432.0,3.6,6.0156,0.86170089
cold,0,1,0,0.0001,0.1,512,3,5,4,256,6000,8.0,2633729,4,4,9977,4105,900019,4,1,24001,73,438.0,3.65,6.09915,0.86470532
cold,0,1,0,0.0001,0.1,512,3,5,4,256,6000,8.0,2633729,4,4,9977,4105,900019,4,1,24001,74,444.0,3.7,6.1827,0.86988407
cold,0,1,0,0.0001,0.1,512,3,5,4,256,6000,8.0,2633729,4,4,9977,4105,900019,4,1,24001,75,450.0,3.75,6.26625,0.87575978
cold,0,1,0,0.0001,0.1,512,3,5,4,256,6000,8.0,2633729,4,4,9977,4105,900019,4,1,24001,76,456.0,3.8,6.3498,0.88095349
cold,0,1,0,0.0001,0.1,512,3,5,4,256,6000,8.0,2633729,4,4,9977,4105,900019,4,1,24001,77,462.0,3.85,6.43335,0.88552421
cold,0,1,0,0.0001,0.1,512,3,5,4,256,6000,8.0,2633729,4,4,9977,4105,900019,4,1,24001,78,468.0,3.9,6.5169,0.88993227
cold,0,1,0,0.0001,0.1,512,3,5,4,256,6000,8.0,2633729,4,4,9977,4105,900019,4,1,24001,79,474.0,3.95,6.60045,0.89360088
cold,0,1,0,0.0001,0.1,512,3,5,4,256,6000,8.0,2633729,4,4,9977,4105,900019,4,1,24001,80,480.0,4.0,6.684,0.89547276
cold,0,1,0,0.0001,0.1,512,3,5,4,256,6000,8.0,2633729,4,4,9977,4105,900019,4,1,24001,81,486.0,4.05,6.76755,0.89551497
cold,0,1,0,0.0001,0.1,512,3,5,4,256,6000,8.0,2633729,4,4,9977,4105,900019,4,1,24001,82,492.0,4.1,6.8511,0.89501357
cold,0,1,0,0.0001,0.1,512,3,5,4,256,6000,8.0,2633729,4,4,9977,4105,900019,4,1,24001,83,498.0,4.15,6.93465,0.89547408
cold,0,1,0,0.0001,0.1,512,3,5,4,256,6000,8.0,2633729,4,4,9977,4105,900019,4,1,24001,84,504.0,4.2,7.0182,0.89757031
cold,0,1,0,0.0001,0.1,512,3,5,4,256,6000,8.0,2633729,4,4,9977,4105,900019,4,1,24001,85,510.0,4.25,7.10175,0.90041959
cold,0,1,0,0.0001,0.1,512,3,5,4,256,6000,8.0,2633729,4,4,9977,4105,900019,4,1,24001,86,516.0,4.3,7.1853,0.90243268
cold,0,1,0,0.0001,0.1,512,3,5,4,256,6000,8.0,2633729,4,4,9977,4105,900019,4,1,24001,87,522.0,4.35,7.26885,0.90304428
cold,0,1,0,0.0001,0.1,512,3,5,4,256,6000,8.0,2633729,4,4,9977,4105,900019,4,1,24001,88,528.0,4.4,7.3524,0.90294355
cold,0,1,0,0.0001,0.1,512,3,5,4,256,6000,8.0,2633729,4,4,9977,4105,900019,4,1,24001,89,534.0,4.45,7.43595,0.90270656
cold,0,1,0,0.0001,0.1,512,3,5,4,256,6000,8.0,2633729,4,4,9977,4105,900019,4,1,24001,90,540.0,4.5,7.5195,0.9019717
cold,0,1,0,0.0001,0.1,512,3,5,4,256,6000,8.0,2633729,4,4,9977,4105,900019,4,1,24001,91,546.0,4.55,7.60305,0.90090245
cold,0,1,0,0.0001,0.1,512,3,5,4,256,6000,8.0,2633729,4,4,9977,4105,900019,4,1,24001,92,552.0,4.6,7.6866,0.90119177
cold,0,1,0,0.0001,0.1,512,3,5,4,256,6000,8.0,2633729,4,4,9977,4105,900019,4,1,24001,93,558.0,4.65,7.77015,0.90417838
cold,0,1,0,0.0001,0.1,512,3,5,4,256,6000,8.0,2633729,4,4,9977,4105,900019,4,1,24001,94,564.0,4.7,7.8537,0.909329
cold,0,1,0,0.0001,0.1,512,3,5,4,256,6000,8.0,2633729,4,4,9977,4105,900019,4,1,24001,95,570.0,4.75,7.93725,0.91479689
cold,0,1,0,0.0001,0.1,512,3,5,4,256,6000,8.0,2633729,4,4,9977,4105,900019,4,1,24001,96,576.0,4.8,8.0208,0.91922957
cold,0,1,0,0.0001,0.1,512,3,5,4,256,6000,8.0,2633729,4,4,9977,4105,900019,4,1,24001,97,582.0,4.85,8.10435,0.92305005
cold,0,1,0,0.0001,0.1,512,3,5,4,256,6000,8.0,2633729,4,4,9977,4105,900019,4,1,24001,98,588.0,4.9,8.1879,0.92702901
cold,0,1,0,0.0001,0.1,512,3,5,4,256,6000,8.0,2633729,4,4,9977,4105,900019,4,1,24001,99,594.0,4.95,8.27145,0.93058658
cold,0,1,0,0.0001,0.1,512,3,5,4,256,6000,8.0,2633729,4,4,9977,4105,900019,4,1,24001,100,600.0,5.0,8.355,0.93243778
cold,0,1,0,0.0001,0.1,512,3,5,4,256,6000,8.0,2633729,4,4,9977,4105,900019,4,1,24001,101,606.0,5.05,8.43855,0.93237507
cold,0,1,0,0.0001,0.1,512,3,5,4,256,6000,8.0,2633729,4,4,9977,4105,900019,4,1,24001,102,612.0,5.1,8.5221,0.93169677
cold,0,1,0,0.0001,0.1,512,3,5,4,256,6000,8.0,2633729,4,4,9977,4105,900019,4,1,24001,103,618.0,5.15,8.60565,0.93202597
cold,0,1,0,0.0001,0.1,512,3,5,4,256,6000,8.0,2633729,4,4,9977,4105,900019,4,1,24001,104,624.0,5.2,8.6892,0.93421298
cold,0,1,0,0.0001,0.1,512,3,5,4,256,6000,8.0,2633729,4,4,9977,4105,900019,4,1,24001,105,630.0,5.25,8.77275,0.93739241
cold,0,1,0,0.0001,0.1,512,3,5,4,256,6000,8.0,2633729,4,4,9977,4105,900019,4,1,24001,106,636.0,5.3,8.8563,0.93960464
cold,0,1,0,0.0001,0.1,512,3,5,4,256,6000,8.0,2633729,4,4,9977,4105,900019,4,1,24001,107,642.0,5.35,8.93985,0.93982011
cold,0,1,0,0.0001,0.1,512,3,5,4,256,6000,8.0,2633729,4,4,9977,4105,900019,4,1,24001,108,648.0,5.4,9.0234,0.9386003
cold,0,1,0,0.0001,0.1,512,3,5,4,256,6000,8.0,2633729,4,4,9977,4105,900019,4,1,24001,109,654.0,5.45,9.10695,0.93686467
cold,0,1,0,0.0001,0.1,512,3,5,4,256,6000,8.0,2633729,4,4,9977,4105,900019,4,1,24001,110,660.0,5.5,9.1905,0.93479311
cold,0,1,0,0.0001,0.1,512,3,5,4,256,6000,8.0,2633729,4,4,9977,4105,900019,4,1,24001,111,666.0,5.55,9.27405,0.93290508
cold,0,1,0,0.0001,0.1,512,3,5,4,256,6000,8.0,2633729,4,4,9977,4105,900019,4,1,24001,112,672.0,5.6,9.3576,0.93290091
cold,0,1,0,0.0001,0.1,512,3,5,4,256,6000,8.0,2633729,4,4,9977,4105,900019,4,1,24001,113,678.0,5.65,9.44115,0.9358989
cold,0,1,0,0.0001,0.1,512,3,5,4,256,6000,8.0,2633729,4,4,9977,4105,900019,4,1,24001,114,684.0,5.7,9.5247,0.94113249
cold,0,1,0,0.0001,0.1,512,3,5,4,256,6000,8.0,2633729,4,4,9977,4105,900019,4,1,24001,115,690.0,5.75,9.60825,0.94656163
cold,0,1,0,0.0001,0.1,512,3,5,4,256,6000,8.0,2633729,4,4,9977,4105,900019,4,1,24001,116,696.0,5.8,9.6918,0.95072877
cold,0,1,0,0.0001,0.1,512,3,5,4,256,6000,8.0,2633729,4,4,9977,4105,900019,4,1,24001,117,702.0,5.85,9.77535,0.9540599
cold,0,1,0,0.0001,0.1,512,3,5,4,256,6000,8.0,2633729,4,4,9977,4105,900019,4,1,24001,118,708.0,5.9,9.8589,0.95728076
cold,0,1,0,0.0001,0.1,512,3,5,4,256,6000,8.0,2633729,4,4,9977,4105,900019,4,1,24001,119,714.0,5.95,9.94245,0.95981324
cold,0,1,0,0.0001,0.1,512,3,5,4,256,6000,8.0,2633729,4,4,9977,4105,900019,4,1,24001,120,720.0,6.0,10.026,0.96052104
cold,0,1,0,0.0001,0.1,512,3,5,4,256,6000,8.0,2633729,4,4,9977,4105,900019,4,12,24012,1,6.0,0.05,0.08355,0.11977742
cold,0,1,0,0.0001,0.1,512,3,5,4,256,6000,8.0,2633729,4,4,9977,4105,900019,4,12,24012,2,12.0,0.1,0.1671,0.20312887
cold,0,1,0,0.0001,0.1,512,3,5,4,256,6000,8.0,2633729,4,4,9977,4105,900019,4,12,24012,3,18.0,0.15,0.25065,0.28907287
cold,0,1,0,0.0001,0.1,512,3,5,4,256,6000,8.0,2633729,4,4,9977,4105,900019,4,12,24012,4,24.0,0.2,0.3342,0.3671129
cold,0,1,0,0.0001,0.1,512,3,5,4,256,6000,8.0,2633729,4,4,9977,4105,900019,4,12,24012,5,30.0,0.25,0.41775,0.43221921
cold,0,1,0,0.0001,0.1,512,3,5,4,256,6000,8.0,2633729,4,4,9977,4105,900019,4,12,24012,6,36.0,0.3,0.5013,0.48282743
cold,0,1,0,0.0001,0.1,512,3,5,4,256,6000,8.0,2633729,4,4,9977,4105,900019,4,12,24012,7,42.0,0.35,0.58485,0.51966715
cold,0,1,0,0.0001,0.1,512,3,5,4,256,6000,8.0,2633729,4,4,9977,4105,900019,4,12,24012,8,48.0,0.4,0.6684,0.54606068
cold,0,1,0,0.0001,0.1,512,3,5,4,256,6000,8.0,2633729,4,4,9977,4105,900019,4,12,24012,9,54.0,0.45,0.75195,0.56569761
cold,0,1,0,0.0001,0.1,512,3,5,4,256,6000,8.0,2633729,4,4,9977,4105,900019,4,12,24012,10,60.0,0.5,0.8355,0.58082956
cold,0,1,0,0.0001,0.1,512,3,5,4,256,6000,8.0,2633729,4,4,9977,4105,900019,4,12,24012,11,66.0,0.55,0.91905,0.59277225
cold,0,1,0,0.0001,0.1,512,3,5,4,256,6000,8.0,2633729,4,4,9977,4105,900019,4,12,24012,12,72.0,0.6,1.0026,0.60278708
cold,0,1,0,0.0001,0.1,512,3,5,4,256,6000,8.0,2633729,4,4,9977,4105,900019,4,12,24012,13,78.0,0.65,1.08615,0.61204273
cold,0,1,0,0.0001,0.1,512,3,5,4,256,6000,8.0,2633729,4,4,9977,4105,900019,4,12,24012,14,84.0,0.7,1.1697,0.62104863
cold,0,1,0,0.0001,0.1,512,3,5,4,256,6000,8.0,2633729,4,4,9977,4105,900019,4,12,24012,15,90.0,0.75,1.25325,0.62946409
cold,0,1,0,0.0001,0.1,512,3,5,4,256,6000,8.0,2633729,4,4,9977,4105,900019,4,12,24012,16,96.0,0.8,1.3368,0.63698727
cold,0,1,0,0.0001,0.1,512,3,5,4,256,6000,8.0,2633729,4,4,9977,4105,900019,4,12,24012,17,102.0,0.85,1.42035,0.6440618
cold,0,1,0,0.0001,0.1,512,3,5,4,256,6000,8.0,2633729,4,4,9977,4105,900019,4,12,24012,18,108.0,0.9,1.5039,0.65108782
cold,0,1,0,0.0001,0.1,512,3,5,4,256,6000,8.0,2633729,4,4,9977,4105,900019,4,12,24012,19,114.0,0.95,1.58745,0.65757138
cold,0,1,0,0.0001,0.1,512,3,5,4,256,6000,8.0,2633729,4,4,9977,4105,900019,4,12,24012,20,120.0,1.0,1.671,0.66272706
cold,0,1,0,0.0001,0.1,512,3,5,4,256,6000,8.0,2633729,4,4,9977,4105,900019,4,12,24012,21,126.0,1.05,1.75455,0.66663355
cold,0,1,0,0.0001,0.1,512,3,5,4,256,6000,8.0,2633729,4,4,9977,4105,900019,4,12,24012,22,132.0,1.1,1.8381,0.67021501
cold,0,1,0,0.0001,0.1,512,3,5,4,256,6000,8.0,2633729,4,4,9977,4105,900019,4,12,24012,23,138.0,1.15,1.92165,0.67453337
cold,0,1,0,0.0001,0.1,512,3,5,4,256,6000,8.0,2633729,4,4,9977,4105,900019,4,12,24012,24,144.0,1.2,2.0052,0.68011075
cold,0,1,0,0.0001,0.1,512,3,5,4,256,6000,8.0,2633729,4,4,9977,4105,900019,4,12,24012,25,150.0,1.25,2.08875,0.68602228
cold,0,1,0,0.0001,0.1,512,3,5,4,256,6000,8.0,2633729,4,4,9977,4105,900019,4,12,24012,26,156.0,1.3,2.1723,0.69066739
cold,0,1,0,0.0001,0.1,512,3,5,4,256,6000,8.0,2633729,4,4,9977,4105,900019,4,12,24012,27,162.0,1.35,2.25585,0.69374388
cold,0,1,0,0.0001,0.1,512,3,5,4,256,6000,8.0,2633729,4,4,9977,4105,900019,4,12,24012,28,168.0,1.4,2.3394,0.69612199
cold,0,1,0,0.0001,0.1,512,3,5,4,256,6000,8.0,2633729,4,4,9977,4105,900019,4,12,24012,29,174.0,1.45,2.42295,0.6983366
cold,0,1,0,0.0001,0.1,512,3,5,4,256,6000,8.0,2633729,4,4,9977,4105,900019,4,12,24012,30,180.0,1.5,2.5065,0.70021003
cold,0,1,0,0.0001,0.1,512,3,5,4,256,6000,8.0,2633729,4,4,9977,4105,900019,4,12,24012,31,186.0,1.55,2.59005,0.70177251
cold,0,1,0,0.0001,0.1,512,3,5,4,256,6000,8.0,2633729,4,4,9977,4105,900019,4,12,24012,32,192.0,1.6,2.6736,0.70374411
cold,0,1,0,0.0001,0.1,512,3,5,4,256,6000,8.0,2633729,4,4,9977,4105,900019,4,12,24012,33,198.0,1.65,2.75715,0.70679235
cold,0,1,0,0.0001,0.1,512,3,5,4,256,6000,8.0,2633729,4,4,9977,4105,900019,4,12,24012,34,204.0,1.7,2.8407,0.71080977
cold,0,1,0,0.0001,0.1,512,3,5,4,256,6000,8.0,2633729,4,4,9977,4105,900019,4,12,24012,35,210.0,1.75,2.92425,0.71483058
cold,0,1,0,0.0001,0.1,512,3,5,4,256,6000,8.0,2633729,4,4,9977,4105,900019,4,12,24012,36,216.0,1.8,3.0078,0.71787012
cold,0,1,0,0.0001,0.1,512,3,5,4,256,6000,8.0,2633729,4,4,9977,4105,900019,4,12,24012,37,222.0,1.85,3.09135,0.71999931
cold,0,1,0,0.0001,0.1,512,3,5,4,256,6000,8.0,2633729,4,4,9977,4105,900019,4,12,24012,38,228.0,1.9,3.1749,0.72170621
cold,0,1,0,0.0001,0.1,512,3,5,4,256,6000,8.0,2633729,4,4,9977,4105,900019,4,12,24012,39,234.0,1.95,3.25845,0.72277629
cold,0,1,0,0.0001,0.1,512,3,5,4,256,6000,8.0,2633729,4,4,9977,4105,900019,4,12,24012,40,240.0,2.0,3.342,0.72267032
cold,0,1,0,0.0001,0.1,512,3,5,4,256,6000,8.0,2633729,4,4,9977,4105,900019,4,12,24012,41,246.0,2.05,3.42555,0.72153789
cold,0,1,0,0.0001,0.1,512,3,5,4,256,6000,8.0,2633729,4,4,9977,4105,900019,4,12,24012,42,252.0,2.1,3.5091,0.72031838
cold,0,1,0,0.0001,0.1,512,3,5,4,256,6000,8.0,2633729,4,4,9977,4105,900019,4,12,24012,43,258.0,2.15,3.59265,0.7200141
cold,0,1,0,0.0001,0.1,512,3,5,4,256,6000,8.0,2633729,4,4,9977,4105,900019,4,12,24012,44,264.0,2.2,3.6762,0.72108859
cold,0,1,0,0.0001,0.1,512,3,5,4,256,6000,8.0,2633729,4,4,9977,4105,900019,4,12,24012,45,270.0,2.25,3.75975,0.72301883
cold,0,1,0,0.0001,0.1,512,3,5,4,256,6000,8.0,2633729,4,4,9977,4105,900019,4,12,24012,46,276.0,2.3,3.8433,0.72478145
cold,0,1,0,0.0001,0.1,512,3,5,4,256,6000,8.0,2633729,4,4,9977,4105,900019,4,12,24012,47,282.0,2.35,3.92685,0.72589731
cold,0,1,0,0.0001,0.1,512,3,5,4,256,6000,8.0,2633729,4,4,9977,4105,900019,4,12,24012,48,288.0,2.4,4.0104,0.72652596
cold,0,1,0,0.0001,0.1,512,3,5,4,256,6000,8.0,2633729,4,4,9977,4105,900019,4,12,24012,49,294.0,2.45,4.09395,0.7266221
cold,0,1,0,0.0001,0.1,512,3,5,4,256,6000,8.0,2633729,4,4,9977,4105,900019,4,12,24012,50,300.0,2.5,4.1775,0.72566253
cold,0,1,0,0.0001,0.1,512,3,5,4,256,6000,8.0,2633729,4,4,9977,4105,900019,4,12,24012,51,306.0,2.55,4.26105,0.72377306
cold,0,1,0,0.0001,0.1,512,3,5,4,256,6000,8.0,2633729,4,4,9977,4105,900019,4,12,24012,52,312.0,2.6,4.3446,0.72227472
cold,0,1,0,0.0001,0.1,512,3,5,4,256,6000,8.0,2633729,4,4,9977,4105,900019,4,12,24012,53,318.0,2.65,4.42815,0.72233987
cold,0,1,0,0.0001,0.1,512,3,5,4,256,6000,8.0,2633729,4,4,9977,4105,900019,4,12,24012,54,324.0,2.7,4.5117,0.7239098
cold,0,1,0,0.0001,0.1,512,3,5,4,256,6000,8.0,2633729,4,4,9977,4105,900019,4,12,24012,55,330.0,2.75,4.59525,0.7259323
cold,0,1,0,0.0001,0.1,512,3,5,4,256,6000,8.0,2633729,4,4,9977,4105,900019,4,12,24012,56,336.0,2.8,4.6788,0.72749811
cold,0,1,0,0.0001,0.1,512,3,5,4,256,6000,8.0,2633729,4,4,9977,4105,900019,4,12,24012,57,342.0,2.85,4.76235,0.72873795
cold,0,1,0,0.0001,0.1,512,3,5,4,256,6000,8.0,2633729,4,4,9977,4105,900019,4,12,24012,58,348.0,2.9,4.8459,0.72993201
cold,0,1,0,0.0001,0.1,512,3,5,4,256,6000,8.0,2633729,4,4,9977,4105,900019,4,12,24012,59,354.0,2.95,4.92945,0.73048192
cold,0,1,0,0.0001,0.1,512,3,5,4,256,6000,8.0,2633729,4,4,9977,4105,900019,4,12,24012,60,360.0,3.0,5.013,0.72957587
cold,0,1,0,0.0001,0.1,512,3,5,4,256,6000,8.0,2633729,4,4,9977,4105,900019,4,12,24012,61,366.0,3.05,5.09655,0.72740126
cold,0,1,0,0.0001,0.1,512,3,5,4,256,6000,8.0,2633729,4,4,9977,4105,900019,4,12,24012,62,372.0,3.1,5.1801,0.72511572
cold,0,1,0,0.0001,0.1,512,3,5,4,256,6000,8.0,2633729,4,4,9977,4105,900019,4,12,24012,63,378.0,3.15,5.26365,0.72384226
cold,0,1,0,0.0001,0.1,512,3,5,4,256,6000,8.0,2633729,4,4,9977,4105,900019,4,12,24012,64,384.0,3.2,5.3472,0.72395247
cold,0,1,0,0.0001,0.1,512,3,5,4,256,6000,8.0,2633729,4,4,9977,4105,900019,4,12,24012,65,390.0,3.25,5.43075,0.7247178
cold,0,1,0,0.0001,0.1,512,3,5,4,256,6000,8.0,2633729,4,4,9977,4105,900019,4,12,24012,66,396.0,3.3,5.5143,0.72501481
cold,0,1,0,0.0001,0.1,512,3,5,4,256,6000,8.0,2633729,4,4,9977,4105,900019,4,12,24012,67,402.0,3.35,5.59785,0.72449583
cold,0,1,0,0.0001,0.1,512,3,5,4,256,6000,8.0,2633729,4,4,9977,4105,900019,4,12,24012,68,408.0,3.4,5.6814,0.72367632
cold,0,1,0,0.0001,0.1,512,3,5,4,256,6000,8.0,2633729,4,4,9977,4105,900019,4,12,24012,69,414.0,3.45,5.76495,0.72289819
cold,0,1,0,0.0001,0.1,512,3,5,4,256,6000,8.0,2633729,4,4,9977,4105,900019,4,12,24012,70,420.0,3.5,5.8485,0.7216906
cold,0,1,0,0.0001,0.1,512,3,5,4,256,6000,8.0,2633729,4,4,9977,4105,900019,4,12,24012,71,426.0,3.55,5.93205,0.7199192
cold,0,1,0,0.0001,0.1,512,3,5,4,256,6000,8.0,2633729,4,4,9977,4105,900019,4,12,24012,72,432.0,3.6,6.0156,0.71867555
cold,0,1,0,0.0001,0.1,512,3,5,4,256,6000,8.0,2633729,4,4,9977,4105,900019,4,12,24012,73,438.0,3.65,6.09915,0.71902758
cold,0,1,0,0.0001,0.1,512,3,5,4,256,6000,8.0,2633729,4,4,9977,4105,900019,4,12,24012,74,444.0,3.7,6.1827,0.72088379
cold,0,1,0,0.0001,0.1,512,3,5,4,256,6000,8.0,2633729,4,4,9977,4105,900019,4,12,24012,75,450.0,3.75,6.26625,0.72314441
cold,0,1,0,0.0001,0.1,512,3,5,4,256,6000,8.0,2633729,4,4,9977,4105,900019,4,12,24012,76,456.0,3.8,6.3498,0.72478896
cold,0,1,0,0.0001,0.1,512,3,5,4,256,6000,8.0,2633729,4,4,9977,4105,900019,4,12,24012,77,462.0,3.85,6.43335,0.72586894
cold,0,1,0,0.0001,0.1,512,3,5,4,256,6000,8.0,2633729,4,4,9977,4105,900019,4,12,24012,78,468.0,3.9,6.5169,0.72675049
cold,0,1,0,0.0001,0.1,512,3,5,4,256,6000,8.0,2633729,4,4,9977,4105,900019,4,12,24012,79,474.0,3.95,6.60045,0.72707909
cold,0,1,0,0.0001,0.1,512,3,5,4,256,6000,8.0,2633729,4,4,9977,4105,900019,4,12,24012,80,480.0,4.0,6.684,0.72620869
cold,0,1,0,0.0001,0.1,512,3,5,4,256,6000,8.0,2633729,4,4,9977,4105,900019,4,12,24012,81,486.0,4.05,6.76755,0.7242552
cold,0,1,0,0.0001,0.1,512,3,5,4,256,6000,8.0,2633729,4,4,9977,4105,900019,4,12,24012,82,492.0,4.1,6.8511,0.72218895
cold,0,1,0,0.0001,0.1,512,3,5,4,256,6000,8.0,2633729,4,4,9977,4105,900019,4,12,24012,83,498.0,4.15,6.93465,0.72099715
cold,0,1,0,0.0001,0.1,512,3,5,4,256,6000,8.0,2633729,4,4,9977,4105,900019,4,12,24012,84,504.0,4.2,7.0182,0.72101009
cold,0,1,0,0.0001,0.1,512,3,5,4,256,6000,8.0,2633729,4,4,9977,4105,900019,4,12,24012,85,510.0,4.25,7.10175,0.72150475
cold,0,1,0,0.0001,0.1,512,3,5,4,256,6000,8.0,2633729,4,4,9977,4105,900019,4,12,24012,86,516.0,4.3,7.1853,0.72136027
cold,0,1,0,0.0001,0.1,512,3,5,4,256,6000,8.0,2633729,4,4,9977,4105,900019,4,12,24012,87,522.0,4.35,7.26885,0.72022092
cold,0,1,0,0.0001,0.1,512,3,5,4,256,6000,8.0,2633729,4,4,9977,4105,900019,4,12,24012,88,528.0,4.4,7.3524,0.71863556
cold,0,1,0,0.0001,0.1,512,3,5,4,256,6000,8.0,2633729,4,4,9977,4105,900019,4,12,24012,89,534.0,4.45,7.43595,0.71707404
cold,0,1,0,0.0001,0.1,512,3,5,4,256,6000,8.0,2633729,4,4,9977,4105,900019,4,12,24012,90,540.0,4.5,7.5195,0.71526408
cold,0,1,0,0.0001,0.1,512,3,5,4,256,6000,8.0,2633729,4,4,9977,4105,900019,4,12,24012,91,546.0,4.55,7.60305,0.71323645
cold,0,1,0,0.0001,0.1,512,3,5,4,256,6000,8.0,2633729,4,4,9977,4105,900019,4,12,24012,92,552.0,4.6,7.6866,0.71213633
cold,0,1,0,0.0001,0.1,512,3,5,4,256,6000,8.0,2633729,4,4,9977,4105,900019,4,12,24012,93,558.0,4.65,7.77015,0.712901
cold,0,1,0,0.0001,0.1,512,3,5,4,256,6000,8.0,2633729,4,4,9977,4105,900019,4,12,24012,94,564.0,4.7,7.8537,0.71515894
cold,0,1,0,0.0001,0.1,512,3,5,4,256,6000,8.0,2633729,4,4,9977,4105,900019,4,12,24012,95,570.0,4.75,7.93725,0.71762103
cold,0,1,0,0.0001,0.1,512,3,5,4,256,6000,8.0,2633729,4,4,9977,4105,900019,4,12,24012,96,576.0,4.8,8.0208,0.71931612
cold,0,1,0,0.0001,0.1,512,3,5,4,256,6000,8.0,2633729,4,4,9977,4105,900019,4,12,24012,97,582.0,4.85,8.10435,0.72047955
cold,0,1,0,0.0001,0.1,512,3,5,4,256,6000,8.0,2633729,4,4,9977,4105,900019,4,12,24012,98,588.0,4.9,8.1879,0.72159934
cold,0,1,0,0.0001,0.1,512,3,5,4,256,6000,8.0,2633729,4,4,9977,4105,900019,4,12,24012,99,594.0,4.95,8.27145,0.72229135
cold,0,1,0,0.0001,0.1,512,3,5,4,256,6000,8.0,2633729,4,4,9977,4105,900019,4,12,24012,100,600.0,5.0,8.355,0.72179264
cold,0,1,0,0.0001,0.1,512,3,5,4,256,6000,8.0,2633729,4,4,9977,4105,900019,4,12,24012,101,606.0,5.05,8.43855,0.72015393
cold,0,1,0,0.0001,0.1,512,3,5,4,256,6000,8.0,2633729,4,4,9977,4105,900019,4,12,24012,102,612.0,5.1,8.5221,0.71837789
cold,0,1,0,0.0001,0.1,512,3,5,4,256,6000,8.0,2633729,4,4,9977,4105,900019,4,12,24012,103,618.0,5.15,8.60565,0.71751034
cold,0,1,0,0.0001,0.1,512,3,5,4,256,6000,8.0,2633729,4,4,9977,4105,900019,4,12,24012,104,624.0,5.2,8.6892,0.71796221
cold,0,1,0,0.0001,0.1,512,3,5,4,256,6000,8.0,2633729,4,4,9977,4105,900019,4,12,24012,105,630.0,5.25,8.77275,0.71900117
cold,0,1,0,0.0001,0.1,512,3,5,4,256,6000,8.0,2633729,4,4,9977,4105,900019,4,12,24012,106,636.0,5.3,8.8563,0.71928918
cold,0,1,0,0.0001,0.1,512,3,5,4,256,6000,8.0,2633729,4,4,9977,4105,900019,4,12,24012,107,642.0,5.35,8.93985,0.71822047
cold,0,1,0,0.0001,0.1,512,3,5,4,256,6000,8.0,2633729,4,4,9977,4105,900019,4,12,24012,108,648.0,5.4,9.0234,0.71625686
cold,0,1,0,0.0001,0.1,512,3,5,4,256,6000,8.0,2633729,4,4,9977,4105,900019,4,12,24012,109,654.0,5.45,9.10695,0.714077
cold,0,1,0,0.0001,0.1,512,3,5,4,256,6000,8.0,2633729,4,4,9977,4105,900019,4,12,24012,110,660.0,5.5,9.1905,0.71182525
cold,0,1,0,0.0001,0.1,512,3,5,4,256,6000,8.0,2633729,4,4,9977,4105,900019,4,12,24012,111,666.0,5.55,9.27405,0.70983171
cold,0,1,0,0.0001,0.1,512,3,5,4,256,6000,8.0,2633729,4,4,9977,4105,900019,4,12,24012,112,672.0,5.6,9.3576,0.709185
cold,0,1,0,0.0001,0.1,512,3,5,4,256,6000,8.0,2633729,4,4,9977,4105,900019,4,12,24012,113,678.0,5.65,9.44115,0.71055037
cold,0,1,0,0.0001,0.1,512,3,5,4,256,6000,8.0,2633729,4,4,9977,4105,900019,4,12,24012,114,684.0,5.7,9.5247,0.71332598
cold,0,1,0,0.0001,0.1,512,3,5,4,256,6000,8.0,2633729,4,4,9977,4105,900019,4,12,24012,115,690.0,5.75,9.60825,0.71609038
cold,0,1,0,0.0001,0.1,512,3,5,4,256,6000,8.0,2633729,4,4,9977,4105,900019,4,12,24012,116,696.0,5.8,9.6918,0.71787274
cold,0,1,0,0.0001,0.1,512,3,5,4,256,6000,8.0,2633729,4,4,9977,4105,900019,4,12,24012,117,702.0,5.85,9.77535,0.71901715
cold,0,1,0,0.0001,0.1,512,3,5,4,256,6000,8.0,2633729,4,4,9977,4105,900019,4,12,24012,118,708.0,5.9,9.8589,0.72004598
cold,0,1,0,0.0001,0.1,512,3,5,4,256,6000,8.0,2633729,4,4,9977,4105,900019,4,12,24012,119,714.0,5.95,9.94245,0.72056973
cold,0,1,0,0.0001,0.1,512,3,5,4,256,6000,8.0,2633729,4,4,9977,4105,900019,4,12,24012,120,720.0,6.0,10.026,0.71986634
cold,0,1,0,0.0001,0.1,512,3,5,4,256,6000,8.0,2633729,4,4,9977,4105,900019,4,54,24054,1,6.0,0.05,0.08355,0.09065086
cold,0,1,0,0.0001,0.1,512,3,5,4,256,6000,8.0,2633729,4,4,9977,4105,900019,4,54,24054,2,12.0,0.1,0.1671,0.13230401
cold,0,1,0,0.0001,0.1,512,3,5,4,256,6000,8.0,2633729,4,4,9977,4105,900019,4,54,24054,3,18.0,0.15,0.25065,0.17841311
cold,0,1,0,0.0001,0.1,512,3,5,4,256,6000,8.0,2633729,4,4,9977,4105,900019,4,54,24054,4,24.0,0.2,0.3342,0.22568762
cold,0,1,0,0.0001,0.1,512,3,5,4,256,6000,8.0,2633729,4,4,9977,4105,900019,4,54,24054,5,30.0,0.25,0.41775,0.27130759
cold,0,1,0,0.0001,0.1,512,3,5,4,256,6000,8.0,2633729,4,4,9977,4105,900019,4,54,24054,6,36.0,0.3,0.5013,0.31366354
cold,0,1,0,0.0001,0.1,512,3,5,4,256,6000,8.0,2633729,4,4,9977,4105,900019,4,54,24054,7,42.0,0.35,0.58485,0.35237986
cold,0,1,0,0.0001,0.1,512,3,5,4,256,6000,8.0,2633729,4,4,9977,4105,900019,4,54,24054,8,48.0,0.4,0.6684,0.38744813
cold,0,1,0,0.0001,0.1,512,3,5,4,256,6000,8.0,2633729,4,4,9977,4105,900019,4,54,24054,9,54.0,0.45,0.75195,0.41937149
cold,0,1,0,0.0001,0.1,512,3,5,4,256,6000,8.0,2633729,4,4,9977,4105,900019,4,54,24054,10,60.0,0.5,0.8355,0.44912782
cold,0,1,0,0.0001,0.1,512,3,5,4,256,6000,8.0,2633729,4,4,9977,4105,900019,4,54,24054,11,66.0,0.55,0.91905,0.47686991
cold,0,1,0,0.0001,0.1,512,3,5,4,256,6000,8.0,2633729,4,4,9977,4105,900019,4,54,24054,12,72.0,0.6,1.0026,0.50223476
cold,0,1,0,0.0001,0.1,512,3,5,4,256,6000,8.0,2633729,4,4,9977,4105,900019,4,54,24054,13,78.0,0.65,1.08615,0.525087
cold,0,1,0,0.0001,0.1,512,3,5,4,256,6000,8.0,2633729,4,4,9977,4105,900019,4,54,24054,14,84.0,0.7,1.1697,0.54552501
cold,0,1,0,0.0001,0.1,512,3,5,4,256,6000,8.0,2633729,4,4,9977,4105,900019,4,54,24054,15,90.0,0.75,1.25325,0.5638833
cold,0,1,0,0.0001,0.1,512,3,5,4,256,6000,8.0,2633729,4,4,9977,4105,900019,4,54,24054,16,96.0,0.8,1.3368,0.58014113
cold,0,1,0,0.0001,0.1,512,3,5,4,256,6000,8.0,2633729,4,4,9977,4105,900019,4,54,24054,17,102.0,0.85,1.42035,0.59442711
cold,0,1,0,0.0001,0.1,512,3,5,4,256,6000,8.0,2633729,4,4,9977,4105,900019,4,54,24054,18,108.0,0.9,1.5039,0.60765791
cold,0,1,0,0.0001,0.1,512,3,5,4,256,6000,8.0,2633729,4,4,9977,4105,900019,4,54,24054,19,114.0,0.95,1.58745,0.62021393
cold,0,1,0,0.0001,0.1,512,3,5,4,256,6000,8.0,2633729,4,4,9977,4105,900019,4,54,24054,20,120.0,1.0,1.671,0.63135672
cold,0,1,0,0.0001,0.1,512,3,5,4,256,6000,8.0,2633729,4,4,9977,4105,900019,4,54,24054,21,126.0,1.05,1.75455,0.64059561
cold,0,1,0,0.0001,0.1,512,3,5,4,256,6000,8.0,2633729,4,4,9977,4105,900019,4,54,24054,22,132.0,1.1,1.8381,0.64831716
cold,0,1,0,0.0001,0.1,512,3,5,4,256,6000,8.0,2633729,4,4,9977,4105,900019,4,54,24054,23,138.0,1.15,1.92165,0.65507209
cold,0,1,0,0.0001,0.1,512,3,5,4,256,6000,8.0,2633729,4,4,9977,4105,900019,4,54,24054,24,144.0,1.2,2.0052,0.6611113
cold,0,1,0,0.0001,0.1,512,3,5,4,256,6000,8.0,2633729,4,4,9977,4105,900019,4,54,24054,25,150.0,1.25,2.08875,0.66614735
cold,0,1,0,0.0001,0.1,512,3,5,4,256,6000,8.0,2633729,4,4,9977,4105,900019,4,54,24054,26,156.0,1.3,2.1723,0.66973364
cold,0,1,0,0.0001,0.1,512,3,5,4,256,6000,8.0,2633729,4,4,9977,4105,900019,4,54,24054,27,162.0,1.35,2.25585,0.67250013
cold,0,1,0,0.0001,0.1,512,3,5,4,256,6000,8.0,2633729,4,4,9977,4105,900019,4,54,24054,28,168.0,1.4,2.3394,0.67585051
cold,0,1,0,0.0001,0.1,512,3,5,4,256,6000,8.0,2633729,4,4,9977,4105,900019,4,54,24054,29,174.0,1.45,2.42295,0.68077719
cold,0,1,0,0.0001,0.1,512,3,5,4,256,6000,8.0,2633729,4,4,9977,4105,900019,4,54,24054,30,180.0,1.5,2.5065,0.68738389
cold,0,1,0,0.0001,0.1,512,3,5,4,256,6000,8.0,2633729,4,4,9977,4105,900019,4,54,24054,31,186.0,1.55,2.59005,0.69511062
cold,0,1,0,0.0001,0.1,512,3,5,4,256,6000,8.0,2633729,4,4,9977,4105,900019,4,54,24054,32,192.0,1.6,2.6736,0.70341265
cold,0,1,0,0.0001,0.1,512,3,5,4,256,6000,8.0,2633729,4,4,9977,4105,900019,4,54,24054,33,198.0,1.65,2.75715,0.71190846
cold,0,1,0,0.0001,0.1,512,3,5,4,256,6000,8.0,2633729,4,4,9977,4105,900019,4,54,24054,34,204.0,1.7,2.8407,0.72015309
cold,0,1,0,0.0001,0.1,512,3,5,4,256,6000,8.0,2633729,4,4,9977,4105,900019,4,54,24054,35,210.0,1.75,2.92425,0.72762877
cold,0,1,0,0.0001,0.1,512,3,5,4,256,6000,8.0,2633729,4,4,9977,4105,900019,4,54,24054,36,216.0,1.8,3.0078,0.7337783
cold,0,1,0,0.0001,0.1,512,3,5,4,256,6000,8.0,2633729,4,4,9977,4105,900019,4,54,24054,37,222.0,1.85,3.09135,0.73862183
cold,0,1,0,0.0001,0.1,512,3,5,4,256,6000,8.0,2633729,4,4,9977,4105,900019,4,54,24054,38,228.0,1.9,3.1749,0.74276751
cold,0,1,0,0.0001,0.1,512,3,5,4,256,6000,8.0,2633729,4,4,9977,4105,900019,4,54,24054,39,234.0,1.95,3.25845,0.74625885
cold,0,1,0,0.0001,0.1,512,3,5,4,256,6000,8.0,2633729,4,4,9977,4105,900019,4,54,24054,40,240.0,2.0,3.342,0.74839967
cold,0,1,0,0.0001,0.1,512,3,5,4,256,6000,8.0,2633729,4,4,9977,4105,900019,4,54,24054,41,246.0,2.05,3.42555,0.7488789
cold,0,1,0,0.0001,0.1,512,3,5,4,256,6000,8.0,2633729,4,4,9977,4105,900019,4,54,24054,42,252.0,2.1,3.5091,0.74867243
cold,0,1,0,0.0001,0.1,512,3,5,4,256,6000,8.0,2633729,4,4,9977,4105,900019,4,54,24054,43,258.0,2.15,3.59265,0.7494728
cold,0,1,0,0.0001,0.1,512,3,5,4,256,6000,8.0,2633729,4,4,9977,4105,900019,4,54,24054,44,264.0,2.2,3.6762,0.75238621
cold,0,1,0,0.0001,0.1,512,3,5,4,256,6000,8.0,2633729,4,4,9977,4105,900019,4,54,24054,45,270.0,2.25,3.75975,0.75710863
cold,0,1,0,0.0001,0.1,512,3,5,4,256,6000,8.0,2633729,4,4,9977,4105,900019,4,54,24054,46,276.0,2.3,3.8433,0.76225549
cold,0,1,0,0.0001,0.1,512,3,5,4,256,6000,8.0,2633729,4,4,9977,4105,900019,4,54,24054,47,282.0,2.35,3.92685,0.76663184
cold,0,1,0,0.0001,0.1,512,3,5,4,256,6000,8.0,2633729,4,4,9977,4105,900019,4,54,24054,48,288.0,2.4,4.0104,0.76997763
cold,0,1,0,0.0001,0.1,512,3,5,4,256,6000,8.0,2633729,4,4,9977,4105,900019,4,54,24054,49,294.0,2.45,4.09395,0.77263808
cold,0,1,0,0.0001,0.1,512,3,5,4,256,6000,8.0,2633729,4,4,9977,4105,900019,4,54,24054,50,300.0,2.5,4.1775,0.77497405
cold,0,1,0,0.0001,0.1,512,3,5,4,256,6000,8.0,2633729,4,4,9977,4105,900019,4,54,24054,51,306.0,2.55,4.26105,0.77741879
cold,0,1,0,0.0001,0.1,512,3,5,4,256,6000,8.0,2633729,4,4,9977,4105,900019,4,54,24054,52,312.0,2.6,4.3446,0.78045046
cold,0,1,0,0.0001,0.1,512,3,5,4,256,6000,8.0,2633729,4,4,9977,4105,900019,4,54,24054,53,318.0,2.65,4.42815,0.78407955
cold,0,1,0,0.0001,0.1,512,3,5,4,256,6000,8.0,2633729,4,4,9977,4105,900019,4,54,24054,54,324.0,2.7,4.5117,0.7877782
cold,0,1,0,0.0001,0.1,512,3,5,4,256,6000,8.0,2633729,4,4,9977,4105,900019,4,54,24054,55,330.0,2.75,4.59525,0.79060894
cold,0,1,0,0.0001,0.1,512,3,5,4,256,6000,8.0,2633729,4,4,9977,4105,900019,4,54,24054,56,336.0,2.8,4.6788,0.79199588
cold,0,1,0,0.0001,0.1,512,3,5,4,256,6000,8.0,2633729,4,4,9977,4105,900019,4,54,24054,57,342.0,2.85,4.76235,0.79270494
cold,0,1,0,0.0001,0.1,512,3,5,4,256,6000,8.0,2633729,4,4,9977,4105,900019,4,54,24054,58,348.0,2.9,4.8459,0.79407924
cold,0,1,0,0.0001,0.1,512,3,5,4,256,6000,8.0,2633729,4,4,9977,4105,900019,4,54,24054,59,354.0,2.95,4.92945,0.79664332
cold,0,1,0,0.0001,0.1,512,3,5,4,256,6000,8.0,2633729,4,4,9977,4105,900019,4,54,24054,60,360.0,3.0,5.013,0.79999465
cold,0,1,0,0.0001,0.1,512,3,5,4,256,6000,8.0,2633729,4,4,9977,4105,900019,4,54,24054,61,366.0,3.05,5.09655,0.80311072
cold,0,1,0,0.0001,0.1,512,3,5,4,256,6000,8.0,2633729,4,4,9977,4105,900019,4,54,24054,62,372.0,3.1,5.1801,0.8050046
cold,0,1,0,0.0001,0.1,512,3,5,4,256,6000,8.0,2633729,4,4,9977,4105,900019,4,54,24054,63,378.0,3.15,5.26365,0.80590785
cold,0,1,0,0.0001,0.1,512,3,5,4,256,6000,8.0,2633729,4,4,9977,4105,900019,4,54,24054,64,384.0,3.2,5.3472,0.80732918
cold,0,1,0,0.0001,0.1,512,3,5,4,256,6000,8.0,2633729,4,4,9977,4105,900019,4,54,24054,65,390.0,3.25,5.43075,0.81018841
cold,0,1,0,0.0001,0.1,512,3,5,4,256,6000,8.0,2633729,4,4,9977,4105,900019,4,54,24054,66,396.0,3.3,5.5143,0.81375641
cold,0,1,0,0.0001,0.1,512,3,5,4,256,6000,8.0,2633729,4,4,9977,4105,900019,4,54,24054,67,402.0,3.35,5.59785,0.81674433
cold,0,1,0,0.0001,0.1,512,3,5,4,256,6000,8.0,2633729,4,4,9977,4105,900019,4,54,24054,68,408.0,3.4,5.6814,0.81847394
cold,0,1,0,0.0001,0.1,512,3,5,4,256,6000,8.0,2633729,4,4,9977,4105,900019,4,54,24054,69,414.0,3.45,5.76495,0.81846595
cold,0,1,0,0.0001,0.1,512,3,5,4,256,6000,8.0,2633729,4,4,9977,4105,900019,4,54,24054,70,420.0,3.5,5.8485,0.81634563
cold,0,1,0,0.0001,0.1,512,3,5,4,256,6000,8.0,2633729,4,4,9977,4105,900019,4,54,24054,71,426.0,3.55,5.93205,0.81332111
cold,0,1,0,0.0001,0.1,512,3,5,4,256,6000,8.0,2633729,4,4,9977,4105,900019,4,54,24054,72,432.0,3.6,6.0156,0.81185353
cold,0,1,0,0.0001,0.1,512,3,5,4,256,6000,8.0,2633729,4,4,9977,4105,900019,4,54,24054,73,438.0,3.65,6.09915,0.8131361
cold,0,1,0,0.0001,0.1,512,3,5,4,256,6000,8.0,2633729,4,4,9977,4105,900019,4,54,24054,74,444.0,3.7,6.1827,0.81629264
cold,0,1,0,0.0001,0.1,512,3,5,4,256,6000,8.0,2633729,4,4,9977,4105,900019,4,54,24054,75,450.0,3.75,6.26625,0.81950623
cold,0,1,0,0.0001,0.1,512,3,5,4,256,6000,8.0,2633729,4,4,9977,4105,900019,4,54,24054,76,456.0,3.8,6.3498,0.82159632
cold,0,1,0,0.0001,0.1,512,3,5,4,256,6000,8.0,2633729,4,4,9977,4105,900019,4,54,24054,77,462.0,3.85,6.43335,0.82301408
cold,0,1,0,0.0001,0.1,512,3,5,4,256,6000,8.0,2633729,4,4,9977,4105,900019,4,54,24054,78,468.0,3.9,6.5169,0.82473201
cold,0,1,0,0.0001,0.1,512,3,5,4,256,6000,8.0,2633729,4,4,9977,4105,900019,4,54,24054,79,474.0,3.95,6.60045,0.82685643
cold,0,1,0,0.0001,0.1,512,3,5,4,256,6000,8.0,2633729,4,4,9977,4105,900019,4,54,24054,80,480.0,4.0,6.684,0.82902545
cold,0,1,0,0.0001,0.1,512,3,5,4,256,6000,8.0,2633729,4,4,9977,4105,900019,4,54,24054,81,486.0,4.05,6.76755,0.83071834
cold,0,1,0,0.0001,0.1,512,3,5,4,256,6000,8.0,2633729,4,4,9977,4105,900019,4,54,24054,82,492.0,4.1,6.8511,0.83122617
cold,0,1,0,0.0001,0.1,512,3,5,4,256,6000,8.0,2633729,4,4,9977,4105,900019,4,54,24054,83,498.0,4.15,6.93465,0.830616
cold,0,1,0,0.0001,0.1,512,3,5,4,256,6000,8.0,2633729,4,4,9977,4105,900019,4,54,24054,84,504.0,4.2,7.0182,0.83034825
cold,0,1,0,0.0001,0.1,512,3,5,4,256,6000,8.0,2633729,4,4,9977,4105,900019,4,54,24054,85,510.0,4.25,7.10175,0.83164907
cold,0,1,0,0.0001,0.1,512,3,5,4,256,6000,8.0,2633729,4,4,9977,4105,900019,4,54,24054,86,516.0,4.3,7.1853,0.83380228
cold,0,1,0,0.0001,0.1,512,3,5,4,256,6000,8.0,2633729,4,4,9977,4105,900019,4,54,24054,87,522.0,4.35,7.26885,0.83517253
cold,0,1,0,0.0001,0.1,512,3,5,4,256,6000,8.0,2633729,4,4,9977,4105,900019,4,54,24054,88,528.0,4.4,7.3524,0.8353318
cold,0,1,0,0.0001,0.1,512,3,5,4,256,6000,8.0,2633729,4,4,9977,4105,900019,4,54,24054,89,534.0,4.45,7.43595,0.83480418
cold,0,1,0,0.0001,0.1,512,3,5,4,256,6000,8.0,2633729,4,4,9977,4105,900019,4,54,24054,90,540.0,4.5,7.5195,0.83367759
cold,0,1,0,0.0001,0.1,512,3,5,4,256,6000,8.0,2633729,4,4,9977,4105,900019,4,54,24054,91,546.0,4.55,7.60305,0.83233833
cold,0,1,0,0.0001,0.1,512,3,5,4,256,6000,8.0,2633729,4,4,9977,4105,900019,4,54,24054,92,552.0,4.6,7.6866,0.83182621
cold,0,1,0,0.0001,0.1,512,3,5,4,256,6000,8.0,2633729,4,4,9977,4105,900019,4,54,24054,93,558.0,4.65,7.77015,0.83257109
cold,0,1,0,0.0001,0.1,512,3,5,4,256,6000,8.0,2633729,4,4,9977,4105,900019,4,54,24054,94,564.0,4.7,7.8537,0.83415765
cold,0,1,0,0.0001,0.1,512,3,5,4,256,6000,8.0,2633729,4,4,9977,4105,900019,4,54,24054,95,570.0,4.75,7.93725,0.835684
cold,0,1,0,0.0001,0.1,512,3,5,4,256,6000,8.0,2633729,4,4,9977,4105,900019,4,54,24054,96,576.0,4.8,8.0208,0.83665156
cold,0,1,0,0.0001,0.1,512,3,5,4,256,6000,8.0,2633729,4,4,9977,4105,900019,4,54,24054,97,582.0,4.85,8.10435,0.837731
cold,0,1,0,0.0001,0.1,512,3,5,4,256,6000,8.0,2633729,4,4,9977,4105,900019,4,54,24054,98,588.0,4.9,8.1879,0.83956909
cold,0,1,0,0.0001,0.1,512,3,5,4,256,6000,8.0,2633729,4,4,9977,4105,900019,4,54,24054,99,594.0,4.95,8.27145,0.8415494
cold,0,1,0,0.0001,0.1,512,3,5,4,256,6000,8.0,2633729,4,4,9977,4105,900019,4,54,24054,100,600.0,5.0,8.355,0.84252298
cold,0,1,0,0.0001,0.1,512,3,5,4,256,6000,8.0,2633729,4,4,9977,4105,900019,4,54,24054,101,606.0,5.05,8.43855,0.84185117
cold,0,1,0,0.0001,0.1,512,3,5,4,256,6000,8.0,2633729,4,4,9977,4105,900019,4,54,24054,102,612.0,5.1,8.5221,0.83965081
cold,0,1,0,0.0001,0.1,512,3,5,4,256,6000,8.0,2633729,4,4,9977,4105,900019,4,54,24054,103,618.0,5.15,8.60565,0.83697599
cold,0,1,0,0.0001,0.1,512,3,5,4,256,6000,8.0,2633729,4,4,9977,4105,900019,4,54,24054,104,624.0,5.2,8.6892,0.83537692
cold,0,1,0,0.0001,0.1,512,3,5,4,256,6000,8.0,2633729,4,4,9977,4105,900019,4,54,24054,105,630.0,5.25,8.77275,0.83528036
cold,0,1,0,0.0001,0.1,512,3,5,4,256,6000,8.0,2633729,4,4,9977,4105,900019,4,54,24054,106,636.0,5.3,8.8563,0.83530176
cold,0,1,0,0.0001,0.1,512,3,5,4,256,6000,8.0,2633729,4,4,9977,4105,900019,4,54,24054,107,642.0,5.35,8.93985,0.83394265
cold,0,1,0,0.0001,0.1,512,3,5,4,256,6000,8.0,2633729,4,4,9977,4105,900019,4,54,24054,108,648.0,5.4,9.0234,0.83162636
cold,0,1,0,0.0001,0.1,512,3,5,4,256,6000,8.0,2633729,4,4,9977,4105,900019,4,54,24054,109,654.0,5.45,9.10695,0.82969922
cold,0,1,0,0.0001,0.1,512,3,5,4,256,6000,8.0,2633729,4,4,9977,4105,900019,4,54,24054,110,660.0,5.5,9.1905,0.8285743
cold,0,1,0,0.0001,0.1,512,3,5,4,256,6000,8.0,2633729,4,4,9977,4105,900019,4,54,24054,111,666.0,5.55,9.27405,0.82861292
cold,0,1,0,0.0001,0.1,512,3,5,4,256,6000,8.0,2633729,4,4,9977,4105,900019,4,54,24054,112,672.0,5.6,9.3576,0.83071047
cold,0,1,0,0.0001,0.1,512,3,5,4,256,6000,8.0,2633729,4,4,9977,4105,900019,4,54,24054,113,678.0,5.65,9.44115,0.83466309
cold,0,1,0,0.0001,0.1,512,3,5,4,256,6000,8.0,2633729,4,4,9977,4105,900019,4,54,24054,114,684.0,5.7,9.5247,0.8387695
cold,0,1,0,0.0001,0.1,512,3,5,4,256,6000,8.0,2633729,4,4,9977,4105,900019,4,54,24054,115,690.0,5.75,9.60825,0.8413685
cold,0,1,0,0.0001,0.1,512,3,5,4,256,6000,8.0,2633729,4,4,9977,4105,900019,4,54,24054,116,696.0,5.8,9.6918,0.84241009
cold,0,1,0,0.0001,0.1,512,3,5,4,256,6000,8.0,2633729,4,4,9977,4105,900019,4,54,24054,117,702.0,5.85,9.77535,0.84333956
cold,0,1,0,0.0001,0.1,512,3,5,4,256,6000,8.0,2633729,4,4,9977,4105,900019,4,54,24054,118,708.0,5.9,9.8589,0.84534228
cold,0,1,0,0.0001,0.1,512,3,5,4,256,6000,8.0,2633729,4,4,9977,4105,900019,4,54,24054,119,714.0,5.95,9.94245,0.84812045
cold,0,1,0,0.0001,0.1,512,3,5,4,256,6000,8.0,2633729,4,4,9977,4105,900019,4,54,24054,120,720.0,6.0,10.026,0.85029876
cold,0,1,0,0.0001,0.1,512,3,5,4,256,6000,8.0,2633729,4,4,9977,4105,900019,4,234,24234,1,6.0,0.05,0.08355,0.04731622
cold,0,1,0,0.0001,0.1,512,3,5,4,256,6000,8.0,2633729,4,4,9977,4105,900019,4,234,24234,2,12.0,0.1,0.1671,0.05575795
cold,0,1,0,0.0001,0.1,512,3,5,4,256,6000,8.0,2633729,4,4,9977,4105,900019,4,234,24234,3,18.0,0.15,0.25065,0.06584928
cold,0,1,0,0.0001,0.1,512,3,5,4,256,6000,8.0,2633729,4,4,9977,4105,900019,4,234,24234,4,24.0,0.2,0.3342,0.07682766
cold,0,1,0,0.0001,0.1,512,3,5,4,256,6000,8.0,2633729,4,4,9977,4105,900019,4,234,24234,5,30.0,0.25,0.41775,0.08772195
cold,0,1,0,0.0001,0.1,512,3,5,4,256,6000,8.0,2633729,4,4,9977,4105,900019,4,234,24234,6,36.0,0.3,0.5013,0.09987583
cold,0,1,0,0.0001,0.1,512,3,5,4,256,6000,8.0,2633729,4,4,9977,4105,900019,4,234,24234,7,42.0,0.35,0.58485,0.11366905
cold,0,1,0,0.0001,0.1,512,3,5,4,256,6000,8.0,2633729,4,4,9977,4105,900019,4,234,24234,8,48.0,0.4,0.6684,0.12973349
cold,0,1,0,0.0001,0.1,512,3,5,4,256,6000,8.0,2633729,4,4,9977,4105,900019,4,234,24234,9,54.0,0.45,0.75195,0.14727707
cold,0,1,0,0.0001,0.1,512,3,5,4,256,6000,8.0,2633729,4,4,9977,4105,900019,4,234,24234,10,60.0,0.5,0.8355,0.16408895
cold,0,1,0,0.0001,0.1,512,3,5,4,256,6000,8.0,2633729,4,4,9977,4105,900019,4,234,24234,11,66.0,0.55,0.91905,0.18002391
cold,0,1,0,0.0001,0.1,512,3,5,4,256,6000,8.0,2633729,4,4,9977,4105,900019,4,234,24234,12,72.0,0.6,1.0026,0.1970401
cold,0,1,0,0.0001,0.1,512,3,5,4,256,6000,8.0,2633729,4,4,9977,4105,900019,4,234,24234,13,78.0,0.65,1.08615,0.21604212
cold,0,1,0,0.0001,0.1,512,3,5,4,256,6000,8.0,2633729,4,4,9977,4105,900019,4,234,24234,14,84.0,0.7,1.1697,0.23599435
cold,0,1,0,0.0001,0.1,512,3,5,4,256,6000,8.0,2633729,4,4,9977,4105,900019,4,234,24234,15,90.0,0.75,1.25325,0.2565051
cold,0,1,0,0.0001,0.1,512,3,5,4,256,6000,8.0,2633729,4,4,9977,4105,900019,4,234,24234,16,96.0,0.8,1.3368,0.27858958
cold,0,1,0,0.0001,0.1,512,3,5,4,256,6000,8.0,2633729,4,4,9977,4105,900019,4,234,24234,17,102.0,0.85,1.42035,0.30204192
cold,0,1,0,0.0001,0.1,512,3,5,4,256,6000,8.0,2633729,4,4,9977,4105,900019,4,234,24234,18,108.0,0.9,1.5039,0.32595855
cold,0,1,0,0.0001,0.1,512,3,5,4,256,6000,8.0,2633729,4,4,9977,4105,900019,4,234,24234,19,114.0,0.95,1.58745,0.35055965
cold,0,1,0,0.0001,0.1,512,3,5,4,256,6000,8.0,2633729,4,4,9977,4105,900019,4,234,24234,20,120.0,1.0,1.671,0.37633821
cold,0,1,0,0.0001,0.1,512,3,5,4,256,6000,8.0,2633729,4,4,9977,4105,900019,4,234,24234,21,126.0,1.05,1.75455,0.4029817
cold,0,1,0,0.0001,0.1,512,3,5,4,256,6000,8.0,2633729,4,4,9977,4105,900019,4,234,24234,22,132.0,1.1,1.8381,0.42899638
cold,0,1,0,0.0001,0.1,512,3,5,4,256,6000,8.0,2633729,4,4,9977,4105,900019,4,234,24234,23,138.0,1.15,1.92165,0.45440447
cold,0,1,0,0.0001,0.1,512,3,5,4,256,6000,8.0,2633729,4,4,9977,4105,900019,4,234,24234,24,144.0,1.2,2.0052,0.48041677
cold,0,1,0,0.0001,0.1,512,3,5,4,256,6000,8.0,2633729,4,4,9977,4105,900019,4,234,24234,25,150.0,1.25,2.08875,0.50479001
cold,0,1,0,0.0001,0.1,512,3,5,4,256,6000,8.0,2633729,4,4,9977,4105,900019,4,234,24234,26,156.0,1.3,2.1723,0.52372611
cold,0,1,0,0.0001,0.1,512,3,5,4,256,6000,8.0,2633729,4,4,9977,4105,900019,4,234,24234,27,162.0,1.35,2.25585,0.53946078
cold,0,1,0,0.0001,0.1,512,3,5,4,256,6000,8.0,2633729,4,4,9977,4105,900019,4,234,24234,28,168.0,1.4,2.3394,0.55577326
cold,0,1,0,0.0001,0.1,512,3,5,4,256,6000,8.0,2633729,4,4,9977,4105,900019,4,234,24234,29,174.0,1.45,2.42295,0.57462788
cold,0,1,0,0.0001,0.1,512,3,5,4,256,6000,8.0,2633729,4,4,9977,4105,900019,4,234,24234,30,180.0,1.5,2.5065,0.5982253
cold,0,1,0,0.0001,0.1,512,3,5,4,256,6000,8.0,2633729,4,4,9977,4105,900019,4,234,24234,31,186.0,1.55,2.59005,0.62742937
cold,0,1,0,0.0001,0.1,512,3,5,4,256,6000,8.0,2633729,4,4,9977,4105,900019,4,234,24234,32,192.0,1.6,2.6736,0.65789706
cold,0,1,0,0.0001,0.1,512,3,5,4,256,6000,8.0,2633729,4,4,9977,4105,900019,4,234,24234,33,198.0,1.65,2.75715,0.68544024
cold,0,1,0,0.0001,0.1,512,3,5,4,256,6000,8.0,2633729,4,4,9977,4105,900019,4,234,24234,34,204.0,1.7,2.8407,0.70902002
cold,0,1,0,0.0001,0.1,512,3,5,4,256,6000,8.0,2633729,4,4,9977,4105,900019,4,234,24234,35,210.0,1.75,2.92425,0.72789788
cold,0,1,0,0.0001,0.1,512,3,5,4,256,6000,8.0,2633729,4,4,9977,4105,900019,4,234,24234,36,216.0,1.8,3.0078,0.74397737
cold,0,1,0,0.0001,0.1,512,3,5,4,256,6000,8.0,2633729,4,4,9977,4105,900019,4,234,24234,37,222.0,1.85,3.09135,0.75760871
cold,0,1,0,0.0001,0.1,512,3,5,4,256,6000,8.0,2633729,4,4,9977,4105,900019,4,234,24234,38,228.0,1.9,3.1749,0.76942372
cold,0,1,0,0.0001,0.1,512,3,5,4,256,6000,8.0,2633729,4,4,9977,4105,900019,4,234,24234,39,234.0,1.95,3.25845,0.78002363
cold,0,1,0,0.0001,0.1,512,3,5,4,256,6000,8.0,2633729,4,4,9977,4105,900019,4,234,24234,40,240.0,2.0,3.342,0.78916317
cold,0,1,0,0.0001,0.1,512,3,5,4,256,6000,8.0,2633729,4,4,9977,4105,900019,4,234,24234,41,246.0,2.05,3.42555,0.79768783
cold,0,1,0,0.0001,0.1,512,3,5,4,256,6000,8.0,2633729,4,4,9977,4105,900019,4,234,24234,42,252.0,2.1,3.5091,0.80586636
cold,0,1,0,0.0001,0.1,512,3,5,4,256,6000,8.0,2633729,4,4,9977,4105,900019,4,234,24234,43,258.0,2.15,3.59265,0.8138572
cold,0,1,0,0.0001,0.1,512,3,5,4,256,6000,8.0,2633729,4,4,9977,4105,900019,4,234,24234,44,264.0,2.2,3.6762,0.82087958
cold,0,1,0,0.0001,0.1,512,3,5,4,256,6000,8.0,2633729,4,4,9977,4105,900019,4,234,24234,45,270.0,2.25,3.75975,0.82715112
cold,0,1,0,0.0001,0.1,512,3,5,4,256,6000,8.0,2633729,4,4,9977,4105,900019,4,234,24234,46,276.0,2.3,3.8433,0.83209974
cold,0,1,0,0.0001,0.1,512,3,5,4,256,6000,8.0,2633729,4,4,9977,4105,900019,4,234,24234,47,282.0,2.35,3.92685,0.83741164
cold,0,1,0,0.0001,0.1,512,3,5,4,256,6000,8.0,2633729,4,4,9977,4105,900019,4,234,24234,48,288.0,2.4,4.0104,0.84563833
cold,0,1,0,0.0001,0.1,512,3,5,4,256,6000,8.0,2633729,4,4,9977,4105,900019,4,234,24234,49,294.0,2.45,4.09395,0.85660112
cold,0,1,0,0.0001,0.1,512,3,5,4,256,6000,8.0,2633729,4,4,9977,4105,900019,4,234,24234,50,300.0,2.5,4.1775,0.86835307
cold,0,1,0,0.0001,0.1,512,3,5,4,256,6000,8.0,2633729,4,4,9977,4105,900019,4,234,24234,51,306.0,2.55,4.26105,0.87917942
cold,0,1,0,0.0001,0.1,512,3,5,4,256,6000,8.0,2633729,4,4,9977,4105,900019,4,234,24234,52,312.0,2.6,4.3446,0.88797194
cold,0,1,0,0.0001,0.1,512,3,5,4,256,6000,8.0,2633729,4,4,9977,4105,900019,4,234,24234,53,318.0,2.65,4.42815,0.89416528
cold,0,1,0,0.0001,0.1,512,3,5,4,256,6000,8.0,2633729,4,4,9977,4105,900019,4,234,24234,54,324.0,2.7,4.5117,0.89818418
cold,0,1,0,0.0001,0.1,512,3,5,4,256,6000,8.0,2633729,4,4,9977,4105,900019,4,234,24234,55,330.0,2.75,4.59525,0.9014945
cold,0,1,0,0.0001,0.1,512,3,5,4,256,6000,8.0,2633729,4,4,9977,4105,900019,4,234,24234,56,336.0,2.8,4.6788,0.9056493
cold,0,1,0,0.0001,0.1,512,3,5,4,256,6000,8.0,2633729,4,4,9977,4105,900019,4,234,24234,57,342.0,2.85,4.76235,0.91108775
cold,0,1,0,0.0001,0.1,512,3,5,4,256,6000,8.0,2633729,4,4,9977,4105,900019,4,234,24234,58,348.0,2.9,4.8459,0.9178437
cold,0,1,0,0.0001,0.1,512,3,5,4,256,6000,8.0,2633729,4,4,9977,4105,900019,4,234,24234,59,354.0,2.95,4.92945,0.92516321
cold,0,1,0,0.0001,0.1,512,3,5,4,256,6000,8.0,2633729,4,4,9977,4105,900019,4,234,24234,60,360.0,3.0,5.013,0.93150324
cold,0,1,0,0.0001,0.1,512,3,5,4,256,6000,8.0,2633729,4,4,9977,4105,900019,4,234,24234,61,366.0,3.05,5.09655,0.93648028
cold,0,1,0,0.0001,0.1,512,3,5,4,256,6000,8.0,2633729,4,4,9977,4105,900019,4,234,24234,62,372.0,3.1,5.1801,0.94061446
cold,0,1,0,0.0001,0.1,512,3,5,4,256,6000,8.0,2633729,4,4,9977,4105,900019,4,234,24234,63,378.0,3.15,5.26365,0.9442817
cold,0,1,0,0.0001,0.1,512,3,5,4,256,6000,8.0,2633729,4,4,9977,4105,900019,4,234,24234,64,384.0,3.2,5.3472,0.9485029
cold,0,1,0,0.0001,0.1,512,3,5,4,256,6000,8.0,2633729,4,4,9977,4105,900019,4,234,24234,65,390.0,3.25,5.43075,0.95414919
cold,0,1,0,0.0001,0.1,512,3,5,4,256,6000,8.0,2633729,4,4,9977,4105,900019,4,234,24234,66,396.0,3.3,5.5143,0.96101522
cold,0,1,0,0.0001,0.1,512,3,5,4,256,6000,8.0,2633729,4,4,9977,4105,900019,4,234,24234,67,402.0,3.35,5.59785,0.96819341
cold,0,1,0,0.0001,0.1,512,3,5,4,256,6000,8.0,2633729,4,4,9977,4105,900019,4,234,24234,68,408.0,3.4,5.6814,0.97402549
cold,0,1,0,0.0001,0.1,512,3,5,4,256,6000,8.0,2633729,4,4,9977,4105,900019,4,234,24234,69,414.0,3.45,5.76495,0.9773044
cold,0,1,0,0.0001,0.1,512,3,5,4,256,6000,8.0,2633729,4,4,9977,4105,900019,4,234,24234,70,420.0,3.5,5.8485,0.97762674
cold,0,1,0,0.0001,0.1,512,3,5,4,256,6000,8.0,2633729,4,4,9977,4105,900019,4,234,24234,71,426.0,3.55,5.93205,0.97508293
cold,0,1,0,0.0001,0.1,512,3,5,4,256,6000,8.0,2633729,4,4,9977,4105,900019,4,234,24234,72,432.0,3.6,6.0156,0.97103179
cold,0,1,0,0.0001,0.1,512,3,5,4,256,6000,8.0,2633729,4,4,9977,4105,900019,4,234,24234,73,438.0,3.65,6.09915,0.9679473
cold,0,1,0,0.0001,0.1,512,3,5,4,256,6000,8.0,2633729,4,4,9977,4105,900019,4,234,24234,74,444.0,3.7,6.1827,0.96758795
cold,0,1,0,0.0001,0.1,512,3,5,4,256,6000,8.0,2633729,4,4,9977,4105,900019,4,234,24234,75,450.0,3.75,6.26625,0.97057873
cold,0,1,0,0.0001,0.1,512,3,5,4,256,6000,8.0,2633729,4,4,9977,4105,900019,4,234,24234,76,456.0,3.8,6.3498,0.97521693
cold,0,1,0,0.0001,0.1,512,3,5,4,256,6000,8.0,2633729,4,4,9977,4105,900019,4,234,24234,77,462.0,3.85,6.43335,0.98013467
cold,0,1,0,0.0001,0.1,512,3,5,4,256,6000,8.0,2633729,4,4,9977,4105,900019,4,234,24234,78,468.0,3.9,6.5169,0.98539758
cold,0,1,0,0.0001,0.1,512,3,5,4,256,6000,8.0,2633729,4,4,9977,4105,900019,4,234,24234,79,474.0,3.95,6.60045,0.98929393
cold,0,1,0,0.0001,0.1,512,3,5,4,256,6000,8.0,2633729,4,4,9977,4105,900019,4,234,24234,80,480.0,4.0,6.684,0.98894715
cold,0,1,0,0.0001,0.1,512,3,5,4,256,6000,8.0,2633729,4,4,9977,4105,900019,4,234,24234,81,486.0,4.05,6.76755,0.98517889
cold,0,1,0,0.0001,0.1,512,3,5,4,256,6000,8.0,2633729,4,4,9977,4105,900019,4,234,24234,82,492.0,4.1,6.8511,0.9827472
cold,0,1,0,0.0001,0.1,512,3,5,4,256,6000,8.0,2633729,4,4,9977,4105,900019,4,234,24234,83,498.0,4.15,6.93465,0.98337132
cold,0,1,0,0.0001,0.1,512,3,5,4,256,6000,8.0,2633729,4,4,9977,4105,900019,4,234,24234,84,504.0,4.2,7.0182,0.98436338
cold,0,1,0,0.0001,0.1,512,3,5,4,256,6000,8.0,2633729,4,4,9977,4105,900019,4,234,24234,85,510.0,4.25,7.10175,0.98463982
cold,0,1,0,0.0001,0.1,512,3,5,4,256,6000,8.0,2633729,4,4,9977,4105,900019,4,234,24234,86,516.0,4.3,7.1853,0.98626095
cold,0,1,0,0.0001,0.1,512,3,5,4,256,6000,8.0,2633729,4,4,9977,4105,900019,4,234,24234,87,522.0,4.35,7.26885,0.99056184
cold,0,1,0,0.0001,0.1,512,3,5,4,256,6000,8.0,2633729,4,4,9977,4105,900019,4,234,24234,88,528.0,4.4,7.3524,0.99544924
cold,0,1,0,0.0001,0.1,512,3,5,4,256,6000,8.0,2633729,4,4,9977,4105,900019,4,234,24234,89,534.0,4.45,7.43595,0.99804127
cold,0,1,0,0.0001,0.1,512,3,5,4,256,6000,8.0,2633729,4,4,9977,4105,900019,4,234,24234,90,540.0,4.5,7.5195,0.99747121
cold,0,1,0,0.0001,0.1,512,3,5,4,256,6000,8.0,2633729,4,4,9977,4105,900019,4,234,24234,91,546.0,4.55,7.60305,0.99486458
cold,0,1,0,0.0001,0.1,512,3,5,4,256,6000,8.0,2633729,4,4,9977,4105,900019,4,234,24234,92,552.0,4.6,7.6866,0.99303293
cold,0,1,0,0.0001,0.1,512,3,5,4,256,6000,8.0,2633729,4,4,9977,4105,900019,4,234,24234,93,558.0,4.65,7.77015,0.99375379
cold,0,1,0,0.0001,0.1,512,3,5,4,256,6000,8.0,2633729,4,4,9977,4105,900019,4,234,24234,94,564.0,4.7,7.8537,0.99605644
cold,0,1,0,0.0001,0.1,512,3,5,4,256,6000,8.0,2633729,4,4,9977,4105,900019,4,234,24234,95,570.0,4.75,7.93725,0.99752623
cold,0,1,0,0.0001,0.1,512,3,5,4,256,6000,8.0,2633729,4,4,9977,4105,900019,4,234,24234,96,576.0,4.8,8.0208,0.99681902
cold,0,1,0,0.0001,0.1,512,3,5,4,256,6000,8.0,2633729,4,4,9977,4105,900019,4,234,24234,97,582.0,4.85,8.10435,0.99455774
cold,0,1,0,0.0001,0.1,512,3,5,4,256,6000,8.0,2633729,4,4,9977,4105,900019,4,234,24234,98,588.0,4.9,8.1879,0.99283332
cold,0,1,0,0.0001,0.1,512,3,5,4,256,6000,8.0,2633729,4,4,9977,4105,900019,4,234,24234,99,594.0,4.95,8.27145,0.99299735
cold,0,1,0,0.0001,0.1,512,3,5,4,256,6000,8.0,2633729,4,4,9977,4105,900019,4,234,24234,100,600.0,5.0,8.355,0.99421799
cold,0,1,0,0.0001,0.1,512,3,5,4,256,6000,8.0,2633729,4,4,9977,4105,900019,4,234,24234,101,606.0,5.05,8.43855,0.99521023
cold,0,1,0,0.0001,0.1,512,3,5,4,256,6000,8.0,2633729,4,4,9977,4105,900019,4,234,24234,102,612.0,5.1,8.5221,0.99609387
cold,0,1,0,0.0001,0.1,512,3,5,4,256,6000,8.0,2633729,4,4,9977,4105,900019,4,234,24234,103,618.0,5.15,8.60565,0.99819589
cold,0,1,0,0.0001,0.1,512,3,5,4,256,6000,8.0,2633729,4,4,9977,4105,900019,4,234,24234,104,624.0,5.2,8.6892,1.00126469
cold,0,1,0,0.0001,0.1,512,3,5,4,256,6000,8.0,2633729,4,4,9977,4105,900019,4,234,24234,105,630.0,5.25,8.77275,1.00303864
cold,0,1,0,0.0001,0.1,512,3,5,4,256,6000,8.0,2633729,4,4,9977,4105,900019,4,234,24234,106,636.0,5.3,8.8563,1.00176334
cold,0,1,0,0.0001,0.1,512,3,5,4,256,6000,8.0,2633729,4,4,9977,4105,900019,4,234,24234,107,642.0,5.35,8.93985,0.997464
cold,0,1,0,0.0001,0.1,512,3,5,4,256,6000,8.0,2633729,4,4,9977,4105,900019,4,234,24234,108,648.0,5.4,9.0234,0.9921658
cold,0,1,0,0.0001,0.1,512,3,5,4,256,6000,8.0,2633729,4,4,9977,4105,900019,4,234,24234,109,654.0,5.45,9.10695,0.98836595
cold,0,1,0,0.0001,0.1,512,3,5,4,256,6000,8.0,2633729,4,4,9977,4105,900019,4,234,24234,110,660.0,5.5,9.1905,0.98623425
cold,0,1,0,0.0001,0.1,512,3,5,4,256,6000,8.0,2633729,4,4,9977,4105,900019,4,234,24234,111,666.0,5.55,9.27405,0.98543209
cold,0,1,0,0.0001,0.1,512,3,5,4,256,6000,8.0,2633729,4,4,9977,4105,900019,4,234,24234,112,672.0,5.6,9.3576,0.98701519
cold,0,1,0,0.0001,0.1,512,3,5,4,256,6000,8.0,2633729,4,4,9977,4105,900019,4,234,24234,113,678.0,5.65,9.44115,0.99128646
cold,0,1,0,0.0001,0.1,512,3,5,4,256,6000,8.0,2633729,4,4,9977,4105,900019,4,234,24234,114,684.0,5.7,9.5247,0.99641019
cold,0,1,0,0.0001,0.1,512,3,5,4,256,6000,8.0,2633729,4,4,9977,4105,900019,4,234,24234,115,690.0,5.75,9.60825,1.00035095
cold,0,1,0,0.0001,0.1,512,3,5,4,256,6000,8.0,2633729,4,4,9977,4105,900019,4,234,24234,116,696.0,5.8,9.6918,1.00307357
cold,0,1,0,0.0001,0.1,512,3,5,4,256,6000,8.0,2633729,4,4,9977,4105,900019,4,234,24234,117,702.0,5.85,9.77535,1.00587881
cold,0,1,0,0.0001,0.1,512,3,5,4,256,6000,8.0,2633729,4,4,9977,4105,900019,4,234,24234,118,708.0,5.9,9.8589,1.00799704
cold,0,1,0,0.0001,0.1,512,3,5,4,256,6000,8.0,2633729,4,4,9977,4105,900019,4,234,24234,119,714.0,5.95,9.94245,1.00832331
cold,0,1,0,0.0001,0.1,512,3,5,4,256,6000,8.0,2633729,4,4,9977,4105,900019,4,234,24234,120,720.0,6.0,10.026,1.00703108
cold,0,1,0,0.0001,0.1,512,3,5,4,256,6000,8.0,2633729,4,4,9977,4105,900019,4,1023,25023,1,6.0,0.05,0.08355,0.03965763
cold,0,1,0,0.0001,0.1,512,3,5,4,256,6000,8.0,2633729,4,4,9977,4105,900019,4,1023,25023,2,12.0,0.1,0.1671,0.04615717
cold,0,1,0,0.0001,0.1,512,3,5,4,256,6000,8.0,2633729,4,4,9977,4105,900019,4,1023,25023,3,18.0,0.15,0.25065,0.05362994
cold,0,1,0,0.0001,0.1,512,3,5,4,256,6000,8.0,2633729,4,4,9977,4105,900019,4,1023,25023,4,24.0,0.2,0.3342,0.06163545
cold,0,1,0,0.0001,0.1,512,3,5,4,256,6000,8.0,2633729,4,4,9977,4105,900019,4,1023,25023,5,30.0,0.25,0.41775,0.06925973
cold,0,1,0,0.0001,0.1,512,3,5,4,256,6000,8.0,2633729,4,4,9977,4105,900019,4,1023,25023,6,36.0,0.3,0.5013,0.07861699
cold,0,1,0,0.0001,0.1,512,3,5,4,256,6000,8.0,2633729,4,4,9977,4105,900019,4,1023,25023,7,42.0,0.35,0.58485,0.08873282
cold,0,1,0,0.0001,0.1,512,3,5,4,256,6000,8.0,2633729,4,4,9977,4105,900019,4,1023,25023,8,48.0,0.4,0.6684,0.10008676
cold,0,1,0,0.0001,0.1,512,3,5,4,256,6000,8.0,2633729,4,4,9977,4105,900019,4,1023,25023,9,54.0,0.45,0.75195,0.11216737
cold,0,1,0,0.0001,0.1,512,3,5,4,256,6000,8.0,2633729,4,4,9977,4105,900019,4,1023,25023,10,60.0,0.5,0.8355,0.12447251
cold,0,1,0,0.0001,0.1,512,3,5,4,256,6000,8.0,2633729,4,4,9977,4105,900019,4,1023,25023,11,66.0,0.55,0.91905,0.13753626
cold,0,1,0,0.0001,0.1,512,3,5,4,256,6000,8.0,2633729,4,4,9977,4105,900019,4,1023,25023,12,72.0,0.6,1.0026,0.15256995
cold,0,1,0,0.0001,0.1,512,3,5,4,256,6000,8.0,2633729,4,4,9977,4105,900019,4,1023,25023,13,78.0,0.65,1.08615,0.16989973
cold,0,1,0,0.0001,0.1,512,3,5,4,256,6000,8.0,2633729,4,4,9977,4105,900019,4,1023,25023,14,84.0,0.7,1.1697,0.18912341
cold,0,1,0,0.0001,0.1,512,3,5,4,256,6000,8.0,2633729,4,4,9977,4105,900019,4,1023,25023,15,90.0,0.75,1.25325,0.20958464
cold,0,1,0,0.0001,0.1,512,3,5,4,256,6000,8.0,2633729,4,4,9977,4105,900019,4,1023,25023,16,96.0,0.8,1.3368,0.23059818
cold,0,1,0,0.0001,0.1,512,3,5,4,256,6000,8.0,2633729,4,4,9977,4105,900019,4,1023,25023,17,102.0,0.85,1.42035,0.25195697
cold,0,1,0,0.0001,0.1,512,3,5,4,256,6000,8.0,2633729,4,4,9977,4105,900019,4,1023,25023,18,108.0,0.9,1.5039,0.27403355
cold,0,1,0,0.0001,0.1,512,3,5,4,256,6000,8.0,2633729,4,4,9977,4105,900019,4,1023,25023,19,114.0,0.95,1.58745,0.29701307
cold,0,1,0,0.0001,0.1,512,3,5,4,256,6000,8.0,2633729,4,4,9977,4105,900019,4,1023,25023,20,120.0,1.0,1.671,0.3207401
cold,0,1,0,0.0001,0.1,512,3,5,4,256,6000,8.0,2633729,4,4,9977,4105,900019,4,1023,25023,21,126.0,1.05,1.75455,0.34460947
cold,0,1,0,0.0001,0.1,512,3,5,4,256,6000,8.0,2633729,4,4,9977,4105,900019,4,1023,25023,22,132.0,1.1,1.8381,0.36779806
cold,0,1,0,0.0001,0.1,512,3,5,4,256,6000,8.0,2633729,4,4,9977,4105,900019,4,1023,25023,23,138.0,1.15,1.92165,0.38945901
cold,0,1,0,0.0001,0.1,512,3,5,4,256,6000,8.0,2633729,4,4,9977,4105,900019,4,1023,25023,24,144.0,1.2,2.0052,0.4094961
cold,0,1,0,0.0001,0.1,512,3,5,4,256,6000,8.0,2633729,4,4,9977,4105,900019,4,1023,25023,25,150.0,1.25,2.08875,0.42877027
cold,0,1,0,0.0001,0.1,512,3,5,4,256,6000,8.0,2633729,4,4,9977,4105,900019,4,1023,25023,26,156.0,1.3,2.1723,0.44782895
cold,0,1,0,0.0001,0.1,512,3,5,4,256,6000,8.0,2633729,4,4,9977,4105,900019,4,1023,25023,27,162.0,1.35,2.25585,0.46645656
cold,0,1,0,0.0001,0.1,512,3,5,4,256,6000,8.0,2633729,4,4,9977,4105,900019,4,1023,25023,28,168.0,1.4,2.3394,0.4841924
cold,0,1,0,0.0001,0.1,512,3,5,4,256,6000,8.0,2633729,4,4,9977,4105,900019,4,1023,25023,29,174.0,1.45,2.42295,0.50277233
cold,0,1,0,0.0001,0.1,512,3,5,4,256,6000,8.0,2633729,4,4,9977,4105,900019,4,1023,25023,30,180.0,1.5,2.5065,0.5231818
cold,0,1,0,0.0001,0.1,512,3,5,4,256,6000,8.0,2633729,4,4,9977,4105,900019,4,1023,25023,31,186.0,1.55,2.59005,0.54308116
cold,0,1,0,0.0001,0.1,512,3,5,4,256,6000,8.0,2633729,4,4,9977,4105,900019,4,1023,25023,32,192.0,1.6,2.6736,0.5611003
cold,0,1,0,0.0001,0.1,512,3,5,4,256,6000,8.0,2633729,4,4,9977,4105,900019,4,1023,25023,33,198.0,1.65,2.75715,0.57938838
cold,0,1,0,0.0001,0.1,512,3,5,4,256,6000,8.0,2633729,4,4,9977,4105,900019,4,1023,25023,34,204.0,1.7,2.8407,0.59942943
cold,0,1,0,0.0001,0.1,512,3,5,4,256,6000,8.0,2633729,4,4,9977,4105,900019,4,1023,25023,35,210.0,1.75,2.92425,0.62001568
cold,0,1,0,0.0001,0.1,512,3,5,4,256,6000,8.0,2633729,4,4,9977,4105,900019,4,1023,25023,36,216.0,1.8,3.0078,0.63996971
cold,0,1,0,0.0001,0.1,512,3,5,4,256,6000,8.0,2633729,4,4,9977,4105,900019,4,1023,25023,37,222.0,1.85,3.09135,0.65878314
cold,0,1,0,0.0001,0.1,512,3,5,4,256,6000,8.0,2633729,4,4,9977,4105,900019,4,1023,25023,38,228.0,1.9,3.1749,0.67679501
cold,0,1,0,0.0001,0.1,512,3,5,4,256,6000,8.0,2633729,4,4,9977,4105,900019,4,1023,25023,39,234.0,1.95,3.25845,0.69361567
cold,0,1,0,0.0001,0.1,512,3,5,4,256,6000,8.0,2633729,4,4,9977,4105,900019,4,1023,25023,40,240.0,2.0,3.342,0.70766509
cold,0,1,0,0.0001,0.1,512,3,5,4,256,6000,8.0,2633729,4,4,9977,4105,900019,4,1023,25023,41,246.0,2.05,3.42555,0.7180934
cold,0,1,0,0.0001,0.1,512,3,5,4,256,6000,8.0,2633729,4,4,9977,4105,900019,4,1023,25023,42,252.0,2.1,3.5091,0.72554642
cold,0,1,0,0.0001,0.1,512,3,5,4,256,6000,8.0,2633729,4,4,9977,4105,900019,4,1023,25023,43,258.0,2.15,3.59265,0.73174119
cold,0,1,0,0.0001,0.1,512,3,5,4,256,6000,8.0,2633729,4,4,9977,4105,900019,4,1023,25023,44,264.0,2.2,3.6762,0.73842663
cold,0,1,0,0.0001,0.1,512,3,5,4,256,6000,8.0,2633729,4,4,9977,4105,900019,4,1023,25023,45,270.0,2.25,3.75975,0.74630499
cold,0,1,0,0.0001,0.1,512,3,5,4,256,6000,8.0,2633729,4,4,9977,4105,900019,4,1023,25023,46,276.0,2.3,3.8433,0.75470257
cold,0,1,0,0.0001,0.1,512,3,5,4,256,6000,8.0,2633729,4,4,9977,4105,900019,4,1023,25023,47,282.0,2.35,3.92685,0.76304007
cold,0,1,0,0.0001,0.1,512,3,5,4,256,6000,8.0,2633729,4,4,9977,4105,900019,4,1023,25023,48,288.0,2.4,4.0104,0.77198082
cold,0,1,0,0.0001,0.1,512,3,5,4,256,6000,8.0,2633729,4,4,9977,4105,900019,4,1023,25023,49,294.0,2.45,4.09395,0.78321886
cold,0,1,0,0.0001,0.1,512,3,5,4,256,6000,8.0,2633729,4,4,9977,4105,900019,4,1023,25023,50,300.0,2.5,4.1775,0.79833603
cold,0,1,0,0.0001,0.1,512,3,5,4,256,6000,8.0,2633729,4,4,9977,4105,900019,4,1023,25023,51,306.0,2.55,4.26105,0.81529152
cold,0,1,0,0.0001,0.1,512,3,5,4,256,6000,8.0,2633729,4,4,9977,4105,900019,4,1023,25023,52,312.0,2.6,4.3446,0.82907498
cold,0,1,0,0.0001,0.1,512,3,5,4,256,6000,8.0,2633729,4,4,9977,4105,900019,4,1023,25023,53,318.0,2.65,4.42815,0.83745033
cold,0,1,0,0.0001,0.1,512,3,5,4,256,6000,8.0,2633729,4,4,9977,4105,900019,4,1023,25023,54,324.0,2.7,4.5117,0.84293216
cold,0,1,0,0.0001,0.1,512,3,5,4,256,6000,8.0,2633729,4,4,9977,4105,900019,4,1023,25023,55,330.0,2.75,4.59525,0.84922338
cold,0,1,0,0.0001,0.1,512,3,5,4,256,6000,8.0,2633729,4,4,9977,4105,900019,4,1023,25023,56,336.0,2.8,4.6788,0.8578124
cold,0,1,0,0.0001,0.1,512,3,5,4,256,6000,8.0,2633729,4,4,9977,4105,900019,4,1023,25023,57,342.0,2.85,4.76235,0.8673597
cold,0,1,0,0.0001,0.1,512,3,5,4,256,6000,8.0,2633729,4,4,9977,4105,900019,4,1023,25023,58,348.0,2.9,4.8459,0.87698323
cold,0,1,0,0.0001,0.1,512,3,5,4,256,6000,8.0,2633729,4,4,9977,4105,900019,4,1023,25023,59,354.0,2.95,4.92945,0.88569432
cold,0,1,0,0.0001,0.1,512,3,5,4,256,6000,8.0,2633729,4,4,9977,4105,900019,4,1023,25023,60,360.0,3.0,5.013,0.89276886
cold,0,1,0,0.0001,0.1,512,3,5,4,256,6000,8.0,2633729,4,4,9977,4105,900019,4,1023,25023,61,366.0,3.05,5.09655,0.89838088
cold,0,1,0,0.0001,0.1,512,3,5,4,256,6000,8.0,2633729,4,4,9977,4105,900019,4,1023,25023,62,372.0,3.1,5.1801,0.90218568
cold,0,1,0,0.0001,0.1,512,3,5,4,256,6000,8.0,2633729,4,4,9977,4105,900019,4,1023,25023,63,378.0,3.15,5.26365,0.90443498
cold,0,1,0,0.0001,0.1,512,3,5,4,256,6000,8.0,2633729,4,4,9977,4105,900019,4,1023,25023,64,384.0,3.2,5.3472,0.90589869
cold,0,1,0,0.0001,0.1,512,3,5,4,256,6000,8.0,2633729,4,4,9977,4105,900019,4,1023,25023,65,390.0,3.25,5.43075,0.90639389
cold,0,1,0,0.0001,0.1,512,3,5,4,256,6000,8.0,2633729,4,4,9977,4105,900019,4,1023,25023,66,396.0,3.3,5.5143,0.90667939
cold,0,1,0,0.0001,0.1,512,3,5,4,256,6000,8.0,2633729,4,4,9977,4105,900019,4,1023,25023,67,402.0,3.35,5.59785,0.90860611
cold,0,1,0,0.0001,0.1,512,3,5,4,256,6000,8.0,2633729,4,4,9977,4105,900019,4,1023,25023,68,408.0,3.4,5.6814,0.91332
cold,0,1,0,0.0001,0.1,512,3,5,4,256,6000,8.0,2633729,4,4,9977,4105,900019,4,1023,25023,69,414.0,3.45,5.76495,0.92056054
cold,0,1,0,0.0001,0.1,512,3,5,4,256,6000,8.0,2633729,4,4,9977,4105,900019,4,1023,25023,70,420.0,3.5,5.8485,0.92858374
cold,0,1,0,0.0001,0.1,512,3,5,4,256,6000,8.0,2633729,4,4,9977,4105,900019,4,1023,25023,71,426.0,3.55,5.93205,0.93510383
cold,0,1,0,0.0001,0.1,512,3,5,4,256,6000,8.0,2633729,4,4,9977,4105,900019,4,1023,25023,72,432.0,3.6,6.0156,0.93970078
cold,0,1,0,0.0001,0.1,512,3,5,4,256,6000,8.0,2633729,4,4,9977,4105,900019,4,1023,25023,73,438.0,3.65,6.09915,0.94379908
cold,0,1,0,0.0001,0.1,512,3,5,4,256,6000,8.0,2633729,4,4,9977,4105,900019,4,1023,25023,74,444.0,3.7,6.1827,0.94786894
cold,0,1,0,0.0001,0.1,512,3,5,4,256,6000,8.0,2633729,4,4,9977,4105,900019,4,1023,25023,75,450.0,3.75,6.26625,0.95104367
cold,0,1,0,0.0001,0.1,512,3,5,4,256,6000,8.0,2633729,4,4,9977,4105,900019,4,1023,25023,76,456.0,3.8,6.3498,0.9529283
cold,0,1,0,0.0001,0.1,512,3,5,4,256,6000,8.0,2633729,4,4,9977,4105,900019,4,1023,25023,77,462.0,3.85,6.43335,0.95432281
cold,0,1,0,0.0001,0.1,512,3,5,4,256,6000,8.0,2633729,4,4,9977,4105,900019,4,1023,25023,78,468.0,3.9,6.5169,0.9560706
cold,0,1,0,0.0001,0.1,512,3,5,4,256,6000,8.0,2633729,4,4,9977,4105,900019,4,1023,25023,79,474.0,3.95,6.60045,0.95738494
cold,0,1,0,0.0001,0.1,512,3,5,4,256,6000,8.0,2633729,4,4,9977,4105,900019,4,1023,25023,80,480.0,4.0,6.684,0.95704538
cold,0,1,0,0.0001,0.1,512,3,5,4,256,6000,8.0,2633729,4,4,9977,4105,900019,4,1023,25023,81,486.0,4.05,6.76755,0.95603031
cold,0,1,0,0.0001,0.1,512,3,5,4,256,6000,8.0,2633729,4,4,9977,4105,900019,4,1023,25023,82,492.0,4.1,6.8511,0.95609814
cold,0,1,0,0.0001,0.1,512,3,5,4,256,6000,8.0,2633729,4,4,9977,4105,900019,4,1023,25023,83,498.0,4.15,6.93465,0.95745629
cold,0,1,0,0.0001,0.1,512,3,5,4,256,6000,8.0,2633729,4,4,9977,4105,900019,4,1023,25023,84,504.0,4.2,7.0182,0.95879591
cold,0,1,0,0.0001,0.1,512,3,5,4,256,6000,8.0,2633729,4,4,9977,4105,900019,4,1023,25023,85,510.0,4.25,7.10175,0.95898545
cold,0,1,0,0.0001,0.1,512,3,5,4,256,6000,8.0,2633729,4,4,9977,4105,900019,4,1023,25023,86,516.0,4.3,7.1853,0.95834804
cold,0,1,0,0.0001,0.1,512,3,5,4,256,6000,8.0,2633729,4,4,9977,4105,900019,4,1023,25023,87,522.0,4.35,7.26885,0.95805568
cold,0,1,0,0.0001,0.1,512,3,5,4,256,6000,8.0,2633729,4,4,9977,4105,900019,4,1023,25023,88,528.0,4.4,7.3524,0.95934194
cold,0,1,0,0.0001,0.1,512,3,5,4,256,6000,8.0,2633729,4,4,9977,4105,900019,4,1023,25023,89,534.0,4.45,7.43595,0.96137023
cold,0,1,0,0.0001,0.1,512,3,5,4,256,6000,8.0,2633729,4,4,9977,4105,900019,4,1023,25023,90,540.0,4.5,7.5195,0.9622997
cold,0,1,0,0.0001,0.1,512,3,5,4,256,6000,8.0,2633729,4,4,9977,4105,900019,4,1023,25023,91,546.0,4.55,7.60305,0.96162641
cold,0,1,0,0.0001,0.1,512,3,5,4,256,6000,8.0,2633729,4,4,9977,4105,900019,4,1023,25023,92,552.0,4.6,7.6866,0.95995563
cold,0,1,0,0.0001,0.1,512,3,5,4,256,6000,8.0,2633729,4,4,9977,4105,900019,4,1023,25023,93,558.0,4.65,7.77015,0.95834649
cold,0,1,0,0.0001,0.1,512,3,5,4,256,6000,8.0,2633729,4,4,9977,4105,900019,4,1023,25023,94,564.0,4.7,7.8537,0.95737016
cold,0,1,0,0.0001,0.1,512,3,5,4,256,6000,8.0,2633729,4,4,9977,4105,900019,4,1023,25023,95,570.0,4.75,7.93725,0.95615
cold,0,1,0,0.0001,0.1,512,3,5,4,256,6000,8.0,2633729,4,4,9977,4105,900019,4,1023,25023,96,576.0,4.8,8.0208,0.95372999
cold,0,1,0,0.0001,0.1,512,3,5,4,256,6000,8.0,2633729,4,4,9977,4105,900019,4,1023,25023,97,582.0,4.85,8.10435,0.95191073
cold,0,1,0,0.0001,0.1,512,3,5,4,256,6000,8.0,2633729,4,4,9977,4105,900019,4,1023,25023,98,588.0,4.9,8.1879,0.95313948
cold,0,1,0,0.0001,0.1,512,3,5,4,256,6000,8.0,2633729,4,4,9977,4105,900019,4,1023,25023,99,594.0,4.95,8.27145,0.95678198
cold,0,1,0,0.0001,0.1,512,3,5,4,256,6000,8.0,2633729,4,4,9977,4105,900019,4,1023,25023,100,600.0,5.0,8.355,0.96012723
cold,0,1,0,0.0001,0.1,512,3,5,4,256,6000,8.0,2633729,4,4,9977,4105,900019,4,1023,25023,101,606.0,5.05,8.43855,0.96180791
cold,0,1,0,0.0001,0.1,512,3,5,4,256,6000,8.0,2633729,4,4,9977,4105,900019,4,1023,25023,102,612.0,5.1,8.5221,0.96245611
cold,0,1,0,0.0001,0.1,512,3,5,4,256,6000,8.0,2633729,4,4,9977,4105,900019,4,1023,25023,103,618.0,5.15,8.60565,0.96329397
cold,0,1,0,0.0001,0.1,512,3,5,4,256,6000,8.0,2633729,4,4,9977,4105,900019,4,1023,25023,104,624.0,5.2,8.6892,0.96527117
cold,0,1,0,0.0001,0.1,512,3,5,4,256,6000,8.0,2633729,4,4,9977,4105,900019,4,1023,25023,105,630.0,5.25,8.77275,0.96773005
cold,0,1,0,0.0001,0.1,512,3,5,4,256,6000,8.0,2633729,4,4,9977,4105,900019,4,1023,25023,106,636.0,5.3,8.8563,0.96927452
cold,0,1,0,0.0001,0.1,512,3,5,4,256,6000,8.0,2633729,4,4,9977,4105,900019,4,1023,25023,107,642.0,5.35,8.93985,0.96974635
cold,0,1,0,0.0001,0.1,512,3,5,4,256,6000,8.0,2633729,4,4,9977,4105,900019,4,1023,25023,108,648.0,5.4,9.0234,0.96995771
cold,0,1,0,0.0001,0.1,512,3,5,4,256,6000,8.0,2633729,4,4,9977,4105,900019,4,1023,25023,109,654.0,5.45,9.10695,0.97077543
cold,0,1,0,0.0001,0.1,512,3,5,4,256,6000,8.0,2633729,4,4,9977,4105,900019,4,1023,25023,110,660.0,5.5,9.1905,0.97209197
cold,0,1,0,0.0001,0.1,512,3,5,4,256,6000,8.0,2633729,4,4,9977,4105,900019,4,1023,25023,111,666.0,5.55,9.27405,0.97260582
cold,0,1,0,0.0001,0.1,512,3,5,4,256,6000,8.0,2633729,4,4,9977,4105,900019,4,1023,25023,112,672.0,5.6,9.3576,0.97130865
cold,0,1,0,0.0001,0.1,512,3,5,4,256,6000,8.0,2633729,4,4,9977,4105,900019,4,1023,25023,113,678.0,5.65,9.44115,0.96853381
cold,0,1,0,0.0001,0.1,512,3,5,4,256,6000,8.0,2633729,4,4,9977,4105,900019,4,1023,25023,114,684.0,5.7,9.5247,0.96599162
cold,0,1,0,0.0001,0.1,512,3,5,4,256,6000,8.0,2633729,4,4,9977,4105,900019,4,1023,25023,115,690.0,5.75,9.60825,0.96555537
cold,0,1,0,0.0001,0.1,512,3,5,4,256,6000,8.0,2633729,4,4,9977,4105,900019,4,1023,25023,116,696.0,5.8,9.6918,0.96762723
cold,0,1,0,0.0001,0.1,512,3,5,4,256,6000,8.0,2633729,4,4,9977,4105,900019,4,1023,25023,117,702.0,5.85,9.77535,0.97099012
cold,0,1,0,0.0001,0.1,512,3,5,4,256,6000,8.0,2633729,4,4,9977,4105,900019,4,1023,25023,118,708.0,5.9,9.8589,0.97394872
cold,0,1,0,0.0001,0.1,512,3,5,4,256,6000,8.0,2633729,4,4,9977,4105,900019,4,1023,25023,119,714.0,5.95,9.94245,0.97538894
cold,0,1,0,0.0001,0.1,512,3,5,4,256,6000,8.0,2633729,4,4,9977,4105,900019,4,1023,25023,120,720.0,6.0,10.026,0.97477019
cold,0,1,0,0.0001,0.1,512,3,5,4,256,6000,8.0,2633729,4,4,9977,4105,900019,4,4468,28468,1,6.0,0.05,0.08355,0.03793475
cold,0,1,0,0.0001,0.1,512,3,5,4,256,6000,8.0,2633729,4,4,9977,4105,900019,4,4468,28468,2,12.0,0.1,0.1671,0.04520594
cold,0,1,0,0.0001,0.1,512,3,5,4,256,6000,8.0,2633729,4,4,9977,4105,900019,4,4468,28468,3,18.0,0.15,0.25065,0.05298641
cold,0,1,0,0.0001,0.1,512,3,5,4,256,6000,8.0,2633729,4,4,9977,4105,900019,4,4468,28468,4,24.0,0.2,0.3342,0.06074465
cold,0,1,0,0.0001,0.1,512,3,5,4,256,6000,8.0,2633729,4,4,9977,4105,900019,4,4468,28468,5,30.0,0.25,0.41775,0.06806585
cold,0,1,0,0.0001,0.1,512,3,5,4,256,6000,8.0,2633729,4,4,9977,4105,900019,4,4468,28468,6,36.0,0.3,0.5013,0.07780772
cold,0,1,0,0.0001,0.1,512,3,5,4,256,6000,8.0,2633729,4,4,9977,4105,900019,4,4468,28468,7,42.0,0.35,0.58485,0.08799689
cold,0,1,0,0.0001,0.1,512,3,5,4,256,6000,8.0,2633729,4,4,9977,4105,900019,4,4468,28468,8,48.0,0.4,0.6684,0.09886983
cold,0,1,0,0.0001,0.1,512,3,5,4,256,6000,8.0,2633729,4,4,9977,4105,900019,4,4468,28468,9,54.0,0.45,0.75195,0.11051871
cold,0,1,0,0.0001,0.1,512,3,5,4,256,6000,8.0,2633729,4,4,9977,4105,900019,4,4468,28468,10,60.0,0.5,0.8355,0.1231027
cold,0,1,0,0.0001,0.1,512,3,5,4,256,6000,8.0,2633729,4,4,9977,4105,900019,4,4468,28468,11,66.0,0.55,0.91905,0.13759325
cold,0,1,0,0.0001,0.1,512,3,5,4,256,6000,8.0,2633729,4,4,9977,4105,900019,4,4468,28468,12,72.0,0.6,1.0026,0.15490015
cold,0,1,0,0.0001,0.1,512,3,5,4,256,6000,8.0,2633729,4,4,9977,4105,900019,4,4468,28468,13,78.0,0.65,1.08615,0.17448491
cold,0,1,0,0.0001,0.1,512,3,5,4,256,6000,8.0,2633729,4,4,9977,4105,900019,4,4468,28468,14,84.0,0.7,1.1697,0.19530582
cold,0,1,0,0.0001,0.1,512,3,5,4,256,6000,8.0,2633729,4,4,9977,4105,900019,4,4468,28468,15,90.0,0.75,1.25325,0.21660669
cold,0,1,0,0.0001,0.1,512,3,5,4,256,6000,8.0,2633729,4,4,9977,4105,900019,4,4468,28468,16,96.0,0.8,1.3368,0.2384297
cold,0,1,0,0.0001,0.1,512,3,5,4,256,6000,8.0,2633729,4,4,9977,4105,900019,4,4468,28468,17,102.0,0.85,1.42035,0.26158375
cold,0,1,0,0.0001,0.1,512,3,5,4,256,6000,8.0,2633729,4,4,9977,4105,900019,4,4468,28468,18,108.0,0.9,1.5039,0.28646716
cold,0,1,0,0.0001,0.1,512,3,5,4,256,6000,8.0,2633729,4,4,9977,4105,900019,4,4468,28468,19,114.0,0.95,1.58745,0.31231746
cold,0,1,0,0.0001,0.1,512,3,5,4,256,6000,8.0,2633729,4,4,9977,4105,900019,4,4468,28468,20,120.0,1.0,1.671,0.33740497
cold,0,1,0,0.0001,0.1,512,3,5,4,256,6000,8.0,2633729,4,4,9977,4105,900019,4,4468,28468,21,126.0,1.05,1.75455,0.36008433
cold,0,1,0,0.0001,0.1,512,3,5,4,256,6000,8.0,2633729,4,4,9977,4105,900019,4,4468,28468,22,132.0,1.1,1.8381,0.38100064
cold,0,1,0,0.0001,0.1,512,3,5,4,256,6000,8.0,2633729,4,4,9977,4105,900019,4,4468,28468,23,138.0,1.15,1.92165,0.40268499
cold,0,1,0,0.0001,0.1,512,3,5,4,256,6000,8.0,2633729,4,4,9977,4105,900019,4,4468,28468,24,144.0,1.2,2.0052,0.42767748
cold,0,1,0,0.0001,0.1,512,3,5,4,256,6000,8.0,2633729,4,4,9977,4105,900019,4,4468,28468,25,150.0,1.25,2.08875,0.45534009
cold,0,1,0,0.0001,0.1,512,3,5,4,256,6000,8.0,2633729,4,4,9977,4105,900019,4,4468,28468,26,156.0,1.3,2.1723,0.48269877
cold,0,1,0,0.0001,0.1,512,3,5,4,256,6000,8.0,2633729,4,4,9977,4105,900019,4,4468,28468,27,162.0,1.35,2.25585,0.50724393
cold,0,1,0,0.0001,0.1,512,3,5,4,256,6000,8.0,2633729,4,4,9977,4105,900019,4,4468,28468,28,168.0,1.4,2.3394,0.52809548
cold,0,1,0,0.0001,0.1,512,3,5,4,256,6000,8.0,2633729,4,4,9977,4105,900019,4,4468,28468,29,174.0,1.45,2.42295,0.54676372
cold,0,1,0,0.0001,0.1,512,3,5,4,256,6000,8.0,2633729,4,4,9977,4105,900019,4,4468,28468,30,180.0,1.5,2.5065,0.565534
cold,0,1,0,0.0001,0.1,512,3,5,4,256,6000,8.0,2633729,4,4,9977,4105,900019,4,4468,28468,31,186.0,1.55,2.59005,0.58517069
cold,0,1,0,0.0001,0.1,512,3,5,4,256,6000,8.0,2633729,4,4,9977,4105,900019,4,4468,28468,32,192.0,1.6,2.6736,0.60548949
cold,0,1,0,0.0001,0.1,512,3,5,4,256,6000,8.0,2633729,4,4,9977,4105,900019,4,4468,28468,33,198.0,1.65,2.75715,0.62611586
cold,0,1,0,0.0001,0.1,512,3,5,4,256,6000,8.0,2633729,4,4,9977,4105,900019,4,4468,28468,34,204.0,1.7,2.8407,0.646918
cold,0,1,0,0.0001,0.1,512,3,5,4,256,6000,8.0,2633729,4,4,9977,4105,900019,4,4468,28468,35,210.0,1.75,2.92425,0.66705984
cold,0,1,0,0.0001,0.1,512,3,5,4,256,6000,8.0,2633729,4,4,9977,4105,900019,4,4468,28468,36,216.0,1.8,3.0078,0.68425518
cold,0,1,0,0.0001,0.1,512,3,5,4,256,6000,8.0,2633729,4,4,9977,4105,900019,4,4468,28468,37,222.0,1.85,3.09135,0.69743282
cold,0,1,0,0.0001,0.1,512,3,5,4,256,6000,8.0,2633729,4,4,9977,4105,900019,4,4468,28468,38,228.0,1.9,3.1749,0.70837569
cold,0,1,0,0.0001,0.1,512,3,5,4,256,6000,8.0,2633729,4,4,9977,4105,900019,4,4468,28468,39,234.0,1.95,3.25845,0.71940774
cold,0,1,0,0.0001,0.1,512,3,5,4,256,6000,8.0,2633729,4,4,9977,4105,900019,4,4468,28468,40,240.0,2.0,3.342,0.73168451
cold,0,1,0,0.0001,0.1,512,3,5,4,256,6000,8.0,2633729,4,4,9977,4105,900019,4,4468,28468,41,246.0,2.05,3.42555,0.74557441
cold,0,1,0,0.0001,0.1,512,3,5,4,256,6000,8.0,2633729,4,4,9977,4105,900019,4,4468,28468,42,252.0,2.1,3.5091,0.76105142
cold,0,1,0,0.0001,0.1,512,3,5,4,256,6000,8.0,2633729,4,4,9977,4105,900019,4,4468,28468,43,258.0,2.15,3.59265,0.77710754
cold,0,1,0,0.0001,0.1,512,3,5,4,256,6000,8.0,2633729,4,4,9977,4105,900019,4,4468,28468,44,264.0,2.2,3.6762,0.7914744
cold,0,1,0,0.0001,0.1,512,3,5,4,256,6000,8.0,2633729,4,4,9977,4105,900019,4,4468,28468,45,270.0,2.25,3.75975,0.80184078
cold,0,1,0,0.0001,0.1,512,3,5,4,256,6000,8.0,2633729,4,4,9977,4105,900019,4,4468,28468,46,276.0,2.3,3.8433,0.80755866
cold,0,1,0,0.0001,0.1,512,3,5,4,256,6000,8.0,2633729,4,4,9977,4105,900019,4,4468,28468,47,282.0,2.35,3.92685,0.81148285
cold,0,1,0,0.0001,0.1,512,3,5,4,256,6000,8.0,2633729,4,4,9977,4105,900019,4,4468,28468,48,288.0,2.4,4.0104,0.81728929
cold,0,1,0,0.0001,0.1,512,3,5,4,256,6000,8.0,2633729,4,4,9977,4105,900019,4,4468,28468,49,294.0,2.45,4.09395,0.82659316
cold,0,1,0,0.0001,0.1,512,3,5,4,256,6000,8.0,2633729,4,4,9977,4105,900019,4,4468,28468,50,300.0,2.5,4.1775,0.83879298
cold,0,1,0,0.0001,0.1,512,3,5,4,256,6000,8.0,2633729,4,4,9977,4105,900019,4,4468,28468,51,306.0,2.55,4.26105,0.85063756
cold,0,1,0,0.0001,0.1,512,3,5,4,256,6000,8.0,2633729,4,4,9977,4105,900019,4,4468,28468,52,312.0,2.6,4.3446,0.86005872
cold,0,1,0,0.0001,0.1,512,3,5,4,256,6000,8.0,2633729,4,4,9977,4105,900019,4,4468,28468,53,318.0,2.65,4.42815,0.86837655
cold,0,1,0,0.0001,0.1,512,3,5,4,256,6000,8.0,2633729,4,4,9977,4105,900019,4,4468,28468,54,324.0,2.7,4.5117,0.87744379
cold,0,1,0,0.0001,0.1,512,3,5,4,256,6000,8.0,2633729,4,4,9977,4105,900019,4,4468,28468,55,330.0,2.75,4.59525,0.88709652
cold,0,1,0,0.0001,0.1,512,3,5,4,256,6000,8.0,2633729,4,4,9977,4105,900019,4,4468,28468,56,336.0,2.8,4.6788,0.89647031
cold,0,1,0,0.0001,0.1,512,3,5,4,256,6000,8.0,2633729,4,4,9977,4105,900019,4,4468,28468,57,342.0,2.85,4.76235,0.90503711
cold,0,1,0,0.0001,0.1,512,3,5,4,256,6000,8.0,2633729,4,4,9977,4105,900019,4,4468,28468,58,348.0,2.9,4.8459,0.9112134
cold,0,1,0,0.0001,0.1,512,3,5,4,256,6000,8.0,2633729,4,4,9977,4105,900019,4,4468,28468,59,354.0,2.95,4.92945,0.91380566
cold,0,1,0,0.0001,0.1,512,3,5,4,256,6000,8.0,2633729,4,4,9977,4105,900019,4,4468,28468,60,360.0,3.0,5.013,0.91432542
cold,0,1,0,0.0001,0.1,512,3,5,4,256,6000,8.0,2633729,4,4,9977,4105,900019,4,4468,28468,61,366.0,3.05,5.09655,0.91569781
cold,0,1,0,0.0001,0.1,512,3,5,4,256,6000,8.0,2633729,4,4,9977,4105,900019,4,4468,28468,62,372.0,3.1,5.1801,0.91980755
cold,0,1,0,0.0001,0.1,512,3,5,4,256,6000,8.0,2633729,4,4,9977,4105,900019,4,4468,28468,63,378.0,3.15,5.26365,0.92599124
cold,0,1,0,0.0001,0.1,512,3,5,4,256,6000,8.0,2633729,4,4,9977,4105,900019,4,4468,28468,64,384.0,3.2,5.3472,0.93189168
cold,0,1,0,0.0001,0.1,512,3,5,4,256,6000,8.0,2633729,4,4,9977,4105,900019,4,4468,28468,65,390.0,3.25,5.43075,0.93589813
cold,0,1,0,0.0001,0.1,512,3,5,4,256,6000,8.0,2633729,4,4,9977,4105,900019,4,4468,28468,66,396.0,3.3,5.5143,0.93765873
cold,0,1,0,0.0001,0.1,512,3,5,4,256,6000,8.0,2633729,4,4,9977,4105,900019,4,4468,28468,67,402.0,3.35,5.59785,0.93859303
cold,0,1,0,0.0001,0.1,512,3,5,4,256,6000,8.0,2633729,4,4,9977,4105,900019,4,4468,28468,68,408.0,3.4,5.6814,0.94108188
cold,0,1,0,0.0001,0.1,512,3,5,4,256,6000,8.0,2633729,4,4,9977,4105,900019,4,4468,28468,69,414.0,3.45,5.76495,0.94584388
cold,0,1,0,0.0001,0.1,512,3,5,4,256,6000,8.0,2633729,4,4,9977,4105,900019,4,4468,28468,70,420.0,3.5,5.8485,0.95064497
cold,0,1,0,0.0001,0.1,512,3,5,4,256,6000,8.0,2633729,4,4,9977,4105,900019,4,4468,28468,71,426.0,3.55,5.93205,0.95346367
cold,0,1,0,0.0001,0.1,512,3,5,4,256,6000,8.0,2633729,4,4,9977,4105,900019,4,4468,28468,72,432.0,3.6,6.0156,0.95465392
cold,0,1,0,0.0001,0.1,512,3,5,4,256,6000,8.0,2633729,4,4,9977,4105,900019,4,4468,28468,73,438.0,3.65,6.09915,0.95464456
cold,0,1,0,0.0001,0.1,512,3,5,4,256,6000,8.0,2633729,4,4,9977,4105,900019,4,4468,28468,74,444.0,3.7,6.1827,0.95383018
cold,0,1,0,0.0001,0.1,512,3,5,4,256,6000,8.0,2633729,4,4,9977,4105,900019,4,4468,28468,75,450.0,3.75,6.26625,0.95344853
cold,0,1,0,0.0001,0.1,512,3,5,4,256,6000,8.0,2633729,4,4,9977,4105,900019,4,4468,28468,76,456.0,3.8,6.3498,0.9545089
cold,0,1,0,0.0001,0.1,512,3,5,4,256,6000,8.0,2633729,4,4,9977,4105,900019,4,4468,28468,77,462.0,3.85,6.43335,0.95653403
cold,0,1,0,0.0001,0.1,512,3,5,4,256,6000,8.0,2633729,4,4,9977,4105,900019,4,4468,28468,78,468.0,3.9,6.5169,0.9582026
cold,0,1,0,0.0001,0.1,512,3,5,4,256,6000,8.0,2633729,4,4,9977,4105,900019,4,4468,28468,79,474.0,3.95,6.60045,0.95852554
cold,0,1,0,0.0001,0.1,512,3,5,4,256,6000,8.0,2633729,4,4,9977,4105,900019,4,4468,28468,80,480.0,4.0,6.684,0.95769024
cold,0,1,0,0.0001,0.1,512,3,5,4,256,6000,8.0,2633729,4,4,9977,4105,900019,4,4468,28468,81,486.0,4.05,6.76755,0.95722336
cold,0,1,0,0.0001,0.1,512,3,5,4,256,6000,8.0,2633729,4,4,9977,4105,900019,4,4468,28468,82,492.0,4.1,6.8511,0.95874959
cold,0,1,0,0.0001,0.1,512,3,5,4,256,6000,8.0,2633729,4,4,9977,4105,900019,4,4468,28468,83,498.0,4.15,6.93465,0.961968
cold,0,1,0,0.0001,0.1,512,3,5,4,256,6000,8.0,2633729,4,4,9977,4105,900019,4,4468,28468,84,504.0,4.2,7.0182,0.96468139
cold,0,1,0,0.0001,0.1,512,3,5,4,256,6000,8.0,2633729,4,4,9977,4105,900019,4,4468,28468,85,510.0,4.25,7.10175,0.96542299
cold,0,1,0,0.0001,0.1,512,3,5,4,256,6000,8.0,2633729,4,4,9977,4105,900019,4,4468,28468,86,516.0,4.3,7.1853,0.96531558
cold,0,1,0,0.0001,0.1,512,3,5,4,256,6000,8.0,2633729,4,4,9977,4105,900019,4,4468,28468,87,522.0,4.35,7.26885,0.96799898
cold,0,1,0,0.0001,0.1,512,3,5,4,256,6000,8.0,2633729,4,4,9977,4105,900019,4,4468,28468,88,528.0,4.4,7.3524,0.97619987
cold,0,1,0,0.0001,0.1,512,3,5,4,256,6000,8.0,2633729,4,4,9977,4105,900019,4,4468,28468,89,534.0,4.45,7.43595,0.9875536
cold,0,1,0,0.0001,0.1,512,3,5,4,256,6000,8.0,2633729,4,4,9977,4105,900019,4,4468,28468,90,540.0,4.5,7.5195,0.99619204
cold,0,1,0,0.0001,0.1,512,3,5,4,256,6000,8.0,2633729,4,4,9977,4105,900019,4,4468,28468,91,546.0,4.55,7.60305,0.99944085
cold,0,1,0,0.0001,0.1,512,3,5,4,256,6000,8.0,2633729,4,4,9977,4105,900019,4,4468,28468,92,552.0,4.6,7.6866,0.99910897
cold,0,1,0,0.0001,0.1,512,3,5,4,256,6000,8.0,2633729,4,4,9977,4105,900019,4,4468,28468,93,558.0,4.65,7.77015,0.99780023
cold,0,1,0,0.0001,0.1,512,3,5,4,256,6000,8.0,2633729,4,4,9977,4105,900019,4,4468,28468,94,564.0,4.7,7.8537,0.99698514
cold,0,1,0,0.0001,0.1,512,3,5,4,256,6000,8.0,2633729,4,4,9977,4105,900019,4,4468,28468,95,570.0,4.75,7.93725,0.9961077
cold,0,1,0,0.0001,0.1,512,3,5,4,256,6000,8.0,2633729,4,4,9977,4105,900019,4,4468,28468,96,576.0,4.8,8.0208,0.99363095
cold,0,1,0,0.0001,0.1,512,3,5,4,256,6000,8.0,2633729,4,4,9977,4105,900019,4,4468,28468,97,582.0,4.85,8.10435,0.99044544
cold,0,1,0,0.0001,0.1,512,3,5,4,256,6000,8.0,2633729,4,4,9977,4105,900019,4,4468,28468,98,588.0,4.9,8.1879,0.98925632
cold,0,1,0,0.0001,0.1,512,3,5,4,256,6000,8.0,2633729,4,4,9977,4105,900019,4,4468,28468,99,594.0,4.95,8.27145,0.99135029
cold,0,1,0,0.0001,0.1,512,3,5,4,256,6000,8.0,2633729,4,4,9977,4105,900019,4,4468,28468,100,600.0,5.0,8.355,0.99560475
cold,0,1,0,0.0001,0.1,512,3,5,4,256,6000,8.0,2633729,4,4,9977,4105,900019,4,4468,28468,101,606.0,5.05,8.43855,1.00013995
cold,0,1,0,0.0001,0.1,512,3,5,4,256,6000,8.0,2633729,4,4,9977,4105,900019,4,4468,28468,102,612.0,5.1,8.5221,1.00376844
cold,0,1,0,0.0001,0.1,512,3,5,4,256,6000,8.0,2633729,4,4,9977,4105,900019,4,4468,28468,103,618.0,5.15,8.60565,1.00544691
cold,0,1,0,0.0001,0.1,512,3,5,4,256,6000,8.0,2633729,4,4,9977,4105,900019,4,4468,28468,104,624.0,5.2,8.6892,1.00474763
cold,0,1,0,0.0001,0.1,512,3,5,4,256,6000,8.0,2633729,4,4,9977,4105,900019,4,4468,28468,105,630.0,5.25,8.77275,1.00282443
cold,0,1,0,0.0001,0.1,512,3,5,4,256,6000,8.0,2633729,4,4,9977,4105,900019,4,4468,28468,106,636.0,5.3,8.8563,1.00160444
cold,0,1,0,0.0001,0.1,512,3,5,4,256,6000,8.0,2633729,4,4,9977,4105,900019,4,4468,28468,107,642.0,5.35,8.93985,1.00212133
cold,0,1,0,0.0001,0.1,512,3,5,4,256,6000,8.0,2633729,4,4,9977,4105,900019,4,4468,28468,108,648.0,5.4,9.0234,1.00301981
cold,0,1,0,0.0001,0.1,512,3,5,4,256,6000,8.0,2633729,4,4,9977,4105,900019,4,4468,28468,109,654.0,5.45,9.10695,1.0020448
cold,0,1,0,0.0001,0.1,512,3,5,4,256,6000,8.0,2633729,4,4,9977,4105,900019,4,4468,28468,110,660.0,5.5,9.1905,0.99801391
cold,0,1,0,0.0001,0.1,512,3,5,4,256,6000,8.0,2633729,4,4,9977,4105,900019,4,4468,28468,111,666.0,5.55,9.27405,0.99244457
cold,0,1,0,0.0001,0.1,512,3,5,4,256,6000,8.0,2633729,4,4,9977,4105,900019,4,4468,28468,112,672.0,5.6,9.3576,0.98883867
cold,0,1,0,0.0001,0.1,512,3,5,4,256,6000,8.0,2633729,4,4,9977,4105,900019,4,4468,28468,113,678.0,5.65,9.44115,0.98915106
cold,0,1,0,0.0001,0.1,512,3,5,4,256,6000,8.0,2633729,4,4,9977,4105,900019,4,4468,28468,114,684.0,5.7,9.5247,0.99247414
cold,0,1,0,0.0001,0.1,512,3,5,4,256,6000,8.0,2633729,4,4,9977,4105,900019,4,4468,28468,115,690.0,5.75,9.60825,0.99640191
cold,0,1,0,0.0001,0.1,512,3,5,4,256,6000,8.0,2633729,4,4,9977,4105,900019,4,4468,28468,116,696.0,5.8,9.6918,0.99894202
cold,0,1,0,0.0001,0.1,512,3,5,4,256,6000,8.0,2633729,4,4,9977,4105,900019,4,4468,28468,117,702.0,5.85,9.77535,0.99970496
cold,0,1,0,0.0001,0.1,512,3,5,4,256,6000,8.0,2633729,4,4,9977,4105,900019,4,4468,28468,118,708.0,5.9,9.8589,0.99874729
cold,0,1,0,0.0001,0.1,512,3,5,4,256,6000,8.0,2633729,4,4,9977,4105,900019,4,4468,28468,119,714.0,5.95,9.94245,0.99728733
cold,0,1,0,0.0001,0.1,512,3,5,4,256,6000,8.0,2633729,4,4,9977,4105,900019,4,4468,28468,120,720.0,6.0,10.026,0.99859923
cold,0,1,0,0.0001,0.1,512,3,5,4,256,6000,8.0,2633729,4,4,9977,4105,900019,4,6000,30000,1,6.0,0.05,0.08355,0.03738598
cold,0,1,0,0.0001,0.1,512,3,5,4,256,6000,8.0,2633729,4,4,9977,4105,900019,4,6000,30000,2,12.0,0.1,0.1671,0.04435261
cold,0,1,0,0.0001,0.1,512,3,5,4,256,6000,8.0,2633729,4,4,9977,4105,900019,4,6000,30000,3,18.0,0.15,0.25065,0.05177891
cold,0,1,0,0.0001,0.1,512,3,5,4,256,6000,8.0,2633729,4,4,9977,4105,900019,4,6000,30000,4,24.0,0.2,0.3342,0.05878842
cold,0,1,0,0.0001,0.1,512,3,5,4,256,6000,8.0,2633729,4,4,9977,4105,900019,4,6000,30000,5,30.0,0.25,0.41775,0.06498149
cold,0,1,0,0.0001,0.1,512,3,5,4,256,6000,8.0,2633729,4,4,9977,4105,900019,4,6000,30000,6,36.0,0.3,0.5013,0.07370645
cold,0,1,0,0.0001,0.1,512,3,5,4,256,6000,8.0,2633729,4,4,9977,4105,900019,4,6000,30000,7,42.0,0.35,0.58485,0.08288212
cold,0,1,0,0.0001,0.1,512,3,5,4,256,6000,8.0,2633729,4,4,9977,4105,900019,4,6000,30000,8,48.0,0.4,0.6684,0.0926922
cold,0,1,0,0.0001,0.1,512,3,5,4,256,6000,8.0,2633729,4,4,9977,4105,900019,4,6000,30000,9,54.0,0.45,0.75195,0.10330974
cold,0,1,0,0.0001,0.1,512,3,5,4,256,6000,8.0,2633729,4,4,9977,4105,900019,4,6000,30000,10,60.0,0.5,0.8355,0.11512033
cold,0,1,0,0.0001,0.1,512,3,5,4,256,6000,8.0,2633729,4,4,9977,4105,900019,4,6000,30000,11,66.0,0.55,0.91905,0.12862463
cold,0,1,0,0.0001,0.1,512,3,5,4,256,6000,8.0,2633729,4,4,9977,4105,900019,4,6000,30000,12,72.0,0.6,1.0026,0.14418198
cold,0,1,0,0.0001,0.1,512,3,5,4,256,6000,8.0,2633729,4,4,9977,4105,900019,4,6000,30000,13,78.0,0.65,1.08615,0.16138814
cold,0,1,0,0.0001,0.1,512,3,5,4,256,6000,8.0,2633729,4,4,9977,4105,900019,4,6000,30000,14,84.0,0.7,1.1697,0.17920817
cold,0,1,0,0.0001,0.1,512,3,5,4,256,6000,8.0,2633729,4,4,9977,4105,900019,4,6000,30000,15,90.0,0.75,1.25325,0.19658656
cold,0,1,0,0.0001,0.1,512,3,5,4,256,6000,8.0,2633729,4,4,9977,4105,900019,4,6000,30000,16,96.0,0.8,1.3368,0.21327427
cold,0,1,0,0.0001,0.1,512,3,5,4,256,6000,8.0,2633729,4,4,9977,4105,900019,4,6000,30000,17,102.0,0.85,1.42035,0.23024957
cold,0,1,0,0.0001,0.1,512,3,5,4,256,6000,8.0,2633729,4,4,9977,4105,900019,4,6000,30000,18,108.0,0.9,1.5039,0.24899004
cold,0,1,0,0.0001,0.1,512,3,5,4,256,6000,8.0,2633729,4,4,9977,4105,900019,4,6000,30000,19,114.0,0.95,1.58745,0.27022645
cold,0,1,0,0.0001,0.1,512,3,5,4,256,6000,8.0,2633729,4,4,9977,4105,900019,4,6000,30000,20,120.0,1.0,1.671,0.29316771
cold,0,1,0,0.0001,0.1,512,3,5,4,256,6000,8.0,2633729,4,4,9977,4105,900019,4,6000,30000,21,126.0,1.05,1.75455,0.31604216
cold,0,1,0,0.0001,0.1,512,3,5,4,256,6000,8.0,2633729,4,4,9977,4105,900019,4,6000,30000,22,132.0,1.1,1.8381,0.33781737
cold,0,1,0,0.0001,0.1,512,3,5,4,256,6000,8.0,2633729,4,4,9977,4105,900019,4,6000,30000,23,138.0,1.15,1.92165,0.35820487
cold,0,1,0,0.0001,0.1,512,3,5,4,256,6000,8.0,2633729,4,4,9977,4105,900019,4,6000,30000,24,144.0,1.2,2.0052,0.37734511
cold,0,1,0,0.0001,0.1,512,3,5,4,256,6000,8.0,2633729,4,4,9977,4105,900019,4,6000,30000,25,150.0,1.25,2.08875,0.39616165
cold,0,1,0,0.0001,0.1,512,3,5,4,256,6000,8.0,2633729,4,4,9977,4105,900019,4,6000,30000,26,156.0,1.3,2.1723,0.41588572
cold,0,1,0,0.0001,0.1,512,3,5,4,256,6000,8.0,2633729,4,4,9977,4105,900019,4,6000,30000,27,162.0,1.35,2.25585,0.43728206
cold,0,1,0,0.0001,0.1,512,3,5,4,256,6000,8.0,2633729,4,4,9977,4105,900019,4,6000,30000,28,168.0,1.4,2.3394,0.46112323
cold,0,1,0,0.0001,0.1,512,3,5,4,256,6000,8.0,2633729,4,4,9977,4105,900019,4,6000,30000,29,174.0,1.45,2.42295,0.48778981
cold,0,1,0,0.0001,0.1,512,3,5,4,256,6000,8.0,2633729,4,4,9977,4105,900019,4,6000,30000,30,180.0,1.5,2.5065,0.51503652
cold,0,1,0,0.0001,0.1,512,3,5,4,256,6000,8.0,2633729,4,4,9977,4105,900019,4,6000,30000,31,186.0,1.55,2.59005,0.53987175
cold,0,1,0,0.0001,0.1,512,3,5,4,256,6000,8.0,2633729,4,4,9977,4105,900019,4,6000,30000,32,192.0,1.6,2.6736,0.56276751
cold,0,1,0,0.0001,0.1,512,3,5,4,256,6000,8.0,2633729,4,4,9977,4105,900019,4,6000,30000,33,198.0,1.65,2.75715,0.58574176
cold,0,1,0,0.0001,0.1,512,3,5,4,256,6000,8.0,2633729,4,4,9977,4105,900019,4,6000,30000,34,204.0,1.7,2.8407,0.60829359
cold,0,1,0,0.0001,0.1,512,3,5,4,256,6000,8.0,2633729,4,4,9977,4105,900019,4,6000,30000,35,210.0,1.75,2.92425,0.62791121
cold,0,1,0,0.0001,0.1,512,3,5,4,256,6000,8.0,2633729,4,4,9977,4105,900019,4,6000,30000,36,216.0,1.8,3.0078,0.64348942
cold,0,1,0,0.0001,0.1,512,3,5,4,256,6000,8.0,2633729,4,4,9977,4105,900019,4,6000,30000,37,222.0,1.85,3.09135,0.65708703
cold,0,1,0,0.0001,0.1,512,3,5,4,256,6000,8.0,2633729,4,4,9977,4105,900019,4,6000,30000,38,228.0,1.9,3.1749,0.67172748
cold,0,1,0,0.0001,0.1,512,3,5,4,256,6000,8.0,2633729,4,4,9977,4105,900019,4,6000,30000,39,234.0,1.95,3.25845,0.68818837
cold,0,1,0,0.0001,0.1,512,3,5,4,256,6000,8.0,2633729,4,4,9977,4105,900019,4,6000,30000,40,240.0,2.0,3.342,0.70474297
cold,0,1,0,0.0001,0.1,512,3,5,4,256,6000,8.0,2633729,4,4,9977,4105,900019,4,6000,30000,41,246.0,2.05,3.42555,0.72007173
cold,0,1,0,0.0001,0.1,512,3,5,4,256,6000,8.0,2633729,4,4,9977,4105,900019,4,6000,30000,42,252.0,2.1,3.5091,0.73468202
cold,0,1,0,0.0001,0.1,512,3,5,4,256,6000,8.0,2633729,4,4,9977,4105,900019,4,6000,30000,43,258.0,2.15,3.59265,0.74845952
cold,0,1,0,0.0001,0.1,512,3,5,4,256,6000,8.0,2633729,4,4,9977,4105,900019,4,6000,30000,44,264.0,2.2,3.6762,0.75981516
cold,0,1,0,0.0001,0.1,512,3,5,4,256,6000,8.0,2633729,4,4,9977,4105,900019,4,6000,30000,45,270.0,2.25,3.75975,0.76778859
cold,0,1,0,0.0001,0.1,512,3,5,4,256,6000,8.0,2633729,4,4,9977,4105,900019,4,6000,30000,46,276.0,2.3,3.8433,0.77315336
cold,0,1,0,0.0001,0.1,512,3,5,4,256,6000,8.0,2633729,4,4,9977,4105,900019,4,6000,30000,47,282.0,2.35,3.92685,0.77875006
cold,0,1,0,0.0001,0.1,512,3,5,4,256,6000,8.0,2633729,4,4,9977,4105,900019,4,6000,30000,48,288.0,2.4,4.0104,0.78763044
cold,0,1,0,0.0001,0.1,512,3,5,4,256,6000,8.0,2633729,4,4,9977,4105,900019,4,6000,30000,49,294.0,2.45,4.09395,0.80017614
cold,0,1,0,0.0001,0.1,512,3,5,4,256,6000,8.0,2633729,4,4,9977,4105,900019,4,6000,30000,50,300.0,2.5,4.1775,0.81477636
cold,0,1,0,0.0001,0.1,512,3,5,4,256,6000,8.0,2633729,4,4,9977,4105,900019,4,6000,30000,51,306.0,2.55,4.26105,0.82925045
cold,0,1,0,0.0001,0.1,512,3,5,4,256,6000,8.0,2633729,4,4,9977,4105,900019,4,6000,30000,52,312.0,2.6,4.3446,0.8419894
cold,0,1,0,0.0001,0.1,512,3,5,4,256,6000,8.0,2633729,4,4,9977,4105,900019,4,6000,30000,53,318.0,2.65,4.42815,0.85281879
cold,0,1,0,0.0001,0.1,512,3,5,4,256,6000,8.0,2633729,4,4,9977,4105,900019,4,6000,30000,54,324.0,2.7,4.5117,0.86275828
cold,0,1,0,0.0001,0.1,512,3,5,4,256,6000,8.0,2633729,4,4,9977,4105,900019,4,6000,30000,55,330.0,2.75,4.59525,0.8724069
cold,0,1,0,0.0001,0.1,512,3,5,4,256,6000,8.0,2633729,4,4,9977,4105,900019,4,6000,30000,56,336.0,2.8,4.6788,0.880521
cold,0,1,0,0.0001,0.1,512,3,5,4,256,6000,8.0,2633729,4,4,9977,4105,900019,4,6000,30000,57,342.0,2.85,4.76235,0.88620287
cold,0,1,0,0.0001,0.1,512,3,5,4,256,6000,8.0,2633729,4,4,9977,4105,900019,4,6000,30000,58,348.0,2.9,4.8459,0.88983619
cold,0,1,0,0.0001,0.1,512,3,5,4,256,6000,8.0,2633729,4,4,9977,4105,900019,4,6000,30000,59,354.0,2.95,4.92945,0.89257038
cold,0,1,0,0.0001,0.1,512,3,5,4,256,6000,8.0,2633729,4,4,9977,4105,900019,4,6000,30000,60,360.0,3.0,5.013,0.89665592
cold,0,1,0,0.0001,0.1,512,3,5,4,256,6000,8.0,2633729,4,4,9977,4105,900019,4,6000,30000,61,366.0,3.05,5.09655,0.90364146
cold,0,1,0,0.0001,0.1,512,3,5,4,256,6000,8.0,2633729,4,4,9977,4105,900019,4,6000,30000,62,372.0,3.1,5.1801,0.91194177
cold,0,1,0,0.0001,0.1,512,3,5,4,256,6000,8.0,2633729,4,4,9977,4105,900019,4,6000,30000,63,378.0,3.15,5.26365,0.91820312
cold,0,1,0,0.0001,0.1,512,3,5,4,256,6000,8.0,2633729,4,4,9977,4105,900019,4,6000,30000,64,384.0,3.2,5.3472,0.92146069
cold,0,1,0,0.0001,0.1,512,3,5,4,256,6000,8.0,2633729,4,4,9977,4105,900019,4,6000,30000,65,390.0,3.25,5.43075,0.92334467
cold,0,1,0,0.0001,0.1,512,3,5,4,256,6000,8.0,2633729,4,4,9977,4105,900019,4,6000,30000,66,396.0,3.3,5.5143,0.92544913
cold,0,1,0,0.0001,0.1,512,3,5,4,256,6000,8.0,2633729,4,4,9977,4105,900019,4,6000,30000,67,402.0,3.35,5.59785,0.92875677
cold,0,1,0,0.0001,0.1,512,3,5,4,256,6000,8.0,2633729,4,4,9977,4105,900019,4,6000,30000,68,408.0,3.4,5.6814,0.93326122
cold,0,1,0,0.0001,0.1,512,3,5,4,256,6000,8.0,2633729,4,4,9977,4105,900019,4,6000,30000,69,414.0,3.45,5.76495,0.93760878
cold,0,1,0,0.0001,0.1,512,3,5,4,256,6000,8.0,2633729,4,4,9977,4105,900019,4,6000,30000,70,420.0,3.5,5.8485,0.94081843
cold,0,1,0,0.0001,0.1,512,3,5,4,256,6000,8.0,2633729,4,4,9977,4105,900019,4,6000,30000,71,426.0,3.55,5.93205,0.94345403
cold,0,1,0,0.0001,0.1,512,3,5,4,256,6000,8.0,2633729,4,4,9977,4105,900019,4,6000,30000,72,432.0,3.6,6.0156,0.94725448
cold,0,1,0,0.0001,0.1,512,3,5,4,256,6000,8.0,2633729,4,4,9977,4105,900019,4,6000,30000,73,438.0,3.65,6.09915,0.95358098
cold,0,1,0,0.0001,0.1,512,3,5,4,256,6000,8.0,2633729,4,4,9977,4105,900019,4,6000,30000,74,444.0,3.7,6.1827,0.96088916
cold,0,1,0,0.0001,0.1,512,3,5,4,256,6000,8.0,2633729,4,4,9977,4105,900019,4,6000,30000,75,450.0,3.75,6.26625,0.96651822
cold,0,1,0,0.0001,0.1,512,3,5,4,256,6000,8.0,2633729,4,4,9977,4105,900019,4,6000,30000,76,456.0,3.8,6.3498,0.97043383
cold,0,1,0,0.0001,0.1,512,3,5,4,256,6000,8.0,2633729,4,4,9977,4105,900019,4,6000,30000,77,462.0,3.85,6.43335,0.9745813
cold,0,1,0,0.0001,0.1,512,3,5,4,256,6000,8.0,2633729,4,4,9977,4105,900019,4,6000,30000,78,468.0,3.9,6.5169,0.97931027
cold,0,1,0,0.0001,0.1,512,3,5,4,256,6000,8.0,2633729,4,4,9977,4105,900019,4,6000,30000,79,474.0,3.95,6.60045,0.98244828
cold,0,1,0,0.0001,0.1,512,3,5,4,256,6000,8.0,2633729,4,4,9977,4105,900019,4,6000,30000,80,480.0,4.0,6.684,0.98248678
cold,0,1,0,0.0001,0.1,512,3,5,4,256,6000,8.0,2633729,4,4,9977,4105,900019,4,6000,30000,81,486.0,4.05,6.76755,0.98086292
cold,0,1,0,0.0001,0.1,512,3,5,4,256,6000,8.0,2633729,4,4,9977,4105,900019,4,6000,30000,82,492.0,4.1,6.8511,0.9799307
cold,0,1,0,0.0001,0.1,512,3,5,4,256,6000,8.0,2633729,4,4,9977,4105,900019,4,6000,30000,83,498.0,4.15,6.93465,0.97991514
cold,0,1,0,0.0001,0.1,512,3,5,4,256,6000,8.0,2633729,4,4,9977,4105,900019,4,6000,30000,84,504.0,4.2,7.0182,0.97992313
cold,0,1,0,0.0001,0.1,512,3,5,4,256,6000,8.0,2633729,4,4,9977,4105,900019,4,6000,30000,85,510.0,4.25,7.10175,0.97964507
cold,0,1,0,0.0001,0.1,512,3,5,4,256,6000,8.0,2633729,4,4,9977,4105,900019,4,6000,30000,86,516.0,4.3,7.1853,0.97994977
cold,0,1,0,0.0001,0.1,512,3,5,4,256,6000,8.0,2633729,4,4,9977,4105,900019,4,6000,30000,87,522.0,4.35,7.26885,0.98173356
cold,0,1,0,0.0001,0.1,512,3,5,4,256,6000,8.0,2633729,4,4,9977,4105,900019,4,6000,30000,88,528.0,4.4,7.3524,0.98487592
cold,0,1,0,0.0001,0.1,512,3,5,4,256,6000,8.0,2633729,4,4,9977,4105,900019,4,6000,30000,89,534.0,4.45,7.43595,0.98800063
cold,0,1,0,0.0001,0.1,512,3,5,4,256,6000,8.0,2633729,4,4,9977,4105,900019,4,6000,30000,90,540.0,4.5,7.5195,0.98961884
cold,0,1,0,0.0001,0.1,512,3,5,4,256,6000,8.0,2633729,4,4,9977,4105,900019,4,6000,30000,91,546.0,4.55,7.60305,0.99056888
cold,0,1,0,0.0001,0.1,512,3,5,4,256,6000,8.0,2633729,4,4,9977,4105,900019,4,6000,30000,92,552.0,4.6,7.6866,0.99333084
cold,0,1,0,0.0001,0.1,512,3,5,4,256,6000,8.0,2633729,4,4,9977,4105,900019,4,6000,30000,93,558.0,4.65,7.77015,0.99882102
cold,0,1,0,0.0001,0.1,512,3,5,4,256,6000,8.0,2633729,4,4,9977,4105,900019,4,6000,30000,94,564.0,4.7,7.8537,1.00514507
cold,0,1,0,0.0001,0.1,512,3,5,4,256,6000,8.0,2633729,4,4,9977,4105,900019,4,6000,30000,95,570.0,4.75,7.93725,1.0089978
cold,0,1,0,0.0001,0.1,512,3,5,4,256,6000,8.0,2633729,4,4,9977,4105,900019,4,6000,30000,96,576.0,4.8,8.0208,1.00915086
cold,0,1,0,0.0001,0.1,512,3,5,4,256,6000,8.0,2633729,4,4,9977,4105,900019,4,6000,30000,97,582.0,4.85,8.10435,1.0074563
cold,0,1,0,0.0001,0.1,512,3,5,4,256,6000,8.0,2633729,4,4,9977,4105,900019,4,6000,30000,98,588.0,4.9,8.1879,1.00581455
cold,0,1,0,0.0001,0.1,512,3,5,4,256,6000,8.0,2633729,4,4,9977,4105,900019,4,6000,30000,99,594.0,4.95,8.27145,1.00474238
cold,0,1,0,0.0001,0.1,512,3,5,4,256,6000,8.0,2633729,4,4,9977,4105,900019,4,6000,30000,100,600.0,5.0,8.355,1.00430155
cold,0,1,0,0.0001,0.1,512,3,5,4,256,6000,8.0,2633729,4,4,9977,4105,900019,4,6000,30000,101,606.0,5.05,8.43855,1.00394845
cold,0,1,0,0.0001,0.1,512,3,5,4,256,6000,8.0,2633729,4,4,9977,4105,900019,4,6000,30000,102,612.0,5.1,8.5221,1.00323737
cold,0,1,0,0.0001,0.1,512,3,5,4,256,6000,8.0,2633729,4,4,9977,4105,900019,4,6000,30000,103,618.0,5.15,8.60565,1.00325894
cold,0,1,0,0.0001,0.1,512,3,5,4,256,6000,8.0,2633729,4,4,9977,4105,900019,4,6000,30000,104,624.0,5.2,8.6892,1.00554931
cold,0,1,0,0.0001,0.1,512,3,5,4,256,6000,8.0,2633729,4,4,9977,4105,900019,4,6000,30000,105,630.0,5.25,8.77275,1.00951278
cold,0,1,0,0.0001,0.1,512,3,5,4,256,6000,8.0,2633729,4,4,9977,4105,900019,4,6000,30000,106,636.0,5.3,8.8563,1.01352465
cold,0,1,0,0.0001,0.1,512,3,5,4,256,6000,8.0,2633729,4,4,9977,4105,900019,4,6000,30000,107,642.0,5.35,8.93985,1.0171746
cold,0,1,0,0.0001,0.1,512,3,5,4,256,6000,8.0,2633729,4,4,9977,4105,900019,4,6000,30000,108,648.0,5.4,9.0234,1.02041852
cold,0,1,0,0.0001,0.1,512,3,5,4,256,6000,8.0,2633729,4,4,9977,4105,900019,4,6000,30000,109,654.0,5.45,9.10695,1.02102399
cold,0,1,0,0.0001,0.1,512,3,5,4,256,6000,8.0,2633729,4,4,9977,4105,900019,4,6000,30000,110,660.0,5.5,9.1905,1.01774824
cold,0,1,0,0.0001,0.1,512,3,5,4,256,6000,8.0,2633729,4,4,9977,4105,900019,4,6000,30000,111,666.0,5.55,9.27405,1.01386058
cold,0,1,0,0.0001,0.1,512,3,5,4,256,6000,8.0,2633729,4,4,9977,4105,900019,4,6000,30000,112,672.0,5.6,9.3576,1.01242411
cold,0,1,0,0.0001,0.1,512,3,5,4,256,6000,8.0,2633729,4,4,9977,4105,900019,4,6000,30000,113,678.0,5.65,9.44115,1.01285863
cold,0,1,0,0.0001,0.1,512,3,5,4,256,6000,8.0,2633729,4,4,9977,4105,900019,4,6000,30000,114,684.0,5.7,9.5247,1.01349437
cold,0,1,0,0.0001,0.1,512,3,5,4,256,6000,8.0,2633729,4,4,9977,4105,900019,4,6000,30000,115,690.0,5.75,9.60825,1.01287901
cold,0,1,0,0.0001,0.1,512,3,5,4,256,6000,8.0,2633729,4,4,9977,4105,900019,4,6000,30000,116,696.0,5.8,9.6918,1.01104963
cold,0,1,0,0.0001,0.1,512,3,5,4,256,6000,8.0,2633729,4,4,9977,4105,900019,4,6000,30000,117,702.0,5.85,9.77535,1.00941503
cold,0,1,0,0.0001,0.1,512,3,5,4,256,6000,8.0,2633729,4,4,9977,4105,900019,4,6000,30000,118,708.0,5.9,9.8589,1.0087862
cold,0,1,0,0.0001,0.1,512,3,5,4,256,6000,8.0,2633729,4,4,9977,4105,900019,4,6000,30000,119,714.0,5.95,9.94245,1.00938344
cold,0,1,0,0.0001,0.1,512,3,5,4,256,6000,8.0,2633729,4,4,9977,4105,900019,4,6000,30000,120,720.0,6.0,10.026,1.01004243
cold,0,1,0,0.0001,0.1,512,3,5,4,256,6000,8.0,2633729,4,4,9977,4106,900020,5,1,30001,1,6.0,0.05,0.08355,0.15895553
cold,0,1,0,0.0001,0.1,512,3,5,4,256,6000,8.0,2633729,4,4,9977,4106,900020,5,1,30001,2,12.0,0.1,0.1671,0.28580007
cold,0,1,0,0.0001,0.1,512,3,5,4,256,6000,8.0,2633729,4,4,9977,4106,900020,5,1,30001,3,18.0,0.15,0.25065,0.40289399
cold,0,1,0,0.0001,0.1,512,3,5,4,256,6000,8.0,2633729,4,4,9977,4106,900020,5,1,30001,4,24.0,0.2,0.3342,0.50182164
cold,0,1,0,0.0001,0.1,512,3,5,4,256,6000,8.0,2633729,4,4,9977,4106,900020,5,1,30001,5,30.0,0.25,0.41775,0.58003086
cold,0,1,0,0.0001,0.1,512,3,5,4,256,6000,8.0,2633729,4,4,9977,4106,900020,5,1,30001,6,36.0,0.3,0.5013,0.63824445
cold,0,1,0,0.0001,0.1,512,3,5,4,256,6000,8.0,2633729,4,4,9977,4106,900020,5,1,30001,7,42.0,0.35,0.58485,0.67816097
cold,0,1,0,0.0001,0.1,512,3,5,4,256,6000,8.0,2633729,4,4,9977,4106,900020,5,1,30001,8,48.0,0.4,0.6684,0.70281094
cold,0,1,0,0.0001,0.1,512,3,5,4,256,6000,8.0,2633729,4,4,9977,4106,900020,5,1,30001,9,54.0,0.45,0.75195,0.71602255
cold,0,1,0,0.0001,0.1,512,3,5,4,256,6000,8.0,2633729,4,4,9977,4106,900020,5,1,30001,10,60.0,0.5,0.8355,0.72117418
cold,0,1,0,0.0001,0.1,512,3,5,4,256,6000,8.0,2633729,4,4,9977,4106,900020,5,1,30001,11,66.0,0.55,0.91905,0.72145671
cold,0,1,0,0.0001,0.1,512,3,5,4,256,6000,8.0,2633729,4,4,9977,4106,900020,5,1,30001,12,72.0,0.6,1.0026,0.72026795
cold,0,1,0,0.0001,0.1,512,3,5,4,256,6000,8.0,2633729,4,4,9977,4106,900020,5,1,30001,13,78.0,0.65,1.08615,0.72011584
cold,0,1,0,0.0001,0.1,512,3,5,4,256,6000,8.0,2633729,4,4,9977,4106,900020,5,1,30001,14,84.0,0.7,1.1697,0.72194219
cold,0,1,0,0.0001,0.1,512,3,5,4,256,6000,8.0,2633729,4,4,9977,4106,900020,5,1,30001,15,90.0,0.75,1.25325,0.72532231
cold,0,1,0,0.0001,0.1,512,3,5,4,256,6000,8.0,2633729,4,4,9977,4106,900020,5,1,30001,16,96.0,0.8,1.3368,0.72901577
cold,0,1,0,0.0001,0.1,512,3,5,4,256,6000,8.0,2633729,4,4,9977,4106,900020,5,1,30001,17,102.0,0.85,1.42035,0.73216563
cold,0,1,0,0.0001,0.1,512,3,5,4,256,6000,8.0,2633729,4,4,9977,4106,900020,5,1,30001,18,108.0,0.9,1.5039,0.73462373
cold,0,1,0,0.0001,0.1,512,3,5,4,256,6000,8.0,2633729,4,4,9977,4106,900020,5,1,30001,19,114.0,0.95,1.58745,0.73608297
cold,0,1,0,0.0001,0.1,512,3,5,4,256,6000,8.0,2633729,4,4,9977,4106,900020,5,1,30001,20,120.0,1.0,1.671,0.73589277
cold,0,1,0,0.0001,0.1,512,3,5,4,256,6000,8.0,2633729,4,4,9977,4106,900020,5,1,30001,21,126.0,1.05,1.75455,0.73402476
cold,0,1,0,0.0001,0.1,512,3,5,4,256,6000,8.0,2633729,4,4,9977,4106,900020,5,1,30001,22,132.0,1.1,1.8381,0.73151958
cold,0,1,0,0.0001,0.1,512,3,5,4,256,6000,8.0,2633729,4,4,9977,4106,900020,5,1,30001,23,138.0,1.15,1.92165,0.72976202
cold,0,1,0,0.0001,0.1,512,3,5,4,256,6000,8.0,2633729,4,4,9977,4106,900020,5,1,30001,24,144.0,1.2,2.0052,0.72963268
cold,0,1,0,0.0001,0.1,512,3,5,4,256,6000,8.0,2633729,4,4,9977,4106,900020,5,1,30001,25,150.0,1.25,2.08875,0.73078746
cold,0,1,0,0.0001,0.1,512,3,5,4,256,6000,8.0,2633729,4,4,9977,4106,900020,5,1,30001,26,156.0,1.3,2.1723,0.73192793
cold,0,1,0,0.0001,0.1,512,3,5,4,256,6000,8.0,2633729,4,4,9977,4106,900020,5,1,30001,27,162.0,1.35,2.25585,0.73217869
cold,0,1,0,0.0001,0.1,512,3,5,4,256,6000,8.0,2633729,4,4,9977,4106,900020,5,1,30001,28,168.0,1.4,2.3394,0.73161387
cold,0,1,0,0.0001,0.1,512,3,5,4,256,6000,8.0,2633729,4,4,9977,4106,900020,5,1,30001,29,174.0,1.45,2.42295,0.73051202
cold,0,1,0,0.0001,0.1,512,3,5,4,256,6000,8.0,2633729,4,4,9977,4106,900020,5,1,30001,30,180.0,1.5,2.5065,0.72888142
cold,0,1,0,0.0001,0.1,512,3,5,4,256,6000,8.0,2633729,4,4,9977,4106,900020,5,1,30001,31,186.0,1.55,2.59005,0.72707868
cold,0,1,0,0.0001,0.1,512,3,5,4,256,6000,8.0,2633729,4,4,9977,4106,900020,5,1,30001,32,192.0,1.6,2.6736,0.7260561
cold,0,1,0,0.0001,0.1,512,3,5,4,256,6000,8.0,2633729,4,4,9977,4106,900020,5,1,30001,33,198.0,1.65,2.75715,0.72630942
cold,0,1,0,0.0001,0.1,512,3,5,4,256,6000,8.0,2633729,4,4,9977,4106,900020,5,1,30001,34,204.0,1.7,2.8407,0.7274037
cold,0,1,0,0.0001,0.1,512,3,5,4,256,6000,8.0,2633729,4,4,9977,4106,900020,5,1,30001,35,210.0,1.75,2.92425,0.72849482
cold,0,1,0,0.0001,0.1,512,3,5,4,256,6000,8.0,2633729,4,4,9977,4106,900020,5,1,30001,36,216.0,1.8,3.0078,0.72894901
cold,0,1,0,0.0001,0.1,512,3,5,4,256,6000,8.0,2633729,4,4,9977,4106,900020,5,1,30001,37,222.0,1.85,3.09135,0.72883499
cold,0,1,0,0.0001,0.1,512,3,5,4,256,6000,8.0,2633729,4,4,9977,4106,900020,5,1,30001,38,228.0,1.9,3.1749,0.72845399
cold,0,1,0,0.0001,0.1,512,3,5,4,256,6000,8.0,2633729,4,4,9977,4106,900020,5,1,30001,39,234.0,1.95,3.25845,0.72765422
cold,0,1,0,0.0001,0.1,512,3,5,4,256,6000,8.0,2633729,4,4,9977,4106,900020,5,1,30001,40,240.0,2.0,3.342,0.72610921
cold,0,1,0,0.0001,0.1,512,3,5,4,256,6000,8.0,2633729,4,4,9977,4106,900020,5,1,30001,41,246.0,2.05,3.42555,0.723988
cold,0,1,0,0.0001,0.1,512,3,5,4,256,6000,8.0,2633729,4,4,9977,4106,900020,5,1,30001,42,252.0,2.1,3.5091,0.72200984
cold,0,1,0,0.0001,0.1,512,3,5,4,256,6000,8.0,2633729,4,4,9977,4106,900020,5,1,30001,43,258.0,2.15,3.59265,0.72091627
cold,0,1,0,0.0001,0.1,512,3,5,4,256,6000,8.0,2633729,4,4,9977,4106,900020,5,1,30001,44,264.0,2.2,3.6762,0.72095591
cold,0,1,0,0.0001,0.1,512,3,5,4,256,6000,8.0,2633729,4,4,9977,4106,900020,5,1,30001,45,270.0,2.25,3.75975,0.72154975
cold,0,1,0,0.0001,0.1,512,3,5,4,256,6000,8.0,2633729,4,4,9977,4106,900020,5,1,30001,46,276.0,2.3,3.8433,0.72181809
cold,0,1,0,0.0001,0.1,512,3,5,4,256,6000,8.0,2633729,4,4,9977,4106,900020,5,1,30001,47,282.0,2.35,3.92685,0.72149229
cold,0,1,0,0.0001,0.1,512,3,5,4,256,6000,8.0,2633729,4,4,9977,4106,900020,5,1,30001,48,288.0,2.4,4.0104,0.72092009
cold,0,1,0,0.0001,0.1,512,3,5,4,256,6000,8.0,2633729,4,4,9977,4106,900020,5,1,30001,49,294.0,2.45,4.09395,0.72022492
cold,0,1,0,0.0001,0.1,512,3,5,4,256,6000,8.0,2633729,4,4,9977,4106,900020,5,1,30001,50,300.0,2.5,4.1775,0.71899366
cold,0,1,0,0.0001,0.1,512,3,5,4,256,6000,8.0,2633729,4,4,9977,4106,900020,5,1,30001,51,306.0,2.55,4.26105,0.71723211
cold,0,1,0,0.0001,0.1,512,3,5,4,256,6000,8.0,2633729,4,4,9977,4106,900020,5,1,30001,52,312.0,2.6,4.3446,0.7158671
cold,0,1,0,0.0001,0.1,512,3,5,4,256,6000,8.0,2633729,4,4,9977,4106,900020,5,1,30001,53,318.0,2.65,4.42815,0.71573544
cold,0,1,0,0.0001,0.1,512,3,5,4,256,6000,8.0,2633729,4,4,9977,4106,900020,5,1,30001,54,324.0,2.7,4.5117,0.71674061
cold,0,1,0,0.0001,0.1,512,3,5,4,256,6000,8.0,2633729,4,4,9977,4106,900020,5,1,30001,55,330.0,2.75,4.59525,0.71799177
cold,0,1,0,0.0001,0.1,512,3,5,4,256,6000,8.0,2633729,4,4,9977,4106,900020,5,1,30001,56,336.0,2.8,4.6788,0.71869618
cold,0,1,0,0.0001,0.1,512,3,5,4,256,6000,8.0,2633729,4,4,9977,4106,900020,5,1,30001,57,342.0,2.85,4.76235,0.71889919
cold,0,1,0,0.0001,0.1,512,3,5,4,256,6000,8.0,2633729,4,4,9977,4106,900020,5,1,30001,58,348.0,2.9,4.8459,0.71886921
cold,0,1,0,0.0001,0.1,512,3,5,4,256,6000,8.0,2633729,4,4,9977,4106,900020,5,1,30001,59,354.0,2.95,4.92945,0.71840084
cold,0,1,0,0.0001,0.1,512,3,5,4,256,6000,8.0,2633729,4,4,9977,4106,900020,5,1,30001,60,360.0,3.0,5.013,0.71721089
cold,0,1,0,0.0001,0.1,512,3,5,4,256,6000,8.0,2633729,4,4,9977,4106,900020,5,1,30001,61,366.0,3.05,5.09655,0.71555716
cold,0,1,0,0.0001,0.1,512,3,5,4,256,6000,8.0,2633729,4,4,9977,4106,900020,5,1,30001,62,372.0,3.1,5.1801,0.71412605
cold,0,1,0,0.0001,0.1,512,3,5,4,256,6000,8.0,2633729,4,4,9977,4106,900020,5,1,30001,63,378.0,3.15,5.26365,0.71348566
cold,0,1,0,0.0001,0.1,512,3,5,4,256,6000,8.0,2633729,4,4,9977,4106,900020,5,1,30001,64,384.0,3.2,5.3472,0.71371937
cold,0,1,0,0.0001,0.1,512,3,5,4,256,6000,8.0,2633729,4,4,9977,4106,900020,5,1,30001,65,390.0,3.25,5.43075,0.7142182
cold,0,1,0,0.0001,0.1,512,3,5,4,256,6000,8.0,2633729,4,4,9977,4106,900020,5,1,30001,66,396.0,3.3,5.5143,0.71422815
cold,0,1,0,0.0001,0.1,512,3,5,4,256,6000,8.0,2633729,4,4,9977,4106,900020,5,1,30001,67,402.0,3.35,5.59785,0.71363747
cold,0,1,0,0.0001,0.1,512,3,5,4,256,6000,8.0,2633729,4,4,9977,4106,900020,5,1,30001,68,408.0,3.4,5.6814,0.71288806
cold,0,1,0,0.0001,0.1,512,3,5,4,256,6000,8.0,2633729,4,4,9977,4106,900020,5,1,30001,69,414.0,3.45,5.76495,0.7122336
cold,0,1,0,0.0001,0.1,512,3,5,4,256,6000,8.0,2633729,4,4,9977,4106,900020,5,1,30001,70,420.0,3.5,5.8485,0.7114256
cold,0,1,0,0.0001,0.1,512,3,5,4,256,6000,8.0,2633729,4,4,9977,4106,900020,5,1,30001,71,426.0,3.55,5.93205,0.71046704
cold,0,1,0,0.0001,0.1,512,3,5,4,256,6000,8.0,2633729,4,4,9977,4106,900020,5,1,30001,72,432.0,3.6,6.0156,0.71005821
cold,0,1,0,0.0001,0.1,512,3,5,4,256,6000,8.0,2633729,4,4,9977,4106,900020,5,1,30001,73,438.0,3.65,6.09915,0.71076006
cold,0,1,0,0.0001,0.1,512,3,5,4,256,6000,8.0,2633729,4,4,9977,4106,900020,5,1,30001,74,444.0,3.7,6.1827,0.71236354
cold,0,1,0,0.0001,0.1,512,3,5,4,256,6000,8.0,2633729,4,4,9977,4106,900020,5,1,30001,75,450.0,3.75,6.26625,0.71408427
cold,0,1,0,0.0001,0.1,512,3,5,4,256,6000,8.0,2633729,4,4,9977,4106,900020,5,1,30001,76,456.0,3.8,6.3498,0.71529567
cold,0,1,0,0.0001,0.1,512,3,5,4,256,6000,8.0,2633729,4,4,9977,4106,900020,5,1,30001,77,462.0,3.85,6.43335,0.71609092
cold,0,1,0,0.0001,0.1,512,3,5,4,256,6000,8.0,2633729,4,4,9977,4106,900020,5,1,30001,78,468.0,3.9,6.5169,0.71670866
cold,0,1,0,0.0001,0.1,512,3,5,4,256,6000,8.0,2633729,4,4,9977,4106,900020,5,1,30001,79,474.0,3.95,6.60045,0.71689421
cold,0,1,0,0.0001,0.1,512,3,5,4,256,6000,8.0,2633729,4,4,9977,4106,900020,5,1,30001,80,480.0,4.0,6.684,0.71624088
cold,0,1,0,0.0001,0.1,512,3,5,4,256,6000,8.0,2633729,4,4,9977,4106,900020,5,1,30001,81,486.0,4.05,6.76755,0.71486479
cold,0,1,0,0.0001,0.1,512,3,5,4,256,6000,8.0,2633729,4,4,9977,4106,900020,5,1,30001,82,492.0,4.1,6.8511,0.71342736
cold,0,1,0,0.0001,0.1,512,3,5,4,256,6000,8.0,2633729,4,4,9977,4106,900020,5,1,30001,83,498.0,4.15,6.93465,0.71258676
cold,0,1,0,0.0001,0.1,512,3,5,4,256,6000,8.0,2633729,4,4,9977,4106,900020,5,1,30001,84,504.0,4.2,7.0182,0.7125597
cold,0,1,0,0.0001,0.1,512,3,5,4,256,6000,8.0,2633729,4,4,9977,4106,900020,5,1,30001,85,510.0,4.25,7.10175,0.71285856
cold,0,1,0,0.0001,0.1,512,3,5,4,256,6000,8.0,2633729,4,4,9977,4106,900020,5,1,30001,86,516.0,4.3,7.1853,0.71275753
cold,0,1,0,0.0001,0.1,512,3,5,4,256,6000,8.0,2633729,4,4,9977,4106,900020,5,1,30001,87,522.0,4.35,7.26885,0.71207446
cold,0,1,0,0.0001,0.1,512,3,5,4,256,6000,8.0,2633729,4,4,9977,4106,900020,5,1,30001,88,528.0,4.4,7.3524,0.71118909
cold,0,1,0,0.0001,0.1,512,3,5,4,256,6000,8.0,2633729,4,4,9977,4106,900020,5,1,30001,89,534.0,4.45,7.43595,0.7103774
cold,0,1,0,0.0001,0.1,512,3,5,4,256,6000,8.0,2633729,4,4,9977,4106,900020,5,1,30001,90,540.0,4.5,7.5195,0.70947474
cold,0,1,0,0.0001,0.1,512,3,5,4,256,6000,8.0,2633729,4,4,9977,4106,900020,5,1,30001,91,546.0,4.55,7.60305,0.70857662
cold,0,1,0,0.0001,0.1,512,3,5,4,256,6000,8.0,2633729,4,4,9977,4106,900020,5,1,30001,92,552.0,4.6,7.6866,0.70842719
cold,0,1,0,0.0001,0.1,512,3,5,4,256,6000,8.0,2633729,4,4,9977,4106,900020,5,1,30001,93,558.0,4.65,7.77015,0.70950091
cold,0,1,0,0.0001,0.1,512,3,5,4,256,6000,8.0,2633729,4,4,9977,4106,900020,5,1,30001,94,564.0,4.7,7.8537,0.71139532
cold,0,1,0,0.0001,0.1,512,3,5,4,256,6000,8.0,2633729,4,4,9977,4106,900020,5,1,30001,95,570.0,4.75,7.93725,0.7132026
cold,0,1,0,0.0001,0.1,512,3,5,4,256,6000,8.0,2633729,4,4,9977,4106,900020,5,1,30001,96,576.0,4.8,8.0208,0.71435344
cold,0,1,0,0.0001,0.1,512,3,5,4,256,6000,8.0,2633729,4,4,9977,4106,900020,5,1,30001,97,582.0,4.85,8.10435,0.71511006
cold,0,1,0,0.0001,0.1,512,3,5,4,256,6000,8.0,2633729,4,4,9977,4106,900020,5,1,30001,98,588.0,4.9,8.1879,0.71583784
cold,0,1,0,0.0001,0.1,512,3,5,4,256,6000,8.0,2633729,4,4,9977,4106,900020,5,1,30001,99,594.0,4.95,8.27145,0.7162745
cold,0,1,0,0.0001,0.1,512,3,5,4,256,6000,8.0,2633729,4,4,9977,4106,900020,5,1,30001,100,600.0,5.0,8.355,0.71590376
cold,0,1,0,0.0001,0.1,512,3,5,4,256,6000,8.0,2633729,4,4,9977,4106,900020,5,1,30001,101,606.0,5.05,8.43855,0.71475476
cold,0,1,0,0.0001,0.1,512,3,5,4,256,6000,8.0,2633729,4,4,9977,4106,900020,5,1,30001,102,612.0,5.1,8.5221,0.71349806
cold,0,1,0,0.0001,0.1,512,3,5,4,256,6000,8.0,2633729,4,4,9977,4106,900020,5,1,30001,103,618.0,5.15,8.60565,0.71284705
cold,0,1,0,0.0001,0.1,512,3,5,4,256,6000,8.0,2633729,4,4,9977,4106,900020,5,1,30001,104,624.0,5.2,8.6892,0.71308464
cold,0,1,0,0.0001,0.1,512,3,5,4,256,6000,8.0,2633729,4,4,9977,4106,900020,5,1,30001,105,630.0,5.25,8.77275,0.71371877
cold,0,1,0,0.0001,0.1,512,3,5,4,256,6000,8.0,2633729,4,4,9977,4106,900020,5,1,30001,106,636.0,5.3,8.8563,0.71386105
cold,0,1,0,0.0001,0.1,512,3,5,4,256,6000,8.0,2633729,4,4,9977,4106,900020,5,1,30001,107,642.0,5.35,8.93985,0.71314263
cold,0,1,0,0.0001,0.1,512,3,5,4,256,6000,8.0,2633729,4,4,9977,4106,900020,5,1,30001,108,648.0,5.4,9.0234,0.71191984
cold,0,1,0,0.0001,0.1,512,3,5,4,256,6000,8.0,2633729,4,4,9977,4106,900020,5,1,30001,109,654.0,5.45,9.10695,0.71065497
cold,0,1,0,0.0001,0.1,512,3,5,4,256,6000,8.0,2633729,4,4,9977,4106,900020,5,1,30001,110,660.0,5.5,9.1905,0.70945048
cold,0,1,0,0.0001,0.1,512,3,5,4,256,6000,8.0,2633729,4,4,9977,4106,900020,5,1,30001,111,666.0,5.55,9.27405,0.708556
cold,0,1,0,0.0001,0.1,512,3,5,4,256,6000,8.0,2633729,4,4,9977,4106,900020,5,1,30001,112,672.0,5.6,9.3576,0.70866895
cold,0,1,0,0.0001,0.1,512,3,5,4,256,6000,8.0,2633729,4,4,9977,4106,900020,5,1,30001,113,678.0,5.65,9.44115,0.71010947
cold,0,1,0,0.0001,0.1,512,3,5,4,256,6000,8.0,2633729,4,4,9977,4106,900020,5,1,30001,114,684.0,5.7,9.5247,0.71234179
cold,0,1,0,0.0001,0.1,512,3,5,4,256,6000,8.0,2633729,4,4,9977,4106,900020,5,1,30001,115,690.0,5.75,9.60825,0.7143712
cold,0,1,0,0.0001,0.1,512,3,5,4,256,6000,8.0,2633729,4,4,9977,4106,900020,5,1,30001,116,696.0,5.8,9.6918,0.71560162
cold,0,1,0,0.0001,0.1,512,3,5,4,256,6000,8.0,2633729,4,4,9977,4106,900020,5,1,30001,117,702.0,5.85,9.77535,0.71631885
cold,0,1,0,0.0001,0.1,512,3,5,4,256,6000,8.0,2633729,4,4,9977,4106,900020,5,1,30001,118,708.0,5.9,9.8589,0.71688825
cold,0,1,0,0.0001,0.1,512,3,5,4,256,6000,8.0,2633729,4,4,9977,4106,900020,5,1,30001,119,714.0,5.95,9.94245,0.71707505
cold,0,1,0,0.0001,0.1,512,3,5,4,256,6000,8.0,2633729,4,4,9977,4106,900020,5,1,30001,120,720.0,6.0,10.026,0.71645343
cold,0,1,0,0.0001,0.1,512,3,5,4,256,6000,8.0,2633729,4,4,9977,4106,900020,5,12,30012,1,6.0,0.05,0.08355,0.11657976
cold,0,1,0,0.0001,0.1,512,3,5,4,256,6000,8.0,2633729,4,4,9977,4106,900020,5,12,30012,2,12.0,0.1,0.1671,0.19495888
cold,0,1,0,0.0001,0.1,512,3,5,4,256,6000,8.0,2633729,4,4,9977,4106,900020,5,12,30012,3,18.0,0.15,0.25065,0.27607983
cold,0,1,0,0.0001,0.1,512,3,5,4,256,6000,8.0,2633729,4,4,9977,4106,900020,5,12,30012,4,24.0,0.2,0.3342,0.35060954
cold,0,1,0,0.0001,0.1,512,3,5,4,256,6000,8.0,2633729,4,4,9977,4106,900020,5,12,30012,5,30.0,0.25,0.41775,0.41421652
cold,0,1,0,0.0001,0.1,512,3,5,4,256,6000,8.0,2633729,4,4,9977,4106,900020,5,12,30012,6,36.0,0.3,0.5013,0.4650698
cold,0,1,0,0.0001,0.1,512,3,5,4,256,6000,8.0,2633729,4,4,9977,4106,900020,5,12,30012,7,42.0,0.35,0.58485,0.50325078
cold,0,1,0,0.0001,0.1,512,3,5,4,256,6000,8.0,2633729,4,4,9977,4106,900020,5,12,30012,8,48.0,0.4,0.6684,0.53142089
cold,0,1,0,0.0001,0.1,512,3,5,4,256,6000,8.0,2633729,4,4,9977,4106,900020,5,12,30012,9,54.0,0.45,0.75195,0.55276728
cold,0,1,0,0.0001,0.1,512,3,5,4,256,6000,8.0,2633729,4,4,9977,4106,900020,5,12,30012,10,60.0,0.5,0.8355,0.56918854
cold,0,1,0,0.0001,0.1,512,3,5,4,256,6000,8.0,2633729,4,4,9977,4106,900020,5,12,30012,11,66.0,0.55,0.91905,0.58179432
cold,0,1,0,0.0001,0.1,512,3,5,4,256,6000,8.0,2633729,4,4,9977,4106,900020,5,12,30012,12,72.0,0.6,1.0026,0.59186435
cold,0,1,0,0.0001,0.1,512,3,5,4,256,6000,8.0,2633729,4,4,9977,4106,900020,5,12,30012,13,78.0,0.65,1.08615,0.6007815
cold,0,1,0,0.0001,0.1,512,3,5,4,256,6000,8.0,2633729,4,4,9977,4106,900020,5,12,30012,14,84.0,0.7,1.1697,0.60934943
cold,0,1,0,0.0001,0.1,512,3,5,4,256,6000,8.0,2633729,4,4,9977,4106,900020,5,12,30012,15,90.0,0.75,1.25325,0.61756361
cold,0,1,0,0.0001,0.1,512,3,5,4,256,6000,8.0,2633729,4,4,9977,4106,900020,5,12,30012,16,96.0,0.8,1.3368,0.62526518
cold,0,1,0,0.0001,0.1,512,3,5,4,256,6000,8.0,2633729,4,4,9977,4106,900020,5,12,30012,17,102.0,0.85,1.42035,0.6327104
cold,0,1,0,0.0001,0.1,512,3,5,4,256,6000,8.0,2633729,4,4,9977,4106,900020,5,12,30012,18,108.0,0.9,1.5039,0.64002317
cold,0,1,0,0.0001,0.1,512,3,5,4,256,6000,8.0,2633729,4,4,9977,4106,900020,5,12,30012,19,114.0,0.95,1.58745,0.64649856
cold,0,1,0,0.0001,0.1,512,3,5,4,256,6000,8.0,2633729,4,4,9977,4106,900020,5,12,30012,20,120.0,1.0,1.671,0.65115893
cold,0,1,0,0.0001,0.1,512,3,5,4,256,6000,8.0,2633729,4,4,9977,4106,900020,5,12,30012,21,126.0,1.05,1.75455,0.65401274
cold,0,1,0,0.0001,0.1,512,3,5,4,256,6000,8.0,2633729,4,4,9977,4106,900020,5,12,30012,22,132.0,1.1,1.8381,0.65623319
cold,0,1,0,0.0001,0.1,512,3,5,4,256,6000,8.0,2633729,4,4,9977,4106,900020,5,12,30012,23,138.0,1.15,1.92165,0.65927976
cold,0,1,0,0.0001,0.1,512,3,5,4,256,6000,8.0,2633729,4,4,9977,4106,900020,5,12,30012,24,144.0,1.2,2.0052,0.66388649
cold,0,1,0,0.0001,0.1,512,3,5,4,256,6000,8.0,2633729,4,4,9977,4106,900020,5,12,30012,25,150.0,1.25,2.08875,0.66910821
cold,0,1,0,0.0001,0.1,512,3,5,4,256,6000,8.0,2633729,4,4,9977,4106,900020,5,12,30012,26,156.0,1.3,2.1723,0.67326492
cold,0,1,0,0.0001,0.1,512,3,5,4,256,6000,8.0,2633729,4,4,9977,4106,900020,5,12,30012,27,162.0,1.35,2.25585,0.67598474
cold,0,1,0,0.0001,0.1,512,3,5,4,256,6000,8.0,2633729,4,4,9977,4106,900020,5,12,30012,28,168.0,1.4,2.3394,0.67805678
cold,0,1,0,0.0001,0.1,512,3,5,4,256,6000,8.0,2633729,4,4,9977,4106,900020,5,12,30012,29,174.0,1.45,2.42295,0.68003607
cold,0,1,0,0.0001,0.1,512,3,5,4,256,6000,8.0,2633729,4,4,9977,4106,900020,5,12,30012,30,180.0,1.5,2.5065,0.68181062
cold,0,1,0,0.0001,0.1,512,3,5,4,256,6000,8.0,2633729,4,4,9977,4106,900020,5,12,30012,31,186.0,1.55,2.59005,0.68339562
cold,0,1,0,0.0001,0.1,512,3,5,4,256,6000,8.0,2633729,4,4,9977,4106,900020,5,12,30012,32,192.0,1.6,2.6736,0.68548363
cold,0,1,0,0.0001,0.1,512,3,5,4,256,6000,8.0,2633729,4,4,9977,4106,900020,5,12,30012,33,198.0,1.65,2.75715,0.68870836
cold,0,1,0,0.0001,0.1,512,3,5,4,256,6000,8.0,2633729,4,4,9977,4106,900020,5,12,30012,34,204.0,1.7,2.8407,0.69287145
cold,0,1,0,0.0001,0.1,512,3,5,4,256,6000,8.0,2633729,4,4,9977,4106,900020,5,12,30012,35,210.0,1.75,2.92425,0.6969865
cold,0,1,0,0.0001,0.1,512,3,5,4,256,6000,8.0,2633729,4,4,9977,4106,900020,5,12,30012,36,216.0,1.8,3.0078,0.7001344
cold,0,1,0,0.0001,0.1,512,3,5,4,256,6000,8.0,2633729,4,4,9977,4106,900020,5,12,30012,37,222.0,1.85,3.09135,0.70238781
cold,0,1,0,0.0001,0.1,512,3,5,4,256,6000,8.0,2633729,4,4,9977,4106,900020,5,12,30012,38,228.0,1.9,3.1749,0.70418274
cold,0,1,0,0.0001,0.1,512,3,5,4,256,6000,8.0,2633729,4,4,9977,4106,900020,5,12,30012,39,234.0,1.95,3.25845,0.7053104
cold,0,1,0,0.0001,0.1,512,3,5,4,256,6000,8.0,2633729,4,4,9977,4106,900020,5,12,30012,40,240.0,2.0,3.342,0.70527303
cold,0,1,0,0.0001,0.1,512,3,5,4,256,6000,8.0,2633729,4,4,9977,4106,900020,5,12,30012,41,246.0,2.05,3.42555,0.70420456
cold,0,1,0,0.0001,0.1,512,3,5,4,256,6000,8.0,2633729,4,4,9977,4106,900020,5,12,30012,42,252.0,2.1,3.5091,0.70300931
cold,0,1,0,0.0001,0.1,512,3,5,4,256,6000,8.0,2633729,4,4,9977,4106,900020,5,12,30012,43,258.0,2.15,3.59265,0.70270586
cold,0,1,0,0.0001,0.1,512,3,5,4,256,6000,8.0,2633729,4,4,9977,4106,900020,5,12,30012,44,264.0,2.2,3.6762,0.7037667
cold,0,1,0,0.0001,0.1,512,3,5,4,256,6000,8.0,2633729,4,4,9977,4106,900020,5,12,30012,45,270.0,2.25,3.75975,0.70562381
cold,0,1,0,0.0001,0.1,512,3,5,4,256,6000,8.0,2633729,4,4,9977,4106,900020,5,12,30012,46,276.0,2.3,3.8433,0.70721984
cold,0,1,0,0.0001,0.1,512,3,5,4,256,6000,8.0,2633729,4,4,9977,4106,900020,5,12,30012,47,282.0,2.35,3.92685,0.70811564
cold,0,1,0,0.0001,0.1,512,3,5,4,256,6000,8.0,2633729,4,4,9977,4106,900020,5,12,30012,48,288.0,2.4,4.0104,0.70856267
cold,0,1,0,0.0001,0.1,512,3,5,4,256,6000,8.0,2633729,4,4,9977,4106,900020,5,12,30012,49,294.0,2.45,4.09395,0.70865911
cold,0,1,0,0.0001,0.1,512,3,5,4,256,6000,8.0,2633729,4,4,9977,4106,900020,5,12,30012,50,300.0,2.5,4.1775,0.7080431
cold,0,1,0,0.0001,0.1,512,3,5,4,256,6000,8.0,2633729,4,4,9977,4106,900020,5,12,30012,51,306.0,2.55,4.26105,0.70684797
cold,0,1,0,0.0001,0.1,512,3,5,4,256,6000,8.0,2633729,4,4,9977,4106,900020,5,12,30012,52,312.0,2.6,4.3446,0.70615876
cold,0,1,0,0.0001,0.1,512,3,5,4,256,6000,8.0,2633729,4,4,9977,4106,900020,5,12,30012,53,318.0,2.65,4.42815,0.70686847
cold,0,1,0,0.0001,0.1,512,3,5,4,256,6000,8.0,2633729,4,4,9977,4106,900020,5,12,30012,54,324.0,2.7,4.5117,0.7087999
cold,0,1,0,0.0001,0.1,512,3,5,4,256,6000,8.0,2633729,4,4,9977,4106,900020,5,12,30012,55,330.0,2.75,4.59525,0.71095085
cold,0,1,0,0.0001,0.1,512,3,5,4,256,6000,8.0,2633729,4,4,9977,4106,900020,5,12,30012,56,336.0,2.8,4.6788,0.71251035
cold,0,1,0,0.0001,0.1,512,3,5,4,256,6000,8.0,2633729,4,4,9977,4106,900020,5,12,30012,57,342.0,2.85,4.76235,0.71365595
cold,0,1,0,0.0001,0.1,512,3,5,4,256,6000,8.0,2633729,4,4,9977,4106,900020,5,12,30012,58,348.0,2.9,4.8459,0.71473354
cold,0,1,0,0.0001,0.1,512,3,5,4,256,6000,8.0,2633729,4,4,9977,4106,900020,5,12,30012,59,354.0,2.95,4.92945,0.71532905
cold,0,1,0,0.0001,0.1,512,3,5,4,256,6000,8.0,2633729,4,4,9977,4106,900020,5,12,30012,60,360.0,3.0,5.013,0.71480107
cold,0,1,0,0.0001,0.1,512,3,5,4,256,6000,8.0,2633729,4,4,9977,4106,900020,5,12,30012,61,366.0,3.05,5.09655,0.71326005
cold,0,1,0,0.0001,0.1,512,3,5,4,256,6000,8.0,2633729,4,4,9977,4106,900020,5,12,30012,62,372.0,3.1,5.1801,0.71159494
cold,0,1,0,0.0001,0.1,512,3,5,4,256,6000,8.0,2633729,4,4,9977,4106,900020,5,12,30012,63,378.0,3.15,5.26365,0.71073616
cold,0,1,0,0.0001,0.1,512,3,5,4,256,6000,8.0,2633729,4,4,9977,4106,900020,5,12,30012,64,384.0,3.2,5.3472,0.71104211
cold,0,1,0,0.0001,0.1,512,3,5,4,256,6000,8.0,2633729,4,4,9977,4106,900020,5,12,30012,65,390.0,3.25,5.43075,0.7118848
cold,0,1,0,0.0001,0.1,512,3,5,4,256,6000,8.0,2633729,4,4,9977,4106,900020,5,12,30012,66,396.0,3.3,5.5143,0.7122525
cold,0,1,0,0.0001,0.1,512,3,5,4,256,6000,8.0,2633729,4,4,9977,4106,900020,5,12,30012,67,402.0,3.35,5.59785,0.71185017
cold,0,1,0,0.0001,0.1,512,3,5,4,256,6000,8.0,2633729,4,4,9977,4106,900020,5,12,30012,68,408.0,3.4,5.6814,0.71116835
cold,0,1,0,0.0001,0.1,512,3,5,4,256,6000,8.0,2633729,4,4,9977,4106,900020,5,12,30012,69,414.0,3.45,5.76495,0.71050042
cold,0,1,0,0.0001,0.1,512,3,5,4,256,6000,8.0,2633729,4,4,9977,4106,900020,5,12,30012,70,420.0,3.5,5.8485,0.70943677
cold,0,1,0,0.0001,0.1,512,3,5,4,256,6000,8.0,2633729,4,4,9977,4106,900020,5,12,30012,71,426.0,3.55,5.93205,0.70793533
cold,0,1,0,0.0001,0.1,512,3,5,4,256,6000,8.0,2633729,4,4,9977,4106,900020,5,12,30012,72,432.0,3.6,6.0156,0.70701182
cold,0,1,0,0.0001,0.1,512,3,5,4,256,6000,8.0,2633729,4,4,9977,4106,900020,5,12,30012,73,438.0,3.65,6.09915,0.70757675
cold,0,1,0,0.0001,0.1,512,3,5,4,256,6000,8.0,2633729,4,4,9977,4106,900020,5,12,30012,74,444.0,3.7,6.1827,0.70948046
cold,0,1,0,0.0001,0.1,512,3,5,4,256,6000,8.0,2633729,4,4,9977,4106,900020,5,12,30012,75,450.0,3.75,6.26625,0.71170622
cold,0,1,0,0.0001,0.1,512,3,5,4,256,6000,8.0,2633729,4,4,9977,4106,900020,5,12,30012,76,456.0,3.8,6.3498,0.71337461
cold,0,1,0,0.0001,0.1,512,3,5,4,256,6000,8.0,2633729,4,4,9977,4106,900020,5,12,30012,77,462.0,3.85,6.43335,0.71459401
cold,0,1,0,0.0001,0.1,512,3,5,4,256,6000,8.0,2633729,4,4,9977,4106,900020,5,12,30012,78,468.0,3.9,6.5169,0.71569914
cold,0,1,0,0.0001,0.1,512,3,5,4,256,6000,8.0,2633729,4,4,9977,4106,900020,5,12,30012,79,474.0,3.95,6.60045,0.71632165
cold,0,1,0,0.0001,0.1,512,3,5,4,256,6000,8.0,2633729,4,4,9977,4106,900020,5,12,30012,80,480.0,4.0,6.684,0.71582264
cold,0,1,0,0.0001,0.1,512,3,5,4,256,6000,8.0,2633729,4,4,9977,4106,900020,5,12,30012,81,486.0,4.05,6.76755,0.71424884
cold,0,1,0,0.0001,0.1,512,3,5,4,256,6000,8.0,2633729,4,4,9977,4106,900020,5,12,30012,82,492.0,4.1,6.8511,0.71244717
cold,0,1,0,0.0001,0.1,512,3,5,4,256,6000,8.0,2633729,4,4,9977,4106,900020,5,12,30012,83,498.0,4.15,6.93465,0.71135229
cold,0,1,0,0.0001,0.1,512,3,5,4,256,6000,8.0,2633729,4,4,9977,4106,900020,5,12,30012,84,504.0,4.2,7.0182,0.71133053
cold,0,1,0,0.0001,0.1,512,3,5,4,256,6000,8.0,2633729,4,4,9977,4106,900020,5,12,30012,85,510.0,4.25,7.10175,0.71175265
cold,0,1,0,0.0001,0.1,512,3,5,4,256,6000,8.0,2633729,4,4,9977,4106,900020,5,12,30012,86,516.0,4.3,7.1853,0.71160048
cold,0,1,0,0.0001,0.1,512,3,5,4,256,6000,8.0,2633729,4,4,9977,4106,900020,5,12,30012,87,522.0,4.35,7.26885,0.71057743
cold,0,1,0,0.0001,0.1,512,3,5,4,256,6000,8.0,2633729,4,4,9977,4106,900020,5,12,30012,88,528.0,4.4,7.3524,0.70921171
cold,0,1,0,0.0001,0.1,512,3,5,4,256,6000,8.0,2633729,4,4,9977,4106,900020,5,12,30012,89,534.0,4.45,7.43595,0.70791382
cold,0,1,0,0.0001,0.1,512,3,5,4,256,6000,8.0,2633729,4,4,9977,4106,900020,5,12,30012,90,540.0,4.5,7.5195,0.7064234
cold,0,1,0,0.0001,0.1,512,3,5,4,256,6000,8.0,2633729,4,4,9977,4106,900020,5,12,30012,91,546.0,4.55,7.60305,0.7048074
cold,0,1,0,0.0001,0.1,512,3,5,4,256,6000,8.0,2633729,4,4,9977,4106,900020,5,12,30012,92,552.0,4.6,7.6866,0.70411998
cold,0,1,0,0.0001,0.1,512,3,5,4,256,6000,8.0,2633729,4,4,9977,4106,900020,5,12,30012,93,558.0,4.65,7.77015,0.70515233
cold,0,1,0,0.0001,0.1,512,3,5,4,256,6000,8.0,2633729,4,4,9977,4106,900020,5,12,30012,94,564.0,4.7,7.8537,0.70748812
cold,0,1,0,0.0001,0.1,512,3,5,4,256,6000,8.0,2633729,4,4,9977,4106,900020,5,12,30012,95,570.0,4.75,7.93725,0.70991397
cold,0,1,0,0.0001,0.1,512,3,5,4,256,6000,8.0,2633729,4,4,9977,4106,900020,5,12,30012,96,576.0,4.8,8.0208,0.71157193
cold,0,1,0,0.0001,0.1,512,3,5,4,256,6000,8.0,2633729,4,4,9977,4106,900020,5,12,30012,97,582.0,4.85,8.10435,0.71274024
cold,0,1,0,0.0001,0.1,512,3,5,4,256,6000,8.0,2633729,4,4,9977,4106,900020,5,12,30012,98,588.0,4.9,8.1879,0.71390039
cold,0,1,0,0.0001,0.1,512,3,5,4,256,6000,8.0,2633729,4,4,9977,4106,900020,5,12,30012,99,594.0,4.95,8.27145,0.71469182
cold,0,1,0,0.0001,0.1,512,3,5,4,256,6000,8.0,2633729,4,4,9977,4106,900020,5,12,30012,100,600.0,5.0,8.355,0.71438015
cold,0,1,0,0.0001,0.1,512,3,5,4,256,6000,8.0,2633729,4,4,9977,4106,900020,5,12,30012,101,606.0,5.05,8.43855,0.71295124
cold,0,1,0,0.0001,0.1,512,3,5,4,256,6000,8.0,2633729,4,4,9977,4106,900020,5,12,30012,102,612.0,5.1,8.5221,0.71127707
cold,0,1,0,0.0001,0.1,512,3,5,4,256,6000,8.0,2633729,4,4,9977,4106,900020,5,12,30012,103,618.0,5.15,8.60565,0.71034074
cold,0,1,0,0.0001,0.1,512,3,5,4,256,6000,8.0,2633729,4,4,9977,4106,900020,5,12,30012,104,624.0,5.2,8.6892,0.71059328
cold,0,1,0,0.0001,0.1,512,3,5,4,256,6000,8.0,2633729,4,4,9977,4106,900020,5,12,30012,105,630.0,5.25,8.77275,0.71142381
cold,0,1,0,0.0001,0.1,512,3,5,4,256,6000,8.0,2633729,4,4,9977,4106,900020,5,12,30012,106,636.0,5.3,8.8563,0.71162212
cold,0,1,0,0.0001,0.1,512,3,5,4,256,6000,8.0,2633729,4,4,9977,4106,900020,5,12,30012,107,642.0,5.35,8.93985,0.71063232
cold,0,1,0,0.0001,0.1,512,3,5,4,256,6000,8.0,2633729,4,4,9977,4106,900020,5,12,30012,108,648.0,5.4,9.0234,0.70889747
cold,0,1,0,0.0001,0.1,512,3,5,4,256,6000,8.0,2633729,4,4,9977,4106,900020,5,12,30012,109,654.0,5.45,9.10695,0.70704013
cold,0,1,0,0.0001,0.1,512,3,5,4,256,6000,8.0,2633729,4,4,9977,4106,900020,5,12,30012,110,660.0,5.5,9.1905,0.70516688
cold,0,1,0,0.0001,0.1,512,3,5,4,256,6000,8.0,2633729,4,4,9977,4106,900020,5,12,30012,111,666.0,5.55,9.27405,0.70356685
cold,0,1,0,0.0001,0.1,512,3,5,4,256,6000,8.0,2633729,4,4,9977,4106,900020,5,12,30012,112,672.0,5.6,9.3576,0.70322049
cold,0,1,0,0.0001,0.1,512,3,5,4,256,6000,8.0,2633729,4,4,9977,4106,900020,5,12,30012,113,678.0,5.65,9.44115,0.70468932
cold,0,1,0,0.0001,0.1,512,3,5,4,256,6000,8.0,2633729,4,4,9977,4106,900020,5,12,30012,114,684.0,5.7,9.5247,0.70737016
cold,0,1,0,0.0001,0.1,512,3,5,4,256,6000,8.0,2633729,4,4,9977,4106,900020,5,12,30012,115,690.0,5.75,9.60825,0.7099548
cold,0,1,0,0.0001,0.1,512,3,5,4,256,6000,8.0,2633729,4,4,9977,4106,900020,5,12,30012,116,696.0,5.8,9.6918,0.71160173
cold,0,1,0,0.0001,0.1,512,3,5,4,256,6000,8.0,2633729,4,4,9977,4106,900020,5,12,30012,117,702.0,5.85,9.77535,0.71266383
cold,0,1,0,0.0001,0.1,512,3,5,4,256,6000,8.0,2633729,4,4,9977,4106,900020,5,12,30012,118,708.0,5.9,9.8589,0.71361822
cold,0,1,0,0.0001,0.1,512,3,5,4,256,6000,8.0,2633729,4,4,9977,4106,900020,5,12,30012,119,714.0,5.95,9.94245,0.71410513
cold,0,1,0,0.0001,0.1,512,3,5,4,256,6000,8.0,2633729,4,4,9977,4106,900020,5,12,30012,120,720.0,6.0,10.026,0.71347201
cold,0,1,0,0.0001,0.1,512,3,5,4,256,6000,8.0,2633729,4,4,9977,4106,900020,5,54,30054,1,6.0,0.05,0.08355,0.08958691
cold,0,1,0,0.0001,0.1,512,3,5,4,256,6000,8.0,2633729,4,4,9977,4106,900020,5,54,30054,2,12.0,0.1,0.1671,0.13155603
cold,0,1,0,0.0001,0.1,512,3,5,4,256,6000,8.0,2633729,4,4,9977,4106,900020,5,54,30054,3,18.0,0.15,0.25065,0.1784666
cold,0,1,0,0.0001,0.1,512,3,5,4,256,6000,8.0,2633729,4,4,9977,4106,900020,5,54,30054,4,24.0,0.2,0.3342,0.22695047
cold,0,1,0,0.0001,0.1,512,3,5,4,256,6000,8.0,2633729,4,4,9977,4106,900020,5,54,30054,5,30.0,0.25,0.41775,0.27356517
cold,0,1,0,0.0001,0.1,512,3,5,4,256,6000,8.0,2633729,4,4,9977,4106,900020,5,54,30054,6,36.0,0.3,0.5013,0.31631574
cold,0,1,0,0.0001,0.1,512,3,5,4,256,6000,8.0,2633729,4,4,9977,4106,900020,5,54,30054,7,42.0,0.35,0.58485,0.35499418
cold,0,1,0,0.0001,0.1,512,3,5,4,256,6000,8.0,2633729,4,4,9977,4106,900020,5,54,30054,8,48.0,0.4,0.6684,0.39005736
cold,0,1,0,0.0001,0.1,512,3,5,4,256,6000,8.0,2633729,4,4,9977,4106,900020,5,54,30054,9,54.0,0.45,0.75195,0.42218238
cold,0,1,0,0.0001,0.1,512,3,5,4,256,6000,8.0,2633729,4,4,9977,4106,900020,5,54,30054,10,60.0,0.5,0.8355,0.45207599
cold,0,1,0,0.0001,0.1,512,3,5,4,256,6000,8.0,2633729,4,4,9977,4106,900020,5,54,30054,11,66.0,0.55,0.91905,0.47978592
cold,0,1,0,0.0001,0.1,512,3,5,4,256,6000,8.0,2633729,4,4,9977,4106,900020,5,54,30054,12,72.0,0.6,1.0026,0.50542974
cold,0,1,0,0.0001,0.1,512,3,5,4,256,6000,8.0,2633729,4,4,9977,4106,900020,5,54,30054,13,78.0,0.65,1.08615,0.52952969
cold,0,1,0,0.0001,0.1,512,3,5,4,256,6000,8.0,2633729,4,4,9977,4106,900020,5,54,30054,14,84.0,0.7,1.1697,0.55238199
cold,0,1,0,0.0001,0.1,512,3,5,4,256,6000,8.0,2633729,4,4,9977,4106,900020,5,54,30054,15,90.0,0.75,1.25325,0.57388234
cold,0,1,0,0.0001,0.1,512,3,5,4,256,6000,8.0,2633729,4,4,9977,4106,900020,5,54,30054,16,96.0,0.8,1.3368,0.59342825
cold,0,1,0,0.0001,0.1,512,3,5,4,256,6000,8.0,2633729,4,4,9977,4106,900020,5,54,30054,17,102.0,0.85,1.42035,0.61068165
cold,0,1,0,0.0001,0.1,512,3,5,4,256,6000,8.0,2633729,4,4,9977,4106,900020,5,54,30054,18,108.0,0.9,1.5039,0.62597817
cold,0,1,0,0.0001,0.1,512,3,5,4,256,6000,8.0,2633729,4,4,9977,4106,900020,5,54,30054,19,114.0,0.95,1.58745,0.63915521
cold,0,1,0,0.0001,0.1,512,3,5,4,256,6000,8.0,2633729,4,4,9977,4106,900020,5,54,30054,20,120.0,1.0,1.671,0.64934063
cold,0,1,0,0.0001,0.1,512,3,5,4,256,6000,8.0,2633729,4,4,9977,4106,900020,5,54,30054,21,126.0,1.05,1.75455,0.65656865
cold,0,1,0,0.0001,0.1,512,3,5,4,256,6000,8.0,2633729,4,4,9977,4106,900020,5,54,30054,22,132.0,1.1,1.8381,0.66210157
cold,0,1,0,0.0001,0.1,512,3,5,4,256,6000,8.0,2633729,4,4,9977,4106,900020,5,54,30054,23,138.0,1.15,1.92165,0.66714001
cold,0,1,0,0.0001,0.1,512,3,5,4,256,6000,8.0,2633729,4,4,9977,4106,900020,5,54,30054,24,144.0,1.2,2.0052,0.67213202
cold,0,1,0,0.0001,0.1,512,3,5,4,256,6000,8.0,2633729,4,4,9977,4106,900020,5,54,30054,25,150.0,1.25,2.08875,0.67652011
cold,0,1,0,0.0001,0.1,512,3,5,4,256,6000,8.0,2633729,4,4,9977,4106,900020,5,54,30054,26,156.0,1.3,2.1723,0.67965925
cold,0,1,0,0.0001,0.1,512,3,5,4,256,6000,8.0,2633729,4,4,9977,4106,900020,5,54,30054,27,162.0,1.35,2.25585,0.68243653
cold,0,1,0,0.0001,0.1,512,3,5,4,256,6000,8.0,2633729,4,4,9977,4106,900020,5,54,30054,28,168.0,1.4,2.3394,0.68649387
cold,0,1,0,0.0001,0.1,512,3,5,4,256,6000,8.0,2633729,4,4,9977,4106,900020,5,54,30054,29,174.0,1.45,2.42295,0.69248652
cold,0,1,0,0.0001,0.1,512,3,5,4,256,6000,8.0,2633729,4,4,9977,4106,900020,5,54,30054,30,180.0,1.5,2.5065,0.69959998
cold,0,1,0,0.0001,0.1,512,3,5,4,256,6000,8.0,2633729,4,4,9977,4106,900020,5,54,30054,31,186.0,1.55,2.59005,0.70654243
cold,0,1,0,0.0001,0.1,512,3,5,4,256,6000,8.0,2633729,4,4,9977,4106,900020,5,54,30054,32,192.0,1.6,2.6736,0.71289402
cold,0,1,0,0.0001,0.1,512,3,5,4,256,6000,8.0,2633729,4,4,9977,4106,900020,5,54,30054,33,198.0,1.65,2.75715,0.71912622
cold,0,1,0,0.0001,0.1,512,3,5,4,256,6000,8.0,2633729,4,4,9977,4106,900020,5,54,30054,34,204.0,1.7,2.8407,0.72569799
cold,0,1,0,0.0001,0.1,512,3,5,4,256,6000,8.0,2633729,4,4,9977,4106,900020,5,54,30054,35,210.0,1.75,2.92425,0.73227203
cold,0,1,0,0.0001,0.1,512,3,5,4,256,6000,8.0,2633729,4,4,9977,4106,900020,5,54,30054,36,216.0,1.8,3.0078,0.7377556
cold,0,1,0,0.0001,0.1,512,3,5,4,256,6000,8.0,2633729,4,4,9977,4106,900020,5,54,30054,37,222.0,1.85,3.09135,0.74197716
cold,0,1,0,0.0001,0.1,512,3,5,4,256,6000,8.0,2633729,4,4,9977,4106,900020,5,54,30054,38,228.0,1.9,3.1749,0.74577498
cold,0,1,0,0.0001,0.1,512,3,5,4,256,6000,8.0,2633729,4,4,9977,4106,900020,5,54,30054,39,234.0,1.95,3.25845,0.74913156
cold,0,1,0,0.0001,0.1,512,3,5,4,256,6000,8.0,2633729,4,4,9977,4106,900020,5,54,30054,40,240.0,2.0,3.342,0.75116098
cold,0,1,0,0.0001,0.1,512,3,5,4,256,6000,8.0,2633729,4,4,9977,4106,900020,5,54,30054,41,246.0,2.05,3.42555,0.75189835
cold,0,1,0,0.0001,0.1,512,3,5,4,256,6000,8.0,2633729,4,4,9977,4106,900020,5,54,30054,42,252.0,2.1,3.5091,0.75274551
cold,0,1,0,0.0001,0.1,512,3,5,4,256,6000,8.0,2633729,4,4,9977,4106,900020,5,54,30054,43,258.0,2.15,3.59265,0.75484031
cold,0,1,0,0.0001,0.1,512,3,5,4,256,6000,8.0,2633729,4,4,9977,4106,900020,5,54,30054,44,264.0,2.2,3.6762,0.75799924
cold,0,1,0,0.0001,0.1,512,3,5,4,256,6000,8.0,2633729,4,4,9977,4106,900020,5,54,30054,45,270.0,2.25,3.75975,0.76093602
cold,0,1,0,0.0001,0.1,512,3,5,4,256,6000,8.0,2633729,4,4,9977,4106,900020,5,54,30054,46,276.0,2.3,3.8433,0.76263094
cold,0,1,0,0.0001,0.1,512,3,5,4,256,6000,8.0,2633729,4,4,9977,4106,900020,5,54,30054,47,282.0,2.35,3.92685,0.76370829
cold,0,1,0,0.0001,0.1,512,3,5,4,256,6000,8.0,2633729,4,4,9977,4106,900020,5,54,30054,48,288.0,2.4,4.0104,0.7655229
cold,0,1,0,0.0001,0.1,512,3,5,4,256,6000,8.0,2633729,4,4,9977,4106,900020,5,54,30054,49,294.0,2.45,4.09395,0.76829779
cold,0,1,0,0.0001,0.1,512,3,5,4,256,6000,8.0,2633729,4,4,9977,4106,900020,5,54,30054,50,300.0,2.5,4.1775,0.77087104
cold,0,1,0,0.0001,0.1,512,3,5,4,256,6000,8.0,2633729,4,4,9977,4106,900020,5,54,30054,51,306.0,2.55,4.26105,0.7725718
cold,0,1,0,0.0001,0.1,512,3,5,4,256,6000,8.0,2633729,4,4,9977,4106,900020,5,54,30054,52,312.0,2.6,4.3446,0.77414417
cold,0,1,0,0.0001,0.1,512,3,5,4,256,6000,8.0,2633729,4,4,9977,4106,900020,5,54,30054,53,318.0,2.65,4.42815,0.77636212
cold,0,1,0,0.0001,0.1,512,3,5,4,256,6000,8.0,2633729,4,4,9977,4106,900020,5,54,30054,54,324.0,2.7,4.5117,0.77916056
cold,0,1,0,0.0001,0.1,512,3,5,4,256,6000,8.0,2633729,4,4,9977,4106,900020,5,54,30054,55,330.0,2.75,4.59525,0.78210586
cold,0,1,0,0.0001,0.1,512,3,5,4,256,6000,8.0,2633729,4,4,9977,4106,900020,5,54,30054,56,336.0,2.8,4.6788,0.78524816
cold,0,1,0,0.0001,0.1,512,3,5,4,256,6000,8.0,2633729,4,4,9977,4106,900020,5,54,30054,57,342.0,2.85,4.76235,0.78911442
cold,0,1,0,0.0001,0.1,512,3,5,4,256,6000,8.0,2633729,4,4,9977,4106,900020,5,54,30054,58,348.0,2.9,4.8459,0.79352254
cold,0,1,0,0.0001,0.1,512,3,5,4,256,6000,8.0,2633729,4,4,9977,4106,900020,5,54,30054,59,354.0,2.95,4.92945,0.79740351
cold,0,1,0,0.0001,0.1,512,3,5,4,256,6000,8.0,2633729,4,4,9977,4106,900020,5,54,30054,60,360.0,3.0,5.013,0.79985809
cold,0,1,0,0.0001,0.1,512,3,5,4,256,6000,8.0,2633729,4,4,9977,4106,900020,5,54,30054,61,366.0,3.05,5.09655,0.80081278
cold,0,1,0,0.0001,0.1,512,3,5,4,256,6000,8.0,2633729,4,4,9977,4106,900020,5,54,30054,62,372.0,3.1,5.1801,0.80109024
cold,0,1,0,0.0001,0.1,512,3,5,4,256,6000,8.0,2633729,4,4,9977,4106,900020,5,54,30054,63,378.0,3.15,5.26365,0.80183536
cold,0,1,0,0.0001,0.1,512,3,5,4,256,6000,8.0,2633729,4,4,9977,4106,900020,5,54,30054,64,384.0,3.2,5.3472,0.8035053
cold,0,1,0,0.0001,0.1,512,3,5,4,256,6000,8.0,2633729,4,4,9977,4106,900020,5,54,30054,65,390.0,3.25,5.43075,0.80516654
cold,0,1,0,0.0001,0.1,512,3,5,4,256,6000,8.0,2633729,4,4,9977,4106,900020,5,54,30054,66,396.0,3.3,5.5143,0.80552393
cold,0,1,0,0.0001,0.1,512,3,5,4,256,6000,8.0,2633729,4,4,9977,4106,900020,5,54,30054,67,402.0,3.35,5.59785,0.8045038
cold,0,1,0,0.0001,0.1,512,3,5,4,256,6000,8.0,2633729,4,4,9977,4106,900020,5,54,30054,68,408.0,3.4,5.6814,0.80304891
cold,0,1,0,0.0001,0.1,512,3,5,4,256,6000,8.0,2633729,4,4,9977,4106,900020,5,54,30054,69,414.0,3.45,5.76495,0.80177796
cold,0,1,0,0.0001,0.1,512,3,5,4,256,6000,8.0,2633729,4,4,9977,4106,900020,5,54,30054,70,420.0,3.5,5.8485,0.80075407
cold,0,1,0,0.0001,0.1,512,3,5,4,256,6000,8.0,2633729,4,4,9977,4106,900020,5,54,30054,71,426.0,3.55,5.93205,0.80000335
cold,0,1,0,0.0001,0.1,512,3,5,4,256,6000,8.0,2633729,4,4,9977,4106,900020,5,54,30054,72,432.0,3.6,6.0156,0.79967356
cold,0,1,0,0.0001,0.1,512,3,5,4,256,6000,8.0,2633729,4,4,9977,4106,900020,5,54,30054,73,438.0,3.65,6.09915,0.79992884
cold,0,1,0,0.0001,0.1,512,3,5,4,256,6000,8.0,2633729,4,4,9977,4106,900020,5,54,30054,74,444.0,3.7,6.1827,0.80101281
cold,0,1,0,0.0001,0.1,512,3,5,4,256,6000,8.0,2633729,4,4,9977,4106,900020,5,54,30054,75,450.0,3.75,6.26625,0.80291456
cold,0,1,0,0.0001,0.1,512,3,5,4,256,6000,8.0,2633729,4,4,9977,4106,900020,5,54,30054,76,456.0,3.8,6.3498,0.80533773
cold,0,1,0,0.0001,0.1,512,3,5,4,256,6000,8.0,2633729,4,4,9977,4106,900020,5,54,30054,77,462.0,3.85,6.43335,0.80812055
cold,0,1,0,0.0001,0.1,512,3,5,4,256,6000,8.0,2633729,4,4,9977,4106,900020,5,54,30054,78,468.0,3.9,6.5169,0.81076181
cold,0,1,0,0.0001,0.1,512,3,5,4,256,6000,8.0,2633729,4,4,9977,4106,900020,5,54,30054,79,474.0,3.95,6.60045,0.81223464
cold,0,1,0,0.0001,0.1,512,3,5,4,256,6000,8.0,2633729,4,4,9977,4106,900020,5,54,30054,80,480.0,4.0,6.684,0.81193328
cold,0,1,0,0.0001,0.1,512,3,5,4,256,6000,8.0,2633729,4,4,9977,4106,900020,5,54,30054,81,486.0,4.05,6.76755,0.81056756
cold,0,1,0,0.0001,0.1,512,3,5,4,256,6000,8.0,2633729,4,4,9977,4106,900020,5,54,30054,82,492.0,4.1,6.8511,0.80987346
cold,0,1,0,0.0001,0.1,512,3,5,4,256,6000,8.0,2633729,4,4,9977,4106,900020,5,54,30054,83,498.0,4.15,6.93465,0.81124038
cold,0,1,0,0.0001,0.1,512,3,5,4,256,6000,8.0,2633729,4,4,9977,4106,900020,5,54,30054,84,504.0,4.2,7.0182,0.81425458
cold,0,1,0,0.0001,0.1,512,3,5,4,256,6000,8.0,2633729,4,4,9977,4106,900020,5,54,30054,85,510.0,4.25,7.10175,0.8165819
cold,0,1,0,0.0001,0.1,512,3,5,4,256,6000,8.0,2633729,4,4,9977,4106,900020,5,54,30054,86,516.0,4.3,7.1853,0.81633461
cold,0,1,0,0.0001,0.1,512,3,5,4,256,6000,8.0,2633729,4,4,9977,4106,900020,5,54,30054,87,522.0,4.35,7.26885,0.81397867
cold,0,1,0,0.0001,0.1,512,3,5,4,256,6000,8.0,2633729,4,4,9977,4106,900020,5,54,30054,88,528.0,4.4,7.3524,0.81098765
cold,0,1,0,0.0001,0.1,512,3,5,4,256,6000,8.0,2633729,4,4,9977,4106,900020,5,54,30054,89,534.0,4.45,7.43595,0.80794829
cold,0,1,0,0.0001,0.1,512,3,5,4,256,6000,8.0,2633729,4,4,9977,4106,900020,5,54,30054,90,540.0,4.5,7.5195,0.80493039
cold,0,1,0,0.0001,0.1,512,3,5,4,256,6000,8.0,2633729,4,4,9977,4106,900020,5,54,30054,91,546.0,4.55,7.60305,0.80255181
cold,0,1,0,0.0001,0.1,512,3,5,4,256,6000,8.0,2633729,4,4,9977,4106,900020,5,54,30054,92,552.0,4.6,7.6866,0.80169803
cold,0,1,0,0.0001,0.1,512,3,5,4,256,6000,8.0,2633729,4,4,9977,4106,900020,5,54,30054,93,558.0,4.65,7.77015,0.80262238
cold,0,1,0,0.0001,0.1,512,3,5,4,256,6000,8.0,2633729,4,4,9977,4106,900020,5,54,30054,94,564.0,4.7,7.8537,0.80477935
cold,0,1,0,0.0001,0.1,512,3,5,4,256,6000,8.0,2633729,4,4,9977,4106,900020,5,54,30054,95,570.0,4.75,7.93725,0.80738866
cold,0,1,0,0.0001,0.1,512,3,5,4,256,6000,8.0,2633729,4,4,9977,4106,900020,5,54,30054,96,576.0,4.8,8.0208,0.81029433
cold,0,1,0,0.0001,0.1,512,3,5,4,256,6000,8.0,2633729,4,4,9977,4106,900020,5,54,30054,97,582.0,4.85,8.10435,0.81369811
cold,0,1,0,0.0001,0.1,512,3,5,4,256,6000,8.0,2633729,4,4,9977,4106,900020,5,54,30054,98,588.0,4.9,8.1879,0.81710905
cold,0,1,0,0.0001,0.1,512,3,5,4,256,6000,8.0,2633729,4,4,9977,4106,900020,5,54,30054,99,594.0,4.95,8.27145,0.81956536
cold,0,1,0,0.0001,0.1,512,3,5,4,256,6000,8.0,2633729,4,4,9977,4106,900020,5,54,30054,100,600.0,5.0,8.355,0.82043171
cold,0,1,0,0.0001,0.1,512,3,5,4,256,6000,8.0,2633729,4,4,9977,4106,900020,5,54,30054,101,606.0,5.05,8.43855,0.81985658
cold,0,1,0,0.0001,0.1,512,3,5,4,256,6000,8.0,2633729,4,4,9977,4106,900020,5,54,30054,102,612.0,5.1,8.5221,0.81885487
cold,0,1,0,0.0001,0.1,512,3,5,4,256,6000,8.0,2633729,4,4,9977,4106,900020,5,54,30054,103,618.0,5.15,8.60565,0.81864756
cold,0,1,0,0.0001,0.1,512,3,5,4,256,6000,8.0,2633729,4,4,9977,4106,900020,5,54,30054,104,624.0,5.2,8.6892,0.81961817
cold,0,1,0,0.0001,0.1,512,3,5,4,256,6000,8.0,2633729,4,4,9977,4106,900020,5,54,30054,105,630.0,5.25,8.77275,0.82077932
cold,0,1,0,0.0001,0.1,512,3,5,4,256,6000,8.0,2633729,4,4,9977,4106,900020,5,54,30054,106,636.0,5.3,8.8563,0.82083219
cold,0,1,0,0.0001,0.1,512,3,5,4,256,6000,8.0,2633729,4,4,9977,4106,900020,5,54,30054,107,642.0,5.35,8.93985,0.8196066
cold,0,1,0,0.0001,0.1,512,3,5,4,256,6000,8.0,2633729,4,4,9977,4106,900020,5,54,30054,108,648.0,5.4,9.0234,0.81763613
cold,0,1,0,0.0001,0.1,512,3,5,4,256,6000,8.0,2633729,4,4,9977,4106,900020,5,54,30054,109,654.0,5.45,9.10695,0.81529802
cold,0,1,0,0.0001,0.1,512,3,5,4,256,6000,8.0,2633729,4,4,9977,4106,900020,5,54,30054,110,660.0,5.5,9.1905,0.81310159
cold,0,1,0,0.0001,0.1,512,3,5,4,256,6000,8.0,2633729,4,4,9977,4106,900020,5,54,30054,111,666.0,5.55,9.27405,0.81185806
cold,0,1,0,0.0001,0.1,512,3,5,4,256,6000,8.0,2633729,4,4,9977,4106,900020,5,54,30054,112,672.0,5.6,9.3576,0.8119604
cold,0,1,0,0.0001,0.1,512,3,5,4,256,6000,8.0,2633729,4,4,9977,4106,900020,5,54,30054,113,678.0,5.65,9.44115,0.81295854
cold,0,1,0,0.0001,0.1,512,3,5,4,256,6000,8.0,2633729,4,4,9977,4106,900020,5,54,30054,114,684.0,5.7,9.5247,0.81437021
cold,0,1,0,0.0001,0.1,512,3,5,4,256,6000,8.0,2633729,4,4,9977,4106,900020,5,54,30054,115,690.0,5.75,9.60825,0.8161878
cold,0,1,0,0.0001,0.1,512,3,5,4,256,6000,8.0,2633729,4,4,9977,4106,900020,5,54,30054,116,696.0,5.8,9.6918,0.81837499
cold,0,1,0,0.0001,0.1,512,3,5,4,256,6000,8.0,2633729,4,4,9977,4106,900020,5,54,30054,117,702.0,5.85,9.77535,0.82064009
cold,0,1,0,0.0001,0.1,512,3,5,4,256,6000,8.0,2633729,4,4,9977,4106,900020,5,54,30054,118,708.0,5.9,9.8589,0.82237697
cold,0,1,0,0.0001,0.1,512,3,5,4,256,6000,8.0,2633729,4,4,9977,4106,900020,5,54,30054,119,714.0,5.95,9.94245,0.8226701
cold,0,1,0,0.0001,0.1,512,3,5,4,256,6000,8.0,2633729,4,4,9977,4106,900020,5,54,30054,120,720.0,6.0,10.026,0.82091916
cold,0,1,0,0.0001,0.1,512,3,5,4,256,6000,8.0,2633729,4,4,9977,4106,900020,5,234,30234,1,6.0,0.05,0.08355,0.04585136
cold,0,1,0,0.0001,0.1,512,3,5,4,256,6000,8.0,2633729,4,4,9977,4106,900020,5,234,30234,2,12.0,0.1,0.1671,0.0530851
cold,0,1,0,0.0001,0.1,512,3,5,4,256,6000,8.0,2633729,4,4,9977,4106,900020,5,234,30234,3,18.0,0.15,0.25065,0.06192433
cold,0,1,0,0.0001,0.1,512,3,5,4,256,6000,8.0,2633729,4,4,9977,4106,900020,5,234,30234,4,24.0,0.2,0.3342,0.07251777
cold,0,1,0,0.0001,0.1,512,3,5,4,256,6000,8.0,2633729,4,4,9977,4106,900020,5,234,30234,5,30.0,0.25,0.41775,0.08373529
cold,0,1,0,0.0001,0.1,512,3,5,4,256,6000,8.0,2633729,4,4,9977,4106,900020,5,234,30234,6,36.0,0.3,0.5013,0.09641076
cold,0,1,0,0.0001,0.1,512,3,5,4,256,6000,8.0,2633729,4,4,9977,4106,900020,5,234,30234,7,42.0,0.35,0.58485,0.11040763
cold,0,1,0,0.0001,0.1,512,3,5,4,256,6000,8.0,2633729,4,4,9977,4106,900020,5,234,30234,8,48.0,0.4,0.6684,0.12658283
cold,0,1,0,0.0001,0.1,512,3,5,4,256,6000,8.0,2633729,4,4,9977,4106,900020,5,234,30234,9,54.0,0.45,0.75195,0.14488713
cold,0,1,0,0.0001,0.1,512,3,5,4,256,6000,8.0,2633729,4,4,9977,4106,900020,5,234,30234,10,60.0,0.5,0.8355,0.16334298
cold,0,1,0,0.0001,0.1,512,3,5,4,256,6000,8.0,2633729,4,4,9977,4106,900020,5,234,30234,11,66.0,0.55,0.91905,0.18087824
cold,0,1,0,0.0001,0.1,512,3,5,4,256,6000,8.0,2633729,4,4,9977,4106,900020,5,234,30234,12,72.0,0.6,1.0026,0.19874077
cold,0,1,0,0.0001,0.1,512,3,5,4,256,6000,8.0,2633729,4,4,9977,4106,900020,5,234,30234,13,78.0,0.65,1.08615,0.21816306
cold,0,1,0,0.0001,0.1,512,3,5,4,256,6000,8.0,2633729,4,4,9977,4106,900020,5,234,30234,14,84.0,0.7,1.1697,0.23878242
cold,0,1,0,0.0001,0.1,512,3,5,4,256,6000,8.0,2633729,4,4,9977,4106,900020,5,234,30234,15,90.0,0.75,1.25325,0.26014405
cold,0,1,0,0.0001,0.1,512,3,5,4,256,6000,8.0,2633729,4,4,9977,4106,900020,5,234,30234,16,96.0,0.8,1.3368,0.28200591
cold,0,1,0,0.0001,0.1,512,3,5,4,256,6000,8.0,2633729,4,4,9977,4106,900020,5,234,30234,17,102.0,0.85,1.42035,0.30487087
cold,0,1,0,0.0001,0.1,512,3,5,4,256,6000,8.0,2633729,4,4,9977,4106,900020,5,234,30234,18,108.0,0.9,1.5039,0.32950932
cold,0,1,0,0.0001,0.1,512,3,5,4,256,6000,8.0,2633729,4,4,9977,4106,900020,5,234,30234,19,114.0,0.95,1.58745,0.35567445
cold,0,1,0,0.0001,0.1,512,3,5,4,256,6000,8.0,2633729,4,4,9977,4106,900020,5,234,30234,20,120.0,1.0,1.671,0.38225824
cold,0,1,0,0.0001,0.1,512,3,5,4,256,6000,8.0,2633729,4,4,9977,4106,900020,5,234,30234,21,126.0,1.05,1.75455,0.40756837
cold,0,1,0,0.0001,0.1,512,3,5,4,256,6000,8.0,2633729,4,4,9977,4106,900020,5,234,30234,22,132.0,1.1,1.8381,0.42991263
cold,0,1,0,0.0001,0.1,512,3,5,4,256,6000,8.0,2633729,4,4,9977,4106,900020,5,234,30234,23,138.0,1.15,1.92165,0.44896829
cold,0,1,0,0.0001,0.1,512,3,5,4,256,6000,8.0,2633729,4,4,9977,4106,900020,5,234,30234,24,144.0,1.2,2.0052,0.46533298
cold,0,1,0,0.0001,0.1,512,3,5,4,256,6000,8.0,2633729,4,4,9977,4106,900020,5,234,30234,25,150.0,1.25,2.08875,0.4804208
cold,0,1,0,0.0001,0.1,512,3,5,4,256,6000,8.0,2633729,4,4,9977,4106,900020,5,234,30234,26,156.0,1.3,2.1723,0.49672693
cold,0,1,0,0.0001,0.1,512,3,5,4,256,6000,8.0,2633729,4,4,9977,4106,900020,5,234,30234,27,162.0,1.35,2.25585,0.51588887
cold,0,1,0,0.0001,0.1,512,3,5,4,256,6000,8.0,2633729,4,4,9977,4106,900020,5,234,30234,28,168.0,1.4,2.3394,0.53730345
cold,0,1,0,0.0001,0.1,512,3,5,4,256,6000,8.0,2633729,4,4,9977,4106,900020,5,234,30234,29,174.0,1.45,2.42295,0.55922955
cold,0,1,0,0.0001,0.1,512,3,5,4,256,6000,8.0,2633729,4,4,9977,4106,900020,5,234,30234,30,180.0,1.5,2.5065,0.58059108
cold,0,1,0,0.0001,0.1,512,3,5,4,256,6000,8.0,2633729,4,4,9977,4106,900020,5,234,30234,31,186.0,1.55,2.59005,0.60109502
cold,0,1,0,0.0001,0.1,512,3,5,4,256,6000,8.0,2633729,4,4,9977,4106,900020,5,234,30234,32,192.0,1.6,2.6736,0.62058556
cold,0,1,0,0.0001,0.1,512,3,5,4,256,6000,8.0,2633729,4,4,9977,4106,900020,5,234,30234,33,198.0,1.65,2.75715,0.63856304
cold,0,1,0,0.0001,0.1,512,3,5,4,256,6000,8.0,2633729,4,4,9977,4106,900020,5,234,30234,34,204.0,1.7,2.8407,0.65494865
cold,0,1,0,0.0001,0.1,512,3,5,4,256,6000,8.0,2633729,4,4,9977,4106,900020,5,234,30234,35,210.0,1.75,2.92425,0.67116868
cold,0,1,0,0.0001,0.1,512,3,5,4,256,6000,8.0,2633729,4,4,9977,4106,900020,5,234,30234,36,216.0,1.8,3.0078,0.68775487
cold,0,1,0,0.0001,0.1,512,3,5,4,256,6000,8.0,2633729,4,4,9977,4106,900020,5,234,30234,37,222.0,1.85,3.09135,0.70343632
cold,0,1,0,0.0001,0.1,512,3,5,4,256,6000,8.0,2633729,4,4,9977,4106,900020,5,234,30234,38,228.0,1.9,3.1749,0.71758968
cold,0,1,0,0.0001,0.1,512,3,5,4,256,6000,8.0,2633729,4,4,9977,4106,900020,5,234,30234,39,234.0,1.95,3.25845,0.72993773
cold,0,1,0,0.0001,0.1,512,3,5,4,256,6000,8.0,2633729,4,4,9977,4106,900020,5,234,30234,40,240.0,2.0,3.342,0.74003154
cold,0,1,0,0.0001,0.1,512,3,5,4,256,6000,8.0,2633729,4,4,9977,4106,900020,5,234,30234,41,246.0,2.05,3.42555,0.74844778
cold,0,1,0,0.0001,0.1,512,3,5,4,256,6000,8.0,2633729,4,4,9977,4106,900020,5,234,30234,42,252.0,2.1,3.5091,0.75689715
cold,0,1,0,0.0001,0.1,512,3,5,4,256,6000,8.0,2633729,4,4,9977,4106,900020,5,234,30234,43,258.0,2.15,3.59265,0.7668075
cold,0,1,0,0.0001,0.1,512,3,5,4,256,6000,8.0,2633729,4,4,9977,4106,900020,5,234,30234,44,264.0,2.2,3.6762,0.77761793
cold,0,1,0,0.0001,0.1,512,3,5,4,256,6000,8.0,2633729,4,4,9977,4106,900020,5,234,30234,45,270.0,2.25,3.75975,0.78749311
cold,0,1,0,0.0001,0.1,512,3,5,4,256,6000,8.0,2633729,4,4,9977,4106,900020,5,234,30234,46,276.0,2.3,3.8433,0.79562372
cold,0,1,0,0.0001,0.1,512,3,5,4,256,6000,8.0,2633729,4,4,9977,4106,900020,5,234,30234,47,282.0,2.35,3.92685,0.80409461
cold,0,1,0,0.0001,0.1,512,3,5,4,256,6000,8.0,2633729,4,4,9977,4106,900020,5,234,30234,48,288.0,2.4,4.0104,0.81572664
cold,0,1,0,0.0001,0.1,512,3,5,4,256,6000,8.0,2633729,4,4,9977,4106,900020,5,234,30234,49,294.0,2.45,4.09395,0.83026141
cold,0,1,0,0.0001,0.1,512,3,5,4,256,6000,8.0,2633729,4,4,9977,4106,900020,5,234,30234,50,300.0,2.5,4.1775,0.84561783
cold,0,1,0,0.0001,0.1,512,3,5,4,256,6000,8.0,2633729,4,4,9977,4106,900020,5,234,30234,51,306.0,2.55,4.26105,0.86023039
cold,0,1,0,0.0001,0.1,512,3,5,4,256,6000,8.0,2633729,4,4,9977,4106,900020,5,234,30234,52,312.0,2.6,4.3446,0.87099731
cold,0,1,0,0.0001,0.1,512,3,5,4,256,6000,8.0,2633729,4,4,9977,4106,900020,5,234,30234,53,318.0,2.65,4.42815,0.87589735
cold,0,1,0,0.0001,0.1,512,3,5,4,256,6000,8.0,2633729,4,4,9977,4106,900020,5,234,30234,54,324.0,2.7,4.5117,0.87738293
cold,0,1,0,0.0001,0.1,512,3,5,4,256,6000,8.0,2633729,4,4,9977,4106,900020,5,234,30234,55,330.0,2.75,4.59525,0.87819463
cold,0,1,0,0.0001,0.1,512,3,5,4,256,6000,8.0,2633729,4,4,9977,4106,900020,5,234,30234,56,336.0,2.8,4.6788,0.87847
cold,0,1,0,0.0001,0.1,512,3,5,4,256,6000,8.0,2633729,4,4,9977,4106,900020,5,234,30234,57,342.0,2.85,4.76235,0.87813956
cold,0,1,0,0.0001,0.1,512,3,5,4,256,6000,8.0,2633729,4,4,9977,4106,900020,5,234,30234,58,348.0,2.9,4.8459,0.87850386
cold,0,1,0,0.0001,0.1,512,3,5,4,256,6000,8.0,2633729,4,4,9977,4106,900020,5,234,30234,59,354.0,2.95,4.92945,0.880225
cold,0,1,0,0.0001,0.1,512,3,5,4,256,6000,8.0,2633729,4,4,9977,4106,900020,5,234,30234,60,360.0,3.0,5.013,0.88296282
cold,0,1,0,0.0001,0.1,512,3,5,4,256,6000,8.0,2633729,4,4,9977,4106,900020,5,234,30234,61,366.0,3.05,5.09655,0.88716936
cold,0,1,0,0.0001,0.1,512,3,5,4,256,6000,8.0,2633729,4,4,9977,4106,900020,5,234,30234,62,372.0,3.1,5.1801,0.89218926
cold,0,1,0,0.0001,0.1,512,3,5,4,256,6000,8.0,2633729,4,4,9977,4106,900020,5,234,30234,63,378.0,3.15,5.26365,0.89702427
cold,0,1,0,0.0001,0.1,512,3,5,4,256,6000,8.0,2633729,4,4,9977,4106,900020,5,234,30234,64,384.0,3.2,5.3472,0.90136445
cold,0,1,0,0.0001,0.1,512,3,5,4,256,6000,8.0,2633729,4,4,9977,4106,900020,5,234,30234,65,390.0,3.25,5.43075,0.9047699
cold,0,1,0,0.0001,0.1,512,3,5,4,256,6000,8.0,2633729,4,4,9977,4106,900020,5,234,30234,66,396.0,3.3,5.5143,0.90682024
cold,0,1,0,0.0001,0.1,512,3,5,4,256,6000,8.0,2633729,4,4,9977,4106,900020,5,234,30234,67,402.0,3.35,5.59785,0.90875006
cold,0,1,0,0.0001,0.1,512,3,5,4,256,6000,8.0,2633729,4,4,9977,4106,900020,5,234,30234,68,408.0,3.4,5.6814,0.91239744
cold,0,1,0,0.0001,0.1,512,3,5,4,256,6000,8.0,2633729,4,4,9977,4106,900020,5,234,30234,69,414.0,3.45,5.76495,0.91785979
cold,0,1,0,0.0001,0.1,512,3,5,4,256,6000,8.0,2633729,4,4,9977,4106,900020,5,234,30234,70,420.0,3.5,5.8485,0.92397362
cold,0,1,0,0.0001,0.1,512,3,5,4,256,6000,8.0,2633729,4,4,9977,4106,900020,5,234,30234,71,426.0,3.55,5.93205,0.92958283
cold,0,1,0,0.0001,0.1,512,3,5,4,256,6000,8.0,2633729,4,4,9977,4106,900020,5,234,30234,72,432.0,3.6,6.0156,0.93347937
cold,0,1,0,0.0001,0.1,512,3,5,4,256,6000,8.0,2633729,4,4,9977,4106,900020,5,234,30234,73,438.0,3.65,6.09915,0.93453157
cold,0,1,0,0.0001,0.1,512,3,5,4,256,6000,8.0,2633729,4,4,9977,4106,900020,5,234,30234,74,444.0,3.7,6.1827,0.93395376
cold,0,1,0,0.0001,0.1,512,3,5,4,256,6000,8.0,2633729,4,4,9977,4106,900020,5,234,30234,75,450.0,3.75,6.26625,0.93421662
cold,0,1,0,0.0001,0.1,512,3,5,4,256,6000,8.0,2633729,4,4,9977,4106,900020,5,234,30234,76,456.0,3.8,6.3498,0.93600065
cold,0,1,0,0.0001,0.1,512,3,5,4,256,6000,8.0,2633729,4,4,9977,4106,900020,5,234,30234,77,462.0,3.85,6.43335,0.93780518
cold,0,1,0,0.0001,0.1,512,3,5,4,256,6000,8.0,2633729,4,4,9977,4106,900020,5,234,30234,78,468.0,3.9,6.5169,0.93813282
cold,0,1,0,0.0001,0.1,512,3,5,4,256,6000,8.0,2633729,4,4,9977,4106,900020,5,234,30234,79,474.0,3.95,6.60045,0.93744564
cold,0,1,0,0.0001,0.1,512,3,5,4,256,6000,8.0,2633729,4,4,9977,4106,900020,5,234,30234,80,480.0,4.0,6.684,0.93734145
cold,0,1,0,0.0001,0.1,512,3,5,4,256,6000,8.0,2633729,4,4,9977,4106,900020,5,234,30234,81,486.0,4.05,6.76755,0.93948895
cold,0,1,0,0.0001,0.1,512,3,5,4,256,6000,8.0,2633729,4,4,9977,4106,900020,5,234,30234,82,492.0,4.1,6.8511,0.9446677
cold,0,1,0,0.0001,0.1,512,3,5,4,256,6000,8.0,2633729,4,4,9977,4106,900020,5,234,30234,83,498.0,4.15,6.93465,0.95112276
cold,0,1,0,0.0001,0.1,512,3,5,4,256,6000,8.0,2633729,4,4,9977,4106,900020,5,234,30234,84,504.0,4.2,7.0182,0.95573848
cold,0,1,0,0.0001,0.1,512,3,5,4,256,6000,8.0,2633729,4,4,9977,4106,900020,5,234,30234,85,510.0,4.25,7.10175,0.95751971
cold,0,1,0,0.0001,0.1,512,3,5,4,256,6000,8.0,2633729,4,4,9977,4106,900020,5,234,30234,86,516.0,4.3,7.1853,0.95787275
cold,0,1,0,0.0001,0.1,512,3,5,4,256,6000,8.0,2633729,4,4,9977,4106,900020,5,234,30234,87,522.0,4.35,7.26885,0.95819676
cold,0,1,0,0.0001,0.1,512,3,5,4,256,6000,8.0,2633729,4,4,9977,4106,900020,5,234,30234,88,528.0,4.4,7.3524,0.95865101
cold,0,1,0,0.0001,0.1,512,3,5,4,256,6000,8.0,2633729,4,4,9977,4106,900020,5,234,30234,89,534.0,4.45,7.43595,0.95781809
cold,0,1,0,0.0001,0.1,512,3,5,4,256,6000,8.0,2633729,4,4,9977,4106,900020,5,234,30234,90,540.0,4.5,7.5195,0.95534235
cold,0,1,0,0.0001,0.1,512,3,5,4,256,6000,8.0,2633729,4,4,9977,4106,900020,5,234,30234,91,546.0,4.55,7.60305,0.95291072
cold,0,1,0,0.0001,0.1,512,3,5,4,256,6000,8.0,2633729,4,4,9977,4106,900020,5,234,30234,92,552.0,4.6,7.6866,0.95227468
cold,0,1,0,0.0001,0.1,512,3,5,4,256,6000,8.0,2633729,4,4,9977,4106,900020,5,234,30234,93,558.0,4.65,7.77015,0.95400304
cold,0,1,0,0.0001,0.1,512,3,5,4,256,6000,8.0,2633729,4,4,9977,4106,900020,5,234,30234,94,564.0,4.7,7.8537,0.95715892
cold,0,1,0,0.0001,0.1,512,3,5,4,256,6000,8.0,2633729,4,4,9977,4106,900020,5,234,30234,95,570.0,4.75,7.93725,0.96049577
cold,0,1,0,0.0001,0.1,512,3,5,4,256,6000,8.0,2633729,4,4,9977,4106,900020,5,234,30234,96,576.0,4.8,8.0208,0.96376222
cold,0,1,0,0.0001,0.1,512,3,5,4,256,6000,8.0,2633729,4,4,9977,4106,900020,5,234,30234,97,582.0,4.85,8.10435,0.96719974
cold,0,1,0,0.0001,0.1,512,3,5,4,256,6000,8.0,2633729,4,4,9977,4106,900020,5,234,30234,98,588.0,4.9,8.1879,0.97085732
cold,0,1,0,0.0001,0.1,512,3,5,4,256,6000,8.0,2633729,4,4,9977,4106,900020,5,234,30234,99,594.0,4.95,8.27145,0.97401857
cold,0,1,0,0.0001,0.1,512,3,5,4,256,6000,8.0,2633729,4,4,9977,4106,900020,5,234,30234,100,600.0,5.0,8.355,0.97552961
cold,0,1,0,0.0001,0.1,512,3,5,4,256,6000,8.0,2633729,4,4,9977,4106,900020,5,234,30234,101,606.0,5.05,8.43855,0.97482562
cold,0,1,0,0.0001,0.1,512,3,5,4,256,6000,8.0,2633729,4,4,9977,4106,900020,5,234,30234,102,612.0,5.1,8.5221,0.97263712
cold,0,1,0,0.0001,0.1,512,3,5,4,256,6000,8.0,2633729,4,4,9977,4106,900020,5,234,30234,103,618.0,5.15,8.60565,0.97092032
cold,0,1,0,0.0001,0.1,512,3,5,4,256,6000,8.0,2633729,4,4,9977,4106,900020,5,234,30234,104,624.0,5.2,8.6892,0.97165221
cold,0,1,0,0.0001,0.1,512,3,5,4,256,6000,8.0,2633729,4,4,9977,4106,900020,5,234,30234,105,630.0,5.25,8.77275,0.9748165
cold,0,1,0,0.0001,0.1,512,3,5,4,256,6000,8.0,2633729,4,4,9977,4106,900020,5,234,30234,106,636.0,5.3,8.8563,0.97834396
cold,0,1,0,0.0001,0.1,512,3,5,4,256,6000,8.0,2633729,4,4,9977,4106,900020,5,234,30234,107,642.0,5.35,8.93985,0.97995442
cold,0,1,0,0.0001,0.1,512,3,5,4,256,6000,8.0,2633729,4,4,9977,4106,900020,5,234,30234,108,648.0,5.4,9.0234,0.97843033
cold,0,1,0,0.0001,0.1,512,3,5,4,256,6000,8.0,2633729,4,4,9977,4106,900020,5,234,30234,109,654.0,5.45,9.10695,0.97379833
cold,0,1,0,0.0001,0.1,512,3,5,4,256,6000,8.0,2633729,4,4,9977,4106,900020,5,234,30234,110,660.0,5.5,9.1905,0.96756601
cold,0,1,0,0.0001,0.1,512,3,5,4,256,6000,8.0,2633729,4,4,9977,4106,900020,5,234,30234,111,666.0,5.55,9.27405,0.9628157
cold,0,1,0,0.0001,0.1,512,3,5,4,256,6000,8.0,2633729,4,4,9977,4106,900020,5,234,30234,112,672.0,5.6,9.3576,0.96131331
cold,0,1,0,0.0001,0.1,512,3,5,4,256,6000,8.0,2633729,4,4,9977,4106,900020,5,234,30234,113,678.0,5.65,9.44115,0.96219236
cold,0,1,0,0.0001,0.1,512,3,5,4,256,6000,8.0,2633729,4,4,9977,4106,900020,5,234,30234,114,684.0,5.7,9.5247,0.96461576
cold,0,1,0,0.0001,0.1,512,3,5,4,256,6000,8.0,2633729,4,4,9977,4106,900020,5,234,30234,115,690.0,5.75,9.60825,0.9686166
cold,0,1,0,0.0001,0.1,512,3,5,4,256,6000,8.0,2633729,4,4,9977,4106,900020,5,234,30234,116,696.0,5.8,9.6918,0.97469074
cold,0,1,0,0.0001,0.1,512,3,5,4,256,6000,8.0,2633729,4,4,9977,4106,900020,5,234,30234,117,702.0,5.85,9.77535,0.98262596
cold,0,1,0,0.0001,0.1,512,3,5,4,256,6000,8.0,2633729,4,4,9977,4106,900020,5,234,30234,118,708.0,5.9,9.8589,0.99095953
cold,0,1,0,0.0001,0.1,512,3,5,4,256,6000,8.0,2633729,4,4,9977,4106,900020,5,234,30234,119,714.0,5.95,9.94245,0.99705112
cold,0,1,0,0.0001,0.1,512,3,5,4,256,6000,8.0,2633729,4,4,9977,4106,900020,5,234,30234,120,720.0,6.0,10.026,0.998541
cold,0,1,0,0.0001,0.1,512,3,5,4,256,6000,8.0,2633729,4,4,9977,4106,900020,5,1023,31023,1,6.0,0.05,0.08355,0.04012078
cold,0,1,0,0.0001,0.1,512,3,5,4,256,6000,8.0,2633729,4,4,9977,4106,900020,5,1023,31023,2,12.0,0.1,0.1671,0.04713751
cold,0,1,0,0.0001,0.1,512,3,5,4,256,6000,8.0,2633729,4,4,9977,4106,900020,5,1023,31023,3,18.0,0.15,0.25065,0.05541698
cold,0,1,0,0.0001,0.1,512,3,5,4,256,6000,8.0,2633729,4,4,9977,4106,900020,5,1023,31023,4,24.0,0.2,0.3342,0.06449412
cold,0,1,0,0.0001,0.1,512,3,5,4,256,6000,8.0,2633729,4,4,9977,4106,900020,5,1023,31023,5,30.0,0.25,0.41775,0.07397157
cold,0,1,0,0.0001,0.1,512,3,5,4,256,6000,8.0,2633729,4,4,9977,4106,900020,5,1023,31023,6,36.0,0.3,0.5013,0.08545587
cold,0,1,0,0.0001,0.1,512,3,5,4,256,6000,8.0,2633729,4,4,9977,4106,900020,5,1023,31023,7,42.0,0.35,0.58485,0.0981992
cold,0,1,0,0.0001,0.1,512,3,5,4,256,6000,8.0,2633729,4,4,9977,4106,900020,5,1023,31023,8,48.0,0.4,0.6684,0.11286668
cold,0,1,0,0.0001,0.1,512,3,5,4,256,6000,8.0,2633729,4,4,9977,4106,900020,5,1023,31023,9,54.0,0.45,0.75195,0.12914534
cold,0,1,0,0.0001,0.1,512,3,5,4,256,6000,8.0,2633729,4,4,9977,4106,900020,5,1023,31023,10,60.0,0.5,0.8355,0.14615488
cold,0,1,0,0.0001,0.1,512,3,5,4,256,6000,8.0,2633729,4,4,9977,4106,900020,5,1023,31023,11,66.0,0.55,0.91905,0.16371384
cold,0,1,0,0.0001,0.1,512,3,5,4,256,6000,8.0,2633729,4,4,9977,4106,900020,5,1023,31023,12,72.0,0.6,1.0026,0.1823485
cold,0,1,0,0.0001,0.1,512,3,5,4,256,6000,8.0,2633729,4,4,9977,4106,900020,5,1023,31023,13,78.0,0.65,1.08615,0.20221569
cold,0,1,0,0.0001,0.1,512,3,5,4,256,6000,8.0,2633729,4,4,9977,4106,900020,5,1023,31023,14,84.0,0.7,1.1697,0.2232172
cold,0,1,0,0.0001,0.1,512,3,5,4,256,6000,8.0,2633729,4,4,9977,4106,900020,5,1023,31023,15,90.0,0.75,1.25325,0.24485292
cold,0,1,0,0.0001,0.1,512,3,5,4,256,6000,8.0,2633729,4,4,9977,4106,900020,5,1023,31023,16,96.0,0.8,1.3368,0.26657179
cold,0,1,0,0.0001,0.1,512,3,5,4,256,6000,8.0,2633729,4,4,9977,4106,900020,5,1023,31023,17,102.0,0.85,1.42035,0.28910655
cold,0,1,0,0.0001,0.1,512,3,5,4,256,6000,8.0,2633729,4,4,9977,4106,900020,5,1023,31023,18,108.0,0.9,1.5039,0.31361949
cold,0,1,0,0.0001,0.1,512,3,5,4,256,6000,8.0,2633729,4,4,9977,4106,900020,5,1023,31023,19,114.0,0.95,1.58745,0.33982944
cold,0,1,0,0.0001,0.1,512,3,5,4,256,6000,8.0,2633729,4,4,9977,4106,900020,5,1023,31023,20,120.0,1.0,1.671,0.36670902
cold,0,1,0,0.0001,0.1,512,3,5,4,256,6000,8.0,2633729,4,4,9977,4106,900020,5,1023,31023,21,126.0,1.05,1.75455,0.39300463
cold,0,1,0,0.0001,0.1,512,3,5,4,256,6000,8.0,2633729,4,4,9977,4106,900020,5,1023,31023,22,132.0,1.1,1.8381,0.41732895
cold,0,1,0,0.0001,0.1,512,3,5,4,256,6000,8.0,2633729,4,4,9977,4106,900020,5,1023,31023,23,138.0,1.15,1.92165,0.43854979
cold,0,1,0,0.0001,0.1,512,3,5,4,256,6000,8.0,2633729,4,4,9977,4106,900020,5,1023,31023,24,144.0,1.2,2.0052,0.45684227
cold,0,1,0,0.0001,0.1,512,3,5,4,256,6000,8.0,2633729,4,4,9977,4106,900020,5,1023,31023,25,150.0,1.25,2.08875,0.47318831
cold,0,1,0,0.0001,0.1,512,3,5,4,256,6000,8.0,2633729,4,4,9977,4106,900020,5,1023,31023,26,156.0,1.3,2.1723,0.4885318
cold,0,1,0,0.0001,0.1,512,3,5,4,256,6000,8.0,2633729,4,4,9977,4106,900020,5,1023,31023,27,162.0,1.35,2.25585,0.50398749
cold,0,1,0,0.0001,0.1,512,3,5,4,256,6000,8.0,2633729,4,4,9977,4106,900020,5,1023,31023,28,168.0,1.4,2.3394,0.52086926
cold,0,1,0,0.0001,0.1,512,3,5,4,256,6000,8.0,2633729,4,4,9977,4106,900020,5,1023,31023,29,174.0,1.45,2.42295,0.5400241
cold,0,1,0,0.0001,0.1,512,3,5,4,256,6000,8.0,2633729,4,4,9977,4106,900020,5,1023,31023,30,180.0,1.5,2.5065,0.56132609
cold,0,1,0,0.0001,0.1,512,3,5,4,256,6000,8.0,2633729,4,4,9977,4106,900020,5,1023,31023,31,186.0,1.55,2.59005,0.58386457
cold,0,1,0,0.0001,0.1,512,3,5,4,256,6000,8.0,2633729,4,4,9977,4106,900020,5,1023,31023,32,192.0,1.6,2.6736,0.60645419
cold,0,1,0,0.0001,0.1,512,3,5,4,256,6000,8.0,2633729,4,4,9977,4106,900020,5,1023,31023,33,198.0,1.65,2.75715,0.62879038
cold,0,1,0,0.0001,0.1,512,3,5,4,256,6000,8.0,2633729,4,4,9977,4106,900020,5,1023,31023,34,204.0,1.7,2.8407,0.65118736
cold,0,1,0,0.0001,0.1,512,3,5,4,256,6000,8.0,2633729,4,4,9977,4106,900020,5,1023,31023,35,210.0,1.75,2.92425,0.67273593
cold,0,1,0,0.0001,0.1,512,3,5,4,256,6000,8.0,2633729,4,4,9977,4106,900020,5,1023,31023,36,216.0,1.8,3.0078,0.69125372
cold,0,1,0,0.0001,0.1,512,3,5,4,256,6000,8.0,2633729,4,4,9977,4106,900020,5,1023,31023,37,222.0,1.85,3.09135,0.7056312
cold,0,1,0,0.0001,0.1,512,3,5,4,256,6000,8.0,2633729,4,4,9977,4106,900020,5,1023,31023,38,228.0,1.9,3.1749,0.71703041
cold,0,1,0,0.0001,0.1,512,3,5,4,256,6000,8.0,2633729,4,4,9977,4106,900020,5,1023,31023,39,234.0,1.95,3.25845,0.72695178
cold,0,1,0,0.0001,0.1,512,3,5,4,256,6000,8.0,2633729,4,4,9977,4106,900020,5,1023,31023,40,240.0,2.0,3.342,0.73491174
cold,0,1,0,0.0001,0.1,512,3,5,4,256,6000,8.0,2633729,4,4,9977,4106,900020,5,1023,31023,41,246.0,2.05,3.42555,0.74017054
cold,0,1,0,0.0001,0.1,512,3,5,4,256,6000,8.0,2633729,4,4,9977,4106,900020,5,1023,31023,42,252.0,2.1,3.5091,0.74459982
cold,0,1,0,0.0001,0.1,512,3,5,4,256,6000,8.0,2633729,4,4,9977,4106,900020,5,1023,31023,43,258.0,2.15,3.59265,0.75080997
cold,0,1,0,0.0001,0.1,512,3,5,4,256,6000,8.0,2633729,4,4,9977,4106,900020,5,1023,31023,44,264.0,2.2,3.6762,0.75942641
cold,0,1,0,0.0001,0.1,512,3,5,4,256,6000,8.0,2633729,4,4,9977,4106,900020,5,1023,31023,45,270.0,2.25,3.75975,0.76905441
cold,0,1,0,0.0001,0.1,512,3,5,4,256,6000,8.0,2633729,4,4,9977,4106,900020,5,1023,31023,46,276.0,2.3,3.8433,0.77863806
cold,0,1,0,0.0001,0.1,512,3,5,4,256,6000,8.0,2633729,4,4,9977,4106,900020,5,1023,31023,47,282.0,2.35,3.92685,0.78936195
cold,0,1,0,0.0001,0.1,512,3,5,4,256,6000,8.0,2633729,4,4,9977,4106,900020,5,1023,31023,48,288.0,2.4,4.0104,0.80246168
cold,0,1,0,0.0001,0.1,512,3,5,4,256,6000,8.0,2633729,4,4,9977,4106,900020,5,1023,31023,49,294.0,2.45,4.09395,0.81685281
cold,0,1,0,0.0001,0.1,512,3,5,4,256,6000,8.0,2633729,4,4,9977,4106,900020,5,1023,31023,50,300.0,2.5,4.1775,0.83015108
cold,0,1,0,0.0001,0.1,512,3,5,4,256,6000,8.0,2633729,4,4,9977,4106,900020,5,1023,31023,51,306.0,2.55,4.26105,0.84048337
cold,0,1,0,0.0001,0.1,512,3,5,4,256,6000,8.0,2633729,4,4,9977,4106,900020,5,1023,31023,52,312.0,2.6,4.3446,0.84692597
cold,0,1,0,0.0001,0.1,512,3,5,4,256,6000,8.0,2633729,4,4,9977,4106,900020,5,1023,31023,53,318.0,2.65,4.42815,0.85070831
cold,0,1,0,0.0001,0.1,512,3,5,4,256,6000,8.0,2633729,4,4,9977,4106,900020,5,1023,31023,54,324.0,2.7,4.5117,0.85461199
cold,0,1,0,0.0001,0.1,512,3,5,4,256,6000,8.0,2633729,4,4,9977,4106,900020,5,1023,31023,55,330.0,2.75,4.59525,0.86036146
cold,0,1,0,0.0001,0.1,512,3,5,4,256,6000,8.0,2633729,4,4,9977,4106,900020,5,1023,31023,56,336.0,2.8,4.6788,0.86807716
cold,0,1,0,0.0001,0.1,512,3,5,4,256,6000,8.0,2633729,4,4,9977,4106,900020,5,1023,31023,57,342.0,2.85,4.76235,0.87645048
cold,0,1,0,0.0001,0.1,512,3,5,4,256,6000,8.0,2633729,4,4,9977,4106,900020,5,1023,31023,58,348.0,2.9,4.8459,0.88316703
cold,0,1,0,0.0001,0.1,512,3,5,4,256,6000,8.0,2633729,4,4,9977,4106,900020,5,1023,31023,59,354.0,2.95,4.92945,0.88703638
cold,0,1,0,0.0001,0.1,512,3,5,4,256,6000,8.0,2633729,4,4,9977,4106,900020,5,1023,31023,60,360.0,3.0,5.013,0.8894847
cold,0,1,0,0.0001,0.1,512,3,5,4,256,6000,8.0,2633729,4,4,9977,4106,900020,5,1023,31023,61,366.0,3.05,5.09655,0.89352649
cold,0,1,0,0.0001,0.1,512,3,5,4,256,6000,8.0,2633729,4,4,9977,4106,900020,5,1023,31023,62,372.0,3.1,5.1801,0.9004612
cold,0,1,0,0.0001,0.1,512,3,5,4,256,6000,8.0,2633729,4,4,9977,4106,900020,5,1023,31023,63,378.0,3.15,5.26365,0.90814131
cold,0,1,0,0.0001,0.1,512,3,5,4,256,6000,8.0,2633729,4,4,9977,4106,900020,5,1023,31023,64,384.0,3.2,5.3472,0.91365087
cold,0,1,0,0.0001,0.1,512,3,5,4,256,6000,8.0,2633729,4,4,9977,4106,900020,5,1023,31023,65,390.0,3.25,5.43075,0.9162479
cold,0,1,0,0.0001,0.1,512,3,5,4,256,6000,8.0,2633729,4,4,9977,4106,900020,5,1023,31023,66,396.0,3.3,5.5143,0.9170987
cold,0,1,0,0.0001,0.1,512,3,5,4,256,6000,8.0,2633729,4,4,9977,4106,900020,5,1023,31023,67,402.0,3.35,5.59785,0.91789782
cold,0,1,0,0.0001,0.1,512,3,5,4,256,6000,8.0,2633729,4,4,9977,4106,900020,5,1023,31023,68,408.0,3.4,5.6814,0.91947085
cold,0,1,0,0.0001,0.1,512,3,5,4,256,6000,8.0,2633729,4,4,9977,4106,900020,5,1023,31023,69,414.0,3.45,5.76495,0.92173529
cold,0,1,0,0.0001,0.1,512,3,5,4,256,6000,8.0,2633729,4,4,9977,4106,900020,5,1023,31023,70,420.0,3.5,5.8485,0.92484397
cold,0,1,0,0.0001,0.1,512,3,5,4,256,6000,8.0,2633729,4,4,9977,4106,900020,5,1023,31023,71,426.0,3.55,5.93205,0.92950976
cold,0,1,0,0.0001,0.1,512,3,5,4,256,6000,8.0,2633729,4,4,9977,4106,900020,5,1023,31023,72,432.0,3.6,6.0156,0.93593878
cold,0,1,0,0.0001,0.1,512,3,5,4,256,6000,8.0,2633729,4,4,9977,4106,900020,5,1023,31023,73,438.0,3.65,6.09915,0.94334179
cold,0,1,0,0.0001,0.1,512,3,5,4,256,6000,8.0,2633729,4,4,9977,4106,900020,5,1023,31023,74,444.0,3.7,6.1827,0.95038915
cold,0,1,0,0.0001,0.1,512,3,5,4,256,6000,8.0,2633729,4,4,9977,4106,900020,5,1023,31023,75,450.0,3.75,6.26625,0.95609546
cold,0,1,0,0.0001,0.1,512,3,5,4,256,6000,8.0,2633729,4,4,9977,4106,900020,5,1023,31023,76,456.0,3.8,6.3498,0.95946044
cold,0,1,0,0.0001,0.1,512,3,5,4,256,6000,8.0,2633729,4,4,9977,4106,900020,5,1023,31023,77,462.0,3.85,6.43335,0.96043968
cold,0,1,0,0.0001,0.1,512,3,5,4,256,6000,8.0,2633729,4,4,9977,4106,900020,5,1023,31023,78,468.0,3.9,6.5169,0.96091163
cold,0,1,0,0.0001,0.1,512,3,5,4,256,6000,8.0,2633729,4,4,9977,4106,900020,5,1023,31023,79,474.0,3.95,6.60045,0.96213996
cold,0,1,0,0.0001,0.1,512,3,5,4,256,6000,8.0,2633729,4,4,9977,4106,900020,5,1023,31023,80,480.0,4.0,6.684,0.9625867
cold,0,1,0,0.0001,0.1,512,3,5,4,256,6000,8.0,2633729,4,4,9977,4106,900020,5,1023,31023,81,486.0,4.05,6.76755,0.96073031
cold,0,1,0,0.0001,0.1,512,3,5,4,256,6000,8.0,2633729,4,4,9977,4106,900020,5,1023,31023,82,492.0,4.1,6.8511,0.9577651
cold,0,1,0,0.0001,0.1,512,3,5,4,256,6000,8.0,2633729,4,4,9977,4106,900020,5,1023,31023,83,498.0,4.15,6.93465,0.95535046
cold,0,1,0,0.0001,0.1,512,3,5,4,256,6000,8.0,2633729,4,4,9977,4106,900020,5,1023,31023,84,504.0,4.2,7.0182,0.95397514
cold,0,1,0,0.0001,0.1,512,3,5,4,256,6000,8.0,2633729,4,4,9977,4106,900020,5,1023,31023,85,510.0,4.25,7.10175,0.95438963
cold,0,1,0,0.0001,0.1,512,3,5,4,256,6000,8.0,2633729,4,4,9977,4106,900020,5,1023,31023,86,516.0,4.3,7.1853,0.95718795
cold,0,1,0,0.0001,0.1,512,3,5,4,256,6000,8.0,2633729,4,4,9977,4106,900020,5,1023,31023,87,522.0,4.35,7.26885,0.96059549
cold,0,1,0,0.0001,0.1,512,3,5,4,256,6000,8.0,2633729,4,4,9977,4106,900020,5,1023,31023,88,528.0,4.4,7.3524,0.96278316
cold,0,1,0,0.0001,0.1,512,3,5,4,256,6000,8.0,2633729,4,4,9977,4106,900020,5,1023,31023,89,534.0,4.45,7.43595,0.96396804
cold,0,1,0,0.0001,0.1,512,3,5,4,256,6000,8.0,2633729,4,4,9977,4106,900020,5,1023,31023,90,540.0,4.5,7.5195,0.96419054
cold,0,1,0,0.0001,0.1,512,3,5,4,256,6000,8.0,2633729,4,4,9977,4106,900020,5,1023,31023,91,546.0,4.55,7.60305,0.96319926
cold,0,1,0,0.0001,0.1,512,3,5,4,256,6000,8.0,2633729,4,4,9977,4106,900020,5,1023,31023,92,552.0,4.6,7.6866,0.96217215
cold,0,1,0,0.0001,0.1,512,3,5,4,256,6000,8.0,2633729,4,4,9977,4106,900020,5,1023,31023,93,558.0,4.65,7.77015,0.96260464
cold,0,1,0,0.0001,0.1,512,3,5,4,256,6000,8.0,2633729,4,4,9977,4106,900020,5,1023,31023,94,564.0,4.7,7.8537,0.96505809
cold,0,1,0,0.0001,0.1,512,3,5,4,256,6000,8.0,2633729,4,4,9977,4106,900020,5,1023,31023,95,570.0,4.75,7.93725,0.96833181
cold,0,1,0,0.0001,0.1,512,3,5,4,256,6000,8.0,2633729,4,4,9977,4106,900020,5,1023,31023,96,576.0,4.8,8.0208,0.97021633
cold,0,1,0,0.0001,0.1,512,3,5,4,256,6000,8.0,2633729,4,4,9977,4106,900020,5,1023,31023,97,582.0,4.85,8.10435,0.97002542
cold,0,1,0,0.0001,0.1,512,3,5,4,256,6000,8.0,2633729,4,4,9977,4106,900020,5,1023,31023,98,588.0,4.9,8.1879,0.96879822
cold,0,1,0,0.0001,0.1,512,3,5,4,256,6000,8.0,2633729,4,4,9977,4106,900020,5,1023,31023,99,594.0,4.95,8.27145,0.96808881
cold,0,1,0,0.0001,0.1,512,3,5,4,256,6000,8.0,2633729,4,4,9977,4106,900020,5,1023,31023,100,600.0,5.0,8.355,0.96907324
cold,0,1,0,0.0001,0.1,512,3,5,4,256,6000,8.0,2633729,4,4,9977,4106,900020,5,1023,31023,101,606.0,5.05,8.43855,0.97204894
cold,0,1,0,0.0001,0.1,512,3,5,4,256,6000,8.0,2633729,4,4,9977,4106,900020,5,1023,31023,102,612.0,5.1,8.5221,0.97637308
cold,0,1,0,0.0001,0.1,512,3,5,4,256,6000,8.0,2633729,4,4,9977,4106,900020,5,1023,31023,103,618.0,5.15,8.60565,0.98182505
cold,0,1,0,0.0001,0.1,512,3,5,4,256,6000,8.0,2633729,4,4,9977,4106,900020,5,1023,31023,104,624.0,5.2,8.6892,0.98806649
cold,0,1,0,0.0001,0.1,512,3,5,4,256,6000,8.0,2633729,4,4,9977,4106,900020,5,1023,31023,105,630.0,5.25,8.77275,0.99266791
cold,0,1,0,0.0001,0.1,512,3,5,4,256,6000,8.0,2633729,4,4,9977,4106,900020,5,1023,31023,106,636.0,5.3,8.8563,0.99369299
cold,0,1,0,0.0001,0.1,512,3,5,4,256,6000,8.0,2633729,4,4,9977,4106,900020,5,1023,31023,107,642.0,5.35,8.93985,0.99237525
cold,0,1,0,0.0001,0.1,512,3,5,4,256,6000,8.0,2633729,4,4,9977,4106,900020,5,1023,31023,108,648.0,5.4,9.0234,0.98992008
cold,0,1,0,0.0001,0.1,512,3,5,4,256,6000,8.0,2633729,4,4,9977,4106,900020,5,1023,31023,109,654.0,5.45,9.10695,0.98593128
cold,0,1,0,0.0001,0.1,512,3,5,4,256,6000,8.0,2633729,4,4,9977,4106,900020,5,1023,31023,110,660.0,5.5,9.1905,0.98198295
cold,0,1,0,0.0001,0.1,512,3,5,4,256,6000,8.0,2633729,4,4,9977,4106,900020,5,1023,31023,111,666.0,5.55,9.27405,0.98184675
cold,0,1,0,0.0001,0.1,512,3,5,4,256,6000,8.0,2633729,4,4,9977,4106,900020,5,1023,31023,112,672.0,5.6,9.3576,0.98651403
cold,0,1,0,0.0001,0.1,512,3,5,4,256,6000,8.0,2633729,4,4,9977,4106,900020,5,1023,31023,113,678.0,5.65,9.44115,0.99268925
cold,0,1,0,0.0001,0.1,512,3,5,4,256,6000,8.0,2633729,4,4,9977,4106,900020,5,1023,31023,114,684.0,5.7,9.5247,0.996566
cold,0,1,0,0.0001,0.1,512,3,5,4,256,6000,8.0,2633729,4,4,9977,4106,900020,5,1023,31023,115,690.0,5.75,9.60825,0.99716359
cold,0,1,0,0.0001,0.1,512,3,5,4,256,6000,8.0,2633729,4,4,9977,4106,900020,5,1023,31023,116,696.0,5.8,9.6918,0.99638557
cold,0,1,0,0.0001,0.1,512,3,5,4,256,6000,8.0,2633729,4,4,9977,4106,900020,5,1023,31023,117,702.0,5.85,9.77535,0.99659312
cold,0,1,0,0.0001,0.1,512,3,5,4,256,6000,8.0,2633729,4,4,9977,4106,900020,5,1023,31023,118,708.0,5.9,9.8589,0.997567
cold,0,1,0,0.0001,0.1,512,3,5,4,256,6000,8.0,2633729,4,4,9977,4106,900020,5,1023,31023,119,714.0,5.95,9.94245,0.99653727
cold,0,1,0,0.0001,0.1,512,3,5,4,256,6000,8.0,2633729,4,4,9977,4106,900020,5,1023,31023,120,720.0,6.0,10.026,0.99211293
cold,0,1,0,0.0001,0.1,512,3,5,4,256,6000,8.0,2633729,4,4,9977,4106,900020,5,4468,34468,1,6.0,0.05,0.08355,0.03834761
cold,0,1,0,0.0001,0.1,512,3,5,4,256,6000,8.0,2633729,4,4,9977,4106,900020,5,4468,34468,2,12.0,0.1,0.1671,0.04556993
cold,0,1,0,0.0001,0.1,512,3,5,4,256,6000,8.0,2633729,4,4,9977,4106,900020,5,4468,34468,3,18.0,0.15,0.25065,0.05390301
cold,0,1,0,0.0001,0.1,512,3,5,4,256,6000,8.0,2633729,4,4,9977,4106,900020,5,4468,34468,4,24.0,0.2,0.3342,0.06231317
cold,0,1,0,0.0001,0.1,512,3,5,4,256,6000,8.0,2633729,4,4,9977,4106,900020,5,4468,34468,5,30.0,0.25,0.41775,0.07065592
cold,0,1,0,0.0001,0.1,512,3,5,4,256,6000,8.0,2633729,4,4,9977,4106,900020,5,4468,34468,6,36.0,0.3,0.5013,0.08179308
cold,0,1,0,0.0001,0.1,512,3,5,4,256,6000,8.0,2633729,4,4,9977,4106,900020,5,4468,34468,7,42.0,0.35,0.58485,0.09415153
cold,0,1,0,0.0001,0.1,512,3,5,4,256,6000,8.0,2633729,4,4,9977,4106,900020,5,4468,34468,8,48.0,0.4,0.6684,0.10782488
cold,0,1,0,0.0001,0.1,512,3,5,4,256,6000,8.0,2633729,4,4,9977,4106,900020,5,4468,34468,9,54.0,0.45,0.75195,0.12259318
cold,0,1,0,0.0001,0.1,512,3,5,4,256,6000,8.0,2633729,4,4,9977,4106,900020,5,4468,34468,10,60.0,0.5,0.8355,0.13823949
cold,0,1,0,0.0001,0.1,512,3,5,4,256,6000,8.0,2633729,4,4,9977,4106,900020,5,4468,34468,11,66.0,0.55,0.91905,0.15479827
cold,0,1,0,0.0001,0.1,512,3,5,4,256,6000,8.0,2633729,4,4,9977,4106,900020,5,4468,34468,12,72.0,0.6,1.0026,0.17244329
cold,0,1,0,0.0001,0.1,512,3,5,4,256,6000,8.0,2633729,4,4,9977,4106,900020,5,4468,34468,13,78.0,0.65,1.08615,0.19137834
cold,0,1,0,0.0001,0.1,512,3,5,4,256,6000,8.0,2633729,4,4,9977,4106,900020,5,4468,34468,14,84.0,0.7,1.1697,0.21169443
cold,0,1,0,0.0001,0.1,512,3,5,4,256,6000,8.0,2633729,4,4,9977,4106,900020,5,4468,34468,15,90.0,0.75,1.25325,0.23264137
cold,0,1,0,0.0001,0.1,512,3,5,4,256,6000,8.0,2633729,4,4,9977,4106,900020,5,4468,34468,16,96.0,0.8,1.3368,0.25327858
cold,0,1,0,0.0001,0.1,512,3,5,4,256,6000,8.0,2633729,4,4,9977,4106,900020,5,4468,34468,17,102.0,0.85,1.42035,0.27423543
cold,0,1,0,0.0001,0.1,512,3,5,4,256,6000,8.0,2633729,4,4,9977,4106,900020,5,4468,34468,18,108.0,0.9,1.5039,0.29741585
cold,0,1,0,0.0001,0.1,512,3,5,4,256,6000,8.0,2633729,4,4,9977,4106,900020,5,4468,34468,19,114.0,0.95,1.58745,0.32370374
cold,0,1,0,0.0001,0.1,512,3,5,4,256,6000,8.0,2633729,4,4,9977,4106,900020,5,4468,34468,20,120.0,1.0,1.671,0.35189453
cold,0,1,0,0.0001,0.1,512,3,5,4,256,6000,8.0,2633729,4,4,9977,4106,900020,5,4468,34468,21,126.0,1.05,1.75455,0.3795411
cold,0,1,0,0.0001,0.1,512,3,5,4,256,6000,8.0,2633729,4,4,9977,4106,900020,5,4468,34468,22,132.0,1.1,1.8381,0.4043324
cold,0,1,0,0.0001,0.1,512,3,5,4,256,6000,8.0,2633729,4,4,9977,4106,900020,5,4468,34468,23,138.0,1.15,1.92165,0.42545366
cold,0,1,0,0.0001,0.1,512,3,5,4,256,6000,8.0,2633729,4,4,9977,4106,900020,5,4468,34468,24,144.0,1.2,2.0052,0.44394329
cold,0,1,0,0.0001,0.1,512,3,5,4,256,6000,8.0,2633729,4,4,9977,4106,900020,5,4468,34468,25,150.0,1.25,2.08875,0.46116781
cold,0,1,0,0.0001,0.1,512,3,5,4,256,6000,8.0,2633729,4,4,9977,4106,900020,5,4468,34468,26,156.0,1.3,2.1723,0.47774714
cold,0,1,0,0.0001,0.1,512,3,5,4,256,6000,8.0,2633729,4,4,9977,4106,900020,5,4468,34468,27,162.0,1.35,2.25585,0.49464405
cold,0,1,0,0.0001,0.1,512,3,5,4,256,6000,8.0,2633729,4,4,9977,4106,900020,5,4468,34468,28,168.0,1.4,2.3394,0.51293117
cold,0,1,0,0.0001,0.1,512,3,5,4,256,6000,8.0,2633729,4,4,9977,4106,900020,5,4468,34468,29,174.0,1.45,2.42295,0.53214562
cold,0,1,0,0.0001,0.1,512,3,5,4,256,6000,8.0,2633729,4,4,9977,4106,900020,5,4468,34468,30,180.0,1.5,2.5065,0.55192596
cold,0,1,0,0.0001,0.1,512,3,5,4,256,6000,8.0,2633729,4,4,9977,4106,900020,5,4468,34468,31,186.0,1.55,2.59005,0.57319933
cold,0,1,0,0.0001,0.1,512,3,5,4,256,6000,8.0,2633729,4,4,9977,4106,900020,5,4468,34468,32,192.0,1.6,2.6736,0.59757894
cold,0,1,0,0.0001,0.1,512,3,5,4,256,6000,8.0,2633729,4,4,9977,4106,900020,5,4468,34468,33,198.0,1.65,2.75715,0.62522566
cold,0,1,0,0.0001,0.1,512,3,5,4,256,6000,8.0,2633729,4,4,9977,4106,900020,5,4468,34468,34,204.0,1.7,2.8407,0.65308797
cold,0,1,0,0.0001,0.1,512,3,5,4,256,6000,8.0,2633729,4,4,9977,4106,900020,5,4468,34468,35,210.0,1.75,2.92425,0.67723495
cold,0,1,0,0.0001,0.1,512,3,5,4,256,6000,8.0,2633729,4,4,9977,4106,900020,5,4468,34468,36,216.0,1.8,3.0078,0.69604737
cold,0,1,0,0.0001,0.1,512,3,5,4,256,6000,8.0,2633729,4,4,9977,4106,900020,5,4468,34468,37,222.0,1.85,3.09135,0.71087742
cold,0,1,0,0.0001,0.1,512,3,5,4,256,6000,8.0,2633729,4,4,9977,4106,900020,5,4468,34468,38,228.0,1.9,3.1749,0.72424507
cold,0,1,0,0.0001,0.1,512,3,5,4,256,6000,8.0,2633729,4,4,9977,4106,900020,5,4468,34468,39,234.0,1.95,3.25845,0.73681825
cold,0,1,0,0.0001,0.1,512,3,5,4,256,6000,8.0,2633729,4,4,9977,4106,900020,5,4468,34468,40,240.0,2.0,3.342,0.74650443
cold,0,1,0,0.0001,0.1,512,3,5,4,256,6000,8.0,2633729,4,4,9977,4106,900020,5,4468,34468,41,246.0,2.05,3.42555,0.7516228
cold,0,1,0,0.0001,0.1,512,3,5,4,256,6000,8.0,2633729,4,4,9977,4106,900020,5,4468,34468,42,252.0,2.1,3.5091,0.75440079
cold,0,1,0,0.0001,0.1,512,3,5,4,256,6000,8.0,2633729,4,4,9977,4106,900020,5,4468,34468,43,258.0,2.15,3.59265,0.75825495
cold,0,1,0,0.0001,0.1,512,3,5,4,256,6000,8.0,2633729,4,4,9977,4106,900020,5,4468,34468,44,264.0,2.2,3.6762,0.76480591
cold,0,1,0,0.0001,0.1,512,3,5,4,256,6000,8.0,2633729,4,4,9977,4106,900020,5,4468,34468,45,270.0,2.25,3.75975,0.77341765
cold,0,1,0,0.0001,0.1,512,3,5,4,256,6000,8.0,2633729,4,4,9977,4106,900020,5,4468,34468,46,276.0,2.3,3.8433,0.78230011
cold,0,1,0,0.0001,0.1,512,3,5,4,256,6000,8.0,2633729,4,4,9977,4106,900020,5,4468,34468,47,282.0,2.35,3.92685,0.79079121
cold,0,1,0,0.0001,0.1,512,3,5,4,256,6000,8.0,2633729,4,4,9977,4106,900020,5,4468,34468,48,288.0,2.4,4.0104,0.7993691
cold,0,1,0,0.0001,0.1,512,3,5,4,256,6000,8.0,2633729,4,4,9977,4106,900020,5,4468,34468,49,294.0,2.45,4.09395,0.80849284
cold,0,1,0,0.0001,0.1,512,3,5,4,256,6000,8.0,2633729,4,4,9977,4106,900020,5,4468,34468,50,300.0,2.5,4.1775,0.8182053
cold,0,1,0,0.0001,0.1,512,3,5,4,256,6000,8.0,2633729,4,4,9977,4106,900020,5,4468,34468,51,306.0,2.55,4.26105,0.82812387
cold,0,1,0,0.0001,0.1,512,3,5,4,256,6000,8.0,2633729,4,4,9977,4106,900020,5,4468,34468,52,312.0,2.6,4.3446,0.83775872
cold,0,1,0,0.0001,0.1,512,3,5,4,256,6000,8.0,2633729,4,4,9977,4106,900020,5,4468,34468,53,318.0,2.65,4.42815,0.84712493
cold,0,1,0,0.0001,0.1,512,3,5,4,256,6000,8.0,2633729,4,4,9977,4106,900020,5,4468,34468,54,324.0,2.7,4.5117,0.85670394
cold,0,1,0,0.0001,0.1,512,3,5,4,256,6000,8.0,2633729,4,4,9977,4106,900020,5,4468,34468,55,330.0,2.75,4.59525,0.86614352
cold,0,1,0,0.0001,0.1,512,3,5,4,256,6000,8.0,2633729,4,4,9977,4106,900020,5,4468,34468,56,336.0,2.8,4.6788,0.87384295
cold,0,1,0,0.0001,0.1,512,3,5,4,256,6000,8.0,2633729,4,4,9977,4106,900020,5,4468,34468,57,342.0,2.85,4.76235,0.87949115
cold,0,1,0,0.0001,0.1,512,3,5,4,256,6000,8.0,2633729,4,4,9977,4106,900020,5,4468,34468,58,348.0,2.9,4.8459,0.88478917
cold,0,1,0,0.0001,0.1,512,3,5,4,256,6000,8.0,2633729,4,4,9977,4106,900020,5,4468,34468,59,354.0,2.95,4.92945,0.89194208
cold,0,1,0,0.0001,0.1,512,3,5,4,256,6000,8.0,2633729,4,4,9977,4106,900020,5,4468,34468,60,360.0,3.0,5.013,0.90138286
cold,0,1,0,0.0001,0.1,512,3,5,4,256,6000,8.0,2633729,4,4,9977,4106,900020,5,4468,34468,61,366.0,3.05,5.09655,0.91120452
cold,0,1,0,0.0001,0.1,512,3,5,4,256,6000,8.0,2633729,4,4,9977,4106,900020,5,4468,34468,62,372.0,3.1,5.1801,0.91992795
cold,0,1,0,0.0001,0.1,512,3,5,4,256,6000,8.0,2633729,4,4,9977,4106,900020,5,4468,34468,63,378.0,3.15,5.26365,0.92707121
cold,0,1,0,0.0001,0.1,512,3,5,4,256,6000,8.0,2633729,4,4,9977,4106,900020,5,4468,34468,64,384.0,3.2,5.3472,0.93219119
cold,0,1,0,0.0001,0.1,512,3,5,4,256,6000,8.0,2633729,4,4,9977,4106,900020,5,4468,34468,65,390.0,3.25,5.43075,0.93521577
cold,0,1,0,0.0001,0.1,512,3,5,4,256,6000,8.0,2633729,4,4,9977,4106,900020,5,4468,34468,66,396.0,3.3,5.5143,0.9364233
cold,0,1,0,0.0001,0.1,512,3,5,4,256,6000,8.0,2633729,4,4,9977,4106,900020,5,4468,34468,67,402.0,3.35,5.59785,0.93770641
cold,0,1,0,0.0001,0.1,512,3,5,4,256,6000,8.0,2633729,4,4,9977,4106,900020,5,4468,34468,68,408.0,3.4,5.6814,0.94195557
cold,0,1,0,0.0001,0.1,512,3,5,4,256,6000,8.0,2633729,4,4,9977,4106,900020,5,4468,34468,69,414.0,3.45,5.76495,0.94937313
cold,0,1,0,0.0001,0.1,512,3,5,4,256,6000,8.0,2633729,4,4,9977,4106,900020,5,4468,34468,70,420.0,3.5,5.8485,0.9570995
cold,0,1,0,0.0001,0.1,512,3,5,4,256,6000,8.0,2633729,4,4,9977,4106,900020,5,4468,34468,71,426.0,3.55,5.93205,0.96320301
cold,0,1,0,0.0001,0.1,512,3,5,4,256,6000,8.0,2633729,4,4,9977,4106,900020,5,4468,34468,72,432.0,3.6,6.0156,0.96836561
cold,0,1,0,0.0001,0.1,512,3,5,4,256,6000,8.0,2633729,4,4,9977,4106,900020,5,4468,34468,73,438.0,3.65,6.09915,0.97363085
cold,0,1,0,0.0001,0.1,512,3,5,4,256,6000,8.0,2633729,4,4,9977,4106,900020,5,4468,34468,74,444.0,3.7,6.1827,0.9789077
cold,0,1,0,0.0001,0.1,512,3,5,4,256,6000,8.0,2633729,4,4,9977,4106,900020,5,4468,34468,75,450.0,3.75,6.26625,0.98312348
cold,0,1,0,0.0001,0.1,512,3,5,4,256,6000,8.0,2633729,4,4,9977,4106,900020,5,4468,34468,76,456.0,3.8,6.3498,0.9856481
cold,0,1,0,0.0001,0.1,512,3,5,4,256,6000,8.0,2633729,4,4,9977,4106,900020,5,4468,34468,77,462.0,3.85,6.43335,0.98752773
cold,0,1,0,0.0001,0.1,512,3,5,4,256,6000,8.0,2633729,4,4,9977,4106,900020,5,4468,34468,78,468.0,3.9,6.5169,0.99008906
cold,0,1,0,0.0001,0.1,512,3,5,4,256,6000,8.0,2633729,4,4,9977,4106,900020,5,4468,34468,79,474.0,3.95,6.60045,0.99262369
cold,0,1,0,0.0001,0.1,512,3,5,4,256,6000,8.0,2633729,4,4,9977,4106,900020,5,4468,34468,80,480.0,4.0,6.684,0.99279571
cold,0,1,0,0.0001,0.1,512,3,5,4,256,6000,8.0,2633729,4,4,9977,4106,900020,5,4468,34468,81,486.0,4.05,6.76755,0.98982179
cold,0,1,0,0.0001,0.1,512,3,5,4,256,6000,8.0,2633729,4,4,9977,4106,900020,5,4468,34468,82,492.0,4.1,6.8511,0.98587602
cold,0,1,0,0.0001,0.1,512,3,5,4,256,6000,8.0,2633729,4,4,9977,4106,900020,5,4468,34468,83,498.0,4.15,6.93465,0.98349178
cold,0,1,0,0.0001,0.1,512,3,5,4,256,6000,8.0,2633729,4,4,9977,4106,900020,5,4468,34468,84,504.0,4.2,7.0182,0.98362345
cold,0,1,0,0.0001,0.1,512,3,5,4,256,6000,8.0,2633729,4,4,9977,4106,900020,5,4468,34468,85,510.0,4.25,7.10175,0.98454124
cold,0,1,0,0.0001,0.1,512,3,5,4,256,6000,8.0,2633729,4,4,9977,4106,900020,5,4468,34468,86,516.0,4.3,7.1853,0.98363316
cold,0,1,0,0.0001,0.1,512,3,5,4,256,6000,8.0,2633729,4,4,9977,4106,900020,5,4468,34468,87,522.0,4.35,7.26885,0.98133051
cold,0,1,0,0.0001,0.1,512,3,5,4,256,6000,8.0,2633729,4,4,9977,4106,900020,5,4468,34468,88,528.0,4.4,7.3524,0.98002928
cold,0,1,0,0.0001,0.1,512,3,5,4,256,6000,8.0,2633729,4,4,9977,4106,900020,5,4468,34468,89,534.0,4.45,7.43595,0.98080444
cold,0,1,0,0.0001,0.1,512,3,5,4,256,6000,8.0,2633729,4,4,9977,4106,900020,5,4468,34468,90,540.0,4.5,7.5195,0.98322403
cold,0,1,0,0.0001,0.1,512,3,5,4,256,6000,8.0,2633729,4,4,9977,4106,900020,5,4468,34468,91,546.0,4.55,7.60305,0.98653352
cold,0,1,0,0.0001,0.1,512,3,5,4,256,6000,8.0,2633729,4,4,9977,4106,900020,5,4468,34468,92,552.0,4.6,7.6866,0.99005759
cold,0,1,0,0.0001,0.1,512,3,5,4,256,6000,8.0,2633729,4,4,9977,4106,900020,5,4468,34468,93,558.0,4.65,7.77015,0.9935348
cold,0,1,0,0.0001,0.1,512,3,5,4,256,6000,8.0,2633729,4,4,9977,4106,900020,5,4468,34468,94,564.0,4.7,7.8537,0.99700016
cold,0,1,0,0.0001,0.1,512,3,5,4,256,6000,8.0,2633729,4,4,9977,4106,900020,5,4468,34468,95,570.0,4.75,7.93725,1.0007863
cold,0,1,0,0.0001,0.1,512,3,5,4,256,6000,8.0,2633729,4,4,9977,4106,900020,5,4468,34468,96,576.0,4.8,8.0208,1.00402677
cold,0,1,0,0.0001,0.1,512,3,5,4,256,6000,8.0,2633729,4,4,9977,4106,900020,5,4468,34468,97,582.0,4.85,8.10435,1.00530112
cold,0,1,0,0.0001,0.1,512,3,5,4,256,6000,8.0,2633729,4,4,9977,4106,900020,5,4468,34468,98,588.0,4.9,8.1879,1.00443971
cold,0,1,0,0.0001,0.1,512,3,5,4,256,6000,8.0,2633729,4,4,9977,4106,900020,5,4468,34468,99,594.0,4.95,8.27145,1.00253224
cold,0,1,0,0.0001,0.1,512,3,5,4,256,6000,8.0,2633729,4,4,9977,4106,900020,5,4468,34468,100,600.0,5.0,8.355,1.0024693
cold,0,1,0,0.0001,0.1,512,3,5,4,256,6000,8.0,2633729,4,4,9977,4106,900020,5,4468,34468,101,606.0,5.05,8.43855,1.00513065
cold,0,1,0,0.0001,0.1,512,3,5,4,256,6000,8.0,2633729,4,4,9977,4106,900020,5,4468,34468,102,612.0,5.1,8.5221,1.00724769
cold,0,1,0,0.0001,0.1,512,3,5,4,256,6000,8.0,2633729,4,4,9977,4106,900020,5,4468,34468,103,618.0,5.15,8.60565,1.00554883
cold,0,1,0,0.0001,0.1,512,3,5,4,256,6000,8.0,2633729,4,4,9977,4106,900020,5,4468,34468,104,624.0,5.2,8.6892,1.00098872
cold,0,1,0,0.0001,0.1,512,3,5,4,256,6000,8.0,2633729,4,4,9977,4106,900020,5,4468,34468,105,630.0,5.25,8.77275,0.9972176
cold,0,1,0,0.0001,0.1,512,3,5,4,256,6000,8.0,2633729,4,4,9977,4106,900020,5,4468,34468,106,636.0,5.3,8.8563,0.9958567
cold,0,1,0,0.0001,0.1,512,3,5,4,256,6000,8.0,2633729,4,4,9977,4106,900020,5,4468,34468,107,642.0,5.35,8.93985,0.99603444
cold,0,1,0,0.0001,0.1,512,3,5,4,256,6000,8.0,2633729,4,4,9977,4106,900020,5,4468,34468,108,648.0,5.4,9.0234,0.99662429
cold,0,1,0,0.0001,0.1,512,3,5,4,256,6000,8.0,2633729,4,4,9977,4106,900020,5,4468,34468,109,654.0,5.45,9.10695,0.99749595
cold,0,1,0,0.0001,0.1,512,3,5,4,256,6000,8.0,2633729,4,4,9977,4106,900020,5,4468,34468,110,660.0,5.5,9.1905,0.99935967
cold,0,1,0,0.0001,0.1,512,3,5,4,256,6000,8.0,2633729,4,4,9977,4106,900020,5,4468,34468,111,666.0,5.55,9.27405,1.00310457
cold,0,1,0,0.0001,0.1,512,3,5,4,256,6000,8.0,2633729,4,4,9977,4106,900020,5,4468,34468,112,672.0,5.6,9.3576,1.00931609
cold,0,1,0,0.0001,0.1,512,3,5,4,256,6000,8.0,2633729,4,4,9977,4106,900020,5,4468,34468,113,678.0,5.65,9.44115,1.01736867
cold,0,1,0,0.0001,0.1,512,3,5,4,256,6000,8.0,2633729,4,4,9977,4106,900020,5,4468,34468,114,684.0,5.7,9.5247,1.02506673
cold,0,1,0,0.0001,0.1,512,3,5,4,256,6000,8.0,2633729,4,4,9977,4106,900020,5,4468,34468,115,690.0,5.75,9.60825,1.02989721
cold,0,1,0,0.0001,0.1,512,3,5,4,256,6000,8.0,2633729,4,4,9977,4106,900020,5,4468,34468,116,696.0,5.8,9.6918,1.03046608
cold,0,1,0,0.0001,0.1,512,3,5,4,256,6000,8.0,2633729,4,4,9977,4106,900020,5,4468,34468,117,702.0,5.85,9.77535,1.02690196
cold,0,1,0,0.0001,0.1,512,3,5,4,256,6000,8.0,2633729,4,4,9977,4106,900020,5,4468,34468,118,708.0,5.9,9.8589,1.01981318
cold,0,1,0,0.0001,0.1,512,3,5,4,256,6000,8.0,2633729,4,4,9977,4106,900020,5,4468,34468,119,714.0,5.95,9.94245,1.00998628
cold,0,1,0,0.0001,0.1,512,3,5,4,256,6000,8.0,2633729,4,4,9977,4106,900020,5,4468,34468,120,720.0,6.0,10.026,0.99975693
cold,0,1,0,0.0001,0.1,512,3,5,4,256,6000,8.0,2633729,4,4,9977,4106,900020,5,6000,36000,1,6.0,0.05,0.08355,0.03785241
cold,0,1,0,0.0001,0.1,512,3,5,4,256,6000,8.0,2633729,4,4,9977,4106,900020,5,6000,36000,2,12.0,0.1,0.1671,0.04451108
cold,0,1,0,0.0001,0.1,512,3,5,4,256,6000,8.0,2633729,4,4,9977,4106,900020,5,6000,36000,3,18.0,0.15,0.25065,0.05191157
cold,0,1,0,0.0001,0.1,512,3,5,4,256,6000,8.0,2633729,4,4,9977,4106,900020,5,6000,36000,4,24.0,0.2,0.3342,0.05912091
cold,0,1,0,0.0001,0.1,512,3,5,4,256,6000,8.0,2633729,4,4,9977,4106,900020,5,6000,36000,5,30.0,0.25,0.41775,0.06596234
cold,0,1,0,0.0001,0.1,512,3,5,4,256,6000,8.0,2633729,4,4,9977,4106,900020,5,6000,36000,6,36.0,0.3,0.5013,0.07507975
cold,0,1,0,0.0001,0.1,512,3,5,4,256,6000,8.0,2633729,4,4,9977,4106,900020,5,6000,36000,7,42.0,0.35,0.58485,0.084598
cold,0,1,0,0.0001,0.1,512,3,5,4,256,6000,8.0,2633729,4,4,9977,4106,900020,5,6000,36000,8,48.0,0.4,0.6684,0.09502467
cold,0,1,0,0.0001,0.1,512,3,5,4,256,6000,8.0,2633729,4,4,9977,4106,900020,5,6000,36000,9,54.0,0.45,0.75195,0.10666303
cold,0,1,0,0.0001,0.1,512,3,5,4,256,6000,8.0,2633729,4,4,9977,4106,900020,5,6000,36000,10,60.0,0.5,0.8355,0.1193496
cold,0,1,0,0.0001,0.1,512,3,5,4,256,6000,8.0,2633729,4,4,9977,4106,900020,5,6000,36000,11,66.0,0.55,0.91905,0.1332963
cold,0,1,0,0.0001,0.1,512,3,5,4,256,6000,8.0,2633729,4,4,9977,4106,900020,5,6000,36000,12,72.0,0.6,1.0026,0.14897975
cold,0,1,0,0.0001,0.1,512,3,5,4,256,6000,8.0,2633729,4,4,9977,4106,900020,5,6000,36000,13,78.0,0.65,1.08615,0.16645128
cold,0,1,0,0.0001,0.1,512,3,5,4,256,6000,8.0,2633729,4,4,9977,4106,900020,5,6000,36000,14,84.0,0.7,1.1697,0.18555303
cold,0,1,0,0.0001,0.1,512,3,5,4,256,6000,8.0,2633729,4,4,9977,4106,900020,5,6000,36000,15,90.0,0.75,1.25325,0.20571293
cold,0,1,0,0.0001,0.1,512,3,5,4,256,6000,8.0,2633729,4,4,9977,4106,900020,5,6000,36000,16,96.0,0.8,1.3368,0.22616538
cold,0,1,0,0.0001,0.1,512,3,5,4,256,6000,8.0,2633729,4,4,9977,4106,900020,5,6000,36000,17,102.0,0.85,1.42035,0.24705829
cold,0,1,0,0.0001,0.1,512,3,5,4,256,6000,8.0,2633729,4,4,9977,4106,900020,5,6000,36000,18,108.0,0.9,1.5039,0.2695078
cold,0,1,0,0.0001,0.1,512,3,5,4,256,6000,8.0,2633729,4,4,9977,4106,900020,5,6000,36000,19,114.0,0.95,1.58745,0.29421219
cold,0,1,0,0.0001,0.1,512,3,5,4,256,6000,8.0,2633729,4,4,9977,4106,900020,5,6000,36000,20,120.0,1.0,1.671,0.32093418
cold,0,1,0,0.0001,0.1,512,3,5,4,256,6000,8.0,2633729,4,4,9977,4106,900020,5,6000,36000,21,126.0,1.05,1.75455,0.34827107
cold,0,1,0,0.0001,0.1,512,3,5,4,256,6000,8.0,2633729,4,4,9977,4106,900020,5,6000,36000,22,132.0,1.1,1.8381,0.37434855
cold,0,1,0,0.0001,0.1,512,3,5,4,256,6000,8.0,2633729,4,4,9977,4106,900020,5,6000,36000,23,138.0,1.15,1.92165,0.3980251
cold,0,1,0,0.0001,0.1,512,3,5,4,256,6000,8.0,2633729,4,4,9977,4106,900020,5,6000,36000,24,144.0,1.2,2.0052,0.41922349
cold,0,1,0,0.0001,0.1,512,3,5,4,256,6000,8.0,2633729,4,4,9977,4106,900020,5,6000,36000,25,150.0,1.25,2.08875,0.43839368
cold,0,1,0,0.0001,0.1,512,3,5,4,256,6000,8.0,2633729,4,4,9977,4106,900020,5,6000,36000,26,156.0,1.3,2.1723,0.45599249
cold,0,1,0,0.0001,0.1,512,3,5,4,256,6000,8.0,2633729,4,4,9977,4106,900020,5,6000,36000,27,162.0,1.35,2.25585,0.47263545
cold,0,1,0,0.0001,0.1,512,3,5,4,256,6000,8.0,2633729,4,4,9977,4106,900020,5,6000,36000,28,168.0,1.4,2.3394,0.4896875
cold,0,1,0,0.0001,0.1,512,3,5,4,256,6000,8.0,2633729,4,4,9977,4106,900020,5,6000,36000,29,174.0,1.45,2.42295,0.50839424
cold,0,1,0,0.0001,0.1,512,3,5,4,256,6000,8.0,2633729,4,4,9977,4106,900020,5,6000,36000,30,180.0,1.5,2.5065,0.52828473
cold,0,1,0,0.0001,0.1,512,3,5,4,256,6000,8.0,2633729,4,4,9977,4106,900020,5,6000,36000,31,186.0,1.55,2.59005,0.54895723
cold,0,1,0,0.0001,0.1,512,3,5,4,256,6000,8.0,2633729,4,4,9977,4106,900020,5,6000,36000,32,192.0,1.6,2.6736,0.57130092
cold,0,1,0,0.0001,0.1,512,3,5,4,256,6000,8.0,2633729,4,4,9977,4106,900020,5,6000,36000,33,198.0,1.65,2.75715,0.59587222
cold,0,1,0,0.0001,0.1,512,3,5,4,256,6000,8.0,2633729,4,4,9977,4106,900020,5,6000,36000,34,204.0,1.7,2.8407,0.62115777
cold,0,1,0,0.0001,0.1,512,3,5,4,256,6000,8.0,2633729,4,4,9977,4106,900020,5,6000,36000,35,210.0,1.75,2.92425,0.64393646
cold,0,1,0,0.0001,0.1,512,3,5,4,256,6000,8.0,2633729,4,4,9977,4106,900020,5,6000,36000,36,216.0,1.8,3.0078,0.66174388
cold,0,1,0,0.0001,0.1,512,3,5,4,256,6000,8.0,2633729,4,4,9977,4106,900020,5,6000,36000,37,222.0,1.85,3.09135,0.67550313
cold,0,1,0,0.0001,0.1,512,3,5,4,256,6000,8.0,2633729,4,4,9977,4106,900020,5,6000,36000,38,228.0,1.9,3.1749,0.68867266
cold,0,1,0,0.0001,0.1,512,3,5,4,256,6000,8.0,2633729,4,4,9977,4106,900020,5,6000,36000,39,234.0,1.95,3.25845,0.70305961
cold,0,1,0,0.0001,0.1,512,3,5,4,256,6000,8.0,2633729,4,4,9977,4106,900020,5,6000,36000,40,240.0,2.0,3.342,0.71724176
cold,0,1,0,0.0001,0.1,512,3,5,4,256,6000,8.0,2633729,4,4,9977,4106,900020,5,6000,36000,41,246.0,2.05,3.42555,0.72914541
cold,0,1,0,0.0001,0.1,512,3,5,4,256,6000,8.0,2633729,4,4,9977,4106,900020,5,6000,36000,42,252.0,2.1,3.5091,0.73860931
cold,0,1,0,0.0001,0.1,512,3,5,4,256,6000,8.0,2633729,4,4,9977,4106,900020,5,6000,36000,43,258.0,2.15,3.59265,0.74699318
cold,0,1,0,0.0001,0.1,512,3,5,4,256,6000,8.0,2633729,4,4,9977,4106,900020,5,6000,36000,44,264.0,2.2,3.6762,0.75540298
cold,0,1,0,0.0001,0.1,512,3,5,4,256,6000,8.0,2633729,4,4,9977,4106,900020,5,6000,36000,45,270.0,2.25,3.75975,0.76356453
cold,0,1,0,0.0001,0.1,512,3,5,4,256,6000,8.0,2633729,4,4,9977,4106,900020,5,6000,36000,46,276.0,2.3,3.8433,0.77023029
cold,0,1,0,0.0001,0.1,512,3,5,4,256,6000,8.0,2633729,4,4,9977,4106,900020,5,6000,36000,47,282.0,2.35,3.92685,0.77517515
cold,0,1,0,0.0001,0.1,512,3,5,4,256,6000,8.0,2633729,4,4,9977,4106,900020,5,6000,36000,48,288.0,2.4,4.0104,0.7803117
cold,0,1,0,0.0001,0.1,512,3,5,4,256,6000,8.0,2633729,4,4,9977,4106,900020,5,6000,36000,49,294.0,2.45,4.09395,0.78840351
cold,0,1,0,0.0001,0.1,512,3,5,4,256,6000,8.0,2633729,4,4,9977,4106,900020,5,6000,36000,50,300.0,2.5,4.1775,0.80029684
cold,0,1,0,0.0001,0.1,512,3,5,4,256,6000,8.0,2633729,4,4,9977,4106,900020,5,6000,36000,51,306.0,2.55,4.26105,0.81357181
cold,0,1,0,0.0001,0.1,512,3,5,4,256,6000,8.0,2633729,4,4,9977,4106,900020,5,6000,36000,52,312.0,2.6,4.3446,0.82504016
cold,0,1,0,0.0001,0.1,512,3,5,4,256,6000,8.0,2633729,4,4,9977,4106,900020,5,6000,36000,53,318.0,2.65,4.42815,0.83387852
cold,0,1,0,0.0001,0.1,512,3,5,4,256,6000,8.0,2633729,4,4,9977,4106,900020,5,6000,36000,54,324.0,2.7,4.5117,0.84101456
cold,0,1,0,0.0001,0.1,512,3,5,4,256,6000,8.0,2633729,4,4,9977,4106,900020,5,6000,36000,55,330.0,2.75,4.59525,0.84705883
cold,0,1,0,0.0001,0.1,512,3,5,4,256,6000,8.0,2633729,4,4,9977,4106,900020,5,6000,36000,56,336.0,2.8,4.6788,0.85202843
cold,0,1,0,0.0001,0.1,512,3,5,4,256,6000,8.0,2633729,4,4,9977,4106,900020,5,6000,36000,57,342.0,2.85,4.76235,0.85585803
cold,0,1,0,0.0001,0.1,512,3,5,4,256,6000,8.0,2633729,4,4,9977,4106,900020,5,6000,36000,58,348.0,2.9,4.8459,0.85885102
cold,0,1,0,0.0001,0.1,512,3,5,4,256,6000,8.0,2633729,4,4,9977,4106,900020,5,6000,36000,59,354.0,2.95,4.92945,0.86188859
cold,0,1,0,0.0001,0.1,512,3,5,4,256,6000,8.0,2633729,4,4,9977,4106,900020,5,6000,36000,60,360.0,3.0,5.013,0.86538273
cold,0,1,0,0.0001,0.1,512,3,5,4,256,6000,8.0,2633729,4,4,9977,4106,900020,5,6000,36000,61,366.0,3.05,5.09655,0.86941069
cold,0,1,0,0.0001,0.1,512,3,5,4,256,6000,8.0,2633729,4,4,9977,4106,900020,5,6000,36000,62,372.0,3.1,5.1801,0.87385774
cold,0,1,0,0.0001,0.1,512,3,5,4,256,6000,8.0,2633729,4,4,9977,4106,900020,5,6000,36000,63,378.0,3.15,5.26365,0.87804896
cold,0,1,0,0.0001,0.1,512,3,5,4,256,6000,8.0,2633729,4,4,9977,4106,900020,5,6000,36000,64,384.0,3.2,5.3472,0.88106745
cold,0,1,0,0.0001,0.1,512,3,5,4,256,6000,8.0,2633729,4,4,9977,4106,900020,5,6000,36000,65,390.0,3.25,5.43075,0.88284218
cold,0,1,0,0.0001,0.1,512,3,5,4,256,6000,8.0,2633729,4,4,9977,4106,900020,5,6000,36000,66,396.0,3.3,5.5143,0.88491541
cold,0,1,0,0.0001,0.1,512,3,5,4,256,6000,8.0,2633729,4,4,9977,4106,900020,5,6000,36000,67,402.0,3.35,5.59785,0.88885224
cold,0,1,0,0.0001,0.1,512,3,5,4,256,6000,8.0,2633729,4,4,9977,4106,900020,5,6000,36000,68,408.0,3.4,5.6814,0.894485
cold,0,1,0,0.0001,0.1,512,3,5,4,256,6000,8.0,2633729,4,4,9977,4106,900020,5,6000,36000,69,414.0,3.45,5.76495,0.90034205
cold,0,1,0,0.0001,0.1,512,3,5,4,256,6000,8.0,2633729,4,4,9977,4106,900020,5,6000,36000,70,420.0,3.5,5.8485,0.90519303
cold,0,1,0,0.0001,0.1,512,3,5,4,256,6000,8.0,2633729,4,4,9977,4106,900020,5,6000,36000,71,426.0,3.55,5.93205,0.90886509
cold,0,1,0,0.0001,0.1,512,3,5,4,256,6000,8.0,2633729,4,4,9977,4106,900020,5,6000,36000,72,432.0,3.6,6.0156,0.91168064
cold,0,1,0,0.0001,0.1,512,3,5,4,256,6000,8.0,2633729,4,4,9977,4106,900020,5,6000,36000,73,438.0,3.65,6.09915,0.91430986
cold,0,1,0,0.0001,0.1,512,3,5,4,256,6000,8.0,2633729,4,4,9977,4106,900020,5,6000,36000,74,444.0,3.7,6.1827,0.91801053
cold,0,1,0,0.0001,0.1,512,3,5,4,256,6000,8.0,2633729,4,4,9977,4106,900020,5,6000,36000,75,450.0,3.75,6.26625,0.92344087
cold,0,1,0,0.0001,0.1,512,3,5,4,256,6000,8.0,2633729,4,4,9977,4106,900020,5,6000,36000,76,456.0,3.8,6.3498,0.92947942
cold,0,1,0,0.0001,0.1,512,3,5,4,256,6000,8.0,2633729,4,4,9977,4106,900020,5,6000,36000,77,462.0,3.85,6.43335,0.93428254
cold,0,1,0,0.0001,0.1,512,3,5,4,256,6000,8.0,2633729,4,4,9977,4106,900020,5,6000,36000,78,468.0,3.9,6.5169,0.93735147
cold,0,1,0,0.0001,0.1,512,3,5,4,256,6000,8.0,2633729,4,4,9977,4106,900020,5,6000,36000,79,474.0,3.95,6.60045,0.93841088
cold,0,1,0,0.0001,0.1,512,3,5,4,256,6000,8.0,2633729,4,4,9977,4106,900020,5,6000,36000,80,480.0,4.0,6.684,0.93627125
cold,0,1,0,0.0001,0.1,512,3,5,4,256,6000,8.0,2633729,4,4,9977,4106,900020,5,6000,36000,81,486.0,4.05,6.76755,0.93165594
cold,0,1,0,0.0001,0.1,512,3,5,4,256,6000,8.0,2633729,4,4,9977,4106,900020,5,6000,36000,82,492.0,4.1,6.8511,0.92830193
cold,0,1,0,0.0001,0.1,512,3,5,4,256,6000,8.0,2633729,4,4,9977,4106,900020,5,6000,36000,83,498.0,4.15,6.93465,0.92918879
cold,0,1,0,0.0001,0.1,512,3,5,4,256,6000,8.0,2633729,4,4,9977,4106,900020,5,6000,36000,84,504.0,4.2,7.0182,0.93368649
cold,0,1,0,0.0001,0.1,512,3,5,4,256,6000,8.0,2633729,4,4,9977,4106,900020,5,6000,36000,85,510.0,4.25,7.10175,0.9393574
cold,0,1,0,0.0001,0.1,512,3,5,4,256,6000,8.0,2633729,4,4,9977,4106,900020,5,6000,36000,86,516.0,4.3,7.1853,0.94488275
cold,0,1,0,0.0001,0.1,512,3,5,4,256,6000,8.0,2633729,4,4,9977,4106,900020,5,6000,36000,87,522.0,4.35,7.26885,0.94995594
cold,0,1,0,0.0001,0.1,512,3,5,4,256,6000,8.0,2633729,4,4,9977,4106,900020,5,6000,36000,88,528.0,4.4,7.3524,0.95417845
cold,0,1,0,0.0001,0.1,512,3,5,4,256,6000,8.0,2633729,4,4,9977,4106,900020,5,6000,36000,89,534.0,4.45,7.43595,0.9562062
cold,0,1,0,0.0001,0.1,512,3,5,4,256,6000,8.0,2633729,4,4,9977,4106,900020,5,6000,36000,90,540.0,4.5,7.5195,0.95397639
cold,0,1,0,0.0001,0.1,512,3,5,4,256,6000,8.0,2633729,4,4,9977,4106,900020,5,6000,36000,91,546.0,4.55,7.60305,0.94701231
cold,0,1,0,0.0001,0.1,512,3,5,4,256,6000,8.0,2633729,4,4,9977,4106,900020,5,6000,36000,92,552.0,4.6,7.6866,0.93747973
cold,0,1,0,0.0001,0.1,512,3,5,4,256,6000,8.0,2633729,4,4,9977,4106,900020,5,6000,36000,93,558.0,4.65,7.77015,0.92919123
cold,0,1,0,0.0001,0.1,512,3,5,4,256,6000,8.0,2633729,4,4,9977,4106,900020,5,6000,36000,94,564.0,4.7,7.8537,0.92552298
cold,0,1,0,0.0001,0.1,512,3,5,4,256,6000,8.0,2633729,4,4,9977,4106,900020,5,6000,36000,95,570.0,4.75,7.93725,0.92758381
cold,0,1,0,0.0001,0.1,512,3,5,4,256,6000,8.0,2633729,4,4,9977,4106,900020,5,6000,36000,96,576.0,4.8,8.0208,0.93395841
cold,0,1,0,0.0001,0.1,512,3,5,4,256,6000,8.0,2633729,4,4,9977,4106,900020,5,6000,36000,97,582.0,4.85,8.10435,0.94248754
cold,0,1,0,0.0001,0.1,512,3,5,4,256,6000,8.0,2633729,4,4,9977,4106,900020,5,6000,36000,98,588.0,4.9,8.1879,0.95113331
cold,0,1,0,0.0001,0.1,512,3,5,4,256,6000,8.0,2633729,4,4,9977,4106,900020,5,6000,36000,99,594.0,4.95,8.27145,0.95814162
cold,0,1,0,0.0001,0.1,512,3,5,4,256,6000,8.0,2633729,4,4,9977,4106,900020,5,6000,36000,100,600.0,5.0,8.355,0.96237725
cold,0,1,0,0.0001,0.1,512,3,5,4,256,6000,8.0,2633729,4,4,9977,4106,900020,5,6000,36000,101,606.0,5.05,8.43855,0.96395975
cold,0,1,0,0.0001,0.1,512,3,5,4,256,6000,8.0,2633729,4,4,9977,4106,900020,5,6000,36000,102,612.0,5.1,8.5221,0.96434909
cold,0,1,0,0.0001,0.1,512,3,5,4,256,6000,8.0,2633729,4,4,9977,4106,900020,5,6000,36000,103,618.0,5.15,8.60565,0.96376908
cold,0,1,0,0.0001,0.1,512,3,5,4,256,6000,8.0,2633729,4,4,9977,4106,900020,5,6000,36000,104,624.0,5.2,8.6892,0.96119571
cold,0,1,0,0.0001,0.1,512,3,5,4,256,6000,8.0,2633729,4,4,9977,4106,900020,5,6000,36000,105,630.0,5.25,8.77275,0.95747751
cold,0,1,0,0.0001,0.1,512,3,5,4,256,6000,8.0,2633729,4,4,9977,4106,900020,5,6000,36000,106,636.0,5.3,8.8563,0.95491093
cold,0,1,0,0.0001,0.1,512,3,5,4,256,6000,8.0,2633729,4,4,9977,4106,900020,5,6000,36000,107,642.0,5.35,8.93985,0.95411575
cold,0,1,0,0.0001,0.1,512,3,5,4,256,6000,8.0,2633729,4,4,9977,4106,900020,5,6000,36000,108,648.0,5.4,9.0234,0.95412612
cold,0,1,0,0.0001,0.1,512,3,5,4,256,6000,8.0,2633729,4,4,9977,4106,900020,5,6000,36000,109,654.0,5.45,9.10695,0.95499855
cold,0,1,0,0.0001,0.1,512,3,5,4,256,6000,8.0,2633729,4,4,9977,4106,900020,5,6000,36000,110,660.0,5.5,9.1905,0.95738274
cold,0,1,0,0.0001,0.1,512,3,5,4,256,6000,8.0,2633729,4,4,9977,4106,900020,5,6000,36000,111,666.0,5.55,9.27405,0.96128142
cold,0,1,0,0.0001,0.1,512,3,5,4,256,6000,8.0,2633729,4,4,9977,4106,900020,5,6000,36000,112,672.0,5.6,9.3576,0.96560836
cold,0,1,0,0.0001,0.1,512,3,5,4,256,6000,8.0,2633729,4,4,9977,4106,900020,5,6000,36000,113,678.0,5.65,9.44115,0.96922636
cold,0,1,0,0.0001,0.1,512,3,5,4,256,6000,8.0,2633729,4,4,9977,4106,900020,5,6000,36000,114,684.0,5.7,9.5247,0.97210294
cold,0,1,0,0.0001,0.1,512,3,5,4,256,6000,8.0,2633729,4,4,9977,4106,900020,5,6000,36000,115,690.0,5.75,9.60825,0.97464323
cold,0,1,0,0.0001,0.1,512,3,5,4,256,6000,8.0,2633729,4,4,9977,4106,900020,5,6000,36000,116,696.0,5.8,9.6918,0.97545946
cold,0,1,0,0.0001,0.1,512,3,5,4,256,6000,8.0,2633729,4,4,9977,4106,900020,5,6000,36000,117,702.0,5.85,9.77535,0.97232103
cold,0,1,0,0.0001,0.1,512,3,5,4,256,6000,8.0,2633729,4,4,9977,4106,900020,5,6000,36000,118,708.0,5.9,9.8589,0.96599758
cold,0,1,0,0.0001,0.1,512,3,5,4,256,6000,8.0,2633729,4,4,9977,4106,900020,5,6000,36000,119,714.0,5.95,9.94245,0.96015316
cold,0,1,0,0.0001,0.1,512,3,5,4,256,6000,8.0,2633729,4,4,9977,4106,900020,5,6000,36000,120,720.0,6.0,10.026,0.95786536
cold,0,1,0,0.0001,0.1,512,3,5,4,256,6000,8.0,2633729,4,4,9977,4107,900021,6,1,36001,1,6.0,0.05,0.08355,0.15795018
cold,0,1,0,0.0001,0.1,512,3,5,4,256,6000,8.0,2633729,4,4,9977,4107,900021,6,1,36001,2,12.0,0.1,0.1671,0.28361756
cold,0,1,0,0.0001,0.1,512,3,5,4,256,6000,8.0,2633729,4,4,9977,4107,900021,6,1,36001,3,18.0,0.15,0.25065,0.3999373
cold,0,1,0,0.0001,0.1,512,3,5,4,256,6000,8.0,2633729,4,4,9977,4107,900021,6,1,36001,4,24.0,0.2,0.3342,0.49875748
cold,0,1,0,0.0001,0.1,512,3,5,4,256,6000,8.0,2633729,4,4,9977,4107,900021,6,1,36001,5,30.0,0.25,0.41775,0.57747382
cold,0,1,0,0.0001,0.1,512,3,5,4,256,6000,8.0,2633729,4,4,9977,4107,900021,6,1,36001,6,36.0,0.3,0.5013,0.63690388
cold,0,1,0,0.0001,0.1,512,3,5,4,256,6000,8.0,2633729,4,4,9977,4107,900021,6,1,36001,7,42.0,0.35,0.58485,0.67892033
cold,0,1,0,0.0001,0.1,512,3,5,4,256,6000,8.0,2633729,4,4,9977,4107,900021,6,1,36001,8,48.0,0.4,0.6684,0.70671242
cold,0,1,0,0.0001,0.1,512,3,5,4,256,6000,8.0,2633729,4,4,9977,4107,900021,6,1,36001,9,54.0,0.45,0.75195,0.7239629
cold,0,1,0,0.0001,0.1,512,3,5,4,256,6000,8.0,2633729,4,4,9977,4107,900021,6,1,36001,10,60.0,0.5,0.8355,0.73352283
cold,0,1,0,0.0001,0.1,512,3,5,4,256,6000,8.0,2633729,4,4,9977,4107,900021,6,1,36001,11,66.0,0.55,0.91905,0.73807847
cold,0,1,0,0.0001,0.1,512,3,5,4,256,6000,8.0,2633729,4,4,9977,4107,900021,6,1,36001,12,72.0,0.6,1.0026,0.74089855
cold,0,1,0,0.0001,0.1,512,3,5,4,256,6000,8.0,2633729,4,4,9977,4107,900021,6,1,36001,13,78.0,0.65,1.08615,0.74444115
cold,0,1,0,0.0001,0.1,512,3,5,4,256,6000,8.0,2633729,4,4,9977,4107,900021,6,1,36001,14,84.0,0.7,1.1697,0.74936044
cold,0,1,0,0.0001,0.1,512,3,5,4,256,6000,8.0,2633729,4,4,9977,4107,900021,6,1,36001,15,90.0,0.75,1.25325,0.75478131
cold,0,1,0,0.0001,0.1,512,3,5,4,256,6000,8.0,2633729,4,4,9977,4107,900021,6,1,36001,16,96.0,0.8,1.3368,0.75924367
cold,0,1,0,0.0001,0.1,512,3,5,4,256,6000,8.0,2633729,4,4,9977,4107,900021,6,1,36001,17,102.0,0.85,1.42035,0.76226848
cold,0,1,0,0.0001,0.1,512,3,5,4,256,6000,8.0,2633729,4,4,9977,4107,900021,6,1,36001,18,108.0,0.9,1.5039,0.7642678
cold,0,1,0,0.0001,0.1,512,3,5,4,256,6000,8.0,2633729,4,4,9977,4107,900021,6,1,36001,19,114.0,0.95,1.58745,0.76519662
cold,0,1,0,0.0001,0.1,512,3,5,4,256,6000,8.0,2633729,4,4,9977,4107,900021,6,1,36001,20,120.0,1.0,1.671,0.76452971
cold,0,1,0,0.0001,0.1,512,3,5,4,256,6000,8.0,2633729,4,4,9977,4107,900021,6,1,36001,21,126.0,1.05,1.75455,0.76244777
cold,0,1,0,0.0001,0.1,512,3,5,4,256,6000,8.0,2633729,4,4,9977,4107,900021,6,1,36001,22,132.0,1.1,1.8381,0.76020455
cold,0,1,0,0.0001,0.1,512,3,5,4,256,6000,8.0,2633729,4,4,9977,4107,900021,6,1,36001,23,138.0,1.15,1.92165,0.7592833
cold,0,1,0,0.0001,0.1,512,3,5,4,256,6000,8.0,2633729,4,4,9977,4107,900021,6,1,36001,24,144.0,1.2,2.0052,0.76052457
cold,0,1,0,0.0001,0.1,512,3,5,4,256,6000,8.0,2633729,4,4,9977,4107,900021,6,1,36001,25,150.0,1.25,2.08875,0.76330543
cold,0,1,0,0.0001,0.1,512,3,5,4,256,6000,8.0,2633729,4,4,9977,4107,900021,6,1,36001,26,156.0,1.3,2.1723,0.76607293
cold,0,1,0,0.0001,0.1,512,3,5,4,256,6000,8.0,2633729,4,4,9977,4107,900021,6,1,36001,27,162.0,1.35,2.25585,0.76805675
cold,0,1,0,0.0001,0.1,512,3,5,4,256,6000,8.0,2633729,4,4,9977,4107,900021,6,1,36001,28,168.0,1.4,2.3394,0.7695201
cold,0,1,0,0.0001,0.1,512,3,5,4,256,6000,8.0,2633729,4,4,9977,4107,900021,6,1,36001,29,174.0,1.45,2.42295,0.77052009
cold,0,1,0,0.0001,0.1,512,3,5,4,256,6000,8.0,2633729,4,4,9977,4107,900021,6,1,36001,30,180.0,1.5,2.5065,0.77043474
cold,0,1,0,0.0001,0.1,512,3,5,4,256,6000,8.0,2633729,4,4,9977,4107,900021,6,1,36001,31,186.0,1.55,2.59005,0.76928729
cold,0,1,0,0.0001,0.1,512,3,5,4,256,6000,8.0,2633729,4,4,9977,4107,900021,6,1,36001,32,192.0,1.6,2.6736,0.76849622
cold,0,1,0,0.0001,0.1,512,3,5,4,256,6000,8.0,2633729,4,4,9977,4107,900021,6,1,36001,33,198.0,1.65,2.75715,0.76933914
cold,0,1,0,0.0001,0.1,512,3,5,4,256,6000,8.0,2633729,4,4,9977,4107,900021,6,1,36001,34,204.0,1.7,2.8407,0.77180797
cold,0,1,0,0.0001,0.1,512,3,5,4,256,6000,8.0,2633729,4,4,9977,4107,900021,6,1,36001,35,210.0,1.75,2.92425,0.77480954
cold,0,1,0,0.0001,0.1,512,3,5,4,256,6000,8.0,2633729,4,4,9977,4107,900021,6,1,36001,36,216.0,1.8,3.0078,0.77717543
cold,0,1,0,0.0001,0.1,512,3,5,4,256,6000,8.0,2633729,4,4,9977,4107,900021,6,1,36001,37,222.0,1.85,3.09135,0.77894706
cold,0,1,0,0.0001,0.1,512,3,5,4,256,6000,8.0,2633729,4,4,9977,4107,900021,6,1,36001,38,228.0,1.9,3.1749,0.78073686
cold,0,1,0,0.0001,0.1,512,3,5,4,256,6000,8.0,2633729,4,4,9977,4107,900021,6,1,36001,39,234.0,1.95,3.25845,0.7823137
cold,0,1,0,0.0001,0.1,512,3,5,4,256,6000,8.0,2633729,4,4,9977,4107,900021,6,1,36001,40,240.0,2.0,3.342,0.78282511
cold,0,1,0,0.0001,0.1,512,3,5,4,256,6000,8.0,2633729,4,4,9977,4107,900021,6,1,36001,41,246.0,2.05,3.42555,0.7821461
cold,0,1,0,0.0001,0.1,512,3,5,4,256,6000,8.0,2633729,4,4,9977,4107,900021,6,1,36001,42,252.0,2.1,3.5091,0.78132749
cold,0,1,0,0.0001,0.1,512,3,5,4,256,6000,8.0,2633729,4,4,9977,4107,900021,6,1,36001,43,258.0,2.15,3.59265,0.78170449
cold,0,1,0,0.0001,0.1,512,3,5,4,256,6000,8.0,2633729,4,4,9977,4107,900021,6,1,36001,44,264.0,2.2,3.6762,0.78386009
cold,0,1,0,0.0001,0.1,512,3,5,4,256,6000,8.0,2633729,4,4,9977,4107,900021,6,1,36001,45,270.0,2.25,3.75975,0.78689146
cold,0,1,0,0.0001,0.1,512,3,5,4,256,6000,8.0,2633729,4,4,9977,4107,900021,6,1,36001,46,276.0,2.3,3.8433,0.78929979
cold,0,1,0,0.0001,0.1,512,3,5,4,256,6000,8.0,2633729,4,4,9977,4107,900021,6,1,36001,47,282.0,2.35,3.92685,0.79060447
cold,0,1,0,0.0001,0.1,512,3,5,4,256,6000,8.0,2633729,4,4,9977,4107,900021,6,1,36001,48,288.0,2.4,4.0104,0.79139203
cold,0,1,0,0.0001,0.1,512,3,5,4,256,6000,8.0,2633729,4,4,9977,4107,900021,6,1,36001,49,294.0,2.45,4.09395,0.79201102
cold,0,1,0,0.0001,0.1,512,3,5,4,256,6000,8.0,2633729,4,4,9977,4107,900021,6,1,36001,50,300.0,2.5,4.1775,0.79189581
cold,0,1,0,0.0001,0.1,512,3,5,4,256,6000,8.0,2633729,4,4,9977,4107,900021,6,1,36001,51,306.0,2.55,4.26105,0.79093647
cold,0,1,0,0.0001,0.1,512,3,5,4,256,6000,8.0,2633729,4,4,9977,4107,900021,6,1,36001,52,312.0,2.6,4.3446,0.79045004
cold,0,1,0,0.0001,0.1,512,3,5,4,256,6000,8.0,2633729,4,4,9977,4107,900021,6,1,36001,53,318.0,2.65,4.42815,0.79170066
cold,0,1,0,0.0001,0.1,512,3,5,4,256,6000,8.0,2633729,4,4,9977,4107,900021,6,1,36001,54,324.0,2.7,4.5117,0.79460156
cold,0,1,0,0.0001,0.1,512,3,5,4,256,6000,8.0,2633729,4,4,9977,4107,900021,6,1,36001,55,330.0,2.75,4.59525,0.79791212
cold,0,1,0,0.0001,0.1,512,3,5,4,256,6000,8.0,2633729,4,4,9977,4107,900021,6,1,36001,56,336.0,2.8,4.6788,0.80054712
cold,0,1,0,0.0001,0.1,512,3,5,4,256,6000,8.0,2633729,4,4,9977,4107,900021,6,1,36001,57,342.0,2.85,4.76235,0.8027373
cold,0,1,0,0.0001,0.1,512,3,5,4,256,6000,8.0,2633729,4,4,9977,4107,900021,6,1,36001,58,348.0,2.9,4.8459,0.80494064
cold,0,1,0,0.0001,0.1,512,3,5,4,256,6000,8.0,2633729,4,4,9977,4107,900021,6,1,36001,59,354.0,2.95,4.92945,0.80653679
cold,0,1,0,0.0001,0.1,512,3,5,4,256,6000,8.0,2633729,4,4,9977,4107,900021,6,1,36001,60,360.0,3.0,5.013,0.80652142
cold,0,1,0,0.0001,0.1,512,3,5,4,256,6000,8.0,2633729,4,4,9977,4107,900021,6,1,36001,61,366.0,3.05,5.09655,0.8049444
cold,0,1,0,0.0001,0.1,512,3,5,4,256,6000,8.0,2633729,4,4,9977,4107,900021,6,1,36001,62,372.0,3.1,5.1801,0.80307162
cold,0,1,0,0.0001,0.1,512,3,5,4,256,6000,8.0,2633729,4,4,9977,4107,900021,6,1,36001,63,378.0,3.15,5.26365,0.80229014
cold,0,1,0,0.0001,0.1,512,3,5,4,256,6000,8.0,2633729,4,4,9977,4107,900021,6,1,36001,64,384.0,3.2,5.3472,0.80310416
cold,0,1,0,0.0001,0.1,512,3,5,4,256,6000,8.0,2633729,4,4,9977,4107,900021,6,1,36001,65,390.0,3.25,5.43075,0.80455434
cold,0,1,0,0.0001,0.1,512,3,5,4,256,6000,8.0,2633729,4,4,9977,4107,900021,6,1,36001,66,396.0,3.3,5.5143,0.80521268
cold,0,1,0,0.0001,0.1,512,3,5,4,256,6000,8.0,2633729,4,4,9977,4107,900021,6,1,36001,67,402.0,3.35,5.59785,0.80475777
cold,0,1,0,0.0001,0.1,512,3,5,4,256,6000,8.0,2633729,4,4,9977,4107,900021,6,1,36001,68,408.0,3.4,5.6814,0.803922
cold,0,1,0,0.0001,0.1,512,3,5,4,256,6000,8.0,2633729,4,4,9977,4107,900021,6,1,36001,69,414.0,3.45,5.76495,0.80312526
cold,0,1,0,0.0001,0.1,512,3,5,4,256,6000,8.0,2633729,4,4,9977,4107,900021,6,1,36001,70,420.0,3.5,5.8485,0.80182505
cold,0,1,0,0.0001,0.1,512,3,5,4,256,6000,8.0,2633729,4,4,9977,4107,900021,6,1,36001,71,426.0,3.55,5.93205,0.79995292
cold,0,1,0,0.0001,0.1,512,3,5,4,256,6000,8.0,2633729,4,4,9977,4107,900021,6,1,36001,72,432.0,3.6,6.0156,0.79895812
cold,0,1,0,0.0001,0.1,512,3,5,4,256,6000,8.0,2633729,4,4,9977,4107,900021,6,1,36001,73,438.0,3.65,6.09915,0.80023217
cold,0,1,0,0.0001,0.1,512,3,5,4,256,6000,8.0,2633729,4,4,9977,4107,900021,6,1,36001,74,444.0,3.7,6.1827,0.80365926
cold,0,1,0,0.0001,0.1,512,3,5,4,256,6000,8.0,2633729,4,4,9977,4107,900021,6,1,36001,75,450.0,3.75,6.26625,0.80780059
cold,0,1,0,0.0001,0.1,512,3,5,4,256,6000,8.0,2633729,4,4,9977,4107,900021,6,1,36001,76,456.0,3.8,6.3498,0.81128383
cold,0,1,0,0.0001,0.1,512,3,5,4,256,6000,8.0,2633729,4,4,9977,4107,900021,6,1,36001,77,462.0,3.85,6.43335,0.81408304
cold,0,1,0,0.0001,0.1,512,3,5,4,256,6000,8.0,2633729,4,4,9977,4107,900021,6,1,36001,78,468.0,3.9,6.5169,0.81659478
cold,0,1,0,0.0001,0.1,512,3,5,4,256,6000,8.0,2633729,4,4,9977,4107,900021,6,1,36001,79,474.0,3.95,6.60045,0.81832385
cold,0,1,0,0.0001,0.1,512,3,5,4,256,6000,8.0,2633729,4,4,9977,4107,900021,6,1,36001,80,480.0,4.0,6.684,0.81838006
cold,0,1,0,0.0001,0.1,512,3,5,4,256,6000,8.0,2633729,4,4,9977,4107,900021,6,1,36001,81,486.0,4.05,6.76755,0.81680888
cold,0,1,0,0.0001,0.1,512,3,5,4,256,6000,8.0,2633729,4,4,9977,4107,900021,6,1,36001,82,492.0,4.1,6.8511,0.81481391
cold,0,1,0,0.0001,0.1,512,3,5,4,256,6000,8.0,2633729,4,4,9977,4107,900021,6,1,36001,83,498.0,4.15,6.93465,0.81376189
cold,0,1,0,0.0001,0.1,512,3,5,4,256,6000,8.0,2633729,4,4,9977,4107,900021,6,1,36001,84,504.0,4.2,7.0182,0.81424123
cold,0,1,0,0.0001,0.1,512,3,5,4,256,6000,8.0,2633729,4,4,9977,4107,900021,6,1,36001,85,510.0,4.25,7.10175,0.8153891
cold,0,1,0,0.0001,0.1,512,3,5,4,256,6000,8.0,2633729,4,4,9977,4107,900021,6,1,36001,86,516.0,4.3,7.1853,0.8157109
cold,0,1,0,0.0001,0.1,512,3,5,4,256,6000,8.0,2633729,4,4,9977,4107,900021,6,1,36001,87,522.0,4.35,7.26885,0.81470323
cold,0,1,0,0.0001,0.1,512,3,5,4,256,6000,8.0,2633729,4,4,9977,4107,900021,6,1,36001,88,528.0,4.4,7.3524,0.81303602
cold,0,1,0,0.0001,0.1,512,3,5,4,256,6000,8.0,2633729,4,4,9977,4107,900021,6,1,36001,89,534.0,4.45,7.43595,0.8112756
cold,0,1,0,0.0001,0.1,512,3,5,4,256,6000,8.0,2633729,4,4,9977,4107,900021,6,1,36001,90,540.0,4.5,7.5195,0.80911678
cold,0,1,0,0.0001,0.1,512,3,5,4,256,6000,8.0,2633729,4,4,9977,4107,900021,6,1,36001,91,546.0,4.55,7.60305,0.80673242
cold,0,1,0,0.0001,0.1,512,3,5,4,256,6000,8.0,2633729,4,4,9977,4107,900021,6,1,36001,92,552.0,4.6,7.6866,0.80570126
cold,0,1,0,0.0001,0.1,512,3,5,4,256,6000,8.0,2633729,4,4,9977,4107,900021,6,1,36001,93,558.0,4.65,7.77015,0.807244
cold,0,1,0,0.0001,0.1,512,3,5,4,256,6000,8.0,2633729,4,4,9977,4107,900021,6,1,36001,94,564.0,4.7,7.8537,0.81081945
cold,0,1,0,0.0001,0.1,512,3,5,4,256,6000,8.0,2633729,4,4,9977,4107,900021,6,1,36001,95,570.0,4.75,7.93725,0.81466299
cold,0,1,0,0.0001,0.1,512,3,5,4,256,6000,8.0,2633729,4,4,9977,4107,900021,6,1,36001,96,576.0,4.8,8.0208,0.81747687
cold,0,1,0,0.0001,0.1,512,3,5,4,256,6000,8.0,2633729,4,4,9977,4107,900021,6,1,36001,97,582.0,4.85,8.10435,0.81963027
cold,0,1,0,0.0001,0.1,512,3,5,4,256,6000,8.0,2633729,4,4,9977,4107,900021,6,1,36001,98,588.0,4.9,8.1879,0.82183206
cold,0,1,0,0.0001,0.1,512,3,5,4,256,6000,8.0,2633729,4,4,9977,4107,900021,6,1,36001,99,594.0,4.95,8.27145,0.82356209
cold,0,1,0,0.0001,0.1,512,3,5,4,256,6000,8.0,2633729,4,4,9977,4107,900021,6,1,36001,100,600.0,5.0,8.355,0.82368386
cold,0,1,0,0.0001,0.1,512,3,5,4,256,6000,8.0,2633729,4,4,9977,4107,900021,6,1,36001,101,606.0,5.05,8.43855,0.82207423
cold,0,1,0,0.0001,0.1,512,3,5,4,256,6000,8.0,2633729,4,4,9977,4107,900021,6,1,36001,102,612.0,5.1,8.5221,0.8199771
cold,0,1,0,0.0001,0.1,512,3,5,4,256,6000,8.0,2633729,4,4,9977,4107,900021,6,1,36001,103,618.0,5.15,8.60565,0.81889552
cold,0,1,0,0.0001,0.1,512,3,5,4,256,6000,8.0,2633729,4,4,9977,4107,900021,6,1,36001,104,624.0,5.2,8.6892,0.81957972
cold,0,1,0,0.0001,0.1,512,3,5,4,256,6000,8.0,2633729,4,4,9977,4107,900021,6,1,36001,105,630.0,5.25,8.77275,0.82116854
cold,0,1,0,0.0001,0.1,512,3,5,4,256,6000,8.0,2633729,4,4,9977,4107,900021,6,1,36001,106,636.0,5.3,8.8563,0.82182157
cold,0,1,0,0.0001,0.1,512,3,5,4,256,6000,8.0,2633729,4,4,9977,4107,900021,6,1,36001,107,642.0,5.35,8.93985,0.82061237
cold,0,1,0,0.0001,0.1,512,3,5,4,256,6000,8.0,2633729,4,4,9977,4107,900021,6,1,36001,108,648.0,5.4,9.0234,0.81810671
cold,0,1,0,0.0001,0.1,512,3,5,4,256,6000,8.0,2633729,4,4,9977,4107,900021,6,1,36001,109,654.0,5.45,9.10695,0.81519103
cold,0,1,0,0.0001,0.1,512,3,5,4,256,6000,8.0,2633729,4,4,9977,4107,900021,6,1,36001,110,660.0,5.5,9.1905,0.81204456
cold,0,1,0,0.0001,0.1,512,3,5,4,256,6000,8.0,2633729,4,4,9977,4107,900021,6,1,36001,111,666.0,5.55,9.27405,0.80915052
cold,0,1,0,0.0001,0.1,512,3,5,4,256,6000,8.0,2633729,4,4,9977,4107,900021,6,1,36001,112,672.0,5.6,9.3576,0.80807513
cold,0,1,0,0.0001,0.1,512,3,5,4,256,6000,8.0,2633729,4,4,9977,4107,900021,6,1,36001,113,678.0,5.65,9.44115,0.80981934
cold,0,1,0,0.0001,0.1,512,3,5,4,256,6000,8.0,2633729,4,4,9977,4107,900021,6,1,36001,114,684.0,5.7,9.5247,0.81362522
cold,0,1,0,0.0001,0.1,512,3,5,4,256,6000,8.0,2633729,4,4,9977,4107,900021,6,1,36001,115,690.0,5.75,9.60825,0.8175813
cold,0,1,0,0.0001,0.1,512,3,5,4,256,6000,8.0,2633729,4,4,9977,4107,900021,6,1,36001,116,696.0,5.8,9.6918,0.82035756
cold,0,1,0,0.0001,0.1,512,3,5,4,256,6000,8.0,2633729,4,4,9977,4107,900021,6,1,36001,117,702.0,5.85,9.77535,0.8223685
cold,0,1,0,0.0001,0.1,512,3,5,4,256,6000,8.0,2633729,4,4,9977,4107,900021,6,1,36001,118,708.0,5.9,9.8589,0.82427186
cold,0,1,0,0.0001,0.1,512,3,5,4,256,6000,8.0,2633729,4,4,9977,4107,900021,6,1,36001,119,714.0,5.95,9.94245,0.82551104
cold,0,1,0,0.0001,0.1,512,3,5,4,256,6000,8.0,2633729,4,4,9977,4107,900021,6,1,36001,120,720.0,6.0,10.026,0.82504708
cold,0,1,0,0.0001,0.1,512,3,5,4,256,6000,8.0,2633729,4,4,9977,4107,900021,6,12,36012,1,6.0,0.05,0.08355,0.1173194
cold,0,1,0,0.0001,0.1,512,3,5,4,256,6000,8.0,2633729,4,4,9977,4107,900021,6,12,36012,2,12.0,0.1,0.1671,0.19704339
cold,0,1,0,0.0001,0.1,512,3,5,4,256,6000,8.0,2633729,4,4,9977,4107,900021,6,12,36012,3,18.0,0.15,0.25065,0.27949345
cold,0,1,0,0.0001,0.1,512,3,5,4,256,6000,8.0,2633729,4,4,9977,4107,900021,6,12,36012,4,24.0,0.2,0.3342,0.35486659
cold,0,1,0,0.0001,0.1,512,3,5,4,256,6000,8.0,2633729,4,4,9977,4107,900021,6,12,36012,5,30.0,0.25,0.41775,0.41853839
cold,0,1,0,0.0001,0.1,512,3,5,4,256,6000,8.0,2633729,4,4,9977,4107,900021,6,12,36012,6,36.0,0.3,0.5013,0.46858233
cold,0,1,0,0.0001,0.1,512,3,5,4,256,6000,8.0,2633729,4,4,9977,4107,900021,6,12,36012,7,42.0,0.35,0.58485,0.50561726
cold,0,1,0,0.0001,0.1,512,3,5,4,256,6000,8.0,2633729,4,4,9977,4107,900021,6,12,36012,8,48.0,0.4,0.6684,0.53317255
cold,0,1,0,0.0001,0.1,512,3,5,4,256,6000,8.0,2633729,4,4,9977,4107,900021,6,12,36012,9,54.0,0.45,0.75195,0.55480742
cold,0,1,0,0.0001,0.1,512,3,5,4,256,6000,8.0,2633729,4,4,9977,4107,900021,6,12,36012,10,60.0,0.5,0.8355,0.57210684
cold,0,1,0,0.0001,0.1,512,3,5,4,256,6000,8.0,2633729,4,4,9977,4107,900021,6,12,36012,11,66.0,0.55,0.91905,0.58567858
cold,0,1,0,0.0001,0.1,512,3,5,4,256,6000,8.0,2633729,4,4,9977,4107,900021,6,12,36012,12,72.0,0.6,1.0026,0.59654874
cold,0,1,0,0.0001,0.1,512,3,5,4,256,6000,8.0,2633729,4,4,9977,4107,900021,6,12,36012,13,78.0,0.65,1.08615,0.60603219
cold,0,1,0,0.0001,0.1,512,3,5,4,256,6000,8.0,2633729,4,4,9977,4107,900021,6,12,36012,14,84.0,0.7,1.1697,0.6149202
cold,0,1,0,0.0001,0.1,512,3,5,4,256,6000,8.0,2633729,4,4,9977,4107,900021,6,12,36012,15,90.0,0.75,1.25325,0.6232326
cold,0,1,0,0.0001,0.1,512,3,5,4,256,6000,8.0,2633729,4,4,9977,4107,900021,6,12,36012,16,96.0,0.8,1.3368,0.63091874
cold,0,1,0,0.0001,0.1,512,3,5,4,256,6000,8.0,2633729,4,4,9977,4107,900021,6,12,36012,17,102.0,0.85,1.42035,0.63858861
cold,0,1,0,0.0001,0.1,512,3,5,4,256,6000,8.0,2633729,4,4,9977,4107,900021,6,12,36012,18,108.0,0.9,1.5039,0.64666647
cold,0,1,0,0.0001,0.1,512,3,5,4,256,6000,8.0,2633729,4,4,9977,4107,900021,6,12,36012,19,114.0,0.95,1.58745,0.65439469
cold,0,1,0,0.0001,0.1,512,3,5,4,256,6000,8.0,2633729,4,4,9977,4107,900021,6,12,36012,20,120.0,1.0,1.671,0.66055387
cold,0,1,0,0.0001,0.1,512,3,5,4,256,6000,8.0,2633729,4,4,9977,4107,900021,6,12,36012,21,126.0,1.05,1.75455,0.66484064
cold,0,1,0,0.0001,0.1,512,3,5,4,256,6000,8.0,2633729,4,4,9977,4107,900021,6,12,36012,22,132.0,1.1,1.8381,0.66814196
cold,0,1,0,0.0001,0.1,512,3,5,4,256,6000,8.0,2633729,4,4,9977,4107,900021,6,12,36012,23,138.0,1.15,1.92165,0.6717006
cold,0,1,0,0.0001,0.1,512,3,5,4,256,6000,8.0,2633729,4,4,9977,4107,900021,6,12,36012,24,144.0,1.2,2.0052,0.67591625
cold,0,1,0,0.0001,0.1,512,3,5,4,256,6000,8.0,2633729,4,4,9977,4107,900021,6,12,36012,25,150.0,1.25,2.08875,0.67942601
cold,0,1,0,0.0001,0.1,512,3,5,4,256,6000,8.0,2633729,4,4,9977,4107,900021,6,12,36012,26,156.0,1.3,2.1723,0.68081599
cold,0,1,0,0.0001,0.1,512,3,5,4,256,6000,8.0,2633729,4,4,9977,4107,900021,6,12,36012,27,162.0,1.35,2.25585,0.6808728
cold,0,1,0,0.0001,0.1,512,3,5,4,256,6000,8.0,2633729,4,4,9977,4107,900021,6,12,36012,28,168.0,1.4,2.3394,0.68141246
cold,0,1,0,0.0001,0.1,512,3,5,4,256,6000,8.0,2633729,4,4,9977,4107,900021,6,12,36012,29,174.0,1.45,2.42295,0.68314946
cold,0,1,0,0.0001,0.1,512,3,5,4,256,6000,8.0,2633729,4,4,9977,4107,900021,6,12,36012,30,180.0,1.5,2.5065,0.68531203
cold,0,1,0,0.0001,0.1,512,3,5,4,256,6000,8.0,2633729,4,4,9977,4107,900021,6,12,36012,31,186.0,1.55,2.59005,0.68710959
cold,0,1,0,0.0001,0.1,512,3,5,4,256,6000,8.0,2633729,4,4,9977,4107,900021,6,12,36012,32,192.0,1.6,2.6736,0.68906808
cold,0,1,0,0.0001,0.1,512,3,5,4,256,6000,8.0,2633729,4,4,9977,4107,900021,6,12,36012,33,198.0,1.65,2.75715,0.69219995
cold,0,1,0,0.0001,0.1,512,3,5,4,256,6000,8.0,2633729,4,4,9977,4107,900021,6,12,36012,34,204.0,1.7,2.8407,0.69658607
cold,0,1,0,0.0001,0.1,512,3,5,4,256,6000,8.0,2633729,4,4,9977,4107,900021,6,12,36012,35,210.0,1.75,2.92425,0.70115423
cold,0,1,0,0.0001,0.1,512,3,5,4,256,6000,8.0,2633729,4,4,9977,4107,900021,6,12,36012,36,216.0,1.8,3.0078,0.70478207
cold,0,1,0,0.0001,0.1,512,3,5,4,256,6000,8.0,2633729,4,4,9977,4107,900021,6,12,36012,37,222.0,1.85,3.09135,0.70753324
cold,0,1,0,0.0001,0.1,512,3,5,4,256,6000,8.0,2633729,4,4,9977,4107,900021,6,12,36012,38,228.0,1.9,3.1749,0.70990759
cold,0,1,0,0.0001,0.1,512,3,5,4,256,6000,8.0,2633729,4,4,9977,4107,900021,6,12,36012,39,234.0,1.95,3.25845,0.71163529
cold,0,1,0,0.0001,0.1,512,3,5,4,256,6000,8.0,2633729,4,4,9977,4107,900021,6,12,36012,40,240.0,2.0,3.342,0.71209949
cold,0,1,0,0.0001,0.1,512,3,5,4,256,6000,8.0,2633729,4,4,9977,4107,900021,6,12,36012,41,246.0,2.05,3.42555,0.71140897
cold,0,1,0,0.0001,0.1,512,3,5,4,256,6000,8.0,2633729,4,4,9977,4107,900021,6,12,36012,42,252.0,2.1,3.5091,0.71054608
cold,0,1,0,0.0001,0.1,512,3,5,4,256,6000,8.0,2633729,4,4,9977,4107,900021,6,12,36012,43,258.0,2.15,3.59265,0.71051705
cold,0,1,0,0.0001,0.1,512,3,5,4,256,6000,8.0,2633729,4,4,9977,4107,900021,6,12,36012,44,264.0,2.2,3.6762,0.71157193
cold,0,1,0,0.0001,0.1,512,3,5,4,256,6000,8.0,2633729,4,4,9977,4107,900021,6,12,36012,45,270.0,2.25,3.75975,0.71273738
cold,0,1,0,0.0001,0.1,512,3,5,4,256,6000,8.0,2633729,4,4,9977,4107,900021,6,12,36012,46,276.0,2.3,3.8433,0.71286052
cold,0,1,0,0.0001,0.1,512,3,5,4,256,6000,8.0,2633729,4,4,9977,4107,900021,6,12,36012,47,282.0,2.35,3.92685,0.71206552
cold,0,1,0,0.0001,0.1,512,3,5,4,256,6000,8.0,2633729,4,4,9977,4107,900021,6,12,36012,48,288.0,2.4,4.0104,0.7113232
cold,0,1,0,0.0001,0.1,512,3,5,4,256,6000,8.0,2633729,4,4,9977,4107,900021,6,12,36012,49,294.0,2.45,4.09395,0.71117651
cold,0,1,0,0.0001,0.1,512,3,5,4,256,6000,8.0,2633729,4,4,9977,4107,900021,6,12,36012,50,300.0,2.5,4.1775,0.71134692
cold,0,1,0,0.0001,0.1,512,3,5,4,256,6000,8.0,2633729,4,4,9977,4107,900021,6,12,36012,51,306.0,2.55,4.26105,0.71166116
cold,0,1,0,0.0001,0.1,512,3,5,4,256,6000,8.0,2633729,4,4,9977,4107,900021,6,12,36012,52,312.0,2.6,4.3446,0.7127009
cold,0,1,0,0.0001,0.1,512,3,5,4,256,6000,8.0,2633729,4,4,9977,4107,900021,6,12,36012,53,318.0,2.65,4.42815,0.71496481
cold,0,1,0,0.0001,0.1,512,3,5,4,256,6000,8.0,2633729,4,4,9977,4107,900021,6,12,36012,54,324.0,2.7,4.5117,0.71813959
cold,0,1,0,0.0001,0.1,512,3,5,4,256,6000,8.0,2633729,4,4,9977,4107,900021,6,12,36012,55,330.0,2.75,4.59525,0.72123593
cold,0,1,0,0.0001,0.1,512,3,5,4,256,6000,8.0,2633729,4,4,9977,4107,900021,6,12,36012,56,336.0,2.8,4.6788,0.72349799
cold,0,1,0,0.0001,0.1,512,3,5,4,256,6000,8.0,2633729,4,4,9977,4107,900021,6,12,36012,57,342.0,2.85,4.76235,0.72522157
cold,0,1,0,0.0001,0.1,512,3,5,4,256,6000,8.0,2633729,4,4,9977,4107,900021,6,12,36012,58,348.0,2.9,4.8459,0.72689086
cold,0,1,0,0.0001,0.1,512,3,5,4,256,6000,8.0,2633729,4,4,9977,4107,900021,6,12,36012,59,354.0,2.95,4.92945,0.72821373
cold,0,1,0,0.0001,0.1,512,3,5,4,256,6000,8.0,2633729,4,4,9977,4107,900021,6,12,36012,60,360.0,3.0,5.013,0.72850895
cold,0,1,0,0.0001,0.1,512,3,5,4,256,6000,8.0,2633729,4,4,9977,4107,900021,6,12,36012,61,366.0,3.05,5.09655,0.72763687
cold,0,1,0,0.0001,0.1,512,3,5,4,256,6000,8.0,2633729,4,4,9977,4107,900021,6,12,36012,62,372.0,3.1,5.1801,0.72636914
cold,0,1,0,0.0001,0.1,512,3,5,4,256,6000,8.0,2633729,4,4,9977,4107,900021,6,12,36012,63,378.0,3.15,5.26365,0.72576547
cold,0,1,0,0.0001,0.1,512,3,5,4,256,6000,8.0,2633729,4,4,9977,4107,900021,6,12,36012,64,384.0,3.2,5.3472,0.72622395
cold,0,1,0,0.0001,0.1,512,3,5,4,256,6000,8.0,2633729,4,4,9977,4107,900021,6,12,36012,65,390.0,3.25,5.43075,0.72685969
cold,0,1,0,0.0001,0.1,512,3,5,4,256,6000,8.0,2633729,4,4,9977,4107,900021,6,12,36012,66,396.0,3.3,5.5143,0.72645581
cold,0,1,0,0.0001,0.1,512,3,5,4,256,6000,8.0,2633729,4,4,9977,4107,900021,6,12,36012,67,402.0,3.35,5.59785,0.72490531
cold,0,1,0,0.0001,0.1,512,3,5,4,256,6000,8.0,2633729,4,4,9977,4107,900021,6,12,36012,68,408.0,3.4,5.6814,0.72303253
cold,0,1,0,0.0001,0.1,512,3,5,4,256,6000,8.0,2633729,4,4,9977,4107,900021,6,12,36012,69,414.0,3.45,5.76495,0.72134376
cold,0,1,0,0.0001,0.1,512,3,5,4,256,6000,8.0,2633729,4,4,9977,4107,900021,6,12,36012,70,420.0,3.5,5.8485,0.71965307
cold,0,1,0,0.0001,0.1,512,3,5,4,256,6000,8.0,2633729,4,4,9977,4107,900021,6,12,36012,71,426.0,3.55,5.93205,0.71810913
cold,0,1,0,0.0001,0.1,512,3,5,4,256,6000,8.0,2633729,4,4,9977,4107,900021,6,12,36012,72,432.0,3.6,6.0156,0.71772796
cold,0,1,0,0.0001,0.1,512,3,5,4,256,6000,8.0,2633729,4,4,9977,4107,900021,6,12,36012,73,438.0,3.65,6.09915,0.71925884
cold,0,1,0,0.0001,0.1,512,3,5,4,256,6000,8.0,2633729,4,4,9977,4107,900021,6,12,36012,74,444.0,3.7,6.1827,0.72235358
cold,0,1,0,0.0001,0.1,512,3,5,4,256,6000,8.0,2633729,4,4,9977,4107,900021,6,12,36012,75,450.0,3.75,6.26625,0.72582442
cold,0,1,0,0.0001,0.1,512,3,5,4,256,6000,8.0,2633729,4,4,9977,4107,900021,6,12,36012,76,456.0,3.8,6.3498,0.72864574
cold,0,1,0,0.0001,0.1,512,3,5,4,256,6000,8.0,2633729,4,4,9977,4107,900021,6,12,36012,77,462.0,3.85,6.43335,0.73081744
cold,0,1,0,0.0001,0.1,512,3,5,4,256,6000,8.0,2633729,4,4,9977,4107,900021,6,12,36012,78,468.0,3.9,6.5169,0.73261136
cold,0,1,0,0.0001,0.1,512,3,5,4,256,6000,8.0,2633729,4,4,9977,4107,900021,6,12,36012,79,474.0,3.95,6.60045,0.73360759
cold,0,1,0,0.0001,0.1,512,3,5,4,256,6000,8.0,2633729,4,4,9977,4107,900021,6,12,36012,80,480.0,4.0,6.684,0.73306644
cold,0,1,0,0.0001,0.1,512,3,5,4,256,6000,8.0,2633729,4,4,9977,4107,900021,6,12,36012,81,486.0,4.05,6.76755,0.73103398
cold,0,1,0,0.0001,0.1,512,3,5,4,256,6000,8.0,2633729,4,4,9977,4107,900021,6,12,36012,82,492.0,4.1,6.8511,0.72865343
cold,0,1,0,0.0001,0.1,512,3,5,4,256,6000,8.0,2633729,4,4,9977,4107,900021,6,12,36012,83,498.0,4.15,6.93465,0.72721505
cold,0,1,0,0.0001,0.1,512,3,5,4,256,6000,8.0,2633729,4,4,9977,4107,900021,6,12,36012,84,504.0,4.2,7.0182,0.72716808
cold,0,1,0,0.0001,0.1,512,3,5,4,256,6000,8.0,2633729,4,4,9977,4107,900021,6,12,36012,85,510.0,4.25,7.10175,0.72769886
cold,0,1,0,0.0001,0.1,512,3,5,4,256,6000,8.0,2633729,4,4,9977,4107,900021,6,12,36012,86,516.0,4.3,7.1853,0.72764182
cold,0,1,0,0.0001,0.1,512,3,5,4,256,6000,8.0,2633729,4,4,9977,4107,900021,6,12,36012,87,522.0,4.35,7.26885,0.72670144
cold,0,1,0,0.0001,0.1,512,3,5,4,256,6000,8.0,2633729,4,4,9977,4107,900021,6,12,36012,88,528.0,4.4,7.3524,0.72535974
cold,0,1,0,0.0001,0.1,512,3,5,4,256,6000,8.0,2633729,4,4,9977,4107,900021,6,12,36012,89,534.0,4.45,7.43595,0.72396082
cold,0,1,0,0.0001,0.1,512,3,5,4,256,6000,8.0,2633729,4,4,9977,4107,900021,6,12,36012,90,540.0,4.5,7.5195,0.72233009
cold,0,1,0,0.0001,0.1,512,3,5,4,256,6000,8.0,2633729,4,4,9977,4107,900021,6,12,36012,91,546.0,4.55,7.60305,0.72071421
cold,0,1,0,0.0001,0.1,512,3,5,4,256,6000,8.0,2633729,4,4,9977,4107,900021,6,12,36012,92,552.0,4.6,7.6866,0.72029185
cold,0,1,0,0.0001,0.1,512,3,5,4,256,6000,8.0,2633729,4,4,9977,4107,900021,6,12,36012,93,558.0,4.65,7.77015,0.72184908
cold,0,1,0,0.0001,0.1,512,3,5,4,256,6000,8.0,2633729,4,4,9977,4107,900021,6,12,36012,94,564.0,4.7,7.8537,0.72483218
cold,0,1,0,0.0001,0.1,512,3,5,4,256,6000,8.0,2633729,4,4,9977,4107,900021,6,12,36012,95,570.0,4.75,7.93725,0.72785211
cold,0,1,0,0.0001,0.1,512,3,5,4,256,6000,8.0,2633729,4,4,9977,4107,900021,6,12,36012,96,576.0,4.8,8.0208,0.72997713
cold,0,1,0,0.0001,0.1,512,3,5,4,256,6000,8.0,2633729,4,4,9977,4107,900021,6,12,36012,97,582.0,4.85,8.10435,0.73154616
cold,0,1,0,0.0001,0.1,512,3,5,4,256,6000,8.0,2633729,4,4,9977,4107,900021,6,12,36012,98,588.0,4.9,8.1879,0.73311102
cold,0,1,0,0.0001,0.1,512,3,5,4,256,6000,8.0,2633729,4,4,9977,4107,900021,6,12,36012,99,594.0,4.95,8.27145,0.73425364
cold,0,1,0,0.0001,0.1,512,3,5,4,256,6000,8.0,2633729,4,4,9977,4107,900021,6,12,36012,100,600.0,5.0,8.355,0.7340616
cold,0,1,0,0.0001,0.1,512,3,5,4,256,6000,8.0,2633729,4,4,9977,4107,900021,6,12,36012,101,606.0,5.05,8.43855,0.73248106
cold,0,1,0,0.0001,0.1,512,3,5,4,256,6000,8.0,2633729,4,4,9977,4107,900021,6,12,36012,102,612.0,5.1,8.5221,0.73065162
cold,0,1,0,0.0001,0.1,512,3,5,4,256,6000,8.0,2633729,4,4,9977,4107,900021,6,12,36012,103,618.0,5.15,8.60565,0.72986603
cold,0,1,0,0.0001,0.1,512,3,5,4,256,6000,8.0,2633729,4,4,9977,4107,900021,6,12,36012,104,624.0,5.2,8.6892,0.73064011
cold,0,1,0,0.0001,0.1,512,3,5,4,256,6000,8.0,2633729,4,4,9977,4107,900021,6,12,36012,105,630.0,5.25,8.77275,0.73211455
cold,0,1,0,0.0001,0.1,512,3,5,4,256,6000,8.0,2633729,4,4,9977,4107,900021,6,12,36012,106,636.0,5.3,8.8563,0.73270422
cold,0,1,0,0.0001,0.1,512,3,5,4,256,6000,8.0,2633729,4,4,9977,4107,900021,6,12,36012,107,642.0,5.35,8.93985,0.73168272
cold,0,1,0,0.0001,0.1,512,3,5,4,256,6000,8.0,2633729,4,4,9977,4107,900021,6,12,36012,108,648.0,5.4,9.0234,0.72950345
cold,0,1,0,0.0001,0.1,512,3,5,4,256,6000,8.0,2633729,4,4,9977,4107,900021,6,12,36012,109,654.0,5.45,9.10695,0.72684515
cold,0,1,0,0.0001,0.1,512,3,5,4,256,6000,8.0,2633729,4,4,9977,4107,900021,6,12,36012,110,660.0,5.5,9.1905,0.72397715
cold,0,1,0,0.0001,0.1,512,3,5,4,256,6000,8.0,2633729,4,4,9977,4107,900021,6,12,36012,111,666.0,5.55,9.27405,0.7215119
cold,0,1,0,0.0001,0.1,512,3,5,4,256,6000,8.0,2633729,4,4,9977,4107,900021,6,12,36012,112,672.0,5.6,9.3576,0.72078055
cold,0,1,0,0.0001,0.1,512,3,5,4,256,6000,8.0,2633729,4,4,9977,4107,900021,6,12,36012,113,678.0,5.65,9.44115,0.72247285
cold,0,1,0,0.0001,0.1,512,3,5,4,256,6000,8.0,2633729,4,4,9977,4107,900021,6,12,36012,114,684.0,5.7,9.5247,0.72583252
cold,0,1,0,0.0001,0.1,512,3,5,4,256,6000,8.0,2633729,4,4,9977,4107,900021,6,12,36012,115,690.0,5.75,9.60825,0.72923058
cold,0,1,0,0.0001,0.1,512,3,5,4,256,6000,8.0,2633729,4,4,9977,4107,900021,6,12,36012,116,696.0,5.8,9.6918,0.73153049
cold,0,1,0,0.0001,0.1,512,3,5,4,256,6000,8.0,2633729,4,4,9977,4107,900021,6,12,36012,117,702.0,5.85,9.77535,0.73304468
cold,0,1,0,0.0001,0.1,512,3,5,4,256,6000,8.0,2633729,4,4,9977,4107,900021,6,12,36012,118,708.0,5.9,9.8589,0.7343533
cold,0,1,0,0.0001,0.1,512,3,5,4,256,6000,8.0,2633729,4,4,9977,4107,900021,6,12,36012,119,714.0,5.95,9.94245,0.73506874
cold,0,1,0,0.0001,0.1,512,3,5,4,256,6000,8.0,2633729,4,4,9977,4107,900021,6,12,36012,120,720.0,6.0,10.026,0.73438811
cold,0,1,0,0.0001,0.1,512,3,5,4,256,6000,8.0,2633729,4,4,9977,4107,900021,6,54,36054,1,6.0,0.05,0.08355,0.09030005
cold,0,1,0,0.0001,0.1,512,3,5,4,256,6000,8.0,2633729,4,4,9977,4107,900021,6,54,36054,2,12.0,0.1,0.1671,0.13198794
cold,0,1,0,0.0001,0.1,512,3,5,4,256,6000,8.0,2633729,4,4,9977,4107,900021,6,54,36054,3,18.0,0.15,0.25065,0.17811972
cold,0,1,0,0.0001,0.1,512,3,5,4,256,6000,8.0,2633729,4,4,9977,4107,900021,6,54,36054,4,24.0,0.2,0.3342,0.22529101
cold,0,1,0,0.0001,0.1,512,3,5,4,256,6000,8.0,2633729,4,4,9977,4107,900021,6,54,36054,5,30.0,0.25,0.41775,0.270569
cold,0,1,0,0.0001,0.1,512,3,5,4,256,6000,8.0,2633729,4,4,9977,4107,900021,6,54,36054,6,36.0,0.3,0.5013,0.3125127
cold,0,1,0,0.0001,0.1,512,3,5,4,256,6000,8.0,2633729,4,4,9977,4107,900021,6,54,36054,7,42.0,0.35,0.58485,0.35094327
cold,0,1,0,0.0001,0.1,512,3,5,4,256,6000,8.0,2633729,4,4,9977,4107,900021,6,54,36054,8,48.0,0.4,0.6684,0.38598678
cold,0,1,0,0.0001,0.1,512,3,5,4,256,6000,8.0,2633729,4,4,9977,4107,900021,6,54,36054,9,54.0,0.45,0.75195,0.4181577
cold,0,1,0,0.0001,0.1,512,3,5,4,256,6000,8.0,2633729,4,4,9977,4107,900021,6,54,36054,10,60.0,0.5,0.8355,0.44824389
cold,0,1,0,0.0001,0.1,512,3,5,4,256,6000,8.0,2633729,4,4,9977,4107,900021,6,54,36054,11,66.0,0.55,0.91905,0.4762491
cold,0,1,0,0.0001,0.1,512,3,5,4,256,6000,8.0,2633729,4,4,9977,4107,900021,6,54,36054,12,72.0,0.6,1.0026,0.50189662
cold,0,1,0,0.0001,0.1,512,3,5,4,256,6000,8.0,2633729,4,4,9977,4107,900021,6,54,36054,13,78.0,0.65,1.08615,0.52525967
cold,0,1,0,0.0001,0.1,512,3,5,4,256,6000,8.0,2633729,4,4,9977,4107,900021,6,54,36054,14,84.0,0.7,1.1697,0.54666203
cold,0,1,0,0.0001,0.1,512,3,5,4,256,6000,8.0,2633729,4,4,9977,4107,900021,6,54,36054,15,90.0,0.75,1.25325,0.56649345
cold,0,1,0,0.0001,0.1,512,3,5,4,256,6000,8.0,2633729,4,4,9977,4107,900021,6,54,36054,16,96.0,0.8,1.3368,0.58446229
cold,0,1,0,0.0001,0.1,512,3,5,4,256,6000,8.0,2633729,4,4,9977,4107,900021,6,54,36054,17,102.0,0.85,1.42035,0.60019612
cold,0,1,0,0.0001,0.1,512,3,5,4,256,6000,8.0,2633729,4,4,9977,4107,900021,6,54,36054,18,108.0,0.9,1.5039,0.61426538
cold,0,1,0,0.0001,0.1,512,3,5,4,256,6000,8.0,2633729,4,4,9977,4107,900021,6,54,36054,19,114.0,0.95,1.58745,0.62704593
cold,0,1,0,0.0001,0.1,512,3,5,4,256,6000,8.0,2633729,4,4,9977,4107,900021,6,54,36054,20,120.0,1.0,1.671,0.63795334
cold,0,1,0,0.0001,0.1,512,3,5,4,256,6000,8.0,2633729,4,4,9977,4107,900021,6,54,36054,21,126.0,1.05,1.75455,0.64678764
cold,0,1,0,0.0001,0.1,512,3,5,4,256,6000,8.0,2633729,4,4,9977,4107,900021,6,54,36054,22,132.0,1.1,1.8381,0.65425605
cold,0,1,0,0.0001,0.1,512,3,5,4,256,6000,8.0,2633729,4,4,9977,4107,900021,6,54,36054,23,138.0,1.15,1.92165,0.66100377
cold,0,1,0,0.0001,0.1,512,3,5,4,256,6000,8.0,2633729,4,4,9977,4107,900021,6,54,36054,24,144.0,1.2,2.0052,0.66713387
cold,0,1,0,0.0001,0.1,512,3,5,4,256,6000,8.0,2633729,4,4,9977,4107,900021,6,54,36054,25,150.0,1.25,2.08875,0.67223531
cold,0,1,0,0.0001,0.1,512,3,5,4,256,6000,8.0,2633729,4,4,9977,4107,900021,6,54,36054,26,156.0,1.3,2.1723,0.67606425
cold,0,1,0,0.0001,0.1,512,3,5,4,256,6000,8.0,2633729,4,4,9977,4107,900021,6,54,36054,27,162.0,1.35,2.25585,0.67966682
cold,0,1,0,0.0001,0.1,512,3,5,4,256,6000,8.0,2633729,4,4,9977,4107,900021,6,54,36054,28,168.0,1.4,2.3394,0.68448502
cold,0,1,0,0.0001,0.1,512,3,5,4,256,6000,8.0,2633729,4,4,9977,4107,900021,6,54,36054,29,174.0,1.45,2.42295,0.69094741
cold,0,1,0,0.0001,0.1,512,3,5,4,256,6000,8.0,2633729,4,4,9977,4107,900021,6,54,36054,30,180.0,1.5,2.5065,0.69850773
cold,0,1,0,0.0001,0.1,512,3,5,4,256,6000,8.0,2633729,4,4,9977,4107,900021,6,54,36054,31,186.0,1.55,2.59005,0.70638549
cold,0,1,0,0.0001,0.1,512,3,5,4,256,6000,8.0,2633729,4,4,9977,4107,900021,6,54,36054,32,192.0,1.6,2.6736,0.71428388
cold,0,1,0,0.0001,0.1,512,3,5,4,256,6000,8.0,2633729,4,4,9977,4107,900021,6,54,36054,33,198.0,1.65,2.75715,0.72242385
cold,0,1,0,0.0001,0.1,512,3,5,4,256,6000,8.0,2633729,4,4,9977,4107,900021,6,54,36054,34,204.0,1.7,2.8407,0.73097932
cold,0,1,0,0.0001,0.1,512,3,5,4,256,6000,8.0,2633729,4,4,9977,4107,900021,6,54,36054,35,210.0,1.75,2.92425,0.73946553
cold,0,1,0,0.0001,0.1,512,3,5,4,256,6000,8.0,2633729,4,4,9977,4107,900021,6,54,36054,36,216.0,1.8,3.0078,0.74661392
cold,0,1,0,0.0001,0.1,512,3,5,4,256,6000,8.0,2633729,4,4,9977,4107,900021,6,54,36054,37,222.0,1.85,3.09135,0.75163049
cold,0,1,0,0.0001,0.1,512,3,5,4,256,6000,8.0,2633729,4,4,9977,4107,900021,6,54,36054,38,228.0,1.9,3.1749,0.75503582
cold,0,1,0,0.0001,0.1,512,3,5,4,256,6000,8.0,2633729,4,4,9977,4107,900021,6,54,36054,39,234.0,1.95,3.25845,0.75762349
cold,0,1,0,0.0001,0.1,512,3,5,4,256,6000,8.0,2633729,4,4,9977,4107,900021,6,54,36054,40,240.0,2.0,3.342,0.75956053
cold,0,1,0,0.0001,0.1,512,3,5,4,256,6000,8.0,2633729,4,4,9977,4107,900021,6,54,36054,41,246.0,2.05,3.42555,0.76080465
cold,0,1,0,0.0001,0.1,512,3,5,4,256,6000,8.0,2633729,4,4,9977,4107,900021,6,54,36054,42,252.0,2.1,3.5091,0.76192546
cold,0,1,0,0.0001,0.1,512,3,5,4,256,6000,8.0,2633729,4,4,9977,4107,900021,6,54,36054,43,258.0,2.15,3.59265,0.76381397
cold,0,1,0,0.0001,0.1,512,3,5,4,256,6000,8.0,2633729,4,4,9977,4107,900021,6,54,36054,44,264.0,2.2,3.6762,0.76680106
cold,0,1,0,0.0001,0.1,512,3,5,4,256,6000,8.0,2633729,4,4,9977,4107,900021,6,54,36054,45,270.0,2.25,3.75975,0.77041852
cold,0,1,0,0.0001,0.1,512,3,5,4,256,6000,8.0,2633729,4,4,9977,4107,900021,6,54,36054,46,276.0,2.3,3.8433,0.77388912
cold,0,1,0,0.0001,0.1,512,3,5,4,256,6000,8.0,2633729,4,4,9977,4107,900021,6,54,36054,47,282.0,2.35,3.92685,0.77683163
cold,0,1,0,0.0001,0.1,512,3,5,4,256,6000,8.0,2633729,4,4,9977,4107,900021,6,54,36054,48,288.0,2.4,4.0104,0.77940667
cold,0,1,0,0.0001,0.1,512,3,5,4,256,6000,8.0,2633729,4,4,9977,4107,900021,6,54,36054,49,294.0,2.45,4.09395,0.7818296
cold,0,1,0,0.0001,0.1,512,3,5,4,256,6000,8.0,2633729,4,4,9977,4107,900021,6,54,36054,50,300.0,2.5,4.1775,0.78395039
cold,0,1,0,0.0001,0.1,512,3,5,4,256,6000,8.0,2633729,4,4,9977,4107,900021,6,54,36054,51,306.0,2.55,4.26105,0.78572536
cold,0,1,0,0.0001,0.1,512,3,5,4,256,6000,8.0,2633729,4,4,9977,4107,900021,6,54,36054,52,312.0,2.6,4.3446,0.78764886
cold,0,1,0,0.0001,0.1,512,3,5,4,256,6000,8.0,2633729,4,4,9977,4107,900021,6,54,36054,53,318.0,2.65,4.42815,0.79026359
cold,0,1,0,0.0001,0.1,512,3,5,4,256,6000,8.0,2633729,4,4,9977,4107,900021,6,54,36054,54,324.0,2.7,4.5117,0.79357332
cold,0,1,0,0.0001,0.1,512,3,5,4,256,6000,8.0,2633729,4,4,9977,4107,900021,6,54,36054,55,330.0,2.75,4.59525,0.79674673
cold,0,1,0,0.0001,0.1,512,3,5,4,256,6000,8.0,2633729,4,4,9977,4107,900021,6,54,36054,56,336.0,2.8,4.6788,0.79891407
cold,0,1,0,0.0001,0.1,512,3,5,4,256,6000,8.0,2633729,4,4,9977,4107,900021,6,54,36054,57,342.0,2.85,4.76235,0.80042869
cold,0,1,0,0.0001,0.1,512,3,5,4,256,6000,8.0,2633729,4,4,9977,4107,900021,6,54,36054,58,348.0,2.9,4.8459,0.80221134
cold,0,1,0,0.0001,0.1,512,3,5,4,256,6000,8.0,2633729,4,4,9977,4107,900021,6,54,36054,59,354.0,2.95,4.92945,0.80438679
cold,0,1,0,0.0001,0.1,512,3,5,4,256,6000,8.0,2633729,4,4,9977,4107,900021,6,54,36054,60,360.0,3.0,5.013,0.8065601
cold,0,1,0,0.0001,0.1,512,3,5,4,256,6000,8.0,2633729,4,4,9977,4107,900021,6,54,36054,61,366.0,3.05,5.09655,0.80839473
cold,0,1,0,0.0001,0.1,512,3,5,4,256,6000,8.0,2633729,4,4,9977,4107,900021,6,54,36054,62,372.0,3.1,5.1801,0.80982041
cold,0,1,0,0.0001,0.1,512,3,5,4,256,6000,8.0,2633729,4,4,9977,4107,900021,6,54,36054,63,378.0,3.15,5.26365,0.81132776
cold,0,1,0,0.0001,0.1,512,3,5,4,256,6000,8.0,2633729,4,4,9977,4107,900021,6,54,36054,64,384.0,3.2,5.3472,0.81361699
cold,0,1,0,0.0001,0.1,512,3,5,4,256,6000,8.0,2633729,4,4,9977,4107,900021,6,54,36054,65,390.0,3.25,5.43075,0.81655133
cold,0,1,0,0.0001,0.1,512,3,5,4,256,6000,8.0,2633729,4,4,9977,4107,900021,6,54,36054,66,396.0,3.3,5.5143,0.81913269
cold,0,1,0,0.0001,0.1,512,3,5,4,256,6000,8.0,2633729,4,4,9977,4107,900021,6,54,36054,67,402.0,3.35,5.59785,0.82063681
cold,0,1,0,0.0001,0.1,512,3,5,4,256,6000,8.0,2633729,4,4,9977,4107,900021,6,54,36054,68,408.0,3.4,5.6814,0.82114446
cold,0,1,0,0.0001,0.1,512,3,5,4,256,6000,8.0,2633729,4,4,9977,4107,900021,6,54,36054,69,414.0,3.45,5.76495,0.82063508
cold,0,1,0,0.0001,0.1,512,3,5,4,256,6000,8.0,2633729,4,4,9977,4107,900021,6,54,36054,70,420.0,3.5,5.8485,0.8188321
cold,0,1,0,0.0001,0.1,512,3,5,4,256,6000,8.0,2633729,4,4,9977,4107,900021,6,54,36054,71,426.0,3.55,5.93205,0.81654537
cold,0,1,0,0.0001,0.1,512,3,5,4,256,6000,8.0,2633729,4,4,9977,4107,900021,6,54,36054,72,432.0,3.6,6.0156,0.81534863
cold,0,1,0,0.0001,0.1,512,3,5,4,256,6000,8.0,2633729,4,4,9977,4107,900021,6,54,36054,73,438.0,3.65,6.09915,0.81589061
cold,0,1,0,0.0001,0.1,512,3,5,4,256,6000,8.0,2633729,4,4,9977,4107,900021,6,54,36054,74,444.0,3.7,6.1827,0.81753683
cold,0,1,0,0.0001,0.1,512,3,5,4,256,6000,8.0,2633729,4,4,9977,4107,900021,6,54,36054,75,450.0,3.75,6.26625,0.81903774
cold,0,1,0,0.0001,0.1,512,3,5,4,256,6000,8.0,2633729,4,4,9977,4107,900021,6,54,36054,76,456.0,3.8,6.3498,0.81984526
cold,0,1,0,0.0001,0.1,512,3,5,4,256,6000,8.0,2633729,4,4,9977,4107,900021,6,54,36054,77,462.0,3.85,6.43335,0.82110429
cold,0,1,0,0.0001,0.1,512,3,5,4,256,6000,8.0,2633729,4,4,9977,4107,900021,6,54,36054,78,468.0,3.9,6.5169,0.82411331
cold,0,1,0,0.0001,0.1,512,3,5,4,256,6000,8.0,2633729,4,4,9977,4107,900021,6,54,36054,79,474.0,3.95,6.60045,0.82840192
cold,0,1,0,0.0001,0.1,512,3,5,4,256,6000,8.0,2633729,4,4,9977,4107,900021,6,54,36054,80,480.0,4.0,6.684,0.83214873
cold,0,1,0,0.0001,0.1,512,3,5,4,256,6000,8.0,2633729,4,4,9977,4107,900021,6,54,36054,81,486.0,4.05,6.76755,0.83347642
cold,0,1,0,0.0001,0.1,512,3,5,4,256,6000,8.0,2633729,4,4,9977,4107,900021,6,54,36054,82,492.0,4.1,6.8511,0.83173245
cold,0,1,0,0.0001,0.1,512,3,5,4,256,6000,8.0,2633729,4,4,9977,4107,900021,6,54,36054,83,498.0,4.15,6.93465,0.828466
cold,0,1,0,0.0001,0.1,512,3,5,4,256,6000,8.0,2633729,4,4,9977,4107,900021,6,54,36054,84,504.0,4.2,7.0182,0.82646382
cold,0,1,0,0.0001,0.1,512,3,5,4,256,6000,8.0,2633729,4,4,9977,4107,900021,6,54,36054,85,510.0,4.25,7.10175,0.82685828
cold,0,1,0,0.0001,0.1,512,3,5,4,256,6000,8.0,2633729,4,4,9977,4107,900021,6,54,36054,86,516.0,4.3,7.1853,0.82816732
cold,0,1,0,0.0001,0.1,512,3,5,4,256,6000,8.0,2633729,4,4,9977,4107,900021,6,54,36054,87,522.0,4.35,7.26885,0.82868052
cold,0,1,0,0.0001,0.1,512,3,5,4,256,6000,8.0,2633729,4,4,9977,4107,900021,6,54,36054,88,528.0,4.4,7.3524,0.82848197
cold,0,1,0,0.0001,0.1,512,3,5,4,256,6000,8.0,2633729,4,4,9977,4107,900021,6,54,36054,89,534.0,4.45,7.43595,0.82838535
cold,0,1,0,0.0001,0.1,512,3,5,4,256,6000,8.0,2633729,4,4,9977,4107,900021,6,54,36054,90,540.0,4.5,7.5195,0.82855231
cold,0,1,0,0.0001,0.1,512,3,5,4,256,6000,8.0,2633729,4,4,9977,4107,900021,6,54,36054,91,546.0,4.55,7.60305,0.82930815
cold,0,1,0,0.0001,0.1,512,3,5,4,256,6000,8.0,2633729,4,4,9977,4107,900021,6,54,36054,92,552.0,4.6,7.6866,0.83145797
cold,0,1,0,0.0001,0.1,512,3,5,4,256,6000,8.0,2633729,4,4,9977,4107,900021,6,54,36054,93,558.0,4.65,7.77015,0.83507568
cold,0,1,0,0.0001,0.1,512,3,5,4,256,6000,8.0,2633729,4,4,9977,4107,900021,6,54,36054,94,564.0,4.7,7.8537,0.83886868
cold,0,1,0,0.0001,0.1,512,3,5,4,256,6000,8.0,2633729,4,4,9977,4107,900021,6,54,36054,95,570.0,4.75,7.93725,0.84089684
cold,0,1,0,0.0001,0.1,512,3,5,4,256,6000,8.0,2633729,4,4,9977,4107,900021,6,54,36054,96,576.0,4.8,8.0208,0.84034681
cold,0,1,0,0.0001,0.1,512,3,5,4,256,6000,8.0,2633729,4,4,9977,4107,900021,6,54,36054,97,582.0,4.85,8.10435,0.83859271
cold,0,1,0,0.0001,0.1,512,3,5,4,256,6000,8.0,2633729,4,4,9977,4107,900021,6,54,36054,98,588.0,4.9,8.1879,0.83756566
cold,0,1,0,0.0001,0.1,512,3,5,4,256,6000,8.0,2633729,4,4,9977,4107,900021,6,54,36054,99,594.0,4.95,8.27145,0.83769578
cold,0,1,0,0.0001,0.1,512,3,5,4,256,6000,8.0,2633729,4,4,9977,4107,900021,6,54,36054,100,600.0,5.0,8.355,0.83803314
cold,0,1,0,0.0001,0.1,512,3,5,4,256,6000,8.0,2633729,4,4,9977,4107,900021,6,54,36054,101,606.0,5.05,8.43855,0.83732384
cold,0,1,0,0.0001,0.1,512,3,5,4,256,6000,8.0,2633729,4,4,9977,4107,900021,6,54,36054,102,612.0,5.1,8.5221,0.83495307
cold,0,1,0,0.0001,0.1,512,3,5,4,256,6000,8.0,2633729,4,4,9977,4107,900021,6,54,36054,103,618.0,5.15,8.60565,0.83181393
cold,0,1,0,0.0001,0.1,512,3,5,4,256,6000,8.0,2633729,4,4,9977,4107,900021,6,54,36054,104,624.0,5.2,8.6892,0.83010054
cold,0,1,0,0.0001,0.1,512,3,5,4,256,6000,8.0,2633729,4,4,9977,4107,900021,6,54,36054,105,630.0,5.25,8.77275,0.83111399
cold,0,1,0,0.0001,0.1,512,3,5,4,256,6000,8.0,2633729,4,4,9977,4107,900021,6,54,36054,106,636.0,5.3,8.8563,0.83372897
cold,0,1,0,0.0001,0.1,512,3,5,4,256,6000,8.0,2633729,4,4,9977,4107,900021,6,54,36054,107,642.0,5.35,8.93985,0.83571661
cold,0,1,0,0.0001,0.1,512,3,5,4,256,6000,8.0,2633729,4,4,9977,4107,900021,6,54,36054,108,648.0,5.4,9.0234,0.83617598
cold,0,1,0,0.0001,0.1,512,3,5,4,256,6000,8.0,2633729,4,4,9977,4107,900021,6,54,36054,109,654.0,5.45,9.10695,0.83560896
cold,0,1,0,0.0001,0.1,512,3,5,4,256,6000,8.0,2633729,4,4,9977,4107,900021,6,54,36054,110,660.0,5.5,9.1905,0.83457869
cold,0,1,0,0.0001,0.1,512,3,5,4,256,6000,8.0,2633729,4,4,9977,4107,900021,6,54,36054,111,666.0,5.55,9.27405,0.83390081
cold,0,1,0,0.0001,0.1,512,3,5,4,256,6000,8.0,2633729,4,4,9977,4107,900021,6,54,36054,112,672.0,5.6,9.3576,0.83477563
cold,0,1,0,0.0001,0.1,512,3,5,4,256,6000,8.0,2633729,4,4,9977,4107,900021,6,54,36054,113,678.0,5.65,9.44115,0.8376804
cold,0,1,0,0.0001,0.1,512,3,5,4,256,6000,8.0,2633729,4,4,9977,4107,900021,6,54,36054,114,684.0,5.7,9.5247,0.84165227
cold,0,1,0,0.0001,0.1,512,3,5,4,256,6000,8.0,2633729,4,4,9977,4107,900021,6,54,36054,115,690.0,5.75,9.60825,0.84492534
cold,0,1,0,0.0001,0.1,512,3,5,4,256,6000,8.0,2633729,4,4,9977,4107,900021,6,54,36054,116,696.0,5.8,9.6918,0.84690326
cold,0,1,0,0.0001,0.1,512,3,5,4,256,6000,8.0,2633729,4,4,9977,4107,900021,6,54,36054,117,702.0,5.85,9.77535,0.84893769
cold,0,1,0,0.0001,0.1,512,3,5,4,256,6000,8.0,2633729,4,4,9977,4107,900021,6,54,36054,118,708.0,5.9,9.8589,0.85234183
cold,0,1,0,0.0001,0.1,512,3,5,4,256,6000,8.0,2633729,4,4,9977,4107,900021,6,54,36054,119,714.0,5.95,9.94245,0.85676503
cold,0,1,0,0.0001,0.1,512,3,5,4,256,6000,8.0,2633729,4,4,9977,4107,900021,6,54,36054,120,720.0,6.0,10.026,0.86060148
cold,0,1,0,0.0001,0.1,512,3,5,4,256,6000,8.0,2633729,4,4,9977,4107,900021,6,234,36234,1,6.0,0.05,0.08355,0.04808563
cold,0,1,0,0.0001,0.1,512,3,5,4,256,6000,8.0,2633729,4,4,9977,4107,900021,6,234,36234,2,12.0,0.1,0.1671,0.05656052
cold,0,1,0,0.0001,0.1,512,3,5,4,256,6000,8.0,2633729,4,4,9977,4107,900021,6,234,36234,3,18.0,0.15,0.25065,0.06672975
cold,0,1,0,0.0001,0.1,512,3,5,4,256,6000,8.0,2633729,4,4,9977,4107,900021,6,234,36234,4,24.0,0.2,0.3342,0.07836176
cold,0,1,0,0.0001,0.1,512,3,5,4,256,6000,8.0,2633729,4,4,9977,4107,900021,6,234,36234,5,30.0,0.25,0.41775,0.09035314
cold,0,1,0,0.0001,0.1,512,3,5,4,256,6000,8.0,2633729,4,4,9977,4107,900021,6,234,36234,6,36.0,0.3,0.5013,0.10354981
cold,0,1,0,0.0001,0.1,512,3,5,4,256,6000,8.0,2633729,4,4,9977,4107,900021,6,234,36234,7,42.0,0.35,0.58485,0.1184333
cold,0,1,0,0.0001,0.1,512,3,5,4,256,6000,8.0,2633729,4,4,9977,4107,900021,6,234,36234,8,48.0,0.4,0.6684,0.13552353
cold,0,1,0,0.0001,0.1,512,3,5,4,256,6000,8.0,2633729,4,4,9977,4107,900021,6,234,36234,9,54.0,0.45,0.75195,0.1544393
cold,0,1,0,0.0001,0.1,512,3,5,4,256,6000,8.0,2633729,4,4,9977,4107,900021,6,234,36234,10,60.0,0.5,0.8355,0.17364746
cold,0,1,0,0.0001,0.1,512,3,5,4,256,6000,8.0,2633729,4,4,9977,4107,900021,6,234,36234,11,66.0,0.55,0.91905,0.1930366
cold,0,1,0,0.0001,0.1,512,3,5,4,256,6000,8.0,2633729,4,4,9977,4107,900021,6,234,36234,12,72.0,0.6,1.0026,0.21349128
cold,0,1,0,0.0001,0.1,512,3,5,4,256,6000,8.0,2633729,4,4,9977,4107,900021,6,234,36234,13,78.0,0.65,1.08615,0.23532625
cold,0,1,0,0.0001,0.1,512,3,5,4,256,6000,8.0,2633729,4,4,9977,4107,900021,6,234,36234,14,84.0,0.7,1.1697,0.25839213
cold,0,1,0,0.0001,0.1,512,3,5,4,256,6000,8.0,2633729,4,4,9977,4107,900021,6,234,36234,15,90.0,0.75,1.25325,0.28294799
cold,0,1,0,0.0001,0.1,512,3,5,4,256,6000,8.0,2633729,4,4,9977,4107,900021,6,234,36234,16,96.0,0.8,1.3368,0.30942529
cold,0,1,0,0.0001,0.1,512,3,5,4,256,6000,8.0,2633729,4,4,9977,4107,900021,6,234,36234,17,102.0,0.85,1.42035,0.33759695
cold,0,1,0,0.0001,0.1,512,3,5,4,256,6000,8.0,2633729,4,4,9977,4107,900021,6,234,36234,18,108.0,0.9,1.5039,0.36675194
cold,0,1,0,0.0001,0.1,512,3,5,4,256,6000,8.0,2633729,4,4,9977,4107,900021,6,234,36234,19,114.0,0.95,1.58745,0.39493504
cold,0,1,0,0.0001,0.1,512,3,5,4,256,6000,8.0,2633729,4,4,9977,4107,900021,6,234,36234,20,120.0,1.0,1.671,0.42012635
cold,0,1,0,0.0001,0.1,512,3,5,4,256,6000,8.0,2633729,4,4,9977,4107,900021,6,234,36234,21,126.0,1.05,1.75455,0.44333479
cold,0,1,0,0.0001,0.1,512,3,5,4,256,6000,8.0,2633729,4,4,9977,4107,900021,6,234,36234,22,132.0,1.1,1.8381,0.46698061
cold,0,1,0,0.0001,0.1,512,3,5,4,256,6000,8.0,2633729,4,4,9977,4107,900021,6,234,36234,23,138.0,1.15,1.92165,0.49197856
cold,0,1,0,0.0001,0.1,512,3,5,4,256,6000,8.0,2633729,4,4,9977,4107,900021,6,234,36234,24,144.0,1.2,2.0052,0.51768762
cold,0,1,0,0.0001,0.1,512,3,5,4,256,6000,8.0,2633729,4,4,9977,4107,900021,6,234,36234,25,150.0,1.25,2.08875,0.54233485
cold,0,1,0,0.0001,0.1,512,3,5,4,256,6000,8.0,2633729,4,4,9977,4107,900021,6,234,36234,26,156.0,1.3,2.1723,0.56338227
cold,0,1,0,0.0001,0.1,512,3,5,4,256,6000,8.0,2633729,4,4,9977,4107,900021,6,234,36234,27,162.0,1.35,2.25585,0.58122653
cold,0,1,0,0.0001,0.1,512,3,5,4,256,6000,8.0,2633729,4,4,9977,4107,900021,6,234,36234,28,168.0,1.4,2.3394,0.59850669
cold,0,1,0,0.0001,0.1,512,3,5,4,256,6000,8.0,2633729,4,4,9977,4107,900021,6,234,36234,29,174.0,1.45,2.42295,0.61679709
cold,0,1,0,0.0001,0.1,512,3,5,4,256,6000,8.0,2633729,4,4,9977,4107,900021,6,234,36234,30,180.0,1.5,2.5065,0.63587087
cold,0,1,0,0.0001,0.1,512,3,5,4,256,6000,8.0,2633729,4,4,9977,4107,900021,6,234,36234,31,186.0,1.55,2.59005,0.65379667
cold,0,1,0,0.0001,0.1,512,3,5,4,256,6000,8.0,2633729,4,4,9977,4107,900021,6,234,36234,32,192.0,1.6,2.6736,0.66879803
cold,0,1,0,0.0001,0.1,512,3,5,4,256,6000,8.0,2633729,4,4,9977,4107,900021,6,234,36234,33,198.0,1.65,2.75715,0.68187201
cold,0,1,0,0.0001,0.1,512,3,5,4,256,6000,8.0,2633729,4,4,9977,4107,900021,6,234,36234,34,204.0,1.7,2.8407,0.69555074
cold,0,1,0,0.0001,0.1,512,3,5,4,256,6000,8.0,2633729,4,4,9977,4107,900021,6,234,36234,35,210.0,1.75,2.92425,0.71057886
cold,0,1,0,0.0001,0.1,512,3,5,4,256,6000,8.0,2633729,4,4,9977,4107,900021,6,234,36234,36,216.0,1.8,3.0078,0.72478628
cold,0,1,0,0.0001,0.1,512,3,5,4,256,6000,8.0,2633729,4,4,9977,4107,900021,6,234,36234,37,222.0,1.85,3.09135,0.73698008
cold,0,1,0,0.0001,0.1,512,3,5,4,256,6000,8.0,2633729,4,4,9977,4107,900021,6,234,36234,38,228.0,1.9,3.1749,0.7491104
cold,0,1,0,0.0001,0.1,512,3,5,4,256,6000,8.0,2633729,4,4,9977,4107,900021,6,234,36234,39,234.0,1.95,3.25845,0.76257336
cold,0,1,0,0.0001,0.1,512,3,5,4,256,6000,8.0,2633729,4,4,9977,4107,900021,6,234,36234,40,240.0,2.0,3.342,0.77639246
cold,0,1,0,0.0001,0.1,512,3,5,4,256,6000,8.0,2633729,4,4,9977,4107,900021,6,234,36234,41,246.0,2.05,3.42555,0.78891939
cold,0,1,0,0.0001,0.1,512,3,5,4,256,6000,8.0,2633729,4,4,9977,4107,900021,6,234,36234,42,252.0,2.1,3.5091,0.79926449
cold,0,1,0,0.0001,0.1,512,3,5,4,256,6000,8.0,2633729,4,4,9977,4107,900021,6,234,36234,43,258.0,2.15,3.59265,0.8079806
cold,0,1,0,0.0001,0.1,512,3,5,4,256,6000,8.0,2633729,4,4,9977,4107,900021,6,234,36234,44,264.0,2.2,3.6762,0.81590009
cold,0,1,0,0.0001,0.1,512,3,5,4,256,6000,8.0,2633729,4,4,9977,4107,900021,6,234,36234,45,270.0,2.25,3.75975,0.82386369
cold,0,1,0,0.0001,0.1,512,3,5,4,256,6000,8.0,2633729,4,4,9977,4107,900021,6,234,36234,46,276.0,2.3,3.8433,0.83347911
cold,0,1,0,0.0001,0.1,512,3,5,4,256,6000,8.0,2633729,4,4,9977,4107,900021,6,234,36234,47,282.0,2.35,3.92685,0.84433275
cold,0,1,0,0.0001,0.1,512,3,5,4,256,6000,8.0,2633729,4,4,9977,4107,900021,6,234,36234,48,288.0,2.4,4.0104,0.85459185
cold,0,1,0,0.0001,0.1,512,3,5,4,256,6000,8.0,2633729,4,4,9977,4107,900021,6,234,36234,49,294.0,2.45,4.09395,0.86346298
cold,0,1,0,0.0001,0.1,512,3,5,4,256,6000,8.0,2633729,4,4,9977,4107,900021,6,234,36234,50,300.0,2.5,4.1775,0.87184864
cold,0,1,0,0.0001,0.1,512,3,5,4,256,6000,8.0,2633729,4,4,9977,4107,900021,6,234,36234,51,306.0,2.55,4.26105,0.88079095
cold,0,1,0,0.0001,0.1,512,3,5,4,256,6000,8.0,2633729,4,4,9977,4107,900021,6,234,36234,52,312.0,2.6,4.3446,0.89060116
cold,0,1,0,0.0001,0.1,512,3,5,4,256,6000,8.0,2633729,4,4,9977,4107,900021,6,234,36234,53,318.0,2.65,4.42815,0.90042281
cold,0,1,0,0.0001,0.1,512,3,5,4,256,6000,8.0,2633729,4,4,9977,4107,900021,6,234,36234,54,324.0,2.7,4.5117,0.90810102
cold,0,1,0,0.0001,0.1,512,3,5,4,256,6000,8.0,2633729,4,4,9977,4107,900021,6,234,36234,55,330.0,2.75,4.59525,0.91257596
cold,0,1,0,0.0001,0.1,512,3,5,4,256,6000,8.0,2633729,4,4,9977,4107,900021,6,234,36234,56,336.0,2.8,4.6788,0.91534913
cold,0,1,0,0.0001,0.1,512,3,5,4,256,6000,8.0,2633729,4,4,9977,4107,900021,6,234,36234,57,342.0,2.85,4.76235,0.91890705
cold,0,1,0,0.0001,0.1,512,3,5,4,256,6000,8.0,2633729,4,4,9977,4107,900021,6,234,36234,58,348.0,2.9,4.8459,0.92480177
cold,0,1,0,0.0001,0.1,512,3,5,4,256,6000,8.0,2633729,4,4,9977,4107,900021,6,234,36234,59,354.0,2.95,4.92945,0.93306702
cold,0,1,0,0.0001,0.1,512,3,5,4,256,6000,8.0,2633729,4,4,9977,4107,900021,6,234,36234,60,360.0,3.0,5.013,0.94125938
cold,0,1,0,0.0001,0.1,512,3,5,4,256,6000,8.0,2633729,4,4,9977,4107,900021,6,234,36234,61,366.0,3.05,5.09655,0.94577366
cold,0,1,0,0.0001,0.1,512,3,5,4,256,6000,8.0,2633729,4,4,9977,4107,900021,6,234,36234,62,372.0,3.1,5.1801,0.94680095
cold,0,1,0,0.0001,0.1,512,3,5,4,256,6000,8.0,2633729,4,4,9977,4107,900021,6,234,36234,63,378.0,3.15,5.26365,0.94695234
cold,0,1,0,0.0001,0.1,512,3,5,4,256,6000,8.0,2633729,4,4,9977,4107,900021,6,234,36234,64,384.0,3.2,5.3472,0.94640505
cold,0,1,0,0.0001,0.1,512,3,5,4,256,6000,8.0,2633729,4,4,9977,4107,900021,6,234,36234,65,390.0,3.25,5.43075,0.94400132
cold,0,1,0,0.0001,0.1,512,3,5,4,256,6000,8.0,2633729,4,4,9977,4107,900021,6,234,36234,66,396.0,3.3,5.5143,0.94148362
cold,0,1,0,0.0001,0.1,512,3,5,4,256,6000,8.0,2633729,4,4,9977,4107,900021,6,234,36234,67,402.0,3.35,5.59785,0.9419902
cold,0,1,0,0.0001,0.1,512,3,5,4,256,6000,8.0,2633729,4,4,9977,4107,900021,6,234,36234,68,408.0,3.4,5.6814,0.94651908
cold,0,1,0,0.0001,0.1,512,3,5,4,256,6000,8.0,2633729,4,4,9977,4107,900021,6,234,36234,69,414.0,3.45,5.76495,0.95278138
cold,0,1,0,0.0001,0.1,512,3,5,4,256,6000,8.0,2633729,4,4,9977,4107,900021,6,234,36234,70,420.0,3.5,5.8485,0.95736152
cold,0,1,0,0.0001,0.1,512,3,5,4,256,6000,8.0,2633729,4,4,9977,4107,900021,6,234,36234,71,426.0,3.55,5.93205,0.95906228
cold,0,1,0,0.0001,0.1,512,3,5,4,256,6000,8.0,2633729,4,4,9977,4107,900021,6,234,36234,72,432.0,3.6,6.0156,0.95908988
cold,0,1,0,0.0001,0.1,512,3,5,4,256,6000,8.0,2633729,4,4,9977,4107,900021,6,234,36234,73,438.0,3.65,6.09915,0.95949692
cold,0,1,0,0.0001,0.1,512,3,5,4,256,6000,8.0,2633729,4,4,9977,4107,900021,6,234,36234,74,444.0,3.7,6.1827,0.96141428
cold,0,1,0,0.0001,0.1,512,3,5,4,256,6000,8.0,2633729,4,4,9977,4107,900021,6,234,36234,75,450.0,3.75,6.26625,0.96566659
cold,0,1,0,0.0001,0.1,512,3,5,4,256,6000,8.0,2633729,4,4,9977,4107,900021,6,234,36234,76,456.0,3.8,6.3498,0.97235769
cold,0,1,0,0.0001,0.1,512,3,5,4,256,6000,8.0,2633729,4,4,9977,4107,900021,6,234,36234,77,462.0,3.85,6.43335,0.97826082
cold,0,1,0,0.0001,0.1,512,3,5,4,256,6000,8.0,2633729,4,4,9977,4107,900021,6,234,36234,78,468.0,3.9,6.5169,0.98062986
cold,0,1,0,0.0001,0.1,512,3,5,4,256,6000,8.0,2633729,4,4,9977,4107,900021,6,234,36234,79,474.0,3.95,6.60045,0.9801417
cold,0,1,0,0.0001,0.1,512,3,5,4,256,6000,8.0,2633729,4,4,9977,4107,900021,6,234,36234,80,480.0,4.0,6.684,0.97969854
cold,0,1,0,0.0001,0.1,512,3,5,4,256,6000,8.0,2633729,4,4,9977,4107,900021,6,234,36234,81,486.0,4.05,6.76755,0.98126543
cold,0,1,0,0.0001,0.1,512,3,5,4,256,6000,8.0,2633729,4,4,9977,4107,900021,6,234,36234,82,492.0,4.1,6.8511,0.98481703
cold,0,1,0,0.0001,0.1,512,3,5,4,256,6000,8.0,2633729,4,4,9977,4107,900021,6,234,36234,83,498.0,4.15,6.93465,0.99017596
cold,0,1,0,0.0001,0.1,512,3,5,4,256,6000,8.0,2633729,4,4,9977,4107,900021,6,234,36234,84,504.0,4.2,7.0182,0.99653339
cold,0,1,0,0.0001,0.1,512,3,5,4,256,6000,8.0,2633729,4,4,9977,4107,900021,6,234,36234,85,510.0,4.25,7.10175,1.00096107
cold,0,1,0,0.0001,0.1,512,3,5,4,256,6000,8.0,2633729,4,4,9977,4107,900021,6,234,36234,86,516.0,4.3,7.1853,1.0022223
cold,0,1,0,0.0001,0.1,512,3,5,4,256,6000,8.0,2633729,4,4,9977,4107,900021,6,234,36234,87,522.0,4.35,7.26885,1.00150919
cold,0,1,0,0.0001,0.1,512,3,5,4,256,6000,8.0,2633729,4,4,9977,4107,900021,6,234,36234,88,528.0,4.4,7.3524,1.00159764
cold,0,1,0,0.0001,0.1,512,3,5,4,256,6000,8.0,2633729,4,4,9977,4107,900021,6,234,36234,89,534.0,4.45,7.43595,1.00375438
cold,0,1,0,0.0001,0.1,512,3,5,4,256,6000,8.0,2633729,4,4,9977,4107,900021,6,234,36234,90,540.0,4.5,7.5195,1.00591242
cold,0,1,0,0.0001,0.1,512,3,5,4,256,6000,8.0,2633729,4,4,9977,4107,900021,6,234,36234,91,546.0,4.55,7.60305,1.00454021
cold,0,1,0,0.0001,0.1,512,3,5,4,256,6000,8.0,2633729,4,4,9977,4107,900021,6,234,36234,92,552.0,4.6,7.6866,0.99971926
cold,0,1,0,0.0001,0.1,512,3,5,4,256,6000,8.0,2633729,4,4,9977,4107,900021,6,234,36234,93,558.0,4.65,7.77015,0.99441892
cold,0,1,0,0.0001,0.1,512,3,5,4,256,6000,8.0,2633729,4,4,9977,4107,900021,6,234,36234,94,564.0,4.7,7.8537,0.99179578
cold,0,1,0,0.0001,0.1,512,3,5,4,256,6000,8.0,2633729,4,4,9977,4107,900021,6,234,36234,95,570.0,4.75,7.93725,0.99328691
cold,0,1,0,0.0001,0.1,512,3,5,4,256,6000,8.0,2633729,4,4,9977,4107,900021,6,234,36234,96,576.0,4.8,8.0208,0.99595463
cold,0,1,0,0.0001,0.1,512,3,5,4,256,6000,8.0,2633729,4,4,9977,4107,900021,6,234,36234,97,582.0,4.85,8.10435,0.99632442
cold,0,1,0,0.0001,0.1,512,3,5,4,256,6000,8.0,2633729,4,4,9977,4107,900021,6,234,36234,98,588.0,4.9,8.1879,0.99483764
cold,0,1,0,0.0001,0.1,512,3,5,4,256,6000,8.0,2633729,4,4,9977,4107,900021,6,234,36234,99,594.0,4.95,8.27145,0.99168521
cold,0,1,0,0.0001,0.1,512,3,5,4,256,6000,8.0,2633729,4,4,9977,4107,900021,6,234,36234,100,600.0,5.0,8.355,0.98595011
cold,0,1,0,0.0001,0.1,512,3,5,4,256,6000,8.0,2633729,4,4,9977,4107,900021,6,234,36234,101,606.0,5.05,8.43855,0.97848654
cold,0,1,0,0.0001,0.1,512,3,5,4,256,6000,8.0,2633729,4,4,9977,4107,900021,6,234,36234,102,612.0,5.1,8.5221,0.97139812
cold,0,1,0,0.0001,0.1,512,3,5,4,256,6000,8.0,2633729,4,4,9977,4107,900021,6,234,36234,103,618.0,5.15,8.60565,0.96701241
cold,0,1,0,0.0001,0.1,512,3,5,4,256,6000,8.0,2633729,4,4,9977,4107,900021,6,234,36234,104,624.0,5.2,8.6892,0.96808982
cold,0,1,0,0.0001,0.1,512,3,5,4,256,6000,8.0,2633729,4,4,9977,4107,900021,6,234,36234,105,630.0,5.25,8.77275,0.97350919
cold,0,1,0,0.0001,0.1,512,3,5,4,256,6000,8.0,2633729,4,4,9977,4107,900021,6,234,36234,106,636.0,5.3,8.8563,0.97848797
cold,0,1,0,0.0001,0.1,512,3,5,4,256,6000,8.0,2633729,4,4,9977,4107,900021,6,234,36234,107,642.0,5.35,8.93985,0.98041946
cold,0,1,0,0.0001,0.1,512,3,5,4,256,6000,8.0,2633729,4,4,9977,4107,900021,6,234,36234,108,648.0,5.4,9.0234,0.98067898
cold,0,1,0,0.0001,0.1,512,3,5,4,256,6000,8.0,2633729,4,4,9977,4107,900021,6,234,36234,109,654.0,5.45,9.10695,0.98140883
cold,0,1,0,0.0001,0.1,512,3,5,4,256,6000,8.0,2633729,4,4,9977,4107,900021,6,234,36234,110,660.0,5.5,9.1905,0.98232061
cold,0,1,0,0.0001,0.1,512,3,5,4,256,6000,8.0,2633729,4,4,9977,4107,900021,6,234,36234,111,666.0,5.55,9.27405,0.98204404
cold,0,1,0,0.0001,0.1,512,3,5,4,256,6000,8.0,2633729,4,4,9977,4107,900021,6,234,36234,112,672.0,5.6,9.3576,0.98003918
cold,0,1,0,0.0001,0.1,512,3,5,4,256,6000,8.0,2633729,4,4,9977,4107,900021,6,234,36234,113,678.0,5.65,9.44115,0.97732943
cold,0,1,0,0.0001,0.1,512,3,5,4,256,6000,8.0,2633729,4,4,9977,4107,900021,6,234,36234,114,684.0,5.7,9.5247,0.97624564
cold,0,1,0,0.0001,0.1,512,3,5,4,256,6000,8.0,2633729,4,4,9977,4107,900021,6,234,36234,115,690.0,5.75,9.60825,0.97867823
cold,0,1,0,0.0001,0.1,512,3,5,4,256,6000,8.0,2633729,4,4,9977,4107,900021,6,234,36234,116,696.0,5.8,9.6918,0.98410088
cold,0,1,0,0.0001,0.1,512,3,5,4,256,6000,8.0,2633729,4,4,9977,4107,900021,6,234,36234,117,702.0,5.85,9.77535,0.98923153
cold,0,1,0,0.0001,0.1,512,3,5,4,256,6000,8.0,2633729,4,4,9977,4107,900021,6,234,36234,118,708.0,5.9,9.8589,0.99071771
cold,0,1,0,0.0001,0.1,512,3,5,4,256,6000,8.0,2633729,4,4,9977,4107,900021,6,234,36234,119,714.0,5.95,9.94245,0.98895133
cold,0,1,0,0.0001,0.1,512,3,5,4,256,6000,8.0,2633729,4,4,9977,4107,900021,6,234,36234,120,720.0,6.0,10.026,0.9874205
cold,0,1,0,0.0001,0.1,512,3,5,4,256,6000,8.0,2633729,4,4,9977,4107,900021,6,1023,37023,1,6.0,0.05,0.08355,0.0412856
cold,0,1,0,0.0001,0.1,512,3,5,4,256,6000,8.0,2633729,4,4,9977,4107,900021,6,1023,37023,2,12.0,0.1,0.1671,0.04815422
cold,0,1,0,0.0001,0.1,512,3,5,4,256,6000,8.0,2633729,4,4,9977,4107,900021,6,1023,37023,3,18.0,0.15,0.25065,0.0561835
cold,0,1,0,0.0001,0.1,512,3,5,4,256,6000,8.0,2633729,4,4,9977,4107,900021,6,1023,37023,4,24.0,0.2,0.3342,0.06513292
cold,0,1,0,0.0001,0.1,512,3,5,4,256,6000,8.0,2633729,4,4,9977,4107,900021,6,1023,37023,5,30.0,0.25,0.41775,0.07429254
cold,0,1,0,0.0001,0.1,512,3,5,4,256,6000,8.0,2633729,4,4,9977,4107,900021,6,1023,37023,6,36.0,0.3,0.5013,0.08495139
cold,0,1,0,0.0001,0.1,512,3,5,4,256,6000,8.0,2633729,4,4,9977,4107,900021,6,1023,37023,7,42.0,0.35,0.58485,0.09617733
cold,0,1,0,0.0001,0.1,512,3,5,4,256,6000,8.0,2633729,4,4,9977,4107,900021,6,1023,37023,8,48.0,0.4,0.6684,0.10836575
cold,0,1,0,0.0001,0.1,512,3,5,4,256,6000,8.0,2633729,4,4,9977,4107,900021,6,1023,37023,9,54.0,0.45,0.75195,0.12111358
cold,0,1,0,0.0001,0.1,512,3,5,4,256,6000,8.0,2633729,4,4,9977,4107,900021,6,1023,37023,10,60.0,0.5,0.8355,0.13361652
cold,0,1,0,0.0001,0.1,512,3,5,4,256,6000,8.0,2633729,4,4,9977,4107,900021,6,1023,37023,11,66.0,0.55,0.91905,0.14634214
cold,0,1,0,0.0001,0.1,512,3,5,4,256,6000,8.0,2633729,4,4,9977,4107,900021,6,1023,37023,12,72.0,0.6,1.0026,0.16080828
cold,0,1,0,0.0001,0.1,512,3,5,4,256,6000,8.0,2633729,4,4,9977,4107,900021,6,1023,37023,13,78.0,0.65,1.08615,0.17751358
cold,0,1,0,0.0001,0.1,512,3,5,4,256,6000,8.0,2633729,4,4,9977,4107,900021,6,1023,37023,14,84.0,0.7,1.1697,0.19601314
cold,0,1,0,0.0001,0.1,512,3,5,4,256,6000,8.0,2633729,4,4,9977,4107,900021,6,1023,37023,15,90.0,0.75,1.25325,0.21577519
cold,0,1,0,0.0001,0.1,512,3,5,4,256,6000,8.0,2633729,4,4,9977,4107,900021,6,1023,37023,16,96.0,0.8,1.3368,0.23636755
cold,0,1,0,0.0001,0.1,512,3,5,4,256,6000,8.0,2633729,4,4,9977,4107,900021,6,1023,37023,17,102.0,0.85,1.42035,0.25798586
cold,0,1,0,0.0001,0.1,512,3,5,4,256,6000,8.0,2633729,4,4,9977,4107,900021,6,1023,37023,18,108.0,0.9,1.5039,0.28093007
cold,0,1,0,0.0001,0.1,512,3,5,4,256,6000,8.0,2633729,4,4,9977,4107,900021,6,1023,37023,19,114.0,0.95,1.58745,0.30469611
cold,0,1,0,0.0001,0.1,512,3,5,4,256,6000,8.0,2633729,4,4,9977,4107,900021,6,1023,37023,20,120.0,1.0,1.671,0.3288846
cold,0,1,0,0.0001,0.1,512,3,5,4,256,6000,8.0,2633729,4,4,9977,4107,900021,6,1023,37023,21,126.0,1.05,1.75455,0.35342741
cold,0,1,0,0.0001,0.1,512,3,5,4,256,6000,8.0,2633729,4,4,9977,4107,900021,6,1023,37023,22,132.0,1.1,1.8381,0.37782025
cold,0,1,0,0.0001,0.1,512,3,5,4,256,6000,8.0,2633729,4,4,9977,4107,900021,6,1023,37023,23,138.0,1.15,1.92165,0.40091133
cold,0,1,0,0.0001,0.1,512,3,5,4,256,6000,8.0,2633729,4,4,9977,4107,900021,6,1023,37023,24,144.0,1.2,2.0052,0.42220455
cold,0,1,0,0.0001,0.1,512,3,5,4,256,6000,8.0,2633729,4,4,9977,4107,900021,6,1023,37023,25,150.0,1.25,2.08875,0.44209582
cold,0,1,0,0.0001,0.1,512,3,5,4,256,6000,8.0,2633729,4,4,9977,4107,900021,6,1023,37023,26,156.0,1.3,2.1723,0.46077725
cold,0,1,0,0.0001,0.1,512,3,5,4,256,6000,8.0,2633729,4,4,9977,4107,900021,6,1023,37023,27,162.0,1.35,2.25585,0.47883931
cold,0,1,0,0.0001,0.1,512,3,5,4,256,6000,8.0,2633729,4,4,9977,4107,900021,6,1023,37023,28,168.0,1.4,2.3394,0.49804443
cold,0,1,0,0.0001,0.1,512,3,5,4,256,6000,8.0,2633729,4,4,9977,4107,900021,6,1023,37023,29,174.0,1.45,2.42295,0.51952034
cold,0,1,0,0.0001,0.1,512,3,5,4,256,6000,8.0,2633729,4,4,9977,4107,900021,6,1023,37023,30,180.0,1.5,2.5065,0.54121393
cold,0,1,0,0.0001,0.1,512,3,5,4,256,6000,8.0,2633729,4,4,9977,4107,900021,6,1023,37023,31,186.0,1.55,2.59005,0.56054264
cold,0,1,0,0.0001,0.1,512,3,5,4,256,6000,8.0,2633729,4,4,9977,4107,900021,6,1023,37023,32,192.0,1.6,2.6736,0.57768846
cold,0,1,0,0.0001,0.1,512,3,5,4,256,6000,8.0,2633729,4,4,9977,4107,900021,6,1023,37023,33,198.0,1.65,2.75715,0.5942921
cold,0,1,0,0.0001,0.1,512,3,5,4,256,6000,8.0,2633729,4,4,9977,4107,900021,6,1023,37023,34,204.0,1.7,2.8407,0.61183488
cold,0,1,0,0.0001,0.1,512,3,5,4,256,6000,8.0,2633729,4,4,9977,4107,900021,6,1023,37023,35,210.0,1.75,2.92425,0.63010049
cold,0,1,0,0.0001,0.1,512,3,5,4,256,6000,8.0,2633729,4,4,9977,4107,900021,6,1023,37023,36,216.0,1.8,3.0078,0.64731312
cold,0,1,0,0.0001,0.1,512,3,5,4,256,6000,8.0,2633729,4,4,9977,4107,900021,6,1023,37023,37,222.0,1.85,3.09135,0.66303015
cold,0,1,0,0.0001,0.1,512,3,5,4,256,6000,8.0,2633729,4,4,9977,4107,900021,6,1023,37023,38,228.0,1.9,3.1749,0.67938054
cold,0,1,0,0.0001,0.1,512,3,5,4,256,6000,8.0,2633729,4,4,9977,4107,900021,6,1023,37023,39,234.0,1.95,3.25845,0.6975168
cold,0,1,0,0.0001,0.1,512,3,5,4,256,6000,8.0,2633729,4,4,9977,4107,900021,6,1023,37023,40,240.0,2.0,3.342,0.71507227
cold,0,1,0,0.0001,0.1,512,3,5,4,256,6000,8.0,2633729,4,4,9977,4107,900021,6,1023,37023,41,246.0,2.05,3.42555,0.72952121
cold,0,1,0,0.0001,0.1,512,3,5,4,256,6000,8.0,2633729,4,4,9977,4107,900021,6,1023,37023,42,252.0,2.1,3.5091,0.7406804
cold,0,1,0,0.0001,0.1,512,3,5,4,256,6000,8.0,2633729,4,4,9977,4107,900021,6,1023,37023,43,258.0,2.15,3.59265,0.7494902
cold,0,1,0,0.0001,0.1,512,3,5,4,256,6000,8.0,2633729,4,4,9977,4107,900021,6,1023,37023,44,264.0,2.2,3.6762,0.75680476
cold,0,1,0,0.0001,0.1,512,3,5,4,256,6000,8.0,2633729,4,4,9977,4107,900021,6,1023,37023,45,270.0,2.25,3.75975,0.76312363
cold,0,1,0,0.0001,0.1,512,3,5,4,256,6000,8.0,2633729,4,4,9977,4107,900021,6,1023,37023,46,276.0,2.3,3.8433,0.76876539
cold,0,1,0,0.0001,0.1,512,3,5,4,256,6000,8.0,2633729,4,4,9977,4107,900021,6,1023,37023,47,282.0,2.35,3.92685,0.77523696
cold,0,1,0,0.0001,0.1,512,3,5,4,256,6000,8.0,2633729,4,4,9977,4107,900021,6,1023,37023,48,288.0,2.4,4.0104,0.7840054
cold,0,1,0,0.0001,0.1,512,3,5,4,256,6000,8.0,2633729,4,4,9977,4107,900021,6,1023,37023,49,294.0,2.45,4.09395,0.79528886
cold,0,1,0,0.0001,0.1,512,3,5,4,256,6000,8.0,2633729,4,4,9977,4107,900021,6,1023,37023,50,300.0,2.5,4.1775,0.80913258
cold,0,1,0,0.0001,0.1,512,3,5,4,256,6000,8.0,2633729,4,4,9977,4107,900021,6,1023,37023,51,306.0,2.55,4.26105,0.82426476
cold,0,1,0,0.0001,0.1,512,3,5,4,256,6000,8.0,2633729,4,4,9977,4107,900021,6,1023,37023,52,312.0,2.6,4.3446,0.83748168
cold,0,1,0,0.0001,0.1,512,3,5,4,256,6000,8.0,2633729,4,4,9977,4107,900021,6,1023,37023,53,318.0,2.65,4.42815,0.84705544
cold,0,1,0,0.0001,0.1,512,3,5,4,256,6000,8.0,2633729,4,4,9977,4107,900021,6,1023,37023,54,324.0,2.7,4.5117,0.85415268
cold,0,1,0,0.0001,0.1,512,3,5,4,256,6000,8.0,2633729,4,4,9977,4107,900021,6,1023,37023,55,330.0,2.75,4.59525,0.85910726
cold,0,1,0,0.0001,0.1,512,3,5,4,256,6000,8.0,2633729,4,4,9977,4107,900021,6,1023,37023,56,336.0,2.8,4.6788,0.86091095
cold,0,1,0,0.0001,0.1,512,3,5,4,256,6000,8.0,2633729,4,4,9977,4107,900021,6,1023,37023,57,342.0,2.85,4.76235,0.86040026
cold,0,1,0,0.0001,0.1,512,3,5,4,256,6000,8.0,2633729,4,4,9977,4107,900021,6,1023,37023,58,348.0,2.9,4.8459,0.86075914
cold,0,1,0,0.0001,0.1,512,3,5,4,256,6000,8.0,2633729,4,4,9977,4107,900021,6,1023,37023,59,354.0,2.95,4.92945,0.86368191
cold,0,1,0,0.0001,0.1,512,3,5,4,256,6000,8.0,2633729,4,4,9977,4107,900021,6,1023,37023,60,360.0,3.0,5.013,0.86777258
cold,0,1,0,0.0001,0.1,512,3,5,4,256,6000,8.0,2633729,4,4,9977,4107,900021,6,1023,37023,61,366.0,3.05,5.09655,0.87232822
cold,0,1,0,0.0001,0.1,512,3,5,4,256,6000,8.0,2633729,4,4,9977,4107,900021,6,1023,37023,62,372.0,3.1,5.1801,0.87801152
cold,0,1,0,0.0001,0.1,512,3,5,4,256,6000,8.0,2633729,4,4,9977,4107,900021,6,1023,37023,63,378.0,3.15,5.26365,0.88499767
cold,0,1,0,0.0001,0.1,512,3,5,4,256,6000,8.0,2633729,4,4,9977,4107,900021,6,1023,37023,64,384.0,3.2,5.3472,0.89231741
cold,0,1,0,0.0001,0.1,512,3,5,4,256,6000,8.0,2633729,4,4,9977,4107,900021,6,1023,37023,65,390.0,3.25,5.43075,0.89809716
cold,0,1,0,0.0001,0.1,512,3,5,4,256,6000,8.0,2633729,4,4,9977,4107,900021,6,1023,37023,66,396.0,3.3,5.5143,0.90122741
cold,0,1,0,0.0001,0.1,512,3,5,4,256,6000,8.0,2633729,4,4,9977,4107,900021,6,1023,37023,67,402.0,3.35,5.59785,0.90355545
cold,0,1,0,0.0001,0.1,512,3,5,4,256,6000,8.0,2633729,4,4,9977,4107,900021,6,1023,37023,68,408.0,3.4,5.6814,0.90737432
cold,0,1,0,0.0001,0.1,512,3,5,4,256,6000,8.0,2633729,4,4,9977,4107,900021,6,1023,37023,69,414.0,3.45,5.76495,0.91195291
cold,0,1,0,0.0001,0.1,512,3,5,4,256,6000,8.0,2633729,4,4,9977,4107,900021,6,1023,37023,70,420.0,3.5,5.8485,0.91528559
cold,0,1,0,0.0001,0.1,512,3,5,4,256,6000,8.0,2633729,4,4,9977,4107,900021,6,1023,37023,71,426.0,3.55,5.93205,0.91727102
cold,0,1,0,0.0001,0.1,512,3,5,4,256,6000,8.0,2633729,4,4,9977,4107,900021,6,1023,37023,72,432.0,3.6,6.0156,0.92032319
cold,0,1,0,0.0001,0.1,512,3,5,4,256,6000,8.0,2633729,4,4,9977,4107,900021,6,1023,37023,73,438.0,3.65,6.09915,0.92627621
cold,0,1,0,0.0001,0.1,512,3,5,4,256,6000,8.0,2633729,4,4,9977,4107,900021,6,1023,37023,74,444.0,3.7,6.1827,0.93403316
cold,0,1,0,0.0001,0.1,512,3,5,4,256,6000,8.0,2633729,4,4,9977,4107,900021,6,1023,37023,75,450.0,3.75,6.26625,0.94095439
cold,0,1,0,0.0001,0.1,512,3,5,4,256,6000,8.0,2633729,4,4,9977,4107,900021,6,1023,37023,76,456.0,3.8,6.3498,0.94645572
cold,0,1,0,0.0001,0.1,512,3,5,4,256,6000,8.0,2633729,4,4,9977,4107,900021,6,1023,37023,77,462.0,3.85,6.43335,0.95195323
cold,0,1,0,0.0001,0.1,512,3,5,4,256,6000,8.0,2633729,4,4,9977,4107,900021,6,1023,37023,78,468.0,3.9,6.5169,0.9581489
cold,0,1,0,0.0001,0.1,512,3,5,4,256,6000,8.0,2633729,4,4,9977,4107,900021,6,1023,37023,79,474.0,3.95,6.60045,0.96379817
cold,0,1,0,0.0001,0.1,512,3,5,4,256,6000,8.0,2633729,4,4,9977,4107,900021,6,1023,37023,80,480.0,4.0,6.684,0.96630716
cold,0,1,0,0.0001,0.1,512,3,5,4,256,6000,8.0,2633729,4,4,9977,4107,900021,6,1023,37023,81,486.0,4.05,6.76755,0.96450651
cold,0,1,0,0.0001,0.1,512,3,5,4,256,6000,8.0,2633729,4,4,9977,4107,900021,6,1023,37023,82,492.0,4.1,6.8511,0.96034539
cold,0,1,0,0.0001,0.1,512,3,5,4,256,6000,8.0,2633729,4,4,9977,4107,900021,6,1023,37023,83,498.0,4.15,6.93465,0.95612139
cold,0,1,0,0.0001,0.1,512,3,5,4,256,6000,8.0,2633729,4,4,9977,4107,900021,6,1023,37023,84,504.0,4.2,7.0182,0.95190269
cold,0,1,0,0.0001,0.1,512,3,5,4,256,6000,8.0,2633729,4,4,9977,4107,900021,6,1023,37023,85,510.0,4.25,7.10175,0.94811493
cold,0,1,0,0.0001,0.1,512,3,5,4,256,6000,8.0,2633729,4,4,9977,4107,900021,6,1023,37023,86,516.0,4.3,7.1853,0.94742519
cold,0,1,0,0.0001,0.1,512,3,5,4,256,6000,8.0,2633729,4,4,9977,4107,900021,6,1023,37023,87,522.0,4.35,7.26885,0.95153922
cold,0,1,0,0.0001,0.1,512,3,5,4,256,6000,8.0,2633729,4,4,9977,4107,900021,6,1023,37023,88,528.0,4.4,7.3524,0.95876938
cold,0,1,0,0.0001,0.1,512,3,5,4,256,6000,8.0,2633729,4,4,9977,4107,900021,6,1023,37023,89,534.0,4.45,7.43595,0.96596044
cold,0,1,0,0.0001,0.1,512,3,5,4,256,6000,8.0,2633729,4,4,9977,4107,900021,6,1023,37023,90,540.0,4.5,7.5195,0.97101235
cold,0,1,0,0.0001,0.1,512,3,5,4,256,6000,8.0,2633729,4,4,9977,4107,900021,6,1023,37023,91,546.0,4.55,7.60305,0.97375202
cold,0,1,0,0.0001,0.1,512,3,5,4,256,6000,8.0,2633729,4,4,9977,4107,900021,6,1023,37023,92,552.0,4.6,7.6866,0.97489625
cold,0,1,0,0.0001,0.1,512,3,5,4,256,6000,8.0,2633729,4,4,9977,4107,900021,6,1023,37023,93,558.0,4.65,7.77015,0.97480714
cold,0,1,0,0.0001,0.1,512,3,5,4,256,6000,8.0,2633729,4,4,9977,4107,900021,6,1023,37023,94,564.0,4.7,7.8537,0.97323191
cold,0,1,0,0.0001,0.1,512,3,5,4,256,6000,8.0,2633729,4,4,9977,4107,900021,6,1023,37023,95,570.0,4.75,7.93725,0.97002101
cold,0,1,0,0.0001,0.1,512,3,5,4,256,6000,8.0,2633729,4,4,9977,4107,900021,6,1023,37023,96,576.0,4.8,8.0208,0.96626914
cold,0,1,0,0.0001,0.1,512,3,5,4,256,6000,8.0,2633729,4,4,9977,4107,900021,6,1023,37023,97,582.0,4.85,8.10435,0.96477646
cold,0,1,0,0.0001,0.1,512,3,5,4,256,6000,8.0,2633729,4,4,9977,4107,900021,6,1023,37023,98,588.0,4.9,8.1879,0.9673509
cold,0,1,0,0.0001,0.1,512,3,5,4,256,6000,8.0,2633729,4,4,9977,4107,900021,6,1023,37023,99,594.0,4.95,8.27145,0.97234756
cold,0,1,0,0.0001,0.1,512,3,5,4,256,6000,8.0,2633729,4,4,9977,4107,900021,6,1023,37023,100,600.0,5.0,8.355,0.97715485
cold,0,1,0,0.0001,0.1,512,3,5,4,256,6000,8.0,2633729,4,4,9977,4107,900021,6,1023,37023,101,606.0,5.05,8.43855,0.98007494
cold,0,1,0,0.0001,0.1,512,3,5,4,256,6000,8.0,2633729,4,4,9977,4107,900021,6,1023,37023,102,612.0,5.1,8.5221,0.98036391
cold,0,1,0,0.0001,0.1,512,3,5,4,256,6000,8.0,2633729,4,4,9977,4107,900021,6,1023,37023,103,618.0,5.15,8.60565,0.97977078
cold,0,1,0,0.0001,0.1,512,3,5,4,256,6000,8.0,2633729,4,4,9977,4107,900021,6,1023,37023,104,624.0,5.2,8.6892,0.98090279
cold,0,1,0,0.0001,0.1,512,3,5,4,256,6000,8.0,2633729,4,4,9977,4107,900021,6,1023,37023,105,630.0,5.25,8.77275,0.98398322
cold,0,1,0,0.0001,0.1,512,3,5,4,256,6000,8.0,2633729,4,4,9977,4107,900021,6,1023,37023,106,636.0,5.3,8.8563,0.98691106
cold,0,1,0,0.0001,0.1,512,3,5,4,256,6000,8.0,2633729,4,4,9977,4107,900021,6,1023,37023,107,642.0,5.35,8.93985,0.98814034
cold,0,1,0,0.0001,0.1,512,3,5,4,256,6000,8.0,2633729,4,4,9977,4107,900021,6,1023,37023,108,648.0,5.4,9.0234,0.98793489
cold,0,1,0,0.0001,0.1,512,3,5,4,256,6000,8.0,2633729,4,4,9977,4107,900021,6,1023,37023,109,654.0,5.45,9.10695,0.98599696
cold,0,1,0,0.0001,0.1,512,3,5,4,256,6000,8.0,2633729,4,4,9977,4107,900021,6,1023,37023,110,660.0,5.5,9.1905,0.98186392
cold,0,1,0,0.0001,0.1,512,3,5,4,256,6000,8.0,2633729,4,4,9977,4107,900021,6,1023,37023,111,666.0,5.55,9.27405,0.97756827
cold,0,1,0,0.0001,0.1,512,3,5,4,256,6000,8.0,2633729,4,4,9977,4107,900021,6,1023,37023,112,672.0,5.6,9.3576,0.97591305
cold,0,1,0,0.0001,0.1,512,3,5,4,256,6000,8.0,2633729,4,4,9977,4107,900021,6,1023,37023,113,678.0,5.65,9.44115,0.97697568
cold,0,1,0,0.0001,0.1,512,3,5,4,256,6000,8.0,2633729,4,4,9977,4107,900021,6,1023,37023,114,684.0,5.7,9.5247,0.97923899
cold,0,1,0,0.0001,0.1,512,3,5,4,256,6000,8.0,2633729,4,4,9977,4107,900021,6,1023,37023,115,690.0,5.75,9.60825,0.98186707
cold,0,1,0,0.0001,0.1,512,3,5,4,256,6000,8.0,2633729,4,4,9977,4107,900021,6,1023,37023,116,696.0,5.8,9.6918,0.98361796
cold,0,1,0,0.0001,0.1,512,3,5,4,256,6000,8.0,2633729,4,4,9977,4107,900021,6,1023,37023,117,702.0,5.85,9.77535,0.98423892
cold,0,1,0,0.0001,0.1,512,3,5,4,256,6000,8.0,2633729,4,4,9977,4107,900021,6,1023,37023,118,708.0,5.9,9.8589,0.98389339
cold,0,1,0,0.0001,0.1,512,3,5,4,256,6000,8.0,2633729,4,4,9977,4107,900021,6,1023,37023,119,714.0,5.95,9.94245,0.98230827
cold,0,1,0,0.0001,0.1,512,3,5,4,256,6000,8.0,2633729,4,4,9977,4107,900021,6,1023,37023,120,720.0,6.0,10.026,0.9800477
cold,0,1,0,0.0001,0.1,512,3,5,4,256,6000,8.0,2633729,4,4,9977,4107,900021,6,4468,40468,1,6.0,0.05,0.08355,0.03801955
cold,0,1,0,0.0001,0.1,512,3,5,4,256,6000,8.0,2633729,4,4,9977,4107,900021,6,4468,40468,2,12.0,0.1,0.1671,0.0447749
cold,0,1,0,0.0001,0.1,512,3,5,4,256,6000,8.0,2633729,4,4,9977,4107,900021,6,4468,40468,3,18.0,0.15,0.25065,0.05224167
cold,0,1,0,0.0001,0.1,512,3,5,4,256,6000,8.0,2633729,4,4,9977,4107,900021,6,4468,40468,4,24.0,0.2,0.3342,0.05972499
cold,0,1,0,0.0001,0.1,512,3,5,4,256,6000,8.0,2633729,4,4,9977,4107,900021,6,4468,40468,5,30.0,0.25,0.41775,0.06688991
cold,0,1,0,0.0001,0.1,512,3,5,4,256,6000,8.0,2633729,4,4,9977,4107,900021,6,4468,40468,6,36.0,0.3,0.5013,0.07650013
cold,0,1,0,0.0001,0.1,512,3,5,4,256,6000,8.0,2633729,4,4,9977,4107,900021,6,4468,40468,7,42.0,0.35,0.58485,0.08643634
cold,0,1,0,0.0001,0.1,512,3,5,4,256,6000,8.0,2633729,4,4,9977,4107,900021,6,4468,40468,8,48.0,0.4,0.6684,0.0969099
cold,0,1,0,0.0001,0.1,512,3,5,4,256,6000,8.0,2633729,4,4,9977,4107,900021,6,4468,40468,9,54.0,0.45,0.75195,0.10785281
cold,0,1,0,0.0001,0.1,512,3,5,4,256,6000,8.0,2633729,4,4,9977,4107,900021,6,4468,40468,10,60.0,0.5,0.8355,0.11892173
cold,0,1,0,0.0001,0.1,512,3,5,4,256,6000,8.0,2633729,4,4,9977,4107,900021,6,4468,40468,11,66.0,0.55,0.91905,0.13039474
cold,0,1,0,0.0001,0.1,512,3,5,4,256,6000,8.0,2633729,4,4,9977,4107,900021,6,4468,40468,12,72.0,0.6,1.0026,0.14333627
cold,0,1,0,0.0001,0.1,512,3,5,4,256,6000,8.0,2633729,4,4,9977,4107,900021,6,4468,40468,13,78.0,0.65,1.08615,0.15817912
cold,0,1,0,0.0001,0.1,512,3,5,4,256,6000,8.0,2633729,4,4,9977,4107,900021,6,4468,40468,14,84.0,0.7,1.1697,0.17468424
cold,0,1,0,0.0001,0.1,512,3,5,4,256,6000,8.0,2633729,4,4,9977,4107,900021,6,4468,40468,15,90.0,0.75,1.25325,0.19229589
cold,0,1,0,0.0001,0.1,512,3,5,4,256,6000,8.0,2633729,4,4,9977,4107,900021,6,4468,40468,16,96.0,0.8,1.3368,0.21080375
cold,0,1,0,0.0001,0.1,512,3,5,4,256,6000,8.0,2633729,4,4,9977,4107,900021,6,4468,40468,17,102.0,0.85,1.42035,0.23091999
cold,0,1,0,0.0001,0.1,512,3,5,4,256,6000,8.0,2633729,4,4,9977,4107,900021,6,4468,40468,18,108.0,0.9,1.5039,0.25327057
cold,0,1,0,0.0001,0.1,512,3,5,4,256,6000,8.0,2633729,4,4,9977,4107,900021,6,4468,40468,19,114.0,0.95,1.58745,0.27719653
cold,0,1,0,0.0001,0.1,512,3,5,4,256,6000,8.0,2633729,4,4,9977,4107,900021,6,4468,40468,20,120.0,1.0,1.671,0.30138904
cold,0,1,0,0.0001,0.1,512,3,5,4,256,6000,8.0,2633729,4,4,9977,4107,900021,6,4468,40468,21,126.0,1.05,1.75455,0.32460856
cold,0,1,0,0.0001,0.1,512,3,5,4,256,6000,8.0,2633729,4,4,9977,4107,900021,6,4468,40468,22,132.0,1.1,1.8381,0.34661168
cold,0,1,0,0.0001,0.1,512,3,5,4,256,6000,8.0,2633729,4,4,9977,4107,900021,6,4468,40468,23,138.0,1.15,1.92165,0.3675738
cold,0,1,0,0.0001,0.1,512,3,5,4,256,6000,8.0,2633729,4,4,9977,4107,900021,6,4468,40468,24,144.0,1.2,2.0052,0.38793817
cold,0,1,0,0.0001,0.1,512,3,5,4,256,6000,8.0,2633729,4,4,9977,4107,900021,6,4468,40468,25,150.0,1.25,2.08875,0.40801036
cold,0,1,0,0.0001,0.1,512,3,5,4,256,6000,8.0,2633729,4,4,9977,4107,900021,6,4468,40468,26,156.0,1.3,2.1723,0.42747784
cold,0,1,0,0.0001,0.1,512,3,5,4,256,6000,8.0,2633729,4,4,9977,4107,900021,6,4468,40468,27,162.0,1.35,2.25585,0.44643173
cold,0,1,0,0.0001,0.1,512,3,5,4,256,6000,8.0,2633729,4,4,9977,4107,900021,6,4468,40468,28,168.0,1.4,2.3394,0.46567565
cold,0,1,0,0.0001,0.1,512,3,5,4,256,6000,8.0,2633729,4,4,9977,4107,900021,6,4468,40468,29,174.0,1.45,2.42295,0.48584393
cold,0,1,0,0.0001,0.1,512,3,5,4,256,6000,8.0,2633729,4,4,9977,4107,900021,6,4468,40468,30,180.0,1.5,2.5065,0.5063017
cold,0,1,0,0.0001,0.1,512,3,5,4,256,6000,8.0,2633729,4,4,9977,4107,900021,6,4468,40468,31,186.0,1.55,2.59005,0.52575529
cold,0,1,0,0.0001,0.1,512,3,5,4,256,6000,8.0,2633729,4,4,9977,4107,900021,6,4468,40468,32,192.0,1.6,2.6736,0.54542267
cold,0,1,0,0.0001,0.1,512,3,5,4,256,6000,8.0,2633729,4,4,9977,4107,900021,6,4468,40468,33,198.0,1.65,2.75715,0.56757331
cold,0,1,0,0.0001,0.1,512,3,5,4,256,6000,8.0,2633729,4,4,9977,4107,900021,6,4468,40468,34,204.0,1.7,2.8407,0.59155548
cold,0,1,0,0.0001,0.1,512,3,5,4,256,6000,8.0,2633729,4,4,9977,4107,900021,6,4468,40468,35,210.0,1.75,2.92425,0.61396348
cold,0,1,0,0.0001,0.1,512,3,5,4,256,6000,8.0,2633729,4,4,9977,4107,900021,6,4468,40468,36,216.0,1.8,3.0078,0.63190776
cold,0,1,0,0.0001,0.1,512,3,5,4,256,6000,8.0,2633729,4,4,9977,4107,900021,6,4468,40468,37,222.0,1.85,3.09135,0.64593887
cold,0,1,0,0.0001,0.1,512,3,5,4,256,6000,8.0,2633729,4,4,9977,4107,900021,6,4468,40468,38,228.0,1.9,3.1749,0.65927362
cold,0,1,0,0.0001,0.1,512,3,5,4,256,6000,8.0,2633729,4,4,9977,4107,900021,6,4468,40468,39,234.0,1.95,3.25845,0.67393792
cold,0,1,0,0.0001,0.1,512,3,5,4,256,6000,8.0,2633729,4,4,9977,4107,900021,6,4468,40468,40,240.0,2.0,3.342,0.68888664
cold,0,1,0,0.0001,0.1,512,3,5,4,256,6000,8.0,2633729,4,4,9977,4107,900021,6,4468,40468,41,246.0,2.05,3.42555,0.70223796
cold,0,1,0,0.0001,0.1,512,3,5,4,256,6000,8.0,2633729,4,4,9977,4107,900021,6,4468,40468,42,252.0,2.1,3.5091,0.71333635
cold,0,1,0,0.0001,0.1,512,3,5,4,256,6000,8.0,2633729,4,4,9977,4107,900021,6,4468,40468,43,258.0,2.15,3.59265,0.72262251
cold,0,1,0,0.0001,0.1,512,3,5,4,256,6000,8.0,2633729,4,4,9977,4107,900021,6,4468,40468,44,264.0,2.2,3.6762,0.73069429
cold,0,1,0,0.0001,0.1,512,3,5,4,256,6000,8.0,2633729,4,4,9977,4107,900021,6,4468,40468,45,270.0,2.25,3.75975,0.7386387
cold,0,1,0,0.0001,0.1,512,3,5,4,256,6000,8.0,2633729,4,4,9977,4107,900021,6,4468,40468,46,276.0,2.3,3.8433,0.74788159
cold,0,1,0,0.0001,0.1,512,3,5,4,256,6000,8.0,2633729,4,4,9977,4107,900021,6,4468,40468,47,282.0,2.35,3.92685,0.75826293
cold,0,1,0,0.0001,0.1,512,3,5,4,256,6000,8.0,2633729,4,4,9977,4107,900021,6,4468,40468,48,288.0,2.4,4.0104,0.76767045
cold,0,1,0,0.0001,0.1,512,3,5,4,256,6000,8.0,2633729,4,4,9977,4107,900021,6,4468,40468,49,294.0,2.45,4.09395,0.77467883
cold,0,1,0,0.0001,0.1,512,3,5,4,256,6000,8.0,2633729,4,4,9977,4107,900021,6,4468,40468,50,300.0,2.5,4.1775,0.78059292
cold,0,1,0,0.0001,0.1,512,3,5,4,256,6000,8.0,2633729,4,4,9977,4107,900021,6,4468,40468,51,306.0,2.55,4.26105,0.78726137
cold,0,1,0,0.0001,0.1,512,3,5,4,256,6000,8.0,2633729,4,4,9977,4107,900021,6,4468,40468,52,312.0,2.6,4.3446,0.79495013
cold,0,1,0,0.0001,0.1,512,3,5,4,256,6000,8.0,2633729,4,4,9977,4107,900021,6,4468,40468,53,318.0,2.65,4.42815,0.80343837
cold,0,1,0,0.0001,0.1,512,3,5,4,256,6000,8.0,2633729,4,4,9977,4107,900021,6,4468,40468,54,324.0,2.7,4.5117,0.81162292
cold,0,1,0,0.0001,0.1,512,3,5,4,256,6000,8.0,2633729,4,4,9977,4107,900021,6,4468,40468,55,330.0,2.75,4.59525,0.8181057
cold,0,1,0,0.0001,0.1,512,3,5,4,256,6000,8.0,2633729,4,4,9977,4107,900021,6,4468,40468,56,336.0,2.8,4.6788,0.82368678
cold,0,1,0,0.0001,0.1,512,3,5,4,256,6000,8.0,2633729,4,4,9977,4107,900021,6,4468,40468,57,342.0,2.85,4.76235,0.83041579
cold,0,1,0,0.0001,0.1,512,3,5,4,256,6000,8.0,2633729,4,4,9977,4107,900021,6,4468,40468,58,348.0,2.9,4.8459,0.83936167
cold,0,1,0,0.0001,0.1,512,3,5,4,256,6000,8.0,2633729,4,4,9977,4107,900021,6,4468,40468,59,354.0,2.95,4.92945,0.85005718
cold,0,1,0,0.0001,0.1,512,3,5,4,256,6000,8.0,2633729,4,4,9977,4107,900021,6,4468,40468,60,360.0,3.0,5.013,0.86082309
cold,0,1,0,0.0001,0.1,512,3,5,4,256,6000,8.0,2633729,4,4,9977,4107,900021,6,4468,40468,61,366.0,3.05,5.09655,0.86914337
cold,0,1,0,0.0001,0.1,512,3,5,4,256,6000,8.0,2633729,4,4,9977,4107,900021,6,4468,40468,62,372.0,3.1,5.1801,0.87363029
cold,0,1,0,0.0001,0.1,512,3,5,4,256,6000,8.0,2633729,4,4,9977,4107,900021,6,4468,40468,63,378.0,3.15,5.26365,0.87586594
cold,0,1,0,0.0001,0.1,512,3,5,4,256,6000,8.0,2633729,4,4,9977,4107,900021,6,4468,40468,64,384.0,3.2,5.3472,0.87854111
cold,0,1,0,0.0001,0.1,512,3,5,4,256,6000,8.0,2633729,4,4,9977,4107,900021,6,4468,40468,65,390.0,3.25,5.43075,0.883201
cold,0,1,0,0.0001,0.1,512,3,5,4,256,6000,8.0,2633729,4,4,9977,4107,900021,6,4468,40468,66,396.0,3.3,5.5143,0.88956386
cold,0,1,0,0.0001,0.1,512,3,5,4,256,6000,8.0,2633729,4,4,9977,4107,900021,6,4468,40468,67,402.0,3.35,5.59785,0.89608145
cold,0,1,0,0.0001,0.1,512,3,5,4,256,6000,8.0,2633729,4,4,9977,4107,900021,6,4468,40468,68,408.0,3.4,5.6814,0.90121472
cold,0,1,0,0.0001,0.1,512,3,5,4,256,6000,8.0,2633729,4,4,9977,4107,900021,6,4468,40468,69,414.0,3.45,5.76495,0.90499485
cold,0,1,0,0.0001,0.1,512,3,5,4,256,6000,8.0,2633729,4,4,9977,4107,900021,6,4468,40468,70,420.0,3.5,5.8485,0.90865427
cold,0,1,0,0.0001,0.1,512,3,5,4,256,6000,8.0,2633729,4,4,9977,4107,900021,6,4468,40468,71,426.0,3.55,5.93205,0.9126808
cold,0,1,0,0.0001,0.1,512,3,5,4,256,6000,8.0,2633729,4,4,9977,4107,900021,6,4468,40468,72,432.0,3.6,6.0156,0.91702175
cold,0,1,0,0.0001,0.1,512,3,5,4,256,6000,8.0,2633729,4,4,9977,4107,900021,6,4468,40468,73,438.0,3.65,6.09915,0.92222887
cold,0,1,0,0.0001,0.1,512,3,5,4,256,6000,8.0,2633729,4,4,9977,4107,900021,6,4468,40468,74,444.0,3.7,6.1827,0.9291122
cold,0,1,0,0.0001,0.1,512,3,5,4,256,6000,8.0,2633729,4,4,9977,4107,900021,6,4468,40468,75,450.0,3.75,6.26625,0.93747896
cold,0,1,0,0.0001,0.1,512,3,5,4,256,6000,8.0,2633729,4,4,9977,4107,900021,6,4468,40468,76,456.0,3.8,6.3498,0.94575906
cold,0,1,0,0.0001,0.1,512,3,5,4,256,6000,8.0,2633729,4,4,9977,4107,900021,6,4468,40468,77,462.0,3.85,6.43335,0.95230067
cold,0,1,0,0.0001,0.1,512,3,5,4,256,6000,8.0,2633729,4,4,9977,4107,900021,6,4468,40468,78,468.0,3.9,6.5169,0.956393
cold,0,1,0,0.0001,0.1,512,3,5,4,256,6000,8.0,2633729,4,4,9977,4107,900021,6,4468,40468,79,474.0,3.95,6.60045,0.95855248
cold,0,1,0,0.0001,0.1,512,3,5,4,256,6000,8.0,2633729,4,4,9977,4107,900021,6,4468,40468,80,480.0,4.0,6.684,0.95980388
cold,0,1,0,0.0001,0.1,512,3,5,4,256,6000,8.0,2633729,4,4,9977,4107,900021,6,4468,40468,81,486.0,4.05,6.76755,0.96028304
cold,0,1,0,0.0001,0.1,512,3,5,4,256,6000,8.0,2633729,4,4,9977,4107,900021,6,4468,40468,82,492.0,4.1,6.8511,0.9605878
cold,0,1,0,0.0001,0.1,512,3,5,4,256,6000,8.0,2633729,4,4,9977,4107,900021,6,4468,40468,83,498.0,4.15,6.93465,0.96230811
cold,0,1,0,0.0001,0.1,512,3,5,4,256,6000,8.0,2633729,4,4,9977,4107,900021,6,4468,40468,84,504.0,4.2,7.0182,0.96500546
cold,0,1,0,0.0001,0.1,512,3,5,4,256,6000,8.0,2633729,4,4,9977,4107,900021,6,4468,40468,85,510.0,4.25,7.10175,0.9656294
cold,0,1,0,0.0001,0.1,512,3,5,4,256,6000,8.0,2633729,4,4,9977,4107,900021,6,4468,40468,86,516.0,4.3,7.1853,0.96236587
cold,0,1,0,0.0001,0.1,512,3,5,4,256,6000,8.0,2633729,4,4,9977,4107,900021,6,4468,40468,87,522.0,4.35,7.26885,0.95687199
cold,0,1,0,0.0001,0.1,512,3,5,4,256,6000,8.0,2633729,4,4,9977,4107,900021,6,4468,40468,88,528.0,4.4,7.3524,0.95164037
cold,0,1,0,0.0001,0.1,512,3,5,4,256,6000,8.0,2633729,4,4,9977,4107,900021,6,4468,40468,89,534.0,4.45,7.43595,0.9477936
cold,0,1,0,0.0001,0.1,512,3,5,4,256,6000,8.0,2633729,4,4,9977,4107,900021,6,4468,40468,90,540.0,4.5,7.5195,0.94514018
cold,0,1,0,0.0001,0.1,512,3,5,4,256,6000,8.0,2633729,4,4,9977,4107,900021,6,4468,40468,91,546.0,4.55,7.60305,0.94338405
cold,0,1,0,0.0001,0.1,512,3,5,4,256,6000,8.0,2633729,4,4,9977,4107,900021,6,4468,40468,92,552.0,4.6,7.6866,0.94287789
cold,0,1,0,0.0001,0.1,512,3,5,4,256,6000,8.0,2633729,4,4,9977,4107,900021,6,4468,40468,93,558.0,4.65,7.77015,0.94425684
cold,0,1,0,0.0001,0.1,512,3,5,4,256,6000,8.0,2633729,4,4,9977,4107,900021,6,4468,40468,94,564.0,4.7,7.8537,0.94788605
cold,0,1,0,0.0001,0.1,512,3,5,4,256,6000,8.0,2633729,4,4,9977,4107,900021,6,4468,40468,95,570.0,4.75,7.93725,0.95374441
cold,0,1,0,0.0001,0.1,512,3,5,4,256,6000,8.0,2633729,4,4,9977,4107,900021,6,4468,40468,96,576.0,4.8,8.0208,0.96090692
cold,0,1,0,0.0001,0.1,512,3,5,4,256,6000,8.0,2633729,4,4,9977,4107,900021,6,4468,40468,97,582.0,4.85,8.10435,0.96767598
cold,0,1,0,0.0001,0.1,512,3,5,4,256,6000,8.0,2633729,4,4,9977,4107,900021,6,4468,40468,98,588.0,4.9,8.1879,0.97272009
cold,0,1,0,0.0001,0.1,512,3,5,4,256,6000,8.0,2633729,4,4,9977,4107,900021,6,4468,40468,99,594.0,4.95,8.27145,0.97658879
cold,0,1,0,0.0001,0.1,512,3,5,4,256,6000,8.0,2633729,4,4,9977,4107,900021,6,4468,40468,100,600.0,5.0,8.355,0.98016912
cold,0,1,0,0.0001,0.1,512,3,5,4,256,6000,8.0,2633729,4,4,9977,4107,900021,6,4468,40468,101,606.0,5.05,8.43855,0.98268789
cold,0,1,0,0.0001,0.1,512,3,5,4,256,6000,8.0,2633729,4,4,9977,4107,900021,6,4468,40468,102,612.0,5.1,8.5221,0.98298728
cold,0,1,0,0.0001,0.1,512,3,5,4,256,6000,8.0,2633729,4,4,9977,4107,900021,6,4468,40468,103,618.0,5.15,8.60565,0.98159003
cold,0,1,0,0.0001,0.1,512,3,5,4,256,6000,8.0,2633729,4,4,9977,4107,900021,6,4468,40468,104,624.0,5.2,8.6892,0.97994626
cold,0,1,0,0.0001,0.1,512,3,5,4,256,6000,8.0,2633729,4,4,9977,4107,900021,6,4468,40468,105,630.0,5.25,8.77275,0.97845829
cold,0,1,0,0.0001,0.1,512,3,5,4,256,6000,8.0,2633729,4,4,9977,4107,900021,6,4468,40468,106,636.0,5.3,8.8563,0.97651517
cold,0,1,0,0.0001,0.1,512,3,5,4,256,6000,8.0,2633729,4,4,9977,4107,900021,6,4468,40468,107,642.0,5.35,8.93985,0.97379488
cold,0,1,0,0.0001,0.1,512,3,5,4,256,6000,8.0,2633729,4,4,9977,4107,900021,6,4468,40468,108,648.0,5.4,9.0234,0.97101033
cold,0,1,0,0.0001,0.1,512,3,5,4,256,6000,8.0,2633729,4,4,9977,4107,900021,6,4468,40468,109,654.0,5.45,9.10695,0.96860051
cold,0,1,0,0.0001,0.1,512,3,5,4,256,6000,8.0,2633729,4,4,9977,4107,900021,6,4468,40468,110,660.0,5.5,9.1905,0.96644753
cold,0,1,0,0.0001,0.1,512,3,5,4,256,6000,8.0,2633729,4,4,9977,4107,900021,6,4468,40468,111,666.0,5.55,9.27405,0.96556526
cold,0,1,0,0.0001,0.1,512,3,5,4,256,6000,8.0,2633729,4,4,9977,4107,900021,6,4468,40468,112,672.0,5.6,9.3576,0.96665192
cold,0,1,0,0.0001,0.1,512,3,5,4,256,6000,8.0,2633729,4,4,9977,4107,900021,6,4468,40468,113,678.0,5.65,9.44115,0.96928251
cold,0,1,0,0.0001,0.1,512,3,5,4,256,6000,8.0,2633729,4,4,9977,4107,900021,6,4468,40468,114,684.0,5.7,9.5247,0.97240704
cold,0,1,0,0.0001,0.1,512,3,5,4,256,6000,8.0,2633729,4,4,9977,4107,900021,6,4468,40468,115,690.0,5.75,9.60825,0.97424859
cold,0,1,0,0.0001,0.1,512,3,5,4,256,6000,8.0,2633729,4,4,9977,4107,900021,6,4468,40468,116,696.0,5.8,9.6918,0.97375
cold,0,1,0,0.0001,0.1,512,3,5,4,256,6000,8.0,2633729,4,4,9977,4107,900021,6,4468,40468,117,702.0,5.85,9.77535,0.9724732
cold,0,1,0,0.0001,0.1,512,3,5,4,256,6000,8.0,2633729,4,4,9977,4107,900021,6,4468,40468,118,708.0,5.9,9.8589,0.97301018
cold,0,1,0,0.0001,0.1,512,3,5,4,256,6000,8.0,2633729,4,4,9977,4107,900021,6,4468,40468,119,714.0,5.95,9.94245,0.97543162
cold,0,1,0,0.0001,0.1,512,3,5,4,256,6000,8.0,2633729,4,4,9977,4107,900021,6,4468,40468,120,720.0,6.0,10.026,0.97765493
cold,0,1,0,0.0001,0.1,512,3,5,4,256,6000,8.0,2633729,4,4,9977,4107,900021,6,6000,42000,1,6.0,0.05,0.08355,0.0377497
cold,0,1,0,0.0001,0.1,512,3,5,4,256,6000,8.0,2633729,4,4,9977,4107,900021,6,6000,42000,2,12.0,0.1,0.1671,0.04495609
cold,0,1,0,0.0001,0.1,512,3,5,4,256,6000,8.0,2633729,4,4,9977,4107,900021,6,6000,42000,3,18.0,0.15,0.25065,0.05296741
cold,0,1,0,0.0001,0.1,512,3,5,4,256,6000,8.0,2633729,4,4,9977,4107,900021,6,6000,42000,4,24.0,0.2,0.3342,0.06120063
cold,0,1,0,0.0001,0.1,512,3,5,4,256,6000,8.0,2633729,4,4,9977,4107,900021,6,6000,42000,5,30.0,0.25,0.41775,0.0691907
cold,0,1,0,0.0001,0.1,512,3,5,4,256,6000,8.0,2633729,4,4,9977,4107,900021,6,6000,42000,6,36.0,0.3,0.5013,0.07975081
cold,0,1,0,0.0001,0.1,512,3,5,4,256,6000,8.0,2633729,4,4,9977,4107,900021,6,6000,42000,7,42.0,0.35,0.58485,0.09073258
cold,0,1,0,0.0001,0.1,512,3,5,4,256,6000,8.0,2633729,4,4,9977,4107,900021,6,6000,42000,8,48.0,0.4,0.6684,0.10232324
cold,0,1,0,0.0001,0.1,512,3,5,4,256,6000,8.0,2633729,4,4,9977,4107,900021,6,6000,42000,9,54.0,0.45,0.75195,0.11445194
cold,0,1,0,0.0001,0.1,512,3,5,4,256,6000,8.0,2633729,4,4,9977,4107,900021,6,6000,42000,10,60.0,0.5,0.8355,0.12686914
cold,0,1,0,0.0001,0.1,512,3,5,4,256,6000,8.0,2633729,4,4,9977,4107,900021,6,6000,42000,11,66.0,0.55,0.91905,0.1399949
cold,0,1,0,0.0001,0.1,512,3,5,4,256,6000,8.0,2633729,4,4,9977,4107,900021,6,6000,42000,12,72.0,0.6,1.0026,0.15479366
cold,0,1,0,0.0001,0.1,512,3,5,4,256,6000,8.0,2633729,4,4,9977,4107,900021,6,6000,42000,13,78.0,0.65,1.08615,0.17116074
cold,0,1,0,0.0001,0.1,512,3,5,4,256,6000,8.0,2633729,4,4,9977,4107,900021,6,6000,42000,14,84.0,0.7,1.1697,0.18829368
cold,0,1,0,0.0001,0.1,512,3,5,4,256,6000,8.0,2633729,4,4,9977,4107,900021,6,6000,42000,15,90.0,0.75,1.25325,0.20588034
cold,0,1,0,0.0001,0.1,512,3,5,4,256,6000,8.0,2633729,4,4,9977,4107,900021,6,6000,42000,16,96.0,0.8,1.3368,0.22404873
cold,0,1,0,0.0001,0.1,512,3,5,4,256,6000,8.0,2633729,4,4,9977,4107,900021,6,6000,42000,17,102.0,0.85,1.42035,0.24325095
cold,0,1,0,0.0001,0.1,512,3,5,4,256,6000,8.0,2633729,4,4,9977,4107,900021,6,6000,42000,18,108.0,0.9,1.5039,0.26376855
cold,0,1,0,0.0001,0.1,512,3,5,4,256,6000,8.0,2633729,4,4,9977,4107,900021,6,6000,42000,19,114.0,0.95,1.58745,0.28534484
cold,0,1,0,0.0001,0.1,512,3,5,4,256,6000,8.0,2633729,4,4,9977,4107,900021,6,6000,42000,20,120.0,1.0,1.671,0.30717003
cold,0,1,0,0.0001,0.1,512,3,5,4,256,6000,8.0,2633729,4,4,9977,4107,900021,6,6000,42000,21,126.0,1.05,1.75455,0.32840937
cold,0,1,0,0.0001,0.1,512,3,5,4,256,6000,8.0,2633729,4,4,9977,4107,900021,6,6000,42000,22,132.0,1.1,1.8381,0.34870586
cold,0,1,0,0.0001,0.1,512,3,5,4,256,6000,8.0,2633729,4,4,9977,4107,900021,6,6000,42000,23,138.0,1.15,1.92165,0.36839223
cold,0,1,0,0.0001,0.1,512,3,5,4,256,6000,8.0,2633729,4,4,9977,4107,900021,6,6000,42000,24,144.0,1.2,2.0052,0.38826621
cold,0,1,0,0.0001,0.1,512,3,5,4,256,6000,8.0,2633729,4,4,9977,4107,900021,6,6000,42000,25,150.0,1.25,2.08875,0.40778622
cold,0,1,0,0.0001,0.1,512,3,5,4,256,6000,8.0,2633729,4,4,9977,4107,900021,6,6000,42000,26,156.0,1.3,2.1723,0.42598382
cold,0,1,0,0.0001,0.1,512,3,5,4,256,6000,8.0,2633729,4,4,9977,4107,900021,6,6000,42000,27,162.0,1.35,2.25585,0.44301686
cold,0,1,0,0.0001,0.1,512,3,5,4,256,6000,8.0,2633729,4,4,9977,4107,900021,6,6000,42000,28,168.0,1.4,2.3394,0.45951906
cold,0,1,0,0.0001,0.1,512,3,5,4,256,6000,8.0,2633729,4,4,9977,4107,900021,6,6000,42000,29,174.0,1.45,2.42295,0.47631934
cold,0,1,0,0.0001,0.1,512,3,5,4,256,6000,8.0,2633729,4,4,9977,4107,900021,6,6000,42000,30,180.0,1.5,2.5065,0.49446446
cold,0,1,0,0.0001,0.1,512,3,5,4,256,6000,8.0,2633729,4,4,9977,4107,900021,6,6000,42000,31,186.0,1.55,2.59005,0.5143615
cold,0,1,0,0.0001,0.1,512,3,5,4,256,6000,8.0,2633729,4,4,9977,4107,900021,6,6000,42000,32,192.0,1.6,2.6736,0.53581691
cold,0,1,0,0.0001,0.1,512,3,5,4,256,6000,8.0,2633729,4,4,9977,4107,900021,6,6000,42000,33,198.0,1.65,2.75715,0.55816352
cold,0,1,0,0.0001,0.1,512,3,5,4,256,6000,8.0,2633729,4,4,9977,4107,900021,6,6000,42000,34,204.0,1.7,2.8407,0.57979411
cold,0,1,0,0.0001,0.1,512,3,5,4,256,6000,8.0,2633729,4,4,9977,4107,900021,6,6000,42000,35,210.0,1.75,2.92425,0.59952635
cold,0,1,0,0.0001,0.1,512,3,5,4,256,6000,8.0,2633729,4,4,9977,4107,900021,6,6000,42000,36,216.0,1.8,3.0078,0.61626852
cold,0,1,0,0.0001,0.1,512,3,5,4,256,6000,8.0,2633729,4,4,9977,4107,900021,6,6000,42000,37,222.0,1.85,3.09135,0.62940747
cold,0,1,0,0.0001,0.1,512,3,5,4,256,6000,8.0,2633729,4,4,9977,4107,900021,6,6000,42000,38,228.0,1.9,3.1749,0.64113367
cold,0,1,0,0.0001,0.1,512,3,5,4,256,6000,8.0,2633729,4,4,9977,4107,900021,6,6000,42000,39,234.0,1.95,3.25845,0.65460247
cold,0,1,0,0.0001,0.1,512,3,5,4,256,6000,8.0,2633729,4,4,9977,4107,900021,6,6000,42000,40,240.0,2.0,3.342,0.67049259
cold,0,1,0,0.0001,0.1,512,3,5,4,256,6000,8.0,2633729,4,4,9977,4107,900021,6,6000,42000,41,246.0,2.05,3.42555,0.68738186
cold,0,1,0,0.0001,0.1,512,3,5,4,256,6000,8.0,2633729,4,4,9977,4107,900021,6,6000,42000,42,252.0,2.1,3.5091,0.70366186
cold,0,1,0,0.0001,0.1,512,3,5,4,256,6000,8.0,2633729,4,4,9977,4107,900021,6,6000,42000,43,258.0,2.15,3.59265,0.71821225
cold,0,1,0,0.0001,0.1,512,3,5,4,256,6000,8.0,2633729,4,4,9977,4107,900021,6,6000,42000,44,264.0,2.2,3.6762,0.73043311
cold,0,1,0,0.0001,0.1,512,3,5,4,256,6000,8.0,2633729,4,4,9977,4107,900021,6,6000,42000,45,270.0,2.25,3.75975,0.73953903
cold,0,1,0,0.0001,0.1,512,3,5,4,256,6000,8.0,2633729,4,4,9977,4107,900021,6,6000,42000,46,276.0,2.3,3.8433,0.74526536
cold,0,1,0,0.0001,0.1,512,3,5,4,256,6000,8.0,2633729,4,4,9977,4107,900021,6,6000,42000,47,282.0,2.35,3.92685,0.74979937
cold,0,1,0,0.0001,0.1,512,3,5,4,256,6000,8.0,2633729,4,4,9977,4107,900021,6,6000,42000,48,288.0,2.4,4.0104,0.75623262
cold,0,1,0,0.0001,0.1,512,3,5,4,256,6000,8.0,2633729,4,4,9977,4107,900021,6,6000,42000,49,294.0,2.45,4.09395,0.76599538
cold,0,1,0,0.0001,0.1,512,3,5,4,256,6000,8.0,2633729,4,4,9977,4107,900021,6,6000,42000,50,300.0,2.5,4.1775,0.7781828
cold,0,1,0,0.0001,0.1,512,3,5,4,256,6000,8.0,2633729,4,4,9977,4107,900021,6,6000,42000,51,306.0,2.55,4.26105,0.79081655
cold,0,1,0,0.0001,0.1,512,3,5,4,256,6000,8.0,2633729,4,4,9977,4107,900021,6,6000,42000,52,312.0,2.6,4.3446,0.80194646
cold,0,1,0,0.0001,0.1,512,3,5,4,256,6000,8.0,2633729,4,4,9977,4107,900021,6,6000,42000,53,318.0,2.65,4.42815,0.8110131
cold,0,1,0,0.0001,0.1,512,3,5,4,256,6000,8.0,2633729,4,4,9977,4107,900021,6,6000,42000,54,324.0,2.7,4.5117,0.81840098
cold,0,1,0,0.0001,0.1,512,3,5,4,256,6000,8.0,2633729,4,4,9977,4107,900021,6,6000,42000,55,330.0,2.75,4.59525,0.82445234
cold,0,1,0,0.0001,0.1,512,3,5,4,256,6000,8.0,2633729,4,4,9977,4107,900021,6,6000,42000,56,336.0,2.8,4.6788,0.82955545
cold,0,1,0,0.0001,0.1,512,3,5,4,256,6000,8.0,2633729,4,4,9977,4107,900021,6,6000,42000,57,342.0,2.85,4.76235,0.83506042
cold,0,1,0,0.0001,0.1,512,3,5,4,256,6000,8.0,2633729,4,4,9977,4107,900021,6,6000,42000,58,348.0,2.9,4.8459,0.84207565
cold,0,1,0,0.0001,0.1,512,3,5,4,256,6000,8.0,2633729,4,4,9977,4107,900021,6,6000,42000,59,354.0,2.95,4.92945,0.84927219
cold,0,1,0,0.0001,0.1,512,3,5,4,256,6000,8.0,2633729,4,4,9977,4107,900021,6,6000,42000,60,360.0,3.0,5.013,0.85462195
cold,0,1,0,0.0001,0.1,512,3,5,4,256,6000,8.0,2633729,4,4,9977,4107,900021,6,6000,42000,61,366.0,3.05,5.09655,0.85870689
cold,0,1,0,0.0001,0.1,512,3,5,4,256,6000,8.0,2633729,4,4,9977,4107,900021,6,6000,42000,62,372.0,3.1,5.1801,0.86413747
cold,0,1,0,0.0001,0.1,512,3,5,4,256,6000,8.0,2633729,4,4,9977,4107,900021,6,6000,42000,63,378.0,3.15,5.26365,0.87347525
cold,0,1,0,0.0001,0.1,512,3,5,4,256,6000,8.0,2633729,4,4,9977,4107,900021,6,6000,42000,64,384.0,3.2,5.3472,0.8877508
cold,0,1,0,0.0001,0.1,512,3,5,4,256,6000,8.0,2633729,4,4,9977,4107,900021,6,6000,42000,65,390.0,3.25,5.43075,0.90436405
cold,0,1,0,0.0001,0.1,512,3,5,4,256,6000,8.0,2633729,4,4,9977,4107,900021,6,6000,42000,66,396.0,3.3,5.5143,0.91871756
cold,0,1,0,0.0001,0.1,512,3,5,4,256,6000,8.0,2633729,4,4,9977,4107,900021,6,6000,42000,67,402.0,3.35,5.59785,0.92762631
cold,0,1,0,0.0001,0.1,512,3,5,4,256,6000,8.0,2633729,4,4,9977,4107,900021,6,6000,42000,68,408.0,3.4,5.6814,0.93059695
cold,0,1,0,0.0001,0.1,512,3,5,4,256,6000,8.0,2633729,4,4,9977,4107,900021,6,6000,42000,69,414.0,3.45,5.76495,0.92936891
cold,0,1,0,0.0001,0.1,512,3,5,4,256,6000,8.0,2633729,4,4,9977,4107,900021,6,6000,42000,70,420.0,3.5,5.8485,0.92661881
cold,0,1,0,0.0001,0.1,512,3,5,4,256,6000,8.0,2633729,4,4,9977,4107,900021,6,6000,42000,71,426.0,3.55,5.93205,0.92475337
cold,0,1,0,0.0001,0.1,512,3,5,4,256,6000,8.0,2633729,4,4,9977,4107,900021,6,6000,42000,72,432.0,3.6,6.0156,0.9248479
cold,0,1,0,0.0001,0.1,512,3,5,4,256,6000,8.0,2633729,4,4,9977,4107,900021,6,6000,42000,73,438.0,3.65,6.09915,0.92587817
cold,0,1,0,0.0001,0.1,512,3,5,4,256,6000,8.0,2633729,4,4,9977,4107,900021,6,6000,42000,74,444.0,3.7,6.1827,0.92658776
cold,0,1,0,0.0001,0.1,512,3,5,4,256,6000,8.0,2633729,4,4,9977,4107,900021,6,6000,42000,75,450.0,3.75,6.26625,0.92714739
cold,0,1,0,0.0001,0.1,512,3,5,4,256,6000,8.0,2633729,4,4,9977,4107,900021,6,6000,42000,76,456.0,3.8,6.3498,0.92860901
cold,0,1,0,0.0001,0.1,512,3,5,4,256,6000,8.0,2633729,4,4,9977,4107,900021,6,6000,42000,77,462.0,3.85,6.43335,0.93145937
cold,0,1,0,0.0001,0.1,512,3,5,4,256,6000,8.0,2633729,4,4,9977,4107,900021,6,6000,42000,78,468.0,3.9,6.5169,0.93473953
cold,0,1,0,0.0001,0.1,512,3,5,4,256,6000,8.0,2633729,4,4,9977,4107,900021,6,6000,42000,79,474.0,3.95,6.60045,0.93679577
cold,0,1,0,0.0001,0.1,512,3,5,4,256,6000,8.0,2633729,4,4,9977,4107,900021,6,6000,42000,80,480.0,4.0,6.684,0.93734682
cold,0,1,0,0.0001,0.1,512,3,5,4,256,6000,8.0,2633729,4,4,9977,4107,900021,6,6000,42000,81,486.0,4.05,6.76755,0.93857419
cold,0,1,0,0.0001,0.1,512,3,5,4,256,6000,8.0,2633729,4,4,9977,4107,900021,6,6000,42000,82,492.0,4.1,6.8511,0.94267046
cold,0,1,0,0.0001,0.1,512,3,5,4,256,6000,8.0,2633729,4,4,9977,4107,900021,6,6000,42000,83,498.0,4.15,6.93465,0.94931203
cold,0,1,0,0.0001,0.1,512,3,5,4,256,6000,8.0,2633729,4,4,9977,4107,900021,6,6000,42000,84,504.0,4.2,7.0182,0.95565802
cold,0,1,0,0.0001,0.1,512,3,5,4,256,6000,8.0,2633729,4,4,9977,4107,900021,6,6000,42000,85,510.0,4.25,7.10175,0.95894563
cold,0,1,0,0.0001,0.1,512,3,5,4,256,6000,8.0,2633729,4,4,9977,4107,900021,6,6000,42000,86,516.0,4.3,7.1853,0.9578951
cold,0,1,0,0.0001,0.1,512,3,5,4,256,6000,8.0,2633729,4,4,9977,4107,900021,6,6000,42000,87,522.0,4.35,7.26885,0.95266908
cold,0,1,0,0.0001,0.1,512,3,5,4,256,6000,8.0,2633729,4,4,9977,4107,900021,6,6000,42000,88,528.0,4.4,7.3524,0.94604439
cold,0,1,0,0.0001,0.1,512,3,5,4,256,6000,8.0,2633729,4,4,9977,4107,900021,6,6000,42000,89,534.0,4.45,7.43595,0.94260007
cold,0,1,0,0.0001,0.1,512,3,5,4,256,6000,8.0,2633729,4,4,9977,4107,900021,6,6000,42000,90,540.0,4.5,7.5195,0.94448537
cold,0,1,0,0.0001,0.1,512,3,5,4,256,6000,8.0,2633729,4,4,9977,4107,900021,6,6000,42000,91,546.0,4.55,7.60305,0.94975096
cold,0,1,0,0.0001,0.1,512,3,5,4,256,6000,8.0,2633729,4,4,9977,4107,900021,6,6000,42000,92,552.0,4.6,7.6866,0.95625502
cold,0,1,0,0.0001,0.1,512,3,5,4,256,6000,8.0,2633729,4,4,9977,4107,900021,6,6000,42000,93,558.0,4.65,7.77015,0.96303284
cold,0,1,0,0.0001,0.1,512,3,5,4,256,6000,8.0,2633729,4,4,9977,4107,900021,6,6000,42000,94,564.0,4.7,7.8537,0.9685961
cold,0,1,0,0.0001,0.1,512,3,5,4,256,6000,8.0,2633729,4,4,9977,4107,900021,6,6000,42000,95,570.0,4.75,7.93725,0.97105062
cold,0,1,0,0.0001,0.1,512,3,5,4,256,6000,8.0,2633729,4,4,9977,4107,900021,6,6000,42000,96,576.0,4.8,8.0208,0.97000039
cold,0,1,0,0.0001,0.1,512,3,5,4,256,6000,8.0,2633729,4,4,9977,4107,900021,6,6000,42000,97,582.0,4.85,8.10435,0.96697509
cold,0,1,0,0.0001,0.1,512,3,5,4,256,6000,8.0,2633729,4,4,9977,4107,900021,6,6000,42000,98,588.0,4.9,8.1879,0.96379673
cold,0,1,0,0.0001,0.1,512,3,5,4,256,6000,8.0,2633729,4,4,9977,4107,900021,6,6000,42000,99,594.0,4.95,8.27145,0.96152884
cold,0,1,0,0.0001,0.1,512,3,5,4,256,6000,8.0,2633729,4,4,9977,4107,900021,6,6000,42000,100,600.0,5.0,8.355,0.96006894
cold,0,1,0,0.0001,0.1,512,3,5,4,256,6000,8.0,2633729,4,4,9977,4107,900021,6,6000,42000,101,606.0,5.05,8.43855,0.95922995
cold,0,1,0,0.0001,0.1,512,3,5,4,256,6000,8.0,2633729,4,4,9977,4107,900021,6,6000,42000,102,612.0,5.1,8.5221,0.96037847
cold,0,1,0,0.0001,0.1,512,3,5,4,256,6000,8.0,2633729,4,4,9977,4107,900021,6,6000,42000,103,618.0,5.15,8.60565,0.9637472
cold,0,1,0,0.0001,0.1,512,3,5,4,256,6000,8.0,2633729,4,4,9977,4107,900021,6,6000,42000,104,624.0,5.2,8.6892,0.96724045
cold,0,1,0,0.0001,0.1,512,3,5,4,256,6000,8.0,2633729,4,4,9977,4107,900021,6,6000,42000,105,630.0,5.25,8.77275,0.96918458
cold,0,1,0,0.0001,0.1,512,3,5,4,256,6000,8.0,2633729,4,4,9977,4107,900021,6,6000,42000,106,636.0,5.3,8.8563,0.96960223
cold,0,1,0,0.0001,0.1,512,3,5,4,256,6000,8.0,2633729,4,4,9977,4107,900021,6,6000,42000,107,642.0,5.35,8.93985,0.96890903
cold,0,1,0,0.0001,0.1,512,3,5,4,256,6000,8.0,2633729,4,4,9977,4107,900021,6,6000,42000,108,648.0,5.4,9.0234,0.9670161
cold,0,1,0,0.0001,0.1,512,3,5,4,256,6000,8.0,2633729,4,4,9977,4107,900021,6,6000,42000,109,654.0,5.45,9.10695,0.96407461
cold,0,1,0,0.0001,0.1,512,3,5,4,256,6000,8.0,2633729,4,4,9977,4107,900021,6,6000,42000,110,660.0,5.5,9.1905,0.96087384
cold,0,1,0,0.0001,0.1,512,3,5,4,256,6000,8.0,2633729,4,4,9977,4107,900021,6,6000,42000,111,666.0,5.55,9.27405,0.9590764
cold,0,1,0,0.0001,0.1,512,3,5,4,256,6000,8.0,2633729,4,4,9977,4107,900021,6,6000,42000,112,672.0,5.6,9.3576,0.95973575
cold,0,1,0,0.0001,0.1,512,3,5,4,256,6000,8.0,2633729,4,4,9977,4107,900021,6,6000,42000,113,678.0,5.65,9.44115,0.96245313
cold,0,1,0,0.0001,0.1,512,3,5,4,256,6000,8.0,2633729,4,4,9977,4107,900021,6,6000,42000,114,684.0,5.7,9.5247,0.96598828
cold,0,1,0,0.0001,0.1,512,3,5,4,256,6000,8.0,2633729,4,4,9977,4107,900021,6,6000,42000,115,690.0,5.75,9.60825,0.96900618
cold,0,1,0,0.0001,0.1,512,3,5,4,256,6000,8.0,2633729,4,4,9977,4107,900021,6,6000,42000,116,696.0,5.8,9.6918,0.97132766
cold,0,1,0,0.0001,0.1,512,3,5,4,256,6000,8.0,2633729,4,4,9977,4107,900021,6,6000,42000,117,702.0,5.85,9.77535,0.97386956
cold,0,1,0,0.0001,0.1,512,3,5,4,256,6000,8.0,2633729,4,4,9977,4107,900021,6,6000,42000,118,708.0,5.9,9.8589,0.97645903
cold,0,1,0,0.0001,0.1,512,3,5,4,256,6000,8.0,2633729,4,4,9977,4107,900021,6,6000,42000,119,714.0,5.95,9.94245,0.97788024
cold,0,1,0,0.0001,0.1,512,3,5,4,256,6000,8.0,2633729,4,4,9977,4107,900021,6,6000,42000,120,720.0,6.0,10.026,0.97751671
cold,0,1,0,0.0001,0.1,512,3,5,4,256,6000,8.0,2633729,4,4,9977,4108,900022,7,1,42001,1,6.0,0.05,0.08355,0.16310722
cold,0,1,0,0.0001,0.1,512,3,5,4,256,6000,8.0,2633729,4,4,9977,4108,900022,7,1,42001,2,12.0,0.1,0.1671,0.29446489
cold,0,1,0,0.0001,0.1,512,3,5,4,256,6000,8.0,2633729,4,4,9977,4108,900022,7,1,42001,3,18.0,0.15,0.25065,0.41583458
cold,0,1,0,0.0001,0.1,512,3,5,4,256,6000,8.0,2633729,4,4,9977,4108,900022,7,1,42001,4,24.0,0.2,0.3342,0.51893187
cold,0,1,0,0.0001,0.1,512,3,5,4,256,6000,8.0,2633729,4,4,9977,4108,900022,7,1,42001,5,30.0,0.25,0.41775,0.6015026
cold,0,1,0,0.0001,0.1,512,3,5,4,256,6000,8.0,2633729,4,4,9977,4108,900022,7,1,42001,6,36.0,0.3,0.5013,0.66431618
cold,0,1,0,0.0001,0.1,512,3,5,4,256,6000,8.0,2633729,4,4,9977,4108,900022,7,1,42001,7,42.0,0.35,0.58485,0.70926285
cold,0,1,0,0.0001,0.1,512,3,5,4,256,6000,8.0,2633729,4,4,9977,4108,900022,7,1,42001,8,48.0,0.4,0.6684,0.73949486
cold,0,1,0,0.0001,0.1,512,3,5,4,256,6000,8.0,2633729,4,4,9977,4108,900022,7,1,42001,9,54.0,0.45,0.75195,0.75870639
cold,0,1,0,0.0001,0.1,512,3,5,4,256,6000,8.0,2633729,4,4,9977,4108,900022,7,1,42001,10,60.0,0.5,0.8355,0.76995713
cold,0,1,0,0.0001,0.1,512,3,5,4,256,6000,8.0,2633729,4,4,9977,4108,900022,7,1,42001,11,66.0,0.55,0.91905,0.77612734
cold,0,1,0,0.0001,0.1,512,3,5,4,256,6000,8.0,2633729,4,4,9977,4108,900022,7,1,42001,12,72.0,0.6,1.0026,0.78026485
cold,0,1,0,0.0001,0.1,512,3,5,4,256,6000,8.0,2633729,4,4,9977,4108,900022,7,1,42001,13,78.0,0.65,1.08615,0.78430146
cold,0,1,0,0.0001,0.1,512,3,5,4,256,6000,8.0,2633729,4,4,9977,4108,900022,7,1,42001,14,84.0,0.7,1.1697,0.78866249
cold,0,1,0,0.0001,0.1,512,3,5,4,256,6000,8.0,2633729,4,4,9977,4108,900022,7,1,42001,15,90.0,0.75,1.25325,0.79286849
cold,0,1,0,0.0001,0.1,512,3,5,4,256,6000,8.0,2633729,4,4,9977,4108,900022,7,1,42001,16,96.0,0.8,1.3368,0.79603308
cold,0,1,0,0.0001,0.1,512,3,5,4,256,6000,8.0,2633729,4,4,9977,4108,900022,7,1,42001,17,102.0,0.85,1.42035,0.79775429
cold,0,1,0,0.0001,0.1,512,3,5,4,256,6000,8.0,2633729,4,4,9977,4108,900022,7,1,42001,18,108.0,0.9,1.5039,0.79823899
cold,0,1,0,0.0001,0.1,512,3,5,4,256,6000,8.0,2633729,4,4,9977,4108,900022,7,1,42001,19,114.0,0.95,1.58745,0.79754192
cold,0,1,0,0.0001,0.1,512,3,5,4,256,6000,8.0,2633729,4,4,9977,4108,900022,7,1,42001,20,120.0,1.0,1.671,0.79544544
cold,0,1,0,0.0001,0.1,512,3,5,4,256,6000,8.0,2633729,4,4,9977,4108,900022,7,1,42001,21,126.0,1.05,1.75455,0.79214728
cold,0,1,0,0.0001,0.1,512,3,5,4,256,6000,8.0,2633729,4,4,9977,4108,900022,7,1,42001,22,132.0,1.1,1.8381,0.78850502
cold,0,1,0,0.0001,0.1,512,3,5,4,256,6000,8.0,2633729,4,4,9977,4108,900022,7,1,42001,23,138.0,1.15,1.92165,0.7855438
cold,0,1,0,0.0001,0.1,512,3,5,4,256,6000,8.0,2633729,4,4,9977,4108,900022,7,1,42001,24,144.0,1.2,2.0052,0.78397828
cold,0,1,0,0.0001,0.1,512,3,5,4,256,6000,8.0,2633729,4,4,9977,4108,900022,7,1,42001,25,150.0,1.25,2.08875,0.78363836
cold,0,1,0,0.0001,0.1,512,3,5,4,256,6000,8.0,2633729,4,4,9977,4108,900022,7,1,42001,26,156.0,1.3,2.1723,0.78345871
cold,0,1,0,0.0001,0.1,512,3,5,4,256,6000,8.0,2633729,4,4,9977,4108,900022,7,1,42001,27,162.0,1.35,2.25585,0.78252631
cold,0,1,0,0.0001,0.1,512,3,5,4,256,6000,8.0,2633729,4,4,9977,4108,900022,7,1,42001,28,168.0,1.4,2.3394,0.7807374
cold,0,1,0,0.0001,0.1,512,3,5,4,256,6000,8.0,2633729,4,4,9977,4108,900022,7,1,42001,29,174.0,1.45,2.42295,0.77832913
cold,0,1,0,0.0001,0.1,512,3,5,4,256,6000,8.0,2633729,4,4,9977,4108,900022,7,1,42001,30,180.0,1.5,2.5065,0.77544904
cold,0,1,0,0.0001,0.1,512,3,5,4,256,6000,8.0,2633729,4,4,9977,4108,900022,7,1,42001,31,186.0,1.55,2.59005,0.77248108
cold,0,1,0,0.0001,0.1,512,3,5,4,256,6000,8.0,2633729,4,4,9977,4108,900022,7,1,42001,32,192.0,1.6,2.6736,0.7701937
cold,0,1,0,0.0001,0.1,512,3,5,4,256,6000,8.0,2633729,4,4,9977,4108,900022,7,1,42001,33,198.0,1.65,2.75715,0.76895708
cold,0,1,0,0.0001,0.1,512,3,5,4,256,6000,8.0,2633729,4,4,9977,4108,900022,7,1,42001,34,204.0,1.7,2.8407,0.76847786
cold,0,1,0,0.0001,0.1,512,3,5,4,256,6000,8.0,2633729,4,4,9977,4108,900022,7,1,42001,35,210.0,1.75,2.92425,0.76820832
cold,0,1,0,0.0001,0.1,512,3,5,4,256,6000,8.0,2633729,4,4,9977,4108,900022,7,1,42001,36,216.0,1.8,3.0078,0.76768363
cold,0,1,0,0.0001,0.1,512,3,5,4,256,6000,8.0,2633729,4,4,9977,4108,900022,7,1,42001,37,222.0,1.85,3.09135,0.7669245
cold,0,1,0,0.0001,0.1,512,3,5,4,256,6000,8.0,2633729,4,4,9977,4108,900022,7,1,42001,38,228.0,1.9,3.1749,0.76629823
cold,0,1,0,0.0001,0.1,512,3,5,4,256,6000,8.0,2633729,4,4,9977,4108,900022,7,1,42001,39,234.0,1.95,3.25845,0.76604885
cold,0,1,0,0.0001,0.1,512,3,5,4,256,6000,8.0,2633729,4,4,9977,4108,900022,7,1,42001,40,240.0,2.0,3.342,0.76620585
cold,0,1,0,0.0001,0.1,512,3,5,4,256,6000,8.0,2633729,4,4,9977,4108,900022,7,1,42001,41,246.0,2.05,3.42555,0.76680028
cold,0,1,0,0.0001,0.1,512,3,5,4,256,6000,8.0,2633729,4,4,9977,4108,900022,7,1,42001,42,252.0,2.1,3.5091,0.76787305
cold,0,1,0,0.0001,0.1,512,3,5,4,256,6000,8.0,2633729,4,4,9977,4108,900022,7,1,42001,43,258.0,2.15,3.59265,0.76935375
cold,0,1,0,0.0001,0.1,512,3,5,4,256,6000,8.0,2633729,4,4,9977,4108,900022,7,1,42001,44,264.0,2.2,3.6762,0.77105659
cold,0,1,0,0.0001,0.1,512,3,5,4,256,6000,8.0,2633729,4,4,9977,4108,900022,7,1,42001,45,270.0,2.25,3.75975,0.7725811
cold,0,1,0,0.0001,0.1,512,3,5,4,256,6000,8.0,2633729,4,4,9977,4108,900022,7,1,42001,46,276.0,2.3,3.8433,0.77347833
cold,0,1,0,0.0001,0.1,512,3,5,4,256,6000,8.0,2633729,4,4,9977,4108,900022,7,1,42001,47,282.0,2.35,3.92685,0.77365261
cold,0,1,0,0.0001,0.1,512,3,5,4,256,6000,8.0,2633729,4,4,9977,4108,900022,7,1,42001,48,288.0,2.4,4.0104,0.77345979
cold,0,1,0,0.0001,0.1,512,3,5,4,256,6000,8.0,2633729,4,4,9977,4108,900022,7,1,42001,49,294.0,2.45,4.09395,0.77327359
cold,0,1,0,0.0001,0.1,512,3,5,4,256,6000,8.0,2633729,4,4,9977,4108,900022,7,1,42001,50,300.0,2.5,4.1775,0.77304906
cold,0,1,0,0.0001,0.1,512,3,5,4,256,6000,8.0,2633729,4,4,9977,4108,900022,7,1,42001,51,306.0,2.55,4.26105,0.77277923
cold,0,1,0,0.0001,0.1,512,3,5,4,256,6000,8.0,2633729,4,4,9977,4108,900022,7,1,42001,52,312.0,2.6,4.3446,0.77292806
cold,0,1,0,0.0001,0.1,512,3,5,4,256,6000,8.0,2633729,4,4,9977,4108,900022,7,1,42001,53,318.0,2.65,4.42815,0.77379364
cold,0,1,0,0.0001,0.1,512,3,5,4,256,6000,8.0,2633729,4,4,9977,4108,900022,7,1,42001,54,324.0,2.7,4.5117,0.77515197
cold,0,1,0,0.0001,0.1,512,3,5,4,256,6000,8.0,2633729,4,4,9977,4108,900022,7,1,42001,55,330.0,2.75,4.59525,0.77656752
cold,0,1,0,0.0001,0.1,512,3,5,4,256,6000,8.0,2633729,4,4,9977,4108,900022,7,1,42001,56,336.0,2.8,4.6788,0.77775764
cold,0,1,0,0.0001,0.1,512,3,5,4,256,6000,8.0,2633729,4,4,9977,4108,900022,7,1,42001,57,342.0,2.85,4.76235,0.77879429
cold,0,1,0,0.0001,0.1,512,3,5,4,256,6000,8.0,2633729,4,4,9977,4108,900022,7,1,42001,58,348.0,2.9,4.8459,0.77979809
cold,0,1,0,0.0001,0.1,512,3,5,4,256,6000,8.0,2633729,4,4,9977,4108,900022,7,1,42001,59,354.0,2.95,4.92945,0.78065836
cold,0,1,0,0.0001,0.1,512,3,5,4,256,6000,8.0,2633729,4,4,9977,4108,900022,7,1,42001,60,360.0,3.0,5.013,0.78125405
cold,0,1,0,0.0001,0.1,512,3,5,4,256,6000,8.0,2633729,4,4,9977,4108,900022,7,1,42001,61,366.0,3.05,5.09655,0.78171146
cold,0,1,0,0.0001,0.1,512,3,5,4,256,6000,8.0,2633729,4,4,9977,4108,900022,7,1,42001,62,372.0,3.1,5.1801,0.78226888
cold,0,1,0,0.0001,0.1,512,3,5,4,256,6000,8.0,2633729,4,4,9977,4108,900022,7,1,42001,63,378.0,3.15,5.26365,0.78307372
cold,0,1,0,0.0001,0.1,512,3,5,4,256,6000,8.0,2633729,4,4,9977,4108,900022,7,1,42001,64,384.0,3.2,5.3472,0.78410041
cold,0,1,0,0.0001,0.1,512,3,5,4,256,6000,8.0,2633729,4,4,9977,4108,900022,7,1,42001,65,390.0,3.25,5.43075,0.78511631
cold,0,1,0,0.0001,0.1,512,3,5,4,256,6000,8.0,2633729,4,4,9977,4108,900022,7,1,42001,66,396.0,3.3,5.5143,0.78595805
cold,0,1,0,0.0001,0.1,512,3,5,4,256,6000,8.0,2633729,4,4,9977,4108,900022,7,1,42001,67,402.0,3.35,5.59785,0.78679818
cold,0,1,0,0.0001,0.1,512,3,5,4,256,6000,8.0,2633729,4,4,9977,4108,900022,7,1,42001,68,408.0,3.4,5.6814,0.78794581
cold,0,1,0,0.0001,0.1,512,3,5,4,256,6000,8.0,2633729,4,4,9977,4108,900022,7,1,42001,69,414.0,3.45,5.76495,0.78944331
cold,0,1,0,0.0001,0.1,512,3,5,4,256,6000,8.0,2633729,4,4,9977,4108,900022,7,1,42001,70,420.0,3.5,5.8485,0.79106158
cold,0,1,0,0.0001,0.1,512,3,5,4,256,6000,8.0,2633729,4,4,9977,4108,900022,7,1,42001,71,426.0,3.55,5.93205,0.79269171
cold,0,1,0,0.0001,0.1,512,3,5,4,256,6000,8.0,2633729,4,4,9977,4108,900022,7,1,42001,72,432.0,3.6,6.0156,0.79448259
cold,0,1,0,0.0001,0.1,512,3,5,4,256,6000,8.0,2633729,4,4,9977,4108,900022,7,1,42001,73,438.0,3.65,6.09915,0.79651314
cold,0,1,0,0.0001,0.1,512,3,5,4,256,6000,8.0,2633729,4,4,9977,4108,900022,7,1,42001,74,444.0,3.7,6.1827,0.79859161
cold,0,1,0,0.0001,0.1,512,3,5,4,256,6000,8.0,2633729,4,4,9977,4108,900022,7,1,42001,75,450.0,3.75,6.26625,0.80040705
cold,0,1,0,0.0001,0.1,512,3,5,4,256,6000,8.0,2633729,4,4,9977,4108,900022,7,1,42001,76,456.0,3.8,6.3498,0.80181974
cold,0,1,0,0.0001,0.1,512,3,5,4,256,6000,8.0,2633729,4,4,9977,4108,900022,7,1,42001,77,462.0,3.85,6.43335,0.80290431
cold,0,1,0,0.0001,0.1,512,3,5,4,256,6000,8.0,2633729,4,4,9977,4108,900022,7,1,42001,78,468.0,3.9,6.5169,0.80366278
cold,0,1,0,0.0001,0.1,512,3,5,4,256,6000,8.0,2633729,4,4,9977,4108,900022,7,1,42001,79,474.0,3.95,6.60045,0.80397123
cold,0,1,0,0.0001,0.1,512,3,5,4,256,6000,8.0,2633729,4,4,9977,4108,900022,7,1,42001,80,480.0,4.0,6.684,0.80385578
cold,0,1,0,0.0001,0.1,512,3,5,4,256,6000,8.0,2633729,4,4,9977,4108,900022,7,1,42001,81,486.0,4.05,6.76755,0.80360591
cold,0,1,0,0.0001,0.1,512,3,5,4,256,6000,8.0,2633729,4,4,9977,4108,900022,7,1,42001,82,492.0,4.1,6.8511,0.8035351
cold,0,1,0,0.0001,0.1,512,3,5,4,256,6000,8.0,2633729,4,4,9977,4108,900022,7,1,42001,83,498.0,4.15,6.93465,0.80377281
cold,0,1,0,0.0001,0.1,512,3,5,4,256,6000,8.0,2633729,4,4,9977,4108,900022,7,1,42001,84,504.0,4.2,7.0182,0.80431092
cold,0,1,0,0.0001,0.1,512,3,5,4,256,6000,8.0,2633729,4,4,9977,4108,900022,7,1,42001,85,510.0,4.25,7.10175,0.80505204
cold,0,1,0,0.0001,0.1,512,3,5,4,256,6000,8.0,2633729,4,4,9977,4108,900022,7,1,42001,86,516.0,4.3,7.1853,0.80588329
cold,0,1,0,0.0001,0.1,512,3,5,4,256,6000,8.0,2633729,4,4,9977,4108,900022,7,1,42001,87,522.0,4.35,7.26885,0.80681378
cold,0,1,0,0.0001,0.1,512,3,5,4,256,6000,8.0,2633729,4,4,9977,4108,900022,7,1,42001,88,528.0,4.4,7.3524,0.80793554
cold,0,1,0,0.0001,0.1,512,3,5,4,256,6000,8.0,2633729,4,4,9977,4108,900022,7,1,42001,89,534.0,4.45,7.43595,0.80924749
cold,0,1,0,0.0001,0.1,512,3,5,4,256,6000,8.0,2633729,4,4,9977,4108,900022,7,1,42001,90,540.0,4.5,7.5195,0.81068385
cold,0,1,0,0.0001,0.1,512,3,5,4,256,6000,8.0,2633729,4,4,9977,4108,900022,7,1,42001,91,546.0,4.55,7.60305,0.81227279
cold,0,1,0,0.0001,0.1,512,3,5,4,256,6000,8.0,2633729,4,4,9977,4108,900022,7,1,42001,92,552.0,4.6,7.6866,0.81403542
cold,0,1,0,0.0001,0.1,512,3,5,4,256,6000,8.0,2633729,4,4,9977,4108,900022,7,1,42001,93,558.0,4.65,7.77015,0.81582117
cold,0,1,0,0.0001,0.1,512,3,5,4,256,6000,8.0,2633729,4,4,9977,4108,900022,7,1,42001,94,564.0,4.7,7.8537,0.81739414
cold,0,1,0,0.0001,0.1,512,3,5,4,256,6000,8.0,2633729,4,4,9977,4108,900022,7,1,42001,95,570.0,4.75,7.93725,0.81861669
cold,0,1,0,0.0001,0.1,512,3,5,4,256,6000,8.0,2633729,4,4,9977,4108,900022,7,1,42001,96,576.0,4.8,8.0208,0.8195473
cold,0,1,0,0.0001,0.1,512,3,5,4,256,6000,8.0,2633729,4,4,9977,4108,900022,7,1,42001,97,582.0,4.85,8.10435,0.82033455
cold,0,1,0,0.0001,0.1,512,3,5,4,256,6000,8.0,2633729,4,4,9977,4108,900022,7,1,42001,98,588.0,4.9,8.1879,0.82101893
cold,0,1,0,0.0001,0.1,512,3,5,4,256,6000,8.0,2633729,4,4,9977,4108,900022,7,1,42001,99,594.0,4.95,8.27145,0.82155621
cold,0,1,0,0.0001,0.1,512,3,5,4,256,6000,8.0,2633729,4,4,9977,4108,900022,7,1,42001,100,600.0,5.0,8.355,0.82197982
cold,0,1,0,0.0001,0.1,512,3,5,4,256,6000,8.0,2633729,4,4,9977,4108,900022,7,1,42001,101,606.0,5.05,8.43855,0.82245225
cold,0,1,0,0.0001,0.1,512,3,5,4,256,6000,8.0,2633729,4,4,9977,4108,900022,7,1,42001,102,612.0,5.1,8.5221,0.82312578
cold,0,1,0,0.0001,0.1,512,3,5,4,256,6000,8.0,2633729,4,4,9977,4108,900022,7,1,42001,103,618.0,5.15,8.60565,0.82398355
cold,0,1,0,0.0001,0.1,512,3,5,4,256,6000,8.0,2633729,4,4,9977,4108,900022,7,1,42001,104,624.0,5.2,8.6892,0.82488924
cold,0,1,0,0.0001,0.1,512,3,5,4,256,6000,8.0,2633729,4,4,9977,4108,900022,7,1,42001,105,630.0,5.25,8.77275,0.82573652
cold,0,1,0,0.0001,0.1,512,3,5,4,256,6000,8.0,2633729,4,4,9977,4108,900022,7,1,42001,106,636.0,5.3,8.8563,0.82651967
cold,0,1,0,0.0001,0.1,512,3,5,4,256,6000,8.0,2633729,4,4,9977,4108,900022,7,1,42001,107,642.0,5.35,8.93985,0.82733488
cold,0,1,0,0.0001,0.1,512,3,5,4,256,6000,8.0,2633729,4,4,9977,4108,900022,7,1,42001,108,648.0,5.4,9.0234,0.82830656
cold,0,1,0,0.0001,0.1,512,3,5,4,256,6000,8.0,2633729,4,4,9977,4108,900022,7,1,42001,109,654.0,5.45,9.10695,0.82949346
cold,0,1,0,0.0001,0.1,512,3,5,4,256,6000,8.0,2633729,4,4,9977,4108,900022,7,1,42001,110,660.0,5.5,9.1905,0.83091247
cold,0,1,0,0.0001,0.1,512,3,5,4,256,6000,8.0,2633729,4,4,9977,4108,900022,7,1,42001,111,666.0,5.55,9.27405,0.83257526
cold,0,1,0,0.0001,0.1,512,3,5,4,256,6000,8.0,2633729,4,4,9977,4108,900022,7,1,42001,112,672.0,5.6,9.3576,0.83441073
cold,0,1,0,0.0001,0.1,512,3,5,4,256,6000,8.0,2633729,4,4,9977,4108,900022,7,1,42001,113,678.0,5.65,9.44115,0.83620954
cold,0,1,0,0.0001,0.1,512,3,5,4,256,6000,8.0,2633729,4,4,9977,4108,900022,7,1,42001,114,684.0,5.7,9.5247,0.83772802
cold,0,1,0,0.0001,0.1,512,3,5,4,256,6000,8.0,2633729,4,4,9977,4108,900022,7,1,42001,115,690.0,5.75,9.60825,0.83882082
cold,0,1,0,0.0001,0.1,512,3,5,4,256,6000,8.0,2633729,4,4,9977,4108,900022,7,1,42001,116,696.0,5.8,9.6918,0.83950031
cold,0,1,0,0.0001,0.1,512,3,5,4,256,6000,8.0,2633729,4,4,9977,4108,900022,7,1,42001,117,702.0,5.85,9.77535,0.83988392
cold,0,1,0,0.0001,0.1,512,3,5,4,256,6000,8.0,2633729,4,4,9977,4108,900022,7,1,42001,118,708.0,5.9,9.8589,0.84007704
cold,0,1,0,0.0001,0.1,512,3,5,4,256,6000,8.0,2633729,4,4,9977,4108,900022,7,1,42001,119,714.0,5.95,9.94245,0.84016138
cold,0,1,0,0.0001,0.1,512,3,5,4,256,6000,8.0,2633729,4,4,9977,4108,900022,7,1,42001,120,720.0,6.0,10.026,0.84025043
cold,0,1,0,0.0001,0.1,512,3,5,4,256,6000,8.0,2633729,4,4,9977,4108,900022,7,12,42012,1,6.0,0.05,0.08355,0.11840741
cold,0,1,0,0.0001,0.1,512,3,5,4,256,6000,8.0,2633729,4,4,9977,4108,900022,7,12,42012,2,12.0,0.1,0.1671,0.19980772
cold,0,1,0,0.0001,0.1,512,3,5,4,256,6000,8.0,2633729,4,4,9977,4108,900022,7,12,42012,3,18.0,0.15,0.25065,0.28360769
cold,0,1,0,0.0001,0.1,512,3,5,4,256,6000,8.0,2633729,4,4,9977,4108,900022,7,12,42012,4,24.0,0.2,0.3342,0.35958967
cold,0,1,0,0.0001,0.1,512,3,5,4,256,6000,8.0,2633729,4,4,9977,4108,900022,7,12,42012,5,30.0,0.25,0.41775,0.42303303
cold,0,1,0,0.0001,0.1,512,3,5,4,256,6000,8.0,2633729,4,4,9977,4108,900022,7,12,42012,6,36.0,0.3,0.5013,0.4726291
cold,0,1,0,0.0001,0.1,512,3,5,4,256,6000,8.0,2633729,4,4,9977,4108,900022,7,12,42012,7,42.0,0.35,0.58485,0.50941193
cold,0,1,0,0.0001,0.1,512,3,5,4,256,6000,8.0,2633729,4,4,9977,4108,900022,7,12,42012,8,48.0,0.4,0.6684,0.53677255
cold,0,1,0,0.0001,0.1,512,3,5,4,256,6000,8.0,2633729,4,4,9977,4108,900022,7,12,42012,9,54.0,0.45,0.75195,0.55810505
cold,0,1,0,0.0001,0.1,512,3,5,4,256,6000,8.0,2633729,4,4,9977,4108,900022,7,12,42012,10,60.0,0.5,0.8355,0.57519686
cold,0,1,0,0.0001,0.1,512,3,5,4,256,6000,8.0,2633729,4,4,9977,4108,900022,7,12,42012,11,66.0,0.55,0.91905,0.58894241
cold,0,1,0,0.0001,0.1,512,3,5,4,256,6000,8.0,2633729,4,4,9977,4108,900022,7,12,42012,12,72.0,0.6,1.0026,0.60030395
cold,0,1,0,0.0001,0.1,512,3,5,4,256,6000,8.0,2633729,4,4,9977,4108,900022,7,12,42012,13,78.0,0.65,1.08615,0.6102348
cold,0,1,0,0.0001,0.1,512,3,5,4,256,6000,8.0,2633729,4,4,9977,4108,900022,7,12,42012,14,84.0,0.7,1.1697,0.61915708
cold,0,1,0,0.0001,0.1,512,3,5,4,256,6000,8.0,2633729,4,4,9977,4108,900022,7,12,42012,15,90.0,0.75,1.25325,0.62693673
cold,0,1,0,0.0001,0.1,512,3,5,4,256,6000,8.0,2633729,4,4,9977,4108,900022,7,12,42012,16,96.0,0.8,1.3368,0.63362998
cold,0,1,0,0.0001,0.1,512,3,5,4,256,6000,8.0,2633729,4,4,9977,4108,900022,7,12,42012,17,102.0,0.85,1.42035,0.63988888
cold,0,1,0,0.0001,0.1,512,3,5,4,256,6000,8.0,2633729,4,4,9977,4108,900022,7,12,42012,18,108.0,0.9,1.5039,0.64618653
cold,0,1,0,0.0001,0.1,512,3,5,4,256,6000,8.0,2633729,4,4,9977,4108,900022,7,12,42012,19,114.0,0.95,1.58745,0.65217996
cold,0,1,0,0.0001,0.1,512,3,5,4,256,6000,8.0,2633729,4,4,9977,4108,900022,7,12,42012,20,120.0,1.0,1.671,0.65727329
cold,0,1,0,0.0001,0.1,512,3,5,4,256,6000,8.0,2633729,4,4,9977,4108,900022,7,12,42012,21,126.0,1.05,1.75455,0.66146463
cold,0,1,0,0.0001,0.1,512,3,5,4,256,6000,8.0,2633729,4,4,9977,4108,900022,7,12,42012,22,132.0,1.1,1.8381,0.66534275
cold,0,1,0,0.0001,0.1,512,3,5,4,256,6000,8.0,2633729,4,4,9977,4108,900022,7,12,42012,23,138.0,1.15,1.92165,0.66964483
cold,0,1,0,0.0001,0.1,512,3,5,4,256,6000,8.0,2633729,4,4,9977,4108,900022,7,12,42012,24,144.0,1.2,2.0052,0.67474186
cold,0,1,0,0.0001,0.1,512,3,5,4,256,6000,8.0,2633729,4,4,9977,4108,900022,7,12,42012,25,150.0,1.25,2.08875,0.67989373
cold,0,1,0,0.0001,0.1,512,3,5,4,256,6000,8.0,2633729,4,4,9977,4108,900022,7,12,42012,26,156.0,1.3,2.1723,0.68390632
cold,0,1,0,0.0001,0.1,512,3,5,4,256,6000,8.0,2633729,4,4,9977,4108,900022,7,12,42012,27,162.0,1.35,2.25585,0.68665981
cold,0,1,0,0.0001,0.1,512,3,5,4,256,6000,8.0,2633729,4,4,9977,4108,900022,7,12,42012,28,168.0,1.4,2.3394,0.68887776
cold,0,1,0,0.0001,0.1,512,3,5,4,256,6000,8.0,2633729,4,4,9977,4108,900022,7,12,42012,29,174.0,1.45,2.42295,0.69090241
cold,0,1,0,0.0001,0.1,512,3,5,4,256,6000,8.0,2633729,4,4,9977,4108,900022,7,12,42012,30,180.0,1.5,2.5065,0.69245791
cold,0,1,0,0.0001,0.1,512,3,5,4,256,6000,8.0,2633729,4,4,9977,4108,900022,7,12,42012,31,186.0,1.55,2.59005,0.6935513
cold,0,1,0,0.0001,0.1,512,3,5,4,256,6000,8.0,2633729,4,4,9977,4108,900022,7,12,42012,32,192.0,1.6,2.6736,0.69495857
cold,0,1,0,0.0001,0.1,512,3,5,4,256,6000,8.0,2633729,4,4,9977,4108,900022,7,12,42012,33,198.0,1.65,2.75715,0.69739527
cold,0,1,0,0.0001,0.1,512,3,5,4,256,6000,8.0,2633729,4,4,9977,4108,900022,7,12,42012,34,204.0,1.7,2.8407,0.70073622
cold,0,1,0,0.0001,0.1,512,3,5,4,256,6000,8.0,2633729,4,4,9977,4108,900022,7,12,42012,35,210.0,1.75,2.92425,0.70407426
cold,0,1,0,0.0001,0.1,512,3,5,4,256,6000,8.0,2633729,4,4,9977,4108,900022,7,12,42012,36,216.0,1.8,3.0078,0.70657009
cold,0,1,0,0.0001,0.1,512,3,5,4,256,6000,8.0,2633729,4,4,9977,4108,900022,7,12,42012,37,222.0,1.85,3.09135,0.70830029
cold,0,1,0,0.0001,0.1,512,3,5,4,256,6000,8.0,2633729,4,4,9977,4108,900022,7,12,42012,38,228.0,1.9,3.1749,0.70965779
cold,0,1,0,0.0001,0.1,512,3,5,4,256,6000,8.0,2633729,4,4,9977,4108,900022,7,12,42012,39,234.0,1.95,3.25845,0.71044391
cold,0,1,0,0.0001,0.1,512,3,5,4,256,6000,8.0,2633729,4,4,9977,4108,900022,7,12,42012,40,240.0,2.0,3.342,0.71019799
cold,0,1,0,0.0001,0.1,512,3,5,4,256,6000,8.0,2633729,4,4,9977,4108,900022,7,12,42012,41,246.0,2.05,3.42555,0.70906252
cold,0,1,0,0.0001,0.1,512,3,5,4,256,6000,8.0,2633729,4,4,9977,4108,900022,7,12,42012,42,252.0,2.1,3.5091,0.70788264
cold,0,1,0,0.0001,0.1,512,3,5,4,256,6000,8.0,2633729,4,4,9977,4108,900022,7,12,42012,43,258.0,2.15,3.59265,0.70755821
cold,0,1,0,0.0001,0.1,512,3,5,4,256,6000,8.0,2633729,4,4,9977,4108,900022,7,12,42012,44,264.0,2.2,3.6762,0.70844167
cold,0,1,0,0.0001,0.1,512,3,5,4,256,6000,8.0,2633729,4,4,9977,4108,900022,7,12,42012,45,270.0,2.25,3.75975,0.70994431
cold,0,1,0,0.0001,0.1,512,3,5,4,256,6000,8.0,2633729,4,4,9977,4108,900022,7,12,42012,46,276.0,2.3,3.8433,0.71109962
cold,0,1,0,0.0001,0.1,512,3,5,4,256,6000,8.0,2633729,4,4,9977,4108,900022,7,12,42012,47,282.0,2.35,3.92685,0.71155351
cold,0,1,0,0.0001,0.1,512,3,5,4,256,6000,8.0,2633729,4,4,9977,4108,900022,7,12,42012,48,288.0,2.4,4.0104,0.71158844
cold,0,1,0,0.0001,0.1,512,3,5,4,256,6000,8.0,2633729,4,4,9977,4108,900022,7,12,42012,49,294.0,2.45,4.09395,0.71133852
cold,0,1,0,0.0001,0.1,512,3,5,4,256,6000,8.0,2633729,4,4,9977,4108,900022,7,12,42012,50,300.0,2.5,4.1775,0.71049631
cold,0,1,0,0.0001,0.1,512,3,5,4,256,6000,8.0,2633729,4,4,9977,4108,900022,7,12,42012,51,306.0,2.55,4.26105,0.70918947
cold,0,1,0,0.0001,0.1,512,3,5,4,256,6000,8.0,2633729,4,4,9977,4108,900022,7,12,42012,52,312.0,2.6,4.3446,0.70841777
cold,0,1,0,0.0001,0.1,512,3,5,4,256,6000,8.0,2633729,4,4,9977,4108,900022,7,12,42012,53,318.0,2.65,4.42815,0.70898467
cold,0,1,0,0.0001,0.1,512,3,5,4,256,6000,8.0,2633729,4,4,9977,4108,900022,7,12,42012,54,324.0,2.7,4.5117,0.71068901
cold,0,1,0,0.0001,0.1,512,3,5,4,256,6000,8.0,2633729,4,4,9977,4108,900022,7,12,42012,55,330.0,2.75,4.59525,0.71258664
cold,0,1,0,0.0001,0.1,512,3,5,4,256,6000,8.0,2633729,4,4,9977,4108,900022,7,12,42012,56,336.0,2.8,4.6788,0.71393776
cold,0,1,0,0.0001,0.1,512,3,5,4,256,6000,8.0,2633729,4,4,9977,4108,900022,7,12,42012,57,342.0,2.85,4.76235,0.71489495
cold,0,1,0,0.0001,0.1,512,3,5,4,256,6000,8.0,2633729,4,4,9977,4108,900022,7,12,42012,58,348.0,2.9,4.8459,0.71574026
cold,0,1,0,0.0001,0.1,512,3,5,4,256,6000,8.0,2633729,4,4,9977,4108,900022,7,12,42012,59,354.0,2.95,4.92945,0.71605492
cold,0,1,0,0.0001,0.1,512,3,5,4,256,6000,8.0,2633729,4,4,9977,4108,900022,7,12,42012,60,360.0,3.0,5.013,0.71523434
cold,0,1,0,0.0001,0.1,512,3,5,4,256,6000,8.0,2633729,4,4,9977,4108,900022,7,12,42012,61,366.0,3.05,5.09655,0.71344811
cold,0,1,0,0.0001,0.1,512,3,5,4,256,6000,8.0,2633729,4,4,9977,4108,900022,7,12,42012,62,372.0,3.1,5.1801,0.71162832
cold,0,1,0,0.0001,0.1,512,3,5,4,256,6000,8.0,2633729,4,4,9977,4108,900022,7,12,42012,63,378.0,3.15,5.26365,0.71065748
cold,0,1,0,0.0001,0.1,512,3,5,4,256,6000,8.0,2633729,4,4,9977,4108,900022,7,12,42012,64,384.0,3.2,5.3472,0.71077847
cold,0,1,0,0.0001,0.1,512,3,5,4,256,6000,8.0,2633729,4,4,9977,4108,900022,7,12,42012,65,390.0,3.25,5.43075,0.71133196
cold,0,1,0,0.0001,0.1,512,3,5,4,256,6000,8.0,2633729,4,4,9977,4108,900022,7,12,42012,66,396.0,3.3,5.5143,0.71139145
cold,0,1,0,0.0001,0.1,512,3,5,4,256,6000,8.0,2633729,4,4,9977,4108,900022,7,12,42012,67,402.0,3.35,5.59785,0.71072751
cold,0,1,0,0.0001,0.1,512,3,5,4,256,6000,8.0,2633729,4,4,9977,4108,900022,7,12,42012,68,408.0,3.4,5.6814,0.70981252
cold,0,1,0,0.0001,0.1,512,3,5,4,256,6000,8.0,2633729,4,4,9977,4108,900022,7,12,42012,69,414.0,3.45,5.76495,0.70896125
cold,0,1,0,0.0001,0.1,512,3,5,4,256,6000,8.0,2633729,4,4,9977,4108,900022,7,12,42012,70,420.0,3.5,5.8485,0.70786685
cold,0,1,0,0.0001,0.1,512,3,5,4,256,6000,8.0,2633729,4,4,9977,4108,900022,7,12,42012,71,426.0,3.55,5.93205,0.7064988
cold,0,1,0,0.0001,0.1,512,3,5,4,256,6000,8.0,2633729,4,4,9977,4108,900022,7,12,42012,72,432.0,3.6,6.0156,0.70572895
cold,0,1,0,0.0001,0.1,512,3,5,4,256,6000,8.0,2633729,4,4,9977,4108,900022,7,12,42012,73,438.0,3.65,6.09915,0.70632136
cold,0,1,0,0.0001,0.1,512,3,5,4,256,6000,8.0,2633729,4,4,9977,4108,900022,7,12,42012,74,444.0,3.7,6.1827,0.70809937
cold,0,1,0,0.0001,0.1,512,3,5,4,256,6000,8.0,2633729,4,4,9977,4108,900022,7,12,42012,75,450.0,3.75,6.26625,0.71013385
cold,0,1,0,0.0001,0.1,512,3,5,4,256,6000,8.0,2633729,4,4,9977,4108,900022,7,12,42012,76,456.0,3.8,6.3498,0.71162772
cold,0,1,0,0.0001,0.1,512,3,5,4,256,6000,8.0,2633729,4,4,9977,4108,900022,7,12,42012,77,462.0,3.85,6.43335,0.71266311
cold,0,1,0,0.0001,0.1,512,3,5,4,256,6000,8.0,2633729,4,4,9977,4108,900022,7,12,42012,78,468.0,3.9,6.5169,0.71353
cold,0,1,0,0.0001,0.1,512,3,5,4,256,6000,8.0,2633729,4,4,9977,4108,900022,7,12,42012,79,474.0,3.95,6.60045,0.71389467
cold,0,1,0,0.0001,0.1,512,3,5,4,256,6000,8.0,2633729,4,4,9977,4108,900022,7,12,42012,80,480.0,4.0,6.684,0.71319592
cold,0,1,0,0.0001,0.1,512,3,5,4,256,6000,8.0,2633729,4,4,9977,4108,900022,7,12,42012,81,486.0,4.05,6.76755,0.71153778
cold,0,1,0,0.0001,0.1,512,3,5,4,256,6000,8.0,2633729,4,4,9977,4108,900022,7,12,42012,82,492.0,4.1,6.8511,0.70976454
cold,0,1,0,0.0001,0.1,512,3,5,4,256,6000,8.0,2633729,4,4,9977,4108,900022,7,12,42012,83,498.0,4.15,6.93465,0.70873016
cold,0,1,0,0.0001,0.1,512,3,5,4,256,6000,8.0,2633729,4,4,9977,4108,900022,7,12,42012,84,504.0,4.2,7.0182,0.70870203
cold,0,1,0,0.0001,0.1,512,3,5,4,256,6000,8.0,2633729,4,4,9977,4108,900022,7,12,42012,85,510.0,4.25,7.10175,0.70905751
cold,0,1,0,0.0001,0.1,512,3,5,4,256,6000,8.0,2633729,4,4,9977,4108,900022,7,12,42012,86,516.0,4.3,7.1853,0.70887959
cold,0,1,0,0.0001,0.1,512,3,5,4,256,6000,8.0,2633729,4,4,9977,4108,900022,7,12,42012,87,522.0,4.35,7.26885,0.70791954
cold,0,1,0,0.0001,0.1,512,3,5,4,256,6000,8.0,2633729,4,4,9977,4108,900022,7,12,42012,88,528.0,4.4,7.3524,0.70664704
cold,0,1,0,0.0001,0.1,512,3,5,4,256,6000,8.0,2633729,4,4,9977,4108,900022,7,12,42012,89,534.0,4.45,7.43595,0.70543033
cold,0,1,0,0.0001,0.1,512,3,5,4,256,6000,8.0,2633729,4,4,9977,4108,900022,7,12,42012,90,540.0,4.5,7.5195,0.70406628
cold,0,1,0,0.0001,0.1,512,3,5,4,256,6000,8.0,2633729,4,4,9977,4108,900022,7,12,42012,91,546.0,4.55,7.60305,0.70264649
cold,0,1,0,0.0001,0.1,512,3,5,4,256,6000,8.0,2633729,4,4,9977,4108,900022,7,12,42012,92,552.0,4.6,7.6866,0.70211786
cold,0,1,0,0.0001,0.1,512,3,5,4,256,6000,8.0,2633729,4,4,9977,4108,900022,7,12,42012,93,558.0,4.65,7.77015,0.70316494
cold,0,1,0,0.0001,0.1,512,3,5,4,256,6000,8.0,2633729,4,4,9977,4108,900022,7,12,42012,94,564.0,4.7,7.8537,0.70538074
cold,0,1,0,0.0001,0.1,512,3,5,4,256,6000,8.0,2633729,4,4,9977,4108,900022,7,12,42012,95,570.0,4.75,7.93725,0.70765406
cold,0,1,0,0.0001,0.1,512,3,5,4,256,6000,8.0,2633729,4,4,9977,4108,900022,7,12,42012,96,576.0,4.8,8.0208,0.70920569
cold,0,1,0,0.0001,0.1,512,3,5,4,256,6000,8.0,2633729,4,4,9977,4108,900022,7,12,42012,97,582.0,4.85,8.10435,0.71028006
cold,0,1,0,0.0001,0.1,512,3,5,4,256,6000,8.0,2633729,4,4,9977,4108,900022,7,12,42012,98,588.0,4.9,8.1879,0.71130663
cold,0,1,0,0.0001,0.1,512,3,5,4,256,6000,8.0,2633729,4,4,9977,4108,900022,7,12,42012,99,594.0,4.95,8.27145,0.7119655
cold,0,1,0,0.0001,0.1,512,3,5,4,256,6000,8.0,2633729,4,4,9977,4108,900022,7,12,42012,100,600.0,5.0,8.355,0.71160752
cold,0,1,0,0.0001,0.1,512,3,5,4,256,6000,8.0,2633729,4,4,9977,4108,900022,7,12,42012,101,606.0,5.05,8.43855,0.71025234
cold,0,1,0,0.0001,0.1,512,3,5,4,256,6000,8.0,2633729,4,4,9977,4108,900022,7,12,42012,102,612.0,5.1,8.5221,0.70873433
cold,0,1,0,0.0001,0.1,512,3,5,4,256,6000,8.0,2633729,4,4,9977,4108,900022,7,12,42012,103,618.0,5.15,8.60565,0.707955
cold,0,1,0,0.0001,0.1,512,3,5,4,256,6000,8.0,2633729,4,4,9977,4108,900022,7,12,42012,104,624.0,5.2,8.6892,0.70827615
cold,0,1,0,0.0001,0.1,512,3,5,4,256,6000,8.0,2633729,4,4,9977,4108,900022,7,12,42012,105,630.0,5.25,8.77275,0.70908344
cold,0,1,0,0.0001,0.1,512,3,5,4,256,6000,8.0,2633729,4,4,9977,4108,900022,7,12,42012,106,636.0,5.3,8.8563,0.70925415
cold,0,1,0,0.0001,0.1,512,3,5,4,256,6000,8.0,2633729,4,4,9977,4108,900022,7,12,42012,107,642.0,5.35,8.93985,0.70830166
cold,0,1,0,0.0001,0.1,512,3,5,4,256,6000,8.0,2633729,4,4,9977,4108,900022,7,12,42012,108,648.0,5.4,9.0234,0.70665163
cold,0,1,0,0.0001,0.1,512,3,5,4,256,6000,8.0,2633729,4,4,9977,4108,900022,7,12,42012,109,654.0,5.45,9.10695,0.70488358
cold,0,1,0,0.0001,0.1,512,3,5,4,256,6000,8.0,2633729,4,4,9977,4108,900022,7,12,42012,110,660.0,5.5,9.1905,0.70312458
cold,0,1,0,0.0001,0.1,512,3,5,4,256,6000,8.0,2633729,4,4,9977,4108,900022,7,12,42012,111,666.0,5.55,9.27405,0.70167553
cold,0,1,0,0.0001,0.1,512,3,5,4,256,6000,8.0,2633729,4,4,9977,4108,900022,7,12,42012,112,672.0,5.6,9.3576,0.70143628
cold,0,1,0,0.0001,0.1,512,3,5,4,256,6000,8.0,2633729,4,4,9977,4108,900022,7,12,42012,113,678.0,5.65,9.44115,0.70289397
cold,0,1,0,0.0001,0.1,512,3,5,4,256,6000,8.0,2633729,4,4,9977,4108,900022,7,12,42012,114,684.0,5.7,9.5247,0.70546943
cold,0,1,0,0.0001,0.1,512,3,5,4,256,6000,8.0,2633729,4,4,9977,4108,900022,7,12,42012,115,690.0,5.75,9.60825,0.7079497
cold,0,1,0,0.0001,0.1,512,3,5,4,256,6000,8.0,2633729,4,4,9977,4108,900022,7,12,42012,116,696.0,5.8,9.6918,0.7095499
cold,0,1,0,0.0001,0.1,512,3,5,4,256,6000,8.0,2633729,4,4,9977,4108,900022,7,12,42012,117,702.0,5.85,9.77535,0.7105732
cold,0,1,0,0.0001,0.1,512,3,5,4,256,6000,8.0,2633729,4,4,9977,4108,900022,7,12,42012,118,708.0,5.9,9.8589,0.71145087
cold,0,1,0,0.0001,0.1,512,3,5,4,256,6000,8.0,2633729,4,4,9977,4108,900022,7,12,42012,119,714.0,5.95,9.94245,0.711869
cold,0,1,0,0.0001,0.1,512,3,5,4,256,6000,8.0,2633729,4,4,9977,4108,900022,7,12,42012,120,720.0,6.0,10.026,0.71125013
cold,0,1,0,0.0001,0.1,512,3,5,4,256,6000,8.0,2633729,4,4,9977,4108,900022,7,54,42054,1,6.0,0.05,0.08355,0.09028785
cold,0,1,0,0.0001,0.1,512,3,5,4,256,6000,8.0,2633729,4,4,9977,4108,900022,7,54,42054,2,12.0,0.1,0.1671,0.13167544
cold,0,1,0,0.0001,0.1,512,3,5,4,256,6000,8.0,2633729,4,4,9977,4108,900022,7,54,42054,3,18.0,0.15,0.25065,0.1770833
cold,0,1,0,0.0001,0.1,512,3,5,4,256,6000,8.0,2633729,4,4,9977,4108,900022,7,54,42054,4,24.0,0.2,0.3342,0.22362585
cold,0,1,0,0.0001,0.1,512,3,5,4,256,6000,8.0,2633729,4,4,9977,4108,900022,7,54,42054,5,30.0,0.25,0.41775,0.26845789
cold,0,1,0,0.0001,0.1,512,3,5,4,256,6000,8.0,2633729,4,4,9977,4108,900022,7,54,42054,6,36.0,0.3,0.5013,0.3101075
cold,0,1,0,0.0001,0.1,512,3,5,4,256,6000,8.0,2633729,4,4,9977,4108,900022,7,54,42054,7,42.0,0.35,0.58485,0.34838018
cold,0,1,0,0.0001,0.1,512,3,5,4,256,6000,8.0,2633729,4,4,9977,4108,900022,7,54,42054,8,48.0,0.4,0.6684,0.38346389
cold,0,1,0,0.0001,0.1,512,3,5,4,256,6000,8.0,2633729,4,4,9977,4108,900022,7,54,42054,9,54.0,0.45,0.75195,0.41575035
cold,0,1,0,0.0001,0.1,512,3,5,4,256,6000,8.0,2633729,4,4,9977,4108,900022,7,54,42054,10,60.0,0.5,0.8355,0.44572845
cold,0,1,0,0.0001,0.1,512,3,5,4,256,6000,8.0,2633729,4,4,9977,4108,900022,7,54,42054,11,66.0,0.55,0.91905,0.47328252
cold,0,1,0,0.0001,0.1,512,3,5,4,256,6000,8.0,2633729,4,4,9977,4108,900022,7,54,42054,12,72.0,0.6,1.0026,0.49825186
cold,0,1,0,0.0001,0.1,512,3,5,4,256,6000,8.0,2633729,4,4,9977,4108,900022,7,54,42054,13,78.0,0.65,1.08615,0.520836
cold,0,1,0,0.0001,0.1,512,3,5,4,256,6000,8.0,2633729,4,4,9977,4108,900022,7,54,42054,14,84.0,0.7,1.1697,0.54133326
cold,0,1,0,0.0001,0.1,512,3,5,4,256,6000,8.0,2633729,4,4,9977,4108,900022,7,54,42054,15,90.0,0.75,1.25325,0.56010681
cold,0,1,0,0.0001,0.1,512,3,5,4,256,6000,8.0,2633729,4,4,9977,4108,900022,7,54,42054,16,96.0,0.8,1.3368,0.57700258
cold,0,1,0,0.0001,0.1,512,3,5,4,256,6000,8.0,2633729,4,4,9977,4108,900022,7,54,42054,17,102.0,0.85,1.42035,0.59177613
cold,0,1,0,0.0001,0.1,512,3,5,4,256,6000,8.0,2633729,4,4,9977,4108,900022,7,54,42054,18,108.0,0.9,1.5039,0.6049248
cold,0,1,0,0.0001,0.1,512,3,5,4,256,6000,8.0,2633729,4,4,9977,4108,900022,7,54,42054,19,114.0,0.95,1.58745,0.61671501
cold,0,1,0,0.0001,0.1,512,3,5,4,256,6000,8.0,2633729,4,4,9977,4108,900022,7,54,42054,20,120.0,1.0,1.671,0.62655514
cold,0,1,0,0.0001,0.1,512,3,5,4,256,6000,8.0,2633729,4,4,9977,4108,900022,7,54,42054,21,126.0,1.05,1.75455,0.63419217
cold,0,1,0,0.0001,0.1,512,3,5,4,256,6000,8.0,2633729,4,4,9977,4108,900022,7,54,42054,22,132.0,1.1,1.8381,0.64026344
cold,0,1,0,0.0001,0.1,512,3,5,4,256,6000,8.0,2633729,4,4,9977,4108,900022,7,54,42054,23,138.0,1.15,1.92165,0.64559287
cold,0,1,0,0.0001,0.1,512,3,5,4,256,6000,8.0,2633729,4,4,9977,4108,900022,7,54,42054,24,144.0,1.2,2.0052,0.65062469
cold,0,1,0,0.0001,0.1,512,3,5,4,256,6000,8.0,2633729,4,4,9977,4108,900022,7,54,42054,25,150.0,1.25,2.08875,0.65507549
cold,0,1,0,0.0001,0.1,512,3,5,4,256,6000,8.0,2633729,4,4,9977,4108,900022,7,54,42054,26,156.0,1.3,2.1723,0.65862989
cold,0,1,0,0.0001,0.1,512,3,5,4,256,6000,8.0,2633729,4,4,9977,4108,900022,7,54,42054,27,162.0,1.35,2.25585,0.66221279
cold,0,1,0,0.0001,0.1,512,3,5,4,256,6000,8.0,2633729,4,4,9977,4108,900022,7,54,42054,28,168.0,1.4,2.3394,0.66707021
cold,0,1,0,0.0001,0.1,512,3,5,4,256,6000,8.0,2633729,4,4,9977,4108,900022,7,54,42054,29,174.0,1.45,2.42295,0.67341256
cold,0,1,0,0.0001,0.1,512,3,5,4,256,6000,8.0,2633729,4,4,9977,4108,900022,7,54,42054,30,180.0,1.5,2.5065,0.68052846
cold,0,1,0,0.0001,0.1,512,3,5,4,256,6000,8.0,2633729,4,4,9977,4108,900022,7,54,42054,31,186.0,1.55,2.59005,0.68767548
cold,0,1,0,0.0001,0.1,512,3,5,4,256,6000,8.0,2633729,4,4,9977,4108,900022,7,54,42054,32,192.0,1.6,2.6736,0.69482654
cold,0,1,0,0.0001,0.1,512,3,5,4,256,6000,8.0,2633729,4,4,9977,4108,900022,7,54,42054,33,198.0,1.65,2.75715,0.70245212
cold,0,1,0,0.0001,0.1,512,3,5,4,256,6000,8.0,2633729,4,4,9977,4108,900022,7,54,42054,34,204.0,1.7,2.8407,0.71067476
cold,0,1,0,0.0001,0.1,512,3,5,4,256,6000,8.0,2633729,4,4,9977,4108,900022,7,54,42054,35,210.0,1.75,2.92425,0.71862608
cold,0,1,0,0.0001,0.1,512,3,5,4,256,6000,8.0,2633729,4,4,9977,4108,900022,7,54,42054,36,216.0,1.8,3.0078,0.72475868
cold,0,1,0,0.0001,0.1,512,3,5,4,256,6000,8.0,2633729,4,4,9977,4108,900022,7,54,42054,37,222.0,1.85,3.09135,0.72849548
cold,0,1,0,0.0001,0.1,512,3,5,4,256,6000,8.0,2633729,4,4,9977,4108,900022,7,54,42054,38,228.0,1.9,3.1749,0.73083353
cold,0,1,0,0.0001,0.1,512,3,5,4,256,6000,8.0,2633729,4,4,9977,4108,900022,7,54,42054,39,234.0,1.95,3.25845,0.73286027
cold,0,1,0,0.0001,0.1,512,3,5,4,256,6000,8.0,2633729,4,4,9977,4108,900022,7,54,42054,40,240.0,2.0,3.342,0.73472434
cold,0,1,0,0.0001,0.1,512,3,5,4,256,6000,8.0,2633729,4,4,9977,4108,900022,7,54,42054,41,246.0,2.05,3.42555,0.73624122
cold,0,1,0,0.0001,0.1,512,3,5,4,256,6000,8.0,2633729,4,4,9977,4108,900022,7,54,42054,42,252.0,2.1,3.5091,0.7378118
cold,0,1,0,0.0001,0.1,512,3,5,4,256,6000,8.0,2633729,4,4,9977,4108,900022,7,54,42054,43,258.0,2.15,3.59265,0.7401256
cold,0,1,0,0.0001,0.1,512,3,5,4,256,6000,8.0,2633729,4,4,9977,4108,900022,7,54,42054,44,264.0,2.2,3.6762,0.74335134
cold,0,1,0,0.0001,0.1,512,3,5,4,256,6000,8.0,2633729,4,4,9977,4108,900022,7,54,42054,45,270.0,2.25,3.75975,0.74676758
cold,0,1,0,0.0001,0.1,512,3,5,4,256,6000,8.0,2633729,4,4,9977,4108,900022,7,54,42054,46,276.0,2.3,3.8433,0.74952132
cold,0,1,0,0.0001,0.1,512,3,5,4,256,6000,8.0,2633729,4,4,9977,4108,900022,7,54,42054,47,282.0,2.35,3.92685,0.75176191
cold,0,1,0,0.0001,0.1,512,3,5,4,256,6000,8.0,2633729,4,4,9977,4108,900022,7,54,42054,48,288.0,2.4,4.0104,0.7541641
cold,0,1,0,0.0001,0.1,512,3,5,4,256,6000,8.0,2633729,4,4,9977,4108,900022,7,54,42054,49,294.0,2.45,4.09395,0.75680864
cold,0,1,0,0.0001,0.1,512,3,5,4,256,6000,8.0,2633729,4,4,9977,4108,900022,7,54,42054,50,300.0,2.5,4.1775,0.75917995
cold,0,1,0,0.0001,0.1,512,3,5,4,256,6000,8.0,2633729,4,4,9977,4108,900022,7,54,42054,51,306.0,2.55,4.26105,0.76120931
cold,0,1,0,0.0001,0.1,512,3,5,4,256,6000,8.0,2633729,4,4,9977,4108,900022,7,54,42054,52,312.0,2.6,4.3446,0.76349097
cold,0,1,0,0.0001,0.1,512,3,5,4,256,6000,8.0,2633729,4,4,9977,4108,900022,7,54,42054,53,318.0,2.65,4.42815,0.76647139
cold,0,1,0,0.0001,0.1,512,3,5,4,256,6000,8.0,2633729,4,4,9977,4108,900022,7,54,42054,54,324.0,2.7,4.5117,0.77006853
cold,0,1,0,0.0001,0.1,512,3,5,4,256,6000,8.0,2633729,4,4,9977,4108,900022,7,54,42054,55,330.0,2.75,4.59525,0.77352875
cold,0,1,0,0.0001,0.1,512,3,5,4,256,6000,8.0,2633729,4,4,9977,4108,900022,7,54,42054,56,336.0,2.8,4.6788,0.77588326
cold,0,1,0,0.0001,0.1,512,3,5,4,256,6000,8.0,2633729,4,4,9977,4108,900022,7,54,42054,57,342.0,2.85,4.76235,0.77721125
cold,0,1,0,0.0001,0.1,512,3,5,4,256,6000,8.0,2633729,4,4,9977,4108,900022,7,54,42054,58,348.0,2.9,4.8459,0.77838165
cold,0,1,0,0.0001,0.1,512,3,5,4,256,6000,8.0,2633729,4,4,9977,4108,900022,7,54,42054,59,354.0,2.95,4.92945,0.77974617
cold,0,1,0,0.0001,0.1,512,3,5,4,256,6000,8.0,2633729,4,4,9977,4108,900022,7,54,42054,60,360.0,3.0,5.013,0.78122699
cold,0,1,0,0.0001,0.1,512,3,5,4,256,6000,8.0,2633729,4,4,9977,4108,900022,7,54,42054,61,366.0,3.05,5.09655,0.78270793
cold,0,1,0,0.0001,0.1,512,3,5,4,256,6000,8.0,2633729,4,4,9977,4108,900022,7,54,42054,62,372.0,3.1,5.1801,0.78417343
cold,0,1,0,0.0001,0.1,512,3,5,4,256,6000,8.0,2633729,4,4,9977,4108,900022,7,54,42054,63,378.0,3.15,5.26365,0.78596705
cold,0,1,0,0.0001,0.1,512,3,5,4,256,6000,8.0,2633729,4,4,9977,4108,900022,7,54,42054,64,384.0,3.2,5.3472,0.78841603
cold,0,1,0,0.0001,0.1,512,3,5,4,256,6000,8.0,2633729,4,4,9977,4108,900022,7,54,42054,65,390.0,3.25,5.43075,0.79095864
cold,0,1,0,0.0001,0.1,512,3,5,4,256,6000,8.0,2633729,4,4,9977,4108,900022,7,54,42054,66,396.0,3.3,5.5143,0.79268157
cold,0,1,0,0.0001,0.1,512,3,5,4,256,6000,8.0,2633729,4,4,9977,4108,900022,7,54,42054,67,402.0,3.35,5.59785,0.79364461
cold,0,1,0,0.0001,0.1,512,3,5,4,256,6000,8.0,2633729,4,4,9977,4108,900022,7,54,42054,68,408.0,3.4,5.6814,0.79453117
cold,0,1,0,0.0001,0.1,512,3,5,4,256,6000,8.0,2633729,4,4,9977,4108,900022,7,54,42054,69,414.0,3.45,5.76495,0.79513907
cold,0,1,0,0.0001,0.1,512,3,5,4,256,6000,8.0,2633729,4,4,9977,4108,900022,7,54,42054,70,420.0,3.5,5.8485,0.79467195
cold,0,1,0,0.0001,0.1,512,3,5,4,256,6000,8.0,2633729,4,4,9977,4108,900022,7,54,42054,71,426.0,3.55,5.93205,0.79334122
cold,0,1,0,0.0001,0.1,512,3,5,4,256,6000,8.0,2633729,4,4,9977,4108,900022,7,54,42054,72,432.0,3.6,6.0156,0.79214382
cold,0,1,0,0.0001,0.1,512,3,5,4,256,6000,8.0,2633729,4,4,9977,4108,900022,7,54,42054,73,438.0,3.65,6.09915,0.79171264
cold,0,1,0,0.0001,0.1,512,3,5,4,256,6000,8.0,2633729,4,4,9977,4108,900022,7,54,42054,74,444.0,3.7,6.1827,0.79217035
cold,0,1,0,0.0001,0.1,512,3,5,4,256,6000,8.0,2633729,4,4,9977,4108,900022,7,54,42054,75,450.0,3.75,6.26625,0.79318953
cold,0,1,0,0.0001,0.1,512,3,5,4,256,6000,8.0,2633729,4,4,9977,4108,900022,7,54,42054,76,456.0,3.8,6.3498,0.79456395
cold,0,1,0,0.0001,0.1,512,3,5,4,256,6000,8.0,2633729,4,4,9977,4108,900022,7,54,42054,77,462.0,3.85,6.43335,0.7969563
cold,0,1,0,0.0001,0.1,512,3,5,4,256,6000,8.0,2633729,4,4,9977,4108,900022,7,54,42054,78,468.0,3.9,6.5169,0.80071324
cold,0,1,0,0.0001,0.1,512,3,5,4,256,6000,8.0,2633729,4,4,9977,4108,900022,7,54,42054,79,474.0,3.95,6.60045,0.80473375
cold,0,1,0,0.0001,0.1,512,3,5,4,256,6000,8.0,2633729,4,4,9977,4108,900022,7,54,42054,80,480.0,4.0,6.684,0.80747271
cold,0,1,0,0.0001,0.1,512,3,5,4,256,6000,8.0,2633729,4,4,9977,4108,900022,7,54,42054,81,486.0,4.05,6.76755,0.80797821
cold,0,1,0,0.0001,0.1,512,3,5,4,256,6000,8.0,2633729,4,4,9977,4108,900022,7,54,42054,82,492.0,4.1,6.8511,0.80642796
cold,0,1,0,0.0001,0.1,512,3,5,4,256,6000,8.0,2633729,4,4,9977,4108,900022,7,54,42054,83,498.0,4.15,6.93465,0.80449164
cold,0,1,0,0.0001,0.1,512,3,5,4,256,6000,8.0,2633729,4,4,9977,4108,900022,7,54,42054,84,504.0,4.2,7.0182,0.80412781
cold,0,1,0,0.0001,0.1,512,3,5,4,256,6000,8.0,2633729,4,4,9977,4108,900022,7,54,42054,85,510.0,4.25,7.10175,0.80523145
cold,0,1,0,0.0001,0.1,512,3,5,4,256,6000,8.0,2633729,4,4,9977,4108,900022,7,54,42054,86,516.0,4.3,7.1853,0.80593479
cold,0,1,0,0.0001,0.1,512,3,5,4,256,6000,8.0,2633729,4,4,9977,4108,900022,7,54,42054,87,522.0,4.35,7.26885,0.80541021
cold,0,1,0,0.0001,0.1,512,3,5,4,256,6000,8.0,2633729,4,4,9977,4108,900022,7,54,42054,88,528.0,4.4,7.3524,0.8047806
cold,0,1,0,0.0001,0.1,512,3,5,4,256,6000,8.0,2633729,4,4,9977,4108,900022,7,54,42054,89,534.0,4.45,7.43595,0.80517054
cold,0,1,0,0.0001,0.1,512,3,5,4,256,6000,8.0,2633729,4,4,9977,4108,900022,7,54,42054,90,540.0,4.5,7.5195,0.80670649
cold,0,1,0,0.0001,0.1,512,3,5,4,256,6000,8.0,2633729,4,4,9977,4108,900022,7,54,42054,91,546.0,4.55,7.60305,0.80941844
cold,0,1,0,0.0001,0.1,512,3,5,4,256,6000,8.0,2633729,4,4,9977,4108,900022,7,54,42054,92,552.0,4.6,7.6866,0.81310189
cold,0,1,0,0.0001,0.1,512,3,5,4,256,6000,8.0,2633729,4,4,9977,4108,900022,7,54,42054,93,558.0,4.65,7.77015,0.81675828
cold,0,1,0,0.0001,0.1,512,3,5,4,256,6000,8.0,2633729,4,4,9977,4108,900022,7,54,42054,94,564.0,4.7,7.8537,0.81917059
cold,0,1,0,0.0001,0.1,512,3,5,4,256,6000,8.0,2633729,4,4,9977,4108,900022,7,54,42054,95,570.0,4.75,7.93725,0.81958228
cold,0,1,0,0.0001,0.1,512,3,5,4,256,6000,8.0,2633729,4,4,9977,4108,900022,7,54,42054,96,576.0,4.8,8.0208,0.81829327
cold,0,1,0,0.0001,0.1,512,3,5,4,256,6000,8.0,2633729,4,4,9977,4108,900022,7,54,42054,97,582.0,4.85,8.10435,0.8168717
cold,0,1,0,0.0001,0.1,512,3,5,4,256,6000,8.0,2633729,4,4,9977,4108,900022,7,54,42054,98,588.0,4.9,8.1879,0.81662816
cold,0,1,0,0.0001,0.1,512,3,5,4,256,6000,8.0,2633729,4,4,9977,4108,900022,7,54,42054,99,594.0,4.95,8.27145,0.81722504
cold,0,1,0,0.0001,0.1,512,3,5,4,256,6000,8.0,2633729,4,4,9977,4108,900022,7,54,42054,100,600.0,5.0,8.355,0.81739259
cold,0,1,0,0.0001,0.1,512,3,5,4,256,6000,8.0,2633729,4,4,9977,4108,900022,7,54,42054,101,606.0,5.05,8.43855,0.81608325
cold,0,1,0,0.0001,0.1,512,3,5,4,256,6000,8.0,2633729,4,4,9977,4108,900022,7,54,42054,102,612.0,5.1,8.5221,0.81313074
cold,0,1,0,0.0001,0.1,512,3,5,4,256,6000,8.0,2633729,4,4,9977,4108,900022,7,54,42054,103,618.0,5.15,8.60565,0.80974281
cold,0,1,0,0.0001,0.1,512,3,5,4,256,6000,8.0,2633729,4,4,9977,4108,900022,7,54,42054,104,624.0,5.2,8.6892,0.80810171
cold,0,1,0,0.0001,0.1,512,3,5,4,256,6000,8.0,2633729,4,4,9977,4108,900022,7,54,42054,105,630.0,5.25,8.77275,0.80942601
cold,0,1,0,0.0001,0.1,512,3,5,4,256,6000,8.0,2633729,4,4,9977,4108,900022,7,54,42054,106,636.0,5.3,8.8563,0.8129552
cold,0,1,0,0.0001,0.1,512,3,5,4,256,6000,8.0,2633729,4,4,9977,4108,900022,7,54,42054,107,642.0,5.35,8.93985,0.8171196
cold,0,1,0,0.0001,0.1,512,3,5,4,256,6000,8.0,2633729,4,4,9977,4108,900022,7,54,42054,108,648.0,5.4,9.0234,0.8208136
cold,0,1,0,0.0001,0.1,512,3,5,4,256,6000,8.0,2633729,4,4,9977,4108,900022,7,54,42054,109,654.0,5.45,9.10695,0.82316428
cold,0,1,0,0.0001,0.1,512,3,5,4,256,6000,8.0,2633729,4,4,9977,4108,900022,7,54,42054,110,660.0,5.5,9.1905,0.82335442
cold,0,1,0,0.0001,0.1,512,3,5,4,256,6000,8.0,2633729,4,4,9977,4108,900022,7,54,42054,111,666.0,5.55,9.27405,0.82184744
cold,0,1,0,0.0001,0.1,512,3,5,4,256,6000,8.0,2633729,4,4,9977,4108,900022,7,54,42054,112,672.0,5.6,9.3576,0.82042414
cold,0,1,0,0.0001,0.1,512,3,5,4,256,6000,8.0,2633729,4,4,9977,4108,900022,7,54,42054,113,678.0,5.65,9.44115,0.82043475
cold,0,1,0,0.0001,0.1,512,3,5,4,256,6000,8.0,2633729,4,4,9977,4108,900022,7,54,42054,114,684.0,5.7,9.5247,0.82165623
cold,0,1,0,0.0001,0.1,512,3,5,4,256,6000,8.0,2633729,4,4,9977,4108,900022,7,54,42054,115,690.0,5.75,9.60825,0.82287973
cold,0,1,0,0.0001,0.1,512,3,5,4,256,6000,8.0,2633729,4,4,9977,4108,900022,7,54,42054,116,696.0,5.8,9.6918,0.82405806
cold,0,1,0,0.0001,0.1,512,3,5,4,256,6000,8.0,2633729,4,4,9977,4108,900022,7,54,42054,117,702.0,5.85,9.77535,0.82678908
cold,0,1,0,0.0001,0.1,512,3,5,4,256,6000,8.0,2633729,4,4,9977,4108,900022,7,54,42054,118,708.0,5.9,9.8589,0.83179837
cold,0,1,0,0.0001,0.1,512,3,5,4,256,6000,8.0,2633729,4,4,9977,4108,900022,7,54,42054,119,714.0,5.95,9.94245,0.83774656
cold,0,1,0,0.0001,0.1,512,3,5,4,256,6000,8.0,2633729,4,4,9977,4108,900022,7,54,42054,120,720.0,6.0,10.026,0.84239495
cold,0,1,0,0.0001,0.1,512,3,5,4,256,6000,8.0,2633729,4,4,9977,4108,900022,7,234,42234,1,6.0,0.05,0.08355,0.04663609
cold,0,1,0,0.0001,0.1,512,3,5,4,256,6000,8.0,2633729,4,4,9977,4108,900022,7,234,42234,2,12.0,0.1,0.1671,0.05433852
cold,0,1,0,0.0001,0.1,512,3,5,4,256,6000,8.0,2633729,4,4,9977,4108,900022,7,234,42234,3,18.0,0.15,0.25065,0.06383526
cold,0,1,0,0.0001,0.1,512,3,5,4,256,6000,8.0,2633729,4,4,9977,4108,900022,7,234,42234,4,24.0,0.2,0.3342,0.07505378
cold,0,1,0,0.0001,0.1,512,3,5,4,256,6000,8.0,2633729,4,4,9977,4108,900022,7,234,42234,5,30.0,0.25,0.41775,0.08670878
cold,0,1,0,0.0001,0.1,512,3,5,4,256,6000,8.0,2633729,4,4,9977,4108,900022,7,234,42234,6,36.0,0.3,0.5013,0.09940232
cold,0,1,0,0.0001,0.1,512,3,5,4,256,6000,8.0,2633729,4,4,9977,4108,900022,7,234,42234,7,42.0,0.35,0.58485,0.11318937
cold,0,1,0,0.0001,0.1,512,3,5,4,256,6000,8.0,2633729,4,4,9977,4108,900022,7,234,42234,8,48.0,0.4,0.6684,0.12876444
cold,0,1,0,0.0001,0.1,512,3,5,4,256,6000,8.0,2633729,4,4,9977,4108,900022,7,234,42234,9,54.0,0.45,0.75195,0.14582147
cold,0,1,0,0.0001,0.1,512,3,5,4,256,6000,8.0,2633729,4,4,9977,4108,900022,7,234,42234,10,60.0,0.5,0.8355,0.16224761
cold,0,1,0,0.0001,0.1,512,3,5,4,256,6000,8.0,2633729,4,4,9977,4108,900022,7,234,42234,11,66.0,0.55,0.91905,0.17722505
cold,0,1,0,0.0001,0.1,512,3,5,4,256,6000,8.0,2633729,4,4,9977,4108,900022,7,234,42234,12,72.0,0.6,1.0026,0.19235283
cold,0,1,0,0.0001,0.1,512,3,5,4,256,6000,8.0,2633729,4,4,9977,4108,900022,7,234,42234,13,78.0,0.65,1.08615,0.20891263
cold,0,1,0,0.0001,0.1,512,3,5,4,256,6000,8.0,2633729,4,4,9977,4108,900022,7,234,42234,14,84.0,0.7,1.1697,0.22686912
cold,0,1,0,0.0001,0.1,512,3,5,4,256,6000,8.0,2633729,4,4,9977,4108,900022,7,234,42234,15,90.0,0.75,1.25325,0.24653752
cold,0,1,0,0.0001,0.1,512,3,5,4,256,6000,8.0,2633729,4,4,9977,4108,900022,7,234,42234,16,96.0,0.8,1.3368,0.26842481
cold,0,1,0,0.0001,0.1,512,3,5,4,256,6000,8.0,2633729,4,4,9977,4108,900022,7,234,42234,17,102.0,0.85,1.42035,0.29213795
cold,0,1,0,0.0001,0.1,512,3,5,4,256,6000,8.0,2633729,4,4,9977,4108,900022,7,234,42234,18,108.0,0.9,1.5039,0.31633201
cold,0,1,0,0.0001,0.1,512,3,5,4,256,6000,8.0,2633729,4,4,9977,4108,900022,7,234,42234,19,114.0,0.95,1.58745,0.33915731
cold,0,1,0,0.0001,0.1,512,3,5,4,256,6000,8.0,2633729,4,4,9977,4108,900022,7,234,42234,20,120.0,1.0,1.671,0.36022592
cold,0,1,0,0.0001,0.1,512,3,5,4,256,6000,8.0,2633729,4,4,9977,4108,900022,7,234,42234,21,126.0,1.05,1.75455,0.38148159
cold,0,1,0,0.0001,0.1,512,3,5,4,256,6000,8.0,2633729,4,4,9977,4108,900022,7,234,42234,22,132.0,1.1,1.8381,0.40427524
cold,0,1,0,0.0001,0.1,512,3,5,4,256,6000,8.0,2633729,4,4,9977,4108,900022,7,234,42234,23,138.0,1.15,1.92165,0.42795974
cold,0,1,0,0.0001,0.1,512,3,5,4,256,6000,8.0,2633729,4,4,9977,4108,900022,7,234,42234,24,144.0,1.2,2.0052,0.45161167
cold,0,1,0,0.0001,0.1,512,3,5,4,256,6000,8.0,2633729,4,4,9977,4108,900022,7,234,42234,25,150.0,1.25,2.08875,0.47517285
cold,0,1,0,0.0001,0.1,512,3,5,4,256,6000,8.0,2633729,4,4,9977,4108,900022,7,234,42234,26,156.0,1.3,2.1723,0.49849391
cold,0,1,0,0.0001,0.1,512,3,5,4,256,6000,8.0,2633729,4,4,9977,4108,900022,7,234,42234,27,162.0,1.35,2.25585,0.5207476
cold,0,1,0,0.0001,0.1,512,3,5,4,256,6000,8.0,2633729,4,4,9977,4108,900022,7,234,42234,28,168.0,1.4,2.3394,0.54218102
cold,0,1,0,0.0001,0.1,512,3,5,4,256,6000,8.0,2633729,4,4,9977,4108,900022,7,234,42234,29,174.0,1.45,2.42295,0.56461596
cold,0,1,0,0.0001,0.1,512,3,5,4,256,6000,8.0,2633729,4,4,9977,4108,900022,7,234,42234,30,180.0,1.5,2.5065,0.5882622
cold,0,1,0,0.0001,0.1,512,3,5,4,256,6000,8.0,2633729,4,4,9977,4108,900022,7,234,42234,31,186.0,1.55,2.59005,0.61084199
cold,0,1,0,0.0001,0.1,512,3,5,4,256,6000,8.0,2633729,4,4,9977,4108,900022,7,234,42234,32,192.0,1.6,2.6736,0.63082486
cold,0,1,0,0.0001,0.1,512,3,5,4,256,6000,8.0,2633729,4,4,9977,4108,900022,7,234,42234,33,198.0,1.65,2.75715,0.64925718
cold,0,1,0,0.0001,0.1,512,3,5,4,256,6000,8.0,2633729,4,4,9977,4108,900022,7,234,42234,34,204.0,1.7,2.8407,0.66761416
cold,0,1,0,0.0001,0.1,512,3,5,4,256,6000,8.0,2633729,4,4,9977,4108,900022,7,234,42234,35,210.0,1.75,2.92425,0.68644369
cold,0,1,0,0.0001,0.1,512,3,5,4,256,6000,8.0,2633729,4,4,9977,4108,900022,7,234,42234,36,216.0,1.8,3.0078,0.70586783
cold,0,1,0,0.0001,0.1,512,3,5,4,256,6000,8.0,2633729,4,4,9977,4108,900022,7,234,42234,37,222.0,1.85,3.09135,0.7247889
cold,0,1,0,0.0001,0.1,512,3,5,4,256,6000,8.0,2633729,4,4,9977,4108,900022,7,234,42234,38,228.0,1.9,3.1749,0.7420854
cold,0,1,0,0.0001,0.1,512,3,5,4,256,6000,8.0,2633729,4,4,9977,4108,900022,7,234,42234,39,234.0,1.95,3.25845,0.75798613
cold,0,1,0,0.0001,0.1,512,3,5,4,256,6000,8.0,2633729,4,4,9977,4108,900022,7,234,42234,40,240.0,2.0,3.342,0.77288884
cold,0,1,0,0.0001,0.1,512,3,5,4,256,6000,8.0,2633729,4,4,9977,4108,900022,7,234,42234,41,246.0,2.05,3.42555,0.78670698
cold,0,1,0,0.0001,0.1,512,3,5,4,256,6000,8.0,2633729,4,4,9977,4108,900022,7,234,42234,42,252.0,2.1,3.5091,0.79904169
cold,0,1,0,0.0001,0.1,512,3,5,4,256,6000,8.0,2633729,4,4,9977,4108,900022,7,234,42234,43,258.0,2.15,3.59265,0.80918372
cold,0,1,0,0.0001,0.1,512,3,5,4,256,6000,8.0,2633729,4,4,9977,4108,900022,7,234,42234,44,264.0,2.2,3.6762,0.81627202
cold,0,1,0,0.0001,0.1,512,3,5,4,256,6000,8.0,2633729,4,4,9977,4108,900022,7,234,42234,45,270.0,2.25,3.75975,0.82053107
cold,0,1,0,0.0001,0.1,512,3,5,4,256,6000,8.0,2633729,4,4,9977,4108,900022,7,234,42234,46,276.0,2.3,3.8433,0.82418168
cold,0,1,0,0.0001,0.1,512,3,5,4,256,6000,8.0,2633729,4,4,9977,4108,900022,7,234,42234,47,282.0,2.35,3.92685,0.82981461
cold,0,1,0,0.0001,0.1,512,3,5,4,256,6000,8.0,2633729,4,4,9977,4108,900022,7,234,42234,48,288.0,2.4,4.0104,0.83769679
cold,0,1,0,0.0001,0.1,512,3,5,4,256,6000,8.0,2633729,4,4,9977,4108,900022,7,234,42234,49,294.0,2.45,4.09395,0.84692514
cold,0,1,0,0.0001,0.1,512,3,5,4,256,6000,8.0,2633729,4,4,9977,4108,900022,7,234,42234,50,300.0,2.5,4.1775,0.85800326
cold,0,1,0,0.0001,0.1,512,3,5,4,256,6000,8.0,2633729,4,4,9977,4108,900022,7,234,42234,51,306.0,2.55,4.26105,0.87092143
cold,0,1,0,0.0001,0.1,512,3,5,4,256,6000,8.0,2633729,4,4,9977,4108,900022,7,234,42234,52,312.0,2.6,4.3446,0.88329017
cold,0,1,0,0.0001,0.1,512,3,5,4,256,6000,8.0,2633729,4,4,9977,4108,900022,7,234,42234,53,318.0,2.65,4.42815,0.89380312
cold,0,1,0,0.0001,0.1,512,3,5,4,256,6000,8.0,2633729,4,4,9977,4108,900022,7,234,42234,54,324.0,2.7,4.5117,0.90416676
cold,0,1,0,0.0001,0.1,512,3,5,4,256,6000,8.0,2633729,4,4,9977,4108,900022,7,234,42234,55,330.0,2.75,4.59525,0.91503793
cold,0,1,0,0.0001,0.1,512,3,5,4,256,6000,8.0,2633729,4,4,9977,4108,900022,7,234,42234,56,336.0,2.8,4.6788,0.92516017
cold,0,1,0,0.0001,0.1,512,3,5,4,256,6000,8.0,2633729,4,4,9977,4108,900022,7,234,42234,57,342.0,2.85,4.76235,0.93394828
cold,0,1,0,0.0001,0.1,512,3,5,4,256,6000,8.0,2633729,4,4,9977,4108,900022,7,234,42234,58,348.0,2.9,4.8459,0.94151461
cold,0,1,0,0.0001,0.1,512,3,5,4,256,6000,8.0,2633729,4,4,9977,4108,900022,7,234,42234,59,354.0,2.95,4.92945,0.9467383
cold,0,1,0,0.0001,0.1,512,3,5,4,256,6000,8.0,2633729,4,4,9977,4108,900022,7,234,42234,60,360.0,3.0,5.013,0.94763196
cold,0,1,0,0.0001,0.1,512,3,5,4,256,6000,8.0,2633729,4,4,9977,4108,900022,7,234,42234,61,366.0,3.05,5.09655,0.94452906
cold,0,1,0,0.0001,0.1,512,3,5,4,256,6000,8.0,2633729,4,4,9977,4108,900022,7,234,42234,62,372.0,3.1,5.1801,0.94091177
cold,0,1,0,0.0001,0.1,512,3,5,4,256,6000,8.0,2633729,4,4,9977,4108,900022,7,234,42234,63,378.0,3.15,5.26365,0.94060898
cold,0,1,0,0.0001,0.1,512,3,5,4,256,6000,8.0,2633729,4,4,9977,4108,900022,7,234,42234,64,384.0,3.2,5.3472,0.94435418
cold,0,1,0,0.0001,0.1,512,3,5,4,256,6000,8.0,2633729,4,4,9977,4108,900022,7,234,42234,65,390.0,3.25,5.43075,0.94991773
cold,0,1,0,0.0001,0.1,512,3,5,4,256,6000,8.0,2633729,4,4,9977,4108,900022,7,234,42234,66,396.0,3.3,5.5143,0.95494795
cold,0,1,0,0.0001,0.1,512,3,5,4,256,6000,8.0,2633729,4,4,9977,4108,900022,7,234,42234,67,402.0,3.35,5.59785,0.95922977
cold,0,1,0,0.0001,0.1,512,3,5,4,256,6000,8.0,2633729,4,4,9977,4108,900022,7,234,42234,68,408.0,3.4,5.6814,0.96343529
cold,0,1,0,0.0001,0.1,512,3,5,4,256,6000,8.0,2633729,4,4,9977,4108,900022,7,234,42234,69,414.0,3.45,5.76495,0.96774656
cold,0,1,0,0.0001,0.1,512,3,5,4,256,6000,8.0,2633729,4,4,9977,4108,900022,7,234,42234,70,420.0,3.5,5.8485,0.97279322
cold,0,1,0,0.0001,0.1,512,3,5,4,256,6000,8.0,2633729,4,4,9977,4108,900022,7,234,42234,71,426.0,3.55,5.93205,0.9789291
cold,0,1,0,0.0001,0.1,512,3,5,4,256,6000,8.0,2633729,4,4,9977,4108,900022,7,234,42234,72,432.0,3.6,6.0156,0.98516595
cold,0,1,0,0.0001,0.1,512,3,5,4,256,6000,8.0,2633729,4,4,9977,4108,900022,7,234,42234,73,438.0,3.65,6.09915,0.99011415
cold,0,1,0,0.0001,0.1,512,3,5,4,256,6000,8.0,2633729,4,4,9977,4108,900022,7,234,42234,74,444.0,3.7,6.1827,0.99236667
cold,0,1,0,0.0001,0.1,512,3,5,4,256,6000,8.0,2633729,4,4,9977,4108,900022,7,234,42234,75,450.0,3.75,6.26625,0.99114543
cold,0,1,0,0.0001,0.1,512,3,5,4,256,6000,8.0,2633729,4,4,9977,4108,900022,7,234,42234,76,456.0,3.8,6.3498,0.98780221
cold,0,1,0,0.0001,0.1,512,3,5,4,256,6000,8.0,2633729,4,4,9977,4108,900022,7,234,42234,77,462.0,3.85,6.43335,0.98596054
cold,0,1,0,0.0001,0.1,512,3,5,4,256,6000,8.0,2633729,4,4,9977,4108,900022,7,234,42234,78,468.0,3.9,6.5169,0.98849052
cold,0,1,0,0.0001,0.1,512,3,5,4,256,6000,8.0,2633729,4,4,9977,4108,900022,7,234,42234,79,474.0,3.95,6.60045,0.99457401
cold,0,1,0,0.0001,0.1,512,3,5,4,256,6000,8.0,2633729,4,4,9977,4108,900022,7,234,42234,80,480.0,4.0,6.684,0.99977875
cold,0,1,0,0.0001,0.1,512,3,5,4,256,6000,8.0,2633729,4,4,9977,4108,900022,7,234,42234,81,486.0,4.05,6.76755,1.00052345
cold,0,1,0,0.0001,0.1,512,3,5,4,256,6000,8.0,2633729,4,4,9977,4108,900022,7,234,42234,82,492.0,4.1,6.8511,0.99892133
cold,0,1,0,0.0001,0.1,512,3,5,4,256,6000,8.0,2633729,4,4,9977,4108,900022,7,234,42234,83,498.0,4.15,6.93465,0.99907887
cold,0,1,0,0.0001,0.1,512,3,5,4,256,6000,8.0,2633729,4,4,9977,4108,900022,7,234,42234,84,504.0,4.2,7.0182,1.00066936
cold,0,1,0,0.0001,0.1,512,3,5,4,256,6000,8.0,2633729,4,4,9977,4108,900022,7,234,42234,85,510.0,4.25,7.10175,1.00139034
cold,0,1,0,0.0001,0.1,512,3,5,4,256,6000,8.0,2633729,4,4,9977,4108,900022,7,234,42234,86,516.0,4.3,7.1853,1.00093555
cold,0,1,0,0.0001,0.1,512,3,5,4,256,6000,8.0,2633729,4,4,9977,4108,900022,7,234,42234,87,522.0,4.35,7.26885,1.00006664
cold,0,1,0,0.0001,0.1,512,3,5,4,256,6000,8.0,2633729,4,4,9977,4108,900022,7,234,42234,88,528.0,4.4,7.3524,0.99933785
cold,0,1,0,0.0001,0.1,512,3,5,4,256,6000,8.0,2633729,4,4,9977,4108,900022,7,234,42234,89,534.0,4.45,7.43595,0.9974975
cold,0,1,0,0.0001,0.1,512,3,5,4,256,6000,8.0,2633729,4,4,9977,4108,900022,7,234,42234,90,540.0,4.5,7.5195,0.99378186
cold,0,1,0,0.0001,0.1,512,3,5,4,256,6000,8.0,2633729,4,4,9977,4108,900022,7,234,42234,91,546.0,4.55,7.60305,0.98984766
cold,0,1,0,0.0001,0.1,512,3,5,4,256,6000,8.0,2633729,4,4,9977,4108,900022,7,234,42234,92,552.0,4.6,7.6866,0.98805779
cold,0,1,0,0.0001,0.1,512,3,5,4,256,6000,8.0,2633729,4,4,9977,4108,900022,7,234,42234,93,558.0,4.65,7.77015,0.98882496
cold,0,1,0,0.0001,0.1,512,3,5,4,256,6000,8.0,2633729,4,4,9977,4108,900022,7,234,42234,94,564.0,4.7,7.8537,0.99019676
cold,0,1,0,0.0001,0.1,512,3,5,4,256,6000,8.0,2633729,4,4,9977,4108,900022,7,234,42234,95,570.0,4.75,7.93725,0.99102581
cold,0,1,0,0.0001,0.1,512,3,5,4,256,6000,8.0,2633729,4,4,9977,4108,900022,7,234,42234,96,576.0,4.8,8.0208,0.99235839
cold,0,1,0,0.0001,0.1,512,3,5,4,256,6000,8.0,2633729,4,4,9977,4108,900022,7,234,42234,97,582.0,4.85,8.10435,0.99525958
cold,0,1,0,0.0001,0.1,512,3,5,4,256,6000,8.0,2633729,4,4,9977,4108,900022,7,234,42234,98,588.0,4.9,8.1879,0.99887568
cold,0,1,0,0.0001,0.1,512,3,5,4,256,6000,8.0,2633729,4,4,9977,4108,900022,7,234,42234,99,594.0,4.95,8.27145,1.00224817
cold,0,1,0,0.0001,0.1,512,3,5,4,256,6000,8.0,2633729,4,4,9977,4108,900022,7,234,42234,100,600.0,5.0,8.355,1.00611353
cold,0,1,0,0.0001,0.1,512,3,5,4,256,6000,8.0,2633729,4,4,9977,4108,900022,7,234,42234,101,606.0,5.05,8.43855,1.01126361
cold,0,1,0,0.0001,0.1,512,3,5,4,256,6000,8.0,2633729,4,4,9977,4108,900022,7,234,42234,102,612.0,5.1,8.5221,1.01703894
cold,0,1,0,0.0001,0.1,512,3,5,4,256,6000,8.0,2633729,4,4,9977,4108,900022,7,234,42234,103,618.0,5.15,8.60565,1.02244902
cold,0,1,0,0.0001,0.1,512,3,5,4,256,6000,8.0,2633729,4,4,9977,4108,900022,7,234,42234,104,624.0,5.2,8.6892,1.02760351
cold,0,1,0,0.0001,0.1,512,3,5,4,256,6000,8.0,2633729,4,4,9977,4108,900022,7,234,42234,105,630.0,5.25,8.77275,1.03199875
cold,0,1,0,0.0001,0.1,512,3,5,4,256,6000,8.0,2633729,4,4,9977,4108,900022,7,234,42234,106,636.0,5.3,8.8563,1.03265464
cold,0,1,0,0.0001,0.1,512,3,5,4,256,6000,8.0,2633729,4,4,9977,4108,900022,7,234,42234,107,642.0,5.35,8.93985,1.02763271
cold,0,1,0,0.0001,0.1,512,3,5,4,256,6000,8.0,2633729,4,4,9977,4108,900022,7,234,42234,108,648.0,5.4,9.0234,1.01848936
cold,0,1,0,0.0001,0.1,512,3,5,4,256,6000,8.0,2633729,4,4,9977,4108,900022,7,234,42234,109,654.0,5.45,9.10695,1.00841105
cold,0,1,0,0.0001,0.1,512,3,5,4,256,6000,8.0,2633729,4,4,9977,4108,900022,7,234,42234,110,660.0,5.5,9.1905,1.00059807
cold,0,1,0,0.0001,0.1,512,3,5,4,256,6000,8.0,2633729,4,4,9977,4108,900022,7,234,42234,111,666.0,5.55,9.27405,0.99720472
cold,0,1,0,0.0001,0.1,512,3,5,4,256,6000,8.0,2633729,4,4,9977,4108,900022,7,234,42234,112,672.0,5.6,9.3576,0.99833131
cold,0,1,0,0.0001,0.1,512,3,5,4,256,6000,8.0,2633729,4,4,9977,4108,900022,7,234,42234,113,678.0,5.65,9.44115,1.0020591
cold,0,1,0,0.0001,0.1,512,3,5,4,256,6000,8.0,2633729,4,4,9977,4108,900022,7,234,42234,114,684.0,5.7,9.5247,1.00616539
cold,0,1,0,0.0001,0.1,512,3,5,4,256,6000,8.0,2633729,4,4,9977,4108,900022,7,234,42234,115,690.0,5.75,9.60825,1.00857079
cold,0,1,0,0.0001,0.1,512,3,5,4,256,6000,8.0,2633729,4,4,9977,4108,900022,7,234,42234,116,696.0,5.8,9.6918,1.00819349
cold,0,1,0,0.0001,0.1,512,3,5,4,256,6000,8.0,2633729,4,4,9977,4108,900022,7,234,42234,117,702.0,5.85,9.77535,1.00576556
cold,0,1,0,0.0001,0.1,512,3,5,4,256,6000,8.0,2633729,4,4,9977,4108,900022,7,234,42234,118,708.0,5.9,9.8589,1.0027895
cold,0,1,0,0.0001,0.1,512,3,5,4,256,6000,8.0,2633729,4,4,9977,4108,900022,7,234,42234,119,714.0,5.95,9.94245,1.00052023
cold,0,1,0,0.0001,0.1,512,3,5,4,256,6000,8.0,2633729,4,4,9977,4108,900022,7,234,42234,120,720.0,6.0,10.026,0.9987852
cold,0,1,0,0.0001,0.1,512,3,5,4,256,6000,8.0,2633729,4,4,9977,4108,900022,7,1023,43023,1,6.0,0.05,0.08355,0.04017915
cold,0,1,0,0.0001,0.1,512,3,5,4,256,6000,8.0,2633729,4,4,9977,4108,900022,7,1023,43023,2,12.0,0.1,0.1671,0.04683217
cold,0,1,0,0.0001,0.1,512,3,5,4,256,6000,8.0,2633729,4,4,9977,4108,900022,7,1023,43023,3,18.0,0.15,0.25065,0.05429767
cold,0,1,0,0.0001,0.1,512,3,5,4,256,6000,8.0,2633729,4,4,9977,4108,900022,7,1023,43023,4,24.0,0.2,0.3342,0.06253971
cold,0,1,0,0.0001,0.1,512,3,5,4,256,6000,8.0,2633729,4,4,9977,4108,900022,7,1023,43023,5,30.0,0.25,0.41775,0.07079156
cold,0,1,0,0.0001,0.1,512,3,5,4,256,6000,8.0,2633729,4,4,9977,4108,900022,7,1023,43023,6,36.0,0.3,0.5013,0.08069903
cold,0,1,0,0.0001,0.1,512,3,5,4,256,6000,8.0,2633729,4,4,9977,4108,900022,7,1023,43023,7,42.0,0.35,0.58485,0.09143353
cold,0,1,0,0.0001,0.1,512,3,5,4,256,6000,8.0,2633729,4,4,9977,4108,900022,7,1023,43023,8,48.0,0.4,0.6684,0.10367069
cold,0,1,0,0.0001,0.1,512,3,5,4,256,6000,8.0,2633729,4,4,9977,4108,900022,7,1023,43023,9,54.0,0.45,0.75195,0.11700476
cold,0,1,0,0.0001,0.1,512,3,5,4,256,6000,8.0,2633729,4,4,9977,4108,900022,7,1023,43023,10,60.0,0.5,0.8355,0.13080689
cold,0,1,0,0.0001,0.1,512,3,5,4,256,6000,8.0,2633729,4,4,9977,4108,900022,7,1023,43023,11,66.0,0.55,0.91905,0.14547922
cold,0,1,0,0.0001,0.1,512,3,5,4,256,6000,8.0,2633729,4,4,9977,4108,900022,7,1023,43023,12,72.0,0.6,1.0026,0.161789
cold,0,1,0,0.0001,0.1,512,3,5,4,256,6000,8.0,2633729,4,4,9977,4108,900022,7,1023,43023,13,78.0,0.65,1.08615,0.17959049
cold,0,1,0,0.0001,0.1,512,3,5,4,256,6000,8.0,2633729,4,4,9977,4108,900022,7,1023,43023,14,84.0,0.7,1.1697,0.1984974
cold,0,1,0,0.0001,0.1,512,3,5,4,256,6000,8.0,2633729,4,4,9977,4108,900022,7,1023,43023,15,90.0,0.75,1.25325,0.21815166
cold,0,1,0,0.0001,0.1,512,3,5,4,256,6000,8.0,2633729,4,4,9977,4108,900022,7,1023,43023,16,96.0,0.8,1.3368,0.23820864
cold,0,1,0,0.0001,0.1,512,3,5,4,256,6000,8.0,2633729,4,4,9977,4108,900022,7,1023,43023,17,102.0,0.85,1.42035,0.25915155
cold,0,1,0,0.0001,0.1,512,3,5,4,256,6000,8.0,2633729,4,4,9977,4108,900022,7,1023,43023,18,108.0,0.9,1.5039,0.2816008
cold,0,1,0,0.0001,0.1,512,3,5,4,256,6000,8.0,2633729,4,4,9977,4108,900022,7,1023,43023,19,114.0,0.95,1.58745,0.3049567
cold,0,1,0,0.0001,0.1,512,3,5,4,256,6000,8.0,2633729,4,4,9977,4108,900022,7,1023,43023,20,120.0,1.0,1.671,0.32860905
cold,0,1,0,0.0001,0.1,512,3,5,4,256,6000,8.0,2633729,4,4,9977,4108,900022,7,1023,43023,21,126.0,1.05,1.75455,0.35255864
cold,0,1,0,0.0001,0.1,512,3,5,4,256,6000,8.0,2633729,4,4,9977,4108,900022,7,1023,43023,22,132.0,1.1,1.8381,0.37674215
cold,0,1,0,0.0001,0.1,512,3,5,4,256,6000,8.0,2633729,4,4,9977,4108,900022,7,1023,43023,23,138.0,1.15,1.92165,0.40027562
cold,0,1,0,0.0001,0.1,512,3,5,4,256,6000,8.0,2633729,4,4,9977,4108,900022,7,1023,43023,24,144.0,1.2,2.0052,0.42183229
cold,0,1,0,0.0001,0.1,512,3,5,4,256,6000,8.0,2633729,4,4,9977,4108,900022,7,1023,43023,25,150.0,1.25,2.08875,0.44070646
cold,0,1,0,0.0001,0.1,512,3,5,4,256,6000,8.0,2633729,4,4,9977,4108,900022,7,1023,43023,26,156.0,1.3,2.1723,0.45749182
cold,0,1,0,0.0001,0.1,512,3,5,4,256,6000,8.0,2633729,4,4,9977,4108,900022,7,1023,43023,27,162.0,1.35,2.25585,0.47382641
cold,0,1,0,0.0001,0.1,512,3,5,4,256,6000,8.0,2633729,4,4,9977,4108,900022,7,1023,43023,28,168.0,1.4,2.3394,0.49168134
cold,0,1,0,0.0001,0.1,512,3,5,4,256,6000,8.0,2633729,4,4,9977,4108,900022,7,1023,43023,29,174.0,1.45,2.42295,0.51228422
cold,0,1,0,0.0001,0.1,512,3,5,4,256,6000,8.0,2633729,4,4,9977,4108,900022,7,1023,43023,30,180.0,1.5,2.5065,0.53448206
cold,0,1,0,0.0001,0.1,512,3,5,4,256,6000,8.0,2633729,4,4,9977,4108,900022,7,1023,43023,31,186.0,1.55,2.59005,0.55634052
cold,0,1,0,0.0001,0.1,512,3,5,4,256,6000,8.0,2633729,4,4,9977,4108,900022,7,1023,43023,32,192.0,1.6,2.6736,0.57736433
cold,0,1,0,0.0001,0.1,512,3,5,4,256,6000,8.0,2633729,4,4,9977,4108,900022,7,1023,43023,33,198.0,1.65,2.75715,0.59814501
cold,0,1,0,0.0001,0.1,512,3,5,4,256,6000,8.0,2633729,4,4,9977,4108,900022,7,1023,43023,34,204.0,1.7,2.8407,0.6190204
cold,0,1,0,0.0001,0.1,512,3,5,4,256,6000,8.0,2633729,4,4,9977,4108,900022,7,1023,43023,35,210.0,1.75,2.92425,0.63919014
cold,0,1,0,0.0001,0.1,512,3,5,4,256,6000,8.0,2633729,4,4,9977,4108,900022,7,1023,43023,36,216.0,1.8,3.0078,0.65691143
cold,0,1,0,0.0001,0.1,512,3,5,4,256,6000,8.0,2633729,4,4,9977,4108,900022,7,1023,43023,37,222.0,1.85,3.09135,0.67126751
cold,0,1,0,0.0001,0.1,512,3,5,4,256,6000,8.0,2633729,4,4,9977,4108,900022,7,1023,43023,38,228.0,1.9,3.1749,0.68342263
cold,0,1,0,0.0001,0.1,512,3,5,4,256,6000,8.0,2633729,4,4,9977,4108,900022,7,1023,43023,39,234.0,1.95,3.25845,0.69475627
cold,0,1,0,0.0001,0.1,512,3,5,4,256,6000,8.0,2633729,4,4,9977,4108,900022,7,1023,43023,40,240.0,2.0,3.342,0.70505553
cold,0,1,0,0.0001,0.1,512,3,5,4,256,6000,8.0,2633729,4,4,9977,4108,900022,7,1023,43023,41,246.0,2.05,3.42555,0.71413535
cold,0,1,0,0.0001,0.1,512,3,5,4,256,6000,8.0,2633729,4,4,9977,4108,900022,7,1023,43023,42,252.0,2.1,3.5091,0.72284234
cold,0,1,0,0.0001,0.1,512,3,5,4,256,6000,8.0,2633729,4,4,9977,4108,900022,7,1023,43023,43,258.0,2.15,3.59265,0.7316848
cold,0,1,0,0.0001,0.1,512,3,5,4,256,6000,8.0,2633729,4,4,9977,4108,900022,7,1023,43023,44,264.0,2.2,3.6762,0.74053985
cold,0,1,0,0.0001,0.1,512,3,5,4,256,6000,8.0,2633729,4,4,9977,4108,900022,7,1023,43023,45,270.0,2.25,3.75975,0.74881655
cold,0,1,0,0.0001,0.1,512,3,5,4,256,6000,8.0,2633729,4,4,9977,4108,900022,7,1023,43023,46,276.0,2.3,3.8433,0.75517565
cold,0,1,0,0.0001,0.1,512,3,5,4,256,6000,8.0,2633729,4,4,9977,4108,900022,7,1023,43023,47,282.0,2.35,3.92685,0.76011384
cold,0,1,0,0.0001,0.1,512,3,5,4,256,6000,8.0,2633729,4,4,9977,4108,900022,7,1023,43023,48,288.0,2.4,4.0104,0.76689208
cold,0,1,0,0.0001,0.1,512,3,5,4,256,6000,8.0,2633729,4,4,9977,4108,900022,7,1023,43023,49,294.0,2.45,4.09395,0.77825338
cold,0,1,0,0.0001,0.1,512,3,5,4,256,6000,8.0,2633729,4,4,9977,4108,900022,7,1023,43023,50,300.0,2.5,4.1775,0.79336983
cold,0,1,0,0.0001,0.1,512,3,5,4,256,6000,8.0,2633729,4,4,9977,4108,900022,7,1023,43023,51,306.0,2.55,4.26105,0.80819821
cold,0,1,0,0.0001,0.1,512,3,5,4,256,6000,8.0,2633729,4,4,9977,4108,900022,7,1023,43023,52,312.0,2.6,4.3446,0.81952143
cold,0,1,0,0.0001,0.1,512,3,5,4,256,6000,8.0,2633729,4,4,9977,4108,900022,7,1023,43023,53,318.0,2.65,4.42815,0.82797426
cold,0,1,0,0.0001,0.1,512,3,5,4,256,6000,8.0,2633729,4,4,9977,4108,900022,7,1023,43023,54,324.0,2.7,4.5117,0.83587527
cold,0,1,0,0.0001,0.1,512,3,5,4,256,6000,8.0,2633729,4,4,9977,4108,900022,7,1023,43023,55,330.0,2.75,4.59525,0.8433612
cold,0,1,0,0.0001,0.1,512,3,5,4,256,6000,8.0,2633729,4,4,9977,4108,900022,7,1023,43023,56,336.0,2.8,4.6788,0.84801859
cold,0,1,0,0.0001,0.1,512,3,5,4,256,6000,8.0,2633729,4,4,9977,4108,900022,7,1023,43023,57,342.0,2.85,4.76235,0.8486011
cold,0,1,0,0.0001,0.1,512,3,5,4,256,6000,8.0,2633729,4,4,9977,4108,900022,7,1023,43023,58,348.0,2.9,4.8459,0.8473888
cold,0,1,0,0.0001,0.1,512,3,5,4,256,6000,8.0,2633729,4,4,9977,4108,900022,7,1023,43023,59,354.0,2.95,4.92945,0.84787667
cold,0,1,0,0.0001,0.1,512,3,5,4,256,6000,8.0,2633729,4,4,9977,4108,900022,7,1023,43023,60,360.0,3.0,5.013,0.85129458
cold,0,1,0,0.0001,0.1,512,3,5,4,256,6000,8.0,2633729,4,4,9977,4108,900022,7,1023,43023,61,366.0,3.05,5.09655,0.85649383
cold,0,1,0,0.0001,0.1,512,3,5,4,256,6000,8.0,2633729,4,4,9977,4108,900022,7,1023,43023,62,372.0,3.1,5.1801,0.86233234
cold,0,1,0,0.0001,0.1,512,3,5,4,256,6000,8.0,2633729,4,4,9977,4108,900022,7,1023,43023,63,378.0,3.15,5.26365,0.86873466
cold,0,1,0,0.0001,0.1,512,3,5,4,256,6000,8.0,2633729,4,4,9977,4108,900022,7,1023,43023,64,384.0,3.2,5.3472,0.87568069
cold,0,1,0,0.0001,0.1,512,3,5,4,256,6000,8.0,2633729,4,4,9977,4108,900022,7,1023,43023,65,390.0,3.25,5.43075,0.88212162
cold,0,1,0,0.0001,0.1,512,3,5,4,256,6000,8.0,2633729,4,4,9977,4108,900022,7,1023,43023,66,396.0,3.3,5.5143,0.8870706
cold,0,1,0,0.0001,0.1,512,3,5,4,256,6000,8.0,2633729,4,4,9977,4108,900022,7,1023,43023,67,402.0,3.35,5.59785,0.89083105
cold,0,1,0,0.0001,0.1,512,3,5,4,256,6000,8.0,2633729,4,4,9977,4108,900022,7,1023,43023,68,408.0,3.4,5.6814,0.89377302
cold,0,1,0,0.0001,0.1,512,3,5,4,256,6000,8.0,2633729,4,4,9977,4108,900022,7,1023,43023,69,414.0,3.45,5.76495,0.89572042
cold,0,1,0,0.0001,0.1,512,3,5,4,256,6000,8.0,2633729,4,4,9977,4108,900022,7,1023,43023,70,420.0,3.5,5.8485,0.89723551
cold,0,1,0,0.0001,0.1,512,3,5,4,256,6000,8.0,2633729,4,4,9977,4108,900022,7,1023,43023,71,426.0,3.55,5.93205,0.90002441
cold,0,1,0,0.0001,0.1,512,3,5,4,256,6000,8.0,2633729,4,4,9977,4108,900022,7,1023,43023,72,432.0,3.6,6.0156,0.90479654
cold,0,1,0,0.0001,0.1,512,3,5,4,256,6000,8.0,2633729,4,4,9977,4108,900022,7,1023,43023,73,438.0,3.65,6.09915,0.90990227
cold,0,1,0,0.0001,0.1,512,3,5,4,256,6000,8.0,2633729,4,4,9977,4108,900022,7,1023,43023,74,444.0,3.7,6.1827,0.91340828
cold,0,1,0,0.0001,0.1,512,3,5,4,256,6000,8.0,2633729,4,4,9977,4108,900022,7,1023,43023,75,450.0,3.75,6.26625,0.91485202
cold,0,1,0,0.0001,0.1,512,3,5,4,256,6000,8.0,2633729,4,4,9977,4108,900022,7,1023,43023,76,456.0,3.8,6.3498,0.91539228
cold,0,1,0,0.0001,0.1,512,3,5,4,256,6000,8.0,2633729,4,4,9977,4108,900022,7,1023,43023,77,462.0,3.85,6.43335,0.91685534
cold,0,1,0,0.0001,0.1,512,3,5,4,256,6000,8.0,2633729,4,4,9977,4108,900022,7,1023,43023,78,468.0,3.9,6.5169,0.9197306
cold,0,1,0,0.0001,0.1,512,3,5,4,256,6000,8.0,2633729,4,4,9977,4108,900022,7,1023,43023,79,474.0,3.95,6.60045,0.92273009
cold,0,1,0,0.0001,0.1,512,3,5,4,256,6000,8.0,2633729,4,4,9977,4108,900022,7,1023,43023,80,480.0,4.0,6.684,0.92410636
cold,0,1,0,0.0001,0.1,512,3,5,4,256,6000,8.0,2633729,4,4,9977,4108,900022,7,1023,43023,81,486.0,4.05,6.76755,0.92332953
cold,0,1,0,0.0001,0.1,512,3,5,4,256,6000,8.0,2633729,4,4,9977,4108,900022,7,1023,43023,82,492.0,4.1,6.8511,0.92111748
cold,0,1,0,0.0001,0.1,512,3,5,4,256,6000,8.0,2633729,4,4,9977,4108,900022,7,1023,43023,83,498.0,4.15,6.93465,0.91886955
cold,0,1,0,0.0001,0.1,512,3,5,4,256,6000,8.0,2633729,4,4,9977,4108,900022,7,1023,43023,84,504.0,4.2,7.0182,0.91862595
cold,0,1,0,0.0001,0.1,512,3,5,4,256,6000,8.0,2633729,4,4,9977,4108,900022,7,1023,43023,85,510.0,4.25,7.10175,0.92114615
cold,0,1,0,0.0001,0.1,512,3,5,4,256,6000,8.0,2633729,4,4,9977,4108,900022,7,1023,43023,86,516.0,4.3,7.1853,0.92508346
cold,0,1,0,0.0001,0.1,512,3,5,4,256,6000,8.0,2633729,4,4,9977,4108,900022,7,1023,43023,87,522.0,4.35,7.26885,0.92859018
cold,0,1,0,0.0001,0.1,512,3,5,4,256,6000,8.0,2633729,4,4,9977,4108,900022,7,1023,43023,88,528.0,4.4,7.3524,0.93109155
cold,0,1,0,0.0001,0.1,512,3,5,4,256,6000,8.0,2633729,4,4,9977,4108,900022,7,1023,43023,89,534.0,4.45,7.43595,0.93147916
cold,0,1,0,0.0001,0.1,512,3,5,4,256,6000,8.0,2633729,4,4,9977,4108,900022,7,1023,43023,90,540.0,4.5,7.5195,0.92803639
cold,0,1,0,0.0001,0.1,512,3,5,4,256,6000,8.0,2633729,4,4,9977,4108,900022,7,1023,43023,91,546.0,4.55,7.60305,0.92261857
cold,0,1,0,0.0001,0.1,512,3,5,4,256,6000,8.0,2633729,4,4,9977,4108,900022,7,1023,43023,92,552.0,4.6,7.6866,0.91970855
cold,0,1,0,0.0001,0.1,512,3,5,4,256,6000,8.0,2633729,4,4,9977,4108,900022,7,1023,43023,93,558.0,4.65,7.77015,0.92155516
cold,0,1,0,0.0001,0.1,512,3,5,4,256,6000,8.0,2633729,4,4,9977,4108,900022,7,1023,43023,94,564.0,4.7,7.8537,0.92658454
cold,0,1,0,0.0001,0.1,512,3,5,4,256,6000,8.0,2633729,4,4,9977,4108,900022,7,1023,43023,95,570.0,4.75,7.93725,0.93145251
cold,0,1,0,0.0001,0.1,512,3,5,4,256,6000,8.0,2633729,4,4,9977,4108,900022,7,1023,43023,96,576.0,4.8,8.0208,0.93410355
cold,0,1,0,0.0001,0.1,512,3,5,4,256,6000,8.0,2633729,4,4,9977,4108,900022,7,1023,43023,97,582.0,4.85,8.10435,0.93464965
cold,0,1,0,0.0001,0.1,512,3,5,4,256,6000,8.0,2633729,4,4,9977,4108,900022,7,1023,43023,98,588.0,4.9,8.1879,0.93358046
cold,0,1,0,0.0001,0.1,512,3,5,4,256,6000,8.0,2633729,4,4,9977,4108,900022,7,1023,43023,99,594.0,4.95,8.27145,0.93197215
cold,0,1,0,0.0001,0.1,512,3,5,4,256,6000,8.0,2633729,4,4,9977,4108,900022,7,1023,43023,100,600.0,5.0,8.355,0.93175519
cold,0,1,0,0.0001,0.1,512,3,5,4,256,6000,8.0,2633729,4,4,9977,4108,900022,7,1023,43023,101,606.0,5.05,8.43855,0.93362314
cold,0,1,0,0.0001,0.1,512,3,5,4,256,6000,8.0,2633729,4,4,9977,4108,900022,7,1023,43023,102,612.0,5.1,8.5221,0.9368037
cold,0,1,0,0.0001,0.1,512,3,5,4,256,6000,8.0,2633729,4,4,9977,4108,900022,7,1023,43023,103,618.0,5.15,8.60565,0.94042003
cold,0,1,0,0.0001,0.1,512,3,5,4,256,6000,8.0,2633729,4,4,9977,4108,900022,7,1023,43023,104,624.0,5.2,8.6892,0.94410199
cold,0,1,0,0.0001,0.1,512,3,5,4,256,6000,8.0,2633729,4,4,9977,4108,900022,7,1023,43023,105,630.0,5.25,8.77275,0.94778734
cold,0,1,0,0.0001,0.1,512,3,5,4,256,6000,8.0,2633729,4,4,9977,4108,900022,7,1023,43023,106,636.0,5.3,8.8563,0.95131677
cold,0,1,0,0.0001,0.1,512,3,5,4,256,6000,8.0,2633729,4,4,9977,4108,900022,7,1023,43023,107,642.0,5.35,8.93985,0.95382696
cold,0,1,0,0.0001,0.1,512,3,5,4,256,6000,8.0,2633729,4,4,9977,4108,900022,7,1023,43023,108,648.0,5.4,9.0234,0.95470762
cold,0,1,0,0.0001,0.1,512,3,5,4,256,6000,8.0,2633729,4,4,9977,4108,900022,7,1023,43023,109,654.0,5.45,9.10695,0.95414585
cold,0,1,0,0.0001,0.1,512,3,5,4,256,6000,8.0,2633729,4,4,9977,4108,900022,7,1023,43023,110,660.0,5.5,9.1905,0.95263106
cold,0,1,0,0.0001,0.1,512,3,5,4,256,6000,8.0,2633729,4,4,9977,4108,900022,7,1023,43023,111,666.0,5.55,9.27405,0.95113558
cold,0,1,0,0.0001,0.1,512,3,5,4,256,6000,8.0,2633729,4,4,9977,4108,900022,7,1023,43023,112,672.0,5.6,9.3576,0.95069927
cold,0,1,0,0.0001,0.1,512,3,5,4,256,6000,8.0,2633729,4,4,9977,4108,900022,7,1023,43023,113,678.0,5.65,9.44115,0.95230019
cold,0,1,0,0.0001,0.1,512,3,5,4,256,6000,8.0,2633729,4,4,9977,4108,900022,7,1023,43023,114,684.0,5.7,9.5247,0.95647675
cold,0,1,0,0.0001,0.1,512,3,5,4,256,6000,8.0,2633729,4,4,9977,4108,900022,7,1023,43023,115,690.0,5.75,9.60825,0.96252364
cold,0,1,0,0.0001,0.1,512,3,5,4,256,6000,8.0,2633729,4,4,9977,4108,900022,7,1023,43023,116,696.0,5.8,9.6918,0.96850359
cold,0,1,0,0.0001,0.1,512,3,5,4,256,6000,8.0,2633729,4,4,9977,4108,900022,7,1023,43023,117,702.0,5.85,9.77535,0.97141069
cold,0,1,0,0.0001,0.1,512,3,5,4,256,6000,8.0,2633729,4,4,9977,4108,900022,7,1023,43023,118,708.0,5.9,9.8589,0.9692961
cold,0,1,0,0.0001,0.1,512,3,5,4,256,6000,8.0,2633729,4,4,9977,4108,900022,7,1023,43023,119,714.0,5.95,9.94245,0.96383643
cold,0,1,0,0.0001,0.1,512,3,5,4,256,6000,8.0,2633729,4,4,9977,4108,900022,7,1023,43023,120,720.0,6.0,10.026,0.95852053
cold,0,1,0,0.0001,0.1,512,3,5,4,256,6000,8.0,2633729,4,4,9977,4108,900022,7,4468,46468,1,6.0,0.05,0.08355,0.03771411
cold,0,1,0,0.0001,0.1,512,3,5,4,256,6000,8.0,2633729,4,4,9977,4108,900022,7,4468,46468,2,12.0,0.1,0.1671,0.0446437
cold,0,1,0,0.0001,0.1,512,3,5,4,256,6000,8.0,2633729,4,4,9977,4108,900022,7,4468,46468,3,18.0,0.15,0.25065,0.05204932
cold,0,1,0,0.0001,0.1,512,3,5,4,256,6000,8.0,2633729,4,4,9977,4108,900022,7,4468,46468,4,24.0,0.2,0.3342,0.05949662
cold,0,1,0,0.0001,0.1,512,3,5,4,256,6000,8.0,2633729,4,4,9977,4108,900022,7,4468,46468,5,30.0,0.25,0.41775,0.06643341
cold,0,1,0,0.0001,0.1,512,3,5,4,256,6000,8.0,2633729,4,4,9977,4108,900022,7,4468,46468,6,36.0,0.3,0.5013,0.07585785
cold,0,1,0,0.0001,0.1,512,3,5,4,256,6000,8.0,2633729,4,4,9977,4108,900022,7,4468,46468,7,42.0,0.35,0.58485,0.08545765
cold,0,1,0,0.0001,0.1,512,3,5,4,256,6000,8.0,2633729,4,4,9977,4108,900022,7,4468,46468,8,48.0,0.4,0.6684,0.09562727
cold,0,1,0,0.0001,0.1,512,3,5,4,256,6000,8.0,2633729,4,4,9977,4108,900022,7,4468,46468,9,54.0,0.45,0.75195,0.10646906
cold,0,1,0,0.0001,0.1,512,3,5,4,256,6000,8.0,2633729,4,4,9977,4108,900022,7,4468,46468,10,60.0,0.5,0.8355,0.11782608
cold,0,1,0,0.0001,0.1,512,3,5,4,256,6000,8.0,2633729,4,4,9977,4108,900022,7,4468,46468,11,66.0,0.55,0.91905,0.13048804
cold,0,1,0,0.0001,0.1,512,3,5,4,256,6000,8.0,2633729,4,4,9977,4108,900022,7,4468,46468,12,72.0,0.6,1.0026,0.14551371
cold,0,1,0,0.0001,0.1,512,3,5,4,256,6000,8.0,2633729,4,4,9977,4108,900022,7,4468,46468,13,78.0,0.65,1.08615,0.16271183
cold,0,1,0,0.0001,0.1,512,3,5,4,256,6000,8.0,2633729,4,4,9977,4108,900022,7,4468,46468,14,84.0,0.7,1.1697,0.18130068
cold,0,1,0,0.0001,0.1,512,3,5,4,256,6000,8.0,2633729,4,4,9977,4108,900022,7,4468,46468,15,90.0,0.75,1.25325,0.20046896
cold,0,1,0,0.0001,0.1,512,3,5,4,256,6000,8.0,2633729,4,4,9977,4108,900022,7,4468,46468,16,96.0,0.8,1.3368,0.2196513
cold,0,1,0,0.0001,0.1,512,3,5,4,256,6000,8.0,2633729,4,4,9977,4108,900022,7,4468,46468,17,102.0,0.85,1.42035,0.23945203
cold,0,1,0,0.0001,0.1,512,3,5,4,256,6000,8.0,2633729,4,4,9977,4108,900022,7,4468,46468,18,108.0,0.9,1.5039,0.26080683
cold,0,1,0,0.0001,0.1,512,3,5,4,256,6000,8.0,2633729,4,4,9977,4108,900022,7,4468,46468,19,114.0,0.95,1.58745,0.28345215
cold,0,1,0,0.0001,0.1,512,3,5,4,256,6000,8.0,2633729,4,4,9977,4108,900022,7,4468,46468,20,120.0,1.0,1.671,0.30600554
cold,0,1,0,0.0001,0.1,512,3,5,4,256,6000,8.0,2633729,4,4,9977,4108,900022,7,4468,46468,21,126.0,1.05,1.75455,0.32740223
cold,0,1,0,0.0001,0.1,512,3,5,4,256,6000,8.0,2633729,4,4,9977,4108,900022,7,4468,46468,22,132.0,1.1,1.8381,0.3487184
cold,0,1,0,0.0001,0.1,512,3,5,4,256,6000,8.0,2633729,4,4,9977,4108,900022,7,4468,46468,23,138.0,1.15,1.92165,0.3711051
cold,0,1,0,0.0001,0.1,512,3,5,4,256,6000,8.0,2633729,4,4,9977,4108,900022,7,4468,46468,24,144.0,1.2,2.0052,0.39384353
cold,0,1,0,0.0001,0.1,512,3,5,4,256,6000,8.0,2633729,4,4,9977,4108,900022,7,4468,46468,25,150.0,1.25,2.08875,0.41560504
cold,0,1,0,0.0001,0.1,512,3,5,4,256,6000,8.0,2633729,4,4,9977,4108,900022,7,4468,46468,26,156.0,1.3,2.1723,0.43608993
cold,0,1,0,0.0001,0.1,512,3,5,4,256,6000,8.0,2633729,4,4,9977,4108,900022,7,4468,46468,27,162.0,1.35,2.25585,0.45624009
cold,0,1,0,0.0001,0.1,512,3,5,4,256,6000,8.0,2633729,4,4,9977,4108,900022,7,4468,46468,28,168.0,1.4,2.3394,0.47742799
cold,0,1,0,0.0001,0.1,512,3,5,4,256,6000,8.0,2633729,4,4,9977,4108,900022,7,4468,46468,29,174.0,1.45,2.42295,0.50030863
cold,0,1,0,0.0001,0.1,512,3,5,4,256,6000,8.0,2633729,4,4,9977,4108,900022,7,4468,46468,30,180.0,1.5,2.5065,0.52405286
cold,0,1,0,0.0001,0.1,512,3,5,4,256,6000,8.0,2633729,4,4,9977,4108,900022,7,4468,46468,31,186.0,1.55,2.59005,0.54746103
cold,0,1,0,0.0001,0.1,512,3,5,4,256,6000,8.0,2633729,4,4,9977,4108,900022,7,4468,46468,32,192.0,1.6,2.6736,0.57016599
cold,0,1,0,0.0001,0.1,512,3,5,4,256,6000,8.0,2633729,4,4,9977,4108,900022,7,4468,46468,33,198.0,1.65,2.75715,0.59199423
cold,0,1,0,0.0001,0.1,512,3,5,4,256,6000,8.0,2633729,4,4,9977,4108,900022,7,4468,46468,34,204.0,1.7,2.8407,0.61271614
cold,0,1,0,0.0001,0.1,512,3,5,4,256,6000,8.0,2633729,4,4,9977,4108,900022,7,4468,46468,35,210.0,1.75,2.92425,0.63194335
cold,0,1,0,0.0001,0.1,512,3,5,4,256,6000,8.0,2633729,4,4,9977,4108,900022,7,4468,46468,36,216.0,1.8,3.0078,0.64909971
cold,0,1,0,0.0001,0.1,512,3,5,4,256,6000,8.0,2633729,4,4,9977,4108,900022,7,4468,46468,37,222.0,1.85,3.09135,0.6639576
cold,0,1,0,0.0001,0.1,512,3,5,4,256,6000,8.0,2633729,4,4,9977,4108,900022,7,4468,46468,38,228.0,1.9,3.1749,0.67778933
cold,0,1,0,0.0001,0.1,512,3,5,4,256,6000,8.0,2633729,4,4,9977,4108,900022,7,4468,46468,39,234.0,1.95,3.25845,0.69265151
cold,0,1,0,0.0001,0.1,512,3,5,4,256,6000,8.0,2633729,4,4,9977,4108,900022,7,4468,46468,40,240.0,2.0,3.342,0.70908463
cold,0,1,0,0.0001,0.1,512,3,5,4,256,6000,8.0,2633729,4,4,9977,4108,900022,7,4468,46468,41,246.0,2.05,3.42555,0.72652054
cold,0,1,0,0.0001,0.1,512,3,5,4,256,6000,8.0,2633729,4,4,9977,4108,900022,7,4468,46468,42,252.0,2.1,3.5091,0.74488896
cold,0,1,0,0.0001,0.1,512,3,5,4,256,6000,8.0,2633729,4,4,9977,4108,900022,7,4468,46468,43,258.0,2.15,3.59265,0.76360935
cold,0,1,0,0.0001,0.1,512,3,5,4,256,6000,8.0,2633729,4,4,9977,4108,900022,7,4468,46468,44,264.0,2.2,3.6762,0.78103834
cold,0,1,0,0.0001,0.1,512,3,5,4,256,6000,8.0,2633729,4,4,9977,4108,900022,7,4468,46468,45,270.0,2.25,3.75975,0.79537785
cold,0,1,0,0.0001,0.1,512,3,5,4,256,6000,8.0,2633729,4,4,9977,4108,900022,7,4468,46468,46,276.0,2.3,3.8433,0.80516762
cold,0,1,0,0.0001,0.1,512,3,5,4,256,6000,8.0,2633729,4,4,9977,4108,900022,7,4468,46468,47,282.0,2.35,3.92685,0.8113234
cold,0,1,0,0.0001,0.1,512,3,5,4,256,6000,8.0,2633729,4,4,9977,4108,900022,7,4468,46468,48,288.0,2.4,4.0104,0.8165831
cold,0,1,0,0.0001,0.1,512,3,5,4,256,6000,8.0,2633729,4,4,9977,4108,900022,7,4468,46468,49,294.0,2.45,4.09395,0.82177562
cold,0,1,0,0.0001,0.1,512,3,5,4,256,6000,8.0,2633729,4,4,9977,4108,900022,7,4468,46468,50,300.0,2.5,4.1775,0.82641572
cold,0,1,0,0.0001,0.1,512,3,5,4,256,6000,8.0,2633729,4,4,9977,4108,900022,7,4468,46468,51,306.0,2.55,4.26105,0.82976663
cold,0,1,0,0.0001,0.1,512,3,5,4,256,6000,8.0,2633729,4,4,9977,4108,900022,7,4468,46468,52,312.0,2.6,4.3446,0.83170593
cold,0,1,0,0.0001,0.1,512,3,5,4,256,6000,8.0,2633729,4,4,9977,4108,900022,7,4468,46468,53,318.0,2.65,4.42815,0.83401489
cold,0,1,0,0.0001,0.1,512,3,5,4,256,6000,8.0,2633729,4,4,9977,4108,900022,7,4468,46468,54,324.0,2.7,4.5117,0.83879572
cold,0,1,0,0.0001,0.1,512,3,5,4,256,6000,8.0,2633729,4,4,9977,4108,900022,7,4468,46468,55,330.0,2.75,4.59525,0.84649241
cold,0,1,0,0.0001,0.1,512,3,5,4,256,6000,8.0,2633729,4,4,9977,4108,900022,7,4468,46468,56,336.0,2.8,4.6788,0.85559881
cold,0,1,0,0.0001,0.1,512,3,5,4,256,6000,8.0,2633729,4,4,9977,4108,900022,7,4468,46468,57,342.0,2.85,4.76235,0.86492789
cold,0,1,0,0.0001,0.1,512,3,5,4,256,6000,8.0,2633729,4,4,9977,4108,900022,7,4468,46468,58,348.0,2.9,4.8459,0.87532777
cold,0,1,0,0.0001,0.1,512,3,5,4,256,6000,8.0,2633729,4,4,9977,4108,900022,7,4468,46468,59,354.0,2.95,4.92945,0.88765949
cold,0,1,0,0.0001,0.1,512,3,5,4,256,6000,8.0,2633729,4,4,9977,4108,900022,7,4468,46468,60,360.0,3.0,5.013,0.90022939
cold,0,1,0,0.0001,0.1,512,3,5,4,256,6000,8.0,2633729,4,4,9977,4108,900022,7,4468,46468,61,366.0,3.05,5.09655,0.9103024
cold,0,1,0,0.0001,0.1,512,3,5,4,256,6000,8.0,2633729,4,4,9977,4108,900022,7,4468,46468,62,372.0,3.1,5.1801,0.9174332
cold,0,1,0,0.0001,0.1,512,3,5,4,256,6000,8.0,2633729,4,4,9977,4108,900022,7,4468,46468,63,378.0,3.15,5.26365,0.923042
cold,0,1,0,0.0001,0.1,512,3,5,4,256,6000,8.0,2633729,4,4,9977,4108,900022,7,4468,46468,64,384.0,3.2,5.3472,0.92809916
cold,0,1,0,0.0001,0.1,512,3,5,4,256,6000,8.0,2633729,4,4,9977,4108,900022,7,4468,46468,65,390.0,3.25,5.43075,0.93285972
cold,0,1,0,0.0001,0.1,512,3,5,4,256,6000,8.0,2633729,4,4,9977,4108,900022,7,4468,46468,66,396.0,3.3,5.5143,0.93772095
cold,0,1,0,0.0001,0.1,512,3,5,4,256,6000,8.0,2633729,4,4,9977,4108,900022,7,4468,46468,67,402.0,3.35,5.59785,0.94269502
cold,0,1,0,0.0001,0.1,512,3,5,4,256,6000,8.0,2633729,4,4,9977,4108,900022,7,4468,46468,68,408.0,3.4,5.6814,0.94640493
cold,0,1,0,0.0001,0.1,512,3,5,4,256,6000,8.0,2633729,4,4,9977,4108,900022,7,4468,46468,69,414.0,3.45,5.76495,0.94657135
cold,0,1,0,0.0001,0.1,512,3,5,4,256,6000,8.0,2633729,4,4,9977,4108,900022,7,4468,46468,70,420.0,3.5,5.8485,0.94250923
cold,0,1,0,0.0001,0.1,512,3,5,4,256,6000,8.0,2633729,4,4,9977,4108,900022,7,4468,46468,71,426.0,3.55,5.93205,0.93721819
cold,0,1,0,0.0001,0.1,512,3,5,4,256,6000,8.0,2633729,4,4,9977,4108,900022,7,4468,46468,72,432.0,3.6,6.0156,0.93528759
cold,0,1,0,0.0001,0.1,512,3,5,4,256,6000,8.0,2633729,4,4,9977,4108,900022,7,4468,46468,73,438.0,3.65,6.09915,0.93922377
cold,0,1,0,0.0001,0.1,512,3,5,4,256,6000,8.0,2633729,4,4,9977,4108,900022,7,4468,46468,74,444.0,3.7,6.1827,0.94823593
cold,0,1,0,0.0001,0.1,512,3,5,4,256,6000,8.0,2633729,4,4,9977,4108,900022,7,4468,46468,75,450.0,3.75,6.26625,0.95830053
cold,0,1,0,0.0001,0.1,512,3,5,4,256,6000,8.0,2633729,4,4,9977,4108,900022,7,4468,46468,76,456.0,3.8,6.3498,0.9643755
cold,0,1,0,0.0001,0.1,512,3,5,4,256,6000,8.0,2633729,4,4,9977,4108,900022,7,4468,46468,77,462.0,3.85,6.43335,0.96419388
cold,0,1,0,0.0001,0.1,512,3,5,4,256,6000,8.0,2633729,4,4,9977,4108,900022,7,4468,46468,78,468.0,3.9,6.5169,0.96014553
cold,0,1,0,0.0001,0.1,512,3,5,4,256,6000,8.0,2633729,4,4,9977,4108,900022,7,4468,46468,79,474.0,3.95,6.60045,0.95671523
cold,0,1,0,0.0001,0.1,512,3,5,4,256,6000,8.0,2633729,4,4,9977,4108,900022,7,4468,46468,80,480.0,4.0,6.684,0.9558624
cold,0,1,0,0.0001,0.1,512,3,5,4,256,6000,8.0,2633729,4,4,9977,4108,900022,7,4468,46468,81,486.0,4.05,6.76755,0.95632094
cold,0,1,0,0.0001,0.1,512,3,5,4,256,6000,8.0,2633729,4,4,9977,4108,900022,7,4468,46468,82,492.0,4.1,6.8511,0.95624143
cold,0,1,0,0.0001,0.1,512,3,5,4,256,6000,8.0,2633729,4,4,9977,4108,900022,7,4468,46468,83,498.0,4.15,6.93465,0.95546675
cold,0,1,0,0.0001,0.1,512,3,5,4,256,6000,8.0,2633729,4,4,9977,4108,900022,7,4468,46468,84,504.0,4.2,7.0182,0.95479739
cold,0,1,0,0.0001,0.1,512,3,5,4,256,6000,8.0,2633729,4,4,9977,4108,900022,7,4468,46468,85,510.0,4.25,7.10175,0.95531464
cold,0,1,0,0.0001,0.1,512,3,5,4,256,6000,8.0,2633729,4,4,9977,4108,900022,7,4468,46468,86,516.0,4.3,7.1853,0.95849252
cold,0,1,0,0.0001,0.1,512,3,5,4,256,6000,8.0,2633729,4,4,9977,4108,900022,7,4468,46468,87,522.0,4.35,7.26885,0.96478373
cold,0,1,0,0.0001,0.1,512,3,5,4,256,6000,8.0,2633729,4,4,9977,4108,900022,7,4468,46468,88,528.0,4.4,7.3524,0.97208029
cold,0,1,0,0.0001,0.1,512,3,5,4,256,6000,8.0,2633729,4,4,9977,4108,900022,7,4468,46468,89,534.0,4.45,7.43595,0.97638804
cold,0,1,0,0.0001,0.1,512,3,5,4,256,6000,8.0,2633729,4,4,9977,4108,900022,7,4468,46468,90,540.0,4.5,7.5195,0.97621459
cold,0,1,0,0.0001,0.1,512,3,5,4,256,6000,8.0,2633729,4,4,9977,4108,900022,7,4468,46468,91,546.0,4.55,7.60305,0.97409546
cold,0,1,0,0.0001,0.1,512,3,5,4,256,6000,8.0,2633729,4,4,9977,4108,900022,7,4468,46468,92,552.0,4.6,7.6866,0.97292429
cold,0,1,0,0.0001,0.1,512,3,5,4,256,6000,8.0,2633729,4,4,9977,4108,900022,7,4468,46468,93,558.0,4.65,7.77015,0.97381693
cold,0,1,0,0.0001,0.1,512,3,5,4,256,6000,8.0,2633729,4,4,9977,4108,900022,7,4468,46468,94,564.0,4.7,7.8537,0.97627103
cold,0,1,0,0.0001,0.1,512,3,5,4,256,6000,8.0,2633729,4,4,9977,4108,900022,7,4468,46468,95,570.0,4.75,7.93725,0.97804886
cold,0,1,0,0.0001,0.1,512,3,5,4,256,6000,8.0,2633729,4,4,9977,4108,900022,7,4468,46468,96,576.0,4.8,8.0208,0.97671145
cold,0,1,0,0.0001,0.1,512,3,5,4,256,6000,8.0,2633729,4,4,9977,4108,900022,7,4468,46468,97,582.0,4.85,8.10435,0.97294641
cold,0,1,0,0.0001,0.1,512,3,5,4,256,6000,8.0,2633729,4,4,9977,4108,900022,7,4468,46468,98,588.0,4.9,8.1879,0.97013789
cold,0,1,0,0.0001,0.1,512,3,5,4,256,6000,8.0,2633729,4,4,9977,4108,900022,7,4468,46468,99,594.0,4.95,8.27145,0.97049427
cold,0,1,0,0.0001,0.1,512,3,5,4,256,6000,8.0,2633729,4,4,9977,4108,900022,7,4468,46468,100,600.0,5.0,8.355,0.97362357
cold,0,1,0,0.0001,0.1,512,3,5,4,256,6000,8.0,2633729,4,4,9977,4108,900022,7,4468,46468,101,606.0,5.05,8.43855,0.97812068
cold,0,1,0,0.0001,0.1,512,3,5,4,256,6000,8.0,2633729,4,4,9977,4108,900022,7,4468,46468,102,612.0,5.1,8.5221,0.98198497
cold,0,1,0,0.0001,0.1,512,3,5,4,256,6000,8.0,2633729,4,4,9977,4108,900022,7,4468,46468,103,618.0,5.15,8.60565,0.983271
cold,0,1,0,0.0001,0.1,512,3,5,4,256,6000,8.0,2633729,4,4,9977,4108,900022,7,4468,46468,104,624.0,5.2,8.6892,0.982373
cold,0,1,0,0.0001,0.1,512,3,5,4,256,6000,8.0,2633729,4,4,9977,4108,900022,7,4468,46468,105,630.0,5.25,8.77275,0.98192322
cold,0,1,0,0.0001,0.1,512,3,5,4,256,6000,8.0,2633729,4,4,9977,4108,900022,7,4468,46468,106,636.0,5.3,8.8563,0.98346394
cold,0,1,0,0.0001,0.1,512,3,5,4,256,6000,8.0,2633729,4,4,9977,4108,900022,7,4468,46468,107,642.0,5.35,8.93985,0.98615897
cold,0,1,0,0.0001,0.1,512,3,5,4,256,6000,8.0,2633729,4,4,9977,4108,900022,7,4468,46468,108,648.0,5.4,9.0234,0.9882285
cold,0,1,0,0.0001,0.1,512,3,5,4,256,6000,8.0,2633729,4,4,9977,4108,900022,7,4468,46468,109,654.0,5.45,9.10695,0.98813254
cold,0,1,0,0.0001,0.1,512,3,5,4,256,6000,8.0,2633729,4,4,9977,4108,900022,7,4468,46468,110,660.0,5.5,9.1905,0.98572481
cold,0,1,0,0.0001,0.1,512,3,5,4,256,6000,8.0,2633729,4,4,9977,4108,900022,7,4468,46468,111,666.0,5.55,9.27405,0.98287672
cold,0,1,0,0.0001,0.1,512,3,5,4,256,6000,8.0,2633729,4,4,9977,4108,900022,7,4468,46468,112,672.0,5.6,9.3576,0.98175973
cold,0,1,0,0.0001,0.1,512,3,5,4,256,6000,8.0,2633729,4,4,9977,4108,900022,7,4468,46468,113,678.0,5.65,9.44115,0.98354918
cold,0,1,0,0.0001,0.1,512,3,5,4,256,6000,8.0,2633729,4,4,9977,4108,900022,7,4468,46468,114,684.0,5.7,9.5247,0.98841894
cold,0,1,0,0.0001,0.1,512,3,5,4,256,6000,8.0,2633729,4,4,9977,4108,900022,7,4468,46468,115,690.0,5.75,9.60825,0.99473637
cold,0,1,0,0.0001,0.1,512,3,5,4,256,6000,8.0,2633729,4,4,9977,4108,900022,7,4468,46468,116,696.0,5.8,9.6918,0.99991727
cold,0,1,0,0.0001,0.1,512,3,5,4,256,6000,8.0,2633729,4,4,9977,4108,900022,7,4468,46468,117,702.0,5.85,9.77535,1.00261581
cold,0,1,0,0.0001,0.1,512,3,5,4,256,6000,8.0,2633729,4,4,9977,4108,900022,7,4468,46468,118,708.0,5.9,9.8589,1.00296926
cold,0,1,0,0.0001,0.1,512,3,5,4,256,6000,8.0,2633729,4,4,9977,4108,900022,7,4468,46468,119,714.0,5.95,9.94245,1.00115752
cold,0,1,0,0.0001,0.1,512,3,5,4,256,6000,8.0,2633729,4,4,9977,4108,900022,7,4468,46468,120,720.0,6.0,10.026,0.99805468
cold,0,1,0,0.0001,0.1,512,3,5,4,256,6000,8.0,2633729,4,4,9977,4108,900022,7,6000,48000,1,6.0,0.05,0.08355,0.03839847
cold,0,1,0,0.0001,0.1,512,3,5,4,256,6000,8.0,2633729,4,4,9977,4108,900022,7,6000,48000,2,12.0,0.1,0.1671,0.0457564
cold,0,1,0,0.0001,0.1,512,3,5,4,256,6000,8.0,2633729,4,4,9977,4108,900022,7,6000,48000,3,18.0,0.15,0.25065,0.05353271
cold,0,1,0,0.0001,0.1,512,3,5,4,256,6000,8.0,2633729,4,4,9977,4108,900022,7,6000,48000,4,24.0,0.2,0.3342,0.06122379
cold,0,1,0,0.0001,0.1,512,3,5,4,256,6000,8.0,2633729,4,4,9977,4108,900022,7,6000,48000,5,30.0,0.25,0.41775,0.06834006
cold,0,1,0,0.0001,0.1,512,3,5,4,256,6000,8.0,2633729,4,4,9977,4108,900022,7,6000,48000,6,36.0,0.3,0.5013,0.0778029
cold,0,1,0,0.0001,0.1,512,3,5,4,256,6000,8.0,2633729,4,4,9977,4108,900022,7,6000,48000,7,42.0,0.35,0.58485,0.08774623
cold,0,1,0,0.0001,0.1,512,3,5,4,256,6000,8.0,2633729,4,4,9977,4108,900022,7,6000,48000,8,48.0,0.4,0.6684,0.09851199
cold,0,1,0,0.0001,0.1,512,3,5,4,256,6000,8.0,2633729,4,4,9977,4108,900022,7,6000,48000,9,54.0,0.45,0.75195,0.11007793
cold,0,1,0,0.0001,0.1,512,3,5,4,256,6000,8.0,2633729,4,4,9977,4108,900022,7,6000,48000,10,60.0,0.5,0.8355,0.1224031
cold,0,1,0,0.0001,0.1,512,3,5,4,256,6000,8.0,2633729,4,4,9977,4108,900022,7,6000,48000,11,66.0,0.55,0.91905,0.13574688
cold,0,1,0,0.0001,0.1,512,3,5,4,256,6000,8.0,2633729,4,4,9977,4108,900022,7,6000,48000,12,72.0,0.6,1.0026,0.1507192
cold,0,1,0,0.0001,0.1,512,3,5,4,256,6000,8.0,2633729,4,4,9977,4108,900022,7,6000,48000,13,78.0,0.65,1.08615,0.16736448
cold,0,1,0,0.0001,0.1,512,3,5,4,256,6000,8.0,2633729,4,4,9977,4108,900022,7,6000,48000,14,84.0,0.7,1.1697,0.18511999
cold,0,1,0,0.0001,0.1,512,3,5,4,256,6000,8.0,2633729,4,4,9977,4108,900022,7,6000,48000,15,90.0,0.75,1.25325,0.2031446
cold,0,1,0,0.0001,0.1,512,3,5,4,256,6000,8.0,2633729,4,4,9977,4108,900022,7,6000,48000,16,96.0,0.8,1.3368,0.22092272
cold,0,1,0,0.0001,0.1,512,3,5,4,256,6000,8.0,2633729,4,4,9977,4108,900022,7,6000,48000,17,102.0,0.85,1.42035,0.23891932
cold,0,1,0,0.0001,0.1,512,3,5,4,256,6000,8.0,2633729,4,4,9977,4108,900022,7,6000,48000,18,108.0,0.9,1.5039,0.25834781
cold,0,1,0,0.0001,0.1,512,3,5,4,256,6000,8.0,2633729,4,4,9977,4108,900022,7,6000,48000,19,114.0,0.95,1.58745,0.28028688
cold,0,1,0,0.0001,0.1,512,3,5,4,256,6000,8.0,2633729,4,4,9977,4108,900022,7,6000,48000,20,120.0,1.0,1.671,0.30449244
cold,0,1,0,0.0001,0.1,512,3,5,4,256,6000,8.0,2633729,4,4,9977,4108,900022,7,6000,48000,21,126.0,1.05,1.75455,0.32926247
cold,0,1,0,0.0001,0.1,512,3,5,4,256,6000,8.0,2633729,4,4,9977,4108,900022,7,6000,48000,22,132.0,1.1,1.8381,0.35236841
cold,0,1,0,0.0001,0.1,512,3,5,4,256,6000,8.0,2633729,4,4,9977,4108,900022,7,6000,48000,23,138.0,1.15,1.92165,0.37200579
cold,0,1,0,0.0001,0.1,512,3,5,4,256,6000,8.0,2633729,4,4,9977,4108,900022,7,6000,48000,24,144.0,1.2,2.0052,0.38796771
cold,0,1,0,0.0001,0.1,512,3,5,4,256,6000,8.0,2633729,4,4,9977,4108,900022,7,6000,48000,25,150.0,1.25,2.08875,0.4017624
cold,0,1,0,0.0001,0.1,512,3,5,4,256,6000,8.0,2633729,4,4,9977,4108,900022,7,6000,48000,26,156.0,1.3,2.1723,0.41556442
cold,0,1,0,0.0001,0.1,512,3,5,4,256,6000,8.0,2633729,4,4,9977,4108,900022,7,6000,48000,27,162.0,1.35,2.25585,0.43093204
cold,0,1,0,0.0001,0.1,512,3,5,4,256,6000,8.0,2633729,4,4,9977,4108,900022,7,6000,48000,28,168.0,1.4,2.3394,0.4482598
cold,0,1,0,0.0001,0.1,512,3,5,4,256,6000,8.0,2633729,4,4,9977,4108,900022,7,6000,48000,29,174.0,1.45,2.42295,0.46773699
cold,0,1,0,0.0001,0.1,512,3,5,4,256,6000,8.0,2633729,4,4,9977,4108,900022,7,6000,48000,30,180.0,1.5,2.5065,0.48917589
cold,0,1,0,0.0001,0.1,512,3,5,4,256,6000,8.0,2633729,4,4,9977,4108,900022,7,6000,48000,31,186.0,1.55,2.59005,0.51211017
cold,0,1,0,0.0001,0.1,512,3,5,4,256,6000,8.0,2633729,4,4,9977,4108,900022,7,6000,48000,32,192.0,1.6,2.6736,0.53739393
cold,0,1,0,0.0001,0.1,512,3,5,4,256,6000,8.0,2633729,4,4,9977,4108,900022,7,6000,48000,33,198.0,1.65,2.75715,0.56601381
cold,0,1,0,0.0001,0.1,512,3,5,4,256,6000,8.0,2633729,4,4,9977,4108,900022,7,6000,48000,34,204.0,1.7,2.8407,0.59643352
cold,0,1,0,0.0001,0.1,512,3,5,4,256,6000,8.0,2633729,4,4,9977,4108,900022,7,6000,48000,35,210.0,1.75,2.92425,0.62467933
cold,0,1,0,0.0001,0.1,512,3,5,4,256,6000,8.0,2633729,4,4,9977,4108,900022,7,6000,48000,36,216.0,1.8,3.0078,0.64698458
cold,0,1,0,0.0001,0.1,512,3,5,4,256,6000,8.0,2633729,4,4,9977,4108,900022,7,6000,48000,37,222.0,1.85,3.09135,0.66362578
cold,0,1,0,0.0001,0.1,512,3,5,4,256,6000,8.0,2633729,4,4,9977,4108,900022,7,6000,48000,38,228.0,1.9,3.1749,0.67781609
cold,0,1,0,0.0001,0.1,512,3,5,4,256,6000,8.0,2633729,4,4,9977,4108,900022,7,6000,48000,39,234.0,1.95,3.25845,0.69119006
cold,0,1,0,0.0001,0.1,512,3,5,4,256,6000,8.0,2633729,4,4,9977,4108,900022,7,6000,48000,40,240.0,2.0,3.342,0.70332491
cold,0,1,0,0.0001,0.1,512,3,5,4,256,6000,8.0,2633729,4,4,9977,4108,900022,7,6000,48000,41,246.0,2.05,3.42555,0.71309149
cold,0,1,0,0.0001,0.1,512,3,5,4,256,6000,8.0,2633729,4,4,9977,4108,900022,7,6000,48000,42,252.0,2.1,3.5091,0.72057486
cold,0,1,0,0.0001,0.1,512,3,5,4,256,6000,8.0,2633729,4,4,9977,4108,900022,7,6000,48000,43,258.0,2.15,3.59265,0.72722399
cold,0,1,0,0.0001,0.1,512,3,5,4,256,6000,8.0,2633729,4,4,9977,4108,900022,7,6000,48000,44,264.0,2.2,3.6762,0.73375964
cold,0,1,0,0.0001,0.1,512,3,5,4,256,6000,8.0,2633729,4,4,9977,4108,900022,7,6000,48000,45,270.0,2.25,3.75975,0.74021536
cold,0,1,0,0.0001,0.1,512,3,5,4,256,6000,8.0,2633729,4,4,9977,4108,900022,7,6000,48000,46,276.0,2.3,3.8433,0.74688387
cold,0,1,0,0.0001,0.1,512,3,5,4,256,6000,8.0,2633729,4,4,9977,4108,900022,7,6000,48000,47,282.0,2.35,3.92685,0.75509143
cold,0,1,0,0.0001,0.1,512,3,5,4,256,6000,8.0,2633729,4,4,9977,4108,900022,7,6000,48000,48,288.0,2.4,4.0104,0.76583278
cold,0,1,0,0.0001,0.1,512,3,5,4,256,6000,8.0,2633729,4,4,9977,4108,900022,7,6000,48000,49,294.0,2.45,4.09395,0.77848083
cold,0,1,0,0.0001,0.1,512,3,5,4,256,6000,8.0,2633729,4,4,9977,4108,900022,7,6000,48000,50,300.0,2.5,4.1775,0.79186964
cold,0,1,0,0.0001,0.1,512,3,5,4,256,6000,8.0,2633729,4,4,9977,4108,900022,7,6000,48000,51,306.0,2.55,4.26105,0.80508381
cold,0,1,0,0.0001,0.1,512,3,5,4,256,6000,8.0,2633729,4,4,9977,4108,900022,7,6000,48000,52,312.0,2.6,4.3446,0.81794232
cold,0,1,0,0.0001,0.1,512,3,5,4,256,6000,8.0,2633729,4,4,9977,4108,900022,7,6000,48000,53,318.0,2.65,4.42815,0.83005255
cold,0,1,0,0.0001,0.1,512,3,5,4,256,6000,8.0,2633729,4,4,9977,4108,900022,7,6000,48000,54,324.0,2.7,4.5117,0.84081179
cold,0,1,0,0.0001,0.1,512,3,5,4,256,6000,8.0,2633729,4,4,9977,4108,900022,7,6000,48000,55,330.0,2.75,4.59525,0.84974676
cold,0,1,0,0.0001,0.1,512,3,5,4,256,6000,8.0,2633729,4,4,9977,4108,900022,7,6000,48000,56,336.0,2.8,4.6788,0.85697371
cold,0,1,0,0.0001,0.1,512,3,5,4,256,6000,8.0,2633729,4,4,9977,4108,900022,7,6000,48000,57,342.0,2.85,4.76235,0.86314821
cold,0,1,0,0.0001,0.1,512,3,5,4,256,6000,8.0,2633729,4,4,9977,4108,900022,7,6000,48000,58,348.0,2.9,4.8459,0.86872178
cold,0,1,0,0.0001,0.1,512,3,5,4,256,6000,8.0,2633729,4,4,9977,4108,900022,7,6000,48000,59,354.0,2.95,4.92945,0.87401724
cold,0,1,0,0.0001,0.1,512,3,5,4,256,6000,8.0,2633729,4,4,9977,4108,900022,7,6000,48000,60,360.0,3.0,5.013,0.87943882
cold,0,1,0,0.0001,0.1,512,3,5,4,256,6000,8.0,2633729,4,4,9977,4108,900022,7,6000,48000,61,366.0,3.05,5.09655,0.88566458
cold,0,1,0,0.0001,0.1,512,3,5,4,256,6000,8.0,2633729,4,4,9977,4108,900022,7,6000,48000,62,372.0,3.1,5.1801,0.89273667
cold,0,1,0,0.0001,0.1,512,3,5,4,256,6000,8.0,2633729,4,4,9977,4108,900022,7,6000,48000,63,378.0,3.15,5.26365,0.89990348
cold,0,1,0,0.0001,0.1,512,3,5,4,256,6000,8.0,2633729,4,4,9977,4108,900022,7,6000,48000,64,384.0,3.2,5.3472,0.90716672
cold,0,1,0,0.0001,0.1,512,3,5,4,256,6000,8.0,2633729,4,4,9977,4108,900022,7,6000,48000,65,390.0,3.25,5.43075,0.91480559
cold,0,1,0,0.0001,0.1,512,3,5,4,256,6000,8.0,2633729,4,4,9977,4108,900022,7,6000,48000,66,396.0,3.3,5.5143,0.92148417
cold,0,1,0,0.0001,0.1,512,3,5,4,256,6000,8.0,2633729,4,4,9977,4108,900022,7,6000,48000,67,402.0,3.35,5.59785,0.92553699
cold,0,1,0,0.0001,0.1,512,3,5,4,256,6000,8.0,2633729,4,4,9977,4108,900022,7,6000,48000,68,408.0,3.4,5.6814,0.92722851
cold,0,1,0,0.0001,0.1,512,3,5,4,256,6000,8.0,2633729,4,4,9977,4108,900022,7,6000,48000,69,414.0,3.45,5.76495,0.92883772
cold,0,1,0,0.0001,0.1,512,3,5,4,256,6000,8.0,2633729,4,4,9977,4108,900022,7,6000,48000,70,420.0,3.5,5.8485,0.93271285
cold,0,1,0,0.0001,0.1,512,3,5,4,256,6000,8.0,2633729,4,4,9977,4108,900022,7,6000,48000,71,426.0,3.55,5.93205,0.93956363
cold,0,1,0,0.0001,0.1,512,3,5,4,256,6000,8.0,2633729,4,4,9977,4108,900022,7,6000,48000,72,432.0,3.6,6.0156,0.9483763
cold,0,1,0,0.0001,0.1,512,3,5,4,256,6000,8.0,2633729,4,4,9977,4108,900022,7,6000,48000,73,438.0,3.65,6.09915,0.95731562
cold,0,1,0,0.0001,0.1,512,3,5,4,256,6000,8.0,2633729,4,4,9977,4108,900022,7,6000,48000,74,444.0,3.7,6.1827,0.96461356
cold,0,1,0,0.0001,0.1,512,3,5,4,256,6000,8.0,2633729,4,4,9977,4108,900022,7,6000,48000,75,450.0,3.75,6.26625,0.96937263
cold,0,1,0,0.0001,0.1,512,3,5,4,256,6000,8.0,2633729,4,4,9977,4108,900022,7,6000,48000,76,456.0,3.8,6.3498,0.97212869
cold,0,1,0,0.0001,0.1,512,3,5,4,256,6000,8.0,2633729,4,4,9977,4108,900022,7,6000,48000,77,462.0,3.85,6.43335,0.9747715
cold,0,1,0,0.0001,0.1,512,3,5,4,256,6000,8.0,2633729,4,4,9977,4108,900022,7,6000,48000,78,468.0,3.9,6.5169,0.97819197
cold,0,1,0,0.0001,0.1,512,3,5,4,256,6000,8.0,2633729,4,4,9977,4108,900022,7,6000,48000,79,474.0,3.95,6.60045,0.98104995
cold,0,1,0,0.0001,0.1,512,3,5,4,256,6000,8.0,2633729,4,4,9977,4108,900022,7,6000,48000,80,480.0,4.0,6.684,0.98100787
cold,0,1,0,0.0001,0.1,512,3,5,4,256,6000,8.0,2633729,4,4,9977,4108,900022,7,6000,48000,81,486.0,4.05,6.76755,0.97773939
cold,0,1,0,0.0001,0.1,512,3,5,4,256,6000,8.0,2633729,4,4,9977,4108,900022,7,6000,48000,82,492.0,4.1,6.8511,0.97448462
cold,0,1,0,0.0001,0.1,512,3,5,4,256,6000,8.0,2633729,4,4,9977,4108,900022,7,6000,48000,83,498.0,4.15,6.93465,0.97444397
cold,0,1,0,0.0001,0.1,512,3,5,4,256,6000,8.0,2633729,4,4,9977,4108,900022,7,6000,48000,84,504.0,4.2,7.0182,0.97719818
cold,0,1,0,0.0001,0.1,512,3,5,4,256,6000,8.0,2633729,4,4,9977,4108,900022,7,6000,48000,85,510.0,4.25,7.10175,0.98055857
cold,0,1,0,0.0001,0.1,512,3,5,4,256,6000,8.0,2633729,4,4,9977,4108,900022,7,6000,48000,86,516.0,4.3,7.1853,0.9835434
cold,0,1,0,0.0001,0.1,512,3,5,4,256,6000,8.0,2633729,4,4,9977,4108,900022,7,6000,48000,87,522.0,4.35,7.26885,0.98492467
cold,0,1,0,0.0001,0.1,512,3,5,4,256,6000,8.0,2633729,4,4,9977,4108,900022,7,6000,48000,88,528.0,4.4,7.3524,0.98313308
cold,0,1,0,0.0001,0.1,512,3,5,4,256,6000,8.0,2633729,4,4,9977,4108,900022,7,6000,48000,89,534.0,4.45,7.43595,0.97887456
cold,0,1,0,0.0001,0.1,512,3,5,4,256,6000,8.0,2633729,4,4,9977,4108,900022,7,6000,48000,90,540.0,4.5,7.5195,0.97422457
cold,0,1,0,0.0001,0.1,512,3,5,4,256,6000,8.0,2633729,4,4,9977,4108,900022,7,6000,48000,91,546.0,4.55,7.60305,0.97025973
cold,0,1,0,0.0001,0.1,512,3,5,4,256,6000,8.0,2633729,4,4,9977,4108,900022,7,6000,48000,92,552.0,4.6,7.6866,0.96690255
cold,0,1,0,0.0001,0.1,512,3,5,4,256,6000,8.0,2633729,4,4,9977,4108,900022,7,6000,48000,93,558.0,4.65,7.77015,0.96398497
cold,0,1,0,0.0001,0.1,512,3,5,4,256,6000,8.0,2633729,4,4,9977,4108,900022,7,6000,48000,94,564.0,4.7,7.8537,0.96231651
cold,0,1,0,0.0001,0.1,512,3,5,4,256,6000,8.0,2633729,4,4,9977,4108,900022,7,6000,48000,95,570.0,4.75,7.93725,0.9630326
cold,0,1,0,0.0001,0.1,512,3,5,4,256,6000,8.0,2633729,4,4,9977,4108,900022,7,6000,48000,96,576.0,4.8,8.0208,0.96640998
cold,0,1,0,0.0001,0.1,512,3,5,4,256,6000,8.0,2633729,4,4,9977,4108,900022,7,6000,48000,97,582.0,4.85,8.10435,0.9715212
cold,0,1,0,0.0001,0.1,512,3,5,4,256,6000,8.0,2633729,4,4,9977,4108,900022,7,6000,48000,98,588.0,4.9,8.1879,0.9767465
cold,0,1,0,0.0001,0.1,512,3,5,4,256,6000,8.0,2633729,4,4,9977,4108,900022,7,6000,48000,99,594.0,4.95,8.27145,0.98057073
cold,0,1,0,0.0001,0.1,512,3,5,4,256,6000,8.0,2633729,4,4,9977,4108,900022,7,6000,48000,100,600.0,5.0,8.355,0.98176515
cold,0,1,0,0.0001,0.1,512,3,5,4,256,6000,8.0,2633729,4,4,9977,4108,900022,7,6000,48000,101,606.0,5.05,8.43855,0.9799847
cold,0,1,0,0.0001,0.1,512,3,5,4,256,6000,8.0,2633729,4,4,9977,4108,900022,7,6000,48000,102,612.0,5.1,8.5221,0.9762156
cold,0,1,0,0.0001,0.1,512,3,5,4,256,6000,8.0,2633729,4,4,9977,4108,900022,7,6000,48000,103,618.0,5.15,8.60565,0.97236639
cold,0,1,0,0.0001,0.1,512,3,5,4,256,6000,8.0,2633729,4,4,9977,4108,900022,7,6000,48000,104,624.0,5.2,8.6892,0.96965814
cold,0,1,0,0.0001,0.1,512,3,5,4,256,6000,8.0,2633729,4,4,9977,4108,900022,7,6000,48000,105,630.0,5.25,8.77275,0.96837348
cold,0,1,0,0.0001,0.1,512,3,5,4,256,6000,8.0,2633729,4,4,9977,4108,900022,7,6000,48000,106,636.0,5.3,8.8563,0.96808612
cold,0,1,0,0.0001,0.1,512,3,5,4,256,6000,8.0,2633729,4,4,9977,4108,900022,7,6000,48000,107,642.0,5.35,8.93985,0.96836782
cold,0,1,0,0.0001,0.1,512,3,5,4,256,6000,8.0,2633729,4,4,9977,4108,900022,7,6000,48000,108,648.0,5.4,9.0234,0.96954483
cold,0,1,0,0.0001,0.1,512,3,5,4,256,6000,8.0,2633729,4,4,9977,4108,900022,7,6000,48000,109,654.0,5.45,9.10695,0.97123343
cold,0,1,0,0.0001,0.1,512,3,5,4,256,6000,8.0,2633729,4,4,9977,4108,900022,7,6000,48000,110,660.0,5.5,9.1905,0.97248214
cold,0,1,0,0.0001,0.1,512,3,5,4,256,6000,8.0,2633729,4,4,9977,4108,900022,7,6000,48000,111,666.0,5.55,9.27405,0.97386539
cold,0,1,0,0.0001,0.1,512,3,5,4,256,6000,8.0,2633729,4,4,9977,4108,900022,7,6000,48000,112,672.0,5.6,9.3576,0.97690517
cold,0,1,0,0.0001,0.1,512,3,5,4,256,6000,8.0,2633729,4,4,9977,4108,900022,7,6000,48000,113,678.0,5.65,9.44115,0.98249555
cold,0,1,0,0.0001,0.1,512,3,5,4,256,6000,8.0,2633729,4,4,9977,4108,900022,7,6000,48000,114,684.0,5.7,9.5247,0.99017221
cold,0,1,0,0.0001,0.1,512,3,5,4,256,6000,8.0,2633729,4,4,9977,4108,900022,7,6000,48000,115,690.0,5.75,9.60825,0.99831837
cold,0,1,0,0.0001,0.1,512,3,5,4,256,6000,8.0,2633729,4,4,9977,4108,900022,7,6000,48000,116,696.0,5.8,9.6918,1.00498486
cold,0,1,0,0.0001,0.1,512,3,5,4,256,6000,8.0,2633729,4,4,9977,4108,900022,7,6000,48000,117,702.0,5.85,9.77535,1.00860393
cold,0,1,0,0.0001,0.1,512,3,5,4,256,6000,8.0,2633729,4,4,9977,4108,900022,7,6000,48000,118,708.0,5.9,9.8589,1.00858927
cold,0,1,0,0.0001,0.1,512,3,5,4,256,6000,8.0,2633729,4,4,9977,4108,900022,7,6000,48000,119,714.0,5.95,9.94245,1.00523329
cold,0,1,0,0.0001,0.1,512,3,5,4,256,6000,8.0,2633729,4,4,9977,4108,900022,7,6000,48000,120,720.0,6.0,10.026,0.9995712
cold,0,1,0,0.0001,0.1,512,3,5,4,256,6000,8.0,2633729,4,4,9977,4109,900023,8,1,48001,1,6.0,0.05,0.08355,0.16227089
cold,0,1,0,0.0001,0.1,512,3,5,4,256,6000,8.0,2633729,4,4,9977,4109,900023,8,1,48001,2,12.0,0.1,0.1671,0.29291543
cold,0,1,0,0.0001,0.1,512,3,5,4,256,6000,8.0,2633729,4,4,9977,4109,900023,8,1,48001,3,18.0,0.15,0.25065,0.41388503
cold,0,1,0,0.0001,0.1,512,3,5,4,256,6000,8.0,2633729,4,4,9977,4109,900023,8,1,48001,4,24.0,0.2,0.3342,0.51693308
cold,0,1,0,0.0001,0.1,512,3,5,4,256,6000,8.0,2633729,4,4,9977,4109,900023,8,1,48001,5,30.0,0.25,0.41775,0.59949702
cold,0,1,0,0.0001,0.1,512,3,5,4,256,6000,8.0,2633729,4,4,9977,4109,900023,8,1,48001,6,36.0,0.3,0.5013,0.66215765
cold,0,1,0,0.0001,0.1,512,3,5,4,256,6000,8.0,2633729,4,4,9977,4109,900023,8,1,48001,7,42.0,0.35,0.58485,0.70675159
cold,0,1,0,0.0001,0.1,512,3,5,4,256,6000,8.0,2633729,4,4,9977,4109,900023,8,1,48001,8,48.0,0.4,0.6684,0.73652697
cold,0,1,0,0.0001,0.1,512,3,5,4,256,6000,8.0,2633729,4,4,9977,4109,900023,8,1,48001,9,54.0,0.45,0.75195,0.75528288
cold,0,1,0,0.0001,0.1,512,3,5,4,256,6000,8.0,2633729,4,4,9977,4109,900023,8,1,48001,10,60.0,0.5,0.8355,0.76605678
cold,0,1,0,0.0001,0.1,512,3,5,4,256,6000,8.0,2633729,4,4,9977,4109,900023,8,1,48001,11,66.0,0.55,0.91905,0.77173513
cold,0,1,0,0.0001,0.1,512,3,5,4,256,6000,8.0,2633729,4,4,9977,4109,900023,8,1,48001,12,72.0,0.6,1.0026,0.77577567
cold,0,1,0,0.0001,0.1,512,3,5,4,256,6000,8.0,2633729,4,4,9977,4109,900023,8,1,48001,13,78.0,0.65,1.08615,0.78082526
cold,0,1,0,0.0001,0.1,512,3,5,4,256,6000,8.0,2633729,4,4,9977,4109,900023,8,1,48001,14,84.0,0.7,1.1697,0.78772968
cold,0,1,0,0.0001,0.1,512,3,5,4,256,6000,8.0,2633729,4,4,9977,4109,900023,8,1,48001,15,90.0,0.75,1.25325,0.79586381
cold,0,1,0,0.0001,0.1,512,3,5,4,256,6000,8.0,2633729,4,4,9977,4109,900023,8,1,48001,16,96.0,0.8,1.3368,0.80396199
cold,0,1,0,0.0001,0.1,512,3,5,4,256,6000,8.0,2633729,4,4,9977,4109,900023,8,1,48001,17,102.0,0.85,1.42035,0.81139362
cold,0,1,0,0.0001,0.1,512,3,5,4,256,6000,8.0,2633729,4,4,9977,4109,900023,8,1,48001,18,108.0,0.9,1.5039,0.81816846
cold,0,1,0,0.0001,0.1,512,3,5,4,256,6000,8.0,2633729,4,4,9977,4109,900023,8,1,48001,19,114.0,0.95,1.58745,0.8239516
cold,0,1,0,0.0001,0.1,512,3,5,4,256,6000,8.0,2633729,4,4,9977,4109,900023,8,1,48001,20,120.0,1.0,1.671,0.82813996
cold,0,1,0,0.0001,0.1,512,3,5,4,256,6000,8.0,2633729,4,4,9977,4109,900023,8,1,48001,21,126.0,1.05,1.75455,0.83097029
cold,0,1,0,0.0001,0.1,512,3,5,4,256,6000,8.0,2633729,4,4,9977,4109,900023,8,1,48001,22,132.0,1.1,1.8381,0.83379781
cold,0,1,0,0.0001,0.1,512,3,5,4,256,6000,8.0,2633729,4,4,9977,4109,900023,8,1,48001,23,138.0,1.15,1.92165,0.83819133
cold,0,1,0,0.0001,0.1,512,3,5,4,256,6000,8.0,2633729,4,4,9977,4109,900023,8,1,48001,24,144.0,1.2,2.0052,0.84498906
cold,0,1,0,0.0001,0.1,512,3,5,4,256,6000,8.0,2633729,4,4,9977,4109,900023,8,1,48001,25,150.0,1.25,2.08875,0.85339564
cold,0,1,0,0.0001,0.1,512,3,5,4,256,6000,8.0,2633729,4,4,9977,4109,900023,8,1,48001,26,156.0,1.3,2.1723,0.86152583
cold,0,1,0,0.0001,0.1,512,3,5,4,256,6000,8.0,2633729,4,4,9977,4109,900023,8,1,48001,27,162.0,1.35,2.25585,0.86826497
cold,0,1,0,0.0001,0.1,512,3,5,4,256,6000,8.0,2633729,4,4,9977,4109,900023,8,1,48001,28,168.0,1.4,2.3394,0.87380719
cold,0,1,0,0.0001,0.1,512,3,5,4,256,6000,8.0,2633729,4,4,9977,4109,900023,8,1,48001,29,174.0,1.45,2.42295,0.87839329
cold,0,1,0,0.0001,0.1,512,3,5,4,256,6000,8.0,2633729,4,4,9977,4109,900023,8,1,48001,30,180.0,1.5,2.5065,0.88160354
cold,0,1,0,0.0001,0.1,512,3,5,4,256,6000,8.0,2633729,4,4,9977,4109,900023,8,1,48001,31,186.0,1.55,2.59005,0.88372397
cold,0,1,0,0.0001,0.1,512,3,5,4,256,6000,8.0,2633729,4,4,9977,4109,900023,8,1,48001,32,192.0,1.6,2.6736,0.88652837
cold,0,1,0,0.0001,0.1,512,3,5,4,256,6000,8.0,2633729,4,4,9977,4109,900023,8,1,48001,33,198.0,1.65,2.75715,0.89150679
cold,0,1,0,0.0001,0.1,512,3,5,4,256,6000,8.0,2633729,4,4,9977,4109,900023,8,1,48001,34,204.0,1.7,2.8407,0.89858568
cold,0,1,0,0.0001,0.1,512,3,5,4,256,6000,8.0,2633729,4,4,9977,4109,900023,8,1,48001,35,210.0,1.75,2.92425,0.90648937
cold,0,1,0,0.0001,0.1,512,3,5,4,256,6000,8.0,2633729,4,4,9977,4109,900023,8,1,48001,36,216.0,1.8,3.0078,0.91393423
cold,0,1,0,0.0001,0.1,512,3,5,4,256,6000,8.0,2633729,4,4,9977,4109,900023,8,1,48001,37,222.0,1.85,3.09135,0.92088687
cold,0,1,0,0.0001,0.1,512,3,5,4,256,6000,8.0,2633729,4,4,9977,4109,900023,8,1,48001,38,228.0,1.9,3.1749,0.92776167
cold,0,1,0,0.0001,0.1,512,3,5,4,256,6000,8.0,2633729,4,4,9977,4109,900023,8,1,48001,39,234.0,1.95,3.25845,0.93403828
cold,0,1,0,0.0001,0.1,512,3,5,4,256,6000,8.0,2633729,4,4,9977,4109,900023,8,1,48001,40,240.0,2.0,3.342,0.9387418
cold,0,1,0,0.0001,0.1,512,3,5,4,256,6000,8.0,2633729,4,4,9977,4109,900023,8,1,48001,41,246.0,2.05,3.42555,0.94187212
cold,0,1,0,0.0001,0.1,512,3,5,4,256,6000,8.0,2633729,4,4,9977,4109,900023,8,1,48001,42,252.0,2.1,3.5091,0.94464719
cold,0,1,0,0.0001,0.1,512,3,5,4,256,6000,8.0,2633729,4,4,9977,4109,900023,8,1,48001,43,258.0,2.15,3.59265,0.94847786
cold,0,1,0,0.0001,0.1,512,3,5,4,256,6000,8.0,2633729,4,4,9977,4109,900023,8,1,48001,44,264.0,2.2,3.6762,0.95396882
cold,0,1,0,0.0001,0.1,512,3,5,4,256,6000,8.0,2633729,4,4,9977,4109,900023,8,1,48001,45,270.0,2.25,3.75975,0.96018028
cold,0,1,0,0.0001,0.1,512,3,5,4,256,6000,8.0,2633729,4,4,9977,4109,900023,8,1,48001,46,276.0,2.3,3.8433,0.96555352
cold,0,1,0,0.0001,0.1,512,3,5,4,256,6000,8.0,2633729,4,4,9977,4109,900023,8,1,48001,47,282.0,2.35,3.92685,0.96960145
cold,0,1,0,0.0001,0.1,512,3,5,4,256,6000,8.0,2633729,4,4,9977,4109,900023,8,1,48001,48,288.0,2.4,4.0104,0.973032
cold,0,1,0,0.0001,0.1,512,3,5,4,256,6000,8.0,2633729,4,4,9977,4109,900023,8,1,48001,49,294.0,2.45,4.09395,0.9763788
cold,0,1,0,0.0001,0.1,512,3,5,4,256,6000,8.0,2633729,4,4,9977,4109,900023,8,1,48001,50,300.0,2.5,4.1775,0.97913295
cold,0,1,0,0.0001,0.1,512,3,5,4,256,6000,8.0,2633729,4,4,9977,4109,900023,8,1,48001,51,306.0,2.55,4.26105,0.98116493
cold,0,1,0,0.0001,0.1,512,3,5,4,256,6000,8.0,2633729,4,4,9977,4109,900023,8,1,48001,52,312.0,2.6,4.3446,0.98394114
cold,0,1,0,0.0001,0.1,512,3,5,4,256,6000,8.0,2633729,4,4,9977,4109,900023,8,1,48001,53,318.0,2.65,4.42815,0.98894513
cold,0,1,0,0.0001,0.1,512,3,5,4,256,6000,8.0,2633729,4,4,9977,4109,900023,8,1,48001,54,324.0,2.7,4.5117,0.99609613
cold,0,1,0,0.0001,0.1,512,3,5,4,256,6000,8.0,2633729,4,4,9977,4109,900023,8,1,48001,55,330.0,2.75,4.59525,1.00388181
cold,0,1,0,0.0001,0.1,512,3,5,4,256,6000,8.0,2633729,4,4,9977,4109,900023,8,1,48001,56,336.0,2.8,4.6788,1.01089227
cold,0,1,0,0.0001,0.1,512,3,5,4,256,6000,8.0,2633729,4,4,9977,4109,900023,8,1,48001,57,342.0,2.85,4.76235,1.01727009
cold,0,1,0,0.0001,0.1,512,3,5,4,256,6000,8.0,2633729,4,4,9977,4109,900023,8,1,48001,58,348.0,2.9,4.8459,1.02356148
cold,0,1,0,0.0001,0.1,512,3,5,4,256,6000,8.0,2633729,4,4,9977,4109,900023,8,1,48001,59,354.0,2.95,4.92945,1.02912629
cold,0,1,0,0.0001,0.1,512,3,5,4,256,6000,8.0,2633729,4,4,9977,4109,900023,8,1,48001,60,360.0,3.0,5.013,1.0328058
cold,0,1,0,0.0001,0.1,512,3,5,4,256,6000,8.0,2633729,4,4,9977,4109,900023,8,1,48001,61,366.0,3.05,5.09655,1.03461039
cold,0,1,0,0.0001,0.1,512,3,5,4,256,6000,8.0,2633729,4,4,9977,4109,900023,8,1,48001,62,372.0,3.1,5.1801,1.03596151
cold,0,1,0,0.0001,0.1,512,3,5,4,256,6000,8.0,2633729,4,4,9977,4109,900023,8,1,48001,63,378.0,3.15,5.26365,1.03843987
cold,0,1,0,0.0001,0.1,512,3,5,4,256,6000,8.0,2633729,4,4,9977,4109,900023,8,1,48001,64,384.0,3.2,5.3472,1.0426544
cold,0,1,0,0.0001,0.1,512,3,5,4,256,6000,8.0,2633729,4,4,9977,4109,900023,8,1,48001,65,390.0,3.25,5.43075,1.04757369
cold,0,1,0,0.0001,0.1,512,3,5,4,256,6000,8.0,2633729,4,4,9977,4109,900023,8,1,48001,66,396.0,3.3,5.5143,1.05156076
cold,0,1,0,0.0001,0.1,512,3,5,4,256,6000,8.0,2633729,4,4,9977,4109,900023,8,1,48001,67,402.0,3.35,5.59785,1.05414331
cold,0,1,0,0.0001,0.1,512,3,5,4,256,6000,8.0,2633729,4,4,9977,4109,900023,8,1,48001,68,408.0,3.4,5.6814,1.0560683
cold,0,1,0,0.0001,0.1,512,3,5,4,256,6000,8.0,2633729,4,4,9977,4109,900023,8,1,48001,69,414.0,3.45,5.76495,1.05783975
cold,0,1,0,0.0001,0.1,512,3,5,4,256,6000,8.0,2633729,4,4,9977,4109,900023,8,1,48001,70,420.0,3.5,5.8485,1.05894399
cold,0,1,0,0.0001,0.1,512,3,5,4,256,6000,8.0,2633729,4,4,9977,4109,900023,8,1,48001,71,426.0,3.55,5.93205,1.05934477
cold,0,1,0,0.0001,0.1,512,3,5,4,256,6000,8.0,2633729,4,4,9977,4109,900023,8,1,48001,72,432.0,3.6,6.0156,1.06060505
cold,0,1,0,0.0001,0.1,512,3,5,4,256,6000,8.0,2633729,4,4,9977,4109,900023,8,1,48001,73,438.0,3.65,6.09915,1.06421673
cold,0,1,0,0.0001,0.1,512,3,5,4,256,6000,8.0,2633729,4,4,9977,4109,900023,8,1,48001,74,444.0,3.7,6.1827,1.07007444
cold,0,1,0,0.0001,0.1,512,3,5,4,256,6000,8.0,2633729,4,4,9977,4109,900023,8,1,48001,75,450.0,3.75,6.26625,1.07666361
cold,0,1,0,0.0001,0.1,512,3,5,4,256,6000,8.0,2633729,4,4,9977,4109,900023,8,1,48001,76,456.0,3.8,6.3498,1.08255875
cold,0,1,0,0.0001,0.1,512,3,5,4,256,6000,8.0,2633729,4,4,9977,4109,900023,8,1,48001,77,462.0,3.85,6.43335,1.08784103
cold,0,1,0,0.0001,0.1,512,3,5,4,256,6000,8.0,2633729,4,4,9977,4109,900023,8,1,48001,78,468.0,3.9,6.5169,1.09300327
cold,0,1,0,0.0001,0.1,512,3,5,4,256,6000,8.0,2633729,4,4,9977,4109,900023,8,1,48001,79,474.0,3.95,6.60045,1.09740162
cold,0,1,0,0.0001,0.1,512,3,5,4,256,6000,8.0,2633729,4,4,9977,4109,900023,8,1,48001,80,480.0,4.0,6.684,1.09983981
cold,0,1,0,0.0001,0.1,512,3,5,4,256,6000,8.0,2633729,4,4,9977,4109,900023,8,1,48001,81,486.0,4.05,6.76755,1.10021639
cold,0,1,0,0.0001,0.1,512,3,5,4,256,6000,8.0,2633729,4,4,9977,4109,900023,8,1,48001,82,492.0,4.1,6.8511,1.09988821
cold,0,1,0,0.0001,0.1,512,3,5,4,256,6000,8.0,2633729,4,4,9977,4109,900023,8,1,48001,83,498.0,4.15,6.93465,1.10048485
cold,0,1,0,0.0001,0.1,512,3,5,4,256,6000,8.0,2633729,4,4,9977,4109,900023,8,1,48001,84,504.0,4.2,7.0182,1.10274398
cold,0,1,0,0.0001,0.1,512,3,5,4,256,6000,8.0,2633729,4,4,9977,4109,900023,8,1,48001,85,510.0,4.25,7.10175,1.10574937
cold,0,1,0,0.0001,0.1,512,3,5,4,256,6000,8.0,2633729,4,4,9977,4109,900023,8,1,48001,86,516.0,4.3,7.1853,1.10785222
cold,0,1,0,0.0001,0.1,512,3,5,4,256,6000,8.0,2633729,4,4,9977,4109,900023,8,1,48001,87,522.0,4.35,7.26885,1.10846567
cold,0,1,0,0.0001,0.1,512,3,5,4,256,6000,8.0,2633729,4,4,9977,4109,900023,8,1,48001,88,528.0,4.4,7.3524,1.1082927
cold,0,1,0,0.0001,0.1,512,3,5,4,256,6000,8.0,2633729,4,4,9977,4109,900023,8,1,48001,89,534.0,4.45,7.43595,1.10791504
cold,0,1,0,0.0001,0.1,512,3,5,4,256,6000,8.0,2633729,4,4,9977,4109,900023,8,1,48001,90,540.0,4.5,7.5195,1.10693669
cold,0,1,0,0.0001,0.1,512,3,5,4,256,6000,8.0,2633729,4,4,9977,4109,900023,8,1,48001,91,546.0,4.55,7.60305,1.10551977
cold,0,1,0,0.0001,0.1,512,3,5,4,256,6000,8.0,2633729,4,4,9977,4109,900023,8,1,48001,92,552.0,4.6,7.6866,1.10545945
cold,0,1,0,0.0001,0.1,512,3,5,4,256,6000,8.0,2633729,4,4,9977,4109,900023,8,1,48001,93,558.0,4.65,7.77015,1.10821342
cold,0,1,0,0.0001,0.1,512,3,5,4,256,6000,8.0,2633729,4,4,9977,4109,900023,8,1,48001,94,564.0,4.7,7.8537,1.11327946
cold,0,1,0,0.0001,0.1,512,3,5,4,256,6000,8.0,2633729,4,4,9977,4109,900023,8,1,48001,95,570.0,4.75,7.93725,1.11874425
cold,0,1,0,0.0001,0.1,512,3,5,4,256,6000,8.0,2633729,4,4,9977,4109,900023,8,1,48001,96,576.0,4.8,8.0208,1.1231637
cold,0,1,0,0.0001,0.1,512,3,5,4,256,6000,8.0,2633729,4,4,9977,4109,900023,8,1,48001,97,582.0,4.85,8.10435,1.12694609
cold,0,1,0,0.0001,0.1,512,3,5,4,256,6000,8.0,2633729,4,4,9977,4109,900023,8,1,48001,98,588.0,4.9,8.1879,1.13089621
cold,0,1,0,0.0001,0.1,512,3,5,4,256,6000,8.0,2633729,4,4,9977,4109,900023,8,1,48001,99,594.0,4.95,8.27145,1.13441813
cold,0,1,0,0.0001,0.1,512,3,5,4,256,6000,8.0,2633729,4,4,9977,4109,900023,8,1,48001,100,600.0,5.0,8.355,1.13615692
cold,0,1,0,0.0001,0.1,512,3,5,4,256,6000,8.0,2633729,4,4,9977,4109,900023,8,1,48001,101,606.0,5.05,8.43855,1.13586044
cold,0,1,0,0.0001,0.1,512,3,5,4,256,6000,8.0,2633729,4,4,9977,4109,900023,8,1,48001,102,612.0,5.1,8.5221,1.13486075
cold,0,1,0,0.0001,0.1,512,3,5,4,256,6000,8.0,2633729,4,4,9977,4109,900023,8,1,48001,103,618.0,5.15,8.60565,1.1348573
cold,0,1,0,0.0001,0.1,512,3,5,4,256,6000,8.0,2633729,4,4,9977,4109,900023,8,1,48001,104,624.0,5.2,8.6892,1.13675857
cold,0,1,0,0.0001,0.1,512,3,5,4,256,6000,8.0,2633729,4,4,9977,4109,900023,8,1,48001,105,630.0,5.25,8.77275,1.13968515
cold,0,1,0,0.0001,0.1,512,3,5,4,256,6000,8.0,2633729,4,4,9977,4109,900023,8,1,48001,106,636.0,5.3,8.8563,1.14160693
cold,0,1,0,0.0001,0.1,512,3,5,4,256,6000,8.0,2633729,4,4,9977,4109,900023,8,1,48001,107,642.0,5.35,8.93985,1.14144218
cold,0,1,0,0.0001,0.1,512,3,5,4,256,6000,8.0,2633729,4,4,9977,4109,900023,8,1,48001,108,648.0,5.4,9.0234,1.13975716
cold,0,1,0,0.0001,0.1,512,3,5,4,256,6000,8.0,2633729,4,4,9977,4109,900023,8,1,48001,109,654.0,5.45,9.10695,1.13748884
cold,0,1,0,0.0001,0.1,512,3,5,4,256,6000,8.0,2633729,4,4,9977,4109,900023,8,1,48001,110,660.0,5.5,9.1905,1.13480711
cold,0,1,0,0.0001,0.1,512,3,5,4,256,6000,8.0,2633729,4,4,9977,4109,900023,8,1,48001,111,666.0,5.55,9.27405,1.13224781
cold,0,1,0,0.0001,0.1,512,3,5,4,256,6000,8.0,2633729,4,4,9977,4109,900023,8,1,48001,112,672.0,5.6,9.3576,1.13159466
cold,0,1,0,0.0001,0.1,512,3,5,4,256,6000,8.0,2633729,4,4,9977,4109,900023,8,1,48001,113,678.0,5.65,9.44115,1.13405442
cold,0,1,0,0.0001,0.1,512,3,5,4,256,6000,8.0,2633729,4,4,9977,4109,900023,8,1,48001,114,684.0,5.7,9.5247,1.13888252
cold,0,1,0,0.0001,0.1,512,3,5,4,256,6000,8.0,2633729,4,4,9977,4109,900023,8,1,48001,115,690.0,5.75,9.60825,1.14398885
cold,0,1,0,0.0001,0.1,512,3,5,4,256,6000,8.0,2633729,4,4,9977,4109,900023,8,1,48001,116,696.0,5.8,9.6918,1.14785194
cold,0,1,0,0.0001,0.1,512,3,5,4,256,6000,8.0,2633729,4,4,9977,4109,900023,8,1,48001,117,702.0,5.85,9.77535,1.15089262
cold,0,1,0,0.0001,0.1,512,3,5,4,256,6000,8.0,2633729,4,4,9977,4109,900023,8,1,48001,118,708.0,5.9,9.8589,1.15385556
cold,0,1,0,0.0001,0.1,512,3,5,4,256,6000,8.0,2633729,4,4,9977,4109,900023,8,1,48001,119,714.0,5.95,9.94245,1.15613794
cold,0,1,0,0.0001,0.1,512,3,5,4,256,6000,8.0,2633729,4,4,9977,4109,900023,8,1,48001,120,720.0,6.0,10.026,1.15654087
cold,0,1,0,0.0001,0.1,512,3,5,4,256,6000,8.0,2633729,4,4,9977,4109,900023,8,12,48012,1,6.0,0.05,0.08355,0.12014045
cold,0,1,0,0.0001,0.1,512,3,5,4,256,6000,8.0,2633729,4,4,9977,4109,900023,8,12,48012,2,12.0,0.1,0.1671,0.20360808
cold,0,1,0,0.0001,0.1,512,3,5,4,256,6000,8.0,2633729,4,4,9977,4109,900023,8,12,48012,3,18.0,0.15,0.25065,0.28905454
cold,0,1,0,0.0001,0.1,512,3,5,4,256,6000,8.0,2633729,4,4,9977,4109,900023,8,12,48012,4,24.0,0.2,0.3342,0.36681464
cold,0,1,0,0.0001,0.1,512,3,5,4,256,6000,8.0,2633729,4,4,9977,4109,900023,8,12,48012,5,30.0,0.25,0.41775,0.43249428
cold,0,1,0,0.0001,0.1,512,3,5,4,256,6000,8.0,2633729,4,4,9977,4109,900023,8,12,48012,6,36.0,0.3,0.5013,0.48472089
cold,0,1,0,0.0001,0.1,512,3,5,4,256,6000,8.0,2633729,4,4,9977,4109,900023,8,12,48012,7,42.0,0.35,0.58485,0.52400035
cold,0,1,0,0.0001,0.1,512,3,5,4,256,6000,8.0,2633729,4,4,9977,4109,900023,8,12,48012,8,48.0,0.4,0.6684,0.55324417
cold,0,1,0,0.0001,0.1,512,3,5,4,256,6000,8.0,2633729,4,4,9977,4109,900023,8,12,48012,9,54.0,0.45,0.75195,0.57566142
cold,0,1,0,0.0001,0.1,512,3,5,4,256,6000,8.0,2633729,4,4,9977,4109,900023,8,12,48012,10,60.0,0.5,0.8355,0.59288657
cold,0,1,0,0.0001,0.1,512,3,5,4,256,6000,8.0,2633729,4,4,9977,4109,900023,8,12,48012,11,66.0,0.55,0.91905,0.6058144
cold,0,1,0,0.0001,0.1,512,3,5,4,256,6000,8.0,2633729,4,4,9977,4109,900023,8,12,48012,12,72.0,0.6,1.0026,0.61592084
cold,0,1,0,0.0001,0.1,512,3,5,4,256,6000,8.0,2633729,4,4,9977,4109,900023,8,12,48012,13,78.0,0.65,1.08615,0.62495041
cold,0,1,0,0.0001,0.1,512,3,5,4,256,6000,8.0,2633729,4,4,9977,4109,900023,8,12,48012,14,84.0,0.7,1.1697,0.63390458
cold,0,1,0,0.0001,0.1,512,3,5,4,256,6000,8.0,2633729,4,4,9977,4109,900023,8,12,48012,15,90.0,0.75,1.25325,0.64272791
cold,0,1,0,0.0001,0.1,512,3,5,4,256,6000,8.0,2633729,4,4,9977,4109,900023,8,12,48012,16,96.0,0.8,1.3368,0.65106803
cold,0,1,0,0.0001,0.1,512,3,5,4,256,6000,8.0,2633729,4,4,9977,4109,900023,8,12,48012,17,102.0,0.85,1.42035,0.65906984
cold,0,1,0,0.0001,0.1,512,3,5,4,256,6000,8.0,2633729,4,4,9977,4109,900023,8,12,48012,18,108.0,0.9,1.5039,0.6668371
cold,0,1,0,0.0001,0.1,512,3,5,4,256,6000,8.0,2633729,4,4,9977,4109,900023,8,12,48012,19,114.0,0.95,1.58745,0.67364693
cold,0,1,0,0.0001,0.1,512,3,5,4,256,6000,8.0,2633729,4,4,9977,4109,900023,8,12,48012,20,120.0,1.0,1.671,0.67849654
cold,0,1,0,0.0001,0.1,512,3,5,4,256,6000,8.0,2633729,4,4,9977,4109,900023,8,12,48012,21,126.0,1.05,1.75455,0.68135995
cold,0,1,0,0.0001,0.1,512,3,5,4,256,6000,8.0,2633729,4,4,9977,4109,900023,8,12,48012,22,132.0,1.1,1.8381,0.68343085
cold,0,1,0,0.0001,0.1,512,3,5,4,256,6000,8.0,2633729,4,4,9977,4109,900023,8,12,48012,23,138.0,1.15,1.92165,0.68631709
cold,0,1,0,0.0001,0.1,512,3,5,4,256,6000,8.0,2633729,4,4,9977,4109,900023,8,12,48012,24,144.0,1.2,2.0052,0.6910156
cold,0,1,0,0.0001,0.1,512,3,5,4,256,6000,8.0,2633729,4,4,9977,4109,900023,8,12,48012,25,150.0,1.25,2.08875,0.69672281
cold,0,1,0,0.0001,0.1,512,3,5,4,256,6000,8.0,2633729,4,4,9977,4109,900023,8,12,48012,26,156.0,1.3,2.1723,0.70158643
cold,0,1,0,0.0001,0.1,512,3,5,4,256,6000,8.0,2633729,4,4,9977,4109,900023,8,12,48012,27,162.0,1.35,2.25585,0.7049402
cold,0,1,0,0.0001,0.1,512,3,5,4,256,6000,8.0,2633729,4,4,9977,4109,900023,8,12,48012,28,168.0,1.4,2.3394,0.70737386
cold,0,1,0,0.0001,0.1,512,3,5,4,256,6000,8.0,2633729,4,4,9977,4109,900023,8,12,48012,29,174.0,1.45,2.42295,0.70933682
cold,0,1,0,0.0001,0.1,512,3,5,4,256,6000,8.0,2633729,4,4,9977,4109,900023,8,12,48012,30,180.0,1.5,2.5065,0.7107026
cold,0,1,0,0.0001,0.1,512,3,5,4,256,6000,8.0,2633729,4,4,9977,4109,900023,8,12,48012,31,186.0,1.55,2.59005,0.71166503
cold,0,1,0,0.0001,0.1,512,3,5,4,256,6000,8.0,2633729,4,4,9977,4109,900023,8,12,48012,32,192.0,1.6,2.6736,0.71325213
cold,0,1,0,0.0001,0.1,512,3,5,4,256,6000,8.0,2633729,4,4,9977,4109,900023,8,12,48012,33,198.0,1.65,2.75715,0.71638274
cold,0,1,0,0.0001,0.1,512,3,5,4,256,6000,8.0,2633729,4,4,9977,4109,900023,8,12,48012,34,204.0,1.7,2.8407,0.72094893
cold,0,1,0,0.0001,0.1,512,3,5,4,256,6000,8.0,2633729,4,4,9977,4109,900023,8,12,48012,35,210.0,1.75,2.92425,0.72576797
cold,0,1,0,0.0001,0.1,512,3,5,4,256,6000,8.0,2633729,4,4,9977,4109,900023,8,12,48012,36,216.0,1.8,3.0078,0.72958213
cold,0,1,0,0.0001,0.1,512,3,5,4,256,6000,8.0,2633729,4,4,9977,4109,900023,8,12,48012,37,222.0,1.85,3.09135,0.73232812
cold,0,1,0,0.0001,0.1,512,3,5,4,256,6000,8.0,2633729,4,4,9977,4109,900023,8,12,48012,38,228.0,1.9,3.1749,0.73447257
cold,0,1,0,0.0001,0.1,512,3,5,4,256,6000,8.0,2633729,4,4,9977,4109,900023,8,12,48012,39,234.0,1.95,3.25845,0.73572212
cold,0,1,0,0.0001,0.1,512,3,5,4,256,6000,8.0,2633729,4,4,9977,4109,900023,8,12,48012,40,240.0,2.0,3.342,0.73543459
cold,0,1,0,0.0001,0.1,512,3,5,4,256,6000,8.0,2633729,4,4,9977,4109,900023,8,12,48012,41,246.0,2.05,3.42555,0.73378474
cold,0,1,0,0.0001,0.1,512,3,5,4,256,6000,8.0,2633729,4,4,9977,4109,900023,8,12,48012,42,252.0,2.1,3.5091,0.73194379
cold,0,1,0,0.0001,0.1,512,3,5,4,256,6000,8.0,2633729,4,4,9977,4109,900023,8,12,48012,43,258.0,2.15,3.59265,0.73125166
cold,0,1,0,0.0001,0.1,512,3,5,4,256,6000,8.0,2633729,4,4,9977,4109,900023,8,12,48012,44,264.0,2.2,3.6762,0.73237264
cold,0,1,0,0.0001,0.1,512,3,5,4,256,6000,8.0,2633729,4,4,9977,4109,900023,8,12,48012,45,270.0,2.25,3.75975,0.73467028
cold,0,1,0,0.0001,0.1,512,3,5,4,256,6000,8.0,2633729,4,4,9977,4109,900023,8,12,48012,46,276.0,2.3,3.8433,0.73683947
cold,0,1,0,0.0001,0.1,512,3,5,4,256,6000,8.0,2633729,4,4,9977,4109,900023,8,12,48012,47,282.0,2.35,3.92685,0.73823631
cold,0,1,0,0.0001,0.1,512,3,5,4,256,6000,8.0,2633729,4,4,9977,4109,900023,8,12,48012,48,288.0,2.4,4.0104,0.73901975
cold,0,1,0,0.0001,0.1,512,3,5,4,256,6000,8.0,2633729,4,4,9977,4109,900023,8,12,48012,49,294.0,2.45,4.09395,0.73916566
cold,0,1,0,0.0001,0.1,512,3,5,4,256,6000,8.0,2633729,4,4,9977,4109,900023,8,12,48012,50,300.0,2.5,4.1775,0.73813379
cold,0,1,0,0.0001,0.1,512,3,5,4,256,6000,8.0,2633729,4,4,9977,4109,900023,8,12,48012,51,306.0,2.55,4.26105,0.73611474
cold,0,1,0,0.0001,0.1,512,3,5,4,256,6000,8.0,2633729,4,4,9977,4109,900023,8,12,48012,52,312.0,2.6,4.3446,0.73457855
cold,0,1,0,0.0001,0.1,512,3,5,4,256,6000,8.0,2633729,4,4,9977,4109,900023,8,12,48012,53,318.0,2.65,4.42815,0.73480362
cold,0,1,0,0.0001,0.1,512,3,5,4,256,6000,8.0,2633729,4,4,9977,4109,900023,8,12,48012,54,324.0,2.7,4.5117,0.7367298
cold,0,1,0,0.0001,0.1,512,3,5,4,256,6000,8.0,2633729,4,4,9977,4109,900023,8,12,48012,55,330.0,2.75,4.59525,0.73913103
cold,0,1,0,0.0001,0.1,512,3,5,4,256,6000,8.0,2633729,4,4,9977,4109,900023,8,12,48012,56,336.0,2.8,4.6788,0.74088883
cold,0,1,0,0.0001,0.1,512,3,5,4,256,6000,8.0,2633729,4,4,9977,4109,900023,8,12,48012,57,342.0,2.85,4.76235,0.74218863
cold,0,1,0,0.0001,0.1,512,3,5,4,256,6000,8.0,2633729,4,4,9977,4109,900023,8,12,48012,58,348.0,2.9,4.8459,0.74353409
cold,0,1,0,0.0001,0.1,512,3,5,4,256,6000,8.0,2633729,4,4,9977,4109,900023,8,12,48012,59,354.0,2.95,4.92945,0.74446678
cold,0,1,0,0.0001,0.1,512,3,5,4,256,6000,8.0,2633729,4,4,9977,4109,900023,8,12,48012,60,360.0,3.0,5.013,0.7442041
cold,0,1,0,0.0001,0.1,512,3,5,4,256,6000,8.0,2633729,4,4,9977,4109,900023,8,12,48012,61,366.0,3.05,5.09655,0.74279755
cold,0,1,0,0.0001,0.1,512,3,5,4,256,6000,8.0,2633729,4,4,9977,4109,900023,8,12,48012,62,372.0,3.1,5.1801,0.74115407
cold,0,1,0,0.0001,0.1,512,3,5,4,256,6000,8.0,2633729,4,4,9977,4109,900023,8,12,48012,63,378.0,3.15,5.26365,0.7403037
cold,0,1,0,0.0001,0.1,512,3,5,4,256,6000,8.0,2633729,4,4,9977,4109,900023,8,12,48012,64,384.0,3.2,5.3472,0.7407831
cold,0,1,0,0.0001,0.1,512,3,5,4,256,6000,8.0,2633729,4,4,9977,4109,900023,8,12,48012,65,390.0,3.25,5.43075,0.74199557
cold,0,1,0,0.0001,0.1,512,3,5,4,256,6000,8.0,2633729,4,4,9977,4109,900023,8,12,48012,66,396.0,3.3,5.5143,0.74275589
cold,0,1,0,0.0001,0.1,512,3,5,4,256,6000,8.0,2633729,4,4,9977,4109,900023,8,12,48012,67,402.0,3.35,5.59785,0.74265248
cold,0,1,0,0.0001,0.1,512,3,5,4,256,6000,8.0,2633729,4,4,9977,4109,900023,8,12,48012,68,408.0,3.4,5.6814,0.74222505
cold,0,1,0,0.0001,0.1,512,3,5,4,256,6000,8.0,2633729,4,4,9977,4109,900023,8,12,48012,69,414.0,3.45,5.76495,0.74173081
cold,0,1,0,0.0001,0.1,512,3,5,4,256,6000,8.0,2633729,4,4,9977,4109,900023,8,12,48012,70,420.0,3.5,5.8485,0.74050951
cold,0,1,0,0.0001,0.1,512,3,5,4,256,6000,8.0,2633729,4,4,9977,4109,900023,8,12,48012,71,426.0,3.55,5.93205,0.73845738
cold,0,1,0,0.0001,0.1,512,3,5,4,256,6000,8.0,2633729,4,4,9977,4109,900023,8,12,48012,72,432.0,3.6,6.0156,0.73691326
cold,0,1,0,0.0001,0.1,512,3,5,4,256,6000,8.0,2633729,4,4,9977,4109,900023,8,12,48012,73,438.0,3.65,6.09915,0.73712188
cold,0,1,0,0.0001,0.1,512,3,5,4,256,6000,8.0,2633729,4,4,9977,4109,900023,8,12,48012,74,444.0,3.7,6.1827,0.7390033
cold,0,1,0,0.0001,0.1,512,3,5,4,256,6000,8.0,2633729,4,4,9977,4109,900023,8,12,48012,75,450.0,3.75,6.26625,0.74134648
cold,0,1,0,0.0001,0.1,512,3,5,4,256,6000,8.0,2633729,4,4,9977,4109,900023,8,12,48012,76,456.0,3.8,6.3498,0.74308044
cold,0,1,0,0.0001,0.1,512,3,5,4,256,6000,8.0,2633729,4,4,9977,4109,900023,8,12,48012,77,462.0,3.85,6.43335,0.74441546
cold,0,1,0,0.0001,0.1,512,3,5,4,256,6000,8.0,2633729,4,4,9977,4109,900023,8,12,48012,78,468.0,3.9,6.5169,0.74585056
cold,0,1,0,0.0001,0.1,512,3,5,4,256,6000,8.0,2633729,4,4,9977,4109,900023,8,12,48012,79,474.0,3.95,6.60045,0.74692202
cold,0,1,0,0.0001,0.1,512,3,5,4,256,6000,8.0,2633729,4,4,9977,4109,900023,8,12,48012,80,480.0,4.0,6.684,0.74675077
cold,0,1,0,0.0001,0.1,512,3,5,4,256,6000,8.0,2633729,4,4,9977,4109,900023,8,12,48012,81,486.0,4.05,6.76755,0.7452358
cold,0,1,0,0.0001,0.1,512,3,5,4,256,6000,8.0,2633729,4,4,9977,4109,900023,8,12,48012,82,492.0,4.1,6.8511,0.74325311
cold,0,1,0,0.0001,0.1,512,3,5,4,256,6000,8.0,2633729,4,4,9977,4109,900023,8,12,48012,83,498.0,4.15,6.93465,0.74193585
cold,0,1,0,0.0001,0.1,512,3,5,4,256,6000,8.0,2633729,4,4,9977,4109,900023,8,12,48012,84,504.0,4.2,7.0182,0.74189925
cold,0,1,0,0.0001,0.1,512,3,5,4,256,6000,8.0,2633729,4,4,9977,4109,900023,8,12,48012,85,510.0,4.25,7.10175,0.7425096
cold,0,1,0,0.0001,0.1,512,3,5,4,256,6000,8.0,2633729,4,4,9977,4109,900023,8,12,48012,86,516.0,4.3,7.1853,0.7424745
cold,0,1,0,0.0001,0.1,512,3,5,4,256,6000,8.0,2633729,4,4,9977,4109,900023,8,12,48012,87,522.0,4.35,7.26885,0.7413224
cold,0,1,0,0.0001,0.1,512,3,5,4,256,6000,8.0,2633729,4,4,9977,4109,900023,8,12,48012,88,528.0,4.4,7.3524,0.73970717
cold,0,1,0,0.0001,0.1,512,3,5,4,256,6000,8.0,2633729,4,4,9977,4109,900023,8,12,48012,89,534.0,4.45,7.43595,0.73817259
cold,0,1,0,0.0001,0.1,512,3,5,4,256,6000,8.0,2633729,4,4,9977,4109,900023,8,12,48012,90,540.0,4.5,7.5195,0.73631525
cold,0,1,0,0.0001,0.1,512,3,5,4,256,6000,8.0,2633729,4,4,9977,4109,900023,8,12,48012,91,546.0,4.55,7.60305,0.7341218
cold,0,1,0,0.0001,0.1,512,3,5,4,256,6000,8.0,2633729,4,4,9977,4109,900023,8,12,48012,92,552.0,4.6,7.6866,0.73294502
cold,0,1,0,0.0001,0.1,512,3,5,4,256,6000,8.0,2633729,4,4,9977,4109,900023,8,12,48012,93,558.0,4.65,7.77015,0.73388404
cold,0,1,0,0.0001,0.1,512,3,5,4,256,6000,8.0,2633729,4,4,9977,4109,900023,8,12,48012,94,564.0,4.7,7.8537,0.73649174
cold,0,1,0,0.0001,0.1,512,3,5,4,256,6000,8.0,2633729,4,4,9977,4109,900023,8,12,48012,95,570.0,4.75,7.93725,0.73924887
cold,0,1,0,0.0001,0.1,512,3,5,4,256,6000,8.0,2633729,4,4,9977,4109,900023,8,12,48012,96,576.0,4.8,8.0208,0.74105924
cold,0,1,0,0.0001,0.1,512,3,5,4,256,6000,8.0,2633729,4,4,9977,4109,900023,8,12,48012,97,582.0,4.85,8.10435,0.74233913
cold,0,1,0,0.0001,0.1,512,3,5,4,256,6000,8.0,2633729,4,4,9977,4109,900023,8,12,48012,98,588.0,4.9,8.1879,0.74380708
cold,0,1,0,0.0001,0.1,512,3,5,4,256,6000,8.0,2633729,4,4,9977,4109,900023,8,12,48012,99,594.0,4.95,8.27145,0.74502617
cold,0,1,0,0.0001,0.1,512,3,5,4,256,6000,8.0,2633729,4,4,9977,4109,900023,8,12,48012,100,600.0,5.0,8.355,0.74496543
cold,0,1,0,0.0001,0.1,512,3,5,4,256,6000,8.0,2633729,4,4,9977,4109,900023,8,12,48012,101,606.0,5.05,8.43855,0.74342972
cold,0,1,0,0.0001,0.1,512,3,5,4,256,6000,8.0,2633729,4,4,9977,4109,900023,8,12,48012,102,612.0,5.1,8.5221,0.74135256
cold,0,1,0,0.0001,0.1,512,3,5,4,256,6000,8.0,2633729,4,4,9977,4109,900023,8,12,48012,103,618.0,5.15,8.60565,0.73996067
cold,0,1,0,0.0001,0.1,512,3,5,4,256,6000,8.0,2633729,4,4,9977,4109,900023,8,12,48012,104,624.0,5.2,8.6892,0.74000913
cold,0,1,0,0.0001,0.1,512,3,5,4,256,6000,8.0,2633729,4,4,9977,4109,900023,8,12,48012,105,630.0,5.25,8.77275,0.74095321
cold,0,1,0,0.0001,0.1,512,3,5,4,256,6000,8.0,2633729,4,4,9977,4109,900023,8,12,48012,106,636.0,5.3,8.8563,0.74134105
cold,0,1,0,0.0001,0.1,512,3,5,4,256,6000,8.0,2633729,4,4,9977,4109,900023,8,12,48012,107,642.0,5.35,8.93985,0.74036622
cold,0,1,0,0.0001,0.1,512,3,5,4,256,6000,8.0,2633729,4,4,9977,4109,900023,8,12,48012,108,648.0,5.4,9.0234,0.73845774
cold,0,1,0,0.0001,0.1,512,3,5,4,256,6000,8.0,2633729,4,4,9977,4109,900023,8,12,48012,109,654.0,5.45,9.10695,0.73633415
cold,0,1,0,0.0001,0.1,512,3,5,4,256,6000,8.0,2633729,4,4,9977,4109,900023,8,12,48012,110,660.0,5.5,9.1905,0.73406518
cold,0,1,0,0.0001,0.1,512,3,5,4,256,6000,8.0,2633729,4,4,9977,4109,900023,8,12,48012,111,666.0,5.55,9.27405,0.7319786
cold,0,1,0,0.0001,0.1,512,3,5,4,256,6000,8.0,2633729,4,4,9977,4109,900023,8,12,48012,112,672.0,5.6,9.3576,0.7313571
cold,0,1,0,0.0001,0.1,512,3,5,4,256,6000,8.0,2633729,4,4,9977,4109,900023,8,12,48012,113,678.0,5.65,9.44115,0.73296756
cold,0,1,0,0.0001,0.1,512,3,5,4,256,6000,8.0,2633729,4,4,9977,4109,900023,8,12,48012,114,684.0,5.7,9.5247,0.73604834
cold,0,1,0,0.0001,0.1,512,3,5,4,256,6000,8.0,2633729,4,4,9977,4109,900023,8,12,48012,115,690.0,5.75,9.60825,0.73893332
cold,0,1,0,0.0001,0.1,512,3,5,4,256,6000,8.0,2633729,4,4,9977,4109,900023,8,12,48012,116,696.0,5.8,9.6918,0.74061555
cold,0,1,0,0.0001,0.1,512,3,5,4,256,6000,8.0,2633729,4,4,9977,4109,900023,8,12,48012,117,702.0,5.85,9.77535,0.74165821
cold,0,1,0,0.0001,0.1,512,3,5,4,256,6000,8.0,2633729,4,4,9977,4109,900023,8,12,48012,118,708.0,5.9,9.8589,0.74275053
cold,0,1,0,0.0001,0.1,512,3,5,4,256,6000,8.0,2633729,4,4,9977,4109,900023,8,12,48012,119,714.0,5.95,9.94245,0.74344748
cold,0,1,0,0.0001,0.1,512,3,5,4,256,6000,8.0,2633729,4,4,9977,4109,900023,8,12,48012,120,720.0,6.0,10.026,0.74288034
cold,0,1,0,0.0001,0.1,512,3,5,4,256,6000,8.0,2633729,4,4,9977,4109,900023,8,54,48054,1,6.0,0.05,0.08355,0.09152827
cold,0,1,0,0.0001,0.1,512,3,5,4,256,6000,8.0,2633729,4,4,9977,4109,900023,8,54,48054,2,12.0,0.1,0.1671,0.13468738
cold,0,1,0,0.0001,0.1,512,3,5,4,256,6000,8.0,2633729,4,4,9977,4109,900023,8,54,48054,3,18.0,0.15,0.25065,0.18209639
cold,0,1,0,0.0001,0.1,512,3,5,4,256,6000,8.0,2633729,4,4,9977,4109,900023,8,54,48054,4,24.0,0.2,0.3342,0.23040159
cold,0,1,0,0.0001,0.1,512,3,5,4,256,6000,8.0,2633729,4,4,9977,4109,900023,8,54,48054,5,30.0,0.25,0.41775,0.27675551
cold,0,1,0,0.0001,0.1,512,3,5,4,256,6000,8.0,2633729,4,4,9977,4109,900023,8,54,48054,6,36.0,0.3,0.5013,0.31952
cold,0,1,0,0.0001,0.1,512,3,5,4,256,6000,8.0,2633729,4,4,9977,4109,900023,8,54,48054,7,42.0,0.35,0.58485,0.35860232
cold,0,1,0,0.0001,0.1,512,3,5,4,256,6000,8.0,2633729,4,4,9977,4109,900023,8,54,48054,8,48.0,0.4,0.6684,0.39429992
cold,0,1,0,0.0001,0.1,512,3,5,4,256,6000,8.0,2633729,4,4,9977,4109,900023,8,54,48054,9,54.0,0.45,0.75195,0.4270488
cold,0,1,0,0.0001,0.1,512,3,5,4,256,6000,8.0,2633729,4,4,9977,4109,900023,8,54,48054,10,60.0,0.5,0.8355,0.45748445
cold,0,1,0,0.0001,0.1,512,3,5,4,256,6000,8.0,2633729,4,4,9977,4109,900023,8,54,48054,11,66.0,0.55,0.91905,0.48540568
cold,0,1,0,0.0001,0.1,512,3,5,4,256,6000,8.0,2633729,4,4,9977,4109,900023,8,54,48054,12,72.0,0.6,1.0026,0.51036972
cold,0,1,0,0.0001,0.1,512,3,5,4,256,6000,8.0,2633729,4,4,9977,4109,900023,8,54,48054,13,78.0,0.65,1.08615,0.53250891
cold,0,1,0,0.0001,0.1,512,3,5,4,256,6000,8.0,2633729,4,4,9977,4109,900023,8,54,48054,14,84.0,0.7,1.1697,0.55243498
cold,0,1,0,0.0001,0.1,512,3,5,4,256,6000,8.0,2633729,4,4,9977,4109,900023,8,54,48054,15,90.0,0.75,1.25325,0.5709483
cold,0,1,0,0.0001,0.1,512,3,5,4,256,6000,8.0,2633729,4,4,9977,4109,900023,8,54,48054,16,96.0,0.8,1.3368,0.58822364
cold,0,1,0,0.0001,0.1,512,3,5,4,256,6000,8.0,2633729,4,4,9977,4109,900023,8,54,48054,17,102.0,0.85,1.42035,0.6043005
cold,0,1,0,0.0001,0.1,512,3,5,4,256,6000,8.0,2633729,4,4,9977,4109,900023,8,54,48054,18,108.0,0.9,1.5039,0.61971968
cold,0,1,0,0.0001,0.1,512,3,5,4,256,6000,8.0,2633729,4,4,9977,4109,900023,8,54,48054,19,114.0,0.95,1.58745,0.63432038
cold,0,1,0,0.0001,0.1,512,3,5,4,256,6000,8.0,2633729,4,4,9977,4109,900023,8,54,48054,20,120.0,1.0,1.671,0.64693481
cold,0,1,0,0.0001,0.1,512,3,5,4,256,6000,8.0,2633729,4,4,9977,4109,900023,8,54,48054,21,126.0,1.05,1.75455,0.6569311
cold,0,1,0,0.0001,0.1,512,3,5,4,256,6000,8.0,2633729,4,4,9977,4109,900023,8,54,48054,22,132.0,1.1,1.8381,0.66466266
cold,0,1,0,0.0001,0.1,512,3,5,4,256,6000,8.0,2633729,4,4,9977,4109,900023,8,54,48054,23,138.0,1.15,1.92165,0.6706236
cold,0,1,0,0.0001,0.1,512,3,5,4,256,6000,8.0,2633729,4,4,9977,4109,900023,8,54,48054,24,144.0,1.2,2.0052,0.67502087
cold,0,1,0,0.0001,0.1,512,3,5,4,256,6000,8.0,2633729,4,4,9977,4109,900023,8,54,48054,25,150.0,1.25,2.08875,0.6776433
cold,0,1,0,0.0001,0.1,512,3,5,4,256,6000,8.0,2633729,4,4,9977,4109,900023,8,54,48054,26,156.0,1.3,2.1723,0.67883009
cold,0,1,0,0.0001,0.1,512,3,5,4,256,6000,8.0,2633729,4,4,9977,4109,900023,8,54,48054,27,162.0,1.35,2.25585,0.68063372
cold,0,1,0,0.0001,0.1,512,3,5,4,256,6000,8.0,2633729,4,4,9977,4109,900023,8,54,48054,28,168.0,1.4,2.3394,0.68517572
cold,0,1,0,0.0001,0.1,512,3,5,4,256,6000,8.0,2633729,4,4,9977,4109,900023,8,54,48054,29,174.0,1.45,2.42295,0.69284534
cold,0,1,0,0.0001,0.1,512,3,5,4,256,6000,8.0,2633729,4,4,9977,4109,900023,8,54,48054,30,180.0,1.5,2.5065,0.70232719
cold,0,1,0,0.0001,0.1,512,3,5,4,256,6000,8.0,2633729,4,4,9977,4109,900023,8,54,48054,31,186.0,1.55,2.59005,0.71182805
cold,0,1,0,0.0001,0.1,512,3,5,4,256,6000,8.0,2633729,4,4,9977,4109,900023,8,54,48054,32,192.0,1.6,2.6736,0.720626
cold,0,1,0,0.0001,0.1,512,3,5,4,256,6000,8.0,2633729,4,4,9977,4109,900023,8,54,48054,33,198.0,1.65,2.75715,0.72911084
cold,0,1,0,0.0001,0.1,512,3,5,4,256,6000,8.0,2633729,4,4,9977,4109,900023,8,54,48054,34,204.0,1.7,2.8407,0.7375896
cold,0,1,0,0.0001,0.1,512,3,5,4,256,6000,8.0,2633729,4,4,9977,4109,900023,8,54,48054,35,210.0,1.75,2.92425,0.74547809
cold,0,1,0,0.0001,0.1,512,3,5,4,256,6000,8.0,2633729,4,4,9977,4109,900023,8,54,48054,36,216.0,1.8,3.0078,0.75146592
cold,0,1,0,0.0001,0.1,512,3,5,4,256,6000,8.0,2633729,4,4,9977,4109,900023,8,54,48054,37,222.0,1.85,3.09135,0.75523257
cold,0,1,0,0.0001,0.1,512,3,5,4,256,6000,8.0,2633729,4,4,9977,4109,900023,8,54,48054,38,228.0,1.9,3.1749,0.75809181
cold,0,1,0,0.0001,0.1,512,3,5,4,256,6000,8.0,2633729,4,4,9977,4109,900023,8,54,48054,39,234.0,1.95,3.25845,0.76108521
cold,0,1,0,0.0001,0.1,512,3,5,4,256,6000,8.0,2633729,4,4,9977,4109,900023,8,54,48054,40,240.0,2.0,3.342,0.76381588
cold,0,1,0,0.0001,0.1,512,3,5,4,256,6000,8.0,2633729,4,4,9977,4109,900023,8,54,48054,41,246.0,2.05,3.42555,0.76578516
cold,0,1,0,0.0001,0.1,512,3,5,4,256,6000,8.0,2633729,4,4,9977,4109,900023,8,54,48054,42,252.0,2.1,3.5091,0.76774442
cold,0,1,0,0.0001,0.1,512,3,5,4,256,6000,8.0,2633729,4,4,9977,4109,900023,8,54,48054,43,258.0,2.15,3.59265,0.77074414
cold,0,1,0,0.0001,0.1,512,3,5,4,256,6000,8.0,2633729,4,4,9977,4109,900023,8,54,48054,44,264.0,2.2,3.6762,0.77480245
cold,0,1,0,0.0001,0.1,512,3,5,4,256,6000,8.0,2633729,4,4,9977,4109,900023,8,54,48054,45,270.0,2.25,3.75975,0.77881956
cold,0,1,0,0.0001,0.1,512,3,5,4,256,6000,8.0,2633729,4,4,9977,4109,900023,8,54,48054,46,276.0,2.3,3.8433,0.78184515
cold,0,1,0,0.0001,0.1,512,3,5,4,256,6000,8.0,2633729,4,4,9977,4109,900023,8,54,48054,47,282.0,2.35,3.92685,0.78442699
cold,0,1,0,0.0001,0.1,512,3,5,4,256,6000,8.0,2633729,4,4,9977,4109,900023,8,54,48054,48,288.0,2.4,4.0104,0.78786236
cold,0,1,0,0.0001,0.1,512,3,5,4,256,6000,8.0,2633729,4,4,9977,4109,900023,8,54,48054,49,294.0,2.45,4.09395,0.79269606
cold,0,1,0,0.0001,0.1,512,3,5,4,256,6000,8.0,2633729,4,4,9977,4109,900023,8,54,48054,50,300.0,2.5,4.1775,0.79828358
cold,0,1,0,0.0001,0.1,512,3,5,4,256,6000,8.0,2633729,4,4,9977,4109,900023,8,54,48054,51,306.0,2.55,4.26105,0.80363315
cold,0,1,0,0.0001,0.1,512,3,5,4,256,6000,8.0,2633729,4,4,9977,4109,900023,8,54,48054,52,312.0,2.6,4.3446,0.80795813
cold,0,1,0,0.0001,0.1,512,3,5,4,256,6000,8.0,2633729,4,4,9977,4109,900023,8,54,48054,53,318.0,2.65,4.42815,0.81093425
cold,0,1,0,0.0001,0.1,512,3,5,4,256,6000,8.0,2633729,4,4,9977,4109,900023,8,54,48054,54,324.0,2.7,4.5117,0.81297141
cold,0,1,0,0.0001,0.1,512,3,5,4,256,6000,8.0,2633729,4,4,9977,4109,900023,8,54,48054,55,330.0,2.75,4.59525,0.81463754
cold,0,1,0,0.0001,0.1,512,3,5,4,256,6000,8.0,2633729,4,4,9977,4109,900023,8,54,48054,56,336.0,2.8,4.6788,0.81631517
cold,0,1,0,0.0001,0.1,512,3,5,4,256,6000,8.0,2633729,4,4,9977,4109,900023,8,54,48054,57,342.0,2.85,4.76235,0.81855434
cold,0,1,0,0.0001,0.1,512,3,5,4,256,6000,8.0,2633729,4,4,9977,4109,900023,8,54,48054,58,348.0,2.9,4.8459,0.82167542
cold,0,1,0,0.0001,0.1,512,3,5,4,256,6000,8.0,2633729,4,4,9977,4109,900023,8,54,48054,59,354.0,2.95,4.92945,0.82531434
cold,0,1,0,0.0001,0.1,512,3,5,4,256,6000,8.0,2633729,4,4,9977,4109,900023,8,54,48054,60,360.0,3.0,5.013,0.82893109
cold,0,1,0,0.0001,0.1,512,3,5,4,256,6000,8.0,2633729,4,4,9977,4109,900023,8,54,48054,61,366.0,3.05,5.09655,0.83211595
cold,0,1,0,0.0001,0.1,512,3,5,4,256,6000,8.0,2633729,4,4,9977,4109,900023,8,54,48054,62,372.0,3.1,5.1801,0.83496207
cold,0,1,0,0.0001,0.1,512,3,5,4,256,6000,8.0,2633729,4,4,9977,4109,900023,8,54,48054,63,378.0,3.15,5.26365,0.83814144
cold,0,1,0,0.0001,0.1,512,3,5,4,256,6000,8.0,2633729,4,4,9977,4109,900023,8,54,48054,64,384.0,3.2,5.3472,0.84185803
cold,0,1,0,0.0001,0.1,512,3,5,4,256,6000,8.0,2633729,4,4,9977,4109,900023,8,54,48054,65,390.0,3.25,5.43075,0.84500647
cold,0,1,0,0.0001,0.1,512,3,5,4,256,6000,8.0,2633729,4,4,9977,4109,900023,8,54,48054,66,396.0,3.3,5.5143,0.84636867
cold,0,1,0,0.0001,0.1,512,3,5,4,256,6000,8.0,2633729,4,4,9977,4109,900023,8,54,48054,67,402.0,3.35,5.59785,0.84627044
cold,0,1,0,0.0001,0.1,512,3,5,4,256,6000,8.0,2633729,4,4,9977,4109,900023,8,54,48054,68,408.0,3.4,5.6814,0.84596425
cold,0,1,0,0.0001,0.1,512,3,5,4,256,6000,8.0,2633729,4,4,9977,4109,900023,8,54,48054,69,414.0,3.45,5.76495,0.84568781
cold,0,1,0,0.0001,0.1,512,3,5,4,256,6000,8.0,2633729,4,4,9977,4109,900023,8,54,48054,70,420.0,3.5,5.8485,0.84496647
cold,0,1,0,0.0001,0.1,512,3,5,4,256,6000,8.0,2633729,4,4,9977,4109,900023,8,54,48054,71,426.0,3.55,5.93205,0.84439778
cold,0,1,0,0.0001,0.1,512,3,5,4,256,6000,8.0,2633729,4,4,9977,4109,900023,8,54,48054,72,432.0,3.6,6.0156,0.84489423
cold,0,1,0,0.0001,0.1,512,3,5,4,256,6000,8.0,2633729,4,4,9977,4109,900023,8,54,48054,73,438.0,3.65,6.09915,0.84606105
cold,0,1,0,0.0001,0.1,512,3,5,4,256,6000,8.0,2633729,4,4,9977,4109,900023,8,54,48054,74,444.0,3.7,6.1827,0.84693784
cold,0,1,0,0.0001,0.1,512,3,5,4,256,6000,8.0,2633729,4,4,9977,4109,900023,8,54,48054,75,450.0,3.75,6.26625,0.84703153
cold,0,1,0,0.0001,0.1,512,3,5,4,256,6000,8.0,2633729,4,4,9977,4109,900023,8,54,48054,76,456.0,3.8,6.3498,0.84671956
cold,0,1,0,0.0001,0.1,512,3,5,4,256,6000,8.0,2633729,4,4,9977,4109,900023,8,54,48054,77,462.0,3.85,6.43335,0.84737027
cold,0,1,0,0.0001,0.1,512,3,5,4,256,6000,8.0,2633729,4,4,9977,4109,900023,8,54,48054,78,468.0,3.9,6.5169,0.84998471
cold,0,1,0,0.0001,0.1,512,3,5,4,256,6000,8.0,2633729,4,4,9977,4109,900023,8,54,48054,79,474.0,3.95,6.60045,0.85396129
cold,0,1,0,0.0001,0.1,512,3,5,4,256,6000,8.0,2633729,4,4,9977,4109,900023,8,54,48054,80,480.0,4.0,6.684,0.85775578
cold,0,1,0,0.0001,0.1,512,3,5,4,256,6000,8.0,2633729,4,4,9977,4109,900023,8,54,48054,81,486.0,4.05,6.76755,0.85994959
cold,0,1,0,0.0001,0.1,512,3,5,4,256,6000,8.0,2633729,4,4,9977,4109,900023,8,54,48054,82,492.0,4.1,6.8511,0.86013883
cold,0,1,0,0.0001,0.1,512,3,5,4,256,6000,8.0,2633729,4,4,9977,4109,900023,8,54,48054,83,498.0,4.15,6.93465,0.85961014
cold,0,1,0,0.0001,0.1,512,3,5,4,256,6000,8.0,2633729,4,4,9977,4109,900023,8,54,48054,84,504.0,4.2,7.0182,0.86018443
cold,0,1,0,0.0001,0.1,512,3,5,4,256,6000,8.0,2633729,4,4,9977,4109,900023,8,54,48054,85,510.0,4.25,7.10175,0.86168247
cold,0,1,0,0.0001,0.1,512,3,5,4,256,6000,8.0,2633729,4,4,9977,4109,900023,8,54,48054,86,516.0,4.3,7.1853,0.86237144
cold,0,1,0,0.0001,0.1,512,3,5,4,256,6000,8.0,2633729,4,4,9977,4109,900023,8,54,48054,87,522.0,4.35,7.26885,0.86190122
cold,0,1,0,0.0001,0.1,512,3,5,4,256,6000,8.0,2633729,4,4,9977,4109,900023,8,54,48054,88,528.0,4.4,7.3524,0.8617422
cold,0,1,0,0.0001,0.1,512,3,5,4,256,6000,8.0,2633729,4,4,9977,4109,900023,8,54,48054,89,534.0,4.45,7.43595,0.86273557
cold,0,1,0,0.0001,0.1,512,3,5,4,256,6000,8.0,2633729,4,4,9977,4109,900023,8,54,48054,90,540.0,4.5,7.5195,0.86403954
cold,0,1,0,0.0001,0.1,512,3,5,4,256,6000,8.0,2633729,4,4,9977,4109,900023,8,54,48054,91,546.0,4.55,7.60305,0.86486751
cold,0,1,0,0.0001,0.1,512,3,5,4,256,6000,8.0,2633729,4,4,9977,4109,900023,8,54,48054,92,552.0,4.6,7.6866,0.86537832
cold,0,1,0,0.0001,0.1,512,3,5,4,256,6000,8.0,2633729,4,4,9977,4109,900023,8,54,48054,93,558.0,4.65,7.77015,0.86609453
cold,0,1,0,0.0001,0.1,512,3,5,4,256,6000,8.0,2633729,4,4,9977,4109,900023,8,54,48054,94,564.0,4.7,7.8537,0.86751813
cold,0,1,0,0.0001,0.1,512,3,5,4,256,6000,8.0,2633729,4,4,9977,4109,900023,8,54,48054,95,570.0,4.75,7.93725,0.86966509
cold,0,1,0,0.0001,0.1,512,3,5,4,256,6000,8.0,2633729,4,4,9977,4109,900023,8,54,48054,96,576.0,4.8,8.0208,0.87214059
cold,0,1,0,0.0001,0.1,512,3,5,4,256,6000,8.0,2633729,4,4,9977,4109,900023,8,54,48054,97,582.0,4.85,8.10435,0.8746717
cold,0,1,0,0.0001,0.1,512,3,5,4,256,6000,8.0,2633729,4,4,9977,4109,900023,8,54,48054,98,588.0,4.9,8.1879,0.87663037
cold,0,1,0,0.0001,0.1,512,3,5,4,256,6000,8.0,2633729,4,4,9977,4109,900023,8,54,48054,99,594.0,4.95,8.27145,0.8769654
cold,0,1,0,0.0001,0.1,512,3,5,4,256,6000,8.0,2633729,4,4,9977,4109,900023,8,54,48054,100,600.0,5.0,8.355,0.87537044
cold,0,1,0,0.0001,0.1,512,3,5,4,256,6000,8.0,2633729,4,4,9977,4109,900023,8,54,48054,101,606.0,5.05,8.43855,0.87277508
cold,0,1,0,0.0001,0.1,512,3,5,4,256,6000,8.0,2633729,4,4,9977,4109,900023,8,54,48054,102,612.0,5.1,8.5221,0.8706646
cold,0,1,0,0.0001,0.1,512,3,5,4,256,6000,8.0,2633729,4,4,9977,4109,900023,8,54,48054,103,618.0,5.15,8.60565,0.87013513
cold,0,1,0,0.0001,0.1,512,3,5,4,256,6000,8.0,2633729,4,4,9977,4109,900023,8,54,48054,104,624.0,5.2,8.6892,0.87124997
cold,0,1,0,0.0001,0.1,512,3,5,4,256,6000,8.0,2633729,4,4,9977,4109,900023,8,54,48054,105,630.0,5.25,8.77275,0.87287366
cold,0,1,0,0.0001,0.1,512,3,5,4,256,6000,8.0,2633729,4,4,9977,4109,900023,8,54,48054,106,636.0,5.3,8.8563,0.87387323
cold,0,1,0,0.0001,0.1,512,3,5,4,256,6000,8.0,2633729,4,4,9977,4109,900023,8,54,48054,107,642.0,5.35,8.93985,0.87475383
cold,0,1,0,0.0001,0.1,512,3,5,4,256,6000,8.0,2633729,4,4,9977,4109,900023,8,54,48054,108,648.0,5.4,9.0234,0.87676901
cold,0,1,0,0.0001,0.1,512,3,5,4,256,6000,8.0,2633729,4,4,9977,4109,900023,8,54,48054,109,654.0,5.45,9.10695,0.87937361
cold,0,1,0,0.0001,0.1,512,3,5,4,256,6000,8.0,2633729,4,4,9977,4109,900023,8,54,48054,110,660.0,5.5,9.1905,0.88059253
cold,0,1,0,0.0001,0.1,512,3,5,4,256,6000,8.0,2633729,4,4,9977,4109,900023,8,54,48054,111,666.0,5.55,9.27405,0.87971151
cold,0,1,0,0.0001,0.1,512,3,5,4,256,6000,8.0,2633729,4,4,9977,4109,900023,8,54,48054,112,672.0,5.6,9.3576,0.87777531
cold,0,1,0,0.0001,0.1,512,3,5,4,256,6000,8.0,2633729,4,4,9977,4109,900023,8,54,48054,113,678.0,5.65,9.44115,0.8761726
cold,0,1,0,0.0001,0.1,512,3,5,4,256,6000,8.0,2633729,4,4,9977,4109,900023,8,54,48054,114,684.0,5.7,9.5247,0.87561542
cold,0,1,0,0.0001,0.1,512,3,5,4,256,6000,8.0,2633729,4,4,9977,4109,900023,8,54,48054,115,690.0,5.75,9.60825,0.87611294
cold,0,1,0,0.0001,0.1,512,3,5,4,256,6000,8.0,2633729,4,4,9977,4109,900023,8,54,48054,116,696.0,5.8,9.6918,0.87787372
cold,0,1,0,0.0001,0.1,512,3,5,4,256,6000,8.0,2633729,4,4,9977,4109,900023,8,54,48054,117,702.0,5.85,9.77535,0.88141251
cold,0,1,0,0.0001,0.1,512,3,5,4,256,6000,8.0,2633729,4,4,9977,4109,900023,8,54,48054,118,708.0,5.9,9.8589,0.88626689
cold,0,1,0,0.0001,0.1,512,3,5,4,256,6000,8.0,2633729,4,4,9977,4109,900023,8,54,48054,119,714.0,5.95,9.94245,0.8909905
cold,0,1,0,0.0001,0.1,512,3,5,4,256,6000,8.0,2633729,4,4,9977,4109,900023,8,54,48054,120,720.0,6.0,10.026,0.89410639
cold,0,1,0,0.0001,0.1,512,3,5,4,256,6000,8.0,2633729,4,4,9977,4109,900023,8,234,48234,1,6.0,0.05,0.08355,0.04703163
cold,0,1,0,0.0001,0.1,512,3,5,4,256,6000,8.0,2633729,4,4,9977,4109,900023,8,234,48234,2,12.0,0.1,0.1671,0.05469839
cold,0,1,0,0.0001,0.1,512,3,5,4,256,6000,8.0,2633729,4,4,9977,4109,900023,8,234,48234,3,18.0,0.15,0.25065,0.06453598
cold,0,1,0,0.0001,0.1,512,3,5,4,256,6000,8.0,2633729,4,4,9977,4109,900023,8,234,48234,4,24.0,0.2,0.3342,0.07612282
cold,0,1,0,0.0001,0.1,512,3,5,4,256,6000,8.0,2633729,4,4,9977,4109,900023,8,234,48234,5,30.0,0.25,0.41775,0.08818734
cold,0,1,0,0.0001,0.1,512,3,5,4,256,6000,8.0,2633729,4,4,9977,4109,900023,8,234,48234,6,36.0,0.3,0.5013,0.1011953
cold,0,1,0,0.0001,0.1,512,3,5,4,256,6000,8.0,2633729,4,4,9977,4109,900023,8,234,48234,7,42.0,0.35,0.58485,0.11518217
cold,0,1,0,0.0001,0.1,512,3,5,4,256,6000,8.0,2633729,4,4,9977,4109,900023,8,234,48234,8,48.0,0.4,0.6684,0.13098903
cold,0,1,0,0.0001,0.1,512,3,5,4,256,6000,8.0,2633729,4,4,9977,4109,900023,8,234,48234,9,54.0,0.45,0.75195,0.14830761
cold,0,1,0,0.0001,0.1,512,3,5,4,256,6000,8.0,2633729,4,4,9977,4109,900023,8,234,48234,10,60.0,0.5,0.8355,0.165195
cold,0,1,0,0.0001,0.1,512,3,5,4,256,6000,8.0,2633729,4,4,9977,4109,900023,8,234,48234,11,66.0,0.55,0.91905,0.18106918
cold,0,1,0,0.0001,0.1,512,3,5,4,256,6000,8.0,2633729,4,4,9977,4109,900023,8,234,48234,12,72.0,0.6,1.0026,0.19734807
cold,0,1,0,0.0001,0.1,512,3,5,4,256,6000,8.0,2633729,4,4,9977,4109,900023,8,234,48234,13,78.0,0.65,1.08615,0.21500741
cold,0,1,0,0.0001,0.1,512,3,5,4,256,6000,8.0,2633729,4,4,9977,4109,900023,8,234,48234,14,84.0,0.7,1.1697,0.23352771
cold,0,1,0,0.0001,0.1,512,3,5,4,256,6000,8.0,2633729,4,4,9977,4109,900023,8,234,48234,15,90.0,0.75,1.25325,0.25272381
cold,0,1,0,0.0001,0.1,512,3,5,4,256,6000,8.0,2633729,4,4,9977,4109,900023,8,234,48234,16,96.0,0.8,1.3368,0.27330419
cold,0,1,0,0.0001,0.1,512,3,5,4,256,6000,8.0,2633729,4,4,9977,4109,900023,8,234,48234,17,102.0,0.85,1.42035,0.29541081
cold,0,1,0,0.0001,0.1,512,3,5,4,256,6000,8.0,2633729,4,4,9977,4109,900023,8,234,48234,18,108.0,0.9,1.5039,0.31853369
cold,0,1,0,0.0001,0.1,512,3,5,4,256,6000,8.0,2633729,4,4,9977,4109,900023,8,234,48234,19,114.0,0.95,1.58745,0.34123158
cold,0,1,0,0.0001,0.1,512,3,5,4,256,6000,8.0,2633729,4,4,9977,4109,900023,8,234,48234,20,120.0,1.0,1.671,0.3622303
cold,0,1,0,0.0001,0.1,512,3,5,4,256,6000,8.0,2633729,4,4,9977,4109,900023,8,234,48234,21,126.0,1.05,1.75455,0.38230285
cold,0,1,0,0.0001,0.1,512,3,5,4,256,6000,8.0,2633729,4,4,9977,4109,900023,8,234,48234,22,132.0,1.1,1.8381,0.40286648
cold,0,1,0,0.0001,0.1,512,3,5,4,256,6000,8.0,2633729,4,4,9977,4109,900023,8,234,48234,23,138.0,1.15,1.92165,0.42357147
cold,0,1,0,0.0001,0.1,512,3,5,4,256,6000,8.0,2633729,4,4,9977,4109,900023,8,234,48234,24,144.0,1.2,2.0052,0.44399309
cold,0,1,0,0.0001,0.1,512,3,5,4,256,6000,8.0,2633729,4,4,9977,4109,900023,8,234,48234,25,150.0,1.25,2.08875,0.46402425
cold,0,1,0,0.0001,0.1,512,3,5,4,256,6000,8.0,2633729,4,4,9977,4109,900023,8,234,48234,26,156.0,1.3,2.1723,0.48332831
cold,0,1,0,0.0001,0.1,512,3,5,4,256,6000,8.0,2633729,4,4,9977,4109,900023,8,234,48234,27,162.0,1.35,2.25585,0.50207675
cold,0,1,0,0.0001,0.1,512,3,5,4,256,6000,8.0,2633729,4,4,9977,4109,900023,8,234,48234,28,168.0,1.4,2.3394,0.52108651
cold,0,1,0,0.0001,0.1,512,3,5,4,256,6000,8.0,2633729,4,4,9977,4109,900023,8,234,48234,29,174.0,1.45,2.42295,0.54176098
cold,0,1,0,0.0001,0.1,512,3,5,4,256,6000,8.0,2633729,4,4,9977,4109,900023,8,234,48234,30,180.0,1.5,2.5065,0.56476068
cold,0,1,0,0.0001,0.1,512,3,5,4,256,6000,8.0,2633729,4,4,9977,4109,900023,8,234,48234,31,186.0,1.55,2.59005,0.58859402
cold,0,1,0,0.0001,0.1,512,3,5,4,256,6000,8.0,2633729,4,4,9977,4109,900023,8,234,48234,32,192.0,1.6,2.6736,0.61103553
cold,0,1,0,0.0001,0.1,512,3,5,4,256,6000,8.0,2633729,4,4,9977,4109,900023,8,234,48234,33,198.0,1.65,2.75715,0.63030213
cold,0,1,0,0.0001,0.1,512,3,5,4,256,6000,8.0,2633729,4,4,9977,4109,900023,8,234,48234,34,204.0,1.7,2.8407,0.64623278
cold,0,1,0,0.0001,0.1,512,3,5,4,256,6000,8.0,2633729,4,4,9977,4109,900023,8,234,48234,35,210.0,1.75,2.92425,0.66047144
cold,0,1,0,0.0001,0.1,512,3,5,4,256,6000,8.0,2633729,4,4,9977,4109,900023,8,234,48234,36,216.0,1.8,3.0078,0.67470151
cold,0,1,0,0.0001,0.1,512,3,5,4,256,6000,8.0,2633729,4,4,9977,4109,900023,8,234,48234,37,222.0,1.85,3.09135,0.68973601
cold,0,1,0,0.0001,0.1,512,3,5,4,256,6000,8.0,2633729,4,4,9977,4109,900023,8,234,48234,38,228.0,1.9,3.1749,0.70538765
cold,0,1,0,0.0001,0.1,512,3,5,4,256,6000,8.0,2633729,4,4,9977,4109,900023,8,234,48234,39,234.0,1.95,3.25845,0.7213701
cold,0,1,0,0.0001,0.1,512,3,5,4,256,6000,8.0,2633729,4,4,9977,4109,900023,8,234,48234,40,240.0,2.0,3.342,0.73697942
cold,0,1,0,0.0001,0.1,512,3,5,4,256,6000,8.0,2633729,4,4,9977,4109,900023,8,234,48234,41,246.0,2.05,3.42555,0.75129861
cold,0,1,0,0.0001,0.1,512,3,5,4,256,6000,8.0,2633729,4,4,9977,4109,900023,8,234,48234,42,252.0,2.1,3.5091,0.76436883
cold,0,1,0,0.0001,0.1,512,3,5,4,256,6000,8.0,2633729,4,4,9977,4109,900023,8,234,48234,43,258.0,2.15,3.59265,0.77668059
cold,0,1,0,0.0001,0.1,512,3,5,4,256,6000,8.0,2633729,4,4,9977,4109,900023,8,234,48234,44,264.0,2.2,3.6762,0.78874636
cold,0,1,0,0.0001,0.1,512,3,5,4,256,6000,8.0,2633729,4,4,9977,4109,900023,8,234,48234,45,270.0,2.25,3.75975,0.80110669
cold,0,1,0,0.0001,0.1,512,3,5,4,256,6000,8.0,2633729,4,4,9977,4109,900023,8,234,48234,46,276.0,2.3,3.8433,0.81249338
cold,0,1,0,0.0001,0.1,512,3,5,4,256,6000,8.0,2633729,4,4,9977,4109,900023,8,234,48234,47,282.0,2.35,3.92685,0.82107353
cold,0,1,0,0.0001,0.1,512,3,5,4,256,6000,8.0,2633729,4,4,9977,4109,900023,8,234,48234,48,288.0,2.4,4.0104,0.8265658
cold,0,1,0,0.0001,0.1,512,3,5,4,256,6000,8.0,2633729,4,4,9977,4109,900023,8,234,48234,49,294.0,2.45,4.09395,0.82984841
cold,0,1,0,0.0001,0.1,512,3,5,4,256,6000,8.0,2633729,4,4,9977,4109,900023,8,234,48234,50,300.0,2.5,4.1775,0.83436155
cold,0,1,0,0.0001,0.1,512,3,5,4,256,6000,8.0,2633729,4,4,9977,4109,900023,8,234,48234,51,306.0,2.55,4.26105,0.84216815
cold,0,1,0,0.0001,0.1,512,3,5,4,256,6000,8.0,2633729,4,4,9977,4109,900023,8,234,48234,52,312.0,2.6,4.3446,0.85160488
cold,0,1,0,0.0001,0.1,512,3,5,4,256,6000,8.0,2633729,4,4,9977,4109,900023,8,234,48234,53,318.0,2.65,4.42815,0.86110544
cold,0,1,0,0.0001,0.1,512,3,5,4,256,6000,8.0,2633729,4,4,9977,4109,900023,8,234,48234,54,324.0,2.7,4.5117,0.87006819
cold,0,1,0,0.0001,0.1,512,3,5,4,256,6000,8.0,2633729,4,4,9977,4109,900023,8,234,48234,55,330.0,2.75,4.59525,0.87795985
cold,0,1,0,0.0001,0.1,512,3,5,4,256,6000,8.0,2633729,4,4,9977,4109,900023,8,234,48234,56,336.0,2.8,4.6788,0.88430023
cold,0,1,0,0.0001,0.1,512,3,5,4,256,6000,8.0,2633729,4,4,9977,4109,900023,8,234,48234,57,342.0,2.85,4.76235,0.88979673
cold,0,1,0,0.0001,0.1,512,3,5,4,256,6000,8.0,2633729,4,4,9977,4109,900023,8,234,48234,58,348.0,2.9,4.8459,0.89585888
cold,0,1,0,0.0001,0.1,512,3,5,4,256,6000,8.0,2633729,4,4,9977,4109,900023,8,234,48234,59,354.0,2.95,4.92945,0.90262681
cold,0,1,0,0.0001,0.1,512,3,5,4,256,6000,8.0,2633729,4,4,9977,4109,900023,8,234,48234,60,360.0,3.0,5.013,0.90853387
cold,0,1,0,0.0001,0.1,512,3,5,4,256,6000,8.0,2633729,4,4,9977,4109,900023,8,234,48234,61,366.0,3.05,5.09655,0.9114188
cold,0,1,0,0.0001,0.1,512,3,5,4,256,6000,8.0,2633729,4,4,9977,4109,900023,8,234,48234,62,372.0,3.1,5.1801,0.91159129
cold,0,1,0,0.0001,0.1,512,3,5,4,256,6000,8.0,2633729,4,4,9977,4109,900023,8,234,48234,63,378.0,3.15,5.26365,0.9112972
cold,0,1,0,0.0001,0.1,512,3,5,4,256,6000,8.0,2633729,4,4,9977,4109,900023,8,234,48234,64,384.0,3.2,5.3472,0.91132206
cold,0,1,0,0.0001,0.1,512,3,5,4,256,6000,8.0,2633729,4,4,9977,4109,900023,8,234,48234,65,390.0,3.25,5.43075,0.91081291
cold,0,1,0,0.0001,0.1,512,3,5,4,256,6000,8.0,2633729,4,4,9977,4109,900023,8,234,48234,66,396.0,3.3,5.5143,0.90917778
cold,0,1,0,0.0001,0.1,512,3,5,4,256,6000,8.0,2633729,4,4,9977,4109,900023,8,234,48234,67,402.0,3.35,5.59785,0.90691656
cold,0,1,0,0.0001,0.1,512,3,5,4,256,6000,8.0,2633729,4,4,9977,4109,900023,8,234,48234,68,408.0,3.4,5.6814,0.90537065
cold,0,1,0,0.0001,0.1,512,3,5,4,256,6000,8.0,2633729,4,4,9977,4109,900023,8,234,48234,69,414.0,3.45,5.76495,0.90537739
cold,0,1,0,0.0001,0.1,512,3,5,4,256,6000,8.0,2633729,4,4,9977,4109,900023,8,234,48234,70,420.0,3.5,5.8485,0.90594113
cold,0,1,0,0.0001,0.1,512,3,5,4,256,6000,8.0,2633729,4,4,9977,4109,900023,8,234,48234,71,426.0,3.55,5.93205,0.90649647
cold,0,1,0,0.0001,0.1,512,3,5,4,256,6000,8.0,2633729,4,4,9977,4109,900023,8,234,48234,72,432.0,3.6,6.0156,0.90860331
cold,0,1,0,0.0001,0.1,512,3,5,4,256,6000,8.0,2633729,4,4,9977,4109,900023,8,234,48234,73,438.0,3.65,6.09915,0.9138934
cold,0,1,0,0.0001,0.1,512,3,5,4,256,6000,8.0,2633729,4,4,9977,4109,900023,8,234,48234,74,444.0,3.7,6.1827,0.92190266
cold,0,1,0,0.0001,0.1,512,3,5,4,256,6000,8.0,2633729,4,4,9977,4109,900023,8,234,48234,75,450.0,3.75,6.26625,0.93027622
cold,0,1,0,0.0001,0.1,512,3,5,4,256,6000,8.0,2633729,4,4,9977,4109,900023,8,234,48234,76,456.0,3.8,6.3498,0.93713158
cold,0,1,0,0.0001,0.1,512,3,5,4,256,6000,8.0,2633729,4,4,9977,4109,900023,8,234,48234,77,462.0,3.85,6.43335,0.94384336
cold,0,1,0,0.0001,0.1,512,3,5,4,256,6000,8.0,2633729,4,4,9977,4109,900023,8,234,48234,78,468.0,3.9,6.5169,0.95275366
cold,0,1,0,0.0001,0.1,512,3,5,4,256,6000,8.0,2633729,4,4,9977,4109,900023,8,234,48234,79,474.0,3.95,6.60045,0.96239966
cold,0,1,0,0.0001,0.1,512,3,5,4,256,6000,8.0,2633729,4,4,9977,4109,900023,8,234,48234,80,480.0,4.0,6.684,0.96908462
cold,0,1,0,0.0001,0.1,512,3,5,4,256,6000,8.0,2633729,4,4,9977,4109,900023,8,234,48234,81,486.0,4.05,6.76755,0.97134805
cold,0,1,0,0.0001,0.1,512,3,5,4,256,6000,8.0,2633729,4,4,9977,4109,900023,8,234,48234,82,492.0,4.1,6.8511,0.97071099
cold,0,1,0,0.0001,0.1,512,3,5,4,256,6000,8.0,2633729,4,4,9977,4109,900023,8,234,48234,83,498.0,4.15,6.93465,0.96979815
cold,0,1,0,0.0001,0.1,512,3,5,4,256,6000,8.0,2633729,4,4,9977,4109,900023,8,234,48234,84,504.0,4.2,7.0182,0.97000241
cold,0,1,0,0.0001,0.1,512,3,5,4,256,6000,8.0,2633729,4,4,9977,4109,900023,8,234,48234,85,510.0,4.25,7.10175,0.97041422
cold,0,1,0,0.0001,0.1,512,3,5,4,256,6000,8.0,2633729,4,4,9977,4109,900023,8,234,48234,86,516.0,4.3,7.1853,0.96949118
cold,0,1,0,0.0001,0.1,512,3,5,4,256,6000,8.0,2633729,4,4,9977,4109,900023,8,234,48234,87,522.0,4.35,7.26885,0.96755892
cold,0,1,0,0.0001,0.1,512,3,5,4,256,6000,8.0,2633729,4,4,9977,4109,900023,8,234,48234,88,528.0,4.4,7.3524,0.96640611
cold,0,1,0,0.0001,0.1,512,3,5,4,256,6000,8.0,2633729,4,4,9977,4109,900023,8,234,48234,89,534.0,4.45,7.43595,0.96767497
cold,0,1,0,0.0001,0.1,512,3,5,4,256,6000,8.0,2633729,4,4,9977,4109,900023,8,234,48234,90,540.0,4.5,7.5195,0.97057998
cold,0,1,0,0.0001,0.1,512,3,5,4,256,6000,8.0,2633729,4,4,9977,4109,900023,8,234,48234,91,546.0,4.55,7.60305,0.97247571
cold,0,1,0,0.0001,0.1,512,3,5,4,256,6000,8.0,2633729,4,4,9977,4109,900023,8,234,48234,92,552.0,4.6,7.6866,0.97221303
cold,0,1,0,0.0001,0.1,512,3,5,4,256,6000,8.0,2633729,4,4,9977,4109,900023,8,234,48234,93,558.0,4.65,7.77015,0.97098768
cold,0,1,0,0.0001,0.1,512,3,5,4,256,6000,8.0,2633729,4,4,9977,4109,900023,8,234,48234,94,564.0,4.7,7.8537,0.9703334
cold,0,1,0,0.0001,0.1,512,3,5,4,256,6000,8.0,2633729,4,4,9977,4109,900023,8,234,48234,95,570.0,4.75,7.93725,0.96975869
cold,0,1,0,0.0001,0.1,512,3,5,4,256,6000,8.0,2633729,4,4,9977,4109,900023,8,234,48234,96,576.0,4.8,8.0208,0.96764135
cold,0,1,0,0.0001,0.1,512,3,5,4,256,6000,8.0,2633729,4,4,9977,4109,900023,8,234,48234,97,582.0,4.85,8.10435,0.96474993
cold,0,1,0,0.0001,0.1,512,3,5,4,256,6000,8.0,2633729,4,4,9977,4109,900023,8,234,48234,98,588.0,4.9,8.1879,0.96412218
cold,0,1,0,0.0001,0.1,512,3,5,4,256,6000,8.0,2633729,4,4,9977,4109,900023,8,234,48234,99,594.0,4.95,8.27145,0.96666598
cold,0,1,0,0.0001,0.1,512,3,5,4,256,6000,8.0,2633729,4,4,9977,4109,900023,8,234,48234,100,600.0,5.0,8.355,0.96965289
cold,0,1,0,0.0001,0.1,512,3,5,4,256,6000,8.0,2633729,4,4,9977,4109,900023,8,234,48234,101,606.0,5.05,8.43855,0.97023308
cold,0,1,0,0.0001,0.1,512,3,5,4,256,6000,8.0,2633729,4,4,9977,4109,900023,8,234,48234,102,612.0,5.1,8.5221,0.96851838
cold,0,1,0,0.0001,0.1,512,3,5,4,256,6000,8.0,2633729,4,4,9977,4109,900023,8,234,48234,103,618.0,5.15,8.60565,0.9671464
cold,0,1,0,0.0001,0.1,512,3,5,4,256,6000,8.0,2633729,4,4,9977,4109,900023,8,234,48234,104,624.0,5.2,8.6892,0.96842086
cold,0,1,0,0.0001,0.1,512,3,5,4,256,6000,8.0,2633729,4,4,9977,4109,900023,8,234,48234,105,630.0,5.25,8.77275,0.9720602
cold,0,1,0,0.0001,0.1,512,3,5,4,256,6000,8.0,2633729,4,4,9977,4109,900023,8,234,48234,106,636.0,5.3,8.8563,0.97598183
cold,0,1,0,0.0001,0.1,512,3,5,4,256,6000,8.0,2633729,4,4,9977,4109,900023,8,234,48234,107,642.0,5.35,8.93985,0.978728
cold,0,1,0,0.0001,0.1,512,3,5,4,256,6000,8.0,2633729,4,4,9977,4109,900023,8,234,48234,108,648.0,5.4,9.0234,0.98065501
cold,0,1,0,0.0001,0.1,512,3,5,4,256,6000,8.0,2633729,4,4,9977,4109,900023,8,234,48234,109,654.0,5.45,9.10695,0.98224735
cold,0,1,0,0.0001,0.1,512,3,5,4,256,6000,8.0,2633729,4,4,9977,4109,900023,8,234,48234,110,660.0,5.5,9.1905,0.98291141
cold,0,1,0,0.0001,0.1,512,3,5,4,256,6000,8.0,2633729,4,4,9977,4109,900023,8,234,48234,111,666.0,5.55,9.27405,0.98210424
cold,0,1,0,0.0001,0.1,512,3,5,4,256,6000,8.0,2633729,4,4,9977,4109,900023,8,234,48234,112,672.0,5.6,9.3576,0.9802801
cold,0,1,0,0.0001,0.1,512,3,5,4,256,6000,8.0,2633729,4,4,9977,4109,900023,8,234,48234,113,678.0,5.65,9.44115,0.97785324
cold,0,1,0,0.0001,0.1,512,3,5,4,256,6000,8.0,2633729,4,4,9977,4109,900023,8,234,48234,114,684.0,5.7,9.5247,0.97541732
cold,0,1,0,0.0001,0.1,512,3,5,4,256,6000,8.0,2633729,4,4,9977,4109,900023,8,234,48234,115,690.0,5.75,9.60825,0.97438556
cold,0,1,0,0.0001,0.1,512,3,5,4,256,6000,8.0,2633729,4,4,9977,4109,900023,8,234,48234,116,696.0,5.8,9.6918,0.97567505
cold,0,1,0,0.0001,0.1,512,3,5,4,256,6000,8.0,2633729,4,4,9977,4109,900023,8,234,48234,117,702.0,5.85,9.77535,0.97893518
cold,0,1,0,0.0001,0.1,512,3,5,4,256,6000,8.0,2633729,4,4,9977,4109,900023,8,234,48234,118,708.0,5.9,9.8589,0.9823302
cold,0,1,0,0.0001,0.1,512,3,5,4,256,6000,8.0,2633729,4,4,9977,4109,900023,8,234,48234,119,714.0,5.95,9.94245,0.98358071
cold,0,1,0,0.0001,0.1,512,3,5,4,256,6000,8.0,2633729,4,4,9977,4109,900023,8,234,48234,120,720.0,6.0,10.026,0.98287714
cold,0,1,0,0.0001,0.1,512,3,5,4,256,6000,8.0,2633729,4,4,9977,4109,900023,8,1023,49023,1,6.0,0.05,0.08355,0.03989665
cold,0,1,0,0.0001,0.1,512,3,5,4,256,6000,8.0,2633729,4,4,9977,4109,900023,8,1023,49023,2,12.0,0.1,0.1671,0.04651657
cold,0,1,0,0.0001,0.1,512,3,5,4,256,6000,8.0,2633729,4,4,9977,4109,900023,8,1023,49023,3,18.0,0.15,0.25065,0.05418817
cold,0,1,0,0.0001,0.1,512,3,5,4,256,6000,8.0,2633729,4,4,9977,4109,900023,8,1023,49023,4,24.0,0.2,0.3342,0.06260224
cold,0,1,0,0.0001,0.1,512,3,5,4,256,6000,8.0,2633729,4,4,9977,4109,900023,8,1023,49023,5,30.0,0.25,0.41775,0.07105477
cold,0,1,0,0.0001,0.1,512,3,5,4,256,6000,8.0,2633729,4,4,9977,4109,900023,8,1023,49023,6,36.0,0.3,0.5013,0.08134876
cold,0,1,0,0.0001,0.1,512,3,5,4,256,6000,8.0,2633729,4,4,9977,4109,900023,8,1023,49023,7,42.0,0.35,0.58485,0.09254497
cold,0,1,0,0.0001,0.1,512,3,5,4,256,6000,8.0,2633729,4,4,9977,4109,900023,8,1023,49023,8,48.0,0.4,0.6684,0.10503864
cold,0,1,0,0.0001,0.1,512,3,5,4,256,6000,8.0,2633729,4,4,9977,4109,900023,8,1023,49023,9,54.0,0.45,0.75195,0.11833683
cold,0,1,0,0.0001,0.1,512,3,5,4,256,6000,8.0,2633729,4,4,9977,4109,900023,8,1023,49023,10,60.0,0.5,0.8355,0.13215795
cold,0,1,0,0.0001,0.1,512,3,5,4,256,6000,8.0,2633729,4,4,9977,4109,900023,8,1023,49023,11,66.0,0.55,0.91905,0.14727078
cold,0,1,0,0.0001,0.1,512,3,5,4,256,6000,8.0,2633729,4,4,9977,4109,900023,8,1023,49023,12,72.0,0.6,1.0026,0.16448787
cold,0,1,0,0.0001,0.1,512,3,5,4,256,6000,8.0,2633729,4,4,9977,4109,900023,8,1023,49023,13,78.0,0.65,1.08615,0.18331078
cold,0,1,0,0.0001,0.1,512,3,5,4,256,6000,8.0,2633729,4,4,9977,4109,900023,8,1023,49023,14,84.0,0.7,1.1697,0.20304015
cold,0,1,0,0.0001,0.1,512,3,5,4,256,6000,8.0,2633729,4,4,9977,4109,900023,8,1023,49023,15,90.0,0.75,1.25325,0.22350493
cold,0,1,0,0.0001,0.1,512,3,5,4,256,6000,8.0,2633729,4,4,9977,4109,900023,8,1023,49023,16,96.0,0.8,1.3368,0.24428675
cold,0,1,0,0.0001,0.1,512,3,5,4,256,6000,8.0,2633729,4,4,9977,4109,900023,8,1023,49023,17,102.0,0.85,1.42035,0.26521072
cold,0,1,0,0.0001,0.1,512,3,5,4,256,6000,8.0,2633729,4,4,9977,4109,900023,8,1023,49023,18,108.0,0.9,1.5039,0.28672871
cold,0,1,0,0.0001,0.1,512,3,5,4,256,6000,8.0,2633729,4,4,9977,4109,900023,8,1023,49023,19,114.0,0.95,1.58745,0.3093293
cold,0,1,0,0.0001,0.1,512,3,5,4,256,6000,8.0,2633729,4,4,9977,4109,900023,8,1023,49023,20,120.0,1.0,1.671,0.33326122
cold,0,1,0,0.0001,0.1,512,3,5,4,256,6000,8.0,2633729,4,4,9977,4109,900023,8,1023,49023,21,126.0,1.05,1.75455,0.35807857
cold,0,1,0,0.0001,0.1,512,3,5,4,256,6000,8.0,2633729,4,4,9977,4109,900023,8,1023,49023,22,132.0,1.1,1.8381,0.3831239
cold,0,1,0,0.0001,0.1,512,3,5,4,256,6000,8.0,2633729,4,4,9977,4109,900023,8,1023,49023,23,138.0,1.15,1.92165,0.40797037
cold,0,1,0,0.0001,0.1,512,3,5,4,256,6000,8.0,2633729,4,4,9977,4109,900023,8,1023,49023,24,144.0,1.2,2.0052,0.43196765
cold,0,1,0,0.0001,0.1,512,3,5,4,256,6000,8.0,2633729,4,4,9977,4109,900023,8,1023,49023,25,150.0,1.25,2.08875,0.45456439
cold,0,1,0,0.0001,0.1,512,3,5,4,256,6000,8.0,2633729,4,4,9977,4109,900023,8,1023,49023,26,156.0,1.3,2.1723,0.47470221
cold,0,1,0,0.0001,0.1,512,3,5,4,256,6000,8.0,2633729,4,4,9977,4109,900023,8,1023,49023,27,162.0,1.35,2.25585,0.49114868
cold,0,1,0,0.0001,0.1,512,3,5,4,256,6000,8.0,2633729,4,4,9977,4109,900023,8,1023,49023,28,168.0,1.4,2.3394,0.50562119
cold,0,1,0,0.0001,0.1,512,3,5,4,256,6000,8.0,2633729,4,4,9977,4109,900023,8,1023,49023,29,174.0,1.45,2.42295,0.52215606
cold,0,1,0,0.0001,0.1,512,3,5,4,256,6000,8.0,2633729,4,4,9977,4109,900023,8,1023,49023,30,180.0,1.5,2.5065,0.54336512
cold,0,1,0,0.0001,0.1,512,3,5,4,256,6000,8.0,2633729,4,4,9977,4109,900023,8,1023,49023,31,186.0,1.55,2.59005,0.56763417
cold,0,1,0,0.0001,0.1,512,3,5,4,256,6000,8.0,2633729,4,4,9977,4109,900023,8,1023,49023,32,192.0,1.6,2.6736,0.59196556
cold,0,1,0,0.0001,0.1,512,3,5,4,256,6000,8.0,2633729,4,4,9977,4109,900023,8,1023,49023,33,198.0,1.65,2.75715,0.61543775
cold,0,1,0,0.0001,0.1,512,3,5,4,256,6000,8.0,2633729,4,4,9977,4109,900023,8,1023,49023,34,204.0,1.7,2.8407,0.63859463
cold,0,1,0,0.0001,0.1,512,3,5,4,256,6000,8.0,2633729,4,4,9977,4109,900023,8,1023,49023,35,210.0,1.75,2.92425,0.66165912
cold,0,1,0,0.0001,0.1,512,3,5,4,256,6000,8.0,2633729,4,4,9977,4109,900023,8,1023,49023,36,216.0,1.8,3.0078,0.68328881
cold,0,1,0,0.0001,0.1,512,3,5,4,256,6000,8.0,2633729,4,4,9977,4109,900023,8,1023,49023,37,222.0,1.85,3.09135,0.70099384
cold,0,1,0,0.0001,0.1,512,3,5,4,256,6000,8.0,2633729,4,4,9977,4109,900023,8,1023,49023,38,228.0,1.9,3.1749,0.71452993
cold,0,1,0,0.0001,0.1,512,3,5,4,256,6000,8.0,2633729,4,4,9977,4109,900023,8,1023,49023,39,234.0,1.95,3.25845,0.72612655
cold,0,1,0,0.0001,0.1,512,3,5,4,256,6000,8.0,2633729,4,4,9977,4109,900023,8,1023,49023,40,240.0,2.0,3.342,0.73723143
cold,0,1,0,0.0001,0.1,512,3,5,4,256,6000,8.0,2633729,4,4,9977,4109,900023,8,1023,49023,41,246.0,2.05,3.42555,0.7485798
cold,0,1,0,0.0001,0.1,512,3,5,4,256,6000,8.0,2633729,4,4,9977,4109,900023,8,1023,49023,42,252.0,2.1,3.5091,0.7607246
cold,0,1,0,0.0001,0.1,512,3,5,4,256,6000,8.0,2633729,4,4,9977,4109,900023,8,1023,49023,43,258.0,2.15,3.59265,0.77291226
cold,0,1,0,0.0001,0.1,512,3,5,4,256,6000,8.0,2633729,4,4,9977,4109,900023,8,1023,49023,44,264.0,2.2,3.6762,0.78341043
cold,0,1,0,0.0001,0.1,512,3,5,4,256,6000,8.0,2633729,4,4,9977,4109,900023,8,1023,49023,45,270.0,2.25,3.75975,0.79146165
cold,0,1,0,0.0001,0.1,512,3,5,4,256,6000,8.0,2633729,4,4,9977,4109,900023,8,1023,49023,46,276.0,2.3,3.8433,0.79748672
cold,0,1,0,0.0001,0.1,512,3,5,4,256,6000,8.0,2633729,4,4,9977,4109,900023,8,1023,49023,47,282.0,2.35,3.92685,0.80253154
cold,0,1,0,0.0001,0.1,512,3,5,4,256,6000,8.0,2633729,4,4,9977,4109,900023,8,1023,49023,48,288.0,2.4,4.0104,0.80870974
cold,0,1,0,0.0001,0.1,512,3,5,4,256,6000,8.0,2633729,4,4,9977,4109,900023,8,1023,49023,49,294.0,2.45,4.09395,0.81804645
cold,0,1,0,0.0001,0.1,512,3,5,4,256,6000,8.0,2633729,4,4,9977,4109,900023,8,1023,49023,50,300.0,2.5,4.1775,0.83050609
cold,0,1,0,0.0001,0.1,512,3,5,4,256,6000,8.0,2633729,4,4,9977,4109,900023,8,1023,49023,51,306.0,2.55,4.26105,0.84468877
cold,0,1,0,0.0001,0.1,512,3,5,4,256,6000,8.0,2633729,4,4,9977,4109,900023,8,1023,49023,52,312.0,2.6,4.3446,0.85884571
cold,0,1,0,0.0001,0.1,512,3,5,4,256,6000,8.0,2633729,4,4,9977,4109,900023,8,1023,49023,53,318.0,2.65,4.42815,0.87116057
cold,0,1,0,0.0001,0.1,512,3,5,4,256,6000,8.0,2633729,4,4,9977,4109,900023,8,1023,49023,54,324.0,2.7,4.5117,0.88080156
cold,0,1,0,0.0001,0.1,512,3,5,4,256,6000,8.0,2633729,4,4,9977,4109,900023,8,1023,49023,55,330.0,2.75,4.59525,0.88831782
cold,0,1,0,0.0001,0.1,512,3,5,4,256,6000,8.0,2633729,4,4,9977,4109,900023,8,1023,49023,56,336.0,2.8,4.6788,0.89477861
cold,0,1,0,0.0001,0.1,512,3,5,4,256,6000,8.0,2633729,4,4,9977,4109,900023,8,1023,49023,57,342.0,2.85,4.76235,0.9001466
cold,0,1,0,0.0001,0.1,512,3,5,4,256,6000,8.0,2633729,4,4,9977,4109,900023,8,1023,49023,58,348.0,2.9,4.8459,0.90363747
cold,0,1,0,0.0001,0.1,512,3,5,4,256,6000,8.0,2633729,4,4,9977,4109,900023,8,1023,49023,59,354.0,2.95,4.92945,0.90595794
cold,0,1,0,0.0001,0.1,512,3,5,4,256,6000,8.0,2633729,4,4,9977,4109,900023,8,1023,49023,60,360.0,3.0,5.013,0.90869409
cold,0,1,0,0.0001,0.1,512,3,5,4,256,6000,8.0,2633729,4,4,9977,4109,900023,8,1023,49023,61,366.0,3.05,5.09655,0.91221893
cold,0,1,0,0.0001,0.1,512,3,5,4,256,6000,8.0,2633729,4,4,9977,4109,900023,8,1023,49023,62,372.0,3.1,5.1801,0.91658074
cold,0,1,0,0.0001,0.1,512,3,5,4,256,6000,8.0,2633729,4,4,9977,4109,900023,8,1023,49023,63,378.0,3.15,5.26365,0.92246091
cold,0,1,0,0.0001,0.1,512,3,5,4,256,6000,8.0,2633729,4,4,9977,4109,900023,8,1023,49023,64,384.0,3.2,5.3472,0.9295575
cold,0,1,0,0.0001,0.1,512,3,5,4,256,6000,8.0,2633729,4,4,9977,4109,900023,8,1023,49023,65,390.0,3.25,5.43075,0.93623835
cold,0,1,0,0.0001,0.1,512,3,5,4,256,6000,8.0,2633729,4,4,9977,4109,900023,8,1023,49023,66,396.0,3.3,5.5143,0.94030303
cold,0,1,0,0.0001,0.1,512,3,5,4,256,6000,8.0,2633729,4,4,9977,4109,900023,8,1023,49023,67,402.0,3.35,5.59785,0.94127524
cold,0,1,0,0.0001,0.1,512,3,5,4,256,6000,8.0,2633729,4,4,9977,4109,900023,8,1023,49023,68,408.0,3.4,5.6814,0.9412291
cold,0,1,0,0.0001,0.1,512,3,5,4,256,6000,8.0,2633729,4,4,9977,4109,900023,8,1023,49023,69,414.0,3.45,5.76495,0.94232565
cold,0,1,0,0.0001,0.1,512,3,5,4,256,6000,8.0,2633729,4,4,9977,4109,900023,8,1023,49023,70,420.0,3.5,5.8485,0.94542712
cold,0,1,0,0.0001,0.1,512,3,5,4,256,6000,8.0,2633729,4,4,9977,4109,900023,8,1023,49023,71,426.0,3.55,5.93205,0.95046628
cold,0,1,0,0.0001,0.1,512,3,5,4,256,6000,8.0,2633729,4,4,9977,4109,900023,8,1023,49023,72,432.0,3.6,6.0156,0.95583361
cold,0,1,0,0.0001,0.1,512,3,5,4,256,6000,8.0,2633729,4,4,9977,4109,900023,8,1023,49023,73,438.0,3.65,6.09915,0.95919746
cold,0,1,0,0.0001,0.1,512,3,5,4,256,6000,8.0,2633729,4,4,9977,4109,900023,8,1023,49023,74,444.0,3.7,6.1827,0.96059006
cold,0,1,0,0.0001,0.1,512,3,5,4,256,6000,8.0,2633729,4,4,9977,4109,900023,8,1023,49023,75,450.0,3.75,6.26625,0.96232766
cold,0,1,0,0.0001,0.1,512,3,5,4,256,6000,8.0,2633729,4,4,9977,4109,900023,8,1023,49023,76,456.0,3.8,6.3498,0.96560013
cold,0,1,0,0.0001,0.1,512,3,5,4,256,6000,8.0,2633729,4,4,9977,4109,900023,8,1023,49023,77,462.0,3.85,6.43335,0.96993703
cold,0,1,0,0.0001,0.1,512,3,5,4,256,6000,8.0,2633729,4,4,9977,4109,900023,8,1023,49023,78,468.0,3.9,6.5169,0.97502434
cold,0,1,0,0.0001,0.1,512,3,5,4,256,6000,8.0,2633729,4,4,9977,4109,900023,8,1023,49023,79,474.0,3.95,6.60045,0.98029733
cold,0,1,0,0.0001,0.1,512,3,5,4,256,6000,8.0,2633729,4,4,9977,4109,900023,8,1023,49023,80,480.0,4.0,6.684,0.98507309
cold,0,1,0,0.0001,0.1,512,3,5,4,256,6000,8.0,2633729,4,4,9977,4109,900023,8,1023,49023,81,486.0,4.05,6.76755,0.98937511
cold,0,1,0,0.0001,0.1,512,3,5,4,256,6000,8.0,2633729,4,4,9977,4109,900023,8,1023,49023,82,492.0,4.1,6.8511,0.99304366
cold,0,1,0,0.0001,0.1,512,3,5,4,256,6000,8.0,2633729,4,4,9977,4109,900023,8,1023,49023,83,498.0,4.15,6.93465,0.99612546
cold,0,1,0,0.0001,0.1,512,3,5,4,256,6000,8.0,2633729,4,4,9977,4109,900023,8,1023,49023,84,504.0,4.2,7.0182,0.99738824
cold,0,1,0,0.0001,0.1,512,3,5,4,256,6000,8.0,2633729,4,4,9977,4109,900023,8,1023,49023,85,510.0,4.25,7.10175,0.99553299
cold,0,1,0,0.0001,0.1,512,3,5,4,256,6000,8.0,2633729,4,4,9977,4109,900023,8,1023,49023,86,516.0,4.3,7.1853,0.99187106
cold,0,1,0,0.0001,0.1,512,3,5,4,256,6000,8.0,2633729,4,4,9977,4109,900023,8,1023,49023,87,522.0,4.35,7.26885,0.98846412
cold,0,1,0,0.0001,0.1,512,3,5,4,256,6000,8.0,2633729,4,4,9977,4109,900023,8,1023,49023,88,528.0,4.4,7.3524,0.98686463
cold,0,1,0,0.0001,0.1,512,3,5,4,256,6000,8.0,2633729,4,4,9977,4109,900023,8,1023,49023,89,534.0,4.45,7.43595,0.98628354
cold,0,1,0,0.0001,0.1,512,3,5,4,256,6000,8.0,2633729,4,4,9977,4109,900023,8,1023,49023,90,540.0,4.5,7.5195,0.98509121
cold,0,1,0,0.0001,0.1,512,3,5,4,256,6000,8.0,2633729,4,4,9977,4109,900023,8,1023,49023,91,546.0,4.55,7.60305,0.98304266
cold,0,1,0,0.0001,0.1,512,3,5,4,256,6000,8.0,2633729,4,4,9977,4109,900023,8,1023,49023,92,552.0,4.6,7.6866,0.98127156
cold,0,1,0,0.0001,0.1,512,3,5,4,256,6000,8.0,2633729,4,4,9977,4109,900023,8,1023,49023,93,558.0,4.65,7.77015,0.98136461
cold,0,1,0,0.0001,0.1,512,3,5,4,256,6000,8.0,2633729,4,4,9977,4109,900023,8,1023,49023,94,564.0,4.7,7.8537,0.98438615
cold,0,1,0,0.0001,0.1,512,3,5,4,256,6000,8.0,2633729,4,4,9977,4109,900023,8,1023,49023,95,570.0,4.75,7.93725,0.99002153
cold,0,1,0,0.0001,0.1,512,3,5,4,256,6000,8.0,2633729,4,4,9977,4109,900023,8,1023,49023,96,576.0,4.8,8.0208,0.99618858
cold,0,1,0,0.0001,0.1,512,3,5,4,256,6000,8.0,2633729,4,4,9977,4109,900023,8,1023,49023,97,582.0,4.85,8.10435,1.00020349
cold,0,1,0,0.0001,0.1,512,3,5,4,256,6000,8.0,2633729,4,4,9977,4109,900023,8,1023,49023,98,588.0,4.9,8.1879,1.00122011
cold,0,1,0,0.0001,0.1,512,3,5,4,256,6000,8.0,2633729,4,4,9977,4109,900023,8,1023,49023,99,594.0,4.95,8.27145,1.00058579
cold,0,1,0,0.0001,0.1,512,3,5,4,256,6000,8.0,2633729,4,4,9977,4109,900023,8,1023,49023,100,600.0,5.0,8.355,0.99986547
cold,0,1,0,0.0001,0.1,512,3,5,4,256,6000,8.0,2633729,4,4,9977,4109,900023,8,1023,49023,101,606.0,5.05,8.43855,1.00002337
cold,0,1,0,0.0001,0.1,512,3,5,4,256,6000,8.0,2633729,4,4,9977,4109,900023,8,1023,49023,102,612.0,5.1,8.5221,1.00089347
cold,0,1,0,0.0001,0.1,512,3,5,4,256,6000,8.0,2633729,4,4,9977,4109,900023,8,1023,49023,103,618.0,5.15,8.60565,1.0013957
cold,0,1,0,0.0001,0.1,512,3,5,4,256,6000,8.0,2633729,4,4,9977,4109,900023,8,1023,49023,104,624.0,5.2,8.6892,1.00139904
cold,0,1,0,0.0001,0.1,512,3,5,4,256,6000,8.0,2633729,4,4,9977,4109,900023,8,1023,49023,105,630.0,5.25,8.77275,1.00128436
cold,0,1,0,0.0001,0.1,512,3,5,4,256,6000,8.0,2633729,4,4,9977,4109,900023,8,1023,49023,106,636.0,5.3,8.8563,1.00049353
cold,0,1,0,0.0001,0.1,512,3,5,4,256,6000,8.0,2633729,4,4,9977,4109,900023,8,1023,49023,107,642.0,5.35,8.93985,0.99871713
cold,0,1,0,0.0001,0.1,512,3,5,4,256,6000,8.0,2633729,4,4,9977,4109,900023,8,1023,49023,108,648.0,5.4,9.0234,0.99662375
cold,0,1,0,0.0001,0.1,512,3,5,4,256,6000,8.0,2633729,4,4,9977,4109,900023,8,1023,49023,109,654.0,5.45,9.10695,0.99404198
cold,0,1,0,0.0001,0.1,512,3,5,4,256,6000,8.0,2633729,4,4,9977,4109,900023,8,1023,49023,110,660.0,5.5,9.1905,0.98997217
cold,0,1,0,0.0001,0.1,512,3,5,4,256,6000,8.0,2633729,4,4,9977,4109,900023,8,1023,49023,111,666.0,5.55,9.27405,0.98568398
cold,0,1,0,0.0001,0.1,512,3,5,4,256,6000,8.0,2633729,4,4,9977,4109,900023,8,1023,49023,112,672.0,5.6,9.3576,0.98431742
cold,0,1,0,0.0001,0.1,512,3,5,4,256,6000,8.0,2633729,4,4,9977,4109,900023,8,1023,49023,113,678.0,5.65,9.44115,0.98645401
cold,0,1,0,0.0001,0.1,512,3,5,4,256,6000,8.0,2633729,4,4,9977,4109,900023,8,1023,49023,114,684.0,5.7,9.5247,0.99016857
cold,0,1,0,0.0001,0.1,512,3,5,4,256,6000,8.0,2633729,4,4,9977,4109,900023,8,1023,49023,115,690.0,5.75,9.60825,0.99389321
cold,0,1,0,0.0001,0.1,512,3,5,4,256,6000,8.0,2633729,4,4,9977,4109,900023,8,1023,49023,116,696.0,5.8,9.6918,0.99677569
cold,0,1,0,0.0001,0.1,512,3,5,4,256,6000,8.0,2633729,4,4,9977,4109,900023,8,1023,49023,117,702.0,5.85,9.77535,0.99829632
cold,0,1,0,0.0001,0.1,512,3,5,4,256,6000,8.0,2633729,4,4,9977,4109,900023,8,1023,49023,118,708.0,5.9,9.8589,0.99770916
cold,0,1,0,0.0001,0.1,512,3,5,4,256,6000,8.0,2633729,4,4,9977,4109,900023,8,1023,49023,119,714.0,5.95,9.94245,0.99403042
cold,0,1,0,0.0001,0.1,512,3,5,4,256,6000,8.0,2633729,4,4,9977,4109,900023,8,1023,49023,120,720.0,6.0,10.026,0.98797977
cold,0,1,0,0.0001,0.1,512,3,5,4,256,6000,8.0,2633729,4,4,9977,4109,900023,8,4468,52468,1,6.0,0.05,0.08355,0.03729049
cold,0,1,0,0.0001,0.1,512,3,5,4,256,6000,8.0,2633729,4,4,9977,4109,900023,8,4468,52468,2,12.0,0.1,0.1671,0.04392117
cold,0,1,0,0.0001,0.1,512,3,5,4,256,6000,8.0,2633729,4,4,9977,4109,900023,8,4468,52468,3,18.0,0.15,0.25065,0.05112465
cold,0,1,0,0.0001,0.1,512,3,5,4,256,6000,8.0,2633729,4,4,9977,4109,900023,8,4468,52468,4,24.0,0.2,0.3342,0.0582269
cold,0,1,0,0.0001,0.1,512,3,5,4,256,6000,8.0,2633729,4,4,9977,4109,900023,8,4468,52468,5,30.0,0.25,0.41775,0.06461272
cold,0,1,0,0.0001,0.1,512,3,5,4,256,6000,8.0,2633729,4,4,9977,4109,900023,8,4468,52468,6,36.0,0.3,0.5013,0.07333987
cold,0,1,0,0.0001,0.1,512,3,5,4,256,6000,8.0,2633729,4,4,9977,4109,900023,8,4468,52468,7,42.0,0.35,0.58485,0.08218356
cold,0,1,0,0.0001,0.1,512,3,5,4,256,6000,8.0,2633729,4,4,9977,4109,900023,8,4468,52468,8,48.0,0.4,0.6684,0.09153356
cold,0,1,0,0.0001,0.1,512,3,5,4,256,6000,8.0,2633729,4,4,9977,4109,900023,8,4468,52468,9,54.0,0.45,0.75195,0.10138974
cold,0,1,0,0.0001,0.1,512,3,5,4,256,6000,8.0,2633729,4,4,9977,4109,900023,8,4468,52468,10,60.0,0.5,0.8355,0.11171371
cold,0,1,0,0.0001,0.1,512,3,5,4,256,6000,8.0,2633729,4,4,9977,4109,900023,8,4468,52468,11,66.0,0.55,0.91905,0.12325726
cold,0,1,0,0.0001,0.1,512,3,5,4,256,6000,8.0,2633729,4,4,9977,4109,900023,8,4468,52468,12,72.0,0.6,1.0026,0.1368604
cold,0,1,0,0.0001,0.1,512,3,5,4,256,6000,8.0,2633729,4,4,9977,4109,900023,8,4468,52468,13,78.0,0.65,1.08615,0.15227823
cold,0,1,0,0.0001,0.1,512,3,5,4,256,6000,8.0,2633729,4,4,9977,4109,900023,8,4468,52468,14,84.0,0.7,1.1697,0.16885003
cold,0,1,0,0.0001,0.1,512,3,5,4,256,6000,8.0,2633729,4,4,9977,4109,900023,8,4468,52468,15,90.0,0.75,1.25325,0.18598187
cold,0,1,0,0.0001,0.1,512,3,5,4,256,6000,8.0,2633729,4,4,9977,4109,900023,8,4468,52468,16,96.0,0.8,1.3368,0.20347072
cold,0,1,0,0.0001,0.1,512,3,5,4,256,6000,8.0,2633729,4,4,9977,4109,900023,8,4468,52468,17,102.0,0.85,1.42035,0.22211801
cold,0,1,0,0.0001,0.1,512,3,5,4,256,6000,8.0,2633729,4,4,9977,4109,900023,8,4468,52468,18,108.0,0.9,1.5039,0.24287288
cold,0,1,0,0.0001,0.1,512,3,5,4,256,6000,8.0,2633729,4,4,9977,4109,900023,8,4468,52468,19,114.0,0.95,1.58745,0.26536635
cold,0,1,0,0.0001,0.1,512,3,5,4,256,6000,8.0,2633729,4,4,9977,4109,900023,8,4468,52468,20,120.0,1.0,1.671,0.28827989
cold,0,1,0,0.0001,0.1,512,3,5,4,256,6000,8.0,2633729,4,4,9977,4109,900023,8,4468,52468,21,126.0,1.05,1.75455,0.31019998
cold,0,1,0,0.0001,0.1,512,3,5,4,256,6000,8.0,2633729,4,4,9977,4109,900023,8,4468,52468,22,132.0,1.1,1.8381,0.33101913
cold,0,1,0,0.0001,0.1,512,3,5,4,256,6000,8.0,2633729,4,4,9977,4109,900023,8,4468,52468,23,138.0,1.15,1.92165,0.35078859
cold,0,1,0,0.0001,0.1,512,3,5,4,256,6000,8.0,2633729,4,4,9977,4109,900023,8,4468,52468,24,144.0,1.2,2.0052,0.36946213
cold,0,1,0,0.0001,0.1,512,3,5,4,256,6000,8.0,2633729,4,4,9977,4109,900023,8,4468,52468,25,150.0,1.25,2.08875,0.38764995
cold,0,1,0,0.0001,0.1,512,3,5,4,256,6000,8.0,2633729,4,4,9977,4109,900023,8,4468,52468,26,156.0,1.3,2.1723,0.40582255
cold,0,1,0,0.0001,0.1,512,3,5,4,256,6000,8.0,2633729,4,4,9977,4109,900023,8,4468,52468,27,162.0,1.35,2.25585,0.42414698
cold,0,1,0,0.0001,0.1,512,3,5,4,256,6000,8.0,2633729,4,4,9977,4109,900023,8,4468,52468,28,168.0,1.4,2.3394,0.44317943
cold,0,1,0,0.0001,0.1,512,3,5,4,256,6000,8.0,2633729,4,4,9977,4109,900023,8,4468,52468,29,174.0,1.45,2.42295,0.46384498
cold,0,1,0,0.0001,0.1,512,3,5,4,256,6000,8.0,2633729,4,4,9977,4109,900023,8,4468,52468,30,180.0,1.5,2.5065,0.48595333
cold,0,1,0,0.0001,0.1,512,3,5,4,256,6000,8.0,2633729,4,4,9977,4109,900023,8,4468,52468,31,186.0,1.55,2.59005,0.50850952
cold,0,1,0,0.0001,0.1,512,3,5,4,256,6000,8.0,2633729,4,4,9977,4109,900023,8,4468,52468,32,192.0,1.6,2.6736,0.53188384
cold,0,1,0,0.0001,0.1,512,3,5,4,256,6000,8.0,2633729,4,4,9977,4109,900023,8,4468,52468,33,198.0,1.65,2.75715,0.55619377
cold,0,1,0,0.0001,0.1,512,3,5,4,256,6000,8.0,2633729,4,4,9977,4109,900023,8,4468,52468,34,204.0,1.7,2.8407,0.57962519
cold,0,1,0,0.0001,0.1,512,3,5,4,256,6000,8.0,2633729,4,4,9977,4109,900023,8,4468,52468,35,210.0,1.75,2.92425,0.60058928
cold,0,1,0,0.0001,0.1,512,3,5,4,256,6000,8.0,2633729,4,4,9977,4109,900023,8,4468,52468,36,216.0,1.8,3.0078,0.61820799
cold,0,1,0,0.0001,0.1,512,3,5,4,256,6000,8.0,2633729,4,4,9977,4109,900023,8,4468,52468,37,222.0,1.85,3.09135,0.63275993
cold,0,1,0,0.0001,0.1,512,3,5,4,256,6000,8.0,2633729,4,4,9977,4109,900023,8,4468,52468,38,228.0,1.9,3.1749,0.64661574
cold,0,1,0,0.0001,0.1,512,3,5,4,256,6000,8.0,2633729,4,4,9977,4109,900023,8,4468,52468,39,234.0,1.95,3.25845,0.66207302
cold,0,1,0,0.0001,0.1,512,3,5,4,256,6000,8.0,2633729,4,4,9977,4109,900023,8,4468,52468,40,240.0,2.0,3.342,0.67881083
cold,0,1,0,0.0001,0.1,512,3,5,4,256,6000,8.0,2633729,4,4,9977,4109,900023,8,4468,52468,41,246.0,2.05,3.42555,0.6946342
cold,0,1,0,0.0001,0.1,512,3,5,4,256,6000,8.0,2633729,4,4,9977,4109,900023,8,4468,52468,42,252.0,2.1,3.5091,0.70878005
cold,0,1,0,0.0001,0.1,512,3,5,4,256,6000,8.0,2633729,4,4,9977,4109,900023,8,4468,52468,43,258.0,2.15,3.59265,0.72232127
cold,0,1,0,0.0001,0.1,512,3,5,4,256,6000,8.0,2633729,4,4,9977,4109,900023,8,4468,52468,44,264.0,2.2,3.6762,0.73534453
cold,0,1,0,0.0001,0.1,512,3,5,4,256,6000,8.0,2633729,4,4,9977,4109,900023,8,4468,52468,45,270.0,2.25,3.75975,0.74556124
cold,0,1,0,0.0001,0.1,512,3,5,4,256,6000,8.0,2633729,4,4,9977,4109,900023,8,4468,52468,46,276.0,2.3,3.8433,0.75184762
cold,0,1,0,0.0001,0.1,512,3,5,4,256,6000,8.0,2633729,4,4,9977,4109,900023,8,4468,52468,47,282.0,2.35,3.92685,0.7574802
cold,0,1,0,0.0001,0.1,512,3,5,4,256,6000,8.0,2633729,4,4,9977,4109,900023,8,4468,52468,48,288.0,2.4,4.0104,0.76523495
cold,0,1,0,0.0001,0.1,512,3,5,4,256,6000,8.0,2633729,4,4,9977,4109,900023,8,4468,52468,49,294.0,2.45,4.09395,0.77369505
cold,0,1,0,0.0001,0.1,512,3,5,4,256,6000,8.0,2633729,4,4,9977,4109,900023,8,4468,52468,50,300.0,2.5,4.1775,0.7815311
cold,0,1,0,0.0001,0.1,512,3,5,4,256,6000,8.0,2633729,4,4,9977,4109,900023,8,4468,52468,51,306.0,2.55,4.26105,0.78843319
cold,0,1,0,0.0001,0.1,512,3,5,4,256,6000,8.0,2633729,4,4,9977,4109,900023,8,4468,52468,52,312.0,2.6,4.3446,0.79337364
cold,0,1,0,0.0001,0.1,512,3,5,4,256,6000,8.0,2633729,4,4,9977,4109,900023,8,4468,52468,53,318.0,2.65,4.42815,0.79657209
cold,0,1,0,0.0001,0.1,512,3,5,4,256,6000,8.0,2633729,4,4,9977,4109,900023,8,4468,52468,54,324.0,2.7,4.5117,0.8000043
cold,0,1,0,0.0001,0.1,512,3,5,4,256,6000,8.0,2633729,4,4,9977,4109,900023,8,4468,52468,55,330.0,2.75,4.59525,0.80475062
cold,0,1,0,0.0001,0.1,512,3,5,4,256,6000,8.0,2633729,4,4,9977,4109,900023,8,4468,52468,56,336.0,2.8,4.6788,0.81007153
cold,0,1,0,0.0001,0.1,512,3,5,4,256,6000,8.0,2633729,4,4,9977,4109,900023,8,4468,52468,57,342.0,2.85,4.76235,0.81541342
cold,0,1,0,0.0001,0.1,512,3,5,4,256,6000,8.0,2633729,4,4,9977,4109,900023,8,4468,52468,58,348.0,2.9,4.8459,0.82158458
cold,0,1,0,0.0001,0.1,512,3,5,4,256,6000,8.0,2633729,4,4,9977,4109,900023,8,4468,52468,59,354.0,2.95,4.92945,0.82918954
cold,0,1,0,0.0001,0.1,512,3,5,4,256,6000,8.0,2633729,4,4,9977,4109,900023,8,4468,52468,60,360.0,3.0,5.013,0.83754689
cold,0,1,0,0.0001,0.1,512,3,5,4,256,6000,8.0,2633729,4,4,9977,4109,900023,8,4468,52468,61,366.0,3.05,5.09655,0.84655112
cold,0,1,0,0.0001,0.1,512,3,5,4,256,6000,8.0,2633729,4,4,9977,4109,900023,8,4468,52468,62,372.0,3.1,5.1801,0.85610068
cold,0,1,0,0.0001,0.1,512,3,5,4,256,6000,8.0,2633729,4,4,9977,4109,900023,8,4468,52468,63,378.0,3.15,5.26365,0.86492795
cold,0,1,0,0.0001,0.1,512,3,5,4,256,6000,8.0,2633729,4,4,9977,4109,900023,8,4468,52468,64,384.0,3.2,5.3472,0.87248623
cold,0,1,0,0.0001,0.1,512,3,5,4,256,6000,8.0,2633729,4,4,9977,4109,900023,8,4468,52468,65,390.0,3.25,5.43075,0.87961036
cold,0,1,0,0.0001,0.1,512,3,5,4,256,6000,8.0,2633729,4,4,9977,4109,900023,8,4468,52468,66,396.0,3.3,5.5143,0.88703722
cold,0,1,0,0.0001,0.1,512,3,5,4,256,6000,8.0,2633729,4,4,9977,4109,900023,8,4468,52468,67,402.0,3.35,5.59785,0.89455664
cold,0,1,0,0.0001,0.1,512,3,5,4,256,6000,8.0,2633729,4,4,9977,4109,900023,8,4468,52468,68,408.0,3.4,5.6814,0.9014191
cold,0,1,0,0.0001,0.1,512,3,5,4,256,6000,8.0,2633729,4,4,9977,4109,900023,8,4468,52468,69,414.0,3.45,5.76495,0.90758461
cold,0,1,0,0.0001,0.1,512,3,5,4,256,6000,8.0,2633729,4,4,9977,4109,900023,8,4468,52468,70,420.0,3.5,5.8485,0.91416979
cold,0,1,0,0.0001,0.1,512,3,5,4,256,6000,8.0,2633729,4,4,9977,4109,900023,8,4468,52468,71,426.0,3.55,5.93205,0.92185885
cold,0,1,0,0.0001,0.1,512,3,5,4,256,6000,8.0,2633729,4,4,9977,4109,900023,8,4468,52468,72,432.0,3.6,6.0156,0.92978704
cold,0,1,0,0.0001,0.1,512,3,5,4,256,6000,8.0,2633729,4,4,9977,4109,900023,8,4468,52468,73,438.0,3.65,6.09915,0.93620247
cold,0,1,0,0.0001,0.1,512,3,5,4,256,6000,8.0,2633729,4,4,9977,4109,900023,8,4468,52468,74,444.0,3.7,6.1827,0.93947309
cold,0,1,0,0.0001,0.1,512,3,5,4,256,6000,8.0,2633729,4,4,9977,4109,900023,8,4468,52468,75,450.0,3.75,6.26625,0.939152
cold,0,1,0,0.0001,0.1,512,3,5,4,256,6000,8.0,2633729,4,4,9977,4109,900023,8,4468,52468,76,456.0,3.8,6.3498,0.93667215
cold,0,1,0,0.0001,0.1,512,3,5,4,256,6000,8.0,2633729,4,4,9977,4109,900023,8,4468,52468,77,462.0,3.85,6.43335,0.93559778
cold,0,1,0,0.0001,0.1,512,3,5,4,256,6000,8.0,2633729,4,4,9977,4109,900023,8,4468,52468,78,468.0,3.9,6.5169,0.93909669
cold,0,1,0,0.0001,0.1,512,3,5,4,256,6000,8.0,2633729,4,4,9977,4109,900023,8,4468,52468,79,474.0,3.95,6.60045,0.94715375
cold,0,1,0,0.0001,0.1,512,3,5,4,256,6000,8.0,2633729,4,4,9977,4109,900023,8,4468,52468,80,480.0,4.0,6.684,0.9563418
cold,0,1,0,0.0001,0.1,512,3,5,4,256,6000,8.0,2633729,4,4,9977,4109,900023,8,4468,52468,81,486.0,4.05,6.76755,0.96312678
cold,0,1,0,0.0001,0.1,512,3,5,4,256,6000,8.0,2633729,4,4,9977,4109,900023,8,4468,52468,82,492.0,4.1,6.8511,0.96590626
cold,0,1,0,0.0001,0.1,512,3,5,4,256,6000,8.0,2633729,4,4,9977,4109,900023,8,4468,52468,83,498.0,4.15,6.93465,0.96476811
cold,0,1,0,0.0001,0.1,512,3,5,4,256,6000,8.0,2633729,4,4,9977,4109,900023,8,4468,52468,84,504.0,4.2,7.0182,0.96110272
cold,0,1,0,0.0001,0.1,512,3,5,4,256,6000,8.0,2633729,4,4,9977,4109,900023,8,4468,52468,85,510.0,4.25,7.10175,0.95673138
cold,0,1,0,0.0001,0.1,512,3,5,4,256,6000,8.0,2633729,4,4,9977,4109,900023,8,4468,52468,86,516.0,4.3,7.1853,0.9526571
cold,0,1,0,0.0001,0.1,512,3,5,4,256,6000,8.0,2633729,4,4,9977,4109,900023,8,4468,52468,87,522.0,4.35,7.26885,0.94896984
cold,0,1,0,0.0001,0.1,512,3,5,4,256,6000,8.0,2633729,4,4,9977,4109,900023,8,4468,52468,88,528.0,4.4,7.3524,0.94594014
cold,0,1,0,0.0001,0.1,512,3,5,4,256,6000,8.0,2633729,4,4,9977,4109,900023,8,4468,52468,89,534.0,4.45,7.43595,0.94372892
cold,0,1,0,0.0001,0.1,512,3,5,4,256,6000,8.0,2633729,4,4,9977,4109,900023,8,4468,52468,90,540.0,4.5,7.5195,0.94208491
cold,0,1,0,0.0001,0.1,512,3,5,4,256,6000,8.0,2633729,4,4,9977,4109,900023,8,4468,52468,91,546.0,4.55,7.60305,0.94147509
cold,0,1,0,0.0001,0.1,512,3,5,4,256,6000,8.0,2633729,4,4,9977,4109,900023,8,4468,52468,92,552.0,4.6,7.6866,0.94298291
cold,0,1,0,0.0001,0.1,512,3,5,4,256,6000,8.0,2633729,4,4,9977,4109,900023,8,4468,52468,93,558.0,4.65,7.77015,0.94698542
cold,0,1,0,0.0001,0.1,512,3,5,4,256,6000,8.0,2633729,4,4,9977,4109,900023,8,4468,52468,94,564.0,4.7,7.8537,0.95331514
cold,0,1,0,0.0001,0.1,512,3,5,4,256,6000,8.0,2633729,4,4,9977,4109,900023,8,4468,52468,95,570.0,4.75,7.93725,0.96080911
cold,0,1,0,0.0001,0.1,512,3,5,4,256,6000,8.0,2633729,4,4,9977,4109,900023,8,4468,52468,96,576.0,4.8,8.0208,0.96651071
cold,0,1,0,0.0001,0.1,512,3,5,4,256,6000,8.0,2633729,4,4,9977,4109,900023,8,4468,52468,97,582.0,4.85,8.10435,0.96785074
cold,0,1,0,0.0001,0.1,512,3,5,4,256,6000,8.0,2633729,4,4,9977,4109,900023,8,4468,52468,98,588.0,4.9,8.1879,0.96555352
cold,0,1,0,0.0001,0.1,512,3,5,4,256,6000,8.0,2633729,4,4,9977,4109,900023,8,4468,52468,99,594.0,4.95,8.27145,0.96260059
cold,0,1,0,0.0001,0.1,512,3,5,4,256,6000,8.0,2633729,4,4,9977,4109,900023,8,4468,52468,100,600.0,5.0,8.355,0.96099901
cold,0,1,0,0.0001,0.1,512,3,5,4,256,6000,8.0,2633729,4,4,9977,4109,900023,8,4468,52468,101,606.0,5.05,8.43855,0.95981872
cold,0,1,0,0.0001,0.1,512,3,5,4,256,6000,8.0,2633729,4,4,9977,4109,900023,8,4468,52468,102,612.0,5.1,8.5221,0.95784861
cold,0,1,0,0.0001,0.1,512,3,5,4,256,6000,8.0,2633729,4,4,9977,4109,900023,8,4468,52468,103,618.0,5.15,8.60565,0.95630634
cold,0,1,0,0.0001,0.1,512,3,5,4,256,6000,8.0,2633729,4,4,9977,4109,900023,8,4468,52468,104,624.0,5.2,8.6892,0.9578861
cold,0,1,0,0.0001,0.1,512,3,5,4,256,6000,8.0,2633729,4,4,9977,4109,900023,8,4468,52468,105,630.0,5.25,8.77275,0.9636721
cold,0,1,0,0.0001,0.1,512,3,5,4,256,6000,8.0,2633729,4,4,9977,4109,900023,8,4468,52468,106,636.0,5.3,8.8563,0.97129524
cold,0,1,0,0.0001,0.1,512,3,5,4,256,6000,8.0,2633729,4,4,9977,4109,900023,8,4468,52468,107,642.0,5.35,8.93985,0.97697872
cold,0,1,0,0.0001,0.1,512,3,5,4,256,6000,8.0,2633729,4,4,9977,4109,900023,8,4468,52468,108,648.0,5.4,9.0234,0.9793812
cold,0,1,0,0.0001,0.1,512,3,5,4,256,6000,8.0,2633729,4,4,9977,4109,900023,8,4468,52468,109,654.0,5.45,9.10695,0.97950834
cold,0,1,0,0.0001,0.1,512,3,5,4,256,6000,8.0,2633729,4,4,9977,4109,900023,8,4468,52468,110,660.0,5.5,9.1905,0.97857845
cold,0,1,0,0.0001,0.1,512,3,5,4,256,6000,8.0,2633729,4,4,9977,4109,900023,8,4468,52468,111,666.0,5.55,9.27405,0.97784626
cold,0,1,0,0.0001,0.1,512,3,5,4,256,6000,8.0,2633729,4,4,9977,4109,900023,8,4468,52468,112,672.0,5.6,9.3576,0.977907
cold,0,1,0,0.0001,0.1,512,3,5,4,256,6000,8.0,2633729,4,4,9977,4109,900023,8,4468,52468,113,678.0,5.65,9.44115,0.97841758
cold,0,1,0,0.0001,0.1,512,3,5,4,256,6000,8.0,2633729,4,4,9977,4109,900023,8,4468,52468,114,684.0,5.7,9.5247,0.97873878
cold,0,1,0,0.0001,0.1,512,3,5,4,256,6000,8.0,2633729,4,4,9977,4109,900023,8,4468,52468,115,690.0,5.75,9.60825,0.97838968
cold,0,1,0,0.0001,0.1,512,3,5,4,256,6000,8.0,2633729,4,4,9977,4109,900023,8,4468,52468,116,696.0,5.8,9.6918,0.9774859
cold,0,1,0,0.0001,0.1,512,3,5,4,256,6000,8.0,2633729,4,4,9977,4109,900023,8,4468,52468,117,702.0,5.85,9.77535,0.97736651
cold,0,1,0,0.0001,0.1,512,3,5,4,256,6000,8.0,2633729,4,4,9977,4109,900023,8,4468,52468,118,708.0,5.9,9.8589,0.97920054
cold,0,1,0,0.0001,0.1,512,3,5,4,256,6000,8.0,2633729,4,4,9977,4109,900023,8,4468,52468,119,714.0,5.95,9.94245,0.98229718
cold,0,1,0,0.0001,0.1,512,3,5,4,256,6000,8.0,2633729,4,4,9977,4109,900023,8,4468,52468,120,720.0,6.0,10.026,0.98495096
cold,0,1,0,0.0001,0.1,512,3,5,4,256,6000,8.0,2633729,4,4,9977,4109,900023,8,6000,54000,1,6.0,0.05,0.08355,0.03724036
cold,0,1,0,0.0001,0.1,512,3,5,4,256,6000,8.0,2633729,4,4,9977,4109,900023,8,6000,54000,2,12.0,0.1,0.1671,0.04381292
cold,0,1,0,0.0001,0.1,512,3,5,4,256,6000,8.0,2633729,4,4,9977,4109,900023,8,6000,54000,3,18.0,0.15,0.25065,0.05098272
cold,0,1,0,0.0001,0.1,512,3,5,4,256,6000,8.0,2633729,4,4,9977,4109,900023,8,6000,54000,4,24.0,0.2,0.3342,0.05794667
cold,0,1,0,0.0001,0.1,512,3,5,4,256,6000,8.0,2633729,4,4,9977,4109,900023,8,6000,54000,5,30.0,0.25,0.41775,0.0641925
cold,0,1,0,0.0001,0.1,512,3,5,4,256,6000,8.0,2633729,4,4,9977,4109,900023,8,6000,54000,6,36.0,0.3,0.5013,0.07296114
cold,0,1,0,0.0001,0.1,512,3,5,4,256,6000,8.0,2633729,4,4,9977,4109,900023,8,6000,54000,7,42.0,0.35,0.58485,0.0820877
cold,0,1,0,0.0001,0.1,512,3,5,4,256,6000,8.0,2633729,4,4,9977,4109,900023,8,6000,54000,8,48.0,0.4,0.6684,0.09194372
cold,0,1,0,0.0001,0.1,512,3,5,4,256,6000,8.0,2633729,4,4,9977,4109,900023,8,6000,54000,9,54.0,0.45,0.75195,0.10271502
cold,0,1,0,0.0001,0.1,512,3,5,4,256,6000,8.0,2633729,4,4,9977,4109,900023,8,6000,54000,10,60.0,0.5,0.8355,0.1144506
cold,0,1,0,0.0001,0.1,512,3,5,4,256,6000,8.0,2633729,4,4,9977,4109,900023,8,6000,54000,11,66.0,0.55,0.91905,0.12750742
cold,0,1,0,0.0001,0.1,512,3,5,4,256,6000,8.0,2633729,4,4,9977,4109,900023,8,6000,54000,12,72.0,0.6,1.0026,0.14220504
cold,0,1,0,0.0001,0.1,512,3,5,4,256,6000,8.0,2633729,4,4,9977,4109,900023,8,6000,54000,13,78.0,0.65,1.08615,0.15815905
cold,0,1,0,0.0001,0.1,512,3,5,4,256,6000,8.0,2633729,4,4,9977,4109,900023,8,6000,54000,14,84.0,0.7,1.1697,0.17501958
cold,0,1,0,0.0001,0.1,512,3,5,4,256,6000,8.0,2633729,4,4,9977,4109,900023,8,6000,54000,15,90.0,0.75,1.25325,0.19234778
cold,0,1,0,0.0001,0.1,512,3,5,4,256,6000,8.0,2633729,4,4,9977,4109,900023,8,6000,54000,16,96.0,0.8,1.3368,0.20946953
cold,0,1,0,0.0001,0.1,512,3,5,4,256,6000,8.0,2633729,4,4,9977,4109,900023,8,6000,54000,17,102.0,0.85,1.42035,0.22632948
cold,0,1,0,0.0001,0.1,512,3,5,4,256,6000,8.0,2633729,4,4,9977,4109,900023,8,6000,54000,18,108.0,0.9,1.5039,0.24374706
cold,0,1,0,0.0001,0.1,512,3,5,4,256,6000,8.0,2633729,4,4,9977,4109,900023,8,6000,54000,19,114.0,0.95,1.58745,0.26288894
cold,0,1,0,0.0001,0.1,512,3,5,4,256,6000,8.0,2633729,4,4,9977,4109,900023,8,6000,54000,20,120.0,1.0,1.671,0.28455201
cold,0,1,0,0.0001,0.1,512,3,5,4,256,6000,8.0,2633729,4,4,9977,4109,900023,8,6000,54000,21,126.0,1.05,1.75455,0.30807135
cold,0,1,0,0.0001,0.1,512,3,5,4,256,6000,8.0,2633729,4,4,9977,4109,900023,8,6000,54000,22,132.0,1.1,1.8381,0.33175543
cold,0,1,0,0.0001,0.1,512,3,5,4,256,6000,8.0,2633729,4,4,9977,4109,900023,8,6000,54000,23,138.0,1.15,1.92165,0.3537809
cold,0,1,0,0.0001,0.1,512,3,5,4,256,6000,8.0,2633729,4,4,9977,4109,900023,8,6000,54000,24,144.0,1.2,2.0052,0.37389788
cold,0,1,0,0.0001,0.1,512,3,5,4,256,6000,8.0,2633729,4,4,9977,4109,900023,8,6000,54000,25,150.0,1.25,2.08875,0.39275706
cold,0,1,0,0.0001,0.1,512,3,5,4,256,6000,8.0,2633729,4,4,9977,4109,900023,8,6000,54000,26,156.0,1.3,2.1723,0.41047257
cold,0,1,0,0.0001,0.1,512,3,5,4,256,6000,8.0,2633729,4,4,9977,4109,900023,8,6000,54000,27,162.0,1.35,2.25585,0.42635864
cold,0,1,0,0.0001,0.1,512,3,5,4,256,6000,8.0,2633729,4,4,9977,4109,900023,8,6000,54000,28,168.0,1.4,2.3394,0.44134176
cold,0,1,0,0.0001,0.1,512,3,5,4,256,6000,8.0,2633729,4,4,9977,4109,900023,8,6000,54000,29,174.0,1.45,2.42295,0.45835921
cold,0,1,0,0.0001,0.1,512,3,5,4,256,6000,8.0,2633729,4,4,9977,4109,900023,8,6000,54000,30,180.0,1.5,2.5065,0.47813955
cold,0,1,0,0.0001,0.1,512,3,5,4,256,6000,8.0,2633729,4,4,9977,4109,900023,8,6000,54000,31,186.0,1.55,2.59005,0.49982131
cold,0,1,0,0.0001,0.1,512,3,5,4,256,6000,8.0,2633729,4,4,9977,4109,900023,8,6000,54000,32,192.0,1.6,2.6736,0.52364498
cold,0,1,0,0.0001,0.1,512,3,5,4,256,6000,8.0,2633729,4,4,9977,4109,900023,8,6000,54000,33,198.0,1.65,2.75715,0.54968035
cold,0,1,0,0.0001,0.1,512,3,5,4,256,6000,8.0,2633729,4,4,9977,4109,900023,8,6000,54000,34,204.0,1.7,2.8407,0.57661486
cold,0,1,0,0.0001,0.1,512,3,5,4,256,6000,8.0,2633729,4,4,9977,4109,900023,8,6000,54000,35,210.0,1.75,2.92425,0.60207331
cold,0,1,0,0.0001,0.1,512,3,5,4,256,6000,8.0,2633729,4,4,9977,4109,900023,8,6000,54000,36,216.0,1.8,3.0078,0.62355739
cold,0,1,0,0.0001,0.1,512,3,5,4,256,6000,8.0,2633729,4,4,9977,4109,900023,8,6000,54000,37,222.0,1.85,3.09135,0.6405533
cold,0,1,0,0.0001,0.1,512,3,5,4,256,6000,8.0,2633729,4,4,9977,4109,900023,8,6000,54000,38,228.0,1.9,3.1749,0.65513033
cold,0,1,0,0.0001,0.1,512,3,5,4,256,6000,8.0,2633729,4,4,9977,4109,900023,8,6000,54000,39,234.0,1.95,3.25845,0.66941851
cold,0,1,0,0.0001,0.1,512,3,5,4,256,6000,8.0,2633729,4,4,9977,4109,900023,8,6000,54000,40,240.0,2.0,3.342,0.68330944
cold,0,1,0,0.0001,0.1,512,3,5,4,256,6000,8.0,2633729,4,4,9977,4109,900023,8,6000,54000,41,246.0,2.05,3.42555,0.69578409
cold,0,1,0,0.0001,0.1,512,3,5,4,256,6000,8.0,2633729,4,4,9977,4109,900023,8,6000,54000,42,252.0,2.1,3.5091,0.70632982
cold,0,1,0,0.0001,0.1,512,3,5,4,256,6000,8.0,2633729,4,4,9977,4109,900023,8,6000,54000,43,258.0,2.15,3.59265,0.71552956
cold,0,1,0,0.0001,0.1,512,3,5,4,256,6000,8.0,2633729,4,4,9977,4109,900023,8,6000,54000,44,264.0,2.2,3.6762,0.72449571
cold,0,1,0,0.0001,0.1,512,3,5,4,256,6000,8.0,2633729,4,4,9977,4109,900023,8,6000,54000,45,270.0,2.25,3.75975,0.73246205
cold,0,1,0,0.0001,0.1,512,3,5,4,256,6000,8.0,2633729,4,4,9977,4109,900023,8,6000,54000,46,276.0,2.3,3.8433,0.73793763
cold,0,1,0,0.0001,0.1,512,3,5,4,256,6000,8.0,2633729,4,4,9977,4109,900023,8,6000,54000,47,282.0,2.35,3.92685,0.7424925
cold,0,1,0,0.0001,0.1,512,3,5,4,256,6000,8.0,2633729,4,4,9977,4109,900023,8,6000,54000,48,288.0,2.4,4.0104,0.74919027
cold,0,1,0,0.0001,0.1,512,3,5,4,256,6000,8.0,2633729,4,4,9977,4109,900023,8,6000,54000,49,294.0,2.45,4.09395,0.75986284
cold,0,1,0,0.0001,0.1,512,3,5,4,256,6000,8.0,2633729,4,4,9977,4109,900023,8,6000,54000,50,300.0,2.5,4.1775,0.77386075
cold,0,1,0,0.0001,0.1,512,3,5,4,256,6000,8.0,2633729,4,4,9977,4109,900023,8,6000,54000,51,306.0,2.55,4.26105,0.7883811
cold,0,1,0,0.0001,0.1,512,3,5,4,256,6000,8.0,2633729,4,4,9977,4109,900023,8,6000,54000,52,312.0,2.6,4.3446,0.80061048
cold,0,1,0,0.0001,0.1,512,3,5,4,256,6000,8.0,2633729,4,4,9977,4109,900023,8,6000,54000,53,318.0,2.65,4.42815,0.80961877
cold,0,1,0,0.0001,0.1,512,3,5,4,256,6000,8.0,2633729,4,4,9977,4109,900023,8,6000,54000,54,324.0,2.7,4.5117,0.81657624
cold,0,1,0,0.0001,0.1,512,3,5,4,256,6000,8.0,2633729,4,4,9977,4109,900023,8,6000,54000,55,330.0,2.75,4.59525,0.82381183
cold,0,1,0,0.0001,0.1,512,3,5,4,256,6000,8.0,2633729,4,4,9977,4109,900023,8,6000,54000,56,336.0,2.8,4.6788,0.83267957
cold,0,1,0,0.0001,0.1,512,3,5,4,256,6000,8.0,2633729,4,4,9977,4109,900023,8,6000,54000,57,342.0,2.85,4.76235,0.84166056
cold,0,1,0,0.0001,0.1,512,3,5,4,256,6000,8.0,2633729,4,4,9977,4109,900023,8,6000,54000,58,348.0,2.9,4.8459,0.84853369
cold,0,1,0,0.0001,0.1,512,3,5,4,256,6000,8.0,2633729,4,4,9977,4109,900023,8,6000,54000,59,354.0,2.95,4.92945,0.85322398
cold,0,1,0,0.0001,0.1,512,3,5,4,256,6000,8.0,2633729,4,4,9977,4109,900023,8,6000,54000,60,360.0,3.0,5.013,0.85698009
cold,0,1,0,0.0001,0.1,512,3,5,4,256,6000,8.0,2633729,4,4,9977,4109,900023,8,6000,54000,61,366.0,3.05,5.09655,0.86086494
cold,0,1,0,0.0001,0.1,512,3,5,4,256,6000,8.0,2633729,4,4,9977,4109,900023,8,6000,54000,62,372.0,3.1,5.1801,0.86511797
cold,0,1,0,0.0001,0.1,512,3,5,4,256,6000,8.0,2633729,4,4,9977,4109,900023,8,6000,54000,63,378.0,3.15,5.26365,0.87018752
cold,0,1,0,0.0001,0.1,512,3,5,4,256,6000,8.0,2633729,4,4,9977,4109,900023,8,6000,54000,64,384.0,3.2,5.3472,0.8765465
cold,0,1,0,0.0001,0.1,512,3,5,4,256,6000,8.0,2633729,4,4,9977,4109,900023,8,6000,54000,65,390.0,3.25,5.43075,0.88286793
cold,0,1,0,0.0001,0.1,512,3,5,4,256,6000,8.0,2633729,4,4,9977,4109,900023,8,6000,54000,66,396.0,3.3,5.5143,0.88840276
cold,0,1,0,0.0001,0.1,512,3,5,4,256,6000,8.0,2633729,4,4,9977,4109,900023,8,6000,54000,67,402.0,3.35,5.59785,0.89409655
cold,0,1,0,0.0001,0.1,512,3,5,4,256,6000,8.0,2633729,4,4,9977,4109,900023,8,6000,54000,68,408.0,3.4,5.6814,0.90014803
cold,0,1,0,0.0001,0.1,512,3,5,4,256,6000,8.0,2633729,4,4,9977,4109,900023,8,6000,54000,69,414.0,3.45,5.76495,0.90548402
cold,0,1,0,0.0001,0.1,512,3,5,4,256,6000,8.0,2633729,4,4,9977,4109,900023,8,6000,54000,70,420.0,3.5,5.8485,0.90937912
cold,0,1,0,0.0001,0.1,512,3,5,4,256,6000,8.0,2633729,4,4,9977,4109,900023,8,6000,54000,71,426.0,3.55,5.93205,0.91180551
cold,0,1,0,0.0001,0.1,512,3,5,4,256,6000,8.0,2633729,4,4,9977,4109,900023,8,6000,54000,72,432.0,3.6,6.0156,0.91334331
cold,0,1,0,0.0001,0.1,512,3,5,4,256,6000,8.0,2633729,4,4,9977,4109,900023,8,6000,54000,73,438.0,3.65,6.09915,0.91550237
cold,0,1,0,0.0001,0.1,512,3,5,4,256,6000,8.0,2633729,4,4,9977,4109,900023,8,6000,54000,74,444.0,3.7,6.1827,0.91912311
cold,0,1,0,0.0001,0.1,512,3,5,4,256,6000,8.0,2633729,4,4,9977,4109,900023,8,6000,54000,75,450.0,3.75,6.26625,0.92300647
cold,0,1,0,0.0001,0.1,512,3,5,4,256,6000,8.0,2633729,4,4,9977,4109,900023,8,6000,54000,76,456.0,3.8,6.3498,0.92620087
cold,0,1,0,0.0001,0.1,512,3,5,4,256,6000,8.0,2633729,4,4,9977,4109,900023,8,6000,54000,77,462.0,3.85,6.43335,0.9293586
cold,0,1,0,0.0001,0.1,512,3,5,4,256,6000,8.0,2633729,4,4,9977,4109,900023,8,6000,54000,78,468.0,3.9,6.5169,0.9331314
cold,0,1,0,0.0001,0.1,512,3,5,4,256,6000,8.0,2633729,4,4,9977,4109,900023,8,6000,54000,79,474.0,3.95,6.60045,0.9374913
cold,0,1,0,0.0001,0.1,512,3,5,4,256,6000,8.0,2633729,4,4,9977,4109,900023,8,6000,54000,80,480.0,4.0,6.684,0.94237286
cold,0,1,0,0.0001,0.1,512,3,5,4,256,6000,8.0,2633729,4,4,9977,4109,900023,8,6000,54000,81,486.0,4.05,6.76755,0.94748545
cold,0,1,0,0.0001,0.1,512,3,5,4,256,6000,8.0,2633729,4,4,9977,4109,900023,8,6000,54000,82,492.0,4.1,6.8511,0.95230377
cold,0,1,0,0.0001,0.1,512,3,5,4,256,6000,8.0,2633729,4,4,9977,4109,900023,8,6000,54000,83,498.0,4.15,6.93465,0.95648217
cold,0,1,0,0.0001,0.1,512,3,5,4,256,6000,8.0,2633729,4,4,9977,4109,900023,8,6000,54000,84,504.0,4.2,7.0182,0.95922202
cold,0,1,0,0.0001,0.1,512,3,5,4,256,6000,8.0,2633729,4,4,9977,4109,900023,8,6000,54000,85,510.0,4.25,7.10175,0.95880967
cold,0,1,0,0.0001,0.1,512,3,5,4,256,6000,8.0,2633729,4,4,9977,4109,900023,8,6000,54000,86,516.0,4.3,7.1853,0.95504385
cold,0,1,0,0.0001,0.1,512,3,5,4,256,6000,8.0,2633729,4,4,9977,4109,900023,8,6000,54000,87,522.0,4.35,7.26885,0.95039159
cold,0,1,0,0.0001,0.1,512,3,5,4,256,6000,8.0,2633729,4,4,9977,4109,900023,8,6000,54000,88,528.0,4.4,7.3524,0.947864
cold,0,1,0,0.0001,0.1,512,3,5,4,256,6000,8.0,2633729,4,4,9977,4109,900023,8,6000,54000,89,534.0,4.45,7.43595,0.94894063
cold,0,1,0,0.0001,0.1,512,3,5,4,256,6000,8.0,2633729,4,4,9977,4109,900023,8,6000,54000,90,540.0,4.5,7.5195,0.95272106
cold,0,1,0,0.0001,0.1,512,3,5,4,256,6000,8.0,2633729,4,4,9977,4109,900023,8,6000,54000,91,546.0,4.55,7.60305,0.95767379
cold,0,1,0,0.0001,0.1,512,3,5,4,256,6000,8.0,2633729,4,4,9977,4109,900023,8,6000,54000,92,552.0,4.6,7.6866,0.9634847
cold,0,1,0,0.0001,0.1,512,3,5,4,256,6000,8.0,2633729,4,4,9977,4109,900023,8,6000,54000,93,558.0,4.65,7.77015,0.96980411
cold,0,1,0,0.0001,0.1,512,3,5,4,256,6000,8.0,2633729,4,4,9977,4109,900023,8,6000,54000,94,564.0,4.7,7.8537,0.97508115
cold,0,1,0,0.0001,0.1,512,3,5,4,256,6000,8.0,2633729,4,4,9977,4109,900023,8,6000,54000,95,570.0,4.75,7.93725,0.97864872
cold,0,1,0,0.0001,0.1,512,3,5,4,256,6000,8.0,2633729,4,4,9977,4109,900023,8,6000,54000,96,576.0,4.8,8.0208,0.98143005
cold,0,1,0,0.0001,0.1,512,3,5,4,256,6000,8.0,2633729,4,4,9977,4109,900023,8,6000,54000,97,582.0,4.85,8.10435,0.98415548
cold,0,1,0,0.0001,0.1,512,3,5,4,256,6000,8.0,2633729,4,4,9977,4109,900023,8,6000,54000,98,588.0,4.9,8.1879,0.98671019
cold,0,1,0,0.0001,0.1,512,3,5,4,256,6000,8.0,2633729,4,4,9977,4109,900023,8,6000,54000,99,594.0,4.95,8.27145,0.98892885
cold,0,1,0,0.0001,0.1,512,3,5,4,256,6000,8.0,2633729,4,4,9977,4109,900023,8,6000,54000,100,600.0,5.0,8.355,0.99113303
cold,0,1,0,0.0001,0.1,512,3,5,4,256,6000,8.0,2633729,4,4,9977,4109,900023,8,6000,54000,101,606.0,5.05,8.43855,0.99350727
cold,0,1,0,0.0001,0.1,512,3,5,4,256,6000,8.0,2633729,4,4,9977,4109,900023,8,6000,54000,102,612.0,5.1,8.5221,0.99510986
cold,0,1,0,0.0001,0.1,512,3,5,4,256,6000,8.0,2633729,4,4,9977,4109,900023,8,6000,54000,103,618.0,5.15,8.60565,0.99556082
cold,0,1,0,0.0001,0.1,512,3,5,4,256,6000,8.0,2633729,4,4,9977,4109,900023,8,6000,54000,104,624.0,5.2,8.6892,0.99611896
cold,0,1,0,0.0001,0.1,512,3,5,4,256,6000,8.0,2633729,4,4,9977,4109,900023,8,6000,54000,105,630.0,5.25,8.77275,0.99703979
cold,0,1,0,0.0001,0.1,512,3,5,4,256,6000,8.0,2633729,4,4,9977,4109,900023,8,6000,54000,106,636.0,5.3,8.8563,0.99610883
cold,0,1,0,0.0001,0.1,512,3,5,4,256,6000,8.0,2633729,4,4,9977,4109,900023,8,6000,54000,107,642.0,5.35,8.93985,0.99210024
cold,0,1,0,0.0001,0.1,512,3,5,4,256,6000,8.0,2633729,4,4,9977,4109,900023,8,6000,54000,108,648.0,5.4,9.0234,0.98684096
cold,0,1,0,0.0001,0.1,512,3,5,4,256,6000,8.0,2633729,4,4,9977,4109,900023,8,6000,54000,109,654.0,5.45,9.10695,0.98191535
cold,0,1,0,0.0001,0.1,512,3,5,4,256,6000,8.0,2633729,4,4,9977,4109,900023,8,6000,54000,110,660.0,5.5,9.1905,0.9785797
cold,0,1,0,0.0001,0.1,512,3,5,4,256,6000,8.0,2633729,4,4,9977,4109,900023,8,6000,54000,111,666.0,5.55,9.27405,0.97938144
cold,0,1,0,0.0001,0.1,512,3,5,4,256,6000,8.0,2633729,4,4,9977,4109,900023,8,6000,54000,112,672.0,5.6,9.3576,0.98570639
cold,0,1,0,0.0001,0.1,512,3,5,4,256,6000,8.0,2633729,4,4,9977,4109,900023,8,6000,54000,113,678.0,5.65,9.44115,0.99537998
cold,0,1,0,0.0001,0.1,512,3,5,4,256,6000,8.0,2633729,4,4,9977,4109,900023,8,6000,54000,114,684.0,5.7,9.5247,1.0035454
cold,0,1,0,0.0001,0.1,512,3,5,4,256,6000,8.0,2633729,4,4,9977,4109,900023,8,6000,54000,115,690.0,5.75,9.60825,1.00628459
cold,0,1,0,0.0001,0.1,512,3,5,4,256,6000,8.0,2633729,4,4,9977,4109,900023,8,6000,54000,116,696.0,5.8,9.6918,1.00412607
cold,0,1,0,0.0001,0.1,512,3,5,4,256,6000,8.0,2633729,4,4,9977,4109,900023,8,6000,54000,117,702.0,5.85,9.77535,1.00023413
cold,0,1,0,0.0001,0.1,512,3,5,4,256,6000,8.0,2633729,4,4,9977,4109,900023,8,6000,54000,118,708.0,5.9,9.8589,0.99632382
cold,0,1,0,0.0001,0.1,512,3,5,4,256,6000,8.0,2633729,4,4,9977,4109,900023,8,6000,54000,119,714.0,5.95,9.94245,0.99192983
cold,0,1,0,0.0001,0.1,512,3,5,4,256,6000,8.0,2633729,4,4,9977,4109,900023,8,6000,54000,120,720.0,6.0,10.026,0.98664296
cold,0,1,0,0.0001,0.1,512,3,5,4,256,6000,8.0,2633729,4,4,9977,4110,900024,9,1,54001,1,6.0,0.05,0.08355,0.16112782
cold,0,1,0,0.0001,0.1,512,3,5,4,256,6000,8.0,2633729,4,4,9977,4110,900024,9,1,54001,2,12.0,0.1,0.1671,0.29031232
cold,0,1,0,0.0001,0.1,512,3,5,4,256,6000,8.0,2633729,4,4,9977,4110,900024,9,1,54001,3,18.0,0.15,0.25065,0.40945533
cold,0,1,0,0.0001,0.1,512,3,5,4,256,6000,8.0,2633729,4,4,9977,4110,900024,9,1,54001,4,24.0,0.2,0.3342,0.51043445
cold,0,1,0,0.0001,0.1,512,3,5,4,256,6000,8.0,2633729,4,4,9977,4110,900024,9,1,54001,5,30.0,0.25,0.41775,0.59110755
cold,0,1,0,0.0001,0.1,512,3,5,4,256,6000,8.0,2633729,4,4,9977,4110,900024,9,1,54001,6,36.0,0.3,0.5013,0.65230715
cold,0,1,0,0.0001,0.1,512,3,5,4,256,6000,8.0,2633729,4,4,9977,4110,900024,9,1,54001,7,42.0,0.35,0.58485,0.6959998
cold,0,1,0,0.0001,0.1,512,3,5,4,256,6000,8.0,2633729,4,4,9977,4110,900024,9,1,54001,8,48.0,0.4,0.6684,0.72547311
cold,0,1,0,0.0001,0.1,512,3,5,4,256,6000,8.0,2633729,4,4,9977,4110,900024,9,1,54001,9,54.0,0.45,0.75195,0.74450099
cold,0,1,0,0.0001,0.1,512,3,5,4,256,6000,8.0,2633729,4,4,9977,4110,900024,9,1,54001,10,60.0,0.5,0.8355,0.75606018
cold,0,1,0,0.0001,0.1,512,3,5,4,256,6000,8.0,2633729,4,4,9977,4110,900024,9,1,54001,11,66.0,0.55,0.91905,0.76297873
cold,0,1,0,0.0001,0.1,512,3,5,4,256,6000,8.0,2633729,4,4,9977,4110,900024,9,1,54001,12,72.0,0.6,1.0026,0.76862818
cold,0,1,0,0.0001,0.1,512,3,5,4,256,6000,8.0,2633729,4,4,9977,4110,900024,9,1,54001,13,78.0,0.65,1.08615,0.77547932
cold,0,1,0,0.0001,0.1,512,3,5,4,256,6000,8.0,2633729,4,4,9977,4110,900024,9,1,54001,14,84.0,0.7,1.1697,0.78414625
cold,0,1,0,0.0001,0.1,512,3,5,4,256,6000,8.0,2633729,4,4,9977,4110,900024,9,1,54001,15,90.0,0.75,1.25325,0.79376924
cold,0,1,0,0.0001,0.1,512,3,5,4,256,6000,8.0,2633729,4,4,9977,4110,900024,9,1,54001,16,96.0,0.8,1.3368,0.8030194
cold,0,1,0,0.0001,0.1,512,3,5,4,256,6000,8.0,2633729,4,4,9977,4110,900024,9,1,54001,17,102.0,0.85,1.42035,0.81149393
cold,0,1,0,0.0001,0.1,512,3,5,4,256,6000,8.0,2633729,4,4,9977,4110,900024,9,1,54001,18,108.0,0.9,1.5039,0.81941056
cold,0,1,0,0.0001,0.1,512,3,5,4,256,6000,8.0,2633729,4,4,9977,4110,900024,9,1,54001,19,114.0,0.95,1.58745,0.82634503
cold,0,1,0,0.0001,0.1,512,3,5,4,256,6000,8.0,2633729,4,4,9977,4110,900024,9,1,54001,20,120.0,1.0,1.671,0.83146101
cold,0,1,0,0.0001,0.1,512,3,5,4,256,6000,8.0,2633729,4,4,9977,4110,900024,9,1,54001,21,126.0,1.05,1.75455,0.8348788
cold,0,1,0,0.0001,0.1,512,3,5,4,256,6000,8.0,2633729,4,4,9977,4110,900024,9,1,54001,22,132.0,1.1,1.8381,0.83798718
cold,0,1,0,0.0001,0.1,512,3,5,4,256,6000,8.0,2633729,4,4,9977,4110,900024,9,1,54001,23,138.0,1.15,1.92165,0.84244287
cold,0,1,0,0.0001,0.1,512,3,5,4,256,6000,8.0,2633729,4,4,9977,4110,900024,9,1,54001,24,144.0,1.2,2.0052,0.84919393
cold,0,1,0,0.0001,0.1,512,3,5,4,256,6000,8.0,2633729,4,4,9977,4110,900024,9,1,54001,25,150.0,1.25,2.08875,0.85751438
cold,0,1,0,0.0001,0.1,512,3,5,4,256,6000,8.0,2633729,4,4,9977,4110,900024,9,1,54001,26,156.0,1.3,2.1723,0.8655569
cold,0,1,0,0.0001,0.1,512,3,5,4,256,6000,8.0,2633729,4,4,9977,4110,900024,9,1,54001,27,162.0,1.35,2.25585,0.87228578
cold,0,1,0,0.0001,0.1,512,3,5,4,256,6000,8.0,2633729,4,4,9977,4110,900024,9,1,54001,28,168.0,1.4,2.3394,0.87793803
cold,0,1,0,0.0001,0.1,512,3,5,4,256,6000,8.0,2633729,4,4,9977,4110,900024,9,1,54001,29,174.0,1.45,2.42295,0.88267022
cold,0,1,0,0.0001,0.1,512,3,5,4,256,6000,8.0,2633729,4,4,9977,4110,900024,9,1,54001,30,180.0,1.5,2.5065,0.8858999
cold,0,1,0,0.0001,0.1,512,3,5,4,256,6000,8.0,2633729,4,4,9977,4110,900024,9,1,54001,31,186.0,1.55,2.59005,0.88780361
cold,0,1,0,0.0001,0.1,512,3,5,4,256,6000,8.0,2633729,4,4,9977,4110,900024,9,1,54001,32,192.0,1.6,2.6736,0.89017034
cold,0,1,0,0.0001,0.1,512,3,5,4,256,6000,8.0,2633729,4,4,9977,4110,900024,9,1,54001,33,198.0,1.65,2.75715,0.89456975
cold,0,1,0,0.0001,0.1,512,3,5,4,256,6000,8.0,2633729,4,4,9977,4110,900024,9,1,54001,34,204.0,1.7,2.8407,0.90097058
cold,0,1,0,0.0001,0.1,512,3,5,4,256,6000,8.0,2633729,4,4,9977,4110,900024,9,1,54001,35,210.0,1.75,2.92425,0.90803522
cold,0,1,0,0.0001,0.1,512,3,5,4,256,6000,8.0,2633729,4,4,9977,4110,900024,9,1,54001,36,216.0,1.8,3.0078,0.9144035
cold,0,1,0,0.0001,0.1,512,3,5,4,256,6000,8.0,2633729,4,4,9977,4110,900024,9,1,54001,37,222.0,1.85,3.09135,0.92009854
cold,0,1,0,0.0001,0.1,512,3,5,4,256,6000,8.0,2633729,4,4,9977,4110,900024,9,1,54001,38,228.0,1.9,3.1749,0.92567027
cold,0,1,0,0.0001,0.1,512,3,5,4,256,6000,8.0,2633729,4,4,9977,4110,900024,9,1,54001,39,234.0,1.95,3.25845,0.93066829
cold,0,1,0,0.0001,0.1,512,3,5,4,256,6000,8.0,2633729,4,4,9977,4110,900024,9,1,54001,40,240.0,2.0,3.342,0.93406731
cold,0,1,0,0.0001,0.1,512,3,5,4,256,6000,8.0,2633729,4,4,9977,4110,900024,9,1,54001,41,246.0,2.05,3.42555,0.93578118
cold,0,1,0,0.0001,0.1,512,3,5,4,256,6000,8.0,2633729,4,4,9977,4110,900024,9,1,54001,42,252.0,2.1,3.5091,0.9370445
cold,0,1,0,0.0001,0.1,512,3,5,4,256,6000,8.0,2633729,4,4,9977,4110,900024,9,1,54001,43,258.0,2.15,3.59265,0.93937147
cold,0,1,0,0.0001,0.1,512,3,5,4,256,6000,8.0,2633729,4,4,9977,4110,900024,9,1,54001,44,264.0,2.2,3.6762,0.94343734
cold,0,1,0,0.0001,0.1,512,3,5,4,256,6000,8.0,2633729,4,4,9977,4110,900024,9,1,54001,45,270.0,2.25,3.75975,0.94829386
cold,0,1,0,0.0001,0.1,512,3,5,4,256,6000,8.0,2633729,4,4,9977,4110,900024,9,1,54001,46,276.0,2.3,3.8433,0.9523707
cold,0,1,0,0.0001,0.1,512,3,5,4,256,6000,8.0,2633729,4,4,9977,4110,900024,9,1,54001,47,282.0,2.35,3.92685,0.9552083
cold,0,1,0,0.0001,0.1,512,3,5,4,256,6000,8.0,2633729,4,4,9977,4110,900024,9,1,54001,48,288.0,2.4,4.0104,0.95748645
cold,0,1,0,0.0001,0.1,512,3,5,4,256,6000,8.0,2633729,4,4,9977,4110,900024,9,1,54001,49,294.0,2.45,4.09395,0.95961607
cold,0,1,0,0.0001,0.1,512,3,5,4,256,6000,8.0,2633729,4,4,9977,4110,900024,9,1,54001,50,300.0,2.5,4.1775,0.96098608
cold,0,1,0,0.0001,0.1,512,3,5,4,256,6000,8.0,2633729,4,4,9977,4110,900024,9,1,54001,51,306.0,2.55,4.26105,0.96145093
cold,0,1,0,0.0001,0.1,512,3,5,4,256,6000,8.0,2633729,4,4,9977,4110,900024,9,1,54001,52,312.0,2.6,4.3446,0.96248227
cold,0,1,0,0.0001,0.1,512,3,5,4,256,6000,8.0,2633729,4,4,9977,4110,900024,9,1,54001,53,318.0,2.65,4.42815,0.96556896
cold,0,1,0,0.0001,0.1,512,3,5,4,256,6000,8.0,2633729,4,4,9977,4110,900024,9,1,54001,54,324.0,2.7,4.5117,0.97063267
cold,0,1,0,0.0001,0.1,512,3,5,4,256,6000,8.0,2633729,4,4,9977,4110,900024,9,1,54001,55,330.0,2.75,4.59525,0.97617269
cold,0,1,0,0.0001,0.1,512,3,5,4,256,6000,8.0,2633729,4,4,9977,4110,900024,9,1,54001,56,336.0,2.8,4.6788,0.9808349
cold,0,1,0,0.0001,0.1,512,3,5,4,256,6000,8.0,2633729,4,4,9977,4110,900024,9,1,54001,57,342.0,2.85,4.76235,0.9848271
cold,0,1,0,0.0001,0.1,512,3,5,4,256,6000,8.0,2633729,4,4,9977,4110,900024,9,1,54001,58,348.0,2.9,4.8459,0.98873341
cold,0,1,0,0.0001,0.1,512,3,5,4,256,6000,8.0,2633729,4,4,9977,4110,900024,9,1,54001,59,354.0,2.95,4.92945,0.99195617
cold,0,1,0,0.0001,0.1,512,3,5,4,256,6000,8.0,2633729,4,4,9977,4110,900024,9,1,54001,60,360.0,3.0,5.013,0.99338144
cold,0,1,0,0.0001,0.1,512,3,5,4,256,6000,8.0,2633729,4,4,9977,4110,900024,9,1,54001,61,366.0,3.05,5.09655,0.99301171
cold,0,1,0,0.0001,0.1,512,3,5,4,256,6000,8.0,2633729,4,4,9977,4110,900024,9,1,54001,62,372.0,3.1,5.1801,0.99222344
cold,0,1,0,0.0001,0.1,512,3,5,4,256,6000,8.0,2633729,4,4,9977,4110,900024,9,1,54001,63,378.0,3.15,5.26365,0.99256545
cold,0,1,0,0.0001,0.1,512,3,5,4,256,6000,8.0,2633729,4,4,9977,4110,900024,9,1,54001,64,384.0,3.2,5.3472,0.99462801
cold,0,1,0,0.0001,0.1,512,3,5,4,256,6000,8.0,2633729,4,4,9977,4110,900024,9,1,54001,65,390.0,3.25,5.43075,0.997352
cold,0,1,0,0.0001,0.1,512,3,5,4,256,6000,8.0,2633729,4,4,9977,4110,900024,9,1,54001,66,396.0,3.3,5.5143,0.99908566
cold,0,1,0,0.0001,0.1,512,3,5,4,256,6000,8.0,2633729,4,4,9977,4110,900024,9,1,54001,67,402.0,3.35,5.59785,0.99937689
cold,0,1,0,0.0001,0.1,512,3,5,4,256,6000,8.0,2633729,4,4,9977,4110,900024,9,1,54001,68,408.0,3.4,5.6814,0.99901807
cold,0,1,0,0.0001,0.1,512,3,5,4,256,6000,8.0,2633729,4,4,9977,4110,900024,9,1,54001,69,414.0,3.45,5.76495,0.99855393
cold,0,1,0,0.0001,0.1,512,3,5,4,256,6000,8.0,2633729,4,4,9977,4110,900024,9,1,54001,70,420.0,3.5,5.8485,0.99748778
cold,0,1,0,0.0001,0.1,512,3,5,4,256,6000,8.0,2633729,4,4,9977,4110,900024,9,1,54001,71,426.0,3.55,5.93205,0.99578917
cold,0,1,0,0.0001,0.1,512,3,5,4,256,6000,8.0,2633729,4,4,9977,4110,900024,9,1,54001,72,432.0,3.6,6.0156,0.99501854
cold,0,1,0,0.0001,0.1,512,3,5,4,256,6000,8.0,2633729,4,4,9977,4110,900024,9,1,54001,73,438.0,3.65,6.09915,0.99664658
cold,0,1,0,0.0001,0.1,512,3,5,4,256,6000,8.0,2633729,4,4,9977,4110,900024,9,1,54001,74,444.0,3.7,6.1827,1.00054061
cold,0,1,0,0.0001,0.1,512,3,5,4,256,6000,8.0,2633729,4,4,9977,4110,900024,9,1,54001,75,450.0,3.75,6.26625,1.00518024
cold,0,1,0,0.0001,0.1,512,3,5,4,256,6000,8.0,2633729,4,4,9977,4110,900024,9,1,54001,76,456.0,3.8,6.3498,1.00915384
cold,0,1,0,0.0001,0.1,512,3,5,4,256,6000,8.0,2633729,4,4,9977,4110,900024,9,1,54001,77,462.0,3.85,6.43335,1.01254201
cold,0,1,0,0.0001,0.1,512,3,5,4,256,6000,8.0,2633729,4,4,9977,4110,900024,9,1,54001,78,468.0,3.9,6.5169,1.01582599
cold,0,1,0,0.0001,0.1,512,3,5,4,256,6000,8.0,2633729,4,4,9977,4110,900024,9,1,54001,79,474.0,3.95,6.60045,1.01837587
cold,0,1,0,0.0001,0.1,512,3,5,4,256,6000,8.0,2633729,4,4,9977,4110,900024,9,1,54001,80,480.0,4.0,6.684,1.01903152
cold,0,1,0,0.0001,0.1,512,3,5,4,256,6000,8.0,2633729,4,4,9977,4110,900024,9,1,54001,81,486.0,4.05,6.76755,1.01770473
cold,0,1,0,0.0001,0.1,512,3,5,4,256,6000,8.0,2633729,4,4,9977,4110,900024,9,1,54001,82,492.0,4.1,6.8511,1.01572788
cold,0,1,0,0.0001,0.1,512,3,5,4,256,6000,8.0,2633729,4,4,9977,4110,900024,9,1,54001,83,498.0,4.15,6.93465,1.01470184
cold,0,1,0,0.0001,0.1,512,3,5,4,256,6000,8.0,2633729,4,4,9977,4110,900024,9,1,54001,84,504.0,4.2,7.0182,1.01534653
cold,0,1,0,0.0001,0.1,512,3,5,4,256,6000,8.0,2633729,4,4,9977,4110,900024,9,1,54001,85,510.0,4.25,7.10175,1.01673841
cold,0,1,0,0.0001,0.1,512,3,5,4,256,6000,8.0,2633729,4,4,9977,4110,900024,9,1,54001,86,516.0,4.3,7.1853,1.01723289
cold,0,1,0,0.0001,0.1,512,3,5,4,256,6000,8.0,2633729,4,4,9977,4110,900024,9,1,54001,87,522.0,4.35,7.26885,1.01625264
cold,0,1,0,0.0001,0.1,512,3,5,4,256,6000,8.0,2633729,4,4,9977,4110,900024,9,1,54001,88,528.0,4.4,7.3524,1.01450789
cold,0,1,0,0.0001,0.1,512,3,5,4,256,6000,8.0,2633729,4,4,9977,4110,900024,9,1,54001,89,534.0,4.45,7.43595,1.01259685
cold,0,1,0,0.0001,0.1,512,3,5,4,256,6000,8.0,2633729,4,4,9977,4110,900024,9,1,54001,90,540.0,4.5,7.5195,1.01014757
cold,0,1,0,0.0001,0.1,512,3,5,4,256,6000,8.0,2633729,4,4,9977,4110,900024,9,1,54001,91,546.0,4.55,7.60305,1.00732517
cold,0,1,0,0.0001,0.1,512,3,5,4,256,6000,8.0,2633729,4,4,9977,4110,900024,9,1,54001,92,552.0,4.6,7.6866,1.00589716
cold,0,1,0,0.0001,0.1,512,3,5,4,256,6000,8.0,2633729,4,4,9977,4110,900024,9,1,54001,93,558.0,4.65,7.77015,1.00729239
cold,0,1,0,0.0001,0.1,512,3,5,4,256,6000,8.0,2633729,4,4,9977,4110,900024,9,1,54001,94,564.0,4.7,7.8537,1.01100361
cold,0,1,0,0.0001,0.1,512,3,5,4,256,6000,8.0,2633729,4,4,9977,4110,900024,9,1,54001,95,570.0,4.75,7.93725,1.01513243
cold,0,1,0,0.0001,0.1,512,3,5,4,256,6000,8.0,2633729,4,4,9977,4110,900024,9,1,54001,96,576.0,4.8,8.0208,1.01824439
cold,0,1,0,0.0001,0.1,512,3,5,4,256,6000,8.0,2633729,4,4,9977,4110,900024,9,1,54001,97,582.0,4.85,8.10435,1.02073169
cold,0,1,0,0.0001,0.1,512,3,5,4,256,6000,8.0,2633729,4,4,9977,4110,900024,9,1,54001,98,588.0,4.9,8.1879,1.0233804
cold,0,1,0,0.0001,0.1,512,3,5,4,256,6000,8.0,2633729,4,4,9977,4110,900024,9,1,54001,99,594.0,4.95,8.27145,1.02560318
cold,0,1,0,0.0001,0.1,512,3,5,4,256,6000,8.0,2633729,4,4,9977,4110,900024,9,1,54001,100,600.0,5.0,8.355,1.02607954
cold,0,1,0,0.0001,0.1,512,3,5,4,256,6000,8.0,2633729,4,4,9977,4110,900024,9,1,54001,101,606.0,5.05,8.43855,1.02458334
cold,0,1,0,0.0001,0.1,512,3,5,4,256,6000,8.0,2633729,4,4,9977,4110,900024,9,1,54001,102,612.0,5.1,8.5221,1.02244031
cold,0,1,0,0.0001,0.1,512,3,5,4,256,6000,8.0,2633729,4,4,9977,4110,900024,9,1,54001,103,618.0,5.15,8.60565,1.02132773
cold,0,1,0,0.0001,0.1,512,3,5,4,256,6000,8.0,2633729,4,4,9977,4110,900024,9,1,54001,104,624.0,5.2,8.6892,1.02213335
cold,0,1,0,0.0001,0.1,512,3,5,4,256,6000,8.0,2633729,4,4,9977,4110,900024,9,1,54001,105,630.0,5.25,8.77275,1.0239712
cold,0,1,0,0.0001,0.1,512,3,5,4,256,6000,8.0,2633729,4,4,9977,4110,900024,9,1,54001,106,636.0,5.3,8.8563,1.02483177
cold,0,1,0,0.0001,0.1,512,3,5,4,256,6000,8.0,2633729,4,4,9977,4110,900024,9,1,54001,107,642.0,5.35,8.93985,1.02365661
cold,0,1,0,0.0001,0.1,512,3,5,4,256,6000,8.0,2633729,4,4,9977,4110,900024,9,1,54001,108,648.0,5.4,9.0234,1.02101505
cold,0,1,0,0.0001,0.1,512,3,5,4,256,6000,8.0,2633729,4,4,9977,4110,900024,9,1,54001,109,654.0,5.45,9.10695,1.01784098
cold,0,1,0,0.0001,0.1,512,3,5,4,256,6000,8.0,2633729,4,4,9977,4110,900024,9,1,54001,110,660.0,5.5,9.1905,1.01431251
cold,0,1,0,0.0001,0.1,512,3,5,4,256,6000,8.0,2633729,4,4,9977,4110,900024,9,1,54001,111,666.0,5.55,9.27405,1.01096201
cold,0,1,0,0.0001,0.1,512,3,5,4,256,6000,8.0,2633729,4,4,9977,4110,900024,9,1,54001,112,672.0,5.6,9.3576,1.00953746
cold,0,1,0,0.0001,0.1,512,3,5,4,256,6000,8.0,2633729,4,4,9977,4110,900024,9,1,54001,113,678.0,5.65,9.44115,1.01120102
cold,0,1,0,0.0001,0.1,512,3,5,4,256,6000,8.0,2633729,4,4,9977,4110,900024,9,1,54001,114,684.0,5.7,9.5247,1.01519036
cold,0,1,0,0.0001,0.1,512,3,5,4,256,6000,8.0,2633729,4,4,9977,4110,900024,9,1,54001,115,690.0,5.75,9.60825,1.01943588
cold,0,1,0,0.0001,0.1,512,3,5,4,256,6000,8.0,2633729,4,4,9977,4110,900024,9,1,54001,116,696.0,5.8,9.6918,1.02245331
cold,0,1,0,0.0001,0.1,512,3,5,4,256,6000,8.0,2633729,4,4,9977,4110,900024,9,1,54001,117,702.0,5.85,9.77535,1.0246743
cold,0,1,0,0.0001,0.1,512,3,5,4,256,6000,8.0,2633729,4,4,9977,4110,900024,9,1,54001,118,708.0,5.9,9.8589,1.02683353
cold,0,1,0,0.0001,0.1,512,3,5,4,256,6000,8.0,2633729,4,4,9977,4110,900024,9,1,54001,119,714.0,5.95,9.94245,1.02832997
cold,0,1,0,0.0001,0.1,512,3,5,4,256,6000,8.0,2633729,4,4,9977,4110,900024,9,1,54001,120,720.0,6.0,10.026,1.02798927
cold,0,1,0,0.0001,0.1,512,3,5,4,256,6000,8.0,2633729,4,4,9977,4110,900024,9,12,54012,1,6.0,0.05,0.08355,0.11930393
cold,0,1,0,0.0001,0.1,512,3,5,4,256,6000,8.0,2633729,4,4,9977,4110,900024,9,12,54012,2,12.0,0.1,0.1671,0.20200861
cold,0,1,0,0.0001,0.1,512,3,5,4,256,6000,8.0,2633729,4,4,9977,4110,900024,9,12,54012,3,18.0,0.15,0.25065,0.28663221
cold,0,1,0,0.0001,0.1,512,3,5,4,256,6000,8.0,2633729,4,4,9977,4110,900024,9,12,54012,4,24.0,0.2,0.3342,0.36278459
cold,0,1,0,0.0001,0.1,512,3,5,4,256,6000,8.0,2633729,4,4,9977,4110,900024,9,12,54012,5,30.0,0.25,0.41775,0.4260138
cold,0,1,0,0.0001,0.1,512,3,5,4,256,6000,8.0,2633729,4,4,9977,4110,900024,9,12,54012,6,36.0,0.3,0.5013,0.47502562
cold,0,1,0,0.0001,0.1,512,3,5,4,256,6000,8.0,2633729,4,4,9977,4110,900024,9,12,54012,7,42.0,0.35,0.58485,0.51090062
cold,0,1,0,0.0001,0.1,512,3,5,4,256,6000,8.0,2633729,4,4,9977,4110,900024,9,12,54012,8,48.0,0.4,0.6684,0.53726923
cold,0,1,0,0.0001,0.1,512,3,5,4,256,6000,8.0,2633729,4,4,9977,4110,900024,9,12,54012,9,54.0,0.45,0.75195,0.55773127
cold,0,1,0,0.0001,0.1,512,3,5,4,256,6000,8.0,2633729,4,4,9977,4110,900024,9,12,54012,10,60.0,0.5,0.8355,0.57399708
cold,0,1,0,0.0001,0.1,512,3,5,4,256,6000,8.0,2633729,4,4,9977,4110,900024,9,12,54012,11,66.0,0.55,0.91905,0.58685988
cold,0,1,0,0.0001,0.1,512,3,5,4,256,6000,8.0,2633729,4,4,9977,4110,900024,9,12,54012,12,72.0,0.6,1.0026,0.59749877
cold,0,1,0,0.0001,0.1,512,3,5,4,256,6000,8.0,2633729,4,4,9977,4110,900024,9,12,54012,13,78.0,0.65,1.08615,0.60726553
cold,0,1,0,0.0001,0.1,512,3,5,4,256,6000,8.0,2633729,4,4,9977,4110,900024,9,12,54012,14,84.0,0.7,1.1697,0.61682189
cold,0,1,0,0.0001,0.1,512,3,5,4,256,6000,8.0,2633729,4,4,9977,4110,900024,9,12,54012,15,90.0,0.75,1.25325,0.62592804
cold,0,1,0,0.0001,0.1,512,3,5,4,256,6000,8.0,2633729,4,4,9977,4110,900024,9,12,54012,16,96.0,0.8,1.3368,0.63430762
cold,0,1,0,0.0001,0.1,512,3,5,4,256,6000,8.0,2633729,4,4,9977,4110,900024,9,12,54012,17,102.0,0.85,1.42035,0.64239168
cold,0,1,0,0.0001,0.1,512,3,5,4,256,6000,8.0,2633729,4,4,9977,4110,900024,9,12,54012,18,108.0,0.9,1.5039,0.6505093
cold,0,1,0,0.0001,0.1,512,3,5,4,256,6000,8.0,2633729,4,4,9977,4110,900024,9,12,54012,19,114.0,0.95,1.58745,0.65796554
cold,0,1,0,0.0001,0.1,512,3,5,4,256,6000,8.0,2633729,4,4,9977,4110,900024,9,12,54012,20,120.0,1.0,1.671,0.66375953
cold,0,1,0,0.0001,0.1,512,3,5,4,256,6000,8.0,2633729,4,4,9977,4110,900024,9,12,54012,21,126.0,1.05,1.75455,0.6678403
cold,0,1,0,0.0001,0.1,512,3,5,4,256,6000,8.0,2633729,4,4,9977,4110,900024,9,12,54012,22,132.0,1.1,1.8381,0.67115253
cold,0,1,0,0.0001,0.1,512,3,5,4,256,6000,8.0,2633729,4,4,9977,4110,900024,9,12,54012,23,138.0,1.15,1.92165,0.67488283
cold,0,1,0,0.0001,0.1,512,3,5,4,256,6000,8.0,2633729,4,4,9977,4110,900024,9,12,54012,24,144.0,1.2,2.0052,0.67956239
cold,0,1,0,0.0001,0.1,512,3,5,4,256,6000,8.0,2633729,4,4,9977,4110,900024,9,12,54012,25,150.0,1.25,2.08875,0.68404394
cold,0,1,0,0.0001,0.1,512,3,5,4,256,6000,8.0,2633729,4,4,9977,4110,900024,9,12,54012,26,156.0,1.3,2.1723,0.68676251
cold,0,1,0,0.0001,0.1,512,3,5,4,256,6000,8.0,2633729,4,4,9977,4110,900024,9,12,54012,27,162.0,1.35,2.25585,0.68802917
cold,0,1,0,0.0001,0.1,512,3,5,4,256,6000,8.0,2633729,4,4,9977,4110,900024,9,12,54012,28,168.0,1.4,2.3394,0.68932915
cold,0,1,0,0.0001,0.1,512,3,5,4,256,6000,8.0,2633729,4,4,9977,4110,900024,9,12,54012,29,174.0,1.45,2.42295,0.6913327
cold,0,1,0,0.0001,0.1,512,3,5,4,256,6000,8.0,2633729,4,4,9977,4110,900024,9,12,54012,30,180.0,1.5,2.5065,0.69346946
cold,0,1,0,0.0001,0.1,512,3,5,4,256,6000,8.0,2633729,4,4,9977,4110,900024,9,12,54012,31,186.0,1.55,2.59005,0.69522887
cold,0,1,0,0.0001,0.1,512,3,5,4,256,6000,8.0,2633729,4,4,9977,4110,900024,9,12,54012,32,192.0,1.6,2.6736,0.69724739
cold,0,1,0,0.0001,0.1,512,3,5,4,256,6000,8.0,2633729,4,4,9977,4110,900024,9,12,54012,33,198.0,1.65,2.75715,0.70054054
cold,0,1,0,0.0001,0.1,512,3,5,4,256,6000,8.0,2633729,4,4,9977,4110,900024,9,12,54012,34,204.0,1.7,2.8407,0.70521331
cold,0,1,0,0.0001,0.1,512,3,5,4,256,6000,8.0,2633729,4,4,9977,4110,900024,9,12,54012,35,210.0,1.75,2.92425,0.71015388
cold,0,1,0,0.0001,0.1,512,3,5,4,256,6000,8.0,2633729,4,4,9977,4110,900024,9,12,54012,36,216.0,1.8,3.0078,0.71414071
cold,0,1,0,0.0001,0.1,512,3,5,4,256,6000,8.0,2633729,4,4,9977,4110,900024,9,12,54012,37,222.0,1.85,3.09135,0.71718401
cold,0,1,0,0.0001,0.1,512,3,5,4,256,6000,8.0,2633729,4,4,9977,4110,900024,9,12,54012,38,228.0,1.9,3.1749,0.71978068
cold,0,1,0,0.0001,0.1,512,3,5,4,256,6000,8.0,2633729,4,4,9977,4110,900024,9,12,54012,39,234.0,1.95,3.25845,0.72164315
cold,0,1,0,0.0001,0.1,512,3,5,4,256,6000,8.0,2633729,4,4,9977,4110,900024,9,12,54012,40,240.0,2.0,3.342,0.72211903
cold,0,1,0,0.0001,0.1,512,3,5,4,256,6000,8.0,2633729,4,4,9977,4110,900024,9,12,54012,41,246.0,2.05,3.42555,0.72128856
cold,0,1,0,0.0001,0.1,512,3,5,4,256,6000,8.0,2633729,4,4,9977,4110,900024,9,12,54012,42,252.0,2.1,3.5091,0.72016686
cold,0,1,0,0.0001,0.1,512,3,5,4,256,6000,8.0,2633729,4,4,9977,4110,900024,9,12,54012,43,258.0,2.15,3.59265,0.71993983
cold,0,1,0,0.0001,0.1,512,3,5,4,256,6000,8.0,2633729,4,4,9977,4110,900024,9,12,54012,44,264.0,2.2,3.6762,0.72114056
cold,0,1,0,0.0001,0.1,512,3,5,4,256,6000,8.0,2633729,4,4,9977,4110,900024,9,12,54012,45,270.0,2.25,3.75975,0.72296733
cold,0,1,0,0.0001,0.1,512,3,5,4,256,6000,8.0,2633729,4,4,9977,4110,900024,9,12,54012,46,276.0,2.3,3.8433,0.72409439
cold,0,1,0,0.0001,0.1,512,3,5,4,256,6000,8.0,2633729,4,4,9977,4110,900024,9,12,54012,47,282.0,2.35,3.92685,0.72424698
cold,0,1,0,0.0001,0.1,512,3,5,4,256,6000,8.0,2633729,4,4,9977,4110,900024,9,12,54012,48,288.0,2.4,4.0104,0.72407496
cold,0,1,0,0.0001,0.1,512,3,5,4,256,6000,8.0,2633729,4,4,9977,4110,900024,9,12,54012,49,294.0,2.45,4.09395,0.72392756
cold,0,1,0,0.0001,0.1,512,3,5,4,256,6000,8.0,2633729,4,4,9977,4110,900024,9,12,54012,50,300.0,2.5,4.1775,0.72351009
cold,0,1,0,0.0001,0.1,512,3,5,4,256,6000,8.0,2633729,4,4,9977,4110,900024,9,12,54012,51,306.0,2.55,4.26105,0.72296196
cold,0,1,0,0.0001,0.1,512,3,5,4,256,6000,8.0,2633729,4,4,9977,4110,900024,9,12,54012,52,312.0,2.6,4.3446,0.72330731
cold,0,1,0,0.0001,0.1,512,3,5,4,256,6000,8.0,2633729,4,4,9977,4110,900024,9,12,54012,53,318.0,2.65,4.42815,0.72521371
cold,0,1,0,0.0001,0.1,512,3,5,4,256,6000,8.0,2633729,4,4,9977,4110,900024,9,12,54012,54,324.0,2.7,4.5117,0.72822928
cold,0,1,0,0.0001,0.1,512,3,5,4,256,6000,8.0,2633729,4,4,9977,4110,900024,9,12,54012,55,330.0,2.75,4.59525,0.73117411
cold,0,1,0,0.0001,0.1,512,3,5,4,256,6000,8.0,2633729,4,4,9977,4110,900024,9,12,54012,56,336.0,2.8,4.6788,0.73325336
cold,0,1,0,0.0001,0.1,512,3,5,4,256,6000,8.0,2633729,4,4,9977,4110,900024,9,12,54012,57,342.0,2.85,4.76235,0.7348994
cold,0,1,0,0.0001,0.1,512,3,5,4,256,6000,8.0,2633729,4,4,9977,4110,900024,9,12,54012,58,348.0,2.9,4.8459,0.73667854
cold,0,1,0,0.0001,0.1,512,3,5,4,256,6000,8.0,2633729,4,4,9977,4110,900024,9,12,54012,59,354.0,2.95,4.92945,0.73817021
cold,0,1,0,0.0001,0.1,512,3,5,4,256,6000,8.0,2633729,4,4,9977,4110,900024,9,12,54012,60,360.0,3.0,5.013,0.73857111
cold,0,1,0,0.0001,0.1,512,3,5,4,256,6000,8.0,2633729,4,4,9977,4110,900024,9,12,54012,61,366.0,3.05,5.09655,0.73776162
cold,0,1,0,0.0001,0.1,512,3,5,4,256,6000,8.0,2633729,4,4,9977,4110,900024,9,12,54012,62,372.0,3.1,5.1801,0.73654169
cold,0,1,0,0.0001,0.1,512,3,5,4,256,6000,8.0,2633729,4,4,9977,4110,900024,9,12,54012,63,378.0,3.15,5.26365,0.73600531
cold,0,1,0,0.0001,0.1,512,3,5,4,256,6000,8.0,2633729,4,4,9977,4110,900024,9,12,54012,64,384.0,3.2,5.3472,0.73669368
cold,0,1,0,0.0001,0.1,512,3,5,4,256,6000,8.0,2633729,4,4,9977,4110,900024,9,12,54012,65,390.0,3.25,5.43075,0.73784053
cold,0,1,0,0.0001,0.1,512,3,5,4,256,6000,8.0,2633729,4,4,9977,4110,900024,9,12,54012,66,396.0,3.3,5.5143,0.73813474
cold,0,1,0,0.0001,0.1,512,3,5,4,256,6000,8.0,2633729,4,4,9977,4110,900024,9,12,54012,67,402.0,3.35,5.59785,0.73726362
cold,0,1,0,0.0001,0.1,512,3,5,4,256,6000,8.0,2633729,4,4,9977,4110,900024,9,12,54012,68,408.0,3.4,5.6814,0.73594391
cold,0,1,0,0.0001,0.1,512,3,5,4,256,6000,8.0,2633729,4,4,9977,4110,900024,9,12,54012,69,414.0,3.45,5.76495,0.73456579
cold,0,1,0,0.0001,0.1,512,3,5,4,256,6000,8.0,2633729,4,4,9977,4110,900024,9,12,54012,70,420.0,3.5,5.8485,0.73274148
cold,0,1,0,0.0001,0.1,512,3,5,4,256,6000,8.0,2633729,4,4,9977,4110,900024,9,12,54012,71,426.0,3.55,5.93205,0.73065472
cold,0,1,0,0.0001,0.1,512,3,5,4,256,6000,8.0,2633729,4,4,9977,4110,900024,9,12,54012,72,432.0,3.6,6.0156,0.72962302
cold,0,1,0,0.0001,0.1,512,3,5,4,256,6000,8.0,2633729,4,4,9977,4110,900024,9,12,54012,73,438.0,3.65,6.09915,0.73060977
cold,0,1,0,0.0001,0.1,512,3,5,4,256,6000,8.0,2633729,4,4,9977,4110,900024,9,12,54012,74,444.0,3.7,6.1827,0.73329985
cold,0,1,0,0.0001,0.1,512,3,5,4,256,6000,8.0,2633729,4,4,9977,4110,900024,9,12,54012,75,450.0,3.75,6.26625,0.73649305
cold,0,1,0,0.0001,0.1,512,3,5,4,256,6000,8.0,2633729,4,4,9977,4110,900024,9,12,54012,76,456.0,3.8,6.3498,0.73926115
cold,0,1,0,0.0001,0.1,512,3,5,4,256,6000,8.0,2633729,4,4,9977,4110,900024,9,12,54012,77,462.0,3.85,6.43335,0.74180508
cold,0,1,0,0.0001,0.1,512,3,5,4,256,6000,8.0,2633729,4,4,9977,4110,900024,9,12,54012,78,468.0,3.9,6.5169,0.74443138
cold,0,1,0,0.0001,0.1,512,3,5,4,256,6000,8.0,2633729,4,4,9977,4110,900024,9,12,54012,79,474.0,3.95,6.60045,0.74647009
cold,0,1,0,0.0001,0.1,512,3,5,4,256,6000,8.0,2633729,4,4,9977,4110,900024,9,12,54012,80,480.0,4.0,6.684,0.74686044
cold,0,1,0,0.0001,0.1,512,3,5,4,256,6000,8.0,2633729,4,4,9977,4110,900024,9,12,54012,81,486.0,4.05,6.76755,0.74540657
cold,0,1,0,0.0001,0.1,512,3,5,4,256,6000,8.0,2633729,4,4,9977,4110,900024,9,12,54012,82,492.0,4.1,6.8511,0.74313104
cold,0,1,0,0.0001,0.1,512,3,5,4,256,6000,8.0,2633729,4,4,9977,4110,900024,9,12,54012,83,498.0,4.15,6.93465,0.74143273
cold,0,1,0,0.0001,0.1,512,3,5,4,256,6000,8.0,2633729,4,4,9977,4110,900024,9,12,54012,84,504.0,4.2,7.0182,0.74103612
cold,0,1,0,0.0001,0.1,512,3,5,4,256,6000,8.0,2633729,4,4,9977,4110,900024,9,12,54012,85,510.0,4.25,7.10175,0.74126595
cold,0,1,0,0.0001,0.1,512,3,5,4,256,6000,8.0,2633729,4,4,9977,4110,900024,9,12,54012,86,516.0,4.3,7.1853,0.7408585
cold,0,1,0,0.0001,0.1,512,3,5,4,256,6000,8.0,2633729,4,4,9977,4110,900024,9,12,54012,87,522.0,4.35,7.26885,0.73946488
cold,0,1,0,0.0001,0.1,512,3,5,4,256,6000,8.0,2633729,4,4,9977,4110,900024,9,12,54012,88,528.0,4.4,7.3524,0.73769021
cold,0,1,0,0.0001,0.1,512,3,5,4,256,6000,8.0,2633729,4,4,9977,4110,900024,9,12,54012,89,534.0,4.45,7.43595,0.73590249
cold,0,1,0,0.0001,0.1,512,3,5,4,256,6000,8.0,2633729,4,4,9977,4110,900024,9,12,54012,90,540.0,4.5,7.5195,0.73380655
cold,0,1,0,0.0001,0.1,512,3,5,4,256,6000,8.0,2633729,4,4,9977,4110,900024,9,12,54012,91,546.0,4.55,7.60305,0.7317155
cold,0,1,0,0.0001,0.1,512,3,5,4,256,6000,8.0,2633729,4,4,9977,4110,900024,9,12,54012,92,552.0,4.6,7.6866,0.73103541
cold,0,1,0,0.0001,0.1,512,3,5,4,256,6000,8.0,2633729,4,4,9977,4110,900024,9,12,54012,93,558.0,4.65,7.77015,0.7326203
cold,0,1,0,0.0001,0.1,512,3,5,4,256,6000,8.0,2633729,4,4,9977,4110,900024,9,12,54012,94,564.0,4.7,7.8537,0.73579353
cold,0,1,0,0.0001,0.1,512,3,5,4,256,6000,8.0,2633729,4,4,9977,4110,900024,9,12,54012,95,570.0,4.75,7.93725,0.73898494
cold,0,1,0,0.0001,0.1,512,3,5,4,256,6000,8.0,2633729,4,4,9977,4110,900024,9,12,54012,96,576.0,4.8,8.0208,0.74121803
cold,0,1,0,0.0001,0.1,512,3,5,4,256,6000,8.0,2633729,4,4,9977,4110,900024,9,12,54012,97,582.0,4.85,8.10435,0.74299663
cold,0,1,0,0.0001,0.1,512,3,5,4,256,6000,8.0,2633729,4,4,9977,4110,900024,9,12,54012,98,588.0,4.9,8.1879,0.74498773
cold,0,1,0,0.0001,0.1,512,3,5,4,256,6000,8.0,2633729,4,4,9977,4110,900024,9,12,54012,99,594.0,4.95,8.27145,0.74667382
cold,0,1,0,0.0001,0.1,512,3,5,4,256,6000,8.0,2633729,4,4,9977,4110,900024,9,12,54012,100,600.0,5.0,8.355,0.74694115
cold,0,1,0,0.0001,0.1,512,3,5,4,256,6000,8.0,2633729,4,4,9977,4110,900024,9,12,54012,101,606.0,5.05,8.43855,0.74552697
cold,0,1,0,0.0001,0.1,512,3,5,4,256,6000,8.0,2633729,4,4,9977,4110,900024,9,12,54012,102,612.0,5.1,8.5221,0.74345028
cold,0,1,0,0.0001,0.1,512,3,5,4,256,6000,8.0,2633729,4,4,9977,4110,900024,9,12,54012,103,618.0,5.15,8.60565,0.74210435
cold,0,1,0,0.0001,0.1,512,3,5,4,256,6000,8.0,2633729,4,4,9977,4110,900024,9,12,54012,104,624.0,5.2,8.6892,0.74226224
cold,0,1,0,0.0001,0.1,512,3,5,4,256,6000,8.0,2633729,4,4,9977,4110,900024,9,12,54012,105,630.0,5.25,8.77275,0.74326593
cold,0,1,0,0.0001,0.1,512,3,5,4,256,6000,8.0,2633729,4,4,9977,4110,900024,9,12,54012,106,636.0,5.3,8.8563,0.74354833
cold,0,1,0,0.0001,0.1,512,3,5,4,256,6000,8.0,2633729,4,4,9977,4110,900024,9,12,54012,107,642.0,5.35,8.93985,0.74231887
cold,0,1,0,0.0001,0.1,512,3,5,4,256,6000,8.0,2633729,4,4,9977,4110,900024,9,12,54012,108,648.0,5.4,9.0234,0.74007481
cold,0,1,0,0.0001,0.1,512,3,5,4,256,6000,8.0,2633729,4,4,9977,4110,900024,9,12,54012,109,654.0,5.45,9.10695,0.73749954
cold,0,1,0,0.0001,0.1,512,3,5,4,256,6000,8.0,2633729,4,4,9977,4110,900024,9,12,54012,110,660.0,5.5,9.1905,0.73471332
cold,0,1,0,0.0001,0.1,512,3,5,4,256,6000,8.0,2633729,4,4,9977,4110,900024,9,12,54012,111,666.0,5.55,9.27405,0.73224169
cold,0,1,0,0.0001,0.1,512,3,5,4,256,6000,8.0,2633729,4,4,9977,4110,900024,9,12,54012,112,672.0,5.6,9.3576,0.7314927
cold,0,1,0,0.0001,0.1,512,3,5,4,256,6000,8.0,2633729,4,4,9977,4110,900024,9,12,54012,113,678.0,5.65,9.44115,0.73322308
cold,0,1,0,0.0001,0.1,512,3,5,4,256,6000,8.0,2633729,4,4,9977,4110,900024,9,12,54012,114,684.0,5.7,9.5247,0.73664773
cold,0,1,0,0.0001,0.1,512,3,5,4,256,6000,8.0,2633729,4,4,9977,4110,900024,9,12,54012,115,690.0,5.75,9.60825,0.74011916
cold,0,1,0,0.0001,0.1,512,3,5,4,256,6000,8.0,2633729,4,4,9977,4110,900024,9,12,54012,116,696.0,5.8,9.6918,0.74256921
cold,0,1,0,0.0001,0.1,512,3,5,4,256,6000,8.0,2633729,4,4,9977,4110,900024,9,12,54012,117,702.0,5.85,9.77535,0.74436319
cold,0,1,0,0.0001,0.1,512,3,5,4,256,6000,8.0,2633729,4,4,9977,4110,900024,9,12,54012,118,708.0,5.9,9.8589,0.74603069
cold,0,1,0,0.0001,0.1,512,3,5,4,256,6000,8.0,2633729,4,4,9977,4110,900024,9,12,54012,119,714.0,5.95,9.94245,0.74709076
cold,0,1,0,0.0001,0.1,512,3,5,4,256,6000,8.0,2633729,4,4,9977,4110,900024,9,12,54012,120,720.0,6.0,10.026,0.74665558
cold,0,1,0,0.0001,0.1,512,3,5,4,256,6000,8.0,2633729,4,4,9977,4110,900024,9,54,54054,1,6.0,0.05,0.08355,0.08890942
cold,0,1,0,0.0001,0.1,512,3,5,4,256,6000,8.0,2633729,4,4,9977,4110,900024,9,54,54054,2,12.0,0.1,0.1671,0.12913392
cold,0,1,0,0.0001,0.1,512,3,5,4,256,6000,8.0,2633729,4,4,9977,4110,900024,9,54,54054,3,18.0,0.15,0.25065,0.17345835
cold,0,1,0,0.0001,0.1,512,3,5,4,256,6000,8.0,2633729,4,4,9977,4110,900024,9,54,54054,4,24.0,0.2,0.3342,0.21977097
cold,0,1,0,0.0001,0.1,512,3,5,4,256,6000,8.0,2633729,4,4,9977,4110,900024,9,54,54054,5,30.0,0.25,0.41775,0.26554042
cold,0,1,0,0.0001,0.1,512,3,5,4,256,6000,8.0,2633729,4,4,9977,4110,900024,9,54,54054,6,36.0,0.3,0.5013,0.3091405
cold,0,1,0,0.0001,0.1,512,3,5,4,256,6000,8.0,2633729,4,4,9977,4110,900024,9,54,54054,7,42.0,0.35,0.58485,0.34972975
cold,0,1,0,0.0001,0.1,512,3,5,4,256,6000,8.0,2633729,4,4,9977,4110,900024,9,54,54054,8,48.0,0.4,0.6684,0.38693467
cold,0,1,0,0.0001,0.1,512,3,5,4,256,6000,8.0,2633729,4,4,9977,4110,900024,9,54,54054,9,54.0,0.45,0.75195,0.4211244
cold,0,1,0,0.0001,0.1,512,3,5,4,256,6000,8.0,2633729,4,4,9977,4110,900024,9,54,54054,10,60.0,0.5,0.8355,0.45309907
cold,0,1,0,0.0001,0.1,512,3,5,4,256,6000,8.0,2633729,4,4,9977,4110,900024,9,54,54054,11,66.0,0.55,0.91905,0.48283279
cold,0,1,0,0.0001,0.1,512,3,5,4,256,6000,8.0,2633729,4,4,9977,4110,900024,9,54,54054,12,72.0,0.6,1.0026,0.51013201
cold,0,1,0,0.0001,0.1,512,3,5,4,256,6000,8.0,2633729,4,4,9977,4110,900024,9,54,54054,13,78.0,0.65,1.08615,0.53518605
cold,0,1,0,0.0001,0.1,512,3,5,4,256,6000,8.0,2633729,4,4,9977,4110,900024,9,54,54054,14,84.0,0.7,1.1697,0.55848712
cold,0,1,0,0.0001,0.1,512,3,5,4,256,6000,8.0,2633729,4,4,9977,4110,900024,9,54,54054,15,90.0,0.75,1.25325,0.58068854
cold,0,1,0,0.0001,0.1,512,3,5,4,256,6000,8.0,2633729,4,4,9977,4110,900024,9,54,54054,16,96.0,0.8,1.3368,0.60164714
cold,0,1,0,0.0001,0.1,512,3,5,4,256,6000,8.0,2633729,4,4,9977,4110,900024,9,54,54054,17,102.0,0.85,1.42035,0.62128723
cold,0,1,0,0.0001,0.1,512,3,5,4,256,6000,8.0,2633729,4,4,9977,4110,900024,9,54,54054,18,108.0,0.9,1.5039,0.64012903
cold,0,1,0,0.0001,0.1,512,3,5,4,256,6000,8.0,2633729,4,4,9977,4110,900024,9,54,54054,19,114.0,0.95,1.58745,0.65736538
cold,0,1,0,0.0001,0.1,512,3,5,4,256,6000,8.0,2633729,4,4,9977,4110,900024,9,54,54054,20,120.0,1.0,1.671,0.67120814
cold,0,1,0,0.0001,0.1,512,3,5,4,256,6000,8.0,2633729,4,4,9977,4110,900024,9,54,54054,21,126.0,1.05,1.75455,0.68144768
cold,0,1,0,0.0001,0.1,512,3,5,4,256,6000,8.0,2633729,4,4,9977,4110,900024,9,54,54054,22,132.0,1.1,1.8381,0.68925488
cold,0,1,0,0.0001,0.1,512,3,5,4,256,6000,8.0,2633729,4,4,9977,4110,900024,9,54,54054,23,138.0,1.15,1.92165,0.69551641
cold,0,1,0,0.0001,0.1,512,3,5,4,256,6000,8.0,2633729,4,4,9977,4110,900024,9,54,54054,24,144.0,1.2,2.0052,0.70068014
cold,0,1,0,0.0001,0.1,512,3,5,4,256,6000,8.0,2633729,4,4,9977,4110,900024,9,54,54054,25,150.0,1.25,2.08875,0.70469362
cold,0,1,0,0.0001,0.1,512,3,5,4,256,6000,8.0,2633729,4,4,9977,4110,900024,9,54,54054,26,156.0,1.3,2.1723,0.70757771
cold,0,1,0,0.0001,0.1,512,3,5,4,256,6000,8.0,2633729,4,4,9977,4110,900024,9,54,54054,27,162.0,1.35,2.25585,0.71076947
cold,0,1,0,0.0001,0.1,512,3,5,4,256,6000,8.0,2633729,4,4,9977,4110,900024,9,54,54054,28,168.0,1.4,2.3394,0.71611464
cold,0,1,0,0.0001,0.1,512,3,5,4,256,6000,8.0,2633729,4,4,9977,4110,900024,9,54,54054,29,174.0,1.45,2.42295,0.72423643
cold,0,1,0,0.0001,0.1,512,3,5,4,256,6000,8.0,2633729,4,4,9977,4110,900024,9,54,54054,30,180.0,1.5,2.5065,0.73423249
cold,0,1,0,0.0001,0.1,512,3,5,4,256,6000,8.0,2633729,4,4,9977,4110,900024,9,54,54054,31,186.0,1.55,2.59005,0.74451798
cold,0,1,0,0.0001,0.1,512,3,5,4,256,6000,8.0,2633729,4,4,9977,4110,900024,9,54,54054,32,192.0,1.6,2.6736,0.75410169
cold,0,1,0,0.0001,0.1,512,3,5,4,256,6000,8.0,2633729,4,4,9977,4110,900024,9,54,54054,33,198.0,1.65,2.75715,0.7629022
cold,0,1,0,0.0001,0.1,512,3,5,4,256,6000,8.0,2633729,4,4,9977,4110,900024,9,54,54054,34,204.0,1.7,2.8407,0.7712816
cold,0,1,0,0.0001,0.1,512,3,5,4,256,6000,8.0,2633729,4,4,9977,4110,900024,9,54,54054,35,210.0,1.75,2.92425,0.77935231
cold,0,1,0,0.0001,0.1,512,3,5,4,256,6000,8.0,2633729,4,4,9977,4110,900024,9,54,54054,36,216.0,1.8,3.0078,0.78623915
cold,0,1,0,0.0001,0.1,512,3,5,4,256,6000,8.0,2633729,4,4,9977,4110,900024,9,54,54054,37,222.0,1.85,3.09135,0.79124659
cold,0,1,0,0.0001,0.1,512,3,5,4,256,6000,8.0,2633729,4,4,9977,4110,900024,9,54,54054,38,228.0,1.9,3.1749,0.7949729
cold,0,1,0,0.0001,0.1,512,3,5,4,256,6000,8.0,2633729,4,4,9977,4110,900024,9,54,54054,39,234.0,1.95,3.25845,0.79793394
cold,0,1,0,0.0001,0.1,512,3,5,4,256,6000,8.0,2633729,4,4,9977,4110,900024,9,54,54054,40,240.0,2.0,3.342,0.79970425
cold,0,1,0,0.0001,0.1,512,3,5,4,256,6000,8.0,2633729,4,4,9977,4110,900024,9,54,54054,41,246.0,2.05,3.42555,0.80013406
cold,0,1,0,0.0001,0.1,512,3,5,4,256,6000,8.0,2633729,4,4,9977,4110,900024,9,54,54054,42,252.0,2.1,3.5091,0.80030787
cold,0,1,0,0.0001,0.1,512,3,5,4,256,6000,8.0,2633729,4,4,9977,4110,900024,9,54,54054,43,258.0,2.15,3.59265,0.80160069
cold,0,1,0,0.0001,0.1,512,3,5,4,256,6000,8.0,2633729,4,4,9977,4110,900024,9,54,54054,44,264.0,2.2,3.6762,0.80433923
cold,0,1,0,0.0001,0.1,512,3,5,4,256,6000,8.0,2633729,4,4,9977,4110,900024,9,54,54054,45,270.0,2.25,3.75975,0.80748326
cold,0,1,0,0.0001,0.1,512,3,5,4,256,6000,8.0,2633729,4,4,9977,4110,900024,9,54,54054,46,276.0,2.3,3.8433,0.80977845
cold,0,1,0,0.0001,0.1,512,3,5,4,256,6000,8.0,2633729,4,4,9977,4110,900024,9,54,54054,47,282.0,2.35,3.92685,0.81154895
cold,0,1,0,0.0001,0.1,512,3,5,4,256,6000,8.0,2633729,4,4,9977,4110,900024,9,54,54054,48,288.0,2.4,4.0104,0.81427729
cold,0,1,0,0.0001,0.1,512,3,5,4,256,6000,8.0,2633729,4,4,9977,4110,900024,9,54,54054,49,294.0,2.45,4.09395,0.8183139
cold,0,1,0,0.0001,0.1,512,3,5,4,256,6000,8.0,2633729,4,4,9977,4110,900024,9,54,54054,50,300.0,2.5,4.1775,0.82235926
cold,0,1,0,0.0001,0.1,512,3,5,4,256,6000,8.0,2633729,4,4,9977,4110,900024,9,54,54054,51,306.0,2.55,4.26105,0.82537526
cold,0,1,0,0.0001,0.1,512,3,5,4,256,6000,8.0,2633729,4,4,9977,4110,900024,9,54,54054,52,312.0,2.6,4.3446,0.82755357
cold,0,1,0,0.0001,0.1,512,3,5,4,256,6000,8.0,2633729,4,4,9977,4110,900024,9,54,54054,53,318.0,2.65,4.42815,0.82942808
cold,0,1,0,0.0001,0.1,512,3,5,4,256,6000,8.0,2633729,4,4,9977,4110,900024,9,54,54054,54,324.0,2.7,4.5117,0.83125675
cold,0,1,0,0.0001,0.1,512,3,5,4,256,6000,8.0,2633729,4,4,9977,4110,900024,9,54,54054,55,330.0,2.75,4.59525,0.83320391
cold,0,1,0,0.0001,0.1,512,3,5,4,256,6000,8.0,2633729,4,4,9977,4110,900024,9,54,54054,56,336.0,2.8,4.6788,0.83574331
cold,0,1,0,0.0001,0.1,512,3,5,4,256,6000,8.0,2633729,4,4,9977,4110,900024,9,54,54054,57,342.0,2.85,4.76235,0.83949196
cold,0,1,0,0.0001,0.1,512,3,5,4,256,6000,8.0,2633729,4,4,9977,4110,900024,9,54,54054,58,348.0,2.9,4.8459,0.84414482
cold,0,1,0,0.0001,0.1,512,3,5,4,256,6000,8.0,2633729,4,4,9977,4110,900024,9,54,54054,59,354.0,2.95,4.92945,0.84840447
cold,0,1,0,0.0001,0.1,512,3,5,4,256,6000,8.0,2633729,4,4,9977,4110,900024,9,54,54054,60,360.0,3.0,5.013,0.85135609
cold,0,1,0,0.0001,0.1,512,3,5,4,256,6000,8.0,2633729,4,4,9977,4110,900024,9,54,54054,61,366.0,3.05,5.09655,0.85312444
cold,0,1,0,0.0001,0.1,512,3,5,4,256,6000,8.0,2633729,4,4,9977,4110,900024,9,54,54054,62,372.0,3.1,5.1801,0.85468853
cold,0,1,0,0.0001,0.1,512,3,5,4,256,6000,8.0,2633729,4,4,9977,4110,900024,9,54,54054,63,378.0,3.15,5.26365,0.85728383
cold,0,1,0,0.0001,0.1,512,3,5,4,256,6000,8.0,2633729,4,4,9977,4110,900024,9,54,54054,64,384.0,3.2,5.3472,0.86112231
cold,0,1,0,0.0001,0.1,512,3,5,4,256,6000,8.0,2633729,4,4,9977,4110,900024,9,54,54054,65,390.0,3.25,5.43075,0.86458951
cold,0,1,0,0.0001,0.1,512,3,5,4,256,6000,8.0,2633729,4,4,9977,4110,900024,9,54,54054,66,396.0,3.3,5.5143,0.86594915
cold,0,1,0,0.0001,0.1,512,3,5,4,256,6000,8.0,2633729,4,4,9977,4110,900024,9,54,54054,67,402.0,3.35,5.59785,0.86567217
cold,0,1,0,0.0001,0.1,512,3,5,4,256,6000,8.0,2633729,4,4,9977,4110,900024,9,54,54054,68,408.0,3.4,5.6814,0.86573273
cold,0,1,0,0.0001,0.1,512,3,5,4,256,6000,8.0,2633729,4,4,9977,4110,900024,9,54,54054,69,414.0,3.45,5.76495,0.8668499
cold,0,1,0,0.0001,0.1,512,3,5,4,256,6000,8.0,2633729,4,4,9977,4110,900024,9,54,54054,70,420.0,3.5,5.8485,0.86807835
cold,0,1,0,0.0001,0.1,512,3,5,4,256,6000,8.0,2633729,4,4,9977,4110,900024,9,54,54054,71,426.0,3.55,5.93205,0.86862707
cold,0,1,0,0.0001,0.1,512,3,5,4,256,6000,8.0,2633729,4,4,9977,4110,900024,9,54,54054,72,432.0,3.6,6.0156,0.86842865
cold,0,1,0,0.0001,0.1,512,3,5,4,256,6000,8.0,2633729,4,4,9977,4110,900024,9,54,54054,73,438.0,3.65,6.09915,0.8676545
cold,0,1,0,0.0001,0.1,512,3,5,4,256,6000,8.0,2633729,4,4,9977,4110,900024,9,54,54054,74,444.0,3.7,6.1827,0.86678189
cold,0,1,0,0.0001,0.1,512,3,5,4,256,6000,8.0,2633729,4,4,9977,4110,900024,9,54,54054,75,450.0,3.75,6.26625,0.86626416
cold,0,1,0,0.0001,0.1,512,3,5,4,256,6000,8.0,2633729,4,4,9977,4110,900024,9,54,54054,76,456.0,3.8,6.3498,0.86654538
cold,0,1,0,0.0001,0.1,512,3,5,4,256,6000,8.0,2633729,4,4,9977,4110,900024,9,54,54054,77,462.0,3.85,6.43335,0.86855918
cold,0,1,0,0.0001,0.1,512,3,5,4,256,6000,8.0,2633729,4,4,9977,4110,900024,9,54,54054,78,468.0,3.9,6.5169,0.87262434
cold,0,1,0,0.0001,0.1,512,3,5,4,256,6000,8.0,2633729,4,4,9977,4110,900024,9,54,54054,79,474.0,3.95,6.60045,0.87701499
cold,0,1,0,0.0001,0.1,512,3,5,4,256,6000,8.0,2633729,4,4,9977,4110,900024,9,54,54054,80,480.0,4.0,6.684,0.87902045
cold,0,1,0,0.0001,0.1,512,3,5,4,256,6000,8.0,2633729,4,4,9977,4110,900024,9,54,54054,81,486.0,4.05,6.76755,0.87757766
cold,0,1,0,0.0001,0.1,512,3,5,4,256,6000,8.0,2633729,4,4,9977,4110,900024,9,54,54054,82,492.0,4.1,6.8511,0.87457699
cold,0,1,0,0.0001,0.1,512,3,5,4,256,6000,8.0,2633729,4,4,9977,4110,900024,9,54,54054,83,498.0,4.15,6.93465,0.8735522
cold,0,1,0,0.0001,0.1,512,3,5,4,256,6000,8.0,2633729,4,4,9977,4110,900024,9,54,54054,84,504.0,4.2,7.0182,0.87649578
cold,0,1,0,0.0001,0.1,512,3,5,4,256,6000,8.0,2633729,4,4,9977,4110,900024,9,54,54054,85,510.0,4.25,7.10175,0.88151419
cold,0,1,0,0.0001,0.1,512,3,5,4,256,6000,8.0,2633729,4,4,9977,4110,900024,9,54,54054,86,516.0,4.3,7.1853,0.88483161
cold,0,1,0,0.0001,0.1,512,3,5,4,256,6000,8.0,2633729,4,4,9977,4110,900024,9,54,54054,87,522.0,4.35,7.26885,0.88488746
cold,0,1,0,0.0001,0.1,512,3,5,4,256,6000,8.0,2633729,4,4,9977,4110,900024,9,54,54054,88,528.0,4.4,7.3524,0.88303471
cold,0,1,0,0.0001,0.1,512,3,5,4,256,6000,8.0,2633729,4,4,9977,4110,900024,9,54,54054,89,534.0,4.45,7.43595,0.88109171
cold,0,1,0,0.0001,0.1,512,3,5,4,256,6000,8.0,2633729,4,4,9977,4110,900024,9,54,54054,90,540.0,4.5,7.5195,0.87997997
cold,0,1,0,0.0001,0.1,512,3,5,4,256,6000,8.0,2633729,4,4,9977,4110,900024,9,54,54054,91,546.0,4.55,7.60305,0.88027716
cold,0,1,0,0.0001,0.1,512,3,5,4,256,6000,8.0,2633729,4,4,9977,4110,900024,9,54,54054,92,552.0,4.6,7.6866,0.88206816
cold,0,1,0,0.0001,0.1,512,3,5,4,256,6000,8.0,2633729,4,4,9977,4110,900024,9,54,54054,93,558.0,4.65,7.77015,0.8844257
cold,0,1,0,0.0001,0.1,512,3,5,4,256,6000,8.0,2633729,4,4,9977,4110,900024,9,54,54054,94,564.0,4.7,7.8537,0.88603514
cold,0,1,0,0.0001,0.1,512,3,5,4,256,6000,8.0,2633729,4,4,9977,4110,900024,9,54,54054,95,570.0,4.75,7.93725,0.88627368
cold,0,1,0,0.0001,0.1,512,3,5,4,256,6000,8.0,2633729,4,4,9977,4110,900024,9,54,54054,96,576.0,4.8,8.0208,0.88607699
cold,0,1,0,0.0001,0.1,512,3,5,4,256,6000,8.0,2633729,4,4,9977,4110,900024,9,54,54054,97,582.0,4.85,8.10435,0.88758641
cold,0,1,0,0.0001,0.1,512,3,5,4,256,6000,8.0,2633729,4,4,9977,4110,900024,9,54,54054,98,588.0,4.9,8.1879,0.89155465
cold,0,1,0,0.0001,0.1,512,3,5,4,256,6000,8.0,2633729,4,4,9977,4110,900024,9,54,54054,99,594.0,4.95,8.27145,0.89603078
cold,0,1,0,0.0001,0.1,512,3,5,4,256,6000,8.0,2633729,4,4,9977,4110,900024,9,54,54054,100,600.0,5.0,8.355,0.89848673
cold,0,1,0,0.0001,0.1,512,3,5,4,256,6000,8.0,2633729,4,4,9977,4110,900024,9,54,54054,101,606.0,5.05,8.43855,0.89802414
cold,0,1,0,0.0001,0.1,512,3,5,4,256,6000,8.0,2633729,4,4,9977,4110,900024,9,54,54054,102,612.0,5.1,8.5221,0.89569336
cold,0,1,0,0.0001,0.1,512,3,5,4,256,6000,8.0,2633729,4,4,9977,4110,900024,9,54,54054,103,618.0,5.15,8.60565,0.89369708
cold,0,1,0,0.0001,0.1,512,3,5,4,256,6000,8.0,2633729,4,4,9977,4110,900024,9,54,54054,104,624.0,5.2,8.6892,0.89384627
cold,0,1,0,0.0001,0.1,512,3,5,4,256,6000,8.0,2633729,4,4,9977,4110,900024,9,54,54054,105,630.0,5.25,8.77275,0.89559096
cold,0,1,0,0.0001,0.1,512,3,5,4,256,6000,8.0,2633729,4,4,9977,4110,900024,9,54,54054,106,636.0,5.3,8.8563,0.89646101
cold,0,1,0,0.0001,0.1,512,3,5,4,256,6000,8.0,2633729,4,4,9977,4110,900024,9,54,54054,107,642.0,5.35,8.93985,0.89518982
cold,0,1,0,0.0001,0.1,512,3,5,4,256,6000,8.0,2633729,4,4,9977,4110,900024,9,54,54054,108,648.0,5.4,9.0234,0.89321011
cold,0,1,0,0.0001,0.1,512,3,5,4,256,6000,8.0,2633729,4,4,9977,4110,900024,9,54,54054,109,654.0,5.45,9.10695,0.89221662
cold,0,1,0,0.0001,0.1,512,3,5,4,256,6000,8.0,2633729,4,4,9977,4110,900024,9,54,54054,110,660.0,5.5,9.1905,0.89194369
cold,0,1,0,0.0001,0.1,512,3,5,4,256,6000,8.0,2633729,4,4,9977,4110,900024,9,54,54054,111,666.0,5.55,9.27405,0.89162636
cold,0,1,0,0.0001,0.1,512,3,5,4,256,6000,8.0,2633729,4,4,9977,4110,900024,9,54,54054,112,672.0,5.6,9.3576,0.89157474
cold,0,1,0,0.0001,0.1,512,3,5,4,256,6000,8.0,2633729,4,4,9977,4110,900024,9,54,54054,113,678.0,5.65,9.44115,0.89209008
cold,0,1,0,0.0001,0.1,512,3,5,4,256,6000,8.0,2633729,4,4,9977,4110,900024,9,54,54054,114,684.0,5.7,9.5247,0.89262658
cold,0,1,0,0.0001,0.1,512,3,5,4,256,6000,8.0,2633729,4,4,9977,4110,900024,9,54,54054,115,690.0,5.75,9.60825,0.89291924
cold,0,1,0,0.0001,0.1,512,3,5,4,256,6000,8.0,2633729,4,4,9977,4110,900024,9,54,54054,116,696.0,5.8,9.6918,0.89395112
cold,0,1,0,0.0001,0.1,512,3,5,4,256,6000,8.0,2633729,4,4,9977,4110,900024,9,54,54054,117,702.0,5.85,9.77535,0.89703715
cold,0,1,0,0.0001,0.1,512,3,5,4,256,6000,8.0,2633729,4,4,9977,4110,900024,9,54,54054,118,708.0,5.9,9.8589,0.90212464
cold,0,1,0,0.0001,0.1,512,3,5,4,256,6000,8.0,2633729,4,4,9977,4110,900024,9,54,54054,119,714.0,5.95,9.94245,0.90736657
cold,0,1,0,0.0001,0.1,512,3,5,4,256,6000,8.0,2633729,4,4,9977,4110,900024,9,54,54054,120,720.0,6.0,10.026,0.91020846
cold,0,1,0,0.0001,0.1,512,3,5,4,256,6000,8.0,2633729,4,4,9977,4110,900024,9,234,54234,1,6.0,0.05,0.08355,0.04651304
cold,0,1,0,0.0001,0.1,512,3,5,4,256,6000,8.0,2633729,4,4,9977,4110,900024,9,234,54234,2,12.0,0.1,0.1671,0.05344824
cold,0,1,0,0.0001,0.1,512,3,5,4,256,6000,8.0,2633729,4,4,9977,4110,900024,9,234,54234,3,18.0,0.15,0.25065,0.06238555
cold,0,1,0,0.0001,0.1,512,3,5,4,256,6000,8.0,2633729,4,4,9977,4110,900024,9,234,54234,4,24.0,0.2,0.3342,0.07281278
cold,0,1,0,0.0001,0.1,512,3,5,4,256,6000,8.0,2633729,4,4,9977,4110,900024,9,234,54234,5,30.0,0.25,0.41775,0.08372513
cold,0,1,0,0.0001,0.1,512,3,5,4,256,6000,8.0,2633729,4,4,9977,4110,900024,9,234,54234,6,36.0,0.3,0.5013,0.09604954
cold,0,1,0,0.0001,0.1,512,3,5,4,256,6000,8.0,2633729,4,4,9977,4110,900024,9,234,54234,7,42.0,0.35,0.58485,0.10953386
cold,0,1,0,0.0001,0.1,512,3,5,4,256,6000,8.0,2633729,4,4,9977,4110,900024,9,234,54234,8,48.0,0.4,0.6684,0.1249954
cold,0,1,0,0.0001,0.1,512,3,5,4,256,6000,8.0,2633729,4,4,9977,4110,900024,9,234,54234,9,54.0,0.45,0.75195,0.14230886
cold,0,1,0,0.0001,0.1,512,3,5,4,256,6000,8.0,2633729,4,4,9977,4110,900024,9,234,54234,10,60.0,0.5,0.8355,0.15954073
cold,0,1,0,0.0001,0.1,512,3,5,4,256,6000,8.0,2633729,4,4,9977,4110,900024,9,234,54234,11,66.0,0.55,0.91905,0.17574786
cold,0,1,0,0.0001,0.1,512,3,5,4,256,6000,8.0,2633729,4,4,9977,4110,900024,9,234,54234,12,72.0,0.6,1.0026,0.19222668
cold,0,1,0,0.0001,0.1,512,3,5,4,256,6000,8.0,2633729,4,4,9977,4110,900024,9,234,54234,13,78.0,0.65,1.08615,0.21022081
cold,0,1,0,0.0001,0.1,512,3,5,4,256,6000,8.0,2633729,4,4,9977,4110,900024,9,234,54234,14,84.0,0.7,1.1697,0.22963691
cold,0,1,0,0.0001,0.1,512,3,5,4,256,6000,8.0,2633729,4,4,9977,4110,900024,9,234,54234,15,90.0,0.75,1.25325,0.25030327
cold,0,1,0,0.0001,0.1,512,3,5,4,256,6000,8.0,2633729,4,4,9977,4110,900024,9,234,54234,16,96.0,0.8,1.3368,0.27217945
cold,0,1,0,0.0001,0.1,512,3,5,4,256,6000,8.0,2633729,4,4,9977,4110,900024,9,234,54234,17,102.0,0.85,1.42035,0.29545265
cold,0,1,0,0.0001,0.1,512,3,5,4,256,6000,8.0,2633729,4,4,9977,4110,900024,9,234,54234,18,108.0,0.9,1.5039,0.32006308
cold,0,1,0,0.0001,0.1,512,3,5,4,256,6000,8.0,2633729,4,4,9977,4110,900024,9,234,54234,19,114.0,0.95,1.58745,0.34481928
cold,0,1,0,0.0001,0.1,512,3,5,4,256,6000,8.0,2633729,4,4,9977,4110,900024,9,234,54234,20,120.0,1.0,1.671,0.36881009
cold,0,1,0,0.0001,0.1,512,3,5,4,256,6000,8.0,2633729,4,4,9977,4110,900024,9,234,54234,21,126.0,1.05,1.75455,0.39244086
cold,0,1,0,0.0001,0.1,512,3,5,4,256,6000,8.0,2633729,4,4,9977,4110,900024,9,234,54234,22,132.0,1.1,1.8381,0.41561702
cold,0,1,0,0.0001,0.1,512,3,5,4,256,6000,8.0,2633729,4,4,9977,4110,900024,9,234,54234,23,138.0,1.15,1.92165,0.43708694
cold,0,1,0,0.0001,0.1,512,3,5,4,256,6000,8.0,2633729,4,4,9977,4110,900024,9,234,54234,24,144.0,1.2,2.0052,0.45597634
cold,0,1,0,0.0001,0.1,512,3,5,4,256,6000,8.0,2633729,4,4,9977,4110,900024,9,234,54234,25,150.0,1.25,2.08875,0.47285968
cold,0,1,0,0.0001,0.1,512,3,5,4,256,6000,8.0,2633729,4,4,9977,4110,900024,9,234,54234,26,156.0,1.3,2.1723,0.48924127
cold,0,1,0,0.0001,0.1,512,3,5,4,256,6000,8.0,2633729,4,4,9977,4110,900024,9,234,54234,27,162.0,1.35,2.25585,0.50702733
cold,0,1,0,0.0001,0.1,512,3,5,4,256,6000,8.0,2633729,4,4,9977,4110,900024,9,234,54234,28,168.0,1.4,2.3394,0.52702504
cold,0,1,0,0.0001,0.1,512,3,5,4,256,6000,8.0,2633729,4,4,9977,4110,900024,9,234,54234,29,174.0,1.45,2.42295,0.54855591
cold,0,1,0,0.0001,0.1,512,3,5,4,256,6000,8.0,2633729,4,4,9977,4110,900024,9,234,54234,30,180.0,1.5,2.5065,0.57054824
cold,0,1,0,0.0001,0.1,512,3,5,4,256,6000,8.0,2633729,4,4,9977,4110,900024,9,234,54234,31,186.0,1.55,2.59005,0.59177595
cold,0,1,0,0.0001,0.1,512,3,5,4,256,6000,8.0,2633729,4,4,9977,4110,900024,9,234,54234,32,192.0,1.6,2.6736,0.6118924
cold,0,1,0,0.0001,0.1,512,3,5,4,256,6000,8.0,2633729,4,4,9977,4110,900024,9,234,54234,33,198.0,1.65,2.75715,0.6321432
cold,0,1,0,0.0001,0.1,512,3,5,4,256,6000,8.0,2633729,4,4,9977,4110,900024,9,234,54234,34,204.0,1.7,2.8407,0.65365207
cold,0,1,0,0.0001,0.1,512,3,5,4,256,6000,8.0,2633729,4,4,9977,4110,900024,9,234,54234,35,210.0,1.75,2.92425,0.67595583
cold,0,1,0,0.0001,0.1,512,3,5,4,256,6000,8.0,2633729,4,4,9977,4110,900024,9,234,54234,36,216.0,1.8,3.0078,0.69719929
cold,0,1,0,0.0001,0.1,512,3,5,4,256,6000,8.0,2633729,4,4,9977,4110,900024,9,234,54234,37,222.0,1.85,3.09135,0.71525013
cold,0,1,0,0.0001,0.1,512,3,5,4,256,6000,8.0,2633729,4,4,9977,4110,900024,9,234,54234,38,228.0,1.9,3.1749,0.72996932
cold,0,1,0,0.0001,0.1,512,3,5,4,256,6000,8.0,2633729,4,4,9977,4110,900024,9,234,54234,39,234.0,1.95,3.25845,0.74225664
cold,0,1,0,0.0001,0.1,512,3,5,4,256,6000,8.0,2633729,4,4,9977,4110,900024,9,234,54234,40,240.0,2.0,3.342,0.75121975
cold,0,1,0,0.0001,0.1,512,3,5,4,256,6000,8.0,2633729,4,4,9977,4110,900024,9,234,54234,41,246.0,2.05,3.42555,0.75635147
cold,0,1,0,0.0001,0.1,512,3,5,4,256,6000,8.0,2633729,4,4,9977,4110,900024,9,234,54234,42,252.0,2.1,3.5091,0.76004404
cold,0,1,0,0.0001,0.1,512,3,5,4,256,6000,8.0,2633729,4,4,9977,4110,900024,9,234,54234,43,258.0,2.15,3.59265,0.76543766
cold,0,1,0,0.0001,0.1,512,3,5,4,256,6000,8.0,2633729,4,4,9977,4110,900024,9,234,54234,44,264.0,2.2,3.6762,0.77372175
cold,0,1,0,0.0001,0.1,512,3,5,4,256,6000,8.0,2633729,4,4,9977,4110,900024,9,234,54234,45,270.0,2.25,3.75975,0.78368407
cold,0,1,0,0.0001,0.1,512,3,5,4,256,6000,8.0,2633729,4,4,9977,4110,900024,9,234,54234,46,276.0,2.3,3.8433,0.79462767
cold,0,1,0,0.0001,0.1,512,3,5,4,256,6000,8.0,2633729,4,4,9977,4110,900024,9,234,54234,47,282.0,2.35,3.92685,0.8083207
cold,0,1,0,0.0001,0.1,512,3,5,4,256,6000,8.0,2633729,4,4,9977,4110,900024,9,234,54234,48,288.0,2.4,4.0104,0.82461756
cold,0,1,0,0.0001,0.1,512,3,5,4,256,6000,8.0,2633729,4,4,9977,4110,900024,9,234,54234,49,294.0,2.45,4.09395,0.83978254
cold,0,1,0,0.0001,0.1,512,3,5,4,256,6000,8.0,2633729,4,4,9977,4110,900024,9,234,54234,50,300.0,2.5,4.1775,0.85084641
cold,0,1,0,0.0001,0.1,512,3,5,4,256,6000,8.0,2633729,4,4,9977,4110,900024,9,234,54234,51,306.0,2.55,4.26105,0.85798466
cold,0,1,0,0.0001,0.1,512,3,5,4,256,6000,8.0,2633729,4,4,9977,4110,900024,9,234,54234,52,312.0,2.6,4.3446,0.86218441
cold,0,1,0,0.0001,0.1,512,3,5,4,256,6000,8.0,2633729,4,4,9977,4110,900024,9,234,54234,53,318.0,2.65,4.42815,0.8648293
cold,0,1,0,0.0001,0.1,512,3,5,4,256,6000,8.0,2633729,4,4,9977,4110,900024,9,234,54234,54,324.0,2.7,4.5117,0.86815321
cold,0,1,0,0.0001,0.1,512,3,5,4,256,6000,8.0,2633729,4,4,9977,4110,900024,9,234,54234,55,330.0,2.75,4.59525,0.87272936
cold,0,1,0,0.0001,0.1,512,3,5,4,256,6000,8.0,2633729,4,4,9977,4110,900024,9,234,54234,56,336.0,2.8,4.6788,0.87736773
cold,0,1,0,0.0001,0.1,512,3,5,4,256,6000,8.0,2633729,4,4,9977,4110,900024,9,234,54234,57,342.0,2.85,4.76235,0.88122201
cold,0,1,0,0.0001,0.1,512,3,5,4,256,6000,8.0,2633729,4,4,9977,4110,900024,9,234,54234,58,348.0,2.9,4.8459,0.88424057
cold,0,1,0,0.0001,0.1,512,3,5,4,256,6000,8.0,2633729,4,4,9977,4110,900024,9,234,54234,59,354.0,2.95,4.92945,0.88734585
cold,0,1,0,0.0001,0.1,512,3,5,4,256,6000,8.0,2633729,4,4,9977,4110,900024,9,234,54234,60,360.0,3.0,5.013,0.8920632
cold,0,1,0,0.0001,0.1,512,3,5,4,256,6000,8.0,2633729,4,4,9977,4110,900024,9,234,54234,61,366.0,3.05,5.09655,0.89931118
cold,0,1,0,0.0001,0.1,512,3,5,4,256,6000,8.0,2633729,4,4,9977,4110,900024,9,234,54234,62,372.0,3.1,5.1801,0.90802509
cold,0,1,0,0.0001,0.1,512,3,5,4,256,6000,8.0,2633729,4,4,9977,4110,900024,9,234,54234,63,378.0,3.15,5.26365,0.91653419
cold,0,1,0,0.0001,0.1,512,3,5,4,256,6000,8.0,2633729,4,4,9977,4110,900024,9,234,54234,64,384.0,3.2,5.3472,0.92381883
cold,0,1,0,0.0001,0.1,512,3,5,4,256,6000,8.0,2633729,4,4,9977,4110,900024,9,234,54234,65,390.0,3.25,5.43075,0.92846209
cold,0,1,0,0.0001,0.1,512,3,5,4,256,6000,8.0,2633729,4,4,9977,4110,900024,9,234,54234,66,396.0,3.3,5.5143,0.92987162
cold,0,1,0,0.0001,0.1,512,3,5,4,256,6000,8.0,2633729,4,4,9977,4110,900024,9,234,54234,67,402.0,3.35,5.59785,0.92970514
cold,0,1,0,0.0001,0.1,512,3,5,4,256,6000,8.0,2633729,4,4,9977,4110,900024,9,234,54234,68,408.0,3.4,5.6814,0.93009079
cold,0,1,0,0.0001,0.1,512,3,5,4,256,6000,8.0,2633729,4,4,9977,4110,900024,9,234,54234,69,414.0,3.45,5.76495,0.93227434
cold,0,1,0,0.0001,0.1,512,3,5,4,256,6000,8.0,2633729,4,4,9977,4110,900024,9,234,54234,70,420.0,3.5,5.8485,0.93614072
cold,0,1,0,0.0001,0.1,512,3,5,4,256,6000,8.0,2633729,4,4,9977,4110,900024,9,234,54234,71,426.0,3.55,5.93205,0.94022244
cold,0,1,0,0.0001,0.1,512,3,5,4,256,6000,8.0,2633729,4,4,9977,4110,900024,9,234,54234,72,432.0,3.6,6.0156,0.94357198
cold,0,1,0,0.0001,0.1,512,3,5,4,256,6000,8.0,2633729,4,4,9977,4110,900024,9,234,54234,73,438.0,3.65,6.09915,0.94601136
cold,0,1,0,0.0001,0.1,512,3,5,4,256,6000,8.0,2633729,4,4,9977,4110,900024,9,234,54234,74,444.0,3.7,6.1827,0.94713032
cold,0,1,0,0.0001,0.1,512,3,5,4,256,6000,8.0,2633729,4,4,9977,4110,900024,9,234,54234,75,450.0,3.75,6.26625,0.94692844
cold,0,1,0,0.0001,0.1,512,3,5,4,256,6000,8.0,2633729,4,4,9977,4110,900024,9,234,54234,76,456.0,3.8,6.3498,0.94655335
cold,0,1,0,0.0001,0.1,512,3,5,4,256,6000,8.0,2633729,4,4,9977,4110,900024,9,234,54234,77,462.0,3.85,6.43335,0.94690299
cold,0,1,0,0.0001,0.1,512,3,5,4,256,6000,8.0,2633729,4,4,9977,4110,900024,9,234,54234,78,468.0,3.9,6.5169,0.94881481
cold,0,1,0,0.0001,0.1,512,3,5,4,256,6000,8.0,2633729,4,4,9977,4110,900024,9,234,54234,79,474.0,3.95,6.60045,0.95261258
cold,0,1,0,0.0001,0.1,512,3,5,4,256,6000,8.0,2633729,4,4,9977,4110,900024,9,234,54234,80,480.0,4.0,6.684,0.9570635
cold,0,1,0,0.0001,0.1,512,3,5,4,256,6000,8.0,2633729,4,4,9977,4110,900024,9,234,54234,81,486.0,4.05,6.76755,0.96121967
cold,0,1,0,0.0001,0.1,512,3,5,4,256,6000,8.0,2633729,4,4,9977,4110,900024,9,234,54234,82,492.0,4.1,6.8511,0.96538961
cold,0,1,0,0.0001,0.1,512,3,5,4,256,6000,8.0,2633729,4,4,9977,4110,900024,9,234,54234,83,498.0,4.15,6.93465,0.97012889
cold,0,1,0,0.0001,0.1,512,3,5,4,256,6000,8.0,2633729,4,4,9977,4110,900024,9,234,54234,84,504.0,4.2,7.0182,0.97438568
cold,0,1,0,0.0001,0.1,512,3,5,4,256,6000,8.0,2633729,4,4,9977,4110,900024,9,234,54234,85,510.0,4.25,7.10175,0.97613746
cold,0,1,0,0.0001,0.1,512,3,5,4,256,6000,8.0,2633729,4,4,9977,4110,900024,9,234,54234,86,516.0,4.3,7.1853,0.97571576
cold,0,1,0,0.0001,0.1,512,3,5,4,256,6000,8.0,2633729,4,4,9977,4110,900024,9,234,54234,87,522.0,4.35,7.26885,0.97581339
cold,0,1,0,0.0001,0.1,512,3,5,4,256,6000,8.0,2633729,4,4,9977,4110,900024,9,234,54234,88,528.0,4.4,7.3524,0.97713768
cold,0,1,0,0.0001,0.1,512,3,5,4,256,6000,8.0,2633729,4,4,9977,4110,900024,9,234,54234,89,534.0,4.45,7.43595,0.97685373
cold,0,1,0,0.0001,0.1,512,3,5,4,256,6000,8.0,2633729,4,4,9977,4110,900024,9,234,54234,90,540.0,4.5,7.5195,0.97243416
cold,0,1,0,0.0001,0.1,512,3,5,4,256,6000,8.0,2633729,4,4,9977,4110,900024,9,234,54234,91,546.0,4.55,7.60305,0.96585006
cold,0,1,0,0.0001,0.1,512,3,5,4,256,6000,8.0,2633729,4,4,9977,4110,900024,9,234,54234,92,552.0,4.6,7.6866,0.96084648
cold,0,1,0,0.0001,0.1,512,3,5,4,256,6000,8.0,2633729,4,4,9977,4110,900024,9,234,54234,93,558.0,4.65,7.77015,0.95878047
cold,0,1,0,0.0001,0.1,512,3,5,4,256,6000,8.0,2633729,4,4,9977,4110,900024,9,234,54234,94,564.0,4.7,7.8537,0.95921522
cold,0,1,0,0.0001,0.1,512,3,5,4,256,6000,8.0,2633729,4,4,9977,4110,900024,9,234,54234,95,570.0,4.75,7.93725,0.96181804
cold,0,1,0,0.0001,0.1,512,3,5,4,256,6000,8.0,2633729,4,4,9977,4110,900024,9,234,54234,96,576.0,4.8,8.0208,0.9666087
cold,0,1,0,0.0001,0.1,512,3,5,4,256,6000,8.0,2633729,4,4,9977,4110,900024,9,234,54234,97,582.0,4.85,8.10435,0.97421306
cold,0,1,0,0.0001,0.1,512,3,5,4,256,6000,8.0,2633729,4,4,9977,4110,900024,9,234,54234,98,588.0,4.9,8.1879,0.98385817
cold,0,1,0,0.0001,0.1,512,3,5,4,256,6000,8.0,2633729,4,4,9977,4110,900024,9,234,54234,99,594.0,4.95,8.27145,0.99213821
cold,0,1,0,0.0001,0.1,512,3,5,4,256,6000,8.0,2633729,4,4,9977,4110,900024,9,234,54234,100,600.0,5.0,8.355,0.99500382
cold,0,1,0,0.0001,0.1,512,3,5,4,256,6000,8.0,2633729,4,4,9977,4110,900024,9,234,54234,101,606.0,5.05,8.43855,0.99151194
cold,0,1,0,0.0001,0.1,512,3,5,4,256,6000,8.0,2633729,4,4,9977,4110,900024,9,234,54234,102,612.0,5.1,8.5221,0.9844532
cold,0,1,0,0.0001,0.1,512,3,5,4,256,6000,8.0,2633729,4,4,9977,4110,900024,9,234,54234,103,618.0,5.15,8.60565,0.97747296
cold,0,1,0,0.0001,0.1,512,3,5,4,256,6000,8.0,2633729,4,4,9977,4110,900024,9,234,54234,104,624.0,5.2,8.6892,0.97369534
cold,0,1,0,0.0001,0.1,512,3,5,4,256,6000,8.0,2633729,4,4,9977,4110,900024,9,234,54234,105,630.0,5.25,8.77275,0.97361374
cold,0,1,0,0.0001,0.1,512,3,5,4,256,6000,8.0,2633729,4,4,9977,4110,900024,9,234,54234,106,636.0,5.3,8.8563,0.97498894
cold,0,1,0,0.0001,0.1,512,3,5,4,256,6000,8.0,2633729,4,4,9977,4110,900024,9,234,54234,107,642.0,5.35,8.93985,0.97518963
cold,0,1,0,0.0001,0.1,512,3,5,4,256,6000,8.0,2633729,4,4,9977,4110,900024,9,234,54234,108,648.0,5.4,9.0234,0.97309804
cold,0,1,0,0.0001,0.1,512,3,5,4,256,6000,8.0,2633729,4,4,9977,4110,900024,9,234,54234,109,654.0,5.45,9.10695,0.96990585
cold,0,1,0,0.0001,0.1,512,3,5,4,256,6000,8.0,2633729,4,4,9977,4110,900024,9,234,54234,110,660.0,5.5,9.1905,0.96817607
cold,0,1,0,0.0001,0.1,512,3,5,4,256,6000,8.0,2633729,4,4,9977,4110,900024,9,234,54234,111,666.0,5.55,9.27405,0.96933597
cold,0,1,0,0.0001,0.1,512,3,5,4,256,6000,8.0,2633729,4,4,9977,4110,900024,9,234,54234,112,672.0,5.6,9.3576,0.97197104
cold,0,1,0,0.0001,0.1,512,3,5,4,256,6000,8.0,2633729,4,4,9977,4110,900024,9,234,54234,113,678.0,5.65,9.44115,0.97398537
cold,0,1,0,0.0001,0.1,512,3,5,4,256,6000,8.0,2633729,4,4,9977,4110,900024,9,234,54234,114,684.0,5.7,9.5247,0.97516233
cold,0,1,0,0.0001,0.1,512,3,5,4,256,6000,8.0,2633729,4,4,9977,4110,900024,9,234,54234,115,690.0,5.75,9.60825,0.97566533
cold,0,1,0,0.0001,0.1,512,3,5,4,256,6000,8.0,2633729,4,4,9977,4110,900024,9,234,54234,116,696.0,5.8,9.6918,0.97551882
cold,0,1,0,0.0001,0.1,512,3,5,4,256,6000,8.0,2633729,4,4,9977,4110,900024,9,234,54234,117,702.0,5.85,9.77535,0.97604382
cold,0,1,0,0.0001,0.1,512,3,5,4,256,6000,8.0,2633729,4,4,9977,4110,900024,9,234,54234,118,708.0,5.9,9.8589,0.97860491
cold,0,1,0,0.0001,0.1,512,3,5,4,256,6000,8.0,2633729,4,4,9977,4110,900024,9,234,54234,119,714.0,5.95,9.94245,0.9822939
cold,0,1,0,0.0001,0.1,512,3,5,4,256,6000,8.0,2633729,4,4,9977,4110,900024,9,234,54234,120,720.0,6.0,10.026,0.9852708
cold,0,1,0,0.0001,0.1,512,3,5,4,256,6000,8.0,2633729,4,4,9977,4110,900024,9,1023,55023,1,6.0,0.05,0.08355,0.03993832
cold,0,1,0,0.0001,0.1,512,3,5,4,256,6000,8.0,2633729,4,4,9977,4110,900024,9,1023,55023,2,12.0,0.1,0.1671,0.04644605
cold,0,1,0,0.0001,0.1,512,3,5,4,256,6000,8.0,2633729,4,4,9977,4110,900024,9,1023,55023,3,18.0,0.15,0.25065,0.05418345
cold,0,1,0,0.0001,0.1,512,3,5,4,256,6000,8.0,2633729,4,4,9977,4110,900024,9,1023,55023,4,24.0,0.2,0.3342,0.0624828
cold,0,1,0,0.0001,0.1,512,3,5,4,256,6000,8.0,2633729,4,4,9977,4110,900024,9,1023,55023,5,30.0,0.25,0.41775,0.0708077
cold,0,1,0,0.0001,0.1,512,3,5,4,256,6000,8.0,2633729,4,4,9977,4110,900024,9,1023,55023,6,36.0,0.3,0.5013,0.08114001
cold,0,1,0,0.0001,0.1,512,3,5,4,256,6000,8.0,2633729,4,4,9977,4110,900024,9,1023,55023,7,42.0,0.35,0.58485,0.0923949
cold,0,1,0,0.0001,0.1,512,3,5,4,256,6000,8.0,2633729,4,4,9977,4110,900024,9,1023,55023,8,48.0,0.4,0.6684,0.10499913
cold,0,1,0,0.0001,0.1,512,3,5,4,256,6000,8.0,2633729,4,4,9977,4110,900024,9,1023,55023,9,54.0,0.45,0.75195,0.11838938
cold,0,1,0,0.0001,0.1,512,3,5,4,256,6000,8.0,2633729,4,4,9977,4110,900024,9,1023,55023,10,60.0,0.5,0.8355,0.13196887
cold,0,1,0,0.0001,0.1,512,3,5,4,256,6000,8.0,2633729,4,4,9977,4110,900024,9,1023,55023,11,66.0,0.55,0.91905,0.14647059
cold,0,1,0,0.0001,0.1,512,3,5,4,256,6000,8.0,2633729,4,4,9977,4110,900024,9,1023,55023,12,72.0,0.6,1.0026,0.16318156
cold,0,1,0,0.0001,0.1,512,3,5,4,256,6000,8.0,2633729,4,4,9977,4110,900024,9,1023,55023,13,78.0,0.65,1.08615,0.18203558
cold,0,1,0,0.0001,0.1,512,3,5,4,256,6000,8.0,2633729,4,4,9977,4110,900024,9,1023,55023,14,84.0,0.7,1.1697,0.20212209
cold,0,1,0,0.0001,0.1,512,3,5,4,256,6000,8.0,2633729,4,4,9977,4110,900024,9,1023,55023,15,90.0,0.75,1.25325,0.2227463
cold,0,1,0,0.0001,0.1,512,3,5,4,256,6000,8.0,2633729,4,4,9977,4110,900024,9,1023,55023,16,96.0,0.8,1.3368,0.24374332
cold,0,1,0,0.0001,0.1,512,3,5,4,256,6000,8.0,2633729,4,4,9977,4110,900024,9,1023,55023,17,102.0,0.85,1.42035,0.26538965
cold,0,1,0,0.0001,0.1,512,3,5,4,256,6000,8.0,2633729,4,4,9977,4110,900024,9,1023,55023,18,108.0,0.9,1.5039,0.28767365
cold,0,1,0,0.0001,0.1,512,3,5,4,256,6000,8.0,2633729,4,4,9977,4110,900024,9,1023,55023,19,114.0,0.95,1.58745,0.30985579
cold,0,1,0,0.0001,0.1,512,3,5,4,256,6000,8.0,2633729,4,4,9977,4110,900024,9,1023,55023,20,120.0,1.0,1.671,0.33173385
cold,0,1,0,0.0001,0.1,512,3,5,4,256,6000,8.0,2633729,4,4,9977,4110,900024,9,1023,55023,21,126.0,1.05,1.75455,0.35412779
cold,0,1,0,0.0001,0.1,512,3,5,4,256,6000,8.0,2633729,4,4,9977,4110,900024,9,1023,55023,22,132.0,1.1,1.8381,0.37827668
cold,0,1,0,0.0001,0.1,512,3,5,4,256,6000,8.0,2633729,4,4,9977,4110,900024,9,1023,55023,23,138.0,1.15,1.92165,0.40414485
cold,0,1,0,0.0001,0.1,512,3,5,4,256,6000,8.0,2633729,4,4,9977,4110,900024,9,1023,55023,24,144.0,1.2,2.0052,0.43023935
cold,0,1,0,0.0001,0.1,512,3,5,4,256,6000,8.0,2633729,4,4,9977,4110,900024,9,1023,55023,25,150.0,1.25,2.08875,0.45495671
cold,0,1,0,0.0001,0.1,512,3,5,4,256,6000,8.0,2633729,4,4,9977,4110,900024,9,1023,55023,26,156.0,1.3,2.1723,0.47761807
cold,0,1,0,0.0001,0.1,512,3,5,4,256,6000,8.0,2633729,4,4,9977,4110,900024,9,1023,55023,27,162.0,1.35,2.25585,0.49808258
cold,0,1,0,0.0001,0.1,512,3,5,4,256,6000,8.0,2633729,4,4,9977,4110,900024,9,1023,55023,28,168.0,1.4,2.3394,0.5176
cold,0,1,0,0.0001,0.1,512,3,5,4,256,6000,8.0,2633729,4,4,9977,4110,900024,9,1023,55023,29,174.0,1.45,2.42295,0.53886408
cold,0,1,0,0.0001,0.1,512,3,5,4,256,6000,8.0,2633729,4,4,9977,4110,900024,9,1023,55023,30,180.0,1.5,2.5065,0.56309694
cold,0,1,0,0.0001,0.1,512,3,5,4,256,6000,8.0,2633729,4,4,9977,4110,900024,9,1023,55023,31,186.0,1.55,2.59005,0.58859593
cold,0,1,0,0.0001,0.1,512,3,5,4,256,6000,8.0,2633729,4,4,9977,4110,900024,9,1023,55023,32,192.0,1.6,2.6736,0.61349493
cold,0,1,0,0.0001,0.1,512,3,5,4,256,6000,8.0,2633729,4,4,9977,4110,900024,9,1023,55023,33,198.0,1.65,2.75715,0.63569921
cold,0,1,0,0.0001,0.1,512,3,5,4,256,6000,8.0,2633729,4,4,9977,4110,900024,9,1023,55023,34,204.0,1.7,2.8407,0.65385377
cold,0,1,0,0.0001,0.1,512,3,5,4,256,6000,8.0,2633729,4,4,9977,4110,900024,9,1023,55023,35,210.0,1.75,2.92425,0.66913909
cold,0,1,0,0.0001,0.1,512,3,5,4,256,6000,8.0,2633729,4,4,9977,4110,900024,9,1023,55023,36,216.0,1.8,3.0078,0.683267
cold,0,1,0,0.0001,0.1,512,3,5,4,256,6000,8.0,2633729,4,4,9977,4110,900024,9,1023,55023,37,222.0,1.85,3.09135,0.69661081
cold,0,1,0,0.0001,0.1,512,3,5,4,256,6000,8.0,2633729,4,4,9977,4110,900024,9,1023,55023,38,228.0,1.9,3.1749,0.70911944
cold,0,1,0,0.0001,0.1,512,3,5,4,256,6000,8.0,2633729,4,4,9977,4110,900024,9,1023,55023,39,234.0,1.95,3.25845,0.72130674
cold,0,1,0,0.0001,0.1,512,3,5,4,256,6000,8.0,2633729,4,4,9977,4110,900024,9,1023,55023,40,240.0,2.0,3.342,0.73383486
cold,0,1,0,0.0001,0.1,512,3,5,4,256,6000,8.0,2633729,4,4,9977,4110,900024,9,1023,55023,41,246.0,2.05,3.42555,0.74695963
cold,0,1,0,0.0001,0.1,512,3,5,4,256,6000,8.0,2633729,4,4,9977,4110,900024,9,1023,55023,42,252.0,2.1,3.5091,0.76034307
cold,0,1,0,0.0001,0.1,512,3,5,4,256,6000,8.0,2633729,4,4,9977,4110,900024,9,1023,55023,43,258.0,2.15,3.59265,0.77307487
cold,0,1,0,0.0001,0.1,512,3,5,4,256,6000,8.0,2633729,4,4,9977,4110,900024,9,1023,55023,44,264.0,2.2,3.6762,0.78415608
cold,0,1,0,0.0001,0.1,512,3,5,4,256,6000,8.0,2633729,4,4,9977,4110,900024,9,1023,55023,45,270.0,2.25,3.75975,0.79340363
cold,0,1,0,0.0001,0.1,512,3,5,4,256,6000,8.0,2633729,4,4,9977,4110,900024,9,1023,55023,46,276.0,2.3,3.8433,0.80198026
cold,0,1,0,0.0001,0.1,512,3,5,4,256,6000,8.0,2633729,4,4,9977,4110,900024,9,1023,55023,47,282.0,2.35,3.92685,0.81204766
cold,0,1,0,0.0001,0.1,512,3,5,4,256,6000,8.0,2633729,4,4,9977,4110,900024,9,1023,55023,48,288.0,2.4,4.0104,0.82464814
cold,0,1,0,0.0001,0.1,512,3,5,4,256,6000,8.0,2633729,4,4,9977,4110,900024,9,1023,55023,49,294.0,2.45,4.09395,0.83910406
cold,0,1,0,0.0001,0.1,512,3,5,4,256,6000,8.0,2633729,4,4,9977,4110,900024,9,1023,55023,50,300.0,2.5,4.1775,0.85397333
cold,0,1,0,0.0001,0.1,512,3,5,4,256,6000,8.0,2633729,4,4,9977,4110,900024,9,1023,55023,51,306.0,2.55,4.26105,0.86666399
cold,0,1,0,0.0001,0.1,512,3,5,4,256,6000,8.0,2633729,4,4,9977,4110,900024,9,1023,55023,52,312.0,2.6,4.3446,0.87563294
cold,0,1,0,0.0001,0.1,512,3,5,4,256,6000,8.0,2633729,4,4,9977,4110,900024,9,1023,55023,53,318.0,2.65,4.42815,0.88190478
cold,0,1,0,0.0001,0.1,512,3,5,4,256,6000,8.0,2633729,4,4,9977,4110,900024,9,1023,55023,54,324.0,2.7,4.5117,0.88699096
cold,0,1,0,0.0001,0.1,512,3,5,4,256,6000,8.0,2633729,4,4,9977,4110,900024,9,1023,55023,55,330.0,2.75,4.59525,0.89094472
cold,0,1,0,0.0001,0.1,512,3,5,4,256,6000,8.0,2633729,4,4,9977,4110,900024,9,1023,55023,56,336.0,2.8,4.6788,0.89355391
cold,0,1,0,0.0001,0.1,512,3,5,4,256,6000,8.0,2633729,4,4,9977,4110,900024,9,1023,55023,57,342.0,2.85,4.76235,0.89604622
cold,0,1,0,0.0001,0.1,512,3,5,4,256,6000,8.0,2633729,4,4,9977,4110,900024,9,1023,55023,58,348.0,2.9,4.8459,0.89954609
cold,0,1,0,0.0001,0.1,512,3,5,4,256,6000,8.0,2633729,4,4,9977,4110,900024,9,1023,55023,59,354.0,2.95,4.92945,0.90373313
cold,0,1,0,0.0001,0.1,512,3,5,4,256,6000,8.0,2633729,4,4,9977,4110,900024,9,1023,55023,60,360.0,3.0,5.013,0.90859413
cold,0,1,0,0.0001,0.1,512,3,5,4,256,6000,8.0,2633729,4,4,9977,4110,900024,9,1023,55023,61,366.0,3.05,5.09655,0.91531616
cold,0,1,0,0.0001,0.1,512,3,5,4,256,6000,8.0,2633729,4,4,9977,4110,900024,9,1023,55023,62,372.0,3.1,5.1801,0.9241305
cold,0,1,0,0.0001,0.1,512,3,5,4,256,6000,8.0,2633729,4,4,9977,4110,900024,9,1023,55023,63,378.0,3.15,5.26365,0.93316936
cold,0,1,0,0.0001,0.1,512,3,5,4,256,6000,8.0,2633729,4,4,9977,4110,900024,9,1023,55023,64,384.0,3.2,5.3472,0.9404161
cold,0,1,0,0.0001,0.1,512,3,5,4,256,6000,8.0,2633729,4,4,9977,4110,900024,9,1023,55023,65,390.0,3.25,5.43075,0.94548458
cold,0,1,0,0.0001,0.1,512,3,5,4,256,6000,8.0,2633729,4,4,9977,4110,900024,9,1023,55023,66,396.0,3.3,5.5143,0.94906121
cold,0,1,0,0.0001,0.1,512,3,5,4,256,6000,8.0,2633729,4,4,9977,4110,900024,9,1023,55023,67,402.0,3.35,5.59785,0.9520272
cold,0,1,0,0.0001,0.1,512,3,5,4,256,6000,8.0,2633729,4,4,9977,4110,900024,9,1023,55023,68,408.0,3.4,5.6814,0.95515943
cold,0,1,0,0.0001,0.1,512,3,5,4,256,6000,8.0,2633729,4,4,9977,4110,900024,9,1023,55023,69,414.0,3.45,5.76495,0.95840245
cold,0,1,0,0.0001,0.1,512,3,5,4,256,6000,8.0,2633729,4,4,9977,4110,900024,9,1023,55023,70,420.0,3.5,5.8485,0.96079737
cold,0,1,0,0.0001,0.1,512,3,5,4,256,6000,8.0,2633729,4,4,9977,4110,900024,9,1023,55023,71,426.0,3.55,5.93205,0.96175212
cold,0,1,0,0.0001,0.1,512,3,5,4,256,6000,8.0,2633729,4,4,9977,4110,900024,9,1023,55023,72,432.0,3.6,6.0156,0.96247286
cold,0,1,0,0.0001,0.1,512,3,5,4,256,6000,8.0,2633729,4,4,9977,4110,900024,9,1023,55023,73,438.0,3.65,6.09915,0.96466368
cold,0,1,0,0.0001,0.1,512,3,5,4,256,6000,8.0,2633729,4,4,9977,4110,900024,9,1023,55023,74,444.0,3.7,6.1827,0.96847838
cold,0,1,0,0.0001,0.1,512,3,5,4,256,6000,8.0,2633729,4,4,9977,4110,900024,9,1023,55023,75,450.0,3.75,6.26625,0.97289538
cold,0,1,0,0.0001,0.1,512,3,5,4,256,6000,8.0,2633729,4,4,9977,4110,900024,9,1023,55023,76,456.0,3.8,6.3498,0.97712493
cold,0,1,0,0.0001,0.1,512,3,5,4,256,6000,8.0,2633729,4,4,9977,4110,900024,9,1023,55023,77,462.0,3.85,6.43335,0.98153156
cold,0,1,0,0.0001,0.1,512,3,5,4,256,6000,8.0,2633729,4,4,9977,4110,900024,9,1023,55023,78,468.0,3.9,6.5169,0.98639858
cold,0,1,0,0.0001,0.1,512,3,5,4,256,6000,8.0,2633729,4,4,9977,4110,900024,9,1023,55023,79,474.0,3.95,6.60045,0.99075067
cold,0,1,0,0.0001,0.1,512,3,5,4,256,6000,8.0,2633729,4,4,9977,4110,900024,9,1023,55023,80,480.0,4.0,6.684,0.99306566
cold,0,1,0,0.0001,0.1,512,3,5,4,256,6000,8.0,2633729,4,4,9977,4110,900024,9,1023,55023,81,486.0,4.05,6.76755,0.99232632
cold,0,1,0,0.0001,0.1,512,3,5,4,256,6000,8.0,2633729,4,4,9977,4110,900024,9,1023,55023,82,492.0,4.1,6.8511,0.98978066
cold,0,1,0,0.0001,0.1,512,3,5,4,256,6000,8.0,2633729,4,4,9977,4110,900024,9,1023,55023,83,498.0,4.15,6.93465,0.98871601
cold,0,1,0,0.0001,0.1,512,3,5,4,256,6000,8.0,2633729,4,4,9977,4110,900024,9,1023,55023,84,504.0,4.2,7.0182,0.99102336
cold,0,1,0,0.0001,0.1,512,3,5,4,256,6000,8.0,2633729,4,4,9977,4110,900024,9,1023,55023,85,510.0,4.25,7.10175,0.9951148
cold,0,1,0,0.0001,0.1,512,3,5,4,256,6000,8.0,2633729,4,4,9977,4110,900024,9,1023,55023,86,516.0,4.3,7.1853,0.99727029
cold,0,1,0,0.0001,0.1,512,3,5,4,256,6000,8.0,2633729,4,4,9977,4110,900024,9,1023,55023,87,522.0,4.35,7.26885,0.99574465
cold,0,1,0,0.0001,0.1,512,3,5,4,256,6000,8.0,2633729,4,4,9977,4110,900024,9,1023,55023,88,528.0,4.4,7.3524,0.99154353
cold,0,1,0,0.0001,0.1,512,3,5,4,256,6000,8.0,2633729,4,4,9977,4110,900024,9,1023,55023,89,534.0,4.45,7.43595,0.9864127
cold,0,1,0,0.0001,0.1,512,3,5,4,256,6000,8.0,2633729,4,4,9977,4110,900024,9,1023,55023,90,540.0,4.5,7.5195,0.98256123
cold,0,1,0,0.0001,0.1,512,3,5,4,256,6000,8.0,2633729,4,4,9977,4110,900024,9,1023,55023,91,546.0,4.55,7.60305,0.98075485
cold,0,1,0,0.0001,0.1,512,3,5,4,256,6000,8.0,2633729,4,4,9977,4110,900024,9,1023,55023,92,552.0,4.6,7.6866,0.97978371
cold,0,1,0,0.0001,0.1,512,3,5,4,256,6000,8.0,2633729,4,4,9977,4110,900024,9,1023,55023,93,558.0,4.65,7.77015,0.97897351
cold,0,1,0,0.0001,0.1,512,3,5,4,256,6000,8.0,2633729,4,4,9977,4110,900024,9,1023,55023,94,564.0,4.7,7.8537,0.97860533
cold,0,1,0,0.0001,0.1,512,3,5,4,256,6000,8.0,2633729,4,4,9977,4110,900024,9,1023,55023,95,570.0,4.75,7.93725,0.97831172
cold,0,1,0,0.0001,0.1,512,3,5,4,256,6000,8.0,2633729,4,4,9977,4110,900024,9,1023,55023,96,576.0,4.8,8.0208,0.97745049
cold,0,1,0,0.0001,0.1,512,3,5,4,256,6000,8.0,2633729,4,4,9977,4110,900024,9,1023,55023,97,582.0,4.85,8.10435,0.97658634
cold,0,1,0,0.0001,0.1,512,3,5,4,256,6000,8.0,2633729,4,4,9977,4110,900024,9,1023,55023,98,588.0,4.9,8.1879,0.97697794
cold,0,1,0,0.0001,0.1,512,3,5,4,256,6000,8.0,2633729,4,4,9977,4110,900024,9,1023,55023,99,594.0,4.95,8.27145,0.97899675
cold,0,1,0,0.0001,0.1,512,3,5,4,256,6000,8.0,2633729,4,4,9977,4110,900024,9,1023,55023,100,600.0,5.0,8.355,0.98151153
cold,0,1,0,0.0001,0.1,512,3,5,4,256,6000,8.0,2633729,4,4,9977,4110,900024,9,1023,55023,101,606.0,5.05,8.43855,0.98453397
cold,0,1,0,0.0001,0.1,512,3,5,4,256,6000,8.0,2633729,4,4,9977,4110,900024,9,1023,55023,102,612.0,5.1,8.5221,0.98955685
cold,0,1,0,0.0001,0.1,512,3,5,4,256,6000,8.0,2633729,4,4,9977,4110,900024,9,1023,55023,103,618.0,5.15,8.60565,0.99563462
cold,0,1,0,0.0001,0.1,512,3,5,4,256,6000,8.0,2633729,4,4,9977,4110,900024,9,1023,55023,104,624.0,5.2,8.6892,1.00006056
cold,0,1,0,0.0001,0.1,512,3,5,4,256,6000,8.0,2633729,4,4,9977,4110,900024,9,1023,55023,105,630.0,5.25,8.77275,1.00195134
cold,0,1,0,0.0001,0.1,512,3,5,4,256,6000,8.0,2633729,4,4,9977,4110,900024,9,1023,55023,106,636.0,5.3,8.8563,1.00261104
cold,0,1,0,0.0001,0.1,512,3,5,4,256,6000,8.0,2633729,4,4,9977,4110,900024,9,1023,55023,107,642.0,5.35,8.93985,1.00299752
cold,0,1,0,0.0001,0.1,512,3,5,4,256,6000,8.0,2633729,4,4,9977,4110,900024,9,1023,55023,108,648.0,5.4,9.0234,1.00281751
cold,0,1,0,0.0001,0.1,512,3,5,4,256,6000,8.0,2633729,4,4,9977,4110,900024,9,1023,55023,109,654.0,5.45,9.10695,1.0016253
cold,0,1,0,0.0001,0.1,512,3,5,4,256,6000,8.0,2633729,4,4,9977,4110,900024,9,1023,55023,110,660.0,5.5,9.1905,0.99974853
cold,0,1,0,0.0001,0.1,512,3,5,4,256,6000,8.0,2633729,4,4,9977,4110,900024,9,1023,55023,111,666.0,5.55,9.27405,0.99880177
cold,0,1,0,0.0001,0.1,512,3,5,4,256,6000,8.0,2633729,4,4,9977,4110,900024,9,1023,55023,112,672.0,5.6,9.3576,1.00021362
cold,0,1,0,0.0001,0.1,512,3,5,4,256,6000,8.0,2633729,4,4,9977,4110,900024,9,1023,55023,113,678.0,5.65,9.44115,1.00343025
cold,0,1,0,0.0001,0.1,512,3,5,4,256,6000,8.0,2633729,4,4,9977,4110,900024,9,1023,55023,114,684.0,5.7,9.5247,1.00716007
cold,0,1,0,0.0001,0.1,512,3,5,4,256,6000,8.0,2633729,4,4,9977,4110,900024,9,1023,55023,115,690.0,5.75,9.60825,1.00993419
cold,0,1,0,0.0001,0.1,512,3,5,4,256,6000,8.0,2633729,4,4,9977,4110,900024,9,1023,55023,116,696.0,5.8,9.6918,1.01011646
cold,0,1,0,0.0001,0.1,512,3,5,4,256,6000,8.0,2633729,4,4,9977,4110,900024,9,1023,55023,117,702.0,5.85,9.77535,1.00769472
cold,0,1,0,0.0001,0.1,512,3,5,4,256,6000,8.0,2633729,4,4,9977,4110,900024,9,1023,55023,118,708.0,5.9,9.8589,1.00425565
cold,0,1,0,0.0001,0.1,512,3,5,4,256,6000,8.0,2633729,4,4,9977,4110,900024,9,1023,55023,119,714.0,5.95,9.94245,1.001526
cold,0,1,0,0.0001,0.1,512,3,5,4,256,6000,8.0,2633729,4,4,9977,4110,900024,9,1023,55023,120,720.0,6.0,10.026,0.99993443
cold,0,1,0,0.0001,0.1,512,3,5,4,256,6000,8.0,2633729,4,4,9977,4110,900024,9,4468,58468,1,6.0,0.05,0.08355,0.03780181
cold,0,1,0,0.0001,0.1,512,3,5,4,256,6000,8.0,2633729,4,4,9977,4110,900024,9,4468,58468,2,12.0,0.1,0.1671,0.04472851
cold,0,1,0,0.0001,0.1,512,3,5,4,256,6000,8.0,2633729,4,4,9977,4110,900024,9,4468,58468,3,18.0,0.15,0.25065,0.05234726
cold,0,1,0,0.0001,0.1,512,3,5,4,256,6000,8.0,2633729,4,4,9977,4110,900024,9,4468,58468,4,24.0,0.2,0.3342,0.06024532
cold,0,1,0,0.0001,0.1,512,3,5,4,256,6000,8.0,2633729,4,4,9977,4110,900024,9,4468,58468,5,30.0,0.25,0.41775,0.06812981
cold,0,1,0,0.0001,0.1,512,3,5,4,256,6000,8.0,2633729,4,4,9977,4110,900024,9,4468,58468,6,36.0,0.3,0.5013,0.07853226
cold,0,1,0,0.0001,0.1,512,3,5,4,256,6000,8.0,2633729,4,4,9977,4110,900024,9,4468,58468,7,42.0,0.35,0.58485,0.08927463
cold,0,1,0,0.0001,0.1,512,3,5,4,256,6000,8.0,2633729,4,4,9977,4110,900024,9,4468,58468,8,48.0,0.4,0.6684,0.10065459
cold,0,1,0,0.0001,0.1,512,3,5,4,256,6000,8.0,2633729,4,4,9977,4110,900024,9,4468,58468,9,54.0,0.45,0.75195,0.11266124
cold,0,1,0,0.0001,0.1,512,3,5,4,256,6000,8.0,2633729,4,4,9977,4110,900024,9,4468,58468,10,60.0,0.5,0.8355,0.12500125
cold,0,1,0,0.0001,0.1,512,3,5,4,256,6000,8.0,2633729,4,4,9977,4110,900024,9,4468,58468,11,66.0,0.55,0.91905,0.13830699
cold,0,1,0,0.0001,0.1,512,3,5,4,256,6000,8.0,2633729,4,4,9977,4110,900024,9,4468,58468,12,72.0,0.6,1.0026,0.15371795
cold,0,1,0,0.0001,0.1,512,3,5,4,256,6000,8.0,2633729,4,4,9977,4110,900024,9,4468,58468,13,78.0,0.65,1.08615,0.17103808
cold,0,1,0,0.0001,0.1,512,3,5,4,256,6000,8.0,2633729,4,4,9977,4110,900024,9,4468,58468,14,84.0,0.7,1.1697,0.18963285
cold,0,1,0,0.0001,0.1,512,3,5,4,256,6000,8.0,2633729,4,4,9977,4110,900024,9,4468,58468,15,90.0,0.75,1.25325,0.2090231
cold,0,1,0,0.0001,0.1,512,3,5,4,256,6000,8.0,2633729,4,4,9977,4110,900024,9,4468,58468,16,96.0,0.8,1.3368,0.22908477
cold,0,1,0,0.0001,0.1,512,3,5,4,256,6000,8.0,2633729,4,4,9977,4110,900024,9,4468,58468,17,102.0,0.85,1.42035,0.25047413
cold,0,1,0,0.0001,0.1,512,3,5,4,256,6000,8.0,2633729,4,4,9977,4110,900024,9,4468,58468,18,108.0,0.9,1.5039,0.27351141
cold,0,1,0,0.0001,0.1,512,3,5,4,256,6000,8.0,2633729,4,4,9977,4110,900024,9,4468,58468,19,114.0,0.95,1.58745,0.29723343
cold,0,1,0,0.0001,0.1,512,3,5,4,256,6000,8.0,2633729,4,4,9977,4110,900024,9,4468,58468,20,120.0,1.0,1.671,0.32024595
cold,0,1,0,0.0001,0.1,512,3,5,4,256,6000,8.0,2633729,4,4,9977,4110,900024,9,4468,58468,21,126.0,1.05,1.75455,0.34117293
cold,0,1,0,0.0001,0.1,512,3,5,4,256,6000,8.0,2633729,4,4,9977,4110,900024,9,4468,58468,22,132.0,1.1,1.8381,0.36055765
cold,0,1,0,0.0001,0.1,512,3,5,4,256,6000,8.0,2633729,4,4,9977,4110,900024,9,4468,58468,23,138.0,1.15,1.92165,0.38044143
cold,0,1,0,0.0001,0.1,512,3,5,4,256,6000,8.0,2633729,4,4,9977,4110,900024,9,4468,58468,24,144.0,1.2,2.0052,0.40160292
cold,0,1,0,0.0001,0.1,512,3,5,4,256,6000,8.0,2633729,4,4,9977,4110,900024,9,4468,58468,25,150.0,1.25,2.08875,0.42216986
cold,0,1,0,0.0001,0.1,512,3,5,4,256,6000,8.0,2633729,4,4,9977,4110,900024,9,4468,58468,26,156.0,1.3,2.1723,0.44023934
cold,0,1,0,0.0001,0.1,512,3,5,4,256,6000,8.0,2633729,4,4,9977,4110,900024,9,4468,58468,27,162.0,1.35,2.25585,0.45706108
cold,0,1,0,0.0001,0.1,512,3,5,4,256,6000,8.0,2633729,4,4,9977,4110,900024,9,4468,58468,28,168.0,1.4,2.3394,0.47603637
cold,0,1,0,0.0001,0.1,512,3,5,4,256,6000,8.0,2633729,4,4,9977,4110,900024,9,4468,58468,29,174.0,1.45,2.42295,0.49857572
cold,0,1,0,0.0001,0.1,512,3,5,4,256,6000,8.0,2633729,4,4,9977,4110,900024,9,4468,58468,30,180.0,1.5,2.5065,0.52271062
cold,0,1,0,0.0001,0.1,512,3,5,4,256,6000,8.0,2633729,4,4,9977,4110,900024,9,4468,58468,31,186.0,1.55,2.59005,0.54558963
cold,0,1,0,0.0001,0.1,512,3,5,4,256,6000,8.0,2633729,4,4,9977,4110,900024,9,4468,58468,32,192.0,1.6,2.6736,0.5665307
cold,0,1,0,0.0001,0.1,512,3,5,4,256,6000,8.0,2633729,4,4,9977,4110,900024,9,4468,58468,33,198.0,1.65,2.75715,0.58629155
cold,0,1,0,0.0001,0.1,512,3,5,4,256,6000,8.0,2633729,4,4,9977,4110,900024,9,4468,58468,34,204.0,1.7,2.8407,0.6052193
cold,0,1,0,0.0001,0.1,512,3,5,4,256,6000,8.0,2633729,4,4,9977,4110,900024,9,4468,58468,35,210.0,1.75,2.92425,0.62329549
cold,0,1,0,0.0001,0.1,512,3,5,4,256,6000,8.0,2633729,4,4,9977,4110,900024,9,4468,58468,36,216.0,1.8,3.0078,0.64035815
cold,0,1,0,0.0001,0.1,512,3,5,4,256,6000,8.0,2633729,4,4,9977,4110,900024,9,4468,58468,37,222.0,1.85,3.09135,0.65553081
cold,0,1,0,0.0001,0.1,512,3,5,4,256,6000,8.0,2633729,4,4,9977,4110,900024,9,4468,58468,38,228.0,1.9,3.1749,0.66865849
cold,0,1,0,0.0001,0.1,512,3,5,4,256,6000,8.0,2633729,4,4,9977,4110,900024,9,4468,58468,39,234.0,1.95,3.25845,0.68188
cold,0,1,0,0.0001,0.1,512,3,5,4,256,6000,8.0,2633729,4,4,9977,4110,900024,9,4468,58468,40,240.0,2.0,3.342,0.69769478
cold,0,1,0,0.0001,0.1,512,3,5,4,256,6000,8.0,2633729,4,4,9977,4110,900024,9,4468,58468,41,246.0,2.05,3.42555,0.71577489
cold,0,1,0,0.0001,0.1,512,3,5,4,256,6000,8.0,2633729,4,4,9977,4110,900024,9,4468,58468,42,252.0,2.1,3.5091,0.73365843
cold,0,1,0,0.0001,0.1,512,3,5,4,256,6000,8.0,2633729,4,4,9977,4110,900024,9,4468,58468,43,258.0,2.15,3.59265,0.74948305
cold,0,1,0,0.0001,0.1,512,3,5,4,256,6000,8.0,2633729,4,4,9977,4110,900024,9,4468,58468,44,264.0,2.2,3.6762,0.76224375
cold,0,1,0,0.0001,0.1,512,3,5,4,256,6000,8.0,2633729,4,4,9977,4110,900024,9,4468,58468,45,270.0,2.25,3.75975,0.77050078
cold,0,1,0,0.0001,0.1,512,3,5,4,256,6000,8.0,2633729,4,4,9977,4110,900024,9,4468,58468,46,276.0,2.3,3.8433,0.77355099
cold,0,1,0,0.0001,0.1,512,3,5,4,256,6000,8.0,2633729,4,4,9977,4110,900024,9,4468,58468,47,282.0,2.35,3.92685,0.77495664
cold,0,1,0,0.0001,0.1,512,3,5,4,256,6000,8.0,2633729,4,4,9977,4110,900024,9,4468,58468,48,288.0,2.4,4.0104,0.78044379
cold,0,1,0,0.0001,0.1,512,3,5,4,256,6000,8.0,2633729,4,4,9977,4110,900024,9,4468,58468,49,294.0,2.45,4.09395,0.79252779
cold,0,1,0,0.0001,0.1,512,3,5,4,256,6000,8.0,2633729,4,4,9977,4110,900024,9,4468,58468,50,300.0,2.5,4.1775,0.80842185
cold,0,1,0,0.0001,0.1,512,3,5,4,256,6000,8.0,2633729,4,4,9977,4110,900024,9,4468,58468,51,306.0,2.55,4.26105,0.82219756
cold,0,1,0,0.0001,0.1,512,3,5,4,256,6000,8.0,2633729,4,4,9977,4110,900024,9,4468,58468,52,312.0,2.6,4.3446,0.83074284
cold,0,1,0,0.0001,0.1,512,3,5,4,256,6000,8.0,2633729,4,4,9977,4110,900024,9,4468,58468,53,318.0,2.65,4.42815,0.83584476
cold,0,1,0,0.0001,0.1,512,3,5,4,256,6000,8.0,2633729,4,4,9977,4110,900024,9,4468,58468,54,324.0,2.7,4.5117,0.84019911
cold,0,1,0,0.0001,0.1,512,3,5,4,256,6000,8.0,2633729,4,4,9977,4110,900024,9,4468,58468,55,330.0,2.75,4.59525,0.84402829
cold,0,1,0,0.0001,0.1,512,3,5,4,256,6000,8.0,2633729,4,4,9977,4110,900024,9,4468,58468,56,336.0,2.8,4.6788,0.84658945
cold,0,1,0,0.0001,0.1,512,3,5,4,256,6000,8.0,2633729,4,4,9977,4110,900024,9,4468,58468,57,342.0,2.85,4.76235,0.84829396
cold,0,1,0,0.0001,0.1,512,3,5,4,256,6000,8.0,2633729,4,4,9977,4110,900024,9,4468,58468,58,348.0,2.9,4.8459,0.8502
cold,0,1,0,0.0001,0.1,512,3,5,4,256,6000,8.0,2633729,4,4,9977,4110,900024,9,4468,58468,59,354.0,2.95,4.92945,0.85306716
cold,0,1,0,0.0001,0.1,512,3,5,4,256,6000,8.0,2633729,4,4,9977,4110,900024,9,4468,58468,60,360.0,3.0,5.013,0.8576951
cold,0,1,0,0.0001,0.1,512,3,5,4,256,6000,8.0,2633729,4,4,9977,4110,900024,9,4468,58468,61,366.0,3.05,5.09655,0.86491352
cold,0,1,0,0.0001,0.1,512,3,5,4,256,6000,8.0,2633729,4,4,9977,4110,900024,9,4468,58468,62,372.0,3.1,5.1801,0.87451661
cold,0,1,0,0.0001,0.1,512,3,5,4,256,6000,8.0,2633729,4,4,9977,4110,900024,9,4468,58468,63,378.0,3.15,5.26365,0.88491964
cold,0,1,0,0.0001,0.1,512,3,5,4,256,6000,8.0,2633729,4,4,9977,4110,900024,9,4468,58468,64,384.0,3.2,5.3472,0.89387363
cold,0,1,0,0.0001,0.1,512,3,5,4,256,6000,8.0,2633729,4,4,9977,4110,900024,9,4468,58468,65,390.0,3.25,5.43075,0.89971304
cold,0,1,0,0.0001,0.1,512,3,5,4,256,6000,8.0,2633729,4,4,9977,4110,900024,9,4468,58468,66,396.0,3.3,5.5143,0.90346795
cold,0,1,0,0.0001,0.1,512,3,5,4,256,6000,8.0,2633729,4,4,9977,4110,900024,9,4468,58468,67,402.0,3.35,5.59785,0.90731806
cold,0,1,0,0.0001,0.1,512,3,5,4,256,6000,8.0,2633729,4,4,9977,4110,900024,9,4468,58468,68,408.0,3.4,5.6814,0.91211051
cold,0,1,0,0.0001,0.1,512,3,5,4,256,6000,8.0,2633729,4,4,9977,4110,900024,9,4468,58468,69,414.0,3.45,5.76495,0.91743439
cold,0,1,0,0.0001,0.1,512,3,5,4,256,6000,8.0,2633729,4,4,9977,4110,900024,9,4468,58468,70,420.0,3.5,5.8485,0.92303407
cold,0,1,0,0.0001,0.1,512,3,5,4,256,6000,8.0,2633729,4,4,9977,4110,900024,9,4468,58468,71,426.0,3.55,5.93205,0.92965382
cold,0,1,0,0.0001,0.1,512,3,5,4,256,6000,8.0,2633729,4,4,9977,4110,900024,9,4468,58468,72,432.0,3.6,6.0156,0.93670803
cold,0,1,0,0.0001,0.1,512,3,5,4,256,6000,8.0,2633729,4,4,9977,4110,900024,9,4468,58468,73,438.0,3.65,6.09915,0.94230205
cold,0,1,0,0.0001,0.1,512,3,5,4,256,6000,8.0,2633729,4,4,9977,4110,900024,9,4468,58468,74,444.0,3.7,6.1827,0.94562817
cold,0,1,0,0.0001,0.1,512,3,5,4,256,6000,8.0,2633729,4,4,9977,4110,900024,9,4468,58468,75,450.0,3.75,6.26625,0.94731098
cold,0,1,0,0.0001,0.1,512,3,5,4,256,6000,8.0,2633729,4,4,9977,4110,900024,9,4468,58468,76,456.0,3.8,6.3498,0.94833374
cold,0,1,0,0.0001,0.1,512,3,5,4,256,6000,8.0,2633729,4,4,9977,4110,900024,9,4468,58468,77,462.0,3.85,6.43335,0.94924068
cold,0,1,0,0.0001,0.1,512,3,5,4,256,6000,8.0,2633729,4,4,9977,4110,900024,9,4468,58468,78,468.0,3.9,6.5169,0.95002693
cold,0,1,0,0.0001,0.1,512,3,5,4,256,6000,8.0,2633729,4,4,9977,4110,900024,9,4468,58468,79,474.0,3.95,6.60045,0.95080733
cold,0,1,0,0.0001,0.1,512,3,5,4,256,6000,8.0,2633729,4,4,9977,4110,900024,9,4468,58468,80,480.0,4.0,6.684,0.95234448
cold,0,1,0,0.0001,0.1,512,3,5,4,256,6000,8.0,2633729,4,4,9977,4110,900024,9,4468,58468,81,486.0,4.05,6.76755,0.95596904
cold,0,1,0,0.0001,0.1,512,3,5,4,256,6000,8.0,2633729,4,4,9977,4110,900024,9,4468,58468,82,492.0,4.1,6.8511,0.96190286
cold,0,1,0,0.0001,0.1,512,3,5,4,256,6000,8.0,2633729,4,4,9977,4110,900024,9,4468,58468,83,498.0,4.15,6.93465,0.96833509
cold,0,1,0,0.0001,0.1,512,3,5,4,256,6000,8.0,2633729,4,4,9977,4110,900024,9,4468,58468,84,504.0,4.2,7.0182,0.97416425
cold,0,1,0,0.0001,0.1,512,3,5,4,256,6000,8.0,2633729,4,4,9977,4110,900024,9,4468,58468,85,510.0,4.25,7.10175,0.97906166
cold,0,1,0,0.0001,0.1,512,3,5,4,256,6000,8.0,2633729,4,4,9977,4110,900024,9,4468,58468,86,516.0,4.3,7.1853,0.98159987
cold,0,1,0,0.0001,0.1,512,3,5,4,256,6000,8.0,2633729,4,4,9977,4110,900024,9,4468,58468,87,522.0,4.35,7.26885,0.98053128
cold,0,1,0,0.0001,0.1,512,3,5,4,256,6000,8.0,2633729,4,4,9977,4110,900024,9,4468,58468,88,528.0,4.4,7.3524,0.97650641
cold,0,1,0,0.0001,0.1,512,3,5,4,256,6000,8.0,2633729,4,4,9977,4110,900024,9,4468,58468,89,534.0,4.45,7.43595,0.9712953
cold,0,1,0,0.0001,0.1,512,3,5,4,256,6000,8.0,2633729,4,4,9977,4110,900024,9,4468,58468,90,540.0,4.5,7.5195,0.96629679
cold,0,1,0,0.0001,0.1,512,3,5,4,256,6000,8.0,2633729,4,4,9977,4110,900024,9,4468,58468,91,546.0,4.55,7.60305,0.9623667
cold,0,1,0,0.0001,0.1,512,3,5,4,256,6000,8.0,2633729,4,4,9977,4110,900024,9,4468,58468,92,552.0,4.6,7.6866,0.96027946
cold,0,1,0,0.0001,0.1,512,3,5,4,256,6000,8.0,2633729,4,4,9977,4110,900024,9,4468,58468,93,558.0,4.65,7.77015,0.96060169
cold,0,1,0,0.0001,0.1,512,3,5,4,256,6000,8.0,2633729,4,4,9977,4110,900024,9,4468,58468,94,564.0,4.7,7.8537,0.96368605
cold,0,1,0,0.0001,0.1,512,3,5,4,256,6000,8.0,2633729,4,4,9977,4110,900024,9,4468,58468,95,570.0,4.75,7.93725,0.96886832
cold,0,1,0,0.0001,0.1,512,3,5,4,256,6000,8.0,2633729,4,4,9977,4110,900024,9,4468,58468,96,576.0,4.8,8.0208,0.97422999
cold,0,1,0,0.0001,0.1,512,3,5,4,256,6000,8.0,2633729,4,4,9977,4110,900024,9,4468,58468,97,582.0,4.85,8.10435,0.97889173
cold,0,1,0,0.0001,0.1,512,3,5,4,256,6000,8.0,2633729,4,4,9977,4110,900024,9,4468,58468,98,588.0,4.9,8.1879,0.9834286
cold,0,1,0,0.0001,0.1,512,3,5,4,256,6000,8.0,2633729,4,4,9977,4110,900024,9,4468,58468,99,594.0,4.95,8.27145,0.98742956
cold,0,1,0,0.0001,0.1,512,3,5,4,256,6000,8.0,2633729,4,4,9977,4110,900024,9,4468,58468,100,600.0,5.0,8.355,0.99019271
cold,0,1,0,0.0001,0.1,512,3,5,4,256,6000,8.0,2633729,4,4,9977,4110,900024,9,4468,58468,101,606.0,5.05,8.43855,0.9925245
cold,0,1,0,0.0001,0.1,512,3,5,4,256,6000,8.0,2633729,4,4,9977,4110,900024,9,4468,58468,102,612.0,5.1,8.5221,0.99458164
cold,0,1,0,0.0001,0.1,512,3,5,4,256,6000,8.0,2633729,4,4,9977,4110,900024,9,4468,58468,103,618.0,5.15,8.60565,0.99453938
cold,0,1,0,0.0001,0.1,512,3,5,4,256,6000,8.0,2633729,4,4,9977,4110,900024,9,4468,58468,104,624.0,5.2,8.6892,0.99102163
cold,0,1,0,0.0001,0.1,512,3,5,4,256,6000,8.0,2633729,4,4,9977,4110,900024,9,4468,58468,105,630.0,5.25,8.77275,0.98503053
cold,0,1,0,0.0001,0.1,512,3,5,4,256,6000,8.0,2633729,4,4,9977,4110,900024,9,4468,58468,106,636.0,5.3,8.8563,0.97888505
cold,0,1,0,0.0001,0.1,512,3,5,4,256,6000,8.0,2633729,4,4,9977,4110,900024,9,4468,58468,107,642.0,5.35,8.93985,0.97429848
cold,0,1,0,0.0001,0.1,512,3,5,4,256,6000,8.0,2633729,4,4,9977,4110,900024,9,4468,58468,108,648.0,5.4,9.0234,0.97173101
cold,0,1,0,0.0001,0.1,512,3,5,4,256,6000,8.0,2633729,4,4,9977,4110,900024,9,4468,58468,109,654.0,5.45,9.10695,0.97006899
cold,0,1,0,0.0001,0.1,512,3,5,4,256,6000,8.0,2633729,4,4,9977,4110,900024,9,4468,58468,110,660.0,5.5,9.1905,0.96754789
cold,0,1,0,0.0001,0.1,512,3,5,4,256,6000,8.0,2633729,4,4,9977,4110,900024,9,4468,58468,111,666.0,5.55,9.27405,0.96427011
cold,0,1,0,0.0001,0.1,512,3,5,4,256,6000,8.0,2633729,4,4,9977,4110,900024,9,4468,58468,112,672.0,5.6,9.3576,0.96206897
cold,0,1,0,0.0001,0.1,512,3,5,4,256,6000,8.0,2633729,4,4,9977,4110,900024,9,4468,58468,113,678.0,5.65,9.44115,0.96220005
cold,0,1,0,0.0001,0.1,512,3,5,4,256,6000,8.0,2633729,4,4,9977,4110,900024,9,4468,58468,114,684.0,5.7,9.5247,0.96489429
cold,0,1,0,0.0001,0.1,512,3,5,4,256,6000,8.0,2633729,4,4,9977,4110,900024,9,4468,58468,115,690.0,5.75,9.60825,0.96861029
cold,0,1,0,0.0001,0.1,512,3,5,4,256,6000,8.0,2633729,4,4,9977,4110,900024,9,4468,58468,116,696.0,5.8,9.6918,0.97077805
cold,0,1,0,0.0001,0.1,512,3,5,4,256,6000,8.0,2633729,4,4,9977,4110,900024,9,4468,58468,117,702.0,5.85,9.77535,0.96967912
cold,0,1,0,0.0001,0.1,512,3,5,4,256,6000,8.0,2633729,4,4,9977,4110,900024,9,4468,58468,118,708.0,5.9,9.8589,0.96574372
cold,0,1,0,0.0001,0.1,512,3,5,4,256,6000,8.0,2633729,4,4,9977,4110,900024,9,4468,58468,119,714.0,5.95,9.94245,0.96166319
cold,0,1,0,0.0001,0.1,512,3,5,4,256,6000,8.0,2633729,4,4,9977,4110,900024,9,4468,58468,120,720.0,6.0,10.026,0.96025938
cold,0,1,0,0.0001,0.1,512,3,5,4,256,6000,8.0,2633729,4,4,9977,4110,900024,9,6000,60000,1,6.0,0.05,0.08355,0.03732772
cold,0,1,0,0.0001,0.1,512,3,5,4,256,6000,8.0,2633729,4,4,9977,4110,900024,9,6000,60000,2,12.0,0.1,0.1671,0.04414809
cold,0,1,0,0.0001,0.1,512,3,5,4,256,6000,8.0,2633729,4,4,9977,4110,900024,9,6000,60000,3,18.0,0.15,0.25065,0.05140435
cold,0,1,0,0.0001,0.1,512,3,5,4,256,6000,8.0,2633729,4,4,9977,4110,900024,9,6000,60000,4,24.0,0.2,0.3342,0.05848125
cold,0,1,0,0.0001,0.1,512,3,5,4,256,6000,8.0,2633729,4,4,9977,4110,900024,9,6000,60000,5,30.0,0.25,0.41775,0.06473775
cold,0,1,0,0.0001,0.1,512,3,5,4,256,6000,8.0,2633729,4,4,9977,4110,900024,9,6000,60000,6,36.0,0.3,0.5013,0.07352529
cold,0,1,0,0.0001,0.1,512,3,5,4,256,6000,8.0,2633729,4,4,9977,4110,900024,9,6000,60000,7,42.0,0.35,0.58485,0.08239808
cold,0,1,0,0.0001,0.1,512,3,5,4,256,6000,8.0,2633729,4,4,9977,4110,900024,9,6000,60000,8,48.0,0.4,0.6684,0.09169827
cold,0,1,0,0.0001,0.1,512,3,5,4,256,6000,8.0,2633729,4,4,9977,4110,900024,9,6000,60000,9,54.0,0.45,0.75195,0.10161518
cold,0,1,0,0.0001,0.1,512,3,5,4,256,6000,8.0,2633729,4,4,9977,4110,900024,9,6000,60000,10,60.0,0.5,0.8355,0.11215264
cold,0,1,0,0.0001,0.1,512,3,5,4,256,6000,8.0,2633729,4,4,9977,4110,900024,9,6000,60000,11,66.0,0.55,0.91905,0.12397844
cold,0,1,0,0.0001,0.1,512,3,5,4,256,6000,8.0,2633729,4,4,9977,4110,900024,9,6000,60000,12,72.0,0.6,1.0026,0.1380101
cold,0,1,0,0.0001,0.1,512,3,5,4,256,6000,8.0,2633729,4,4,9977,4110,900024,9,6000,60000,13,78.0,0.65,1.08615,0.15400977
cold,0,1,0,0.0001,0.1,512,3,5,4,256,6000,8.0,2633729,4,4,9977,4110,900024,9,6000,60000,14,84.0,0.7,1.1697,0.17112967
cold,0,1,0,0.0001,0.1,512,3,5,4,256,6000,8.0,2633729,4,4,9977,4110,900024,9,6000,60000,15,90.0,0.75,1.25325,0.18857303
cold,0,1,0,0.0001,0.1,512,3,5,4,256,6000,8.0,2633729,4,4,9977,4110,900024,9,6000,60000,16,96.0,0.8,1.3368,0.2061148
cold,0,1,0,0.0001,0.1,512,3,5,4,256,6000,8.0,2633729,4,4,9977,4110,900024,9,6000,60000,17,102.0,0.85,1.42035,0.22403638
cold,0,1,0,0.0001,0.1,512,3,5,4,256,6000,8.0,2633729,4,4,9977,4110,900024,9,6000,60000,18,108.0,0.9,1.5039,0.24271435
cold,0,1,0,0.0001,0.1,512,3,5,4,256,6000,8.0,2633729,4,4,9977,4110,900024,9,6000,60000,19,114.0,0.95,1.58745,0.26249585
cold,0,1,0,0.0001,0.1,512,3,5,4,256,6000,8.0,2633729,4,4,9977,4110,900024,9,6000,60000,20,120.0,1.0,1.671,0.28341648
cold,0,1,0,0.0001,0.1,512,3,5,4,256,6000,8.0,2633729,4,4,9977,4110,900024,9,6000,60000,21,126.0,1.05,1.75455,0.30497929
cold,0,1,0,0.0001,0.1,512,3,5,4,256,6000,8.0,2633729,4,4,9977,4110,900024,9,6000,60000,22,132.0,1.1,1.8381,0.32651633
cold,0,1,0,0.0001,0.1,512,3,5,4,256,6000,8.0,2633729,4,4,9977,4110,900024,9,6000,60000,23,138.0,1.15,1.92165,0.34684941
cold,0,1,0,0.0001,0.1,512,3,5,4,256,6000,8.0,2633729,4,4,9977,4110,900024,9,6000,60000,24,144.0,1.2,2.0052,0.3652274
cold,0,1,0,0.0001,0.1,512,3,5,4,256,6000,8.0,2633729,4,4,9977,4110,900024,9,6000,60000,25,150.0,1.25,2.08875,0.38236874
cold,0,1,0,0.0001,0.1,512,3,5,4,256,6000,8.0,2633729,4,4,9977,4110,900024,9,6000,60000,26,156.0,1.3,2.1723,0.39974001
cold,0,1,0,0.0001,0.1,512,3,5,4,256,6000,8.0,2633729,4,4,9977,4110,900024,9,6000,60000,27,162.0,1.35,2.25585,0.41845158
cold,0,1,0,0.0001,0.1,512,3,5,4,256,6000,8.0,2633729,4,4,9977,4110,900024,9,6000,60000,28,168.0,1.4,2.3394,0.43873912
cold,0,1,0,0.0001,0.1,512,3,5,4,256,6000,8.0,2633729,4,4,9977,4110,900024,9,6000,60000,29,174.0,1.45,2.42295,0.46111393
cold,0,1,0,0.0001,0.1,512,3,5,4,256,6000,8.0,2633729,4,4,9977,4110,900024,9,6000,60000,30,180.0,1.5,2.5065,0.48459476
cold,0,1,0,0.0001,0.1,512,3,5,4,256,6000,8.0,2633729,4,4,9977,4110,900024,9,6000,60000,31,186.0,1.55,2.59005,0.50672621
cold,0,1,0,0.0001,0.1,512,3,5,4,256,6000,8.0,2633729,4,4,9977,4110,900024,9,6000,60000,32,192.0,1.6,2.6736,0.52784109
cold,0,1,0,0.0001,0.1,512,3,5,4,256,6000,8.0,2633729,4,4,9977,4110,900024,9,6000,60000,33,198.0,1.65,2.75715,0.54999501
cold,0,1,0,0.0001,0.1,512,3,5,4,256,6000,8.0,2633729,4,4,9977,4110,900024,9,6000,60000,34,204.0,1.7,2.8407,0.57348883
cold,0,1,0,0.0001,0.1,512,3,5,4,256,6000,8.0,2633729,4,4,9977,4110,900024,9,6000,60000,35,210.0,1.75,2.92425,0.59677857
cold,0,1,0,0.0001,0.1,512,3,5,4,256,6000,8.0,2633729,4,4,9977,4110,900024,9,6000,60000,36,216.0,1.8,3.0078,0.61756015
cold,0,1,0,0.0001,0.1,512,3,5,4,256,6000,8.0,2633729,4,4,9977,4110,900024,9,6000,60000,37,222.0,1.85,3.09135,0.63475859
cold,0,1,0,0.0001,0.1,512,3,5,4,256,6000,8.0,2633729,4,4,9977,4110,900024,9,6000,60000,38,228.0,1.9,3.1749,0.64962596
cold,0,1,0,0.0001,0.1,512,3,5,4,256,6000,8.0,2633729,4,4,9977,4110,900024,9,6000,60000,39,234.0,1.95,3.25845,0.66426545
cold,0,1,0,0.0001,0.1,512,3,5,4,256,6000,8.0,2633729,4,4,9977,4110,900024,9,6000,60000,40,240.0,2.0,3.342,0.67949182
cold,0,1,0,0.0001,0.1,512,3,5,4,256,6000,8.0,2633729,4,4,9977,4110,900024,9,6000,60000,41,246.0,2.05,3.42555,0.69461489
cold,0,1,0,0.0001,0.1,512,3,5,4,256,6000,8.0,2633729,4,4,9977,4110,900024,9,6000,60000,42,252.0,2.1,3.5091,0.70941687
cold,0,1,0,0.0001,0.1,512,3,5,4,256,6000,8.0,2633729,4,4,9977,4110,900024,9,6000,60000,43,258.0,2.15,3.59265,0.7246756
cold,0,1,0,0.0001,0.1,512,3,5,4,256,6000,8.0,2633729,4,4,9977,4110,900024,9,6000,60000,44,264.0,2.2,3.6762,0.73973453
cold,0,1,0,0.0001,0.1,512,3,5,4,256,6000,8.0,2633729,4,4,9977,4110,900024,9,6000,60000,45,270.0,2.25,3.75975,0.75213879
cold,0,1,0,0.0001,0.1,512,3,5,4,256,6000,8.0,2633729,4,4,9977,4110,900024,9,6000,60000,46,276.0,2.3,3.8433,0.76027912
cold,0,1,0,0.0001,0.1,512,3,5,4,256,6000,8.0,2633729,4,4,9977,4110,900024,9,6000,60000,47,282.0,2.35,3.92685,0.76520312
cold,0,1,0,0.0001,0.1,512,3,5,4,256,6000,8.0,2633729,4,4,9977,4110,900024,9,6000,60000,48,288.0,2.4,4.0104,0.76964813
cold,0,1,0,0.0001,0.1,512,3,5,4,256,6000,8.0,2633729,4,4,9977,4110,900024,9,6000,60000,49,294.0,2.45,4.09395,0.77595323
cold,0,1,0,0.0001,0.1,512,3,5,4,256,6000,8.0,2633729,4,4,9977,4110,900024,9,6000,60000,50,300.0,2.5,4.1775,0.78530002
cold,0,1,0,0.0001,0.1,512,3,5,4,256,6000,8.0,2633729,4,4,9977,4110,900024,9,6000,60000,51,306.0,2.55,4.26105,0.79680288
cold,0,1,0,0.0001,0.1,512,3,5,4,256,6000,8.0,2633729,4,4,9977,4110,900024,9,6000,60000,52,312.0,2.6,4.3446,0.80879444
cold,0,1,0,0.0001,0.1,512,3,5,4,256,6000,8.0,2633729,4,4,9977,4110,900024,9,6000,60000,53,318.0,2.65,4.42815,0.82103246
cold,0,1,0,0.0001,0.1,512,3,5,4,256,6000,8.0,2633729,4,4,9977,4110,900024,9,6000,60000,54,324.0,2.7,4.5117,0.83287603
cold,0,1,0,0.0001,0.1,512,3,5,4,256,6000,8.0,2633729,4,4,9977,4110,900024,9,6000,60000,55,330.0,2.75,4.59525,0.84215194
cold,0,1,0,0.0001,0.1,512,3,5,4,256,6000,8.0,2633729,4,4,9977,4110,900024,9,6000,60000,56,336.0,2.8,4.6788,0.84806401
cold,0,1,0,0.0001,0.1,512,3,5,4,256,6000,8.0,2633729,4,4,9977,4110,900024,9,6000,60000,57,342.0,2.85,4.76235,0.85274202
cold,0,1,0,0.0001,0.1,512,3,5,4,256,6000,8.0,2633729,4,4,9977,4110,900024,9,6000,60000,58,348.0,2.9,4.8459,0.85854888
cold,0,1,0,0.0001,0.1,512,3,5,4,256,6000,8.0,2633729,4,4,9977,4110,900024,9,6000,60000,59,354.0,2.95,4.92945,0.86545336
cold,0,1,0,0.0001,0.1,512,3,5,4,256,6000,8.0,2633729,4,4,9977,4110,900024,9,6000,60000,60,360.0,3.0,5.013,0.87160218
cold,0,1,0,0.0001,0.1,512,3,5,4,256,6000,8.0,2633729,4,4,9977,4110,900024,9,6000,60000,61,366.0,3.05,5.09655,0.87616062
cold,0,1,0,0.0001,0.1,512,3,5,4,256,6000,8.0,2633729,4,4,9977,4110,900024,9,6000,60000,62,372.0,3.1,5.1801,0.88047993
cold,0,1,0,0.0001,0.1,512,3,5,4,256,6000,8.0,2633729,4,4,9977,4110,900024,9,6000,60000,63,378.0,3.15,5.26365,0.8853699
cold,0,1,0,0.0001,0.1,512,3,5,4,256,6000,8.0,2633729,4,4,9977,4110,900024,9,6000,60000,64,384.0,3.2,5.3472,0.89058751
cold,0,1,0,0.0001,0.1,512,3,5,4,256,6000,8.0,2633729,4,4,9977,4110,900024,9,6000,60000,65,390.0,3.25,5.43075,0.89502203
cold,0,1,0,0.0001,0.1,512,3,5,4,256,6000,8.0,2633729,4,4,9977,4110,900024,9,6000,60000,66,396.0,3.3,5.5143,0.8976267
cold,0,1,0,0.0001,0.1,512,3,5,4,256,6000,8.0,2633729,4,4,9977,4110,900024,9,6000,60000,67,402.0,3.35,5.59785,0.89930195
cold,0,1,0,0.0001,0.1,512,3,5,4,256,6000,8.0,2633729,4,4,9977,4110,900024,9,6000,60000,68,408.0,3.4,5.6814,0.90172726
cold,0,1,0,0.0001,0.1,512,3,5,4,256,6000,8.0,2633729,4,4,9977,4110,900024,9,6000,60000,69,414.0,3.45,5.76495,0.90565276
cold,0,1,0,0.0001,0.1,512,3,5,4,256,6000,8.0,2633729,4,4,9977,4110,900024,9,6000,60000,70,420.0,3.5,5.8485,0.91079086
cold,0,1,0,0.0001,0.1,512,3,5,4,256,6000,8.0,2633729,4,4,9977,4110,900024,9,6000,60000,71,426.0,3.55,5.93205,0.91657656
cold,0,1,0,0.0001,0.1,512,3,5,4,256,6000,8.0,2633729,4,4,9977,4110,900024,9,6000,60000,72,432.0,3.6,6.0156,0.92211407
cold,0,1,0,0.0001,0.1,512,3,5,4,256,6000,8.0,2633729,4,4,9977,4110,900024,9,6000,60000,73,438.0,3.65,6.09915,0.92693567
cold,0,1,0,0.0001,0.1,512,3,5,4,256,6000,8.0,2633729,4,4,9977,4110,900024,9,6000,60000,74,444.0,3.7,6.1827,0.93182707
cold,0,1,0,0.0001,0.1,512,3,5,4,256,6000,8.0,2633729,4,4,9977,4110,900024,9,6000,60000,75,450.0,3.75,6.26625,0.93753511
cold,0,1,0,0.0001,0.1,512,3,5,4,256,6000,8.0,2633729,4,4,9977,4110,900024,9,6000,60000,76,456.0,3.8,6.3498,0.94394094
cold,0,1,0,0.0001,0.1,512,3,5,4,256,6000,8.0,2633729,4,4,9977,4110,900024,9,6000,60000,77,462.0,3.85,6.43335,0.94991297
cold,0,1,0,0.0001,0.1,512,3,5,4,256,6000,8.0,2633729,4,4,9977,4110,900024,9,6000,60000,78,468.0,3.9,6.5169,0.95396376
cold,0,1,0,0.0001,0.1,512,3,5,4,256,6000,8.0,2633729,4,4,9977,4110,900024,9,6000,60000,79,474.0,3.95,6.60045,0.9554376
cold,0,1,0,0.0001,0.1,512,3,5,4,256,6000,8.0,2633729,4,4,9977,4110,900024,9,6000,60000,80,480.0,4.0,6.684,0.95462269
cold,0,1,0,0.0001,0.1,512,3,5,4,256,6000,8.0,2633729,4,4,9977,4110,900024,9,6000,60000,81,486.0,4.05,6.76755,0.95302969
cold,0,1,0,0.0001,0.1,512,3,5,4,256,6000,8.0,2633729,4,4,9977,4110,900024,9,6000,60000,82,492.0,4.1,6.8511,0.95326263
cold,0,1,0,0.0001,0.1,512,3,5,4,256,6000,8.0,2633729,4,4,9977,4110,900024,9,6000,60000,83,498.0,4.15,6.93465,0.95642078
cold,0,1,0,0.0001,0.1,512,3,5,4,256,6000,8.0,2633729,4,4,9977,4110,900024,9,6000,60000,84,504.0,4.2,7.0182,0.96160316
cold,0,1,0,0.0001,0.1,512,3,5,4,256,6000,8.0,2633729,4,4,9977,4110,900024,9,6000,60000,85,510.0,4.25,7.10175,0.96757358
cold,0,1,0,0.0001,0.1,512,3,5,4,256,6000,8.0,2633729,4,4,9977,4110,900024,9,6000,60000,86,516.0,4.3,7.1853,0.97322828
cold,0,1,0,0.0001,0.1,512,3,5,4,256,6000,8.0,2633729,4,4,9977,4110,900024,9,6000,60000,87,522.0,4.35,7.26885,0.9773798
cold,0,1,0,0.0001,0.1,512,3,5,4,256,6000,8.0,2633729,4,4,9977,4110,900024,9,6000,60000,88,528.0,4.4,7.3524,0.98050684
cold,0,1,0,0.0001,0.1,512,3,5,4,256,6000,8.0,2633729,4,4,9977,4110,900024,9,6000,60000,89,534.0,4.45,7.43595,0.98354697
cold,0,1,0,0.0001,0.1,512,3,5,4,256,6000,8.0,2633729,4,4,9977,4110,900024,9,6000,60000,90,540.0,4.5,7.5195,0.98438013
cold,0,1,0,0.0001,0.1,512,3,5,4,256,6000,8.0,2633729,4,4,9977,4110,900024,9,6000,60000,91,546.0,4.55,7.60305,0.98092633
cold,0,1,0,0.0001,0.1,512,3,5,4,256,6000,8.0,2633729,4,4,9977,4110,900024,9,6000,60000,92,552.0,4.6,7.6866,0.9757567
cold,0,1,0,0.0001,0.1,512,3,5,4,256,6000,8.0,2633729,4,4,9977,4110,900024,9,6000,60000,93,558.0,4.65,7.77015,0.97336948
cold,0,1,0,0.0001,0.1,512,3,5,4,256,6000,8.0,2633729,4,4,9977,4110,900024,9,6000,60000,94,564.0,4.7,7.8537,0.97510642
cold,0,1,0,0.0001,0.1,512,3,5,4,256,6000,8.0,2633729,4,4,9977,4110,900024,9,6000,60000,95,570.0,4.75,7.93725,0.97876161
cold,0,1,0,0.0001,0.1,512,3,5,4,256,6000,8.0,2633729,4,4,9977,4110,900024,9,6000,60000,96,576.0,4.8,8.0208,0.9812817
cold,0,1,0,0.0001,0.1,512,3,5,4,256,6000,8.0,2633729,4,4,9977,4110,900024,9,6000,60000,97,582.0,4.85,8.10435,0.98129791
cold,0,1,0,0.0001,0.1,512,3,5,4,256,6000,8.0,2633729,4,4,9977,4110,900024,9,6000,60000,98,588.0,4.9,8.1879,0.98044229
cold,0,1,0,0.0001,0.1,512,3,5,4,256,6000,8.0,2633729,4,4,9977,4110,900024,9,6000,60000,99,594.0,4.95,8.27145,0.98188317
cold,0,1,0,0.0001,0.1,512,3,5,4,256,6000,8.0,2633729,4,4,9977,4110,900024,9,6000,60000,100,600.0,5.0,8.355,0.98613524
cold,0,1,0,0.0001,0.1,512,3,5,4,256,6000,8.0,2633729,4,4,9977,4110,900024,9,6000,60000,101,606.0,5.05,8.43855,0.99138588
cold,0,1,0,0.0001,0.1,512,3,5,4,256,6000,8.0,2633729,4,4,9977,4110,900024,9,6000,60000,102,612.0,5.1,8.5221,0.99668074
cold,0,1,0,0.0001,0.1,512,3,5,4,256,6000,8.0,2633729,4,4,9977,4110,900024,9,6000,60000,103,618.0,5.15,8.60565,1.00174737
cold,0,1,0,0.0001,0.1,512,3,5,4,256,6000,8.0,2633729,4,4,9977,4110,900024,9,6000,60000,104,624.0,5.2,8.6892,1.00570226
cold,0,1,0,0.0001,0.1,512,3,5,4,256,6000,8.0,2633729,4,4,9977,4110,900024,9,6000,60000,105,630.0,5.25,8.77275,1.00751662
cold,0,1,0,0.0001,0.1,512,3,5,4,256,6000,8.0,2633729,4,4,9977,4110,900024,9,6000,60000,106,636.0,5.3,8.8563,1.00762105
cold,0,1,0,0.0001,0.1,512,3,5,4,256,6000,8.0,2633729,4,4,9977,4110,900024,9,6000,60000,107,642.0,5.35,8.93985,1.00728786
cold,0,1,0,0.0001,0.1,512,3,5,4,256,6000,8.0,2633729,4,4,9977,4110,900024,9,6000,60000,108,648.0,5.4,9.0234,1.00696301
cold,0,1,0,0.0001,0.1,512,3,5,4,256,6000,8.0,2633729,4,4,9977,4110,900024,9,6000,60000,109,654.0,5.45,9.10695,1.00611293
cold,0,1,0,0.0001,0.1,512,3,5,4,256,6000,8.0,2633729,4,4,9977,4110,900024,9,6000,60000,110,660.0,5.5,9.1905,1.00345242
cold,0,1,0,0.0001,0.1,512,3,5,4,256,6000,8.0,2633729,4,4,9977,4110,900024,9,6000,60000,111,666.0,5.55,9.27405,0.99909079
cold,0,1,0,0.0001,0.1,512,3,5,4,256,6000,8.0,2633729,4,4,9977,4110,900024,9,6000,60000,112,672.0,5.6,9.3576,0.9958995
cold,0,1,0,0.0001,0.1,512,3,5,4,256,6000,8.0,2633729,4,4,9977,4110,900024,9,6000,60000,113,678.0,5.65,9.44115,0.99672598
cold,0,1,0,0.0001,0.1,512,3,5,4,256,6000,8.0,2633729,4,4,9977,4110,900024,9,6000,60000,114,684.0,5.7,9.5247,1.00126755
cold,0,1,0,0.0001,0.1,512,3,5,4,256,6000,8.0,2633729,4,4,9977,4110,900024,9,6000,60000,115,690.0,5.75,9.60825,1.00662112
cold,0,1,0,0.0001,0.1,512,3,5,4,256,6000,8.0,2633729,4,4,9977,4110,900024,9,6000,60000,116,696.0,5.8,9.6918,1.00991547
cold,0,1,0,0.0001,0.1,512,3,5,4,256,6000,8.0,2633729,4,4,9977,4110,900024,9,6000,60000,117,702.0,5.85,9.77535,1.00967479
cold,0,1,0,0.0001,0.1,512,3,5,4,256,6000,8.0,2633729,4,4,9977,4110,900024,9,6000,60000,118,708.0,5.9,9.8589,1.00599074
cold,0,1,0,0.0001,0.1,512,3,5,4,256,6000,8.0,2633729,4,4,9977,4110,900024,9,6000,60000,119,714.0,5.95,9.94245,1.00038755
cold,0,1,0,0.0001,0.1,512,3,5,4,256,6000,8.0,2633729,4,4,9977,4110,900024,9,6000,60000,120,720.0,6.0,10.026,0.99502057
