arm,warm_start,data_all,frozen,lr,noise,hidden,n_layers,kernel,history,batch_size,step_budget,F,n_params,seed,data_seed,noise_seed,init_seed,shuffle_seed,cycle,step,cum_step,lead_step,lead_hours,lead_mtu,lead_lyapunov,nrmse
cold,0,1,0,3e-05,0.05,512,3,5,4,256,6000,8.0,2633729,1,1,9974,1101,600006,0,1,1,1,6.0,0.05,0.08355,0.18169485
cold,0,1,0,3e-05,0.05,512,3,5,4,256,6000,8.0,2633729,1,1,9974,1101,600006,0,1,1,2,12.0,0.1,0.1671,0.34856719
cold,0,1,0,3e-05,0.05,512,3,5,4,256,6000,8.0,2633729,1,1,9974,1101,600006,0,1,1,3,18.0,0.15,0.25065,0.49755418
cold,0,1,0,3e-05,0.05,512,3,5,4,256,6000,8.0,2633729,1,1,9974,1101,600006,0,1,1,4,24.0,0.2,0.3342,0.62326384
cold,0,1,0,3e-05,0.05,512,3,5,4,256,6000,8.0,2633729,1,1,9974,1101,600006,0,1,1,5,30.0,0.25,0.41775,0.72397876
cold,0,1,0,3e-05,0.05,512,3,5,4,256,6000,8.0,2633729,1,1,9974,1101,600006,0,1,1,6,36.0,0.3,0.5013,0.80146408
cold,0,1,0,3e-05,0.05,512,3,5,4,256,6000,8.0,2633729,1,1,9974,1101,600006,0,1,1,7,42.0,0.35,0.58485,0.85919869
cold,0,1,0,3e-05,0.05,512,3,5,4,256,6000,8.0,2633729,1,1,9974,1101,600006,0,1,1,8,48.0,0.4,0.6684,0.901214
cold,0,1,0,3e-05,0.05,512,3,5,4,256,6000,8.0,2633729,1,1,9974,1101,600006,0,1,1,9,54.0,0.45,0.75195,0.93131381
cold,0,1,0,3e-05,0.05,512,3,5,4,256,6000,8.0,2633729,1,1,9974,1101,600006,0,1,1,10,60.0,0.5,0.8355,0.95302999
cold,0,1,0,3e-05,0.05,512,3,5,4,256,6000,8.0,2633729,1,1,9974,1101,600006,0,1,1,11,66.0,0.55,0.91905,0.96875763
cold,0,1,0,3e-05,0.05,512,3,5,4,256,6000,8.0,2633729,1,1,9974,1101,600006,0,1,1,12,72.0,0.6,1.0026,0.9793635
cold,0,1,0,3e-05,0.05,512,3,5,4,256,6000,8.0,2633729,1,1,9974,1101,600006,0,1,1,13,78.0,0.65,1.08615,0.98524159
cold,0,1,0,3e-05,0.05,512,3,5,4,256,6000,8.0,2633729,1,1,9974,1101,600006,0,1,1,14,84.0,0.7,1.1697,0.9876768
cold,0,1,0,3e-05,0.05,512,3,5,4,256,6000,8.0,2633729,1,1,9974,1101,600006,0,1,1,15,90.0,0.75,1.25325,0.98843241
cold,0,1,0,3e-05,0.05,512,3,5,4,256,6000,8.0,2633729,1,1,9974,1101,600006,0,1,1,16,96.0,0.8,1.3368,0.98857039
cold,0,1,0,3e-05,0.05,512,3,5,4,256,6000,8.0,2633729,1,1,9974,1101,600006,0,1,1,17,102.0,0.85,1.42035,0.98850566
cold,0,1,0,3e-05,0.05,512,3,5,4,256,6000,8.0,2633729,1,1,9974,1101,600006,0,1,1,18,108.0,0.9,1.5039,0.98829657
cold,0,1,0,3e-05,0.05,512,3,5,4,256,6000,8.0,2633729,1,1,9974,1101,600006,0,1,1,19,114.0,0.95,1.58745,0.98732775
cold,0,1,0,3e-05,0.05,512,3,5,4,256,6000,8.0,2633729,1,1,9974,1101,600006,0,1,1,20,120.0,1.0,1.671,0.98452079
cold,0,1,0,3e-05,0.05,512,3,5,4,256,6000,8.0,2633729,1,1,9974,1101,600006,0,1,1,21,126.0,1.05,1.75455,0.97905064
cold,0,1,0,3e-05,0.05,512,3,5,4,256,6000,8.0,2633729,1,1,9974,1101,600006,0,1,1,22,132.0,1.1,1.8381,0.97068369
cold,0,1,0,3e-05,0.05,512,3,5,4,256,6000,8.0,2633729,1,1,9974,1101,600006,0,1,1,23,138.0,1.15,1.92165,0.9596532
cold,0,1,0,3e-05,0.05,512,3,5,4,256,6000,8.0,2633729,1,1,9974,1101,600006,0,1,1,24,144.0,1.2,2.0052,0.94659472
cold,0,1,0,3e-05,0.05,512,3,5,4,256,6000,8.0,2633729,1,1,9974,1101,600006,0,1,1,25,150.0,1.25,2.08875,0.93232942
cold,0,1,0,3e-05,0.05,512,3,5,4,256,6000,8.0,2633729,1,1,9974,1101,600006,0,1,1,26,156.0,1.3,2.1723,0.91746962
cold,0,1,0,3e-05,0.05,512,3,5,4,256,6000,8.0,2633729,1,1,9974,1101,600006,0,1,1,27,162.0,1.35,2.25585,0.90238786
cold,0,1,0,3e-05,0.05,512,3,5,4,256,6000,8.0,2633729,1,1,9974,1101,600006,0,1,1,28,168.0,1.4,2.3394,0.88768178
cold,0,1,0,3e-05,0.05,512,3,5,4,256,6000,8.0,2633729,1,1,9974,1101,600006,0,1,1,29,174.0,1.45,2.42295,0.87438881
cold,0,1,0,3e-05,0.05,512,3,5,4,256,6000,8.0,2633729,1,1,9974,1101,600006,0,1,1,30,180.0,1.5,2.5065,0.86379135
cold,0,1,0,3e-05,0.05,512,3,5,4,256,6000,8.0,2633729,1,1,9974,1101,600006,0,1,1,31,186.0,1.55,2.59005,0.85655046
cold,0,1,0,3e-05,0.05,512,3,5,4,256,6000,8.0,2633729,1,1,9974,1101,600006,0,1,1,32,192.0,1.6,2.6736,0.85204363
cold,0,1,0,3e-05,0.05,512,3,5,4,256,6000,8.0,2633729,1,1,9974,1101,600006,0,1,1,33,198.0,1.65,2.75715,0.84902471
cold,0,1,0,3e-05,0.05,512,3,5,4,256,6000,8.0,2633729,1,1,9974,1101,600006,0,1,1,34,204.0,1.7,2.8407,0.84685105
cold,0,1,0,3e-05,0.05,512,3,5,4,256,6000,8.0,2633729,1,1,9974,1101,600006,0,1,1,35,210.0,1.75,2.92425,0.84544247
cold,0,1,0,3e-05,0.05,512,3,5,4,256,6000,8.0,2633729,1,1,9974,1101,600006,0,1,1,36,216.0,1.8,3.0078,0.84445089
cold,0,1,0,3e-05,0.05,512,3,5,4,256,6000,8.0,2633729,1,1,9974,1101,600006,0,1,1,37,222.0,1.85,3.09135,0.8434217
cold,0,1,0,3e-05,0.05,512,3,5,4,256,6000,8.0,2633729,1,1,9974,1101,600006,0,1,1,38,228.0,1.9,3.1749,0.84244323
cold,0,1,0,3e-05,0.05,512,3,5,4,256,6000,8.0,2633729,1,1,9974,1101,600006,0,1,1,39,234.0,1.95,3.25845,0.84204954
cold,0,1,0,3e-05,0.05,512,3,5,4,256,6000,8.0,2633729,1,1,9974,1101,600006,0,1,1,40,240.0,2.0,3.342,0.84261942
cold,0,1,0,3e-05,0.05,512,3,5,4,256,6000,8.0,2633729,1,1,9974,1101,600006,0,1,1,41,246.0,2.05,3.42555,0.84400648
cold,0,1,0,3e-05,0.05,512,3,5,4,256,6000,8.0,2633729,1,1,9974,1101,600006,0,1,1,42,252.0,2.1,3.5091,0.84585661
cold,0,1,0,3e-05,0.05,512,3,5,4,256,6000,8.0,2633729,1,1,9974,1101,600006,0,1,1,43,258.0,2.15,3.59265,0.84803027
cold,0,1,0,3e-05,0.05,512,3,5,4,256,6000,8.0,2633729,1,1,9974,1101,600006,0,1,1,44,264.0,2.2,3.6762,0.85022664
cold,0,1,0,3e-05,0.05,512,3,5,4,256,6000,8.0,2633729,1,1,9974,1101,600006,0,1,1,45,270.0,2.25,3.75975,0.85177326
cold,0,1,0,3e-05,0.05,512,3,5,4,256,6000,8.0,2633729,1,1,9974,1101,600006,0,1,1,46,276.0,2.3,3.8433,0.85203314
cold,0,1,0,3e-05,0.05,512,3,5,4,256,6000,8.0,2633729,1,1,9974,1101,600006,0,1,1,47,282.0,2.35,3.92685,0.85111606
cold,0,1,0,3e-05,0.05,512,3,5,4,256,6000,8.0,2633729,1,1,9974,1101,600006,0,1,1,48,288.0,2.4,4.0104,0.84995496
cold,0,1,0,3e-05,0.05,512,3,5,4,256,6000,8.0,2633729,1,1,9974,1101,600006,0,1,1,49,294.0,2.45,4.09395,0.84983057
cold,0,1,0,3e-05,0.05,512,3,5,4,256,6000,8.0,2633729,1,1,9974,1101,600006,0,1,1,50,300.0,2.5,4.1775,0.85183847
cold,0,1,0,3e-05,0.05,512,3,5,4,256,6000,8.0,2633729,1,1,9974,1101,600006,0,1,1,51,306.0,2.55,4.26105,0.85580468
cold,0,1,0,3e-05,0.05,512,3,5,4,256,6000,8.0,2633729,1,1,9974,1101,600006,0,1,1,52,312.0,2.6,4.3446,0.86039799
cold,0,1,0,3e-05,0.05,512,3,5,4,256,6000,8.0,2633729,1,1,9974,1101,600006,0,1,1,53,318.0,2.65,4.42815,0.86426842
cold,0,1,0,3e-05,0.05,512,3,5,4,256,6000,8.0,2633729,1,1,9974,1101,600006,0,1,1,54,324.0,2.7,4.5117,0.86666
cold,0,1,0,3e-05,0.05,512,3,5,4,256,6000,8.0,2633729,1,1,9974,1101,600006,0,1,1,55,330.0,2.75,4.59525,0.86724925
cold,0,1,0,3e-05,0.05,512,3,5,4,256,6000,8.0,2633729,1,1,9974,1101,600006,0,1,1,56,336.0,2.8,4.6788,0.86599028
cold,0,1,0,3e-05,0.05,512,3,5,4,256,6000,8.0,2633729,1,1,9974,1101,600006,0,1,1,57,342.0,2.85,4.76235,0.86329859
cold,0,1,0,3e-05,0.05,512,3,5,4,256,6000,8.0,2633729,1,1,9974,1101,600006,0,1,1,58,348.0,2.9,4.8459,0.85984933
cold,0,1,0,3e-05,0.05,512,3,5,4,256,6000,8.0,2633729,1,1,9974,1101,600006,0,1,1,59,354.0,2.95,4.92945,0.85631931
cold,0,1,0,3e-05,0.05,512,3,5,4,256,6000,8.0,2633729,1,1,9974,1101,600006,0,1,1,60,360.0,3.0,5.013,0.85342211
cold,0,1,0,3e-05,0.05,512,3,5,4,256,6000,8.0,2633729,1,1,9974,1101,600006,0,1,1,61,366.0,3.05,5.09655,0.85161102
cold,0,1,0,3e-05,0.05,512,3,5,4,256,6000,8.0,2633729,1,1,9974,1101,600006,0,1,1,62,372.0,3.1,5.1801,0.85089535
cold,0,1,0,3e-05,0.05,512,3,5,4,256,6000,8.0,2633729,1,1,9974,1101,600006,0,1,1,63,378.0,3.15,5.26365,0.85114056
cold,0,1,0,3e-05,0.05,512,3,5,4,256,6000,8.0,2633729,1,1,9974,1101,600006,0,1,1,64,384.0,3.2,5.3472,0.85207444
cold,0,1,0,3e-05,0.05,512,3,5,4,256,6000,8.0,2633729,1,1,9974,1101,600006,0,1,1,65,390.0,3.25,5.43075,0.85306662
cold,0,1,0,3e-05,0.05,512,3,5,4,256,6000,8.0,2633729,1,1,9974,1101,600006,0,1,1,66,396.0,3.3,5.5143,0.8533842
cold,0,1,0,3e-05,0.05,512,3,5,4,256,6000,8.0,2633729,1,1,9974,1101,600006,0,1,1,67,402.0,3.35,5.59785,0.85281271
cold,0,1,0,3e-05,0.05,512,3,5,4,256,6000,8.0,2633729,1,1,9974,1101,600006,0,1,1,68,408.0,3.4,5.6814,0.85166347
cold,0,1,0,3e-05,0.05,512,3,5,4,256,6000,8.0,2633729,1,1,9974,1101,600006,0,1,1,69,414.0,3.45,5.76495,0.85054809
cold,0,1,0,3e-05,0.05,512,3,5,4,256,6000,8.0,2633729,1,1,9974,1101,600006,0,1,1,70,420.0,3.5,5.8485,0.85045385
cold,0,1,0,3e-05,0.05,512,3,5,4,256,6000,8.0,2633729,1,1,9974,1101,600006,0,1,1,71,426.0,3.55,5.93205,0.85230273
cold,0,1,0,3e-05,0.05,512,3,5,4,256,6000,8.0,2633729,1,1,9974,1101,600006,0,1,1,72,432.0,3.6,6.0156,0.85616225
cold,0,1,0,3e-05,0.05,512,3,5,4,256,6000,8.0,2633729,1,1,9974,1101,600006,0,1,1,73,438.0,3.65,6.09915,0.86136287
cold,0,1,0,3e-05,0.05,512,3,5,4,256,6000,8.0,2633729,1,1,9974,1101,600006,0,1,1,74,444.0,3.7,6.1827,0.86735177
cold,0,1,0,3e-05,0.05,512,3,5,4,256,6000,8.0,2633729,1,1,9974,1101,600006,0,1,1,75,450.0,3.75,6.26625,0.87364304
cold,0,1,0,3e-05,0.05,512,3,5,4,256,6000,8.0,2633729,1,1,9974,1101,600006,0,1,1,76,456.0,3.8,6.3498,0.87955207
cold,0,1,0,3e-05,0.05,512,3,5,4,256,6000,8.0,2633729,1,1,9974,1101,600006,0,1,1,77,462.0,3.85,6.43335,0.884579
cold,0,1,0,3e-05,0.05,512,3,5,4,256,6000,8.0,2633729,1,1,9974,1101,600006,0,1,1,78,468.0,3.9,6.5169,0.88862455
cold,0,1,0,3e-05,0.05,512,3,5,4,256,6000,8.0,2633729,1,1,9974,1101,600006,0,1,1,79,474.0,3.95,6.60045,0.89185804
cold,0,1,0,3e-05,0.05,512,3,5,4,256,6000,8.0,2633729,1,1,9974,1101,600006,0,1,1,80,480.0,4.0,6.684,0.89463961
cold,0,1,0,3e-05,0.05,512,3,5,4,256,6000,8.0,2633729,1,1,9974,1101,600006,0,1,1,81,486.0,4.05,6.76755,0.89740503
cold,0,1,0,3e-05,0.05,512,3,5,4,256,6000,8.0,2633729,1,1,9974,1101,600006,0,1,1,82,492.0,4.1,6.8511,0.90045446
cold,0,1,0,3e-05,0.05,512,3,5,4,256,6000,8.0,2633729,1,1,9974,1101,600006,0,1,1,83,498.0,4.15,6.93465,0.9038263
cold,0,1,0,3e-05,0.05,512,3,5,4,256,6000,8.0,2633729,1,1,9974,1101,600006,0,1,1,84,504.0,4.2,7.0182,0.90733814
cold,0,1,0,3e-05,0.05,512,3,5,4,256,6000,8.0,2633729,1,1,9974,1101,600006,0,1,1,85,510.0,4.25,7.10175,0.91085708
cold,0,1,0,3e-05,0.05,512,3,5,4,256,6000,8.0,2633729,1,1,9974,1101,600006,0,1,1,86,516.0,4.3,7.1853,0.91405082
cold,0,1,0,3e-05,0.05,512,3,5,4,256,6000,8.0,2633729,1,1,9974,1101,600006,0,1,1,87,522.0,4.35,7.26885,0.91604239
cold,0,1,0,3e-05,0.05,512,3,5,4,256,6000,8.0,2633729,1,1,9974,1101,600006,0,1,1,88,528.0,4.4,7.3524,0.91630787
cold,0,1,0,3e-05,0.05,512,3,5,4,256,6000,8.0,2633729,1,1,9974,1101,600006,0,1,1,89,534.0,4.45,7.43595,0.91582143
cold,0,1,0,3e-05,0.05,512,3,5,4,256,6000,8.0,2633729,1,1,9974,1101,600006,0,1,1,90,540.0,4.5,7.5195,0.9163745
cold,0,1,0,3e-05,0.05,512,3,5,4,256,6000,8.0,2633729,1,1,9974,1101,600006,0,1,1,91,546.0,4.55,7.60305,0.91924447
cold,0,1,0,3e-05,0.05,512,3,5,4,256,6000,8.0,2633729,1,1,9974,1101,600006,0,1,1,92,552.0,4.6,7.6866,0.92468983
cold,0,1,0,3e-05,0.05,512,3,5,4,256,6000,8.0,2633729,1,1,9974,1101,600006,0,1,1,93,558.0,4.65,7.77015,0.93191296
cold,0,1,0,3e-05,0.05,512,3,5,4,256,6000,8.0,2633729,1,1,9974,1101,600006,0,1,1,94,564.0,4.7,7.8537,0.93965358
cold,0,1,0,3e-05,0.05,512,3,5,4,256,6000,8.0,2633729,1,1,9974,1101,600006,0,1,1,95,570.0,4.75,7.93725,0.94690549
cold,0,1,0,3e-05,0.05,512,3,5,4,256,6000,8.0,2633729,1,1,9974,1101,600006,0,1,1,96,576.0,4.8,8.0208,0.95343798
cold,0,1,0,3e-05,0.05,512,3,5,4,256,6000,8.0,2633729,1,1,9974,1101,600006,0,1,1,97,582.0,4.85,8.10435,0.95978123
cold,0,1,0,3e-05,0.05,512,3,5,4,256,6000,8.0,2633729,1,1,9974,1101,600006,0,1,1,98,588.0,4.9,8.1879,0.96674824
cold,0,1,0,3e-05,0.05,512,3,5,4,256,6000,8.0,2633729,1,1,9974,1101,600006,0,1,1,99,594.0,4.95,8.27145,0.97524959
cold,0,1,0,3e-05,0.05,512,3,5,4,256,6000,8.0,2633729,1,1,9974,1101,600006,0,1,1,100,600.0,5.0,8.355,0.98608589
cold,0,1,0,3e-05,0.05,512,3,5,4,256,6000,8.0,2633729,1,1,9974,1101,600006,0,1,1,101,606.0,5.05,8.43855,0.99934798
cold,0,1,0,3e-05,0.05,512,3,5,4,256,6000,8.0,2633729,1,1,9974,1101,600006,0,1,1,102,612.0,5.1,8.5221,1.01434219
cold,0,1,0,3e-05,0.05,512,3,5,4,256,6000,8.0,2633729,1,1,9974,1101,600006,0,1,1,103,618.0,5.15,8.60565,1.03062677
cold,0,1,0,3e-05,0.05,512,3,5,4,256,6000,8.0,2633729,1,1,9974,1101,600006,0,1,1,104,624.0,5.2,8.6892,1.04845726
cold,0,1,0,3e-05,0.05,512,3,5,4,256,6000,8.0,2633729,1,1,9974,1101,600006,0,1,1,105,630.0,5.25,8.77275,1.06775832
cold,0,1,0,3e-05,0.05,512,3,5,4,256,6000,8.0,2633729,1,1,9974,1101,600006,0,1,1,106,636.0,5.3,8.8563,1.08759618
cold,0,1,0,3e-05,0.05,512,3,5,4,256,6000,8.0,2633729,1,1,9974,1101,600006,0,1,1,107,642.0,5.35,8.93985,1.10770357
cold,0,1,0,3e-05,0.05,512,3,5,4,256,6000,8.0,2633729,1,1,9974,1101,600006,0,1,1,108,648.0,5.4,9.0234,1.12985575
cold,0,1,0,3e-05,0.05,512,3,5,4,256,6000,8.0,2633729,1,1,9974,1101,600006,0,1,1,109,654.0,5.45,9.10695,1.15631616
cold,0,1,0,3e-05,0.05,512,3,5,4,256,6000,8.0,2633729,1,1,9974,1101,600006,0,1,1,110,660.0,5.5,9.1905,1.18790758
cold,0,1,0,3e-05,0.05,512,3,5,4,256,6000,8.0,2633729,1,1,9974,1101,600006,0,1,1,111,666.0,5.55,9.27405,1.22392821
cold,0,1,0,3e-05,0.05,512,3,5,4,256,6000,8.0,2633729,1,1,9974,1101,600006,0,1,1,112,672.0,5.6,9.3576,1.26294148
cold,0,1,0,3e-05,0.05,512,3,5,4,256,6000,8.0,2633729,1,1,9974,1101,600006,0,1,1,113,678.0,5.65,9.44115,1.30404806
cold,0,1,0,3e-05,0.05,512,3,5,4,256,6000,8.0,2633729,1,1,9974,1101,600006,0,1,1,114,684.0,5.7,9.5247,1.34828818
cold,0,1,0,3e-05,0.05,512,3,5,4,256,6000,8.0,2633729,1,1,9974,1101,600006,0,1,1,115,690.0,5.75,9.60825,1.39856362
cold,0,1,0,3e-05,0.05,512,3,5,4,256,6000,8.0,2633729,1,1,9974,1101,600006,0,1,1,116,696.0,5.8,9.6918,1.45766973
cold,0,1,0,3e-05,0.05,512,3,5,4,256,6000,8.0,2633729,1,1,9974,1101,600006,0,1,1,117,702.0,5.85,9.77535,1.52675819
cold,0,1,0,3e-05,0.05,512,3,5,4,256,6000,8.0,2633729,1,1,9974,1101,600006,0,1,1,118,708.0,5.9,9.8589,1.6052382
cold,0,1,0,3e-05,0.05,512,3,5,4,256,6000,8.0,2633729,1,1,9974,1101,600006,0,1,1,119,714.0,5.95,9.94245,1.69151723
cold,0,1,0,3e-05,0.05,512,3,5,4,256,6000,8.0,2633729,1,1,9974,1101,600006,0,1,1,120,720.0,6.0,10.026,1.78440571
cold,0,1,0,3e-05,0.05,512,3,5,4,256,6000,8.0,2633729,1,1,9974,1101,600006,0,12,12,1,6.0,0.05,0.08355,0.13658428
cold,0,1,0,3e-05,0.05,512,3,5,4,256,6000,8.0,2633729,1,1,9974,1101,600006,0,12,12,2,12.0,0.1,0.1671,0.26045495
cold,0,1,0,3e-05,0.05,512,3,5,4,256,6000,8.0,2633729,1,1,9974,1101,600006,0,12,12,3,18.0,0.15,0.25065,0.37045825
cold,0,1,0,3e-05,0.05,512,3,5,4,256,6000,8.0,2633729,1,1,9974,1101,600006,0,12,12,4,24.0,0.2,0.3342,0.45865253
cold,0,1,0,3e-05,0.05,512,3,5,4,256,6000,8.0,2633729,1,1,9974,1101,600006,0,12,12,5,30.0,0.25,0.41775,0.52210337
cold,0,1,0,3e-05,0.05,512,3,5,4,256,6000,8.0,2633729,1,1,9974,1101,600006,0,12,12,6,36.0,0.3,0.5013,0.5663206
cold,0,1,0,3e-05,0.05,512,3,5,4,256,6000,8.0,2633729,1,1,9974,1101,600006,0,12,12,7,42.0,0.35,0.58485,0.59765208
cold,0,1,0,3e-05,0.05,512,3,5,4,256,6000,8.0,2633729,1,1,9974,1101,600006,0,12,12,8,48.0,0.4,0.6684,0.62060815
cold,0,1,0,3e-05,0.05,512,3,5,4,256,6000,8.0,2633729,1,1,9974,1101,600006,0,12,12,9,54.0,0.45,0.75195,0.63716704
cold,0,1,0,3e-05,0.05,512,3,5,4,256,6000,8.0,2633729,1,1,9974,1101,600006,0,12,12,10,60.0,0.5,0.8355,0.64887768
cold,0,1,0,3e-05,0.05,512,3,5,4,256,6000,8.0,2633729,1,1,9974,1101,600006,0,12,12,11,66.0,0.55,0.91905,0.65809172
cold,0,1,0,3e-05,0.05,512,3,5,4,256,6000,8.0,2633729,1,1,9974,1101,600006,0,12,12,12,72.0,0.6,1.0026,0.66719514
cold,0,1,0,3e-05,0.05,512,3,5,4,256,6000,8.0,2633729,1,1,9974,1101,600006,0,12,12,13,78.0,0.65,1.08615,0.67741537
cold,0,1,0,3e-05,0.05,512,3,5,4,256,6000,8.0,2633729,1,1,9974,1101,600006,0,12,12,14,84.0,0.7,1.1697,0.68875128
cold,0,1,0,3e-05,0.05,512,3,5,4,256,6000,8.0,2633729,1,1,9974,1101,600006,0,12,12,15,90.0,0.75,1.25325,0.70067006
cold,0,1,0,3e-05,0.05,512,3,5,4,256,6000,8.0,2633729,1,1,9974,1101,600006,0,12,12,16,96.0,0.8,1.3368,0.71234381
cold,0,1,0,3e-05,0.05,512,3,5,4,256,6000,8.0,2633729,1,1,9974,1101,600006,0,12,12,17,102.0,0.85,1.42035,0.72258782
cold,0,1,0,3e-05,0.05,512,3,5,4,256,6000,8.0,2633729,1,1,9974,1101,600006,0,12,12,18,108.0,0.9,1.5039,0.73039889
cold,0,1,0,3e-05,0.05,512,3,5,4,256,6000,8.0,2633729,1,1,9974,1101,600006,0,12,12,19,114.0,0.95,1.58745,0.73593462
cold,0,1,0,3e-05,0.05,512,3,5,4,256,6000,8.0,2633729,1,1,9974,1101,600006,0,12,12,20,120.0,1.0,1.671,0.74068719
cold,0,1,0,3e-05,0.05,512,3,5,4,256,6000,8.0,2633729,1,1,9974,1101,600006,0,12,12,21,126.0,1.05,1.75455,0.74593425
cold,0,1,0,3e-05,0.05,512,3,5,4,256,6000,8.0,2633729,1,1,9974,1101,600006,0,12,12,22,132.0,1.1,1.8381,0.7514599
cold,0,1,0,3e-05,0.05,512,3,5,4,256,6000,8.0,2633729,1,1,9974,1101,600006,0,12,12,23,138.0,1.15,1.92165,0.75619179
cold,0,1,0,3e-05,0.05,512,3,5,4,256,6000,8.0,2633729,1,1,9974,1101,600006,0,12,12,24,144.0,1.2,2.0052,0.75962102
cold,0,1,0,3e-05,0.05,512,3,5,4,256,6000,8.0,2633729,1,1,9974,1101,600006,0,12,12,25,150.0,1.25,2.08875,0.76237714
cold,0,1,0,3e-05,0.05,512,3,5,4,256,6000,8.0,2633729,1,1,9974,1101,600006,0,12,12,26,156.0,1.3,2.1723,0.76496226
cold,0,1,0,3e-05,0.05,512,3,5,4,256,6000,8.0,2633729,1,1,9974,1101,600006,0,12,12,27,162.0,1.35,2.25585,0.76696545
cold,0,1,0,3e-05,0.05,512,3,5,4,256,6000,8.0,2633729,1,1,9974,1101,600006,0,12,12,28,168.0,1.4,2.3394,0.76789552
cold,0,1,0,3e-05,0.05,512,3,5,4,256,6000,8.0,2633729,1,1,9974,1101,600006,0,12,12,29,174.0,1.45,2.42295,0.76792157
cold,0,1,0,3e-05,0.05,512,3,5,4,256,6000,8.0,2633729,1,1,9974,1101,600006,0,12,12,30,180.0,1.5,2.5065,0.76825643
cold,0,1,0,3e-05,0.05,512,3,5,4,256,6000,8.0,2633729,1,1,9974,1101,600006,0,12,12,31,186.0,1.55,2.59005,0.77022415
cold,0,1,0,3e-05,0.05,512,3,5,4,256,6000,8.0,2633729,1,1,9974,1101,600006,0,12,12,32,192.0,1.6,2.6736,0.77373034
cold,0,1,0,3e-05,0.05,512,3,5,4,256,6000,8.0,2633729,1,1,9974,1101,600006,0,12,12,33,198.0,1.65,2.75715,0.77739644
cold,0,1,0,3e-05,0.05,512,3,5,4,256,6000,8.0,2633729,1,1,9974,1101,600006,0,12,12,34,204.0,1.7,2.8407,0.7800712
cold,0,1,0,3e-05,0.05,512,3,5,4,256,6000,8.0,2633729,1,1,9974,1101,600006,0,12,12,35,210.0,1.75,2.92425,0.78136605
cold,0,1,0,3e-05,0.05,512,3,5,4,256,6000,8.0,2633729,1,1,9974,1101,600006,0,12,12,36,216.0,1.8,3.0078,0.78150541
cold,0,1,0,3e-05,0.05,512,3,5,4,256,6000,8.0,2633729,1,1,9974,1101,600006,0,12,12,37,222.0,1.85,3.09135,0.78129238
cold,0,1,0,3e-05,0.05,512,3,5,4,256,6000,8.0,2633729,1,1,9974,1101,600006,0,12,12,38,228.0,1.9,3.1749,0.78126878
cold,0,1,0,3e-05,0.05,512,3,5,4,256,6000,8.0,2633729,1,1,9974,1101,600006,0,12,12,39,234.0,1.95,3.25845,0.78125381
cold,0,1,0,3e-05,0.05,512,3,5,4,256,6000,8.0,2633729,1,1,9974,1101,600006,0,12,12,40,240.0,2.0,3.342,0.7811209
cold,0,1,0,3e-05,0.05,512,3,5,4,256,6000,8.0,2633729,1,1,9974,1101,600006,0,12,12,41,246.0,2.05,3.42555,0.78088933
cold,0,1,0,3e-05,0.05,512,3,5,4,256,6000,8.0,2633729,1,1,9974,1101,600006,0,12,12,42,252.0,2.1,3.5091,0.78054696
cold,0,1,0,3e-05,0.05,512,3,5,4,256,6000,8.0,2633729,1,1,9974,1101,600006,0,12,12,43,258.0,2.15,3.59265,0.78034168
cold,0,1,0,3e-05,0.05,512,3,5,4,256,6000,8.0,2633729,1,1,9974,1101,600006,0,12,12,44,264.0,2.2,3.6762,0.78048462
cold,0,1,0,3e-05,0.05,512,3,5,4,256,6000,8.0,2633729,1,1,9974,1101,600006,0,12,12,45,270.0,2.25,3.75975,0.78059876
cold,0,1,0,3e-05,0.05,512,3,5,4,256,6000,8.0,2633729,1,1,9974,1101,600006,0,12,12,46,276.0,2.3,3.8433,0.77971941
cold,0,1,0,3e-05,0.05,512,3,5,4,256,6000,8.0,2633729,1,1,9974,1101,600006,0,12,12,47,282.0,2.35,3.92685,0.7770434
cold,0,1,0,3e-05,0.05,512,3,5,4,256,6000,8.0,2633729,1,1,9974,1101,600006,0,12,12,48,288.0,2.4,4.0104,0.77268195
cold,0,1,0,3e-05,0.05,512,3,5,4,256,6000,8.0,2633729,1,1,9974,1101,600006,0,12,12,49,294.0,2.45,4.09395,0.76788443
cold,0,1,0,3e-05,0.05,512,3,5,4,256,6000,8.0,2633729,1,1,9974,1101,600006,0,12,12,50,300.0,2.5,4.1775,0.76458931
cold,0,1,0,3e-05,0.05,512,3,5,4,256,6000,8.0,2633729,1,1,9974,1101,600006,0,12,12,51,306.0,2.55,4.26105,0.76365972
cold,0,1,0,3e-05,0.05,512,3,5,4,256,6000,8.0,2633729,1,1,9974,1101,600006,0,12,12,52,312.0,2.6,4.3446,0.76384068
cold,0,1,0,3e-05,0.05,512,3,5,4,256,6000,8.0,2633729,1,1,9974,1101,600006,0,12,12,53,318.0,2.65,4.42815,0.76318884
cold,0,1,0,3e-05,0.05,512,3,5,4,256,6000,8.0,2633729,1,1,9974,1101,600006,0,12,12,54,324.0,2.7,4.5117,0.76121008
cold,0,1,0,3e-05,0.05,512,3,5,4,256,6000,8.0,2633729,1,1,9974,1101,600006,0,12,12,55,330.0,2.75,4.59525,0.75879115
cold,0,1,0,3e-05,0.05,512,3,5,4,256,6000,8.0,2633729,1,1,9974,1101,600006,0,12,12,56,336.0,2.8,4.6788,0.75698578
cold,0,1,0,3e-05,0.05,512,3,5,4,256,6000,8.0,2633729,1,1,9974,1101,600006,0,12,12,57,342.0,2.85,4.76235,0.75615877
cold,0,1,0,3e-05,0.05,512,3,5,4,256,6000,8.0,2633729,1,1,9974,1101,600006,0,12,12,58,348.0,2.9,4.8459,0.75547588
cold,0,1,0,3e-05,0.05,512,3,5,4,256,6000,8.0,2633729,1,1,9974,1101,600006,0,12,12,59,354.0,2.95,4.92945,0.75397027
cold,0,1,0,3e-05,0.05,512,3,5,4,256,6000,8.0,2633729,1,1,9974,1101,600006,0,12,12,60,360.0,3.0,5.013,0.7517159
cold,0,1,0,3e-05,0.05,512,3,5,4,256,6000,8.0,2633729,1,1,9974,1101,600006,0,12,12,61,366.0,3.05,5.09655,0.74926513
cold,0,1,0,3e-05,0.05,512,3,5,4,256,6000,8.0,2633729,1,1,9974,1101,600006,0,12,12,62,372.0,3.1,5.1801,0.74714869
cold,0,1,0,3e-05,0.05,512,3,5,4,256,6000,8.0,2633729,1,1,9974,1101,600006,0,12,12,63,378.0,3.15,5.26365,0.74592799
cold,0,1,0,3e-05,0.05,512,3,5,4,256,6000,8.0,2633729,1,1,9974,1101,600006,0,12,12,64,384.0,3.2,5.3472,0.74568498
cold,0,1,0,3e-05,0.05,512,3,5,4,256,6000,8.0,2633729,1,1,9974,1101,600006,0,12,12,65,390.0,3.25,5.43075,0.74563783
cold,0,1,0,3e-05,0.05,512,3,5,4,256,6000,8.0,2633729,1,1,9974,1101,600006,0,12,12,66,396.0,3.3,5.5143,0.74468267
cold,0,1,0,3e-05,0.05,512,3,5,4,256,6000,8.0,2633729,1,1,9974,1101,600006,0,12,12,67,402.0,3.35,5.59785,0.74219137
cold,0,1,0,3e-05,0.05,512,3,5,4,256,6000,8.0,2633729,1,1,9974,1101,600006,0,12,12,68,408.0,3.4,5.6814,0.73843157
cold,0,1,0,3e-05,0.05,512,3,5,4,256,6000,8.0,2633729,1,1,9974,1101,600006,0,12,12,69,414.0,3.45,5.76495,0.73451078
cold,0,1,0,3e-05,0.05,512,3,5,4,256,6000,8.0,2633729,1,1,9974,1101,600006,0,12,12,70,420.0,3.5,5.8485,0.73163825
cold,0,1,0,3e-05,0.05,512,3,5,4,256,6000,8.0,2633729,1,1,9974,1101,600006,0,12,12,71,426.0,3.55,5.93205,0.73002791
cold,0,1,0,3e-05,0.05,512,3,5,4,256,6000,8.0,2633729,1,1,9974,1101,600006,0,12,12,72,432.0,3.6,6.0156,0.72886831
cold,0,1,0,3e-05,0.05,512,3,5,4,256,6000,8.0,2633729,1,1,9974,1101,600006,0,12,12,73,438.0,3.65,6.09915,0.72732836
cold,0,1,0,3e-05,0.05,512,3,5,4,256,6000,8.0,2633729,1,1,9974,1101,600006,0,12,12,74,444.0,3.7,6.1827,0.72544473
cold,0,1,0,3e-05,0.05,512,3,5,4,256,6000,8.0,2633729,1,1,9974,1101,600006,0,12,12,75,450.0,3.75,6.26625,0.7237336
cold,0,1,0,3e-05,0.05,512,3,5,4,256,6000,8.0,2633729,1,1,9974,1101,600006,0,12,12,76,456.0,3.8,6.3498,0.72261924
cold,0,1,0,3e-05,0.05,512,3,5,4,256,6000,8.0,2633729,1,1,9974,1101,600006,0,12,12,77,462.0,3.85,6.43335,0.72210628
cold,0,1,0,3e-05,0.05,512,3,5,4,256,6000,8.0,2633729,1,1,9974,1101,600006,0,12,12,78,468.0,3.9,6.5169,0.72147936
cold,0,1,0,3e-05,0.05,512,3,5,4,256,6000,8.0,2633729,1,1,9974,1101,600006,0,12,12,79,474.0,3.95,6.60045,0.7199108
cold,0,1,0,3e-05,0.05,512,3,5,4,256,6000,8.0,2633729,1,1,9974,1101,600006,0,12,12,80,480.0,4.0,6.684,0.71765316
cold,0,1,0,3e-05,0.05,512,3,5,4,256,6000,8.0,2633729,1,1,9974,1101,600006,0,12,12,81,486.0,4.05,6.76755,0.71595693
cold,0,1,0,3e-05,0.05,512,3,5,4,256,6000,8.0,2633729,1,1,9974,1101,600006,0,12,12,82,492.0,4.1,6.8511,0.71570921
cold,0,1,0,3e-05,0.05,512,3,5,4,256,6000,8.0,2633729,1,1,9974,1101,600006,0,12,12,83,498.0,4.15,6.93465,0.71672767
cold,0,1,0,3e-05,0.05,512,3,5,4,256,6000,8.0,2633729,1,1,9974,1101,600006,0,12,12,84,504.0,4.2,7.0182,0.71802133
cold,0,1,0,3e-05,0.05,512,3,5,4,256,6000,8.0,2633729,1,1,9974,1101,600006,0,12,12,85,510.0,4.25,7.10175,0.71845788
cold,0,1,0,3e-05,0.05,512,3,5,4,256,6000,8.0,2633729,1,1,9974,1101,600006,0,12,12,86,516.0,4.3,7.1853,0.71743476
cold,0,1,0,3e-05,0.05,512,3,5,4,256,6000,8.0,2633729,1,1,9974,1101,600006,0,12,12,87,522.0,4.35,7.26885,0.71503371
cold,0,1,0,3e-05,0.05,512,3,5,4,256,6000,8.0,2633729,1,1,9974,1101,600006,0,12,12,88,528.0,4.4,7.3524,0.71174258
cold,0,1,0,3e-05,0.05,512,3,5,4,256,6000,8.0,2633729,1,1,9974,1101,600006,0,12,12,89,534.0,4.45,7.43595,0.70820534
cold,0,1,0,3e-05,0.05,512,3,5,4,256,6000,8.0,2633729,1,1,9974,1101,600006,0,12,12,90,540.0,4.5,7.5195,0.7052452
cold,0,1,0,3e-05,0.05,512,3,5,4,256,6000,8.0,2633729,1,1,9974,1101,600006,0,12,12,91,546.0,4.55,7.60305,0.70337808
cold,0,1,0,3e-05,0.05,512,3,5,4,256,6000,8.0,2633729,1,1,9974,1101,600006,0,12,12,92,552.0,4.6,7.6866,0.70241201
cold,0,1,0,3e-05,0.05,512,3,5,4,256,6000,8.0,2633729,1,1,9974,1101,600006,0,12,12,93,558.0,4.65,7.77015,0.70201355
cold,0,1,0,3e-05,0.05,512,3,5,4,256,6000,8.0,2633729,1,1,9974,1101,600006,0,12,12,94,564.0,4.7,7.8537,0.7022723
cold,0,1,0,3e-05,0.05,512,3,5,4,256,6000,8.0,2633729,1,1,9974,1101,600006,0,12,12,95,570.0,4.75,7.93725,0.70306724
cold,0,1,0,3e-05,0.05,512,3,5,4,256,6000,8.0,2633729,1,1,9974,1101,600006,0,12,12,96,576.0,4.8,8.0208,0.70384574
cold,0,1,0,3e-05,0.05,512,3,5,4,256,6000,8.0,2633729,1,1,9974,1101,600006,0,12,12,97,582.0,4.85,8.10435,0.70421457
cold,0,1,0,3e-05,0.05,512,3,5,4,256,6000,8.0,2633729,1,1,9974,1101,600006,0,12,12,98,588.0,4.9,8.1879,0.70395339
cold,0,1,0,3e-05,0.05,512,3,5,4,256,6000,8.0,2633729,1,1,9974,1101,600006,0,12,12,99,594.0,4.95,8.27145,0.70297825
cold,0,1,0,3e-05,0.05,512,3,5,4,256,6000,8.0,2633729,1,1,9974,1101,600006,0,12,12,100,600.0,5.0,8.355,0.70190012
cold,0,1,0,3e-05,0.05,512,3,5,4,256,6000,8.0,2633729,1,1,9974,1101,600006,0,12,12,101,606.0,5.05,8.43855,0.70158964
cold,0,1,0,3e-05,0.05,512,3,5,4,256,6000,8.0,2633729,1,1,9974,1101,600006,0,12,12,102,612.0,5.1,8.5221,0.70228487
cold,0,1,0,3e-05,0.05,512,3,5,4,256,6000,8.0,2633729,1,1,9974,1101,600006,0,12,12,103,618.0,5.15,8.60565,0.70375812
cold,0,1,0,3e-05,0.05,512,3,5,4,256,6000,8.0,2633729,1,1,9974,1101,600006,0,12,12,104,624.0,5.2,8.6892,0.70561171
cold,0,1,0,3e-05,0.05,512,3,5,4,256,6000,8.0,2633729,1,1,9974,1101,600006,0,12,12,105,630.0,5.25,8.77275,0.70743525
cold,0,1,0,3e-05,0.05,512,3,5,4,256,6000,8.0,2633729,1,1,9974,1101,600006,0,12,12,106,636.0,5.3,8.8563,0.70888472
cold,0,1,0,3e-05,0.05,512,3,5,4,256,6000,8.0,2633729,1,1,9974,1101,600006,0,12,12,107,642.0,5.35,8.93985,0.70952612
cold,0,1,0,3e-05,0.05,512,3,5,4,256,6000,8.0,2633729,1,1,9974,1101,600006,0,12,12,108,648.0,5.4,9.0234,0.70894372
cold,0,1,0,3e-05,0.05,512,3,5,4,256,6000,8.0,2633729,1,1,9974,1101,600006,0,12,12,109,654.0,5.45,9.10695,0.70737827
cold,0,1,0,3e-05,0.05,512,3,5,4,256,6000,8.0,2633729,1,1,9974,1101,600006,0,12,12,110,660.0,5.5,9.1905,0.70598066
cold,0,1,0,3e-05,0.05,512,3,5,4,256,6000,8.0,2633729,1,1,9974,1101,600006,0,12,12,111,666.0,5.55,9.27405,0.70569259
cold,0,1,0,3e-05,0.05,512,3,5,4,256,6000,8.0,2633729,1,1,9974,1101,600006,0,12,12,112,672.0,5.6,9.3576,0.70642877
cold,0,1,0,3e-05,0.05,512,3,5,4,256,6000,8.0,2633729,1,1,9974,1101,600006,0,12,12,113,678.0,5.65,9.44115,0.70756733
cold,0,1,0,3e-05,0.05,512,3,5,4,256,6000,8.0,2633729,1,1,9974,1101,600006,0,12,12,114,684.0,5.7,9.5247,0.70883375
cold,0,1,0,3e-05,0.05,512,3,5,4,256,6000,8.0,2633729,1,1,9974,1101,600006,0,12,12,115,690.0,5.75,9.60825,0.71027213
cold,0,1,0,3e-05,0.05,512,3,5,4,256,6000,8.0,2633729,1,1,9974,1101,600006,0,12,12,116,696.0,5.8,9.6918,0.71194863
cold,0,1,0,3e-05,0.05,512,3,5,4,256,6000,8.0,2633729,1,1,9974,1101,600006,0,12,12,117,702.0,5.85,9.77535,0.71363932
cold,0,1,0,3e-05,0.05,512,3,5,4,256,6000,8.0,2633729,1,1,9974,1101,600006,0,12,12,118,708.0,5.9,9.8589,0.71463579
cold,0,1,0,3e-05,0.05,512,3,5,4,256,6000,8.0,2633729,1,1,9974,1101,600006,0,12,12,119,714.0,5.95,9.94245,0.71453166
cold,0,1,0,3e-05,0.05,512,3,5,4,256,6000,8.0,2633729,1,1,9974,1101,600006,0,12,12,120,720.0,6.0,10.026,0.71397001
cold,0,1,0,3e-05,0.05,512,3,5,4,256,6000,8.0,2633729,1,1,9974,1101,600006,0,54,54,1,6.0,0.05,0.08355,0.0917422
cold,0,1,0,3e-05,0.05,512,3,5,4,256,6000,8.0,2633729,1,1,9974,1101,600006,0,54,54,2,12.0,0.1,0.1671,0.17570375
cold,0,1,0,3e-05,0.05,512,3,5,4,256,6000,8.0,2633729,1,1,9974,1101,600006,0,54,54,3,18.0,0.15,0.25065,0.25948775
cold,0,1,0,3e-05,0.05,512,3,5,4,256,6000,8.0,2633729,1,1,9974,1101,600006,0,54,54,4,24.0,0.2,0.3342,0.33269143
cold,0,1,0,3e-05,0.05,512,3,5,4,256,6000,8.0,2633729,1,1,9974,1101,600006,0,54,54,5,30.0,0.25,0.41775,0.39092508
cold,0,1,0,3e-05,0.05,512,3,5,4,256,6000,8.0,2633729,1,1,9974,1101,600006,0,54,54,6,36.0,0.3,0.5013,0.43779114
cold,0,1,0,3e-05,0.05,512,3,5,4,256,6000,8.0,2633729,1,1,9974,1101,600006,0,54,54,7,42.0,0.35,0.58485,0.4783175
cold,0,1,0,3e-05,0.05,512,3,5,4,256,6000,8.0,2633729,1,1,9974,1101,600006,0,54,54,8,48.0,0.4,0.6684,0.51503664
cold,0,1,0,3e-05,0.05,512,3,5,4,256,6000,8.0,2633729,1,1,9974,1101,600006,0,54,54,9,54.0,0.45,0.75195,0.54778922
cold,0,1,0,3e-05,0.05,512,3,5,4,256,6000,8.0,2633729,1,1,9974,1101,600006,0,54,54,10,60.0,0.5,0.8355,0.57584614
cold,0,1,0,3e-05,0.05,512,3,5,4,256,6000,8.0,2633729,1,1,9974,1101,600006,0,54,54,11,66.0,0.55,0.91905,0.59894902
cold,0,1,0,3e-05,0.05,512,3,5,4,256,6000,8.0,2633729,1,1,9974,1101,600006,0,54,54,12,72.0,0.6,1.0026,0.61760026
cold,0,1,0,3e-05,0.05,512,3,5,4,256,6000,8.0,2633729,1,1,9974,1101,600006,0,54,54,13,78.0,0.65,1.08615,0.6330654
cold,0,1,0,3e-05,0.05,512,3,5,4,256,6000,8.0,2633729,1,1,9974,1101,600006,0,54,54,14,84.0,0.7,1.1697,0.64682686
cold,0,1,0,3e-05,0.05,512,3,5,4,256,6000,8.0,2633729,1,1,9974,1101,600006,0,54,54,15,90.0,0.75,1.25325,0.6598798
cold,0,1,0,3e-05,0.05,512,3,5,4,256,6000,8.0,2633729,1,1,9974,1101,600006,0,54,54,16,96.0,0.8,1.3368,0.67213398
cold,0,1,0,3e-05,0.05,512,3,5,4,256,6000,8.0,2633729,1,1,9974,1101,600006,0,54,54,17,102.0,0.85,1.42035,0.68267453
cold,0,1,0,3e-05,0.05,512,3,5,4,256,6000,8.0,2633729,1,1,9974,1101,600006,0,54,54,18,108.0,0.9,1.5039,0.69088918
cold,0,1,0,3e-05,0.05,512,3,5,4,256,6000,8.0,2633729,1,1,9974,1101,600006,0,54,54,19,114.0,0.95,1.58745,0.69733399
cold,0,1,0,3e-05,0.05,512,3,5,4,256,6000,8.0,2633729,1,1,9974,1101,600006,0,54,54,20,120.0,1.0,1.671,0.70315617
cold,0,1,0,3e-05,0.05,512,3,5,4,256,6000,8.0,2633729,1,1,9974,1101,600006,0,54,54,21,126.0,1.05,1.75455,0.70905346
cold,0,1,0,3e-05,0.05,512,3,5,4,256,6000,8.0,2633729,1,1,9974,1101,600006,0,54,54,22,132.0,1.1,1.8381,0.71511084
cold,0,1,0,3e-05,0.05,512,3,5,4,256,6000,8.0,2633729,1,1,9974,1101,600006,0,54,54,23,138.0,1.15,1.92165,0.7206642
cold,0,1,0,3e-05,0.05,512,3,5,4,256,6000,8.0,2633729,1,1,9974,1101,600006,0,54,54,24,144.0,1.2,2.0052,0.72470963
cold,0,1,0,3e-05,0.05,512,3,5,4,256,6000,8.0,2633729,1,1,9974,1101,600006,0,54,54,25,150.0,1.25,2.08875,0.72725821
cold,0,1,0,3e-05,0.05,512,3,5,4,256,6000,8.0,2633729,1,1,9974,1101,600006,0,54,54,26,156.0,1.3,2.1723,0.72880036
cold,0,1,0,3e-05,0.05,512,3,5,4,256,6000,8.0,2633729,1,1,9974,1101,600006,0,54,54,27,162.0,1.35,2.25585,0.72904319
cold,0,1,0,3e-05,0.05,512,3,5,4,256,6000,8.0,2633729,1,1,9974,1101,600006,0,54,54,28,168.0,1.4,2.3394,0.72750282
cold,0,1,0,3e-05,0.05,512,3,5,4,256,6000,8.0,2633729,1,1,9974,1101,600006,0,54,54,29,174.0,1.45,2.42295,0.72484726
cold,0,1,0,3e-05,0.05,512,3,5,4,256,6000,8.0,2633729,1,1,9974,1101,600006,0,54,54,30,180.0,1.5,2.5065,0.72312135
cold,0,1,0,3e-05,0.05,512,3,5,4,256,6000,8.0,2633729,1,1,9974,1101,600006,0,54,54,31,186.0,1.55,2.59005,0.72405112
cold,0,1,0,3e-05,0.05,512,3,5,4,256,6000,8.0,2633729,1,1,9974,1101,600006,0,54,54,32,192.0,1.6,2.6736,0.72757792
cold,0,1,0,3e-05,0.05,512,3,5,4,256,6000,8.0,2633729,1,1,9974,1101,600006,0,54,54,33,198.0,1.65,2.75715,0.73223948
cold,0,1,0,3e-05,0.05,512,3,5,4,256,6000,8.0,2633729,1,1,9974,1101,600006,0,54,54,34,204.0,1.7,2.8407,0.73670477
cold,0,1,0,3e-05,0.05,512,3,5,4,256,6000,8.0,2633729,1,1,9974,1101,600006,0,54,54,35,210.0,1.75,2.92425,0.74018615
cold,0,1,0,3e-05,0.05,512,3,5,4,256,6000,8.0,2633729,1,1,9974,1101,600006,0,54,54,36,216.0,1.8,3.0078,0.74232507
cold,0,1,0,3e-05,0.05,512,3,5,4,256,6000,8.0,2633729,1,1,9974,1101,600006,0,54,54,37,222.0,1.85,3.09135,0.7434907
cold,0,1,0,3e-05,0.05,512,3,5,4,256,6000,8.0,2633729,1,1,9974,1101,600006,0,54,54,38,228.0,1.9,3.1749,0.74387151
cold,0,1,0,3e-05,0.05,512,3,5,4,256,6000,8.0,2633729,1,1,9974,1101,600006,0,54,54,39,234.0,1.95,3.25845,0.74319124
cold,0,1,0,3e-05,0.05,512,3,5,4,256,6000,8.0,2633729,1,1,9974,1101,600006,0,54,54,40,240.0,2.0,3.342,0.74176097
cold,0,1,0,3e-05,0.05,512,3,5,4,256,6000,8.0,2633729,1,1,9974,1101,600006,0,54,54,41,246.0,2.05,3.42555,0.73999959
cold,0,1,0,3e-05,0.05,512,3,5,4,256,6000,8.0,2633729,1,1,9974,1101,600006,0,54,54,42,252.0,2.1,3.5091,0.73790133
cold,0,1,0,3e-05,0.05,512,3,5,4,256,6000,8.0,2633729,1,1,9974,1101,600006,0,54,54,43,258.0,2.15,3.59265,0.73601943
cold,0,1,0,3e-05,0.05,512,3,5,4,256,6000,8.0,2633729,1,1,9974,1101,600006,0,54,54,44,264.0,2.2,3.6762,0.73544532
cold,0,1,0,3e-05,0.05,512,3,5,4,256,6000,8.0,2633729,1,1,9974,1101,600006,0,54,54,45,270.0,2.25,3.75975,0.73647493
cold,0,1,0,3e-05,0.05,512,3,5,4,256,6000,8.0,2633729,1,1,9974,1101,600006,0,54,54,46,276.0,2.3,3.8433,0.73812175
cold,0,1,0,3e-05,0.05,512,3,5,4,256,6000,8.0,2633729,1,1,9974,1101,600006,0,54,54,47,282.0,2.35,3.92685,0.7391783
cold,0,1,0,3e-05,0.05,512,3,5,4,256,6000,8.0,2633729,1,1,9974,1101,600006,0,54,54,48,288.0,2.4,4.0104,0.73917782
cold,0,1,0,3e-05,0.05,512,3,5,4,256,6000,8.0,2633729,1,1,9974,1101,600006,0,54,54,49,294.0,2.45,4.09395,0.73834473
cold,0,1,0,3e-05,0.05,512,3,5,4,256,6000,8.0,2633729,1,1,9974,1101,600006,0,54,54,50,300.0,2.5,4.1775,0.73736799
cold,0,1,0,3e-05,0.05,512,3,5,4,256,6000,8.0,2633729,1,1,9974,1101,600006,0,54,54,51,306.0,2.55,4.26105,0.73697281
cold,0,1,0,3e-05,0.05,512,3,5,4,256,6000,8.0,2633729,1,1,9974,1101,600006,0,54,54,52,312.0,2.6,4.3446,0.73734957
cold,0,1,0,3e-05,0.05,512,3,5,4,256,6000,8.0,2633729,1,1,9974,1101,600006,0,54,54,53,318.0,2.65,4.42815,0.73805523
cold,0,1,0,3e-05,0.05,512,3,5,4,256,6000,8.0,2633729,1,1,9974,1101,600006,0,54,54,54,324.0,2.7,4.5117,0.73861951
cold,0,1,0,3e-05,0.05,512,3,5,4,256,6000,8.0,2633729,1,1,9974,1101,600006,0,54,54,55,330.0,2.75,4.59525,0.7386393
cold,0,1,0,3e-05,0.05,512,3,5,4,256,6000,8.0,2633729,1,1,9974,1101,600006,0,54,54,56,336.0,2.8,4.6788,0.73781508
cold,0,1,0,3e-05,0.05,512,3,5,4,256,6000,8.0,2633729,1,1,9974,1101,600006,0,54,54,57,342.0,2.85,4.76235,0.73657918
cold,0,1,0,3e-05,0.05,512,3,5,4,256,6000,8.0,2633729,1,1,9974,1101,600006,0,54,54,58,348.0,2.9,4.8459,0.7355721
cold,0,1,0,3e-05,0.05,512,3,5,4,256,6000,8.0,2633729,1,1,9974,1101,600006,0,54,54,59,354.0,2.95,4.92945,0.73499668
cold,0,1,0,3e-05,0.05,512,3,5,4,256,6000,8.0,2633729,1,1,9974,1101,600006,0,54,54,60,360.0,3.0,5.013,0.73526114
cold,0,1,0,3e-05,0.05,512,3,5,4,256,6000,8.0,2633729,1,1,9974,1101,600006,0,54,54,61,366.0,3.05,5.09655,0.73660421
cold,0,1,0,3e-05,0.05,512,3,5,4,256,6000,8.0,2633729,1,1,9974,1101,600006,0,54,54,62,372.0,3.1,5.1801,0.73835969
cold,0,1,0,3e-05,0.05,512,3,5,4,256,6000,8.0,2633729,1,1,9974,1101,600006,0,54,54,63,378.0,3.15,5.26365,0.73961854
cold,0,1,0,3e-05,0.05,512,3,5,4,256,6000,8.0,2633729,1,1,9974,1101,600006,0,54,54,64,384.0,3.2,5.3472,0.74001414
cold,0,1,0,3e-05,0.05,512,3,5,4,256,6000,8.0,2633729,1,1,9974,1101,600006,0,54,54,65,390.0,3.25,5.43075,0.73961866
cold,0,1,0,3e-05,0.05,512,3,5,4,256,6000,8.0,2633729,1,1,9974,1101,600006,0,54,54,66,396.0,3.3,5.5143,0.73833364
cold,0,1,0,3e-05,0.05,512,3,5,4,256,6000,8.0,2633729,1,1,9974,1101,600006,0,54,54,67,402.0,3.35,5.59785,0.73580837
cold,0,1,0,3e-05,0.05,512,3,5,4,256,6000,8.0,2633729,1,1,9974,1101,600006,0,54,54,68,408.0,3.4,5.6814,0.73196632
cold,0,1,0,3e-05,0.05,512,3,5,4,256,6000,8.0,2633729,1,1,9974,1101,600006,0,54,54,69,414.0,3.45,5.76495,0.72757506
cold,0,1,0,3e-05,0.05,512,3,5,4,256,6000,8.0,2633729,1,1,9974,1101,600006,0,54,54,70,420.0,3.5,5.8485,0.72434449
cold,0,1,0,3e-05,0.05,512,3,5,4,256,6000,8.0,2633729,1,1,9974,1101,600006,0,54,54,71,426.0,3.55,5.93205,0.72356677
cold,0,1,0,3e-05,0.05,512,3,5,4,256,6000,8.0,2633729,1,1,9974,1101,600006,0,54,54,72,432.0,3.6,6.0156,0.7248233
cold,0,1,0,3e-05,0.05,512,3,5,4,256,6000,8.0,2633729,1,1,9974,1101,600006,0,54,54,73,438.0,3.65,6.09915,0.72663933
cold,0,1,0,3e-05,0.05,512,3,5,4,256,6000,8.0,2633729,1,1,9974,1101,600006,0,54,54,74,444.0,3.7,6.1827,0.72805321
cold,0,1,0,3e-05,0.05,512,3,5,4,256,6000,8.0,2633729,1,1,9974,1101,600006,0,54,54,75,450.0,3.75,6.26625,0.72875494
cold,0,1,0,3e-05,0.05,512,3,5,4,256,6000,8.0,2633729,1,1,9974,1101,600006,0,54,54,76,456.0,3.8,6.3498,0.72856647
cold,0,1,0,3e-05,0.05,512,3,5,4,256,6000,8.0,2633729,1,1,9974,1101,600006,0,54,54,77,462.0,3.85,6.43335,0.7275154
cold,0,1,0,3e-05,0.05,512,3,5,4,256,6000,8.0,2633729,1,1,9974,1101,600006,0,54,54,78,468.0,3.9,6.5169,0.72567528
cold,0,1,0,3e-05,0.05,512,3,5,4,256,6000,8.0,2633729,1,1,9974,1101,600006,0,54,54,79,474.0,3.95,6.60045,0.72319138
cold,0,1,0,3e-05,0.05,512,3,5,4,256,6000,8.0,2633729,1,1,9974,1101,600006,0,54,54,80,480.0,4.0,6.684,0.72086036
cold,0,1,0,3e-05,0.05,512,3,5,4,256,6000,8.0,2633729,1,1,9974,1101,600006,0,54,54,81,486.0,4.05,6.76755,0.71962041
cold,0,1,0,3e-05,0.05,512,3,5,4,256,6000,8.0,2633729,1,1,9974,1101,600006,0,54,54,82,492.0,4.1,6.8511,0.71966088
cold,0,1,0,3e-05,0.05,512,3,5,4,256,6000,8.0,2633729,1,1,9974,1101,600006,0,54,54,83,498.0,4.15,6.93465,0.72058523
cold,0,1,0,3e-05,0.05,512,3,5,4,256,6000,8.0,2633729,1,1,9974,1101,600006,0,54,54,84,504.0,4.2,7.0182,0.72172785
cold,0,1,0,3e-05,0.05,512,3,5,4,256,6000,8.0,2633729,1,1,9974,1101,600006,0,54,54,85,510.0,4.25,7.10175,0.72244138
cold,0,1,0,3e-05,0.05,512,3,5,4,256,6000,8.0,2633729,1,1,9974,1101,600006,0,54,54,86,516.0,4.3,7.1853,0.72227252
cold,0,1,0,3e-05,0.05,512,3,5,4,256,6000,8.0,2633729,1,1,9974,1101,600006,0,54,54,87,522.0,4.35,7.26885,0.72100568
cold,0,1,0,3e-05,0.05,512,3,5,4,256,6000,8.0,2633729,1,1,9974,1101,600006,0,54,54,88,528.0,4.4,7.3524,0.71892279
cold,0,1,0,3e-05,0.05,512,3,5,4,256,6000,8.0,2633729,1,1,9974,1101,600006,0,54,54,89,534.0,4.45,7.43595,0.71683282
cold,0,1,0,3e-05,0.05,512,3,5,4,256,6000,8.0,2633729,1,1,9974,1101,600006,0,54,54,90,540.0,4.5,7.5195,0.71568757
cold,0,1,0,3e-05,0.05,512,3,5,4,256,6000,8.0,2633729,1,1,9974,1101,600006,0,54,54,91,546.0,4.55,7.60305,0.71593183
cold,0,1,0,3e-05,0.05,512,3,5,4,256,6000,8.0,2633729,1,1,9974,1101,600006,0,54,54,92,552.0,4.6,7.6866,0.71712631
cold,0,1,0,3e-05,0.05,512,3,5,4,256,6000,8.0,2633729,1,1,9974,1101,600006,0,54,54,93,558.0,4.65,7.77015,0.71839094
cold,0,1,0,3e-05,0.05,512,3,5,4,256,6000,8.0,2633729,1,1,9974,1101,600006,0,54,54,94,564.0,4.7,7.8537,0.71927422
cold,0,1,0,3e-05,0.05,512,3,5,4,256,6000,8.0,2633729,1,1,9974,1101,600006,0,54,54,95,570.0,4.75,7.93725,0.71976244
cold,0,1,0,3e-05,0.05,512,3,5,4,256,6000,8.0,2633729,1,1,9974,1101,600006,0,54,54,96,576.0,4.8,8.0208,0.71996564
cold,0,1,0,3e-05,0.05,512,3,5,4,256,6000,8.0,2633729,1,1,9974,1101,600006,0,54,54,97,582.0,4.85,8.10435,0.72000611
cold,0,1,0,3e-05,0.05,512,3,5,4,256,6000,8.0,2633729,1,1,9974,1101,600006,0,54,54,98,588.0,4.9,8.1879,0.71974099
cold,0,1,0,3e-05,0.05,512,3,5,4,256,6000,8.0,2633729,1,1,9974,1101,600006,0,54,54,99,594.0,4.95,8.27145,0.71889418
cold,0,1,0,3e-05,0.05,512,3,5,4,256,6000,8.0,2633729,1,1,9974,1101,600006,0,54,54,100,600.0,5.0,8.355,0.71782374
cold,0,1,0,3e-05,0.05,512,3,5,4,256,6000,8.0,2633729,1,1,9974,1101,600006,0,54,54,101,606.0,5.05,8.43855,0.71730888
cold,0,1,0,3e-05,0.05,512,3,5,4,256,6000,8.0,2633729,1,1,9974,1101,600006,0,54,54,102,612.0,5.1,8.5221,0.71771604
cold,0,1,0,3e-05,0.05,512,3,5,4,256,6000,8.0,2633729,1,1,9974,1101,600006,0,54,54,103,618.0,5.15,8.60565,0.71888757
cold,0,1,0,3e-05,0.05,512,3,5,4,256,6000,8.0,2633729,1,1,9974,1101,600006,0,54,54,104,624.0,5.2,8.6892,0.72038871
cold,0,1,0,3e-05,0.05,512,3,5,4,256,6000,8.0,2633729,1,1,9974,1101,600006,0,54,54,105,630.0,5.25,8.77275,0.7218039
cold,0,1,0,3e-05,0.05,512,3,5,4,256,6000,8.0,2633729,1,1,9974,1101,600006,0,54,54,106,636.0,5.3,8.8563,0.72262901
cold,0,1,0,3e-05,0.05,512,3,5,4,256,6000,8.0,2633729,1,1,9974,1101,600006,0,54,54,107,642.0,5.35,8.93985,0.72216451
cold,0,1,0,3e-05,0.05,512,3,5,4,256,6000,8.0,2633729,1,1,9974,1101,600006,0,54,54,108,648.0,5.4,9.0234,0.72003675
cold,0,1,0,3e-05,0.05,512,3,5,4,256,6000,8.0,2633729,1,1,9974,1101,600006,0,54,54,109,654.0,5.45,9.10695,0.71690959
cold,0,1,0,3e-05,0.05,512,3,5,4,256,6000,8.0,2633729,1,1,9974,1101,600006,0,54,54,110,660.0,5.5,9.1905,0.71436864
cold,0,1,0,3e-05,0.05,512,3,5,4,256,6000,8.0,2633729,1,1,9974,1101,600006,0,54,54,111,666.0,5.55,9.27405,0.71351671
cold,0,1,0,3e-05,0.05,512,3,5,4,256,6000,8.0,2633729,1,1,9974,1101,600006,0,54,54,112,672.0,5.6,9.3576,0.71410882
cold,0,1,0,3e-05,0.05,512,3,5,4,256,6000,8.0,2633729,1,1,9974,1101,600006,0,54,54,113,678.0,5.65,9.44115,0.71511799
cold,0,1,0,3e-05,0.05,512,3,5,4,256,6000,8.0,2633729,1,1,9974,1101,600006,0,54,54,114,684.0,5.7,9.5247,0.71596694
cold,0,1,0,3e-05,0.05,512,3,5,4,256,6000,8.0,2633729,1,1,9974,1101,600006,0,54,54,115,690.0,5.75,9.60825,0.71671766
cold,0,1,0,3e-05,0.05,512,3,5,4,256,6000,8.0,2633729,1,1,9974,1101,600006,0,54,54,116,696.0,5.8,9.6918,0.71741056
cold,0,1,0,3e-05,0.05,512,3,5,4,256,6000,8.0,2633729,1,1,9974,1101,600006,0,54,54,117,702.0,5.85,9.77535,0.71773368
cold,0,1,0,3e-05,0.05,512,3,5,4,256,6000,8.0,2633729,1,1,9974,1101,600006,0,54,54,118,708.0,5.9,9.8589,0.71721226
cold,0,1,0,3e-05,0.05,512,3,5,4,256,6000,8.0,2633729,1,1,9974,1101,600006,0,54,54,119,714.0,5.95,9.94245,0.71583575
cold,0,1,0,3e-05,0.05,512,3,5,4,256,6000,8.0,2633729,1,1,9974,1101,600006,0,54,54,120,720.0,6.0,10.026,0.71447676
cold,0,1,0,3e-05,0.05,512,3,5,4,256,6000,8.0,2633729,1,1,9974,1101,600006,0,234,234,1,6.0,0.05,0.08355,0.04799602
cold,0,1,0,3e-05,0.05,512,3,5,4,256,6000,8.0,2633729,1,1,9974,1101,600006,0,234,234,2,12.0,0.1,0.1671,0.07088873
cold,0,1,0,3e-05,0.05,512,3,5,4,256,6000,8.0,2633729,1,1,9974,1101,600006,0,234,234,3,18.0,0.15,0.25065,0.09588722
cold,0,1,0,3e-05,0.05,512,3,5,4,256,6000,8.0,2633729,1,1,9974,1101,600006,0,234,234,4,24.0,0.2,0.3342,0.12074012
cold,0,1,0,3e-05,0.05,512,3,5,4,256,6000,8.0,2633729,1,1,9974,1101,600006,0,234,234,5,30.0,0.25,0.41775,0.14562914
cold,0,1,0,3e-05,0.05,512,3,5,4,256,6000,8.0,2633729,1,1,9974,1101,600006,0,234,234,6,36.0,0.3,0.5013,0.17236528
cold,0,1,0,3e-05,0.05,512,3,5,4,256,6000,8.0,2633729,1,1,9974,1101,600006,0,234,234,7,42.0,0.35,0.58485,0.20020238
cold,0,1,0,3e-05,0.05,512,3,5,4,256,6000,8.0,2633729,1,1,9974,1101,600006,0,234,234,8,48.0,0.4,0.6684,0.22747853
cold,0,1,0,3e-05,0.05,512,3,5,4,256,6000,8.0,2633729,1,1,9974,1101,600006,0,234,234,9,54.0,0.45,0.75195,0.25443631
cold,0,1,0,3e-05,0.05,512,3,5,4,256,6000,8.0,2633729,1,1,9974,1101,600006,0,234,234,10,60.0,0.5,0.8355,0.28290337
cold,0,1,0,3e-05,0.05,512,3,5,4,256,6000,8.0,2633729,1,1,9974,1101,600006,0,234,234,11,66.0,0.55,0.91905,0.31326216
cold,0,1,0,3e-05,0.05,512,3,5,4,256,6000,8.0,2633729,1,1,9974,1101,600006,0,234,234,12,72.0,0.6,1.0026,0.34235516
cold,0,1,0,3e-05,0.05,512,3,5,4,256,6000,8.0,2633729,1,1,9974,1101,600006,0,234,234,13,78.0,0.65,1.08615,0.36844814
cold,0,1,0,3e-05,0.05,512,3,5,4,256,6000,8.0,2633729,1,1,9974,1101,600006,0,234,234,14,84.0,0.7,1.1697,0.39384836
cold,0,1,0,3e-05,0.05,512,3,5,4,256,6000,8.0,2633729,1,1,9974,1101,600006,0,234,234,15,90.0,0.75,1.25325,0.42056614
cold,0,1,0,3e-05,0.05,512,3,5,4,256,6000,8.0,2633729,1,1,9974,1101,600006,0,234,234,16,96.0,0.8,1.3368,0.44789594
cold,0,1,0,3e-05,0.05,512,3,5,4,256,6000,8.0,2633729,1,1,9974,1101,600006,0,234,234,17,102.0,0.85,1.42035,0.47409171
cold,0,1,0,3e-05,0.05,512,3,5,4,256,6000,8.0,2633729,1,1,9974,1101,600006,0,234,234,18,108.0,0.9,1.5039,0.4973242
cold,0,1,0,3e-05,0.05,512,3,5,4,256,6000,8.0,2633729,1,1,9974,1101,600006,0,234,234,19,114.0,0.95,1.58745,0.51759559
cold,0,1,0,3e-05,0.05,512,3,5,4,256,6000,8.0,2633729,1,1,9974,1101,600006,0,234,234,20,120.0,1.0,1.671,0.53695834
cold,0,1,0,3e-05,0.05,512,3,5,4,256,6000,8.0,2633729,1,1,9974,1101,600006,0,234,234,21,126.0,1.05,1.75455,0.55675066
cold,0,1,0,3e-05,0.05,512,3,5,4,256,6000,8.0,2633729,1,1,9974,1101,600006,0,234,234,22,132.0,1.1,1.8381,0.57714778
cold,0,1,0,3e-05,0.05,512,3,5,4,256,6000,8.0,2633729,1,1,9974,1101,600006,0,234,234,23,138.0,1.15,1.92165,0.5979355
cold,0,1,0,3e-05,0.05,512,3,5,4,256,6000,8.0,2633729,1,1,9974,1101,600006,0,234,234,24,144.0,1.2,2.0052,0.61816519
cold,0,1,0,3e-05,0.05,512,3,5,4,256,6000,8.0,2633729,1,1,9974,1101,600006,0,234,234,25,150.0,1.25,2.08875,0.63624978
cold,0,1,0,3e-05,0.05,512,3,5,4,256,6000,8.0,2633729,1,1,9974,1101,600006,0,234,234,26,156.0,1.3,2.1723,0.65307158
cold,0,1,0,3e-05,0.05,512,3,5,4,256,6000,8.0,2633729,1,1,9974,1101,600006,0,234,234,27,162.0,1.35,2.25585,0.66974473
cold,0,1,0,3e-05,0.05,512,3,5,4,256,6000,8.0,2633729,1,1,9974,1101,600006,0,234,234,28,168.0,1.4,2.3394,0.68435842
cold,0,1,0,3e-05,0.05,512,3,5,4,256,6000,8.0,2633729,1,1,9974,1101,600006,0,234,234,29,174.0,1.45,2.42295,0.69591522
cold,0,1,0,3e-05,0.05,512,3,5,4,256,6000,8.0,2633729,1,1,9974,1101,600006,0,234,234,30,180.0,1.5,2.5065,0.70536494
cold,0,1,0,3e-05,0.05,512,3,5,4,256,6000,8.0,2633729,1,1,9974,1101,600006,0,234,234,31,186.0,1.55,2.59005,0.71318406
cold,0,1,0,3e-05,0.05,512,3,5,4,256,6000,8.0,2633729,1,1,9974,1101,600006,0,234,234,32,192.0,1.6,2.6736,0.72088128
cold,0,1,0,3e-05,0.05,512,3,5,4,256,6000,8.0,2633729,1,1,9974,1101,600006,0,234,234,33,198.0,1.65,2.75715,0.73008734
cold,0,1,0,3e-05,0.05,512,3,5,4,256,6000,8.0,2633729,1,1,9974,1101,600006,0,234,234,34,204.0,1.7,2.8407,0.74030703
cold,0,1,0,3e-05,0.05,512,3,5,4,256,6000,8.0,2633729,1,1,9974,1101,600006,0,234,234,35,210.0,1.75,2.92425,0.7513482
cold,0,1,0,3e-05,0.05,512,3,5,4,256,6000,8.0,2633729,1,1,9974,1101,600006,0,234,234,36,216.0,1.8,3.0078,0.76406521
cold,0,1,0,3e-05,0.05,512,3,5,4,256,6000,8.0,2633729,1,1,9974,1101,600006,0,234,234,37,222.0,1.85,3.09135,0.77778143
cold,0,1,0,3e-05,0.05,512,3,5,4,256,6000,8.0,2633729,1,1,9974,1101,600006,0,234,234,38,228.0,1.9,3.1749,0.78991824
cold,0,1,0,3e-05,0.05,512,3,5,4,256,6000,8.0,2633729,1,1,9974,1101,600006,0,234,234,39,234.0,1.95,3.25845,0.79875308
cold,0,1,0,3e-05,0.05,512,3,5,4,256,6000,8.0,2633729,1,1,9974,1101,600006,0,234,234,40,240.0,2.0,3.342,0.80531132
cold,0,1,0,3e-05,0.05,512,3,5,4,256,6000,8.0,2633729,1,1,9974,1101,600006,0,234,234,41,246.0,2.05,3.42555,0.81117958
cold,0,1,0,3e-05,0.05,512,3,5,4,256,6000,8.0,2633729,1,1,9974,1101,600006,0,234,234,42,252.0,2.1,3.5091,0.81655294
cold,0,1,0,3e-05,0.05,512,3,5,4,256,6000,8.0,2633729,1,1,9974,1101,600006,0,234,234,43,258.0,2.15,3.59265,0.82175839
cold,0,1,0,3e-05,0.05,512,3,5,4,256,6000,8.0,2633729,1,1,9974,1101,600006,0,234,234,44,264.0,2.2,3.6762,0.82745355
cold,0,1,0,3e-05,0.05,512,3,5,4,256,6000,8.0,2633729,1,1,9974,1101,600006,0,234,234,45,270.0,2.25,3.75975,0.83358604
cold,0,1,0,3e-05,0.05,512,3,5,4,256,6000,8.0,2633729,1,1,9974,1101,600006,0,234,234,46,276.0,2.3,3.8433,0.8404566
cold,0,1,0,3e-05,0.05,512,3,5,4,256,6000,8.0,2633729,1,1,9974,1101,600006,0,234,234,47,282.0,2.35,3.92685,0.84912848
cold,0,1,0,3e-05,0.05,512,3,5,4,256,6000,8.0,2633729,1,1,9974,1101,600006,0,234,234,48,288.0,2.4,4.0104,0.85828894
cold,0,1,0,3e-05,0.05,512,3,5,4,256,6000,8.0,2633729,1,1,9974,1101,600006,0,234,234,49,294.0,2.45,4.09395,0.86464745
cold,0,1,0,3e-05,0.05,512,3,5,4,256,6000,8.0,2633729,1,1,9974,1101,600006,0,234,234,50,300.0,2.5,4.1775,0.86761105
cold,0,1,0,3e-05,0.05,512,3,5,4,256,6000,8.0,2633729,1,1,9974,1101,600006,0,234,234,51,306.0,2.55,4.26105,0.86914361
cold,0,1,0,3e-05,0.05,512,3,5,4,256,6000,8.0,2633729,1,1,9974,1101,600006,0,234,234,52,312.0,2.6,4.3446,0.87052405
cold,0,1,0,3e-05,0.05,512,3,5,4,256,6000,8.0,2633729,1,1,9974,1101,600006,0,234,234,53,318.0,2.65,4.42815,0.87155211
cold,0,1,0,3e-05,0.05,512,3,5,4,256,6000,8.0,2633729,1,1,9974,1101,600006,0,234,234,54,324.0,2.7,4.5117,0.87229156
cold,0,1,0,3e-05,0.05,512,3,5,4,256,6000,8.0,2633729,1,1,9974,1101,600006,0,234,234,55,330.0,2.75,4.59525,0.87378085
cold,0,1,0,3e-05,0.05,512,3,5,4,256,6000,8.0,2633729,1,1,9974,1101,600006,0,234,234,56,336.0,2.8,4.6788,0.87792718
cold,0,1,0,3e-05,0.05,512,3,5,4,256,6000,8.0,2633729,1,1,9974,1101,600006,0,234,234,57,342.0,2.85,4.76235,0.88619512
cold,0,1,0,3e-05,0.05,512,3,5,4,256,6000,8.0,2633729,1,1,9974,1101,600006,0,234,234,58,348.0,2.9,4.8459,0.8973034
cold,0,1,0,3e-05,0.05,512,3,5,4,256,6000,8.0,2633729,1,1,9974,1101,600006,0,234,234,59,354.0,2.95,4.92945,0.90781462
cold,0,1,0,3e-05,0.05,512,3,5,4,256,6000,8.0,2633729,1,1,9974,1101,600006,0,234,234,60,360.0,3.0,5.013,0.91605687
cold,0,1,0,3e-05,0.05,512,3,5,4,256,6000,8.0,2633729,1,1,9974,1101,600006,0,234,234,61,366.0,3.05,5.09655,0.92377239
cold,0,1,0,3e-05,0.05,512,3,5,4,256,6000,8.0,2633729,1,1,9974,1101,600006,0,234,234,62,372.0,3.1,5.1801,0.93211007
cold,0,1,0,3e-05,0.05,512,3,5,4,256,6000,8.0,2633729,1,1,9974,1101,600006,0,234,234,63,378.0,3.15,5.26365,0.93841195
cold,0,1,0,3e-05,0.05,512,3,5,4,256,6000,8.0,2633729,1,1,9974,1101,600006,0,234,234,64,384.0,3.2,5.3472,0.93942755
cold,0,1,0,3e-05,0.05,512,3,5,4,256,6000,8.0,2633729,1,1,9974,1101,600006,0,234,234,65,390.0,3.25,5.43075,0.93650693
cold,0,1,0,3e-05,0.05,512,3,5,4,256,6000,8.0,2633729,1,1,9974,1101,600006,0,234,234,66,396.0,3.3,5.5143,0.93452853
cold,0,1,0,3e-05,0.05,512,3,5,4,256,6000,8.0,2633729,1,1,9974,1101,600006,0,234,234,67,402.0,3.35,5.59785,0.93620259
cold,0,1,0,3e-05,0.05,512,3,5,4,256,6000,8.0,2633729,1,1,9974,1101,600006,0,234,234,68,408.0,3.4,5.6814,0.94009119
cold,0,1,0,3e-05,0.05,512,3,5,4,256,6000,8.0,2633729,1,1,9974,1101,600006,0,234,234,69,414.0,3.45,5.76495,0.94312763
cold,0,1,0,3e-05,0.05,512,3,5,4,256,6000,8.0,2633729,1,1,9974,1101,600006,0,234,234,70,420.0,3.5,5.8485,0.94348979
cold,0,1,0,3e-05,0.05,512,3,5,4,256,6000,8.0,2633729,1,1,9974,1101,600006,0,234,234,71,426.0,3.55,5.93205,0.94256008
cold,0,1,0,3e-05,0.05,512,3,5,4,256,6000,8.0,2633729,1,1,9974,1101,600006,0,234,234,72,432.0,3.6,6.0156,0.9426263
cold,0,1,0,3e-05,0.05,512,3,5,4,256,6000,8.0,2633729,1,1,9974,1101,600006,0,234,234,73,438.0,3.65,6.09915,0.9443149
cold,0,1,0,3e-05,0.05,512,3,5,4,256,6000,8.0,2633729,1,1,9974,1101,600006,0,234,234,74,444.0,3.7,6.1827,0.94672078
cold,0,1,0,3e-05,0.05,512,3,5,4,256,6000,8.0,2633729,1,1,9974,1101,600006,0,234,234,75,450.0,3.75,6.26625,0.94823956
cold,0,1,0,3e-05,0.05,512,3,5,4,256,6000,8.0,2633729,1,1,9974,1101,600006,0,234,234,76,456.0,3.8,6.3498,0.94817215
cold,0,1,0,3e-05,0.05,512,3,5,4,256,6000,8.0,2633729,1,1,9974,1101,600006,0,234,234,77,462.0,3.85,6.43335,0.94692063
cold,0,1,0,3e-05,0.05,512,3,5,4,256,6000,8.0,2633729,1,1,9974,1101,600006,0,234,234,78,468.0,3.9,6.5169,0.94417965
cold,0,1,0,3e-05,0.05,512,3,5,4,256,6000,8.0,2633729,1,1,9974,1101,600006,0,234,234,79,474.0,3.95,6.60045,0.93890309
cold,0,1,0,3e-05,0.05,512,3,5,4,256,6000,8.0,2633729,1,1,9974,1101,600006,0,234,234,80,480.0,4.0,6.684,0.93190414
cold,0,1,0,3e-05,0.05,512,3,5,4,256,6000,8.0,2633729,1,1,9974,1101,600006,0,234,234,81,486.0,4.05,6.76755,0.92600989
cold,0,1,0,3e-05,0.05,512,3,5,4,256,6000,8.0,2633729,1,1,9974,1101,600006,0,234,234,82,492.0,4.1,6.8511,0.92325717
cold,0,1,0,3e-05,0.05,512,3,5,4,256,6000,8.0,2633729,1,1,9974,1101,600006,0,234,234,83,498.0,4.15,6.93465,0.92340273
cold,0,1,0,3e-05,0.05,512,3,5,4,256,6000,8.0,2633729,1,1,9974,1101,600006,0,234,234,84,504.0,4.2,7.0182,0.92549044
cold,0,1,0,3e-05,0.05,512,3,5,4,256,6000,8.0,2633729,1,1,9974,1101,600006,0,234,234,85,510.0,4.25,7.10175,0.92978901
cold,0,1,0,3e-05,0.05,512,3,5,4,256,6000,8.0,2633729,1,1,9974,1101,600006,0,234,234,86,516.0,4.3,7.1853,0.93647122
cold,0,1,0,3e-05,0.05,512,3,5,4,256,6000,8.0,2633729,1,1,9974,1101,600006,0,234,234,87,522.0,4.35,7.26885,0.94377571
cold,0,1,0,3e-05,0.05,512,3,5,4,256,6000,8.0,2633729,1,1,9974,1101,600006,0,234,234,88,528.0,4.4,7.3524,0.94882268
cold,0,1,0,3e-05,0.05,512,3,5,4,256,6000,8.0,2633729,1,1,9974,1101,600006,0,234,234,89,534.0,4.45,7.43595,0.95010775
cold,0,1,0,3e-05,0.05,512,3,5,4,256,6000,8.0,2633729,1,1,9974,1101,600006,0,234,234,90,540.0,4.5,7.5195,0.94895989
cold,0,1,0,3e-05,0.05,512,3,5,4,256,6000,8.0,2633729,1,1,9974,1101,600006,0,234,234,91,546.0,4.55,7.60305,0.94750816
cold,0,1,0,3e-05,0.05,512,3,5,4,256,6000,8.0,2633729,1,1,9974,1101,600006,0,234,234,92,552.0,4.6,7.6866,0.94694692
cold,0,1,0,3e-05,0.05,512,3,5,4,256,6000,8.0,2633729,1,1,9974,1101,600006,0,234,234,93,558.0,4.65,7.77015,0.94757998
cold,0,1,0,3e-05,0.05,512,3,5,4,256,6000,8.0,2633729,1,1,9974,1101,600006,0,234,234,94,564.0,4.7,7.8537,0.94926214
cold,0,1,0,3e-05,0.05,512,3,5,4,256,6000,8.0,2633729,1,1,9974,1101,600006,0,234,234,95,570.0,4.75,7.93725,0.95247769
cold,0,1,0,3e-05,0.05,512,3,5,4,256,6000,8.0,2633729,1,1,9974,1101,600006,0,234,234,96,576.0,4.8,8.0208,0.95773447
cold,0,1,0,3e-05,0.05,512,3,5,4,256,6000,8.0,2633729,1,1,9974,1101,600006,0,234,234,97,582.0,4.85,8.10435,0.96323955
cold,0,1,0,3e-05,0.05,512,3,5,4,256,6000,8.0,2633729,1,1,9974,1101,600006,0,234,234,98,588.0,4.9,8.1879,0.96633327
cold,0,1,0,3e-05,0.05,512,3,5,4,256,6000,8.0,2633729,1,1,9974,1101,600006,0,234,234,99,594.0,4.95,8.27145,0.96601272
cold,0,1,0,3e-05,0.05,512,3,5,4,256,6000,8.0,2633729,1,1,9974,1101,600006,0,234,234,100,600.0,5.0,8.355,0.96272361
cold,0,1,0,3e-05,0.05,512,3,5,4,256,6000,8.0,2633729,1,1,9974,1101,600006,0,234,234,101,606.0,5.05,8.43855,0.95858109
cold,0,1,0,3e-05,0.05,512,3,5,4,256,6000,8.0,2633729,1,1,9974,1101,600006,0,234,234,102,612.0,5.1,8.5221,0.95621771
cold,0,1,0,3e-05,0.05,512,3,5,4,256,6000,8.0,2633729,1,1,9974,1101,600006,0,234,234,103,618.0,5.15,8.60565,0.95583755
cold,0,1,0,3e-05,0.05,512,3,5,4,256,6000,8.0,2633729,1,1,9974,1101,600006,0,234,234,104,624.0,5.2,8.6892,0.95594531
cold,0,1,0,3e-05,0.05,512,3,5,4,256,6000,8.0,2633729,1,1,9974,1101,600006,0,234,234,105,630.0,5.25,8.77275,0.95605391
cold,0,1,0,3e-05,0.05,512,3,5,4,256,6000,8.0,2633729,1,1,9974,1101,600006,0,234,234,106,636.0,5.3,8.8563,0.95632172
cold,0,1,0,3e-05,0.05,512,3,5,4,256,6000,8.0,2633729,1,1,9974,1101,600006,0,234,234,107,642.0,5.35,8.93985,0.9567498
cold,0,1,0,3e-05,0.05,512,3,5,4,256,6000,8.0,2633729,1,1,9974,1101,600006,0,234,234,108,648.0,5.4,9.0234,0.95752937
cold,0,1,0,3e-05,0.05,512,3,5,4,256,6000,8.0,2633729,1,1,9974,1101,600006,0,234,234,109,654.0,5.45,9.10695,0.95953435
cold,0,1,0,3e-05,0.05,512,3,5,4,256,6000,8.0,2633729,1,1,9974,1101,600006,0,234,234,110,660.0,5.5,9.1905,0.96393949
cold,0,1,0,3e-05,0.05,512,3,5,4,256,6000,8.0,2633729,1,1,9974,1101,600006,0,234,234,111,666.0,5.55,9.27405,0.97030103
cold,0,1,0,3e-05,0.05,512,3,5,4,256,6000,8.0,2633729,1,1,9974,1101,600006,0,234,234,112,672.0,5.6,9.3576,0.97586203
cold,0,1,0,3e-05,0.05,512,3,5,4,256,6000,8.0,2633729,1,1,9974,1101,600006,0,234,234,113,678.0,5.65,9.44115,0.97807086
cold,0,1,0,3e-05,0.05,512,3,5,4,256,6000,8.0,2633729,1,1,9974,1101,600006,0,234,234,114,684.0,5.7,9.5247,0.9766894
cold,0,1,0,3e-05,0.05,512,3,5,4,256,6000,8.0,2633729,1,1,9974,1101,600006,0,234,234,115,690.0,5.75,9.60825,0.97378278
cold,0,1,0,3e-05,0.05,512,3,5,4,256,6000,8.0,2633729,1,1,9974,1101,600006,0,234,234,116,696.0,5.8,9.6918,0.97135806
cold,0,1,0,3e-05,0.05,512,3,5,4,256,6000,8.0,2633729,1,1,9974,1101,600006,0,234,234,117,702.0,5.85,9.77535,0.96899259
cold,0,1,0,3e-05,0.05,512,3,5,4,256,6000,8.0,2633729,1,1,9974,1101,600006,0,234,234,118,708.0,5.9,9.8589,0.96496689
cold,0,1,0,3e-05,0.05,512,3,5,4,256,6000,8.0,2633729,1,1,9974,1101,600006,0,234,234,119,714.0,5.95,9.94245,0.95891505
cold,0,1,0,3e-05,0.05,512,3,5,4,256,6000,8.0,2633729,1,1,9974,1101,600006,0,234,234,120,720.0,6.0,10.026,0.9534139
cold,0,1,0,3e-05,0.05,512,3,5,4,256,6000,8.0,2633729,1,1,9974,1101,600006,0,1023,1023,1,6.0,0.05,0.08355,0.02410665
cold,0,1,0,3e-05,0.05,512,3,5,4,256,6000,8.0,2633729,1,1,9974,1101,600006,0,1023,1023,2,12.0,0.1,0.1671,0.02828714
cold,0,1,0,3e-05,0.05,512,3,5,4,256,6000,8.0,2633729,1,1,9974,1101,600006,0,1023,1023,3,18.0,0.15,0.25065,0.03348341
cold,0,1,0,3e-05,0.05,512,3,5,4,256,6000,8.0,2633729,1,1,9974,1101,600006,0,1023,1023,4,24.0,0.2,0.3342,0.03959044
cold,0,1,0,3e-05,0.05,512,3,5,4,256,6000,8.0,2633729,1,1,9974,1101,600006,0,1023,1023,5,30.0,0.25,0.41775,0.04578292
cold,0,1,0,3e-05,0.05,512,3,5,4,256,6000,8.0,2633729,1,1,9974,1101,600006,0,1023,1023,6,36.0,0.3,0.5013,0.0524503
cold,0,1,0,3e-05,0.05,512,3,5,4,256,6000,8.0,2633729,1,1,9974,1101,600006,0,1023,1023,7,42.0,0.35,0.58485,0.06002722
cold,0,1,0,3e-05,0.05,512,3,5,4,256,6000,8.0,2633729,1,1,9974,1101,600006,0,1023,1023,8,48.0,0.4,0.6684,0.06835406
cold,0,1,0,3e-05,0.05,512,3,5,4,256,6000,8.0,2633729,1,1,9974,1101,600006,0,1023,1023,9,54.0,0.45,0.75195,0.07766674
cold,0,1,0,3e-05,0.05,512,3,5,4,256,6000,8.0,2633729,1,1,9974,1101,600006,0,1023,1023,10,60.0,0.5,0.8355,0.08860151
cold,0,1,0,3e-05,0.05,512,3,5,4,256,6000,8.0,2633729,1,1,9974,1101,600006,0,1023,1023,11,66.0,0.55,0.91905,0.10035233
cold,0,1,0,3e-05,0.05,512,3,5,4,256,6000,8.0,2633729,1,1,9974,1101,600006,0,1023,1023,12,72.0,0.6,1.0026,0.11188202
cold,0,1,0,3e-05,0.05,512,3,5,4,256,6000,8.0,2633729,1,1,9974,1101,600006,0,1023,1023,13,78.0,0.65,1.08615,0.12348634
cold,0,1,0,3e-05,0.05,512,3,5,4,256,6000,8.0,2633729,1,1,9974,1101,600006,0,1023,1023,14,84.0,0.7,1.1697,0.13706234
cold,0,1,0,3e-05,0.05,512,3,5,4,256,6000,8.0,2633729,1,1,9974,1101,600006,0,1023,1023,15,90.0,0.75,1.25325,0.15283057
cold,0,1,0,3e-05,0.05,512,3,5,4,256,6000,8.0,2633729,1,1,9974,1101,600006,0,1023,1023,16,96.0,0.8,1.3368,0.16885023
cold,0,1,0,3e-05,0.05,512,3,5,4,256,6000,8.0,2633729,1,1,9974,1101,600006,0,1023,1023,17,102.0,0.85,1.42035,0.18360516
cold,0,1,0,3e-05,0.05,512,3,5,4,256,6000,8.0,2633729,1,1,9974,1101,600006,0,1023,1023,18,108.0,0.9,1.5039,0.19735043
cold,0,1,0,3e-05,0.05,512,3,5,4,256,6000,8.0,2633729,1,1,9974,1101,600006,0,1023,1023,19,114.0,0.95,1.58745,0.2116778
cold,0,1,0,3e-05,0.05,512,3,5,4,256,6000,8.0,2633729,1,1,9974,1101,600006,0,1023,1023,20,120.0,1.0,1.671,0.22770192
cold,0,1,0,3e-05,0.05,512,3,5,4,256,6000,8.0,2633729,1,1,9974,1101,600006,0,1023,1023,21,126.0,1.05,1.75455,0.2456485
cold,0,1,0,3e-05,0.05,512,3,5,4,256,6000,8.0,2633729,1,1,9974,1101,600006,0,1023,1023,22,132.0,1.1,1.8381,0.26545087
cold,0,1,0,3e-05,0.05,512,3,5,4,256,6000,8.0,2633729,1,1,9974,1101,600006,0,1023,1023,23,138.0,1.15,1.92165,0.2868247
cold,0,1,0,3e-05,0.05,512,3,5,4,256,6000,8.0,2633729,1,1,9974,1101,600006,0,1023,1023,24,144.0,1.2,2.0052,0.30942249
cold,0,1,0,3e-05,0.05,512,3,5,4,256,6000,8.0,2633729,1,1,9974,1101,600006,0,1023,1023,25,150.0,1.25,2.08875,0.33256963
cold,0,1,0,3e-05,0.05,512,3,5,4,256,6000,8.0,2633729,1,1,9974,1101,600006,0,1023,1023,26,156.0,1.3,2.1723,0.35572559
cold,0,1,0,3e-05,0.05,512,3,5,4,256,6000,8.0,2633729,1,1,9974,1101,600006,0,1023,1023,27,162.0,1.35,2.25585,0.37859303
cold,0,1,0,3e-05,0.05,512,3,5,4,256,6000,8.0,2633729,1,1,9974,1101,600006,0,1023,1023,28,168.0,1.4,2.3394,0.40013111
cold,0,1,0,3e-05,0.05,512,3,5,4,256,6000,8.0,2633729,1,1,9974,1101,600006,0,1023,1023,29,174.0,1.45,2.42295,0.4195888
cold,0,1,0,3e-05,0.05,512,3,5,4,256,6000,8.0,2633729,1,1,9974,1101,600006,0,1023,1023,30,180.0,1.5,2.5065,0.43775216
cold,0,1,0,3e-05,0.05,512,3,5,4,256,6000,8.0,2633729,1,1,9974,1101,600006,0,1023,1023,31,186.0,1.55,2.59005,0.45718828
cold,0,1,0,3e-05,0.05,512,3,5,4,256,6000,8.0,2633729,1,1,9974,1101,600006,0,1023,1023,32,192.0,1.6,2.6736,0.47891226
cold,0,1,0,3e-05,0.05,512,3,5,4,256,6000,8.0,2633729,1,1,9974,1101,600006,0,1023,1023,33,198.0,1.65,2.75715,0.50117642
cold,0,1,0,3e-05,0.05,512,3,5,4,256,6000,8.0,2633729,1,1,9974,1101,600006,0,1023,1023,34,204.0,1.7,2.8407,0.52348268
cold,0,1,0,3e-05,0.05,512,3,5,4,256,6000,8.0,2633729,1,1,9974,1101,600006,0,1023,1023,35,210.0,1.75,2.92425,0.54630911
cold,0,1,0,3e-05,0.05,512,3,5,4,256,6000,8.0,2633729,1,1,9974,1101,600006,0,1023,1023,36,216.0,1.8,3.0078,0.56836879
cold,0,1,0,3e-05,0.05,512,3,5,4,256,6000,8.0,2633729,1,1,9974,1101,600006,0,1023,1023,37,222.0,1.85,3.09135,0.58907765
cold,0,1,0,3e-05,0.05,512,3,5,4,256,6000,8.0,2633729,1,1,9974,1101,600006,0,1023,1023,38,228.0,1.9,3.1749,0.60893375
cold,0,1,0,3e-05,0.05,512,3,5,4,256,6000,8.0,2633729,1,1,9974,1101,600006,0,1023,1023,39,234.0,1.95,3.25845,0.62730753
cold,0,1,0,3e-05,0.05,512,3,5,4,256,6000,8.0,2633729,1,1,9974,1101,600006,0,1023,1023,40,240.0,2.0,3.342,0.64429832
cold,0,1,0,3e-05,0.05,512,3,5,4,256,6000,8.0,2633729,1,1,9974,1101,600006,0,1023,1023,41,246.0,2.05,3.42555,0.66049355
cold,0,1,0,3e-05,0.05,512,3,5,4,256,6000,8.0,2633729,1,1,9974,1101,600006,0,1023,1023,42,252.0,2.1,3.5091,0.67623729
cold,0,1,0,3e-05,0.05,512,3,5,4,256,6000,8.0,2633729,1,1,9974,1101,600006,0,1023,1023,43,258.0,2.15,3.59265,0.69271994
cold,0,1,0,3e-05,0.05,512,3,5,4,256,6000,8.0,2633729,1,1,9974,1101,600006,0,1023,1023,44,264.0,2.2,3.6762,0.70965481
cold,0,1,0,3e-05,0.05,512,3,5,4,256,6000,8.0,2633729,1,1,9974,1101,600006,0,1023,1023,45,270.0,2.25,3.75975,0.72448349
cold,0,1,0,3e-05,0.05,512,3,5,4,256,6000,8.0,2633729,1,1,9974,1101,600006,0,1023,1023,46,276.0,2.3,3.8433,0.73663712
cold,0,1,0,3e-05,0.05,512,3,5,4,256,6000,8.0,2633729,1,1,9974,1101,600006,0,1023,1023,47,282.0,2.35,3.92685,0.74831003
cold,0,1,0,3e-05,0.05,512,3,5,4,256,6000,8.0,2633729,1,1,9974,1101,600006,0,1023,1023,48,288.0,2.4,4.0104,0.76024753
cold,0,1,0,3e-05,0.05,512,3,5,4,256,6000,8.0,2633729,1,1,9974,1101,600006,0,1023,1023,49,294.0,2.45,4.09395,0.77111202
cold,0,1,0,3e-05,0.05,512,3,5,4,256,6000,8.0,2633729,1,1,9974,1101,600006,0,1023,1023,50,300.0,2.5,4.1775,0.77899063
cold,0,1,0,3e-05,0.05,512,3,5,4,256,6000,8.0,2633729,1,1,9974,1101,600006,0,1023,1023,51,306.0,2.55,4.26105,0.78414494
cold,0,1,0,3e-05,0.05,512,3,5,4,256,6000,8.0,2633729,1,1,9974,1101,600006,0,1023,1023,52,312.0,2.6,4.3446,0.78991896
cold,0,1,0,3e-05,0.05,512,3,5,4,256,6000,8.0,2633729,1,1,9974,1101,600006,0,1023,1023,53,318.0,2.65,4.42815,0.79853398
cold,0,1,0,3e-05,0.05,512,3,5,4,256,6000,8.0,2633729,1,1,9974,1101,600006,0,1023,1023,54,324.0,2.7,4.5117,0.80882859
cold,0,1,0,3e-05,0.05,512,3,5,4,256,6000,8.0,2633729,1,1,9974,1101,600006,0,1023,1023,55,330.0,2.75,4.59525,0.81929445
cold,0,1,0,3e-05,0.05,512,3,5,4,256,6000,8.0,2633729,1,1,9974,1101,600006,0,1023,1023,56,336.0,2.8,4.6788,0.83036464
cold,0,1,0,3e-05,0.05,512,3,5,4,256,6000,8.0,2633729,1,1,9974,1101,600006,0,1023,1023,57,342.0,2.85,4.76235,0.84185594
cold,0,1,0,3e-05,0.05,512,3,5,4,256,6000,8.0,2633729,1,1,9974,1101,600006,0,1023,1023,58,348.0,2.9,4.8459,0.85294974
cold,0,1,0,3e-05,0.05,512,3,5,4,256,6000,8.0,2633729,1,1,9974,1101,600006,0,1023,1023,59,354.0,2.95,4.92945,0.86203736
cold,0,1,0,3e-05,0.05,512,3,5,4,256,6000,8.0,2633729,1,1,9974,1101,600006,0,1023,1023,60,360.0,3.0,5.013,0.86829811
cold,0,1,0,3e-05,0.05,512,3,5,4,256,6000,8.0,2633729,1,1,9974,1101,600006,0,1023,1023,61,366.0,3.05,5.09655,0.87253386
cold,0,1,0,3e-05,0.05,512,3,5,4,256,6000,8.0,2633729,1,1,9974,1101,600006,0,1023,1023,62,372.0,3.1,5.1801,0.8758359
cold,0,1,0,3e-05,0.05,512,3,5,4,256,6000,8.0,2633729,1,1,9974,1101,600006,0,1023,1023,63,378.0,3.15,5.26365,0.87962854
cold,0,1,0,3e-05,0.05,512,3,5,4,256,6000,8.0,2633729,1,1,9974,1101,600006,0,1023,1023,64,384.0,3.2,5.3472,0.8855502
cold,0,1,0,3e-05,0.05,512,3,5,4,256,6000,8.0,2633729,1,1,9974,1101,600006,0,1023,1023,65,390.0,3.25,5.43075,0.89380127
cold,0,1,0,3e-05,0.05,512,3,5,4,256,6000,8.0,2633729,1,1,9974,1101,600006,0,1023,1023,66,396.0,3.3,5.5143,0.90262288
cold,0,1,0,3e-05,0.05,512,3,5,4,256,6000,8.0,2633729,1,1,9974,1101,600006,0,1023,1023,67,402.0,3.35,5.59785,0.90943414
cold,0,1,0,3e-05,0.05,512,3,5,4,256,6000,8.0,2633729,1,1,9974,1101,600006,0,1023,1023,68,408.0,3.4,5.6814,0.91305196
cold,0,1,0,3e-05,0.05,512,3,5,4,256,6000,8.0,2633729,1,1,9974,1101,600006,0,1023,1023,69,414.0,3.45,5.76495,0.91512936
cold,0,1,0,3e-05,0.05,512,3,5,4,256,6000,8.0,2633729,1,1,9974,1101,600006,0,1023,1023,70,420.0,3.5,5.8485,0.91794252
cold,0,1,0,3e-05,0.05,512,3,5,4,256,6000,8.0,2633729,1,1,9974,1101,600006,0,1023,1023,71,426.0,3.55,5.93205,0.92277026
cold,0,1,0,3e-05,0.05,512,3,5,4,256,6000,8.0,2633729,1,1,9974,1101,600006,0,1023,1023,72,432.0,3.6,6.0156,0.92923158
cold,0,1,0,3e-05,0.05,512,3,5,4,256,6000,8.0,2633729,1,1,9974,1101,600006,0,1023,1023,73,438.0,3.65,6.09915,0.93475652
cold,0,1,0,3e-05,0.05,512,3,5,4,256,6000,8.0,2633729,1,1,9974,1101,600006,0,1023,1023,74,444.0,3.7,6.1827,0.93807042
cold,0,1,0,3e-05,0.05,512,3,5,4,256,6000,8.0,2633729,1,1,9974,1101,600006,0,1023,1023,75,450.0,3.75,6.26625,0.94077671
cold,0,1,0,3e-05,0.05,512,3,5,4,256,6000,8.0,2633729,1,1,9974,1101,600006,0,1023,1023,76,456.0,3.8,6.3498,0.94388372
cold,0,1,0,3e-05,0.05,512,3,5,4,256,6000,8.0,2633729,1,1,9974,1101,600006,0,1023,1023,77,462.0,3.85,6.43335,0.94672281
cold,0,1,0,3e-05,0.05,512,3,5,4,256,6000,8.0,2633729,1,1,9974,1101,600006,0,1023,1023,78,468.0,3.9,6.5169,0.94904107
cold,0,1,0,3e-05,0.05,512,3,5,4,256,6000,8.0,2633729,1,1,9974,1101,600006,0,1023,1023,79,474.0,3.95,6.60045,0.95220083
cold,0,1,0,3e-05,0.05,512,3,5,4,256,6000,8.0,2633729,1,1,9974,1101,600006,0,1023,1023,80,480.0,4.0,6.684,0.9569518
cold,0,1,0,3e-05,0.05,512,3,5,4,256,6000,8.0,2633729,1,1,9974,1101,600006,0,1023,1023,81,486.0,4.05,6.76755,0.96127075
cold,0,1,0,3e-05,0.05,512,3,5,4,256,6000,8.0,2633729,1,1,9974,1101,600006,0,1023,1023,82,492.0,4.1,6.8511,0.96327478
cold,0,1,0,3e-05,0.05,512,3,5,4,256,6000,8.0,2633729,1,1,9974,1101,600006,0,1023,1023,83,498.0,4.15,6.93465,0.96354526
cold,0,1,0,3e-05,0.05,512,3,5,4,256,6000,8.0,2633729,1,1,9974,1101,600006,0,1023,1023,84,504.0,4.2,7.0182,0.96229702
cold,0,1,0,3e-05,0.05,512,3,5,4,256,6000,8.0,2633729,1,1,9974,1101,600006,0,1023,1023,85,510.0,4.25,7.10175,0.95974278
cold,0,1,0,3e-05,0.05,512,3,5,4,256,6000,8.0,2633729,1,1,9974,1101,600006,0,1023,1023,86,516.0,4.3,7.1853,0.95655924
cold,0,1,0,3e-05,0.05,512,3,5,4,256,6000,8.0,2633729,1,1,9974,1101,600006,0,1023,1023,87,522.0,4.35,7.26885,0.9533484
cold,0,1,0,3e-05,0.05,512,3,5,4,256,6000,8.0,2633729,1,1,9974,1101,600006,0,1023,1023,88,528.0,4.4,7.3524,0.95183784
cold,0,1,0,3e-05,0.05,512,3,5,4,256,6000,8.0,2633729,1,1,9974,1101,600006,0,1023,1023,89,534.0,4.45,7.43595,0.95341605
cold,0,1,0,3e-05,0.05,512,3,5,4,256,6000,8.0,2633729,1,1,9974,1101,600006,0,1023,1023,90,540.0,4.5,7.5195,0.95785272
cold,0,1,0,3e-05,0.05,512,3,5,4,256,6000,8.0,2633729,1,1,9974,1101,600006,0,1023,1023,91,546.0,4.55,7.60305,0.96365178
cold,0,1,0,3e-05,0.05,512,3,5,4,256,6000,8.0,2633729,1,1,9974,1101,600006,0,1023,1023,92,552.0,4.6,7.6866,0.9687199
cold,0,1,0,3e-05,0.05,512,3,5,4,256,6000,8.0,2633729,1,1,9974,1101,600006,0,1023,1023,93,558.0,4.65,7.77015,0.97192246
cold,0,1,0,3e-05,0.05,512,3,5,4,256,6000,8.0,2633729,1,1,9974,1101,600006,0,1023,1023,94,564.0,4.7,7.8537,0.97423851
cold,0,1,0,3e-05,0.05,512,3,5,4,256,6000,8.0,2633729,1,1,9974,1101,600006,0,1023,1023,95,570.0,4.75,7.93725,0.97719133
cold,0,1,0,3e-05,0.05,512,3,5,4,256,6000,8.0,2633729,1,1,9974,1101,600006,0,1023,1023,96,576.0,4.8,8.0208,0.97948164
cold,0,1,0,3e-05,0.05,512,3,5,4,256,6000,8.0,2633729,1,1,9974,1101,600006,0,1023,1023,97,582.0,4.85,8.10435,0.97903204
cold,0,1,0,3e-05,0.05,512,3,5,4,256,6000,8.0,2633729,1,1,9974,1101,600006,0,1023,1023,98,588.0,4.9,8.1879,0.97578698
cold,0,1,0,3e-05,0.05,512,3,5,4,256,6000,8.0,2633729,1,1,9974,1101,600006,0,1023,1023,99,594.0,4.95,8.27145,0.97095013
cold,0,1,0,3e-05,0.05,512,3,5,4,256,6000,8.0,2633729,1,1,9974,1101,600006,0,1023,1023,100,600.0,5.0,8.355,0.96656162
cold,0,1,0,3e-05,0.05,512,3,5,4,256,6000,8.0,2633729,1,1,9974,1101,600006,0,1023,1023,101,606.0,5.05,8.43855,0.96352738
cold,0,1,0,3e-05,0.05,512,3,5,4,256,6000,8.0,2633729,1,1,9974,1101,600006,0,1023,1023,102,612.0,5.1,8.5221,0.96090364
cold,0,1,0,3e-05,0.05,512,3,5,4,256,6000,8.0,2633729,1,1,9974,1101,600006,0,1023,1023,103,618.0,5.15,8.60565,0.95837712
cold,0,1,0,3e-05,0.05,512,3,5,4,256,6000,8.0,2633729,1,1,9974,1101,600006,0,1023,1023,104,624.0,5.2,8.6892,0.95695871
cold,0,1,0,3e-05,0.05,512,3,5,4,256,6000,8.0,2633729,1,1,9974,1101,600006,0,1023,1023,105,630.0,5.25,8.77275,0.95769709
cold,0,1,0,3e-05,0.05,512,3,5,4,256,6000,8.0,2633729,1,1,9974,1101,600006,0,1023,1023,106,636.0,5.3,8.8563,0.96174812
cold,0,1,0,3e-05,0.05,512,3,5,4,256,6000,8.0,2633729,1,1,9974,1101,600006,0,1023,1023,107,642.0,5.35,8.93985,0.96917015
cold,0,1,0,3e-05,0.05,512,3,5,4,256,6000,8.0,2633729,1,1,9974,1101,600006,0,1023,1023,108,648.0,5.4,9.0234,0.97806847
cold,0,1,0,3e-05,0.05,512,3,5,4,256,6000,8.0,2633729,1,1,9974,1101,600006,0,1023,1023,109,654.0,5.45,9.10695,0.98568654
cold,0,1,0,3e-05,0.05,512,3,5,4,256,6000,8.0,2633729,1,1,9974,1101,600006,0,1023,1023,110,660.0,5.5,9.1905,0.98931813
cold,0,1,0,3e-05,0.05,512,3,5,4,256,6000,8.0,2633729,1,1,9974,1101,600006,0,1023,1023,111,666.0,5.55,9.27405,0.98879325
cold,0,1,0,3e-05,0.05,512,3,5,4,256,6000,8.0,2633729,1,1,9974,1101,600006,0,1023,1023,112,672.0,5.6,9.3576,0.98690999
cold,0,1,0,3e-05,0.05,512,3,5,4,256,6000,8.0,2633729,1,1,9974,1101,600006,0,1023,1023,113,678.0,5.65,9.44115,0.98589182
cold,0,1,0,3e-05,0.05,512,3,5,4,256,6000,8.0,2633729,1,1,9974,1101,600006,0,1023,1023,114,684.0,5.7,9.5247,0.98557472
cold,0,1,0,3e-05,0.05,512,3,5,4,256,6000,8.0,2633729,1,1,9974,1101,600006,0,1023,1023,115,690.0,5.75,9.60825,0.98526144
cold,0,1,0,3e-05,0.05,512,3,5,4,256,6000,8.0,2633729,1,1,9974,1101,600006,0,1023,1023,116,696.0,5.8,9.6918,0.98470849
cold,0,1,0,3e-05,0.05,512,3,5,4,256,6000,8.0,2633729,1,1,9974,1101,600006,0,1023,1023,117,702.0,5.85,9.77535,0.98318946
cold,0,1,0,3e-05,0.05,512,3,5,4,256,6000,8.0,2633729,1,1,9974,1101,600006,0,1023,1023,118,708.0,5.9,9.8589,0.98031217
cold,0,1,0,3e-05,0.05,512,3,5,4,256,6000,8.0,2633729,1,1,9974,1101,600006,0,1023,1023,119,714.0,5.95,9.94245,0.97592366
cold,0,1,0,3e-05,0.05,512,3,5,4,256,6000,8.0,2633729,1,1,9974,1101,600006,0,1023,1023,120,720.0,6.0,10.026,0.97115511
cold,0,1,0,3e-05,0.05,512,3,5,4,256,6000,8.0,2633729,1,1,9974,1101,600006,0,4468,4468,1,6.0,0.05,0.08355,0.02045919
cold,0,1,0,3e-05,0.05,512,3,5,4,256,6000,8.0,2633729,1,1,9974,1101,600006,0,4468,4468,2,12.0,0.1,0.1671,0.02439091
cold,0,1,0,3e-05,0.05,512,3,5,4,256,6000,8.0,2633729,1,1,9974,1101,600006,0,4468,4468,3,18.0,0.15,0.25065,0.02865172
cold,0,1,0,3e-05,0.05,512,3,5,4,256,6000,8.0,2633729,1,1,9974,1101,600006,0,4468,4468,4,24.0,0.2,0.3342,0.03297214
cold,0,1,0,3e-05,0.05,512,3,5,4,256,6000,8.0,2633729,1,1,9974,1101,600006,0,4468,4468,5,30.0,0.25,0.41775,0.0371721
cold,0,1,0,3e-05,0.05,512,3,5,4,256,6000,8.0,2633729,1,1,9974,1101,600006,0,4468,4468,6,36.0,0.3,0.5013,0.04244387
cold,0,1,0,3e-05,0.05,512,3,5,4,256,6000,8.0,2633729,1,1,9974,1101,600006,0,4468,4468,7,42.0,0.35,0.58485,0.04793663
cold,0,1,0,3e-05,0.05,512,3,5,4,256,6000,8.0,2633729,1,1,9974,1101,600006,0,4468,4468,8,48.0,0.4,0.6684,0.05379358
cold,0,1,0,3e-05,0.05,512,3,5,4,256,6000,8.0,2633729,1,1,9974,1101,600006,0,4468,4468,9,54.0,0.45,0.75195,0.06026203
cold,0,1,0,3e-05,0.05,512,3,5,4,256,6000,8.0,2633729,1,1,9974,1101,600006,0,4468,4468,10,60.0,0.5,0.8355,0.06771988
cold,0,1,0,3e-05,0.05,512,3,5,4,256,6000,8.0,2633729,1,1,9974,1101,600006,0,4468,4468,11,66.0,0.55,0.91905,0.07615685
cold,0,1,0,3e-05,0.05,512,3,5,4,256,6000,8.0,2633729,1,1,9974,1101,600006,0,4468,4468,12,72.0,0.6,1.0026,0.08562377
cold,0,1,0,3e-05,0.05,512,3,5,4,256,6000,8.0,2633729,1,1,9974,1101,600006,0,4468,4468,13,78.0,0.65,1.08615,0.09622246
cold,0,1,0,3e-05,0.05,512,3,5,4,256,6000,8.0,2633729,1,1,9974,1101,600006,0,4468,4468,14,84.0,0.7,1.1697,0.1085998
cold,0,1,0,3e-05,0.05,512,3,5,4,256,6000,8.0,2633729,1,1,9974,1101,600006,0,4468,4468,15,90.0,0.75,1.25325,0.12263245
cold,0,1,0,3e-05,0.05,512,3,5,4,256,6000,8.0,2633729,1,1,9974,1101,600006,0,4468,4468,16,96.0,0.8,1.3368,0.13716364
cold,0,1,0,3e-05,0.05,512,3,5,4,256,6000,8.0,2633729,1,1,9974,1101,600006,0,4468,4468,17,102.0,0.85,1.42035,0.15109289
cold,0,1,0,3e-05,0.05,512,3,5,4,256,6000,8.0,2633729,1,1,9974,1101,600006,0,4468,4468,18,108.0,0.9,1.5039,0.16394861
cold,0,1,0,3e-05,0.05,512,3,5,4,256,6000,8.0,2633729,1,1,9974,1101,600006,0,4468,4468,19,114.0,0.95,1.58745,0.17657197
cold,0,1,0,3e-05,0.05,512,3,5,4,256,6000,8.0,2633729,1,1,9974,1101,600006,0,4468,4468,20,120.0,1.0,1.671,0.19080761
cold,0,1,0,3e-05,0.05,512,3,5,4,256,6000,8.0,2633729,1,1,9974,1101,600006,0,4468,4468,21,126.0,1.05,1.75455,0.20757952
cold,0,1,0,3e-05,0.05,512,3,5,4,256,6000,8.0,2633729,1,1,9974,1101,600006,0,4468,4468,22,132.0,1.1,1.8381,0.22660512
cold,0,1,0,3e-05,0.05,512,3,5,4,256,6000,8.0,2633729,1,1,9974,1101,600006,0,4468,4468,23,138.0,1.15,1.92165,0.24790089
cold,0,1,0,3e-05,0.05,512,3,5,4,256,6000,8.0,2633729,1,1,9974,1101,600006,0,4468,4468,24,144.0,1.2,2.0052,0.27066335
cold,0,1,0,3e-05,0.05,512,3,5,4,256,6000,8.0,2633729,1,1,9974,1101,600006,0,4468,4468,25,150.0,1.25,2.08875,0.29372129
cold,0,1,0,3e-05,0.05,512,3,5,4,256,6000,8.0,2633729,1,1,9974,1101,600006,0,4468,4468,26,156.0,1.3,2.1723,0.31688204
cold,0,1,0,3e-05,0.05,512,3,5,4,256,6000,8.0,2633729,1,1,9974,1101,600006,0,4468,4468,27,162.0,1.35,2.25585,0.34013498
cold,0,1,0,3e-05,0.05,512,3,5,4,256,6000,8.0,2633729,1,1,9974,1101,600006,0,4468,4468,28,168.0,1.4,2.3394,0.36250877
cold,0,1,0,3e-05,0.05,512,3,5,4,256,6000,8.0,2633729,1,1,9974,1101,600006,0,4468,4468,29,174.0,1.45,2.42295,0.38237336
cold,0,1,0,3e-05,0.05,512,3,5,4,256,6000,8.0,2633729,1,1,9974,1101,600006,0,4468,4468,30,180.0,1.5,2.5065,0.40045896
cold,0,1,0,3e-05,0.05,512,3,5,4,256,6000,8.0,2633729,1,1,9974,1101,600006,0,4468,4468,31,186.0,1.55,2.59005,0.41982248
cold,0,1,0,3e-05,0.05,512,3,5,4,256,6000,8.0,2633729,1,1,9974,1101,600006,0,4468,4468,32,192.0,1.6,2.6736,0.44116017
cold,0,1,0,3e-05,0.05,512,3,5,4,256,6000,8.0,2633729,1,1,9974,1101,600006,0,4468,4468,33,198.0,1.65,2.75715,0.46278268
cold,0,1,0,3e-05,0.05,512,3,5,4,256,6000,8.0,2633729,1,1,9974,1101,600006,0,4468,4468,34,204.0,1.7,2.8407,0.48372826
cold,0,1,0,3e-05,0.05,512,3,5,4,256,6000,8.0,2633729,1,1,9974,1101,600006,0,4468,4468,35,210.0,1.75,2.92425,0.504103
cold,0,1,0,3e-05,0.05,512,3,5,4,256,6000,8.0,2633729,1,1,9974,1101,600006,0,4468,4468,36,216.0,1.8,3.0078,0.52463245
cold,0,1,0,3e-05,0.05,512,3,5,4,256,6000,8.0,2633729,1,1,9974,1101,600006,0,4468,4468,37,222.0,1.85,3.09135,0.54613131
cold,0,1,0,3e-05,0.05,512,3,5,4,256,6000,8.0,2633729,1,1,9974,1101,600006,0,4468,4468,38,228.0,1.9,3.1749,0.56808013
cold,0,1,0,3e-05,0.05,512,3,5,4,256,6000,8.0,2633729,1,1,9974,1101,600006,0,4468,4468,39,234.0,1.95,3.25845,0.58955091
cold,0,1,0,3e-05,0.05,512,3,5,4,256,6000,8.0,2633729,1,1,9974,1101,600006,0,4468,4468,40,240.0,2.0,3.342,0.61081809
cold,0,1,0,3e-05,0.05,512,3,5,4,256,6000,8.0,2633729,1,1,9974,1101,600006,0,4468,4468,41,246.0,2.05,3.42555,0.63232017
cold,0,1,0,3e-05,0.05,512,3,5,4,256,6000,8.0,2633729,1,1,9974,1101,600006,0,4468,4468,42,252.0,2.1,3.5091,0.65346754
cold,0,1,0,3e-05,0.05,512,3,5,4,256,6000,8.0,2633729,1,1,9974,1101,600006,0,4468,4468,43,258.0,2.15,3.59265,0.67309052
cold,0,1,0,3e-05,0.05,512,3,5,4,256,6000,8.0,2633729,1,1,9974,1101,600006,0,4468,4468,44,264.0,2.2,3.6762,0.68975502
cold,0,1,0,3e-05,0.05,512,3,5,4,256,6000,8.0,2633729,1,1,9974,1101,600006,0,4468,4468,45,270.0,2.25,3.75975,0.70308888
cold,0,1,0,3e-05,0.05,512,3,5,4,256,6000,8.0,2633729,1,1,9974,1101,600006,0,4468,4468,46,276.0,2.3,3.8433,0.71485388
cold,0,1,0,3e-05,0.05,512,3,5,4,256,6000,8.0,2633729,1,1,9974,1101,600006,0,4468,4468,47,282.0,2.35,3.92685,0.72840399
cold,0,1,0,3e-05,0.05,512,3,5,4,256,6000,8.0,2633729,1,1,9974,1101,600006,0,4468,4468,48,288.0,2.4,4.0104,0.74652421
cold,0,1,0,3e-05,0.05,512,3,5,4,256,6000,8.0,2633729,1,1,9974,1101,600006,0,4468,4468,49,294.0,2.45,4.09395,0.76795357
cold,0,1,0,3e-05,0.05,512,3,5,4,256,6000,8.0,2633729,1,1,9974,1101,600006,0,4468,4468,50,300.0,2.5,4.1775,0.78848797
cold,0,1,0,3e-05,0.05,512,3,5,4,256,6000,8.0,2633729,1,1,9974,1101,600006,0,4468,4468,51,306.0,2.55,4.26105,0.80427825
cold,0,1,0,3e-05,0.05,512,3,5,4,256,6000,8.0,2633729,1,1,9974,1101,600006,0,4468,4468,52,312.0,2.6,4.3446,0.81361425
cold,0,1,0,3e-05,0.05,512,3,5,4,256,6000,8.0,2633729,1,1,9974,1101,600006,0,4468,4468,53,318.0,2.65,4.42815,0.81752533
cold,0,1,0,3e-05,0.05,512,3,5,4,256,6000,8.0,2633729,1,1,9974,1101,600006,0,4468,4468,54,324.0,2.7,4.5117,0.81965762
cold,0,1,0,3e-05,0.05,512,3,5,4,256,6000,8.0,2633729,1,1,9974,1101,600006,0,4468,4468,55,330.0,2.75,4.59525,0.82393837
cold,0,1,0,3e-05,0.05,512,3,5,4,256,6000,8.0,2633729,1,1,9974,1101,600006,0,4468,4468,56,336.0,2.8,4.6788,0.83240968
cold,0,1,0,3e-05,0.05,512,3,5,4,256,6000,8.0,2633729,1,1,9974,1101,600006,0,4468,4468,57,342.0,2.85,4.76235,0.84462827
cold,0,1,0,3e-05,0.05,512,3,5,4,256,6000,8.0,2633729,1,1,9974,1101,600006,0,4468,4468,58,348.0,2.9,4.8459,0.85847092
cold,0,1,0,3e-05,0.05,512,3,5,4,256,6000,8.0,2633729,1,1,9974,1101,600006,0,4468,4468,59,354.0,2.95,4.92945,0.87072331
cold,0,1,0,3e-05,0.05,512,3,5,4,256,6000,8.0,2633729,1,1,9974,1101,600006,0,4468,4468,60,360.0,3.0,5.013,0.87969965
cold,0,1,0,3e-05,0.05,512,3,5,4,256,6000,8.0,2633729,1,1,9974,1101,600006,0,4468,4468,61,366.0,3.05,5.09655,0.88643694
cold,0,1,0,3e-05,0.05,512,3,5,4,256,6000,8.0,2633729,1,1,9974,1101,600006,0,4468,4468,62,372.0,3.1,5.1801,0.89236212
cold,0,1,0,3e-05,0.05,512,3,5,4,256,6000,8.0,2633729,1,1,9974,1101,600006,0,4468,4468,63,378.0,3.15,5.26365,0.897425
cold,0,1,0,3e-05,0.05,512,3,5,4,256,6000,8.0,2633729,1,1,9974,1101,600006,0,4468,4468,64,384.0,3.2,5.3472,0.90017545
cold,0,1,0,3e-05,0.05,512,3,5,4,256,6000,8.0,2633729,1,1,9974,1101,600006,0,4468,4468,65,390.0,3.25,5.43075,0.89996356
cold,0,1,0,3e-05,0.05,512,3,5,4,256,6000,8.0,2633729,1,1,9974,1101,600006,0,4468,4468,66,396.0,3.3,5.5143,0.89811456
cold,0,1,0,3e-05,0.05,512,3,5,4,256,6000,8.0,2633729,1,1,9974,1101,600006,0,4468,4468,67,402.0,3.35,5.59785,0.89703614
cold,0,1,0,3e-05,0.05,512,3,5,4,256,6000,8.0,2633729,1,1,9974,1101,600006,0,4468,4468,68,408.0,3.4,5.6814,0.89840525
cold,0,1,0,3e-05,0.05,512,3,5,4,256,6000,8.0,2633729,1,1,9974,1101,600006,0,4468,4468,69,414.0,3.45,5.76495,0.90340406
cold,0,1,0,3e-05,0.05,512,3,5,4,256,6000,8.0,2633729,1,1,9974,1101,600006,0,4468,4468,70,420.0,3.5,5.8485,0.91254395
cold,0,1,0,3e-05,0.05,512,3,5,4,256,6000,8.0,2633729,1,1,9974,1101,600006,0,4468,4468,71,426.0,3.55,5.93205,0.92388272
cold,0,1,0,3e-05,0.05,512,3,5,4,256,6000,8.0,2633729,1,1,9974,1101,600006,0,4468,4468,72,432.0,3.6,6.0156,0.93379992
cold,0,1,0,3e-05,0.05,512,3,5,4,256,6000,8.0,2633729,1,1,9974,1101,600006,0,4468,4468,73,438.0,3.65,6.09915,0.93902898
cold,0,1,0,3e-05,0.05,512,3,5,4,256,6000,8.0,2633729,1,1,9974,1101,600006,0,4468,4468,74,444.0,3.7,6.1827,0.93924916
cold,0,1,0,3e-05,0.05,512,3,5,4,256,6000,8.0,2633729,1,1,9974,1101,600006,0,4468,4468,75,450.0,3.75,6.26625,0.93759948
cold,0,1,0,3e-05,0.05,512,3,5,4,256,6000,8.0,2633729,1,1,9974,1101,600006,0,4468,4468,76,456.0,3.8,6.3498,0.93741775
cold,0,1,0,3e-05,0.05,512,3,5,4,256,6000,8.0,2633729,1,1,9974,1101,600006,0,4468,4468,77,462.0,3.85,6.43335,0.93929207
cold,0,1,0,3e-05,0.05,512,3,5,4,256,6000,8.0,2633729,1,1,9974,1101,600006,0,4468,4468,78,468.0,3.9,6.5169,0.94165361
cold,0,1,0,3e-05,0.05,512,3,5,4,256,6000,8.0,2633729,1,1,9974,1101,600006,0,4468,4468,79,474.0,3.95,6.60045,0.94359845
cold,0,1,0,3e-05,0.05,512,3,5,4,256,6000,8.0,2633729,1,1,9974,1101,600006,0,4468,4468,80,480.0,4.0,6.684,0.94620454
cold,0,1,0,3e-05,0.05,512,3,5,4,256,6000,8.0,2633729,1,1,9974,1101,600006,0,4468,4468,81,486.0,4.05,6.76755,0.95003277
cold,0,1,0,3e-05,0.05,512,3,5,4,256,6000,8.0,2633729,1,1,9974,1101,600006,0,4468,4468,82,492.0,4.1,6.8511,0.95436788
cold,0,1,0,3e-05,0.05,512,3,5,4,256,6000,8.0,2633729,1,1,9974,1101,600006,0,4468,4468,83,498.0,4.15,6.93465,0.95910138
cold,0,1,0,3e-05,0.05,512,3,5,4,256,6000,8.0,2633729,1,1,9974,1101,600006,0,4468,4468,84,504.0,4.2,7.0182,0.9643259
cold,0,1,0,3e-05,0.05,512,3,5,4,256,6000,8.0,2633729,1,1,9974,1101,600006,0,4468,4468,85,510.0,4.25,7.10175,0.96862745
cold,0,1,0,3e-05,0.05,512,3,5,4,256,6000,8.0,2633729,1,1,9974,1101,600006,0,4468,4468,86,516.0,4.3,7.1853,0.97052211
cold,0,1,0,3e-05,0.05,512,3,5,4,256,6000,8.0,2633729,1,1,9974,1101,600006,0,4468,4468,87,522.0,4.35,7.26885,0.9698121
cold,0,1,0,3e-05,0.05,512,3,5,4,256,6000,8.0,2633729,1,1,9974,1101,600006,0,4468,4468,88,528.0,4.4,7.3524,0.96741211
cold,0,1,0,3e-05,0.05,512,3,5,4,256,6000,8.0,2633729,1,1,9974,1101,600006,0,4468,4468,89,534.0,4.45,7.43595,0.9649871
cold,0,1,0,3e-05,0.05,512,3,5,4,256,6000,8.0,2633729,1,1,9974,1101,600006,0,4468,4468,90,540.0,4.5,7.5195,0.96346349
cold,0,1,0,3e-05,0.05,512,3,5,4,256,6000,8.0,2633729,1,1,9974,1101,600006,0,4468,4468,91,546.0,4.55,7.60305,0.96345061
cold,0,1,0,3e-05,0.05,512,3,5,4,256,6000,8.0,2633729,1,1,9974,1101,600006,0,4468,4468,92,552.0,4.6,7.6866,0.96489668
cold,0,1,0,3e-05,0.05,512,3,5,4,256,6000,8.0,2633729,1,1,9974,1101,600006,0,4468,4468,93,558.0,4.65,7.77015,0.96648431
cold,0,1,0,3e-05,0.05,512,3,5,4,256,6000,8.0,2633729,1,1,9974,1101,600006,0,4468,4468,94,564.0,4.7,7.8537,0.96741819
cold,0,1,0,3e-05,0.05,512,3,5,4,256,6000,8.0,2633729,1,1,9974,1101,600006,0,4468,4468,95,570.0,4.75,7.93725,0.96880454
cold,0,1,0,3e-05,0.05,512,3,5,4,256,6000,8.0,2633729,1,1,9974,1101,600006,0,4468,4468,96,576.0,4.8,8.0208,0.97174162
cold,0,1,0,3e-05,0.05,512,3,5,4,256,6000,8.0,2633729,1,1,9974,1101,600006,0,4468,4468,97,582.0,4.85,8.10435,0.97584605
cold,0,1,0,3e-05,0.05,512,3,5,4,256,6000,8.0,2633729,1,1,9974,1101,600006,0,4468,4468,98,588.0,4.9,8.1879,0.98058003
cold,0,1,0,3e-05,0.05,512,3,5,4,256,6000,8.0,2633729,1,1,9974,1101,600006,0,4468,4468,99,594.0,4.95,8.27145,0.98419416
cold,0,1,0,3e-05,0.05,512,3,5,4,256,6000,8.0,2633729,1,1,9974,1101,600006,0,4468,4468,100,600.0,5.0,8.355,0.98453057
cold,0,1,0,3e-05,0.05,512,3,5,4,256,6000,8.0,2633729,1,1,9974,1101,600006,0,4468,4468,101,606.0,5.05,8.43855,0.98170704
cold,0,1,0,3e-05,0.05,512,3,5,4,256,6000,8.0,2633729,1,1,9974,1101,600006,0,4468,4468,102,612.0,5.1,8.5221,0.97808194
cold,0,1,0,3e-05,0.05,512,3,5,4,256,6000,8.0,2633729,1,1,9974,1101,600006,0,4468,4468,103,618.0,5.15,8.60565,0.97560883
cold,0,1,0,3e-05,0.05,512,3,5,4,256,6000,8.0,2633729,1,1,9974,1101,600006,0,4468,4468,104,624.0,5.2,8.6892,0.97405845
cold,0,1,0,3e-05,0.05,512,3,5,4,256,6000,8.0,2633729,1,1,9974,1101,600006,0,4468,4468,105,630.0,5.25,8.77275,0.97165996
cold,0,1,0,3e-05,0.05,512,3,5,4,256,6000,8.0,2633729,1,1,9974,1101,600006,0,4468,4468,106,636.0,5.3,8.8563,0.96810555
cold,0,1,0,3e-05,0.05,512,3,5,4,256,6000,8.0,2633729,1,1,9974,1101,600006,0,4468,4468,107,642.0,5.35,8.93985,0.9649983
cold,0,1,0,3e-05,0.05,512,3,5,4,256,6000,8.0,2633729,1,1,9974,1101,600006,0,4468,4468,108,648.0,5.4,9.0234,0.96397454
cold,0,1,0,3e-05,0.05,512,3,5,4,256,6000,8.0,2633729,1,1,9974,1101,600006,0,4468,4468,109,654.0,5.45,9.10695,0.96575642
cold,0,1,0,3e-05,0.05,512,3,5,4,256,6000,8.0,2633729,1,1,9974,1101,600006,0,4468,4468,110,660.0,5.5,9.1905,0.97069907
cold,0,1,0,3e-05,0.05,512,3,5,4,256,6000,8.0,2633729,1,1,9974,1101,600006,0,4468,4468,111,666.0,5.55,9.27405,0.9789778
cold,0,1,0,3e-05,0.05,512,3,5,4,256,6000,8.0,2633729,1,1,9974,1101,600006,0,4468,4468,112,672.0,5.6,9.3576,0.98819435
cold,0,1,0,3e-05,0.05,512,3,5,4,256,6000,8.0,2633729,1,1,9974,1101,600006,0,4468,4468,113,678.0,5.65,9.44115,0.99417746
cold,0,1,0,3e-05,0.05,512,3,5,4,256,6000,8.0,2633729,1,1,9974,1101,600006,0,4468,4468,114,684.0,5.7,9.5247,0.99567121
cold,0,1,0,3e-05,0.05,512,3,5,4,256,6000,8.0,2633729,1,1,9974,1101,600006,0,4468,4468,115,690.0,5.75,9.60825,0.99392897
cold,0,1,0,3e-05,0.05,512,3,5,4,256,6000,8.0,2633729,1,1,9974,1101,600006,0,4468,4468,116,696.0,5.8,9.6918,0.98949647
cold,0,1,0,3e-05,0.05,512,3,5,4,256,6000,8.0,2633729,1,1,9974,1101,600006,0,4468,4468,117,702.0,5.85,9.77535,0.98369938
cold,0,1,0,3e-05,0.05,512,3,5,4,256,6000,8.0,2633729,1,1,9974,1101,600006,0,4468,4468,118,708.0,5.9,9.8589,0.97875774
cold,0,1,0,3e-05,0.05,512,3,5,4,256,6000,8.0,2633729,1,1,9974,1101,600006,0,4468,4468,119,714.0,5.95,9.94245,0.97524703
cold,0,1,0,3e-05,0.05,512,3,5,4,256,6000,8.0,2633729,1,1,9974,1101,600006,0,4468,4468,120,720.0,6.0,10.026,0.9724369
cold,0,1,0,3e-05,0.05,512,3,5,4,256,6000,8.0,2633729,1,1,9974,1101,600006,0,6000,6000,1,6.0,0.05,0.08355,0.0203444
cold,0,1,0,3e-05,0.05,512,3,5,4,256,6000,8.0,2633729,1,1,9974,1101,600006,0,6000,6000,2,12.0,0.1,0.1671,0.0243371
cold,0,1,0,3e-05,0.05,512,3,5,4,256,6000,8.0,2633729,1,1,9974,1101,600006,0,6000,6000,3,18.0,0.15,0.25065,0.02876582
cold,0,1,0,3e-05,0.05,512,3,5,4,256,6000,8.0,2633729,1,1,9974,1101,600006,0,6000,6000,4,24.0,0.2,0.3342,0.03319898
cold,0,1,0,3e-05,0.05,512,3,5,4,256,6000,8.0,2633729,1,1,9974,1101,600006,0,6000,6000,5,30.0,0.25,0.41775,0.03765403
cold,0,1,0,3e-05,0.05,512,3,5,4,256,6000,8.0,2633729,1,1,9974,1101,600006,0,6000,6000,6,36.0,0.3,0.5013,0.04328738
cold,0,1,0,3e-05,0.05,512,3,5,4,256,6000,8.0,2633729,1,1,9974,1101,600006,0,6000,6000,7,42.0,0.35,0.58485,0.04910559
cold,0,1,0,3e-05,0.05,512,3,5,4,256,6000,8.0,2633729,1,1,9974,1101,600006,0,6000,6000,8,48.0,0.4,0.6684,0.05527067
cold,0,1,0,3e-05,0.05,512,3,5,4,256,6000,8.0,2633729,1,1,9974,1101,600006,0,6000,6000,9,54.0,0.45,0.75195,0.06208671
cold,0,1,0,3e-05,0.05,512,3,5,4,256,6000,8.0,2633729,1,1,9974,1101,600006,0,6000,6000,10,60.0,0.5,0.8355,0.0698511
cold,0,1,0,3e-05,0.05,512,3,5,4,256,6000,8.0,2633729,1,1,9974,1101,600006,0,6000,6000,11,66.0,0.55,0.91905,0.07848699
cold,0,1,0,3e-05,0.05,512,3,5,4,256,6000,8.0,2633729,1,1,9974,1101,600006,0,6000,6000,12,72.0,0.6,1.0026,0.08793072
cold,0,1,0,3e-05,0.05,512,3,5,4,256,6000,8.0,2633729,1,1,9974,1101,600006,0,6000,6000,13,78.0,0.65,1.08615,0.09814338
cold,0,1,0,3e-05,0.05,512,3,5,4,256,6000,8.0,2633729,1,1,9974,1101,600006,0,6000,6000,14,84.0,0.7,1.1697,0.11006185
cold,0,1,0,3e-05,0.05,512,3,5,4,256,6000,8.0,2633729,1,1,9974,1101,600006,0,6000,6000,15,90.0,0.75,1.25325,0.12371959
cold,0,1,0,3e-05,0.05,512,3,5,4,256,6000,8.0,2633729,1,1,9974,1101,600006,0,6000,6000,16,96.0,0.8,1.3368,0.13799906
cold,0,1,0,3e-05,0.05,512,3,5,4,256,6000,8.0,2633729,1,1,9974,1101,600006,0,6000,6000,17,102.0,0.85,1.42035,0.15188628
cold,0,1,0,3e-05,0.05,512,3,5,4,256,6000,8.0,2633729,1,1,9974,1101,600006,0,6000,6000,18,108.0,0.9,1.5039,0.16508049
cold,0,1,0,3e-05,0.05,512,3,5,4,256,6000,8.0,2633729,1,1,9974,1101,600006,0,6000,6000,19,114.0,0.95,1.58745,0.17841972
cold,0,1,0,3e-05,0.05,512,3,5,4,256,6000,8.0,2633729,1,1,9974,1101,600006,0,6000,6000,20,120.0,1.0,1.671,0.19313006
cold,0,1,0,3e-05,0.05,512,3,5,4,256,6000,8.0,2633729,1,1,9974,1101,600006,0,6000,6000,21,126.0,1.05,1.75455,0.20920721
cold,0,1,0,3e-05,0.05,512,3,5,4,256,6000,8.0,2633729,1,1,9974,1101,600006,0,6000,6000,22,132.0,1.1,1.8381,0.22663265
cold,0,1,0,3e-05,0.05,512,3,5,4,256,6000,8.0,2633729,1,1,9974,1101,600006,0,6000,6000,23,138.0,1.15,1.92165,0.24614276
cold,0,1,0,3e-05,0.05,512,3,5,4,256,6000,8.0,2633729,1,1,9974,1101,600006,0,6000,6000,24,144.0,1.2,2.0052,0.26758555
cold,0,1,0,3e-05,0.05,512,3,5,4,256,6000,8.0,2633729,1,1,9974,1101,600006,0,6000,6000,25,150.0,1.25,2.08875,0.28998321
cold,0,1,0,3e-05,0.05,512,3,5,4,256,6000,8.0,2633729,1,1,9974,1101,600006,0,6000,6000,26,156.0,1.3,2.1723,0.31267416
cold,0,1,0,3e-05,0.05,512,3,5,4,256,6000,8.0,2633729,1,1,9974,1101,600006,0,6000,6000,27,162.0,1.35,2.25585,0.33500716
cold,0,1,0,3e-05,0.05,512,3,5,4,256,6000,8.0,2633729,1,1,9974,1101,600006,0,6000,6000,28,168.0,1.4,2.3394,0.3550379
cold,0,1,0,3e-05,0.05,512,3,5,4,256,6000,8.0,2633729,1,1,9974,1101,600006,0,6000,6000,29,174.0,1.45,2.42295,0.37144241
cold,0,1,0,3e-05,0.05,512,3,5,4,256,6000,8.0,2633729,1,1,9974,1101,600006,0,6000,6000,30,180.0,1.5,2.5065,0.38636819
cold,0,1,0,3e-05,0.05,512,3,5,4,256,6000,8.0,2633729,1,1,9974,1101,600006,0,6000,6000,31,186.0,1.55,2.59005,0.40409416
cold,0,1,0,3e-05,0.05,512,3,5,4,256,6000,8.0,2633729,1,1,9974,1101,600006,0,6000,6000,32,192.0,1.6,2.6736,0.42563874
cold,0,1,0,3e-05,0.05,512,3,5,4,256,6000,8.0,2633729,1,1,9974,1101,600006,0,6000,6000,33,198.0,1.65,2.75715,0.44781995
cold,0,1,0,3e-05,0.05,512,3,5,4,256,6000,8.0,2633729,1,1,9974,1101,600006,0,6000,6000,34,204.0,1.7,2.8407,0.46841624
cold,0,1,0,3e-05,0.05,512,3,5,4,256,6000,8.0,2633729,1,1,9974,1101,600006,0,6000,6000,35,210.0,1.75,2.92425,0.48769826
cold,0,1,0,3e-05,0.05,512,3,5,4,256,6000,8.0,2633729,1,1,9974,1101,600006,0,6000,6000,36,216.0,1.8,3.0078,0.5069558
cold,0,1,0,3e-05,0.05,512,3,5,4,256,6000,8.0,2633729,1,1,9974,1101,600006,0,6000,6000,37,222.0,1.85,3.09135,0.52768344
cold,0,1,0,3e-05,0.05,512,3,5,4,256,6000,8.0,2633729,1,1,9974,1101,600006,0,6000,6000,38,228.0,1.9,3.1749,0.55041635
cold,0,1,0,3e-05,0.05,512,3,5,4,256,6000,8.0,2633729,1,1,9974,1101,600006,0,6000,6000,39,234.0,1.95,3.25845,0.57425731
cold,0,1,0,3e-05,0.05,512,3,5,4,256,6000,8.0,2633729,1,1,9974,1101,600006,0,6000,6000,40,240.0,2.0,3.342,0.59828025
cold,0,1,0,3e-05,0.05,512,3,5,4,256,6000,8.0,2633729,1,1,9974,1101,600006,0,6000,6000,41,246.0,2.05,3.42555,0.62046367
cold,0,1,0,3e-05,0.05,512,3,5,4,256,6000,8.0,2633729,1,1,9974,1101,600006,0,6000,6000,42,252.0,2.1,3.5091,0.63815099
cold,0,1,0,3e-05,0.05,512,3,5,4,256,6000,8.0,2633729,1,1,9974,1101,600006,0,6000,6000,43,258.0,2.15,3.59265,0.65117937
cold,0,1,0,3e-05,0.05,512,3,5,4,256,6000,8.0,2633729,1,1,9974,1101,600006,0,6000,6000,44,264.0,2.2,3.6762,0.66180444
cold,0,1,0,3e-05,0.05,512,3,5,4,256,6000,8.0,2633729,1,1,9974,1101,600006,0,6000,6000,45,270.0,2.25,3.75975,0.67226154
cold,0,1,0,3e-05,0.05,512,3,5,4,256,6000,8.0,2633729,1,1,9974,1101,600006,0,6000,6000,46,276.0,2.3,3.8433,0.68465292
cold,0,1,0,3e-05,0.05,512,3,5,4,256,6000,8.0,2633729,1,1,9974,1101,600006,0,6000,6000,47,282.0,2.35,3.92685,0.70036143
cold,0,1,0,3e-05,0.05,512,3,5,4,256,6000,8.0,2633729,1,1,9974,1101,600006,0,6000,6000,48,288.0,2.4,4.0104,0.71878207
cold,0,1,0,3e-05,0.05,512,3,5,4,256,6000,8.0,2633729,1,1,9974,1101,600006,0,6000,6000,49,294.0,2.45,4.09395,0.73716354
cold,0,1,0,3e-05,0.05,512,3,5,4,256,6000,8.0,2633729,1,1,9974,1101,600006,0,6000,6000,50,300.0,2.5,4.1775,0.75308269
cold,0,1,0,3e-05,0.05,512,3,5,4,256,6000,8.0,2633729,1,1,9974,1101,600006,0,6000,6000,51,306.0,2.55,4.26105,0.76583302
cold,0,1,0,3e-05,0.05,512,3,5,4,256,6000,8.0,2633729,1,1,9974,1101,600006,0,6000,6000,52,312.0,2.6,4.3446,0.77589142
cold,0,1,0,3e-05,0.05,512,3,5,4,256,6000,8.0,2633729,1,1,9974,1101,600006,0,6000,6000,53,318.0,2.65,4.42815,0.78437668
cold,0,1,0,3e-05,0.05,512,3,5,4,256,6000,8.0,2633729,1,1,9974,1101,600006,0,6000,6000,54,324.0,2.7,4.5117,0.7925418
cold,0,1,0,3e-05,0.05,512,3,5,4,256,6000,8.0,2633729,1,1,9974,1101,600006,0,6000,6000,55,330.0,2.75,4.59525,0.80171686
cold,0,1,0,3e-05,0.05,512,3,5,4,256,6000,8.0,2633729,1,1,9974,1101,600006,0,6000,6000,56,336.0,2.8,4.6788,0.81355906
cold,0,1,0,3e-05,0.05,512,3,5,4,256,6000,8.0,2633729,1,1,9974,1101,600006,0,6000,6000,57,342.0,2.85,4.76235,0.82817298
cold,0,1,0,3e-05,0.05,512,3,5,4,256,6000,8.0,2633729,1,1,9974,1101,600006,0,6000,6000,58,348.0,2.9,4.8459,0.84229845
cold,0,1,0,3e-05,0.05,512,3,5,4,256,6000,8.0,2633729,1,1,9974,1101,600006,0,6000,6000,59,354.0,2.95,4.92945,0.85210425
cold,0,1,0,3e-05,0.05,512,3,5,4,256,6000,8.0,2633729,1,1,9974,1101,600006,0,6000,6000,60,360.0,3.0,5.013,0.85720444
cold,0,1,0,3e-05,0.05,512,3,5,4,256,6000,8.0,2633729,1,1,9974,1101,600006,0,6000,6000,61,366.0,3.05,5.09655,0.8606748
cold,0,1,0,3e-05,0.05,512,3,5,4,256,6000,8.0,2633729,1,1,9974,1101,600006,0,6000,6000,62,372.0,3.1,5.1801,0.86566937
cold,0,1,0,3e-05,0.05,512,3,5,4,256,6000,8.0,2633729,1,1,9974,1101,600006,0,6000,6000,63,378.0,3.15,5.26365,0.87233669
cold,0,1,0,3e-05,0.05,512,3,5,4,256,6000,8.0,2633729,1,1,9974,1101,600006,0,6000,6000,64,384.0,3.2,5.3472,0.87970483
cold,0,1,0,3e-05,0.05,512,3,5,4,256,6000,8.0,2633729,1,1,9974,1101,600006,0,6000,6000,65,390.0,3.25,5.43075,0.88813072
cold,0,1,0,3e-05,0.05,512,3,5,4,256,6000,8.0,2633729,1,1,9974,1101,600006,0,6000,6000,66,396.0,3.3,5.5143,0.89669138
cold,0,1,0,3e-05,0.05,512,3,5,4,256,6000,8.0,2633729,1,1,9974,1101,600006,0,6000,6000,67,402.0,3.35,5.59785,0.90279186
cold,0,1,0,3e-05,0.05,512,3,5,4,256,6000,8.0,2633729,1,1,9974,1101,600006,0,6000,6000,68,408.0,3.4,5.6814,0.90574348
cold,0,1,0,3e-05,0.05,512,3,5,4,256,6000,8.0,2633729,1,1,9974,1101,600006,0,6000,6000,69,414.0,3.45,5.76495,0.90773642
cold,0,1,0,3e-05,0.05,512,3,5,4,256,6000,8.0,2633729,1,1,9974,1101,600006,0,6000,6000,70,420.0,3.5,5.8485,0.91094106
cold,0,1,0,3e-05,0.05,512,3,5,4,256,6000,8.0,2633729,1,1,9974,1101,600006,0,6000,6000,71,426.0,3.55,5.93205,0.9159838
cold,0,1,0,3e-05,0.05,512,3,5,4,256,6000,8.0,2633729,1,1,9974,1101,600006,0,6000,6000,72,432.0,3.6,6.0156,0.92236018
cold,0,1,0,3e-05,0.05,512,3,5,4,256,6000,8.0,2633729,1,1,9974,1101,600006,0,6000,6000,73,438.0,3.65,6.09915,0.92834175
cold,0,1,0,3e-05,0.05,512,3,5,4,256,6000,8.0,2633729,1,1,9974,1101,600006,0,6000,6000,74,444.0,3.7,6.1827,0.93266934
cold,0,1,0,3e-05,0.05,512,3,5,4,256,6000,8.0,2633729,1,1,9974,1101,600006,0,6000,6000,75,450.0,3.75,6.26625,0.93586928
cold,0,1,0,3e-05,0.05,512,3,5,4,256,6000,8.0,2633729,1,1,9974,1101,600006,0,6000,6000,76,456.0,3.8,6.3498,0.93935955
cold,0,1,0,3e-05,0.05,512,3,5,4,256,6000,8.0,2633729,1,1,9974,1101,600006,0,6000,6000,77,462.0,3.85,6.43335,0.94399041
cold,0,1,0,3e-05,0.05,512,3,5,4,256,6000,8.0,2633729,1,1,9974,1101,600006,0,6000,6000,78,468.0,3.9,6.5169,0.94870007
cold,0,1,0,3e-05,0.05,512,3,5,4,256,6000,8.0,2633729,1,1,9974,1101,600006,0,6000,6000,79,474.0,3.95,6.60045,0.9510166
cold,0,1,0,3e-05,0.05,512,3,5,4,256,6000,8.0,2633729,1,1,9974,1101,600006,0,6000,6000,80,480.0,4.0,6.684,0.95075983
cold,0,1,0,3e-05,0.05,512,3,5,4,256,6000,8.0,2633729,1,1,9974,1101,600006,0,6000,6000,81,486.0,4.05,6.76755,0.95021993
cold,0,1,0,3e-05,0.05,512,3,5,4,256,6000,8.0,2633729,1,1,9974,1101,600006,0,6000,6000,82,492.0,4.1,6.8511,0.95058161
cold,0,1,0,3e-05,0.05,512,3,5,4,256,6000,8.0,2633729,1,1,9974,1101,600006,0,6000,6000,83,498.0,4.15,6.93465,0.95154643
cold,0,1,0,3e-05,0.05,512,3,5,4,256,6000,8.0,2633729,1,1,9974,1101,600006,0,6000,6000,84,504.0,4.2,7.0182,0.95287269
cold,0,1,0,3e-05,0.05,512,3,5,4,256,6000,8.0,2633729,1,1,9974,1101,600006,0,6000,6000,85,510.0,4.25,7.10175,0.95443314
cold,0,1,0,3e-05,0.05,512,3,5,4,256,6000,8.0,2633729,1,1,9974,1101,600006,0,6000,6000,86,516.0,4.3,7.1853,0.95503998
cold,0,1,0,3e-05,0.05,512,3,5,4,256,6000,8.0,2633729,1,1,9974,1101,600006,0,6000,6000,87,522.0,4.35,7.26885,0.95419002
cold,0,1,0,3e-05,0.05,512,3,5,4,256,6000,8.0,2633729,1,1,9974,1101,600006,0,6000,6000,88,528.0,4.4,7.3524,0.9538362
cold,0,1,0,3e-05,0.05,512,3,5,4,256,6000,8.0,2633729,1,1,9974,1101,600006,0,6000,6000,89,534.0,4.45,7.43595,0.95649838
cold,0,1,0,3e-05,0.05,512,3,5,4,256,6000,8.0,2633729,1,1,9974,1101,600006,0,6000,6000,90,540.0,4.5,7.5195,0.96295124
cold,0,1,0,3e-05,0.05,512,3,5,4,256,6000,8.0,2633729,1,1,9974,1101,600006,0,6000,6000,91,546.0,4.55,7.60305,0.97130245
cold,0,1,0,3e-05,0.05,512,3,5,4,256,6000,8.0,2633729,1,1,9974,1101,600006,0,6000,6000,92,552.0,4.6,7.6866,0.97749966
cold,0,1,0,3e-05,0.05,512,3,5,4,256,6000,8.0,2633729,1,1,9974,1101,600006,0,6000,6000,93,558.0,4.65,7.77015,0.97870731
cold,0,1,0,3e-05,0.05,512,3,5,4,256,6000,8.0,2633729,1,1,9974,1101,600006,0,6000,6000,94,564.0,4.7,7.8537,0.97609431
cold,0,1,0,3e-05,0.05,512,3,5,4,256,6000,8.0,2633729,1,1,9974,1101,600006,0,6000,6000,95,570.0,4.75,7.93725,0.97332436
cold,0,1,0,3e-05,0.05,512,3,5,4,256,6000,8.0,2633729,1,1,9974,1101,600006,0,6000,6000,96,576.0,4.8,8.0208,0.97282207
cold,0,1,0,3e-05,0.05,512,3,5,4,256,6000,8.0,2633729,1,1,9974,1101,600006,0,6000,6000,97,582.0,4.85,8.10435,0.97355801
cold,0,1,0,3e-05,0.05,512,3,5,4,256,6000,8.0,2633729,1,1,9974,1101,600006,0,6000,6000,98,588.0,4.9,8.1879,0.97200477
cold,0,1,0,3e-05,0.05,512,3,5,4,256,6000,8.0,2633729,1,1,9974,1101,600006,0,6000,6000,99,594.0,4.95,8.27145,0.96770465
cold,0,1,0,3e-05,0.05,512,3,5,4,256,6000,8.0,2633729,1,1,9974,1101,600006,0,6000,6000,100,600.0,5.0,8.355,0.96410745
cold,0,1,0,3e-05,0.05,512,3,5,4,256,6000,8.0,2633729,1,1,9974,1101,600006,0,6000,6000,101,606.0,5.05,8.43855,0.9628998
cold,0,1,0,3e-05,0.05,512,3,5,4,256,6000,8.0,2633729,1,1,9974,1101,600006,0,6000,6000,102,612.0,5.1,8.5221,0.96188074
cold,0,1,0,3e-05,0.05,512,3,5,4,256,6000,8.0,2633729,1,1,9974,1101,600006,0,6000,6000,103,618.0,5.15,8.60565,0.96040601
cold,0,1,0,3e-05,0.05,512,3,5,4,256,6000,8.0,2633729,1,1,9974,1101,600006,0,6000,6000,104,624.0,5.2,8.6892,0.96083033
cold,0,1,0,3e-05,0.05,512,3,5,4,256,6000,8.0,2633729,1,1,9974,1101,600006,0,6000,6000,105,630.0,5.25,8.77275,0.96481508
cold,0,1,0,3e-05,0.05,512,3,5,4,256,6000,8.0,2633729,1,1,9974,1101,600006,0,6000,6000,106,636.0,5.3,8.8563,0.9709689
cold,0,1,0,3e-05,0.05,512,3,5,4,256,6000,8.0,2633729,1,1,9974,1101,600006,0,6000,6000,107,642.0,5.35,8.93985,0.97672462
cold,0,1,0,3e-05,0.05,512,3,5,4,256,6000,8.0,2633729,1,1,9974,1101,600006,0,6000,6000,108,648.0,5.4,9.0234,0.97959548
cold,0,1,0,3e-05,0.05,512,3,5,4,256,6000,8.0,2633729,1,1,9974,1101,600006,0,6000,6000,109,654.0,5.45,9.10695,0.97776586
cold,0,1,0,3e-05,0.05,512,3,5,4,256,6000,8.0,2633729,1,1,9974,1101,600006,0,6000,6000,110,660.0,5.5,9.1905,0.97288847
cold,0,1,0,3e-05,0.05,512,3,5,4,256,6000,8.0,2633729,1,1,9974,1101,600006,0,6000,6000,111,666.0,5.55,9.27405,0.96804667
cold,0,1,0,3e-05,0.05,512,3,5,4,256,6000,8.0,2633729,1,1,9974,1101,600006,0,6000,6000,112,672.0,5.6,9.3576,0.96468914
cold,0,1,0,3e-05,0.05,512,3,5,4,256,6000,8.0,2633729,1,1,9974,1101,600006,0,6000,6000,113,678.0,5.65,9.44115,0.96348524
cold,0,1,0,3e-05,0.05,512,3,5,4,256,6000,8.0,2633729,1,1,9974,1101,600006,0,6000,6000,114,684.0,5.7,9.5247,0.96518898
cold,0,1,0,3e-05,0.05,512,3,5,4,256,6000,8.0,2633729,1,1,9974,1101,600006,0,6000,6000,115,690.0,5.75,9.60825,0.96978813
cold,0,1,0,3e-05,0.05,512,3,5,4,256,6000,8.0,2633729,1,1,9974,1101,600006,0,6000,6000,116,696.0,5.8,9.6918,0.97645974
cold,0,1,0,3e-05,0.05,512,3,5,4,256,6000,8.0,2633729,1,1,9974,1101,600006,0,6000,6000,117,702.0,5.85,9.77535,0.98286915
cold,0,1,0,3e-05,0.05,512,3,5,4,256,6000,8.0,2633729,1,1,9974,1101,600006,0,6000,6000,118,708.0,5.9,9.8589,0.98660469
cold,0,1,0,3e-05,0.05,512,3,5,4,256,6000,8.0,2633729,1,1,9974,1101,600006,0,6000,6000,119,714.0,5.95,9.94245,0.98819685
cold,0,1,0,3e-05,0.05,512,3,5,4,256,6000,8.0,2633729,1,1,9974,1101,600006,0,6000,6000,120,720.0,6.0,10.026,0.98958313
cold,0,1,0,3e-05,0.05,512,3,5,4,256,6000,8.0,2633729,1,1,9974,1102,600007,1,1,6001,1,6.0,0.05,0.08355,0.18243997
cold,0,1,0,3e-05,0.05,512,3,5,4,256,6000,8.0,2633729,1,1,9974,1102,600007,1,1,6001,2,12.0,0.1,0.1671,0.34959868
cold,0,1,0,3e-05,0.05,512,3,5,4,256,6000,8.0,2633729,1,1,9974,1102,600007,1,1,6001,3,18.0,0.15,0.25065,0.49850383
cold,0,1,0,3e-05,0.05,512,3,5,4,256,6000,8.0,2633729,1,1,9974,1102,600007,1,1,6001,4,24.0,0.2,0.3342,0.62359816
cold,0,1,0,3e-05,0.05,512,3,5,4,256,6000,8.0,2633729,1,1,9974,1102,600007,1,1,6001,5,30.0,0.25,0.41775,0.7241804
cold,0,1,0,3e-05,0.05,512,3,5,4,256,6000,8.0,2633729,1,1,9974,1102,600007,1,1,6001,6,36.0,0.3,0.5013,0.80248743
cold,0,1,0,3e-05,0.05,512,3,5,4,256,6000,8.0,2633729,1,1,9974,1102,600007,1,1,6001,7,42.0,0.35,0.58485,0.86240715
cold,0,1,0,3e-05,0.05,512,3,5,4,256,6000,8.0,2633729,1,1,9974,1102,600007,1,1,6001,8,48.0,0.4,0.6684,0.90820003
cold,0,1,0,3e-05,0.05,512,3,5,4,256,6000,8.0,2633729,1,1,9974,1102,600007,1,1,6001,9,54.0,0.45,0.75195,0.94355965
cold,0,1,0,3e-05,0.05,512,3,5,4,256,6000,8.0,2633729,1,1,9974,1102,600007,1,1,6001,10,60.0,0.5,0.8355,0.97155762
cold,0,1,0,3e-05,0.05,512,3,5,4,256,6000,8.0,2633729,1,1,9974,1102,600007,1,1,6001,11,66.0,0.55,0.91905,0.9942134
cold,0,1,0,3e-05,0.05,512,3,5,4,256,6000,8.0,2633729,1,1,9974,1102,600007,1,1,6001,12,72.0,0.6,1.0026,1.01252353
cold,0,1,0,3e-05,0.05,512,3,5,4,256,6000,8.0,2633729,1,1,9974,1102,600007,1,1,6001,13,78.0,0.65,1.08615,1.02744102
cold,0,1,0,3e-05,0.05,512,3,5,4,256,6000,8.0,2633729,1,1,9974,1102,600007,1,1,6001,14,84.0,0.7,1.1697,1.04068744
cold,0,1,0,3e-05,0.05,512,3,5,4,256,6000,8.0,2633729,1,1,9974,1102,600007,1,1,6001,15,90.0,0.75,1.25325,1.05411792
cold,0,1,0,3e-05,0.05,512,3,5,4,256,6000,8.0,2633729,1,1,9974,1102,600007,1,1,6001,16,96.0,0.8,1.3368,1.06877327
cold,0,1,0,3e-05,0.05,512,3,5,4,256,6000,8.0,2633729,1,1,9974,1102,600007,1,1,6001,17,102.0,0.85,1.42035,1.08503735
cold,0,1,0,3e-05,0.05,512,3,5,4,256,6000,8.0,2633729,1,1,9974,1102,600007,1,1,6001,18,108.0,0.9,1.5039,1.10311556
cold,0,1,0,3e-05,0.05,512,3,5,4,256,6000,8.0,2633729,1,1,9974,1102,600007,1,1,6001,19,114.0,0.95,1.58745,1.12282479
cold,0,1,0,3e-05,0.05,512,3,5,4,256,6000,8.0,2633729,1,1,9974,1102,600007,1,1,6001,20,120.0,1.0,1.671,1.14332259
cold,0,1,0,3e-05,0.05,512,3,5,4,256,6000,8.0,2633729,1,1,9974,1102,600007,1,1,6001,21,126.0,1.05,1.75455,1.16367853
cold,0,1,0,3e-05,0.05,512,3,5,4,256,6000,8.0,2633729,1,1,9974,1102,600007,1,1,6001,22,132.0,1.1,1.8381,1.18356586
cold,0,1,0,3e-05,0.05,512,3,5,4,256,6000,8.0,2633729,1,1,9974,1102,600007,1,1,6001,23,138.0,1.15,1.92165,1.20321679
cold,0,1,0,3e-05,0.05,512,3,5,4,256,6000,8.0,2633729,1,1,9974,1102,600007,1,1,6001,24,144.0,1.2,2.0052,1.22319818
cold,0,1,0,3e-05,0.05,512,3,5,4,256,6000,8.0,2633729,1,1,9974,1102,600007,1,1,6001,25,150.0,1.25,2.08875,1.24405491
cold,0,1,0,3e-05,0.05,512,3,5,4,256,6000,8.0,2633729,1,1,9974,1102,600007,1,1,6001,26,156.0,1.3,2.1723,1.26613188
cold,0,1,0,3e-05,0.05,512,3,5,4,256,6000,8.0,2633729,1,1,9974,1102,600007,1,1,6001,27,162.0,1.35,2.25585,1.28981555
cold,0,1,0,3e-05,0.05,512,3,5,4,256,6000,8.0,2633729,1,1,9974,1102,600007,1,1,6001,28,168.0,1.4,2.3394,1.31578815
cold,0,1,0,3e-05,0.05,512,3,5,4,256,6000,8.0,2633729,1,1,9974,1102,600007,1,1,6001,29,174.0,1.45,2.42295,1.34464443
cold,0,1,0,3e-05,0.05,512,3,5,4,256,6000,8.0,2633729,1,1,9974,1102,600007,1,1,6001,30,180.0,1.5,2.5065,1.37627506
cold,0,1,0,3e-05,0.05,512,3,5,4,256,6000,8.0,2633729,1,1,9974,1102,600007,1,1,6001,31,186.0,1.55,2.59005,1.41005158
cold,0,1,0,3e-05,0.05,512,3,5,4,256,6000,8.0,2633729,1,1,9974,1102,600007,1,1,6001,32,192.0,1.6,2.6736,1.44531226
cold,0,1,0,3e-05,0.05,512,3,5,4,256,6000,8.0,2633729,1,1,9974,1102,600007,1,1,6001,33,198.0,1.65,2.75715,1.48158002
cold,0,1,0,3e-05,0.05,512,3,5,4,256,6000,8.0,2633729,1,1,9974,1102,600007,1,1,6001,34,204.0,1.7,2.8407,1.51851916
cold,0,1,0,3e-05,0.05,512,3,5,4,256,6000,8.0,2633729,1,1,9974,1102,600007,1,1,6001,35,210.0,1.75,2.92425,1.55597782
cold,0,1,0,3e-05,0.05,512,3,5,4,256,6000,8.0,2633729,1,1,9974,1102,600007,1,1,6001,36,216.0,1.8,3.0078,1.59391427
cold,0,1,0,3e-05,0.05,512,3,5,4,256,6000,8.0,2633729,1,1,9974,1102,600007,1,1,6001,37,222.0,1.85,3.09135,1.63244498
cold,0,1,0,3e-05,0.05,512,3,5,4,256,6000,8.0,2633729,1,1,9974,1102,600007,1,1,6001,38,228.0,1.9,3.1749,1.67227626
cold,0,1,0,3e-05,0.05,512,3,5,4,256,6000,8.0,2633729,1,1,9974,1102,600007,1,1,6001,39,234.0,1.95,3.25845,1.71418893
cold,0,1,0,3e-05,0.05,512,3,5,4,256,6000,8.0,2633729,1,1,9974,1102,600007,1,1,6001,40,240.0,2.0,3.342,1.75778353
cold,0,1,0,3e-05,0.05,512,3,5,4,256,6000,8.0,2633729,1,1,9974,1102,600007,1,1,6001,41,246.0,2.05,3.42555,1.80194449
cold,0,1,0,3e-05,0.05,512,3,5,4,256,6000,8.0,2633729,1,1,9974,1102,600007,1,1,6001,42,252.0,2.1,3.5091,1.84618044
cold,0,1,0,3e-05,0.05,512,3,5,4,256,6000,8.0,2633729,1,1,9974,1102,600007,1,1,6001,43,258.0,2.15,3.59265,1.89067662
cold,0,1,0,3e-05,0.05,512,3,5,4,256,6000,8.0,2633729,1,1,9974,1102,600007,1,1,6001,44,264.0,2.2,3.6762,1.93573153
cold,0,1,0,3e-05,0.05,512,3,5,4,256,6000,8.0,2633729,1,1,9974,1102,600007,1,1,6001,45,270.0,2.25,3.75975,1.98149991
cold,0,1,0,3e-05,0.05,512,3,5,4,256,6000,8.0,2633729,1,1,9974,1102,600007,1,1,6001,46,276.0,2.3,3.8433,2.02821946
cold,0,1,0,3e-05,0.05,512,3,5,4,256,6000,8.0,2633729,1,1,9974,1102,600007,1,1,6001,47,282.0,2.35,3.92685,2.07643986
cold,0,1,0,3e-05,0.05,512,3,5,4,256,6000,8.0,2633729,1,1,9974,1102,600007,1,1,6001,48,288.0,2.4,4.0104,2.12669277
cold,0,1,0,3e-05,0.05,512,3,5,4,256,6000,8.0,2633729,1,1,9974,1102,600007,1,1,6001,49,294.0,2.45,4.09395,2.17882156
cold,0,1,0,3e-05,0.05,512,3,5,4,256,6000,8.0,2633729,1,1,9974,1102,600007,1,1,6001,50,300.0,2.5,4.1775,2.23177361
cold,0,1,0,3e-05,0.05,512,3,5,4,256,6000,8.0,2633729,1,1,9974,1102,600007,1,1,6001,51,306.0,2.55,4.26105,2.28448701
cold,0,1,0,3e-05,0.05,512,3,5,4,256,6000,8.0,2633729,1,1,9974,1102,600007,1,1,6001,52,312.0,2.6,4.3446,2.33670712
cold,0,1,0,3e-05,0.05,512,3,5,4,256,6000,8.0,2633729,1,1,9974,1102,600007,1,1,6001,53,318.0,2.65,4.42815,2.38880754
cold,0,1,0,3e-05,0.05,512,3,5,4,256,6000,8.0,2633729,1,1,9974,1102,600007,1,1,6001,54,324.0,2.7,4.5117,2.44100165
cold,0,1,0,3e-05,0.05,512,3,5,4,256,6000,8.0,2633729,1,1,9974,1102,600007,1,1,6001,55,330.0,2.75,4.59525,2.49335265
cold,0,1,0,3e-05,0.05,512,3,5,4,256,6000,8.0,2633729,1,1,9974,1102,600007,1,1,6001,56,336.0,2.8,4.6788,2.54601169
cold,0,1,0,3e-05,0.05,512,3,5,4,256,6000,8.0,2633729,1,1,9974,1102,600007,1,1,6001,57,342.0,2.85,4.76235,2.59908462
cold,0,1,0,3e-05,0.05,512,3,5,4,256,6000,8.0,2633729,1,1,9974,1102,600007,1,1,6001,58,348.0,2.9,4.8459,2.65291595
cold,0,1,0,3e-05,0.05,512,3,5,4,256,6000,8.0,2633729,1,1,9974,1102,600007,1,1,6001,59,354.0,2.95,4.92945,2.7079699
cold,0,1,0,3e-05,0.05,512,3,5,4,256,6000,8.0,2633729,1,1,9974,1102,600007,1,1,6001,60,360.0,3.0,5.013,2.76387095
cold,0,1,0,3e-05,0.05,512,3,5,4,256,6000,8.0,2633729,1,1,9974,1102,600007,1,1,6001,61,366.0,3.05,5.09655,2.81976509
cold,0,1,0,3e-05,0.05,512,3,5,4,256,6000,8.0,2633729,1,1,9974,1102,600007,1,1,6001,62,372.0,3.1,5.1801,2.87541151
cold,0,1,0,3e-05,0.05,512,3,5,4,256,6000,8.0,2633729,1,1,9974,1102,600007,1,1,6001,63,378.0,3.15,5.26365,2.93096638
cold,0,1,0,3e-05,0.05,512,3,5,4,256,6000,8.0,2633729,1,1,9974,1102,600007,1,1,6001,64,384.0,3.2,5.3472,2.98653579
cold,0,1,0,3e-05,0.05,512,3,5,4,256,6000,8.0,2633729,1,1,9974,1102,600007,1,1,6001,65,390.0,3.25,5.43075,3.04227114
cold,0,1,0,3e-05,0.05,512,3,5,4,256,6000,8.0,2633729,1,1,9974,1102,600007,1,1,6001,66,396.0,3.3,5.5143,3.09872222
cold,0,1,0,3e-05,0.05,512,3,5,4,256,6000,8.0,2633729,1,1,9974,1102,600007,1,1,6001,67,402.0,3.35,5.59785,3.15678024
cold,0,1,0,3e-05,0.05,512,3,5,4,256,6000,8.0,2633729,1,1,9974,1102,600007,1,1,6001,68,408.0,3.4,5.6814,3.21699548
cold,0,1,0,3e-05,0.05,512,3,5,4,256,6000,8.0,2633729,1,1,9974,1102,600007,1,1,6001,69,414.0,3.45,5.76495,3.27881479
cold,0,1,0,3e-05,0.05,512,3,5,4,256,6000,8.0,2633729,1,1,9974,1102,600007,1,1,6001,70,420.0,3.5,5.8485,3.34058332
cold,0,1,0,3e-05,0.05,512,3,5,4,256,6000,8.0,2633729,1,1,9974,1102,600007,1,1,6001,71,426.0,3.55,5.93205,3.40108275
cold,0,1,0,3e-05,0.05,512,3,5,4,256,6000,8.0,2633729,1,1,9974,1102,600007,1,1,6001,72,432.0,3.6,6.0156,3.46056867
cold,0,1,0,3e-05,0.05,512,3,5,4,256,6000,8.0,2633729,1,1,9974,1102,600007,1,1,6001,73,438.0,3.65,6.09915,3.52007031
cold,0,1,0,3e-05,0.05,512,3,5,4,256,6000,8.0,2633729,1,1,9974,1102,600007,1,1,6001,74,444.0,3.7,6.1827,3.58005476
cold,0,1,0,3e-05,0.05,512,3,5,4,256,6000,8.0,2633729,1,1,9974,1102,600007,1,1,6001,75,450.0,3.75,6.26625,3.64043093
cold,0,1,0,3e-05,0.05,512,3,5,4,256,6000,8.0,2633729,1,1,9974,1102,600007,1,1,6001,76,456.0,3.8,6.3498,3.70108819
cold,0,1,0,3e-05,0.05,512,3,5,4,256,6000,8.0,2633729,1,1,9974,1102,600007,1,1,6001,77,462.0,3.85,6.43335,3.76194978
cold,0,1,0,3e-05,0.05,512,3,5,4,256,6000,8.0,2633729,1,1,9974,1102,600007,1,1,6001,78,468.0,3.9,6.5169,3.82321739
cold,0,1,0,3e-05,0.05,512,3,5,4,256,6000,8.0,2633729,1,1,9974,1102,600007,1,1,6001,79,474.0,3.95,6.60045,3.88516951
cold,0,1,0,3e-05,0.05,512,3,5,4,256,6000,8.0,2633729,1,1,9974,1102,600007,1,1,6001,80,480.0,4.0,6.684,3.94726849
cold,0,1,0,3e-05,0.05,512,3,5,4,256,6000,8.0,2633729,1,1,9974,1102,600007,1,1,6001,81,486.0,4.05,6.76755,4.00853777
cold,0,1,0,3e-05,0.05,512,3,5,4,256,6000,8.0,2633729,1,1,9974,1102,600007,1,1,6001,82,492.0,4.1,6.8511,4.06861734
cold,0,1,0,3e-05,0.05,512,3,5,4,256,6000,8.0,2633729,1,1,9974,1102,600007,1,1,6001,83,498.0,4.15,6.93465,4.12774467
cold,0,1,0,3e-05,0.05,512,3,5,4,256,6000,8.0,2633729,1,1,9974,1102,600007,1,1,6001,84,504.0,4.2,7.0182,4.1864543
cold,0,1,0,3e-05,0.05,512,3,5,4,256,6000,8.0,2633729,1,1,9974,1102,600007,1,1,6001,85,510.0,4.25,7.10175,4.24539042
cold,0,1,0,3e-05,0.05,512,3,5,4,256,6000,8.0,2633729,1,1,9974,1102,600007,1,1,6001,86,516.0,4.3,7.1853,4.30524731
cold,0,1,0,3e-05,0.05,512,3,5,4,256,6000,8.0,2633729,1,1,9974,1102,600007,1,1,6001,87,522.0,4.35,7.26885,4.36670589
cold,0,1,0,3e-05,0.05,512,3,5,4,256,6000,8.0,2633729,1,1,9974,1102,600007,1,1,6001,88,528.0,4.4,7.3524,4.43005037
cold,0,1,0,3e-05,0.05,512,3,5,4,256,6000,8.0,2633729,1,1,9974,1102,600007,1,1,6001,89,534.0,4.45,7.43595,4.49455547
cold,0,1,0,3e-05,0.05,512,3,5,4,256,6000,8.0,2633729,1,1,9974,1102,600007,1,1,6001,90,540.0,4.5,7.5195,4.55843592
cold,0,1,0,3e-05,0.05,512,3,5,4,256,6000,8.0,2633729,1,1,9974,1102,600007,1,1,6001,91,546.0,4.55,7.60305,4.62042236
cold,0,1,0,3e-05,0.05,512,3,5,4,256,6000,8.0,2633729,1,1,9974,1102,600007,1,1,6001,92,552.0,4.6,7.6866,4.6808157
cold,0,1,0,3e-05,0.05,512,3,5,4,256,6000,8.0,2633729,1,1,9974,1102,600007,1,1,6001,93,558.0,4.65,7.77015,4.74071455
cold,0,1,0,3e-05,0.05,512,3,5,4,256,6000,8.0,2633729,1,1,9974,1102,600007,1,1,6001,94,564.0,4.7,7.8537,4.8006196
cold,0,1,0,3e-05,0.05,512,3,5,4,256,6000,8.0,2633729,1,1,9974,1102,600007,1,1,6001,95,570.0,4.75,7.93725,4.86044407
cold,0,1,0,3e-05,0.05,512,3,5,4,256,6000,8.0,2633729,1,1,9974,1102,600007,1,1,6001,96,576.0,4.8,8.0208,4.92011595
cold,0,1,0,3e-05,0.05,512,3,5,4,256,6000,8.0,2633729,1,1,9974,1102,600007,1,1,6001,97,582.0,4.85,8.10435,4.97964334
cold,0,1,0,3e-05,0.05,512,3,5,4,256,6000,8.0,2633729,1,1,9974,1102,600007,1,1,6001,98,588.0,4.9,8.1879,5.03934813
cold,0,1,0,3e-05,0.05,512,3,5,4,256,6000,8.0,2633729,1,1,9974,1102,600007,1,1,6001,99,594.0,4.95,8.27145,5.09973192
cold,0,1,0,3e-05,0.05,512,3,5,4,256,6000,8.0,2633729,1,1,9974,1102,600007,1,1,6001,100,600.0,5.0,8.355,5.16052055
cold,0,1,0,3e-05,0.05,512,3,5,4,256,6000,8.0,2633729,1,1,9974,1102,600007,1,1,6001,101,606.0,5.05,8.43855,5.22070265
cold,0,1,0,3e-05,0.05,512,3,5,4,256,6000,8.0,2633729,1,1,9974,1102,600007,1,1,6001,102,612.0,5.1,8.5221,5.27949142
cold,0,1,0,3e-05,0.05,512,3,5,4,256,6000,8.0,2633729,1,1,9974,1102,600007,1,1,6001,103,618.0,5.15,8.60565,5.33658409
cold,0,1,0,3e-05,0.05,512,3,5,4,256,6000,8.0,2633729,1,1,9974,1102,600007,1,1,6001,104,624.0,5.2,8.6892,5.39219761
cold,0,1,0,3e-05,0.05,512,3,5,4,256,6000,8.0,2633729,1,1,9974,1102,600007,1,1,6001,105,630.0,5.25,8.77275,5.44704628
cold,0,1,0,3e-05,0.05,512,3,5,4,256,6000,8.0,2633729,1,1,9974,1102,600007,1,1,6001,106,636.0,5.3,8.8563,5.50218678
cold,0,1,0,3e-05,0.05,512,3,5,4,256,6000,8.0,2633729,1,1,9974,1102,600007,1,1,6001,107,642.0,5.35,8.93985,5.55869675
cold,0,1,0,3e-05,0.05,512,3,5,4,256,6000,8.0,2633729,1,1,9974,1102,600007,1,1,6001,108,648.0,5.4,9.0234,5.61720181
cold,0,1,0,3e-05,0.05,512,3,5,4,256,6000,8.0,2633729,1,1,9974,1102,600007,1,1,6001,109,654.0,5.45,9.10695,5.6771822
cold,0,1,0,3e-05,0.05,512,3,5,4,256,6000,8.0,2633729,1,1,9974,1102,600007,1,1,6001,110,660.0,5.5,9.1905,5.7368536
cold,0,1,0,3e-05,0.05,512,3,5,4,256,6000,8.0,2633729,1,1,9974,1102,600007,1,1,6001,111,666.0,5.55,9.27405,5.79473972
cold,0,1,0,3e-05,0.05,512,3,5,4,256,6000,8.0,2633729,1,1,9974,1102,600007,1,1,6001,112,672.0,5.6,9.3576,5.85085583
cold,0,1,0,3e-05,0.05,512,3,5,4,256,6000,8.0,2633729,1,1,9974,1102,600007,1,1,6001,113,678.0,5.65,9.44115,5.90611315
cold,0,1,0,3e-05,0.05,512,3,5,4,256,6000,8.0,2633729,1,1,9974,1102,600007,1,1,6001,114,684.0,5.7,9.5247,5.96093607
cold,0,1,0,3e-05,0.05,512,3,5,4,256,6000,8.0,2633729,1,1,9974,1102,600007,1,1,6001,115,690.0,5.75,9.60825,6.01520967
cold,0,1,0,3e-05,0.05,512,3,5,4,256,6000,8.0,2633729,1,1,9974,1102,600007,1,1,6001,116,696.0,5.8,9.6918,6.06894588
cold,0,1,0,3e-05,0.05,512,3,5,4,256,6000,8.0,2633729,1,1,9974,1102,600007,1,1,6001,117,702.0,5.85,9.77535,6.12245417
cold,0,1,0,3e-05,0.05,512,3,5,4,256,6000,8.0,2633729,1,1,9974,1102,600007,1,1,6001,118,708.0,5.9,9.8589,6.17635489
cold,0,1,0,3e-05,0.05,512,3,5,4,256,6000,8.0,2633729,1,1,9974,1102,600007,1,1,6001,119,714.0,5.95,9.94245,6.23106623
cold,0,1,0,3e-05,0.05,512,3,5,4,256,6000,8.0,2633729,1,1,9974,1102,600007,1,1,6001,120,720.0,6.0,10.026,6.28586388
cold,0,1,0,3e-05,0.05,512,3,5,4,256,6000,8.0,2633729,1,1,9974,1102,600007,1,12,6012,1,6.0,0.05,0.08355,0.13462372
cold,0,1,0,3e-05,0.05,512,3,5,4,256,6000,8.0,2633729,1,1,9974,1102,600007,1,12,6012,2,12.0,0.1,0.1671,0.2566888
cold,0,1,0,3e-05,0.05,512,3,5,4,256,6000,8.0,2633729,1,1,9974,1102,600007,1,12,6012,3,18.0,0.15,0.25065,0.36637437
cold,0,1,0,3e-05,0.05,512,3,5,4,256,6000,8.0,2633729,1,1,9974,1102,600007,1,12,6012,4,24.0,0.2,0.3342,0.4549239
cold,0,1,0,3e-05,0.05,512,3,5,4,256,6000,8.0,2633729,1,1,9974,1102,600007,1,12,6012,5,30.0,0.25,0.41775,0.51934052
cold,0,1,0,3e-05,0.05,512,3,5,4,256,6000,8.0,2633729,1,1,9974,1102,600007,1,12,6012,6,36.0,0.3,0.5013,0.56471819
cold,0,1,0,3e-05,0.05,512,3,5,4,256,6000,8.0,2633729,1,1,9974,1102,600007,1,12,6012,7,42.0,0.35,0.58485,0.59714681
cold,0,1,0,3e-05,0.05,512,3,5,4,256,6000,8.0,2633729,1,1,9974,1102,600007,1,12,6012,8,48.0,0.4,0.6684,0.62112087
cold,0,1,0,3e-05,0.05,512,3,5,4,256,6000,8.0,2633729,1,1,9974,1102,600007,1,12,6012,9,54.0,0.45,0.75195,0.63866025
cold,0,1,0,3e-05,0.05,512,3,5,4,256,6000,8.0,2633729,1,1,9974,1102,600007,1,12,6012,10,60.0,0.5,0.8355,0.6512444
cold,0,1,0,3e-05,0.05,512,3,5,4,256,6000,8.0,2633729,1,1,9974,1102,600007,1,12,6012,11,66.0,0.55,0.91905,0.66108674
cold,0,1,0,3e-05,0.05,512,3,5,4,256,6000,8.0,2633729,1,1,9974,1102,600007,1,12,6012,12,72.0,0.6,1.0026,0.67057312
cold,0,1,0,3e-05,0.05,512,3,5,4,256,6000,8.0,2633729,1,1,9974,1102,600007,1,12,6012,13,78.0,0.65,1.08615,0.68112433
cold,0,1,0,3e-05,0.05,512,3,5,4,256,6000,8.0,2633729,1,1,9974,1102,600007,1,12,6012,14,84.0,0.7,1.1697,0.69290632
cold,0,1,0,3e-05,0.05,512,3,5,4,256,6000,8.0,2633729,1,1,9974,1102,600007,1,12,6012,15,90.0,0.75,1.25325,0.70544243
cold,0,1,0,3e-05,0.05,512,3,5,4,256,6000,8.0,2633729,1,1,9974,1102,600007,1,12,6012,16,96.0,0.8,1.3368,0.71791679
cold,0,1,0,3e-05,0.05,512,3,5,4,256,6000,8.0,2633729,1,1,9974,1102,600007,1,12,6012,17,102.0,0.85,1.42035,0.72903669
cold,0,1,0,3e-05,0.05,512,3,5,4,256,6000,8.0,2633729,1,1,9974,1102,600007,1,12,6012,18,108.0,0.9,1.5039,0.73763186
cold,0,1,0,3e-05,0.05,512,3,5,4,256,6000,8.0,2633729,1,1,9974,1102,600007,1,12,6012,19,114.0,0.95,1.58745,0.74388027
cold,0,1,0,3e-05,0.05,512,3,5,4,256,6000,8.0,2633729,1,1,9974,1102,600007,1,12,6012,20,120.0,1.0,1.671,0.74945426
cold,0,1,0,3e-05,0.05,512,3,5,4,256,6000,8.0,2633729,1,1,9974,1102,600007,1,12,6012,21,126.0,1.05,1.75455,0.75579065
cold,0,1,0,3e-05,0.05,512,3,5,4,256,6000,8.0,2633729,1,1,9974,1102,600007,1,12,6012,22,132.0,1.1,1.8381,0.76266396
cold,0,1,0,3e-05,0.05,512,3,5,4,256,6000,8.0,2633729,1,1,9974,1102,600007,1,12,6012,23,138.0,1.15,1.92165,0.76876551
cold,0,1,0,3e-05,0.05,512,3,5,4,256,6000,8.0,2633729,1,1,9974,1102,600007,1,12,6012,24,144.0,1.2,2.0052,0.77336234
cold,0,1,0,3e-05,0.05,512,3,5,4,256,6000,8.0,2633729,1,1,9974,1102,600007,1,12,6012,25,150.0,1.25,2.08875,0.77717251
cold,0,1,0,3e-05,0.05,512,3,5,4,256,6000,8.0,2633729,1,1,9974,1102,600007,1,12,6012,26,156.0,1.3,2.1723,0.78095388
cold,0,1,0,3e-05,0.05,512,3,5,4,256,6000,8.0,2633729,1,1,9974,1102,600007,1,12,6012,27,162.0,1.35,2.25585,0.7844218
cold,0,1,0,3e-05,0.05,512,3,5,4,256,6000,8.0,2633729,1,1,9974,1102,600007,1,12,6012,28,168.0,1.4,2.3394,0.78710085
cold,0,1,0,3e-05,0.05,512,3,5,4,256,6000,8.0,2633729,1,1,9974,1102,600007,1,12,6012,29,174.0,1.45,2.42295,0.7890256
cold,0,1,0,3e-05,0.05,512,3,5,4,256,6000,8.0,2633729,1,1,9974,1102,600007,1,12,6012,30,180.0,1.5,2.5065,0.79115945
cold,0,1,0,3e-05,0.05,512,3,5,4,256,6000,8.0,2633729,1,1,9974,1102,600007,1,12,6012,31,186.0,1.55,2.59005,0.79489946
cold,0,1,0,3e-05,0.05,512,3,5,4,256,6000,8.0,2633729,1,1,9974,1102,600007,1,12,6012,32,192.0,1.6,2.6736,0.80055642
cold,0,1,0,3e-05,0.05,512,3,5,4,256,6000,8.0,2633729,1,1,9974,1102,600007,1,12,6012,33,198.0,1.65,2.75715,0.80693555
cold,0,1,0,3e-05,0.05,512,3,5,4,256,6000,8.0,2633729,1,1,9974,1102,600007,1,12,6012,34,204.0,1.7,2.8407,0.81253821
cold,0,1,0,3e-05,0.05,512,3,5,4,256,6000,8.0,2633729,1,1,9974,1102,600007,1,12,6012,35,210.0,1.75,2.92425,0.81638616
cold,0,1,0,3e-05,0.05,512,3,5,4,256,6000,8.0,2633729,1,1,9974,1102,600007,1,12,6012,36,216.0,1.8,3.0078,0.81831408
cold,0,1,0,3e-05,0.05,512,3,5,4,256,6000,8.0,2633729,1,1,9974,1102,600007,1,12,6012,37,222.0,1.85,3.09135,0.81923705
cold,0,1,0,3e-05,0.05,512,3,5,4,256,6000,8.0,2633729,1,1,9974,1102,600007,1,12,6012,38,228.0,1.9,3.1749,0.82026571
cold,0,1,0,3e-05,0.05,512,3,5,4,256,6000,8.0,2633729,1,1,9974,1102,600007,1,12,6012,39,234.0,1.95,3.25845,0.82173342
cold,0,1,0,3e-05,0.05,512,3,5,4,256,6000,8.0,2633729,1,1,9974,1102,600007,1,12,6012,40,240.0,2.0,3.342,0.8234669
cold,0,1,0,3e-05,0.05,512,3,5,4,256,6000,8.0,2633729,1,1,9974,1102,600007,1,12,6012,41,246.0,2.05,3.42555,0.82500321
cold,0,1,0,3e-05,0.05,512,3,5,4,256,6000,8.0,2633729,1,1,9974,1102,600007,1,12,6012,42,252.0,2.1,3.5091,0.82593602
cold,0,1,0,3e-05,0.05,512,3,5,4,256,6000,8.0,2633729,1,1,9974,1102,600007,1,12,6012,43,258.0,2.15,3.59265,0.82661444
cold,0,1,0,3e-05,0.05,512,3,5,4,256,6000,8.0,2633729,1,1,9974,1102,600007,1,12,6012,44,264.0,2.2,3.6762,0.82781702
cold,0,1,0,3e-05,0.05,512,3,5,4,256,6000,8.0,2633729,1,1,9974,1102,600007,1,12,6012,45,270.0,2.25,3.75975,0.8296752
cold,0,1,0,3e-05,0.05,512,3,5,4,256,6000,8.0,2633729,1,1,9974,1102,600007,1,12,6012,46,276.0,2.3,3.8433,0.83116621
cold,0,1,0,3e-05,0.05,512,3,5,4,256,6000,8.0,2633729,1,1,9974,1102,600007,1,12,6012,47,282.0,2.35,3.92685,0.83096665
cold,0,1,0,3e-05,0.05,512,3,5,4,256,6000,8.0,2633729,1,1,9974,1102,600007,1,12,6012,48,288.0,2.4,4.0104,0.82868189
cold,0,1,0,3e-05,0.05,512,3,5,4,256,6000,8.0,2633729,1,1,9974,1102,600007,1,12,6012,49,294.0,2.45,4.09395,0.82528549
cold,0,1,0,3e-05,0.05,512,3,5,4,256,6000,8.0,2633729,1,1,9974,1102,600007,1,12,6012,50,300.0,2.5,4.1775,0.82289219
cold,0,1,0,3e-05,0.05,512,3,5,4,256,6000,8.0,2633729,1,1,9974,1102,600007,1,12,6012,51,306.0,2.55,4.26105,0.82313526
cold,0,1,0,3e-05,0.05,512,3,5,4,256,6000,8.0,2633729,1,1,9974,1102,600007,1,12,6012,52,312.0,2.6,4.3446,0.82528627
cold,0,1,0,3e-05,0.05,512,3,5,4,256,6000,8.0,2633729,1,1,9974,1102,600007,1,12,6012,53,318.0,2.65,4.42815,0.82686543
cold,0,1,0,3e-05,0.05,512,3,5,4,256,6000,8.0,2633729,1,1,9974,1102,600007,1,12,6012,54,324.0,2.7,4.5117,0.82636529
cold,0,1,0,3e-05,0.05,512,3,5,4,256,6000,8.0,2633729,1,1,9974,1102,600007,1,12,6012,55,330.0,2.75,4.59525,0.82432729
cold,0,1,0,3e-05,0.05,512,3,5,4,256,6000,8.0,2633729,1,1,9974,1102,600007,1,12,6012,56,336.0,2.8,4.6788,0.82238466
cold,0,1,0,3e-05,0.05,512,3,5,4,256,6000,8.0,2633729,1,1,9974,1102,600007,1,12,6012,57,342.0,2.85,4.76235,0.8218587
cold,0,1,0,3e-05,0.05,512,3,5,4,256,6000,8.0,2633729,1,1,9974,1102,600007,1,12,6012,58,348.0,2.9,4.8459,0.82239646
cold,0,1,0,3e-05,0.05,512,3,5,4,256,6000,8.0,2633729,1,1,9974,1102,600007,1,12,6012,59,354.0,2.95,4.92945,0.82278138
cold,0,1,0,3e-05,0.05,512,3,5,4,256,6000,8.0,2633729,1,1,9974,1102,600007,1,12,6012,60,360.0,3.0,5.013,0.82249618
cold,0,1,0,3e-05,0.05,512,3,5,4,256,6000,8.0,2633729,1,1,9974,1102,600007,1,12,6012,61,366.0,3.05,5.09655,0.82138562
cold,0,1,0,3e-05,0.05,512,3,5,4,256,6000,8.0,2633729,1,1,9974,1102,600007,1,12,6012,62,372.0,3.1,5.1801,0.81954873
cold,0,1,0,3e-05,0.05,512,3,5,4,256,6000,8.0,2633729,1,1,9974,1102,600007,1,12,6012,63,378.0,3.15,5.26365,0.81780952
cold,0,1,0,3e-05,0.05,512,3,5,4,256,6000,8.0,2633729,1,1,9974,1102,600007,1,12,6012,64,384.0,3.2,5.3472,0.8170644
cold,0,1,0,3e-05,0.05,512,3,5,4,256,6000,8.0,2633729,1,1,9974,1102,600007,1,12,6012,65,390.0,3.25,5.43075,0.81712478
cold,0,1,0,3e-05,0.05,512,3,5,4,256,6000,8.0,2633729,1,1,9974,1102,600007,1,12,6012,66,396.0,3.3,5.5143,0.8168323
cold,0,1,0,3e-05,0.05,512,3,5,4,256,6000,8.0,2633729,1,1,9974,1102,600007,1,12,6012,67,402.0,3.35,5.59785,0.81519949
cold,0,1,0,3e-05,0.05,512,3,5,4,256,6000,8.0,2633729,1,1,9974,1102,600007,1,12,6012,68,408.0,3.4,5.6814,0.81221002
cold,0,1,0,3e-05,0.05,512,3,5,4,256,6000,8.0,2633729,1,1,9974,1102,600007,1,12,6012,69,414.0,3.45,5.76495,0.808981
cold,0,1,0,3e-05,0.05,512,3,5,4,256,6000,8.0,2633729,1,1,9974,1102,600007,1,12,6012,70,420.0,3.5,5.8485,0.80689663
cold,0,1,0,3e-05,0.05,512,3,5,4,256,6000,8.0,2633729,1,1,9974,1102,600007,1,12,6012,71,426.0,3.55,5.93205,0.80618668
cold,0,1,0,3e-05,0.05,512,3,5,4,256,6000,8.0,2633729,1,1,9974,1102,600007,1,12,6012,72,432.0,3.6,6.0156,0.8057639
cold,0,1,0,3e-05,0.05,512,3,5,4,256,6000,8.0,2633729,1,1,9974,1102,600007,1,12,6012,73,438.0,3.65,6.09915,0.80428904
cold,0,1,0,3e-05,0.05,512,3,5,4,256,6000,8.0,2633729,1,1,9974,1102,600007,1,12,6012,74,444.0,3.7,6.1827,0.80144477
cold,0,1,0,3e-05,0.05,512,3,5,4,256,6000,8.0,2633729,1,1,9974,1102,600007,1,12,6012,75,450.0,3.75,6.26625,0.79796714
cold,0,1,0,3e-05,0.05,512,3,5,4,256,6000,8.0,2633729,1,1,9974,1102,600007,1,12,6012,76,456.0,3.8,6.3498,0.79511583
cold,0,1,0,3e-05,0.05,512,3,5,4,256,6000,8.0,2633729,1,1,9974,1102,600007,1,12,6012,77,462.0,3.85,6.43335,0.7938894
cold,0,1,0,3e-05,0.05,512,3,5,4,256,6000,8.0,2633729,1,1,9974,1102,600007,1,12,6012,78,468.0,3.9,6.5169,0.79393506
cold,0,1,0,3e-05,0.05,512,3,5,4,256,6000,8.0,2633729,1,1,9974,1102,600007,1,12,6012,79,474.0,3.95,6.60045,0.79380608
cold,0,1,0,3e-05,0.05,512,3,5,4,256,6000,8.0,2633729,1,1,9974,1102,600007,1,12,6012,80,480.0,4.0,6.684,0.79246199
cold,0,1,0,3e-05,0.05,512,3,5,4,256,6000,8.0,2633729,1,1,9974,1102,600007,1,12,6012,81,486.0,4.05,6.76755,0.79032224
cold,0,1,0,3e-05,0.05,512,3,5,4,256,6000,8.0,2633729,1,1,9974,1102,600007,1,12,6012,82,492.0,4.1,6.8511,0.78878647
cold,0,1,0,3e-05,0.05,512,3,5,4,256,6000,8.0,2633729,1,1,9974,1102,600007,1,12,6012,83,498.0,4.15,6.93465,0.78871703
cold,0,1,0,3e-05,0.05,512,3,5,4,256,6000,8.0,2633729,1,1,9974,1102,600007,1,12,6012,84,504.0,4.2,7.0182,0.78958517
cold,0,1,0,3e-05,0.05,512,3,5,4,256,6000,8.0,2633729,1,1,9974,1102,600007,1,12,6012,85,510.0,4.25,7.10175,0.78985709
cold,0,1,0,3e-05,0.05,512,3,5,4,256,6000,8.0,2633729,1,1,9974,1102,600007,1,12,6012,86,516.0,4.3,7.1853,0.78825891
cold,0,1,0,3e-05,0.05,512,3,5,4,256,6000,8.0,2633729,1,1,9974,1102,600007,1,12,6012,87,522.0,4.35,7.26885,0.78475845
cold,0,1,0,3e-05,0.05,512,3,5,4,256,6000,8.0,2633729,1,1,9974,1102,600007,1,12,6012,88,528.0,4.4,7.3524,0.78038961
cold,0,1,0,3e-05,0.05,512,3,5,4,256,6000,8.0,2633729,1,1,9974,1102,600007,1,12,6012,89,534.0,4.45,7.43595,0.77626401
cold,0,1,0,3e-05,0.05,512,3,5,4,256,6000,8.0,2633729,1,1,9974,1102,600007,1,12,6012,90,540.0,4.5,7.5195,0.77289045
cold,0,1,0,3e-05,0.05,512,3,5,4,256,6000,8.0,2633729,1,1,9974,1102,600007,1,12,6012,91,546.0,4.55,7.60305,0.77013171
cold,0,1,0,3e-05,0.05,512,3,5,4,256,6000,8.0,2633729,1,1,9974,1102,600007,1,12,6012,92,552.0,4.6,7.6866,0.76734662
cold,0,1,0,3e-05,0.05,512,3,5,4,256,6000,8.0,2633729,1,1,9974,1102,600007,1,12,6012,93,558.0,4.65,7.77015,0.76411623
cold,0,1,0,3e-05,0.05,512,3,5,4,256,6000,8.0,2633729,1,1,9974,1102,600007,1,12,6012,94,564.0,4.7,7.8537,0.76109928
cold,0,1,0,3e-05,0.05,512,3,5,4,256,6000,8.0,2633729,1,1,9974,1102,600007,1,12,6012,95,570.0,4.75,7.93725,0.75899643
cold,0,1,0,3e-05,0.05,512,3,5,4,256,6000,8.0,2633729,1,1,9974,1102,600007,1,12,6012,96,576.0,4.8,8.0208,0.75749409
cold,0,1,0,3e-05,0.05,512,3,5,4,256,6000,8.0,2633729,1,1,9974,1102,600007,1,12,6012,97,582.0,4.85,8.10435,0.75589281
cold,0,1,0,3e-05,0.05,512,3,5,4,256,6000,8.0,2633729,1,1,9974,1102,600007,1,12,6012,98,588.0,4.9,8.1879,0.75377387
cold,0,1,0,3e-05,0.05,512,3,5,4,256,6000,8.0,2633729,1,1,9974,1102,600007,1,12,6012,99,594.0,4.95,8.27145,0.75098711
cold,0,1,0,3e-05,0.05,512,3,5,4,256,6000,8.0,2633729,1,1,9974,1102,600007,1,12,6012,100,600.0,5.0,8.355,0.74804401
cold,0,1,0,3e-05,0.05,512,3,5,4,256,6000,8.0,2633729,1,1,9974,1102,600007,1,12,6012,101,606.0,5.05,8.43855,0.74602652
cold,0,1,0,3e-05,0.05,512,3,5,4,256,6000,8.0,2633729,1,1,9974,1102,600007,1,12,6012,102,612.0,5.1,8.5221,0.7455163
cold,0,1,0,3e-05,0.05,512,3,5,4,256,6000,8.0,2633729,1,1,9974,1102,600007,1,12,6012,103,618.0,5.15,8.60565,0.74637538
cold,0,1,0,3e-05,0.05,512,3,5,4,256,6000,8.0,2633729,1,1,9974,1102,600007,1,12,6012,104,624.0,5.2,8.6892,0.74791086
cold,0,1,0,3e-05,0.05,512,3,5,4,256,6000,8.0,2633729,1,1,9974,1102,600007,1,12,6012,105,630.0,5.25,8.77275,0.74907404
cold,0,1,0,3e-05,0.05,512,3,5,4,256,6000,8.0,2633729,1,1,9974,1102,600007,1,12,6012,106,636.0,5.3,8.8563,0.74924362
cold,0,1,0,3e-05,0.05,512,3,5,4,256,6000,8.0,2633729,1,1,9974,1102,600007,1,12,6012,107,642.0,5.35,8.93985,0.74855989
cold,0,1,0,3e-05,0.05,512,3,5,4,256,6000,8.0,2633729,1,1,9974,1102,600007,1,12,6012,108,648.0,5.4,9.0234,0.74741632
cold,0,1,0,3e-05,0.05,512,3,5,4,256,6000,8.0,2633729,1,1,9974,1102,600007,1,12,6012,109,654.0,5.45,9.10695,0.74612361
cold,0,1,0,3e-05,0.05,512,3,5,4,256,6000,8.0,2633729,1,1,9974,1102,600007,1,12,6012,110,660.0,5.5,9.1905,0.74510354
cold,0,1,0,3e-05,0.05,512,3,5,4,256,6000,8.0,2633729,1,1,9974,1102,600007,1,12,6012,111,666.0,5.55,9.27405,0.74454278
cold,0,1,0,3e-05,0.05,512,3,5,4,256,6000,8.0,2633729,1,1,9974,1102,600007,1,12,6012,112,672.0,5.6,9.3576,0.74412537
cold,0,1,0,3e-05,0.05,512,3,5,4,256,6000,8.0,2633729,1,1,9974,1102,600007,1,12,6012,113,678.0,5.65,9.44115,0.74357176
cold,0,1,0,3e-05,0.05,512,3,5,4,256,6000,8.0,2633729,1,1,9974,1102,600007,1,12,6012,114,684.0,5.7,9.5247,0.74314308
cold,0,1,0,3e-05,0.05,512,3,5,4,256,6000,8.0,2633729,1,1,9974,1102,600007,1,12,6012,115,690.0,5.75,9.60825,0.7430495
cold,0,1,0,3e-05,0.05,512,3,5,4,256,6000,8.0,2633729,1,1,9974,1102,600007,1,12,6012,116,696.0,5.8,9.6918,0.7433058
cold,0,1,0,3e-05,0.05,512,3,5,4,256,6000,8.0,2633729,1,1,9974,1102,600007,1,12,6012,117,702.0,5.85,9.77535,0.74407339
cold,0,1,0,3e-05,0.05,512,3,5,4,256,6000,8.0,2633729,1,1,9974,1102,600007,1,12,6012,118,708.0,5.9,9.8589,0.74492705
cold,0,1,0,3e-05,0.05,512,3,5,4,256,6000,8.0,2633729,1,1,9974,1102,600007,1,12,6012,119,714.0,5.95,9.94245,0.74497235
cold,0,1,0,3e-05,0.05,512,3,5,4,256,6000,8.0,2633729,1,1,9974,1102,600007,1,12,6012,120,720.0,6.0,10.026,0.74439168
cold,0,1,0,3e-05,0.05,512,3,5,4,256,6000,8.0,2633729,1,1,9974,1102,600007,1,54,6054,1,6.0,0.05,0.08355,0.09031447
cold,0,1,0,3e-05,0.05,512,3,5,4,256,6000,8.0,2633729,1,1,9974,1102,600007,1,54,6054,2,12.0,0.1,0.1671,0.17254904
cold,0,1,0,3e-05,0.05,512,3,5,4,256,6000,8.0,2633729,1,1,9974,1102,600007,1,54,6054,3,18.0,0.15,0.25065,0.25559387
cold,0,1,0,3e-05,0.05,512,3,5,4,256,6000,8.0,2633729,1,1,9974,1102,600007,1,54,6054,4,24.0,0.2,0.3342,0.32818386
cold,0,1,0,3e-05,0.05,512,3,5,4,256,6000,8.0,2633729,1,1,9974,1102,600007,1,54,6054,5,30.0,0.25,0.41775,0.38622275
cold,0,1,0,3e-05,0.05,512,3,5,4,256,6000,8.0,2633729,1,1,9974,1102,600007,1,54,6054,6,36.0,0.3,0.5013,0.43309477
cold,0,1,0,3e-05,0.05,512,3,5,4,256,6000,8.0,2633729,1,1,9974,1102,600007,1,54,6054,7,42.0,0.35,0.58485,0.47357407
cold,0,1,0,3e-05,0.05,512,3,5,4,256,6000,8.0,2633729,1,1,9974,1102,600007,1,54,6054,8,48.0,0.4,0.6684,0.5101006
cold,0,1,0,3e-05,0.05,512,3,5,4,256,6000,8.0,2633729,1,1,9974,1102,600007,1,54,6054,9,54.0,0.45,0.75195,0.54266721
cold,0,1,0,3e-05,0.05,512,3,5,4,256,6000,8.0,2633729,1,1,9974,1102,600007,1,54,6054,10,60.0,0.5,0.8355,0.57075506
cold,0,1,0,3e-05,0.05,512,3,5,4,256,6000,8.0,2633729,1,1,9974,1102,600007,1,54,6054,11,66.0,0.55,0.91905,0.59424436
cold,0,1,0,3e-05,0.05,512,3,5,4,256,6000,8.0,2633729,1,1,9974,1102,600007,1,54,6054,12,72.0,0.6,1.0026,0.61365259
cold,0,1,0,3e-05,0.05,512,3,5,4,256,6000,8.0,2633729,1,1,9974,1102,600007,1,54,6054,13,78.0,0.65,1.08615,0.63009667
cold,0,1,0,3e-05,0.05,512,3,5,4,256,6000,8.0,2633729,1,1,9974,1102,600007,1,54,6054,14,84.0,0.7,1.1697,0.64485347
cold,0,1,0,3e-05,0.05,512,3,5,4,256,6000,8.0,2633729,1,1,9974,1102,600007,1,54,6054,15,90.0,0.75,1.25325,0.6587252
cold,0,1,0,3e-05,0.05,512,3,5,4,256,6000,8.0,2633729,1,1,9974,1102,600007,1,54,6054,16,96.0,0.8,1.3368,0.67140019
cold,0,1,0,3e-05,0.05,512,3,5,4,256,6000,8.0,2633729,1,1,9974,1102,600007,1,54,6054,17,102.0,0.85,1.42035,0.68175673
cold,0,1,0,3e-05,0.05,512,3,5,4,256,6000,8.0,2633729,1,1,9974,1102,600007,1,54,6054,18,108.0,0.9,1.5039,0.68903232
cold,0,1,0,3e-05,0.05,512,3,5,4,256,6000,8.0,2633729,1,1,9974,1102,600007,1,54,6054,19,114.0,0.95,1.58745,0.69379014
cold,0,1,0,3e-05,0.05,512,3,5,4,256,6000,8.0,2633729,1,1,9974,1102,600007,1,54,6054,20,120.0,1.0,1.671,0.69745982
cold,0,1,0,3e-05,0.05,512,3,5,4,256,6000,8.0,2633729,1,1,9974,1102,600007,1,54,6054,21,126.0,1.05,1.75455,0.70117521
cold,0,1,0,3e-05,0.05,512,3,5,4,256,6000,8.0,2633729,1,1,9974,1102,600007,1,54,6054,22,132.0,1.1,1.8381,0.70542437
cold,0,1,0,3e-05,0.05,512,3,5,4,256,6000,8.0,2633729,1,1,9974,1102,600007,1,54,6054,23,138.0,1.15,1.92165,0.70998275
cold,0,1,0,3e-05,0.05,512,3,5,4,256,6000,8.0,2633729,1,1,9974,1102,600007,1,54,6054,24,144.0,1.2,2.0052,0.71397132
cold,0,1,0,3e-05,0.05,512,3,5,4,256,6000,8.0,2633729,1,1,9974,1102,600007,1,54,6054,25,150.0,1.25,2.08875,0.71672255
cold,0,1,0,3e-05,0.05,512,3,5,4,256,6000,8.0,2633729,1,1,9974,1102,600007,1,54,6054,26,156.0,1.3,2.1723,0.71789306
cold,0,1,0,3e-05,0.05,512,3,5,4,256,6000,8.0,2633729,1,1,9974,1102,600007,1,54,6054,27,162.0,1.35,2.25585,0.71719062
cold,0,1,0,3e-05,0.05,512,3,5,4,256,6000,8.0,2633729,1,1,9974,1102,600007,1,54,6054,28,168.0,1.4,2.3394,0.71477383
cold,0,1,0,3e-05,0.05,512,3,5,4,256,6000,8.0,2633729,1,1,9974,1102,600007,1,54,6054,29,174.0,1.45,2.42295,0.71163893
cold,0,1,0,3e-05,0.05,512,3,5,4,256,6000,8.0,2633729,1,1,9974,1102,600007,1,54,6054,30,180.0,1.5,2.5065,0.70959598
cold,0,1,0,3e-05,0.05,512,3,5,4,256,6000,8.0,2633729,1,1,9974,1102,600007,1,54,6054,31,186.0,1.55,2.59005,0.71003681
cold,0,1,0,3e-05,0.05,512,3,5,4,256,6000,8.0,2633729,1,1,9974,1102,600007,1,54,6054,32,192.0,1.6,2.6736,0.71293145
cold,0,1,0,3e-05,0.05,512,3,5,4,256,6000,8.0,2633729,1,1,9974,1102,600007,1,54,6054,33,198.0,1.65,2.75715,0.71709359
cold,0,1,0,3e-05,0.05,512,3,5,4,256,6000,8.0,2633729,1,1,9974,1102,600007,1,54,6054,34,204.0,1.7,2.8407,0.72126925
cold,0,1,0,3e-05,0.05,512,3,5,4,256,6000,8.0,2633729,1,1,9974,1102,600007,1,54,6054,35,210.0,1.75,2.92425,0.72466111
cold,0,1,0,3e-05,0.05,512,3,5,4,256,6000,8.0,2633729,1,1,9974,1102,600007,1,54,6054,36,216.0,1.8,3.0078,0.72694248
cold,0,1,0,3e-05,0.05,512,3,5,4,256,6000,8.0,2633729,1,1,9974,1102,600007,1,54,6054,37,222.0,1.85,3.09135,0.72841889
cold,0,1,0,3e-05,0.05,512,3,5,4,256,6000,8.0,2633729,1,1,9974,1102,600007,1,54,6054,38,228.0,1.9,3.1749,0.72947752
cold,0,1,0,3e-05,0.05,512,3,5,4,256,6000,8.0,2633729,1,1,9974,1102,600007,1,54,6054,39,234.0,1.95,3.25845,0.73021597
cold,0,1,0,3e-05,0.05,512,3,5,4,256,6000,8.0,2633729,1,1,9974,1102,600007,1,54,6054,40,240.0,2.0,3.342,0.73082471
cold,0,1,0,3e-05,0.05,512,3,5,4,256,6000,8.0,2633729,1,1,9974,1102,600007,1,54,6054,41,246.0,2.05,3.42555,0.7313695
cold,0,1,0,3e-05,0.05,512,3,5,4,256,6000,8.0,2633729,1,1,9974,1102,600007,1,54,6054,42,252.0,2.1,3.5091,0.73167628
cold,0,1,0,3e-05,0.05,512,3,5,4,256,6000,8.0,2633729,1,1,9974,1102,600007,1,54,6054,43,258.0,2.15,3.59265,0.73184949
cold,0,1,0,3e-05,0.05,512,3,5,4,256,6000,8.0,2633729,1,1,9974,1102,600007,1,54,6054,44,264.0,2.2,3.6762,0.73232692
cold,0,1,0,3e-05,0.05,512,3,5,4,256,6000,8.0,2633729,1,1,9974,1102,600007,1,54,6054,45,270.0,2.25,3.75975,0.73344642
cold,0,1,0,3e-05,0.05,512,3,5,4,256,6000,8.0,2633729,1,1,9974,1102,600007,1,54,6054,46,276.0,2.3,3.8433,0.73500311
cold,0,1,0,3e-05,0.05,512,3,5,4,256,6000,8.0,2633729,1,1,9974,1102,600007,1,54,6054,47,282.0,2.35,3.92685,0.73632449
cold,0,1,0,3e-05,0.05,512,3,5,4,256,6000,8.0,2633729,1,1,9974,1102,600007,1,54,6054,48,288.0,2.4,4.0104,0.73690206
cold,0,1,0,3e-05,0.05,512,3,5,4,256,6000,8.0,2633729,1,1,9974,1102,600007,1,54,6054,49,294.0,2.45,4.09395,0.73702228
cold,0,1,0,3e-05,0.05,512,3,5,4,256,6000,8.0,2633729,1,1,9974,1102,600007,1,54,6054,50,300.0,2.5,4.1775,0.73747081
cold,0,1,0,3e-05,0.05,512,3,5,4,256,6000,8.0,2633729,1,1,9974,1102,600007,1,54,6054,51,306.0,2.55,4.26105,0.73832816
cold,0,1,0,3e-05,0.05,512,3,5,4,256,6000,8.0,2633729,1,1,9974,1102,600007,1,54,6054,52,312.0,2.6,4.3446,0.73922896
cold,0,1,0,3e-05,0.05,512,3,5,4,256,6000,8.0,2633729,1,1,9974,1102,600007,1,54,6054,53,318.0,2.65,4.42815,0.74047619
cold,0,1,0,3e-05,0.05,512,3,5,4,256,6000,8.0,2633729,1,1,9974,1102,600007,1,54,6054,54,324.0,2.7,4.5117,0.74278742
cold,0,1,0,3e-05,0.05,512,3,5,4,256,6000,8.0,2633729,1,1,9974,1102,600007,1,54,6054,55,330.0,2.75,4.59525,0.74594736
cold,0,1,0,3e-05,0.05,512,3,5,4,256,6000,8.0,2633729,1,1,9974,1102,600007,1,54,6054,56,336.0,2.8,4.6788,0.74861062
cold,0,1,0,3e-05,0.05,512,3,5,4,256,6000,8.0,2633729,1,1,9974,1102,600007,1,54,6054,57,342.0,2.85,4.76235,0.74990153
cold,0,1,0,3e-05,0.05,512,3,5,4,256,6000,8.0,2633729,1,1,9974,1102,600007,1,54,6054,58,348.0,2.9,4.8459,0.75001901
cold,0,1,0,3e-05,0.05,512,3,5,4,256,6000,8.0,2633729,1,1,9974,1102,600007,1,54,6054,59,354.0,2.95,4.92945,0.74977249
cold,0,1,0,3e-05,0.05,512,3,5,4,256,6000,8.0,2633729,1,1,9974,1102,600007,1,54,6054,60,360.0,3.0,5.013,0.75045192
cold,0,1,0,3e-05,0.05,512,3,5,4,256,6000,8.0,2633729,1,1,9974,1102,600007,1,54,6054,61,366.0,3.05,5.09655,0.75310737
cold,0,1,0,3e-05,0.05,512,3,5,4,256,6000,8.0,2633729,1,1,9974,1102,600007,1,54,6054,62,372.0,3.1,5.1801,0.757635
cold,0,1,0,3e-05,0.05,512,3,5,4,256,6000,8.0,2633729,1,1,9974,1102,600007,1,54,6054,63,378.0,3.15,5.26365,0.76311088
cold,0,1,0,3e-05,0.05,512,3,5,4,256,6000,8.0,2633729,1,1,9974,1102,600007,1,54,6054,64,384.0,3.2,5.3472,0.76842237
cold,0,1,0,3e-05,0.05,512,3,5,4,256,6000,8.0,2633729,1,1,9974,1102,600007,1,54,6054,65,390.0,3.25,5.43075,0.77273762
cold,0,1,0,3e-05,0.05,512,3,5,4,256,6000,8.0,2633729,1,1,9974,1102,600007,1,54,6054,66,396.0,3.3,5.5143,0.77523094
cold,0,1,0,3e-05,0.05,512,3,5,4,256,6000,8.0,2633729,1,1,9974,1102,600007,1,54,6054,67,402.0,3.35,5.59785,0.77556825
cold,0,1,0,3e-05,0.05,512,3,5,4,256,6000,8.0,2633729,1,1,9974,1102,600007,1,54,6054,68,408.0,3.4,5.6814,0.77465689
cold,0,1,0,3e-05,0.05,512,3,5,4,256,6000,8.0,2633729,1,1,9974,1102,600007,1,54,6054,69,414.0,3.45,5.76495,0.77479184
cold,0,1,0,3e-05,0.05,512,3,5,4,256,6000,8.0,2633729,1,1,9974,1102,600007,1,54,6054,70,420.0,3.5,5.8485,0.7784915
cold,0,1,0,3e-05,0.05,512,3,5,4,256,6000,8.0,2633729,1,1,9974,1102,600007,1,54,6054,71,426.0,3.55,5.93205,0.78526181
cold,0,1,0,3e-05,0.05,512,3,5,4,256,6000,8.0,2633729,1,1,9974,1102,600007,1,54,6054,72,432.0,3.6,6.0156,0.79204684
cold,0,1,0,3e-05,0.05,512,3,5,4,256,6000,8.0,2633729,1,1,9974,1102,600007,1,54,6054,73,438.0,3.65,6.09915,0.79742002
cold,0,1,0,3e-05,0.05,512,3,5,4,256,6000,8.0,2633729,1,1,9974,1102,600007,1,54,6054,74,444.0,3.7,6.1827,0.80287433
cold,0,1,0,3e-05,0.05,512,3,5,4,256,6000,8.0,2633729,1,1,9974,1102,600007,1,54,6054,75,450.0,3.75,6.26625,0.81096327
cold,0,1,0,3e-05,0.05,512,3,5,4,256,6000,8.0,2633729,1,1,9974,1102,600007,1,54,6054,76,456.0,3.8,6.3498,0.82171577
cold,0,1,0,3e-05,0.05,512,3,5,4,256,6000,8.0,2633729,1,1,9974,1102,600007,1,54,6054,77,462.0,3.85,6.43335,0.83232641
cold,0,1,0,3e-05,0.05,512,3,5,4,256,6000,8.0,2633729,1,1,9974,1102,600007,1,54,6054,78,468.0,3.9,6.5169,0.84098214
cold,0,1,0,3e-05,0.05,512,3,5,4,256,6000,8.0,2633729,1,1,9974,1102,600007,1,54,6054,79,474.0,3.95,6.60045,0.8492735
cold,0,1,0,3e-05,0.05,512,3,5,4,256,6000,8.0,2633729,1,1,9974,1102,600007,1,54,6054,80,480.0,4.0,6.684,0.86003524
cold,0,1,0,3e-05,0.05,512,3,5,4,256,6000,8.0,2633729,1,1,9974,1102,600007,1,54,6054,81,486.0,4.05,6.76755,0.87582868
cold,0,1,0,3e-05,0.05,512,3,5,4,256,6000,8.0,2633729,1,1,9974,1102,600007,1,54,6054,82,492.0,4.1,6.8511,0.89506108
cold,0,1,0,3e-05,0.05,512,3,5,4,256,6000,8.0,2633729,1,1,9974,1102,600007,1,54,6054,83,498.0,4.15,6.93465,0.91532427
cold,0,1,0,3e-05,0.05,512,3,5,4,256,6000,8.0,2633729,1,1,9974,1102,600007,1,54,6054,84,504.0,4.2,7.0182,0.9390741
cold,0,1,0,3e-05,0.05,512,3,5,4,256,6000,8.0,2633729,1,1,9974,1102,600007,1,54,6054,85,510.0,4.25,7.10175,0.97014183
cold,0,1,0,3e-05,0.05,512,3,5,4,256,6000,8.0,2633729,1,1,9974,1102,600007,1,54,6054,86,516.0,4.3,7.1853,1.01047933
cold,0,1,0,3e-05,0.05,512,3,5,4,256,6000,8.0,2633729,1,1,9974,1102,600007,1,54,6054,87,522.0,4.35,7.26885,1.0533042
cold,0,1,0,3e-05,0.05,512,3,5,4,256,6000,8.0,2633729,1,1,9974,1102,600007,1,54,6054,88,528.0,4.4,7.3524,1.09001005
cold,0,1,0,3e-05,0.05,512,3,5,4,256,6000,8.0,2633729,1,1,9974,1102,600007,1,54,6054,89,534.0,4.45,7.43595,1.12454057
cold,0,1,0,3e-05,0.05,512,3,5,4,256,6000,8.0,2633729,1,1,9974,1102,600007,1,54,6054,90,540.0,4.5,7.5195,1.16813827
cold,0,1,0,3e-05,0.05,512,3,5,4,256,6000,8.0,2633729,1,1,9974,1102,600007,1,54,6054,91,546.0,4.55,7.60305,1.22763383
cold,0,1,0,3e-05,0.05,512,3,5,4,256,6000,8.0,2633729,1,1,9974,1102,600007,1,54,6054,92,552.0,4.6,7.6866,1.29171944
cold,0,1,0,3e-05,0.05,512,3,5,4,256,6000,8.0,2633729,1,1,9974,1102,600007,1,54,6054,93,558.0,4.65,7.77015,1.34417236
cold,0,1,0,3e-05,0.05,512,3,5,4,256,6000,8.0,2633729,1,1,9974,1102,600007,1,54,6054,94,564.0,4.7,7.8537,1.39306509
cold,0,1,0,3e-05,0.05,512,3,5,4,256,6000,8.0,2633729,1,1,9974,1102,600007,1,54,6054,95,570.0,4.75,7.93725,1.45954478
cold,0,1,0,3e-05,0.05,512,3,5,4,256,6000,8.0,2633729,1,1,9974,1102,600007,1,54,6054,96,576.0,4.8,8.0208,1.5552994
cold,0,1,0,3e-05,0.05,512,3,5,4,256,6000,8.0,2633729,1,1,9974,1102,600007,1,54,6054,97,582.0,4.85,8.10435,1.66491175
cold,0,1,0,3e-05,0.05,512,3,5,4,256,6000,8.0,2633729,1,1,9974,1102,600007,1,54,6054,98,588.0,4.9,8.1879,1.76252806
cold,0,1,0,3e-05,0.05,512,3,5,4,256,6000,8.0,2633729,1,1,9974,1102,600007,1,54,6054,99,594.0,4.95,8.27145,1.85295534
cold,0,1,0,3e-05,0.05,512,3,5,4,256,6000,8.0,2633729,1,1,9974,1102,600007,1,54,6054,100,600.0,5.0,8.355,1.96548796
cold,0,1,0,3e-05,0.05,512,3,5,4,256,6000,8.0,2633729,1,1,9974,1102,600007,1,54,6054,101,606.0,5.05,8.43855,2.11677265
cold,0,1,0,3e-05,0.05,512,3,5,4,256,6000,8.0,2633729,1,1,9974,1102,600007,1,54,6054,102,612.0,5.1,8.5221,2.2885685
cold,0,1,0,3e-05,0.05,512,3,5,4,256,6000,8.0,2633729,1,1,9974,1102,600007,1,54,6054,103,618.0,5.15,8.60565,2.44181633
cold,0,1,0,3e-05,0.05,512,3,5,4,256,6000,8.0,2633729,1,1,9974,1102,600007,1,54,6054,104,624.0,5.2,8.6892,2.57952619
cold,0,1,0,3e-05,0.05,512,3,5,4,256,6000,8.0,2633729,1,1,9974,1102,600007,1,54,6054,105,630.0,5.25,8.77275,2.74617553
cold,0,1,0,3e-05,0.05,512,3,5,4,256,6000,8.0,2633729,1,1,9974,1102,600007,1,54,6054,106,636.0,5.3,8.8563,2.96644092
cold,0,1,0,3e-05,0.05,512,3,5,4,256,6000,8.0,2633729,1,1,9974,1102,600007,1,54,6054,107,642.0,5.35,8.93985,3.21464872
cold,0,1,0,3e-05,0.05,512,3,5,4,256,6000,8.0,2633729,1,1,9974,1102,600007,1,54,6054,108,648.0,5.4,9.0234,3.43643832
cold,0,1,0,3e-05,0.05,512,3,5,4,256,6000,8.0,2633729,1,1,9974,1102,600007,1,54,6054,109,654.0,5.45,9.10695,3.62633348
cold,0,1,0,3e-05,0.05,512,3,5,4,256,6000,8.0,2633729,1,1,9974,1102,600007,1,54,6054,110,660.0,5.5,9.1905,3.8492732
cold,0,1,0,3e-05,0.05,512,3,5,4,256,6000,8.0,2633729,1,1,9974,1102,600007,1,54,6054,111,666.0,5.55,9.27405,4.14791059
cold,0,1,0,3e-05,0.05,512,3,5,4,256,6000,8.0,2633729,1,1,9974,1102,600007,1,54,6054,112,672.0,5.6,9.3576,4.49873161
cold,0,1,0,3e-05,0.05,512,3,5,4,256,6000,8.0,2633729,1,1,9974,1102,600007,1,54,6054,113,678.0,5.65,9.44115,4.82982159
cold,0,1,0,3e-05,0.05,512,3,5,4,256,6000,8.0,2633729,1,1,9974,1102,600007,1,54,6054,114,684.0,5.7,9.5247,5.12371826
cold,0,1,0,3e-05,0.05,512,3,5,4,256,6000,8.0,2633729,1,1,9974,1102,600007,1,54,6054,115,690.0,5.75,9.60825,5.44884062
cold,0,1,0,3e-05,0.05,512,3,5,4,256,6000,8.0,2633729,1,1,9974,1102,600007,1,54,6054,116,696.0,5.8,9.6918,5.86038923
cold,0,1,0,3e-05,0.05,512,3,5,4,256,6000,8.0,2633729,1,1,9974,1102,600007,1,54,6054,117,702.0,5.85,9.77535,6.33455706
cold,0,1,0,3e-05,0.05,512,3,5,4,256,6000,8.0,2633729,1,1,9974,1102,600007,1,54,6054,118,708.0,5.9,9.8589,6.79273272
cold,0,1,0,3e-05,0.05,512,3,5,4,256,6000,8.0,2633729,1,1,9974,1102,600007,1,54,6054,119,714.0,5.95,9.94245,7.21663284
cold,0,1,0,3e-05,0.05,512,3,5,4,256,6000,8.0,2633729,1,1,9974,1102,600007,1,54,6054,120,720.0,6.0,10.026,7.680933
cold,0,1,0,3e-05,0.05,512,3,5,4,256,6000,8.0,2633729,1,1,9974,1102,600007,1,234,6234,1,6.0,0.05,0.08355,0.04750494
cold,0,1,0,3e-05,0.05,512,3,5,4,256,6000,8.0,2633729,1,1,9974,1102,600007,1,234,6234,2,12.0,0.1,0.1671,0.0697466
cold,0,1,0,3e-05,0.05,512,3,5,4,256,6000,8.0,2633729,1,1,9974,1102,600007,1,234,6234,3,18.0,0.15,0.25065,0.09462578
cold,0,1,0,3e-05,0.05,512,3,5,4,256,6000,8.0,2633729,1,1,9974,1102,600007,1,234,6234,4,24.0,0.2,0.3342,0.11991301
cold,0,1,0,3e-05,0.05,512,3,5,4,256,6000,8.0,2633729,1,1,9974,1102,600007,1,234,6234,5,30.0,0.25,0.41775,0.14542125
cold,0,1,0,3e-05,0.05,512,3,5,4,256,6000,8.0,2633729,1,1,9974,1102,600007,1,234,6234,6,36.0,0.3,0.5013,0.17279421
cold,0,1,0,3e-05,0.05,512,3,5,4,256,6000,8.0,2633729,1,1,9974,1102,600007,1,234,6234,7,42.0,0.35,0.58485,0.20125978
cold,0,1,0,3e-05,0.05,512,3,5,4,256,6000,8.0,2633729,1,1,9974,1102,600007,1,234,6234,8,48.0,0.4,0.6684,0.2293759
cold,0,1,0,3e-05,0.05,512,3,5,4,256,6000,8.0,2633729,1,1,9974,1102,600007,1,234,6234,9,54.0,0.45,0.75195,0.2572872
cold,0,1,0,3e-05,0.05,512,3,5,4,256,6000,8.0,2633729,1,1,9974,1102,600007,1,234,6234,10,60.0,0.5,0.8355,0.28657314
cold,0,1,0,3e-05,0.05,512,3,5,4,256,6000,8.0,2633729,1,1,9974,1102,600007,1,234,6234,11,66.0,0.55,0.91905,0.31777126
cold,0,1,0,3e-05,0.05,512,3,5,4,256,6000,8.0,2633729,1,1,9974,1102,600007,1,234,6234,12,72.0,0.6,1.0026,0.34782752
cold,0,1,0,3e-05,0.05,512,3,5,4,256,6000,8.0,2633729,1,1,9974,1102,600007,1,234,6234,13,78.0,0.65,1.08615,0.37450677
cold,0,1,0,3e-05,0.05,512,3,5,4,256,6000,8.0,2633729,1,1,9974,1102,600007,1,234,6234,14,84.0,0.7,1.1697,0.39927119
cold,0,1,0,3e-05,0.05,512,3,5,4,256,6000,8.0,2633729,1,1,9974,1102,600007,1,234,6234,15,90.0,0.75,1.25325,0.42417347
cold,0,1,0,3e-05,0.05,512,3,5,4,256,6000,8.0,2633729,1,1,9974,1102,600007,1,234,6234,16,96.0,0.8,1.3368,0.44935557
cold,0,1,0,3e-05,0.05,512,3,5,4,256,6000,8.0,2633729,1,1,9974,1102,600007,1,234,6234,17,102.0,0.85,1.42035,0.47373572
cold,0,1,0,3e-05,0.05,512,3,5,4,256,6000,8.0,2633729,1,1,9974,1102,600007,1,234,6234,18,108.0,0.9,1.5039,0.49640727
cold,0,1,0,3e-05,0.05,512,3,5,4,256,6000,8.0,2633729,1,1,9974,1102,600007,1,234,6234,19,114.0,0.95,1.58745,0.51786995
cold,0,1,0,3e-05,0.05,512,3,5,4,256,6000,8.0,2633729,1,1,9974,1102,600007,1,234,6234,20,120.0,1.0,1.671,0.53974062
cold,0,1,0,3e-05,0.05,512,3,5,4,256,6000,8.0,2633729,1,1,9974,1102,600007,1,234,6234,21,126.0,1.05,1.75455,0.56247211
cold,0,1,0,3e-05,0.05,512,3,5,4,256,6000,8.0,2633729,1,1,9974,1102,600007,1,234,6234,22,132.0,1.1,1.8381,0.58540934
cold,0,1,0,3e-05,0.05,512,3,5,4,256,6000,8.0,2633729,1,1,9974,1102,600007,1,234,6234,23,138.0,1.15,1.92165,0.60787094
cold,0,1,0,3e-05,0.05,512,3,5,4,256,6000,8.0,2633729,1,1,9974,1102,600007,1,234,6234,24,144.0,1.2,2.0052,0.62880242
cold,0,1,0,3e-05,0.05,512,3,5,4,256,6000,8.0,2633729,1,1,9974,1102,600007,1,234,6234,25,150.0,1.25,2.08875,0.64773542
cold,0,1,0,3e-05,0.05,512,3,5,4,256,6000,8.0,2633729,1,1,9974,1102,600007,1,234,6234,26,156.0,1.3,2.1723,0.6655578
cold,0,1,0,3e-05,0.05,512,3,5,4,256,6000,8.0,2633729,1,1,9974,1102,600007,1,234,6234,27,162.0,1.35,2.25585,0.68220657
cold,0,1,0,3e-05,0.05,512,3,5,4,256,6000,8.0,2633729,1,1,9974,1102,600007,1,234,6234,28,168.0,1.4,2.3394,0.69585103
cold,0,1,0,3e-05,0.05,512,3,5,4,256,6000,8.0,2633729,1,1,9974,1102,600007,1,234,6234,29,174.0,1.45,2.42295,0.70547521
cold,0,1,0,3e-05,0.05,512,3,5,4,256,6000,8.0,2633729,1,1,9974,1102,600007,1,234,6234,30,180.0,1.5,2.5065,0.71248078
cold,0,1,0,3e-05,0.05,512,3,5,4,256,6000,8.0,2633729,1,1,9974,1102,600007,1,234,6234,31,186.0,1.55,2.59005,0.71915489
cold,0,1,0,3e-05,0.05,512,3,5,4,256,6000,8.0,2633729,1,1,9974,1102,600007,1,234,6234,32,192.0,1.6,2.6736,0.72791618
cold,0,1,0,3e-05,0.05,512,3,5,4,256,6000,8.0,2633729,1,1,9974,1102,600007,1,234,6234,33,198.0,1.65,2.75715,0.73970455
cold,0,1,0,3e-05,0.05,512,3,5,4,256,6000,8.0,2633729,1,1,9974,1102,600007,1,234,6234,34,204.0,1.7,2.8407,0.75253063
cold,0,1,0,3e-05,0.05,512,3,5,4,256,6000,8.0,2633729,1,1,9974,1102,600007,1,234,6234,35,210.0,1.75,2.92425,0.76458699
cold,0,1,0,3e-05,0.05,512,3,5,4,256,6000,8.0,2633729,1,1,9974,1102,600007,1,234,6234,36,216.0,1.8,3.0078,0.77633554
cold,0,1,0,3e-05,0.05,512,3,5,4,256,6000,8.0,2633729,1,1,9974,1102,600007,1,234,6234,37,222.0,1.85,3.09135,0.7895425
cold,0,1,0,3e-05,0.05,512,3,5,4,256,6000,8.0,2633729,1,1,9974,1102,600007,1,234,6234,38,228.0,1.9,3.1749,0.80366451
cold,0,1,0,3e-05,0.05,512,3,5,4,256,6000,8.0,2633729,1,1,9974,1102,600007,1,234,6234,39,234.0,1.95,3.25845,0.81662661
cold,0,1,0,3e-05,0.05,512,3,5,4,256,6000,8.0,2633729,1,1,9974,1102,600007,1,234,6234,40,240.0,2.0,3.342,0.8258428
cold,0,1,0,3e-05,0.05,512,3,5,4,256,6000,8.0,2633729,1,1,9974,1102,600007,1,234,6234,41,246.0,2.05,3.42555,0.83385795
cold,0,1,0,3e-05,0.05,512,3,5,4,256,6000,8.0,2633729,1,1,9974,1102,600007,1,234,6234,42,252.0,2.1,3.5091,0.84687155
cold,0,1,0,3e-05,0.05,512,3,5,4,256,6000,8.0,2633729,1,1,9974,1102,600007,1,234,6234,43,258.0,2.15,3.59265,0.86159629
cold,0,1,0,3e-05,0.05,512,3,5,4,256,6000,8.0,2633729,1,1,9974,1102,600007,1,234,6234,44,264.0,2.2,3.6762,0.87286365
cold,0,1,0,3e-05,0.05,512,3,5,4,256,6000,8.0,2633729,1,1,9974,1102,600007,1,234,6234,45,270.0,2.25,3.75975,0.87935209
cold,0,1,0,3e-05,0.05,512,3,5,4,256,6000,8.0,2633729,1,1,9974,1102,600007,1,234,6234,46,276.0,2.3,3.8433,0.88917607
cold,0,1,0,3e-05,0.05,512,3,5,4,256,6000,8.0,2633729,1,1,9974,1102,600007,1,234,6234,47,282.0,2.35,3.92685,0.9104287
cold,0,1,0,3e-05,0.05,512,3,5,4,256,6000,8.0,2633729,1,1,9974,1102,600007,1,234,6234,48,288.0,2.4,4.0104,0.92988223
cold,0,1,0,3e-05,0.05,512,3,5,4,256,6000,8.0,2633729,1,1,9974,1102,600007,1,234,6234,49,294.0,2.45,4.09395,0.94141632
cold,0,1,0,3e-05,0.05,512,3,5,4,256,6000,8.0,2633729,1,1,9974,1102,600007,1,234,6234,50,300.0,2.5,4.1775,0.96699077
cold,0,1,0,3e-05,0.05,512,3,5,4,256,6000,8.0,2633729,1,1,9974,1102,600007,1,234,6234,51,306.0,2.55,4.26105,1.0109024
cold,0,1,0,3e-05,0.05,512,3,5,4,256,6000,8.0,2633729,1,1,9974,1102,600007,1,234,6234,52,312.0,2.6,4.3446,1.05057824
cold,0,1,0,3e-05,0.05,512,3,5,4,256,6000,8.0,2633729,1,1,9974,1102,600007,1,234,6234,53,318.0,2.65,4.42815,1.09916925
cold,0,1,0,3e-05,0.05,512,3,5,4,256,6000,8.0,2633729,1,1,9974,1102,600007,1,234,6234,54,324.0,2.7,4.5117,1.1679492
cold,0,1,0,3e-05,0.05,512,3,5,4,256,6000,8.0,2633729,1,1,9974,1102,600007,1,234,6234,55,330.0,2.75,4.59525,1.21323538
cold,0,1,0,3e-05,0.05,512,3,5,4,256,6000,8.0,2633729,1,1,9974,1102,600007,1,234,6234,56,336.0,2.8,4.6788,1.2468636
cold,0,1,0,3e-05,0.05,512,3,5,4,256,6000,8.0,2633729,1,1,9974,1102,600007,1,234,6234,57,342.0,2.85,4.76235,1.35083425
cold,0,1,0,3e-05,0.05,512,3,5,4,256,6000,8.0,2633729,1,1,9974,1102,600007,1,234,6234,58,348.0,2.9,4.8459,1.48191559
cold,0,1,0,3e-05,0.05,512,3,5,4,256,6000,8.0,2633729,1,1,9974,1102,600007,1,234,6234,59,354.0,2.95,4.92945,1.57048988
cold,0,1,0,3e-05,0.05,512,3,5,4,256,6000,8.0,2633729,1,1,9974,1102,600007,1,234,6234,60,360.0,3.0,5.013,1.72890592
cold,0,1,0,3e-05,0.05,512,3,5,4,256,6000,8.0,2633729,1,1,9974,1102,600007,1,234,6234,61,366.0,3.05,5.09655,1.94818676
cold,0,1,0,3e-05,0.05,512,3,5,4,256,6000,8.0,2633729,1,1,9974,1102,600007,1,234,6234,62,372.0,3.1,5.1801,2.08019328
cold,0,1,0,3e-05,0.05,512,3,5,4,256,6000,8.0,2633729,1,1,9974,1102,600007,1,234,6234,63,378.0,3.15,5.26365,2.24645901
cold,0,1,0,3e-05,0.05,512,3,5,4,256,6000,8.0,2633729,1,1,9974,1102,600007,1,234,6234,64,384.0,3.2,5.3472,2.59593368
cold,0,1,0,3e-05,0.05,512,3,5,4,256,6000,8.0,2633729,1,1,9974,1102,600007,1,234,6234,65,390.0,3.25,5.43075,2.91095138
cold,0,1,0,3e-05,0.05,512,3,5,4,256,6000,8.0,2633729,1,1,9974,1102,600007,1,234,6234,66,396.0,3.3,5.5143,3.15623283
cold,0,1,0,3e-05,0.05,512,3,5,4,256,6000,8.0,2633729,1,1,9974,1102,600007,1,234,6234,67,402.0,3.35,5.59785,3.64952993
cold,0,1,0,3e-05,0.05,512,3,5,4,256,6000,8.0,2633729,1,1,9974,1102,600007,1,234,6234,68,408.0,3.4,5.6814,4.18531847
cold,0,1,0,3e-05,0.05,512,3,5,4,256,6000,8.0,2633729,1,1,9974,1102,600007,1,234,6234,69,414.0,3.45,5.76495,4.4820385
cold,0,1,0,3e-05,0.05,512,3,5,4,256,6000,8.0,2633729,1,1,9974,1102,600007,1,234,6234,70,420.0,3.5,5.8485,5.02930307
cold,0,1,0,3e-05,0.05,512,3,5,4,256,6000,8.0,2633729,1,1,9974,1102,600007,1,234,6234,71,426.0,3.55,5.93205,5.9056344
cold,0,1,0,3e-05,0.05,512,3,5,4,256,6000,8.0,2633729,1,1,9974,1102,600007,1,234,6234,72,432.0,3.6,6.0156,6.51719046
cold,0,1,0,3e-05,0.05,512,3,5,4,256,6000,8.0,2633729,1,1,9974,1102,600007,1,234,6234,73,438.0,3.65,6.09915,7.17308664
cold,0,1,0,3e-05,0.05,512,3,5,4,256,6000,8.0,2633729,1,1,9974,1102,600007,1,234,6234,74,444.0,3.7,6.1827,8.45167542
cold,0,1,0,3e-05,0.05,512,3,5,4,256,6000,8.0,2633729,1,1,9974,1102,600007,1,234,6234,75,450.0,3.75,6.26625,9.58746433
cold,0,1,0,3e-05,0.05,512,3,5,4,256,6000,8.0,2633729,1,1,9974,1102,600007,1,234,6234,76,456.0,3.8,6.3498,10.33912945
cold,0,1,0,3e-05,0.05,512,3,5,4,256,6000,8.0,2633729,1,1,9974,1102,600007,1,234,6234,77,462.0,3.85,6.43335,11.96151257
cold,0,1,0,3e-05,0.05,512,3,5,4,256,6000,8.0,2633729,1,1,9974,1102,600007,1,234,6234,78,468.0,3.9,6.5169,13.95232677
cold,0,1,0,3e-05,0.05,512,3,5,4,256,6000,8.0,2633729,1,1,9974,1102,600007,1,234,6234,79,474.0,3.95,6.60045,15.17555237
cold,0,1,0,3e-05,0.05,512,3,5,4,256,6000,8.0,2633729,1,1,9974,1102,600007,1,234,6234,80,480.0,4.0,6.684,17.05437088
cold,0,1,0,3e-05,0.05,512,3,5,4,256,6000,8.0,2633729,1,1,9974,1102,600007,1,234,6234,81,486.0,4.05,6.76755,20.12936592
cold,0,1,0,3e-05,0.05,512,3,5,4,256,6000,8.0,2633729,1,1,9974,1102,600007,1,234,6234,82,492.0,4.1,6.8511,22.35164642
cold,0,1,0,3e-05,0.05,512,3,5,4,256,6000,8.0,2633729,1,1,9974,1102,600007,1,234,6234,83,498.0,4.15,6.93465,24.45124245
cold,0,1,0,3e-05,0.05,512,3,5,4,256,6000,8.0,2633729,1,1,9974,1102,600007,1,234,6234,84,504.0,4.2,7.0182,28.76729393
cold,0,1,0,3e-05,0.05,512,3,5,4,256,6000,8.0,2633729,1,1,9974,1102,600007,1,234,6234,85,510.0,4.25,7.10175,32.97303772
cold,0,1,0,3e-05,0.05,512,3,5,4,256,6000,8.0,2633729,1,1,9974,1102,600007,1,234,6234,86,516.0,4.3,7.1853,35.61365891
cold,0,1,0,3e-05,0.05,512,3,5,4,256,6000,8.0,2633729,1,1,9974,1102,600007,1,234,6234,87,522.0,4.35,7.26885,40.97000885
cold,0,1,0,3e-05,0.05,512,3,5,4,256,6000,8.0,2633729,1,1,9974,1102,600007,1,234,6234,88,528.0,4.4,7.3524,47.92395401
cold,0,1,0,3e-05,0.05,512,3,5,4,256,6000,8.0,2633729,1,1,9974,1102,600007,1,234,6234,89,534.0,4.45,7.43595,52.2321167
cold,0,1,0,3e-05,0.05,512,3,5,4,256,6000,8.0,2633729,1,1,9974,1102,600007,1,234,6234,90,540.0,4.5,7.5195,58.23357773
cold,0,1,0,3e-05,0.05,512,3,5,4,256,6000,8.0,2633729,1,1,9974,1102,600007,1,234,6234,91,546.0,4.55,7.60305,68.92807007
cold,0,1,0,3e-05,0.05,512,3,5,4,256,6000,8.0,2633729,1,1,9974,1102,600007,1,234,6234,92,552.0,4.6,7.6866,77.31217957
cold,0,1,0,3e-05,0.05,512,3,5,4,256,6000,8.0,2633729,1,1,9974,1102,600007,1,234,6234,93,558.0,4.65,7.77015,84.32782745
cold,0,1,0,3e-05,0.05,512,3,5,4,256,6000,8.0,2633729,1,1,9974,1102,600007,1,234,6234,94,564.0,4.7,7.8537,98.83795929
cold,0,1,0,3e-05,0.05,512,3,5,4,256,6000,8.0,2633729,1,1,9974,1102,600007,1,234,6234,95,570.0,4.75,7.93725,113.89698792
cold,0,1,0,3e-05,0.05,512,3,5,4,256,6000,8.0,2633729,1,1,9974,1102,600007,1,234,6234,96,576.0,4.8,8.0208,122.8677063
cold,0,1,0,3e-05,0.05,512,3,5,4,256,6000,8.0,2633729,1,1,9974,1102,600007,1,234,6234,97,582.0,4.85,8.10435,140.2305603
cold,0,1,0,3e-05,0.05,512,3,5,4,256,6000,8.0,2633729,1,1,9974,1102,600007,1,234,6234,98,588.0,4.9,8.1879,164.84776306
cold,0,1,0,3e-05,0.05,512,3,5,4,256,6000,8.0,2633729,1,1,9974,1102,600007,1,234,6234,99,594.0,4.95,8.27145,180.88121033
cold,0,1,0,3e-05,0.05,512,3,5,4,256,6000,8.0,2633729,1,1,9974,1102,600007,1,234,6234,100,600.0,5.0,8.355,200.6572876
cold,0,1,0,3e-05,0.05,512,3,5,4,256,6000,8.0,2633729,1,1,9974,1102,600007,1,234,6234,101,606.0,5.05,8.43855,237.49272156
cold,0,1,0,3e-05,0.05,512,3,5,4,256,6000,8.0,2633729,1,1,9974,1102,600007,1,234,6234,102,612.0,5.1,8.5221,268.17990112
cold,0,1,0,3e-05,0.05,512,3,5,4,256,6000,8.0,2633729,1,1,9974,1102,600007,1,234,6234,103,618.0,5.15,8.60565,291.02383423
cold,0,1,0,3e-05,0.05,512,3,5,4,256,6000,8.0,2633729,1,1,9974,1102,600007,1,234,6234,104,624.0,5.2,8.6892,339.24212646
cold,0,1,0,3e-05,0.05,512,3,5,4,256,6000,8.0,2633729,1,1,9974,1102,600007,1,234,6234,105,630.0,5.25,8.77275,393.35501099
cold,0,1,0,3e-05,0.05,512,3,5,4,256,6000,8.0,2633729,1,1,9974,1102,600007,1,234,6234,106,636.0,5.3,8.8563,425.62002563
cold,0,1,0,3e-05,0.05,512,3,5,4,256,6000,8.0,2633729,1,1,9974,1102,600007,1,234,6234,107,642.0,5.35,8.93985,482.48681641
cold,0,1,0,3e-05,0.05,512,3,5,4,256,6000,8.0,2633729,1,1,9974,1102,600007,1,234,6234,108,648.0,5.4,9.0234,569.08428955
cold,0,1,0,3e-05,0.05,512,3,5,4,256,6000,8.0,2633729,1,1,9974,1102,600007,1,234,6234,109,654.0,5.45,9.10695,628.10284424
cold,0,1,0,3e-05,0.05,512,3,5,4,256,6000,8.0,2633729,1,1,9974,1102,600007,1,234,6234,110,660.0,5.5,9.1905,692.84619141
cold,0,1,0,3e-05,0.05,512,3,5,4,256,6000,8.0,2633729,1,1,9974,1102,600007,1,234,6234,111,666.0,5.55,9.27405,818.72558594
cold,0,1,0,3e-05,0.05,512,3,5,4,256,6000,8.0,2633729,1,1,9974,1102,600007,1,234,6234,112,672.0,5.6,9.3576,931.05279541
cold,0,1,0,3e-05,0.05,512,3,5,4,256,6000,8.0,2633729,1,1,9974,1102,600007,1,234,6234,113,678.0,5.65,9.44115,1008.15319824
cold,0,1,0,3e-05,0.05,512,3,5,4,256,6000,8.0,2633729,1,1,9974,1102,600007,1,234,6234,114,684.0,5.7,9.5247,1168.80285645
cold,0,1,0,3e-05,0.05,512,3,5,4,256,6000,8.0,2633729,1,1,9974,1102,600007,1,234,6234,115,690.0,5.75,9.60825,1360.48876953
cold,0,1,0,3e-05,0.05,512,3,5,4,256,6000,8.0,2633729,1,1,9974,1102,600007,1,234,6234,116,696.0,5.8,9.6918,1476.40222168
cold,0,1,0,3e-05,0.05,512,3,5,4,256,6000,8.0,2633729,1,1,9974,1102,600007,1,234,6234,117,702.0,5.85,9.77535,1661.24047852
cold,0,1,0,3e-05,0.05,512,3,5,4,256,6000,8.0,2633729,1,1,9974,1102,600007,1,234,6234,118,708.0,5.9,9.8589,1962.95166016
cold,0,1,0,3e-05,0.05,512,3,5,4,256,6000,8.0,2633729,1,1,9974,1102,600007,1,234,6234,119,714.0,5.95,9.94245,2183.06152344
cold,0,1,0,3e-05,0.05,512,3,5,4,256,6000,8.0,2633729,1,1,9974,1102,600007,1,234,6234,120,720.0,6.0,10.026,2397.65625
cold,0,1,0,3e-05,0.05,512,3,5,4,256,6000,8.0,2633729,1,1,9974,1102,600007,1,1023,7023,1,6.0,0.05,0.08355,0.02379329
cold,0,1,0,3e-05,0.05,512,3,5,4,256,6000,8.0,2633729,1,1,9974,1102,600007,1,1023,7023,2,12.0,0.1,0.1671,0.02774755
cold,0,1,0,3e-05,0.05,512,3,5,4,256,6000,8.0,2633729,1,1,9974,1102,600007,1,1023,7023,3,18.0,0.15,0.25065,0.03275212
cold,0,1,0,3e-05,0.05,512,3,5,4,256,6000,8.0,2633729,1,1,9974,1102,600007,1,1023,7023,4,24.0,0.2,0.3342,0.03842267
cold,0,1,0,3e-05,0.05,512,3,5,4,256,6000,8.0,2633729,1,1,9974,1102,600007,1,1023,7023,5,30.0,0.25,0.41775,0.04426455
cold,0,1,0,3e-05,0.05,512,3,5,4,256,6000,8.0,2633729,1,1,9974,1102,600007,1,1023,7023,6,36.0,0.3,0.5013,0.05054349
cold,0,1,0,3e-05,0.05,512,3,5,4,256,6000,8.0,2633729,1,1,9974,1102,600007,1,1023,7023,7,42.0,0.35,0.58485,0.05765577
cold,0,1,0,3e-05,0.05,512,3,5,4,256,6000,8.0,2633729,1,1,9974,1102,600007,1,1023,7023,8,48.0,0.4,0.6684,0.06547268
cold,0,1,0,3e-05,0.05,512,3,5,4,256,6000,8.0,2633729,1,1,9974,1102,600007,1,1023,7023,9,54.0,0.45,0.75195,0.07421545
cold,0,1,0,3e-05,0.05,512,3,5,4,256,6000,8.0,2633729,1,1,9974,1102,600007,1,1023,7023,10,60.0,0.5,0.8355,0.0844873
cold,0,1,0,3e-05,0.05,512,3,5,4,256,6000,8.0,2633729,1,1,9974,1102,600007,1,1023,7023,11,66.0,0.55,0.91905,0.09558371
cold,0,1,0,3e-05,0.05,512,3,5,4,256,6000,8.0,2633729,1,1,9974,1102,600007,1,1023,7023,12,72.0,0.6,1.0026,0.10635432
cold,0,1,0,3e-05,0.05,512,3,5,4,256,6000,8.0,2633729,1,1,9974,1102,600007,1,1023,7023,13,78.0,0.65,1.08615,0.11729748
cold,0,1,0,3e-05,0.05,512,3,5,4,256,6000,8.0,2633729,1,1,9974,1102,600007,1,1023,7023,14,84.0,0.7,1.1697,0.13027103
cold,0,1,0,3e-05,0.05,512,3,5,4,256,6000,8.0,2633729,1,1,9974,1102,600007,1,1023,7023,15,90.0,0.75,1.25325,0.14518522
cold,0,1,0,3e-05,0.05,512,3,5,4,256,6000,8.0,2633729,1,1,9974,1102,600007,1,1023,7023,16,96.0,0.8,1.3368,0.16066083
cold,0,1,0,3e-05,0.05,512,3,5,4,256,6000,8.0,2633729,1,1,9974,1102,600007,1,1023,7023,17,102.0,0.85,1.42035,0.17552523
cold,0,1,0,3e-05,0.05,512,3,5,4,256,6000,8.0,2633729,1,1,9974,1102,600007,1,1023,7023,18,108.0,0.9,1.5039,0.18949795
cold,0,1,0,3e-05,0.05,512,3,5,4,256,6000,8.0,2633729,1,1,9974,1102,600007,1,1023,7023,19,114.0,0.95,1.58745,0.20342985
cold,0,1,0,3e-05,0.05,512,3,5,4,256,6000,8.0,2633729,1,1,9974,1102,600007,1,1023,7023,20,120.0,1.0,1.671,0.21838723
cold,0,1,0,3e-05,0.05,512,3,5,4,256,6000,8.0,2633729,1,1,9974,1102,600007,1,1023,7023,21,126.0,1.05,1.75455,0.23589858
cold,0,1,0,3e-05,0.05,512,3,5,4,256,6000,8.0,2633729,1,1,9974,1102,600007,1,1023,7023,22,132.0,1.1,1.8381,0.25688925
cold,0,1,0,3e-05,0.05,512,3,5,4,256,6000,8.0,2633729,1,1,9974,1102,600007,1,1023,7023,23,138.0,1.15,1.92165,0.28073916
cold,0,1,0,3e-05,0.05,512,3,5,4,256,6000,8.0,2633729,1,1,9974,1102,600007,1,1023,7023,24,144.0,1.2,2.0052,0.30544645
cold,0,1,0,3e-05,0.05,512,3,5,4,256,6000,8.0,2633729,1,1,9974,1102,600007,1,1023,7023,25,150.0,1.25,2.08875,0.32858026
cold,0,1,0,3e-05,0.05,512,3,5,4,256,6000,8.0,2633729,1,1,9974,1102,600007,1,1023,7023,26,156.0,1.3,2.1723,0.34907913
cold,0,1,0,3e-05,0.05,512,3,5,4,256,6000,8.0,2633729,1,1,9974,1102,600007,1,1023,7023,27,162.0,1.35,2.25585,0.36831522
cold,0,1,0,3e-05,0.05,512,3,5,4,256,6000,8.0,2633729,1,1,9974,1102,600007,1,1023,7023,28,168.0,1.4,2.3394,0.38768002
cold,0,1,0,3e-05,0.05,512,3,5,4,256,6000,8.0,2633729,1,1,9974,1102,600007,1,1023,7023,29,174.0,1.45,2.42295,0.40821645
cold,0,1,0,3e-05,0.05,512,3,5,4,256,6000,8.0,2633729,1,1,9974,1102,600007,1,1023,7023,30,180.0,1.5,2.5065,0.4312641
cold,0,1,0,3e-05,0.05,512,3,5,4,256,6000,8.0,2633729,1,1,9974,1102,600007,1,1023,7023,31,186.0,1.55,2.59005,0.45680022
cold,0,1,0,3e-05,0.05,512,3,5,4,256,6000,8.0,2633729,1,1,9974,1102,600007,1,1023,7023,32,192.0,1.6,2.6736,0.48214898
cold,0,1,0,3e-05,0.05,512,3,5,4,256,6000,8.0,2633729,1,1,9974,1102,600007,1,1023,7023,33,198.0,1.65,2.75715,0.50410086
cold,0,1,0,3e-05,0.05,512,3,5,4,256,6000,8.0,2633729,1,1,9974,1102,600007,1,1023,7023,34,204.0,1.7,2.8407,0.52188873
cold,0,1,0,3e-05,0.05,512,3,5,4,256,6000,8.0,2633729,1,1,9974,1102,600007,1,1023,7023,35,210.0,1.75,2.92425,0.53756768
cold,0,1,0,3e-05,0.05,512,3,5,4,256,6000,8.0,2633729,1,1,9974,1102,600007,1,1023,7023,36,216.0,1.8,3.0078,0.55328065
cold,0,1,0,3e-05,0.05,512,3,5,4,256,6000,8.0,2633729,1,1,9974,1102,600007,1,1023,7023,37,222.0,1.85,3.09135,0.57038003
cold,0,1,0,3e-05,0.05,512,3,5,4,256,6000,8.0,2633729,1,1,9974,1102,600007,1,1023,7023,38,228.0,1.9,3.1749,0.58902216
cold,0,1,0,3e-05,0.05,512,3,5,4,256,6000,8.0,2633729,1,1,9974,1102,600007,1,1023,7023,39,234.0,1.95,3.25845,0.60787237
cold,0,1,0,3e-05,0.05,512,3,5,4,256,6000,8.0,2633729,1,1,9974,1102,600007,1,1023,7023,40,240.0,2.0,3.342,0.62566823
cold,0,1,0,3e-05,0.05,512,3,5,4,256,6000,8.0,2633729,1,1,9974,1102,600007,1,1023,7023,41,246.0,2.05,3.42555,0.64264184
cold,0,1,0,3e-05,0.05,512,3,5,4,256,6000,8.0,2633729,1,1,9974,1102,600007,1,1023,7023,42,252.0,2.1,3.5091,0.65991843
cold,0,1,0,3e-05,0.05,512,3,5,4,256,6000,8.0,2633729,1,1,9974,1102,600007,1,1023,7023,43,258.0,2.15,3.59265,0.67768264
cold,0,1,0,3e-05,0.05,512,3,5,4,256,6000,8.0,2633729,1,1,9974,1102,600007,1,1023,7023,44,264.0,2.2,3.6762,0.694484
cold,0,1,0,3e-05,0.05,512,3,5,4,256,6000,8.0,2633729,1,1,9974,1102,600007,1,1023,7023,45,270.0,2.25,3.75975,0.70874566
cold,0,1,0,3e-05,0.05,512,3,5,4,256,6000,8.0,2633729,1,1,9974,1102,600007,1,1023,7023,46,276.0,2.3,3.8433,0.7214815
cold,0,1,0,3e-05,0.05,512,3,5,4,256,6000,8.0,2633729,1,1,9974,1102,600007,1,1023,7023,47,282.0,2.35,3.92685,0.73485798
cold,0,1,0,3e-05,0.05,512,3,5,4,256,6000,8.0,2633729,1,1,9974,1102,600007,1,1023,7023,48,288.0,2.4,4.0104,0.75018466
cold,0,1,0,3e-05,0.05,512,3,5,4,256,6000,8.0,2633729,1,1,9974,1102,600007,1,1023,7023,49,294.0,2.45,4.09395,0.76673836
cold,0,1,0,3e-05,0.05,512,3,5,4,256,6000,8.0,2633729,1,1,9974,1102,600007,1,1023,7023,50,300.0,2.5,4.1775,0.78233844
cold,0,1,0,3e-05,0.05,512,3,5,4,256,6000,8.0,2633729,1,1,9974,1102,600007,1,1023,7023,51,306.0,2.55,4.26105,0.79545808
cold,0,1,0,3e-05,0.05,512,3,5,4,256,6000,8.0,2633729,1,1,9974,1102,600007,1,1023,7023,52,312.0,2.6,4.3446,0.80589914
cold,0,1,0,3e-05,0.05,512,3,5,4,256,6000,8.0,2633729,1,1,9974,1102,600007,1,1023,7023,53,318.0,2.65,4.42815,0.81425738
cold,0,1,0,3e-05,0.05,512,3,5,4,256,6000,8.0,2633729,1,1,9974,1102,600007,1,1023,7023,54,324.0,2.7,4.5117,0.82261145
cold,0,1,0,3e-05,0.05,512,3,5,4,256,6000,8.0,2633729,1,1,9974,1102,600007,1,1023,7023,55,330.0,2.75,4.59525,0.8337093
cold,0,1,0,3e-05,0.05,512,3,5,4,256,6000,8.0,2633729,1,1,9974,1102,600007,1,1023,7023,56,336.0,2.8,4.6788,0.8477028
cold,0,1,0,3e-05,0.05,512,3,5,4,256,6000,8.0,2633729,1,1,9974,1102,600007,1,1023,7023,57,342.0,2.85,4.76235,0.86117226
cold,0,1,0,3e-05,0.05,512,3,5,4,256,6000,8.0,2633729,1,1,9974,1102,600007,1,1023,7023,58,348.0,2.9,4.8459,0.87104446
cold,0,1,0,3e-05,0.05,512,3,5,4,256,6000,8.0,2633729,1,1,9974,1102,600007,1,1023,7023,59,354.0,2.95,4.92945,0.87797022
cold,0,1,0,3e-05,0.05,512,3,5,4,256,6000,8.0,2633729,1,1,9974,1102,600007,1,1023,7023,60,360.0,3.0,5.013,0.88468665
cold,0,1,0,3e-05,0.05,512,3,5,4,256,6000,8.0,2633729,1,1,9974,1102,600007,1,1023,7023,61,366.0,3.05,5.09655,0.89189202
cold,0,1,0,3e-05,0.05,512,3,5,4,256,6000,8.0,2633729,1,1,9974,1102,600007,1,1023,7023,62,372.0,3.1,5.1801,0.8981784
cold,0,1,0,3e-05,0.05,512,3,5,4,256,6000,8.0,2633729,1,1,9974,1102,600007,1,1023,7023,63,378.0,3.15,5.26365,0.90337074
cold,0,1,0,3e-05,0.05,512,3,5,4,256,6000,8.0,2633729,1,1,9974,1102,600007,1,1023,7023,64,384.0,3.2,5.3472,0.90766752
cold,0,1,0,3e-05,0.05,512,3,5,4,256,6000,8.0,2633729,1,1,9974,1102,600007,1,1023,7023,65,390.0,3.25,5.43075,0.91137487
cold,0,1,0,3e-05,0.05,512,3,5,4,256,6000,8.0,2633729,1,1,9974,1102,600007,1,1023,7023,66,396.0,3.3,5.5143,0.91527879
cold,0,1,0,3e-05,0.05,512,3,5,4,256,6000,8.0,2633729,1,1,9974,1102,600007,1,1023,7023,67,402.0,3.35,5.59785,0.91943574
cold,0,1,0,3e-05,0.05,512,3,5,4,256,6000,8.0,2633729,1,1,9974,1102,600007,1,1023,7023,68,408.0,3.4,5.6814,0.92327404
cold,0,1,0,3e-05,0.05,512,3,5,4,256,6000,8.0,2633729,1,1,9974,1102,600007,1,1023,7023,69,414.0,3.45,5.76495,0.92685771
cold,0,1,0,3e-05,0.05,512,3,5,4,256,6000,8.0,2633729,1,1,9974,1102,600007,1,1023,7023,70,420.0,3.5,5.8485,0.93133473
cold,0,1,0,3e-05,0.05,512,3,5,4,256,6000,8.0,2633729,1,1,9974,1102,600007,1,1023,7023,71,426.0,3.55,5.93205,0.93638617
cold,0,1,0,3e-05,0.05,512,3,5,4,256,6000,8.0,2633729,1,1,9974,1102,600007,1,1023,7023,72,432.0,3.6,6.0156,0.94078517
cold,0,1,0,3e-05,0.05,512,3,5,4,256,6000,8.0,2633729,1,1,9974,1102,600007,1,1023,7023,73,438.0,3.65,6.09915,0.94461936
cold,0,1,0,3e-05,0.05,512,3,5,4,256,6000,8.0,2633729,1,1,9974,1102,600007,1,1023,7023,74,444.0,3.7,6.1827,0.94875163
cold,0,1,0,3e-05,0.05,512,3,5,4,256,6000,8.0,2633729,1,1,9974,1102,600007,1,1023,7023,75,450.0,3.75,6.26625,0.95284909
cold,0,1,0,3e-05,0.05,512,3,5,4,256,6000,8.0,2633729,1,1,9974,1102,600007,1,1023,7023,76,456.0,3.8,6.3498,0.95586216
cold,0,1,0,3e-05,0.05,512,3,5,4,256,6000,8.0,2633729,1,1,9974,1102,600007,1,1023,7023,77,462.0,3.85,6.43335,0.95668852
cold,0,1,0,3e-05,0.05,512,3,5,4,256,6000,8.0,2633729,1,1,9974,1102,600007,1,1023,7023,78,468.0,3.9,6.5169,0.9545669
cold,0,1,0,3e-05,0.05,512,3,5,4,256,6000,8.0,2633729,1,1,9974,1102,600007,1,1023,7023,79,474.0,3.95,6.60045,0.95030934
cold,0,1,0,3e-05,0.05,512,3,5,4,256,6000,8.0,2633729,1,1,9974,1102,600007,1,1023,7023,80,480.0,4.0,6.684,0.94739211
cold,0,1,0,3e-05,0.05,512,3,5,4,256,6000,8.0,2633729,1,1,9974,1102,600007,1,1023,7023,81,486.0,4.05,6.76755,0.94851691
cold,0,1,0,3e-05,0.05,512,3,5,4,256,6000,8.0,2633729,1,1,9974,1102,600007,1,1023,7023,82,492.0,4.1,6.8511,0.9521293
cold,0,1,0,3e-05,0.05,512,3,5,4,256,6000,8.0,2633729,1,1,9974,1102,600007,1,1023,7023,83,498.0,4.15,6.93465,0.95586932
cold,0,1,0,3e-05,0.05,512,3,5,4,256,6000,8.0,2633729,1,1,9974,1102,600007,1,1023,7023,84,504.0,4.2,7.0182,0.95813096
cold,0,1,0,3e-05,0.05,512,3,5,4,256,6000,8.0,2633729,1,1,9974,1102,600007,1,1023,7023,85,510.0,4.25,7.10175,0.95795012
cold,0,1,0,3e-05,0.05,512,3,5,4,256,6000,8.0,2633729,1,1,9974,1102,600007,1,1023,7023,86,516.0,4.3,7.1853,0.95562279
cold,0,1,0,3e-05,0.05,512,3,5,4,256,6000,8.0,2633729,1,1,9974,1102,600007,1,1023,7023,87,522.0,4.35,7.26885,0.95243436
cold,0,1,0,3e-05,0.05,512,3,5,4,256,6000,8.0,2633729,1,1,9974,1102,600007,1,1023,7023,88,528.0,4.4,7.3524,0.95076144
cold,0,1,0,3e-05,0.05,512,3,5,4,256,6000,8.0,2633729,1,1,9974,1102,600007,1,1023,7023,89,534.0,4.45,7.43595,0.95193547
cold,0,1,0,3e-05,0.05,512,3,5,4,256,6000,8.0,2633729,1,1,9974,1102,600007,1,1023,7023,90,540.0,4.5,7.5195,0.95518589
cold,0,1,0,3e-05,0.05,512,3,5,4,256,6000,8.0,2633729,1,1,9974,1102,600007,1,1023,7023,91,546.0,4.55,7.60305,0.9593038
cold,0,1,0,3e-05,0.05,512,3,5,4,256,6000,8.0,2633729,1,1,9974,1102,600007,1,1023,7023,92,552.0,4.6,7.6866,0.96437073
cold,0,1,0,3e-05,0.05,512,3,5,4,256,6000,8.0,2633729,1,1,9974,1102,600007,1,1023,7023,93,558.0,4.65,7.77015,0.97084695
cold,0,1,0,3e-05,0.05,512,3,5,4,256,6000,8.0,2633729,1,1,9974,1102,600007,1,1023,7023,94,564.0,4.7,7.8537,0.97789347
cold,0,1,0,3e-05,0.05,512,3,5,4,256,6000,8.0,2633729,1,1,9974,1102,600007,1,1023,7023,95,570.0,4.75,7.93725,0.98344082
cold,0,1,0,3e-05,0.05,512,3,5,4,256,6000,8.0,2633729,1,1,9974,1102,600007,1,1023,7023,96,576.0,4.8,8.0208,0.98536098
cold,0,1,0,3e-05,0.05,512,3,5,4,256,6000,8.0,2633729,1,1,9974,1102,600007,1,1023,7023,97,582.0,4.85,8.10435,0.98239386
cold,0,1,0,3e-05,0.05,512,3,5,4,256,6000,8.0,2633729,1,1,9974,1102,600007,1,1023,7023,98,588.0,4.9,8.1879,0.97525048
cold,0,1,0,3e-05,0.05,512,3,5,4,256,6000,8.0,2633729,1,1,9974,1102,600007,1,1023,7023,99,594.0,4.95,8.27145,0.96726948
cold,0,1,0,3e-05,0.05,512,3,5,4,256,6000,8.0,2633729,1,1,9974,1102,600007,1,1023,7023,100,600.0,5.0,8.355,0.96275997
cold,0,1,0,3e-05,0.05,512,3,5,4,256,6000,8.0,2633729,1,1,9974,1102,600007,1,1023,7023,101,606.0,5.05,8.43855,0.96397966
cold,0,1,0,3e-05,0.05,512,3,5,4,256,6000,8.0,2633729,1,1,9974,1102,600007,1,1023,7023,102,612.0,5.1,8.5221,0.96953958
cold,0,1,0,3e-05,0.05,512,3,5,4,256,6000,8.0,2633729,1,1,9974,1102,600007,1,1023,7023,103,618.0,5.15,8.60565,0.97679985
cold,0,1,0,3e-05,0.05,512,3,5,4,256,6000,8.0,2633729,1,1,9974,1102,600007,1,1023,7023,104,624.0,5.2,8.6892,0.98429662
cold,0,1,0,3e-05,0.05,512,3,5,4,256,6000,8.0,2633729,1,1,9974,1102,600007,1,1023,7023,105,630.0,5.25,8.77275,0.99068248
cold,0,1,0,3e-05,0.05,512,3,5,4,256,6000,8.0,2633729,1,1,9974,1102,600007,1,1023,7023,106,636.0,5.3,8.8563,0.99492413
cold,0,1,0,3e-05,0.05,512,3,5,4,256,6000,8.0,2633729,1,1,9974,1102,600007,1,1023,7023,107,642.0,5.35,8.93985,0.9976759
cold,0,1,0,3e-05,0.05,512,3,5,4,256,6000,8.0,2633729,1,1,9974,1102,600007,1,1023,7023,108,648.0,5.4,9.0234,0.99961627
cold,0,1,0,3e-05,0.05,512,3,5,4,256,6000,8.0,2633729,1,1,9974,1102,600007,1,1023,7023,109,654.0,5.45,9.10695,1.00102592
cold,0,1,0,3e-05,0.05,512,3,5,4,256,6000,8.0,2633729,1,1,9974,1102,600007,1,1023,7023,110,660.0,5.5,9.1905,1.00303221
cold,0,1,0,3e-05,0.05,512,3,5,4,256,6000,8.0,2633729,1,1,9974,1102,600007,1,1023,7023,111,666.0,5.55,9.27405,1.00603426
cold,0,1,0,3e-05,0.05,512,3,5,4,256,6000,8.0,2633729,1,1,9974,1102,600007,1,1023,7023,112,672.0,5.6,9.3576,1.00877869
cold,0,1,0,3e-05,0.05,512,3,5,4,256,6000,8.0,2633729,1,1,9974,1102,600007,1,1023,7023,113,678.0,5.65,9.44115,1.01073158
cold,0,1,0,3e-05,0.05,512,3,5,4,256,6000,8.0,2633729,1,1,9974,1102,600007,1,1023,7023,114,684.0,5.7,9.5247,1.01308286
cold,0,1,0,3e-05,0.05,512,3,5,4,256,6000,8.0,2633729,1,1,9974,1102,600007,1,1023,7023,115,690.0,5.75,9.60825,1.01606786
cold,0,1,0,3e-05,0.05,512,3,5,4,256,6000,8.0,2633729,1,1,9974,1102,600007,1,1023,7023,116,696.0,5.8,9.6918,1.01884973
cold,0,1,0,3e-05,0.05,512,3,5,4,256,6000,8.0,2633729,1,1,9974,1102,600007,1,1023,7023,117,702.0,5.85,9.77535,1.02118325
cold,0,1,0,3e-05,0.05,512,3,5,4,256,6000,8.0,2633729,1,1,9974,1102,600007,1,1023,7023,118,708.0,5.9,9.8589,1.02327824
cold,0,1,0,3e-05,0.05,512,3,5,4,256,6000,8.0,2633729,1,1,9974,1102,600007,1,1023,7023,119,714.0,5.95,9.94245,1.02480257
cold,0,1,0,3e-05,0.05,512,3,5,4,256,6000,8.0,2633729,1,1,9974,1102,600007,1,1023,7023,120,720.0,6.0,10.026,1.02554572
cold,0,1,0,3e-05,0.05,512,3,5,4,256,6000,8.0,2633729,1,1,9974,1102,600007,1,4468,10468,1,6.0,0.05,0.08355,0.02056191
cold,0,1,0,3e-05,0.05,512,3,5,4,256,6000,8.0,2633729,1,1,9974,1102,600007,1,4468,10468,2,12.0,0.1,0.1671,0.02429233
cold,0,1,0,3e-05,0.05,512,3,5,4,256,6000,8.0,2633729,1,1,9974,1102,600007,1,4468,10468,3,18.0,0.15,0.25065,0.02850132
cold,0,1,0,3e-05,0.05,512,3,5,4,256,6000,8.0,2633729,1,1,9974,1102,600007,1,4468,10468,4,24.0,0.2,0.3342,0.03291381
cold,0,1,0,3e-05,0.05,512,3,5,4,256,6000,8.0,2633729,1,1,9974,1102,600007,1,4468,10468,5,30.0,0.25,0.41775,0.03716424
cold,0,1,0,3e-05,0.05,512,3,5,4,256,6000,8.0,2633729,1,1,9974,1102,600007,1,4468,10468,6,36.0,0.3,0.5013,0.04246095
cold,0,1,0,3e-05,0.05,512,3,5,4,256,6000,8.0,2633729,1,1,9974,1102,600007,1,4468,10468,7,42.0,0.35,0.58485,0.04795137
cold,0,1,0,3e-05,0.05,512,3,5,4,256,6000,8.0,2633729,1,1,9974,1102,600007,1,4468,10468,8,48.0,0.4,0.6684,0.05360776
cold,0,1,0,3e-05,0.05,512,3,5,4,256,6000,8.0,2633729,1,1,9974,1102,600007,1,4468,10468,9,54.0,0.45,0.75195,0.05976861
cold,0,1,0,3e-05,0.05,512,3,5,4,256,6000,8.0,2633729,1,1,9974,1102,600007,1,4468,10468,10,60.0,0.5,0.8355,0.06685036
cold,0,1,0,3e-05,0.05,512,3,5,4,256,6000,8.0,2633729,1,1,9974,1102,600007,1,4468,10468,11,66.0,0.55,0.91905,0.07472967
cold,0,1,0,3e-05,0.05,512,3,5,4,256,6000,8.0,2633729,1,1,9974,1102,600007,1,4468,10468,12,72.0,0.6,1.0026,0.08345237
cold,0,1,0,3e-05,0.05,512,3,5,4,256,6000,8.0,2633729,1,1,9974,1102,600007,1,4468,10468,13,78.0,0.65,1.08615,0.09325851
cold,0,1,0,3e-05,0.05,512,3,5,4,256,6000,8.0,2633729,1,1,9974,1102,600007,1,4468,10468,14,84.0,0.7,1.1697,0.10459862
cold,0,1,0,3e-05,0.05,512,3,5,4,256,6000,8.0,2633729,1,1,9974,1102,600007,1,4468,10468,15,90.0,0.75,1.25325,0.11733338
cold,0,1,0,3e-05,0.05,512,3,5,4,256,6000,8.0,2633729,1,1,9974,1102,600007,1,4468,10468,16,96.0,0.8,1.3368,0.13052477
cold,0,1,0,3e-05,0.05,512,3,5,4,256,6000,8.0,2633729,1,1,9974,1102,600007,1,4468,10468,17,102.0,0.85,1.42035,0.14340805
cold,0,1,0,3e-05,0.05,512,3,5,4,256,6000,8.0,2633729,1,1,9974,1102,600007,1,4468,10468,18,108.0,0.9,1.5039,0.15576908
cold,0,1,0,3e-05,0.05,512,3,5,4,256,6000,8.0,2633729,1,1,9974,1102,600007,1,4468,10468,19,114.0,0.95,1.58745,0.16796397
cold,0,1,0,3e-05,0.05,512,3,5,4,256,6000,8.0,2633729,1,1,9974,1102,600007,1,4468,10468,20,120.0,1.0,1.671,0.18104699
cold,0,1,0,3e-05,0.05,512,3,5,4,256,6000,8.0,2633729,1,1,9974,1102,600007,1,4468,10468,21,126.0,1.05,1.75455,0.19645855
cold,0,1,0,3e-05,0.05,512,3,5,4,256,6000,8.0,2633729,1,1,9974,1102,600007,1,4468,10468,22,132.0,1.1,1.8381,0.21472253
cold,0,1,0,3e-05,0.05,512,3,5,4,256,6000,8.0,2633729,1,1,9974,1102,600007,1,4468,10468,23,138.0,1.15,1.92165,0.23600629
cold,0,1,0,3e-05,0.05,512,3,5,4,256,6000,8.0,2633729,1,1,9974,1102,600007,1,4468,10468,24,144.0,1.2,2.0052,0.2597298
cold,0,1,0,3e-05,0.05,512,3,5,4,256,6000,8.0,2633729,1,1,9974,1102,600007,1,4468,10468,25,150.0,1.25,2.08875,0.28402746
cold,0,1,0,3e-05,0.05,512,3,5,4,256,6000,8.0,2633729,1,1,9974,1102,600007,1,4468,10468,26,156.0,1.3,2.1723,0.30730081
cold,0,1,0,3e-05,0.05,512,3,5,4,256,6000,8.0,2633729,1,1,9974,1102,600007,1,4468,10468,27,162.0,1.35,2.25585,0.3287518
cold,0,1,0,3e-05,0.05,512,3,5,4,256,6000,8.0,2633729,1,1,9974,1102,600007,1,4468,10468,28,168.0,1.4,2.3394,0.34753799
cold,0,1,0,3e-05,0.05,512,3,5,4,256,6000,8.0,2633729,1,1,9974,1102,600007,1,4468,10468,29,174.0,1.45,2.42295,0.36373609
cold,0,1,0,3e-05,0.05,512,3,5,4,256,6000,8.0,2633729,1,1,9974,1102,600007,1,4468,10468,30,180.0,1.5,2.5065,0.3791787
cold,0,1,0,3e-05,0.05,512,3,5,4,256,6000,8.0,2633729,1,1,9974,1102,600007,1,4468,10468,31,186.0,1.55,2.59005,0.39650643
cold,0,1,0,3e-05,0.05,512,3,5,4,256,6000,8.0,2633729,1,1,9974,1102,600007,1,4468,10468,32,192.0,1.6,2.6736,0.41571432
cold,0,1,0,3e-05,0.05,512,3,5,4,256,6000,8.0,2633729,1,1,9974,1102,600007,1,4468,10468,33,198.0,1.65,2.75715,0.43438178
cold,0,1,0,3e-05,0.05,512,3,5,4,256,6000,8.0,2633729,1,1,9974,1102,600007,1,4468,10468,34,204.0,1.7,2.8407,0.45130578
cold,0,1,0,3e-05,0.05,512,3,5,4,256,6000,8.0,2633729,1,1,9974,1102,600007,1,4468,10468,35,210.0,1.75,2.92425,0.46709499
cold,0,1,0,3e-05,0.05,512,3,5,4,256,6000,8.0,2633729,1,1,9974,1102,600007,1,4468,10468,36,216.0,1.8,3.0078,0.48353693
cold,0,1,0,3e-05,0.05,512,3,5,4,256,6000,8.0,2633729,1,1,9974,1102,600007,1,4468,10468,37,222.0,1.85,3.09135,0.50197548
cold,0,1,0,3e-05,0.05,512,3,5,4,256,6000,8.0,2633729,1,1,9974,1102,600007,1,4468,10468,38,228.0,1.9,3.1749,0.52200782
cold,0,1,0,3e-05,0.05,512,3,5,4,256,6000,8.0,2633729,1,1,9974,1102,600007,1,4468,10468,39,234.0,1.95,3.25845,0.54293239
cold,0,1,0,3e-05,0.05,512,3,5,4,256,6000,8.0,2633729,1,1,9974,1102,600007,1,4468,10468,40,240.0,2.0,3.342,0.56444967
cold,0,1,0,3e-05,0.05,512,3,5,4,256,6000,8.0,2633729,1,1,9974,1102,600007,1,4468,10468,41,246.0,2.05,3.42555,0.58694947
cold,0,1,0,3e-05,0.05,512,3,5,4,256,6000,8.0,2633729,1,1,9974,1102,600007,1,4468,10468,42,252.0,2.1,3.5091,0.61017317
cold,0,1,0,3e-05,0.05,512,3,5,4,256,6000,8.0,2633729,1,1,9974,1102,600007,1,4468,10468,43,258.0,2.15,3.59265,0.63178486
cold,0,1,0,3e-05,0.05,512,3,5,4,256,6000,8.0,2633729,1,1,9974,1102,600007,1,4468,10468,44,264.0,2.2,3.6762,0.65006173
cold,0,1,0,3e-05,0.05,512,3,5,4,256,6000,8.0,2633729,1,1,9974,1102,600007,1,4468,10468,45,270.0,2.25,3.75975,0.66448623
cold,0,1,0,3e-05,0.05,512,3,5,4,256,6000,8.0,2633729,1,1,9974,1102,600007,1,4468,10468,46,276.0,2.3,3.8433,0.67558891
cold,0,1,0,3e-05,0.05,512,3,5,4,256,6000,8.0,2633729,1,1,9974,1102,600007,1,4468,10468,47,282.0,2.35,3.92685,0.68600887
cold,0,1,0,3e-05,0.05,512,3,5,4,256,6000,8.0,2633729,1,1,9974,1102,600007,1,4468,10468,48,288.0,2.4,4.0104,0.69829363
cold,0,1,0,3e-05,0.05,512,3,5,4,256,6000,8.0,2633729,1,1,9974,1102,600007,1,4468,10468,49,294.0,2.45,4.09395,0.71342182
cold,0,1,0,3e-05,0.05,512,3,5,4,256,6000,8.0,2633729,1,1,9974,1102,600007,1,4468,10468,50,300.0,2.5,4.1775,0.73075646
cold,0,1,0,3e-05,0.05,512,3,5,4,256,6000,8.0,2633729,1,1,9974,1102,600007,1,4468,10468,51,306.0,2.55,4.26105,0.74760211
cold,0,1,0,3e-05,0.05,512,3,5,4,256,6000,8.0,2633729,1,1,9974,1102,600007,1,4468,10468,52,312.0,2.6,4.3446,0.76230764
cold,0,1,0,3e-05,0.05,512,3,5,4,256,6000,8.0,2633729,1,1,9974,1102,600007,1,4468,10468,53,318.0,2.65,4.42815,0.77559578
cold,0,1,0,3e-05,0.05,512,3,5,4,256,6000,8.0,2633729,1,1,9974,1102,600007,1,4468,10468,54,324.0,2.7,4.5117,0.78820151
cold,0,1,0,3e-05,0.05,512,3,5,4,256,6000,8.0,2633729,1,1,9974,1102,600007,1,4468,10468,55,330.0,2.75,4.59525,0.80015326
cold,0,1,0,3e-05,0.05,512,3,5,4,256,6000,8.0,2633729,1,1,9974,1102,600007,1,4468,10468,56,336.0,2.8,4.6788,0.81124187
cold,0,1,0,3e-05,0.05,512,3,5,4,256,6000,8.0,2633729,1,1,9974,1102,600007,1,4468,10468,57,342.0,2.85,4.76235,0.82201648
cold,0,1,0,3e-05,0.05,512,3,5,4,256,6000,8.0,2633729,1,1,9974,1102,600007,1,4468,10468,58,348.0,2.9,4.8459,0.83263719
cold,0,1,0,3e-05,0.05,512,3,5,4,256,6000,8.0,2633729,1,1,9974,1102,600007,1,4468,10468,59,354.0,2.95,4.92945,0.84072065
cold,0,1,0,3e-05,0.05,512,3,5,4,256,6000,8.0,2633729,1,1,9974,1102,600007,1,4468,10468,60,360.0,3.0,5.013,0.84485346
cold,0,1,0,3e-05,0.05,512,3,5,4,256,6000,8.0,2633729,1,1,9974,1102,600007,1,4468,10468,61,366.0,3.05,5.09655,0.84730059
cold,0,1,0,3e-05,0.05,512,3,5,4,256,6000,8.0,2633729,1,1,9974,1102,600007,1,4468,10468,62,372.0,3.1,5.1801,0.85160804
cold,0,1,0,3e-05,0.05,512,3,5,4,256,6000,8.0,2633729,1,1,9974,1102,600007,1,4468,10468,63,378.0,3.15,5.26365,0.85949576
cold,0,1,0,3e-05,0.05,512,3,5,4,256,6000,8.0,2633729,1,1,9974,1102,600007,1,4468,10468,64,384.0,3.2,5.3472,0.86964893
cold,0,1,0,3e-05,0.05,512,3,5,4,256,6000,8.0,2633729,1,1,9974,1102,600007,1,4468,10468,65,390.0,3.25,5.43075,0.87990326
cold,0,1,0,3e-05,0.05,512,3,5,4,256,6000,8.0,2633729,1,1,9974,1102,600007,1,4468,10468,66,396.0,3.3,5.5143,0.88963819
cold,0,1,0,3e-05,0.05,512,3,5,4,256,6000,8.0,2633729,1,1,9974,1102,600007,1,4468,10468,67,402.0,3.35,5.59785,0.89935839
cold,0,1,0,3e-05,0.05,512,3,5,4,256,6000,8.0,2633729,1,1,9974,1102,600007,1,4468,10468,68,408.0,3.4,5.6814,0.90832633
cold,0,1,0,3e-05,0.05,512,3,5,4,256,6000,8.0,2633729,1,1,9974,1102,600007,1,4468,10468,69,414.0,3.45,5.76495,0.91508877
cold,0,1,0,3e-05,0.05,512,3,5,4,256,6000,8.0,2633729,1,1,9974,1102,600007,1,4468,10468,70,420.0,3.5,5.8485,0.91939098
cold,0,1,0,3e-05,0.05,512,3,5,4,256,6000,8.0,2633729,1,1,9974,1102,600007,1,4468,10468,71,426.0,3.55,5.93205,0.92202771
cold,0,1,0,3e-05,0.05,512,3,5,4,256,6000,8.0,2633729,1,1,9974,1102,600007,1,4468,10468,72,432.0,3.6,6.0156,0.92419517
cold,0,1,0,3e-05,0.05,512,3,5,4,256,6000,8.0,2633729,1,1,9974,1102,600007,1,4468,10468,73,438.0,3.65,6.09915,0.92616028
cold,0,1,0,3e-05,0.05,512,3,5,4,256,6000,8.0,2633729,1,1,9974,1102,600007,1,4468,10468,74,444.0,3.7,6.1827,0.92781234
cold,0,1,0,3e-05,0.05,512,3,5,4,256,6000,8.0,2633729,1,1,9974,1102,600007,1,4468,10468,75,450.0,3.75,6.26625,0.92915326
cold,0,1,0,3e-05,0.05,512,3,5,4,256,6000,8.0,2633729,1,1,9974,1102,600007,1,4468,10468,76,456.0,3.8,6.3498,0.92910922
cold,0,1,0,3e-05,0.05,512,3,5,4,256,6000,8.0,2633729,1,1,9974,1102,600007,1,4468,10468,77,462.0,3.85,6.43335,0.92633933
cold,0,1,0,3e-05,0.05,512,3,5,4,256,6000,8.0,2633729,1,1,9974,1102,600007,1,4468,10468,78,468.0,3.9,6.5169,0.92209512
cold,0,1,0,3e-05,0.05,512,3,5,4,256,6000,8.0,2633729,1,1,9974,1102,600007,1,4468,10468,79,474.0,3.95,6.60045,0.91951311
cold,0,1,0,3e-05,0.05,512,3,5,4,256,6000,8.0,2633729,1,1,9974,1102,600007,1,4468,10468,80,480.0,4.0,6.684,0.92044145
cold,0,1,0,3e-05,0.05,512,3,5,4,256,6000,8.0,2633729,1,1,9974,1102,600007,1,4468,10468,81,486.0,4.05,6.76755,0.92427558
cold,0,1,0,3e-05,0.05,512,3,5,4,256,6000,8.0,2633729,1,1,9974,1102,600007,1,4468,10468,82,492.0,4.1,6.8511,0.93003863
cold,0,1,0,3e-05,0.05,512,3,5,4,256,6000,8.0,2633729,1,1,9974,1102,600007,1,4468,10468,83,498.0,4.15,6.93465,0.93744075
cold,0,1,0,3e-05,0.05,512,3,5,4,256,6000,8.0,2633729,1,1,9974,1102,600007,1,4468,10468,84,504.0,4.2,7.0182,0.94464159
cold,0,1,0,3e-05,0.05,512,3,5,4,256,6000,8.0,2633729,1,1,9974,1102,600007,1,4468,10468,85,510.0,4.25,7.10175,0.94938821
cold,0,1,0,3e-05,0.05,512,3,5,4,256,6000,8.0,2633729,1,1,9974,1102,600007,1,4468,10468,86,516.0,4.3,7.1853,0.95114344
cold,0,1,0,3e-05,0.05,512,3,5,4,256,6000,8.0,2633729,1,1,9974,1102,600007,1,4468,10468,87,522.0,4.35,7.26885,0.95064723
cold,0,1,0,3e-05,0.05,512,3,5,4,256,6000,8.0,2633729,1,1,9974,1102,600007,1,4468,10468,88,528.0,4.4,7.3524,0.9477517
cold,0,1,0,3e-05,0.05,512,3,5,4,256,6000,8.0,2633729,1,1,9974,1102,600007,1,4468,10468,89,534.0,4.45,7.43595,0.94290262
cold,0,1,0,3e-05,0.05,512,3,5,4,256,6000,8.0,2633729,1,1,9974,1102,600007,1,4468,10468,90,540.0,4.5,7.5195,0.93947834
cold,0,1,0,3e-05,0.05,512,3,5,4,256,6000,8.0,2633729,1,1,9974,1102,600007,1,4468,10468,91,546.0,4.55,7.60305,0.93988734
cold,0,1,0,3e-05,0.05,512,3,5,4,256,6000,8.0,2633729,1,1,9974,1102,600007,1,4468,10468,92,552.0,4.6,7.6866,0.94310796
cold,0,1,0,3e-05,0.05,512,3,5,4,256,6000,8.0,2633729,1,1,9974,1102,600007,1,4468,10468,93,558.0,4.65,7.77015,0.94783634
cold,0,1,0,3e-05,0.05,512,3,5,4,256,6000,8.0,2633729,1,1,9974,1102,600007,1,4468,10468,94,564.0,4.7,7.8537,0.95370227
cold,0,1,0,3e-05,0.05,512,3,5,4,256,6000,8.0,2633729,1,1,9974,1102,600007,1,4468,10468,95,570.0,4.75,7.93725,0.95889425
cold,0,1,0,3e-05,0.05,512,3,5,4,256,6000,8.0,2633729,1,1,9974,1102,600007,1,4468,10468,96,576.0,4.8,8.0208,0.96040702
cold,0,1,0,3e-05,0.05,512,3,5,4,256,6000,8.0,2633729,1,1,9974,1102,600007,1,4468,10468,97,582.0,4.85,8.10435,0.95706707
cold,0,1,0,3e-05,0.05,512,3,5,4,256,6000,8.0,2633729,1,1,9974,1102,600007,1,4468,10468,98,588.0,4.9,8.1879,0.95065469
cold,0,1,0,3e-05,0.05,512,3,5,4,256,6000,8.0,2633729,1,1,9974,1102,600007,1,4468,10468,99,594.0,4.95,8.27145,0.94427413
cold,0,1,0,3e-05,0.05,512,3,5,4,256,6000,8.0,2633729,1,1,9974,1102,600007,1,4468,10468,100,600.0,5.0,8.355,0.94091856
cold,0,1,0,3e-05,0.05,512,3,5,4,256,6000,8.0,2633729,1,1,9974,1102,600007,1,4468,10468,101,606.0,5.05,8.43855,0.94211692
cold,0,1,0,3e-05,0.05,512,3,5,4,256,6000,8.0,2633729,1,1,9974,1102,600007,1,4468,10468,102,612.0,5.1,8.5221,0.94716311
cold,0,1,0,3e-05,0.05,512,3,5,4,256,6000,8.0,2633729,1,1,9974,1102,600007,1,4468,10468,103,618.0,5.15,8.60565,0.95388955
cold,0,1,0,3e-05,0.05,512,3,5,4,256,6000,8.0,2633729,1,1,9974,1102,600007,1,4468,10468,104,624.0,5.2,8.6892,0.96049041
cold,0,1,0,3e-05,0.05,512,3,5,4,256,6000,8.0,2633729,1,1,9974,1102,600007,1,4468,10468,105,630.0,5.25,8.77275,0.96580374
cold,0,1,0,3e-05,0.05,512,3,5,4,256,6000,8.0,2633729,1,1,9974,1102,600007,1,4468,10468,106,636.0,5.3,8.8563,0.96913826
cold,0,1,0,3e-05,0.05,512,3,5,4,256,6000,8.0,2633729,1,1,9974,1102,600007,1,4468,10468,107,642.0,5.35,8.93985,0.97038996
cold,0,1,0,3e-05,0.05,512,3,5,4,256,6000,8.0,2633729,1,1,9974,1102,600007,1,4468,10468,108,648.0,5.4,9.0234,0.97054034
cold,0,1,0,3e-05,0.05,512,3,5,4,256,6000,8.0,2633729,1,1,9974,1102,600007,1,4468,10468,109,654.0,5.45,9.10695,0.9707852
cold,0,1,0,3e-05,0.05,512,3,5,4,256,6000,8.0,2633729,1,1,9974,1102,600007,1,4468,10468,110,660.0,5.5,9.1905,0.97164518
cold,0,1,0,3e-05,0.05,512,3,5,4,256,6000,8.0,2633729,1,1,9974,1102,600007,1,4468,10468,111,666.0,5.55,9.27405,0.97421682
cold,0,1,0,3e-05,0.05,512,3,5,4,256,6000,8.0,2633729,1,1,9974,1102,600007,1,4468,10468,112,672.0,5.6,9.3576,0.9803617
cold,0,1,0,3e-05,0.05,512,3,5,4,256,6000,8.0,2633729,1,1,9974,1102,600007,1,4468,10468,113,678.0,5.65,9.44115,0.98883283
cold,0,1,0,3e-05,0.05,512,3,5,4,256,6000,8.0,2633729,1,1,9974,1102,600007,1,4468,10468,114,684.0,5.7,9.5247,0.99521363
cold,0,1,0,3e-05,0.05,512,3,5,4,256,6000,8.0,2633729,1,1,9974,1102,600007,1,4468,10468,115,690.0,5.75,9.60825,0.99718505
cold,0,1,0,3e-05,0.05,512,3,5,4,256,6000,8.0,2633729,1,1,9974,1102,600007,1,4468,10468,116,696.0,5.8,9.6918,0.99612004
cold,0,1,0,3e-05,0.05,512,3,5,4,256,6000,8.0,2633729,1,1,9974,1102,600007,1,4468,10468,117,702.0,5.85,9.77535,0.99310589
cold,0,1,0,3e-05,0.05,512,3,5,4,256,6000,8.0,2633729,1,1,9974,1102,600007,1,4468,10468,118,708.0,5.9,9.8589,0.98695731
cold,0,1,0,3e-05,0.05,512,3,5,4,256,6000,8.0,2633729,1,1,9974,1102,600007,1,4468,10468,119,714.0,5.95,9.94245,0.97798419
cold,0,1,0,3e-05,0.05,512,3,5,4,256,6000,8.0,2633729,1,1,9974,1102,600007,1,4468,10468,120,720.0,6.0,10.026,0.96873504
cold,0,1,0,3e-05,0.05,512,3,5,4,256,6000,8.0,2633729,1,1,9974,1102,600007,1,6000,12000,1,6.0,0.05,0.08355,0.02036714
cold,0,1,0,3e-05,0.05,512,3,5,4,256,6000,8.0,2633729,1,1,9974,1102,600007,1,6000,12000,2,12.0,0.1,0.1671,0.02429287
cold,0,1,0,3e-05,0.05,512,3,5,4,256,6000,8.0,2633729,1,1,9974,1102,600007,1,6000,12000,3,18.0,0.15,0.25065,0.02880459
cold,0,1,0,3e-05,0.05,512,3,5,4,256,6000,8.0,2633729,1,1,9974,1102,600007,1,6000,12000,4,24.0,0.2,0.3342,0.03338617
cold,0,1,0,3e-05,0.05,512,3,5,4,256,6000,8.0,2633729,1,1,9974,1102,600007,1,6000,12000,5,30.0,0.25,0.41775,0.03810187
cold,0,1,0,3e-05,0.05,512,3,5,4,256,6000,8.0,2633729,1,1,9974,1102,600007,1,6000,12000,6,36.0,0.3,0.5013,0.04412005
cold,0,1,0,3e-05,0.05,512,3,5,4,256,6000,8.0,2633729,1,1,9974,1102,600007,1,6000,12000,7,42.0,0.35,0.58485,0.05054428
cold,0,1,0,3e-05,0.05,512,3,5,4,256,6000,8.0,2633729,1,1,9974,1102,600007,1,6000,12000,8,48.0,0.4,0.6684,0.05742832
cold,0,1,0,3e-05,0.05,512,3,5,4,256,6000,8.0,2633729,1,1,9974,1102,600007,1,6000,12000,9,54.0,0.45,0.75195,0.06496112
cold,0,1,0,3e-05,0.05,512,3,5,4,256,6000,8.0,2633729,1,1,9974,1102,600007,1,6000,12000,10,60.0,0.5,0.8355,0.07335103
cold,0,1,0,3e-05,0.05,512,3,5,4,256,6000,8.0,2633729,1,1,9974,1102,600007,1,6000,12000,11,66.0,0.55,0.91905,0.08252526
cold,0,1,0,3e-05,0.05,512,3,5,4,256,6000,8.0,2633729,1,1,9974,1102,600007,1,6000,12000,12,72.0,0.6,1.0026,0.0927171
cold,0,1,0,3e-05,0.05,512,3,5,4,256,6000,8.0,2633729,1,1,9974,1102,600007,1,6000,12000,13,78.0,0.65,1.08615,0.10463482
cold,0,1,0,3e-05,0.05,512,3,5,4,256,6000,8.0,2633729,1,1,9974,1102,600007,1,6000,12000,14,84.0,0.7,1.1697,0.11878081
cold,0,1,0,3e-05,0.05,512,3,5,4,256,6000,8.0,2633729,1,1,9974,1102,600007,1,6000,12000,15,90.0,0.75,1.25325,0.13439499
cold,0,1,0,3e-05,0.05,512,3,5,4,256,6000,8.0,2633729,1,1,9974,1102,600007,1,6000,12000,16,96.0,0.8,1.3368,0.15010525
cold,0,1,0,3e-05,0.05,512,3,5,4,256,6000,8.0,2633729,1,1,9974,1102,600007,1,6000,12000,17,102.0,0.85,1.42035,0.16498129
cold,0,1,0,3e-05,0.05,512,3,5,4,256,6000,8.0,2633729,1,1,9974,1102,600007,1,6000,12000,18,108.0,0.9,1.5039,0.1793675
cold,0,1,0,3e-05,0.05,512,3,5,4,256,6000,8.0,2633729,1,1,9974,1102,600007,1,6000,12000,19,114.0,0.95,1.58745,0.19423258
cold,0,1,0,3e-05,0.05,512,3,5,4,256,6000,8.0,2633729,1,1,9974,1102,600007,1,6000,12000,20,120.0,1.0,1.671,0.2101661
cold,0,1,0,3e-05,0.05,512,3,5,4,256,6000,8.0,2633729,1,1,9974,1102,600007,1,6000,12000,21,126.0,1.05,1.75455,0.22715519
cold,0,1,0,3e-05,0.05,512,3,5,4,256,6000,8.0,2633729,1,1,9974,1102,600007,1,6000,12000,22,132.0,1.1,1.8381,0.24526711
cold,0,1,0,3e-05,0.05,512,3,5,4,256,6000,8.0,2633729,1,1,9974,1102,600007,1,6000,12000,23,138.0,1.15,1.92165,0.26515102
cold,0,1,0,3e-05,0.05,512,3,5,4,256,6000,8.0,2633729,1,1,9974,1102,600007,1,6000,12000,24,144.0,1.2,2.0052,0.28645766
cold,0,1,0,3e-05,0.05,512,3,5,4,256,6000,8.0,2633729,1,1,9974,1102,600007,1,6000,12000,25,150.0,1.25,2.08875,0.30778989
cold,0,1,0,3e-05,0.05,512,3,5,4,256,6000,8.0,2633729,1,1,9974,1102,600007,1,6000,12000,26,156.0,1.3,2.1723,0.32847923
cold,0,1,0,3e-05,0.05,512,3,5,4,256,6000,8.0,2633729,1,1,9974,1102,600007,1,6000,12000,27,162.0,1.35,2.25585,0.34833339
cold,0,1,0,3e-05,0.05,512,3,5,4,256,6000,8.0,2633729,1,1,9974,1102,600007,1,6000,12000,28,168.0,1.4,2.3394,0.36608332
cold,0,1,0,3e-05,0.05,512,3,5,4,256,6000,8.0,2633729,1,1,9974,1102,600007,1,6000,12000,29,174.0,1.45,2.42295,0.38094425
cold,0,1,0,3e-05,0.05,512,3,5,4,256,6000,8.0,2633729,1,1,9974,1102,600007,1,6000,12000,30,180.0,1.5,2.5065,0.39456311
cold,0,1,0,3e-05,0.05,512,3,5,4,256,6000,8.0,2633729,1,1,9974,1102,600007,1,6000,12000,31,186.0,1.55,2.59005,0.4103505
cold,0,1,0,3e-05,0.05,512,3,5,4,256,6000,8.0,2633729,1,1,9974,1102,600007,1,6000,12000,32,192.0,1.6,2.6736,0.42918679
cold,0,1,0,3e-05,0.05,512,3,5,4,256,6000,8.0,2633729,1,1,9974,1102,600007,1,6000,12000,33,198.0,1.65,2.75715,0.44887468
cold,0,1,0,3e-05,0.05,512,3,5,4,256,6000,8.0,2633729,1,1,9974,1102,600007,1,6000,12000,34,204.0,1.7,2.8407,0.46806052
cold,0,1,0,3e-05,0.05,512,3,5,4,256,6000,8.0,2633729,1,1,9974,1102,600007,1,6000,12000,35,210.0,1.75,2.92425,0.48661891
cold,0,1,0,3e-05,0.05,512,3,5,4,256,6000,8.0,2633729,1,1,9974,1102,600007,1,6000,12000,36,216.0,1.8,3.0078,0.50492769
cold,0,1,0,3e-05,0.05,512,3,5,4,256,6000,8.0,2633729,1,1,9974,1102,600007,1,6000,12000,37,222.0,1.85,3.09135,0.52238965
cold,0,1,0,3e-05,0.05,512,3,5,4,256,6000,8.0,2633729,1,1,9974,1102,600007,1,6000,12000,38,228.0,1.9,3.1749,0.53883213
cold,0,1,0,3e-05,0.05,512,3,5,4,256,6000,8.0,2633729,1,1,9974,1102,600007,1,6000,12000,39,234.0,1.95,3.25845,0.5557636
cold,0,1,0,3e-05,0.05,512,3,5,4,256,6000,8.0,2633729,1,1,9974,1102,600007,1,6000,12000,40,240.0,2.0,3.342,0.57430476
cold,0,1,0,3e-05,0.05,512,3,5,4,256,6000,8.0,2633729,1,1,9974,1102,600007,1,6000,12000,41,246.0,2.05,3.42555,0.59406501
cold,0,1,0,3e-05,0.05,512,3,5,4,256,6000,8.0,2633729,1,1,9974,1102,600007,1,6000,12000,42,252.0,2.1,3.5091,0.61385965
cold,0,1,0,3e-05,0.05,512,3,5,4,256,6000,8.0,2633729,1,1,9974,1102,600007,1,6000,12000,43,258.0,2.15,3.59265,0.63364506
cold,0,1,0,3e-05,0.05,512,3,5,4,256,6000,8.0,2633729,1,1,9974,1102,600007,1,6000,12000,44,264.0,2.2,3.6762,0.65315467
cold,0,1,0,3e-05,0.05,512,3,5,4,256,6000,8.0,2633729,1,1,9974,1102,600007,1,6000,12000,45,270.0,2.25,3.75975,0.67173272
cold,0,1,0,3e-05,0.05,512,3,5,4,256,6000,8.0,2633729,1,1,9974,1102,600007,1,6000,12000,46,276.0,2.3,3.8433,0.68893409
cold,0,1,0,3e-05,0.05,512,3,5,4,256,6000,8.0,2633729,1,1,9974,1102,600007,1,6000,12000,47,282.0,2.35,3.92685,0.70528901
cold,0,1,0,3e-05,0.05,512,3,5,4,256,6000,8.0,2633729,1,1,9974,1102,600007,1,6000,12000,48,288.0,2.4,4.0104,0.7209084
cold,0,1,0,3e-05,0.05,512,3,5,4,256,6000,8.0,2633729,1,1,9974,1102,600007,1,6000,12000,49,294.0,2.45,4.09395,0.73460644
cold,0,1,0,3e-05,0.05,512,3,5,4,256,6000,8.0,2633729,1,1,9974,1102,600007,1,6000,12000,50,300.0,2.5,4.1775,0.74613422
cold,0,1,0,3e-05,0.05,512,3,5,4,256,6000,8.0,2633729,1,1,9974,1102,600007,1,6000,12000,51,306.0,2.55,4.26105,0.75717676
cold,0,1,0,3e-05,0.05,512,3,5,4,256,6000,8.0,2633729,1,1,9974,1102,600007,1,6000,12000,52,312.0,2.6,4.3446,0.76837599
cold,0,1,0,3e-05,0.05,512,3,5,4,256,6000,8.0,2633729,1,1,9974,1102,600007,1,6000,12000,53,318.0,2.65,4.42815,0.77823824
cold,0,1,0,3e-05,0.05,512,3,5,4,256,6000,8.0,2633729,1,1,9974,1102,600007,1,6000,12000,54,324.0,2.7,4.5117,0.78604412
cold,0,1,0,3e-05,0.05,512,3,5,4,256,6000,8.0,2633729,1,1,9974,1102,600007,1,6000,12000,55,330.0,2.75,4.59525,0.79380047
cold,0,1,0,3e-05,0.05,512,3,5,4,256,6000,8.0,2633729,1,1,9974,1102,600007,1,6000,12000,56,336.0,2.8,4.6788,0.80446965
cold,0,1,0,3e-05,0.05,512,3,5,4,256,6000,8.0,2633729,1,1,9974,1102,600007,1,6000,12000,57,342.0,2.85,4.76235,0.81913114
cold,0,1,0,3e-05,0.05,512,3,5,4,256,6000,8.0,2633729,1,1,9974,1102,600007,1,6000,12000,58,348.0,2.9,4.8459,0.83580476
cold,0,1,0,3e-05,0.05,512,3,5,4,256,6000,8.0,2633729,1,1,9974,1102,600007,1,6000,12000,59,354.0,2.95,4.92945,0.85101175
cold,0,1,0,3e-05,0.05,512,3,5,4,256,6000,8.0,2633729,1,1,9974,1102,600007,1,6000,12000,60,360.0,3.0,5.013,0.86259574
cold,0,1,0,3e-05,0.05,512,3,5,4,256,6000,8.0,2633729,1,1,9974,1102,600007,1,6000,12000,61,366.0,3.05,5.09655,0.87103492
cold,0,1,0,3e-05,0.05,512,3,5,4,256,6000,8.0,2633729,1,1,9974,1102,600007,1,6000,12000,62,372.0,3.1,5.1801,0.87850738
cold,0,1,0,3e-05,0.05,512,3,5,4,256,6000,8.0,2633729,1,1,9974,1102,600007,1,6000,12000,63,378.0,3.15,5.26365,0.88617527
cold,0,1,0,3e-05,0.05,512,3,5,4,256,6000,8.0,2633729,1,1,9974,1102,600007,1,6000,12000,64,384.0,3.2,5.3472,0.89426053
cold,0,1,0,3e-05,0.05,512,3,5,4,256,6000,8.0,2633729,1,1,9974,1102,600007,1,6000,12000,65,390.0,3.25,5.43075,0.90218318
cold,0,1,0,3e-05,0.05,512,3,5,4,256,6000,8.0,2633729,1,1,9974,1102,600007,1,6000,12000,66,396.0,3.3,5.5143,0.90709293
cold,0,1,0,3e-05,0.05,512,3,5,4,256,6000,8.0,2633729,1,1,9974,1102,600007,1,6000,12000,67,402.0,3.35,5.59785,0.90686542
cold,0,1,0,3e-05,0.05,512,3,5,4,256,6000,8.0,2633729,1,1,9974,1102,600007,1,6000,12000,68,408.0,3.4,5.6814,0.90286332
cold,0,1,0,3e-05,0.05,512,3,5,4,256,6000,8.0,2633729,1,1,9974,1102,600007,1,6000,12000,69,414.0,3.45,5.76495,0.89958429
cold,0,1,0,3e-05,0.05,512,3,5,4,256,6000,8.0,2633729,1,1,9974,1102,600007,1,6000,12000,70,420.0,3.5,5.8485,0.89917254
cold,0,1,0,3e-05,0.05,512,3,5,4,256,6000,8.0,2633729,1,1,9974,1102,600007,1,6000,12000,71,426.0,3.55,5.93205,0.90126204
cold,0,1,0,3e-05,0.05,512,3,5,4,256,6000,8.0,2633729,1,1,9974,1102,600007,1,6000,12000,72,432.0,3.6,6.0156,0.90632927
cold,0,1,0,3e-05,0.05,512,3,5,4,256,6000,8.0,2633729,1,1,9974,1102,600007,1,6000,12000,73,438.0,3.65,6.09915,0.91342717
cold,0,1,0,3e-05,0.05,512,3,5,4,256,6000,8.0,2633729,1,1,9974,1102,600007,1,6000,12000,74,444.0,3.7,6.1827,0.92031991
cold,0,1,0,3e-05,0.05,512,3,5,4,256,6000,8.0,2633729,1,1,9974,1102,600007,1,6000,12000,75,450.0,3.75,6.26625,0.92575562
cold,0,1,0,3e-05,0.05,512,3,5,4,256,6000,8.0,2633729,1,1,9974,1102,600007,1,6000,12000,76,456.0,3.8,6.3498,0.93002796
cold,0,1,0,3e-05,0.05,512,3,5,4,256,6000,8.0,2633729,1,1,9974,1102,600007,1,6000,12000,77,462.0,3.85,6.43335,0.93506688
cold,0,1,0,3e-05,0.05,512,3,5,4,256,6000,8.0,2633729,1,1,9974,1102,600007,1,6000,12000,78,468.0,3.9,6.5169,0.94181943
cold,0,1,0,3e-05,0.05,512,3,5,4,256,6000,8.0,2633729,1,1,9974,1102,600007,1,6000,12000,79,474.0,3.95,6.60045,0.94875807
cold,0,1,0,3e-05,0.05,512,3,5,4,256,6000,8.0,2633729,1,1,9974,1102,600007,1,6000,12000,80,480.0,4.0,6.684,0.95422006
cold,0,1,0,3e-05,0.05,512,3,5,4,256,6000,8.0,2633729,1,1,9974,1102,600007,1,6000,12000,81,486.0,4.05,6.76755,0.9580195
cold,0,1,0,3e-05,0.05,512,3,5,4,256,6000,8.0,2633729,1,1,9974,1102,600007,1,6000,12000,82,492.0,4.1,6.8511,0.96016383
cold,0,1,0,3e-05,0.05,512,3,5,4,256,6000,8.0,2633729,1,1,9974,1102,600007,1,6000,12000,83,498.0,4.15,6.93465,0.96021599
cold,0,1,0,3e-05,0.05,512,3,5,4,256,6000,8.0,2633729,1,1,9974,1102,600007,1,6000,12000,84,504.0,4.2,7.0182,0.95915514
cold,0,1,0,3e-05,0.05,512,3,5,4,256,6000,8.0,2633729,1,1,9974,1102,600007,1,6000,12000,85,510.0,4.25,7.10175,0.96006608
cold,0,1,0,3e-05,0.05,512,3,5,4,256,6000,8.0,2633729,1,1,9974,1102,600007,1,6000,12000,86,516.0,4.3,7.1853,0.96445149
cold,0,1,0,3e-05,0.05,512,3,5,4,256,6000,8.0,2633729,1,1,9974,1102,600007,1,6000,12000,87,522.0,4.35,7.26885,0.97046465
cold,0,1,0,3e-05,0.05,512,3,5,4,256,6000,8.0,2633729,1,1,9974,1102,600007,1,6000,12000,88,528.0,4.4,7.3524,0.97551435
cold,0,1,0,3e-05,0.05,512,3,5,4,256,6000,8.0,2633729,1,1,9974,1102,600007,1,6000,12000,89,534.0,4.45,7.43595,0.9781248
cold,0,1,0,3e-05,0.05,512,3,5,4,256,6000,8.0,2633729,1,1,9974,1102,600007,1,6000,12000,90,540.0,4.5,7.5195,0.97781873
cold,0,1,0,3e-05,0.05,512,3,5,4,256,6000,8.0,2633729,1,1,9974,1102,600007,1,6000,12000,91,546.0,4.55,7.60305,0.97496039
cold,0,1,0,3e-05,0.05,512,3,5,4,256,6000,8.0,2633729,1,1,9974,1102,600007,1,6000,12000,92,552.0,4.6,7.6866,0.97026104
cold,0,1,0,3e-05,0.05,512,3,5,4,256,6000,8.0,2633729,1,1,9974,1102,600007,1,6000,12000,93,558.0,4.65,7.77015,0.965859
cold,0,1,0,3e-05,0.05,512,3,5,4,256,6000,8.0,2633729,1,1,9974,1102,600007,1,6000,12000,94,564.0,4.7,7.8537,0.96423179
cold,0,1,0,3e-05,0.05,512,3,5,4,256,6000,8.0,2633729,1,1,9974,1102,600007,1,6000,12000,95,570.0,4.75,7.93725,0.96562445
cold,0,1,0,3e-05,0.05,512,3,5,4,256,6000,8.0,2633729,1,1,9974,1102,600007,1,6000,12000,96,576.0,4.8,8.0208,0.96803987
cold,0,1,0,3e-05,0.05,512,3,5,4,256,6000,8.0,2633729,1,1,9974,1102,600007,1,6000,12000,97,582.0,4.85,8.10435,0.9692874
cold,0,1,0,3e-05,0.05,512,3,5,4,256,6000,8.0,2633729,1,1,9974,1102,600007,1,6000,12000,98,588.0,4.9,8.1879,0.96872354
cold,0,1,0,3e-05,0.05,512,3,5,4,256,6000,8.0,2633729,1,1,9974,1102,600007,1,6000,12000,99,594.0,4.95,8.27145,0.96664679
cold,0,1,0,3e-05,0.05,512,3,5,4,256,6000,8.0,2633729,1,1,9974,1102,600007,1,6000,12000,100,600.0,5.0,8.355,0.96360797
cold,0,1,0,3e-05,0.05,512,3,5,4,256,6000,8.0,2633729,1,1,9974,1102,600007,1,6000,12000,101,606.0,5.05,8.43855,0.96062988
cold,0,1,0,3e-05,0.05,512,3,5,4,256,6000,8.0,2633729,1,1,9974,1102,600007,1,6000,12000,102,612.0,5.1,8.5221,0.95896924
cold,0,1,0,3e-05,0.05,512,3,5,4,256,6000,8.0,2633729,1,1,9974,1102,600007,1,6000,12000,103,618.0,5.15,8.60565,0.95970333
cold,0,1,0,3e-05,0.05,512,3,5,4,256,6000,8.0,2633729,1,1,9974,1102,600007,1,6000,12000,104,624.0,5.2,8.6892,0.96254659
cold,0,1,0,3e-05,0.05,512,3,5,4,256,6000,8.0,2633729,1,1,9974,1102,600007,1,6000,12000,105,630.0,5.25,8.77275,0.96627313
cold,0,1,0,3e-05,0.05,512,3,5,4,256,6000,8.0,2633729,1,1,9974,1102,600007,1,6000,12000,106,636.0,5.3,8.8563,0.96966279
cold,0,1,0,3e-05,0.05,512,3,5,4,256,6000,8.0,2633729,1,1,9974,1102,600007,1,6000,12000,107,642.0,5.35,8.93985,0.97185069
cold,0,1,0,3e-05,0.05,512,3,5,4,256,6000,8.0,2633729,1,1,9974,1102,600007,1,6000,12000,108,648.0,5.4,9.0234,0.97215176
cold,0,1,0,3e-05,0.05,512,3,5,4,256,6000,8.0,2633729,1,1,9974,1102,600007,1,6000,12000,109,654.0,5.45,9.10695,0.97036141
cold,0,1,0,3e-05,0.05,512,3,5,4,256,6000,8.0,2633729,1,1,9974,1102,600007,1,6000,12000,110,660.0,5.5,9.1905,0.96881497
cold,0,1,0,3e-05,0.05,512,3,5,4,256,6000,8.0,2633729,1,1,9974,1102,600007,1,6000,12000,111,666.0,5.55,9.27405,0.97033805
cold,0,1,0,3e-05,0.05,512,3,5,4,256,6000,8.0,2633729,1,1,9974,1102,600007,1,6000,12000,112,672.0,5.6,9.3576,0.9738695
cold,0,1,0,3e-05,0.05,512,3,5,4,256,6000,8.0,2633729,1,1,9974,1102,600007,1,6000,12000,113,678.0,5.65,9.44115,0.97676581
cold,0,1,0,3e-05,0.05,512,3,5,4,256,6000,8.0,2633729,1,1,9974,1102,600007,1,6000,12000,114,684.0,5.7,9.5247,0.9781633
cold,0,1,0,3e-05,0.05,512,3,5,4,256,6000,8.0,2633729,1,1,9974,1102,600007,1,6000,12000,115,690.0,5.75,9.60825,0.97755909
cold,0,1,0,3e-05,0.05,512,3,5,4,256,6000,8.0,2633729,1,1,9974,1102,600007,1,6000,12000,116,696.0,5.8,9.6918,0.9752419
cold,0,1,0,3e-05,0.05,512,3,5,4,256,6000,8.0,2633729,1,1,9974,1102,600007,1,6000,12000,117,702.0,5.85,9.77535,0.97395557
cold,0,1,0,3e-05,0.05,512,3,5,4,256,6000,8.0,2633729,1,1,9974,1102,600007,1,6000,12000,118,708.0,5.9,9.8589,0.97565329
cold,0,1,0,3e-05,0.05,512,3,5,4,256,6000,8.0,2633729,1,1,9974,1102,600007,1,6000,12000,119,714.0,5.95,9.94245,0.97862476
cold,0,1,0,3e-05,0.05,512,3,5,4,256,6000,8.0,2633729,1,1,9974,1102,600007,1,6000,12000,120,720.0,6.0,10.026,0.9805162
cold,0,1,0,3e-05,0.05,512,3,5,4,256,6000,8.0,2633729,1,1,9974,1103,600008,2,1,12001,1,6.0,0.05,0.08355,0.18022114
cold,0,1,0,3e-05,0.05,512,3,5,4,256,6000,8.0,2633729,1,1,9974,1103,600008,2,1,12001,2,12.0,0.1,0.1671,0.34582347
cold,0,1,0,3e-05,0.05,512,3,5,4,256,6000,8.0,2633729,1,1,9974,1103,600008,2,1,12001,3,18.0,0.15,0.25065,0.49400121
cold,0,1,0,3e-05,0.05,512,3,5,4,256,6000,8.0,2633729,1,1,9974,1103,600008,2,1,12001,4,24.0,0.2,0.3342,0.61854964
cold,0,1,0,3e-05,0.05,512,3,5,4,256,6000,8.0,2633729,1,1,9974,1103,600008,2,1,12001,5,30.0,0.25,0.41775,0.71847904
cold,0,1,0,3e-05,0.05,512,3,5,4,256,6000,8.0,2633729,1,1,9974,1103,600008,2,1,12001,6,36.0,0.3,0.5013,0.79590094
cold,0,1,0,3e-05,0.05,512,3,5,4,256,6000,8.0,2633729,1,1,9974,1103,600008,2,1,12001,7,42.0,0.35,0.58485,0.85443461
cold,0,1,0,3e-05,0.05,512,3,5,4,256,6000,8.0,2633729,1,1,9974,1103,600008,2,1,12001,8,48.0,0.4,0.6684,0.89811164
cold,0,1,0,3e-05,0.05,512,3,5,4,256,6000,8.0,2633729,1,1,9974,1103,600008,2,1,12001,9,54.0,0.45,0.75195,0.93078047
cold,0,1,0,3e-05,0.05,512,3,5,4,256,6000,8.0,2633729,1,1,9974,1103,600008,2,1,12001,10,60.0,0.5,0.8355,0.95614696
cold,0,1,0,3e-05,0.05,512,3,5,4,256,6000,8.0,2633729,1,1,9974,1103,600008,2,1,12001,11,66.0,0.55,0.91905,0.9767189
cold,0,1,0,3e-05,0.05,512,3,5,4,256,6000,8.0,2633729,1,1,9974,1103,600008,2,1,12001,12,72.0,0.6,1.0026,0.99328089
cold,0,1,0,3e-05,0.05,512,3,5,4,256,6000,8.0,2633729,1,1,9974,1103,600008,2,1,12001,13,78.0,0.65,1.08615,1.00601482
cold,0,1,0,3e-05,0.05,512,3,5,4,256,6000,8.0,2633729,1,1,9974,1103,600008,2,1,12001,14,84.0,0.7,1.1697,1.01601768
cold,0,1,0,3e-05,0.05,512,3,5,4,256,6000,8.0,2633729,1,1,9974,1103,600008,2,1,12001,15,90.0,0.75,1.25325,1.02488792
cold,0,1,0,3e-05,0.05,512,3,5,4,256,6000,8.0,2633729,1,1,9974,1103,600008,2,1,12001,16,96.0,0.8,1.3368,1.03346825
cold,0,1,0,3e-05,0.05,512,3,5,4,256,6000,8.0,2633729,1,1,9974,1103,600008,2,1,12001,17,102.0,0.85,1.42035,1.04191434
cold,0,1,0,3e-05,0.05,512,3,5,4,256,6000,8.0,2633729,1,1,9974,1103,600008,2,1,12001,18,108.0,0.9,1.5039,1.05000401
cold,0,1,0,3e-05,0.05,512,3,5,4,256,6000,8.0,2633729,1,1,9974,1103,600008,2,1,12001,19,114.0,0.95,1.58745,1.05699003
cold,0,1,0,3e-05,0.05,512,3,5,4,256,6000,8.0,2633729,1,1,9974,1103,600008,2,1,12001,20,120.0,1.0,1.671,1.06210065
cold,0,1,0,3e-05,0.05,512,3,5,4,256,6000,8.0,2633729,1,1,9974,1103,600008,2,1,12001,21,126.0,1.05,1.75455,1.06492317
cold,0,1,0,3e-05,0.05,512,3,5,4,256,6000,8.0,2633729,1,1,9974,1103,600008,2,1,12001,22,132.0,1.1,1.8381,1.0652318
cold,0,1,0,3e-05,0.05,512,3,5,4,256,6000,8.0,2633729,1,1,9974,1103,600008,2,1,12001,23,138.0,1.15,1.92165,1.06303656
cold,0,1,0,3e-05,0.05,512,3,5,4,256,6000,8.0,2633729,1,1,9974,1103,600008,2,1,12001,24,144.0,1.2,2.0052,1.05881393
cold,0,1,0,3e-05,0.05,512,3,5,4,256,6000,8.0,2633729,1,1,9974,1103,600008,2,1,12001,25,150.0,1.25,2.08875,1.05336988
cold,0,1,0,3e-05,0.05,512,3,5,4,256,6000,8.0,2633729,1,1,9974,1103,600008,2,1,12001,26,156.0,1.3,2.1723,1.04735875
cold,0,1,0,3e-05,0.05,512,3,5,4,256,6000,8.0,2633729,1,1,9974,1103,600008,2,1,12001,27,162.0,1.35,2.25585,1.04111087
cold,0,1,0,3e-05,0.05,512,3,5,4,256,6000,8.0,2633729,1,1,9974,1103,600008,2,1,12001,28,168.0,1.4,2.3394,1.03494358
cold,0,1,0,3e-05,0.05,512,3,5,4,256,6000,8.0,2633729,1,1,9974,1103,600008,2,1,12001,29,174.0,1.45,2.42295,1.02967358
cold,0,1,0,3e-05,0.05,512,3,5,4,256,6000,8.0,2633729,1,1,9974,1103,600008,2,1,12001,30,180.0,1.5,2.5065,1.02698767
cold,0,1,0,3e-05,0.05,512,3,5,4,256,6000,8.0,2633729,1,1,9974,1103,600008,2,1,12001,31,186.0,1.55,2.59005,1.02817738
cold,0,1,0,3e-05,0.05,512,3,5,4,256,6000,8.0,2633729,1,1,9974,1103,600008,2,1,12001,32,192.0,1.6,2.6736,1.03282499
cold,0,1,0,3e-05,0.05,512,3,5,4,256,6000,8.0,2633729,1,1,9974,1103,600008,2,1,12001,33,198.0,1.65,2.75715,1.03949749
cold,0,1,0,3e-05,0.05,512,3,5,4,256,6000,8.0,2633729,1,1,9974,1103,600008,2,1,12001,34,204.0,1.7,2.8407,1.04748201
cold,0,1,0,3e-05,0.05,512,3,5,4,256,6000,8.0,2633729,1,1,9974,1103,600008,2,1,12001,35,210.0,1.75,2.92425,1.05672395
cold,0,1,0,3e-05,0.05,512,3,5,4,256,6000,8.0,2633729,1,1,9974,1103,600008,2,1,12001,36,216.0,1.8,3.0078,1.06684375
cold,0,1,0,3e-05,0.05,512,3,5,4,256,6000,8.0,2633729,1,1,9974,1103,600008,2,1,12001,37,222.0,1.85,3.09135,1.07724643
cold,0,1,0,3e-05,0.05,512,3,5,4,256,6000,8.0,2633729,1,1,9974,1103,600008,2,1,12001,38,228.0,1.9,3.1749,1.08743584
cold,0,1,0,3e-05,0.05,512,3,5,4,256,6000,8.0,2633729,1,1,9974,1103,600008,2,1,12001,39,234.0,1.95,3.25845,1.09738684
cold,0,1,0,3e-05,0.05,512,3,5,4,256,6000,8.0,2633729,1,1,9974,1103,600008,2,1,12001,40,240.0,2.0,3.342,1.10793447
cold,0,1,0,3e-05,0.05,512,3,5,4,256,6000,8.0,2633729,1,1,9974,1103,600008,2,1,12001,41,246.0,2.05,3.42555,1.11984062
cold,0,1,0,3e-05,0.05,512,3,5,4,256,6000,8.0,2633729,1,1,9974,1103,600008,2,1,12001,42,252.0,2.1,3.5091,1.13310671
cold,0,1,0,3e-05,0.05,512,3,5,4,256,6000,8.0,2633729,1,1,9974,1103,600008,2,1,12001,43,258.0,2.15,3.59265,1.14743614
cold,0,1,0,3e-05,0.05,512,3,5,4,256,6000,8.0,2633729,1,1,9974,1103,600008,2,1,12001,44,264.0,2.2,3.6762,1.16217244
cold,0,1,0,3e-05,0.05,512,3,5,4,256,6000,8.0,2633729,1,1,9974,1103,600008,2,1,12001,45,270.0,2.25,3.75975,1.17641723
cold,0,1,0,3e-05,0.05,512,3,5,4,256,6000,8.0,2633729,1,1,9974,1103,600008,2,1,12001,46,276.0,2.3,3.8433,1.18942142
cold,0,1,0,3e-05,0.05,512,3,5,4,256,6000,8.0,2633729,1,1,9974,1103,600008,2,1,12001,47,282.0,2.35,3.92685,1.20080984
cold,0,1,0,3e-05,0.05,512,3,5,4,256,6000,8.0,2633729,1,1,9974,1103,600008,2,1,12001,48,288.0,2.4,4.0104,1.2106967
cold,0,1,0,3e-05,0.05,512,3,5,4,256,6000,8.0,2633729,1,1,9974,1103,600008,2,1,12001,49,294.0,2.45,4.09395,1.22007561
cold,0,1,0,3e-05,0.05,512,3,5,4,256,6000,8.0,2633729,1,1,9974,1103,600008,2,1,12001,50,300.0,2.5,4.1775,1.23085463
cold,0,1,0,3e-05,0.05,512,3,5,4,256,6000,8.0,2633729,1,1,9974,1103,600008,2,1,12001,51,306.0,2.55,4.26105,1.244084
cold,0,1,0,3e-05,0.05,512,3,5,4,256,6000,8.0,2633729,1,1,9974,1103,600008,2,1,12001,52,312.0,2.6,4.3446,1.25893116
cold,0,1,0,3e-05,0.05,512,3,5,4,256,6000,8.0,2633729,1,1,9974,1103,600008,2,1,12001,53,318.0,2.65,4.42815,1.27379537
cold,0,1,0,3e-05,0.05,512,3,5,4,256,6000,8.0,2633729,1,1,9974,1103,600008,2,1,12001,54,324.0,2.7,4.5117,1.28796387
cold,0,1,0,3e-05,0.05,512,3,5,4,256,6000,8.0,2633729,1,1,9974,1103,600008,2,1,12001,55,330.0,2.75,4.59525,1.30148506
cold,0,1,0,3e-05,0.05,512,3,5,4,256,6000,8.0,2633729,1,1,9974,1103,600008,2,1,12001,56,336.0,2.8,4.6788,1.31447089
cold,0,1,0,3e-05,0.05,512,3,5,4,256,6000,8.0,2633729,1,1,9974,1103,600008,2,1,12001,57,342.0,2.85,4.76235,1.32703543
cold,0,1,0,3e-05,0.05,512,3,5,4,256,6000,8.0,2633729,1,1,9974,1103,600008,2,1,12001,58,348.0,2.9,4.8459,1.33879423
cold,0,1,0,3e-05,0.05,512,3,5,4,256,6000,8.0,2633729,1,1,9974,1103,600008,2,1,12001,59,354.0,2.95,4.92945,1.34923875
cold,0,1,0,3e-05,0.05,512,3,5,4,256,6000,8.0,2633729,1,1,9974,1103,600008,2,1,12001,60,360.0,3.0,5.013,1.35910618
cold,0,1,0,3e-05,0.05,512,3,5,4,256,6000,8.0,2633729,1,1,9974,1103,600008,2,1,12001,61,366.0,3.05,5.09655,1.36956012
cold,0,1,0,3e-05,0.05,512,3,5,4,256,6000,8.0,2633729,1,1,9974,1103,600008,2,1,12001,62,372.0,3.1,5.1801,1.3807745
cold,0,1,0,3e-05,0.05,512,3,5,4,256,6000,8.0,2633729,1,1,9974,1103,600008,2,1,12001,63,378.0,3.15,5.26365,1.39245069
cold,0,1,0,3e-05,0.05,512,3,5,4,256,6000,8.0,2633729,1,1,9974,1103,600008,2,1,12001,64,384.0,3.2,5.3472,1.40438867
cold,0,1,0,3e-05,0.05,512,3,5,4,256,6000,8.0,2633729,1,1,9974,1103,600008,2,1,12001,65,390.0,3.25,5.43075,1.41635549
cold,0,1,0,3e-05,0.05,512,3,5,4,256,6000,8.0,2633729,1,1,9974,1103,600008,2,1,12001,66,396.0,3.3,5.5143,1.42775238
cold,0,1,0,3e-05,0.05,512,3,5,4,256,6000,8.0,2633729,1,1,9974,1103,600008,2,1,12001,67,402.0,3.35,5.59785,1.43769526
cold,0,1,0,3e-05,0.05,512,3,5,4,256,6000,8.0,2633729,1,1,9974,1103,600008,2,1,12001,68,408.0,3.4,5.6814,1.44561863
cold,0,1,0,3e-05,0.05,512,3,5,4,256,6000,8.0,2633729,1,1,9974,1103,600008,2,1,12001,69,414.0,3.45,5.76495,1.45220363
cold,0,1,0,3e-05,0.05,512,3,5,4,256,6000,8.0,2633729,1,1,9974,1103,600008,2,1,12001,70,420.0,3.5,5.8485,1.45964265
cold,0,1,0,3e-05,0.05,512,3,5,4,256,6000,8.0,2633729,1,1,9974,1103,600008,2,1,12001,71,426.0,3.55,5.93205,1.46973026
cold,0,1,0,3e-05,0.05,512,3,5,4,256,6000,8.0,2633729,1,1,9974,1103,600008,2,1,12001,72,432.0,3.6,6.0156,1.48225856
cold,0,1,0,3e-05,0.05,512,3,5,4,256,6000,8.0,2633729,1,1,9974,1103,600008,2,1,12001,73,438.0,3.65,6.09915,1.49581718
cold,0,1,0,3e-05,0.05,512,3,5,4,256,6000,8.0,2633729,1,1,9974,1103,600008,2,1,12001,74,444.0,3.7,6.1827,1.50958657
cold,0,1,0,3e-05,0.05,512,3,5,4,256,6000,8.0,2633729,1,1,9974,1103,600008,2,1,12001,75,450.0,3.75,6.26625,1.52324259
cold,0,1,0,3e-05,0.05,512,3,5,4,256,6000,8.0,2633729,1,1,9974,1103,600008,2,1,12001,76,456.0,3.8,6.3498,1.53633773
cold,0,1,0,3e-05,0.05,512,3,5,4,256,6000,8.0,2633729,1,1,9974,1103,600008,2,1,12001,77,462.0,3.85,6.43335,1.5485512
cold,0,1,0,3e-05,0.05,512,3,5,4,256,6000,8.0,2633729,1,1,9974,1103,600008,2,1,12001,78,468.0,3.9,6.5169,1.55956125
cold,0,1,0,3e-05,0.05,512,3,5,4,256,6000,8.0,2633729,1,1,9974,1103,600008,2,1,12001,79,474.0,3.95,6.60045,1.56924975
cold,0,1,0,3e-05,0.05,512,3,5,4,256,6000,8.0,2633729,1,1,9974,1103,600008,2,1,12001,80,480.0,4.0,6.684,1.57870913
cold,0,1,0,3e-05,0.05,512,3,5,4,256,6000,8.0,2633729,1,1,9974,1103,600008,2,1,12001,81,486.0,4.05,6.76755,1.58964193
cold,0,1,0,3e-05,0.05,512,3,5,4,256,6000,8.0,2633729,1,1,9974,1103,600008,2,1,12001,82,492.0,4.1,6.8511,1.60275578
cold,0,1,0,3e-05,0.05,512,3,5,4,256,6000,8.0,2633729,1,1,9974,1103,600008,2,1,12001,83,498.0,4.15,6.93465,1.6175555
cold,0,1,0,3e-05,0.05,512,3,5,4,256,6000,8.0,2633729,1,1,9974,1103,600008,2,1,12001,84,504.0,4.2,7.0182,1.63283682
cold,0,1,0,3e-05,0.05,512,3,5,4,256,6000,8.0,2633729,1,1,9974,1103,600008,2,1,12001,85,510.0,4.25,7.10175,1.64723134
cold,0,1,0,3e-05,0.05,512,3,5,4,256,6000,8.0,2633729,1,1,9974,1103,600008,2,1,12001,86,516.0,4.3,7.1853,1.65951645
cold,0,1,0,3e-05,0.05,512,3,5,4,256,6000,8.0,2633729,1,1,9974,1103,600008,2,1,12001,87,522.0,4.35,7.26885,1.66878808
cold,0,1,0,3e-05,0.05,512,3,5,4,256,6000,8.0,2633729,1,1,9974,1103,600008,2,1,12001,88,528.0,4.4,7.3524,1.67502022
cold,0,1,0,3e-05,0.05,512,3,5,4,256,6000,8.0,2633729,1,1,9974,1103,600008,2,1,12001,89,534.0,4.45,7.43595,1.67970788
cold,0,1,0,3e-05,0.05,512,3,5,4,256,6000,8.0,2633729,1,1,9974,1103,600008,2,1,12001,90,540.0,4.5,7.5195,1.68539333
cold,0,1,0,3e-05,0.05,512,3,5,4,256,6000,8.0,2633729,1,1,9974,1103,600008,2,1,12001,91,546.0,4.55,7.60305,1.69360232
cold,0,1,0,3e-05,0.05,512,3,5,4,256,6000,8.0,2633729,1,1,9974,1103,600008,2,1,12001,92,552.0,4.6,7.6866,1.70380354
cold,0,1,0,3e-05,0.05,512,3,5,4,256,6000,8.0,2633729,1,1,9974,1103,600008,2,1,12001,93,558.0,4.65,7.77015,1.71442413
cold,0,1,0,3e-05,0.05,512,3,5,4,256,6000,8.0,2633729,1,1,9974,1103,600008,2,1,12001,94,564.0,4.7,7.8537,1.72456896
cold,0,1,0,3e-05,0.05,512,3,5,4,256,6000,8.0,2633729,1,1,9974,1103,600008,2,1,12001,95,570.0,4.75,7.93725,1.73413432
cold,0,1,0,3e-05,0.05,512,3,5,4,256,6000,8.0,2633729,1,1,9974,1103,600008,2,1,12001,96,576.0,4.8,8.0208,1.74327517
cold,0,1,0,3e-05,0.05,512,3,5,4,256,6000,8.0,2633729,1,1,9974,1103,600008,2,1,12001,97,582.0,4.85,8.10435,1.75221705
cold,0,1,0,3e-05,0.05,512,3,5,4,256,6000,8.0,2633729,1,1,9974,1103,600008,2,1,12001,98,588.0,4.9,8.1879,1.76069105
cold,0,1,0,3e-05,0.05,512,3,5,4,256,6000,8.0,2633729,1,1,9974,1103,600008,2,1,12001,99,594.0,4.95,8.27145,1.76817989
cold,0,1,0,3e-05,0.05,512,3,5,4,256,6000,8.0,2633729,1,1,9974,1103,600008,2,1,12001,100,600.0,5.0,8.355,1.77521896
cold,0,1,0,3e-05,0.05,512,3,5,4,256,6000,8.0,2633729,1,1,9974,1103,600008,2,1,12001,101,606.0,5.05,8.43855,1.7830379
cold,0,1,0,3e-05,0.05,512,3,5,4,256,6000,8.0,2633729,1,1,9974,1103,600008,2,1,12001,102,612.0,5.1,8.5221,1.79215062
cold,0,1,0,3e-05,0.05,512,3,5,4,256,6000,8.0,2633729,1,1,9974,1103,600008,2,1,12001,103,618.0,5.15,8.60565,1.80239069
cold,0,1,0,3e-05,0.05,512,3,5,4,256,6000,8.0,2633729,1,1,9974,1103,600008,2,1,12001,104,624.0,5.2,8.6892,1.81338716
cold,0,1,0,3e-05,0.05,512,3,5,4,256,6000,8.0,2633729,1,1,9974,1103,600008,2,1,12001,105,630.0,5.25,8.77275,1.82454062
cold,0,1,0,3e-05,0.05,512,3,5,4,256,6000,8.0,2633729,1,1,9974,1103,600008,2,1,12001,106,636.0,5.3,8.8563,1.83476639
cold,0,1,0,3e-05,0.05,512,3,5,4,256,6000,8.0,2633729,1,1,9974,1103,600008,2,1,12001,107,642.0,5.35,8.93985,1.84271908
cold,0,1,0,3e-05,0.05,512,3,5,4,256,6000,8.0,2633729,1,1,9974,1103,600008,2,1,12001,108,648.0,5.4,9.0234,1.84761512
cold,0,1,0,3e-05,0.05,512,3,5,4,256,6000,8.0,2633729,1,1,9974,1103,600008,2,1,12001,109,654.0,5.45,9.10695,1.85024345
cold,0,1,0,3e-05,0.05,512,3,5,4,256,6000,8.0,2633729,1,1,9974,1103,600008,2,1,12001,110,660.0,5.5,9.1905,1.85310006
cold,0,1,0,3e-05,0.05,512,3,5,4,256,6000,8.0,2633729,1,1,9974,1103,600008,2,1,12001,111,666.0,5.55,9.27405,1.85819089
cold,0,1,0,3e-05,0.05,512,3,5,4,256,6000,8.0,2633729,1,1,9974,1103,600008,2,1,12001,112,672.0,5.6,9.3576,1.86533535
cold,0,1,0,3e-05,0.05,512,3,5,4,256,6000,8.0,2633729,1,1,9974,1103,600008,2,1,12001,113,678.0,5.65,9.44115,1.87306941
cold,0,1,0,3e-05,0.05,512,3,5,4,256,6000,8.0,2633729,1,1,9974,1103,600008,2,1,12001,114,684.0,5.7,9.5247,1.88070762
cold,0,1,0,3e-05,0.05,512,3,5,4,256,6000,8.0,2633729,1,1,9974,1103,600008,2,1,12001,115,690.0,5.75,9.60825,1.88846707
cold,0,1,0,3e-05,0.05,512,3,5,4,256,6000,8.0,2633729,1,1,9974,1103,600008,2,1,12001,116,696.0,5.8,9.6918,1.8964746
cold,0,1,0,3e-05,0.05,512,3,5,4,256,6000,8.0,2633729,1,1,9974,1103,600008,2,1,12001,117,702.0,5.85,9.77535,1.90450156
cold,0,1,0,3e-05,0.05,512,3,5,4,256,6000,8.0,2633729,1,1,9974,1103,600008,2,1,12001,118,708.0,5.9,9.8589,1.91187799
cold,0,1,0,3e-05,0.05,512,3,5,4,256,6000,8.0,2633729,1,1,9974,1103,600008,2,1,12001,119,714.0,5.95,9.94245,1.91799557
cold,0,1,0,3e-05,0.05,512,3,5,4,256,6000,8.0,2633729,1,1,9974,1103,600008,2,1,12001,120,720.0,6.0,10.026,1.92350161
cold,0,1,0,3e-05,0.05,512,3,5,4,256,6000,8.0,2633729,1,1,9974,1103,600008,2,12,12012,1,6.0,0.05,0.08355,0.13261817
cold,0,1,0,3e-05,0.05,512,3,5,4,256,6000,8.0,2633729,1,1,9974,1103,600008,2,12,12012,2,12.0,0.1,0.1671,0.2528581
cold,0,1,0,3e-05,0.05,512,3,5,4,256,6000,8.0,2633729,1,1,9974,1103,600008,2,12,12012,3,18.0,0.15,0.25065,0.36093166
cold,0,1,0,3e-05,0.05,512,3,5,4,256,6000,8.0,2633729,1,1,9974,1103,600008,2,12,12012,4,24.0,0.2,0.3342,0.44816282
cold,0,1,0,3e-05,0.05,512,3,5,4,256,6000,8.0,2633729,1,1,9974,1103,600008,2,12,12012,5,30.0,0.25,0.41775,0.51154894
cold,0,1,0,3e-05,0.05,512,3,5,4,256,6000,8.0,2633729,1,1,9974,1103,600008,2,12,12012,6,36.0,0.3,0.5013,0.55638701
cold,0,1,0,3e-05,0.05,512,3,5,4,256,6000,8.0,2633729,1,1,9974,1103,600008,2,12,12012,7,42.0,0.35,0.58485,0.58880806
cold,0,1,0,3e-05,0.05,512,3,5,4,256,6000,8.0,2633729,1,1,9974,1103,600008,2,12,12012,8,48.0,0.4,0.6684,0.61317337
cold,0,1,0,3e-05,0.05,512,3,5,4,256,6000,8.0,2633729,1,1,9974,1103,600008,2,12,12012,9,54.0,0.45,0.75195,0.63134456
cold,0,1,0,3e-05,0.05,512,3,5,4,256,6000,8.0,2633729,1,1,9974,1103,600008,2,12,12012,10,60.0,0.5,0.8355,0.64470875
cold,0,1,0,3e-05,0.05,512,3,5,4,256,6000,8.0,2633729,1,1,9974,1103,600008,2,12,12012,11,66.0,0.55,0.91905,0.6554867
cold,0,1,0,3e-05,0.05,512,3,5,4,256,6000,8.0,2633729,1,1,9974,1103,600008,2,12,12012,12,72.0,0.6,1.0026,0.66601032
cold,0,1,0,3e-05,0.05,512,3,5,4,256,6000,8.0,2633729,1,1,9974,1103,600008,2,12,12012,13,78.0,0.65,1.08615,0.67749363
cold,0,1,0,3e-05,0.05,512,3,5,4,256,6000,8.0,2633729,1,1,9974,1103,600008,2,12,12012,14,84.0,0.7,1.1697,0.69003409
cold,0,1,0,3e-05,0.05,512,3,5,4,256,6000,8.0,2633729,1,1,9974,1103,600008,2,12,12012,15,90.0,0.75,1.25325,0.70328391
cold,0,1,0,3e-05,0.05,512,3,5,4,256,6000,8.0,2633729,1,1,9974,1103,600008,2,12,12012,16,96.0,0.8,1.3368,0.71645451
cold,0,1,0,3e-05,0.05,512,3,5,4,256,6000,8.0,2633729,1,1,9974,1103,600008,2,12,12012,17,102.0,0.85,1.42035,0.72820413
cold,0,1,0,3e-05,0.05,512,3,5,4,256,6000,8.0,2633729,1,1,9974,1103,600008,2,12,12012,18,108.0,0.9,1.5039,0.73732561
cold,0,1,0,3e-05,0.05,512,3,5,4,256,6000,8.0,2633729,1,1,9974,1103,600008,2,12,12012,19,114.0,0.95,1.58745,0.74383038
cold,0,1,0,3e-05,0.05,512,3,5,4,256,6000,8.0,2633729,1,1,9974,1103,600008,2,12,12012,20,120.0,1.0,1.671,0.74921024
cold,0,1,0,3e-05,0.05,512,3,5,4,256,6000,8.0,2633729,1,1,9974,1103,600008,2,12,12012,21,126.0,1.05,1.75455,0.75486821
cold,0,1,0,3e-05,0.05,512,3,5,4,256,6000,8.0,2633729,1,1,9974,1103,600008,2,12,12012,22,132.0,1.1,1.8381,0.76070428
cold,0,1,0,3e-05,0.05,512,3,5,4,256,6000,8.0,2633729,1,1,9974,1103,600008,2,12,12012,23,138.0,1.15,1.92165,0.7657299
cold,0,1,0,3e-05,0.05,512,3,5,4,256,6000,8.0,2633729,1,1,9974,1103,600008,2,12,12012,24,144.0,1.2,2.0052,0.76949269
cold,0,1,0,3e-05,0.05,512,3,5,4,256,6000,8.0,2633729,1,1,9974,1103,600008,2,12,12012,25,150.0,1.25,2.08875,0.77260751
cold,0,1,0,3e-05,0.05,512,3,5,4,256,6000,8.0,2633729,1,1,9974,1103,600008,2,12,12012,26,156.0,1.3,2.1723,0.77552408
cold,0,1,0,3e-05,0.05,512,3,5,4,256,6000,8.0,2633729,1,1,9974,1103,600008,2,12,12012,27,162.0,1.35,2.25585,0.77780867
cold,0,1,0,3e-05,0.05,512,3,5,4,256,6000,8.0,2633729,1,1,9974,1103,600008,2,12,12012,28,168.0,1.4,2.3394,0.77893156
cold,0,1,0,3e-05,0.05,512,3,5,4,256,6000,8.0,2633729,1,1,9974,1103,600008,2,12,12012,29,174.0,1.45,2.42295,0.77901411
cold,0,1,0,3e-05,0.05,512,3,5,4,256,6000,8.0,2633729,1,1,9974,1103,600008,2,12,12012,30,180.0,1.5,2.5065,0.77931416
cold,0,1,0,3e-05,0.05,512,3,5,4,256,6000,8.0,2633729,1,1,9974,1103,600008,2,12,12012,31,186.0,1.55,2.59005,0.78122813
cold,0,1,0,3e-05,0.05,512,3,5,4,256,6000,8.0,2633729,1,1,9974,1103,600008,2,12,12012,32,192.0,1.6,2.6736,0.78462768
cold,0,1,0,3e-05,0.05,512,3,5,4,256,6000,8.0,2633729,1,1,9974,1103,600008,2,12,12012,33,198.0,1.65,2.75715,0.78804708
cold,0,1,0,3e-05,0.05,512,3,5,4,256,6000,8.0,2633729,1,1,9974,1103,600008,2,12,12012,34,204.0,1.7,2.8407,0.790335
cold,0,1,0,3e-05,0.05,512,3,5,4,256,6000,8.0,2633729,1,1,9974,1103,600008,2,12,12012,35,210.0,1.75,2.92425,0.79117852
cold,0,1,0,3e-05,0.05,512,3,5,4,256,6000,8.0,2633729,1,1,9974,1103,600008,2,12,12012,36,216.0,1.8,3.0078,0.79092658
cold,0,1,0,3e-05,0.05,512,3,5,4,256,6000,8.0,2633729,1,1,9974,1103,600008,2,12,12012,37,222.0,1.85,3.09135,0.79050726
cold,0,1,0,3e-05,0.05,512,3,5,4,256,6000,8.0,2633729,1,1,9974,1103,600008,2,12,12012,38,228.0,1.9,3.1749,0.79045993
cold,0,1,0,3e-05,0.05,512,3,5,4,256,6000,8.0,2633729,1,1,9974,1103,600008,2,12,12012,39,234.0,1.95,3.25845,0.79046345
cold,0,1,0,3e-05,0.05,512,3,5,4,256,6000,8.0,2633729,1,1,9974,1103,600008,2,12,12012,40,240.0,2.0,3.342,0.79027212
cold,0,1,0,3e-05,0.05,512,3,5,4,256,6000,8.0,2633729,1,1,9974,1103,600008,2,12,12012,41,246.0,2.05,3.42555,0.78990829
cold,0,1,0,3e-05,0.05,512,3,5,4,256,6000,8.0,2633729,1,1,9974,1103,600008,2,12,12012,42,252.0,2.1,3.5091,0.7894215
cold,0,1,0,3e-05,0.05,512,3,5,4,256,6000,8.0,2633729,1,1,9974,1103,600008,2,12,12012,43,258.0,2.15,3.59265,0.78906405
cold,0,1,0,3e-05,0.05,512,3,5,4,256,6000,8.0,2633729,1,1,9974,1103,600008,2,12,12012,44,264.0,2.2,3.6762,0.78894955
cold,0,1,0,3e-05,0.05,512,3,5,4,256,6000,8.0,2633729,1,1,9974,1103,600008,2,12,12012,45,270.0,2.25,3.75975,0.78860492
cold,0,1,0,3e-05,0.05,512,3,5,4,256,6000,8.0,2633729,1,1,9974,1103,600008,2,12,12012,46,276.0,2.3,3.8433,0.78708285
cold,0,1,0,3e-05,0.05,512,3,5,4,256,6000,8.0,2633729,1,1,9974,1103,600008,2,12,12012,47,282.0,2.35,3.92685,0.7836678
cold,0,1,0,3e-05,0.05,512,3,5,4,256,6000,8.0,2633729,1,1,9974,1103,600008,2,12,12012,48,288.0,2.4,4.0104,0.77852088
cold,0,1,0,3e-05,0.05,512,3,5,4,256,6000,8.0,2633729,1,1,9974,1103,600008,2,12,12012,49,294.0,2.45,4.09395,0.77297223
cold,0,1,0,3e-05,0.05,512,3,5,4,256,6000,8.0,2633729,1,1,9974,1103,600008,2,12,12012,50,300.0,2.5,4.1775,0.76908201
cold,0,1,0,3e-05,0.05,512,3,5,4,256,6000,8.0,2633729,1,1,9974,1103,600008,2,12,12012,51,306.0,2.55,4.26105,0.76767147
cold,0,1,0,3e-05,0.05,512,3,5,4,256,6000,8.0,2633729,1,1,9974,1103,600008,2,12,12012,52,312.0,2.6,4.3446,0.76729667
cold,0,1,0,3e-05,0.05,512,3,5,4,256,6000,8.0,2633729,1,1,9974,1103,600008,2,12,12012,53,318.0,2.65,4.42815,0.76594281
cold,0,1,0,3e-05,0.05,512,3,5,4,256,6000,8.0,2633729,1,1,9974,1103,600008,2,12,12012,54,324.0,2.7,4.5117,0.76328164
cold,0,1,0,3e-05,0.05,512,3,5,4,256,6000,8.0,2633729,1,1,9974,1103,600008,2,12,12012,55,330.0,2.75,4.59525,0.76038986
cold,0,1,0,3e-05,0.05,512,3,5,4,256,6000,8.0,2633729,1,1,9974,1103,600008,2,12,12012,56,336.0,2.8,4.6788,0.75833982
cold,0,1,0,3e-05,0.05,512,3,5,4,256,6000,8.0,2633729,1,1,9974,1103,600008,2,12,12012,57,342.0,2.85,4.76235,0.75736272
cold,0,1,0,3e-05,0.05,512,3,5,4,256,6000,8.0,2633729,1,1,9974,1103,600008,2,12,12012,58,348.0,2.9,4.8459,0.75646341
cold,0,1,0,3e-05,0.05,512,3,5,4,256,6000,8.0,2633729,1,1,9974,1103,600008,2,12,12012,59,354.0,2.95,4.92945,0.75457484
cold,0,1,0,3e-05,0.05,512,3,5,4,256,6000,8.0,2633729,1,1,9974,1103,600008,2,12,12012,60,360.0,3.0,5.013,0.75181258
cold,0,1,0,3e-05,0.05,512,3,5,4,256,6000,8.0,2633729,1,1,9974,1103,600008,2,12,12012,61,366.0,3.05,5.09655,0.74892294
cold,0,1,0,3e-05,0.05,512,3,5,4,256,6000,8.0,2633729,1,1,9974,1103,600008,2,12,12012,62,372.0,3.1,5.1801,0.74663383
cold,0,1,0,3e-05,0.05,512,3,5,4,256,6000,8.0,2633729,1,1,9974,1103,600008,2,12,12012,63,378.0,3.15,5.26365,0.74556494
cold,0,1,0,3e-05,0.05,512,3,5,4,256,6000,8.0,2633729,1,1,9974,1103,600008,2,12,12012,64,384.0,3.2,5.3472,0.74565524
cold,0,1,0,3e-05,0.05,512,3,5,4,256,6000,8.0,2633729,1,1,9974,1103,600008,2,12,12012,65,390.0,3.25,5.43075,0.74589008
cold,0,1,0,3e-05,0.05,512,3,5,4,256,6000,8.0,2633729,1,1,9974,1103,600008,2,12,12012,66,396.0,3.3,5.5143,0.74501598
cold,0,1,0,3e-05,0.05,512,3,5,4,256,6000,8.0,2633729,1,1,9974,1103,600008,2,12,12012,67,402.0,3.35,5.59785,0.7423507
cold,0,1,0,3e-05,0.05,512,3,5,4,256,6000,8.0,2633729,1,1,9974,1103,600008,2,12,12012,68,408.0,3.4,5.6814,0.73818535
cold,0,1,0,3e-05,0.05,512,3,5,4,256,6000,8.0,2633729,1,1,9974,1103,600008,2,12,12012,69,414.0,3.45,5.76495,0.7337597
cold,0,1,0,3e-05,0.05,512,3,5,4,256,6000,8.0,2633729,1,1,9974,1103,600008,2,12,12012,70,420.0,3.5,5.8485,0.73045796
cold,0,1,0,3e-05,0.05,512,3,5,4,256,6000,8.0,2633729,1,1,9974,1103,600008,2,12,12012,71,426.0,3.55,5.93205,0.72857076
cold,0,1,0,3e-05,0.05,512,3,5,4,256,6000,8.0,2633729,1,1,9974,1103,600008,2,12,12012,72,432.0,3.6,6.0156,0.72726822
cold,0,1,0,3e-05,0.05,512,3,5,4,256,6000,8.0,2633729,1,1,9974,1103,600008,2,12,12012,73,438.0,3.65,6.09915,0.7257427
cold,0,1,0,3e-05,0.05,512,3,5,4,256,6000,8.0,2633729,1,1,9974,1103,600008,2,12,12012,74,444.0,3.7,6.1827,0.7241348
cold,0,1,0,3e-05,0.05,512,3,5,4,256,6000,8.0,2633729,1,1,9974,1103,600008,2,12,12012,75,450.0,3.75,6.26625,0.72298384
cold,0,1,0,3e-05,0.05,512,3,5,4,256,6000,8.0,2633729,1,1,9974,1103,600008,2,12,12012,76,456.0,3.8,6.3498,0.72252047
cold,0,1,0,3e-05,0.05,512,3,5,4,256,6000,8.0,2633729,1,1,9974,1103,600008,2,12,12012,77,462.0,3.85,6.43335,0.7224164
cold,0,1,0,3e-05,0.05,512,3,5,4,256,6000,8.0,2633729,1,1,9974,1103,600008,2,12,12012,78,468.0,3.9,6.5169,0.72171712
cold,0,1,0,3e-05,0.05,512,3,5,4,256,6000,8.0,2633729,1,1,9974,1103,600008,2,12,12012,79,474.0,3.95,6.60045,0.71964365
cold,0,1,0,3e-05,0.05,512,3,5,4,256,6000,8.0,2633729,1,1,9974,1103,600008,2,12,12012,80,480.0,4.0,6.684,0.71685648
cold,0,1,0,3e-05,0.05,512,3,5,4,256,6000,8.0,2633729,1,1,9974,1103,600008,2,12,12012,81,486.0,4.05,6.76755,0.71506602
cold,0,1,0,3e-05,0.05,512,3,5,4,256,6000,8.0,2633729,1,1,9974,1103,600008,2,12,12012,82,492.0,4.1,6.8511,0.71522999
cold,0,1,0,3e-05,0.05,512,3,5,4,256,6000,8.0,2633729,1,1,9974,1103,600008,2,12,12012,83,498.0,4.15,6.93465,0.71689647
cold,0,1,0,3e-05,0.05,512,3,5,4,256,6000,8.0,2633729,1,1,9974,1103,600008,2,12,12012,84,504.0,4.2,7.0182,0.71876013
cold,0,1,0,3e-05,0.05,512,3,5,4,256,6000,8.0,2633729,1,1,9974,1103,600008,2,12,12012,85,510.0,4.25,7.10175,0.71957469
cold,0,1,0,3e-05,0.05,512,3,5,4,256,6000,8.0,2633729,1,1,9974,1103,600008,2,12,12012,86,516.0,4.3,7.1853,0.71882838
cold,0,1,0,3e-05,0.05,512,3,5,4,256,6000,8.0,2633729,1,1,9974,1103,600008,2,12,12012,87,522.0,4.35,7.26885,0.71666121
cold,0,1,0,3e-05,0.05,512,3,5,4,256,6000,8.0,2633729,1,1,9974,1103,600008,2,12,12012,88,528.0,4.4,7.3524,0.71350312
cold,0,1,0,3e-05,0.05,512,3,5,4,256,6000,8.0,2633729,1,1,9974,1103,600008,2,12,12012,89,534.0,4.45,7.43595,0.70997226
cold,0,1,0,3e-05,0.05,512,3,5,4,256,6000,8.0,2633729,1,1,9974,1103,600008,2,12,12012,90,540.0,4.5,7.5195,0.70703012
cold,0,1,0,3e-05,0.05,512,3,5,4,256,6000,8.0,2633729,1,1,9974,1103,600008,2,12,12012,91,546.0,4.55,7.60305,0.70539248
cold,0,1,0,3e-05,0.05,512,3,5,4,256,6000,8.0,2633729,1,1,9974,1103,600008,2,12,12012,92,552.0,4.6,7.6866,0.70496881
cold,0,1,0,3e-05,0.05,512,3,5,4,256,6000,8.0,2633729,1,1,9974,1103,600008,2,12,12012,93,558.0,4.65,7.77015,0.70538032
cold,0,1,0,3e-05,0.05,512,3,5,4,256,6000,8.0,2633729,1,1,9974,1103,600008,2,12,12012,94,564.0,4.7,7.8537,0.70655507
cold,0,1,0,3e-05,0.05,512,3,5,4,256,6000,8.0,2633729,1,1,9974,1103,600008,2,12,12012,95,570.0,4.75,7.93725,0.70817006
cold,0,1,0,3e-05,0.05,512,3,5,4,256,6000,8.0,2633729,1,1,9974,1103,600008,2,12,12012,96,576.0,4.8,8.0208,0.70955378
cold,0,1,0,3e-05,0.05,512,3,5,4,256,6000,8.0,2633729,1,1,9974,1103,600008,2,12,12012,97,582.0,4.85,8.10435,0.71032691
cold,0,1,0,3e-05,0.05,512,3,5,4,256,6000,8.0,2633729,1,1,9974,1103,600008,2,12,12012,98,588.0,4.9,8.1879,0.71033913
cold,0,1,0,3e-05,0.05,512,3,5,4,256,6000,8.0,2633729,1,1,9974,1103,600008,2,12,12012,99,594.0,4.95,8.27145,0.70958894
cold,0,1,0,3e-05,0.05,512,3,5,4,256,6000,8.0,2633729,1,1,9974,1103,600008,2,12,12012,100,600.0,5.0,8.355,0.70879585
cold,0,1,0,3e-05,0.05,512,3,5,4,256,6000,8.0,2633729,1,1,9974,1103,600008,2,12,12012,101,606.0,5.05,8.43855,0.70883828
cold,0,1,0,3e-05,0.05,512,3,5,4,256,6000,8.0,2633729,1,1,9974,1103,600008,2,12,12012,102,612.0,5.1,8.5221,0.70983815
cold,0,1,0,3e-05,0.05,512,3,5,4,256,6000,8.0,2633729,1,1,9974,1103,600008,2,12,12012,103,618.0,5.15,8.60565,0.71148443
cold,0,1,0,3e-05,0.05,512,3,5,4,256,6000,8.0,2633729,1,1,9974,1103,600008,2,12,12012,104,624.0,5.2,8.6892,0.71345043
cold,0,1,0,3e-05,0.05,512,3,5,4,256,6000,8.0,2633729,1,1,9974,1103,600008,2,12,12012,105,630.0,5.25,8.77275,0.71554786
cold,0,1,0,3e-05,0.05,512,3,5,4,256,6000,8.0,2633729,1,1,9974,1103,600008,2,12,12012,106,636.0,5.3,8.8563,0.7175082
cold,0,1,0,3e-05,0.05,512,3,5,4,256,6000,8.0,2633729,1,1,9974,1103,600008,2,12,12012,107,642.0,5.35,8.93985,0.71863049
cold,0,1,0,3e-05,0.05,512,3,5,4,256,6000,8.0,2633729,1,1,9974,1103,600008,2,12,12012,108,648.0,5.4,9.0234,0.71815115
cold,0,1,0,3e-05,0.05,512,3,5,4,256,6000,8.0,2633729,1,1,9974,1103,600008,2,12,12012,109,654.0,5.45,9.10695,0.71626085
cold,0,1,0,3e-05,0.05,512,3,5,4,256,6000,8.0,2633729,1,1,9974,1103,600008,2,12,12012,110,660.0,5.5,9.1905,0.71443802
cold,0,1,0,3e-05,0.05,512,3,5,4,256,6000,8.0,2633729,1,1,9974,1103,600008,2,12,12012,111,666.0,5.55,9.27405,0.71397781
cold,0,1,0,3e-05,0.05,512,3,5,4,256,6000,8.0,2633729,1,1,9974,1103,600008,2,12,12012,112,672.0,5.6,9.3576,0.71483797
cold,0,1,0,3e-05,0.05,512,3,5,4,256,6000,8.0,2633729,1,1,9974,1103,600008,2,12,12012,113,678.0,5.65,9.44115,0.71618712
cold,0,1,0,3e-05,0.05,512,3,5,4,256,6000,8.0,2633729,1,1,9974,1103,600008,2,12,12012,114,684.0,5.7,9.5247,0.71759999
cold,0,1,0,3e-05,0.05,512,3,5,4,256,6000,8.0,2633729,1,1,9974,1103,600008,2,12,12012,115,690.0,5.75,9.60825,0.71916389
cold,0,1,0,3e-05,0.05,512,3,5,4,256,6000,8.0,2633729,1,1,9974,1103,600008,2,12,12012,116,696.0,5.8,9.6918,0.72100341
cold,0,1,0,3e-05,0.05,512,3,5,4,256,6000,8.0,2633729,1,1,9974,1103,600008,2,12,12012,117,702.0,5.85,9.77535,0.7228446
cold,0,1,0,3e-05,0.05,512,3,5,4,256,6000,8.0,2633729,1,1,9974,1103,600008,2,12,12012,118,708.0,5.9,9.8589,0.72393781
cold,0,1,0,3e-05,0.05,512,3,5,4,256,6000,8.0,2633729,1,1,9974,1103,600008,2,12,12012,119,714.0,5.95,9.94245,0.72390234
cold,0,1,0,3e-05,0.05,512,3,5,4,256,6000,8.0,2633729,1,1,9974,1103,600008,2,12,12012,120,720.0,6.0,10.026,0.72340822
cold,0,1,0,3e-05,0.05,512,3,5,4,256,6000,8.0,2633729,1,1,9974,1103,600008,2,54,12054,1,6.0,0.05,0.08355,0.09103915
cold,0,1,0,3e-05,0.05,512,3,5,4,256,6000,8.0,2633729,1,1,9974,1103,600008,2,54,12054,2,12.0,0.1,0.1671,0.17393696
cold,0,1,0,3e-05,0.05,512,3,5,4,256,6000,8.0,2633729,1,1,9974,1103,600008,2,54,12054,3,18.0,0.15,0.25065,0.25740486
cold,0,1,0,3e-05,0.05,512,3,5,4,256,6000,8.0,2633729,1,1,9974,1103,600008,2,54,12054,4,24.0,0.2,0.3342,0.3298786
cold,0,1,0,3e-05,0.05,512,3,5,4,256,6000,8.0,2633729,1,1,9974,1103,600008,2,54,12054,5,30.0,0.25,0.41775,0.38716084
cold,0,1,0,3e-05,0.05,512,3,5,4,256,6000,8.0,2633729,1,1,9974,1103,600008,2,54,12054,6,36.0,0.3,0.5013,0.43274578
cold,0,1,0,3e-05,0.05,512,3,5,4,256,6000,8.0,2633729,1,1,9974,1103,600008,2,54,12054,7,42.0,0.35,0.58485,0.471605
cold,0,1,0,3e-05,0.05,512,3,5,4,256,6000,8.0,2633729,1,1,9974,1103,600008,2,54,12054,8,48.0,0.4,0.6684,0.50640607
cold,0,1,0,3e-05,0.05,512,3,5,4,256,6000,8.0,2633729,1,1,9974,1103,600008,2,54,12054,9,54.0,0.45,0.75195,0.5373016
cold,0,1,0,3e-05,0.05,512,3,5,4,256,6000,8.0,2633729,1,1,9974,1103,600008,2,54,12054,10,60.0,0.5,0.8355,0.56379163
cold,0,1,0,3e-05,0.05,512,3,5,4,256,6000,8.0,2633729,1,1,9974,1103,600008,2,54,12054,11,66.0,0.55,0.91905,0.58568692
cold,0,1,0,3e-05,0.05,512,3,5,4,256,6000,8.0,2633729,1,1,9974,1103,600008,2,54,12054,12,72.0,0.6,1.0026,0.60342968
cold,0,1,0,3e-05,0.05,512,3,5,4,256,6000,8.0,2633729,1,1,9974,1103,600008,2,54,12054,13,78.0,0.65,1.08615,0.61796135
cold,0,1,0,3e-05,0.05,512,3,5,4,256,6000,8.0,2633729,1,1,9974,1103,600008,2,54,12054,14,84.0,0.7,1.1697,0.63038129
cold,0,1,0,3e-05,0.05,512,3,5,4,256,6000,8.0,2633729,1,1,9974,1103,600008,2,54,12054,15,90.0,0.75,1.25325,0.64165884
cold,0,1,0,3e-05,0.05,512,3,5,4,256,6000,8.0,2633729,1,1,9974,1103,600008,2,54,12054,16,96.0,0.8,1.3368,0.65208483
cold,0,1,0,3e-05,0.05,512,3,5,4,256,6000,8.0,2633729,1,1,9974,1103,600008,2,54,12054,17,102.0,0.85,1.42035,0.6611706
cold,0,1,0,3e-05,0.05,512,3,5,4,256,6000,8.0,2633729,1,1,9974,1103,600008,2,54,12054,18,108.0,0.9,1.5039,0.66825432
cold,0,1,0,3e-05,0.05,512,3,5,4,256,6000,8.0,2633729,1,1,9974,1103,600008,2,54,12054,19,114.0,0.95,1.58745,0.67342561
cold,0,1,0,3e-05,0.05,512,3,5,4,256,6000,8.0,2633729,1,1,9974,1103,600008,2,54,12054,20,120.0,1.0,1.671,0.67762595
cold,0,1,0,3e-05,0.05,512,3,5,4,256,6000,8.0,2633729,1,1,9974,1103,600008,2,54,12054,21,126.0,1.05,1.75455,0.68175948
cold,0,1,0,3e-05,0.05,512,3,5,4,256,6000,8.0,2633729,1,1,9974,1103,600008,2,54,12054,22,132.0,1.1,1.8381,0.6863547
cold,0,1,0,3e-05,0.05,512,3,5,4,256,6000,8.0,2633729,1,1,9974,1103,600008,2,54,12054,23,138.0,1.15,1.92165,0.69132781
cold,0,1,0,3e-05,0.05,512,3,5,4,256,6000,8.0,2633729,1,1,9974,1103,600008,2,54,12054,24,144.0,1.2,2.0052,0.69565749
cold,0,1,0,3e-05,0.05,512,3,5,4,256,6000,8.0,2633729,1,1,9974,1103,600008,2,54,12054,25,150.0,1.25,2.08875,0.69843042
cold,0,1,0,3e-05,0.05,512,3,5,4,256,6000,8.0,2633729,1,1,9974,1103,600008,2,54,12054,26,156.0,1.3,2.1723,0.69943041
cold,0,1,0,3e-05,0.05,512,3,5,4,256,6000,8.0,2633729,1,1,9974,1103,600008,2,54,12054,27,162.0,1.35,2.25585,0.6985876
cold,0,1,0,3e-05,0.05,512,3,5,4,256,6000,8.0,2633729,1,1,9974,1103,600008,2,54,12054,28,168.0,1.4,2.3394,0.69602597
cold,0,1,0,3e-05,0.05,512,3,5,4,256,6000,8.0,2633729,1,1,9974,1103,600008,2,54,12054,29,174.0,1.45,2.42295,0.69274479
cold,0,1,0,3e-05,0.05,512,3,5,4,256,6000,8.0,2633729,1,1,9974,1103,600008,2,54,12054,30,180.0,1.5,2.5065,0.69074708
cold,0,1,0,3e-05,0.05,512,3,5,4,256,6000,8.0,2633729,1,1,9974,1103,600008,2,54,12054,31,186.0,1.55,2.59005,0.69157761
cold,0,1,0,3e-05,0.05,512,3,5,4,256,6000,8.0,2633729,1,1,9974,1103,600008,2,54,12054,32,192.0,1.6,2.6736,0.69506568
cold,0,1,0,3e-05,0.05,512,3,5,4,256,6000,8.0,2633729,1,1,9974,1103,600008,2,54,12054,33,198.0,1.65,2.75715,0.69978815
cold,0,1,0,3e-05,0.05,512,3,5,4,256,6000,8.0,2633729,1,1,9974,1103,600008,2,54,12054,34,204.0,1.7,2.8407,0.70461357
cold,0,1,0,3e-05,0.05,512,3,5,4,256,6000,8.0,2633729,1,1,9974,1103,600008,2,54,12054,35,210.0,1.75,2.92425,0.70906115
cold,0,1,0,3e-05,0.05,512,3,5,4,256,6000,8.0,2633729,1,1,9974,1103,600008,2,54,12054,36,216.0,1.8,3.0078,0.7128408
cold,0,1,0,3e-05,0.05,512,3,5,4,256,6000,8.0,2633729,1,1,9974,1103,600008,2,54,12054,37,222.0,1.85,3.09135,0.71579027
cold,0,1,0,3e-05,0.05,512,3,5,4,256,6000,8.0,2633729,1,1,9974,1103,600008,2,54,12054,38,228.0,1.9,3.1749,0.71754694
cold,0,1,0,3e-05,0.05,512,3,5,4,256,6000,8.0,2633729,1,1,9974,1103,600008,2,54,12054,39,234.0,1.95,3.25845,0.71799105
cold,0,1,0,3e-05,0.05,512,3,5,4,256,6000,8.0,2633729,1,1,9974,1103,600008,2,54,12054,40,240.0,2.0,3.342,0.71815157
cold,0,1,0,3e-05,0.05,512,3,5,4,256,6000,8.0,2633729,1,1,9974,1103,600008,2,54,12054,41,246.0,2.05,3.42555,0.7189728
cold,0,1,0,3e-05,0.05,512,3,5,4,256,6000,8.0,2633729,1,1,9974,1103,600008,2,54,12054,42,252.0,2.1,3.5091,0.72001648
cold,0,1,0,3e-05,0.05,512,3,5,4,256,6000,8.0,2633729,1,1,9974,1103,600008,2,54,12054,43,258.0,2.15,3.59265,0.72053808
cold,0,1,0,3e-05,0.05,512,3,5,4,256,6000,8.0,2633729,1,1,9974,1103,600008,2,54,12054,44,264.0,2.2,3.6762,0.72071904
cold,0,1,0,3e-05,0.05,512,3,5,4,256,6000,8.0,2633729,1,1,9974,1103,600008,2,54,12054,45,270.0,2.25,3.75975,0.7212733
cold,0,1,0,3e-05,0.05,512,3,5,4,256,6000,8.0,2633729,1,1,9974,1103,600008,2,54,12054,46,276.0,2.3,3.8433,0.72241408
cold,0,1,0,3e-05,0.05,512,3,5,4,256,6000,8.0,2633729,1,1,9974,1103,600008,2,54,12054,47,282.0,2.35,3.92685,0.72366142
cold,0,1,0,3e-05,0.05,512,3,5,4,256,6000,8.0,2633729,1,1,9974,1103,600008,2,54,12054,48,288.0,2.4,4.0104,0.72421277
cold,0,1,0,3e-05,0.05,512,3,5,4,256,6000,8.0,2633729,1,1,9974,1103,600008,2,54,12054,49,294.0,2.45,4.09395,0.72356141
cold,0,1,0,3e-05,0.05,512,3,5,4,256,6000,8.0,2633729,1,1,9974,1103,600008,2,54,12054,50,300.0,2.5,4.1775,0.72227865
cold,0,1,0,3e-05,0.05,512,3,5,4,256,6000,8.0,2633729,1,1,9974,1103,600008,2,54,12054,51,306.0,2.55,4.26105,0.72166133
cold,0,1,0,3e-05,0.05,512,3,5,4,256,6000,8.0,2633729,1,1,9974,1103,600008,2,54,12054,52,312.0,2.6,4.3446,0.72252452
cold,0,1,0,3e-05,0.05,512,3,5,4,256,6000,8.0,2633729,1,1,9974,1103,600008,2,54,12054,53,318.0,2.65,4.42815,0.72461945
cold,0,1,0,3e-05,0.05,512,3,5,4,256,6000,8.0,2633729,1,1,9974,1103,600008,2,54,12054,54,324.0,2.7,4.5117,0.72726864
cold,0,1,0,3e-05,0.05,512,3,5,4,256,6000,8.0,2633729,1,1,9974,1103,600008,2,54,12054,55,330.0,2.75,4.59525,0.72962737
cold,0,1,0,3e-05,0.05,512,3,5,4,256,6000,8.0,2633729,1,1,9974,1103,600008,2,54,12054,56,336.0,2.8,4.6788,0.73084342
cold,0,1,0,3e-05,0.05,512,3,5,4,256,6000,8.0,2633729,1,1,9974,1103,600008,2,54,12054,57,342.0,2.85,4.76235,0.73092782
cold,0,1,0,3e-05,0.05,512,3,5,4,256,6000,8.0,2633729,1,1,9974,1103,600008,2,54,12054,58,348.0,2.9,4.8459,0.73042291
cold,0,1,0,3e-05,0.05,512,3,5,4,256,6000,8.0,2633729,1,1,9974,1103,600008,2,54,12054,59,354.0,2.95,4.92945,0.72975791
cold,0,1,0,3e-05,0.05,512,3,5,4,256,6000,8.0,2633729,1,1,9974,1103,600008,2,54,12054,60,360.0,3.0,5.013,0.72975254
cold,0,1,0,3e-05,0.05,512,3,5,4,256,6000,8.0,2633729,1,1,9974,1103,600008,2,54,12054,61,366.0,3.05,5.09655,0.73090994
cold,0,1,0,3e-05,0.05,512,3,5,4,256,6000,8.0,2633729,1,1,9974,1103,600008,2,54,12054,62,372.0,3.1,5.1801,0.73252624
cold,0,1,0,3e-05,0.05,512,3,5,4,256,6000,8.0,2633729,1,1,9974,1103,600008,2,54,12054,63,378.0,3.15,5.26365,0.73370832
cold,0,1,0,3e-05,0.05,512,3,5,4,256,6000,8.0,2633729,1,1,9974,1103,600008,2,54,12054,64,384.0,3.2,5.3472,0.73443997
cold,0,1,0,3e-05,0.05,512,3,5,4,256,6000,8.0,2633729,1,1,9974,1103,600008,2,54,12054,65,390.0,3.25,5.43075,0.73520046
cold,0,1,0,3e-05,0.05,512,3,5,4,256,6000,8.0,2633729,1,1,9974,1103,600008,2,54,12054,66,396.0,3.3,5.5143,0.73596328
cold,0,1,0,3e-05,0.05,512,3,5,4,256,6000,8.0,2633729,1,1,9974,1103,600008,2,54,12054,67,402.0,3.35,5.59785,0.73598087
cold,0,1,0,3e-05,0.05,512,3,5,4,256,6000,8.0,2633729,1,1,9974,1103,600008,2,54,12054,68,408.0,3.4,5.6814,0.73449439
cold,0,1,0,3e-05,0.05,512,3,5,4,256,6000,8.0,2633729,1,1,9974,1103,600008,2,54,12054,69,414.0,3.45,5.76495,0.73178476
cold,0,1,0,3e-05,0.05,512,3,5,4,256,6000,8.0,2633729,1,1,9974,1103,600008,2,54,12054,70,420.0,3.5,5.8485,0.72949165
cold,0,1,0,3e-05,0.05,512,3,5,4,256,6000,8.0,2633729,1,1,9974,1103,600008,2,54,12054,71,426.0,3.55,5.93205,0.72903395
cold,0,1,0,3e-05,0.05,512,3,5,4,256,6000,8.0,2633729,1,1,9974,1103,600008,2,54,12054,72,432.0,3.6,6.0156,0.73028326
cold,0,1,0,3e-05,0.05,512,3,5,4,256,6000,8.0,2633729,1,1,9974,1103,600008,2,54,12054,73,438.0,3.65,6.09915,0.73219931
cold,0,1,0,3e-05,0.05,512,3,5,4,256,6000,8.0,2633729,1,1,9974,1103,600008,2,54,12054,74,444.0,3.7,6.1827,0.73415679
cold,0,1,0,3e-05,0.05,512,3,5,4,256,6000,8.0,2633729,1,1,9974,1103,600008,2,54,12054,75,450.0,3.75,6.26625,0.73576295
cold,0,1,0,3e-05,0.05,512,3,5,4,256,6000,8.0,2633729,1,1,9974,1103,600008,2,54,12054,76,456.0,3.8,6.3498,0.7364732
cold,0,1,0,3e-05,0.05,512,3,5,4,256,6000,8.0,2633729,1,1,9974,1103,600008,2,54,12054,77,462.0,3.85,6.43335,0.73627424
cold,0,1,0,3e-05,0.05,512,3,5,4,256,6000,8.0,2633729,1,1,9974,1103,600008,2,54,12054,78,468.0,3.9,6.5169,0.73562753
cold,0,1,0,3e-05,0.05,512,3,5,4,256,6000,8.0,2633729,1,1,9974,1103,600008,2,54,12054,79,474.0,3.95,6.60045,0.73490053
cold,0,1,0,3e-05,0.05,512,3,5,4,256,6000,8.0,2633729,1,1,9974,1103,600008,2,54,12054,80,480.0,4.0,6.684,0.73462456
cold,0,1,0,3e-05,0.05,512,3,5,4,256,6000,8.0,2633729,1,1,9974,1103,600008,2,54,12054,81,486.0,4.05,6.76755,0.73523653
cold,0,1,0,3e-05,0.05,512,3,5,4,256,6000,8.0,2633729,1,1,9974,1103,600008,2,54,12054,82,492.0,4.1,6.8511,0.73656648
cold,0,1,0,3e-05,0.05,512,3,5,4,256,6000,8.0,2633729,1,1,9974,1103,600008,2,54,12054,83,498.0,4.15,6.93465,0.73818904
cold,0,1,0,3e-05,0.05,512,3,5,4,256,6000,8.0,2633729,1,1,9974,1103,600008,2,54,12054,84,504.0,4.2,7.0182,0.73972028
cold,0,1,0,3e-05,0.05,512,3,5,4,256,6000,8.0,2633729,1,1,9974,1103,600008,2,54,12054,85,510.0,4.25,7.10175,0.74091417
cold,0,1,0,3e-05,0.05,512,3,5,4,256,6000,8.0,2633729,1,1,9974,1103,600008,2,54,12054,86,516.0,4.3,7.1853,0.74153847
cold,0,1,0,3e-05,0.05,512,3,5,4,256,6000,8.0,2633729,1,1,9974,1103,600008,2,54,12054,87,522.0,4.35,7.26885,0.7412231
cold,0,1,0,3e-05,0.05,512,3,5,4,256,6000,8.0,2633729,1,1,9974,1103,600008,2,54,12054,88,528.0,4.4,7.3524,0.73994982
cold,0,1,0,3e-05,0.05,512,3,5,4,256,6000,8.0,2633729,1,1,9974,1103,600008,2,54,12054,89,534.0,4.45,7.43595,0.73854977
cold,0,1,0,3e-05,0.05,512,3,5,4,256,6000,8.0,2633729,1,1,9974,1103,600008,2,54,12054,90,540.0,4.5,7.5195,0.73828095
cold,0,1,0,3e-05,0.05,512,3,5,4,256,6000,8.0,2633729,1,1,9974,1103,600008,2,54,12054,91,546.0,4.55,7.60305,0.73980922
cold,0,1,0,3e-05,0.05,512,3,5,4,256,6000,8.0,2633729,1,1,9974,1103,600008,2,54,12054,92,552.0,4.6,7.6866,0.74264562
cold,0,1,0,3e-05,0.05,512,3,5,4,256,6000,8.0,2633729,1,1,9974,1103,600008,2,54,12054,93,558.0,4.65,7.77015,0.74561387
cold,0,1,0,3e-05,0.05,512,3,5,4,256,6000,8.0,2633729,1,1,9974,1103,600008,2,54,12054,94,564.0,4.7,7.8537,0.74791831
cold,0,1,0,3e-05,0.05,512,3,5,4,256,6000,8.0,2633729,1,1,9974,1103,600008,2,54,12054,95,570.0,4.75,7.93725,0.74942267
cold,0,1,0,3e-05,0.05,512,3,5,4,256,6000,8.0,2633729,1,1,9974,1103,600008,2,54,12054,96,576.0,4.8,8.0208,0.75029439
cold,0,1,0,3e-05,0.05,512,3,5,4,256,6000,8.0,2633729,1,1,9974,1103,600008,2,54,12054,97,582.0,4.85,8.10435,0.75075597
cold,0,1,0,3e-05,0.05,512,3,5,4,256,6000,8.0,2633729,1,1,9974,1103,600008,2,54,12054,98,588.0,4.9,8.1879,0.7508195
cold,0,1,0,3e-05,0.05,512,3,5,4,256,6000,8.0,2633729,1,1,9974,1103,600008,2,54,12054,99,594.0,4.95,8.27145,0.75027651
cold,0,1,0,3e-05,0.05,512,3,5,4,256,6000,8.0,2633729,1,1,9974,1103,600008,2,54,12054,100,600.0,5.0,8.355,0.74928218
cold,0,1,0,3e-05,0.05,512,3,5,4,256,6000,8.0,2633729,1,1,9974,1103,600008,2,54,12054,101,606.0,5.05,8.43855,0.74834478
cold,0,1,0,3e-05,0.05,512,3,5,4,256,6000,8.0,2633729,1,1,9974,1103,600008,2,54,12054,102,612.0,5.1,8.5221,0.7478652
cold,0,1,0,3e-05,0.05,512,3,5,4,256,6000,8.0,2633729,1,1,9974,1103,600008,2,54,12054,103,618.0,5.15,8.60565,0.74801087
cold,0,1,0,3e-05,0.05,512,3,5,4,256,6000,8.0,2633729,1,1,9974,1103,600008,2,54,12054,104,624.0,5.2,8.6892,0.74877775
cold,0,1,0,3e-05,0.05,512,3,5,4,256,6000,8.0,2633729,1,1,9974,1103,600008,2,54,12054,105,630.0,5.25,8.77275,0.75012875
cold,0,1,0,3e-05,0.05,512,3,5,4,256,6000,8.0,2633729,1,1,9974,1103,600008,2,54,12054,106,636.0,5.3,8.8563,0.75153047
cold,0,1,0,3e-05,0.05,512,3,5,4,256,6000,8.0,2633729,1,1,9974,1103,600008,2,54,12054,107,642.0,5.35,8.93985,0.75181335
cold,0,1,0,3e-05,0.05,512,3,5,4,256,6000,8.0,2633729,1,1,9974,1103,600008,2,54,12054,108,648.0,5.4,9.0234,0.75020683
cold,0,1,0,3e-05,0.05,512,3,5,4,256,6000,8.0,2633729,1,1,9974,1103,600008,2,54,12054,109,654.0,5.45,9.10695,0.7473622
cold,0,1,0,3e-05,0.05,512,3,5,4,256,6000,8.0,2633729,1,1,9974,1103,600008,2,54,12054,110,660.0,5.5,9.1905,0.74509782
cold,0,1,0,3e-05,0.05,512,3,5,4,256,6000,8.0,2633729,1,1,9974,1103,600008,2,54,12054,111,666.0,5.55,9.27405,0.74474704
cold,0,1,0,3e-05,0.05,512,3,5,4,256,6000,8.0,2633729,1,1,9974,1103,600008,2,54,12054,112,672.0,5.6,9.3576,0.74607897
cold,0,1,0,3e-05,0.05,512,3,5,4,256,6000,8.0,2633729,1,1,9974,1103,600008,2,54,12054,113,678.0,5.65,9.44115,0.74787927
cold,0,1,0,3e-05,0.05,512,3,5,4,256,6000,8.0,2633729,1,1,9974,1103,600008,2,54,12054,114,684.0,5.7,9.5247,0.74936634
cold,0,1,0,3e-05,0.05,512,3,5,4,256,6000,8.0,2633729,1,1,9974,1103,600008,2,54,12054,115,690.0,5.75,9.60825,0.75056583
cold,0,1,0,3e-05,0.05,512,3,5,4,256,6000,8.0,2633729,1,1,9974,1103,600008,2,54,12054,116,696.0,5.8,9.6918,0.75147277
cold,0,1,0,3e-05,0.05,512,3,5,4,256,6000,8.0,2633729,1,1,9974,1103,600008,2,54,12054,117,702.0,5.85,9.77535,0.75176704
cold,0,1,0,3e-05,0.05,512,3,5,4,256,6000,8.0,2633729,1,1,9974,1103,600008,2,54,12054,118,708.0,5.9,9.8589,0.75135607
cold,0,1,0,3e-05,0.05,512,3,5,4,256,6000,8.0,2633729,1,1,9974,1103,600008,2,54,12054,119,714.0,5.95,9.94245,0.75057721
cold,0,1,0,3e-05,0.05,512,3,5,4,256,6000,8.0,2633729,1,1,9974,1103,600008,2,54,12054,120,720.0,6.0,10.026,0.74999821
cold,0,1,0,3e-05,0.05,512,3,5,4,256,6000,8.0,2633729,1,1,9974,1103,600008,2,234,12234,1,6.0,0.05,0.08355,0.04878145
cold,0,1,0,3e-05,0.05,512,3,5,4,256,6000,8.0,2633729,1,1,9974,1103,600008,2,234,12234,2,12.0,0.1,0.1671,0.07302351
cold,0,1,0,3e-05,0.05,512,3,5,4,256,6000,8.0,2633729,1,1,9974,1103,600008,2,234,12234,3,18.0,0.15,0.25065,0.09929377
cold,0,1,0,3e-05,0.05,512,3,5,4,256,6000,8.0,2633729,1,1,9974,1103,600008,2,234,12234,4,24.0,0.2,0.3342,0.12530196
cold,0,1,0,3e-05,0.05,512,3,5,4,256,6000,8.0,2633729,1,1,9974,1103,600008,2,234,12234,5,30.0,0.25,0.41775,0.15103872
cold,0,1,0,3e-05,0.05,512,3,5,4,256,6000,8.0,2633729,1,1,9974,1103,600008,2,234,12234,6,36.0,0.3,0.5013,0.17810647
cold,0,1,0,3e-05,0.05,512,3,5,4,256,6000,8.0,2633729,1,1,9974,1103,600008,2,234,12234,7,42.0,0.35,0.58485,0.20584579
cold,0,1,0,3e-05,0.05,512,3,5,4,256,6000,8.0,2633729,1,1,9974,1103,600008,2,234,12234,8,48.0,0.4,0.6684,0.23250195
cold,0,1,0,3e-05,0.05,512,3,5,4,256,6000,8.0,2633729,1,1,9974,1103,600008,2,234,12234,9,54.0,0.45,0.75195,0.25792432
cold,0,1,0,3e-05,0.05,512,3,5,4,256,6000,8.0,2633729,1,1,9974,1103,600008,2,234,12234,10,60.0,0.5,0.8355,0.28405482
cold,0,1,0,3e-05,0.05,512,3,5,4,256,6000,8.0,2633729,1,1,9974,1103,600008,2,234,12234,11,66.0,0.55,0.91905,0.31255594
cold,0,1,0,3e-05,0.05,512,3,5,4,256,6000,8.0,2633729,1,1,9974,1103,600008,2,234,12234,12,72.0,0.6,1.0026,0.34057611
cold,0,1,0,3e-05,0.05,512,3,5,4,256,6000,8.0,2633729,1,1,9974,1103,600008,2,234,12234,13,78.0,0.65,1.08615,0.3656283
cold,0,1,0,3e-05,0.05,512,3,5,4,256,6000,8.0,2633729,1,1,9974,1103,600008,2,234,12234,14,84.0,0.7,1.1697,0.38970357
cold,0,1,0,3e-05,0.05,512,3,5,4,256,6000,8.0,2633729,1,1,9974,1103,600008,2,234,12234,15,90.0,0.75,1.25325,0.41564116
cold,0,1,0,3e-05,0.05,512,3,5,4,256,6000,8.0,2633729,1,1,9974,1103,600008,2,234,12234,16,96.0,0.8,1.3368,0.44341967
cold,0,1,0,3e-05,0.05,512,3,5,4,256,6000,8.0,2633729,1,1,9974,1103,600008,2,234,12234,17,102.0,0.85,1.42035,0.47138497
cold,0,1,0,3e-05,0.05,512,3,5,4,256,6000,8.0,2633729,1,1,9974,1103,600008,2,234,12234,18,108.0,0.9,1.5039,0.49821547
cold,0,1,0,3e-05,0.05,512,3,5,4,256,6000,8.0,2633729,1,1,9974,1103,600008,2,234,12234,19,114.0,0.95,1.58745,0.52283353
cold,0,1,0,3e-05,0.05,512,3,5,4,256,6000,8.0,2633729,1,1,9974,1103,600008,2,234,12234,20,120.0,1.0,1.671,0.54529613
cold,0,1,0,3e-05,0.05,512,3,5,4,256,6000,8.0,2633729,1,1,9974,1103,600008,2,234,12234,21,126.0,1.05,1.75455,0.56700337
cold,0,1,0,3e-05,0.05,512,3,5,4,256,6000,8.0,2633729,1,1,9974,1103,600008,2,234,12234,22,132.0,1.1,1.8381,0.58832693
cold,0,1,0,3e-05,0.05,512,3,5,4,256,6000,8.0,2633729,1,1,9974,1103,600008,2,234,12234,23,138.0,1.15,1.92165,0.60921013
cold,0,1,0,3e-05,0.05,512,3,5,4,256,6000,8.0,2633729,1,1,9974,1103,600008,2,234,12234,24,144.0,1.2,2.0052,0.63041079
cold,0,1,0,3e-05,0.05,512,3,5,4,256,6000,8.0,2633729,1,1,9974,1103,600008,2,234,12234,25,150.0,1.25,2.08875,0.65089208
cold,0,1,0,3e-05,0.05,512,3,5,4,256,6000,8.0,2633729,1,1,9974,1103,600008,2,234,12234,26,156.0,1.3,2.1723,0.66953641
cold,0,1,0,3e-05,0.05,512,3,5,4,256,6000,8.0,2633729,1,1,9974,1103,600008,2,234,12234,27,162.0,1.35,2.25585,0.68607575
cold,0,1,0,3e-05,0.05,512,3,5,4,256,6000,8.0,2633729,1,1,9974,1103,600008,2,234,12234,28,168.0,1.4,2.3394,0.69949347
cold,0,1,0,3e-05,0.05,512,3,5,4,256,6000,8.0,2633729,1,1,9974,1103,600008,2,234,12234,29,174.0,1.45,2.42295,0.70994771
cold,0,1,0,3e-05,0.05,512,3,5,4,256,6000,8.0,2633729,1,1,9974,1103,600008,2,234,12234,30,180.0,1.5,2.5065,0.71979666
cold,0,1,0,3e-05,0.05,512,3,5,4,256,6000,8.0,2633729,1,1,9974,1103,600008,2,234,12234,31,186.0,1.55,2.59005,0.73042762
cold,0,1,0,3e-05,0.05,512,3,5,4,256,6000,8.0,2633729,1,1,9974,1103,600008,2,234,12234,32,192.0,1.6,2.6736,0.74133891
cold,0,1,0,3e-05,0.05,512,3,5,4,256,6000,8.0,2633729,1,1,9974,1103,600008,2,234,12234,33,198.0,1.65,2.75715,0.75145519
cold,0,1,0,3e-05,0.05,512,3,5,4,256,6000,8.0,2633729,1,1,9974,1103,600008,2,234,12234,34,204.0,1.7,2.8407,0.75967652
cold,0,1,0,3e-05,0.05,512,3,5,4,256,6000,8.0,2633729,1,1,9974,1103,600008,2,234,12234,35,210.0,1.75,2.92425,0.76539904
cold,0,1,0,3e-05,0.05,512,3,5,4,256,6000,8.0,2633729,1,1,9974,1103,600008,2,234,12234,36,216.0,1.8,3.0078,0.77000648
cold,0,1,0,3e-05,0.05,512,3,5,4,256,6000,8.0,2633729,1,1,9974,1103,600008,2,234,12234,37,222.0,1.85,3.09135,0.7758534
cold,0,1,0,3e-05,0.05,512,3,5,4,256,6000,8.0,2633729,1,1,9974,1103,600008,2,234,12234,38,228.0,1.9,3.1749,0.78320009
cold,0,1,0,3e-05,0.05,512,3,5,4,256,6000,8.0,2633729,1,1,9974,1103,600008,2,234,12234,39,234.0,1.95,3.25845,0.79048085
cold,0,1,0,3e-05,0.05,512,3,5,4,256,6000,8.0,2633729,1,1,9974,1103,600008,2,234,12234,40,240.0,2.0,3.342,0.79759985
cold,0,1,0,3e-05,0.05,512,3,5,4,256,6000,8.0,2633729,1,1,9974,1103,600008,2,234,12234,41,246.0,2.05,3.42555,0.8053416
cold,0,1,0,3e-05,0.05,512,3,5,4,256,6000,8.0,2633729,1,1,9974,1103,600008,2,234,12234,42,252.0,2.1,3.5091,0.81320453
cold,0,1,0,3e-05,0.05,512,3,5,4,256,6000,8.0,2633729,1,1,9974,1103,600008,2,234,12234,43,258.0,2.15,3.59265,0.82091027
cold,0,1,0,3e-05,0.05,512,3,5,4,256,6000,8.0,2633729,1,1,9974,1103,600008,2,234,12234,44,264.0,2.2,3.6762,0.82824832
cold,0,1,0,3e-05,0.05,512,3,5,4,256,6000,8.0,2633729,1,1,9974,1103,600008,2,234,12234,45,270.0,2.25,3.75975,0.83428562
cold,0,1,0,3e-05,0.05,512,3,5,4,256,6000,8.0,2633729,1,1,9974,1103,600008,2,234,12234,46,276.0,2.3,3.8433,0.83923769
cold,0,1,0,3e-05,0.05,512,3,5,4,256,6000,8.0,2633729,1,1,9974,1103,600008,2,234,12234,47,282.0,2.35,3.92685,0.84392858
cold,0,1,0,3e-05,0.05,512,3,5,4,256,6000,8.0,2633729,1,1,9974,1103,600008,2,234,12234,48,288.0,2.4,4.0104,0.84865826
cold,0,1,0,3e-05,0.05,512,3,5,4,256,6000,8.0,2633729,1,1,9974,1103,600008,2,234,12234,49,294.0,2.45,4.09395,0.85401005
cold,0,1,0,3e-05,0.05,512,3,5,4,256,6000,8.0,2633729,1,1,9974,1103,600008,2,234,12234,50,300.0,2.5,4.1775,0.85991192
cold,0,1,0,3e-05,0.05,512,3,5,4,256,6000,8.0,2633729,1,1,9974,1103,600008,2,234,12234,51,306.0,2.55,4.26105,0.86475211
cold,0,1,0,3e-05,0.05,512,3,5,4,256,6000,8.0,2633729,1,1,9974,1103,600008,2,234,12234,52,312.0,2.6,4.3446,0.86834073
cold,0,1,0,3e-05,0.05,512,3,5,4,256,6000,8.0,2633729,1,1,9974,1103,600008,2,234,12234,53,318.0,2.65,4.42815,0.87257898
cold,0,1,0,3e-05,0.05,512,3,5,4,256,6000,8.0,2633729,1,1,9974,1103,600008,2,234,12234,54,324.0,2.7,4.5117,0.87816834
cold,0,1,0,3e-05,0.05,512,3,5,4,256,6000,8.0,2633729,1,1,9974,1103,600008,2,234,12234,55,330.0,2.75,4.59525,0.88489842
cold,0,1,0,3e-05,0.05,512,3,5,4,256,6000,8.0,2633729,1,1,9974,1103,600008,2,234,12234,56,336.0,2.8,4.6788,0.89287102
cold,0,1,0,3e-05,0.05,512,3,5,4,256,6000,8.0,2633729,1,1,9974,1103,600008,2,234,12234,57,342.0,2.85,4.76235,0.90019578
cold,0,1,0,3e-05,0.05,512,3,5,4,256,6000,8.0,2633729,1,1,9974,1103,600008,2,234,12234,58,348.0,2.9,4.8459,0.90430236
cold,0,1,0,3e-05,0.05,512,3,5,4,256,6000,8.0,2633729,1,1,9974,1103,600008,2,234,12234,59,354.0,2.95,4.92945,0.90549451
cold,0,1,0,3e-05,0.05,512,3,5,4,256,6000,8.0,2633729,1,1,9974,1103,600008,2,234,12234,60,360.0,3.0,5.013,0.90563494
cold,0,1,0,3e-05,0.05,512,3,5,4,256,6000,8.0,2633729,1,1,9974,1103,600008,2,234,12234,61,366.0,3.05,5.09655,0.90519166
cold,0,1,0,3e-05,0.05,512,3,5,4,256,6000,8.0,2633729,1,1,9974,1103,600008,2,234,12234,62,372.0,3.1,5.1801,0.90486896
cold,0,1,0,3e-05,0.05,512,3,5,4,256,6000,8.0,2633729,1,1,9974,1103,600008,2,234,12234,63,378.0,3.15,5.26365,0.9065305
cold,0,1,0,3e-05,0.05,512,3,5,4,256,6000,8.0,2633729,1,1,9974,1103,600008,2,234,12234,64,384.0,3.2,5.3472,0.91051698
cold,0,1,0,3e-05,0.05,512,3,5,4,256,6000,8.0,2633729,1,1,9974,1103,600008,2,234,12234,65,390.0,3.25,5.43075,0.91560894
cold,0,1,0,3e-05,0.05,512,3,5,4,256,6000,8.0,2633729,1,1,9974,1103,600008,2,234,12234,66,396.0,3.3,5.5143,0.92124724
cold,0,1,0,3e-05,0.05,512,3,5,4,256,6000,8.0,2633729,1,1,9974,1103,600008,2,234,12234,67,402.0,3.35,5.59785,0.92771786
cold,0,1,0,3e-05,0.05,512,3,5,4,256,6000,8.0,2633729,1,1,9974,1103,600008,2,234,12234,68,408.0,3.4,5.6814,0.93447375
cold,0,1,0,3e-05,0.05,512,3,5,4,256,6000,8.0,2633729,1,1,9974,1103,600008,2,234,12234,69,414.0,3.45,5.76495,0.94002724
cold,0,1,0,3e-05,0.05,512,3,5,4,256,6000,8.0,2633729,1,1,9974,1103,600008,2,234,12234,70,420.0,3.5,5.8485,0.94331372
cold,0,1,0,3e-05,0.05,512,3,5,4,256,6000,8.0,2633729,1,1,9974,1103,600008,2,234,12234,71,426.0,3.55,5.93205,0.94403356
cold,0,1,0,3e-05,0.05,512,3,5,4,256,6000,8.0,2633729,1,1,9974,1103,600008,2,234,12234,72,432.0,3.6,6.0156,0.94260007
cold,0,1,0,3e-05,0.05,512,3,5,4,256,6000,8.0,2633729,1,1,9974,1103,600008,2,234,12234,73,438.0,3.65,6.09915,0.939955
cold,0,1,0,3e-05,0.05,512,3,5,4,256,6000,8.0,2633729,1,1,9974,1103,600008,2,234,12234,74,444.0,3.7,6.1827,0.93776196
cold,0,1,0,3e-05,0.05,512,3,5,4,256,6000,8.0,2633729,1,1,9974,1103,600008,2,234,12234,75,450.0,3.75,6.26625,0.93848938
cold,0,1,0,3e-05,0.05,512,3,5,4,256,6000,8.0,2633729,1,1,9974,1103,600008,2,234,12234,76,456.0,3.8,6.3498,0.94223332
cold,0,1,0,3e-05,0.05,512,3,5,4,256,6000,8.0,2633729,1,1,9974,1103,600008,2,234,12234,77,462.0,3.85,6.43335,0.94606853
cold,0,1,0,3e-05,0.05,512,3,5,4,256,6000,8.0,2633729,1,1,9974,1103,600008,2,234,12234,78,468.0,3.9,6.5169,0.94856125
cold,0,1,0,3e-05,0.05,512,3,5,4,256,6000,8.0,2633729,1,1,9974,1103,600008,2,234,12234,79,474.0,3.95,6.60045,0.95116109
cold,0,1,0,3e-05,0.05,512,3,5,4,256,6000,8.0,2633729,1,1,9974,1103,600008,2,234,12234,80,480.0,4.0,6.684,0.95468736
cold,0,1,0,3e-05,0.05,512,3,5,4,256,6000,8.0,2633729,1,1,9974,1103,600008,2,234,12234,81,486.0,4.05,6.76755,0.95814788
cold,0,1,0,3e-05,0.05,512,3,5,4,256,6000,8.0,2633729,1,1,9974,1103,600008,2,234,12234,82,492.0,4.1,6.8511,0.96045303
cold,0,1,0,3e-05,0.05,512,3,5,4,256,6000,8.0,2633729,1,1,9974,1103,600008,2,234,12234,83,498.0,4.15,6.93465,0.9614802
cold,0,1,0,3e-05,0.05,512,3,5,4,256,6000,8.0,2633729,1,1,9974,1103,600008,2,234,12234,84,504.0,4.2,7.0182,0.96083456
cold,0,1,0,3e-05,0.05,512,3,5,4,256,6000,8.0,2633729,1,1,9974,1103,600008,2,234,12234,85,510.0,4.25,7.10175,0.95777607
cold,0,1,0,3e-05,0.05,512,3,5,4,256,6000,8.0,2633729,1,1,9974,1103,600008,2,234,12234,86,516.0,4.3,7.1853,0.95329303
cold,0,1,0,3e-05,0.05,512,3,5,4,256,6000,8.0,2633729,1,1,9974,1103,600008,2,234,12234,87,522.0,4.35,7.26885,0.94992369
cold,0,1,0,3e-05,0.05,512,3,5,4,256,6000,8.0,2633729,1,1,9974,1103,600008,2,234,12234,88,528.0,4.4,7.3524,0.94966209
cold,0,1,0,3e-05,0.05,512,3,5,4,256,6000,8.0,2633729,1,1,9974,1103,600008,2,234,12234,89,534.0,4.45,7.43595,0.95284951
cold,0,1,0,3e-05,0.05,512,3,5,4,256,6000,8.0,2633729,1,1,9974,1103,600008,2,234,12234,90,540.0,4.5,7.5195,0.95925593
cold,0,1,0,3e-05,0.05,512,3,5,4,256,6000,8.0,2633729,1,1,9974,1103,600008,2,234,12234,91,546.0,4.55,7.60305,0.96796036
cold,0,1,0,3e-05,0.05,512,3,5,4,256,6000,8.0,2633729,1,1,9974,1103,600008,2,234,12234,92,552.0,4.6,7.6866,0.97597724
cold,0,1,0,3e-05,0.05,512,3,5,4,256,6000,8.0,2633729,1,1,9974,1103,600008,2,234,12234,93,558.0,4.65,7.77015,0.97955519
cold,0,1,0,3e-05,0.05,512,3,5,4,256,6000,8.0,2633729,1,1,9974,1103,600008,2,234,12234,94,564.0,4.7,7.8537,0.97825456
cold,0,1,0,3e-05,0.05,512,3,5,4,256,6000,8.0,2633729,1,1,9974,1103,600008,2,234,12234,95,570.0,4.75,7.93725,0.97452021
cold,0,1,0,3e-05,0.05,512,3,5,4,256,6000,8.0,2633729,1,1,9974,1103,600008,2,234,12234,96,576.0,4.8,8.0208,0.97015476
cold,0,1,0,3e-05,0.05,512,3,5,4,256,6000,8.0,2633729,1,1,9974,1103,600008,2,234,12234,97,582.0,4.85,8.10435,0.96574444
cold,0,1,0,3e-05,0.05,512,3,5,4,256,6000,8.0,2633729,1,1,9974,1103,600008,2,234,12234,98,588.0,4.9,8.1879,0.96163446
cold,0,1,0,3e-05,0.05,512,3,5,4,256,6000,8.0,2633729,1,1,9974,1103,600008,2,234,12234,99,594.0,4.95,8.27145,0.95914769
cold,0,1,0,3e-05,0.05,512,3,5,4,256,6000,8.0,2633729,1,1,9974,1103,600008,2,234,12234,100,600.0,5.0,8.355,0.95942086
cold,0,1,0,3e-05,0.05,512,3,5,4,256,6000,8.0,2633729,1,1,9974,1103,600008,2,234,12234,101,606.0,5.05,8.43855,0.96219528
cold,0,1,0,3e-05,0.05,512,3,5,4,256,6000,8.0,2633729,1,1,9974,1103,600008,2,234,12234,102,612.0,5.1,8.5221,0.96612555
cold,0,1,0,3e-05,0.05,512,3,5,4,256,6000,8.0,2633729,1,1,9974,1103,600008,2,234,12234,103,618.0,5.15,8.60565,0.96914262
cold,0,1,0,3e-05,0.05,512,3,5,4,256,6000,8.0,2633729,1,1,9974,1103,600008,2,234,12234,104,624.0,5.2,8.6892,0.96935481
cold,0,1,0,3e-05,0.05,512,3,5,4,256,6000,8.0,2633729,1,1,9974,1103,600008,2,234,12234,105,630.0,5.25,8.77275,0.9673273
cold,0,1,0,3e-05,0.05,512,3,5,4,256,6000,8.0,2633729,1,1,9974,1103,600008,2,234,12234,106,636.0,5.3,8.8563,0.96431947
cold,0,1,0,3e-05,0.05,512,3,5,4,256,6000,8.0,2633729,1,1,9974,1103,600008,2,234,12234,107,642.0,5.35,8.93985,0.95961523
cold,0,1,0,3e-05,0.05,512,3,5,4,256,6000,8.0,2633729,1,1,9974,1103,600008,2,234,12234,108,648.0,5.4,9.0234,0.95254254
cold,0,1,0,3e-05,0.05,512,3,5,4,256,6000,8.0,2633729,1,1,9974,1103,600008,2,234,12234,109,654.0,5.45,9.10695,0.94497442
cold,0,1,0,3e-05,0.05,512,3,5,4,256,6000,8.0,2633729,1,1,9974,1103,600008,2,234,12234,110,660.0,5.5,9.1905,0.94092554
cold,0,1,0,3e-05,0.05,512,3,5,4,256,6000,8.0,2633729,1,1,9974,1103,600008,2,234,12234,111,666.0,5.55,9.27405,0.942725
cold,0,1,0,3e-05,0.05,512,3,5,4,256,6000,8.0,2633729,1,1,9974,1103,600008,2,234,12234,112,672.0,5.6,9.3576,0.94875872
cold,0,1,0,3e-05,0.05,512,3,5,4,256,6000,8.0,2633729,1,1,9974,1103,600008,2,234,12234,113,678.0,5.65,9.44115,0.95590311
cold,0,1,0,3e-05,0.05,512,3,5,4,256,6000,8.0,2633729,1,1,9974,1103,600008,2,234,12234,114,684.0,5.7,9.5247,0.9624505
cold,0,1,0,3e-05,0.05,512,3,5,4,256,6000,8.0,2633729,1,1,9974,1103,600008,2,234,12234,115,690.0,5.75,9.60825,0.96814847
cold,0,1,0,3e-05,0.05,512,3,5,4,256,6000,8.0,2633729,1,1,9974,1103,600008,2,234,12234,116,696.0,5.8,9.6918,0.97294164
cold,0,1,0,3e-05,0.05,512,3,5,4,256,6000,8.0,2633729,1,1,9974,1103,600008,2,234,12234,117,702.0,5.85,9.77535,0.97669178
cold,0,1,0,3e-05,0.05,512,3,5,4,256,6000,8.0,2633729,1,1,9974,1103,600008,2,234,12234,118,708.0,5.9,9.8589,0.97892445
cold,0,1,0,3e-05,0.05,512,3,5,4,256,6000,8.0,2633729,1,1,9974,1103,600008,2,234,12234,119,714.0,5.95,9.94245,0.97833562
cold,0,1,0,3e-05,0.05,512,3,5,4,256,6000,8.0,2633729,1,1,9974,1103,600008,2,234,12234,120,720.0,6.0,10.026,0.974244
cold,0,1,0,3e-05,0.05,512,3,5,4,256,6000,8.0,2633729,1,1,9974,1103,600008,2,1023,13023,1,6.0,0.05,0.08355,0.02445187
cold,0,1,0,3e-05,0.05,512,3,5,4,256,6000,8.0,2633729,1,1,9974,1103,600008,2,1023,13023,2,12.0,0.1,0.1671,0.02853143
cold,0,1,0,3e-05,0.05,512,3,5,4,256,6000,8.0,2633729,1,1,9974,1103,600008,2,1023,13023,3,18.0,0.15,0.25065,0.03355796
cold,0,1,0,3e-05,0.05,512,3,5,4,256,6000,8.0,2633729,1,1,9974,1103,600008,2,1023,13023,4,24.0,0.2,0.3342,0.03959516
cold,0,1,0,3e-05,0.05,512,3,5,4,256,6000,8.0,2633729,1,1,9974,1103,600008,2,1023,13023,5,30.0,0.25,0.41775,0.04582984
cold,0,1,0,3e-05,0.05,512,3,5,4,256,6000,8.0,2633729,1,1,9974,1103,600008,2,1023,13023,6,36.0,0.3,0.5013,0.05245391
cold,0,1,0,3e-05,0.05,512,3,5,4,256,6000,8.0,2633729,1,1,9974,1103,600008,2,1023,13023,7,42.0,0.35,0.58485,0.06000117
cold,0,1,0,3e-05,0.05,512,3,5,4,256,6000,8.0,2633729,1,1,9974,1103,600008,2,1023,13023,8,48.0,0.4,0.6684,0.0681757
cold,0,1,0,3e-05,0.05,512,3,5,4,256,6000,8.0,2633729,1,1,9974,1103,600008,2,1023,13023,9,54.0,0.45,0.75195,0.07701761
cold,0,1,0,3e-05,0.05,512,3,5,4,256,6000,8.0,2633729,1,1,9974,1103,600008,2,1023,13023,10,60.0,0.5,0.8355,0.08752836
cold,0,1,0,3e-05,0.05,512,3,5,4,256,6000,8.0,2633729,1,1,9974,1103,600008,2,1023,13023,11,66.0,0.55,0.91905,0.09904891
cold,0,1,0,3e-05,0.05,512,3,5,4,256,6000,8.0,2633729,1,1,9974,1103,600008,2,1023,13023,12,72.0,0.6,1.0026,0.1103814
cold,0,1,0,3e-05,0.05,512,3,5,4,256,6000,8.0,2633729,1,1,9974,1103,600008,2,1023,13023,13,78.0,0.65,1.08615,0.12182791
cold,0,1,0,3e-05,0.05,512,3,5,4,256,6000,8.0,2633729,1,1,9974,1103,600008,2,1023,13023,14,84.0,0.7,1.1697,0.13496493
cold,0,1,0,3e-05,0.05,512,3,5,4,256,6000,8.0,2633729,1,1,9974,1103,600008,2,1023,13023,15,90.0,0.75,1.25325,0.14988744
cold,0,1,0,3e-05,0.05,512,3,5,4,256,6000,8.0,2633729,1,1,9974,1103,600008,2,1023,13023,16,96.0,0.8,1.3368,0.16515818
cold,0,1,0,3e-05,0.05,512,3,5,4,256,6000,8.0,2633729,1,1,9974,1103,600008,2,1023,13023,17,102.0,0.85,1.42035,0.17974529
cold,0,1,0,3e-05,0.05,512,3,5,4,256,6000,8.0,2633729,1,1,9974,1103,600008,2,1023,13023,18,108.0,0.9,1.5039,0.19369985
cold,0,1,0,3e-05,0.05,512,3,5,4,256,6000,8.0,2633729,1,1,9974,1103,600008,2,1023,13023,19,114.0,0.95,1.58745,0.20819102
cold,0,1,0,3e-05,0.05,512,3,5,4,256,6000,8.0,2633729,1,1,9974,1103,600008,2,1023,13023,20,120.0,1.0,1.671,0.22446702
cold,0,1,0,3e-05,0.05,512,3,5,4,256,6000,8.0,2633729,1,1,9974,1103,600008,2,1023,13023,21,126.0,1.05,1.75455,0.24332733
cold,0,1,0,3e-05,0.05,512,3,5,4,256,6000,8.0,2633729,1,1,9974,1103,600008,2,1023,13023,22,132.0,1.1,1.8381,0.2652669
cold,0,1,0,3e-05,0.05,512,3,5,4,256,6000,8.0,2633729,1,1,9974,1103,600008,2,1023,13023,23,138.0,1.15,1.92165,0.29026708
cold,0,1,0,3e-05,0.05,512,3,5,4,256,6000,8.0,2633729,1,1,9974,1103,600008,2,1023,13023,24,144.0,1.2,2.0052,0.31703356
cold,0,1,0,3e-05,0.05,512,3,5,4,256,6000,8.0,2633729,1,1,9974,1103,600008,2,1023,13023,25,150.0,1.25,2.08875,0.3435837
cold,0,1,0,3e-05,0.05,512,3,5,4,256,6000,8.0,2633729,1,1,9974,1103,600008,2,1023,13023,26,156.0,1.3,2.1723,0.36817476
cold,0,1,0,3e-05,0.05,512,3,5,4,256,6000,8.0,2633729,1,1,9974,1103,600008,2,1023,13023,27,162.0,1.35,2.25585,0.39000919
cold,0,1,0,3e-05,0.05,512,3,5,4,256,6000,8.0,2633729,1,1,9974,1103,600008,2,1023,13023,28,168.0,1.4,2.3394,0.40921161
cold,0,1,0,3e-05,0.05,512,3,5,4,256,6000,8.0,2633729,1,1,9974,1103,600008,2,1023,13023,29,174.0,1.45,2.42295,0.42764008
cold,0,1,0,3e-05,0.05,512,3,5,4,256,6000,8.0,2633729,1,1,9974,1103,600008,2,1023,13023,30,180.0,1.5,2.5065,0.44762886
cold,0,1,0,3e-05,0.05,512,3,5,4,256,6000,8.0,2633729,1,1,9974,1103,600008,2,1023,13023,31,186.0,1.55,2.59005,0.47016656
cold,0,1,0,3e-05,0.05,512,3,5,4,256,6000,8.0,2633729,1,1,9974,1103,600008,2,1023,13023,32,192.0,1.6,2.6736,0.49276003
cold,0,1,0,3e-05,0.05,512,3,5,4,256,6000,8.0,2633729,1,1,9974,1103,600008,2,1023,13023,33,198.0,1.65,2.75715,0.51200402
cold,0,1,0,3e-05,0.05,512,3,5,4,256,6000,8.0,2633729,1,1,9974,1103,600008,2,1023,13023,34,204.0,1.7,2.8407,0.52828544
cold,0,1,0,3e-05,0.05,512,3,5,4,256,6000,8.0,2633729,1,1,9974,1103,600008,2,1023,13023,35,210.0,1.75,2.92425,0.54425961
cold,0,1,0,3e-05,0.05,512,3,5,4,256,6000,8.0,2633729,1,1,9974,1103,600008,2,1023,13023,36,216.0,1.8,3.0078,0.56072938
cold,0,1,0,3e-05,0.05,512,3,5,4,256,6000,8.0,2633729,1,1,9974,1103,600008,2,1023,13023,37,222.0,1.85,3.09135,0.57751292
cold,0,1,0,3e-05,0.05,512,3,5,4,256,6000,8.0,2633729,1,1,9974,1103,600008,2,1023,13023,38,228.0,1.9,3.1749,0.5943265
cold,0,1,0,3e-05,0.05,512,3,5,4,256,6000,8.0,2633729,1,1,9974,1103,600008,2,1023,13023,39,234.0,1.95,3.25845,0.61046088
cold,0,1,0,3e-05,0.05,512,3,5,4,256,6000,8.0,2633729,1,1,9974,1103,600008,2,1023,13023,40,240.0,2.0,3.342,0.62460762
cold,0,1,0,3e-05,0.05,512,3,5,4,256,6000,8.0,2633729,1,1,9974,1103,600008,2,1023,13023,41,246.0,2.05,3.42555,0.63709962
cold,0,1,0,3e-05,0.05,512,3,5,4,256,6000,8.0,2633729,1,1,9974,1103,600008,2,1023,13023,42,252.0,2.1,3.5091,0.65084171
cold,0,1,0,3e-05,0.05,512,3,5,4,256,6000,8.0,2633729,1,1,9974,1103,600008,2,1023,13023,43,258.0,2.15,3.59265,0.66777134
cold,0,1,0,3e-05,0.05,512,3,5,4,256,6000,8.0,2633729,1,1,9974,1103,600008,2,1023,13023,44,264.0,2.2,3.6762,0.68615162
cold,0,1,0,3e-05,0.05,512,3,5,4,256,6000,8.0,2633729,1,1,9974,1103,600008,2,1023,13023,45,270.0,2.25,3.75975,0.70235157
cold,0,1,0,3e-05,0.05,512,3,5,4,256,6000,8.0,2633729,1,1,9974,1103,600008,2,1023,13023,46,276.0,2.3,3.8433,0.71484065
cold,0,1,0,3e-05,0.05,512,3,5,4,256,6000,8.0,2633729,1,1,9974,1103,600008,2,1023,13023,47,282.0,2.35,3.92685,0.72547513
cold,0,1,0,3e-05,0.05,512,3,5,4,256,6000,8.0,2633729,1,1,9974,1103,600008,2,1023,13023,48,288.0,2.4,4.0104,0.73665005
cold,0,1,0,3e-05,0.05,512,3,5,4,256,6000,8.0,2633729,1,1,9974,1103,600008,2,1023,13023,49,294.0,2.45,4.09395,0.7488398
cold,0,1,0,3e-05,0.05,512,3,5,4,256,6000,8.0,2633729,1,1,9974,1103,600008,2,1023,13023,50,300.0,2.5,4.1775,0.76123339
cold,0,1,0,3e-05,0.05,512,3,5,4,256,6000,8.0,2633729,1,1,9974,1103,600008,2,1023,13023,51,306.0,2.55,4.26105,0.77329236
cold,0,1,0,3e-05,0.05,512,3,5,4,256,6000,8.0,2633729,1,1,9974,1103,600008,2,1023,13023,52,312.0,2.6,4.3446,0.78538513
cold,0,1,0,3e-05,0.05,512,3,5,4,256,6000,8.0,2633729,1,1,9974,1103,600008,2,1023,13023,53,318.0,2.65,4.42815,0.79785192
cold,0,1,0,3e-05,0.05,512,3,5,4,256,6000,8.0,2633729,1,1,9974,1103,600008,2,1023,13023,54,324.0,2.7,4.5117,0.80987018
cold,0,1,0,3e-05,0.05,512,3,5,4,256,6000,8.0,2633729,1,1,9974,1103,600008,2,1023,13023,55,330.0,2.75,4.59525,0.82018584
cold,0,1,0,3e-05,0.05,512,3,5,4,256,6000,8.0,2633729,1,1,9974,1103,600008,2,1023,13023,56,336.0,2.8,4.6788,0.82965261
cold,0,1,0,3e-05,0.05,512,3,5,4,256,6000,8.0,2633729,1,1,9974,1103,600008,2,1023,13023,57,342.0,2.85,4.76235,0.84008068
cold,0,1,0,3e-05,0.05,512,3,5,4,256,6000,8.0,2633729,1,1,9974,1103,600008,2,1023,13023,58,348.0,2.9,4.8459,0.85106272
cold,0,1,0,3e-05,0.05,512,3,5,4,256,6000,8.0,2633729,1,1,9974,1103,600008,2,1023,13023,59,354.0,2.95,4.92945,0.86047298
cold,0,1,0,3e-05,0.05,512,3,5,4,256,6000,8.0,2633729,1,1,9974,1103,600008,2,1023,13023,60,360.0,3.0,5.013,0.86762828
cold,0,1,0,3e-05,0.05,512,3,5,4,256,6000,8.0,2633729,1,1,9974,1103,600008,2,1023,13023,61,366.0,3.05,5.09655,0.87463504
cold,0,1,0,3e-05,0.05,512,3,5,4,256,6000,8.0,2633729,1,1,9974,1103,600008,2,1023,13023,62,372.0,3.1,5.1801,0.88258451
cold,0,1,0,3e-05,0.05,512,3,5,4,256,6000,8.0,2633729,1,1,9974,1103,600008,2,1023,13023,63,378.0,3.15,5.26365,0.89023823
cold,0,1,0,3e-05,0.05,512,3,5,4,256,6000,8.0,2633729,1,1,9974,1103,600008,2,1023,13023,64,384.0,3.2,5.3472,0.89694828
cold,0,1,0,3e-05,0.05,512,3,5,4,256,6000,8.0,2633729,1,1,9974,1103,600008,2,1023,13023,65,390.0,3.25,5.43075,0.90313929
cold,0,1,0,3e-05,0.05,512,3,5,4,256,6000,8.0,2633729,1,1,9974,1103,600008,2,1023,13023,66,396.0,3.3,5.5143,0.90901017
cold,0,1,0,3e-05,0.05,512,3,5,4,256,6000,8.0,2633729,1,1,9974,1103,600008,2,1023,13023,67,402.0,3.35,5.59785,0.9137122
cold,0,1,0,3e-05,0.05,512,3,5,4,256,6000,8.0,2633729,1,1,9974,1103,600008,2,1023,13023,68,408.0,3.4,5.6814,0.91598314
cold,0,1,0,3e-05,0.05,512,3,5,4,256,6000,8.0,2633729,1,1,9974,1103,600008,2,1023,13023,69,414.0,3.45,5.76495,0.91603112
cold,0,1,0,3e-05,0.05,512,3,5,4,256,6000,8.0,2633729,1,1,9974,1103,600008,2,1023,13023,70,420.0,3.5,5.8485,0.91522402
cold,0,1,0,3e-05,0.05,512,3,5,4,256,6000,8.0,2633729,1,1,9974,1103,600008,2,1023,13023,71,426.0,3.55,5.93205,0.91492695
cold,0,1,0,3e-05,0.05,512,3,5,4,256,6000,8.0,2633729,1,1,9974,1103,600008,2,1023,13023,72,432.0,3.6,6.0156,0.91695446
cold,0,1,0,3e-05,0.05,512,3,5,4,256,6000,8.0,2633729,1,1,9974,1103,600008,2,1023,13023,73,438.0,3.65,6.09915,0.92323101
cold,0,1,0,3e-05,0.05,512,3,5,4,256,6000,8.0,2633729,1,1,9974,1103,600008,2,1023,13023,74,444.0,3.7,6.1827,0.9333176
cold,0,1,0,3e-05,0.05,512,3,5,4,256,6000,8.0,2633729,1,1,9974,1103,600008,2,1023,13023,75,450.0,3.75,6.26625,0.94283497
cold,0,1,0,3e-05,0.05,512,3,5,4,256,6000,8.0,2633729,1,1,9974,1103,600008,2,1023,13023,76,456.0,3.8,6.3498,0.94830042
cold,0,1,0,3e-05,0.05,512,3,5,4,256,6000,8.0,2633729,1,1,9974,1103,600008,2,1023,13023,77,462.0,3.85,6.43335,0.95009863
cold,0,1,0,3e-05,0.05,512,3,5,4,256,6000,8.0,2633729,1,1,9974,1103,600008,2,1023,13023,78,468.0,3.9,6.5169,0.94888479
cold,0,1,0,3e-05,0.05,512,3,5,4,256,6000,8.0,2633729,1,1,9974,1103,600008,2,1023,13023,79,474.0,3.95,6.60045,0.94524288
cold,0,1,0,3e-05,0.05,512,3,5,4,256,6000,8.0,2633729,1,1,9974,1103,600008,2,1023,13023,80,480.0,4.0,6.684,0.94230473
cold,0,1,0,3e-05,0.05,512,3,5,4,256,6000,8.0,2633729,1,1,9974,1103,600008,2,1023,13023,81,486.0,4.05,6.76755,0.94412863
cold,0,1,0,3e-05,0.05,512,3,5,4,256,6000,8.0,2633729,1,1,9974,1103,600008,2,1023,13023,82,492.0,4.1,6.8511,0.95043159
cold,0,1,0,3e-05,0.05,512,3,5,4,256,6000,8.0,2633729,1,1,9974,1103,600008,2,1023,13023,83,498.0,4.15,6.93465,0.95716262
cold,0,1,0,3e-05,0.05,512,3,5,4,256,6000,8.0,2633729,1,1,9974,1103,600008,2,1023,13023,84,504.0,4.2,7.0182,0.96078414
cold,0,1,0,3e-05,0.05,512,3,5,4,256,6000,8.0,2633729,1,1,9974,1103,600008,2,1023,13023,85,510.0,4.25,7.10175,0.96038717
cold,0,1,0,3e-05,0.05,512,3,5,4,256,6000,8.0,2633729,1,1,9974,1103,600008,2,1023,13023,86,516.0,4.3,7.1853,0.95784706
cold,0,1,0,3e-05,0.05,512,3,5,4,256,6000,8.0,2633729,1,1,9974,1103,600008,2,1023,13023,87,522.0,4.35,7.26885,0.95567429
cold,0,1,0,3e-05,0.05,512,3,5,4,256,6000,8.0,2633729,1,1,9974,1103,600008,2,1023,13023,88,528.0,4.4,7.3524,0.95587081
cold,0,1,0,3e-05,0.05,512,3,5,4,256,6000,8.0,2633729,1,1,9974,1103,600008,2,1023,13023,89,534.0,4.45,7.43595,0.95907885
cold,0,1,0,3e-05,0.05,512,3,5,4,256,6000,8.0,2633729,1,1,9974,1103,600008,2,1023,13023,90,540.0,4.5,7.5195,0.96326762
cold,0,1,0,3e-05,0.05,512,3,5,4,256,6000,8.0,2633729,1,1,9974,1103,600008,2,1023,13023,91,546.0,4.55,7.60305,0.96578318
cold,0,1,0,3e-05,0.05,512,3,5,4,256,6000,8.0,2633729,1,1,9974,1103,600008,2,1023,13023,92,552.0,4.6,7.6866,0.96605325
cold,0,1,0,3e-05,0.05,512,3,5,4,256,6000,8.0,2633729,1,1,9974,1103,600008,2,1023,13023,93,558.0,4.65,7.77015,0.96555924
cold,0,1,0,3e-05,0.05,512,3,5,4,256,6000,8.0,2633729,1,1,9974,1103,600008,2,1023,13023,94,564.0,4.7,7.8537,0.96612114
cold,0,1,0,3e-05,0.05,512,3,5,4,256,6000,8.0,2633729,1,1,9974,1103,600008,2,1023,13023,95,570.0,4.75,7.93725,0.96833122
cold,0,1,0,3e-05,0.05,512,3,5,4,256,6000,8.0,2633729,1,1,9974,1103,600008,2,1023,13023,96,576.0,4.8,8.0208,0.97166979
cold,0,1,0,3e-05,0.05,512,3,5,4,256,6000,8.0,2633729,1,1,9974,1103,600008,2,1023,13023,97,582.0,4.85,8.10435,0.97469968
cold,0,1,0,3e-05,0.05,512,3,5,4,256,6000,8.0,2633729,1,1,9974,1103,600008,2,1023,13023,98,588.0,4.9,8.1879,0.97589481
cold,0,1,0,3e-05,0.05,512,3,5,4,256,6000,8.0,2633729,1,1,9974,1103,600008,2,1023,13023,99,594.0,4.95,8.27145,0.97506291
cold,0,1,0,3e-05,0.05,512,3,5,4,256,6000,8.0,2633729,1,1,9974,1103,600008,2,1023,13023,100,600.0,5.0,8.355,0.97323072
cold,0,1,0,3e-05,0.05,512,3,5,4,256,6000,8.0,2633729,1,1,9974,1103,600008,2,1023,13023,101,606.0,5.05,8.43855,0.9721036
cold,0,1,0,3e-05,0.05,512,3,5,4,256,6000,8.0,2633729,1,1,9974,1103,600008,2,1023,13023,102,612.0,5.1,8.5221,0.97319478
cold,0,1,0,3e-05,0.05,512,3,5,4,256,6000,8.0,2633729,1,1,9974,1103,600008,2,1023,13023,103,618.0,5.15,8.60565,0.97591096
cold,0,1,0,3e-05,0.05,512,3,5,4,256,6000,8.0,2633729,1,1,9974,1103,600008,2,1023,13023,104,624.0,5.2,8.6892,0.97771865
cold,0,1,0,3e-05,0.05,512,3,5,4,256,6000,8.0,2633729,1,1,9974,1103,600008,2,1023,13023,105,630.0,5.25,8.77275,0.97708577
cold,0,1,0,3e-05,0.05,512,3,5,4,256,6000,8.0,2633729,1,1,9974,1103,600008,2,1023,13023,106,636.0,5.3,8.8563,0.97477204
cold,0,1,0,3e-05,0.05,512,3,5,4,256,6000,8.0,2633729,1,1,9974,1103,600008,2,1023,13023,107,642.0,5.35,8.93985,0.97246355
cold,0,1,0,3e-05,0.05,512,3,5,4,256,6000,8.0,2633729,1,1,9974,1103,600008,2,1023,13023,108,648.0,5.4,9.0234,0.97057855
cold,0,1,0,3e-05,0.05,512,3,5,4,256,6000,8.0,2633729,1,1,9974,1103,600008,2,1023,13023,109,654.0,5.45,9.10695,0.96921533
cold,0,1,0,3e-05,0.05,512,3,5,4,256,6000,8.0,2633729,1,1,9974,1103,600008,2,1023,13023,110,660.0,5.5,9.1905,0.9699623
cold,0,1,0,3e-05,0.05,512,3,5,4,256,6000,8.0,2633729,1,1,9974,1103,600008,2,1023,13023,111,666.0,5.55,9.27405,0.97345394
cold,0,1,0,3e-05,0.05,512,3,5,4,256,6000,8.0,2633729,1,1,9974,1103,600008,2,1023,13023,112,672.0,5.6,9.3576,0.97706139
cold,0,1,0,3e-05,0.05,512,3,5,4,256,6000,8.0,2633729,1,1,9974,1103,600008,2,1023,13023,113,678.0,5.65,9.44115,0.97775644
cold,0,1,0,3e-05,0.05,512,3,5,4,256,6000,8.0,2633729,1,1,9974,1103,600008,2,1023,13023,114,684.0,5.7,9.5247,0.97563148
cold,0,1,0,3e-05,0.05,512,3,5,4,256,6000,8.0,2633729,1,1,9974,1103,600008,2,1023,13023,115,690.0,5.75,9.60825,0.97203982
cold,0,1,0,3e-05,0.05,512,3,5,4,256,6000,8.0,2633729,1,1,9974,1103,600008,2,1023,13023,116,696.0,5.8,9.6918,0.9683668
cold,0,1,0,3e-05,0.05,512,3,5,4,256,6000,8.0,2633729,1,1,9974,1103,600008,2,1023,13023,117,702.0,5.85,9.77535,0.96645898
cold,0,1,0,3e-05,0.05,512,3,5,4,256,6000,8.0,2633729,1,1,9974,1103,600008,2,1023,13023,118,708.0,5.9,9.8589,0.96581781
cold,0,1,0,3e-05,0.05,512,3,5,4,256,6000,8.0,2633729,1,1,9974,1103,600008,2,1023,13023,119,714.0,5.95,9.94245,0.96374094
cold,0,1,0,3e-05,0.05,512,3,5,4,256,6000,8.0,2633729,1,1,9974,1103,600008,2,1023,13023,120,720.0,6.0,10.026,0.95998722
cold,0,1,0,3e-05,0.05,512,3,5,4,256,6000,8.0,2633729,1,1,9974,1103,600008,2,4468,16468,1,6.0,0.05,0.08355,0.02059813
cold,0,1,0,3e-05,0.05,512,3,5,4,256,6000,8.0,2633729,1,1,9974,1103,600008,2,4468,16468,2,12.0,0.1,0.1671,0.02431181
cold,0,1,0,3e-05,0.05,512,3,5,4,256,6000,8.0,2633729,1,1,9974,1103,600008,2,4468,16468,3,18.0,0.15,0.25065,0.0286392
cold,0,1,0,3e-05,0.05,512,3,5,4,256,6000,8.0,2633729,1,1,9974,1103,600008,2,4468,16468,4,24.0,0.2,0.3342,0.03314553
cold,0,1,0,3e-05,0.05,512,3,5,4,256,6000,8.0,2633729,1,1,9974,1103,600008,2,4468,16468,5,30.0,0.25,0.41775,0.03758734
cold,0,1,0,3e-05,0.05,512,3,5,4,256,6000,8.0,2633729,1,1,9974,1103,600008,2,4468,16468,6,36.0,0.3,0.5013,0.04315119
cold,0,1,0,3e-05,0.05,512,3,5,4,256,6000,8.0,2633729,1,1,9974,1103,600008,2,4468,16468,7,42.0,0.35,0.58485,0.04910928
cold,0,1,0,3e-05,0.05,512,3,5,4,256,6000,8.0,2633729,1,1,9974,1103,600008,2,4468,16468,8,48.0,0.4,0.6684,0.0552397
cold,0,1,0,3e-05,0.05,512,3,5,4,256,6000,8.0,2633729,1,1,9974,1103,600008,2,4468,16468,9,54.0,0.45,0.75195,0.06159411
cold,0,1,0,3e-05,0.05,512,3,5,4,256,6000,8.0,2633729,1,1,9974,1103,600008,2,4468,16468,10,60.0,0.5,0.8355,0.0685937
cold,0,1,0,3e-05,0.05,512,3,5,4,256,6000,8.0,2633729,1,1,9974,1103,600008,2,4468,16468,11,66.0,0.55,0.91905,0.07622304
cold,0,1,0,3e-05,0.05,512,3,5,4,256,6000,8.0,2633729,1,1,9974,1103,600008,2,4468,16468,12,72.0,0.6,1.0026,0.08488692
cold,0,1,0,3e-05,0.05,512,3,5,4,256,6000,8.0,2633729,1,1,9974,1103,600008,2,4468,16468,13,78.0,0.65,1.08615,0.09486788
cold,0,1,0,3e-05,0.05,512,3,5,4,256,6000,8.0,2633729,1,1,9974,1103,600008,2,4468,16468,14,84.0,0.7,1.1697,0.10669063
cold,0,1,0,3e-05,0.05,512,3,5,4,256,6000,8.0,2633729,1,1,9974,1103,600008,2,4468,16468,15,90.0,0.75,1.25325,0.12006296
cold,0,1,0,3e-05,0.05,512,3,5,4,256,6000,8.0,2633729,1,1,9974,1103,600008,2,4468,16468,16,96.0,0.8,1.3368,0.13389491
cold,0,1,0,3e-05,0.05,512,3,5,4,256,6000,8.0,2633729,1,1,9974,1103,600008,2,4468,16468,17,102.0,0.85,1.42035,0.14765002
cold,0,1,0,3e-05,0.05,512,3,5,4,256,6000,8.0,2633729,1,1,9974,1103,600008,2,4468,16468,18,108.0,0.9,1.5039,0.16127956
cold,0,1,0,3e-05,0.05,512,3,5,4,256,6000,8.0,2633729,1,1,9974,1103,600008,2,4468,16468,19,114.0,0.95,1.58745,0.17496459
cold,0,1,0,3e-05,0.05,512,3,5,4,256,6000,8.0,2633729,1,1,9974,1103,600008,2,4468,16468,20,120.0,1.0,1.671,0.18929724
cold,0,1,0,3e-05,0.05,512,3,5,4,256,6000,8.0,2633729,1,1,9974,1103,600008,2,4468,16468,21,126.0,1.05,1.75455,0.20476232
cold,0,1,0,3e-05,0.05,512,3,5,4,256,6000,8.0,2633729,1,1,9974,1103,600008,2,4468,16468,22,132.0,1.1,1.8381,0.22177853
cold,0,1,0,3e-05,0.05,512,3,5,4,256,6000,8.0,2633729,1,1,9974,1103,600008,2,4468,16468,23,138.0,1.15,1.92165,0.24125807
cold,0,1,0,3e-05,0.05,512,3,5,4,256,6000,8.0,2633729,1,1,9974,1103,600008,2,4468,16468,24,144.0,1.2,2.0052,0.26333076
cold,0,1,0,3e-05,0.05,512,3,5,4,256,6000,8.0,2633729,1,1,9974,1103,600008,2,4468,16468,25,150.0,1.25,2.08875,0.28656334
cold,0,1,0,3e-05,0.05,512,3,5,4,256,6000,8.0,2633729,1,1,9974,1103,600008,2,4468,16468,26,156.0,1.3,2.1723,0.30908296
cold,0,1,0,3e-05,0.05,512,3,5,4,256,6000,8.0,2633729,1,1,9974,1103,600008,2,4468,16468,27,162.0,1.35,2.25585,0.32932028
cold,0,1,0,3e-05,0.05,512,3,5,4,256,6000,8.0,2633729,1,1,9974,1103,600008,2,4468,16468,28,168.0,1.4,2.3394,0.34604347
cold,0,1,0,3e-05,0.05,512,3,5,4,256,6000,8.0,2633729,1,1,9974,1103,600008,2,4468,16468,29,174.0,1.45,2.42295,0.35893577
cold,0,1,0,3e-05,0.05,512,3,5,4,256,6000,8.0,2633729,1,1,9974,1103,600008,2,4468,16468,30,180.0,1.5,2.5065,0.37075162
cold,0,1,0,3e-05,0.05,512,3,5,4,256,6000,8.0,2633729,1,1,9974,1103,600008,2,4468,16468,31,186.0,1.55,2.59005,0.38625294
cold,0,1,0,3e-05,0.05,512,3,5,4,256,6000,8.0,2633729,1,1,9974,1103,600008,2,4468,16468,32,192.0,1.6,2.6736,0.40602532
cold,0,1,0,3e-05,0.05,512,3,5,4,256,6000,8.0,2633729,1,1,9974,1103,600008,2,4468,16468,33,198.0,1.65,2.75715,0.42570952
cold,0,1,0,3e-05,0.05,512,3,5,4,256,6000,8.0,2633729,1,1,9974,1103,600008,2,4468,16468,34,204.0,1.7,2.8407,0.44200951
cold,0,1,0,3e-05,0.05,512,3,5,4,256,6000,8.0,2633729,1,1,9974,1103,600008,2,4468,16468,35,210.0,1.75,2.92425,0.45535487
cold,0,1,0,3e-05,0.05,512,3,5,4,256,6000,8.0,2633729,1,1,9974,1103,600008,2,4468,16468,36,216.0,1.8,3.0078,0.46907637
cold,0,1,0,3e-05,0.05,512,3,5,4,256,6000,8.0,2633729,1,1,9974,1103,600008,2,4468,16468,37,222.0,1.85,3.09135,0.48693359
cold,0,1,0,3e-05,0.05,512,3,5,4,256,6000,8.0,2633729,1,1,9974,1103,600008,2,4468,16468,38,228.0,1.9,3.1749,0.50914502
cold,0,1,0,3e-05,0.05,512,3,5,4,256,6000,8.0,2633729,1,1,9974,1103,600008,2,4468,16468,39,234.0,1.95,3.25845,0.53242952
cold,0,1,0,3e-05,0.05,512,3,5,4,256,6000,8.0,2633729,1,1,9974,1103,600008,2,4468,16468,40,240.0,2.0,3.342,0.55517948
cold,0,1,0,3e-05,0.05,512,3,5,4,256,6000,8.0,2633729,1,1,9974,1103,600008,2,4468,16468,41,246.0,2.05,3.42555,0.57873458
cold,0,1,0,3e-05,0.05,512,3,5,4,256,6000,8.0,2633729,1,1,9974,1103,600008,2,4468,16468,42,252.0,2.1,3.5091,0.60354728
cold,0,1,0,3e-05,0.05,512,3,5,4,256,6000,8.0,2633729,1,1,9974,1103,600008,2,4468,16468,43,258.0,2.15,3.59265,0.6277622
cold,0,1,0,3e-05,0.05,512,3,5,4,256,6000,8.0,2633729,1,1,9974,1103,600008,2,4468,16468,44,264.0,2.2,3.6762,0.65027839
cold,0,1,0,3e-05,0.05,512,3,5,4,256,6000,8.0,2633729,1,1,9974,1103,600008,2,4468,16468,45,270.0,2.25,3.75975,0.67086005
cold,0,1,0,3e-05,0.05,512,3,5,4,256,6000,8.0,2633729,1,1,9974,1103,600008,2,4468,16468,46,276.0,2.3,3.8433,0.68804771
cold,0,1,0,3e-05,0.05,512,3,5,4,256,6000,8.0,2633729,1,1,9974,1103,600008,2,4468,16468,47,282.0,2.35,3.92685,0.70075774
cold,0,1,0,3e-05,0.05,512,3,5,4,256,6000,8.0,2633729,1,1,9974,1103,600008,2,4468,16468,48,288.0,2.4,4.0104,0.71049321
cold,0,1,0,3e-05,0.05,512,3,5,4,256,6000,8.0,2633729,1,1,9974,1103,600008,2,4468,16468,49,294.0,2.45,4.09395,0.71994174
cold,0,1,0,3e-05,0.05,512,3,5,4,256,6000,8.0,2633729,1,1,9974,1103,600008,2,4468,16468,50,300.0,2.5,4.1775,0.7306307
cold,0,1,0,3e-05,0.05,512,3,5,4,256,6000,8.0,2633729,1,1,9974,1103,600008,2,4468,16468,51,306.0,2.55,4.26105,0.74179149
cold,0,1,0,3e-05,0.05,512,3,5,4,256,6000,8.0,2633729,1,1,9974,1103,600008,2,4468,16468,52,312.0,2.6,4.3446,0.7519598
cold,0,1,0,3e-05,0.05,512,3,5,4,256,6000,8.0,2633729,1,1,9974,1103,600008,2,4468,16468,53,318.0,2.65,4.42815,0.76091594
cold,0,1,0,3e-05,0.05,512,3,5,4,256,6000,8.0,2633729,1,1,9974,1103,600008,2,4468,16468,54,324.0,2.7,4.5117,0.76985097
cold,0,1,0,3e-05,0.05,512,3,5,4,256,6000,8.0,2633729,1,1,9974,1103,600008,2,4468,16468,55,330.0,2.75,4.59525,0.77965766
cold,0,1,0,3e-05,0.05,512,3,5,4,256,6000,8.0,2633729,1,1,9974,1103,600008,2,4468,16468,56,336.0,2.8,4.6788,0.79061097
cold,0,1,0,3e-05,0.05,512,3,5,4,256,6000,8.0,2633729,1,1,9974,1103,600008,2,4468,16468,57,342.0,2.85,4.76235,0.80274546
cold,0,1,0,3e-05,0.05,512,3,5,4,256,6000,8.0,2633729,1,1,9974,1103,600008,2,4468,16468,58,348.0,2.9,4.8459,0.81478602
cold,0,1,0,3e-05,0.05,512,3,5,4,256,6000,8.0,2633729,1,1,9974,1103,600008,2,4468,16468,59,354.0,2.95,4.92945,0.82485652
cold,0,1,0,3e-05,0.05,512,3,5,4,256,6000,8.0,2633729,1,1,9974,1103,600008,2,4468,16468,60,360.0,3.0,5.013,0.83208197
cold,0,1,0,3e-05,0.05,512,3,5,4,256,6000,8.0,2633729,1,1,9974,1103,600008,2,4468,16468,61,366.0,3.05,5.09655,0.83657414
cold,0,1,0,3e-05,0.05,512,3,5,4,256,6000,8.0,2633729,1,1,9974,1103,600008,2,4468,16468,62,372.0,3.1,5.1801,0.83937168
cold,0,1,0,3e-05,0.05,512,3,5,4,256,6000,8.0,2633729,1,1,9974,1103,600008,2,4468,16468,63,378.0,3.15,5.26365,0.84130406
cold,0,1,0,3e-05,0.05,512,3,5,4,256,6000,8.0,2633729,1,1,9974,1103,600008,2,4468,16468,64,384.0,3.2,5.3472,0.84275371
cold,0,1,0,3e-05,0.05,512,3,5,4,256,6000,8.0,2633729,1,1,9974,1103,600008,2,4468,16468,65,390.0,3.25,5.43075,0.84517103
cold,0,1,0,3e-05,0.05,512,3,5,4,256,6000,8.0,2633729,1,1,9974,1103,600008,2,4468,16468,66,396.0,3.3,5.5143,0.85020053
cold,0,1,0,3e-05,0.05,512,3,5,4,256,6000,8.0,2633729,1,1,9974,1103,600008,2,4468,16468,67,402.0,3.35,5.59785,0.85779762
cold,0,1,0,3e-05,0.05,512,3,5,4,256,6000,8.0,2633729,1,1,9974,1103,600008,2,4468,16468,68,408.0,3.4,5.6814,0.86579543
cold,0,1,0,3e-05,0.05,512,3,5,4,256,6000,8.0,2633729,1,1,9974,1103,600008,2,4468,16468,69,414.0,3.45,5.76495,0.8725698
cold,0,1,0,3e-05,0.05,512,3,5,4,256,6000,8.0,2633729,1,1,9974,1103,600008,2,4468,16468,70,420.0,3.5,5.8485,0.87891304
cold,0,1,0,3e-05,0.05,512,3,5,4,256,6000,8.0,2633729,1,1,9974,1103,600008,2,4468,16468,71,426.0,3.55,5.93205,0.885221
cold,0,1,0,3e-05,0.05,512,3,5,4,256,6000,8.0,2633729,1,1,9974,1103,600008,2,4468,16468,72,432.0,3.6,6.0156,0.89095467
cold,0,1,0,3e-05,0.05,512,3,5,4,256,6000,8.0,2633729,1,1,9974,1103,600008,2,4468,16468,73,438.0,3.65,6.09915,0.89709133
cold,0,1,0,3e-05,0.05,512,3,5,4,256,6000,8.0,2633729,1,1,9974,1103,600008,2,4468,16468,74,444.0,3.7,6.1827,0.9048034
cold,0,1,0,3e-05,0.05,512,3,5,4,256,6000,8.0,2633729,1,1,9974,1103,600008,2,4468,16468,75,450.0,3.75,6.26625,0.91295278
cold,0,1,0,3e-05,0.05,512,3,5,4,256,6000,8.0,2633729,1,1,9974,1103,600008,2,4468,16468,76,456.0,3.8,6.3498,0.91889936
cold,0,1,0,3e-05,0.05,512,3,5,4,256,6000,8.0,2633729,1,1,9974,1103,600008,2,4468,16468,77,462.0,3.85,6.43335,0.92055929
cold,0,1,0,3e-05,0.05,512,3,5,4,256,6000,8.0,2633729,1,1,9974,1103,600008,2,4468,16468,78,468.0,3.9,6.5169,0.91822547
cold,0,1,0,3e-05,0.05,512,3,5,4,256,6000,8.0,2633729,1,1,9974,1103,600008,2,4468,16468,79,474.0,3.95,6.60045,0.91524488
cold,0,1,0,3e-05,0.05,512,3,5,4,256,6000,8.0,2633729,1,1,9974,1103,600008,2,4468,16468,80,480.0,4.0,6.684,0.9150036
cold,0,1,0,3e-05,0.05,512,3,5,4,256,6000,8.0,2633729,1,1,9974,1103,600008,2,4468,16468,81,486.0,4.05,6.76755,0.91761684
cold,0,1,0,3e-05,0.05,512,3,5,4,256,6000,8.0,2633729,1,1,9974,1103,600008,2,4468,16468,82,492.0,4.1,6.8511,0.92212731
cold,0,1,0,3e-05,0.05,512,3,5,4,256,6000,8.0,2633729,1,1,9974,1103,600008,2,4468,16468,83,498.0,4.15,6.93465,0.92908466
cold,0,1,0,3e-05,0.05,512,3,5,4,256,6000,8.0,2633729,1,1,9974,1103,600008,2,4468,16468,84,504.0,4.2,7.0182,0.9379046
cold,0,1,0,3e-05,0.05,512,3,5,4,256,6000,8.0,2633729,1,1,9974,1103,600008,2,4468,16468,85,510.0,4.25,7.10175,0.94633448
cold,0,1,0,3e-05,0.05,512,3,5,4,256,6000,8.0,2633729,1,1,9974,1103,600008,2,4468,16468,86,516.0,4.3,7.1853,0.9522869
cold,0,1,0,3e-05,0.05,512,3,5,4,256,6000,8.0,2633729,1,1,9974,1103,600008,2,4468,16468,87,522.0,4.35,7.26885,0.95433939
cold,0,1,0,3e-05,0.05,512,3,5,4,256,6000,8.0,2633729,1,1,9974,1103,600008,2,4468,16468,88,528.0,4.4,7.3524,0.95320046
cold,0,1,0,3e-05,0.05,512,3,5,4,256,6000,8.0,2633729,1,1,9974,1103,600008,2,4468,16468,89,534.0,4.45,7.43595,0.95177794
cold,0,1,0,3e-05,0.05,512,3,5,4,256,6000,8.0,2633729,1,1,9974,1103,600008,2,4468,16468,90,540.0,4.5,7.5195,0.95297176
cold,0,1,0,3e-05,0.05,512,3,5,4,256,6000,8.0,2633729,1,1,9974,1103,600008,2,4468,16468,91,546.0,4.55,7.60305,0.95634997
cold,0,1,0,3e-05,0.05,512,3,5,4,256,6000,8.0,2633729,1,1,9974,1103,600008,2,4468,16468,92,552.0,4.6,7.6866,0.95906848
cold,0,1,0,3e-05,0.05,512,3,5,4,256,6000,8.0,2633729,1,1,9974,1103,600008,2,4468,16468,93,558.0,4.65,7.77015,0.95907897
cold,0,1,0,3e-05,0.05,512,3,5,4,256,6000,8.0,2633729,1,1,9974,1103,600008,2,4468,16468,94,564.0,4.7,7.8537,0.95737225
cold,0,1,0,3e-05,0.05,512,3,5,4,256,6000,8.0,2633729,1,1,9974,1103,600008,2,4468,16468,95,570.0,4.75,7.93725,0.95643538
cold,0,1,0,3e-05,0.05,512,3,5,4,256,6000,8.0,2633729,1,1,9974,1103,600008,2,4468,16468,96,576.0,4.8,8.0208,0.95696318
cold,0,1,0,3e-05,0.05,512,3,5,4,256,6000,8.0,2633729,1,1,9974,1103,600008,2,4468,16468,97,582.0,4.85,8.10435,0.9568221
cold,0,1,0,3e-05,0.05,512,3,5,4,256,6000,8.0,2633729,1,1,9974,1103,600008,2,4468,16468,98,588.0,4.9,8.1879,0.95321363
cold,0,1,0,3e-05,0.05,512,3,5,4,256,6000,8.0,2633729,1,1,9974,1103,600008,2,4468,16468,99,594.0,4.95,8.27145,0.94659966
cold,0,1,0,3e-05,0.05,512,3,5,4,256,6000,8.0,2633729,1,1,9974,1103,600008,2,4468,16468,100,600.0,5.0,8.355,0.94023055
cold,0,1,0,3e-05,0.05,512,3,5,4,256,6000,8.0,2633729,1,1,9974,1103,600008,2,4468,16468,101,606.0,5.05,8.43855,0.93747884
cold,0,1,0,3e-05,0.05,512,3,5,4,256,6000,8.0,2633729,1,1,9974,1103,600008,2,4468,16468,102,612.0,5.1,8.5221,0.93937957
cold,0,1,0,3e-05,0.05,512,3,5,4,256,6000,8.0,2633729,1,1,9974,1103,600008,2,4468,16468,103,618.0,5.15,8.60565,0.94404757
cold,0,1,0,3e-05,0.05,512,3,5,4,256,6000,8.0,2633729,1,1,9974,1103,600008,2,4468,16468,104,624.0,5.2,8.6892,0.94892758
cold,0,1,0,3e-05,0.05,512,3,5,4,256,6000,8.0,2633729,1,1,9974,1103,600008,2,4468,16468,105,630.0,5.25,8.77275,0.95412678
cold,0,1,0,3e-05,0.05,512,3,5,4,256,6000,8.0,2633729,1,1,9974,1103,600008,2,4468,16468,106,636.0,5.3,8.8563,0.96047741
cold,0,1,0,3e-05,0.05,512,3,5,4,256,6000,8.0,2633729,1,1,9974,1103,600008,2,4468,16468,107,642.0,5.35,8.93985,0.96638823
cold,0,1,0,3e-05,0.05,512,3,5,4,256,6000,8.0,2633729,1,1,9974,1103,600008,2,4468,16468,108,648.0,5.4,9.0234,0.9701618
cold,0,1,0,3e-05,0.05,512,3,5,4,256,6000,8.0,2633729,1,1,9974,1103,600008,2,4468,16468,109,654.0,5.45,9.10695,0.97187883
cold,0,1,0,3e-05,0.05,512,3,5,4,256,6000,8.0,2633729,1,1,9974,1103,600008,2,4468,16468,110,660.0,5.5,9.1905,0.97266781
cold,0,1,0,3e-05,0.05,512,3,5,4,256,6000,8.0,2633729,1,1,9974,1103,600008,2,4468,16468,111,666.0,5.55,9.27405,0.97313249
cold,0,1,0,3e-05,0.05,512,3,5,4,256,6000,8.0,2633729,1,1,9974,1103,600008,2,4468,16468,112,672.0,5.6,9.3576,0.97245449
cold,0,1,0,3e-05,0.05,512,3,5,4,256,6000,8.0,2633729,1,1,9974,1103,600008,2,4468,16468,113,678.0,5.65,9.44115,0.97078776
cold,0,1,0,3e-05,0.05,512,3,5,4,256,6000,8.0,2633729,1,1,9974,1103,600008,2,4468,16468,114,684.0,5.7,9.5247,0.97000825
cold,0,1,0,3e-05,0.05,512,3,5,4,256,6000,8.0,2633729,1,1,9974,1103,600008,2,4468,16468,115,690.0,5.75,9.60825,0.97113115
cold,0,1,0,3e-05,0.05,512,3,5,4,256,6000,8.0,2633729,1,1,9974,1103,600008,2,4468,16468,116,696.0,5.8,9.6918,0.97364521
cold,0,1,0,3e-05,0.05,512,3,5,4,256,6000,8.0,2633729,1,1,9974,1103,600008,2,4468,16468,117,702.0,5.85,9.77535,0.97612363
cold,0,1,0,3e-05,0.05,512,3,5,4,256,6000,8.0,2633729,1,1,9974,1103,600008,2,4468,16468,118,708.0,5.9,9.8589,0.97707307
cold,0,1,0,3e-05,0.05,512,3,5,4,256,6000,8.0,2633729,1,1,9974,1103,600008,2,4468,16468,119,714.0,5.95,9.94245,0.97598284
cold,0,1,0,3e-05,0.05,512,3,5,4,256,6000,8.0,2633729,1,1,9974,1103,600008,2,4468,16468,120,720.0,6.0,10.026,0.97354174
cold,0,1,0,3e-05,0.05,512,3,5,4,256,6000,8.0,2633729,1,1,9974,1103,600008,2,6000,18000,1,6.0,0.05,0.08355,0.02028616
cold,0,1,0,3e-05,0.05,512,3,5,4,256,6000,8.0,2633729,1,1,9974,1103,600008,2,6000,18000,2,12.0,0.1,0.1671,0.02394822
cold,0,1,0,3e-05,0.05,512,3,5,4,256,6000,8.0,2633729,1,1,9974,1103,600008,2,6000,18000,3,18.0,0.15,0.25065,0.02824338
cold,0,1,0,3e-05,0.05,512,3,5,4,256,6000,8.0,2633729,1,1,9974,1103,600008,2,6000,18000,4,24.0,0.2,0.3342,0.0325687
cold,0,1,0,3e-05,0.05,512,3,5,4,256,6000,8.0,2633729,1,1,9974,1103,600008,2,6000,18000,5,30.0,0.25,0.41775,0.03670828
cold,0,1,0,3e-05,0.05,512,3,5,4,256,6000,8.0,2633729,1,1,9974,1103,600008,2,6000,18000,6,36.0,0.3,0.5013,0.04202054
cold,0,1,0,3e-05,0.05,512,3,5,4,256,6000,8.0,2633729,1,1,9974,1103,600008,2,6000,18000,7,42.0,0.35,0.58485,0.04762476
cold,0,1,0,3e-05,0.05,512,3,5,4,256,6000,8.0,2633729,1,1,9974,1103,600008,2,6000,18000,8,48.0,0.4,0.6684,0.05347453
cold,0,1,0,3e-05,0.05,512,3,5,4,256,6000,8.0,2633729,1,1,9974,1103,600008,2,6000,18000,9,54.0,0.45,0.75195,0.05969985
cold,0,1,0,3e-05,0.05,512,3,5,4,256,6000,8.0,2633729,1,1,9974,1103,600008,2,6000,18000,10,60.0,0.5,0.8355,0.0667476
cold,0,1,0,3e-05,0.05,512,3,5,4,256,6000,8.0,2633729,1,1,9974,1103,600008,2,6000,18000,11,66.0,0.55,0.91905,0.07465906
cold,0,1,0,3e-05,0.05,512,3,5,4,256,6000,8.0,2633729,1,1,9974,1103,600008,2,6000,18000,12,72.0,0.6,1.0026,0.08368782
cold,0,1,0,3e-05,0.05,512,3,5,4,256,6000,8.0,2633729,1,1,9974,1103,600008,2,6000,18000,13,78.0,0.65,1.08615,0.09404177
cold,0,1,0,3e-05,0.05,512,3,5,4,256,6000,8.0,2633729,1,1,9974,1103,600008,2,6000,18000,14,84.0,0.7,1.1697,0.10633095
cold,0,1,0,3e-05,0.05,512,3,5,4,256,6000,8.0,2633729,1,1,9974,1103,600008,2,6000,18000,15,90.0,0.75,1.25325,0.12027497
cold,0,1,0,3e-05,0.05,512,3,5,4,256,6000,8.0,2633729,1,1,9974,1103,600008,2,6000,18000,16,96.0,0.8,1.3368,0.13471694
cold,0,1,0,3e-05,0.05,512,3,5,4,256,6000,8.0,2633729,1,1,9974,1103,600008,2,6000,18000,17,102.0,0.85,1.42035,0.14876808
cold,0,1,0,3e-05,0.05,512,3,5,4,256,6000,8.0,2633729,1,1,9974,1103,600008,2,6000,18000,18,108.0,0.9,1.5039,0.16198991
cold,0,1,0,3e-05,0.05,512,3,5,4,256,6000,8.0,2633729,1,1,9974,1103,600008,2,6000,18000,19,114.0,0.95,1.58745,0.17513295
cold,0,1,0,3e-05,0.05,512,3,5,4,256,6000,8.0,2633729,1,1,9974,1103,600008,2,6000,18000,20,120.0,1.0,1.671,0.18977576
cold,0,1,0,3e-05,0.05,512,3,5,4,256,6000,8.0,2633729,1,1,9974,1103,600008,2,6000,18000,21,126.0,1.05,1.75455,0.20650941
cold,0,1,0,3e-05,0.05,512,3,5,4,256,6000,8.0,2633729,1,1,9974,1103,600008,2,6000,18000,22,132.0,1.1,1.8381,0.22544654
cold,0,1,0,3e-05,0.05,512,3,5,4,256,6000,8.0,2633729,1,1,9974,1103,600008,2,6000,18000,23,138.0,1.15,1.92165,0.24726005
cold,0,1,0,3e-05,0.05,512,3,5,4,256,6000,8.0,2633729,1,1,9974,1103,600008,2,6000,18000,24,144.0,1.2,2.0052,0.27219859
cold,0,1,0,3e-05,0.05,512,3,5,4,256,6000,8.0,2633729,1,1,9974,1103,600008,2,6000,18000,25,150.0,1.25,2.08875,0.29886428
cold,0,1,0,3e-05,0.05,512,3,5,4,256,6000,8.0,2633729,1,1,9974,1103,600008,2,6000,18000,26,156.0,1.3,2.1723,0.32558051
cold,0,1,0,3e-05,0.05,512,3,5,4,256,6000,8.0,2633729,1,1,9974,1103,600008,2,6000,18000,27,162.0,1.35,2.25585,0.35094669
cold,0,1,0,3e-05,0.05,512,3,5,4,256,6000,8.0,2633729,1,1,9974,1103,600008,2,6000,18000,28,168.0,1.4,2.3394,0.37289813
cold,0,1,0,3e-05,0.05,512,3,5,4,256,6000,8.0,2633729,1,1,9974,1103,600008,2,6000,18000,29,174.0,1.45,2.42295,0.39045456
cold,0,1,0,3e-05,0.05,512,3,5,4,256,6000,8.0,2633729,1,1,9974,1103,600008,2,6000,18000,30,180.0,1.5,2.5065,0.4066757
cold,0,1,0,3e-05,0.05,512,3,5,4,256,6000,8.0,2633729,1,1,9974,1103,600008,2,6000,18000,31,186.0,1.55,2.59005,0.42655107
cold,0,1,0,3e-05,0.05,512,3,5,4,256,6000,8.0,2633729,1,1,9974,1103,600008,2,6000,18000,32,192.0,1.6,2.6736,0.45050314
cold,0,1,0,3e-05,0.05,512,3,5,4,256,6000,8.0,2633729,1,1,9974,1103,600008,2,6000,18000,33,198.0,1.65,2.75715,0.47375873
cold,0,1,0,3e-05,0.05,512,3,5,4,256,6000,8.0,2633729,1,1,9974,1103,600008,2,6000,18000,34,204.0,1.7,2.8407,0.49331814
cold,0,1,0,3e-05,0.05,512,3,5,4,256,6000,8.0,2633729,1,1,9974,1103,600008,2,6000,18000,35,210.0,1.75,2.92425,0.51069444
cold,0,1,0,3e-05,0.05,512,3,5,4,256,6000,8.0,2633729,1,1,9974,1103,600008,2,6000,18000,36,216.0,1.8,3.0078,0.53024137
cold,0,1,0,3e-05,0.05,512,3,5,4,256,6000,8.0,2633729,1,1,9974,1103,600008,2,6000,18000,37,222.0,1.85,3.09135,0.55469036
cold,0,1,0,3e-05,0.05,512,3,5,4,256,6000,8.0,2633729,1,1,9974,1103,600008,2,6000,18000,38,228.0,1.9,3.1749,0.58190197
cold,0,1,0,3e-05,0.05,512,3,5,4,256,6000,8.0,2633729,1,1,9974,1103,600008,2,6000,18000,39,234.0,1.95,3.25845,0.60761416
cold,0,1,0,3e-05,0.05,512,3,5,4,256,6000,8.0,2633729,1,1,9974,1103,600008,2,6000,18000,40,240.0,2.0,3.342,0.63017547
cold,0,1,0,3e-05,0.05,512,3,5,4,256,6000,8.0,2633729,1,1,9974,1103,600008,2,6000,18000,41,246.0,2.05,3.42555,0.65068567
cold,0,1,0,3e-05,0.05,512,3,5,4,256,6000,8.0,2633729,1,1,9974,1103,600008,2,6000,18000,42,252.0,2.1,3.5091,0.67046696
cold,0,1,0,3e-05,0.05,512,3,5,4,256,6000,8.0,2633729,1,1,9974,1103,600008,2,6000,18000,43,258.0,2.15,3.59265,0.68891138
cold,0,1,0,3e-05,0.05,512,3,5,4,256,6000,8.0,2633729,1,1,9974,1103,600008,2,6000,18000,44,264.0,2.2,3.6762,0.70329171
cold,0,1,0,3e-05,0.05,512,3,5,4,256,6000,8.0,2633729,1,1,9974,1103,600008,2,6000,18000,45,270.0,2.25,3.75975,0.71152562
cold,0,1,0,3e-05,0.05,512,3,5,4,256,6000,8.0,2633729,1,1,9974,1103,600008,2,6000,18000,46,276.0,2.3,3.8433,0.71539319
cold,0,1,0,3e-05,0.05,512,3,5,4,256,6000,8.0,2633729,1,1,9974,1103,600008,2,6000,18000,47,282.0,2.35,3.92685,0.71969783
cold,0,1,0,3e-05,0.05,512,3,5,4,256,6000,8.0,2633729,1,1,9974,1103,600008,2,6000,18000,48,288.0,2.4,4.0104,0.72796202
cold,0,1,0,3e-05,0.05,512,3,5,4,256,6000,8.0,2633729,1,1,9974,1103,600008,2,6000,18000,49,294.0,2.45,4.09395,0.7410568
cold,0,1,0,3e-05,0.05,512,3,5,4,256,6000,8.0,2633729,1,1,9974,1103,600008,2,6000,18000,50,300.0,2.5,4.1775,0.75809014
cold,0,1,0,3e-05,0.05,512,3,5,4,256,6000,8.0,2633729,1,1,9974,1103,600008,2,6000,18000,51,306.0,2.55,4.26105,0.77506912
cold,0,1,0,3e-05,0.05,512,3,5,4,256,6000,8.0,2633729,1,1,9974,1103,600008,2,6000,18000,52,312.0,2.6,4.3446,0.78735244
cold,0,1,0,3e-05,0.05,512,3,5,4,256,6000,8.0,2633729,1,1,9974,1103,600008,2,6000,18000,53,318.0,2.65,4.42815,0.79409635
cold,0,1,0,3e-05,0.05,512,3,5,4,256,6000,8.0,2633729,1,1,9974,1103,600008,2,6000,18000,54,324.0,2.7,4.5117,0.79841202
cold,0,1,0,3e-05,0.05,512,3,5,4,256,6000,8.0,2633729,1,1,9974,1103,600008,2,6000,18000,55,330.0,2.75,4.59525,0.80460662
cold,0,1,0,3e-05,0.05,512,3,5,4,256,6000,8.0,2633729,1,1,9974,1103,600008,2,6000,18000,56,336.0,2.8,4.6788,0.81534666
cold,0,1,0,3e-05,0.05,512,3,5,4,256,6000,8.0,2633729,1,1,9974,1103,600008,2,6000,18000,57,342.0,2.85,4.76235,0.82896388
cold,0,1,0,3e-05,0.05,512,3,5,4,256,6000,8.0,2633729,1,1,9974,1103,600008,2,6000,18000,58,348.0,2.9,4.8459,0.8403216
cold,0,1,0,3e-05,0.05,512,3,5,4,256,6000,8.0,2633729,1,1,9974,1103,600008,2,6000,18000,59,354.0,2.95,4.92945,0.84623849
cold,0,1,0,3e-05,0.05,512,3,5,4,256,6000,8.0,2633729,1,1,9974,1103,600008,2,6000,18000,60,360.0,3.0,5.013,0.84797204
cold,0,1,0,3e-05,0.05,512,3,5,4,256,6000,8.0,2633729,1,1,9974,1103,600008,2,6000,18000,61,366.0,3.05,5.09655,0.8495273
cold,0,1,0,3e-05,0.05,512,3,5,4,256,6000,8.0,2633729,1,1,9974,1103,600008,2,6000,18000,62,372.0,3.1,5.1801,0.85407686
cold,0,1,0,3e-05,0.05,512,3,5,4,256,6000,8.0,2633729,1,1,9974,1103,600008,2,6000,18000,63,378.0,3.15,5.26365,0.86276394
cold,0,1,0,3e-05,0.05,512,3,5,4,256,6000,8.0,2633729,1,1,9974,1103,600008,2,6000,18000,64,384.0,3.2,5.3472,0.87503701
cold,0,1,0,3e-05,0.05,512,3,5,4,256,6000,8.0,2633729,1,1,9974,1103,600008,2,6000,18000,65,390.0,3.25,5.43075,0.8893314
cold,0,1,0,3e-05,0.05,512,3,5,4,256,6000,8.0,2633729,1,1,9974,1103,600008,2,6000,18000,66,396.0,3.3,5.5143,0.90358275
cold,0,1,0,3e-05,0.05,512,3,5,4,256,6000,8.0,2633729,1,1,9974,1103,600008,2,6000,18000,67,402.0,3.35,5.59785,0.91499209
cold,0,1,0,3e-05,0.05,512,3,5,4,256,6000,8.0,2633729,1,1,9974,1103,600008,2,6000,18000,68,408.0,3.4,5.6814,0.92169803
cold,0,1,0,3e-05,0.05,512,3,5,4,256,6000,8.0,2633729,1,1,9974,1103,600008,2,6000,18000,69,414.0,3.45,5.76495,0.9250226
cold,0,1,0,3e-05,0.05,512,3,5,4,256,6000,8.0,2633729,1,1,9974,1103,600008,2,6000,18000,70,420.0,3.5,5.8485,0.92797232
cold,0,1,0,3e-05,0.05,512,3,5,4,256,6000,8.0,2633729,1,1,9974,1103,600008,2,6000,18000,71,426.0,3.55,5.93205,0.93211126
cold,0,1,0,3e-05,0.05,512,3,5,4,256,6000,8.0,2633729,1,1,9974,1103,600008,2,6000,18000,72,432.0,3.6,6.0156,0.93734777
cold,0,1,0,3e-05,0.05,512,3,5,4,256,6000,8.0,2633729,1,1,9974,1103,600008,2,6000,18000,73,438.0,3.65,6.09915,0.94210017
cold,0,1,0,3e-05,0.05,512,3,5,4,256,6000,8.0,2633729,1,1,9974,1103,600008,2,6000,18000,74,444.0,3.7,6.1827,0.94432032
cold,0,1,0,3e-05,0.05,512,3,5,4,256,6000,8.0,2633729,1,1,9974,1103,600008,2,6000,18000,75,450.0,3.75,6.26625,0.94430906
cold,0,1,0,3e-05,0.05,512,3,5,4,256,6000,8.0,2633729,1,1,9974,1103,600008,2,6000,18000,76,456.0,3.8,6.3498,0.94499153
cold,0,1,0,3e-05,0.05,512,3,5,4,256,6000,8.0,2633729,1,1,9974,1103,600008,2,6000,18000,77,462.0,3.85,6.43335,0.94786936
cold,0,1,0,3e-05,0.05,512,3,5,4,256,6000,8.0,2633729,1,1,9974,1103,600008,2,6000,18000,78,468.0,3.9,6.5169,0.95184201
cold,0,1,0,3e-05,0.05,512,3,5,4,256,6000,8.0,2633729,1,1,9974,1103,600008,2,6000,18000,79,474.0,3.95,6.60045,0.95631176
cold,0,1,0,3e-05,0.05,512,3,5,4,256,6000,8.0,2633729,1,1,9974,1103,600008,2,6000,18000,80,480.0,4.0,6.684,0.96185249
cold,0,1,0,3e-05,0.05,512,3,5,4,256,6000,8.0,2633729,1,1,9974,1103,600008,2,6000,18000,81,486.0,4.05,6.76755,0.96779293
cold,0,1,0,3e-05,0.05,512,3,5,4,256,6000,8.0,2633729,1,1,9974,1103,600008,2,6000,18000,82,492.0,4.1,6.8511,0.97261196
cold,0,1,0,3e-05,0.05,512,3,5,4,256,6000,8.0,2633729,1,1,9974,1103,600008,2,6000,18000,83,498.0,4.15,6.93465,0.97675043
cold,0,1,0,3e-05,0.05,512,3,5,4,256,6000,8.0,2633729,1,1,9974,1103,600008,2,6000,18000,84,504.0,4.2,7.0182,0.98224592
cold,0,1,0,3e-05,0.05,512,3,5,4,256,6000,8.0,2633729,1,1,9974,1103,600008,2,6000,18000,85,510.0,4.25,7.10175,0.98888528
cold,0,1,0,3e-05,0.05,512,3,5,4,256,6000,8.0,2633729,1,1,9974,1103,600008,2,6000,18000,86,516.0,4.3,7.1853,0.99429232
cold,0,1,0,3e-05,0.05,512,3,5,4,256,6000,8.0,2633729,1,1,9974,1103,600008,2,6000,18000,87,522.0,4.35,7.26885,0.9962036
cold,0,1,0,3e-05,0.05,512,3,5,4,256,6000,8.0,2633729,1,1,9974,1103,600008,2,6000,18000,88,528.0,4.4,7.3524,0.9940744
cold,0,1,0,3e-05,0.05,512,3,5,4,256,6000,8.0,2633729,1,1,9974,1103,600008,2,6000,18000,89,534.0,4.45,7.43595,0.98959726
cold,0,1,0,3e-05,0.05,512,3,5,4,256,6000,8.0,2633729,1,1,9974,1103,600008,2,6000,18000,90,540.0,4.5,7.5195,0.98581916
cold,0,1,0,3e-05,0.05,512,3,5,4,256,6000,8.0,2633729,1,1,9974,1103,600008,2,6000,18000,91,546.0,4.55,7.60305,0.98439801
cold,0,1,0,3e-05,0.05,512,3,5,4,256,6000,8.0,2633729,1,1,9974,1103,600008,2,6000,18000,92,552.0,4.6,7.6866,0.98562157
cold,0,1,0,3e-05,0.05,512,3,5,4,256,6000,8.0,2633729,1,1,9974,1103,600008,2,6000,18000,93,558.0,4.65,7.77015,0.98893505
cold,0,1,0,3e-05,0.05,512,3,5,4,256,6000,8.0,2633729,1,1,9974,1103,600008,2,6000,18000,94,564.0,4.7,7.8537,0.99254662
cold,0,1,0,3e-05,0.05,512,3,5,4,256,6000,8.0,2633729,1,1,9974,1103,600008,2,6000,18000,95,570.0,4.75,7.93725,0.99482495
cold,0,1,0,3e-05,0.05,512,3,5,4,256,6000,8.0,2633729,1,1,9974,1103,600008,2,6000,18000,96,576.0,4.8,8.0208,0.99621385
cold,0,1,0,3e-05,0.05,512,3,5,4,256,6000,8.0,2633729,1,1,9974,1103,600008,2,6000,18000,97,582.0,4.85,8.10435,0.99756956
cold,0,1,0,3e-05,0.05,512,3,5,4,256,6000,8.0,2633729,1,1,9974,1103,600008,2,6000,18000,98,588.0,4.9,8.1879,0.99750555
cold,0,1,0,3e-05,0.05,512,3,5,4,256,6000,8.0,2633729,1,1,9974,1103,600008,2,6000,18000,99,594.0,4.95,8.27145,0.99429649
cold,0,1,0,3e-05,0.05,512,3,5,4,256,6000,8.0,2633729,1,1,9974,1103,600008,2,6000,18000,100,600.0,5.0,8.355,0.98931736
cold,0,1,0,3e-05,0.05,512,3,5,4,256,6000,8.0,2633729,1,1,9974,1103,600008,2,6000,18000,101,606.0,5.05,8.43855,0.98586357
cold,0,1,0,3e-05,0.05,512,3,5,4,256,6000,8.0,2633729,1,1,9974,1103,600008,2,6000,18000,102,612.0,5.1,8.5221,0.98650032
cold,0,1,0,3e-05,0.05,512,3,5,4,256,6000,8.0,2633729,1,1,9974,1103,600008,2,6000,18000,103,618.0,5.15,8.60565,0.99103761
cold,0,1,0,3e-05,0.05,512,3,5,4,256,6000,8.0,2633729,1,1,9974,1103,600008,2,6000,18000,104,624.0,5.2,8.6892,0.99584246
cold,0,1,0,3e-05,0.05,512,3,5,4,256,6000,8.0,2633729,1,1,9974,1103,600008,2,6000,18000,105,630.0,5.25,8.77275,0.99781692
cold,0,1,0,3e-05,0.05,512,3,5,4,256,6000,8.0,2633729,1,1,9974,1103,600008,2,6000,18000,106,636.0,5.3,8.8563,0.9967857
cold,0,1,0,3e-05,0.05,512,3,5,4,256,6000,8.0,2633729,1,1,9974,1103,600008,2,6000,18000,107,642.0,5.35,8.93985,0.99424231
cold,0,1,0,3e-05,0.05,512,3,5,4,256,6000,8.0,2633729,1,1,9974,1103,600008,2,6000,18000,108,648.0,5.4,9.0234,0.991835
cold,0,1,0,3e-05,0.05,512,3,5,4,256,6000,8.0,2633729,1,1,9974,1103,600008,2,6000,18000,109,654.0,5.45,9.10695,0.99035251
cold,0,1,0,3e-05,0.05,512,3,5,4,256,6000,8.0,2633729,1,1,9974,1103,600008,2,6000,18000,110,660.0,5.5,9.1905,0.98997778
cold,0,1,0,3e-05,0.05,512,3,5,4,256,6000,8.0,2633729,1,1,9974,1103,600008,2,6000,18000,111,666.0,5.55,9.27405,0.99008942
cold,0,1,0,3e-05,0.05,512,3,5,4,256,6000,8.0,2633729,1,1,9974,1103,600008,2,6000,18000,112,672.0,5.6,9.3576,0.98937249
cold,0,1,0,3e-05,0.05,512,3,5,4,256,6000,8.0,2633729,1,1,9974,1103,600008,2,6000,18000,113,678.0,5.65,9.44115,0.98751688
cold,0,1,0,3e-05,0.05,512,3,5,4,256,6000,8.0,2633729,1,1,9974,1103,600008,2,6000,18000,114,684.0,5.7,9.5247,0.98471314
cold,0,1,0,3e-05,0.05,512,3,5,4,256,6000,8.0,2633729,1,1,9974,1103,600008,2,6000,18000,115,690.0,5.75,9.60825,0.98092681
cold,0,1,0,3e-05,0.05,512,3,5,4,256,6000,8.0,2633729,1,1,9974,1103,600008,2,6000,18000,116,696.0,5.8,9.6918,0.97700286
cold,0,1,0,3e-05,0.05,512,3,5,4,256,6000,8.0,2633729,1,1,9974,1103,600008,2,6000,18000,117,702.0,5.85,9.77535,0.97463429
cold,0,1,0,3e-05,0.05,512,3,5,4,256,6000,8.0,2633729,1,1,9974,1103,600008,2,6000,18000,118,708.0,5.9,9.8589,0.97529161
cold,0,1,0,3e-05,0.05,512,3,5,4,256,6000,8.0,2633729,1,1,9974,1103,600008,2,6000,18000,119,714.0,5.95,9.94245,0.97834015
cold,0,1,0,3e-05,0.05,512,3,5,4,256,6000,8.0,2633729,1,1,9974,1103,600008,2,6000,18000,120,720.0,6.0,10.026,0.9817878
cold,0,1,0,3e-05,0.05,512,3,5,4,256,6000,8.0,2633729,1,1,9974,1104,600009,3,1,18001,1,6.0,0.05,0.08355,0.18413664
cold,0,1,0,3e-05,0.05,512,3,5,4,256,6000,8.0,2633729,1,1,9974,1104,600009,3,1,18001,2,12.0,0.1,0.1671,0.35338417
cold,0,1,0,3e-05,0.05,512,3,5,4,256,6000,8.0,2633729,1,1,9974,1104,600009,3,1,18001,3,18.0,0.15,0.25065,0.50483763
cold,0,1,0,3e-05,0.05,512,3,5,4,256,6000,8.0,2633729,1,1,9974,1104,600009,3,1,18001,4,24.0,0.2,0.3342,0.63332582
cold,0,1,0,3e-05,0.05,512,3,5,4,256,6000,8.0,2633729,1,1,9974,1104,600009,3,1,18001,5,30.0,0.25,0.41775,0.7368418
cold,0,1,0,3e-05,0.05,512,3,5,4,256,6000,8.0,2633729,1,1,9974,1104,600009,3,1,18001,6,36.0,0.3,0.5013,0.81702954
cold,0,1,0,3e-05,0.05,512,3,5,4,256,6000,8.0,2633729,1,1,9974,1104,600009,3,1,18001,7,42.0,0.35,0.58485,0.87733364
cold,0,1,0,3e-05,0.05,512,3,5,4,256,6000,8.0,2633729,1,1,9974,1104,600009,3,1,18001,8,48.0,0.4,0.6684,0.92177778
cold,0,1,0,3e-05,0.05,512,3,5,4,256,6000,8.0,2633729,1,1,9974,1104,600009,3,1,18001,9,54.0,0.45,0.75195,0.95411927
cold,0,1,0,3e-05,0.05,512,3,5,4,256,6000,8.0,2633729,1,1,9974,1104,600009,3,1,18001,10,60.0,0.5,0.8355,0.97778672
cold,0,1,0,3e-05,0.05,512,3,5,4,256,6000,8.0,2633729,1,1,9974,1104,600009,3,1,18001,11,66.0,0.55,0.91905,0.99509811
cold,0,1,0,3e-05,0.05,512,3,5,4,256,6000,8.0,2633729,1,1,9974,1104,600009,3,1,18001,12,72.0,0.6,1.0026,1.00696015
cold,0,1,0,3e-05,0.05,512,3,5,4,256,6000,8.0,2633729,1,1,9974,1104,600009,3,1,18001,13,78.0,0.65,1.08615,1.01389992
cold,0,1,0,3e-05,0.05,512,3,5,4,256,6000,8.0,2633729,1,1,9974,1104,600009,3,1,18001,14,84.0,0.7,1.1697,1.01729262
cold,0,1,0,3e-05,0.05,512,3,5,4,256,6000,8.0,2633729,1,1,9974,1104,600009,3,1,18001,15,90.0,0.75,1.25325,1.01890159
cold,0,1,0,3e-05,0.05,512,3,5,4,256,6000,8.0,2633729,1,1,9974,1104,600009,3,1,18001,16,96.0,0.8,1.3368,1.01972783
cold,0,1,0,3e-05,0.05,512,3,5,4,256,6000,8.0,2633729,1,1,9974,1104,600009,3,1,18001,17,102.0,0.85,1.42035,1.0201267
cold,0,1,0,3e-05,0.05,512,3,5,4,256,6000,8.0,2633729,1,1,9974,1104,600009,3,1,18001,18,108.0,0.9,1.5039,1.02028489
cold,0,1,0,3e-05,0.05,512,3,5,4,256,6000,8.0,2633729,1,1,9974,1104,600009,3,1,18001,19,114.0,0.95,1.58745,1.01993644
cold,0,1,0,3e-05,0.05,512,3,5,4,256,6000,8.0,2633729,1,1,9974,1104,600009,3,1,18001,20,120.0,1.0,1.671,1.01823282
cold,0,1,0,3e-05,0.05,512,3,5,4,256,6000,8.0,2633729,1,1,9974,1104,600009,3,1,18001,21,126.0,1.05,1.75455,1.01427352
cold,0,1,0,3e-05,0.05,512,3,5,4,256,6000,8.0,2633729,1,1,9974,1104,600009,3,1,18001,22,132.0,1.1,1.8381,1.00758219
cold,0,1,0,3e-05,0.05,512,3,5,4,256,6000,8.0,2633729,1,1,9974,1104,600009,3,1,18001,23,138.0,1.15,1.92165,0.99818772
cold,0,1,0,3e-05,0.05,512,3,5,4,256,6000,8.0,2633729,1,1,9974,1104,600009,3,1,18001,24,144.0,1.2,2.0052,0.98680425
cold,0,1,0,3e-05,0.05,512,3,5,4,256,6000,8.0,2633729,1,1,9974,1104,600009,3,1,18001,25,150.0,1.25,2.08875,0.97465831
cold,0,1,0,3e-05,0.05,512,3,5,4,256,6000,8.0,2633729,1,1,9974,1104,600009,3,1,18001,26,156.0,1.3,2.1723,0.96287662
cold,0,1,0,3e-05,0.05,512,3,5,4,256,6000,8.0,2633729,1,1,9974,1104,600009,3,1,18001,27,162.0,1.35,2.25585,0.95220309
cold,0,1,0,3e-05,0.05,512,3,5,4,256,6000,8.0,2633729,1,1,9974,1104,600009,3,1,18001,28,168.0,1.4,2.3394,0.94327515
cold,0,1,0,3e-05,0.05,512,3,5,4,256,6000,8.0,2633729,1,1,9974,1104,600009,3,1,18001,29,174.0,1.45,2.42295,0.9367013
cold,0,1,0,3e-05,0.05,512,3,5,4,256,6000,8.0,2633729,1,1,9974,1104,600009,3,1,18001,30,180.0,1.5,2.5065,0.93290704
cold,0,1,0,3e-05,0.05,512,3,5,4,256,6000,8.0,2633729,1,1,9974,1104,600009,3,1,18001,31,186.0,1.55,2.59005,0.93185985
cold,0,1,0,3e-05,0.05,512,3,5,4,256,6000,8.0,2633729,1,1,9974,1104,600009,3,1,18001,32,192.0,1.6,2.6736,0.93286723
cold,0,1,0,3e-05,0.05,512,3,5,4,256,6000,8.0,2633729,1,1,9974,1104,600009,3,1,18001,33,198.0,1.65,2.75715,0.9349879
cold,0,1,0,3e-05,0.05,512,3,5,4,256,6000,8.0,2633729,1,1,9974,1104,600009,3,1,18001,34,204.0,1.7,2.8407,0.93781114
cold,0,1,0,3e-05,0.05,512,3,5,4,256,6000,8.0,2633729,1,1,9974,1104,600009,3,1,18001,35,210.0,1.75,2.92425,0.94134325
cold,0,1,0,3e-05,0.05,512,3,5,4,256,6000,8.0,2633729,1,1,9974,1104,600009,3,1,18001,36,216.0,1.8,3.0078,0.9451865
cold,0,1,0,3e-05,0.05,512,3,5,4,256,6000,8.0,2633729,1,1,9974,1104,600009,3,1,18001,37,222.0,1.85,3.09135,0.94861281
cold,0,1,0,3e-05,0.05,512,3,5,4,256,6000,8.0,2633729,1,1,9974,1104,600009,3,1,18001,38,228.0,1.9,3.1749,0.95152324
cold,0,1,0,3e-05,0.05,512,3,5,4,256,6000,8.0,2633729,1,1,9974,1104,600009,3,1,18001,39,234.0,1.95,3.25845,0.95468897
cold,0,1,0,3e-05,0.05,512,3,5,4,256,6000,8.0,2633729,1,1,9974,1104,600009,3,1,18001,40,240.0,2.0,3.342,0.9587279
cold,0,1,0,3e-05,0.05,512,3,5,4,256,6000,8.0,2633729,1,1,9974,1104,600009,3,1,18001,41,246.0,2.05,3.42555,0.96346396
cold,0,1,0,3e-05,0.05,512,3,5,4,256,6000,8.0,2633729,1,1,9974,1104,600009,3,1,18001,42,252.0,2.1,3.5091,0.96859217
cold,0,1,0,3e-05,0.05,512,3,5,4,256,6000,8.0,2633729,1,1,9974,1104,600009,3,1,18001,43,258.0,2.15,3.59265,0.97413325
cold,0,1,0,3e-05,0.05,512,3,5,4,256,6000,8.0,2633729,1,1,9974,1104,600009,3,1,18001,44,264.0,2.2,3.6762,0.97984606
cold,0,1,0,3e-05,0.05,512,3,5,4,256,6000,8.0,2633729,1,1,9974,1104,600009,3,1,18001,45,270.0,2.25,3.75975,0.98491931
cold,0,1,0,3e-05,0.05,512,3,5,4,256,6000,8.0,2633729,1,1,9974,1104,600009,3,1,18001,46,276.0,2.3,3.8433,0.98870903
cold,0,1,0,3e-05,0.05,512,3,5,4,256,6000,8.0,2633729,1,1,9974,1104,600009,3,1,18001,47,282.0,2.35,3.92685,0.99148923
cold,0,1,0,3e-05,0.05,512,3,5,4,256,6000,8.0,2633729,1,1,9974,1104,600009,3,1,18001,48,288.0,2.4,4.0104,0.99413812
cold,0,1,0,3e-05,0.05,512,3,5,4,256,6000,8.0,2633729,1,1,9974,1104,600009,3,1,18001,49,294.0,2.45,4.09395,0.99744213
cold,0,1,0,3e-05,0.05,512,3,5,4,256,6000,8.0,2633729,1,1,9974,1104,600009,3,1,18001,50,300.0,2.5,4.1775,1.00180459
cold,0,1,0,3e-05,0.05,512,3,5,4,256,6000,8.0,2633729,1,1,9974,1104,600009,3,1,18001,51,306.0,2.55,4.26105,1.00685847
cold,0,1,0,3e-05,0.05,512,3,5,4,256,6000,8.0,2633729,1,1,9974,1104,600009,3,1,18001,52,312.0,2.6,4.3446,1.01178265
cold,0,1,0,3e-05,0.05,512,3,5,4,256,6000,8.0,2633729,1,1,9974,1104,600009,3,1,18001,53,318.0,2.65,4.42815,1.01609039
cold,0,1,0,3e-05,0.05,512,3,5,4,256,6000,8.0,2633729,1,1,9974,1104,600009,3,1,18001,54,324.0,2.7,4.5117,1.01971185
cold,0,1,0,3e-05,0.05,512,3,5,4,256,6000,8.0,2633729,1,1,9974,1104,600009,3,1,18001,55,330.0,2.75,4.59525,1.02260077
cold,0,1,0,3e-05,0.05,512,3,5,4,256,6000,8.0,2633729,1,1,9974,1104,600009,3,1,18001,56,336.0,2.8,4.6788,1.0246495
cold,0,1,0,3e-05,0.05,512,3,5,4,256,6000,8.0,2633729,1,1,9974,1104,600009,3,1,18001,57,342.0,2.85,4.76235,1.02619696
cold,0,1,0,3e-05,0.05,512,3,5,4,256,6000,8.0,2633729,1,1,9974,1104,600009,3,1,18001,58,348.0,2.9,4.8459,1.02817762
cold,0,1,0,3e-05,0.05,512,3,5,4,256,6000,8.0,2633729,1,1,9974,1104,600009,3,1,18001,59,354.0,2.95,4.92945,1.03138006
cold,0,1,0,3e-05,0.05,512,3,5,4,256,6000,8.0,2633729,1,1,9974,1104,600009,3,1,18001,60,360.0,3.0,5.013,1.03578985
cold,0,1,0,3e-05,0.05,512,3,5,4,256,6000,8.0,2633729,1,1,9974,1104,600009,3,1,18001,61,366.0,3.05,5.09655,1.04082
cold,0,1,0,3e-05,0.05,512,3,5,4,256,6000,8.0,2633729,1,1,9974,1104,600009,3,1,18001,62,372.0,3.1,5.1801,1.04602802
cold,0,1,0,3e-05,0.05,512,3,5,4,256,6000,8.0,2633729,1,1,9974,1104,600009,3,1,18001,63,378.0,3.15,5.26365,1.05136263
cold,0,1,0,3e-05,0.05,512,3,5,4,256,6000,8.0,2633729,1,1,9974,1104,600009,3,1,18001,64,384.0,3.2,5.3472,1.05685878
cold,0,1,0,3e-05,0.05,512,3,5,4,256,6000,8.0,2633729,1,1,9974,1104,600009,3,1,18001,65,390.0,3.25,5.43075,1.06250346
cold,0,1,0,3e-05,0.05,512,3,5,4,256,6000,8.0,2633729,1,1,9974,1104,600009,3,1,18001,66,396.0,3.3,5.5143,1.06839311
cold,0,1,0,3e-05,0.05,512,3,5,4,256,6000,8.0,2633729,1,1,9974,1104,600009,3,1,18001,67,402.0,3.35,5.59785,1.07479644
cold,0,1,0,3e-05,0.05,512,3,5,4,256,6000,8.0,2633729,1,1,9974,1104,600009,3,1,18001,68,408.0,3.4,5.6814,1.08192396
cold,0,1,0,3e-05,0.05,512,3,5,4,256,6000,8.0,2633729,1,1,9974,1104,600009,3,1,18001,69,414.0,3.45,5.76495,1.08968186
cold,0,1,0,3e-05,0.05,512,3,5,4,256,6000,8.0,2633729,1,1,9974,1104,600009,3,1,18001,70,420.0,3.5,5.8485,1.09760988
cold,0,1,0,3e-05,0.05,512,3,5,4,256,6000,8.0,2633729,1,1,9974,1104,600009,3,1,18001,71,426.0,3.55,5.93205,1.1054951
cold,0,1,0,3e-05,0.05,512,3,5,4,256,6000,8.0,2633729,1,1,9974,1104,600009,3,1,18001,72,432.0,3.6,6.0156,1.11373067
cold,0,1,0,3e-05,0.05,512,3,5,4,256,6000,8.0,2633729,1,1,9974,1104,600009,3,1,18001,73,438.0,3.65,6.09915,1.12277973
cold,0,1,0,3e-05,0.05,512,3,5,4,256,6000,8.0,2633729,1,1,9974,1104,600009,3,1,18001,74,444.0,3.7,6.1827,1.13252509
cold,0,1,0,3e-05,0.05,512,3,5,4,256,6000,8.0,2633729,1,1,9974,1104,600009,3,1,18001,75,450.0,3.75,6.26625,1.14232171
cold,0,1,0,3e-05,0.05,512,3,5,4,256,6000,8.0,2633729,1,1,9974,1104,600009,3,1,18001,76,456.0,3.8,6.3498,1.15158546
cold,0,1,0,3e-05,0.05,512,3,5,4,256,6000,8.0,2633729,1,1,9974,1104,600009,3,1,18001,77,462.0,3.85,6.43335,1.16011536
cold,0,1,0,3e-05,0.05,512,3,5,4,256,6000,8.0,2633729,1,1,9974,1104,600009,3,1,18001,78,468.0,3.9,6.5169,1.16802895
cold,0,1,0,3e-05,0.05,512,3,5,4,256,6000,8.0,2633729,1,1,9974,1104,600009,3,1,18001,79,474.0,3.95,6.60045,1.17537725
cold,0,1,0,3e-05,0.05,512,3,5,4,256,6000,8.0,2633729,1,1,9974,1104,600009,3,1,18001,80,480.0,4.0,6.684,1.18177307
cold,0,1,0,3e-05,0.05,512,3,5,4,256,6000,8.0,2633729,1,1,9974,1104,600009,3,1,18001,81,486.0,4.05,6.76755,1.18687403
cold,0,1,0,3e-05,0.05,512,3,5,4,256,6000,8.0,2633729,1,1,9974,1104,600009,3,1,18001,82,492.0,4.1,6.8511,1.19102859
cold,0,1,0,3e-05,0.05,512,3,5,4,256,6000,8.0,2633729,1,1,9974,1104,600009,3,1,18001,83,498.0,4.15,6.93465,1.1949687
cold,0,1,0,3e-05,0.05,512,3,5,4,256,6000,8.0,2633729,1,1,9974,1104,600009,3,1,18001,84,504.0,4.2,7.0182,1.19927466
cold,0,1,0,3e-05,0.05,512,3,5,4,256,6000,8.0,2633729,1,1,9974,1104,600009,3,1,18001,85,510.0,4.25,7.10175,1.20422482
cold,0,1,0,3e-05,0.05,512,3,5,4,256,6000,8.0,2633729,1,1,9974,1104,600009,3,1,18001,86,516.0,4.3,7.1853,1.20988858
cold,0,1,0,3e-05,0.05,512,3,5,4,256,6000,8.0,2633729,1,1,9974,1104,600009,3,1,18001,87,522.0,4.35,7.26885,1.2163651
cold,0,1,0,3e-05,0.05,512,3,5,4,256,6000,8.0,2633729,1,1,9974,1104,600009,3,1,18001,88,528.0,4.4,7.3524,1.22378814
cold,0,1,0,3e-05,0.05,512,3,5,4,256,6000,8.0,2633729,1,1,9974,1104,600009,3,1,18001,89,534.0,4.45,7.43595,1.23214304
cold,0,1,0,3e-05,0.05,512,3,5,4,256,6000,8.0,2633729,1,1,9974,1104,600009,3,1,18001,90,540.0,4.5,7.5195,1.24092174
cold,0,1,0,3e-05,0.05,512,3,5,4,256,6000,8.0,2633729,1,1,9974,1104,600009,3,1,18001,91,546.0,4.55,7.60305,1.24955773
cold,0,1,0,3e-05,0.05,512,3,5,4,256,6000,8.0,2633729,1,1,9974,1104,600009,3,1,18001,92,552.0,4.6,7.6866,1.25826871
cold,0,1,0,3e-05,0.05,512,3,5,4,256,6000,8.0,2633729,1,1,9974,1104,600009,3,1,18001,93,558.0,4.65,7.77015,1.26771891
cold,0,1,0,3e-05,0.05,512,3,5,4,256,6000,8.0,2633729,1,1,9974,1104,600009,3,1,18001,94,564.0,4.7,7.8537,1.27791154
cold,0,1,0,3e-05,0.05,512,3,5,4,256,6000,8.0,2633729,1,1,9974,1104,600009,3,1,18001,95,570.0,4.75,7.93725,1.28808105
cold,0,1,0,3e-05,0.05,512,3,5,4,256,6000,8.0,2633729,1,1,9974,1104,600009,3,1,18001,96,576.0,4.8,8.0208,1.2975421
cold,0,1,0,3e-05,0.05,512,3,5,4,256,6000,8.0,2633729,1,1,9974,1104,600009,3,1,18001,97,582.0,4.85,8.10435,1.30622447
cold,0,1,0,3e-05,0.05,512,3,5,4,256,6000,8.0,2633729,1,1,9974,1104,600009,3,1,18001,98,588.0,4.9,8.1879,1.31467938
cold,0,1,0,3e-05,0.05,512,3,5,4,256,6000,8.0,2633729,1,1,9974,1104,600009,3,1,18001,99,594.0,4.95,8.27145,1.32368875
cold,0,1,0,3e-05,0.05,512,3,5,4,256,6000,8.0,2633729,1,1,9974,1104,600009,3,1,18001,100,600.0,5.0,8.355,1.33349717
cold,0,1,0,3e-05,0.05,512,3,5,4,256,6000,8.0,2633729,1,1,9974,1104,600009,3,1,18001,101,606.0,5.05,8.43855,1.34366333
cold,0,1,0,3e-05,0.05,512,3,5,4,256,6000,8.0,2633729,1,1,9974,1104,600009,3,1,18001,102,612.0,5.1,8.5221,1.35355163
cold,0,1,0,3e-05,0.05,512,3,5,4,256,6000,8.0,2633729,1,1,9974,1104,600009,3,1,18001,103,618.0,5.15,8.60565,1.36265039
cold,0,1,0,3e-05,0.05,512,3,5,4,256,6000,8.0,2633729,1,1,9974,1104,600009,3,1,18001,104,624.0,5.2,8.6892,1.37076497
cold,0,1,0,3e-05,0.05,512,3,5,4,256,6000,8.0,2633729,1,1,9974,1104,600009,3,1,18001,105,630.0,5.25,8.77275,1.37804365
cold,0,1,0,3e-05,0.05,512,3,5,4,256,6000,8.0,2633729,1,1,9974,1104,600009,3,1,18001,106,636.0,5.3,8.8563,1.38501489
cold,0,1,0,3e-05,0.05,512,3,5,4,256,6000,8.0,2633729,1,1,9974,1104,600009,3,1,18001,107,642.0,5.35,8.93985,1.39268708
cold,0,1,0,3e-05,0.05,512,3,5,4,256,6000,8.0,2633729,1,1,9974,1104,600009,3,1,18001,108,648.0,5.4,9.0234,1.40220797
cold,0,1,0,3e-05,0.05,512,3,5,4,256,6000,8.0,2633729,1,1,9974,1104,600009,3,1,18001,109,654.0,5.45,9.10695,1.41371763
cold,0,1,0,3e-05,0.05,512,3,5,4,256,6000,8.0,2633729,1,1,9974,1104,600009,3,1,18001,110,660.0,5.5,9.1905,1.42570806
cold,0,1,0,3e-05,0.05,512,3,5,4,256,6000,8.0,2633729,1,1,9974,1104,600009,3,1,18001,111,666.0,5.55,9.27405,1.43644571
cold,0,1,0,3e-05,0.05,512,3,5,4,256,6000,8.0,2633729,1,1,9974,1104,600009,3,1,18001,112,672.0,5.6,9.3576,1.44549477
cold,0,1,0,3e-05,0.05,512,3,5,4,256,6000,8.0,2633729,1,1,9974,1104,600009,3,1,18001,113,678.0,5.65,9.44115,1.45360827
cold,0,1,0,3e-05,0.05,512,3,5,4,256,6000,8.0,2633729,1,1,9974,1104,600009,3,1,18001,114,684.0,5.7,9.5247,1.46162164
cold,0,1,0,3e-05,0.05,512,3,5,4,256,6000,8.0,2633729,1,1,9974,1104,600009,3,1,18001,115,690.0,5.75,9.60825,1.47008002
cold,0,1,0,3e-05,0.05,512,3,5,4,256,6000,8.0,2633729,1,1,9974,1104,600009,3,1,18001,116,696.0,5.8,9.6918,1.47933066
cold,0,1,0,3e-05,0.05,512,3,5,4,256,6000,8.0,2633729,1,1,9974,1104,600009,3,1,18001,117,702.0,5.85,9.77535,1.48936832
cold,0,1,0,3e-05,0.05,512,3,5,4,256,6000,8.0,2633729,1,1,9974,1104,600009,3,1,18001,118,708.0,5.9,9.8589,1.50008547
cold,0,1,0,3e-05,0.05,512,3,5,4,256,6000,8.0,2633729,1,1,9974,1104,600009,3,1,18001,119,714.0,5.95,9.94245,1.51153994
cold,0,1,0,3e-05,0.05,512,3,5,4,256,6000,8.0,2633729,1,1,9974,1104,600009,3,1,18001,120,720.0,6.0,10.026,1.52342629
cold,0,1,0,3e-05,0.05,512,3,5,4,256,6000,8.0,2633729,1,1,9974,1104,600009,3,12,18012,1,6.0,0.05,0.08355,0.13658425
cold,0,1,0,3e-05,0.05,512,3,5,4,256,6000,8.0,2633729,1,1,9974,1104,600009,3,12,18012,2,12.0,0.1,0.1671,0.26035339
cold,0,1,0,3e-05,0.05,512,3,5,4,256,6000,8.0,2633729,1,1,9974,1104,600009,3,12,18012,3,18.0,0.15,0.25065,0.37073234
cold,0,1,0,3e-05,0.05,512,3,5,4,256,6000,8.0,2633729,1,1,9974,1104,600009,3,12,18012,4,24.0,0.2,0.3342,0.45983851
cold,0,1,0,3e-05,0.05,512,3,5,4,256,6000,8.0,2633729,1,1,9974,1104,600009,3,12,18012,5,30.0,0.25,0.41775,0.52425098
cold,0,1,0,3e-05,0.05,512,3,5,4,256,6000,8.0,2633729,1,1,9974,1104,600009,3,12,18012,6,36.0,0.3,0.5013,0.56943303
cold,0,1,0,3e-05,0.05,512,3,5,4,256,6000,8.0,2633729,1,1,9974,1104,600009,3,12,18012,7,42.0,0.35,0.58485,0.60178185
cold,0,1,0,3e-05,0.05,512,3,5,4,256,6000,8.0,2633729,1,1,9974,1104,600009,3,12,18012,8,48.0,0.4,0.6684,0.62581545
cold,0,1,0,3e-05,0.05,512,3,5,4,256,6000,8.0,2633729,1,1,9974,1104,600009,3,12,18012,9,54.0,0.45,0.75195,0.64346701
cold,0,1,0,3e-05,0.05,512,3,5,4,256,6000,8.0,2633729,1,1,9974,1104,600009,3,12,18012,10,60.0,0.5,0.8355,0.65627897
cold,0,1,0,3e-05,0.05,512,3,5,4,256,6000,8.0,2633729,1,1,9974,1104,600009,3,12,18012,11,66.0,0.55,0.91905,0.66667873
cold,0,1,0,3e-05,0.05,512,3,5,4,256,6000,8.0,2633729,1,1,9974,1104,600009,3,12,18012,12,72.0,0.6,1.0026,0.67711908
cold,0,1,0,3e-05,0.05,512,3,5,4,256,6000,8.0,2633729,1,1,9974,1104,600009,3,12,18012,13,78.0,0.65,1.08615,0.68881142
cold,0,1,0,3e-05,0.05,512,3,5,4,256,6000,8.0,2633729,1,1,9974,1104,600009,3,12,18012,14,84.0,0.7,1.1697,0.70167494
cold,0,1,0,3e-05,0.05,512,3,5,4,256,6000,8.0,2633729,1,1,9974,1104,600009,3,12,18012,15,90.0,0.75,1.25325,0.71504915
cold,0,1,0,3e-05,0.05,512,3,5,4,256,6000,8.0,2633729,1,1,9974,1104,600009,3,12,18012,16,96.0,0.8,1.3368,0.72793233
cold,0,1,0,3e-05,0.05,512,3,5,4,256,6000,8.0,2633729,1,1,9974,1104,600009,3,12,18012,17,102.0,0.85,1.42035,0.73903495
cold,0,1,0,3e-05,0.05,512,3,5,4,256,6000,8.0,2633729,1,1,9974,1104,600009,3,12,18012,18,108.0,0.9,1.5039,0.74742985
cold,0,1,0,3e-05,0.05,512,3,5,4,256,6000,8.0,2633729,1,1,9974,1104,600009,3,12,18012,19,114.0,0.95,1.58745,0.75340426
cold,0,1,0,3e-05,0.05,512,3,5,4,256,6000,8.0,2633729,1,1,9974,1104,600009,3,12,18012,20,120.0,1.0,1.671,0.75844496
cold,0,1,0,3e-05,0.05,512,3,5,4,256,6000,8.0,2633729,1,1,9974,1104,600009,3,12,18012,21,126.0,1.05,1.75455,0.76371622
cold,0,1,0,3e-05,0.05,512,3,5,4,256,6000,8.0,2633729,1,1,9974,1104,600009,3,12,18012,22,132.0,1.1,1.8381,0.76897252
cold,0,1,0,3e-05,0.05,512,3,5,4,256,6000,8.0,2633729,1,1,9974,1104,600009,3,12,18012,23,138.0,1.15,1.92165,0.77324748
cold,0,1,0,3e-05,0.05,512,3,5,4,256,6000,8.0,2633729,1,1,9974,1104,600009,3,12,18012,24,144.0,1.2,2.0052,0.77616304
cold,0,1,0,3e-05,0.05,512,3,5,4,256,6000,8.0,2633729,1,1,9974,1104,600009,3,12,18012,25,150.0,1.25,2.08875,0.77840692
cold,0,1,0,3e-05,0.05,512,3,5,4,256,6000,8.0,2633729,1,1,9974,1104,600009,3,12,18012,26,156.0,1.3,2.1723,0.78047919
cold,0,1,0,3e-05,0.05,512,3,5,4,256,6000,8.0,2633729,1,1,9974,1104,600009,3,12,18012,27,162.0,1.35,2.25585,0.78197521
cold,0,1,0,3e-05,0.05,512,3,5,4,256,6000,8.0,2633729,1,1,9974,1104,600009,3,12,18012,28,168.0,1.4,2.3394,0.78242475
cold,0,1,0,3e-05,0.05,512,3,5,4,256,6000,8.0,2633729,1,1,9974,1104,600009,3,12,18012,29,174.0,1.45,2.42295,0.78199959
cold,0,1,0,3e-05,0.05,512,3,5,4,256,6000,8.0,2633729,1,1,9974,1104,600009,3,12,18012,30,180.0,1.5,2.5065,0.78187954
cold,0,1,0,3e-05,0.05,512,3,5,4,256,6000,8.0,2633729,1,1,9974,1104,600009,3,12,18012,31,186.0,1.55,2.59005,0.7833007
cold,0,1,0,3e-05,0.05,512,3,5,4,256,6000,8.0,2633729,1,1,9974,1104,600009,3,12,18012,32,192.0,1.6,2.6736,0.78605676
cold,0,1,0,3e-05,0.05,512,3,5,4,256,6000,8.0,2633729,1,1,9974,1104,600009,3,12,18012,33,198.0,1.65,2.75715,0.78872663
cold,0,1,0,3e-05,0.05,512,3,5,4,256,6000,8.0,2633729,1,1,9974,1104,600009,3,12,18012,34,204.0,1.7,2.8407,0.79019421
cold,0,1,0,3e-05,0.05,512,3,5,4,256,6000,8.0,2633729,1,1,9974,1104,600009,3,12,18012,35,210.0,1.75,2.92425,0.7901783
cold,0,1,0,3e-05,0.05,512,3,5,4,256,6000,8.0,2633729,1,1,9974,1104,600009,3,12,18012,36,216.0,1.8,3.0078,0.78913784
cold,0,1,0,3e-05,0.05,512,3,5,4,256,6000,8.0,2633729,1,1,9974,1104,600009,3,12,18012,37,222.0,1.85,3.09135,0.78810292
cold,0,1,0,3e-05,0.05,512,3,5,4,256,6000,8.0,2633729,1,1,9974,1104,600009,3,12,18012,38,228.0,1.9,3.1749,0.78761166
cold,0,1,0,3e-05,0.05,512,3,5,4,256,6000,8.0,2633729,1,1,9974,1104,600009,3,12,18012,39,234.0,1.95,3.25845,0.78724039
cold,0,1,0,3e-05,0.05,512,3,5,4,256,6000,8.0,2633729,1,1,9974,1104,600009,3,12,18012,40,240.0,2.0,3.342,0.78657579
cold,0,1,0,3e-05,0.05,512,3,5,4,256,6000,8.0,2633729,1,1,9974,1104,600009,3,12,18012,41,246.0,2.05,3.42555,0.78556162
cold,0,1,0,3e-05,0.05,512,3,5,4,256,6000,8.0,2633729,1,1,9974,1104,600009,3,12,18012,42,252.0,2.1,3.5091,0.78436208
cold,0,1,0,3e-05,0.05,512,3,5,4,256,6000,8.0,2633729,1,1,9974,1104,600009,3,12,18012,43,258.0,2.15,3.59265,0.78337765
cold,0,1,0,3e-05,0.05,512,3,5,4,256,6000,8.0,2633729,1,1,9974,1104,600009,3,12,18012,44,264.0,2.2,3.6762,0.78276342
cold,0,1,0,3e-05,0.05,512,3,5,4,256,6000,8.0,2633729,1,1,9974,1104,600009,3,12,18012,45,270.0,2.25,3.75975,0.7820127
cold,0,1,0,3e-05,0.05,512,3,5,4,256,6000,8.0,2633729,1,1,9974,1104,600009,3,12,18012,46,276.0,2.3,3.8433,0.78016877
cold,0,1,0,3e-05,0.05,512,3,5,4,256,6000,8.0,2633729,1,1,9974,1104,600009,3,12,18012,47,282.0,2.35,3.92685,0.77656847
cold,0,1,0,3e-05,0.05,512,3,5,4,256,6000,8.0,2633729,1,1,9974,1104,600009,3,12,18012,48,288.0,2.4,4.0104,0.7714631
cold,0,1,0,3e-05,0.05,512,3,5,4,256,6000,8.0,2633729,1,1,9974,1104,600009,3,12,18012,49,294.0,2.45,4.09395,0.76617473
cold,0,1,0,3e-05,0.05,512,3,5,4,256,6000,8.0,2633729,1,1,9974,1104,600009,3,12,18012,50,300.0,2.5,4.1775,0.76253712
cold,0,1,0,3e-05,0.05,512,3,5,4,256,6000,8.0,2633729,1,1,9974,1104,600009,3,12,18012,51,306.0,2.55,4.26105,0.76112175
cold,0,1,0,3e-05,0.05,512,3,5,4,256,6000,8.0,2633729,1,1,9974,1104,600009,3,12,18012,52,312.0,2.6,4.3446,0.76046014
cold,0,1,0,3e-05,0.05,512,3,5,4,256,6000,8.0,2633729,1,1,9974,1104,600009,3,12,18012,53,318.0,2.65,4.42815,0.75873244
cold,0,1,0,3e-05,0.05,512,3,5,4,256,6000,8.0,2633729,1,1,9974,1104,600009,3,12,18012,54,324.0,2.7,4.5117,0.75576639
cold,0,1,0,3e-05,0.05,512,3,5,4,256,6000,8.0,2633729,1,1,9974,1104,600009,3,12,18012,55,330.0,2.75,4.59525,0.75265837
cold,0,1,0,3e-05,0.05,512,3,5,4,256,6000,8.0,2633729,1,1,9974,1104,600009,3,12,18012,56,336.0,2.8,4.6788,0.75044346
cold,0,1,0,3e-05,0.05,512,3,5,4,256,6000,8.0,2633729,1,1,9974,1104,600009,3,12,18012,57,342.0,2.85,4.76235,0.74930245
cold,0,1,0,3e-05,0.05,512,3,5,4,256,6000,8.0,2633729,1,1,9974,1104,600009,3,12,18012,58,348.0,2.9,4.8459,0.74825162
cold,0,1,0,3e-05,0.05,512,3,5,4,256,6000,8.0,2633729,1,1,9974,1104,600009,3,12,18012,59,354.0,2.95,4.92945,0.74629271
cold,0,1,0,3e-05,0.05,512,3,5,4,256,6000,8.0,2633729,1,1,9974,1104,600009,3,12,18012,60,360.0,3.0,5.013,0.74353433
cold,0,1,0,3e-05,0.05,512,3,5,4,256,6000,8.0,2633729,1,1,9974,1104,600009,3,12,18012,61,366.0,3.05,5.09655,0.74067575
cold,0,1,0,3e-05,0.05,512,3,5,4,256,6000,8.0,2633729,1,1,9974,1104,600009,3,12,18012,62,372.0,3.1,5.1801,0.73843777
cold,0,1,0,3e-05,0.05,512,3,5,4,256,6000,8.0,2633729,1,1,9974,1104,600009,3,12,18012,63,378.0,3.15,5.26365,0.737396
cold,0,1,0,3e-05,0.05,512,3,5,4,256,6000,8.0,2633729,1,1,9974,1104,600009,3,12,18012,64,384.0,3.2,5.3472,0.73741108
cold,0,1,0,3e-05,0.05,512,3,5,4,256,6000,8.0,2633729,1,1,9974,1104,600009,3,12,18012,65,390.0,3.25,5.43075,0.73746818
cold,0,1,0,3e-05,0.05,512,3,5,4,256,6000,8.0,2633729,1,1,9974,1104,600009,3,12,18012,66,396.0,3.3,5.5143,0.73643941
cold,0,1,0,3e-05,0.05,512,3,5,4,256,6000,8.0,2633729,1,1,9974,1104,600009,3,12,18012,67,402.0,3.35,5.59785,0.73383981
cold,0,1,0,3e-05,0.05,512,3,5,4,256,6000,8.0,2633729,1,1,9974,1104,600009,3,12,18012,68,408.0,3.4,5.6814,0.73010272
cold,0,1,0,3e-05,0.05,512,3,5,4,256,6000,8.0,2633729,1,1,9974,1104,600009,3,12,18012,69,414.0,3.45,5.76495,0.72636616
cold,0,1,0,3e-05,0.05,512,3,5,4,256,6000,8.0,2633729,1,1,9974,1104,600009,3,12,18012,70,420.0,3.5,5.8485,0.72369325
cold,0,1,0,3e-05,0.05,512,3,5,4,256,6000,8.0,2633729,1,1,9974,1104,600009,3,12,18012,71,426.0,3.55,5.93205,0.72218788
cold,0,1,0,3e-05,0.05,512,3,5,4,256,6000,8.0,2633729,1,1,9974,1104,600009,3,12,18012,72,432.0,3.6,6.0156,0.72112316
cold,0,1,0,3e-05,0.05,512,3,5,4,256,6000,8.0,2633729,1,1,9974,1104,600009,3,12,18012,73,438.0,3.65,6.09915,0.7198683
cold,0,1,0,3e-05,0.05,512,3,5,4,256,6000,8.0,2633729,1,1,9974,1104,600009,3,12,18012,74,444.0,3.7,6.1827,0.7185604
cold,0,1,0,3e-05,0.05,512,3,5,4,256,6000,8.0,2633729,1,1,9974,1104,600009,3,12,18012,75,450.0,3.75,6.26625,0.71761382
cold,0,1,0,3e-05,0.05,512,3,5,4,256,6000,8.0,2633729,1,1,9974,1104,600009,3,12,18012,76,456.0,3.8,6.3498,0.71717674
cold,0,1,0,3e-05,0.05,512,3,5,4,256,6000,8.0,2633729,1,1,9974,1104,600009,3,12,18012,77,462.0,3.85,6.43335,0.71695036
cold,0,1,0,3e-05,0.05,512,3,5,4,256,6000,8.0,2633729,1,1,9974,1104,600009,3,12,18012,78,468.0,3.9,6.5169,0.71615666
cold,0,1,0,3e-05,0.05,512,3,5,4,256,6000,8.0,2633729,1,1,9974,1104,600009,3,12,18012,79,474.0,3.95,6.60045,0.71422577
cold,0,1,0,3e-05,0.05,512,3,5,4,256,6000,8.0,2633729,1,1,9974,1104,600009,3,12,18012,80,480.0,4.0,6.684,0.71182138
cold,0,1,0,3e-05,0.05,512,3,5,4,256,6000,8.0,2633729,1,1,9974,1104,600009,3,12,18012,81,486.0,4.05,6.76755,0.71042508
cold,0,1,0,3e-05,0.05,512,3,5,4,256,6000,8.0,2633729,1,1,9974,1104,600009,3,12,18012,82,492.0,4.1,6.8511,0.71075368
cold,0,1,0,3e-05,0.05,512,3,5,4,256,6000,8.0,2633729,1,1,9974,1104,600009,3,12,18012,83,498.0,4.15,6.93465,0.71225685
cold,0,1,0,3e-05,0.05,512,3,5,4,256,6000,8.0,2633729,1,1,9974,1104,600009,3,12,18012,84,504.0,4.2,7.0182,0.71373349
cold,0,1,0,3e-05,0.05,512,3,5,4,256,6000,8.0,2633729,1,1,9974,1104,600009,3,12,18012,85,510.0,4.25,7.10175,0.71418494
cold,0,1,0,3e-05,0.05,512,3,5,4,256,6000,8.0,2633729,1,1,9974,1104,600009,3,12,18012,86,516.0,4.3,7.1853,0.71330732
cold,0,1,0,3e-05,0.05,512,3,5,4,256,6000,8.0,2633729,1,1,9974,1104,600009,3,12,18012,87,522.0,4.35,7.26885,0.71133047
cold,0,1,0,3e-05,0.05,512,3,5,4,256,6000,8.0,2633729,1,1,9974,1104,600009,3,12,18012,88,528.0,4.4,7.3524,0.70866621
cold,0,1,0,3e-05,0.05,512,3,5,4,256,6000,8.0,2633729,1,1,9974,1104,600009,3,12,18012,89,534.0,4.45,7.43595,0.70579535
cold,0,1,0,3e-05,0.05,512,3,5,4,256,6000,8.0,2633729,1,1,9974,1104,600009,3,12,18012,90,540.0,4.5,7.5195,0.70345396
cold,0,1,0,3e-05,0.05,512,3,5,4,256,6000,8.0,2633729,1,1,9974,1104,600009,3,12,18012,91,546.0,4.55,7.60305,0.7022292
cold,0,1,0,3e-05,0.05,512,3,5,4,256,6000,8.0,2633729,1,1,9974,1104,600009,3,12,18012,92,552.0,4.6,7.6866,0.70206243
cold,0,1,0,3e-05,0.05,512,3,5,4,256,6000,8.0,2633729,1,1,9974,1104,600009,3,12,18012,93,558.0,4.65,7.77015,0.70261878
cold,0,1,0,3e-05,0.05,512,3,5,4,256,6000,8.0,2633729,1,1,9974,1104,600009,3,12,18012,94,564.0,4.7,7.8537,0.70377755
cold,0,1,0,3e-05,0.05,512,3,5,4,256,6000,8.0,2633729,1,1,9974,1104,600009,3,12,18012,95,570.0,4.75,7.93725,0.70522648
cold,0,1,0,3e-05,0.05,512,3,5,4,256,6000,8.0,2633729,1,1,9974,1104,600009,3,12,18012,96,576.0,4.8,8.0208,0.70643079
cold,0,1,0,3e-05,0.05,512,3,5,4,256,6000,8.0,2633729,1,1,9974,1104,600009,3,12,18012,97,582.0,4.85,8.10435,0.70714021
cold,0,1,0,3e-05,0.05,512,3,5,4,256,6000,8.0,2633729,1,1,9974,1104,600009,3,12,18012,98,588.0,4.9,8.1879,0.7072711
cold,0,1,0,3e-05,0.05,512,3,5,4,256,6000,8.0,2633729,1,1,9974,1104,600009,3,12,18012,99,594.0,4.95,8.27145,0.70680755
cold,0,1,0,3e-05,0.05,512,3,5,4,256,6000,8.0,2633729,1,1,9974,1104,600009,3,12,18012,100,600.0,5.0,8.355,0.70627123
cold,0,1,0,3e-05,0.05,512,3,5,4,256,6000,8.0,2633729,1,1,9974,1104,600009,3,12,18012,101,606.0,5.05,8.43855,0.70630425
cold,0,1,0,3e-05,0.05,512,3,5,4,256,6000,8.0,2633729,1,1,9974,1104,600009,3,12,18012,102,612.0,5.1,8.5221,0.70700753
cold,0,1,0,3e-05,0.05,512,3,5,4,256,6000,8.0,2633729,1,1,9974,1104,600009,3,12,18012,103,618.0,5.15,8.60565,0.70820314
cold,0,1,0,3e-05,0.05,512,3,5,4,256,6000,8.0,2633729,1,1,9974,1104,600009,3,12,18012,104,624.0,5.2,8.6892,0.7097109
cold,0,1,0,3e-05,0.05,512,3,5,4,256,6000,8.0,2633729,1,1,9974,1104,600009,3,12,18012,105,630.0,5.25,8.77275,0.71140802
cold,0,1,0,3e-05,0.05,512,3,5,4,256,6000,8.0,2633729,1,1,9974,1104,600009,3,12,18012,106,636.0,5.3,8.8563,0.71301758
cold,0,1,0,3e-05,0.05,512,3,5,4,256,6000,8.0,2633729,1,1,9974,1104,600009,3,12,18012,107,642.0,5.35,8.93985,0.71390045
cold,0,1,0,3e-05,0.05,512,3,5,4,256,6000,8.0,2633729,1,1,9974,1104,600009,3,12,18012,108,648.0,5.4,9.0234,0.71344227
cold,0,1,0,3e-05,0.05,512,3,5,4,256,6000,8.0,2633729,1,1,9974,1104,600009,3,12,18012,109,654.0,5.45,9.10695,0.7118693
cold,0,1,0,3e-05,0.05,512,3,5,4,256,6000,8.0,2633729,1,1,9974,1104,600009,3,12,18012,110,660.0,5.5,9.1905,0.71043086
cold,0,1,0,3e-05,0.05,512,3,5,4,256,6000,8.0,2633729,1,1,9974,1104,600009,3,12,18012,111,666.0,5.55,9.27405,0.71013683
cold,0,1,0,3e-05,0.05,512,3,5,4,256,6000,8.0,2633729,1,1,9974,1104,600009,3,12,18012,112,672.0,5.6,9.3576,0.71087235
cold,0,1,0,3e-05,0.05,512,3,5,4,256,6000,8.0,2633729,1,1,9974,1104,600009,3,12,18012,113,678.0,5.65,9.44115,0.71193576
cold,0,1,0,3e-05,0.05,512,3,5,4,256,6000,8.0,2633729,1,1,9974,1104,600009,3,12,18012,114,684.0,5.7,9.5247,0.71301347
cold,0,1,0,3e-05,0.05,512,3,5,4,256,6000,8.0,2633729,1,1,9974,1104,600009,3,12,18012,115,690.0,5.75,9.60825,0.71421331
cold,0,1,0,3e-05,0.05,512,3,5,4,256,6000,8.0,2633729,1,1,9974,1104,600009,3,12,18012,116,696.0,5.8,9.6918,0.71564913
cold,0,1,0,3e-05,0.05,512,3,5,4,256,6000,8.0,2633729,1,1,9974,1104,600009,3,12,18012,117,702.0,5.85,9.77535,0.71709293
cold,0,1,0,3e-05,0.05,512,3,5,4,256,6000,8.0,2633729,1,1,9974,1104,600009,3,12,18012,118,708.0,5.9,9.8589,0.71792781
cold,0,1,0,3e-05,0.05,512,3,5,4,256,6000,8.0,2633729,1,1,9974,1104,600009,3,12,18012,119,714.0,5.95,9.94245,0.71785164
cold,0,1,0,3e-05,0.05,512,3,5,4,256,6000,8.0,2633729,1,1,9974,1104,600009,3,12,18012,120,720.0,6.0,10.026,0.71742564
cold,0,1,0,3e-05,0.05,512,3,5,4,256,6000,8.0,2633729,1,1,9974,1104,600009,3,54,18054,1,6.0,0.05,0.08355,0.09255965
cold,0,1,0,3e-05,0.05,512,3,5,4,256,6000,8.0,2633729,1,1,9974,1104,600009,3,54,18054,2,12.0,0.1,0.1671,0.17759591
cold,0,1,0,3e-05,0.05,512,3,5,4,256,6000,8.0,2633729,1,1,9974,1104,600009,3,54,18054,3,18.0,0.15,0.25065,0.26327658
cold,0,1,0,3e-05,0.05,512,3,5,4,256,6000,8.0,2633729,1,1,9974,1104,600009,3,54,18054,4,24.0,0.2,0.3342,0.3385641
cold,0,1,0,3e-05,0.05,512,3,5,4,256,6000,8.0,2633729,1,1,9974,1104,600009,3,54,18054,5,30.0,0.25,0.41775,0.39854127
cold,0,1,0,3e-05,0.05,512,3,5,4,256,6000,8.0,2633729,1,1,9974,1104,600009,3,54,18054,6,36.0,0.3,0.5013,0.44640175
cold,0,1,0,3e-05,0.05,512,3,5,4,256,6000,8.0,2633729,1,1,9974,1104,600009,3,54,18054,7,42.0,0.35,0.58485,0.48692778
cold,0,1,0,3e-05,0.05,512,3,5,4,256,6000,8.0,2633729,1,1,9974,1104,600009,3,54,18054,8,48.0,0.4,0.6684,0.52269679
cold,0,1,0,3e-05,0.05,512,3,5,4,256,6000,8.0,2633729,1,1,9974,1104,600009,3,54,18054,9,54.0,0.45,0.75195,0.5539245
cold,0,1,0,3e-05,0.05,512,3,5,4,256,6000,8.0,2633729,1,1,9974,1104,600009,3,54,18054,10,60.0,0.5,0.8355,0.58032852
cold,0,1,0,3e-05,0.05,512,3,5,4,256,6000,8.0,2633729,1,1,9974,1104,600009,3,54,18054,11,66.0,0.55,0.91905,0.60195202
cold,0,1,0,3e-05,0.05,512,3,5,4,256,6000,8.0,2633729,1,1,9974,1104,600009,3,54,18054,12,72.0,0.6,1.0026,0.61935705
cold,0,1,0,3e-05,0.05,512,3,5,4,256,6000,8.0,2633729,1,1,9974,1104,600009,3,54,18054,13,78.0,0.65,1.08615,0.63365585
cold,0,1,0,3e-05,0.05,512,3,5,4,256,6000,8.0,2633729,1,1,9974,1104,600009,3,54,18054,14,84.0,0.7,1.1697,0.6462521
cold,0,1,0,3e-05,0.05,512,3,5,4,256,6000,8.0,2633729,1,1,9974,1104,600009,3,54,18054,15,90.0,0.75,1.25325,0.65828788
cold,0,1,0,3e-05,0.05,512,3,5,4,256,6000,8.0,2633729,1,1,9974,1104,600009,3,54,18054,16,96.0,0.8,1.3368,0.66982359
cold,0,1,0,3e-05,0.05,512,3,5,4,256,6000,8.0,2633729,1,1,9974,1104,600009,3,54,18054,17,102.0,0.85,1.42035,0.6799472
cold,0,1,0,3e-05,0.05,512,3,5,4,256,6000,8.0,2633729,1,1,9974,1104,600009,3,54,18054,18,108.0,0.9,1.5039,0.68807161
cold,0,1,0,3e-05,0.05,512,3,5,4,256,6000,8.0,2633729,1,1,9974,1104,600009,3,54,18054,19,114.0,0.95,1.58745,0.69478297
cold,0,1,0,3e-05,0.05,512,3,5,4,256,6000,8.0,2633729,1,1,9974,1104,600009,3,54,18054,20,120.0,1.0,1.671,0.70099515
cold,0,1,0,3e-05,0.05,512,3,5,4,256,6000,8.0,2633729,1,1,9974,1104,600009,3,54,18054,21,126.0,1.05,1.75455,0.70710897
cold,0,1,0,3e-05,0.05,512,3,5,4,256,6000,8.0,2633729,1,1,9974,1104,600009,3,54,18054,22,132.0,1.1,1.8381,0.71328992
cold,0,1,0,3e-05,0.05,512,3,5,4,256,6000,8.0,2633729,1,1,9974,1104,600009,3,54,18054,23,138.0,1.15,1.92165,0.71915162
cold,0,1,0,3e-05,0.05,512,3,5,4,256,6000,8.0,2633729,1,1,9974,1104,600009,3,54,18054,24,144.0,1.2,2.0052,0.72359258
cold,0,1,0,3e-05,0.05,512,3,5,4,256,6000,8.0,2633729,1,1,9974,1104,600009,3,54,18054,25,150.0,1.25,2.08875,0.72626317
cold,0,1,0,3e-05,0.05,512,3,5,4,256,6000,8.0,2633729,1,1,9974,1104,600009,3,54,18054,26,156.0,1.3,2.1723,0.7275545
cold,0,1,0,3e-05,0.05,512,3,5,4,256,6000,8.0,2633729,1,1,9974,1104,600009,3,54,18054,27,162.0,1.35,2.25585,0.72746766
cold,0,1,0,3e-05,0.05,512,3,5,4,256,6000,8.0,2633729,1,1,9974,1104,600009,3,54,18054,28,168.0,1.4,2.3394,0.72599196
cold,0,1,0,3e-05,0.05,512,3,5,4,256,6000,8.0,2633729,1,1,9974,1104,600009,3,54,18054,29,174.0,1.45,2.42295,0.72409195
cold,0,1,0,3e-05,0.05,512,3,5,4,256,6000,8.0,2633729,1,1,9974,1104,600009,3,54,18054,30,180.0,1.5,2.5065,0.7237252
cold,0,1,0,3e-05,0.05,512,3,5,4,256,6000,8.0,2633729,1,1,9974,1104,600009,3,54,18054,31,186.0,1.55,2.59005,0.72616214
cold,0,1,0,3e-05,0.05,512,3,5,4,256,6000,8.0,2633729,1,1,9974,1104,600009,3,54,18054,32,192.0,1.6,2.6736,0.73080176
cold,0,1,0,3e-05,0.05,512,3,5,4,256,6000,8.0,2633729,1,1,9974,1104,600009,3,54,18054,33,198.0,1.65,2.75715,0.73604828
cold,0,1,0,3e-05,0.05,512,3,5,4,256,6000,8.0,2633729,1,1,9974,1104,600009,3,54,18054,34,204.0,1.7,2.8407,0.74082053
cold,0,1,0,3e-05,0.05,512,3,5,4,256,6000,8.0,2633729,1,1,9974,1104,600009,3,54,18054,35,210.0,1.75,2.92425,0.74454504
cold,0,1,0,3e-05,0.05,512,3,5,4,256,6000,8.0,2633729,1,1,9974,1104,600009,3,54,18054,36,216.0,1.8,3.0078,0.74685919
cold,0,1,0,3e-05,0.05,512,3,5,4,256,6000,8.0,2633729,1,1,9974,1104,600009,3,54,18054,37,222.0,1.85,3.09135,0.74797577
cold,0,1,0,3e-05,0.05,512,3,5,4,256,6000,8.0,2633729,1,1,9974,1104,600009,3,54,18054,38,228.0,1.9,3.1749,0.74812293
cold,0,1,0,3e-05,0.05,512,3,5,4,256,6000,8.0,2633729,1,1,9974,1104,600009,3,54,18054,39,234.0,1.95,3.25845,0.74740905
cold,0,1,0,3e-05,0.05,512,3,5,4,256,6000,8.0,2633729,1,1,9974,1104,600009,3,54,18054,40,240.0,2.0,3.342,0.74647969
cold,0,1,0,3e-05,0.05,512,3,5,4,256,6000,8.0,2633729,1,1,9974,1104,600009,3,54,18054,41,246.0,2.05,3.42555,0.74564666
cold,0,1,0,3e-05,0.05,512,3,5,4,256,6000,8.0,2633729,1,1,9974,1104,600009,3,54,18054,42,252.0,2.1,3.5091,0.74435461
cold,0,1,0,3e-05,0.05,512,3,5,4,256,6000,8.0,2633729,1,1,9974,1104,600009,3,54,18054,43,258.0,2.15,3.59265,0.74254197
cold,0,1,0,3e-05,0.05,512,3,5,4,256,6000,8.0,2633729,1,1,9974,1104,600009,3,54,18054,44,264.0,2.2,3.6762,0.741117
cold,0,1,0,3e-05,0.05,512,3,5,4,256,6000,8.0,2633729,1,1,9974,1104,600009,3,54,18054,45,270.0,2.25,3.75975,0.74081671
cold,0,1,0,3e-05,0.05,512,3,5,4,256,6000,8.0,2633729,1,1,9974,1104,600009,3,54,18054,46,276.0,2.3,3.8433,0.74144769
cold,0,1,0,3e-05,0.05,512,3,5,4,256,6000,8.0,2633729,1,1,9974,1104,600009,3,54,18054,47,282.0,2.35,3.92685,0.7422381
cold,0,1,0,3e-05,0.05,512,3,5,4,256,6000,8.0,2633729,1,1,9974,1104,600009,3,54,18054,48,288.0,2.4,4.0104,0.74239504
cold,0,1,0,3e-05,0.05,512,3,5,4,256,6000,8.0,2633729,1,1,9974,1104,600009,3,54,18054,49,294.0,2.45,4.09395,0.74167228
cold,0,1,0,3e-05,0.05,512,3,5,4,256,6000,8.0,2633729,1,1,9974,1104,600009,3,54,18054,50,300.0,2.5,4.1775,0.74093342
cold,0,1,0,3e-05,0.05,512,3,5,4,256,6000,8.0,2633729,1,1,9974,1104,600009,3,54,18054,51,306.0,2.55,4.26105,0.7414453
cold,0,1,0,3e-05,0.05,512,3,5,4,256,6000,8.0,2633729,1,1,9974,1104,600009,3,54,18054,52,312.0,2.6,4.3446,0.74337471
cold,0,1,0,3e-05,0.05,512,3,5,4,256,6000,8.0,2633729,1,1,9974,1104,600009,3,54,18054,53,318.0,2.65,4.42815,0.74551612
cold,0,1,0,3e-05,0.05,512,3,5,4,256,6000,8.0,2633729,1,1,9974,1104,600009,3,54,18054,54,324.0,2.7,4.5117,0.74683988
cold,0,1,0,3e-05,0.05,512,3,5,4,256,6000,8.0,2633729,1,1,9974,1104,600009,3,54,18054,55,330.0,2.75,4.59525,0.74706995
cold,0,1,0,3e-05,0.05,512,3,5,4,256,6000,8.0,2633729,1,1,9974,1104,600009,3,54,18054,56,336.0,2.8,4.6788,0.7462945
cold,0,1,0,3e-05,0.05,512,3,5,4,256,6000,8.0,2633729,1,1,9974,1104,600009,3,54,18054,57,342.0,2.85,4.76235,0.74512976
cold,0,1,0,3e-05,0.05,512,3,5,4,256,6000,8.0,2633729,1,1,9974,1104,600009,3,54,18054,58,348.0,2.9,4.8459,0.74407333
cold,0,1,0,3e-05,0.05,512,3,5,4,256,6000,8.0,2633729,1,1,9974,1104,600009,3,54,18054,59,354.0,2.95,4.92945,0.74316245
cold,0,1,0,3e-05,0.05,512,3,5,4,256,6000,8.0,2633729,1,1,9974,1104,600009,3,54,18054,60,360.0,3.0,5.013,0.74288052
cold,0,1,0,3e-05,0.05,512,3,5,4,256,6000,8.0,2633729,1,1,9974,1104,600009,3,54,18054,61,366.0,3.05,5.09655,0.74369043
cold,0,1,0,3e-05,0.05,512,3,5,4,256,6000,8.0,2633729,1,1,9974,1104,600009,3,54,18054,62,372.0,3.1,5.1801,0.74509943
cold,0,1,0,3e-05,0.05,512,3,5,4,256,6000,8.0,2633729,1,1,9974,1104,600009,3,54,18054,63,378.0,3.15,5.26365,0.74627566
cold,0,1,0,3e-05,0.05,512,3,5,4,256,6000,8.0,2633729,1,1,9974,1104,600009,3,54,18054,64,384.0,3.2,5.3472,0.74681658
cold,0,1,0,3e-05,0.05,512,3,5,4,256,6000,8.0,2633729,1,1,9974,1104,600009,3,54,18054,65,390.0,3.25,5.43075,0.74663728
cold,0,1,0,3e-05,0.05,512,3,5,4,256,6000,8.0,2633729,1,1,9974,1104,600009,3,54,18054,66,396.0,3.3,5.5143,0.74548608
cold,0,1,0,3e-05,0.05,512,3,5,4,256,6000,8.0,2633729,1,1,9974,1104,600009,3,54,18054,67,402.0,3.35,5.59785,0.74293888
cold,0,1,0,3e-05,0.05,512,3,5,4,256,6000,8.0,2633729,1,1,9974,1104,600009,3,54,18054,68,408.0,3.4,5.6814,0.73891401
cold,0,1,0,3e-05,0.05,512,3,5,4,256,6000,8.0,2633729,1,1,9974,1104,600009,3,54,18054,69,414.0,3.45,5.76495,0.73428255
cold,0,1,0,3e-05,0.05,512,3,5,4,256,6000,8.0,2633729,1,1,9974,1104,600009,3,54,18054,70,420.0,3.5,5.8485,0.73093212
cold,0,1,0,3e-05,0.05,512,3,5,4,256,6000,8.0,2633729,1,1,9974,1104,600009,3,54,18054,71,426.0,3.55,5.93205,0.73026252
cold,0,1,0,3e-05,0.05,512,3,5,4,256,6000,8.0,2633729,1,1,9974,1104,600009,3,54,18054,72,432.0,3.6,6.0156,0.73189771
cold,0,1,0,3e-05,0.05,512,3,5,4,256,6000,8.0,2633729,1,1,9974,1104,600009,3,54,18054,73,438.0,3.65,6.09915,0.73436922
cold,0,1,0,3e-05,0.05,512,3,5,4,256,6000,8.0,2633729,1,1,9974,1104,600009,3,54,18054,74,444.0,3.7,6.1827,0.73654008
cold,0,1,0,3e-05,0.05,512,3,5,4,256,6000,8.0,2633729,1,1,9974,1104,600009,3,54,18054,75,450.0,3.75,6.26625,0.73775405
cold,0,1,0,3e-05,0.05,512,3,5,4,256,6000,8.0,2633729,1,1,9974,1104,600009,3,54,18054,76,456.0,3.8,6.3498,0.73766327
cold,0,1,0,3e-05,0.05,512,3,5,4,256,6000,8.0,2633729,1,1,9974,1104,600009,3,54,18054,77,462.0,3.85,6.43335,0.73657322
cold,0,1,0,3e-05,0.05,512,3,5,4,256,6000,8.0,2633729,1,1,9974,1104,600009,3,54,18054,78,468.0,3.9,6.5169,0.73500693
cold,0,1,0,3e-05,0.05,512,3,5,4,256,6000,8.0,2633729,1,1,9974,1104,600009,3,54,18054,79,474.0,3.95,6.60045,0.73321742
cold,0,1,0,3e-05,0.05,512,3,5,4,256,6000,8.0,2633729,1,1,9974,1104,600009,3,54,18054,80,480.0,4.0,6.684,0.73169464
cold,0,1,0,3e-05,0.05,512,3,5,4,256,6000,8.0,2633729,1,1,9974,1104,600009,3,54,18054,81,486.0,4.05,6.76755,0.73103631
cold,0,1,0,3e-05,0.05,512,3,5,4,256,6000,8.0,2633729,1,1,9974,1104,600009,3,54,18054,82,492.0,4.1,6.8511,0.73132175
cold,0,1,0,3e-05,0.05,512,3,5,4,256,6000,8.0,2633729,1,1,9974,1104,600009,3,54,18054,83,498.0,4.15,6.93465,0.73224479
cold,0,1,0,3e-05,0.05,512,3,5,4,256,6000,8.0,2633729,1,1,9974,1104,600009,3,54,18054,84,504.0,4.2,7.0182,0.73333657
cold,0,1,0,3e-05,0.05,512,3,5,4,256,6000,8.0,2633729,1,1,9974,1104,600009,3,54,18054,85,510.0,4.25,7.10175,0.73411793
cold,0,1,0,3e-05,0.05,512,3,5,4,256,6000,8.0,2633729,1,1,9974,1104,600009,3,54,18054,86,516.0,4.3,7.1853,0.73420554
cold,0,1,0,3e-05,0.05,512,3,5,4,256,6000,8.0,2633729,1,1,9974,1104,600009,3,54,18054,87,522.0,4.35,7.26885,0.73335546
cold,0,1,0,3e-05,0.05,512,3,5,4,256,6000,8.0,2633729,1,1,9974,1104,600009,3,54,18054,88,528.0,4.4,7.3524,0.73171806
cold,0,1,0,3e-05,0.05,512,3,5,4,256,6000,8.0,2633729,1,1,9974,1104,600009,3,54,18054,89,534.0,4.45,7.43595,0.72985703
cold,0,1,0,3e-05,0.05,512,3,5,4,256,6000,8.0,2633729,1,1,9974,1104,600009,3,54,18054,90,540.0,4.5,7.5195,0.72848797
cold,0,1,0,3e-05,0.05,512,3,5,4,256,6000,8.0,2633729,1,1,9974,1104,600009,3,54,18054,91,546.0,4.55,7.60305,0.72812241
cold,0,1,0,3e-05,0.05,512,3,5,4,256,6000,8.0,2633729,1,1,9974,1104,600009,3,54,18054,92,552.0,4.6,7.6866,0.7286455
cold,0,1,0,3e-05,0.05,512,3,5,4,256,6000,8.0,2633729,1,1,9974,1104,600009,3,54,18054,93,558.0,4.65,7.77015,0.72944045
cold,0,1,0,3e-05,0.05,512,3,5,4,256,6000,8.0,2633729,1,1,9974,1104,600009,3,54,18054,94,564.0,4.7,7.8537,0.73011851
cold,0,1,0,3e-05,0.05,512,3,5,4,256,6000,8.0,2633729,1,1,9974,1104,600009,3,54,18054,95,570.0,4.75,7.93725,0.73057532
cold,0,1,0,3e-05,0.05,512,3,5,4,256,6000,8.0,2633729,1,1,9974,1104,600009,3,54,18054,96,576.0,4.8,8.0208,0.73079991
cold,0,1,0,3e-05,0.05,512,3,5,4,256,6000,8.0,2633729,1,1,9974,1104,600009,3,54,18054,97,582.0,4.85,8.10435,0.73094237
cold,0,1,0,3e-05,0.05,512,3,5,4,256,6000,8.0,2633729,1,1,9974,1104,600009,3,54,18054,98,588.0,4.9,8.1879,0.73093295
cold,0,1,0,3e-05,0.05,512,3,5,4,256,6000,8.0,2633729,1,1,9974,1104,600009,3,54,18054,99,594.0,4.95,8.27145,0.73037541
cold,0,1,0,3e-05,0.05,512,3,5,4,256,6000,8.0,2633729,1,1,9974,1104,600009,3,54,18054,100,600.0,5.0,8.355,0.72941077
cold,0,1,0,3e-05,0.05,512,3,5,4,256,6000,8.0,2633729,1,1,9974,1104,600009,3,54,18054,101,606.0,5.05,8.43855,0.72873712
cold,0,1,0,3e-05,0.05,512,3,5,4,256,6000,8.0,2633729,1,1,9974,1104,600009,3,54,18054,102,612.0,5.1,8.5221,0.72878462
cold,0,1,0,3e-05,0.05,512,3,5,4,256,6000,8.0,2633729,1,1,9974,1104,600009,3,54,18054,103,618.0,5.15,8.60565,0.72945827
cold,0,1,0,3e-05,0.05,512,3,5,4,256,6000,8.0,2633729,1,1,9974,1104,600009,3,54,18054,104,624.0,5.2,8.6892,0.73034221
cold,0,1,0,3e-05,0.05,512,3,5,4,256,6000,8.0,2633729,1,1,9974,1104,600009,3,54,18054,105,630.0,5.25,8.77275,0.73103732
cold,0,1,0,3e-05,0.05,512,3,5,4,256,6000,8.0,2633729,1,1,9974,1104,600009,3,54,18054,106,636.0,5.3,8.8563,0.73110044
cold,0,1,0,3e-05,0.05,512,3,5,4,256,6000,8.0,2633729,1,1,9974,1104,600009,3,54,18054,107,642.0,5.35,8.93985,0.72996026
cold,0,1,0,3e-05,0.05,512,3,5,4,256,6000,8.0,2633729,1,1,9974,1104,600009,3,54,18054,108,648.0,5.4,9.0234,0.72738385
cold,0,1,0,3e-05,0.05,512,3,5,4,256,6000,8.0,2633729,1,1,9974,1104,600009,3,54,18054,109,654.0,5.45,9.10695,0.72409397
cold,0,1,0,3e-05,0.05,512,3,5,4,256,6000,8.0,2633729,1,1,9974,1104,600009,3,54,18054,110,660.0,5.5,9.1905,0.72169924
cold,0,1,0,3e-05,0.05,512,3,5,4,256,6000,8.0,2633729,1,1,9974,1104,600009,3,54,18054,111,666.0,5.55,9.27405,0.72130603
cold,0,1,0,3e-05,0.05,512,3,5,4,256,6000,8.0,2633729,1,1,9974,1104,600009,3,54,18054,112,672.0,5.6,9.3576,0.72250032
cold,0,1,0,3e-05,0.05,512,3,5,4,256,6000,8.0,2633729,1,1,9974,1104,600009,3,54,18054,113,678.0,5.65,9.44115,0.72392309
cold,0,1,0,3e-05,0.05,512,3,5,4,256,6000,8.0,2633729,1,1,9974,1104,600009,3,54,18054,114,684.0,5.7,9.5247,0.7247203
cold,0,1,0,3e-05,0.05,512,3,5,4,256,6000,8.0,2633729,1,1,9974,1104,600009,3,54,18054,115,690.0,5.75,9.60825,0.72489834
cold,0,1,0,3e-05,0.05,512,3,5,4,256,6000,8.0,2633729,1,1,9974,1104,600009,3,54,18054,116,696.0,5.8,9.6918,0.72465122
cold,0,1,0,3e-05,0.05,512,3,5,4,256,6000,8.0,2633729,1,1,9974,1104,600009,3,54,18054,117,702.0,5.85,9.77535,0.72400361
cold,0,1,0,3e-05,0.05,512,3,5,4,256,6000,8.0,2633729,1,1,9974,1104,600009,3,54,18054,118,708.0,5.9,9.8589,0.7228322
cold,0,1,0,3e-05,0.05,512,3,5,4,256,6000,8.0,2633729,1,1,9974,1104,600009,3,54,18054,119,714.0,5.95,9.94245,0.72126448
cold,0,1,0,3e-05,0.05,512,3,5,4,256,6000,8.0,2633729,1,1,9974,1104,600009,3,54,18054,120,720.0,6.0,10.026,0.72008842
cold,0,1,0,3e-05,0.05,512,3,5,4,256,6000,8.0,2633729,1,1,9974,1104,600009,3,234,18234,1,6.0,0.05,0.08355,0.04896127
cold,0,1,0,3e-05,0.05,512,3,5,4,256,6000,8.0,2633729,1,1,9974,1104,600009,3,234,18234,2,12.0,0.1,0.1671,0.07324936
cold,0,1,0,3e-05,0.05,512,3,5,4,256,6000,8.0,2633729,1,1,9974,1104,600009,3,234,18234,3,18.0,0.15,0.25065,0.10033643
cold,0,1,0,3e-05,0.05,512,3,5,4,256,6000,8.0,2633729,1,1,9974,1104,600009,3,234,18234,4,24.0,0.2,0.3342,0.12744841
cold,0,1,0,3e-05,0.05,512,3,5,4,256,6000,8.0,2633729,1,1,9974,1104,600009,3,234,18234,5,30.0,0.25,0.41775,0.15451138
cold,0,1,0,3e-05,0.05,512,3,5,4,256,6000,8.0,2633729,1,1,9974,1104,600009,3,234,18234,6,36.0,0.3,0.5013,0.18353073
cold,0,1,0,3e-05,0.05,512,3,5,4,256,6000,8.0,2633729,1,1,9974,1104,600009,3,234,18234,7,42.0,0.35,0.58485,0.21385844
cold,0,1,0,3e-05,0.05,512,3,5,4,256,6000,8.0,2633729,1,1,9974,1104,600009,3,234,18234,8,48.0,0.4,0.6684,0.24353413
cold,0,1,0,3e-05,0.05,512,3,5,4,256,6000,8.0,2633729,1,1,9974,1104,600009,3,234,18234,9,54.0,0.45,0.75195,0.2720145
cold,0,1,0,3e-05,0.05,512,3,5,4,256,6000,8.0,2633729,1,1,9974,1104,600009,3,234,18234,10,60.0,0.5,0.8355,0.30079418
cold,0,1,0,3e-05,0.05,512,3,5,4,256,6000,8.0,2633729,1,1,9974,1104,600009,3,234,18234,11,66.0,0.55,0.91905,0.33137077
cold,0,1,0,3e-05,0.05,512,3,5,4,256,6000,8.0,2633729,1,1,9974,1104,600009,3,234,18234,12,72.0,0.6,1.0026,0.36134186
cold,0,1,0,3e-05,0.05,512,3,5,4,256,6000,8.0,2633729,1,1,9974,1104,600009,3,234,18234,13,78.0,0.65,1.08615,0.38803869
cold,0,1,0,3e-05,0.05,512,3,5,4,256,6000,8.0,2633729,1,1,9974,1104,600009,3,234,18234,14,84.0,0.7,1.1697,0.41286597
cold,0,1,0,3e-05,0.05,512,3,5,4,256,6000,8.0,2633729,1,1,9974,1104,600009,3,234,18234,15,90.0,0.75,1.25325,0.43854779
cold,0,1,0,3e-05,0.05,512,3,5,4,256,6000,8.0,2633729,1,1,9974,1104,600009,3,234,18234,16,96.0,0.8,1.3368,0.46516168
cold,0,1,0,3e-05,0.05,512,3,5,4,256,6000,8.0,2633729,1,1,9974,1104,600009,3,234,18234,17,102.0,0.85,1.42035,0.49109194
cold,0,1,0,3e-05,0.05,512,3,5,4,256,6000,8.0,2633729,1,1,9974,1104,600009,3,234,18234,18,108.0,0.9,1.5039,0.51472241
cold,0,1,0,3e-05,0.05,512,3,5,4,256,6000,8.0,2633729,1,1,9974,1104,600009,3,234,18234,19,114.0,0.95,1.58745,0.5355022
cold,0,1,0,3e-05,0.05,512,3,5,4,256,6000,8.0,2633729,1,1,9974,1104,600009,3,234,18234,20,120.0,1.0,1.671,0.55500102
cold,0,1,0,3e-05,0.05,512,3,5,4,256,6000,8.0,2633729,1,1,9974,1104,600009,3,234,18234,21,126.0,1.05,1.75455,0.5749234
cold,0,1,0,3e-05,0.05,512,3,5,4,256,6000,8.0,2633729,1,1,9974,1104,600009,3,234,18234,22,132.0,1.1,1.8381,0.59513319
cold,0,1,0,3e-05,0.05,512,3,5,4,256,6000,8.0,2633729,1,1,9974,1104,600009,3,234,18234,23,138.0,1.15,1.92165,0.61538076
cold,0,1,0,3e-05,0.05,512,3,5,4,256,6000,8.0,2633729,1,1,9974,1104,600009,3,234,18234,24,144.0,1.2,2.0052,0.6354813
cold,0,1,0,3e-05,0.05,512,3,5,4,256,6000,8.0,2633729,1,1,9974,1104,600009,3,234,18234,25,150.0,1.25,2.08875,0.6543889
cold,0,1,0,3e-05,0.05,512,3,5,4,256,6000,8.0,2633729,1,1,9974,1104,600009,3,234,18234,26,156.0,1.3,2.1723,0.671655
cold,0,1,0,3e-05,0.05,512,3,5,4,256,6000,8.0,2633729,1,1,9974,1104,600009,3,234,18234,27,162.0,1.35,2.25585,0.68786436
cold,0,1,0,3e-05,0.05,512,3,5,4,256,6000,8.0,2633729,1,1,9974,1104,600009,3,234,18234,28,168.0,1.4,2.3394,0.7024098
cold,0,1,0,3e-05,0.05,512,3,5,4,256,6000,8.0,2633729,1,1,9974,1104,600009,3,234,18234,29,174.0,1.45,2.42295,0.71372807
cold,0,1,0,3e-05,0.05,512,3,5,4,256,6000,8.0,2633729,1,1,9974,1104,600009,3,234,18234,30,180.0,1.5,2.5065,0.72202456
cold,0,1,0,3e-05,0.05,512,3,5,4,256,6000,8.0,2633729,1,1,9974,1104,600009,3,234,18234,31,186.0,1.55,2.59005,0.72878605
cold,0,1,0,3e-05,0.05,512,3,5,4,256,6000,8.0,2633729,1,1,9974,1104,600009,3,234,18234,32,192.0,1.6,2.6736,0.73537183
cold,0,1,0,3e-05,0.05,512,3,5,4,256,6000,8.0,2633729,1,1,9974,1104,600009,3,234,18234,33,198.0,1.65,2.75715,0.74301386
cold,0,1,0,3e-05,0.05,512,3,5,4,256,6000,8.0,2633729,1,1,9974,1104,600009,3,234,18234,34,204.0,1.7,2.8407,0.75249249
cold,0,1,0,3e-05,0.05,512,3,5,4,256,6000,8.0,2633729,1,1,9974,1104,600009,3,234,18234,35,210.0,1.75,2.92425,0.76395798
cold,0,1,0,3e-05,0.05,512,3,5,4,256,6000,8.0,2633729,1,1,9974,1104,600009,3,234,18234,36,216.0,1.8,3.0078,0.77700937
cold,0,1,0,3e-05,0.05,512,3,5,4,256,6000,8.0,2633729,1,1,9974,1104,600009,3,234,18234,37,222.0,1.85,3.09135,0.79051036
cold,0,1,0,3e-05,0.05,512,3,5,4,256,6000,8.0,2633729,1,1,9974,1104,600009,3,234,18234,38,228.0,1.9,3.1749,0.80267066
cold,0,1,0,3e-05,0.05,512,3,5,4,256,6000,8.0,2633729,1,1,9974,1104,600009,3,234,18234,39,234.0,1.95,3.25845,0.81179732
cold,0,1,0,3e-05,0.05,512,3,5,4,256,6000,8.0,2633729,1,1,9974,1104,600009,3,234,18234,40,240.0,2.0,3.342,0.81809175
cold,0,1,0,3e-05,0.05,512,3,5,4,256,6000,8.0,2633729,1,1,9974,1104,600009,3,234,18234,41,246.0,2.05,3.42555,0.82376915
cold,0,1,0,3e-05,0.05,512,3,5,4,256,6000,8.0,2633729,1,1,9974,1104,600009,3,234,18234,42,252.0,2.1,3.5091,0.83040792
cold,0,1,0,3e-05,0.05,512,3,5,4,256,6000,8.0,2633729,1,1,9974,1104,600009,3,234,18234,43,258.0,2.15,3.59265,0.83752573
cold,0,1,0,3e-05,0.05,512,3,5,4,256,6000,8.0,2633729,1,1,9974,1104,600009,3,234,18234,44,264.0,2.2,3.6762,0.84369749
cold,0,1,0,3e-05,0.05,512,3,5,4,256,6000,8.0,2633729,1,1,9974,1104,600009,3,234,18234,45,270.0,2.25,3.75975,0.84852558
cold,0,1,0,3e-05,0.05,512,3,5,4,256,6000,8.0,2633729,1,1,9974,1104,600009,3,234,18234,46,276.0,2.3,3.8433,0.85296243
cold,0,1,0,3e-05,0.05,512,3,5,4,256,6000,8.0,2633729,1,1,9974,1104,600009,3,234,18234,47,282.0,2.35,3.92685,0.85765624
cold,0,1,0,3e-05,0.05,512,3,5,4,256,6000,8.0,2633729,1,1,9974,1104,600009,3,234,18234,48,288.0,2.4,4.0104,0.86158192
cold,0,1,0,3e-05,0.05,512,3,5,4,256,6000,8.0,2633729,1,1,9974,1104,600009,3,234,18234,49,294.0,2.45,4.09395,0.8632949
cold,0,1,0,3e-05,0.05,512,3,5,4,256,6000,8.0,2633729,1,1,9974,1104,600009,3,234,18234,50,300.0,2.5,4.1775,0.86295539
cold,0,1,0,3e-05,0.05,512,3,5,4,256,6000,8.0,2633729,1,1,9974,1104,600009,3,234,18234,51,306.0,2.55,4.26105,0.86252582
cold,0,1,0,3e-05,0.05,512,3,5,4,256,6000,8.0,2633729,1,1,9974,1104,600009,3,234,18234,52,312.0,2.6,4.3446,0.8648017
cold,0,1,0,3e-05,0.05,512,3,5,4,256,6000,8.0,2633729,1,1,9974,1104,600009,3,234,18234,53,318.0,2.65,4.42815,0.87100768
cold,0,1,0,3e-05,0.05,512,3,5,4,256,6000,8.0,2633729,1,1,9974,1104,600009,3,234,18234,54,324.0,2.7,4.5117,0.87957257
cold,0,1,0,3e-05,0.05,512,3,5,4,256,6000,8.0,2633729,1,1,9974,1104,600009,3,234,18234,55,330.0,2.75,4.59525,0.88810939
cold,0,1,0,3e-05,0.05,512,3,5,4,256,6000,8.0,2633729,1,1,9974,1104,600009,3,234,18234,56,336.0,2.8,4.6788,0.89471865
cold,0,1,0,3e-05,0.05,512,3,5,4,256,6000,8.0,2633729,1,1,9974,1104,600009,3,234,18234,57,342.0,2.85,4.76235,0.89790374
cold,0,1,0,3e-05,0.05,512,3,5,4,256,6000,8.0,2633729,1,1,9974,1104,600009,3,234,18234,58,348.0,2.9,4.8459,0.89754498
cold,0,1,0,3e-05,0.05,512,3,5,4,256,6000,8.0,2633729,1,1,9974,1104,600009,3,234,18234,59,354.0,2.95,4.92945,0.89567286
cold,0,1,0,3e-05,0.05,512,3,5,4,256,6000,8.0,2633729,1,1,9974,1104,600009,3,234,18234,60,360.0,3.0,5.013,0.89521396
cold,0,1,0,3e-05,0.05,512,3,5,4,256,6000,8.0,2633729,1,1,9974,1104,600009,3,234,18234,61,366.0,3.05,5.09655,0.89759409
cold,0,1,0,3e-05,0.05,512,3,5,4,256,6000,8.0,2633729,1,1,9974,1104,600009,3,234,18234,62,372.0,3.1,5.1801,0.90204281
cold,0,1,0,3e-05,0.05,512,3,5,4,256,6000,8.0,2633729,1,1,9974,1104,600009,3,234,18234,63,378.0,3.15,5.26365,0.90703303
cold,0,1,0,3e-05,0.05,512,3,5,4,256,6000,8.0,2633729,1,1,9974,1104,600009,3,234,18234,64,384.0,3.2,5.3472,0.91131276
cold,0,1,0,3e-05,0.05,512,3,5,4,256,6000,8.0,2633729,1,1,9974,1104,600009,3,234,18234,65,390.0,3.25,5.43075,0.91510129
cold,0,1,0,3e-05,0.05,512,3,5,4,256,6000,8.0,2633729,1,1,9974,1104,600009,3,234,18234,66,396.0,3.3,5.5143,0.9199332
cold,0,1,0,3e-05,0.05,512,3,5,4,256,6000,8.0,2633729,1,1,9974,1104,600009,3,234,18234,67,402.0,3.35,5.59785,0.92615312
cold,0,1,0,3e-05,0.05,512,3,5,4,256,6000,8.0,2633729,1,1,9974,1104,600009,3,234,18234,68,408.0,3.4,5.6814,0.93234158
cold,0,1,0,3e-05,0.05,512,3,5,4,256,6000,8.0,2633729,1,1,9974,1104,600009,3,234,18234,69,414.0,3.45,5.76495,0.93668693
cold,0,1,0,3e-05,0.05,512,3,5,4,256,6000,8.0,2633729,1,1,9974,1104,600009,3,234,18234,70,420.0,3.5,5.8485,0.93801194
cold,0,1,0,3e-05,0.05,512,3,5,4,256,6000,8.0,2633729,1,1,9974,1104,600009,3,234,18234,71,426.0,3.55,5.93205,0.93691701
cold,0,1,0,3e-05,0.05,512,3,5,4,256,6000,8.0,2633729,1,1,9974,1104,600009,3,234,18234,72,432.0,3.6,6.0156,0.93535256
cold,0,1,0,3e-05,0.05,512,3,5,4,256,6000,8.0,2633729,1,1,9974,1104,600009,3,234,18234,73,438.0,3.65,6.09915,0.9345175
cold,0,1,0,3e-05,0.05,512,3,5,4,256,6000,8.0,2633729,1,1,9974,1104,600009,3,234,18234,74,444.0,3.7,6.1827,0.93413287
cold,0,1,0,3e-05,0.05,512,3,5,4,256,6000,8.0,2633729,1,1,9974,1104,600009,3,234,18234,75,450.0,3.75,6.26625,0.93373019
cold,0,1,0,3e-05,0.05,512,3,5,4,256,6000,8.0,2633729,1,1,9974,1104,600009,3,234,18234,76,456.0,3.8,6.3498,0.93344367
cold,0,1,0,3e-05,0.05,512,3,5,4,256,6000,8.0,2633729,1,1,9974,1104,600009,3,234,18234,77,462.0,3.85,6.43335,0.93263489
cold,0,1,0,3e-05,0.05,512,3,5,4,256,6000,8.0,2633729,1,1,9974,1104,600009,3,234,18234,78,468.0,3.9,6.5169,0.93008178
cold,0,1,0,3e-05,0.05,512,3,5,4,256,6000,8.0,2633729,1,1,9974,1104,600009,3,234,18234,79,474.0,3.95,6.60045,0.92635733
cold,0,1,0,3e-05,0.05,512,3,5,4,256,6000,8.0,2633729,1,1,9974,1104,600009,3,234,18234,80,480.0,4.0,6.684,0.92362559
cold,0,1,0,3e-05,0.05,512,3,5,4,256,6000,8.0,2633729,1,1,9974,1104,600009,3,234,18234,81,486.0,4.05,6.76755,0.92303753
cold,0,1,0,3e-05,0.05,512,3,5,4,256,6000,8.0,2633729,1,1,9974,1104,600009,3,234,18234,82,492.0,4.1,6.8511,0.92374092
cold,0,1,0,3e-05,0.05,512,3,5,4,256,6000,8.0,2633729,1,1,9974,1104,600009,3,234,18234,83,498.0,4.15,6.93465,0.92408586
cold,0,1,0,3e-05,0.05,512,3,5,4,256,6000,8.0,2633729,1,1,9974,1104,600009,3,234,18234,84,504.0,4.2,7.0182,0.92303532
cold,0,1,0,3e-05,0.05,512,3,5,4,256,6000,8.0,2633729,1,1,9974,1104,600009,3,234,18234,85,510.0,4.25,7.10175,0.92090821
cold,0,1,0,3e-05,0.05,512,3,5,4,256,6000,8.0,2633729,1,1,9974,1104,600009,3,234,18234,86,516.0,4.3,7.1853,0.91848731
cold,0,1,0,3e-05,0.05,512,3,5,4,256,6000,8.0,2633729,1,1,9974,1104,600009,3,234,18234,87,522.0,4.35,7.26885,0.91673481
cold,0,1,0,3e-05,0.05,512,3,5,4,256,6000,8.0,2633729,1,1,9974,1104,600009,3,234,18234,88,528.0,4.4,7.3524,0.916915
cold,0,1,0,3e-05,0.05,512,3,5,4,256,6000,8.0,2633729,1,1,9974,1104,600009,3,234,18234,89,534.0,4.45,7.43595,0.92006612
cold,0,1,0,3e-05,0.05,512,3,5,4,256,6000,8.0,2633729,1,1,9974,1104,600009,3,234,18234,90,540.0,4.5,7.5195,0.92572141
cold,0,1,0,3e-05,0.05,512,3,5,4,256,6000,8.0,2633729,1,1,9974,1104,600009,3,234,18234,91,546.0,4.55,7.60305,0.93131608
cold,0,1,0,3e-05,0.05,512,3,5,4,256,6000,8.0,2633729,1,1,9974,1104,600009,3,234,18234,92,552.0,4.6,7.6866,0.93414432
cold,0,1,0,3e-05,0.05,512,3,5,4,256,6000,8.0,2633729,1,1,9974,1104,600009,3,234,18234,93,558.0,4.65,7.77015,0.93345338
cold,0,1,0,3e-05,0.05,512,3,5,4,256,6000,8.0,2633729,1,1,9974,1104,600009,3,234,18234,94,564.0,4.7,7.8537,0.93123329
cold,0,1,0,3e-05,0.05,512,3,5,4,256,6000,8.0,2633729,1,1,9974,1104,600009,3,234,18234,95,570.0,4.75,7.93725,0.92984027
cold,0,1,0,3e-05,0.05,512,3,5,4,256,6000,8.0,2633729,1,1,9974,1104,600009,3,234,18234,96,576.0,4.8,8.0208,0.92932534
cold,0,1,0,3e-05,0.05,512,3,5,4,256,6000,8.0,2633729,1,1,9974,1104,600009,3,234,18234,97,582.0,4.85,8.10435,0.92860687
cold,0,1,0,3e-05,0.05,512,3,5,4,256,6000,8.0,2633729,1,1,9974,1104,600009,3,234,18234,98,588.0,4.9,8.1879,0.92768282
cold,0,1,0,3e-05,0.05,512,3,5,4,256,6000,8.0,2633729,1,1,9974,1104,600009,3,234,18234,99,594.0,4.95,8.27145,0.92688763
cold,0,1,0,3e-05,0.05,512,3,5,4,256,6000,8.0,2633729,1,1,9974,1104,600009,3,234,18234,100,600.0,5.0,8.355,0.9258433
cold,0,1,0,3e-05,0.05,512,3,5,4,256,6000,8.0,2633729,1,1,9974,1104,600009,3,234,18234,101,606.0,5.05,8.43855,0.92398602
cold,0,1,0,3e-05,0.05,512,3,5,4,256,6000,8.0,2633729,1,1,9974,1104,600009,3,234,18234,102,612.0,5.1,8.5221,0.9217841
cold,0,1,0,3e-05,0.05,512,3,5,4,256,6000,8.0,2633729,1,1,9974,1104,600009,3,234,18234,103,618.0,5.15,8.60565,0.92128074
cold,0,1,0,3e-05,0.05,512,3,5,4,256,6000,8.0,2633729,1,1,9974,1104,600009,3,234,18234,104,624.0,5.2,8.6892,0.92392147
cold,0,1,0,3e-05,0.05,512,3,5,4,256,6000,8.0,2633729,1,1,9974,1104,600009,3,234,18234,105,630.0,5.25,8.77275,0.92803216
cold,0,1,0,3e-05,0.05,512,3,5,4,256,6000,8.0,2633729,1,1,9974,1104,600009,3,234,18234,106,636.0,5.3,8.8563,0.93075454
cold,0,1,0,3e-05,0.05,512,3,5,4,256,6000,8.0,2633729,1,1,9974,1104,600009,3,234,18234,107,642.0,5.35,8.93985,0.93195897
cold,0,1,0,3e-05,0.05,512,3,5,4,256,6000,8.0,2633729,1,1,9974,1104,600009,3,234,18234,108,648.0,5.4,9.0234,0.93373805
cold,0,1,0,3e-05,0.05,512,3,5,4,256,6000,8.0,2633729,1,1,9974,1104,600009,3,234,18234,109,654.0,5.45,9.10695,0.93618935
cold,0,1,0,3e-05,0.05,512,3,5,4,256,6000,8.0,2633729,1,1,9974,1104,600009,3,234,18234,110,660.0,5.5,9.1905,0.93712908
cold,0,1,0,3e-05,0.05,512,3,5,4,256,6000,8.0,2633729,1,1,9974,1104,600009,3,234,18234,111,666.0,5.55,9.27405,0.93567711
cold,0,1,0,3e-05,0.05,512,3,5,4,256,6000,8.0,2633729,1,1,9974,1104,600009,3,234,18234,112,672.0,5.6,9.3576,0.93338299
cold,0,1,0,3e-05,0.05,512,3,5,4,256,6000,8.0,2633729,1,1,9974,1104,600009,3,234,18234,113,678.0,5.65,9.44115,0.93167979
cold,0,1,0,3e-05,0.05,512,3,5,4,256,6000,8.0,2633729,1,1,9974,1104,600009,3,234,18234,114,684.0,5.7,9.5247,0.93112898
cold,0,1,0,3e-05,0.05,512,3,5,4,256,6000,8.0,2633729,1,1,9974,1104,600009,3,234,18234,115,690.0,5.75,9.60825,0.93292409
cold,0,1,0,3e-05,0.05,512,3,5,4,256,6000,8.0,2633729,1,1,9974,1104,600009,3,234,18234,116,696.0,5.8,9.6918,0.93730903
cold,0,1,0,3e-05,0.05,512,3,5,4,256,6000,8.0,2633729,1,1,9974,1104,600009,3,234,18234,117,702.0,5.85,9.77535,0.94141501
cold,0,1,0,3e-05,0.05,512,3,5,4,256,6000,8.0,2633729,1,1,9974,1104,600009,3,234,18234,118,708.0,5.9,9.8589,0.94149154
cold,0,1,0,3e-05,0.05,512,3,5,4,256,6000,8.0,2633729,1,1,9974,1104,600009,3,234,18234,119,714.0,5.95,9.94245,0.93719834
cold,0,1,0,3e-05,0.05,512,3,5,4,256,6000,8.0,2633729,1,1,9974,1104,600009,3,234,18234,120,720.0,6.0,10.026,0.93128574
cold,0,1,0,3e-05,0.05,512,3,5,4,256,6000,8.0,2633729,1,1,9974,1104,600009,3,1023,19023,1,6.0,0.05,0.08355,0.02419508
cold,0,1,0,3e-05,0.05,512,3,5,4,256,6000,8.0,2633729,1,1,9974,1104,600009,3,1023,19023,2,12.0,0.1,0.1671,0.02813758
cold,0,1,0,3e-05,0.05,512,3,5,4,256,6000,8.0,2633729,1,1,9974,1104,600009,3,1023,19023,3,18.0,0.15,0.25065,0.03319788
cold,0,1,0,3e-05,0.05,512,3,5,4,256,6000,8.0,2633729,1,1,9974,1104,600009,3,1023,19023,4,24.0,0.2,0.3342,0.03876952
cold,0,1,0,3e-05,0.05,512,3,5,4,256,6000,8.0,2633729,1,1,9974,1104,600009,3,1023,19023,5,30.0,0.25,0.41775,0.0445934
cold,0,1,0,3e-05,0.05,512,3,5,4,256,6000,8.0,2633729,1,1,9974,1104,600009,3,1023,19023,6,36.0,0.3,0.5013,0.05080581
cold,0,1,0,3e-05,0.05,512,3,5,4,256,6000,8.0,2633729,1,1,9974,1104,600009,3,1023,19023,7,42.0,0.35,0.58485,0.05776653
cold,0,1,0,3e-05,0.05,512,3,5,4,256,6000,8.0,2633729,1,1,9974,1104,600009,3,1023,19023,8,48.0,0.4,0.6684,0.0651367
cold,0,1,0,3e-05,0.05,512,3,5,4,256,6000,8.0,2633729,1,1,9974,1104,600009,3,1023,19023,9,54.0,0.45,0.75195,0.07336414
cold,0,1,0,3e-05,0.05,512,3,5,4,256,6000,8.0,2633729,1,1,9974,1104,600009,3,1023,19023,10,60.0,0.5,0.8355,0.08335376
cold,0,1,0,3e-05,0.05,512,3,5,4,256,6000,8.0,2633729,1,1,9974,1104,600009,3,1023,19023,11,66.0,0.55,0.91905,0.09441462
cold,0,1,0,3e-05,0.05,512,3,5,4,256,6000,8.0,2633729,1,1,9974,1104,600009,3,1023,19023,12,72.0,0.6,1.0026,0.10589872
cold,0,1,0,3e-05,0.05,512,3,5,4,256,6000,8.0,2633729,1,1,9974,1104,600009,3,1023,19023,13,78.0,0.65,1.08615,0.11829624
cold,0,1,0,3e-05,0.05,512,3,5,4,256,6000,8.0,2633729,1,1,9974,1104,600009,3,1023,19023,14,84.0,0.7,1.1697,0.13216965
cold,0,1,0,3e-05,0.05,512,3,5,4,256,6000,8.0,2633729,1,1,9974,1104,600009,3,1023,19023,15,90.0,0.75,1.25325,0.1475344
cold,0,1,0,3e-05,0.05,512,3,5,4,256,6000,8.0,2633729,1,1,9974,1104,600009,3,1023,19023,16,96.0,0.8,1.3368,0.16340847
cold,0,1,0,3e-05,0.05,512,3,5,4,256,6000,8.0,2633729,1,1,9974,1104,600009,3,1023,19023,17,102.0,0.85,1.42035,0.17867383
cold,0,1,0,3e-05,0.05,512,3,5,4,256,6000,8.0,2633729,1,1,9974,1104,600009,3,1023,19023,18,108.0,0.9,1.5039,0.19356586
cold,0,1,0,3e-05,0.05,512,3,5,4,256,6000,8.0,2633729,1,1,9974,1104,600009,3,1023,19023,19,114.0,0.95,1.58745,0.20855717
cold,0,1,0,3e-05,0.05,512,3,5,4,256,6000,8.0,2633729,1,1,9974,1104,600009,3,1023,19023,20,120.0,1.0,1.671,0.22404136
cold,0,1,0,3e-05,0.05,512,3,5,4,256,6000,8.0,2633729,1,1,9974,1104,600009,3,1023,19023,21,126.0,1.05,1.75455,0.24112801
cold,0,1,0,3e-05,0.05,512,3,5,4,256,6000,8.0,2633729,1,1,9974,1104,600009,3,1023,19023,22,132.0,1.1,1.8381,0.26055336
cold,0,1,0,3e-05,0.05,512,3,5,4,256,6000,8.0,2633729,1,1,9974,1104,600009,3,1023,19023,23,138.0,1.15,1.92165,0.28158286
cold,0,1,0,3e-05,0.05,512,3,5,4,256,6000,8.0,2633729,1,1,9974,1104,600009,3,1023,19023,24,144.0,1.2,2.0052,0.30371115
cold,0,1,0,3e-05,0.05,512,3,5,4,256,6000,8.0,2633729,1,1,9974,1104,600009,3,1023,19023,25,150.0,1.25,2.08875,0.32641613
cold,0,1,0,3e-05,0.05,512,3,5,4,256,6000,8.0,2633729,1,1,9974,1104,600009,3,1023,19023,26,156.0,1.3,2.1723,0.34942362
cold,0,1,0,3e-05,0.05,512,3,5,4,256,6000,8.0,2633729,1,1,9974,1104,600009,3,1023,19023,27,162.0,1.35,2.25585,0.37268224
cold,0,1,0,3e-05,0.05,512,3,5,4,256,6000,8.0,2633729,1,1,9974,1104,600009,3,1023,19023,28,168.0,1.4,2.3394,0.39486742
cold,0,1,0,3e-05,0.05,512,3,5,4,256,6000,8.0,2633729,1,1,9974,1104,600009,3,1023,19023,29,174.0,1.45,2.42295,0.41566548
cold,0,1,0,3e-05,0.05,512,3,5,4,256,6000,8.0,2633729,1,1,9974,1104,600009,3,1023,19023,30,180.0,1.5,2.5065,0.43678257
cold,0,1,0,3e-05,0.05,512,3,5,4,256,6000,8.0,2633729,1,1,9974,1104,600009,3,1023,19023,31,186.0,1.55,2.59005,0.45954296
cold,0,1,0,3e-05,0.05,512,3,5,4,256,6000,8.0,2633729,1,1,9974,1104,600009,3,1023,19023,32,192.0,1.6,2.6736,0.48334014
cold,0,1,0,3e-05,0.05,512,3,5,4,256,6000,8.0,2633729,1,1,9974,1104,600009,3,1023,19023,33,198.0,1.65,2.75715,0.50581121
cold,0,1,0,3e-05,0.05,512,3,5,4,256,6000,8.0,2633729,1,1,9974,1104,600009,3,1023,19023,34,204.0,1.7,2.8407,0.52578205
cold,0,1,0,3e-05,0.05,512,3,5,4,256,6000,8.0,2633729,1,1,9974,1104,600009,3,1023,19023,35,210.0,1.75,2.92425,0.54493284
cold,0,1,0,3e-05,0.05,512,3,5,4,256,6000,8.0,2633729,1,1,9974,1104,600009,3,1023,19023,36,216.0,1.8,3.0078,0.56381476
cold,0,1,0,3e-05,0.05,512,3,5,4,256,6000,8.0,2633729,1,1,9974,1104,600009,3,1023,19023,37,222.0,1.85,3.09135,0.58189452
cold,0,1,0,3e-05,0.05,512,3,5,4,256,6000,8.0,2633729,1,1,9974,1104,600009,3,1023,19023,38,228.0,1.9,3.1749,0.59949547
cold,0,1,0,3e-05,0.05,512,3,5,4,256,6000,8.0,2633729,1,1,9974,1104,600009,3,1023,19023,39,234.0,1.95,3.25845,0.61713278
cold,0,1,0,3e-05,0.05,512,3,5,4,256,6000,8.0,2633729,1,1,9974,1104,600009,3,1023,19023,40,240.0,2.0,3.342,0.6344521
cold,0,1,0,3e-05,0.05,512,3,5,4,256,6000,8.0,2633729,1,1,9974,1104,600009,3,1023,19023,41,246.0,2.05,3.42555,0.65082431
cold,0,1,0,3e-05,0.05,512,3,5,4,256,6000,8.0,2633729,1,1,9974,1104,600009,3,1023,19023,42,252.0,2.1,3.5091,0.66723013
cold,0,1,0,3e-05,0.05,512,3,5,4,256,6000,8.0,2633729,1,1,9974,1104,600009,3,1023,19023,43,258.0,2.15,3.59265,0.68465936
cold,0,1,0,3e-05,0.05,512,3,5,4,256,6000,8.0,2633729,1,1,9974,1104,600009,3,1023,19023,44,264.0,2.2,3.6762,0.70202458
cold,0,1,0,3e-05,0.05,512,3,5,4,256,6000,8.0,2633729,1,1,9974,1104,600009,3,1023,19023,45,270.0,2.25,3.75975,0.71653485
cold,0,1,0,3e-05,0.05,512,3,5,4,256,6000,8.0,2633729,1,1,9974,1104,600009,3,1023,19023,46,276.0,2.3,3.8433,0.72753626
cold,0,1,0,3e-05,0.05,512,3,5,4,256,6000,8.0,2633729,1,1,9974,1104,600009,3,1023,19023,47,282.0,2.35,3.92685,0.73738378
cold,0,1,0,3e-05,0.05,512,3,5,4,256,6000,8.0,2633729,1,1,9974,1104,600009,3,1023,19023,48,288.0,2.4,4.0104,0.74787956
cold,0,1,0,3e-05,0.05,512,3,5,4,256,6000,8.0,2633729,1,1,9974,1104,600009,3,1023,19023,49,294.0,2.45,4.09395,0.75881493
cold,0,1,0,3e-05,0.05,512,3,5,4,256,6000,8.0,2633729,1,1,9974,1104,600009,3,1023,19023,50,300.0,2.5,4.1775,0.77026856
cold,0,1,0,3e-05,0.05,512,3,5,4,256,6000,8.0,2633729,1,1,9974,1104,600009,3,1023,19023,51,306.0,2.55,4.26105,0.78331614
cold,0,1,0,3e-05,0.05,512,3,5,4,256,6000,8.0,2633729,1,1,9974,1104,600009,3,1023,19023,52,312.0,2.6,4.3446,0.79819179
cold,0,1,0,3e-05,0.05,512,3,5,4,256,6000,8.0,2633729,1,1,9974,1104,600009,3,1023,19023,53,318.0,2.65,4.42815,0.81416458
cold,0,1,0,3e-05,0.05,512,3,5,4,256,6000,8.0,2633729,1,1,9974,1104,600009,3,1023,19023,54,324.0,2.7,4.5117,0.83006555
cold,0,1,0,3e-05,0.05,512,3,5,4,256,6000,8.0,2633729,1,1,9974,1104,600009,3,1023,19023,55,330.0,2.75,4.59525,0.84471273
cold,0,1,0,3e-05,0.05,512,3,5,4,256,6000,8.0,2633729,1,1,9974,1104,600009,3,1023,19023,56,336.0,2.8,4.6788,0.85743821
cold,0,1,0,3e-05,0.05,512,3,5,4,256,6000,8.0,2633729,1,1,9974,1104,600009,3,1023,19023,57,342.0,2.85,4.76235,0.86871099
cold,0,1,0,3e-05,0.05,512,3,5,4,256,6000,8.0,2633729,1,1,9974,1104,600009,3,1023,19023,58,348.0,2.9,4.8459,0.87883109
cold,0,1,0,3e-05,0.05,512,3,5,4,256,6000,8.0,2633729,1,1,9974,1104,600009,3,1023,19023,59,354.0,2.95,4.92945,0.88715667
cold,0,1,0,3e-05,0.05,512,3,5,4,256,6000,8.0,2633729,1,1,9974,1104,600009,3,1023,19023,60,360.0,3.0,5.013,0.89270484
cold,0,1,0,3e-05,0.05,512,3,5,4,256,6000,8.0,2633729,1,1,9974,1104,600009,3,1023,19023,61,366.0,3.05,5.09655,0.89461458
cold,0,1,0,3e-05,0.05,512,3,5,4,256,6000,8.0,2633729,1,1,9974,1104,600009,3,1023,19023,62,372.0,3.1,5.1801,0.89375979
cold,0,1,0,3e-05,0.05,512,3,5,4,256,6000,8.0,2633729,1,1,9974,1104,600009,3,1023,19023,63,378.0,3.15,5.26365,0.8927294
cold,0,1,0,3e-05,0.05,512,3,5,4,256,6000,8.0,2633729,1,1,9974,1104,600009,3,1023,19023,64,384.0,3.2,5.3472,0.89332861
cold,0,1,0,3e-05,0.05,512,3,5,4,256,6000,8.0,2633729,1,1,9974,1104,600009,3,1023,19023,65,390.0,3.25,5.43075,0.89610887
cold,0,1,0,3e-05,0.05,512,3,5,4,256,6000,8.0,2633729,1,1,9974,1104,600009,3,1023,19023,66,396.0,3.3,5.5143,0.90093738
cold,0,1,0,3e-05,0.05,512,3,5,4,256,6000,8.0,2633729,1,1,9974,1104,600009,3,1023,19023,67,402.0,3.35,5.59785,0.90805608
cold,0,1,0,3e-05,0.05,512,3,5,4,256,6000,8.0,2633729,1,1,9974,1104,600009,3,1023,19023,68,408.0,3.4,5.6814,0.91643435
cold,0,1,0,3e-05,0.05,512,3,5,4,256,6000,8.0,2633729,1,1,9974,1104,600009,3,1023,19023,69,414.0,3.45,5.76495,0.92430097
cold,0,1,0,3e-05,0.05,512,3,5,4,256,6000,8.0,2633729,1,1,9974,1104,600009,3,1023,19023,70,420.0,3.5,5.8485,0.93075627
cold,0,1,0,3e-05,0.05,512,3,5,4,256,6000,8.0,2633729,1,1,9974,1104,600009,3,1023,19023,71,426.0,3.55,5.93205,0.93630278
cold,0,1,0,3e-05,0.05,512,3,5,4,256,6000,8.0,2633729,1,1,9974,1104,600009,3,1023,19023,72,432.0,3.6,6.0156,0.94208348
cold,0,1,0,3e-05,0.05,512,3,5,4,256,6000,8.0,2633729,1,1,9974,1104,600009,3,1023,19023,73,438.0,3.65,6.09915,0.94762933
cold,0,1,0,3e-05,0.05,512,3,5,4,256,6000,8.0,2633729,1,1,9974,1104,600009,3,1023,19023,74,444.0,3.7,6.1827,0.95140851
cold,0,1,0,3e-05,0.05,512,3,5,4,256,6000,8.0,2633729,1,1,9974,1104,600009,3,1023,19023,75,450.0,3.75,6.26625,0.95319664
cold,0,1,0,3e-05,0.05,512,3,5,4,256,6000,8.0,2633729,1,1,9974,1104,600009,3,1023,19023,76,456.0,3.8,6.3498,0.95379329
cold,0,1,0,3e-05,0.05,512,3,5,4,256,6000,8.0,2633729,1,1,9974,1104,600009,3,1023,19023,77,462.0,3.85,6.43335,0.95372659
cold,0,1,0,3e-05,0.05,512,3,5,4,256,6000,8.0,2633729,1,1,9974,1104,600009,3,1023,19023,78,468.0,3.9,6.5169,0.9543438
cold,0,1,0,3e-05,0.05,512,3,5,4,256,6000,8.0,2633729,1,1,9974,1104,600009,3,1023,19023,79,474.0,3.95,6.60045,0.95743781
cold,0,1,0,3e-05,0.05,512,3,5,4,256,6000,8.0,2633729,1,1,9974,1104,600009,3,1023,19023,80,480.0,4.0,6.684,0.96360469
cold,0,1,0,3e-05,0.05,512,3,5,4,256,6000,8.0,2633729,1,1,9974,1104,600009,3,1023,19023,81,486.0,4.05,6.76755,0.97171843
cold,0,1,0,3e-05,0.05,512,3,5,4,256,6000,8.0,2633729,1,1,9974,1104,600009,3,1023,19023,82,492.0,4.1,6.8511,0.97962189
cold,0,1,0,3e-05,0.05,512,3,5,4,256,6000,8.0,2633729,1,1,9974,1104,600009,3,1023,19023,83,498.0,4.15,6.93465,0.98482621
cold,0,1,0,3e-05,0.05,512,3,5,4,256,6000,8.0,2633729,1,1,9974,1104,600009,3,1023,19023,84,504.0,4.2,7.0182,0.98601377
cold,0,1,0,3e-05,0.05,512,3,5,4,256,6000,8.0,2633729,1,1,9974,1104,600009,3,1023,19023,85,510.0,4.25,7.10175,0.9841302
cold,0,1,0,3e-05,0.05,512,3,5,4,256,6000,8.0,2633729,1,1,9974,1104,600009,3,1023,19023,86,516.0,4.3,7.1853,0.98138213
cold,0,1,0,3e-05,0.05,512,3,5,4,256,6000,8.0,2633729,1,1,9974,1104,600009,3,1023,19023,87,522.0,4.35,7.26885,0.97967041
cold,0,1,0,3e-05,0.05,512,3,5,4,256,6000,8.0,2633729,1,1,9974,1104,600009,3,1023,19023,88,528.0,4.4,7.3524,0.97933036
cold,0,1,0,3e-05,0.05,512,3,5,4,256,6000,8.0,2633729,1,1,9974,1104,600009,3,1023,19023,89,534.0,4.45,7.43595,0.97961652
cold,0,1,0,3e-05,0.05,512,3,5,4,256,6000,8.0,2633729,1,1,9974,1104,600009,3,1023,19023,90,540.0,4.5,7.5195,0.98014581
cold,0,1,0,3e-05,0.05,512,3,5,4,256,6000,8.0,2633729,1,1,9974,1104,600009,3,1023,19023,91,546.0,4.55,7.60305,0.98088819
cold,0,1,0,3e-05,0.05,512,3,5,4,256,6000,8.0,2633729,1,1,9974,1104,600009,3,1023,19023,92,552.0,4.6,7.6866,0.98238772
cold,0,1,0,3e-05,0.05,512,3,5,4,256,6000,8.0,2633729,1,1,9974,1104,600009,3,1023,19023,93,558.0,4.65,7.77015,0.98527551
cold,0,1,0,3e-05,0.05,512,3,5,4,256,6000,8.0,2633729,1,1,9974,1104,600009,3,1023,19023,94,564.0,4.7,7.8537,0.98908252
cold,0,1,0,3e-05,0.05,512,3,5,4,256,6000,8.0,2633729,1,1,9974,1104,600009,3,1023,19023,95,570.0,4.75,7.93725,0.9931584
cold,0,1,0,3e-05,0.05,512,3,5,4,256,6000,8.0,2633729,1,1,9974,1104,600009,3,1023,19023,96,576.0,4.8,8.0208,0.99711812
cold,0,1,0,3e-05,0.05,512,3,5,4,256,6000,8.0,2633729,1,1,9974,1104,600009,3,1023,19023,97,582.0,4.85,8.10435,1.00050843
cold,0,1,0,3e-05,0.05,512,3,5,4,256,6000,8.0,2633729,1,1,9974,1104,600009,3,1023,19023,98,588.0,4.9,8.1879,1.00345314
cold,0,1,0,3e-05,0.05,512,3,5,4,256,6000,8.0,2633729,1,1,9974,1104,600009,3,1023,19023,99,594.0,4.95,8.27145,1.00507855
cold,0,1,0,3e-05,0.05,512,3,5,4,256,6000,8.0,2633729,1,1,9974,1104,600009,3,1023,19023,100,600.0,5.0,8.355,1.00357842
cold,0,1,0,3e-05,0.05,512,3,5,4,256,6000,8.0,2633729,1,1,9974,1104,600009,3,1023,19023,101,606.0,5.05,8.43855,0.99858564
cold,0,1,0,3e-05,0.05,512,3,5,4,256,6000,8.0,2633729,1,1,9974,1104,600009,3,1023,19023,102,612.0,5.1,8.5221,0.99240154
cold,0,1,0,3e-05,0.05,512,3,5,4,256,6000,8.0,2633729,1,1,9974,1104,600009,3,1023,19023,103,618.0,5.15,8.60565,0.98833203
cold,0,1,0,3e-05,0.05,512,3,5,4,256,6000,8.0,2633729,1,1,9974,1104,600009,3,1023,19023,104,624.0,5.2,8.6892,0.98768806
cold,0,1,0,3e-05,0.05,512,3,5,4,256,6000,8.0,2633729,1,1,9974,1104,600009,3,1023,19023,105,630.0,5.25,8.77275,0.98901492
cold,0,1,0,3e-05,0.05,512,3,5,4,256,6000,8.0,2633729,1,1,9974,1104,600009,3,1023,19023,106,636.0,5.3,8.8563,0.99088925
cold,0,1,0,3e-05,0.05,512,3,5,4,256,6000,8.0,2633729,1,1,9974,1104,600009,3,1023,19023,107,642.0,5.35,8.93985,0.9939177
cold,0,1,0,3e-05,0.05,512,3,5,4,256,6000,8.0,2633729,1,1,9974,1104,600009,3,1023,19023,108,648.0,5.4,9.0234,0.9985494
cold,0,1,0,3e-05,0.05,512,3,5,4,256,6000,8.0,2633729,1,1,9974,1104,600009,3,1023,19023,109,654.0,5.45,9.10695,1.00360608
cold,0,1,0,3e-05,0.05,512,3,5,4,256,6000,8.0,2633729,1,1,9974,1104,600009,3,1023,19023,110,660.0,5.5,9.1905,1.0076592
cold,0,1,0,3e-05,0.05,512,3,5,4,256,6000,8.0,2633729,1,1,9974,1104,600009,3,1023,19023,111,666.0,5.55,9.27405,1.0098598
cold,0,1,0,3e-05,0.05,512,3,5,4,256,6000,8.0,2633729,1,1,9974,1104,600009,3,1023,19023,112,672.0,5.6,9.3576,1.01117027
cold,0,1,0,3e-05,0.05,512,3,5,4,256,6000,8.0,2633729,1,1,9974,1104,600009,3,1023,19023,113,678.0,5.65,9.44115,1.01269734
cold,0,1,0,3e-05,0.05,512,3,5,4,256,6000,8.0,2633729,1,1,9974,1104,600009,3,1023,19023,114,684.0,5.7,9.5247,1.01517415
cold,0,1,0,3e-05,0.05,512,3,5,4,256,6000,8.0,2633729,1,1,9974,1104,600009,3,1023,19023,115,690.0,5.75,9.60825,1.01773894
cold,0,1,0,3e-05,0.05,512,3,5,4,256,6000,8.0,2633729,1,1,9974,1104,600009,3,1023,19023,116,696.0,5.8,9.6918,1.01842582
cold,0,1,0,3e-05,0.05,512,3,5,4,256,6000,8.0,2633729,1,1,9974,1104,600009,3,1023,19023,117,702.0,5.85,9.77535,1.01592946
cold,0,1,0,3e-05,0.05,512,3,5,4,256,6000,8.0,2633729,1,1,9974,1104,600009,3,1023,19023,118,708.0,5.9,9.8589,1.00979471
cold,0,1,0,3e-05,0.05,512,3,5,4,256,6000,8.0,2633729,1,1,9974,1104,600009,3,1023,19023,119,714.0,5.95,9.94245,1.00044084
cold,0,1,0,3e-05,0.05,512,3,5,4,256,6000,8.0,2633729,1,1,9974,1104,600009,3,1023,19023,120,720.0,6.0,10.026,0.9901005
cold,0,1,0,3e-05,0.05,512,3,5,4,256,6000,8.0,2633729,1,1,9974,1104,600009,3,4468,22468,1,6.0,0.05,0.08355,0.02065319
cold,0,1,0,3e-05,0.05,512,3,5,4,256,6000,8.0,2633729,1,1,9974,1104,600009,3,4468,22468,2,12.0,0.1,0.1671,0.02445794
cold,0,1,0,3e-05,0.05,512,3,5,4,256,6000,8.0,2633729,1,1,9974,1104,600009,3,4468,22468,3,18.0,0.15,0.25065,0.02888075
cold,0,1,0,3e-05,0.05,512,3,5,4,256,6000,8.0,2633729,1,1,9974,1104,600009,3,4468,22468,4,24.0,0.2,0.3342,0.03339028
cold,0,1,0,3e-05,0.05,512,3,5,4,256,6000,8.0,2633729,1,1,9974,1104,600009,3,4468,22468,5,30.0,0.25,0.41775,0.03810058
cold,0,1,0,3e-05,0.05,512,3,5,4,256,6000,8.0,2633729,1,1,9974,1104,600009,3,4468,22468,6,36.0,0.3,0.5013,0.04394898
cold,0,1,0,3e-05,0.05,512,3,5,4,256,6000,8.0,2633729,1,1,9974,1104,600009,3,4468,22468,7,42.0,0.35,0.58485,0.05027976
cold,0,1,0,3e-05,0.05,512,3,5,4,256,6000,8.0,2633729,1,1,9974,1104,600009,3,4468,22468,8,48.0,0.4,0.6684,0.05692385
cold,0,1,0,3e-05,0.05,512,3,5,4,256,6000,8.0,2633729,1,1,9974,1104,600009,3,4468,22468,9,54.0,0.45,0.75195,0.06403779
cold,0,1,0,3e-05,0.05,512,3,5,4,256,6000,8.0,2633729,1,1,9974,1104,600009,3,4468,22468,10,60.0,0.5,0.8355,0.07188985
cold,0,1,0,3e-05,0.05,512,3,5,4,256,6000,8.0,2633729,1,1,9974,1104,600009,3,4468,22468,11,66.0,0.55,0.91905,0.08041418
cold,0,1,0,3e-05,0.05,512,3,5,4,256,6000,8.0,2633729,1,1,9974,1104,600009,3,4468,22468,12,72.0,0.6,1.0026,0.08986069
cold,0,1,0,3e-05,0.05,512,3,5,4,256,6000,8.0,2633729,1,1,9974,1104,600009,3,4468,22468,13,78.0,0.65,1.08615,0.10079019
cold,0,1,0,3e-05,0.05,512,3,5,4,256,6000,8.0,2633729,1,1,9974,1104,600009,3,4468,22468,14,84.0,0.7,1.1697,0.11384551
cold,0,1,0,3e-05,0.05,512,3,5,4,256,6000,8.0,2633729,1,1,9974,1104,600009,3,4468,22468,15,90.0,0.75,1.25325,0.12864749
cold,0,1,0,3e-05,0.05,512,3,5,4,256,6000,8.0,2633729,1,1,9974,1104,600009,3,4468,22468,16,96.0,0.8,1.3368,0.14379218
cold,0,1,0,3e-05,0.05,512,3,5,4,256,6000,8.0,2633729,1,1,9974,1104,600009,3,4468,22468,17,102.0,0.85,1.42035,0.15822609
cold,0,1,0,3e-05,0.05,512,3,5,4,256,6000,8.0,2633729,1,1,9974,1104,600009,3,4468,22468,18,108.0,0.9,1.5039,0.17203499
cold,0,1,0,3e-05,0.05,512,3,5,4,256,6000,8.0,2633729,1,1,9974,1104,600009,3,4468,22468,19,114.0,0.95,1.58745,0.18601033
cold,0,1,0,3e-05,0.05,512,3,5,4,256,6000,8.0,2633729,1,1,9974,1104,600009,3,4468,22468,20,120.0,1.0,1.671,0.20097481
cold,0,1,0,3e-05,0.05,512,3,5,4,256,6000,8.0,2633729,1,1,9974,1104,600009,3,4468,22468,21,126.0,1.05,1.75455,0.21747513
cold,0,1,0,3e-05,0.05,512,3,5,4,256,6000,8.0,2633729,1,1,9974,1104,600009,3,4468,22468,22,132.0,1.1,1.8381,0.23599863
cold,0,1,0,3e-05,0.05,512,3,5,4,256,6000,8.0,2633729,1,1,9974,1104,600009,3,4468,22468,23,138.0,1.15,1.92165,0.25678247
cold,0,1,0,3e-05,0.05,512,3,5,4,256,6000,8.0,2633729,1,1,9974,1104,600009,3,4468,22468,24,144.0,1.2,2.0052,0.27928957
cold,0,1,0,3e-05,0.05,512,3,5,4,256,6000,8.0,2633729,1,1,9974,1104,600009,3,4468,22468,25,150.0,1.25,2.08875,0.30193093
cold,0,1,0,3e-05,0.05,512,3,5,4,256,6000,8.0,2633729,1,1,9974,1104,600009,3,4468,22468,26,156.0,1.3,2.1723,0.32385427
cold,0,1,0,3e-05,0.05,512,3,5,4,256,6000,8.0,2633729,1,1,9974,1104,600009,3,4468,22468,27,162.0,1.35,2.25585,0.34493235
cold,0,1,0,3e-05,0.05,512,3,5,4,256,6000,8.0,2633729,1,1,9974,1104,600009,3,4468,22468,28,168.0,1.4,2.3394,0.36425033
cold,0,1,0,3e-05,0.05,512,3,5,4,256,6000,8.0,2633729,1,1,9974,1104,600009,3,4468,22468,29,174.0,1.45,2.42295,0.38113907
cold,0,1,0,3e-05,0.05,512,3,5,4,256,6000,8.0,2633729,1,1,9974,1104,600009,3,4468,22468,30,180.0,1.5,2.5065,0.39648455
cold,0,1,0,3e-05,0.05,512,3,5,4,256,6000,8.0,2633729,1,1,9974,1104,600009,3,4468,22468,31,186.0,1.55,2.59005,0.41229334
cold,0,1,0,3e-05,0.05,512,3,5,4,256,6000,8.0,2633729,1,1,9974,1104,600009,3,4468,22468,32,192.0,1.6,2.6736,0.42989597
cold,0,1,0,3e-05,0.05,512,3,5,4,256,6000,8.0,2633729,1,1,9974,1104,600009,3,4468,22468,33,198.0,1.65,2.75715,0.44818169
cold,0,1,0,3e-05,0.05,512,3,5,4,256,6000,8.0,2633729,1,1,9974,1104,600009,3,4468,22468,34,204.0,1.7,2.8407,0.46682826
cold,0,1,0,3e-05,0.05,512,3,5,4,256,6000,8.0,2633729,1,1,9974,1104,600009,3,4468,22468,35,210.0,1.75,2.92425,0.48607293
cold,0,1,0,3e-05,0.05,512,3,5,4,256,6000,8.0,2633729,1,1,9974,1104,600009,3,4468,22468,36,216.0,1.8,3.0078,0.50537771
cold,0,1,0,3e-05,0.05,512,3,5,4,256,6000,8.0,2633729,1,1,9974,1104,600009,3,4468,22468,37,222.0,1.85,3.09135,0.52446544
cold,0,1,0,3e-05,0.05,512,3,5,4,256,6000,8.0,2633729,1,1,9974,1104,600009,3,4468,22468,38,228.0,1.9,3.1749,0.54309654
cold,0,1,0,3e-05,0.05,512,3,5,4,256,6000,8.0,2633729,1,1,9974,1104,600009,3,4468,22468,39,234.0,1.95,3.25845,0.56073958
cold,0,1,0,3e-05,0.05,512,3,5,4,256,6000,8.0,2633729,1,1,9974,1104,600009,3,4468,22468,40,240.0,2.0,3.342,0.57785982
cold,0,1,0,3e-05,0.05,512,3,5,4,256,6000,8.0,2633729,1,1,9974,1104,600009,3,4468,22468,41,246.0,2.05,3.42555,0.59510881
cold,0,1,0,3e-05,0.05,512,3,5,4,256,6000,8.0,2633729,1,1,9974,1104,600009,3,4468,22468,42,252.0,2.1,3.5091,0.61185658
cold,0,1,0,3e-05,0.05,512,3,5,4,256,6000,8.0,2633729,1,1,9974,1104,600009,3,4468,22468,43,258.0,2.15,3.59265,0.62767935
cold,0,1,0,3e-05,0.05,512,3,5,4,256,6000,8.0,2633729,1,1,9974,1104,600009,3,4468,22468,44,264.0,2.2,3.6762,0.64276046
cold,0,1,0,3e-05,0.05,512,3,5,4,256,6000,8.0,2633729,1,1,9974,1104,600009,3,4468,22468,45,270.0,2.25,3.75975,0.65739912
cold,0,1,0,3e-05,0.05,512,3,5,4,256,6000,8.0,2633729,1,1,9974,1104,600009,3,4468,22468,46,276.0,2.3,3.8433,0.67170197
cold,0,1,0,3e-05,0.05,512,3,5,4,256,6000,8.0,2633729,1,1,9974,1104,600009,3,4468,22468,47,282.0,2.35,3.92685,0.68497276
cold,0,1,0,3e-05,0.05,512,3,5,4,256,6000,8.0,2633729,1,1,9974,1104,600009,3,4468,22468,48,288.0,2.4,4.0104,0.69734836
cold,0,1,0,3e-05,0.05,512,3,5,4,256,6000,8.0,2633729,1,1,9974,1104,600009,3,4468,22468,49,294.0,2.45,4.09395,0.7098766
cold,0,1,0,3e-05,0.05,512,3,5,4,256,6000,8.0,2633729,1,1,9974,1104,600009,3,4468,22468,50,300.0,2.5,4.1775,0.72388375
cold,0,1,0,3e-05,0.05,512,3,5,4,256,6000,8.0,2633729,1,1,9974,1104,600009,3,4468,22468,51,306.0,2.55,4.26105,0.73965704
cold,0,1,0,3e-05,0.05,512,3,5,4,256,6000,8.0,2633729,1,1,9974,1104,600009,3,4468,22468,52,312.0,2.6,4.3446,0.7559914
cold,0,1,0,3e-05,0.05,512,3,5,4,256,6000,8.0,2633729,1,1,9974,1104,600009,3,4468,22468,53,318.0,2.65,4.42815,0.77098483
cold,0,1,0,3e-05,0.05,512,3,5,4,256,6000,8.0,2633729,1,1,9974,1104,600009,3,4468,22468,54,324.0,2.7,4.5117,0.78221828
cold,0,1,0,3e-05,0.05,512,3,5,4,256,6000,8.0,2633729,1,1,9974,1104,600009,3,4468,22468,55,330.0,2.75,4.59525,0.7887494
cold,0,1,0,3e-05,0.05,512,3,5,4,256,6000,8.0,2633729,1,1,9974,1104,600009,3,4468,22468,56,336.0,2.8,4.6788,0.79373252
cold,0,1,0,3e-05,0.05,512,3,5,4,256,6000,8.0,2633729,1,1,9974,1104,600009,3,4468,22468,57,342.0,2.85,4.76235,0.80158395
cold,0,1,0,3e-05,0.05,512,3,5,4,256,6000,8.0,2633729,1,1,9974,1104,600009,3,4468,22468,58,348.0,2.9,4.8459,0.8119902
cold,0,1,0,3e-05,0.05,512,3,5,4,256,6000,8.0,2633729,1,1,9974,1104,600009,3,4468,22468,59,354.0,2.95,4.92945,0.82186484
cold,0,1,0,3e-05,0.05,512,3,5,4,256,6000,8.0,2633729,1,1,9974,1104,600009,3,4468,22468,60,360.0,3.0,5.013,0.83055687
cold,0,1,0,3e-05,0.05,512,3,5,4,256,6000,8.0,2633729,1,1,9974,1104,600009,3,4468,22468,61,366.0,3.05,5.09655,0.83849132
cold,0,1,0,3e-05,0.05,512,3,5,4,256,6000,8.0,2633729,1,1,9974,1104,600009,3,4468,22468,62,372.0,3.1,5.1801,0.84476304
cold,0,1,0,3e-05,0.05,512,3,5,4,256,6000,8.0,2633729,1,1,9974,1104,600009,3,4468,22468,63,378.0,3.15,5.26365,0.8495059
cold,0,1,0,3e-05,0.05,512,3,5,4,256,6000,8.0,2633729,1,1,9974,1104,600009,3,4468,22468,64,384.0,3.2,5.3472,0.85523343
cold,0,1,0,3e-05,0.05,512,3,5,4,256,6000,8.0,2633729,1,1,9974,1104,600009,3,4468,22468,65,390.0,3.25,5.43075,0.86331069
cold,0,1,0,3e-05,0.05,512,3,5,4,256,6000,8.0,2633729,1,1,9974,1104,600009,3,4468,22468,66,396.0,3.3,5.5143,0.8713603
cold,0,1,0,3e-05,0.05,512,3,5,4,256,6000,8.0,2633729,1,1,9974,1104,600009,3,4468,22468,67,402.0,3.35,5.59785,0.87493473
cold,0,1,0,3e-05,0.05,512,3,5,4,256,6000,8.0,2633729,1,1,9974,1104,600009,3,4468,22468,68,408.0,3.4,5.6814,0.87315065
cold,0,1,0,3e-05,0.05,512,3,5,4,256,6000,8.0,2633729,1,1,9974,1104,600009,3,4468,22468,69,414.0,3.45,5.76495,0.87094015
cold,0,1,0,3e-05,0.05,512,3,5,4,256,6000,8.0,2633729,1,1,9974,1104,600009,3,4468,22468,70,420.0,3.5,5.8485,0.87314415
cold,0,1,0,3e-05,0.05,512,3,5,4,256,6000,8.0,2633729,1,1,9974,1104,600009,3,4468,22468,71,426.0,3.55,5.93205,0.87972504
cold,0,1,0,3e-05,0.05,512,3,5,4,256,6000,8.0,2633729,1,1,9974,1104,600009,3,4468,22468,72,432.0,3.6,6.0156,0.8878873
cold,0,1,0,3e-05,0.05,512,3,5,4,256,6000,8.0,2633729,1,1,9974,1104,600009,3,4468,22468,73,438.0,3.65,6.09915,0.89540958
cold,0,1,0,3e-05,0.05,512,3,5,4,256,6000,8.0,2633729,1,1,9974,1104,600009,3,4468,22468,74,444.0,3.7,6.1827,0.90228975
cold,0,1,0,3e-05,0.05,512,3,5,4,256,6000,8.0,2633729,1,1,9974,1104,600009,3,4468,22468,75,450.0,3.75,6.26625,0.91059804
cold,0,1,0,3e-05,0.05,512,3,5,4,256,6000,8.0,2633729,1,1,9974,1104,600009,3,4468,22468,76,456.0,3.8,6.3498,0.9206031
cold,0,1,0,3e-05,0.05,512,3,5,4,256,6000,8.0,2633729,1,1,9974,1104,600009,3,4468,22468,77,462.0,3.85,6.43335,0.92926562
cold,0,1,0,3e-05,0.05,512,3,5,4,256,6000,8.0,2633729,1,1,9974,1104,600009,3,4468,22468,78,468.0,3.9,6.5169,0.93375653
cold,0,1,0,3e-05,0.05,512,3,5,4,256,6000,8.0,2633729,1,1,9974,1104,600009,3,4468,22468,79,474.0,3.95,6.60045,0.9351753
cold,0,1,0,3e-05,0.05,512,3,5,4,256,6000,8.0,2633729,1,1,9974,1104,600009,3,4468,22468,80,480.0,4.0,6.684,0.93748337
cold,0,1,0,3e-05,0.05,512,3,5,4,256,6000,8.0,2633729,1,1,9974,1104,600009,3,4468,22468,81,486.0,4.05,6.76755,0.94205767
cold,0,1,0,3e-05,0.05,512,3,5,4,256,6000,8.0,2633729,1,1,9974,1104,600009,3,4468,22468,82,492.0,4.1,6.8511,0.94575036
cold,0,1,0,3e-05,0.05,512,3,5,4,256,6000,8.0,2633729,1,1,9974,1104,600009,3,4468,22468,83,498.0,4.15,6.93465,0.94570982
cold,0,1,0,3e-05,0.05,512,3,5,4,256,6000,8.0,2633729,1,1,9974,1104,600009,3,4468,22468,84,504.0,4.2,7.0182,0.94265127
cold,0,1,0,3e-05,0.05,512,3,5,4,256,6000,8.0,2633729,1,1,9974,1104,600009,3,4468,22468,85,510.0,4.25,7.10175,0.93921036
cold,0,1,0,3e-05,0.05,512,3,5,4,256,6000,8.0,2633729,1,1,9974,1104,600009,3,4468,22468,86,516.0,4.3,7.1853,0.93774545
cold,0,1,0,3e-05,0.05,512,3,5,4,256,6000,8.0,2633729,1,1,9974,1104,600009,3,4468,22468,87,522.0,4.35,7.26885,0.9387387
cold,0,1,0,3e-05,0.05,512,3,5,4,256,6000,8.0,2633729,1,1,9974,1104,600009,3,4468,22468,88,528.0,4.4,7.3524,0.94086641
cold,0,1,0,3e-05,0.05,512,3,5,4,256,6000,8.0,2633729,1,1,9974,1104,600009,3,4468,22468,89,534.0,4.45,7.43595,0.94314319
cold,0,1,0,3e-05,0.05,512,3,5,4,256,6000,8.0,2633729,1,1,9974,1104,600009,3,4468,22468,90,540.0,4.5,7.5195,0.94604886
cold,0,1,0,3e-05,0.05,512,3,5,4,256,6000,8.0,2633729,1,1,9974,1104,600009,3,4468,22468,91,546.0,4.55,7.60305,0.95001715
cold,0,1,0,3e-05,0.05,512,3,5,4,256,6000,8.0,2633729,1,1,9974,1104,600009,3,4468,22468,92,552.0,4.6,7.6866,0.95455909
cold,0,1,0,3e-05,0.05,512,3,5,4,256,6000,8.0,2633729,1,1,9974,1104,600009,3,4468,22468,93,558.0,4.65,7.77015,0.9593901
cold,0,1,0,3e-05,0.05,512,3,5,4,256,6000,8.0,2633729,1,1,9974,1104,600009,3,4468,22468,94,564.0,4.7,7.8537,0.96456516
cold,0,1,0,3e-05,0.05,512,3,5,4,256,6000,8.0,2633729,1,1,9974,1104,600009,3,4468,22468,95,570.0,4.75,7.93725,0.96896654
cold,0,1,0,3e-05,0.05,512,3,5,4,256,6000,8.0,2633729,1,1,9974,1104,600009,3,4468,22468,96,576.0,4.8,8.0208,0.97026575
cold,0,1,0,3e-05,0.05,512,3,5,4,256,6000,8.0,2633729,1,1,9974,1104,600009,3,4468,22468,97,582.0,4.85,8.10435,0.96723932
cold,0,1,0,3e-05,0.05,512,3,5,4,256,6000,8.0,2633729,1,1,9974,1104,600009,3,4468,22468,98,588.0,4.9,8.1879,0.96129256
cold,0,1,0,3e-05,0.05,512,3,5,4,256,6000,8.0,2633729,1,1,9974,1104,600009,3,4468,22468,99,594.0,4.95,8.27145,0.95582092
cold,0,1,0,3e-05,0.05,512,3,5,4,256,6000,8.0,2633729,1,1,9974,1104,600009,3,4468,22468,100,600.0,5.0,8.355,0.95396292
cold,0,1,0,3e-05,0.05,512,3,5,4,256,6000,8.0,2633729,1,1,9974,1104,600009,3,4468,22468,101,606.0,5.05,8.43855,0.95605785
cold,0,1,0,3e-05,0.05,512,3,5,4,256,6000,8.0,2633729,1,1,9974,1104,600009,3,4468,22468,102,612.0,5.1,8.5221,0.96058875
cold,0,1,0,3e-05,0.05,512,3,5,4,256,6000,8.0,2633729,1,1,9974,1104,600009,3,4468,22468,103,618.0,5.15,8.60565,0.96627283
cold,0,1,0,3e-05,0.05,512,3,5,4,256,6000,8.0,2633729,1,1,9974,1104,600009,3,4468,22468,104,624.0,5.2,8.6892,0.97205919
cold,0,1,0,3e-05,0.05,512,3,5,4,256,6000,8.0,2633729,1,1,9974,1104,600009,3,4468,22468,105,630.0,5.25,8.77275,0.97689432
cold,0,1,0,3e-05,0.05,512,3,5,4,256,6000,8.0,2633729,1,1,9974,1104,600009,3,4468,22468,106,636.0,5.3,8.8563,0.97990298
cold,0,1,0,3e-05,0.05,512,3,5,4,256,6000,8.0,2633729,1,1,9974,1104,600009,3,4468,22468,107,642.0,5.35,8.93985,0.98028517
cold,0,1,0,3e-05,0.05,512,3,5,4,256,6000,8.0,2633729,1,1,9974,1104,600009,3,4468,22468,108,648.0,5.4,9.0234,0.9786967
cold,0,1,0,3e-05,0.05,512,3,5,4,256,6000,8.0,2633729,1,1,9974,1104,600009,3,4468,22468,109,654.0,5.45,9.10695,0.97747636
cold,0,1,0,3e-05,0.05,512,3,5,4,256,6000,8.0,2633729,1,1,9974,1104,600009,3,4468,22468,110,660.0,5.5,9.1905,0.97813857
cold,0,1,0,3e-05,0.05,512,3,5,4,256,6000,8.0,2633729,1,1,9974,1104,600009,3,4468,22468,111,666.0,5.55,9.27405,0.97964913
cold,0,1,0,3e-05,0.05,512,3,5,4,256,6000,8.0,2633729,1,1,9974,1104,600009,3,4468,22468,112,672.0,5.6,9.3576,0.98024023
cold,0,1,0,3e-05,0.05,512,3,5,4,256,6000,8.0,2633729,1,1,9974,1104,600009,3,4468,22468,113,678.0,5.65,9.44115,0.980079
cold,0,1,0,3e-05,0.05,512,3,5,4,256,6000,8.0,2633729,1,1,9974,1104,600009,3,4468,22468,114,684.0,5.7,9.5247,0.98070312
cold,0,1,0,3e-05,0.05,512,3,5,4,256,6000,8.0,2633729,1,1,9974,1104,600009,3,4468,22468,115,690.0,5.75,9.60825,0.98243725
cold,0,1,0,3e-05,0.05,512,3,5,4,256,6000,8.0,2633729,1,1,9974,1104,600009,3,4468,22468,116,696.0,5.8,9.6918,0.98412365
cold,0,1,0,3e-05,0.05,512,3,5,4,256,6000,8.0,2633729,1,1,9974,1104,600009,3,4468,22468,117,702.0,5.85,9.77535,0.98454231
cold,0,1,0,3e-05,0.05,512,3,5,4,256,6000,8.0,2633729,1,1,9974,1104,600009,3,4468,22468,118,708.0,5.9,9.8589,0.98417777
cold,0,1,0,3e-05,0.05,512,3,5,4,256,6000,8.0,2633729,1,1,9974,1104,600009,3,4468,22468,119,714.0,5.95,9.94245,0.9845165
cold,0,1,0,3e-05,0.05,512,3,5,4,256,6000,8.0,2633729,1,1,9974,1104,600009,3,4468,22468,120,720.0,6.0,10.026,0.98613983
cold,0,1,0,3e-05,0.05,512,3,5,4,256,6000,8.0,2633729,1,1,9974,1104,600009,3,6000,24000,1,6.0,0.05,0.08355,0.02018995
cold,0,1,0,3e-05,0.05,512,3,5,4,256,6000,8.0,2633729,1,1,9974,1104,600009,3,6000,24000,2,12.0,0.1,0.1671,0.02392252
cold,0,1,0,3e-05,0.05,512,3,5,4,256,6000,8.0,2633729,1,1,9974,1104,600009,3,6000,24000,3,18.0,0.15,0.25065,0.02815463
cold,0,1,0,3e-05,0.05,512,3,5,4,256,6000,8.0,2633729,1,1,9974,1104,600009,3,6000,24000,4,24.0,0.2,0.3342,0.03233351
cold,0,1,0,3e-05,0.05,512,3,5,4,256,6000,8.0,2633729,1,1,9974,1104,600009,3,6000,24000,5,30.0,0.25,0.41775,0.03652668
cold,0,1,0,3e-05,0.05,512,3,5,4,256,6000,8.0,2633729,1,1,9974,1104,600009,3,6000,24000,6,36.0,0.3,0.5013,0.04188949
cold,0,1,0,3e-05,0.05,512,3,5,4,256,6000,8.0,2633729,1,1,9974,1104,600009,3,6000,24000,7,42.0,0.35,0.58485,0.0476191
cold,0,1,0,3e-05,0.05,512,3,5,4,256,6000,8.0,2633729,1,1,9974,1104,600009,3,6000,24000,8,48.0,0.4,0.6684,0.05361864
cold,0,1,0,3e-05,0.05,512,3,5,4,256,6000,8.0,2633729,1,1,9974,1104,600009,3,6000,24000,9,54.0,0.45,0.75195,0.06003444
cold,0,1,0,3e-05,0.05,512,3,5,4,256,6000,8.0,2633729,1,1,9974,1104,600009,3,6000,24000,10,60.0,0.5,0.8355,0.0671394
cold,0,1,0,3e-05,0.05,512,3,5,4,256,6000,8.0,2633729,1,1,9974,1104,600009,3,6000,24000,11,66.0,0.55,0.91905,0.07499421
cold,0,1,0,3e-05,0.05,512,3,5,4,256,6000,8.0,2633729,1,1,9974,1104,600009,3,6000,24000,12,72.0,0.6,1.0026,0.08388161
cold,0,1,0,3e-05,0.05,512,3,5,4,256,6000,8.0,2633729,1,1,9974,1104,600009,3,6000,24000,13,78.0,0.65,1.08615,0.09420297
cold,0,1,0,3e-05,0.05,512,3,5,4,256,6000,8.0,2633729,1,1,9974,1104,600009,3,6000,24000,14,84.0,0.7,1.1697,0.10663443
cold,0,1,0,3e-05,0.05,512,3,5,4,256,6000,8.0,2633729,1,1,9974,1104,600009,3,6000,24000,15,90.0,0.75,1.25325,0.12072997
cold,0,1,0,3e-05,0.05,512,3,5,4,256,6000,8.0,2633729,1,1,9974,1104,600009,3,6000,24000,16,96.0,0.8,1.3368,0.13498652
cold,0,1,0,3e-05,0.05,512,3,5,4,256,6000,8.0,2633729,1,1,9974,1104,600009,3,6000,24000,17,102.0,0.85,1.42035,0.1481266
cold,0,1,0,3e-05,0.05,512,3,5,4,256,6000,8.0,2633729,1,1,9974,1104,600009,3,6000,24000,18,108.0,0.9,1.5039,0.16009226
cold,0,1,0,3e-05,0.05,512,3,5,4,256,6000,8.0,2633729,1,1,9974,1104,600009,3,6000,24000,19,114.0,0.95,1.58745,0.17226654
cold,0,1,0,3e-05,0.05,512,3,5,4,256,6000,8.0,2633729,1,1,9974,1104,600009,3,6000,24000,20,120.0,1.0,1.671,0.18641111
cold,0,1,0,3e-05,0.05,512,3,5,4,256,6000,8.0,2633729,1,1,9974,1104,600009,3,6000,24000,21,126.0,1.05,1.75455,0.20306829
cold,0,1,0,3e-05,0.05,512,3,5,4,256,6000,8.0,2633729,1,1,9974,1104,600009,3,6000,24000,22,132.0,1.1,1.8381,0.22204544
cold,0,1,0,3e-05,0.05,512,3,5,4,256,6000,8.0,2633729,1,1,9974,1104,600009,3,6000,24000,23,138.0,1.15,1.92165,0.24328192
cold,0,1,0,3e-05,0.05,512,3,5,4,256,6000,8.0,2633729,1,1,9974,1104,600009,3,6000,24000,24,144.0,1.2,2.0052,0.26641262
cold,0,1,0,3e-05,0.05,512,3,5,4,256,6000,8.0,2633729,1,1,9974,1104,600009,3,6000,24000,25,150.0,1.25,2.08875,0.29062399
cold,0,1,0,3e-05,0.05,512,3,5,4,256,6000,8.0,2633729,1,1,9974,1104,600009,3,6000,24000,26,156.0,1.3,2.1723,0.3159523
cold,0,1,0,3e-05,0.05,512,3,5,4,256,6000,8.0,2633729,1,1,9974,1104,600009,3,6000,24000,27,162.0,1.35,2.25585,0.34127533
cold,0,1,0,3e-05,0.05,512,3,5,4,256,6000,8.0,2633729,1,1,9974,1104,600009,3,6000,24000,28,168.0,1.4,2.3394,0.36383316
cold,0,1,0,3e-05,0.05,512,3,5,4,256,6000,8.0,2633729,1,1,9974,1104,600009,3,6000,24000,29,174.0,1.45,2.42295,0.38168442
cold,0,1,0,3e-05,0.05,512,3,5,4,256,6000,8.0,2633729,1,1,9974,1104,600009,3,6000,24000,30,180.0,1.5,2.5065,0.39632249
cold,0,1,0,3e-05,0.05,512,3,5,4,256,6000,8.0,2633729,1,1,9974,1104,600009,3,6000,24000,31,186.0,1.55,2.59005,0.41200626
cold,0,1,0,3e-05,0.05,512,3,5,4,256,6000,8.0,2633729,1,1,9974,1104,600009,3,6000,24000,32,192.0,1.6,2.6736,0.43040055
cold,0,1,0,3e-05,0.05,512,3,5,4,256,6000,8.0,2633729,1,1,9974,1104,600009,3,6000,24000,33,198.0,1.65,2.75715,0.44935545
cold,0,1,0,3e-05,0.05,512,3,5,4,256,6000,8.0,2633729,1,1,9974,1104,600009,3,6000,24000,34,204.0,1.7,2.8407,0.46740264
cold,0,1,0,3e-05,0.05,512,3,5,4,256,6000,8.0,2633729,1,1,9974,1104,600009,3,6000,24000,35,210.0,1.75,2.92425,0.48447552
cold,0,1,0,3e-05,0.05,512,3,5,4,256,6000,8.0,2633729,1,1,9974,1104,600009,3,6000,24000,36,216.0,1.8,3.0078,0.502666
cold,0,1,0,3e-05,0.05,512,3,5,4,256,6000,8.0,2633729,1,1,9974,1104,600009,3,6000,24000,37,222.0,1.85,3.09135,0.52420312
cold,0,1,0,3e-05,0.05,512,3,5,4,256,6000,8.0,2633729,1,1,9974,1104,600009,3,6000,24000,38,228.0,1.9,3.1749,0.54832715
cold,0,1,0,3e-05,0.05,512,3,5,4,256,6000,8.0,2633729,1,1,9974,1104,600009,3,6000,24000,39,234.0,1.95,3.25845,0.57282639
cold,0,1,0,3e-05,0.05,512,3,5,4,256,6000,8.0,2633729,1,1,9974,1104,600009,3,6000,24000,40,240.0,2.0,3.342,0.5963757
cold,0,1,0,3e-05,0.05,512,3,5,4,256,6000,8.0,2633729,1,1,9974,1104,600009,3,6000,24000,41,246.0,2.05,3.42555,0.61872298
cold,0,1,0,3e-05,0.05,512,3,5,4,256,6000,8.0,2633729,1,1,9974,1104,600009,3,6000,24000,42,252.0,2.1,3.5091,0.63877404
cold,0,1,0,3e-05,0.05,512,3,5,4,256,6000,8.0,2633729,1,1,9974,1104,600009,3,6000,24000,43,258.0,2.15,3.59265,0.65448213
cold,0,1,0,3e-05,0.05,512,3,5,4,256,6000,8.0,2633729,1,1,9974,1104,600009,3,6000,24000,44,264.0,2.2,3.6762,0.66626251
cold,0,1,0,3e-05,0.05,512,3,5,4,256,6000,8.0,2633729,1,1,9974,1104,600009,3,6000,24000,45,270.0,2.25,3.75975,0.67760462
cold,0,1,0,3e-05,0.05,512,3,5,4,256,6000,8.0,2633729,1,1,9974,1104,600009,3,6000,24000,46,276.0,2.3,3.8433,0.69124573
cold,0,1,0,3e-05,0.05,512,3,5,4,256,6000,8.0,2633729,1,1,9974,1104,600009,3,6000,24000,47,282.0,2.35,3.92685,0.70715404
cold,0,1,0,3e-05,0.05,512,3,5,4,256,6000,8.0,2633729,1,1,9974,1104,600009,3,6000,24000,48,288.0,2.4,4.0104,0.72341949
cold,0,1,0,3e-05,0.05,512,3,5,4,256,6000,8.0,2633729,1,1,9974,1104,600009,3,6000,24000,49,294.0,2.45,4.09395,0.73822111
cold,0,1,0,3e-05,0.05,512,3,5,4,256,6000,8.0,2633729,1,1,9974,1104,600009,3,6000,24000,50,300.0,2.5,4.1775,0.75101137
cold,0,1,0,3e-05,0.05,512,3,5,4,256,6000,8.0,2633729,1,1,9974,1104,600009,3,6000,24000,51,306.0,2.55,4.26105,0.76246119
cold,0,1,0,3e-05,0.05,512,3,5,4,256,6000,8.0,2633729,1,1,9974,1104,600009,3,6000,24000,52,312.0,2.6,4.3446,0.77372843
cold,0,1,0,3e-05,0.05,512,3,5,4,256,6000,8.0,2633729,1,1,9974,1104,600009,3,6000,24000,53,318.0,2.65,4.42815,0.78553087
cold,0,1,0,3e-05,0.05,512,3,5,4,256,6000,8.0,2633729,1,1,9974,1104,600009,3,6000,24000,54,324.0,2.7,4.5117,0.79757941
cold,0,1,0,3e-05,0.05,512,3,5,4,256,6000,8.0,2633729,1,1,9974,1104,600009,3,6000,24000,55,330.0,2.75,4.59525,0.80921686
cold,0,1,0,3e-05,0.05,512,3,5,4,256,6000,8.0,2633729,1,1,9974,1104,600009,3,6000,24000,56,336.0,2.8,4.6788,0.81975168
cold,0,1,0,3e-05,0.05,512,3,5,4,256,6000,8.0,2633729,1,1,9974,1104,600009,3,6000,24000,57,342.0,2.85,4.76235,0.82869107
cold,0,1,0,3e-05,0.05,512,3,5,4,256,6000,8.0,2633729,1,1,9974,1104,600009,3,6000,24000,58,348.0,2.9,4.8459,0.83595353
cold,0,1,0,3e-05,0.05,512,3,5,4,256,6000,8.0,2633729,1,1,9974,1104,600009,3,6000,24000,59,354.0,2.95,4.92945,0.84235042
cold,0,1,0,3e-05,0.05,512,3,5,4,256,6000,8.0,2633729,1,1,9974,1104,600009,3,6000,24000,60,360.0,3.0,5.013,0.84952945
cold,0,1,0,3e-05,0.05,512,3,5,4,256,6000,8.0,2633729,1,1,9974,1104,600009,3,6000,24000,61,366.0,3.05,5.09655,0.85885584
cold,0,1,0,3e-05,0.05,512,3,5,4,256,6000,8.0,2633729,1,1,9974,1104,600009,3,6000,24000,62,372.0,3.1,5.1801,0.86943603
cold,0,1,0,3e-05,0.05,512,3,5,4,256,6000,8.0,2633729,1,1,9974,1104,600009,3,6000,24000,63,378.0,3.15,5.26365,0.8793633
cold,0,1,0,3e-05,0.05,512,3,5,4,256,6000,8.0,2633729,1,1,9974,1104,600009,3,6000,24000,64,384.0,3.2,5.3472,0.88811153
cold,0,1,0,3e-05,0.05,512,3,5,4,256,6000,8.0,2633729,1,1,9974,1104,600009,3,6000,24000,65,390.0,3.25,5.43075,0.89576387
cold,0,1,0,3e-05,0.05,512,3,5,4,256,6000,8.0,2633729,1,1,9974,1104,600009,3,6000,24000,66,396.0,3.3,5.5143,0.90192026
cold,0,1,0,3e-05,0.05,512,3,5,4,256,6000,8.0,2633729,1,1,9974,1104,600009,3,6000,24000,67,402.0,3.35,5.59785,0.90500057
cold,0,1,0,3e-05,0.05,512,3,5,4,256,6000,8.0,2633729,1,1,9974,1104,600009,3,6000,24000,68,408.0,3.4,5.6814,0.90407181
cold,0,1,0,3e-05,0.05,512,3,5,4,256,6000,8.0,2633729,1,1,9974,1104,600009,3,6000,24000,69,414.0,3.45,5.76495,0.90155143
cold,0,1,0,3e-05,0.05,512,3,5,4,256,6000,8.0,2633729,1,1,9974,1104,600009,3,6000,24000,70,420.0,3.5,5.8485,0.90206027
cold,0,1,0,3e-05,0.05,512,3,5,4,256,6000,8.0,2633729,1,1,9974,1104,600009,3,6000,24000,71,426.0,3.55,5.93205,0.90793002
cold,0,1,0,3e-05,0.05,512,3,5,4,256,6000,8.0,2633729,1,1,9974,1104,600009,3,6000,24000,72,432.0,3.6,6.0156,0.91671377
cold,0,1,0,3e-05,0.05,512,3,5,4,256,6000,8.0,2633729,1,1,9974,1104,600009,3,6000,24000,73,438.0,3.65,6.09915,0.92437649
cold,0,1,0,3e-05,0.05,512,3,5,4,256,6000,8.0,2633729,1,1,9974,1104,600009,3,6000,24000,74,444.0,3.7,6.1827,0.9295612
cold,0,1,0,3e-05,0.05,512,3,5,4,256,6000,8.0,2633729,1,1,9974,1104,600009,3,6000,24000,75,450.0,3.75,6.26625,0.93257982
cold,0,1,0,3e-05,0.05,512,3,5,4,256,6000,8.0,2633729,1,1,9974,1104,600009,3,6000,24000,76,456.0,3.8,6.3498,0.93424344
cold,0,1,0,3e-05,0.05,512,3,5,4,256,6000,8.0,2633729,1,1,9974,1104,600009,3,6000,24000,77,462.0,3.85,6.43335,0.93603891
cold,0,1,0,3e-05,0.05,512,3,5,4,256,6000,8.0,2633729,1,1,9974,1104,600009,3,6000,24000,78,468.0,3.9,6.5169,0.93841296
cold,0,1,0,3e-05,0.05,512,3,5,4,256,6000,8.0,2633729,1,1,9974,1104,600009,3,6000,24000,79,474.0,3.95,6.60045,0.94058943
cold,0,1,0,3e-05,0.05,512,3,5,4,256,6000,8.0,2633729,1,1,9974,1104,600009,3,6000,24000,80,480.0,4.0,6.684,0.94241232
cold,0,1,0,3e-05,0.05,512,3,5,4,256,6000,8.0,2633729,1,1,9974,1104,600009,3,6000,24000,81,486.0,4.05,6.76755,0.94428807
cold,0,1,0,3e-05,0.05,512,3,5,4,256,6000,8.0,2633729,1,1,9974,1104,600009,3,6000,24000,82,492.0,4.1,6.8511,0.94522858
cold,0,1,0,3e-05,0.05,512,3,5,4,256,6000,8.0,2633729,1,1,9974,1104,600009,3,6000,24000,83,498.0,4.15,6.93465,0.94413871
cold,0,1,0,3e-05,0.05,512,3,5,4,256,6000,8.0,2633729,1,1,9974,1104,600009,3,6000,24000,84,504.0,4.2,7.0182,0.94177842
cold,0,1,0,3e-05,0.05,512,3,5,4,256,6000,8.0,2633729,1,1,9974,1104,600009,3,6000,24000,85,510.0,4.25,7.10175,0.94149244
cold,0,1,0,3e-05,0.05,512,3,5,4,256,6000,8.0,2633729,1,1,9974,1104,600009,3,6000,24000,86,516.0,4.3,7.1853,0.94645369
cold,0,1,0,3e-05,0.05,512,3,5,4,256,6000,8.0,2633729,1,1,9974,1104,600009,3,6000,24000,87,522.0,4.35,7.26885,0.95551038
cold,0,1,0,3e-05,0.05,512,3,5,4,256,6000,8.0,2633729,1,1,9974,1104,600009,3,6000,24000,88,528.0,4.4,7.3524,0.96437234
cold,0,1,0,3e-05,0.05,512,3,5,4,256,6000,8.0,2633729,1,1,9974,1104,600009,3,6000,24000,89,534.0,4.45,7.43595,0.9703204
cold,0,1,0,3e-05,0.05,512,3,5,4,256,6000,8.0,2633729,1,1,9974,1104,600009,3,6000,24000,90,540.0,4.5,7.5195,0.97337532
cold,0,1,0,3e-05,0.05,512,3,5,4,256,6000,8.0,2633729,1,1,9974,1104,600009,3,6000,24000,91,546.0,4.55,7.60305,0.97396481
cold,0,1,0,3e-05,0.05,512,3,5,4,256,6000,8.0,2633729,1,1,9974,1104,600009,3,6000,24000,92,552.0,4.6,7.6866,0.97178108
cold,0,1,0,3e-05,0.05,512,3,5,4,256,6000,8.0,2633729,1,1,9974,1104,600009,3,6000,24000,93,558.0,4.65,7.77015,0.96703982
cold,0,1,0,3e-05,0.05,512,3,5,4,256,6000,8.0,2633729,1,1,9974,1104,600009,3,6000,24000,94,564.0,4.7,7.8537,0.96207887
cold,0,1,0,3e-05,0.05,512,3,5,4,256,6000,8.0,2633729,1,1,9974,1104,600009,3,6000,24000,95,570.0,4.75,7.93725,0.95998716
cold,0,1,0,3e-05,0.05,512,3,5,4,256,6000,8.0,2633729,1,1,9974,1104,600009,3,6000,24000,96,576.0,4.8,8.0208,0.96171474
cold,0,1,0,3e-05,0.05,512,3,5,4,256,6000,8.0,2633729,1,1,9974,1104,600009,3,6000,24000,97,582.0,4.85,8.10435,0.96600491
cold,0,1,0,3e-05,0.05,512,3,5,4,256,6000,8.0,2633729,1,1,9974,1104,600009,3,6000,24000,98,588.0,4.9,8.1879,0.97183102
cold,0,1,0,3e-05,0.05,512,3,5,4,256,6000,8.0,2633729,1,1,9974,1104,600009,3,6000,24000,99,594.0,4.95,8.27145,0.97798896
cold,0,1,0,3e-05,0.05,512,3,5,4,256,6000,8.0,2633729,1,1,9974,1104,600009,3,6000,24000,100,600.0,5.0,8.355,0.98216778
cold,0,1,0,3e-05,0.05,512,3,5,4,256,6000,8.0,2633729,1,1,9974,1104,600009,3,6000,24000,101,606.0,5.05,8.43855,0.98243701
cold,0,1,0,3e-05,0.05,512,3,5,4,256,6000,8.0,2633729,1,1,9974,1104,600009,3,6000,24000,102,612.0,5.1,8.5221,0.97912878
cold,0,1,0,3e-05,0.05,512,3,5,4,256,6000,8.0,2633729,1,1,9974,1104,600009,3,6000,24000,103,618.0,5.15,8.60565,0.97457111
cold,0,1,0,3e-05,0.05,512,3,5,4,256,6000,8.0,2633729,1,1,9974,1104,600009,3,6000,24000,104,624.0,5.2,8.6892,0.97090214
cold,0,1,0,3e-05,0.05,512,3,5,4,256,6000,8.0,2633729,1,1,9974,1104,600009,3,6000,24000,105,630.0,5.25,8.77275,0.96864283
cold,0,1,0,3e-05,0.05,512,3,5,4,256,6000,8.0,2633729,1,1,9974,1104,600009,3,6000,24000,106,636.0,5.3,8.8563,0.96712071
cold,0,1,0,3e-05,0.05,512,3,5,4,256,6000,8.0,2633729,1,1,9974,1104,600009,3,6000,24000,107,642.0,5.35,8.93985,0.9668026
cold,0,1,0,3e-05,0.05,512,3,5,4,256,6000,8.0,2633729,1,1,9974,1104,600009,3,6000,24000,108,648.0,5.4,9.0234,0.96979797
cold,0,1,0,3e-05,0.05,512,3,5,4,256,6000,8.0,2633729,1,1,9974,1104,600009,3,6000,24000,109,654.0,5.45,9.10695,0.97551674
cold,0,1,0,3e-05,0.05,512,3,5,4,256,6000,8.0,2633729,1,1,9974,1104,600009,3,6000,24000,110,660.0,5.5,9.1905,0.98160517
cold,0,1,0,3e-05,0.05,512,3,5,4,256,6000,8.0,2633729,1,1,9974,1104,600009,3,6000,24000,111,666.0,5.55,9.27405,0.98636538
cold,0,1,0,3e-05,0.05,512,3,5,4,256,6000,8.0,2633729,1,1,9974,1104,600009,3,6000,24000,112,672.0,5.6,9.3576,0.98880023
cold,0,1,0,3e-05,0.05,512,3,5,4,256,6000,8.0,2633729,1,1,9974,1104,600009,3,6000,24000,113,678.0,5.65,9.44115,0.98879528
cold,0,1,0,3e-05,0.05,512,3,5,4,256,6000,8.0,2633729,1,1,9974,1104,600009,3,6000,24000,114,684.0,5.7,9.5247,0.98671156
cold,0,1,0,3e-05,0.05,512,3,5,4,256,6000,8.0,2633729,1,1,9974,1104,600009,3,6000,24000,115,690.0,5.75,9.60825,0.98284709
cold,0,1,0,3e-05,0.05,512,3,5,4,256,6000,8.0,2633729,1,1,9974,1104,600009,3,6000,24000,116,696.0,5.8,9.6918,0.97815967
cold,0,1,0,3e-05,0.05,512,3,5,4,256,6000,8.0,2633729,1,1,9974,1104,600009,3,6000,24000,117,702.0,5.85,9.77535,0.97401708
cold,0,1,0,3e-05,0.05,512,3,5,4,256,6000,8.0,2633729,1,1,9974,1104,600009,3,6000,24000,118,708.0,5.9,9.8589,0.97126061
cold,0,1,0,3e-05,0.05,512,3,5,4,256,6000,8.0,2633729,1,1,9974,1104,600009,3,6000,24000,119,714.0,5.95,9.94245,0.9691838
cold,0,1,0,3e-05,0.05,512,3,5,4,256,6000,8.0,2633729,1,1,9974,1104,600009,3,6000,24000,120,720.0,6.0,10.026,0.96633804
cold,0,1,0,3e-05,0.05,512,3,5,4,256,6000,8.0,2633729,1,1,9974,1105,600010,4,1,24001,1,6.0,0.05,0.08355,0.18068078
cold,0,1,0,3e-05,0.05,512,3,5,4,256,6000,8.0,2633729,1,1,9974,1105,600010,4,1,24001,2,12.0,0.1,0.1671,0.34692779
cold,0,1,0,3e-05,0.05,512,3,5,4,256,6000,8.0,2633729,1,1,9974,1105,600010,4,1,24001,3,18.0,0.15,0.25065,0.49537221
cold,0,1,0,3e-05,0.05,512,3,5,4,256,6000,8.0,2633729,1,1,9974,1105,600010,4,1,24001,4,24.0,0.2,0.3342,0.62009901
cold,0,1,0,3e-05,0.05,512,3,5,4,256,6000,8.0,2633729,1,1,9974,1105,600010,4,1,24001,5,30.0,0.25,0.41775,0.71936482
cold,0,1,0,3e-05,0.05,512,3,5,4,256,6000,8.0,2633729,1,1,9974,1105,600010,4,1,24001,6,36.0,0.3,0.5013,0.79491103
cold,0,1,0,3e-05,0.05,512,3,5,4,256,6000,8.0,2633729,1,1,9974,1105,600010,4,1,24001,7,42.0,0.35,0.58485,0.85011911
cold,0,1,0,3e-05,0.05,512,3,5,4,256,6000,8.0,2633729,1,1,9974,1105,600010,4,1,24001,8,48.0,0.4,0.6684,0.88893169
cold,0,1,0,3e-05,0.05,512,3,5,4,256,6000,8.0,2633729,1,1,9974,1105,600010,4,1,24001,9,54.0,0.45,0.75195,0.91520888
cold,0,1,0,3e-05,0.05,512,3,5,4,256,6000,8.0,2633729,1,1,9974,1105,600010,4,1,24001,10,60.0,0.5,0.8355,0.93272173
cold,0,1,0,3e-05,0.05,512,3,5,4,256,6000,8.0,2633729,1,1,9974,1105,600010,4,1,24001,11,66.0,0.55,0.91905,0.94419235
cold,0,1,0,3e-05,0.05,512,3,5,4,256,6000,8.0,2633729,1,1,9974,1105,600010,4,1,24001,12,72.0,0.6,1.0026,0.95077151
cold,0,1,0,3e-05,0.05,512,3,5,4,256,6000,8.0,2633729,1,1,9974,1105,600010,4,1,24001,13,78.0,0.65,1.08615,0.95305866
cold,0,1,0,3e-05,0.05,512,3,5,4,256,6000,8.0,2633729,1,1,9974,1105,600010,4,1,24001,14,84.0,0.7,1.1697,0.95245504
cold,0,1,0,3e-05,0.05,512,3,5,4,256,6000,8.0,2633729,1,1,9974,1105,600010,4,1,24001,15,90.0,0.75,1.25325,0.95076829
cold,0,1,0,3e-05,0.05,512,3,5,4,256,6000,8.0,2633729,1,1,9974,1105,600010,4,1,24001,16,96.0,0.8,1.3368,0.94900233
cold,0,1,0,3e-05,0.05,512,3,5,4,256,6000,8.0,2633729,1,1,9974,1105,600010,4,1,24001,17,102.0,0.85,1.42035,0.94737637
cold,0,1,0,3e-05,0.05,512,3,5,4,256,6000,8.0,2633729,1,1,9974,1105,600010,4,1,24001,18,108.0,0.9,1.5039,0.94577736
cold,0,1,0,3e-05,0.05,512,3,5,4,256,6000,8.0,2633729,1,1,9974,1105,600010,4,1,24001,19,114.0,0.95,1.58745,0.9437623
cold,0,1,0,3e-05,0.05,512,3,5,4,256,6000,8.0,2633729,1,1,9974,1105,600010,4,1,24001,20,120.0,1.0,1.671,0.94077903
cold,0,1,0,3e-05,0.05,512,3,5,4,256,6000,8.0,2633729,1,1,9974,1105,600010,4,1,24001,21,126.0,1.05,1.75455,0.93633682
cold,0,1,0,3e-05,0.05,512,3,5,4,256,6000,8.0,2633729,1,1,9974,1105,600010,4,1,24001,22,132.0,1.1,1.8381,0.93003732
cold,0,1,0,3e-05,0.05,512,3,5,4,256,6000,8.0,2633729,1,1,9974,1105,600010,4,1,24001,23,138.0,1.15,1.92165,0.92180789
cold,0,1,0,3e-05,0.05,512,3,5,4,256,6000,8.0,2633729,1,1,9974,1105,600010,4,1,24001,24,144.0,1.2,2.0052,0.91209644
cold,0,1,0,3e-05,0.05,512,3,5,4,256,6000,8.0,2633729,1,1,9974,1105,600010,4,1,24001,25,150.0,1.25,2.08875,0.9015367
cold,0,1,0,3e-05,0.05,512,3,5,4,256,6000,8.0,2633729,1,1,9974,1105,600010,4,1,24001,26,156.0,1.3,2.1723,0.89041179
cold,0,1,0,3e-05,0.05,512,3,5,4,256,6000,8.0,2633729,1,1,9974,1105,600010,4,1,24001,27,162.0,1.35,2.25585,0.8787176
cold,0,1,0,3e-05,0.05,512,3,5,4,256,6000,8.0,2633729,1,1,9974,1105,600010,4,1,24001,28,168.0,1.4,2.3394,0.86681288
cold,0,1,0,3e-05,0.05,512,3,5,4,256,6000,8.0,2633729,1,1,9974,1105,600010,4,1,24001,29,174.0,1.45,2.42295,0.85566658
cold,0,1,0,3e-05,0.05,512,3,5,4,256,6000,8.0,2633729,1,1,9974,1105,600010,4,1,24001,30,180.0,1.5,2.5065,0.84656835
cold,0,1,0,3e-05,0.05,512,3,5,4,256,6000,8.0,2633729,1,1,9974,1105,600010,4,1,24001,31,186.0,1.55,2.59005,0.84019065
cold,0,1,0,3e-05,0.05,512,3,5,4,256,6000,8.0,2633729,1,1,9974,1105,600010,4,1,24001,32,192.0,1.6,2.6736,0.83590996
cold,0,1,0,3e-05,0.05,512,3,5,4,256,6000,8.0,2633729,1,1,9974,1105,600010,4,1,24001,33,198.0,1.65,2.75715,0.83247232
cold,0,1,0,3e-05,0.05,512,3,5,4,256,6000,8.0,2633729,1,1,9974,1105,600010,4,1,24001,34,204.0,1.7,2.8407,0.8293702
cold,0,1,0,3e-05,0.05,512,3,5,4,256,6000,8.0,2633729,1,1,9974,1105,600010,4,1,24001,35,210.0,1.75,2.92425,0.82677525
cold,0,1,0,3e-05,0.05,512,3,5,4,256,6000,8.0,2633729,1,1,9974,1105,600010,4,1,24001,36,216.0,1.8,3.0078,0.82444668
cold,0,1,0,3e-05,0.05,512,3,5,4,256,6000,8.0,2633729,1,1,9974,1105,600010,4,1,24001,37,222.0,1.85,3.09135,0.82165039
cold,0,1,0,3e-05,0.05,512,3,5,4,256,6000,8.0,2633729,1,1,9974,1105,600010,4,1,24001,38,228.0,1.9,3.1749,0.81804383
cold,0,1,0,3e-05,0.05,512,3,5,4,256,6000,8.0,2633729,1,1,9974,1105,600010,4,1,24001,39,234.0,1.95,3.25845,0.81435317
cold,0,1,0,3e-05,0.05,512,3,5,4,256,6000,8.0,2633729,1,1,9974,1105,600010,4,1,24001,40,240.0,2.0,3.342,0.81196088
cold,0,1,0,3e-05,0.05,512,3,5,4,256,6000,8.0,2633729,1,1,9974,1105,600010,4,1,24001,41,246.0,2.05,3.42555,0.81158197
cold,0,1,0,3e-05,0.05,512,3,5,4,256,6000,8.0,2633729,1,1,9974,1105,600010,4,1,24001,42,252.0,2.1,3.5091,0.81279838
cold,0,1,0,3e-05,0.05,512,3,5,4,256,6000,8.0,2633729,1,1,9974,1105,600010,4,1,24001,43,258.0,2.15,3.59265,0.81483823
cold,0,1,0,3e-05,0.05,512,3,5,4,256,6000,8.0,2633729,1,1,9974,1105,600010,4,1,24001,44,264.0,2.2,3.6762,0.81688589
cold,0,1,0,3e-05,0.05,512,3,5,4,256,6000,8.0,2633729,1,1,9974,1105,600010,4,1,24001,45,270.0,2.25,3.75975,0.81798065
cold,0,1,0,3e-05,0.05,512,3,5,4,256,6000,8.0,2633729,1,1,9974,1105,600010,4,1,24001,46,276.0,2.3,3.8433,0.81735837
cold,0,1,0,3e-05,0.05,512,3,5,4,256,6000,8.0,2633729,1,1,9974,1105,600010,4,1,24001,47,282.0,2.35,3.92685,0.81499028
cold,0,1,0,3e-05,0.05,512,3,5,4,256,6000,8.0,2633729,1,1,9974,1105,600010,4,1,24001,48,288.0,2.4,4.0104,0.81159657
cold,0,1,0,3e-05,0.05,512,3,5,4,256,6000,8.0,2633729,1,1,9974,1105,600010,4,1,24001,49,294.0,2.45,4.09395,0.80834955
cold,0,1,0,3e-05,0.05,512,3,5,4,256,6000,8.0,2633729,1,1,9974,1105,600010,4,1,24001,50,300.0,2.5,4.1775,0.80665427
cold,0,1,0,3e-05,0.05,512,3,5,4,256,6000,8.0,2633729,1,1,9974,1105,600010,4,1,24001,51,306.0,2.55,4.26105,0.80689335
cold,0,1,0,3e-05,0.05,512,3,5,4,256,6000,8.0,2633729,1,1,9974,1105,600010,4,1,24001,52,312.0,2.6,4.3446,0.80786192
cold,0,1,0,3e-05,0.05,512,3,5,4,256,6000,8.0,2633729,1,1,9974,1105,600010,4,1,24001,53,318.0,2.65,4.42815,0.80814815
cold,0,1,0,3e-05,0.05,512,3,5,4,256,6000,8.0,2633729,1,1,9974,1105,600010,4,1,24001,54,324.0,2.7,4.5117,0.80744952
cold,0,1,0,3e-05,0.05,512,3,5,4,256,6000,8.0,2633729,1,1,9974,1105,600010,4,1,24001,55,330.0,2.75,4.59525,0.80618882
cold,0,1,0,3e-05,0.05,512,3,5,4,256,6000,8.0,2633729,1,1,9974,1105,600010,4,1,24001,56,336.0,2.8,4.6788,0.80471498
cold,0,1,0,3e-05,0.05,512,3,5,4,256,6000,8.0,2633729,1,1,9974,1105,600010,4,1,24001,57,342.0,2.85,4.76235,0.80317289
cold,0,1,0,3e-05,0.05,512,3,5,4,256,6000,8.0,2633729,1,1,9974,1105,600010,4,1,24001,58,348.0,2.9,4.8459,0.80147755
cold,0,1,0,3e-05,0.05,512,3,5,4,256,6000,8.0,2633729,1,1,9974,1105,600010,4,1,24001,59,354.0,2.95,4.92945,0.79966533
cold,0,1,0,3e-05,0.05,512,3,5,4,256,6000,8.0,2633729,1,1,9974,1105,600010,4,1,24001,60,360.0,3.0,5.013,0.79835904
cold,0,1,0,3e-05,0.05,512,3,5,4,256,6000,8.0,2633729,1,1,9974,1105,600010,4,1,24001,61,366.0,3.05,5.09655,0.79801953
cold,0,1,0,3e-05,0.05,512,3,5,4,256,6000,8.0,2633729,1,1,9974,1105,600010,4,1,24001,62,372.0,3.1,5.1801,0.79837555
cold,0,1,0,3e-05,0.05,512,3,5,4,256,6000,8.0,2633729,1,1,9974,1105,600010,4,1,24001,63,378.0,3.15,5.26365,0.79883748
cold,0,1,0,3e-05,0.05,512,3,5,4,256,6000,8.0,2633729,1,1,9974,1105,600010,4,1,24001,64,384.0,3.2,5.3472,0.79880112
cold,0,1,0,3e-05,0.05,512,3,5,4,256,6000,8.0,2633729,1,1,9974,1105,600010,4,1,24001,65,390.0,3.25,5.43075,0.79794967
cold,0,1,0,3e-05,0.05,512,3,5,4,256,6000,8.0,2633729,1,1,9974,1105,600010,4,1,24001,66,396.0,3.3,5.5143,0.79637551
cold,0,1,0,3e-05,0.05,512,3,5,4,256,6000,8.0,2633729,1,1,9974,1105,600010,4,1,24001,67,402.0,3.35,5.59785,0.79438734
cold,0,1,0,3e-05,0.05,512,3,5,4,256,6000,8.0,2633729,1,1,9974,1105,600010,4,1,24001,68,408.0,3.4,5.6814,0.79219741
cold,0,1,0,3e-05,0.05,512,3,5,4,256,6000,8.0,2633729,1,1,9974,1105,600010,4,1,24001,69,414.0,3.45,5.76495,0.7900216
cold,0,1,0,3e-05,0.05,512,3,5,4,256,6000,8.0,2633729,1,1,9974,1105,600010,4,1,24001,70,420.0,3.5,5.8485,0.78842634
cold,0,1,0,3e-05,0.05,512,3,5,4,256,6000,8.0,2633729,1,1,9974,1105,600010,4,1,24001,71,426.0,3.55,5.93205,0.78803819
cold,0,1,0,3e-05,0.05,512,3,5,4,256,6000,8.0,2633729,1,1,9974,1105,600010,4,1,24001,72,432.0,3.6,6.0156,0.78908998
cold,0,1,0,3e-05,0.05,512,3,5,4,256,6000,8.0,2633729,1,1,9974,1105,600010,4,1,24001,73,438.0,3.65,6.09915,0.79139864
cold,0,1,0,3e-05,0.05,512,3,5,4,256,6000,8.0,2633729,1,1,9974,1105,600010,4,1,24001,74,444.0,3.7,6.1827,0.79450554
cold,0,1,0,3e-05,0.05,512,3,5,4,256,6000,8.0,2633729,1,1,9974,1105,600010,4,1,24001,75,450.0,3.75,6.26625,0.79746139
cold,0,1,0,3e-05,0.05,512,3,5,4,256,6000,8.0,2633729,1,1,9974,1105,600010,4,1,24001,76,456.0,3.8,6.3498,0.79931843
cold,0,1,0,3e-05,0.05,512,3,5,4,256,6000,8.0,2633729,1,1,9974,1105,600010,4,1,24001,77,462.0,3.85,6.43335,0.79997617
cold,0,1,0,3e-05,0.05,512,3,5,4,256,6000,8.0,2633729,1,1,9974,1105,600010,4,1,24001,78,468.0,3.9,6.5169,0.79974616
cold,0,1,0,3e-05,0.05,512,3,5,4,256,6000,8.0,2633729,1,1,9974,1105,600010,4,1,24001,79,474.0,3.95,6.60045,0.79867786
cold,0,1,0,3e-05,0.05,512,3,5,4,256,6000,8.0,2633729,1,1,9974,1105,600010,4,1,24001,80,480.0,4.0,6.684,0.7970944
cold,0,1,0,3e-05,0.05,512,3,5,4,256,6000,8.0,2633729,1,1,9974,1105,600010,4,1,24001,81,486.0,4.05,6.76755,0.79585677
cold,0,1,0,3e-05,0.05,512,3,5,4,256,6000,8.0,2633729,1,1,9974,1105,600010,4,1,24001,82,492.0,4.1,6.8511,0.79565579
cold,0,1,0,3e-05,0.05,512,3,5,4,256,6000,8.0,2633729,1,1,9974,1105,600010,4,1,24001,83,498.0,4.15,6.93465,0.79652667
cold,0,1,0,3e-05,0.05,512,3,5,4,256,6000,8.0,2633729,1,1,9974,1105,600010,4,1,24001,84,504.0,4.2,7.0182,0.7978968
cold,0,1,0,3e-05,0.05,512,3,5,4,256,6000,8.0,2633729,1,1,9974,1105,600010,4,1,24001,85,510.0,4.25,7.10175,0.79882962
cold,0,1,0,3e-05,0.05,512,3,5,4,256,6000,8.0,2633729,1,1,9974,1105,600010,4,1,24001,86,516.0,4.3,7.1853,0.79840928
cold,0,1,0,3e-05,0.05,512,3,5,4,256,6000,8.0,2633729,1,1,9974,1105,600010,4,1,24001,87,522.0,4.35,7.26885,0.79631078
cold,0,1,0,3e-05,0.05,512,3,5,4,256,6000,8.0,2633729,1,1,9974,1105,600010,4,1,24001,88,528.0,4.4,7.3524,0.79309624
cold,0,1,0,3e-05,0.05,512,3,5,4,256,6000,8.0,2633729,1,1,9974,1105,600010,4,1,24001,89,534.0,4.45,7.43595,0.79009187
cold,0,1,0,3e-05,0.05,512,3,5,4,256,6000,8.0,2633729,1,1,9974,1105,600010,4,1,24001,90,540.0,4.5,7.5195,0.78861725
cold,0,1,0,3e-05,0.05,512,3,5,4,256,6000,8.0,2633729,1,1,9974,1105,600010,4,1,24001,91,546.0,4.55,7.60305,0.7889747
cold,0,1,0,3e-05,0.05,512,3,5,4,256,6000,8.0,2633729,1,1,9974,1105,600010,4,1,24001,92,552.0,4.6,7.6866,0.79063374
cold,0,1,0,3e-05,0.05,512,3,5,4,256,6000,8.0,2633729,1,1,9974,1105,600010,4,1,24001,93,558.0,4.65,7.77015,0.79289728
cold,0,1,0,3e-05,0.05,512,3,5,4,256,6000,8.0,2633729,1,1,9974,1105,600010,4,1,24001,94,564.0,4.7,7.8537,0.79526466
cold,0,1,0,3e-05,0.05,512,3,5,4,256,6000,8.0,2633729,1,1,9974,1105,600010,4,1,24001,95,570.0,4.75,7.93725,0.79729211
cold,0,1,0,3e-05,0.05,512,3,5,4,256,6000,8.0,2633729,1,1,9974,1105,600010,4,1,24001,96,576.0,4.8,8.0208,0.79870206
cold,0,1,0,3e-05,0.05,512,3,5,4,256,6000,8.0,2633729,1,1,9974,1105,600010,4,1,24001,97,582.0,4.85,8.10435,0.799532
cold,0,1,0,3e-05,0.05,512,3,5,4,256,6000,8.0,2633729,1,1,9974,1105,600010,4,1,24001,98,588.0,4.9,8.1879,0.79980427
cold,0,1,0,3e-05,0.05,512,3,5,4,256,6000,8.0,2633729,1,1,9974,1105,600010,4,1,24001,99,594.0,4.95,8.27145,0.79962784
cold,0,1,0,3e-05,0.05,512,3,5,4,256,6000,8.0,2633729,1,1,9974,1105,600010,4,1,24001,100,600.0,5.0,8.355,0.79958117
cold,0,1,0,3e-05,0.05,512,3,5,4,256,6000,8.0,2633729,1,1,9974,1105,600010,4,1,24001,101,606.0,5.05,8.43855,0.80021614
cold,0,1,0,3e-05,0.05,512,3,5,4,256,6000,8.0,2633729,1,1,9974,1105,600010,4,1,24001,102,612.0,5.1,8.5221,0.80144304
cold,0,1,0,3e-05,0.05,512,3,5,4,256,6000,8.0,2633729,1,1,9974,1105,600010,4,1,24001,103,618.0,5.15,8.60565,0.80275351
cold,0,1,0,3e-05,0.05,512,3,5,4,256,6000,8.0,2633729,1,1,9974,1105,600010,4,1,24001,104,624.0,5.2,8.6892,0.80370468
cold,0,1,0,3e-05,0.05,512,3,5,4,256,6000,8.0,2633729,1,1,9974,1105,600010,4,1,24001,105,630.0,5.25,8.77275,0.80398196
cold,0,1,0,3e-05,0.05,512,3,5,4,256,6000,8.0,2633729,1,1,9974,1105,600010,4,1,24001,106,636.0,5.3,8.8563,0.80326748
cold,0,1,0,3e-05,0.05,512,3,5,4,256,6000,8.0,2633729,1,1,9974,1105,600010,4,1,24001,107,642.0,5.35,8.93985,0.80145627
cold,0,1,0,3e-05,0.05,512,3,5,4,256,6000,8.0,2633729,1,1,9974,1105,600010,4,1,24001,108,648.0,5.4,9.0234,0.79893762
cold,0,1,0,3e-05,0.05,512,3,5,4,256,6000,8.0,2633729,1,1,9974,1105,600010,4,1,24001,109,654.0,5.45,9.10695,0.79660171
cold,0,1,0,3e-05,0.05,512,3,5,4,256,6000,8.0,2633729,1,1,9974,1105,600010,4,1,24001,110,660.0,5.5,9.1905,0.79523647
cold,0,1,0,3e-05,0.05,512,3,5,4,256,6000,8.0,2633729,1,1,9974,1105,600010,4,1,24001,111,666.0,5.55,9.27405,0.79463023
cold,0,1,0,3e-05,0.05,512,3,5,4,256,6000,8.0,2633729,1,1,9974,1105,600010,4,1,24001,112,672.0,5.6,9.3576,0.79403883
cold,0,1,0,3e-05,0.05,512,3,5,4,256,6000,8.0,2633729,1,1,9974,1105,600010,4,1,24001,113,678.0,5.65,9.44115,0.79332101
cold,0,1,0,3e-05,0.05,512,3,5,4,256,6000,8.0,2633729,1,1,9974,1105,600010,4,1,24001,114,684.0,5.7,9.5247,0.79312396
cold,0,1,0,3e-05,0.05,512,3,5,4,256,6000,8.0,2633729,1,1,9974,1105,600010,4,1,24001,115,690.0,5.75,9.60825,0.79401726
cold,0,1,0,3e-05,0.05,512,3,5,4,256,6000,8.0,2633729,1,1,9974,1105,600010,4,1,24001,116,696.0,5.8,9.6918,0.79596436
cold,0,1,0,3e-05,0.05,512,3,5,4,256,6000,8.0,2633729,1,1,9974,1105,600010,4,1,24001,117,702.0,5.85,9.77535,0.7985369
cold,0,1,0,3e-05,0.05,512,3,5,4,256,6000,8.0,2633729,1,1,9974,1105,600010,4,1,24001,118,708.0,5.9,9.8589,0.80128151
cold,0,1,0,3e-05,0.05,512,3,5,4,256,6000,8.0,2633729,1,1,9974,1105,600010,4,1,24001,119,714.0,5.95,9.94245,0.80405569
cold,0,1,0,3e-05,0.05,512,3,5,4,256,6000,8.0,2633729,1,1,9974,1105,600010,4,1,24001,120,720.0,6.0,10.026,0.80680954
cold,0,1,0,3e-05,0.05,512,3,5,4,256,6000,8.0,2633729,1,1,9974,1105,600010,4,12,24012,1,6.0,0.05,0.08355,0.13466066
cold,0,1,0,3e-05,0.05,512,3,5,4,256,6000,8.0,2633729,1,1,9974,1105,600010,4,12,24012,2,12.0,0.1,0.1671,0.25673267
cold,0,1,0,3e-05,0.05,512,3,5,4,256,6000,8.0,2633729,1,1,9974,1105,600010,4,12,24012,3,18.0,0.15,0.25065,0.36588606
cold,0,1,0,3e-05,0.05,512,3,5,4,256,6000,8.0,2633729,1,1,9974,1105,600010,4,12,24012,4,24.0,0.2,0.3342,0.45412517
cold,0,1,0,3e-05,0.05,512,3,5,4,256,6000,8.0,2633729,1,1,9974,1105,600010,4,12,24012,5,30.0,0.25,0.41775,0.51851088
cold,0,1,0,3e-05,0.05,512,3,5,4,256,6000,8.0,2633729,1,1,9974,1105,600010,4,12,24012,6,36.0,0.3,0.5013,0.5641458
cold,0,1,0,3e-05,0.05,512,3,5,4,256,6000,8.0,2633729,1,1,9974,1105,600010,4,12,24012,7,42.0,0.35,0.58485,0.59700066
cold,0,1,0,3e-05,0.05,512,3,5,4,256,6000,8.0,2633729,1,1,9974,1105,600010,4,12,24012,8,48.0,0.4,0.6684,0.62139899
cold,0,1,0,3e-05,0.05,512,3,5,4,256,6000,8.0,2633729,1,1,9974,1105,600010,4,12,24012,9,54.0,0.45,0.75195,0.63932896
cold,0,1,0,3e-05,0.05,512,3,5,4,256,6000,8.0,2633729,1,1,9974,1105,600010,4,12,24012,10,60.0,0.5,0.8355,0.6523934
cold,0,1,0,3e-05,0.05,512,3,5,4,256,6000,8.0,2633729,1,1,9974,1105,600010,4,12,24012,11,66.0,0.55,0.91905,0.66296536
cold,0,1,0,3e-05,0.05,512,3,5,4,256,6000,8.0,2633729,1,1,9974,1105,600010,4,12,24012,12,72.0,0.6,1.0026,0.6734255
cold,0,1,0,3e-05,0.05,512,3,5,4,256,6000,8.0,2633729,1,1,9974,1105,600010,4,12,24012,13,78.0,0.65,1.08615,0.6850028
cold,0,1,0,3e-05,0.05,512,3,5,4,256,6000,8.0,2633729,1,1,9974,1105,600010,4,12,24012,14,84.0,0.7,1.1697,0.69775397
cold,0,1,0,3e-05,0.05,512,3,5,4,256,6000,8.0,2633729,1,1,9974,1105,600010,4,12,24012,15,90.0,0.75,1.25325,0.71126103
cold,0,1,0,3e-05,0.05,512,3,5,4,256,6000,8.0,2633729,1,1,9974,1105,600010,4,12,24012,16,96.0,0.8,1.3368,0.72475696
cold,0,1,0,3e-05,0.05,512,3,5,4,256,6000,8.0,2633729,1,1,9974,1105,600010,4,12,24012,17,102.0,0.85,1.42035,0.73693299
cold,0,1,0,3e-05,0.05,512,3,5,4,256,6000,8.0,2633729,1,1,9974,1105,600010,4,12,24012,18,108.0,0.9,1.5039,0.74656862
cold,0,1,0,3e-05,0.05,512,3,5,4,256,6000,8.0,2633729,1,1,9974,1105,600010,4,12,24012,19,114.0,0.95,1.58745,0.75373274
cold,0,1,0,3e-05,0.05,512,3,5,4,256,6000,8.0,2633729,1,1,9974,1105,600010,4,12,24012,20,120.0,1.0,1.671,0.76000392
cold,0,1,0,3e-05,0.05,512,3,5,4,256,6000,8.0,2633729,1,1,9974,1105,600010,4,12,24012,21,126.0,1.05,1.75455,0.76682693
cold,0,1,0,3e-05,0.05,512,3,5,4,256,6000,8.0,2633729,1,1,9974,1105,600010,4,12,24012,22,132.0,1.1,1.8381,0.77401745
cold,0,1,0,3e-05,0.05,512,3,5,4,256,6000,8.0,2633729,1,1,9974,1105,600010,4,12,24012,23,138.0,1.15,1.92165,0.78034663
cold,0,1,0,3e-05,0.05,512,3,5,4,256,6000,8.0,2633729,1,1,9974,1105,600010,4,12,24012,24,144.0,1.2,2.0052,0.7852214
cold,0,1,0,3e-05,0.05,512,3,5,4,256,6000,8.0,2633729,1,1,9974,1105,600010,4,12,24012,25,150.0,1.25,2.08875,0.78939474
cold,0,1,0,3e-05,0.05,512,3,5,4,256,6000,8.0,2633729,1,1,9974,1105,600010,4,12,24012,26,156.0,1.3,2.1723,0.79349869
cold,0,1,0,3e-05,0.05,512,3,5,4,256,6000,8.0,2633729,1,1,9974,1105,600010,4,12,24012,27,162.0,1.35,2.25585,0.79713935
cold,0,1,0,3e-05,0.05,512,3,5,4,256,6000,8.0,2633729,1,1,9974,1105,600010,4,12,24012,28,168.0,1.4,2.3394,0.79981452
cold,0,1,0,3e-05,0.05,512,3,5,4,256,6000,8.0,2633729,1,1,9974,1105,600010,4,12,24012,29,174.0,1.45,2.42295,0.80165088
cold,0,1,0,3e-05,0.05,512,3,5,4,256,6000,8.0,2633729,1,1,9974,1105,600010,4,12,24012,30,180.0,1.5,2.5065,0.80385262
cold,0,1,0,3e-05,0.05,512,3,5,4,256,6000,8.0,2633729,1,1,9974,1105,600010,4,12,24012,31,186.0,1.55,2.59005,0.80784184
cold,0,1,0,3e-05,0.05,512,3,5,4,256,6000,8.0,2633729,1,1,9974,1105,600010,4,12,24012,32,192.0,1.6,2.6736,0.81354696
cold,0,1,0,3e-05,0.05,512,3,5,4,256,6000,8.0,2633729,1,1,9974,1105,600010,4,12,24012,33,198.0,1.65,2.75715,0.81939805
cold,0,1,0,3e-05,0.05,512,3,5,4,256,6000,8.0,2633729,1,1,9974,1105,600010,4,12,24012,34,204.0,1.7,2.8407,0.82397664
cold,0,1,0,3e-05,0.05,512,3,5,4,256,6000,8.0,2633729,1,1,9974,1105,600010,4,12,24012,35,210.0,1.75,2.92425,0.82672745
cold,0,1,0,3e-05,0.05,512,3,5,4,256,6000,8.0,2633729,1,1,9974,1105,600010,4,12,24012,36,216.0,1.8,3.0078,0.82790726
cold,0,1,0,3e-05,0.05,512,3,5,4,256,6000,8.0,2633729,1,1,9974,1105,600010,4,12,24012,37,222.0,1.85,3.09135,0.82856858
cold,0,1,0,3e-05,0.05,512,3,5,4,256,6000,8.0,2633729,1,1,9974,1105,600010,4,12,24012,38,228.0,1.9,3.1749,0.82953727
cold,0,1,0,3e-05,0.05,512,3,5,4,256,6000,8.0,2633729,1,1,9974,1105,600010,4,12,24012,39,234.0,1.95,3.25845,0.83073288
cold,0,1,0,3e-05,0.05,512,3,5,4,256,6000,8.0,2633729,1,1,9974,1105,600010,4,12,24012,40,240.0,2.0,3.342,0.83189845
cold,0,1,0,3e-05,0.05,512,3,5,4,256,6000,8.0,2633729,1,1,9974,1105,600010,4,12,24012,41,246.0,2.05,3.42555,0.83282828
cold,0,1,0,3e-05,0.05,512,3,5,4,256,6000,8.0,2633729,1,1,9974,1105,600010,4,12,24012,42,252.0,2.1,3.5091,0.83342689
cold,0,1,0,3e-05,0.05,512,3,5,4,256,6000,8.0,2633729,1,1,9974,1105,600010,4,12,24012,43,258.0,2.15,3.59265,0.83410358
cold,0,1,0,3e-05,0.05,512,3,5,4,256,6000,8.0,2633729,1,1,9974,1105,600010,4,12,24012,44,264.0,2.2,3.6762,0.83524877
cold,0,1,0,3e-05,0.05,512,3,5,4,256,6000,8.0,2633729,1,1,9974,1105,600010,4,12,24012,45,270.0,2.25,3.75975,0.83640671
cold,0,1,0,3e-05,0.05,512,3,5,4,256,6000,8.0,2633729,1,1,9974,1105,600010,4,12,24012,46,276.0,2.3,3.8433,0.83636206
cold,0,1,0,3e-05,0.05,512,3,5,4,256,6000,8.0,2633729,1,1,9974,1105,600010,4,12,24012,47,282.0,2.35,3.92685,0.83418524
cold,0,1,0,3e-05,0.05,512,3,5,4,256,6000,8.0,2633729,1,1,9974,1105,600010,4,12,24012,48,288.0,2.4,4.0104,0.83004892
cold,0,1,0,3e-05,0.05,512,3,5,4,256,6000,8.0,2633729,1,1,9974,1105,600010,4,12,24012,49,294.0,2.45,4.09395,0.82537305
cold,0,1,0,3e-05,0.05,512,3,5,4,256,6000,8.0,2633729,1,1,9974,1105,600010,4,12,24012,50,300.0,2.5,4.1775,0.82241672
cold,0,1,0,3e-05,0.05,512,3,5,4,256,6000,8.0,2633729,1,1,9974,1105,600010,4,12,24012,51,306.0,2.55,4.26105,0.8222909
cold,0,1,0,3e-05,0.05,512,3,5,4,256,6000,8.0,2633729,1,1,9974,1105,600010,4,12,24012,52,312.0,2.6,4.3446,0.82350278
cold,0,1,0,3e-05,0.05,512,3,5,4,256,6000,8.0,2633729,1,1,9974,1105,600010,4,12,24012,53,318.0,2.65,4.42815,0.82350749
cold,0,1,0,3e-05,0.05,512,3,5,4,256,6000,8.0,2633729,1,1,9974,1105,600010,4,12,24012,54,324.0,2.7,4.5117,0.82150757
cold,0,1,0,3e-05,0.05,512,3,5,4,256,6000,8.0,2633729,1,1,9974,1105,600010,4,12,24012,55,330.0,2.75,4.59525,0.81867611
cold,0,1,0,3e-05,0.05,512,3,5,4,256,6000,8.0,2633729,1,1,9974,1105,600010,4,12,24012,56,336.0,2.8,4.6788,0.81661075
cold,0,1,0,3e-05,0.05,512,3,5,4,256,6000,8.0,2633729,1,1,9974,1105,600010,4,12,24012,57,342.0,2.85,4.76235,0.81593627
cold,0,1,0,3e-05,0.05,512,3,5,4,256,6000,8.0,2633729,1,1,9974,1105,600010,4,12,24012,58,348.0,2.9,4.8459,0.81560069
cold,0,1,0,3e-05,0.05,512,3,5,4,256,6000,8.0,2633729,1,1,9974,1105,600010,4,12,24012,59,354.0,2.95,4.92945,0.81437427
cold,0,1,0,3e-05,0.05,512,3,5,4,256,6000,8.0,2633729,1,1,9974,1105,600010,4,12,24012,60,360.0,3.0,5.013,0.81215721
cold,0,1,0,3e-05,0.05,512,3,5,4,256,6000,8.0,2633729,1,1,9974,1105,600010,4,12,24012,61,366.0,3.05,5.09655,0.80932212
cold,0,1,0,3e-05,0.05,512,3,5,4,256,6000,8.0,2633729,1,1,9974,1105,600010,4,12,24012,62,372.0,3.1,5.1801,0.8065027
cold,0,1,0,3e-05,0.05,512,3,5,4,256,6000,8.0,2633729,1,1,9974,1105,600010,4,12,24012,63,378.0,3.15,5.26365,0.80468655
cold,0,1,0,3e-05,0.05,512,3,5,4,256,6000,8.0,2633729,1,1,9974,1105,600010,4,12,24012,64,384.0,3.2,5.3472,0.80423462
cold,0,1,0,3e-05,0.05,512,3,5,4,256,6000,8.0,2633729,1,1,9974,1105,600010,4,12,24012,65,390.0,3.25,5.43075,0.80419159
cold,0,1,0,3e-05,0.05,512,3,5,4,256,6000,8.0,2633729,1,1,9974,1105,600010,4,12,24012,66,396.0,3.3,5.5143,0.80312854
cold,0,1,0,3e-05,0.05,512,3,5,4,256,6000,8.0,2633729,1,1,9974,1105,600010,4,12,24012,67,402.0,3.35,5.59785,0.80027884
cold,0,1,0,3e-05,0.05,512,3,5,4,256,6000,8.0,2633729,1,1,9974,1105,600010,4,12,24012,68,408.0,3.4,5.6814,0.7959671
cold,0,1,0,3e-05,0.05,512,3,5,4,256,6000,8.0,2633729,1,1,9974,1105,600010,4,12,24012,69,414.0,3.45,5.76495,0.79145992
cold,0,1,0,3e-05,0.05,512,3,5,4,256,6000,8.0,2633729,1,1,9974,1105,600010,4,12,24012,70,420.0,3.5,5.8485,0.78802985
cold,0,1,0,3e-05,0.05,512,3,5,4,256,6000,8.0,2633729,1,1,9974,1105,600010,4,12,24012,71,426.0,3.55,5.93205,0.7857033
cold,0,1,0,3e-05,0.05,512,3,5,4,256,6000,8.0,2633729,1,1,9974,1105,600010,4,12,24012,72,432.0,3.6,6.0156,0.7833398
cold,0,1,0,3e-05,0.05,512,3,5,4,256,6000,8.0,2633729,1,1,9974,1105,600010,4,12,24012,73,438.0,3.65,6.09915,0.77998865
cold,0,1,0,3e-05,0.05,512,3,5,4,256,6000,8.0,2633729,1,1,9974,1105,600010,4,12,24012,74,444.0,3.7,6.1827,0.77598846
cold,0,1,0,3e-05,0.05,512,3,5,4,256,6000,8.0,2633729,1,1,9974,1105,600010,4,12,24012,75,450.0,3.75,6.26625,0.77240306
cold,0,1,0,3e-05,0.05,512,3,5,4,256,6000,8.0,2633729,1,1,9974,1105,600010,4,12,24012,76,456.0,3.8,6.3498,0.77018493
cold,0,1,0,3e-05,0.05,512,3,5,4,256,6000,8.0,2633729,1,1,9974,1105,600010,4,12,24012,77,462.0,3.85,6.43335,0.76945698
cold,0,1,0,3e-05,0.05,512,3,5,4,256,6000,8.0,2633729,1,1,9974,1105,600010,4,12,24012,78,468.0,3.9,6.5169,0.76902348
cold,0,1,0,3e-05,0.05,512,3,5,4,256,6000,8.0,2633729,1,1,9974,1105,600010,4,12,24012,79,474.0,3.95,6.60045,0.76734895
cold,0,1,0,3e-05,0.05,512,3,5,4,256,6000,8.0,2633729,1,1,9974,1105,600010,4,12,24012,80,480.0,4.0,6.684,0.76429409
cold,0,1,0,3e-05,0.05,512,3,5,4,256,6000,8.0,2633729,1,1,9974,1105,600010,4,12,24012,81,486.0,4.05,6.76755,0.7614246
cold,0,1,0,3e-05,0.05,512,3,5,4,256,6000,8.0,2633729,1,1,9974,1105,600010,4,12,24012,82,492.0,4.1,6.8511,0.76030183
cold,0,1,0,3e-05,0.05,512,3,5,4,256,6000,8.0,2633729,1,1,9974,1105,600010,4,12,24012,83,498.0,4.15,6.93465,0.76104724
cold,0,1,0,3e-05,0.05,512,3,5,4,256,6000,8.0,2633729,1,1,9974,1105,600010,4,12,24012,84,504.0,4.2,7.0182,0.76242077
cold,0,1,0,3e-05,0.05,512,3,5,4,256,6000,8.0,2633729,1,1,9974,1105,600010,4,12,24012,85,510.0,4.25,7.10175,0.76272672
cold,0,1,0,3e-05,0.05,512,3,5,4,256,6000,8.0,2633729,1,1,9974,1105,600010,4,12,24012,86,516.0,4.3,7.1853,0.76101875
cold,0,1,0,3e-05,0.05,512,3,5,4,256,6000,8.0,2633729,1,1,9974,1105,600010,4,12,24012,87,522.0,4.35,7.26885,0.75755197
cold,0,1,0,3e-05,0.05,512,3,5,4,256,6000,8.0,2633729,1,1,9974,1105,600010,4,12,24012,88,528.0,4.4,7.3524,0.75315797
cold,0,1,0,3e-05,0.05,512,3,5,4,256,6000,8.0,2633729,1,1,9974,1105,600010,4,12,24012,89,534.0,4.45,7.43595,0.74848962
cold,0,1,0,3e-05,0.05,512,3,5,4,256,6000,8.0,2633729,1,1,9974,1105,600010,4,12,24012,90,540.0,4.5,7.5195,0.74408495
cold,0,1,0,3e-05,0.05,512,3,5,4,256,6000,8.0,2633729,1,1,9974,1105,600010,4,12,24012,91,546.0,4.55,7.60305,0.74024475
cold,0,1,0,3e-05,0.05,512,3,5,4,256,6000,8.0,2633729,1,1,9974,1105,600010,4,12,24012,92,552.0,4.6,7.6866,0.73689938
cold,0,1,0,3e-05,0.05,512,3,5,4,256,6000,8.0,2633729,1,1,9974,1105,600010,4,12,24012,93,558.0,4.65,7.77015,0.73433244
cold,0,1,0,3e-05,0.05,512,3,5,4,256,6000,8.0,2633729,1,1,9974,1105,600010,4,12,24012,94,564.0,4.7,7.8537,0.733329
cold,0,1,0,3e-05,0.05,512,3,5,4,256,6000,8.0,2633729,1,1,9974,1105,600010,4,12,24012,95,570.0,4.75,7.93725,0.73379475
cold,0,1,0,3e-05,0.05,512,3,5,4,256,6000,8.0,2633729,1,1,9974,1105,600010,4,12,24012,96,576.0,4.8,8.0208,0.73466629
cold,0,1,0,3e-05,0.05,512,3,5,4,256,6000,8.0,2633729,1,1,9974,1105,600010,4,12,24012,97,582.0,4.85,8.10435,0.7351042
cold,0,1,0,3e-05,0.05,512,3,5,4,256,6000,8.0,2633729,1,1,9974,1105,600010,4,12,24012,98,588.0,4.9,8.1879,0.73466039
cold,0,1,0,3e-05,0.05,512,3,5,4,256,6000,8.0,2633729,1,1,9974,1105,600010,4,12,24012,99,594.0,4.95,8.27145,0.73319203
cold,0,1,0,3e-05,0.05,512,3,5,4,256,6000,8.0,2633729,1,1,9974,1105,600010,4,12,24012,100,600.0,5.0,8.355,0.73159981
cold,0,1,0,3e-05,0.05,512,3,5,4,256,6000,8.0,2633729,1,1,9974,1105,600010,4,12,24012,101,606.0,5.05,8.43855,0.73118061
cold,0,1,0,3e-05,0.05,512,3,5,4,256,6000,8.0,2633729,1,1,9974,1105,600010,4,12,24012,102,612.0,5.1,8.5221,0.73226732
cold,0,1,0,3e-05,0.05,512,3,5,4,256,6000,8.0,2633729,1,1,9974,1105,600010,4,12,24012,103,618.0,5.15,8.60565,0.73441797
cold,0,1,0,3e-05,0.05,512,3,5,4,256,6000,8.0,2633729,1,1,9974,1105,600010,4,12,24012,104,624.0,5.2,8.6892,0.73680347
cold,0,1,0,3e-05,0.05,512,3,5,4,256,6000,8.0,2633729,1,1,9974,1105,600010,4,12,24012,105,630.0,5.25,8.77275,0.73873144
cold,0,1,0,3e-05,0.05,512,3,5,4,256,6000,8.0,2633729,1,1,9974,1105,600010,4,12,24012,106,636.0,5.3,8.8563,0.74025565
cold,0,1,0,3e-05,0.05,512,3,5,4,256,6000,8.0,2633729,1,1,9974,1105,600010,4,12,24012,107,642.0,5.35,8.93985,0.7416122
cold,0,1,0,3e-05,0.05,512,3,5,4,256,6000,8.0,2633729,1,1,9974,1105,600010,4,12,24012,108,648.0,5.4,9.0234,0.74249178
cold,0,1,0,3e-05,0.05,512,3,5,4,256,6000,8.0,2633729,1,1,9974,1105,600010,4,12,24012,109,654.0,5.45,9.10695,0.74264592
cold,0,1,0,3e-05,0.05,512,3,5,4,256,6000,8.0,2633729,1,1,9974,1105,600010,4,12,24012,110,660.0,5.5,9.1905,0.74266088
cold,0,1,0,3e-05,0.05,512,3,5,4,256,6000,8.0,2633729,1,1,9974,1105,600010,4,12,24012,111,666.0,5.55,9.27405,0.74330008
cold,0,1,0,3e-05,0.05,512,3,5,4,256,6000,8.0,2633729,1,1,9974,1105,600010,4,12,24012,112,672.0,5.6,9.3576,0.7448023
cold,0,1,0,3e-05,0.05,512,3,5,4,256,6000,8.0,2633729,1,1,9974,1105,600010,4,12,24012,113,678.0,5.65,9.44115,0.74701238
cold,0,1,0,3e-05,0.05,512,3,5,4,256,6000,8.0,2633729,1,1,9974,1105,600010,4,12,24012,114,684.0,5.7,9.5247,0.74975991
cold,0,1,0,3e-05,0.05,512,3,5,4,256,6000,8.0,2633729,1,1,9974,1105,600010,4,12,24012,115,690.0,5.75,9.60825,0.75285977
cold,0,1,0,3e-05,0.05,512,3,5,4,256,6000,8.0,2633729,1,1,9974,1105,600010,4,12,24012,116,696.0,5.8,9.6918,0.75635421
cold,0,1,0,3e-05,0.05,512,3,5,4,256,6000,8.0,2633729,1,1,9974,1105,600010,4,12,24012,117,702.0,5.85,9.77535,0.75991118
cold,0,1,0,3e-05,0.05,512,3,5,4,256,6000,8.0,2633729,1,1,9974,1105,600010,4,12,24012,118,708.0,5.9,9.8589,0.76229298
cold,0,1,0,3e-05,0.05,512,3,5,4,256,6000,8.0,2633729,1,1,9974,1105,600010,4,12,24012,119,714.0,5.95,9.94245,0.76287562
cold,0,1,0,3e-05,0.05,512,3,5,4,256,6000,8.0,2633729,1,1,9974,1105,600010,4,12,24012,120,720.0,6.0,10.026,0.76266009
cold,0,1,0,3e-05,0.05,512,3,5,4,256,6000,8.0,2633729,1,1,9974,1105,600010,4,54,24054,1,6.0,0.05,0.08355,0.09132574
cold,0,1,0,3e-05,0.05,512,3,5,4,256,6000,8.0,2633729,1,1,9974,1105,600010,4,54,24054,2,12.0,0.1,0.1671,0.17402337
cold,0,1,0,3e-05,0.05,512,3,5,4,256,6000,8.0,2633729,1,1,9974,1105,600010,4,54,24054,3,18.0,0.15,0.25065,0.25689426
cold,0,1,0,3e-05,0.05,512,3,5,4,256,6000,8.0,2633729,1,1,9974,1105,600010,4,54,24054,4,24.0,0.2,0.3342,0.32918069
cold,0,1,0,3e-05,0.05,512,3,5,4,256,6000,8.0,2633729,1,1,9974,1105,600010,4,54,24054,5,30.0,0.25,0.41775,0.38675013
cold,0,1,0,3e-05,0.05,512,3,5,4,256,6000,8.0,2633729,1,1,9974,1105,600010,4,54,24054,6,36.0,0.3,0.5013,0.43295151
cold,0,1,0,3e-05,0.05,512,3,5,4,256,6000,8.0,2633729,1,1,9974,1105,600010,4,54,24054,7,42.0,0.35,0.58485,0.472489
cold,0,1,0,3e-05,0.05,512,3,5,4,256,6000,8.0,2633729,1,1,9974,1105,600010,4,54,24054,8,48.0,0.4,0.6684,0.5077737
cold,0,1,0,3e-05,0.05,512,3,5,4,256,6000,8.0,2633729,1,1,9974,1105,600010,4,54,24054,9,54.0,0.45,0.75195,0.53894103
cold,0,1,0,3e-05,0.05,512,3,5,4,256,6000,8.0,2633729,1,1,9974,1105,600010,4,54,24054,10,60.0,0.5,0.8355,0.56568247
cold,0,1,0,3e-05,0.05,512,3,5,4,256,6000,8.0,2633729,1,1,9974,1105,600010,4,54,24054,11,66.0,0.55,0.91905,0.58780593
cold,0,1,0,3e-05,0.05,512,3,5,4,256,6000,8.0,2633729,1,1,9974,1105,600010,4,54,24054,12,72.0,0.6,1.0026,0.60553169
cold,0,1,0,3e-05,0.05,512,3,5,4,256,6000,8.0,2633729,1,1,9974,1105,600010,4,54,24054,13,78.0,0.65,1.08615,0.61968559
cold,0,1,0,3e-05,0.05,512,3,5,4,256,6000,8.0,2633729,1,1,9974,1105,600010,4,54,24054,14,84.0,0.7,1.1697,0.63163275
cold,0,1,0,3e-05,0.05,512,3,5,4,256,6000,8.0,2633729,1,1,9974,1105,600010,4,54,24054,15,90.0,0.75,1.25325,0.64286739
cold,0,1,0,3e-05,0.05,512,3,5,4,256,6000,8.0,2633729,1,1,9974,1105,600010,4,54,24054,16,96.0,0.8,1.3368,0.65400696
cold,0,1,0,3e-05,0.05,512,3,5,4,256,6000,8.0,2633729,1,1,9974,1105,600010,4,54,24054,17,102.0,0.85,1.42035,0.66442984
cold,0,1,0,3e-05,0.05,512,3,5,4,256,6000,8.0,2633729,1,1,9974,1105,600010,4,54,24054,18,108.0,0.9,1.5039,0.67311573
cold,0,1,0,3e-05,0.05,512,3,5,4,256,6000,8.0,2633729,1,1,9974,1105,600010,4,54,24054,19,114.0,0.95,1.58745,0.67987722
cold,0,1,0,3e-05,0.05,512,3,5,4,256,6000,8.0,2633729,1,1,9974,1105,600010,4,54,24054,20,120.0,1.0,1.671,0.68540645
cold,0,1,0,3e-05,0.05,512,3,5,4,256,6000,8.0,2633729,1,1,9974,1105,600010,4,54,24054,21,126.0,1.05,1.75455,0.69045442
cold,0,1,0,3e-05,0.05,512,3,5,4,256,6000,8.0,2633729,1,1,9974,1105,600010,4,54,24054,22,132.0,1.1,1.8381,0.69579059
cold,0,1,0,3e-05,0.05,512,3,5,4,256,6000,8.0,2633729,1,1,9974,1105,600010,4,54,24054,23,138.0,1.15,1.92165,0.70175099
cold,0,1,0,3e-05,0.05,512,3,5,4,256,6000,8.0,2633729,1,1,9974,1105,600010,4,54,24054,24,144.0,1.2,2.0052,0.70741701
cold,0,1,0,3e-05,0.05,512,3,5,4,256,6000,8.0,2633729,1,1,9974,1105,600010,4,54,24054,25,150.0,1.25,2.08875,0.71170366
cold,0,1,0,3e-05,0.05,512,3,5,4,256,6000,8.0,2633729,1,1,9974,1105,600010,4,54,24054,26,156.0,1.3,2.1723,0.71402276
cold,0,1,0,3e-05,0.05,512,3,5,4,256,6000,8.0,2633729,1,1,9974,1105,600010,4,54,24054,27,162.0,1.35,2.25585,0.71375293
cold,0,1,0,3e-05,0.05,512,3,5,4,256,6000,8.0,2633729,1,1,9974,1105,600010,4,54,24054,28,168.0,1.4,2.3394,0.71079814
cold,0,1,0,3e-05,0.05,512,3,5,4,256,6000,8.0,2633729,1,1,9974,1105,600010,4,54,24054,29,174.0,1.45,2.42295,0.70660174
cold,0,1,0,3e-05,0.05,512,3,5,4,256,6000,8.0,2633729,1,1,9974,1105,600010,4,54,24054,30,180.0,1.5,2.5065,0.70403934
cold,0,1,0,3e-05,0.05,512,3,5,4,256,6000,8.0,2633729,1,1,9974,1105,600010,4,54,24054,31,186.0,1.55,2.59005,0.70540154
cold,0,1,0,3e-05,0.05,512,3,5,4,256,6000,8.0,2633729,1,1,9974,1105,600010,4,54,24054,32,192.0,1.6,2.6736,0.7106179
cold,0,1,0,3e-05,0.05,512,3,5,4,256,6000,8.0,2633729,1,1,9974,1105,600010,4,54,24054,33,198.0,1.65,2.75715,0.71778297
cold,0,1,0,3e-05,0.05,512,3,5,4,256,6000,8.0,2633729,1,1,9974,1105,600010,4,54,24054,34,204.0,1.7,2.8407,0.72517192
cold,0,1,0,3e-05,0.05,512,3,5,4,256,6000,8.0,2633729,1,1,9974,1105,600010,4,54,24054,35,210.0,1.75,2.92425,0.73179096
cold,0,1,0,3e-05,0.05,512,3,5,4,256,6000,8.0,2633729,1,1,9974,1105,600010,4,54,24054,36,216.0,1.8,3.0078,0.73696697
cold,0,1,0,3e-05,0.05,512,3,5,4,256,6000,8.0,2633729,1,1,9974,1105,600010,4,54,24054,37,222.0,1.85,3.09135,0.74048632
cold,0,1,0,3e-05,0.05,512,3,5,4,256,6000,8.0,2633729,1,1,9974,1105,600010,4,54,24054,38,228.0,1.9,3.1749,0.74216926
cold,0,1,0,3e-05,0.05,512,3,5,4,256,6000,8.0,2633729,1,1,9974,1105,600010,4,54,24054,39,234.0,1.95,3.25845,0.74214494
cold,0,1,0,3e-05,0.05,512,3,5,4,256,6000,8.0,2633729,1,1,9974,1105,600010,4,54,24054,40,240.0,2.0,3.342,0.74173206
cold,0,1,0,3e-05,0.05,512,3,5,4,256,6000,8.0,2633729,1,1,9974,1105,600010,4,54,24054,41,246.0,2.05,3.42555,0.74209023
cold,0,1,0,3e-05,0.05,512,3,5,4,256,6000,8.0,2633729,1,1,9974,1105,600010,4,54,24054,42,252.0,2.1,3.5091,0.74284583
cold,0,1,0,3e-05,0.05,512,3,5,4,256,6000,8.0,2633729,1,1,9974,1105,600010,4,54,24054,43,258.0,2.15,3.59265,0.74309599
cold,0,1,0,3e-05,0.05,512,3,5,4,256,6000,8.0,2633729,1,1,9974,1105,600010,4,54,24054,44,264.0,2.2,3.6762,0.7426703
cold,0,1,0,3e-05,0.05,512,3,5,4,256,6000,8.0,2633729,1,1,9974,1105,600010,4,54,24054,45,270.0,2.25,3.75975,0.74202687
cold,0,1,0,3e-05,0.05,512,3,5,4,256,6000,8.0,2633729,1,1,9974,1105,600010,4,54,24054,46,276.0,2.3,3.8433,0.74157596
cold,0,1,0,3e-05,0.05,512,3,5,4,256,6000,8.0,2633729,1,1,9974,1105,600010,4,54,24054,47,282.0,2.35,3.92685,0.74166882
cold,0,1,0,3e-05,0.05,512,3,5,4,256,6000,8.0,2633729,1,1,9974,1105,600010,4,54,24054,48,288.0,2.4,4.0104,0.74243563
cold,0,1,0,3e-05,0.05,512,3,5,4,256,6000,8.0,2633729,1,1,9974,1105,600010,4,54,24054,49,294.0,2.45,4.09395,0.74333102
cold,0,1,0,3e-05,0.05,512,3,5,4,256,6000,8.0,2633729,1,1,9974,1105,600010,4,54,24054,50,300.0,2.5,4.1775,0.74389941
cold,0,1,0,3e-05,0.05,512,3,5,4,256,6000,8.0,2633729,1,1,9974,1105,600010,4,54,24054,51,306.0,2.55,4.26105,0.7445063
cold,0,1,0,3e-05,0.05,512,3,5,4,256,6000,8.0,2633729,1,1,9974,1105,600010,4,54,24054,52,312.0,2.6,4.3446,0.74572474
cold,0,1,0,3e-05,0.05,512,3,5,4,256,6000,8.0,2633729,1,1,9974,1105,600010,4,54,24054,53,318.0,2.65,4.42815,0.74762219
cold,0,1,0,3e-05,0.05,512,3,5,4,256,6000,8.0,2633729,1,1,9974,1105,600010,4,54,24054,54,324.0,2.7,4.5117,0.75002974
cold,0,1,0,3e-05,0.05,512,3,5,4,256,6000,8.0,2633729,1,1,9974,1105,600010,4,54,24054,55,330.0,2.75,4.59525,0.75228602
cold,0,1,0,3e-05,0.05,512,3,5,4,256,6000,8.0,2633729,1,1,9974,1105,600010,4,54,24054,56,336.0,2.8,4.6788,0.75314927
cold,0,1,0,3e-05,0.05,512,3,5,4,256,6000,8.0,2633729,1,1,9974,1105,600010,4,54,24054,57,342.0,2.85,4.76235,0.75219655
cold,0,1,0,3e-05,0.05,512,3,5,4,256,6000,8.0,2633729,1,1,9974,1105,600010,4,54,24054,58,348.0,2.9,4.8459,0.7500515
cold,0,1,0,3e-05,0.05,512,3,5,4,256,6000,8.0,2633729,1,1,9974,1105,600010,4,54,24054,59,354.0,2.95,4.92945,0.74766338
cold,0,1,0,3e-05,0.05,512,3,5,4,256,6000,8.0,2633729,1,1,9974,1105,600010,4,54,24054,60,360.0,3.0,5.013,0.74647301
cold,0,1,0,3e-05,0.05,512,3,5,4,256,6000,8.0,2633729,1,1,9974,1105,600010,4,54,24054,61,366.0,3.05,5.09655,0.74746972
cold,0,1,0,3e-05,0.05,512,3,5,4,256,6000,8.0,2633729,1,1,9974,1105,600010,4,54,24054,62,372.0,3.1,5.1801,0.74995869
cold,0,1,0,3e-05,0.05,512,3,5,4,256,6000,8.0,2633729,1,1,9974,1105,600010,4,54,24054,63,378.0,3.15,5.26365,0.75235403
cold,0,1,0,3e-05,0.05,512,3,5,4,256,6000,8.0,2633729,1,1,9974,1105,600010,4,54,24054,64,384.0,3.2,5.3472,0.75372738
cold,0,1,0,3e-05,0.05,512,3,5,4,256,6000,8.0,2633729,1,1,9974,1105,600010,4,54,24054,65,390.0,3.25,5.43075,0.7541849
cold,0,1,0,3e-05,0.05,512,3,5,4,256,6000,8.0,2633729,1,1,9974,1105,600010,4,54,24054,66,396.0,3.3,5.5143,0.75422305
cold,0,1,0,3e-05,0.05,512,3,5,4,256,6000,8.0,2633729,1,1,9974,1105,600010,4,54,24054,67,402.0,3.35,5.59785,0.75413662
cold,0,1,0,3e-05,0.05,512,3,5,4,256,6000,8.0,2633729,1,1,9974,1105,600010,4,54,24054,68,408.0,3.4,5.6814,0.75375009
cold,0,1,0,3e-05,0.05,512,3,5,4,256,6000,8.0,2633729,1,1,9974,1105,600010,4,54,24054,69,414.0,3.45,5.76495,0.75278312
cold,0,1,0,3e-05,0.05,512,3,5,4,256,6000,8.0,2633729,1,1,9974,1105,600010,4,54,24054,70,420.0,3.5,5.8485,0.75192893
cold,0,1,0,3e-05,0.05,512,3,5,4,256,6000,8.0,2633729,1,1,9974,1105,600010,4,54,24054,71,426.0,3.55,5.93205,0.7523666
cold,0,1,0,3e-05,0.05,512,3,5,4,256,6000,8.0,2633729,1,1,9974,1105,600010,4,54,24054,72,432.0,3.6,6.0156,0.75411916
cold,0,1,0,3e-05,0.05,512,3,5,4,256,6000,8.0,2633729,1,1,9974,1105,600010,4,54,24054,73,438.0,3.65,6.09915,0.75624013
cold,0,1,0,3e-05,0.05,512,3,5,4,256,6000,8.0,2633729,1,1,9974,1105,600010,4,54,24054,74,444.0,3.7,6.1827,0.75844705
cold,0,1,0,3e-05,0.05,512,3,5,4,256,6000,8.0,2633729,1,1,9974,1105,600010,4,54,24054,75,450.0,3.75,6.26625,0.76093715
cold,0,1,0,3e-05,0.05,512,3,5,4,256,6000,8.0,2633729,1,1,9974,1105,600010,4,54,24054,76,456.0,3.8,6.3498,0.76313484
cold,0,1,0,3e-05,0.05,512,3,5,4,256,6000,8.0,2633729,1,1,9974,1105,600010,4,54,24054,77,462.0,3.85,6.43335,0.7641722
cold,0,1,0,3e-05,0.05,512,3,5,4,256,6000,8.0,2633729,1,1,9974,1105,600010,4,54,24054,78,468.0,3.9,6.5169,0.7638039
cold,0,1,0,3e-05,0.05,512,3,5,4,256,6000,8.0,2633729,1,1,9974,1105,600010,4,54,24054,79,474.0,3.95,6.60045,0.76241386
cold,0,1,0,3e-05,0.05,512,3,5,4,256,6000,8.0,2633729,1,1,9974,1105,600010,4,54,24054,80,480.0,4.0,6.684,0.76118898
cold,0,1,0,3e-05,0.05,512,3,5,4,256,6000,8.0,2633729,1,1,9974,1105,600010,4,54,24054,81,486.0,4.05,6.76755,0.761406
cold,0,1,0,3e-05,0.05,512,3,5,4,256,6000,8.0,2633729,1,1,9974,1105,600010,4,54,24054,82,492.0,4.1,6.8511,0.76306248
cold,0,1,0,3e-05,0.05,512,3,5,4,256,6000,8.0,2633729,1,1,9974,1105,600010,4,54,24054,83,498.0,4.15,6.93465,0.76505548
cold,0,1,0,3e-05,0.05,512,3,5,4,256,6000,8.0,2633729,1,1,9974,1105,600010,4,54,24054,84,504.0,4.2,7.0182,0.76615232
cold,0,1,0,3e-05,0.05,512,3,5,4,256,6000,8.0,2633729,1,1,9974,1105,600010,4,54,24054,85,510.0,4.25,7.10175,0.76582217
cold,0,1,0,3e-05,0.05,512,3,5,4,256,6000,8.0,2633729,1,1,9974,1105,600010,4,54,24054,86,516.0,4.3,7.1853,0.76426089
cold,0,1,0,3e-05,0.05,512,3,5,4,256,6000,8.0,2633729,1,1,9974,1105,600010,4,54,24054,87,522.0,4.35,7.26885,0.76188523
cold,0,1,0,3e-05,0.05,512,3,5,4,256,6000,8.0,2633729,1,1,9974,1105,600010,4,54,24054,88,528.0,4.4,7.3524,0.75947034
cold,0,1,0,3e-05,0.05,512,3,5,4,256,6000,8.0,2633729,1,1,9974,1105,600010,4,54,24054,89,534.0,4.45,7.43595,0.75839102
cold,0,1,0,3e-05,0.05,512,3,5,4,256,6000,8.0,2633729,1,1,9974,1105,600010,4,54,24054,90,540.0,4.5,7.5195,0.75952917
cold,0,1,0,3e-05,0.05,512,3,5,4,256,6000,8.0,2633729,1,1,9974,1105,600010,4,54,24054,91,546.0,4.55,7.60305,0.76256073
cold,0,1,0,3e-05,0.05,512,3,5,4,256,6000,8.0,2633729,1,1,9974,1105,600010,4,54,24054,92,552.0,4.6,7.6866,0.76656353
cold,0,1,0,3e-05,0.05,512,3,5,4,256,6000,8.0,2633729,1,1,9974,1105,600010,4,54,24054,93,558.0,4.65,7.77015,0.77063608
cold,0,1,0,3e-05,0.05,512,3,5,4,256,6000,8.0,2633729,1,1,9974,1105,600010,4,54,24054,94,564.0,4.7,7.8537,0.77427804
cold,0,1,0,3e-05,0.05,512,3,5,4,256,6000,8.0,2633729,1,1,9974,1105,600010,4,54,24054,95,570.0,4.75,7.93725,0.7771284
cold,0,1,0,3e-05,0.05,512,3,5,4,256,6000,8.0,2633729,1,1,9974,1105,600010,4,54,24054,96,576.0,4.8,8.0208,0.77874309
cold,0,1,0,3e-05,0.05,512,3,5,4,256,6000,8.0,2633729,1,1,9974,1105,600010,4,54,24054,97,582.0,4.85,8.10435,0.77900618
cold,0,1,0,3e-05,0.05,512,3,5,4,256,6000,8.0,2633729,1,1,9974,1105,600010,4,54,24054,98,588.0,4.9,8.1879,0.77836812
cold,0,1,0,3e-05,0.05,512,3,5,4,256,6000,8.0,2633729,1,1,9974,1105,600010,4,54,24054,99,594.0,4.95,8.27145,0.77745485
cold,0,1,0,3e-05,0.05,512,3,5,4,256,6000,8.0,2633729,1,1,9974,1105,600010,4,54,24054,100,600.0,5.0,8.355,0.77692884
cold,0,1,0,3e-05,0.05,512,3,5,4,256,6000,8.0,2633729,1,1,9974,1105,600010,4,54,24054,101,606.0,5.05,8.43855,0.77710181
cold,0,1,0,3e-05,0.05,512,3,5,4,256,6000,8.0,2633729,1,1,9974,1105,600010,4,54,24054,102,612.0,5.1,8.5221,0.77766234
cold,0,1,0,3e-05,0.05,512,3,5,4,256,6000,8.0,2633729,1,1,9974,1105,600010,4,54,24054,103,618.0,5.15,8.60565,0.77813917
cold,0,1,0,3e-05,0.05,512,3,5,4,256,6000,8.0,2633729,1,1,9974,1105,600010,4,54,24054,104,624.0,5.2,8.6892,0.77807176
cold,0,1,0,3e-05,0.05,512,3,5,4,256,6000,8.0,2633729,1,1,9974,1105,600010,4,54,24054,105,630.0,5.25,8.77275,0.77742755
cold,0,1,0,3e-05,0.05,512,3,5,4,256,6000,8.0,2633729,1,1,9974,1105,600010,4,54,24054,106,636.0,5.3,8.8563,0.77674979
cold,0,1,0,3e-05,0.05,512,3,5,4,256,6000,8.0,2633729,1,1,9974,1105,600010,4,54,24054,107,642.0,5.35,8.93985,0.77632654
cold,0,1,0,3e-05,0.05,512,3,5,4,256,6000,8.0,2633729,1,1,9974,1105,600010,4,54,24054,108,648.0,5.4,9.0234,0.77569515
cold,0,1,0,3e-05,0.05,512,3,5,4,256,6000,8.0,2633729,1,1,9974,1105,600010,4,54,24054,109,654.0,5.45,9.10695,0.77445889
cold,0,1,0,3e-05,0.05,512,3,5,4,256,6000,8.0,2633729,1,1,9974,1105,600010,4,54,24054,110,660.0,5.5,9.1905,0.77316242
cold,0,1,0,3e-05,0.05,512,3,5,4,256,6000,8.0,2633729,1,1,9974,1105,600010,4,54,24054,111,666.0,5.55,9.27405,0.77295035
cold,0,1,0,3e-05,0.05,512,3,5,4,256,6000,8.0,2633729,1,1,9974,1105,600010,4,54,24054,112,672.0,5.6,9.3576,0.77457935
cold,0,1,0,3e-05,0.05,512,3,5,4,256,6000,8.0,2633729,1,1,9974,1105,600010,4,54,24054,113,678.0,5.65,9.44115,0.77778131
cold,0,1,0,3e-05,0.05,512,3,5,4,256,6000,8.0,2633729,1,1,9974,1105,600010,4,54,24054,114,684.0,5.7,9.5247,0.78165799
cold,0,1,0,3e-05,0.05,512,3,5,4,256,6000,8.0,2633729,1,1,9974,1105,600010,4,54,24054,115,690.0,5.75,9.60825,0.78529495
cold,0,1,0,3e-05,0.05,512,3,5,4,256,6000,8.0,2633729,1,1,9974,1105,600010,4,54,24054,116,696.0,5.8,9.6918,0.78787005
cold,0,1,0,3e-05,0.05,512,3,5,4,256,6000,8.0,2633729,1,1,9974,1105,600010,4,54,24054,117,702.0,5.85,9.77535,0.78852671
cold,0,1,0,3e-05,0.05,512,3,5,4,256,6000,8.0,2633729,1,1,9974,1105,600010,4,54,24054,118,708.0,5.9,9.8589,0.78700435
cold,0,1,0,3e-05,0.05,512,3,5,4,256,6000,8.0,2633729,1,1,9974,1105,600010,4,54,24054,119,714.0,5.95,9.94245,0.78440148
cold,0,1,0,3e-05,0.05,512,3,5,4,256,6000,8.0,2633729,1,1,9974,1105,600010,4,54,24054,120,720.0,6.0,10.026,0.78281409
cold,0,1,0,3e-05,0.05,512,3,5,4,256,6000,8.0,2633729,1,1,9974,1105,600010,4,234,24234,1,6.0,0.05,0.08355,0.04752562
cold,0,1,0,3e-05,0.05,512,3,5,4,256,6000,8.0,2633729,1,1,9974,1105,600010,4,234,24234,2,12.0,0.1,0.1671,0.06965488
cold,0,1,0,3e-05,0.05,512,3,5,4,256,6000,8.0,2633729,1,1,9974,1105,600010,4,234,24234,3,18.0,0.15,0.25065,0.09390911
cold,0,1,0,3e-05,0.05,512,3,5,4,256,6000,8.0,2633729,1,1,9974,1105,600010,4,234,24234,4,24.0,0.2,0.3342,0.11801416
cold,0,1,0,3e-05,0.05,512,3,5,4,256,6000,8.0,2633729,1,1,9974,1105,600010,4,234,24234,5,30.0,0.25,0.41775,0.14240994
cold,0,1,0,3e-05,0.05,512,3,5,4,256,6000,8.0,2633729,1,1,9974,1105,600010,4,234,24234,6,36.0,0.3,0.5013,0.16886467
cold,0,1,0,3e-05,0.05,512,3,5,4,256,6000,8.0,2633729,1,1,9974,1105,600010,4,234,24234,7,42.0,0.35,0.58485,0.19630097
cold,0,1,0,3e-05,0.05,512,3,5,4,256,6000,8.0,2633729,1,1,9974,1105,600010,4,234,24234,8,48.0,0.4,0.6684,0.22300346
cold,0,1,0,3e-05,0.05,512,3,5,4,256,6000,8.0,2633729,1,1,9974,1105,600010,4,234,24234,9,54.0,0.45,0.75195,0.24880967
cold,0,1,0,3e-05,0.05,512,3,5,4,256,6000,8.0,2633729,1,1,9974,1105,600010,4,234,24234,10,60.0,0.5,0.8355,0.27521315
cold,0,1,0,3e-05,0.05,512,3,5,4,256,6000,8.0,2633729,1,1,9974,1105,600010,4,234,24234,11,66.0,0.55,0.91905,0.30338436
cold,0,1,0,3e-05,0.05,512,3,5,4,256,6000,8.0,2633729,1,1,9974,1105,600010,4,234,24234,12,72.0,0.6,1.0026,0.33110142
cold,0,1,0,3e-05,0.05,512,3,5,4,256,6000,8.0,2633729,1,1,9974,1105,600010,4,234,24234,13,78.0,0.65,1.08615,0.35634473
cold,0,1,0,3e-05,0.05,512,3,5,4,256,6000,8.0,2633729,1,1,9974,1105,600010,4,234,24234,14,84.0,0.7,1.1697,0.38060585
cold,0,1,0,3e-05,0.05,512,3,5,4,256,6000,8.0,2633729,1,1,9974,1105,600010,4,234,24234,15,90.0,0.75,1.25325,0.40590352
cold,0,1,0,3e-05,0.05,512,3,5,4,256,6000,8.0,2633729,1,1,9974,1105,600010,4,234,24234,16,96.0,0.8,1.3368,0.4317733
cold,0,1,0,3e-05,0.05,512,3,5,4,256,6000,8.0,2633729,1,1,9974,1105,600010,4,234,24234,17,102.0,0.85,1.42035,0.45650944
cold,0,1,0,3e-05,0.05,512,3,5,4,256,6000,8.0,2633729,1,1,9974,1105,600010,4,234,24234,18,108.0,0.9,1.5039,0.47889546
cold,0,1,0,3e-05,0.05,512,3,5,4,256,6000,8.0,2633729,1,1,9974,1105,600010,4,234,24234,19,114.0,0.95,1.58745,0.49910128
cold,0,1,0,3e-05,0.05,512,3,5,4,256,6000,8.0,2633729,1,1,9974,1105,600010,4,234,24234,20,120.0,1.0,1.671,0.51875132
cold,0,1,0,3e-05,0.05,512,3,5,4,256,6000,8.0,2633729,1,1,9974,1105,600010,4,234,24234,21,126.0,1.05,1.75455,0.53928119
cold,0,1,0,3e-05,0.05,512,3,5,4,256,6000,8.0,2633729,1,1,9974,1105,600010,4,234,24234,22,132.0,1.1,1.8381,0.5606572
cold,0,1,0,3e-05,0.05,512,3,5,4,256,6000,8.0,2633729,1,1,9974,1105,600010,4,234,24234,23,138.0,1.15,1.92165,0.58197868
cold,0,1,0,3e-05,0.05,512,3,5,4,256,6000,8.0,2633729,1,1,9974,1105,600010,4,234,24234,24,144.0,1.2,2.0052,0.60257357
cold,0,1,0,3e-05,0.05,512,3,5,4,256,6000,8.0,2633729,1,1,9974,1105,600010,4,234,24234,25,150.0,1.25,2.08875,0.62187797
cold,0,1,0,3e-05,0.05,512,3,5,4,256,6000,8.0,2633729,1,1,9974,1105,600010,4,234,24234,26,156.0,1.3,2.1723,0.63992
cold,0,1,0,3e-05,0.05,512,3,5,4,256,6000,8.0,2633729,1,1,9974,1105,600010,4,234,24234,27,162.0,1.35,2.25585,0.65663773
cold,0,1,0,3e-05,0.05,512,3,5,4,256,6000,8.0,2633729,1,1,9974,1105,600010,4,234,24234,28,168.0,1.4,2.3394,0.67112207
cold,0,1,0,3e-05,0.05,512,3,5,4,256,6000,8.0,2633729,1,1,9974,1105,600010,4,234,24234,29,174.0,1.45,2.42295,0.6832999
cold,0,1,0,3e-05,0.05,512,3,5,4,256,6000,8.0,2633729,1,1,9974,1105,600010,4,234,24234,30,180.0,1.5,2.5065,0.69426429
cold,0,1,0,3e-05,0.05,512,3,5,4,256,6000,8.0,2633729,1,1,9974,1105,600010,4,234,24234,31,186.0,1.55,2.59005,0.70474905
cold,0,1,0,3e-05,0.05,512,3,5,4,256,6000,8.0,2633729,1,1,9974,1105,600010,4,234,24234,32,192.0,1.6,2.6736,0.71491343
cold,0,1,0,3e-05,0.05,512,3,5,4,256,6000,8.0,2633729,1,1,9974,1105,600010,4,234,24234,33,198.0,1.65,2.75715,0.72475159
cold,0,1,0,3e-05,0.05,512,3,5,4,256,6000,8.0,2633729,1,1,9974,1105,600010,4,234,24234,34,204.0,1.7,2.8407,0.73433137
cold,0,1,0,3e-05,0.05,512,3,5,4,256,6000,8.0,2633729,1,1,9974,1105,600010,4,234,24234,35,210.0,1.75,2.92425,0.74375224
cold,0,1,0,3e-05,0.05,512,3,5,4,256,6000,8.0,2633729,1,1,9974,1105,600010,4,234,24234,36,216.0,1.8,3.0078,0.75314838
cold,0,1,0,3e-05,0.05,512,3,5,4,256,6000,8.0,2633729,1,1,9974,1105,600010,4,234,24234,37,222.0,1.85,3.09135,0.76244456
cold,0,1,0,3e-05,0.05,512,3,5,4,256,6000,8.0,2633729,1,1,9974,1105,600010,4,234,24234,38,228.0,1.9,3.1749,0.77046382
cold,0,1,0,3e-05,0.05,512,3,5,4,256,6000,8.0,2633729,1,1,9974,1105,600010,4,234,24234,39,234.0,1.95,3.25845,0.77607632
cold,0,1,0,3e-05,0.05,512,3,5,4,256,6000,8.0,2633729,1,1,9974,1105,600010,4,234,24234,40,240.0,2.0,3.342,0.78049982
cold,0,1,0,3e-05,0.05,512,3,5,4,256,6000,8.0,2633729,1,1,9974,1105,600010,4,234,24234,41,246.0,2.05,3.42555,0.78628474
cold,0,1,0,3e-05,0.05,512,3,5,4,256,6000,8.0,2633729,1,1,9974,1105,600010,4,234,24234,42,252.0,2.1,3.5091,0.79471034
cold,0,1,0,3e-05,0.05,512,3,5,4,256,6000,8.0,2633729,1,1,9974,1105,600010,4,234,24234,43,258.0,2.15,3.59265,0.8048752
cold,0,1,0,3e-05,0.05,512,3,5,4,256,6000,8.0,2633729,1,1,9974,1105,600010,4,234,24234,44,264.0,2.2,3.6762,0.81440657
cold,0,1,0,3e-05,0.05,512,3,5,4,256,6000,8.0,2633729,1,1,9974,1105,600010,4,234,24234,45,270.0,2.25,3.75975,0.82206112
cold,0,1,0,3e-05,0.05,512,3,5,4,256,6000,8.0,2633729,1,1,9974,1105,600010,4,234,24234,46,276.0,2.3,3.8433,0.82800132
cold,0,1,0,3e-05,0.05,512,3,5,4,256,6000,8.0,2633729,1,1,9974,1105,600010,4,234,24234,47,282.0,2.35,3.92685,0.83160275
cold,0,1,0,3e-05,0.05,512,3,5,4,256,6000,8.0,2633729,1,1,9974,1105,600010,4,234,24234,48,288.0,2.4,4.0104,0.8323257
cold,0,1,0,3e-05,0.05,512,3,5,4,256,6000,8.0,2633729,1,1,9974,1105,600010,4,234,24234,49,294.0,2.45,4.09395,0.83147883
cold,0,1,0,3e-05,0.05,512,3,5,4,256,6000,8.0,2633729,1,1,9974,1105,600010,4,234,24234,50,300.0,2.5,4.1775,0.83108133
cold,0,1,0,3e-05,0.05,512,3,5,4,256,6000,8.0,2633729,1,1,9974,1105,600010,4,234,24234,51,306.0,2.55,4.26105,0.83224589
cold,0,1,0,3e-05,0.05,512,3,5,4,256,6000,8.0,2633729,1,1,9974,1105,600010,4,234,24234,52,312.0,2.6,4.3446,0.83574808
cold,0,1,0,3e-05,0.05,512,3,5,4,256,6000,8.0,2633729,1,1,9974,1105,600010,4,234,24234,53,318.0,2.65,4.42815,0.84123808
cold,0,1,0,3e-05,0.05,512,3,5,4,256,6000,8.0,2633729,1,1,9974,1105,600010,4,234,24234,54,324.0,2.7,4.5117,0.84701663
cold,0,1,0,3e-05,0.05,512,3,5,4,256,6000,8.0,2633729,1,1,9974,1105,600010,4,234,24234,55,330.0,2.75,4.59525,0.85185063
cold,0,1,0,3e-05,0.05,512,3,5,4,256,6000,8.0,2633729,1,1,9974,1105,600010,4,234,24234,56,336.0,2.8,4.6788,0.85481918
cold,0,1,0,3e-05,0.05,512,3,5,4,256,6000,8.0,2633729,1,1,9974,1105,600010,4,234,24234,57,342.0,2.85,4.76235,0.8558867
cold,0,1,0,3e-05,0.05,512,3,5,4,256,6000,8.0,2633729,1,1,9974,1105,600010,4,234,24234,58,348.0,2.9,4.8459,0.85674322
cold,0,1,0,3e-05,0.05,512,3,5,4,256,6000,8.0,2633729,1,1,9974,1105,600010,4,234,24234,59,354.0,2.95,4.92945,0.85913414
cold,0,1,0,3e-05,0.05,512,3,5,4,256,6000,8.0,2633729,1,1,9974,1105,600010,4,234,24234,60,360.0,3.0,5.013,0.86420673
cold,0,1,0,3e-05,0.05,512,3,5,4,256,6000,8.0,2633729,1,1,9974,1105,600010,4,234,24234,61,366.0,3.05,5.09655,0.87224191
cold,0,1,0,3e-05,0.05,512,3,5,4,256,6000,8.0,2633729,1,1,9974,1105,600010,4,234,24234,62,372.0,3.1,5.1801,0.88166863
cold,0,1,0,3e-05,0.05,512,3,5,4,256,6000,8.0,2633729,1,1,9974,1105,600010,4,234,24234,63,378.0,3.15,5.26365,0.88961029
cold,0,1,0,3e-05,0.05,512,3,5,4,256,6000,8.0,2633729,1,1,9974,1105,600010,4,234,24234,64,384.0,3.2,5.3472,0.89406675
cold,0,1,0,3e-05,0.05,512,3,5,4,256,6000,8.0,2633729,1,1,9974,1105,600010,4,234,24234,65,390.0,3.25,5.43075,0.89559793
cold,0,1,0,3e-05,0.05,512,3,5,4,256,6000,8.0,2633729,1,1,9974,1105,600010,4,234,24234,66,396.0,3.3,5.5143,0.89624292
cold,0,1,0,3e-05,0.05,512,3,5,4,256,6000,8.0,2633729,1,1,9974,1105,600010,4,234,24234,67,402.0,3.35,5.59785,0.89688921
cold,0,1,0,3e-05,0.05,512,3,5,4,256,6000,8.0,2633729,1,1,9974,1105,600010,4,234,24234,68,408.0,3.4,5.6814,0.89749569
cold,0,1,0,3e-05,0.05,512,3,5,4,256,6000,8.0,2633729,1,1,9974,1105,600010,4,234,24234,69,414.0,3.45,5.76495,0.89833826
cold,0,1,0,3e-05,0.05,512,3,5,4,256,6000,8.0,2633729,1,1,9974,1105,600010,4,234,24234,70,420.0,3.5,5.8485,0.89935219
cold,0,1,0,3e-05,0.05,512,3,5,4,256,6000,8.0,2633729,1,1,9974,1105,600010,4,234,24234,71,426.0,3.55,5.93205,0.90042669
cold,0,1,0,3e-05,0.05,512,3,5,4,256,6000,8.0,2633729,1,1,9974,1105,600010,4,234,24234,72,432.0,3.6,6.0156,0.90184331
cold,0,1,0,3e-05,0.05,512,3,5,4,256,6000,8.0,2633729,1,1,9974,1105,600010,4,234,24234,73,438.0,3.65,6.09915,0.90390807
cold,0,1,0,3e-05,0.05,512,3,5,4,256,6000,8.0,2633729,1,1,9974,1105,600010,4,234,24234,74,444.0,3.7,6.1827,0.90667528
cold,0,1,0,3e-05,0.05,512,3,5,4,256,6000,8.0,2633729,1,1,9974,1105,600010,4,234,24234,75,450.0,3.75,6.26625,0.90976107
cold,0,1,0,3e-05,0.05,512,3,5,4,256,6000,8.0,2633729,1,1,9974,1105,600010,4,234,24234,76,456.0,3.8,6.3498,0.91196114
cold,0,1,0,3e-05,0.05,512,3,5,4,256,6000,8.0,2633729,1,1,9974,1105,600010,4,234,24234,77,462.0,3.85,6.43335,0.91217923
cold,0,1,0,3e-05,0.05,512,3,5,4,256,6000,8.0,2633729,1,1,9974,1105,600010,4,234,24234,78,468.0,3.9,6.5169,0.91138339
cold,0,1,0,3e-05,0.05,512,3,5,4,256,6000,8.0,2633729,1,1,9974,1105,600010,4,234,24234,79,474.0,3.95,6.60045,0.91130602
cold,0,1,0,3e-05,0.05,512,3,5,4,256,6000,8.0,2633729,1,1,9974,1105,600010,4,234,24234,80,480.0,4.0,6.684,0.91257626
cold,0,1,0,3e-05,0.05,512,3,5,4,256,6000,8.0,2633729,1,1,9974,1105,600010,4,234,24234,81,486.0,4.05,6.76755,0.91485476
cold,0,1,0,3e-05,0.05,512,3,5,4,256,6000,8.0,2633729,1,1,9974,1105,600010,4,234,24234,82,492.0,4.1,6.8511,0.91712028
cold,0,1,0,3e-05,0.05,512,3,5,4,256,6000,8.0,2633729,1,1,9974,1105,600010,4,234,24234,83,498.0,4.15,6.93465,0.91839677
cold,0,1,0,3e-05,0.05,512,3,5,4,256,6000,8.0,2633729,1,1,9974,1105,600010,4,234,24234,84,504.0,4.2,7.0182,0.9185164
cold,0,1,0,3e-05,0.05,512,3,5,4,256,6000,8.0,2633729,1,1,9974,1105,600010,4,234,24234,85,510.0,4.25,7.10175,0.91802484
cold,0,1,0,3e-05,0.05,512,3,5,4,256,6000,8.0,2633729,1,1,9974,1105,600010,4,234,24234,86,516.0,4.3,7.1853,0.91782397
cold,0,1,0,3e-05,0.05,512,3,5,4,256,6000,8.0,2633729,1,1,9974,1105,600010,4,234,24234,87,522.0,4.35,7.26885,0.91830301
cold,0,1,0,3e-05,0.05,512,3,5,4,256,6000,8.0,2633729,1,1,9974,1105,600010,4,234,24234,88,528.0,4.4,7.3524,0.91909951
cold,0,1,0,3e-05,0.05,512,3,5,4,256,6000,8.0,2633729,1,1,9974,1105,600010,4,234,24234,89,534.0,4.45,7.43595,0.91992205
cold,0,1,0,3e-05,0.05,512,3,5,4,256,6000,8.0,2633729,1,1,9974,1105,600010,4,234,24234,90,540.0,4.5,7.5195,0.92090756
cold,0,1,0,3e-05,0.05,512,3,5,4,256,6000,8.0,2633729,1,1,9974,1105,600010,4,234,24234,91,546.0,4.55,7.60305,0.92221761
cold,0,1,0,3e-05,0.05,512,3,5,4,256,6000,8.0,2633729,1,1,9974,1105,600010,4,234,24234,92,552.0,4.6,7.6866,0.92330545
cold,0,1,0,3e-05,0.05,512,3,5,4,256,6000,8.0,2633729,1,1,9974,1105,600010,4,234,24234,93,558.0,4.65,7.77015,0.92332202
cold,0,1,0,3e-05,0.05,512,3,5,4,256,6000,8.0,2633729,1,1,9974,1105,600010,4,234,24234,94,564.0,4.7,7.8537,0.92261779
cold,0,1,0,3e-05,0.05,512,3,5,4,256,6000,8.0,2633729,1,1,9974,1105,600010,4,234,24234,95,570.0,4.75,7.93725,0.92227727
cold,0,1,0,3e-05,0.05,512,3,5,4,256,6000,8.0,2633729,1,1,9974,1105,600010,4,234,24234,96,576.0,4.8,8.0208,0.92290121
cold,0,1,0,3e-05,0.05,512,3,5,4,256,6000,8.0,2633729,1,1,9974,1105,600010,4,234,24234,97,582.0,4.85,8.10435,0.92429805
cold,0,1,0,3e-05,0.05,512,3,5,4,256,6000,8.0,2633729,1,1,9974,1105,600010,4,234,24234,98,588.0,4.9,8.1879,0.92543662
cold,0,1,0,3e-05,0.05,512,3,5,4,256,6000,8.0,2633729,1,1,9974,1105,600010,4,234,24234,99,594.0,4.95,8.27145,0.92530155
cold,0,1,0,3e-05,0.05,512,3,5,4,256,6000,8.0,2633729,1,1,9974,1105,600010,4,234,24234,100,600.0,5.0,8.355,0.9238717
cold,0,1,0,3e-05,0.05,512,3,5,4,256,6000,8.0,2633729,1,1,9974,1105,600010,4,234,24234,101,606.0,5.05,8.43855,0.92228663
cold,0,1,0,3e-05,0.05,512,3,5,4,256,6000,8.0,2633729,1,1,9974,1105,600010,4,234,24234,102,612.0,5.1,8.5221,0.92204928
cold,0,1,0,3e-05,0.05,512,3,5,4,256,6000,8.0,2633729,1,1,9974,1105,600010,4,234,24234,103,618.0,5.15,8.60565,0.92339611
cold,0,1,0,3e-05,0.05,512,3,5,4,256,6000,8.0,2633729,1,1,9974,1105,600010,4,234,24234,104,624.0,5.2,8.6892,0.92489719
cold,0,1,0,3e-05,0.05,512,3,5,4,256,6000,8.0,2633729,1,1,9974,1105,600010,4,234,24234,105,630.0,5.25,8.77275,0.92537326
cold,0,1,0,3e-05,0.05,512,3,5,4,256,6000,8.0,2633729,1,1,9974,1105,600010,4,234,24234,106,636.0,5.3,8.8563,0.9254415
cold,0,1,0,3e-05,0.05,512,3,5,4,256,6000,8.0,2633729,1,1,9974,1105,600010,4,234,24234,107,642.0,5.35,8.93985,0.92670566
cold,0,1,0,3e-05,0.05,512,3,5,4,256,6000,8.0,2633729,1,1,9974,1105,600010,4,234,24234,108,648.0,5.4,9.0234,0.93004656
cold,0,1,0,3e-05,0.05,512,3,5,4,256,6000,8.0,2633729,1,1,9974,1105,600010,4,234,24234,109,654.0,5.45,9.10695,0.9348821
cold,0,1,0,3e-05,0.05,512,3,5,4,256,6000,8.0,2633729,1,1,9974,1105,600010,4,234,24234,110,660.0,5.5,9.1905,0.93987662
cold,0,1,0,3e-05,0.05,512,3,5,4,256,6000,8.0,2633729,1,1,9974,1105,600010,4,234,24234,111,666.0,5.55,9.27405,0.94378465
cold,0,1,0,3e-05,0.05,512,3,5,4,256,6000,8.0,2633729,1,1,9974,1105,600010,4,234,24234,112,672.0,5.6,9.3576,0.94582784
cold,0,1,0,3e-05,0.05,512,3,5,4,256,6000,8.0,2633729,1,1,9974,1105,600010,4,234,24234,113,678.0,5.65,9.44115,0.9455893
cold,0,1,0,3e-05,0.05,512,3,5,4,256,6000,8.0,2633729,1,1,9974,1105,600010,4,234,24234,114,684.0,5.7,9.5247,0.94324517
cold,0,1,0,3e-05,0.05,512,3,5,4,256,6000,8.0,2633729,1,1,9974,1105,600010,4,234,24234,115,690.0,5.75,9.60825,0.939767
cold,0,1,0,3e-05,0.05,512,3,5,4,256,6000,8.0,2633729,1,1,9974,1105,600010,4,234,24234,116,696.0,5.8,9.6918,0.936535
cold,0,1,0,3e-05,0.05,512,3,5,4,256,6000,8.0,2633729,1,1,9974,1105,600010,4,234,24234,117,702.0,5.85,9.77535,0.9341259
cold,0,1,0,3e-05,0.05,512,3,5,4,256,6000,8.0,2633729,1,1,9974,1105,600010,4,234,24234,118,708.0,5.9,9.8589,0.93188238
cold,0,1,0,3e-05,0.05,512,3,5,4,256,6000,8.0,2633729,1,1,9974,1105,600010,4,234,24234,119,714.0,5.95,9.94245,0.92956382
cold,0,1,0,3e-05,0.05,512,3,5,4,256,6000,8.0,2633729,1,1,9974,1105,600010,4,234,24234,120,720.0,6.0,10.026,0.92799765
cold,0,1,0,3e-05,0.05,512,3,5,4,256,6000,8.0,2633729,1,1,9974,1105,600010,4,1023,25023,1,6.0,0.05,0.08355,0.02388984
cold,0,1,0,3e-05,0.05,512,3,5,4,256,6000,8.0,2633729,1,1,9974,1105,600010,4,1023,25023,2,12.0,0.1,0.1671,0.02785429
cold,0,1,0,3e-05,0.05,512,3,5,4,256,6000,8.0,2633729,1,1,9974,1105,600010,4,1023,25023,3,18.0,0.15,0.25065,0.03278977
cold,0,1,0,3e-05,0.05,512,3,5,4,256,6000,8.0,2633729,1,1,9974,1105,600010,4,1023,25023,4,24.0,0.2,0.3342,0.03848565
cold,0,1,0,3e-05,0.05,512,3,5,4,256,6000,8.0,2633729,1,1,9974,1105,600010,4,1023,25023,5,30.0,0.25,0.41775,0.04454815
cold,0,1,0,3e-05,0.05,512,3,5,4,256,6000,8.0,2633729,1,1,9974,1105,600010,4,1023,25023,6,36.0,0.3,0.5013,0.05124008
cold,0,1,0,3e-05,0.05,512,3,5,4,256,6000,8.0,2633729,1,1,9974,1105,600010,4,1023,25023,7,42.0,0.35,0.58485,0.0587791
cold,0,1,0,3e-05,0.05,512,3,5,4,256,6000,8.0,2633729,1,1,9974,1105,600010,4,1023,25023,8,48.0,0.4,0.6684,0.06697266
cold,0,1,0,3e-05,0.05,512,3,5,4,256,6000,8.0,2633729,1,1,9974,1105,600010,4,1023,25023,9,54.0,0.45,0.75195,0.07600313
cold,0,1,0,3e-05,0.05,512,3,5,4,256,6000,8.0,2633729,1,1,9974,1105,600010,4,1023,25023,10,60.0,0.5,0.8355,0.08640977
cold,0,1,0,3e-05,0.05,512,3,5,4,256,6000,8.0,2633729,1,1,9974,1105,600010,4,1023,25023,11,66.0,0.55,0.91905,0.09753147
cold,0,1,0,3e-05,0.05,512,3,5,4,256,6000,8.0,2633729,1,1,9974,1105,600010,4,1023,25023,12,72.0,0.6,1.0026,0.10849071
cold,0,1,0,3e-05,0.05,512,3,5,4,256,6000,8.0,2633729,1,1,9974,1105,600010,4,1023,25023,13,78.0,0.65,1.08615,0.11999584
cold,0,1,0,3e-05,0.05,512,3,5,4,256,6000,8.0,2633729,1,1,9974,1105,600010,4,1023,25023,14,84.0,0.7,1.1697,0.13358045
cold,0,1,0,3e-05,0.05,512,3,5,4,256,6000,8.0,2633729,1,1,9974,1105,600010,4,1023,25023,15,90.0,0.75,1.25325,0.14893425
cold,0,1,0,3e-05,0.05,512,3,5,4,256,6000,8.0,2633729,1,1,9974,1105,600010,4,1023,25023,16,96.0,0.8,1.3368,0.16502117
cold,0,1,0,3e-05,0.05,512,3,5,4,256,6000,8.0,2633729,1,1,9974,1105,600010,4,1023,25023,17,102.0,0.85,1.42035,0.18064031
cold,0,1,0,3e-05,0.05,512,3,5,4,256,6000,8.0,2633729,1,1,9974,1105,600010,4,1023,25023,18,108.0,0.9,1.5039,0.1956529
cold,0,1,0,3e-05,0.05,512,3,5,4,256,6000,8.0,2633729,1,1,9974,1105,600010,4,1023,25023,19,114.0,0.95,1.58745,0.21118093
cold,0,1,0,3e-05,0.05,512,3,5,4,256,6000,8.0,2633729,1,1,9974,1105,600010,4,1023,25023,20,120.0,1.0,1.671,0.2279626
cold,0,1,0,3e-05,0.05,512,3,5,4,256,6000,8.0,2633729,1,1,9974,1105,600010,4,1023,25023,21,126.0,1.05,1.75455,0.24666174
cold,0,1,0,3e-05,0.05,512,3,5,4,256,6000,8.0,2633729,1,1,9974,1105,600010,4,1023,25023,22,132.0,1.1,1.8381,0.26774141
cold,0,1,0,3e-05,0.05,512,3,5,4,256,6000,8.0,2633729,1,1,9974,1105,600010,4,1023,25023,23,138.0,1.15,1.92165,0.29062769
cold,0,1,0,3e-05,0.05,512,3,5,4,256,6000,8.0,2633729,1,1,9974,1105,600010,4,1023,25023,24,144.0,1.2,2.0052,0.31403649
cold,0,1,0,3e-05,0.05,512,3,5,4,256,6000,8.0,2633729,1,1,9974,1105,600010,4,1023,25023,25,150.0,1.25,2.08875,0.33614382
cold,0,1,0,3e-05,0.05,512,3,5,4,256,6000,8.0,2633729,1,1,9974,1105,600010,4,1023,25023,26,156.0,1.3,2.1723,0.35576046
cold,0,1,0,3e-05,0.05,512,3,5,4,256,6000,8.0,2633729,1,1,9974,1105,600010,4,1023,25023,27,162.0,1.35,2.25585,0.37399516
cold,0,1,0,3e-05,0.05,512,3,5,4,256,6000,8.0,2633729,1,1,9974,1105,600010,4,1023,25023,28,168.0,1.4,2.3394,0.39282671
cold,0,1,0,3e-05,0.05,512,3,5,4,256,6000,8.0,2633729,1,1,9974,1105,600010,4,1023,25023,29,174.0,1.45,2.42295,0.41330412
cold,0,1,0,3e-05,0.05,512,3,5,4,256,6000,8.0,2633729,1,1,9974,1105,600010,4,1023,25023,30,180.0,1.5,2.5065,0.43569401
cold,0,1,0,3e-05,0.05,512,3,5,4,256,6000,8.0,2633729,1,1,9974,1105,600010,4,1023,25023,31,186.0,1.55,2.59005,0.45927721
cold,0,1,0,3e-05,0.05,512,3,5,4,256,6000,8.0,2633729,1,1,9974,1105,600010,4,1023,25023,32,192.0,1.6,2.6736,0.48174146
cold,0,1,0,3e-05,0.05,512,3,5,4,256,6000,8.0,2633729,1,1,9974,1105,600010,4,1023,25023,33,198.0,1.65,2.75715,0.50092757
cold,0,1,0,3e-05,0.05,512,3,5,4,256,6000,8.0,2633729,1,1,9974,1105,600010,4,1023,25023,34,204.0,1.7,2.8407,0.51742911
cold,0,1,0,3e-05,0.05,512,3,5,4,256,6000,8.0,2633729,1,1,9974,1105,600010,4,1023,25023,35,210.0,1.75,2.92425,0.53407019
cold,0,1,0,3e-05,0.05,512,3,5,4,256,6000,8.0,2633729,1,1,9974,1105,600010,4,1023,25023,36,216.0,1.8,3.0078,0.55252385
cold,0,1,0,3e-05,0.05,512,3,5,4,256,6000,8.0,2633729,1,1,9974,1105,600010,4,1023,25023,37,222.0,1.85,3.09135,0.5726096
cold,0,1,0,3e-05,0.05,512,3,5,4,256,6000,8.0,2633729,1,1,9974,1105,600010,4,1023,25023,38,228.0,1.9,3.1749,0.59341848
cold,0,1,0,3e-05,0.05,512,3,5,4,256,6000,8.0,2633729,1,1,9974,1105,600010,4,1023,25023,39,234.0,1.95,3.25845,0.614959
cold,0,1,0,3e-05,0.05,512,3,5,4,256,6000,8.0,2633729,1,1,9974,1105,600010,4,1023,25023,40,240.0,2.0,3.342,0.63698602
cold,0,1,0,3e-05,0.05,512,3,5,4,256,6000,8.0,2633729,1,1,9974,1105,600010,4,1023,25023,41,246.0,2.05,3.42555,0.65903908
cold,0,1,0,3e-05,0.05,512,3,5,4,256,6000,8.0,2633729,1,1,9974,1105,600010,4,1023,25023,42,252.0,2.1,3.5091,0.68064213
cold,0,1,0,3e-05,0.05,512,3,5,4,256,6000,8.0,2633729,1,1,9974,1105,600010,4,1023,25023,43,258.0,2.15,3.59265,0.69967902
cold,0,1,0,3e-05,0.05,512,3,5,4,256,6000,8.0,2633729,1,1,9974,1105,600010,4,1023,25023,44,264.0,2.2,3.6762,0.71386606
cold,0,1,0,3e-05,0.05,512,3,5,4,256,6000,8.0,2633729,1,1,9974,1105,600010,4,1023,25023,45,270.0,2.25,3.75975,0.72313094
cold,0,1,0,3e-05,0.05,512,3,5,4,256,6000,8.0,2633729,1,1,9974,1105,600010,4,1023,25023,46,276.0,2.3,3.8433,0.73211962
cold,0,1,0,3e-05,0.05,512,3,5,4,256,6000,8.0,2633729,1,1,9974,1105,600010,4,1023,25023,47,282.0,2.35,3.92685,0.74566954
cold,0,1,0,3e-05,0.05,512,3,5,4,256,6000,8.0,2633729,1,1,9974,1105,600010,4,1023,25023,48,288.0,2.4,4.0104,0.76369923
cold,0,1,0,3e-05,0.05,512,3,5,4,256,6000,8.0,2633729,1,1,9974,1105,600010,4,1023,25023,49,294.0,2.45,4.09395,0.78249496
cold,0,1,0,3e-05,0.05,512,3,5,4,256,6000,8.0,2633729,1,1,9974,1105,600010,4,1023,25023,50,300.0,2.5,4.1775,0.798733
cold,0,1,0,3e-05,0.05,512,3,5,4,256,6000,8.0,2633729,1,1,9974,1105,600010,4,1023,25023,51,306.0,2.55,4.26105,0.81221753
cold,0,1,0,3e-05,0.05,512,3,5,4,256,6000,8.0,2633729,1,1,9974,1105,600010,4,1023,25023,52,312.0,2.6,4.3446,0.82359558
cold,0,1,0,3e-05,0.05,512,3,5,4,256,6000,8.0,2633729,1,1,9974,1105,600010,4,1023,25023,53,318.0,2.65,4.42815,0.83288121
cold,0,1,0,3e-05,0.05,512,3,5,4,256,6000,8.0,2633729,1,1,9974,1105,600010,4,1023,25023,54,324.0,2.7,4.5117,0.84054875
cold,0,1,0,3e-05,0.05,512,3,5,4,256,6000,8.0,2633729,1,1,9974,1105,600010,4,1023,25023,55,330.0,2.75,4.59525,0.84804422
cold,0,1,0,3e-05,0.05,512,3,5,4,256,6000,8.0,2633729,1,1,9974,1105,600010,4,1023,25023,56,336.0,2.8,4.6788,0.85620975
cold,0,1,0,3e-05,0.05,512,3,5,4,256,6000,8.0,2633729,1,1,9974,1105,600010,4,1023,25023,57,342.0,2.85,4.76235,0.86400717
cold,0,1,0,3e-05,0.05,512,3,5,4,256,6000,8.0,2633729,1,1,9974,1105,600010,4,1023,25023,58,348.0,2.9,4.8459,0.87027806
cold,0,1,0,3e-05,0.05,512,3,5,4,256,6000,8.0,2633729,1,1,9974,1105,600010,4,1023,25023,59,354.0,2.95,4.92945,0.87605888
cold,0,1,0,3e-05,0.05,512,3,5,4,256,6000,8.0,2633729,1,1,9974,1105,600010,4,1023,25023,60,360.0,3.0,5.013,0.88299114
cold,0,1,0,3e-05,0.05,512,3,5,4,256,6000,8.0,2633729,1,1,9974,1105,600010,4,1023,25023,61,366.0,3.05,5.09655,0.89004856
cold,0,1,0,3e-05,0.05,512,3,5,4,256,6000,8.0,2633729,1,1,9974,1105,600010,4,1023,25023,62,372.0,3.1,5.1801,0.89568901
cold,0,1,0,3e-05,0.05,512,3,5,4,256,6000,8.0,2633729,1,1,9974,1105,600010,4,1023,25023,63,378.0,3.15,5.26365,0.90037954
cold,0,1,0,3e-05,0.05,512,3,5,4,256,6000,8.0,2633729,1,1,9974,1105,600010,4,1023,25023,64,384.0,3.2,5.3472,0.90592784
cold,0,1,0,3e-05,0.05,512,3,5,4,256,6000,8.0,2633729,1,1,9974,1105,600010,4,1023,25023,65,390.0,3.25,5.43075,0.91417116
cold,0,1,0,3e-05,0.05,512,3,5,4,256,6000,8.0,2633729,1,1,9974,1105,600010,4,1023,25023,66,396.0,3.3,5.5143,0.92459315
cold,0,1,0,3e-05,0.05,512,3,5,4,256,6000,8.0,2633729,1,1,9974,1105,600010,4,1023,25023,67,402.0,3.35,5.59785,0.93443555
cold,0,1,0,3e-05,0.05,512,3,5,4,256,6000,8.0,2633729,1,1,9974,1105,600010,4,1023,25023,68,408.0,3.4,5.6814,0.94096762
cold,0,1,0,3e-05,0.05,512,3,5,4,256,6000,8.0,2633729,1,1,9974,1105,600010,4,1023,25023,69,414.0,3.45,5.76495,0.94307369
cold,0,1,0,3e-05,0.05,512,3,5,4,256,6000,8.0,2633729,1,1,9974,1105,600010,4,1023,25023,70,420.0,3.5,5.8485,0.94147891
cold,0,1,0,3e-05,0.05,512,3,5,4,256,6000,8.0,2633729,1,1,9974,1105,600010,4,1023,25023,71,426.0,3.55,5.93205,0.93869358
cold,0,1,0,3e-05,0.05,512,3,5,4,256,6000,8.0,2633729,1,1,9974,1105,600010,4,1023,25023,72,432.0,3.6,6.0156,0.93696851
cold,0,1,0,3e-05,0.05,512,3,5,4,256,6000,8.0,2633729,1,1,9974,1105,600010,4,1023,25023,73,438.0,3.65,6.09915,0.93796307
cold,0,1,0,3e-05,0.05,512,3,5,4,256,6000,8.0,2633729,1,1,9974,1105,600010,4,1023,25023,74,444.0,3.7,6.1827,0.94236112
cold,0,1,0,3e-05,0.05,512,3,5,4,256,6000,8.0,2633729,1,1,9974,1105,600010,4,1023,25023,75,450.0,3.75,6.26625,0.9490872
cold,0,1,0,3e-05,0.05,512,3,5,4,256,6000,8.0,2633729,1,1,9974,1105,600010,4,1023,25023,76,456.0,3.8,6.3498,0.95691097
cold,0,1,0,3e-05,0.05,512,3,5,4,256,6000,8.0,2633729,1,1,9974,1105,600010,4,1023,25023,77,462.0,3.85,6.43335,0.96254563
cold,0,1,0,3e-05,0.05,512,3,5,4,256,6000,8.0,2633729,1,1,9974,1105,600010,4,1023,25023,78,468.0,3.9,6.5169,0.96281075
cold,0,1,0,3e-05,0.05,512,3,5,4,256,6000,8.0,2633729,1,1,9974,1105,600010,4,1023,25023,79,474.0,3.95,6.60045,0.96043509
cold,0,1,0,3e-05,0.05,512,3,5,4,256,6000,8.0,2633729,1,1,9974,1105,600010,4,1023,25023,80,480.0,4.0,6.684,0.95987833
cold,0,1,0,3e-05,0.05,512,3,5,4,256,6000,8.0,2633729,1,1,9974,1105,600010,4,1023,25023,81,486.0,4.05,6.76755,0.96163976
cold,0,1,0,3e-05,0.05,512,3,5,4,256,6000,8.0,2633729,1,1,9974,1105,600010,4,1023,25023,82,492.0,4.1,6.8511,0.96245784
cold,0,1,0,3e-05,0.05,512,3,5,4,256,6000,8.0,2633729,1,1,9974,1105,600010,4,1023,25023,83,498.0,4.15,6.93465,0.96073437
cold,0,1,0,3e-05,0.05,512,3,5,4,256,6000,8.0,2633729,1,1,9974,1105,600010,4,1023,25023,84,504.0,4.2,7.0182,0.95877171
cold,0,1,0,3e-05,0.05,512,3,5,4,256,6000,8.0,2633729,1,1,9974,1105,600010,4,1023,25023,85,510.0,4.25,7.10175,0.95782012
cold,0,1,0,3e-05,0.05,512,3,5,4,256,6000,8.0,2633729,1,1,9974,1105,600010,4,1023,25023,86,516.0,4.3,7.1853,0.95745146
cold,0,1,0,3e-05,0.05,512,3,5,4,256,6000,8.0,2633729,1,1,9974,1105,600010,4,1023,25023,87,522.0,4.35,7.26885,0.95822799
cold,0,1,0,3e-05,0.05,512,3,5,4,256,6000,8.0,2633729,1,1,9974,1105,600010,4,1023,25023,88,528.0,4.4,7.3524,0.96124142
cold,0,1,0,3e-05,0.05,512,3,5,4,256,6000,8.0,2633729,1,1,9974,1105,600010,4,1023,25023,89,534.0,4.45,7.43595,0.96735096
cold,0,1,0,3e-05,0.05,512,3,5,4,256,6000,8.0,2633729,1,1,9974,1105,600010,4,1023,25023,90,540.0,4.5,7.5195,0.97604376
cold,0,1,0,3e-05,0.05,512,3,5,4,256,6000,8.0,2633729,1,1,9974,1105,600010,4,1023,25023,91,546.0,4.55,7.60305,0.98395371
cold,0,1,0,3e-05,0.05,512,3,5,4,256,6000,8.0,2633729,1,1,9974,1105,600010,4,1023,25023,92,552.0,4.6,7.6866,0.98835713
cold,0,1,0,3e-05,0.05,512,3,5,4,256,6000,8.0,2633729,1,1,9974,1105,600010,4,1023,25023,93,558.0,4.65,7.77015,0.98940754
cold,0,1,0,3e-05,0.05,512,3,5,4,256,6000,8.0,2633729,1,1,9974,1105,600010,4,1023,25023,94,564.0,4.7,7.8537,0.98746884
cold,0,1,0,3e-05,0.05,512,3,5,4,256,6000,8.0,2633729,1,1,9974,1105,600010,4,1023,25023,95,570.0,4.75,7.93725,0.98277897
cold,0,1,0,3e-05,0.05,512,3,5,4,256,6000,8.0,2633729,1,1,9974,1105,600010,4,1023,25023,96,576.0,4.8,8.0208,0.97626734
cold,0,1,0,3e-05,0.05,512,3,5,4,256,6000,8.0,2633729,1,1,9974,1105,600010,4,1023,25023,97,582.0,4.85,8.10435,0.97022086
cold,0,1,0,3e-05,0.05,512,3,5,4,256,6000,8.0,2633729,1,1,9974,1105,600010,4,1023,25023,98,588.0,4.9,8.1879,0.96793145
cold,0,1,0,3e-05,0.05,512,3,5,4,256,6000,8.0,2633729,1,1,9974,1105,600010,4,1023,25023,99,594.0,4.95,8.27145,0.97016078
cold,0,1,0,3e-05,0.05,512,3,5,4,256,6000,8.0,2633729,1,1,9974,1105,600010,4,1023,25023,100,600.0,5.0,8.355,0.97513753
cold,0,1,0,3e-05,0.05,512,3,5,4,256,6000,8.0,2633729,1,1,9974,1105,600010,4,1023,25023,101,606.0,5.05,8.43855,0.98068422
cold,0,1,0,3e-05,0.05,512,3,5,4,256,6000,8.0,2633729,1,1,9974,1105,600010,4,1023,25023,102,612.0,5.1,8.5221,0.98547661
cold,0,1,0,3e-05,0.05,512,3,5,4,256,6000,8.0,2633729,1,1,9974,1105,600010,4,1023,25023,103,618.0,5.15,8.60565,0.99059075
cold,0,1,0,3e-05,0.05,512,3,5,4,256,6000,8.0,2633729,1,1,9974,1105,600010,4,1023,25023,104,624.0,5.2,8.6892,0.99737257
cold,0,1,0,3e-05,0.05,512,3,5,4,256,6000,8.0,2633729,1,1,9974,1105,600010,4,1023,25023,105,630.0,5.25,8.77275,1.00508893
cold,0,1,0,3e-05,0.05,512,3,5,4,256,6000,8.0,2633729,1,1,9974,1105,600010,4,1023,25023,106,636.0,5.3,8.8563,1.0116266
cold,0,1,0,3e-05,0.05,512,3,5,4,256,6000,8.0,2633729,1,1,9974,1105,600010,4,1023,25023,107,642.0,5.35,8.93985,1.01527059
cold,0,1,0,3e-05,0.05,512,3,5,4,256,6000,8.0,2633729,1,1,9974,1105,600010,4,1023,25023,108,648.0,5.4,9.0234,1.01589775
cold,0,1,0,3e-05,0.05,512,3,5,4,256,6000,8.0,2633729,1,1,9974,1105,600010,4,1023,25023,109,654.0,5.45,9.10695,1.01325655
cold,0,1,0,3e-05,0.05,512,3,5,4,256,6000,8.0,2633729,1,1,9974,1105,600010,4,1023,25023,110,660.0,5.5,9.1905,1.00843716
cold,0,1,0,3e-05,0.05,512,3,5,4,256,6000,8.0,2633729,1,1,9974,1105,600010,4,1023,25023,111,666.0,5.55,9.27405,1.00375545
cold,0,1,0,3e-05,0.05,512,3,5,4,256,6000,8.0,2633729,1,1,9974,1105,600010,4,1023,25023,112,672.0,5.6,9.3576,1.00034153
cold,0,1,0,3e-05,0.05,512,3,5,4,256,6000,8.0,2633729,1,1,9974,1105,600010,4,1023,25023,113,678.0,5.65,9.44115,0.998052
cold,0,1,0,3e-05,0.05,512,3,5,4,256,6000,8.0,2633729,1,1,9974,1105,600010,4,1023,25023,114,684.0,5.7,9.5247,0.99606848
cold,0,1,0,3e-05,0.05,512,3,5,4,256,6000,8.0,2633729,1,1,9974,1105,600010,4,1023,25023,115,690.0,5.75,9.60825,0.99478322
cold,0,1,0,3e-05,0.05,512,3,5,4,256,6000,8.0,2633729,1,1,9974,1105,600010,4,1023,25023,116,696.0,5.8,9.6918,0.99507201
cold,0,1,0,3e-05,0.05,512,3,5,4,256,6000,8.0,2633729,1,1,9974,1105,600010,4,1023,25023,117,702.0,5.85,9.77535,0.99613583
cold,0,1,0,3e-05,0.05,512,3,5,4,256,6000,8.0,2633729,1,1,9974,1105,600010,4,1023,25023,118,708.0,5.9,9.8589,0.99621677
cold,0,1,0,3e-05,0.05,512,3,5,4,256,6000,8.0,2633729,1,1,9974,1105,600010,4,1023,25023,119,714.0,5.95,9.94245,0.99478149
cold,0,1,0,3e-05,0.05,512,3,5,4,256,6000,8.0,2633729,1,1,9974,1105,600010,4,1023,25023,120,720.0,6.0,10.026,0.99310881
cold,0,1,0,3e-05,0.05,512,3,5,4,256,6000,8.0,2633729,1,1,9974,1105,600010,4,4468,28468,1,6.0,0.05,0.08355,0.02050199
cold,0,1,0,3e-05,0.05,512,3,5,4,256,6000,8.0,2633729,1,1,9974,1105,600010,4,4468,28468,2,12.0,0.1,0.1671,0.02429248
cold,0,1,0,3e-05,0.05,512,3,5,4,256,6000,8.0,2633729,1,1,9974,1105,600010,4,4468,28468,3,18.0,0.15,0.25065,0.02861541
cold,0,1,0,3e-05,0.05,512,3,5,4,256,6000,8.0,2633729,1,1,9974,1105,600010,4,4468,28468,4,24.0,0.2,0.3342,0.03307711
cold,0,1,0,3e-05,0.05,512,3,5,4,256,6000,8.0,2633729,1,1,9974,1105,600010,4,4468,28468,5,30.0,0.25,0.41775,0.03773572
cold,0,1,0,3e-05,0.05,512,3,5,4,256,6000,8.0,2633729,1,1,9974,1105,600010,4,4468,28468,6,36.0,0.3,0.5013,0.04357504
cold,0,1,0,3e-05,0.05,512,3,5,4,256,6000,8.0,2633729,1,1,9974,1105,600010,4,4468,28468,7,42.0,0.35,0.58485,0.04970422
cold,0,1,0,3e-05,0.05,512,3,5,4,256,6000,8.0,2633729,1,1,9974,1105,600010,4,4468,28468,8,48.0,0.4,0.6684,0.05596921
cold,0,1,0,3e-05,0.05,512,3,5,4,256,6000,8.0,2633729,1,1,9974,1105,600010,4,4468,28468,9,54.0,0.45,0.75195,0.06248096
cold,0,1,0,3e-05,0.05,512,3,5,4,256,6000,8.0,2633729,1,1,9974,1105,600010,4,4468,28468,10,60.0,0.5,0.8355,0.06958701
cold,0,1,0,3e-05,0.05,512,3,5,4,256,6000,8.0,2633729,1,1,9974,1105,600010,4,4468,28468,11,66.0,0.55,0.91905,0.07724109
cold,0,1,0,3e-05,0.05,512,3,5,4,256,6000,8.0,2633729,1,1,9974,1105,600010,4,4468,28468,12,72.0,0.6,1.0026,0.08584025
cold,0,1,0,3e-05,0.05,512,3,5,4,256,6000,8.0,2633729,1,1,9974,1105,600010,4,4468,28468,13,78.0,0.65,1.08615,0.09566393
cold,0,1,0,3e-05,0.05,512,3,5,4,256,6000,8.0,2633729,1,1,9974,1105,600010,4,4468,28468,14,84.0,0.7,1.1697,0.10697817
cold,0,1,0,3e-05,0.05,512,3,5,4,256,6000,8.0,2633729,1,1,9974,1105,600010,4,4468,28468,15,90.0,0.75,1.25325,0.11953164
cold,0,1,0,3e-05,0.05,512,3,5,4,256,6000,8.0,2633729,1,1,9974,1105,600010,4,4468,28468,16,96.0,0.8,1.3368,0.13265686
cold,0,1,0,3e-05,0.05,512,3,5,4,256,6000,8.0,2633729,1,1,9974,1105,600010,4,4468,28468,17,102.0,0.85,1.42035,0.14562662
cold,0,1,0,3e-05,0.05,512,3,5,4,256,6000,8.0,2633729,1,1,9974,1105,600010,4,4468,28468,18,108.0,0.9,1.5039,0.15830658
cold,0,1,0,3e-05,0.05,512,3,5,4,256,6000,8.0,2633729,1,1,9974,1105,600010,4,4468,28468,19,114.0,0.95,1.58745,0.17118771
cold,0,1,0,3e-05,0.05,512,3,5,4,256,6000,8.0,2633729,1,1,9974,1105,600010,4,4468,28468,20,120.0,1.0,1.671,0.18517657
cold,0,1,0,3e-05,0.05,512,3,5,4,256,6000,8.0,2633729,1,1,9974,1105,600010,4,4468,28468,21,126.0,1.05,1.75455,0.2011653
cold,0,1,0,3e-05,0.05,512,3,5,4,256,6000,8.0,2633729,1,1,9974,1105,600010,4,4468,28468,22,132.0,1.1,1.8381,0.21981908
cold,0,1,0,3e-05,0.05,512,3,5,4,256,6000,8.0,2633729,1,1,9974,1105,600010,4,4468,28468,23,138.0,1.15,1.92165,0.24129471
cold,0,1,0,3e-05,0.05,512,3,5,4,256,6000,8.0,2633729,1,1,9974,1105,600010,4,4468,28468,24,144.0,1.2,2.0052,0.2645593
cold,0,1,0,3e-05,0.05,512,3,5,4,256,6000,8.0,2633729,1,1,9974,1105,600010,4,4468,28468,25,150.0,1.25,2.08875,0.2879062
cold,0,1,0,3e-05,0.05,512,3,5,4,256,6000,8.0,2633729,1,1,9974,1105,600010,4,4468,28468,26,156.0,1.3,2.1723,0.31026375
cold,0,1,0,3e-05,0.05,512,3,5,4,256,6000,8.0,2633729,1,1,9974,1105,600010,4,4468,28468,27,162.0,1.35,2.25585,0.33103982
cold,0,1,0,3e-05,0.05,512,3,5,4,256,6000,8.0,2633729,1,1,9974,1105,600010,4,4468,28468,28,168.0,1.4,2.3394,0.3491326
cold,0,1,0,3e-05,0.05,512,3,5,4,256,6000,8.0,2633729,1,1,9974,1105,600010,4,4468,28468,29,174.0,1.45,2.42295,0.36383101
cold,0,1,0,3e-05,0.05,512,3,5,4,256,6000,8.0,2633729,1,1,9974,1105,600010,4,4468,28468,30,180.0,1.5,2.5065,0.37679878
cold,0,1,0,3e-05,0.05,512,3,5,4,256,6000,8.0,2633729,1,1,9974,1105,600010,4,4468,28468,31,186.0,1.55,2.59005,0.3926861
cold,0,1,0,3e-05,0.05,512,3,5,4,256,6000,8.0,2633729,1,1,9974,1105,600010,4,4468,28468,32,192.0,1.6,2.6736,0.41301051
cold,0,1,0,3e-05,0.05,512,3,5,4,256,6000,8.0,2633729,1,1,9974,1105,600010,4,4468,28468,33,198.0,1.65,2.75715,0.4341687
cold,0,1,0,3e-05,0.05,512,3,5,4,256,6000,8.0,2633729,1,1,9974,1105,600010,4,4468,28468,34,204.0,1.7,2.8407,0.45368296
cold,0,1,0,3e-05,0.05,512,3,5,4,256,6000,8.0,2633729,1,1,9974,1105,600010,4,4468,28468,35,210.0,1.75,2.92425,0.47131088
cold,0,1,0,3e-05,0.05,512,3,5,4,256,6000,8.0,2633729,1,1,9974,1105,600010,4,4468,28468,36,216.0,1.8,3.0078,0.48836219
cold,0,1,0,3e-05,0.05,512,3,5,4,256,6000,8.0,2633729,1,1,9974,1105,600010,4,4468,28468,37,222.0,1.85,3.09135,0.50715727
cold,0,1,0,3e-05,0.05,512,3,5,4,256,6000,8.0,2633729,1,1,9974,1105,600010,4,4468,28468,38,228.0,1.9,3.1749,0.52900368
cold,0,1,0,3e-05,0.05,512,3,5,4,256,6000,8.0,2633729,1,1,9974,1105,600010,4,4468,28468,39,234.0,1.95,3.25845,0.55287623
cold,0,1,0,3e-05,0.05,512,3,5,4,256,6000,8.0,2633729,1,1,9974,1105,600010,4,4468,28468,40,240.0,2.0,3.342,0.57756311
cold,0,1,0,3e-05,0.05,512,3,5,4,256,6000,8.0,2633729,1,1,9974,1105,600010,4,4468,28468,41,246.0,2.05,3.42555,0.60296834
cold,0,1,0,3e-05,0.05,512,3,5,4,256,6000,8.0,2633729,1,1,9974,1105,600010,4,4468,28468,42,252.0,2.1,3.5091,0.6281606
cold,0,1,0,3e-05,0.05,512,3,5,4,256,6000,8.0,2633729,1,1,9974,1105,600010,4,4468,28468,43,258.0,2.15,3.59265,0.65137851
cold,0,1,0,3e-05,0.05,512,3,5,4,256,6000,8.0,2633729,1,1,9974,1105,600010,4,4468,28468,44,264.0,2.2,3.6762,0.67156094
cold,0,1,0,3e-05,0.05,512,3,5,4,256,6000,8.0,2633729,1,1,9974,1105,600010,4,4468,28468,45,270.0,2.25,3.75975,0.68822527
cold,0,1,0,3e-05,0.05,512,3,5,4,256,6000,8.0,2633729,1,1,9974,1105,600010,4,4468,28468,46,276.0,2.3,3.8433,0.70199573
cold,0,1,0,3e-05,0.05,512,3,5,4,256,6000,8.0,2633729,1,1,9974,1105,600010,4,4468,28468,47,282.0,2.35,3.92685,0.7144618
cold,0,1,0,3e-05,0.05,512,3,5,4,256,6000,8.0,2633729,1,1,9974,1105,600010,4,4468,28468,48,288.0,2.4,4.0104,0.72685283
cold,0,1,0,3e-05,0.05,512,3,5,4,256,6000,8.0,2633729,1,1,9974,1105,600010,4,4468,28468,49,294.0,2.45,4.09395,0.73975104
cold,0,1,0,3e-05,0.05,512,3,5,4,256,6000,8.0,2633729,1,1,9974,1105,600010,4,4468,28468,50,300.0,2.5,4.1775,0.75298595
cold,0,1,0,3e-05,0.05,512,3,5,4,256,6000,8.0,2633729,1,1,9974,1105,600010,4,4468,28468,51,306.0,2.55,4.26105,0.7650016
cold,0,1,0,3e-05,0.05,512,3,5,4,256,6000,8.0,2633729,1,1,9974,1105,600010,4,4468,28468,52,312.0,2.6,4.3446,0.77504832
cold,0,1,0,3e-05,0.05,512,3,5,4,256,6000,8.0,2633729,1,1,9974,1105,600010,4,4468,28468,53,318.0,2.65,4.42815,0.78350347
cold,0,1,0,3e-05,0.05,512,3,5,4,256,6000,8.0,2633729,1,1,9974,1105,600010,4,4468,28468,54,324.0,2.7,4.5117,0.79124385
cold,0,1,0,3e-05,0.05,512,3,5,4,256,6000,8.0,2633729,1,1,9974,1105,600010,4,4468,28468,55,330.0,2.75,4.59525,0.79828078
cold,0,1,0,3e-05,0.05,512,3,5,4,256,6000,8.0,2633729,1,1,9974,1105,600010,4,4468,28468,56,336.0,2.8,4.6788,0.8033244
cold,0,1,0,3e-05,0.05,512,3,5,4,256,6000,8.0,2633729,1,1,9974,1105,600010,4,4468,28468,57,342.0,2.85,4.76235,0.80712247
cold,0,1,0,3e-05,0.05,512,3,5,4,256,6000,8.0,2633729,1,1,9974,1105,600010,4,4468,28468,58,348.0,2.9,4.8459,0.81213731
cold,0,1,0,3e-05,0.05,512,3,5,4,256,6000,8.0,2633729,1,1,9974,1105,600010,4,4468,28468,59,354.0,2.95,4.92945,0.81953859
cold,0,1,0,3e-05,0.05,512,3,5,4,256,6000,8.0,2633729,1,1,9974,1105,600010,4,4468,28468,60,360.0,3.0,5.013,0.82861978
cold,0,1,0,3e-05,0.05,512,3,5,4,256,6000,8.0,2633729,1,1,9974,1105,600010,4,4468,28468,61,366.0,3.05,5.09655,0.83729196
cold,0,1,0,3e-05,0.05,512,3,5,4,256,6000,8.0,2633729,1,1,9974,1105,600010,4,4468,28468,62,372.0,3.1,5.1801,0.84492254
cold,0,1,0,3e-05,0.05,512,3,5,4,256,6000,8.0,2633729,1,1,9974,1105,600010,4,4468,28468,63,378.0,3.15,5.26365,0.85275304
cold,0,1,0,3e-05,0.05,512,3,5,4,256,6000,8.0,2633729,1,1,9974,1105,600010,4,4468,28468,64,384.0,3.2,5.3472,0.86230308
cold,0,1,0,3e-05,0.05,512,3,5,4,256,6000,8.0,2633729,1,1,9974,1105,600010,4,4468,28468,65,390.0,3.25,5.43075,0.87266278
cold,0,1,0,3e-05,0.05,512,3,5,4,256,6000,8.0,2633729,1,1,9974,1105,600010,4,4468,28468,66,396.0,3.3,5.5143,0.88107705
cold,0,1,0,3e-05,0.05,512,3,5,4,256,6000,8.0,2633729,1,1,9974,1105,600010,4,4468,28468,67,402.0,3.35,5.59785,0.8864367
cold,0,1,0,3e-05,0.05,512,3,5,4,256,6000,8.0,2633729,1,1,9974,1105,600010,4,4468,28468,68,408.0,3.4,5.6814,0.88916832
cold,0,1,0,3e-05,0.05,512,3,5,4,256,6000,8.0,2633729,1,1,9974,1105,600010,4,4468,28468,69,414.0,3.45,5.76495,0.88985431
cold,0,1,0,3e-05,0.05,512,3,5,4,256,6000,8.0,2633729,1,1,9974,1105,600010,4,4468,28468,70,420.0,3.5,5.8485,0.88940555
cold,0,1,0,3e-05,0.05,512,3,5,4,256,6000,8.0,2633729,1,1,9974,1105,600010,4,4468,28468,71,426.0,3.55,5.93205,0.88905644
cold,0,1,0,3e-05,0.05,512,3,5,4,256,6000,8.0,2633729,1,1,9974,1105,600010,4,4468,28468,72,432.0,3.6,6.0156,0.88933164
cold,0,1,0,3e-05,0.05,512,3,5,4,256,6000,8.0,2633729,1,1,9974,1105,600010,4,4468,28468,73,438.0,3.65,6.09915,0.88993251
cold,0,1,0,3e-05,0.05,512,3,5,4,256,6000,8.0,2633729,1,1,9974,1105,600010,4,4468,28468,74,444.0,3.7,6.1827,0.89030236
cold,0,1,0,3e-05,0.05,512,3,5,4,256,6000,8.0,2633729,1,1,9974,1105,600010,4,4468,28468,75,450.0,3.75,6.26625,0.89016163
cold,0,1,0,3e-05,0.05,512,3,5,4,256,6000,8.0,2633729,1,1,9974,1105,600010,4,4468,28468,76,456.0,3.8,6.3498,0.89051503
cold,0,1,0,3e-05,0.05,512,3,5,4,256,6000,8.0,2633729,1,1,9974,1105,600010,4,4468,28468,77,462.0,3.85,6.43335,0.89314848
cold,0,1,0,3e-05,0.05,512,3,5,4,256,6000,8.0,2633729,1,1,9974,1105,600010,4,4468,28468,78,468.0,3.9,6.5169,0.89871275
cold,0,1,0,3e-05,0.05,512,3,5,4,256,6000,8.0,2633729,1,1,9974,1105,600010,4,4468,28468,79,474.0,3.95,6.60045,0.90647596
cold,0,1,0,3e-05,0.05,512,3,5,4,256,6000,8.0,2633729,1,1,9974,1105,600010,4,4468,28468,80,480.0,4.0,6.684,0.9148854
cold,0,1,0,3e-05,0.05,512,3,5,4,256,6000,8.0,2633729,1,1,9974,1105,600010,4,4468,28468,81,486.0,4.05,6.76755,0.92183244
cold,0,1,0,3e-05,0.05,512,3,5,4,256,6000,8.0,2633729,1,1,9974,1105,600010,4,4468,28468,82,492.0,4.1,6.8511,0.92720658
cold,0,1,0,3e-05,0.05,512,3,5,4,256,6000,8.0,2633729,1,1,9974,1105,600010,4,4468,28468,83,498.0,4.15,6.93465,0.9330945
cold,0,1,0,3e-05,0.05,512,3,5,4,256,6000,8.0,2633729,1,1,9974,1105,600010,4,4468,28468,84,504.0,4.2,7.0182,0.9397437
cold,0,1,0,3e-05,0.05,512,3,5,4,256,6000,8.0,2633729,1,1,9974,1105,600010,4,4468,28468,85,510.0,4.25,7.10175,0.94436407
cold,0,1,0,3e-05,0.05,512,3,5,4,256,6000,8.0,2633729,1,1,9974,1105,600010,4,4468,28468,86,516.0,4.3,7.1853,0.9451291
cold,0,1,0,3e-05,0.05,512,3,5,4,256,6000,8.0,2633729,1,1,9974,1105,600010,4,4468,28468,87,522.0,4.35,7.26885,0.94402218
cold,0,1,0,3e-05,0.05,512,3,5,4,256,6000,8.0,2633729,1,1,9974,1105,600010,4,4468,28468,88,528.0,4.4,7.3524,0.94416165
cold,0,1,0,3e-05,0.05,512,3,5,4,256,6000,8.0,2633729,1,1,9974,1105,600010,4,4468,28468,89,534.0,4.45,7.43595,0.94731414
cold,0,1,0,3e-05,0.05,512,3,5,4,256,6000,8.0,2633729,1,1,9974,1105,600010,4,4468,28468,90,540.0,4.5,7.5195,0.95327318
cold,0,1,0,3e-05,0.05,512,3,5,4,256,6000,8.0,2633729,1,1,9974,1105,600010,4,4468,28468,91,546.0,4.55,7.60305,0.95987749
cold,0,1,0,3e-05,0.05,512,3,5,4,256,6000,8.0,2633729,1,1,9974,1105,600010,4,4468,28468,92,552.0,4.6,7.6866,0.96593648
cold,0,1,0,3e-05,0.05,512,3,5,4,256,6000,8.0,2633729,1,1,9974,1105,600010,4,4468,28468,93,558.0,4.65,7.77015,0.97138548
cold,0,1,0,3e-05,0.05,512,3,5,4,256,6000,8.0,2633729,1,1,9974,1105,600010,4,4468,28468,94,564.0,4.7,7.8537,0.97625399
cold,0,1,0,3e-05,0.05,512,3,5,4,256,6000,8.0,2633729,1,1,9974,1105,600010,4,4468,28468,95,570.0,4.75,7.93725,0.98018146
cold,0,1,0,3e-05,0.05,512,3,5,4,256,6000,8.0,2633729,1,1,9974,1105,600010,4,4468,28468,96,576.0,4.8,8.0208,0.98157865
cold,0,1,0,3e-05,0.05,512,3,5,4,256,6000,8.0,2633729,1,1,9974,1105,600010,4,4468,28468,97,582.0,4.85,8.10435,0.98014784
cold,0,1,0,3e-05,0.05,512,3,5,4,256,6000,8.0,2633729,1,1,9974,1105,600010,4,4468,28468,98,588.0,4.9,8.1879,0.97827214
cold,0,1,0,3e-05,0.05,512,3,5,4,256,6000,8.0,2633729,1,1,9974,1105,600010,4,4468,28468,99,594.0,4.95,8.27145,0.97747904
cold,0,1,0,3e-05,0.05,512,3,5,4,256,6000,8.0,2633729,1,1,9974,1105,600010,4,4468,28468,100,600.0,5.0,8.355,0.97738558
cold,0,1,0,3e-05,0.05,512,3,5,4,256,6000,8.0,2633729,1,1,9974,1105,600010,4,4468,28468,101,606.0,5.05,8.43855,0.97702986
cold,0,1,0,3e-05,0.05,512,3,5,4,256,6000,8.0,2633729,1,1,9974,1105,600010,4,4468,28468,102,612.0,5.1,8.5221,0.97622037
cold,0,1,0,3e-05,0.05,512,3,5,4,256,6000,8.0,2633729,1,1,9974,1105,600010,4,4468,28468,103,618.0,5.15,8.60565,0.97612637
cold,0,1,0,3e-05,0.05,512,3,5,4,256,6000,8.0,2633729,1,1,9974,1105,600010,4,4468,28468,104,624.0,5.2,8.6892,0.97804976
cold,0,1,0,3e-05,0.05,512,3,5,4,256,6000,8.0,2633729,1,1,9974,1105,600010,4,4468,28468,105,630.0,5.25,8.77275,0.98167366
cold,0,1,0,3e-05,0.05,512,3,5,4,256,6000,8.0,2633729,1,1,9974,1105,600010,4,4468,28468,106,636.0,5.3,8.8563,0.9852891
cold,0,1,0,3e-05,0.05,512,3,5,4,256,6000,8.0,2633729,1,1,9974,1105,600010,4,4468,28468,107,642.0,5.35,8.93985,0.98659897
cold,0,1,0,3e-05,0.05,512,3,5,4,256,6000,8.0,2633729,1,1,9974,1105,600010,4,4468,28468,108,648.0,5.4,9.0234,0.98413253
cold,0,1,0,3e-05,0.05,512,3,5,4,256,6000,8.0,2633729,1,1,9974,1105,600010,4,4468,28468,109,654.0,5.45,9.10695,0.9793883
cold,0,1,0,3e-05,0.05,512,3,5,4,256,6000,8.0,2633729,1,1,9974,1105,600010,4,4468,28468,110,660.0,5.5,9.1905,0.97588706
cold,0,1,0,3e-05,0.05,512,3,5,4,256,6000,8.0,2633729,1,1,9974,1105,600010,4,4468,28468,111,666.0,5.55,9.27405,0.97556537
cold,0,1,0,3e-05,0.05,512,3,5,4,256,6000,8.0,2633729,1,1,9974,1105,600010,4,4468,28468,112,672.0,5.6,9.3576,0.97845936
cold,0,1,0,3e-05,0.05,512,3,5,4,256,6000,8.0,2633729,1,1,9974,1105,600010,4,4468,28468,113,678.0,5.65,9.44115,0.98310232
cold,0,1,0,3e-05,0.05,512,3,5,4,256,6000,8.0,2633729,1,1,9974,1105,600010,4,4468,28468,114,684.0,5.7,9.5247,0.9873265
cold,0,1,0,3e-05,0.05,512,3,5,4,256,6000,8.0,2633729,1,1,9974,1105,600010,4,4468,28468,115,690.0,5.75,9.60825,0.99014479
cold,0,1,0,3e-05,0.05,512,3,5,4,256,6000,8.0,2633729,1,1,9974,1105,600010,4,4468,28468,116,696.0,5.8,9.6918,0.99240941
cold,0,1,0,3e-05,0.05,512,3,5,4,256,6000,8.0,2633729,1,1,9974,1105,600010,4,4468,28468,117,702.0,5.85,9.77535,0.99490017
cold,0,1,0,3e-05,0.05,512,3,5,4,256,6000,8.0,2633729,1,1,9974,1105,600010,4,4468,28468,118,708.0,5.9,9.8589,0.99655646
cold,0,1,0,3e-05,0.05,512,3,5,4,256,6000,8.0,2633729,1,1,9974,1105,600010,4,4468,28468,119,714.0,5.95,9.94245,0.99622822
cold,0,1,0,3e-05,0.05,512,3,5,4,256,6000,8.0,2633729,1,1,9974,1105,600010,4,4468,28468,120,720.0,6.0,10.026,0.99440295
cold,0,1,0,3e-05,0.05,512,3,5,4,256,6000,8.0,2633729,1,1,9974,1105,600010,4,6000,30000,1,6.0,0.05,0.08355,0.02044501
cold,0,1,0,3e-05,0.05,512,3,5,4,256,6000,8.0,2633729,1,1,9974,1105,600010,4,6000,30000,2,12.0,0.1,0.1671,0.02418669
cold,0,1,0,3e-05,0.05,512,3,5,4,256,6000,8.0,2633729,1,1,9974,1105,600010,4,6000,30000,3,18.0,0.15,0.25065,0.02839873
cold,0,1,0,3e-05,0.05,512,3,5,4,256,6000,8.0,2633729,1,1,9974,1105,600010,4,6000,30000,4,24.0,0.2,0.3342,0.03261028
cold,0,1,0,3e-05,0.05,512,3,5,4,256,6000,8.0,2633729,1,1,9974,1105,600010,4,6000,30000,5,30.0,0.25,0.41775,0.03692448
cold,0,1,0,3e-05,0.05,512,3,5,4,256,6000,8.0,2633729,1,1,9974,1105,600010,4,6000,30000,6,36.0,0.3,0.5013,0.0425144
cold,0,1,0,3e-05,0.05,512,3,5,4,256,6000,8.0,2633729,1,1,9974,1105,600010,4,6000,30000,7,42.0,0.35,0.58485,0.0484534
cold,0,1,0,3e-05,0.05,512,3,5,4,256,6000,8.0,2633729,1,1,9974,1105,600010,4,6000,30000,8,48.0,0.4,0.6684,0.05471202
cold,0,1,0,3e-05,0.05,512,3,5,4,256,6000,8.0,2633729,1,1,9974,1105,600010,4,6000,30000,9,54.0,0.45,0.75195,0.06143782
cold,0,1,0,3e-05,0.05,512,3,5,4,256,6000,8.0,2633729,1,1,9974,1105,600010,4,6000,30000,10,60.0,0.5,0.8355,0.06904505
cold,0,1,0,3e-05,0.05,512,3,5,4,256,6000,8.0,2633729,1,1,9974,1105,600010,4,6000,30000,11,66.0,0.55,0.91905,0.07758151
cold,0,1,0,3e-05,0.05,512,3,5,4,256,6000,8.0,2633729,1,1,9974,1105,600010,4,6000,30000,12,72.0,0.6,1.0026,0.08722909
cold,0,1,0,3e-05,0.05,512,3,5,4,256,6000,8.0,2633729,1,1,9974,1105,600010,4,6000,30000,13,78.0,0.65,1.08615,0.09811784
cold,0,1,0,3e-05,0.05,512,3,5,4,256,6000,8.0,2633729,1,1,9974,1105,600010,4,6000,30000,14,84.0,0.7,1.1697,0.11079565
cold,0,1,0,3e-05,0.05,512,3,5,4,256,6000,8.0,2633729,1,1,9974,1105,600010,4,6000,30000,15,90.0,0.75,1.25325,0.12527366
cold,0,1,0,3e-05,0.05,512,3,5,4,256,6000,8.0,2633729,1,1,9974,1105,600010,4,6000,30000,16,96.0,0.8,1.3368,0.14074206
cold,0,1,0,3e-05,0.05,512,3,5,4,256,6000,8.0,2633729,1,1,9974,1105,600010,4,6000,30000,17,102.0,0.85,1.42035,0.15605262
cold,0,1,0,3e-05,0.05,512,3,5,4,256,6000,8.0,2633729,1,1,9974,1105,600010,4,6000,30000,18,108.0,0.9,1.5039,0.17050059
cold,0,1,0,3e-05,0.05,512,3,5,4,256,6000,8.0,2633729,1,1,9974,1105,600010,4,6000,30000,19,114.0,0.95,1.58745,0.18428461
cold,0,1,0,3e-05,0.05,512,3,5,4,256,6000,8.0,2633729,1,1,9974,1105,600010,4,6000,30000,20,120.0,1.0,1.671,0.19896111
cold,0,1,0,3e-05,0.05,512,3,5,4,256,6000,8.0,2633729,1,1,9974,1105,600010,4,6000,30000,21,126.0,1.05,1.75455,0.21610002
cold,0,1,0,3e-05,0.05,512,3,5,4,256,6000,8.0,2633729,1,1,9974,1105,600010,4,6000,30000,22,132.0,1.1,1.8381,0.23588032
cold,0,1,0,3e-05,0.05,512,3,5,4,256,6000,8.0,2633729,1,1,9974,1105,600010,4,6000,30000,23,138.0,1.15,1.92165,0.25867623
cold,0,1,0,3e-05,0.05,512,3,5,4,256,6000,8.0,2633729,1,1,9974,1105,600010,4,6000,30000,24,144.0,1.2,2.0052,0.28478229
cold,0,1,0,3e-05,0.05,512,3,5,4,256,6000,8.0,2633729,1,1,9974,1105,600010,4,6000,30000,25,150.0,1.25,2.08875,0.31315744
cold,0,1,0,3e-05,0.05,512,3,5,4,256,6000,8.0,2633729,1,1,9974,1105,600010,4,6000,30000,26,156.0,1.3,2.1723,0.34209976
cold,0,1,0,3e-05,0.05,512,3,5,4,256,6000,8.0,2633729,1,1,9974,1105,600010,4,6000,30000,27,162.0,1.35,2.25585,0.37059054
cold,0,1,0,3e-05,0.05,512,3,5,4,256,6000,8.0,2633729,1,1,9974,1105,600010,4,6000,30000,28,168.0,1.4,2.3394,0.39682823
cold,0,1,0,3e-05,0.05,512,3,5,4,256,6000,8.0,2633729,1,1,9974,1105,600010,4,6000,30000,29,174.0,1.45,2.42295,0.41850603
cold,0,1,0,3e-05,0.05,512,3,5,4,256,6000,8.0,2633729,1,1,9974,1105,600010,4,6000,30000,30,180.0,1.5,2.5065,0.43607008
cold,0,1,0,3e-05,0.05,512,3,5,4,256,6000,8.0,2633729,1,1,9974,1105,600010,4,6000,30000,31,186.0,1.55,2.59005,0.45324832
cold,0,1,0,3e-05,0.05,512,3,5,4,256,6000,8.0,2633729,1,1,9974,1105,600010,4,6000,30000,32,192.0,1.6,2.6736,0.4725858
cold,0,1,0,3e-05,0.05,512,3,5,4,256,6000,8.0,2633729,1,1,9974,1105,600010,4,6000,30000,33,198.0,1.65,2.75715,0.49210003
cold,0,1,0,3e-05,0.05,512,3,5,4,256,6000,8.0,2633729,1,1,9974,1105,600010,4,6000,30000,34,204.0,1.7,2.8407,0.50945425
cold,0,1,0,3e-05,0.05,512,3,5,4,256,6000,8.0,2633729,1,1,9974,1105,600010,4,6000,30000,35,210.0,1.75,2.92425,0.52572256
cold,0,1,0,3e-05,0.05,512,3,5,4,256,6000,8.0,2633729,1,1,9974,1105,600010,4,6000,30000,36,216.0,1.8,3.0078,0.5430513
cold,0,1,0,3e-05,0.05,512,3,5,4,256,6000,8.0,2633729,1,1,9974,1105,600010,4,6000,30000,37,222.0,1.85,3.09135,0.56224942
cold,0,1,0,3e-05,0.05,512,3,5,4,256,6000,8.0,2633729,1,1,9974,1105,600010,4,6000,30000,38,228.0,1.9,3.1749,0.58280802
cold,0,1,0,3e-05,0.05,512,3,5,4,256,6000,8.0,2633729,1,1,9974,1105,600010,4,6000,30000,39,234.0,1.95,3.25845,0.60420388
cold,0,1,0,3e-05,0.05,512,3,5,4,256,6000,8.0,2633729,1,1,9974,1105,600010,4,6000,30000,40,240.0,2.0,3.342,0.62642092
cold,0,1,0,3e-05,0.05,512,3,5,4,256,6000,8.0,2633729,1,1,9974,1105,600010,4,6000,30000,41,246.0,2.05,3.42555,0.64948153
cold,0,1,0,3e-05,0.05,512,3,5,4,256,6000,8.0,2633729,1,1,9974,1105,600010,4,6000,30000,42,252.0,2.1,3.5091,0.67170048
cold,0,1,0,3e-05,0.05,512,3,5,4,256,6000,8.0,2633729,1,1,9974,1105,600010,4,6000,30000,43,258.0,2.15,3.59265,0.69106567
cold,0,1,0,3e-05,0.05,512,3,5,4,256,6000,8.0,2633729,1,1,9974,1105,600010,4,6000,30000,44,264.0,2.2,3.6762,0.70624352
cold,0,1,0,3e-05,0.05,512,3,5,4,256,6000,8.0,2633729,1,1,9974,1105,600010,4,6000,30000,45,270.0,2.25,3.75975,0.7178039
cold,0,1,0,3e-05,0.05,512,3,5,4,256,6000,8.0,2633729,1,1,9974,1105,600010,4,6000,30000,46,276.0,2.3,3.8433,0.72815359
cold,0,1,0,3e-05,0.05,512,3,5,4,256,6000,8.0,2633729,1,1,9974,1105,600010,4,6000,30000,47,282.0,2.35,3.92685,0.73973942
cold,0,1,0,3e-05,0.05,512,3,5,4,256,6000,8.0,2633729,1,1,9974,1105,600010,4,6000,30000,48,288.0,2.4,4.0104,0.75412208
cold,0,1,0,3e-05,0.05,512,3,5,4,256,6000,8.0,2633729,1,1,9974,1105,600010,4,6000,30000,49,294.0,2.45,4.09395,0.77119547
cold,0,1,0,3e-05,0.05,512,3,5,4,256,6000,8.0,2633729,1,1,9974,1105,600010,4,6000,30000,50,300.0,2.5,4.1775,0.78898394
cold,0,1,0,3e-05,0.05,512,3,5,4,256,6000,8.0,2633729,1,1,9974,1105,600010,4,6000,30000,51,306.0,2.55,4.26105,0.80524349
cold,0,1,0,3e-05,0.05,512,3,5,4,256,6000,8.0,2633729,1,1,9974,1105,600010,4,6000,30000,52,312.0,2.6,4.3446,0.81817287
cold,0,1,0,3e-05,0.05,512,3,5,4,256,6000,8.0,2633729,1,1,9974,1105,600010,4,6000,30000,53,318.0,2.65,4.42815,0.82773918
cold,0,1,0,3e-05,0.05,512,3,5,4,256,6000,8.0,2633729,1,1,9974,1105,600010,4,6000,30000,54,324.0,2.7,4.5117,0.83587569
cold,0,1,0,3e-05,0.05,512,3,5,4,256,6000,8.0,2633729,1,1,9974,1105,600010,4,6000,30000,55,330.0,2.75,4.59525,0.84392804
cold,0,1,0,3e-05,0.05,512,3,5,4,256,6000,8.0,2633729,1,1,9974,1105,600010,4,6000,30000,56,336.0,2.8,4.6788,0.85173362
cold,0,1,0,3e-05,0.05,512,3,5,4,256,6000,8.0,2633729,1,1,9974,1105,600010,4,6000,30000,57,342.0,2.85,4.76235,0.85981005
cold,0,1,0,3e-05,0.05,512,3,5,4,256,6000,8.0,2633729,1,1,9974,1105,600010,4,6000,30000,58,348.0,2.9,4.8459,0.86826414
cold,0,1,0,3e-05,0.05,512,3,5,4,256,6000,8.0,2633729,1,1,9974,1105,600010,4,6000,30000,59,354.0,2.95,4.92945,0.87600106
cold,0,1,0,3e-05,0.05,512,3,5,4,256,6000,8.0,2633729,1,1,9974,1105,600010,4,6000,30000,60,360.0,3.0,5.013,0.88307041
cold,0,1,0,3e-05,0.05,512,3,5,4,256,6000,8.0,2633729,1,1,9974,1105,600010,4,6000,30000,61,366.0,3.05,5.09655,0.89035857
cold,0,1,0,3e-05,0.05,512,3,5,4,256,6000,8.0,2633729,1,1,9974,1105,600010,4,6000,30000,62,372.0,3.1,5.1801,0.89736271
cold,0,1,0,3e-05,0.05,512,3,5,4,256,6000,8.0,2633729,1,1,9974,1105,600010,4,6000,30000,63,378.0,3.15,5.26365,0.90217298
cold,0,1,0,3e-05,0.05,512,3,5,4,256,6000,8.0,2633729,1,1,9974,1105,600010,4,6000,30000,64,384.0,3.2,5.3472,0.90551341
cold,0,1,0,3e-05,0.05,512,3,5,4,256,6000,8.0,2633729,1,1,9974,1105,600010,4,6000,30000,65,390.0,3.25,5.43075,0.90980065
cold,0,1,0,3e-05,0.05,512,3,5,4,256,6000,8.0,2633729,1,1,9974,1105,600010,4,6000,30000,66,396.0,3.3,5.5143,0.91499376
cold,0,1,0,3e-05,0.05,512,3,5,4,256,6000,8.0,2633729,1,1,9974,1105,600010,4,6000,30000,67,402.0,3.35,5.59785,0.92063308
cold,0,1,0,3e-05,0.05,512,3,5,4,256,6000,8.0,2633729,1,1,9974,1105,600010,4,6000,30000,68,408.0,3.4,5.6814,0.92775553
cold,0,1,0,3e-05,0.05,512,3,5,4,256,6000,8.0,2633729,1,1,9974,1105,600010,4,6000,30000,69,414.0,3.45,5.76495,0.93609971
cold,0,1,0,3e-05,0.05,512,3,5,4,256,6000,8.0,2633729,1,1,9974,1105,600010,4,6000,30000,70,420.0,3.5,5.8485,0.94294155
cold,0,1,0,3e-05,0.05,512,3,5,4,256,6000,8.0,2633729,1,1,9974,1105,600010,4,6000,30000,71,426.0,3.55,5.93205,0.94596833
cold,0,1,0,3e-05,0.05,512,3,5,4,256,6000,8.0,2633729,1,1,9974,1105,600010,4,6000,30000,72,432.0,3.6,6.0156,0.94513607
cold,0,1,0,3e-05,0.05,512,3,5,4,256,6000,8.0,2633729,1,1,9974,1105,600010,4,6000,30000,73,438.0,3.65,6.09915,0.94182169
cold,0,1,0,3e-05,0.05,512,3,5,4,256,6000,8.0,2633729,1,1,9974,1105,600010,4,6000,30000,74,444.0,3.7,6.1827,0.93794215
cold,0,1,0,3e-05,0.05,512,3,5,4,256,6000,8.0,2633729,1,1,9974,1105,600010,4,6000,30000,75,450.0,3.75,6.26625,0.93576843
cold,0,1,0,3e-05,0.05,512,3,5,4,256,6000,8.0,2633729,1,1,9974,1105,600010,4,6000,30000,76,456.0,3.8,6.3498,0.93680686
cold,0,1,0,3e-05,0.05,512,3,5,4,256,6000,8.0,2633729,1,1,9974,1105,600010,4,6000,30000,77,462.0,3.85,6.43335,0.94052762
cold,0,1,0,3e-05,0.05,512,3,5,4,256,6000,8.0,2633729,1,1,9974,1105,600010,4,6000,30000,78,468.0,3.9,6.5169,0.94519806
cold,0,1,0,3e-05,0.05,512,3,5,4,256,6000,8.0,2633729,1,1,9974,1105,600010,4,6000,30000,79,474.0,3.95,6.60045,0.94971305
cold,0,1,0,3e-05,0.05,512,3,5,4,256,6000,8.0,2633729,1,1,9974,1105,600010,4,6000,30000,80,480.0,4.0,6.684,0.95449984
cold,0,1,0,3e-05,0.05,512,3,5,4,256,6000,8.0,2633729,1,1,9974,1105,600010,4,6000,30000,81,486.0,4.05,6.76755,0.96058846
cold,0,1,0,3e-05,0.05,512,3,5,4,256,6000,8.0,2633729,1,1,9974,1105,600010,4,6000,30000,82,492.0,4.1,6.8511,0.96777499
cold,0,1,0,3e-05,0.05,512,3,5,4,256,6000,8.0,2633729,1,1,9974,1105,600010,4,6000,30000,83,498.0,4.15,6.93465,0.97368258
cold,0,1,0,3e-05,0.05,512,3,5,4,256,6000,8.0,2633729,1,1,9974,1105,600010,4,6000,30000,84,504.0,4.2,7.0182,0.97634166
cold,0,1,0,3e-05,0.05,512,3,5,4,256,6000,8.0,2633729,1,1,9974,1105,600010,4,6000,30000,85,510.0,4.25,7.10175,0.97584182
cold,0,1,0,3e-05,0.05,512,3,5,4,256,6000,8.0,2633729,1,1,9974,1105,600010,4,6000,30000,86,516.0,4.3,7.1853,0.97406745
cold,0,1,0,3e-05,0.05,512,3,5,4,256,6000,8.0,2633729,1,1,9974,1105,600010,4,6000,30000,87,522.0,4.35,7.26885,0.97312778
cold,0,1,0,3e-05,0.05,512,3,5,4,256,6000,8.0,2633729,1,1,9974,1105,600010,4,6000,30000,88,528.0,4.4,7.3524,0.97376299
cold,0,1,0,3e-05,0.05,512,3,5,4,256,6000,8.0,2633729,1,1,9974,1105,600010,4,6000,30000,89,534.0,4.45,7.43595,0.97535938
cold,0,1,0,3e-05,0.05,512,3,5,4,256,6000,8.0,2633729,1,1,9974,1105,600010,4,6000,30000,90,540.0,4.5,7.5195,0.97721821
cold,0,1,0,3e-05,0.05,512,3,5,4,256,6000,8.0,2633729,1,1,9974,1105,600010,4,6000,30000,91,546.0,4.55,7.60305,0.97864127
cold,0,1,0,3e-05,0.05,512,3,5,4,256,6000,8.0,2633729,1,1,9974,1105,600010,4,6000,30000,92,552.0,4.6,7.6866,0.97947127
cold,0,1,0,3e-05,0.05,512,3,5,4,256,6000,8.0,2633729,1,1,9974,1105,600010,4,6000,30000,93,558.0,4.65,7.77015,0.97998512
cold,0,1,0,3e-05,0.05,512,3,5,4,256,6000,8.0,2633729,1,1,9974,1105,600010,4,6000,30000,94,564.0,4.7,7.8537,0.98042977
cold,0,1,0,3e-05,0.05,512,3,5,4,256,6000,8.0,2633729,1,1,9974,1105,600010,4,6000,30000,95,570.0,4.75,7.93725,0.9812786
cold,0,1,0,3e-05,0.05,512,3,5,4,256,6000,8.0,2633729,1,1,9974,1105,600010,4,6000,30000,96,576.0,4.8,8.0208,0.98259264
cold,0,1,0,3e-05,0.05,512,3,5,4,256,6000,8.0,2633729,1,1,9974,1105,600010,4,6000,30000,97,582.0,4.85,8.10435,0.98328078
cold,0,1,0,3e-05,0.05,512,3,5,4,256,6000,8.0,2633729,1,1,9974,1105,600010,4,6000,30000,98,588.0,4.9,8.1879,0.98249668
cold,0,1,0,3e-05,0.05,512,3,5,4,256,6000,8.0,2633729,1,1,9974,1105,600010,4,6000,30000,99,594.0,4.95,8.27145,0.98192221
cold,0,1,0,3e-05,0.05,512,3,5,4,256,6000,8.0,2633729,1,1,9974,1105,600010,4,6000,30000,100,600.0,5.0,8.355,0.98415571
cold,0,1,0,3e-05,0.05,512,3,5,4,256,6000,8.0,2633729,1,1,9974,1105,600010,4,6000,30000,101,606.0,5.05,8.43855,0.98881423
cold,0,1,0,3e-05,0.05,512,3,5,4,256,6000,8.0,2633729,1,1,9974,1105,600010,4,6000,30000,102,612.0,5.1,8.5221,0.99316275
cold,0,1,0,3e-05,0.05,512,3,5,4,256,6000,8.0,2633729,1,1,9974,1105,600010,4,6000,30000,103,618.0,5.15,8.60565,0.9959026
cold,0,1,0,3e-05,0.05,512,3,5,4,256,6000,8.0,2633729,1,1,9974,1105,600010,4,6000,30000,104,624.0,5.2,8.6892,0.9977659
cold,0,1,0,3e-05,0.05,512,3,5,4,256,6000,8.0,2633729,1,1,9974,1105,600010,4,6000,30000,105,630.0,5.25,8.77275,0.99935603
cold,0,1,0,3e-05,0.05,512,3,5,4,256,6000,8.0,2633729,1,1,9974,1105,600010,4,6000,30000,106,636.0,5.3,8.8563,1.00055599
cold,0,1,0,3e-05,0.05,512,3,5,4,256,6000,8.0,2633729,1,1,9974,1105,600010,4,6000,30000,107,642.0,5.35,8.93985,1.00070143
cold,0,1,0,3e-05,0.05,512,3,5,4,256,6000,8.0,2633729,1,1,9974,1105,600010,4,6000,30000,108,648.0,5.4,9.0234,0.99917161
cold,0,1,0,3e-05,0.05,512,3,5,4,256,6000,8.0,2633729,1,1,9974,1105,600010,4,6000,30000,109,654.0,5.45,9.10695,0.9960022
cold,0,1,0,3e-05,0.05,512,3,5,4,256,6000,8.0,2633729,1,1,9974,1105,600010,4,6000,30000,110,660.0,5.5,9.1905,0.99263376
cold,0,1,0,3e-05,0.05,512,3,5,4,256,6000,8.0,2633729,1,1,9974,1105,600010,4,6000,30000,111,666.0,5.55,9.27405,0.99093461
cold,0,1,0,3e-05,0.05,512,3,5,4,256,6000,8.0,2633729,1,1,9974,1105,600010,4,6000,30000,112,672.0,5.6,9.3576,0.99149376
cold,0,1,0,3e-05,0.05,512,3,5,4,256,6000,8.0,2633729,1,1,9974,1105,600010,4,6000,30000,113,678.0,5.65,9.44115,0.99366504
cold,0,1,0,3e-05,0.05,512,3,5,4,256,6000,8.0,2633729,1,1,9974,1105,600010,4,6000,30000,114,684.0,5.7,9.5247,0.99652058
cold,0,1,0,3e-05,0.05,512,3,5,4,256,6000,8.0,2633729,1,1,9974,1105,600010,4,6000,30000,115,690.0,5.75,9.60825,0.99861741
cold,0,1,0,3e-05,0.05,512,3,5,4,256,6000,8.0,2633729,1,1,9974,1105,600010,4,6000,30000,116,696.0,5.8,9.6918,0.99823278
cold,0,1,0,3e-05,0.05,512,3,5,4,256,6000,8.0,2633729,1,1,9974,1105,600010,4,6000,30000,117,702.0,5.85,9.77535,0.99462003
cold,0,1,0,3e-05,0.05,512,3,5,4,256,6000,8.0,2633729,1,1,9974,1105,600010,4,6000,30000,118,708.0,5.9,9.8589,0.98862964
cold,0,1,0,3e-05,0.05,512,3,5,4,256,6000,8.0,2633729,1,1,9974,1105,600010,4,6000,30000,119,714.0,5.95,9.94245,0.98306322
cold,0,1,0,3e-05,0.05,512,3,5,4,256,6000,8.0,2633729,1,1,9974,1105,600010,4,6000,30000,120,720.0,6.0,10.026,0.98119938
cold,0,1,0,3e-05,0.05,512,3,5,4,256,6000,8.0,2633729,1,1,9974,1106,600011,5,1,30001,1,6.0,0.05,0.08355,0.18014953
cold,0,1,0,3e-05,0.05,512,3,5,4,256,6000,8.0,2633729,1,1,9974,1106,600011,5,1,30001,2,12.0,0.1,0.1671,0.34581721
cold,0,1,0,3e-05,0.05,512,3,5,4,256,6000,8.0,2633729,1,1,9974,1106,600011,5,1,30001,3,18.0,0.15,0.25065,0.49451596
cold,0,1,0,3e-05,0.05,512,3,5,4,256,6000,8.0,2633729,1,1,9974,1106,600011,5,1,30001,4,24.0,0.2,0.3342,0.62063015
cold,0,1,0,3e-05,0.05,512,3,5,4,256,6000,8.0,2633729,1,1,9974,1106,600011,5,1,30001,5,30.0,0.25,0.41775,0.72174126
cold,0,1,0,3e-05,0.05,512,3,5,4,256,6000,8.0,2633729,1,1,9974,1106,600011,5,1,30001,6,36.0,0.3,0.5013,0.79960477
cold,0,1,0,3e-05,0.05,512,3,5,4,256,6000,8.0,2633729,1,1,9974,1106,600011,5,1,30001,7,42.0,0.35,0.58485,0.85769248
cold,0,1,0,3e-05,0.05,512,3,5,4,256,6000,8.0,2633729,1,1,9974,1106,600011,5,1,30001,8,48.0,0.4,0.6684,0.90004951
cold,0,1,0,3e-05,0.05,512,3,5,4,256,6000,8.0,2633729,1,1,9974,1106,600011,5,1,30001,9,54.0,0.45,0.75195,0.93046904
cold,0,1,0,3e-05,0.05,512,3,5,4,256,6000,8.0,2633729,1,1,9974,1106,600011,5,1,30001,10,60.0,0.5,0.8355,0.95237792
cold,0,1,0,3e-05,0.05,512,3,5,4,256,6000,8.0,2633729,1,1,9974,1106,600011,5,1,30001,11,66.0,0.55,0.91905,0.96805274
cold,0,1,0,3e-05,0.05,512,3,5,4,256,6000,8.0,2633729,1,1,9974,1106,600011,5,1,30001,12,72.0,0.6,1.0026,0.97834384
cold,0,1,0,3e-05,0.05,512,3,5,4,256,6000,8.0,2633729,1,1,9974,1106,600011,5,1,30001,13,78.0,0.65,1.08615,0.98373443
cold,0,1,0,3e-05,0.05,512,3,5,4,256,6000,8.0,2633729,1,1,9974,1106,600011,5,1,30001,14,84.0,0.7,1.1697,0.98560745
cold,0,1,0,3e-05,0.05,512,3,5,4,256,6000,8.0,2633729,1,1,9974,1106,600011,5,1,30001,15,90.0,0.75,1.25325,0.98580515
cold,0,1,0,3e-05,0.05,512,3,5,4,256,6000,8.0,2633729,1,1,9974,1106,600011,5,1,30001,16,96.0,0.8,1.3368,0.98545521
cold,0,1,0,3e-05,0.05,512,3,5,4,256,6000,8.0,2633729,1,1,9974,1106,600011,5,1,30001,17,102.0,0.85,1.42035,0.98498255
cold,0,1,0,3e-05,0.05,512,3,5,4,256,6000,8.0,2633729,1,1,9974,1106,600011,5,1,30001,18,108.0,0.9,1.5039,0.98448551
cold,0,1,0,3e-05,0.05,512,3,5,4,256,6000,8.0,2633729,1,1,9974,1106,600011,5,1,30001,19,114.0,0.95,1.58745,0.98352331
cold,0,1,0,3e-05,0.05,512,3,5,4,256,6000,8.0,2633729,1,1,9974,1106,600011,5,1,30001,20,120.0,1.0,1.671,0.98117208
cold,0,1,0,3e-05,0.05,512,3,5,4,256,6000,8.0,2633729,1,1,9974,1106,600011,5,1,30001,21,126.0,1.05,1.75455,0.97655088
cold,0,1,0,3e-05,0.05,512,3,5,4,256,6000,8.0,2633729,1,1,9974,1106,600011,5,1,30001,22,132.0,1.1,1.8381,0.96917266
cold,0,1,0,3e-05,0.05,512,3,5,4,256,6000,8.0,2633729,1,1,9974,1106,600011,5,1,30001,23,138.0,1.15,1.92165,0.95902318
cold,0,1,0,3e-05,0.05,512,3,5,4,256,6000,8.0,2633729,1,1,9974,1106,600011,5,1,30001,24,144.0,1.2,2.0052,0.94668901
cold,0,1,0,3e-05,0.05,512,3,5,4,256,6000,8.0,2633729,1,1,9974,1106,600011,5,1,30001,25,150.0,1.25,2.08875,0.93310815
cold,0,1,0,3e-05,0.05,512,3,5,4,256,6000,8.0,2633729,1,1,9974,1106,600011,5,1,30001,26,156.0,1.3,2.1723,0.91900045
cold,0,1,0,3e-05,0.05,512,3,5,4,256,6000,8.0,2633729,1,1,9974,1106,600011,5,1,30001,27,162.0,1.35,2.25585,0.90483546
cold,0,1,0,3e-05,0.05,512,3,5,4,256,6000,8.0,2633729,1,1,9974,1106,600011,5,1,30001,28,168.0,1.4,2.3394,0.89135951
cold,0,1,0,3e-05,0.05,512,3,5,4,256,6000,8.0,2633729,1,1,9974,1106,600011,5,1,30001,29,174.0,1.45,2.42295,0.87959474
cold,0,1,0,3e-05,0.05,512,3,5,4,256,6000,8.0,2633729,1,1,9974,1106,600011,5,1,30001,30,180.0,1.5,2.5065,0.87052828
cold,0,1,0,3e-05,0.05,512,3,5,4,256,6000,8.0,2633729,1,1,9974,1106,600011,5,1,30001,31,186.0,1.55,2.59005,0.86462712
cold,0,1,0,3e-05,0.05,512,3,5,4,256,6000,8.0,2633729,1,1,9974,1106,600011,5,1,30001,32,192.0,1.6,2.6736,0.861413
cold,0,1,0,3e-05,0.05,512,3,5,4,256,6000,8.0,2633729,1,1,9974,1106,600011,5,1,30001,33,198.0,1.65,2.75715,0.85980552
cold,0,1,0,3e-05,0.05,512,3,5,4,256,6000,8.0,2633729,1,1,9974,1106,600011,5,1,30001,34,204.0,1.7,2.8407,0.85903037
cold,0,1,0,3e-05,0.05,512,3,5,4,256,6000,8.0,2633729,1,1,9974,1106,600011,5,1,30001,35,210.0,1.75,2.92425,0.85878974
cold,0,1,0,3e-05,0.05,512,3,5,4,256,6000,8.0,2633729,1,1,9974,1106,600011,5,1,30001,36,216.0,1.8,3.0078,0.85867411
cold,0,1,0,3e-05,0.05,512,3,5,4,256,6000,8.0,2633729,1,1,9974,1106,600011,5,1,30001,37,222.0,1.85,3.09135,0.85817027
cold,0,1,0,3e-05,0.05,512,3,5,4,256,6000,8.0,2633729,1,1,9974,1106,600011,5,1,30001,38,228.0,1.9,3.1749,0.85739076
cold,0,1,0,3e-05,0.05,512,3,5,4,256,6000,8.0,2633729,1,1,9974,1106,600011,5,1,30001,39,234.0,1.95,3.25845,0.85727513
cold,0,1,0,3e-05,0.05,512,3,5,4,256,6000,8.0,2633729,1,1,9974,1106,600011,5,1,30001,40,240.0,2.0,3.342,0.85868341
cold,0,1,0,3e-05,0.05,512,3,5,4,256,6000,8.0,2633729,1,1,9974,1106,600011,5,1,30001,41,246.0,2.05,3.42555,0.86157137
cold,0,1,0,3e-05,0.05,512,3,5,4,256,6000,8.0,2633729,1,1,9974,1106,600011,5,1,30001,42,252.0,2.1,3.5091,0.86532497
cold,0,1,0,3e-05,0.05,512,3,5,4,256,6000,8.0,2633729,1,1,9974,1106,600011,5,1,30001,43,258.0,2.15,3.59265,0.86936861
cold,0,1,0,3e-05,0.05,512,3,5,4,256,6000,8.0,2633729,1,1,9974,1106,600011,5,1,30001,44,264.0,2.2,3.6762,0.873088
cold,0,1,0,3e-05,0.05,512,3,5,4,256,6000,8.0,2633729,1,1,9974,1106,600011,5,1,30001,45,270.0,2.25,3.75975,0.87579167
cold,0,1,0,3e-05,0.05,512,3,5,4,256,6000,8.0,2633729,1,1,9974,1106,600011,5,1,30001,46,276.0,2.3,3.8433,0.8771373
cold,0,1,0,3e-05,0.05,512,3,5,4,256,6000,8.0,2633729,1,1,9974,1106,600011,5,1,30001,47,282.0,2.35,3.92685,0.87751919
cold,0,1,0,3e-05,0.05,512,3,5,4,256,6000,8.0,2633729,1,1,9974,1106,600011,5,1,30001,48,288.0,2.4,4.0104,0.87787253
cold,0,1,0,3e-05,0.05,512,3,5,4,256,6000,8.0,2633729,1,1,9974,1106,600011,5,1,30001,49,294.0,2.45,4.09395,0.87918156
cold,0,1,0,3e-05,0.05,512,3,5,4,256,6000,8.0,2633729,1,1,9974,1106,600011,5,1,30001,50,300.0,2.5,4.1775,0.88208371
cold,0,1,0,3e-05,0.05,512,3,5,4,256,6000,8.0,2633729,1,1,9974,1106,600011,5,1,30001,51,306.0,2.55,4.26105,0.88611597
cold,0,1,0,3e-05,0.05,512,3,5,4,256,6000,8.0,2633729,1,1,9974,1106,600011,5,1,30001,52,312.0,2.6,4.3446,0.88981861
cold,0,1,0,3e-05,0.05,512,3,5,4,256,6000,8.0,2633729,1,1,9974,1106,600011,5,1,30001,53,318.0,2.65,4.42815,0.8919996
cold,0,1,0,3e-05,0.05,512,3,5,4,256,6000,8.0,2633729,1,1,9974,1106,600011,5,1,30001,54,324.0,2.7,4.5117,0.89252627
cold,0,1,0,3e-05,0.05,512,3,5,4,256,6000,8.0,2633729,1,1,9974,1106,600011,5,1,30001,55,330.0,2.75,4.59525,0.89189488
cold,0,1,0,3e-05,0.05,512,3,5,4,256,6000,8.0,2633729,1,1,9974,1106,600011,5,1,30001,56,336.0,2.8,4.6788,0.89057893
cold,0,1,0,3e-05,0.05,512,3,5,4,256,6000,8.0,2633729,1,1,9974,1106,600011,5,1,30001,57,342.0,2.85,4.76235,0.88900256
cold,0,1,0,3e-05,0.05,512,3,5,4,256,6000,8.0,2633729,1,1,9974,1106,600011,5,1,30001,58,348.0,2.9,4.8459,0.88758737
cold,0,1,0,3e-05,0.05,512,3,5,4,256,6000,8.0,2633729,1,1,9974,1106,600011,5,1,30001,59,354.0,2.95,4.92945,0.88667893
cold,0,1,0,3e-05,0.05,512,3,5,4,256,6000,8.0,2633729,1,1,9974,1106,600011,5,1,30001,60,360.0,3.0,5.013,0.88639599
cold,0,1,0,3e-05,0.05,512,3,5,4,256,6000,8.0,2633729,1,1,9974,1106,600011,5,1,30001,61,366.0,3.05,5.09655,0.88646746
cold,0,1,0,3e-05,0.05,512,3,5,4,256,6000,8.0,2633729,1,1,9974,1106,600011,5,1,30001,62,372.0,3.1,5.1801,0.88669324
cold,0,1,0,3e-05,0.05,512,3,5,4,256,6000,8.0,2633729,1,1,9974,1106,600011,5,1,30001,63,378.0,3.15,5.26365,0.8872121
cold,0,1,0,3e-05,0.05,512,3,5,4,256,6000,8.0,2633729,1,1,9974,1106,600011,5,1,30001,64,384.0,3.2,5.3472,0.8880378
cold,0,1,0,3e-05,0.05,512,3,5,4,256,6000,8.0,2633729,1,1,9974,1106,600011,5,1,30001,65,390.0,3.25,5.43075,0.88891953
cold,0,1,0,3e-05,0.05,512,3,5,4,256,6000,8.0,2633729,1,1,9974,1106,600011,5,1,30001,66,396.0,3.3,5.5143,0.88957775
cold,0,1,0,3e-05,0.05,512,3,5,4,256,6000,8.0,2633729,1,1,9974,1106,600011,5,1,30001,67,402.0,3.35,5.59785,0.88984585
cold,0,1,0,3e-05,0.05,512,3,5,4,256,6000,8.0,2633729,1,1,9974,1106,600011,5,1,30001,68,408.0,3.4,5.6814,0.88965988
cold,0,1,0,3e-05,0.05,512,3,5,4,256,6000,8.0,2633729,1,1,9974,1106,600011,5,1,30001,69,414.0,3.45,5.76495,0.889099
cold,0,1,0,3e-05,0.05,512,3,5,4,256,6000,8.0,2633729,1,1,9974,1106,600011,5,1,30001,70,420.0,3.5,5.8485,0.88840079
cold,0,1,0,3e-05,0.05,512,3,5,4,256,6000,8.0,2633729,1,1,9974,1106,600011,5,1,30001,71,426.0,3.55,5.93205,0.88811195
cold,0,1,0,3e-05,0.05,512,3,5,4,256,6000,8.0,2633729,1,1,9974,1106,600011,5,1,30001,72,432.0,3.6,6.0156,0.88897216
cold,0,1,0,3e-05,0.05,512,3,5,4,256,6000,8.0,2633729,1,1,9974,1106,600011,5,1,30001,73,438.0,3.65,6.09915,0.89138484
cold,0,1,0,3e-05,0.05,512,3,5,4,256,6000,8.0,2633729,1,1,9974,1106,600011,5,1,30001,74,444.0,3.7,6.1827,0.89512873
cold,0,1,0,3e-05,0.05,512,3,5,4,256,6000,8.0,2633729,1,1,9974,1106,600011,5,1,30001,75,450.0,3.75,6.26625,0.89958102
cold,0,1,0,3e-05,0.05,512,3,5,4,256,6000,8.0,2633729,1,1,9974,1106,600011,5,1,30001,76,456.0,3.8,6.3498,0.90410209
cold,0,1,0,3e-05,0.05,512,3,5,4,256,6000,8.0,2633729,1,1,9974,1106,600011,5,1,30001,77,462.0,3.85,6.43335,0.90812546
cold,0,1,0,3e-05,0.05,512,3,5,4,256,6000,8.0,2633729,1,1,9974,1106,600011,5,1,30001,78,468.0,3.9,6.5169,0.91117358
cold,0,1,0,3e-05,0.05,512,3,5,4,256,6000,8.0,2633729,1,1,9974,1106,600011,5,1,30001,79,474.0,3.95,6.60045,0.91299325
cold,0,1,0,3e-05,0.05,512,3,5,4,256,6000,8.0,2633729,1,1,9974,1106,600011,5,1,30001,80,480.0,4.0,6.684,0.91373038
cold,0,1,0,3e-05,0.05,512,3,5,4,256,6000,8.0,2633729,1,1,9974,1106,600011,5,1,30001,81,486.0,4.05,6.76755,0.91406888
cold,0,1,0,3e-05,0.05,512,3,5,4,256,6000,8.0,2633729,1,1,9974,1106,600011,5,1,30001,82,492.0,4.1,6.8511,0.91488081
cold,0,1,0,3e-05,0.05,512,3,5,4,256,6000,8.0,2633729,1,1,9974,1106,600011,5,1,30001,83,498.0,4.15,6.93465,0.91646272
cold,0,1,0,3e-05,0.05,512,3,5,4,256,6000,8.0,2633729,1,1,9974,1106,600011,5,1,30001,84,504.0,4.2,7.0182,0.9184258
cold,0,1,0,3e-05,0.05,512,3,5,4,256,6000,8.0,2633729,1,1,9974,1106,600011,5,1,30001,85,510.0,4.25,7.10175,0.9201526
cold,0,1,0,3e-05,0.05,512,3,5,4,256,6000,8.0,2633729,1,1,9974,1106,600011,5,1,30001,86,516.0,4.3,7.1853,0.92111623
cold,0,1,0,3e-05,0.05,512,3,5,4,256,6000,8.0,2633729,1,1,9974,1106,600011,5,1,30001,87,522.0,4.35,7.26885,0.92113578
cold,0,1,0,3e-05,0.05,512,3,5,4,256,6000,8.0,2633729,1,1,9974,1106,600011,5,1,30001,88,528.0,4.4,7.3524,0.92066395
cold,0,1,0,3e-05,0.05,512,3,5,4,256,6000,8.0,2633729,1,1,9974,1106,600011,5,1,30001,89,534.0,4.45,7.43595,0.92062032
cold,0,1,0,3e-05,0.05,512,3,5,4,256,6000,8.0,2633729,1,1,9974,1106,600011,5,1,30001,90,540.0,4.5,7.5195,0.9214555
cold,0,1,0,3e-05,0.05,512,3,5,4,256,6000,8.0,2633729,1,1,9974,1106,600011,5,1,30001,91,546.0,4.55,7.60305,0.92285877
cold,0,1,0,3e-05,0.05,512,3,5,4,256,6000,8.0,2633729,1,1,9974,1106,600011,5,1,30001,92,552.0,4.6,7.6866,0.92436528
cold,0,1,0,3e-05,0.05,512,3,5,4,256,6000,8.0,2633729,1,1,9974,1106,600011,5,1,30001,93,558.0,4.65,7.77015,0.92558664
cold,0,1,0,3e-05,0.05,512,3,5,4,256,6000,8.0,2633729,1,1,9974,1106,600011,5,1,30001,94,564.0,4.7,7.8537,0.92619222
cold,0,1,0,3e-05,0.05,512,3,5,4,256,6000,8.0,2633729,1,1,9974,1106,600011,5,1,30001,95,570.0,4.75,7.93725,0.92607135
cold,0,1,0,3e-05,0.05,512,3,5,4,256,6000,8.0,2633729,1,1,9974,1106,600011,5,1,30001,96,576.0,4.8,8.0208,0.92549282
cold,0,1,0,3e-05,0.05,512,3,5,4,256,6000,8.0,2633729,1,1,9974,1106,600011,5,1,30001,97,582.0,4.85,8.10435,0.92499155
cold,0,1,0,3e-05,0.05,512,3,5,4,256,6000,8.0,2633729,1,1,9974,1106,600011,5,1,30001,98,588.0,4.9,8.1879,0.9250648
cold,0,1,0,3e-05,0.05,512,3,5,4,256,6000,8.0,2633729,1,1,9974,1106,600011,5,1,30001,99,594.0,4.95,8.27145,0.92594922
cold,0,1,0,3e-05,0.05,512,3,5,4,256,6000,8.0,2633729,1,1,9974,1106,600011,5,1,30001,100,600.0,5.0,8.355,0.92742705
cold,0,1,0,3e-05,0.05,512,3,5,4,256,6000,8.0,2633729,1,1,9974,1106,600011,5,1,30001,101,606.0,5.05,8.43855,0.92897284
cold,0,1,0,3e-05,0.05,512,3,5,4,256,6000,8.0,2633729,1,1,9974,1106,600011,5,1,30001,102,612.0,5.1,8.5221,0.93025929
cold,0,1,0,3e-05,0.05,512,3,5,4,256,6000,8.0,2633729,1,1,9974,1106,600011,5,1,30001,103,618.0,5.15,8.60565,0.93125868
cold,0,1,0,3e-05,0.05,512,3,5,4,256,6000,8.0,2633729,1,1,9974,1106,600011,5,1,30001,104,624.0,5.2,8.6892,0.93200368
cold,0,1,0,3e-05,0.05,512,3,5,4,256,6000,8.0,2633729,1,1,9974,1106,600011,5,1,30001,105,630.0,5.25,8.77275,0.93251979
cold,0,1,0,3e-05,0.05,512,3,5,4,256,6000,8.0,2633729,1,1,9974,1106,600011,5,1,30001,106,636.0,5.3,8.8563,0.93293595
cold,0,1,0,3e-05,0.05,512,3,5,4,256,6000,8.0,2633729,1,1,9974,1106,600011,5,1,30001,107,642.0,5.35,8.93985,0.93353802
cold,0,1,0,3e-05,0.05,512,3,5,4,256,6000,8.0,2633729,1,1,9974,1106,600011,5,1,30001,108,648.0,5.4,9.0234,0.93455189
cold,0,1,0,3e-05,0.05,512,3,5,4,256,6000,8.0,2633729,1,1,9974,1106,600011,5,1,30001,109,654.0,5.45,9.10695,0.93586624
cold,0,1,0,3e-05,0.05,512,3,5,4,256,6000,8.0,2633729,1,1,9974,1106,600011,5,1,30001,110,660.0,5.5,9.1905,0.93709886
cold,0,1,0,3e-05,0.05,512,3,5,4,256,6000,8.0,2633729,1,1,9974,1106,600011,5,1,30001,111,666.0,5.55,9.27405,0.93799329
cold,0,1,0,3e-05,0.05,512,3,5,4,256,6000,8.0,2633729,1,1,9974,1106,600011,5,1,30001,112,672.0,5.6,9.3576,0.93858874
cold,0,1,0,3e-05,0.05,512,3,5,4,256,6000,8.0,2633729,1,1,9974,1106,600011,5,1,30001,113,678.0,5.65,9.44115,0.93906242
cold,0,1,0,3e-05,0.05,512,3,5,4,256,6000,8.0,2633729,1,1,9974,1106,600011,5,1,30001,114,684.0,5.7,9.5247,0.93954366
cold,0,1,0,3e-05,0.05,512,3,5,4,256,6000,8.0,2633729,1,1,9974,1106,600011,5,1,30001,115,690.0,5.75,9.60825,0.94010842
cold,0,1,0,3e-05,0.05,512,3,5,4,256,6000,8.0,2633729,1,1,9974,1106,600011,5,1,30001,116,696.0,5.8,9.6918,0.94075978
cold,0,1,0,3e-05,0.05,512,3,5,4,256,6000,8.0,2633729,1,1,9974,1106,600011,5,1,30001,117,702.0,5.85,9.77535,0.94149196
cold,0,1,0,3e-05,0.05,512,3,5,4,256,6000,8.0,2633729,1,1,9974,1106,600011,5,1,30001,118,708.0,5.9,9.8589,0.94249308
cold,0,1,0,3e-05,0.05,512,3,5,4,256,6000,8.0,2633729,1,1,9974,1106,600011,5,1,30001,119,714.0,5.95,9.94245,0.94400644
cold,0,1,0,3e-05,0.05,512,3,5,4,256,6000,8.0,2633729,1,1,9974,1106,600011,5,1,30001,120,720.0,6.0,10.026,0.94593644
cold,0,1,0,3e-05,0.05,512,3,5,4,256,6000,8.0,2633729,1,1,9974,1106,600011,5,12,30012,1,6.0,0.05,0.08355,0.13364992
cold,0,1,0,3e-05,0.05,512,3,5,4,256,6000,8.0,2633729,1,1,9974,1106,600011,5,12,30012,2,12.0,0.1,0.1671,0.25512773
cold,0,1,0,3e-05,0.05,512,3,5,4,256,6000,8.0,2633729,1,1,9974,1106,600011,5,12,30012,3,18.0,0.15,0.25065,0.36375362
cold,0,1,0,3e-05,0.05,512,3,5,4,256,6000,8.0,2633729,1,1,9974,1106,600011,5,12,30012,4,24.0,0.2,0.3342,0.45175058
cold,0,1,0,3e-05,0.05,512,3,5,4,256,6000,8.0,2633729,1,1,9974,1106,600011,5,12,30012,5,30.0,0.25,0.41775,0.51561457
cold,0,1,0,3e-05,0.05,512,3,5,4,256,6000,8.0,2633729,1,1,9974,1106,600011,5,12,30012,6,36.0,0.3,0.5013,0.56059146
cold,0,1,0,3e-05,0.05,512,3,5,4,256,6000,8.0,2633729,1,1,9974,1106,600011,5,12,30012,7,42.0,0.35,0.58485,0.59288025
cold,0,1,0,3e-05,0.05,512,3,5,4,256,6000,8.0,2633729,1,1,9974,1106,600011,5,12,30012,8,48.0,0.4,0.6684,0.61696732
cold,0,1,0,3e-05,0.05,512,3,5,4,256,6000,8.0,2633729,1,1,9974,1106,600011,5,12,30012,9,54.0,0.45,0.75195,0.63483906
cold,0,1,0,3e-05,0.05,512,3,5,4,256,6000,8.0,2633729,1,1,9974,1106,600011,5,12,30012,10,60.0,0.5,0.8355,0.64790827
cold,0,1,0,3e-05,0.05,512,3,5,4,256,6000,8.0,2633729,1,1,9974,1106,600011,5,12,30012,11,66.0,0.55,0.91905,0.65832072
cold,0,1,0,3e-05,0.05,512,3,5,4,256,6000,8.0,2633729,1,1,9974,1106,600011,5,12,30012,12,72.0,0.6,1.0026,0.66836679
cold,0,1,0,3e-05,0.05,512,3,5,4,256,6000,8.0,2633729,1,1,9974,1106,600011,5,12,30012,13,78.0,0.65,1.08615,0.67932451
cold,0,1,0,3e-05,0.05,512,3,5,4,256,6000,8.0,2633729,1,1,9974,1106,600011,5,12,30012,14,84.0,0.7,1.1697,0.69129342
cold,0,1,0,3e-05,0.05,512,3,5,4,256,6000,8.0,2633729,1,1,9974,1106,600011,5,12,30012,15,90.0,0.75,1.25325,0.70383811
cold,0,1,0,3e-05,0.05,512,3,5,4,256,6000,8.0,2633729,1,1,9974,1106,600011,5,12,30012,16,96.0,0.8,1.3368,0.71619242
cold,0,1,0,3e-05,0.05,512,3,5,4,256,6000,8.0,2633729,1,1,9974,1106,600011,5,12,30012,17,102.0,0.85,1.42035,0.72713059
cold,0,1,0,3e-05,0.05,512,3,5,4,256,6000,8.0,2633729,1,1,9974,1106,600011,5,12,30012,18,108.0,0.9,1.5039,0.73555887
cold,0,1,0,3e-05,0.05,512,3,5,4,256,6000,8.0,2633729,1,1,9974,1106,600011,5,12,30012,19,114.0,0.95,1.58745,0.74160808
cold,0,1,0,3e-05,0.05,512,3,5,4,256,6000,8.0,2633729,1,1,9974,1106,600011,5,12,30012,20,120.0,1.0,1.671,0.746777
cold,0,1,0,3e-05,0.05,512,3,5,4,256,6000,8.0,2633729,1,1,9974,1106,600011,5,12,30012,21,126.0,1.05,1.75455,0.75237328
cold,0,1,0,3e-05,0.05,512,3,5,4,256,6000,8.0,2633729,1,1,9974,1106,600011,5,12,30012,22,132.0,1.1,1.8381,0.75821888
cold,0,1,0,3e-05,0.05,512,3,5,4,256,6000,8.0,2633729,1,1,9974,1106,600011,5,12,30012,23,138.0,1.15,1.92165,0.76321143
cold,0,1,0,3e-05,0.05,512,3,5,4,256,6000,8.0,2633729,1,1,9974,1106,600011,5,12,30012,24,144.0,1.2,2.0052,0.76679653
cold,0,1,0,3e-05,0.05,512,3,5,4,256,6000,8.0,2633729,1,1,9974,1106,600011,5,12,30012,25,150.0,1.25,2.08875,0.76963913
cold,0,1,0,3e-05,0.05,512,3,5,4,256,6000,8.0,2633729,1,1,9974,1106,600011,5,12,30012,26,156.0,1.3,2.1723,0.77233243
cold,0,1,0,3e-05,0.05,512,3,5,4,256,6000,8.0,2633729,1,1,9974,1106,600011,5,12,30012,27,162.0,1.35,2.25585,0.77455562
cold,0,1,0,3e-05,0.05,512,3,5,4,256,6000,8.0,2633729,1,1,9974,1106,600011,5,12,30012,28,168.0,1.4,2.3394,0.77588552
cold,0,1,0,3e-05,0.05,512,3,5,4,256,6000,8.0,2633729,1,1,9974,1106,600011,5,12,30012,29,174.0,1.45,2.42295,0.77644551
cold,0,1,0,3e-05,0.05,512,3,5,4,256,6000,8.0,2633729,1,1,9974,1106,600011,5,12,30012,30,180.0,1.5,2.5065,0.77729934
cold,0,1,0,3e-05,0.05,512,3,5,4,256,6000,8.0,2633729,1,1,9974,1106,600011,5,12,30012,31,186.0,1.55,2.59005,0.7797237
cold,0,1,0,3e-05,0.05,512,3,5,4,256,6000,8.0,2633729,1,1,9974,1106,600011,5,12,30012,32,192.0,1.6,2.6736,0.78371966
cold,0,1,0,3e-05,0.05,512,3,5,4,256,6000,8.0,2633729,1,1,9974,1106,600011,5,12,30012,33,198.0,1.65,2.75715,0.78796166
cold,0,1,0,3e-05,0.05,512,3,5,4,256,6000,8.0,2633729,1,1,9974,1106,600011,5,12,30012,34,204.0,1.7,2.8407,0.79117632
cold,0,1,0,3e-05,0.05,512,3,5,4,256,6000,8.0,2633729,1,1,9974,1106,600011,5,12,30012,35,210.0,1.75,2.92425,0.79280519
cold,0,1,0,3e-05,0.05,512,3,5,4,256,6000,8.0,2633729,1,1,9974,1106,600011,5,12,30012,36,216.0,1.8,3.0078,0.7930482
cold,0,1,0,3e-05,0.05,512,3,5,4,256,6000,8.0,2633729,1,1,9974,1106,600011,5,12,30012,37,222.0,1.85,3.09135,0.7928611
cold,0,1,0,3e-05,0.05,512,3,5,4,256,6000,8.0,2633729,1,1,9974,1106,600011,5,12,30012,38,228.0,1.9,3.1749,0.79297906
cold,0,1,0,3e-05,0.05,512,3,5,4,256,6000,8.0,2633729,1,1,9974,1106,600011,5,12,30012,39,234.0,1.95,3.25845,0.79328483
cold,0,1,0,3e-05,0.05,512,3,5,4,256,6000,8.0,2633729,1,1,9974,1106,600011,5,12,30012,40,240.0,2.0,3.342,0.79353613
cold,0,1,0,3e-05,0.05,512,3,5,4,256,6000,8.0,2633729,1,1,9974,1106,600011,5,12,30012,41,246.0,2.05,3.42555,0.79360384
cold,0,1,0,3e-05,0.05,512,3,5,4,256,6000,8.0,2633729,1,1,9974,1106,600011,5,12,30012,42,252.0,2.1,3.5091,0.79344112
cold,0,1,0,3e-05,0.05,512,3,5,4,256,6000,8.0,2633729,1,1,9974,1106,600011,5,12,30012,43,258.0,2.15,3.59265,0.79336834
cold,0,1,0,3e-05,0.05,512,3,5,4,256,6000,8.0,2633729,1,1,9974,1106,600011,5,12,30012,44,264.0,2.2,3.6762,0.79370892
cold,0,1,0,3e-05,0.05,512,3,5,4,256,6000,8.0,2633729,1,1,9974,1106,600011,5,12,30012,45,270.0,2.25,3.75975,0.79412812
cold,0,1,0,3e-05,0.05,512,3,5,4,256,6000,8.0,2633729,1,1,9974,1106,600011,5,12,30012,46,276.0,2.3,3.8433,0.79360217
cold,0,1,0,3e-05,0.05,512,3,5,4,256,6000,8.0,2633729,1,1,9974,1106,600011,5,12,30012,47,282.0,2.35,3.92685,0.79126883
cold,0,1,0,3e-05,0.05,512,3,5,4,256,6000,8.0,2633729,1,1,9974,1106,600011,5,12,30012,48,288.0,2.4,4.0104,0.78724533
cold,0,1,0,3e-05,0.05,512,3,5,4,256,6000,8.0,2633729,1,1,9974,1106,600011,5,12,30012,49,294.0,2.45,4.09395,0.78276873
cold,0,1,0,3e-05,0.05,512,3,5,4,256,6000,8.0,2633729,1,1,9974,1106,600011,5,12,30012,50,300.0,2.5,4.1775,0.77975136
cold,0,1,0,3e-05,0.05,512,3,5,4,256,6000,8.0,2633729,1,1,9974,1106,600011,5,12,30012,51,306.0,2.55,4.26105,0.77913767
cold,0,1,0,3e-05,0.05,512,3,5,4,256,6000,8.0,2633729,1,1,9974,1106,600011,5,12,30012,52,312.0,2.6,4.3446,0.77972907
cold,0,1,0,3e-05,0.05,512,3,5,4,256,6000,8.0,2633729,1,1,9974,1106,600011,5,12,30012,53,318.0,2.65,4.42815,0.77944958
cold,0,1,0,3e-05,0.05,512,3,5,4,256,6000,8.0,2633729,1,1,9974,1106,600011,5,12,30012,54,324.0,2.7,4.5117,0.77762848
cold,0,1,0,3e-05,0.05,512,3,5,4,256,6000,8.0,2633729,1,1,9974,1106,600011,5,12,30012,55,330.0,2.75,4.59525,0.77515906
cold,0,1,0,3e-05,0.05,512,3,5,4,256,6000,8.0,2633729,1,1,9974,1106,600011,5,12,30012,56,336.0,2.8,4.6788,0.77327853
cold,0,1,0,3e-05,0.05,512,3,5,4,256,6000,8.0,2633729,1,1,9974,1106,600011,5,12,30012,57,342.0,2.85,4.76235,0.7725262
cold,0,1,0,3e-05,0.05,512,3,5,4,256,6000,8.0,2633729,1,1,9974,1106,600011,5,12,30012,58,348.0,2.9,4.8459,0.77206558
cold,0,1,0,3e-05,0.05,512,3,5,4,256,6000,8.0,2633729,1,1,9974,1106,600011,5,12,30012,59,354.0,2.95,4.92945,0.77081972
cold,0,1,0,3e-05,0.05,512,3,5,4,256,6000,8.0,2633729,1,1,9974,1106,600011,5,12,30012,60,360.0,3.0,5.013,0.76875073
cold,0,1,0,3e-05,0.05,512,3,5,4,256,6000,8.0,2633729,1,1,9974,1106,600011,5,12,30012,61,366.0,3.05,5.09655,0.76629359
cold,0,1,0,3e-05,0.05,512,3,5,4,256,6000,8.0,2633729,1,1,9974,1106,600011,5,12,30012,62,372.0,3.1,5.1801,0.76394182
cold,0,1,0,3e-05,0.05,512,3,5,4,256,6000,8.0,2633729,1,1,9974,1106,600011,5,12,30012,63,378.0,3.15,5.26365,0.76237404
cold,0,1,0,3e-05,0.05,512,3,5,4,256,6000,8.0,2633729,1,1,9974,1106,600011,5,12,30012,64,384.0,3.2,5.3472,0.76186448
cold,0,1,0,3e-05,0.05,512,3,5,4,256,6000,8.0,2633729,1,1,9974,1106,600011,5,12,30012,65,390.0,3.25,5.43075,0.7617209
cold,0,1,0,3e-05,0.05,512,3,5,4,256,6000,8.0,2633729,1,1,9974,1106,600011,5,12,30012,66,396.0,3.3,5.5143,0.76080668
cold,0,1,0,3e-05,0.05,512,3,5,4,256,6000,8.0,2633729,1,1,9974,1106,600011,5,12,30012,67,402.0,3.35,5.59785,0.75843024
cold,0,1,0,3e-05,0.05,512,3,5,4,256,6000,8.0,2633729,1,1,9974,1106,600011,5,12,30012,68,408.0,3.4,5.6814,0.75481355
cold,0,1,0,3e-05,0.05,512,3,5,4,256,6000,8.0,2633729,1,1,9974,1106,600011,5,12,30012,69,414.0,3.45,5.76495,0.75104582
cold,0,1,0,3e-05,0.05,512,3,5,4,256,6000,8.0,2633729,1,1,9974,1106,600011,5,12,30012,70,420.0,3.5,5.8485,0.7482897
cold,0,1,0,3e-05,0.05,512,3,5,4,256,6000,8.0,2633729,1,1,9974,1106,600011,5,12,30012,71,426.0,3.55,5.93205,0.74670237
cold,0,1,0,3e-05,0.05,512,3,5,4,256,6000,8.0,2633729,1,1,9974,1106,600011,5,12,30012,72,432.0,3.6,6.0156,0.74543333
cold,0,1,0,3e-05,0.05,512,3,5,4,256,6000,8.0,2633729,1,1,9974,1106,600011,5,12,30012,73,438.0,3.65,6.09915,0.74360502
cold,0,1,0,3e-05,0.05,512,3,5,4,256,6000,8.0,2633729,1,1,9974,1106,600011,5,12,30012,74,444.0,3.7,6.1827,0.74123198
cold,0,1,0,3e-05,0.05,512,3,5,4,256,6000,8.0,2633729,1,1,9974,1106,600011,5,12,30012,75,450.0,3.75,6.26625,0.73891139
cold,0,1,0,3e-05,0.05,512,3,5,4,256,6000,8.0,2633729,1,1,9974,1106,600011,5,12,30012,76,456.0,3.8,6.3498,0.73726434
cold,0,1,0,3e-05,0.05,512,3,5,4,256,6000,8.0,2633729,1,1,9974,1106,600011,5,12,30012,77,462.0,3.85,6.43335,0.73648202
cold,0,1,0,3e-05,0.05,512,3,5,4,256,6000,8.0,2633729,1,1,9974,1106,600011,5,12,30012,78,468.0,3.9,6.5169,0.73587865
cold,0,1,0,3e-05,0.05,512,3,5,4,256,6000,8.0,2633729,1,1,9974,1106,600011,5,12,30012,79,474.0,3.95,6.60045,0.73447555
cold,0,1,0,3e-05,0.05,512,3,5,4,256,6000,8.0,2633729,1,1,9974,1106,600011,5,12,30012,80,480.0,4.0,6.684,0.73225874
cold,0,1,0,3e-05,0.05,512,3,5,4,256,6000,8.0,2633729,1,1,9974,1106,600011,5,12,30012,81,486.0,4.05,6.76755,0.73033458
cold,0,1,0,3e-05,0.05,512,3,5,4,256,6000,8.0,2633729,1,1,9974,1106,600011,5,12,30012,82,492.0,4.1,6.8511,0.72970504
cold,0,1,0,3e-05,0.05,512,3,5,4,256,6000,8.0,2633729,1,1,9974,1106,600011,5,12,30012,83,498.0,4.15,6.93465,0.730349
cold,0,1,0,3e-05,0.05,512,3,5,4,256,6000,8.0,2633729,1,1,9974,1106,600011,5,12,30012,84,504.0,4.2,7.0182,0.73132437
cold,0,1,0,3e-05,0.05,512,3,5,4,256,6000,8.0,2633729,1,1,9974,1106,600011,5,12,30012,85,510.0,4.25,7.10175,0.73144239
cold,0,1,0,3e-05,0.05,512,3,5,4,256,6000,8.0,2633729,1,1,9974,1106,600011,5,12,30012,86,516.0,4.3,7.1853,0.73004127
cold,0,1,0,3e-05,0.05,512,3,5,4,256,6000,8.0,2633729,1,1,9974,1106,600011,5,12,30012,87,522.0,4.35,7.26885,0.72724098
cold,0,1,0,3e-05,0.05,512,3,5,4,256,6000,8.0,2633729,1,1,9974,1106,600011,5,12,30012,88,528.0,4.4,7.3524,0.72364485
cold,0,1,0,3e-05,0.05,512,3,5,4,256,6000,8.0,2633729,1,1,9974,1106,600011,5,12,30012,89,534.0,4.45,7.43595,0.71990544
cold,0,1,0,3e-05,0.05,512,3,5,4,256,6000,8.0,2633729,1,1,9974,1106,600011,5,12,30012,90,540.0,4.5,7.5195,0.71666414
cold,0,1,0,3e-05,0.05,512,3,5,4,256,6000,8.0,2633729,1,1,9974,1106,600011,5,12,30012,91,546.0,4.55,7.60305,0.71427101
cold,0,1,0,3e-05,0.05,512,3,5,4,256,6000,8.0,2633729,1,1,9974,1106,600011,5,12,30012,92,552.0,4.6,7.6866,0.71251315
cold,0,1,0,3e-05,0.05,512,3,5,4,256,6000,8.0,2633729,1,1,9974,1106,600011,5,12,30012,93,558.0,4.65,7.77015,0.71118623
cold,0,1,0,3e-05,0.05,512,3,5,4,256,6000,8.0,2633729,1,1,9974,1106,600011,5,12,30012,94,564.0,4.7,7.8537,0.71059394
cold,0,1,0,3e-05,0.05,512,3,5,4,256,6000,8.0,2633729,1,1,9974,1106,600011,5,12,30012,95,570.0,4.75,7.93725,0.71072602
cold,0,1,0,3e-05,0.05,512,3,5,4,256,6000,8.0,2633729,1,1,9974,1106,600011,5,12,30012,96,576.0,4.8,8.0208,0.71095264
cold,0,1,0,3e-05,0.05,512,3,5,4,256,6000,8.0,2633729,1,1,9974,1106,600011,5,12,30012,97,582.0,4.85,8.10435,0.71078444
cold,0,1,0,3e-05,0.05,512,3,5,4,256,6000,8.0,2633729,1,1,9974,1106,600011,5,12,30012,98,588.0,4.9,8.1879,0.71003133
cold,0,1,0,3e-05,0.05,512,3,5,4,256,6000,8.0,2633729,1,1,9974,1106,600011,5,12,30012,99,594.0,4.95,8.27145,0.70866144
cold,0,1,0,3e-05,0.05,512,3,5,4,256,6000,8.0,2633729,1,1,9974,1106,600011,5,12,30012,100,600.0,5.0,8.355,0.70727271
cold,0,1,0,3e-05,0.05,512,3,5,4,256,6000,8.0,2633729,1,1,9974,1106,600011,5,12,30012,101,606.0,5.05,8.43855,0.70673001
cold,0,1,0,3e-05,0.05,512,3,5,4,256,6000,8.0,2633729,1,1,9974,1106,600011,5,12,30012,102,612.0,5.1,8.5221,0.70726967
cold,0,1,0,3e-05,0.05,512,3,5,4,256,6000,8.0,2633729,1,1,9974,1106,600011,5,12,30012,103,618.0,5.15,8.60565,0.70863885
cold,0,1,0,3e-05,0.05,512,3,5,4,256,6000,8.0,2633729,1,1,9974,1106,600011,5,12,30012,104,624.0,5.2,8.6892,0.71038878
cold,0,1,0,3e-05,0.05,512,3,5,4,256,6000,8.0,2633729,1,1,9974,1106,600011,5,12,30012,105,630.0,5.25,8.77275,0.71204597
cold,0,1,0,3e-05,0.05,512,3,5,4,256,6000,8.0,2633729,1,1,9974,1106,600011,5,12,30012,106,636.0,5.3,8.8563,0.71330333
cold,0,1,0,3e-05,0.05,512,3,5,4,256,6000,8.0,2633729,1,1,9974,1106,600011,5,12,30012,107,642.0,5.35,8.93985,0.71389031
cold,0,1,0,3e-05,0.05,512,3,5,4,256,6000,8.0,2633729,1,1,9974,1106,600011,5,12,30012,108,648.0,5.4,9.0234,0.7135042
cold,0,1,0,3e-05,0.05,512,3,5,4,256,6000,8.0,2633729,1,1,9974,1106,600011,5,12,30012,109,654.0,5.45,9.10695,0.71229005
cold,0,1,0,3e-05,0.05,512,3,5,4,256,6000,8.0,2633729,1,1,9974,1106,600011,5,12,30012,110,660.0,5.5,9.1905,0.71116257
cold,0,1,0,3e-05,0.05,512,3,5,4,256,6000,8.0,2633729,1,1,9974,1106,600011,5,12,30012,111,666.0,5.55,9.27405,0.71089149
cold,0,1,0,3e-05,0.05,512,3,5,4,256,6000,8.0,2633729,1,1,9974,1106,600011,5,12,30012,112,672.0,5.6,9.3576,0.71140659
cold,0,1,0,3e-05,0.05,512,3,5,4,256,6000,8.0,2633729,1,1,9974,1106,600011,5,12,30012,113,678.0,5.65,9.44115,0.71225393
cold,0,1,0,3e-05,0.05,512,3,5,4,256,6000,8.0,2633729,1,1,9974,1106,600011,5,12,30012,114,684.0,5.7,9.5247,0.71330035
cold,0,1,0,3e-05,0.05,512,3,5,4,256,6000,8.0,2633729,1,1,9974,1106,600011,5,12,30012,115,690.0,5.75,9.60825,0.71458972
cold,0,1,0,3e-05,0.05,512,3,5,4,256,6000,8.0,2633729,1,1,9974,1106,600011,5,12,30012,116,696.0,5.8,9.6918,0.71619385
cold,0,1,0,3e-05,0.05,512,3,5,4,256,6000,8.0,2633729,1,1,9974,1106,600011,5,12,30012,117,702.0,5.85,9.77535,0.71797746
cold,0,1,0,3e-05,0.05,512,3,5,4,256,6000,8.0,2633729,1,1,9974,1106,600011,5,12,30012,118,708.0,5.9,9.8589,0.71921122
cold,0,1,0,3e-05,0.05,512,3,5,4,256,6000,8.0,2633729,1,1,9974,1106,600011,5,12,30012,119,714.0,5.95,9.94245,0.71935743
cold,0,1,0,3e-05,0.05,512,3,5,4,256,6000,8.0,2633729,1,1,9974,1106,600011,5,12,30012,120,720.0,6.0,10.026,0.71898854
cold,0,1,0,3e-05,0.05,512,3,5,4,256,6000,8.0,2633729,1,1,9974,1106,600011,5,54,30054,1,6.0,0.05,0.08355,0.08987097
cold,0,1,0,3e-05,0.05,512,3,5,4,256,6000,8.0,2633729,1,1,9974,1106,600011,5,54,30054,2,12.0,0.1,0.1671,0.1718432
cold,0,1,0,3e-05,0.05,512,3,5,4,256,6000,8.0,2633729,1,1,9974,1106,600011,5,54,30054,3,18.0,0.15,0.25065,0.25401729
cold,0,1,0,3e-05,0.05,512,3,5,4,256,6000,8.0,2633729,1,1,9974,1106,600011,5,54,30054,4,24.0,0.2,0.3342,0.32585639
cold,0,1,0,3e-05,0.05,512,3,5,4,256,6000,8.0,2633729,1,1,9974,1106,600011,5,54,30054,5,30.0,0.25,0.41775,0.38310358
cold,0,1,0,3e-05,0.05,512,3,5,4,256,6000,8.0,2633729,1,1,9974,1106,600011,5,54,30054,6,36.0,0.3,0.5013,0.42929411
cold,0,1,0,3e-05,0.05,512,3,5,4,256,6000,8.0,2633729,1,1,9974,1106,600011,5,54,30054,7,42.0,0.35,0.58485,0.4693068
cold,0,1,0,3e-05,0.05,512,3,5,4,256,6000,8.0,2633729,1,1,9974,1106,600011,5,54,30054,8,48.0,0.4,0.6684,0.50556058
cold,0,1,0,3e-05,0.05,512,3,5,4,256,6000,8.0,2633729,1,1,9974,1106,600011,5,54,30054,9,54.0,0.45,0.75195,0.53803283
cold,0,1,0,3e-05,0.05,512,3,5,4,256,6000,8.0,2633729,1,1,9974,1106,600011,5,54,30054,10,60.0,0.5,0.8355,0.56624895
cold,0,1,0,3e-05,0.05,512,3,5,4,256,6000,8.0,2633729,1,1,9974,1106,600011,5,54,30054,11,66.0,0.55,0.91905,0.5900166
cold,0,1,0,3e-05,0.05,512,3,5,4,256,6000,8.0,2633729,1,1,9974,1106,600011,5,54,30054,12,72.0,0.6,1.0026,0.60953152
cold,0,1,0,3e-05,0.05,512,3,5,4,256,6000,8.0,2633729,1,1,9974,1106,600011,5,54,30054,13,78.0,0.65,1.08615,0.62550986
cold,0,1,0,3e-05,0.05,512,3,5,4,256,6000,8.0,2633729,1,1,9974,1106,600011,5,54,30054,14,84.0,0.7,1.1697,0.63910556
cold,0,1,0,3e-05,0.05,512,3,5,4,256,6000,8.0,2633729,1,1,9974,1106,600011,5,54,30054,15,90.0,0.75,1.25325,0.65136915
cold,0,1,0,3e-05,0.05,512,3,5,4,256,6000,8.0,2633729,1,1,9974,1106,600011,5,54,30054,16,96.0,0.8,1.3368,0.6623857
cold,0,1,0,3e-05,0.05,512,3,5,4,256,6000,8.0,2633729,1,1,9974,1106,600011,5,54,30054,17,102.0,0.85,1.42035,0.67135102
cold,0,1,0,3e-05,0.05,512,3,5,4,256,6000,8.0,2633729,1,1,9974,1106,600011,5,54,30054,18,108.0,0.9,1.5039,0.67768615
cold,0,1,0,3e-05,0.05,512,3,5,4,256,6000,8.0,2633729,1,1,9974,1106,600011,5,54,30054,19,114.0,0.95,1.58745,0.68199295
cold,0,1,0,3e-05,0.05,512,3,5,4,256,6000,8.0,2633729,1,1,9974,1106,600011,5,54,30054,20,120.0,1.0,1.671,0.68553114
cold,0,1,0,3e-05,0.05,512,3,5,4,256,6000,8.0,2633729,1,1,9974,1106,600011,5,54,30054,21,126.0,1.05,1.75455,0.68911374
cold,0,1,0,3e-05,0.05,512,3,5,4,256,6000,8.0,2633729,1,1,9974,1106,600011,5,54,30054,22,132.0,1.1,1.8381,0.69314653
cold,0,1,0,3e-05,0.05,512,3,5,4,256,6000,8.0,2633729,1,1,9974,1106,600011,5,54,30054,23,138.0,1.15,1.92165,0.69756359
cold,0,1,0,3e-05,0.05,512,3,5,4,256,6000,8.0,2633729,1,1,9974,1106,600011,5,54,30054,24,144.0,1.2,2.0052,0.70142108
cold,0,1,0,3e-05,0.05,512,3,5,4,256,6000,8.0,2633729,1,1,9974,1106,600011,5,54,30054,25,150.0,1.25,2.08875,0.70385784
cold,0,1,0,3e-05,0.05,512,3,5,4,256,6000,8.0,2633729,1,1,9974,1106,600011,5,54,30054,26,156.0,1.3,2.1723,0.70461899
cold,0,1,0,3e-05,0.05,512,3,5,4,256,6000,8.0,2633729,1,1,9974,1106,600011,5,54,30054,27,162.0,1.35,2.25585,0.70355076
cold,0,1,0,3e-05,0.05,512,3,5,4,256,6000,8.0,2633729,1,1,9974,1106,600011,5,54,30054,28,168.0,1.4,2.3394,0.70068258
cold,0,1,0,3e-05,0.05,512,3,5,4,256,6000,8.0,2633729,1,1,9974,1106,600011,5,54,30054,29,174.0,1.45,2.42295,0.69691294
cold,0,1,0,3e-05,0.05,512,3,5,4,256,6000,8.0,2633729,1,1,9974,1106,600011,5,54,30054,30,180.0,1.5,2.5065,0.69414097
cold,0,1,0,3e-05,0.05,512,3,5,4,256,6000,8.0,2633729,1,1,9974,1106,600011,5,54,30054,31,186.0,1.55,2.59005,0.69378513
cold,0,1,0,3e-05,0.05,512,3,5,4,256,6000,8.0,2633729,1,1,9974,1106,600011,5,54,30054,32,192.0,1.6,2.6736,0.69559789
cold,0,1,0,3e-05,0.05,512,3,5,4,256,6000,8.0,2633729,1,1,9974,1106,600011,5,54,30054,33,198.0,1.65,2.75715,0.69817346
cold,0,1,0,3e-05,0.05,512,3,5,4,256,6000,8.0,2633729,1,1,9974,1106,600011,5,54,30054,34,204.0,1.7,2.8407,0.70050573
cold,0,1,0,3e-05,0.05,512,3,5,4,256,6000,8.0,2633729,1,1,9974,1106,600011,5,54,30054,35,210.0,1.75,2.92425,0.7023859
cold,0,1,0,3e-05,0.05,512,3,5,4,256,6000,8.0,2633729,1,1,9974,1106,600011,5,54,30054,36,216.0,1.8,3.0078,0.70385557
cold,0,1,0,3e-05,0.05,512,3,5,4,256,6000,8.0,2633729,1,1,9974,1106,600011,5,54,30054,37,222.0,1.85,3.09135,0.70502931
cold,0,1,0,3e-05,0.05,512,3,5,4,256,6000,8.0,2633729,1,1,9974,1106,600011,5,54,30054,38,228.0,1.9,3.1749,0.70572668
cold,0,1,0,3e-05,0.05,512,3,5,4,256,6000,8.0,2633729,1,1,9974,1106,600011,5,54,30054,39,234.0,1.95,3.25845,0.70574975
cold,0,1,0,3e-05,0.05,512,3,5,4,256,6000,8.0,2633729,1,1,9974,1106,600011,5,54,30054,40,240.0,2.0,3.342,0.70562929
cold,0,1,0,3e-05,0.05,512,3,5,4,256,6000,8.0,2633729,1,1,9974,1106,600011,5,54,30054,41,246.0,2.05,3.42555,0.70583516
cold,0,1,0,3e-05,0.05,512,3,5,4,256,6000,8.0,2633729,1,1,9974,1106,600011,5,54,30054,42,252.0,2.1,3.5091,0.70603842
cold,0,1,0,3e-05,0.05,512,3,5,4,256,6000,8.0,2633729,1,1,9974,1106,600011,5,54,30054,43,258.0,2.15,3.59265,0.70590532
cold,0,1,0,3e-05,0.05,512,3,5,4,256,6000,8.0,2633729,1,1,9974,1106,600011,5,54,30054,44,264.0,2.2,3.6762,0.70560414
cold,0,1,0,3e-05,0.05,512,3,5,4,256,6000,8.0,2633729,1,1,9974,1106,600011,5,54,30054,45,270.0,2.25,3.75975,0.70541978
cold,0,1,0,3e-05,0.05,512,3,5,4,256,6000,8.0,2633729,1,1,9974,1106,600011,5,54,30054,46,276.0,2.3,3.8433,0.70525002
cold,0,1,0,3e-05,0.05,512,3,5,4,256,6000,8.0,2633729,1,1,9974,1106,600011,5,54,30054,47,282.0,2.35,3.92685,0.7046876
cold,0,1,0,3e-05,0.05,512,3,5,4,256,6000,8.0,2633729,1,1,9974,1106,600011,5,54,30054,48,288.0,2.4,4.0104,0.70346969
cold,0,1,0,3e-05,0.05,512,3,5,4,256,6000,8.0,2633729,1,1,9974,1106,600011,5,54,30054,49,294.0,2.45,4.09395,0.70184231
cold,0,1,0,3e-05,0.05,512,3,5,4,256,6000,8.0,2633729,1,1,9974,1106,600011,5,54,30054,50,300.0,2.5,4.1775,0.70059592
cold,0,1,0,3e-05,0.05,512,3,5,4,256,6000,8.0,2633729,1,1,9974,1106,600011,5,54,30054,51,306.0,2.55,4.26105,0.7003594
cold,0,1,0,3e-05,0.05,512,3,5,4,256,6000,8.0,2633729,1,1,9974,1106,600011,5,54,30054,52,312.0,2.6,4.3446,0.70105076
cold,0,1,0,3e-05,0.05,512,3,5,4,256,6000,8.0,2633729,1,1,9974,1106,600011,5,54,30054,53,318.0,2.65,4.42815,0.70214885
cold,0,1,0,3e-05,0.05,512,3,5,4,256,6000,8.0,2633729,1,1,9974,1106,600011,5,54,30054,54,324.0,2.7,4.5117,0.70339179
cold,0,1,0,3e-05,0.05,512,3,5,4,256,6000,8.0,2633729,1,1,9974,1106,600011,5,54,30054,55,330.0,2.75,4.59525,0.70467788
cold,0,1,0,3e-05,0.05,512,3,5,4,256,6000,8.0,2633729,1,1,9974,1106,600011,5,54,30054,56,336.0,2.8,4.6788,0.70570886
cold,0,1,0,3e-05,0.05,512,3,5,4,256,6000,8.0,2633729,1,1,9974,1106,600011,5,54,30054,57,342.0,2.85,4.76235,0.70621985
cold,0,1,0,3e-05,0.05,512,3,5,4,256,6000,8.0,2633729,1,1,9974,1106,600011,5,54,30054,58,348.0,2.9,4.8459,0.70602638
cold,0,1,0,3e-05,0.05,512,3,5,4,256,6000,8.0,2633729,1,1,9974,1106,600011,5,54,30054,59,354.0,2.95,4.92945,0.70513636
cold,0,1,0,3e-05,0.05,512,3,5,4,256,6000,8.0,2633729,1,1,9974,1106,600011,5,54,30054,60,360.0,3.0,5.013,0.70426482
cold,0,1,0,3e-05,0.05,512,3,5,4,256,6000,8.0,2633729,1,1,9974,1106,600011,5,54,30054,61,366.0,3.05,5.09655,0.70424318
cold,0,1,0,3e-05,0.05,512,3,5,4,256,6000,8.0,2633729,1,1,9974,1106,600011,5,54,30054,62,372.0,3.1,5.1801,0.70514172
cold,0,1,0,3e-05,0.05,512,3,5,4,256,6000,8.0,2633729,1,1,9974,1106,600011,5,54,30054,63,378.0,3.15,5.26365,0.70653713
cold,0,1,0,3e-05,0.05,512,3,5,4,256,6000,8.0,2633729,1,1,9974,1106,600011,5,54,30054,64,384.0,3.2,5.3472,0.70792747
cold,0,1,0,3e-05,0.05,512,3,5,4,256,6000,8.0,2633729,1,1,9974,1106,600011,5,54,30054,65,390.0,3.25,5.43075,0.70888579
cold,0,1,0,3e-05,0.05,512,3,5,4,256,6000,8.0,2633729,1,1,9974,1106,600011,5,54,30054,66,396.0,3.3,5.5143,0.70902348
cold,0,1,0,3e-05,0.05,512,3,5,4,256,6000,8.0,2633729,1,1,9974,1106,600011,5,54,30054,67,402.0,3.35,5.59785,0.70804888
cold,0,1,0,3e-05,0.05,512,3,5,4,256,6000,8.0,2633729,1,1,9974,1106,600011,5,54,30054,68,408.0,3.4,5.6814,0.70601529
cold,0,1,0,3e-05,0.05,512,3,5,4,256,6000,8.0,2633729,1,1,9974,1106,600011,5,54,30054,69,414.0,3.45,5.76495,0.70355433
cold,0,1,0,3e-05,0.05,512,3,5,4,256,6000,8.0,2633729,1,1,9974,1106,600011,5,54,30054,70,420.0,3.5,5.8485,0.70179385
cold,0,1,0,3e-05,0.05,512,3,5,4,256,6000,8.0,2633729,1,1,9974,1106,600011,5,54,30054,71,426.0,3.55,5.93205,0.70145011
cold,0,1,0,3e-05,0.05,512,3,5,4,256,6000,8.0,2633729,1,1,9974,1106,600011,5,54,30054,72,432.0,3.6,6.0156,0.70223254
cold,0,1,0,3e-05,0.05,512,3,5,4,256,6000,8.0,2633729,1,1,9974,1106,600011,5,54,30054,73,438.0,3.65,6.09915,0.70335555
cold,0,1,0,3e-05,0.05,512,3,5,4,256,6000,8.0,2633729,1,1,9974,1106,600011,5,54,30054,74,444.0,3.7,6.1827,0.70441902
cold,0,1,0,3e-05,0.05,512,3,5,4,256,6000,8.0,2633729,1,1,9974,1106,600011,5,54,30054,75,450.0,3.75,6.26625,0.70533121
cold,0,1,0,3e-05,0.05,512,3,5,4,256,6000,8.0,2633729,1,1,9974,1106,600011,5,54,30054,76,456.0,3.8,6.3498,0.70599151
cold,0,1,0,3e-05,0.05,512,3,5,4,256,6000,8.0,2633729,1,1,9974,1106,600011,5,54,30054,77,462.0,3.85,6.43335,0.70634741
cold,0,1,0,3e-05,0.05,512,3,5,4,256,6000,8.0,2633729,1,1,9974,1106,600011,5,54,30054,78,468.0,3.9,6.5169,0.70624238
cold,0,1,0,3e-05,0.05,512,3,5,4,256,6000,8.0,2633729,1,1,9974,1106,600011,5,54,30054,79,474.0,3.95,6.60045,0.70553625
cold,0,1,0,3e-05,0.05,512,3,5,4,256,6000,8.0,2633729,1,1,9974,1106,600011,5,54,30054,80,480.0,4.0,6.684,0.70468503
cold,0,1,0,3e-05,0.05,512,3,5,4,256,6000,8.0,2633729,1,1,9974,1106,600011,5,54,30054,81,486.0,4.05,6.76755,0.7044068
cold,0,1,0,3e-05,0.05,512,3,5,4,256,6000,8.0,2633729,1,1,9974,1106,600011,5,54,30054,82,492.0,4.1,6.8511,0.70492566
cold,0,1,0,3e-05,0.05,512,3,5,4,256,6000,8.0,2633729,1,1,9974,1106,600011,5,54,30054,83,498.0,4.15,6.93465,0.70604211
cold,0,1,0,3e-05,0.05,512,3,5,4,256,6000,8.0,2633729,1,1,9974,1106,600011,5,54,30054,84,504.0,4.2,7.0182,0.70735592
cold,0,1,0,3e-05,0.05,512,3,5,4,256,6000,8.0,2633729,1,1,9974,1106,600011,5,54,30054,85,510.0,4.25,7.10175,0.70837897
cold,0,1,0,3e-05,0.05,512,3,5,4,256,6000,8.0,2633729,1,1,9974,1106,600011,5,54,30054,86,516.0,4.3,7.1853,0.70862925
cold,0,1,0,3e-05,0.05,512,3,5,4,256,6000,8.0,2633729,1,1,9974,1106,600011,5,54,30054,87,522.0,4.35,7.26885,0.70772266
cold,0,1,0,3e-05,0.05,512,3,5,4,256,6000,8.0,2633729,1,1,9974,1106,600011,5,54,30054,88,528.0,4.4,7.3524,0.70564079
cold,0,1,0,3e-05,0.05,512,3,5,4,256,6000,8.0,2633729,1,1,9974,1106,600011,5,54,30054,89,534.0,4.45,7.43595,0.70311666
cold,0,1,0,3e-05,0.05,512,3,5,4,256,6000,8.0,2633729,1,1,9974,1106,600011,5,54,30054,90,540.0,4.5,7.5195,0.70144403
cold,0,1,0,3e-05,0.05,512,3,5,4,256,6000,8.0,2633729,1,1,9974,1106,600011,5,54,30054,91,546.0,4.55,7.60305,0.70128262
cold,0,1,0,3e-05,0.05,512,3,5,4,256,6000,8.0,2633729,1,1,9974,1106,600011,5,54,30054,92,552.0,4.6,7.6866,0.70213377
cold,0,1,0,3e-05,0.05,512,3,5,4,256,6000,8.0,2633729,1,1,9974,1106,600011,5,54,30054,93,558.0,4.65,7.77015,0.70310605
cold,0,1,0,3e-05,0.05,512,3,5,4,256,6000,8.0,2633729,1,1,9974,1106,600011,5,54,30054,94,564.0,4.7,7.8537,0.70387083
cold,0,1,0,3e-05,0.05,512,3,5,4,256,6000,8.0,2633729,1,1,9974,1106,600011,5,54,30054,95,570.0,4.75,7.93725,0.70448142
cold,0,1,0,3e-05,0.05,512,3,5,4,256,6000,8.0,2633729,1,1,9974,1106,600011,5,54,30054,96,576.0,4.8,8.0208,0.7049439
cold,0,1,0,3e-05,0.05,512,3,5,4,256,6000,8.0,2633729,1,1,9974,1106,600011,5,54,30054,97,582.0,4.85,8.10435,0.70523161
cold,0,1,0,3e-05,0.05,512,3,5,4,256,6000,8.0,2633729,1,1,9974,1106,600011,5,54,30054,98,588.0,4.9,8.1879,0.70516008
cold,0,1,0,3e-05,0.05,512,3,5,4,256,6000,8.0,2633729,1,1,9974,1106,600011,5,54,30054,99,594.0,4.95,8.27145,0.7045421
cold,0,1,0,3e-05,0.05,512,3,5,4,256,6000,8.0,2633729,1,1,9974,1106,600011,5,54,30054,100,600.0,5.0,8.355,0.70377368
cold,0,1,0,3e-05,0.05,512,3,5,4,256,6000,8.0,2633729,1,1,9974,1106,600011,5,54,30054,101,606.0,5.05,8.43855,0.70356822
cold,0,1,0,3e-05,0.05,512,3,5,4,256,6000,8.0,2633729,1,1,9974,1106,600011,5,54,30054,102,612.0,5.1,8.5221,0.70422089
cold,0,1,0,3e-05,0.05,512,3,5,4,256,6000,8.0,2633729,1,1,9974,1106,600011,5,54,30054,103,618.0,5.15,8.60565,0.70562583
cold,0,1,0,3e-05,0.05,512,3,5,4,256,6000,8.0,2633729,1,1,9974,1106,600011,5,54,30054,104,624.0,5.2,8.6892,0.70745605
cold,0,1,0,3e-05,0.05,512,3,5,4,256,6000,8.0,2633729,1,1,9974,1106,600011,5,54,30054,105,630.0,5.25,8.77275,0.70917428
cold,0,1,0,3e-05,0.05,512,3,5,4,256,6000,8.0,2633729,1,1,9974,1106,600011,5,54,30054,106,636.0,5.3,8.8563,0.71011508
cold,0,1,0,3e-05,0.05,512,3,5,4,256,6000,8.0,2633729,1,1,9974,1106,600011,5,54,30054,107,642.0,5.35,8.93985,0.70971864
cold,0,1,0,3e-05,0.05,512,3,5,4,256,6000,8.0,2633729,1,1,9974,1106,600011,5,54,30054,108,648.0,5.4,9.0234,0.70784807
cold,0,1,0,3e-05,0.05,512,3,5,4,256,6000,8.0,2633729,1,1,9974,1106,600011,5,54,30054,109,654.0,5.45,9.10695,0.70517194
cold,0,1,0,3e-05,0.05,512,3,5,4,256,6000,8.0,2633729,1,1,9974,1106,600011,5,54,30054,110,660.0,5.5,9.1905,0.70307583
cold,0,1,0,3e-05,0.05,512,3,5,4,256,6000,8.0,2633729,1,1,9974,1106,600011,5,54,30054,111,666.0,5.55,9.27405,0.70243663
cold,0,1,0,3e-05,0.05,512,3,5,4,256,6000,8.0,2633729,1,1,9974,1106,600011,5,54,30054,112,672.0,5.6,9.3576,0.70293397
cold,0,1,0,3e-05,0.05,512,3,5,4,256,6000,8.0,2633729,1,1,9974,1106,600011,5,54,30054,113,678.0,5.65,9.44115,0.70373261
cold,0,1,0,3e-05,0.05,512,3,5,4,256,6000,8.0,2633729,1,1,9974,1106,600011,5,54,30054,114,684.0,5.7,9.5247,0.70449412
cold,0,1,0,3e-05,0.05,512,3,5,4,256,6000,8.0,2633729,1,1,9974,1106,600011,5,54,30054,115,690.0,5.75,9.60825,0.70529509
cold,0,1,0,3e-05,0.05,512,3,5,4,256,6000,8.0,2633729,1,1,9974,1106,600011,5,54,30054,116,696.0,5.8,9.6918,0.70612168
cold,0,1,0,3e-05,0.05,512,3,5,4,256,6000,8.0,2633729,1,1,9974,1106,600011,5,54,30054,117,702.0,5.85,9.77535,0.70676905
cold,0,1,0,3e-05,0.05,512,3,5,4,256,6000,8.0,2633729,1,1,9974,1106,600011,5,54,30054,118,708.0,5.9,9.8589,0.70684797
cold,0,1,0,3e-05,0.05,512,3,5,4,256,6000,8.0,2633729,1,1,9974,1106,600011,5,54,30054,119,714.0,5.95,9.94245,0.70615441
cold,0,1,0,3e-05,0.05,512,3,5,4,256,6000,8.0,2633729,1,1,9974,1106,600011,5,54,30054,120,720.0,6.0,10.026,0.70525277
cold,0,1,0,3e-05,0.05,512,3,5,4,256,6000,8.0,2633729,1,1,9974,1106,600011,5,234,30234,1,6.0,0.05,0.08355,0.04786428
cold,0,1,0,3e-05,0.05,512,3,5,4,256,6000,8.0,2633729,1,1,9974,1106,600011,5,234,30234,2,12.0,0.1,0.1671,0.07039949
cold,0,1,0,3e-05,0.05,512,3,5,4,256,6000,8.0,2633729,1,1,9974,1106,600011,5,234,30234,3,18.0,0.15,0.25065,0.09528539
cold,0,1,0,3e-05,0.05,512,3,5,4,256,6000,8.0,2633729,1,1,9974,1106,600011,5,234,30234,4,24.0,0.2,0.3342,0.12020189
cold,0,1,0,3e-05,0.05,512,3,5,4,256,6000,8.0,2633729,1,1,9974,1106,600011,5,234,30234,5,30.0,0.25,0.41775,0.14522292
cold,0,1,0,3e-05,0.05,512,3,5,4,256,6000,8.0,2633729,1,1,9974,1106,600011,5,234,30234,6,36.0,0.3,0.5013,0.17216808
cold,0,1,0,3e-05,0.05,512,3,5,4,256,6000,8.0,2633729,1,1,9974,1106,600011,5,234,30234,7,42.0,0.35,0.58485,0.20043662
cold,0,1,0,3e-05,0.05,512,3,5,4,256,6000,8.0,2633729,1,1,9974,1106,600011,5,234,30234,8,48.0,0.4,0.6684,0.22817893
cold,0,1,0,3e-05,0.05,512,3,5,4,256,6000,8.0,2633729,1,1,9974,1106,600011,5,234,30234,9,54.0,0.45,0.75195,0.2549879
cold,0,1,0,3e-05,0.05,512,3,5,4,256,6000,8.0,2633729,1,1,9974,1106,600011,5,234,30234,10,60.0,0.5,0.8355,0.28221974
cold,0,1,0,3e-05,0.05,512,3,5,4,256,6000,8.0,2633729,1,1,9974,1106,600011,5,234,30234,11,66.0,0.55,0.91905,0.31102014
cold,0,1,0,3e-05,0.05,512,3,5,4,256,6000,8.0,2633729,1,1,9974,1106,600011,5,234,30234,12,72.0,0.6,1.0026,0.33927745
cold,0,1,0,3e-05,0.05,512,3,5,4,256,6000,8.0,2633729,1,1,9974,1106,600011,5,234,30234,13,78.0,0.65,1.08615,0.3651292
cold,0,1,0,3e-05,0.05,512,3,5,4,256,6000,8.0,2633729,1,1,9974,1106,600011,5,234,30234,14,84.0,0.7,1.1697,0.39015344
cold,0,1,0,3e-05,0.05,512,3,5,4,256,6000,8.0,2633729,1,1,9974,1106,600011,5,234,30234,15,90.0,0.75,1.25325,0.41650978
cold,0,1,0,3e-05,0.05,512,3,5,4,256,6000,8.0,2633729,1,1,9974,1106,600011,5,234,30234,16,96.0,0.8,1.3368,0.44376305
cold,0,1,0,3e-05,0.05,512,3,5,4,256,6000,8.0,2633729,1,1,9974,1106,600011,5,234,30234,17,102.0,0.85,1.42035,0.47003239
cold,0,1,0,3e-05,0.05,512,3,5,4,256,6000,8.0,2633729,1,1,9974,1106,600011,5,234,30234,18,108.0,0.9,1.5039,0.49377942
cold,0,1,0,3e-05,0.05,512,3,5,4,256,6000,8.0,2633729,1,1,9974,1106,600011,5,234,30234,19,114.0,0.95,1.58745,0.51487345
cold,0,1,0,3e-05,0.05,512,3,5,4,256,6000,8.0,2633729,1,1,9974,1106,600011,5,234,30234,20,120.0,1.0,1.671,0.53497905
cold,0,1,0,3e-05,0.05,512,3,5,4,256,6000,8.0,2633729,1,1,9974,1106,600011,5,234,30234,21,126.0,1.05,1.75455,0.55542094
cold,0,1,0,3e-05,0.05,512,3,5,4,256,6000,8.0,2633729,1,1,9974,1106,600011,5,234,30234,22,132.0,1.1,1.8381,0.57606798
cold,0,1,0,3e-05,0.05,512,3,5,4,256,6000,8.0,2633729,1,1,9974,1106,600011,5,234,30234,23,138.0,1.15,1.92165,0.59666282
cold,0,1,0,3e-05,0.05,512,3,5,4,256,6000,8.0,2633729,1,1,9974,1106,600011,5,234,30234,24,144.0,1.2,2.0052,0.61687672
cold,0,1,0,3e-05,0.05,512,3,5,4,256,6000,8.0,2633729,1,1,9974,1106,600011,5,234,30234,25,150.0,1.25,2.08875,0.63589346
cold,0,1,0,3e-05,0.05,512,3,5,4,256,6000,8.0,2633729,1,1,9974,1106,600011,5,234,30234,26,156.0,1.3,2.1723,0.65396273
cold,0,1,0,3e-05,0.05,512,3,5,4,256,6000,8.0,2633729,1,1,9974,1106,600011,5,234,30234,27,162.0,1.35,2.25585,0.67123646
cold,0,1,0,3e-05,0.05,512,3,5,4,256,6000,8.0,2633729,1,1,9974,1106,600011,5,234,30234,28,168.0,1.4,2.3394,0.68608898
cold,0,1,0,3e-05,0.05,512,3,5,4,256,6000,8.0,2633729,1,1,9974,1106,600011,5,234,30234,29,174.0,1.45,2.42295,0.69745106
cold,0,1,0,3e-05,0.05,512,3,5,4,256,6000,8.0,2633729,1,1,9974,1106,600011,5,234,30234,30,180.0,1.5,2.5065,0.70627517
cold,0,1,0,3e-05,0.05,512,3,5,4,256,6000,8.0,2633729,1,1,9974,1106,600011,5,234,30234,31,186.0,1.55,2.59005,0.71442145
cold,0,1,0,3e-05,0.05,512,3,5,4,256,6000,8.0,2633729,1,1,9974,1106,600011,5,234,30234,32,192.0,1.6,2.6736,0.72345454
cold,0,1,0,3e-05,0.05,512,3,5,4,256,6000,8.0,2633729,1,1,9974,1106,600011,5,234,30234,33,198.0,1.65,2.75715,0.73404282
cold,0,1,0,3e-05,0.05,512,3,5,4,256,6000,8.0,2633729,1,1,9974,1106,600011,5,234,30234,34,204.0,1.7,2.8407,0.74625212
cold,0,1,0,3e-05,0.05,512,3,5,4,256,6000,8.0,2633729,1,1,9974,1106,600011,5,234,30234,35,210.0,1.75,2.92425,0.75955087
cold,0,1,0,3e-05,0.05,512,3,5,4,256,6000,8.0,2633729,1,1,9974,1106,600011,5,234,30234,36,216.0,1.8,3.0078,0.77220851
cold,0,1,0,3e-05,0.05,512,3,5,4,256,6000,8.0,2633729,1,1,9974,1106,600011,5,234,30234,37,222.0,1.85,3.09135,0.78237677
cold,0,1,0,3e-05,0.05,512,3,5,4,256,6000,8.0,2633729,1,1,9974,1106,600011,5,234,30234,38,228.0,1.9,3.1749,0.78928596
cold,0,1,0,3e-05,0.05,512,3,5,4,256,6000,8.0,2633729,1,1,9974,1106,600011,5,234,30234,39,234.0,1.95,3.25845,0.79328382
cold,0,1,0,3e-05,0.05,512,3,5,4,256,6000,8.0,2633729,1,1,9974,1106,600011,5,234,30234,40,240.0,2.0,3.342,0.79652959
cold,0,1,0,3e-05,0.05,512,3,5,4,256,6000,8.0,2633729,1,1,9974,1106,600011,5,234,30234,41,246.0,2.05,3.42555,0.80209738
cold,0,1,0,3e-05,0.05,512,3,5,4,256,6000,8.0,2633729,1,1,9974,1106,600011,5,234,30234,42,252.0,2.1,3.5091,0.81078148
cold,0,1,0,3e-05,0.05,512,3,5,4,256,6000,8.0,2633729,1,1,9974,1106,600011,5,234,30234,43,258.0,2.15,3.59265,0.82039911
cold,0,1,0,3e-05,0.05,512,3,5,4,256,6000,8.0,2633729,1,1,9974,1106,600011,5,234,30234,44,264.0,2.2,3.6762,0.82878542
cold,0,1,0,3e-05,0.05,512,3,5,4,256,6000,8.0,2633729,1,1,9974,1106,600011,5,234,30234,45,270.0,2.25,3.75975,0.83625472
cold,0,1,0,3e-05,0.05,512,3,5,4,256,6000,8.0,2633729,1,1,9974,1106,600011,5,234,30234,46,276.0,2.3,3.8433,0.84384704
cold,0,1,0,3e-05,0.05,512,3,5,4,256,6000,8.0,2633729,1,1,9974,1106,600011,5,234,30234,47,282.0,2.35,3.92685,0.8504405
cold,0,1,0,3e-05,0.05,512,3,5,4,256,6000,8.0,2633729,1,1,9974,1106,600011,5,234,30234,48,288.0,2.4,4.0104,0.85367161
cold,0,1,0,3e-05,0.05,512,3,5,4,256,6000,8.0,2633729,1,1,9974,1106,600011,5,234,30234,49,294.0,2.45,4.09395,0.8535794
cold,0,1,0,3e-05,0.05,512,3,5,4,256,6000,8.0,2633729,1,1,9974,1106,600011,5,234,30234,50,300.0,2.5,4.1775,0.85289389
cold,0,1,0,3e-05,0.05,512,3,5,4,256,6000,8.0,2633729,1,1,9974,1106,600011,5,234,30234,51,306.0,2.55,4.26105,0.85401177
cold,0,1,0,3e-05,0.05,512,3,5,4,256,6000,8.0,2633729,1,1,9974,1106,600011,5,234,30234,52,312.0,2.6,4.3446,0.85791975
cold,0,1,0,3e-05,0.05,512,3,5,4,256,6000,8.0,2633729,1,1,9974,1106,600011,5,234,30234,53,318.0,2.65,4.42815,0.86422497
cold,0,1,0,3e-05,0.05,512,3,5,4,256,6000,8.0,2633729,1,1,9974,1106,600011,5,234,30234,54,324.0,2.7,4.5117,0.87163568
cold,0,1,0,3e-05,0.05,512,3,5,4,256,6000,8.0,2633729,1,1,9974,1106,600011,5,234,30234,55,330.0,2.75,4.59525,0.87898833
cold,0,1,0,3e-05,0.05,512,3,5,4,256,6000,8.0,2633729,1,1,9974,1106,600011,5,234,30234,56,336.0,2.8,4.6788,0.88506895
cold,0,1,0,3e-05,0.05,512,3,5,4,256,6000,8.0,2633729,1,1,9974,1106,600011,5,234,30234,57,342.0,2.85,4.76235,0.88819516
cold,0,1,0,3e-05,0.05,512,3,5,4,256,6000,8.0,2633729,1,1,9974,1106,600011,5,234,30234,58,348.0,2.9,4.8459,0.88740277
cold,0,1,0,3e-05,0.05,512,3,5,4,256,6000,8.0,2633729,1,1,9974,1106,600011,5,234,30234,59,354.0,2.95,4.92945,0.88390195
cold,0,1,0,3e-05,0.05,512,3,5,4,256,6000,8.0,2633729,1,1,9974,1106,600011,5,234,30234,60,360.0,3.0,5.013,0.88172251
cold,0,1,0,3e-05,0.05,512,3,5,4,256,6000,8.0,2633729,1,1,9974,1106,600011,5,234,30234,61,366.0,3.05,5.09655,0.88472098
cold,0,1,0,3e-05,0.05,512,3,5,4,256,6000,8.0,2633729,1,1,9974,1106,600011,5,234,30234,62,372.0,3.1,5.1801,0.89230978
cold,0,1,0,3e-05,0.05,512,3,5,4,256,6000,8.0,2633729,1,1,9974,1106,600011,5,234,30234,63,378.0,3.15,5.26365,0.90071982
cold,0,1,0,3e-05,0.05,512,3,5,4,256,6000,8.0,2633729,1,1,9974,1106,600011,5,234,30234,64,384.0,3.2,5.3472,0.90722364
cold,0,1,0,3e-05,0.05,512,3,5,4,256,6000,8.0,2633729,1,1,9974,1106,600011,5,234,30234,65,390.0,3.25,5.43075,0.91141438
cold,0,1,0,3e-05,0.05,512,3,5,4,256,6000,8.0,2633729,1,1,9974,1106,600011,5,234,30234,66,396.0,3.3,5.5143,0.9131546
cold,0,1,0,3e-05,0.05,512,3,5,4,256,6000,8.0,2633729,1,1,9974,1106,600011,5,234,30234,67,402.0,3.35,5.59785,0.91162032
cold,0,1,0,3e-05,0.05,512,3,5,4,256,6000,8.0,2633729,1,1,9974,1106,600011,5,234,30234,68,408.0,3.4,5.6814,0.9074744
cold,0,1,0,3e-05,0.05,512,3,5,4,256,6000,8.0,2633729,1,1,9974,1106,600011,5,234,30234,69,414.0,3.45,5.76495,0.90312076
cold,0,1,0,3e-05,0.05,512,3,5,4,256,6000,8.0,2633729,1,1,9974,1106,600011,5,234,30234,70,420.0,3.5,5.8485,0.90029079
cold,0,1,0,3e-05,0.05,512,3,5,4,256,6000,8.0,2633729,1,1,9974,1106,600011,5,234,30234,71,426.0,3.55,5.93205,0.89900112
cold,0,1,0,3e-05,0.05,512,3,5,4,256,6000,8.0,2633729,1,1,9974,1106,600011,5,234,30234,72,432.0,3.6,6.0156,0.89877343
cold,0,1,0,3e-05,0.05,512,3,5,4,256,6000,8.0,2633729,1,1,9974,1106,600011,5,234,30234,73,438.0,3.65,6.09915,0.90059692
cold,0,1,0,3e-05,0.05,512,3,5,4,256,6000,8.0,2633729,1,1,9974,1106,600011,5,234,30234,74,444.0,3.7,6.1827,0.90618521
cold,0,1,0,3e-05,0.05,512,3,5,4,256,6000,8.0,2633729,1,1,9974,1106,600011,5,234,30234,75,450.0,3.75,6.26625,0.91494942
cold,0,1,0,3e-05,0.05,512,3,5,4,256,6000,8.0,2633729,1,1,9974,1106,600011,5,234,30234,76,456.0,3.8,6.3498,0.92335933
cold,0,1,0,3e-05,0.05,512,3,5,4,256,6000,8.0,2633729,1,1,9974,1106,600011,5,234,30234,77,462.0,3.85,6.43335,0.92786705
cold,0,1,0,3e-05,0.05,512,3,5,4,256,6000,8.0,2633729,1,1,9974,1106,600011,5,234,30234,78,468.0,3.9,6.5169,0.92801142
cold,0,1,0,3e-05,0.05,512,3,5,4,256,6000,8.0,2633729,1,1,9974,1106,600011,5,234,30234,79,474.0,3.95,6.60045,0.92597431
cold,0,1,0,3e-05,0.05,512,3,5,4,256,6000,8.0,2633729,1,1,9974,1106,600011,5,234,30234,80,480.0,4.0,6.684,0.92398721
cold,0,1,0,3e-05,0.05,512,3,5,4,256,6000,8.0,2633729,1,1,9974,1106,600011,5,234,30234,81,486.0,4.05,6.76755,0.92321038
cold,0,1,0,3e-05,0.05,512,3,5,4,256,6000,8.0,2633729,1,1,9974,1106,600011,5,234,30234,82,492.0,4.1,6.8511,0.92398477
cold,0,1,0,3e-05,0.05,512,3,5,4,256,6000,8.0,2633729,1,1,9974,1106,600011,5,234,30234,83,498.0,4.15,6.93465,0.92594761
cold,0,1,0,3e-05,0.05,512,3,5,4,256,6000,8.0,2633729,1,1,9974,1106,600011,5,234,30234,84,504.0,4.2,7.0182,0.92832321
cold,0,1,0,3e-05,0.05,512,3,5,4,256,6000,8.0,2633729,1,1,9974,1106,600011,5,234,30234,85,510.0,4.25,7.10175,0.93024695
cold,0,1,0,3e-05,0.05,512,3,5,4,256,6000,8.0,2633729,1,1,9974,1106,600011,5,234,30234,86,516.0,4.3,7.1853,0.93066102
cold,0,1,0,3e-05,0.05,512,3,5,4,256,6000,8.0,2633729,1,1,9974,1106,600011,5,234,30234,87,522.0,4.35,7.26885,0.92933339
cold,0,1,0,3e-05,0.05,512,3,5,4,256,6000,8.0,2633729,1,1,9974,1106,600011,5,234,30234,88,528.0,4.4,7.3524,0.92764884
cold,0,1,0,3e-05,0.05,512,3,5,4,256,6000,8.0,2633729,1,1,9974,1106,600011,5,234,30234,89,534.0,4.45,7.43595,0.92716467
cold,0,1,0,3e-05,0.05,512,3,5,4,256,6000,8.0,2633729,1,1,9974,1106,600011,5,234,30234,90,540.0,4.5,7.5195,0.92813867
cold,0,1,0,3e-05,0.05,512,3,5,4,256,6000,8.0,2633729,1,1,9974,1106,600011,5,234,30234,91,546.0,4.55,7.60305,0.93013883
cold,0,1,0,3e-05,0.05,512,3,5,4,256,6000,8.0,2633729,1,1,9974,1106,600011,5,234,30234,92,552.0,4.6,7.6866,0.93271601
cold,0,1,0,3e-05,0.05,512,3,5,4,256,6000,8.0,2633729,1,1,9974,1106,600011,5,234,30234,93,558.0,4.65,7.77015,0.93499178
cold,0,1,0,3e-05,0.05,512,3,5,4,256,6000,8.0,2633729,1,1,9974,1106,600011,5,234,30234,94,564.0,4.7,7.8537,0.93627214
cold,0,1,0,3e-05,0.05,512,3,5,4,256,6000,8.0,2633729,1,1,9974,1106,600011,5,234,30234,95,570.0,4.75,7.93725,0.93611598
cold,0,1,0,3e-05,0.05,512,3,5,4,256,6000,8.0,2633729,1,1,9974,1106,600011,5,234,30234,96,576.0,4.8,8.0208,0.9346776
cold,0,1,0,3e-05,0.05,512,3,5,4,256,6000,8.0,2633729,1,1,9974,1106,600011,5,234,30234,97,582.0,4.85,8.10435,0.93384272
cold,0,1,0,3e-05,0.05,512,3,5,4,256,6000,8.0,2633729,1,1,9974,1106,600011,5,234,30234,98,588.0,4.9,8.1879,0.93499517
cold,0,1,0,3e-05,0.05,512,3,5,4,256,6000,8.0,2633729,1,1,9974,1106,600011,5,234,30234,99,594.0,4.95,8.27145,0.93666768
cold,0,1,0,3e-05,0.05,512,3,5,4,256,6000,8.0,2633729,1,1,9974,1106,600011,5,234,30234,100,600.0,5.0,8.355,0.93726248
cold,0,1,0,3e-05,0.05,512,3,5,4,256,6000,8.0,2633729,1,1,9974,1106,600011,5,234,30234,101,606.0,5.05,8.43855,0.93741906
cold,0,1,0,3e-05,0.05,512,3,5,4,256,6000,8.0,2633729,1,1,9974,1106,600011,5,234,30234,102,612.0,5.1,8.5221,0.93833917
cold,0,1,0,3e-05,0.05,512,3,5,4,256,6000,8.0,2633729,1,1,9974,1106,600011,5,234,30234,103,618.0,5.15,8.60565,0.93932939
cold,0,1,0,3e-05,0.05,512,3,5,4,256,6000,8.0,2633729,1,1,9974,1106,600011,5,234,30234,104,624.0,5.2,8.6892,0.93890095
cold,0,1,0,3e-05,0.05,512,3,5,4,256,6000,8.0,2633729,1,1,9974,1106,600011,5,234,30234,105,630.0,5.25,8.77275,0.93752217
cold,0,1,0,3e-05,0.05,512,3,5,4,256,6000,8.0,2633729,1,1,9974,1106,600011,5,234,30234,106,636.0,5.3,8.8563,0.93688327
cold,0,1,0,3e-05,0.05,512,3,5,4,256,6000,8.0,2633729,1,1,9974,1106,600011,5,234,30234,107,642.0,5.35,8.93985,0.93769497
cold,0,1,0,3e-05,0.05,512,3,5,4,256,6000,8.0,2633729,1,1,9974,1106,600011,5,234,30234,108,648.0,5.4,9.0234,0.93951017
cold,0,1,0,3e-05,0.05,512,3,5,4,256,6000,8.0,2633729,1,1,9974,1106,600011,5,234,30234,109,654.0,5.45,9.10695,0.94193006
cold,0,1,0,3e-05,0.05,512,3,5,4,256,6000,8.0,2633729,1,1,9974,1106,600011,5,234,30234,110,660.0,5.5,9.1905,0.9446466
cold,0,1,0,3e-05,0.05,512,3,5,4,256,6000,8.0,2633729,1,1,9974,1106,600011,5,234,30234,111,666.0,5.55,9.27405,0.94684392
cold,0,1,0,3e-05,0.05,512,3,5,4,256,6000,8.0,2633729,1,1,9974,1106,600011,5,234,30234,112,672.0,5.6,9.3576,0.94821274
cold,0,1,0,3e-05,0.05,512,3,5,4,256,6000,8.0,2633729,1,1,9974,1106,600011,5,234,30234,113,678.0,5.65,9.44115,0.94899619
cold,0,1,0,3e-05,0.05,512,3,5,4,256,6000,8.0,2633729,1,1,9974,1106,600011,5,234,30234,114,684.0,5.7,9.5247,0.94914776
cold,0,1,0,3e-05,0.05,512,3,5,4,256,6000,8.0,2633729,1,1,9974,1106,600011,5,234,30234,115,690.0,5.75,9.60825,0.94900763
cold,0,1,0,3e-05,0.05,512,3,5,4,256,6000,8.0,2633729,1,1,9974,1106,600011,5,234,30234,116,696.0,5.8,9.6918,0.94982708
cold,0,1,0,3e-05,0.05,512,3,5,4,256,6000,8.0,2633729,1,1,9974,1106,600011,5,234,30234,117,702.0,5.85,9.77535,0.95175791
cold,0,1,0,3e-05,0.05,512,3,5,4,256,6000,8.0,2633729,1,1,9974,1106,600011,5,234,30234,118,708.0,5.9,9.8589,0.95299894
cold,0,1,0,3e-05,0.05,512,3,5,4,256,6000,8.0,2633729,1,1,9974,1106,600011,5,234,30234,119,714.0,5.95,9.94245,0.95211357
cold,0,1,0,3e-05,0.05,512,3,5,4,256,6000,8.0,2633729,1,1,9974,1106,600011,5,234,30234,120,720.0,6.0,10.026,0.95030683
cold,0,1,0,3e-05,0.05,512,3,5,4,256,6000,8.0,2633729,1,1,9974,1106,600011,5,1023,31023,1,6.0,0.05,0.08355,0.02390343
cold,0,1,0,3e-05,0.05,512,3,5,4,256,6000,8.0,2633729,1,1,9974,1106,600011,5,1023,31023,2,12.0,0.1,0.1671,0.02769992
cold,0,1,0,3e-05,0.05,512,3,5,4,256,6000,8.0,2633729,1,1,9974,1106,600011,5,1023,31023,3,18.0,0.15,0.25065,0.03259251
cold,0,1,0,3e-05,0.05,512,3,5,4,256,6000,8.0,2633729,1,1,9974,1106,600011,5,1023,31023,4,24.0,0.2,0.3342,0.0381855
cold,0,1,0,3e-05,0.05,512,3,5,4,256,6000,8.0,2633729,1,1,9974,1106,600011,5,1023,31023,5,30.0,0.25,0.41775,0.04398302
cold,0,1,0,3e-05,0.05,512,3,5,4,256,6000,8.0,2633729,1,1,9974,1106,600011,5,1023,31023,6,36.0,0.3,0.5013,0.05033216
cold,0,1,0,3e-05,0.05,512,3,5,4,256,6000,8.0,2633729,1,1,9974,1106,600011,5,1023,31023,7,42.0,0.35,0.58485,0.05741871
cold,0,1,0,3e-05,0.05,512,3,5,4,256,6000,8.0,2633729,1,1,9974,1106,600011,5,1023,31023,8,48.0,0.4,0.6684,0.06491335
cold,0,1,0,3e-05,0.05,512,3,5,4,256,6000,8.0,2633729,1,1,9974,1106,600011,5,1023,31023,9,54.0,0.45,0.75195,0.07328462
cold,0,1,0,3e-05,0.05,512,3,5,4,256,6000,8.0,2633729,1,1,9974,1106,600011,5,1023,31023,10,60.0,0.5,0.8355,0.0832541
cold,0,1,0,3e-05,0.05,512,3,5,4,256,6000,8.0,2633729,1,1,9974,1106,600011,5,1023,31023,11,66.0,0.55,0.91905,0.09416924
cold,0,1,0,3e-05,0.05,512,3,5,4,256,6000,8.0,2633729,1,1,9974,1106,600011,5,1023,31023,12,72.0,0.6,1.0026,0.10540052
cold,0,1,0,3e-05,0.05,512,3,5,4,256,6000,8.0,2633729,1,1,9974,1106,600011,5,1023,31023,13,78.0,0.65,1.08615,0.11778809
cold,0,1,0,3e-05,0.05,512,3,5,4,256,6000,8.0,2633729,1,1,9974,1106,600011,5,1023,31023,14,84.0,0.7,1.1697,0.13245824
cold,0,1,0,3e-05,0.05,512,3,5,4,256,6000,8.0,2633729,1,1,9974,1106,600011,5,1023,31023,15,90.0,0.75,1.25325,0.14893232
cold,0,1,0,3e-05,0.05,512,3,5,4,256,6000,8.0,2633729,1,1,9974,1106,600011,5,1023,31023,16,96.0,0.8,1.3368,0.16555184
cold,0,1,0,3e-05,0.05,512,3,5,4,256,6000,8.0,2633729,1,1,9974,1106,600011,5,1023,31023,17,102.0,0.85,1.42035,0.18075092
cold,0,1,0,3e-05,0.05,512,3,5,4,256,6000,8.0,2633729,1,1,9974,1106,600011,5,1023,31023,18,108.0,0.9,1.5039,0.19464815
cold,0,1,0,3e-05,0.05,512,3,5,4,256,6000,8.0,2633729,1,1,9974,1106,600011,5,1023,31023,19,114.0,0.95,1.58745,0.20872305
cold,0,1,0,3e-05,0.05,512,3,5,4,256,6000,8.0,2633729,1,1,9974,1106,600011,5,1023,31023,20,120.0,1.0,1.671,0.2244046
cold,0,1,0,3e-05,0.05,512,3,5,4,256,6000,8.0,2633729,1,1,9974,1106,600011,5,1023,31023,21,126.0,1.05,1.75455,0.24228957
cold,0,1,0,3e-05,0.05,512,3,5,4,256,6000,8.0,2633729,1,1,9974,1106,600011,5,1023,31023,22,132.0,1.1,1.8381,0.2622973
cold,0,1,0,3e-05,0.05,512,3,5,4,256,6000,8.0,2633729,1,1,9974,1106,600011,5,1023,31023,23,138.0,1.15,1.92165,0.28389335
cold,0,1,0,3e-05,0.05,512,3,5,4,256,6000,8.0,2633729,1,1,9974,1106,600011,5,1023,31023,24,144.0,1.2,2.0052,0.30643424
cold,0,1,0,3e-05,0.05,512,3,5,4,256,6000,8.0,2633729,1,1,9974,1106,600011,5,1023,31023,25,150.0,1.25,2.08875,0.32892781
cold,0,1,0,3e-05,0.05,512,3,5,4,256,6000,8.0,2633729,1,1,9974,1106,600011,5,1023,31023,26,156.0,1.3,2.1723,0.35042197
cold,0,1,0,3e-05,0.05,512,3,5,4,256,6000,8.0,2633729,1,1,9974,1106,600011,5,1023,31023,27,162.0,1.35,2.25585,0.37060791
cold,0,1,0,3e-05,0.05,512,3,5,4,256,6000,8.0,2633729,1,1,9974,1106,600011,5,1023,31023,28,168.0,1.4,2.3394,0.38987499
cold,0,1,0,3e-05,0.05,512,3,5,4,256,6000,8.0,2633729,1,1,9974,1106,600011,5,1023,31023,29,174.0,1.45,2.42295,0.40926301
cold,0,1,0,3e-05,0.05,512,3,5,4,256,6000,8.0,2633729,1,1,9974,1106,600011,5,1023,31023,30,180.0,1.5,2.5065,0.43006685
cold,0,1,0,3e-05,0.05,512,3,5,4,256,6000,8.0,2633729,1,1,9974,1106,600011,5,1023,31023,31,186.0,1.55,2.59005,0.45317081
cold,0,1,0,3e-05,0.05,512,3,5,4,256,6000,8.0,2633729,1,1,9974,1106,600011,5,1023,31023,32,192.0,1.6,2.6736,0.47691333
cold,0,1,0,3e-05,0.05,512,3,5,4,256,6000,8.0,2633729,1,1,9974,1106,600011,5,1023,31023,33,198.0,1.65,2.75715,0.49832636
cold,0,1,0,3e-05,0.05,512,3,5,4,256,6000,8.0,2633729,1,1,9974,1106,600011,5,1023,31023,34,204.0,1.7,2.8407,0.51698655
cold,0,1,0,3e-05,0.05,512,3,5,4,256,6000,8.0,2633729,1,1,9974,1106,600011,5,1023,31023,35,210.0,1.75,2.92425,0.53514516
cold,0,1,0,3e-05,0.05,512,3,5,4,256,6000,8.0,2633729,1,1,9974,1106,600011,5,1023,31023,36,216.0,1.8,3.0078,0.55479997
cold,0,1,0,3e-05,0.05,512,3,5,4,256,6000,8.0,2633729,1,1,9974,1106,600011,5,1023,31023,37,222.0,1.85,3.09135,0.57561308
cold,0,1,0,3e-05,0.05,512,3,5,4,256,6000,8.0,2633729,1,1,9974,1106,600011,5,1023,31023,38,228.0,1.9,3.1749,0.59633315
cold,0,1,0,3e-05,0.05,512,3,5,4,256,6000,8.0,2633729,1,1,9974,1106,600011,5,1023,31023,39,234.0,1.95,3.25845,0.61625582
cold,0,1,0,3e-05,0.05,512,3,5,4,256,6000,8.0,2633729,1,1,9974,1106,600011,5,1023,31023,40,240.0,2.0,3.342,0.63430548
cold,0,1,0,3e-05,0.05,512,3,5,4,256,6000,8.0,2633729,1,1,9974,1106,600011,5,1023,31023,41,246.0,2.05,3.42555,0.64963186
cold,0,1,0,3e-05,0.05,512,3,5,4,256,6000,8.0,2633729,1,1,9974,1106,600011,5,1023,31023,42,252.0,2.1,3.5091,0.66298544
cold,0,1,0,3e-05,0.05,512,3,5,4,256,6000,8.0,2633729,1,1,9974,1106,600011,5,1023,31023,43,258.0,2.15,3.59265,0.6758104
cold,0,1,0,3e-05,0.05,512,3,5,4,256,6000,8.0,2633729,1,1,9974,1106,600011,5,1023,31023,44,264.0,2.2,3.6762,0.68854046
cold,0,1,0,3e-05,0.05,512,3,5,4,256,6000,8.0,2633729,1,1,9974,1106,600011,5,1023,31023,45,270.0,2.25,3.75975,0.699727
cold,0,1,0,3e-05,0.05,512,3,5,4,256,6000,8.0,2633729,1,1,9974,1106,600011,5,1023,31023,46,276.0,2.3,3.8433,0.71051317
cold,0,1,0,3e-05,0.05,512,3,5,4,256,6000,8.0,2633729,1,1,9974,1106,600011,5,1023,31023,47,282.0,2.35,3.92685,0.72284418
cold,0,1,0,3e-05,0.05,512,3,5,4,256,6000,8.0,2633729,1,1,9974,1106,600011,5,1023,31023,48,288.0,2.4,4.0104,0.73504311
cold,0,1,0,3e-05,0.05,512,3,5,4,256,6000,8.0,2633729,1,1,9974,1106,600011,5,1023,31023,49,294.0,2.45,4.09395,0.74570012
cold,0,1,0,3e-05,0.05,512,3,5,4,256,6000,8.0,2633729,1,1,9974,1106,600011,5,1023,31023,50,300.0,2.5,4.1775,0.75577897
cold,0,1,0,3e-05,0.05,512,3,5,4,256,6000,8.0,2633729,1,1,9974,1106,600011,5,1023,31023,51,306.0,2.55,4.26105,0.76702189
cold,0,1,0,3e-05,0.05,512,3,5,4,256,6000,8.0,2633729,1,1,9974,1106,600011,5,1023,31023,52,312.0,2.6,4.3446,0.78014541
cold,0,1,0,3e-05,0.05,512,3,5,4,256,6000,8.0,2633729,1,1,9974,1106,600011,5,1023,31023,53,318.0,2.65,4.42815,0.79484642
cold,0,1,0,3e-05,0.05,512,3,5,4,256,6000,8.0,2633729,1,1,9974,1106,600011,5,1023,31023,54,324.0,2.7,4.5117,0.81045121
cold,0,1,0,3e-05,0.05,512,3,5,4,256,6000,8.0,2633729,1,1,9974,1106,600011,5,1023,31023,55,330.0,2.75,4.59525,0.82589501
cold,0,1,0,3e-05,0.05,512,3,5,4,256,6000,8.0,2633729,1,1,9974,1106,600011,5,1023,31023,56,336.0,2.8,4.6788,0.8394624
cold,0,1,0,3e-05,0.05,512,3,5,4,256,6000,8.0,2633729,1,1,9974,1106,600011,5,1023,31023,57,342.0,2.85,4.76235,0.85023338
cold,0,1,0,3e-05,0.05,512,3,5,4,256,6000,8.0,2633729,1,1,9974,1106,600011,5,1023,31023,58,348.0,2.9,4.8459,0.85862863
cold,0,1,0,3e-05,0.05,512,3,5,4,256,6000,8.0,2633729,1,1,9974,1106,600011,5,1023,31023,59,354.0,2.95,4.92945,0.86400163
cold,0,1,0,3e-05,0.05,512,3,5,4,256,6000,8.0,2633729,1,1,9974,1106,600011,5,1023,31023,60,360.0,3.0,5.013,0.86675245
cold,0,1,0,3e-05,0.05,512,3,5,4,256,6000,8.0,2633729,1,1,9974,1106,600011,5,1023,31023,61,366.0,3.05,5.09655,0.87053937
cold,0,1,0,3e-05,0.05,512,3,5,4,256,6000,8.0,2633729,1,1,9974,1106,600011,5,1023,31023,62,372.0,3.1,5.1801,0.87794113
cold,0,1,0,3e-05,0.05,512,3,5,4,256,6000,8.0,2633729,1,1,9974,1106,600011,5,1023,31023,63,378.0,3.15,5.26365,0.88782245
cold,0,1,0,3e-05,0.05,512,3,5,4,256,6000,8.0,2633729,1,1,9974,1106,600011,5,1023,31023,64,384.0,3.2,5.3472,0.89768463
cold,0,1,0,3e-05,0.05,512,3,5,4,256,6000,8.0,2633729,1,1,9974,1106,600011,5,1023,31023,65,390.0,3.25,5.43075,0.9060424
cold,0,1,0,3e-05,0.05,512,3,5,4,256,6000,8.0,2633729,1,1,9974,1106,600011,5,1023,31023,66,396.0,3.3,5.5143,0.91253054
cold,0,1,0,3e-05,0.05,512,3,5,4,256,6000,8.0,2633729,1,1,9974,1106,600011,5,1023,31023,67,402.0,3.35,5.59785,0.91684878
cold,0,1,0,3e-05,0.05,512,3,5,4,256,6000,8.0,2633729,1,1,9974,1106,600011,5,1023,31023,68,408.0,3.4,5.6814,0.91842186
cold,0,1,0,3e-05,0.05,512,3,5,4,256,6000,8.0,2633729,1,1,9974,1106,600011,5,1023,31023,69,414.0,3.45,5.76495,0.91859609
cold,0,1,0,3e-05,0.05,512,3,5,4,256,6000,8.0,2633729,1,1,9974,1106,600011,5,1023,31023,70,420.0,3.5,5.8485,0.91958994
cold,0,1,0,3e-05,0.05,512,3,5,4,256,6000,8.0,2633729,1,1,9974,1106,600011,5,1023,31023,71,426.0,3.55,5.93205,0.92106599
cold,0,1,0,3e-05,0.05,512,3,5,4,256,6000,8.0,2633729,1,1,9974,1106,600011,5,1023,31023,72,432.0,3.6,6.0156,0.92168289
cold,0,1,0,3e-05,0.05,512,3,5,4,256,6000,8.0,2633729,1,1,9974,1106,600011,5,1023,31023,73,438.0,3.65,6.09915,0.92088711
cold,0,1,0,3e-05,0.05,512,3,5,4,256,6000,8.0,2633729,1,1,9974,1106,600011,5,1023,31023,74,444.0,3.7,6.1827,0.920147
cold,0,1,0,3e-05,0.05,512,3,5,4,256,6000,8.0,2633729,1,1,9974,1106,600011,5,1023,31023,75,450.0,3.75,6.26625,0.92315137
cold,0,1,0,3e-05,0.05,512,3,5,4,256,6000,8.0,2633729,1,1,9974,1106,600011,5,1023,31023,76,456.0,3.8,6.3498,0.93123293
cold,0,1,0,3e-05,0.05,512,3,5,4,256,6000,8.0,2633729,1,1,9974,1106,600011,5,1023,31023,77,462.0,3.85,6.43335,0.94103271
cold,0,1,0,3e-05,0.05,512,3,5,4,256,6000,8.0,2633729,1,1,9974,1106,600011,5,1023,31023,78,468.0,3.9,6.5169,0.94779468
cold,0,1,0,3e-05,0.05,512,3,5,4,256,6000,8.0,2633729,1,1,9974,1106,600011,5,1023,31023,79,474.0,3.95,6.60045,0.95001018
cold,0,1,0,3e-05,0.05,512,3,5,4,256,6000,8.0,2633729,1,1,9974,1106,600011,5,1023,31023,80,480.0,4.0,6.684,0.95015836
cold,0,1,0,3e-05,0.05,512,3,5,4,256,6000,8.0,2633729,1,1,9974,1106,600011,5,1023,31023,81,486.0,4.05,6.76755,0.95003676
cold,0,1,0,3e-05,0.05,512,3,5,4,256,6000,8.0,2633729,1,1,9974,1106,600011,5,1023,31023,82,492.0,4.1,6.8511,0.94876015
cold,0,1,0,3e-05,0.05,512,3,5,4,256,6000,8.0,2633729,1,1,9974,1106,600011,5,1023,31023,83,498.0,4.15,6.93465,0.94709593
cold,0,1,0,3e-05,0.05,512,3,5,4,256,6000,8.0,2633729,1,1,9974,1106,600011,5,1023,31023,84,504.0,4.2,7.0182,0.9467805
cold,0,1,0,3e-05,0.05,512,3,5,4,256,6000,8.0,2633729,1,1,9974,1106,600011,5,1023,31023,85,510.0,4.25,7.10175,0.94773471
cold,0,1,0,3e-05,0.05,512,3,5,4,256,6000,8.0,2633729,1,1,9974,1106,600011,5,1023,31023,86,516.0,4.3,7.1853,0.94929945
cold,0,1,0,3e-05,0.05,512,3,5,4,256,6000,8.0,2633729,1,1,9974,1106,600011,5,1023,31023,87,522.0,4.35,7.26885,0.95221537
cold,0,1,0,3e-05,0.05,512,3,5,4,256,6000,8.0,2633729,1,1,9974,1106,600011,5,1023,31023,88,528.0,4.4,7.3524,0.95755208
cold,0,1,0,3e-05,0.05,512,3,5,4,256,6000,8.0,2633729,1,1,9974,1106,600011,5,1023,31023,89,534.0,4.45,7.43595,0.96505499
cold,0,1,0,3e-05,0.05,512,3,5,4,256,6000,8.0,2633729,1,1,9974,1106,600011,5,1023,31023,90,540.0,4.5,7.5195,0.97313911
cold,0,1,0,3e-05,0.05,512,3,5,4,256,6000,8.0,2633729,1,1,9974,1106,600011,5,1023,31023,91,546.0,4.55,7.60305,0.97883475
cold,0,1,0,3e-05,0.05,512,3,5,4,256,6000,8.0,2633729,1,1,9974,1106,600011,5,1023,31023,92,552.0,4.6,7.6866,0.98039538
cold,0,1,0,3e-05,0.05,512,3,5,4,256,6000,8.0,2633729,1,1,9974,1106,600011,5,1023,31023,93,558.0,4.65,7.77015,0.9791497
cold,0,1,0,3e-05,0.05,512,3,5,4,256,6000,8.0,2633729,1,1,9974,1106,600011,5,1023,31023,94,564.0,4.7,7.8537,0.97775614
cold,0,1,0,3e-05,0.05,512,3,5,4,256,6000,8.0,2633729,1,1,9974,1106,600011,5,1023,31023,95,570.0,4.75,7.93725,0.97763979
cold,0,1,0,3e-05,0.05,512,3,5,4,256,6000,8.0,2633729,1,1,9974,1106,600011,5,1023,31023,96,576.0,4.8,8.0208,0.9793787
cold,0,1,0,3e-05,0.05,512,3,5,4,256,6000,8.0,2633729,1,1,9974,1106,600011,5,1023,31023,97,582.0,4.85,8.10435,0.98380679
cold,0,1,0,3e-05,0.05,512,3,5,4,256,6000,8.0,2633729,1,1,9974,1106,600011,5,1023,31023,98,588.0,4.9,8.1879,0.99016792
cold,0,1,0,3e-05,0.05,512,3,5,4,256,6000,8.0,2633729,1,1,9974,1106,600011,5,1023,31023,99,594.0,4.95,8.27145,0.99500018
cold,0,1,0,3e-05,0.05,512,3,5,4,256,6000,8.0,2633729,1,1,9974,1106,600011,5,1023,31023,100,600.0,5.0,8.355,0.99555373
cold,0,1,0,3e-05,0.05,512,3,5,4,256,6000,8.0,2633729,1,1,9974,1106,600011,5,1023,31023,101,606.0,5.05,8.43855,0.99294555
cold,0,1,0,3e-05,0.05,512,3,5,4,256,6000,8.0,2633729,1,1,9974,1106,600011,5,1023,31023,102,612.0,5.1,8.5221,0.98968953
cold,0,1,0,3e-05,0.05,512,3,5,4,256,6000,8.0,2633729,1,1,9974,1106,600011,5,1023,31023,103,618.0,5.15,8.60565,0.98759085
cold,0,1,0,3e-05,0.05,512,3,5,4,256,6000,8.0,2633729,1,1,9974,1106,600011,5,1023,31023,104,624.0,5.2,8.6892,0.98787194
cold,0,1,0,3e-05,0.05,512,3,5,4,256,6000,8.0,2633729,1,1,9974,1106,600011,5,1023,31023,105,630.0,5.25,8.77275,0.99058884
cold,0,1,0,3e-05,0.05,512,3,5,4,256,6000,8.0,2633729,1,1,9974,1106,600011,5,1023,31023,106,636.0,5.3,8.8563,0.99440128
cold,0,1,0,3e-05,0.05,512,3,5,4,256,6000,8.0,2633729,1,1,9974,1106,600011,5,1023,31023,107,642.0,5.35,8.93985,0.99711746
cold,0,1,0,3e-05,0.05,512,3,5,4,256,6000,8.0,2633729,1,1,9974,1106,600011,5,1023,31023,108,648.0,5.4,9.0234,0.99729139
cold,0,1,0,3e-05,0.05,512,3,5,4,256,6000,8.0,2633729,1,1,9974,1106,600011,5,1023,31023,109,654.0,5.45,9.10695,0.99562061
cold,0,1,0,3e-05,0.05,512,3,5,4,256,6000,8.0,2633729,1,1,9974,1106,600011,5,1023,31023,110,660.0,5.5,9.1905,0.9946239
cold,0,1,0,3e-05,0.05,512,3,5,4,256,6000,8.0,2633729,1,1,9974,1106,600011,5,1023,31023,111,666.0,5.55,9.27405,0.99533802
cold,0,1,0,3e-05,0.05,512,3,5,4,256,6000,8.0,2633729,1,1,9974,1106,600011,5,1023,31023,112,672.0,5.6,9.3576,0.99614483
cold,0,1,0,3e-05,0.05,512,3,5,4,256,6000,8.0,2633729,1,1,9974,1106,600011,5,1023,31023,113,678.0,5.65,9.44115,0.99607843
cold,0,1,0,3e-05,0.05,512,3,5,4,256,6000,8.0,2633729,1,1,9974,1106,600011,5,1023,31023,114,684.0,5.7,9.5247,0.99668163
cold,0,1,0,3e-05,0.05,512,3,5,4,256,6000,8.0,2633729,1,1,9974,1106,600011,5,1023,31023,115,690.0,5.75,9.60825,0.99952972
cold,0,1,0,3e-05,0.05,512,3,5,4,256,6000,8.0,2633729,1,1,9974,1106,600011,5,1023,31023,116,696.0,5.8,9.6918,1.00391281
cold,0,1,0,3e-05,0.05,512,3,5,4,256,6000,8.0,2633729,1,1,9974,1106,600011,5,1023,31023,117,702.0,5.85,9.77535,1.00782967
cold,0,1,0,3e-05,0.05,512,3,5,4,256,6000,8.0,2633729,1,1,9974,1106,600011,5,1023,31023,118,708.0,5.9,9.8589,1.00934482
cold,0,1,0,3e-05,0.05,512,3,5,4,256,6000,8.0,2633729,1,1,9974,1106,600011,5,1023,31023,119,714.0,5.95,9.94245,1.00647056
cold,0,1,0,3e-05,0.05,512,3,5,4,256,6000,8.0,2633729,1,1,9974,1106,600011,5,1023,31023,120,720.0,6.0,10.026,1.00062275
cold,0,1,0,3e-05,0.05,512,3,5,4,256,6000,8.0,2633729,1,1,9974,1106,600011,5,4468,34468,1,6.0,0.05,0.08355,0.02068663
cold,0,1,0,3e-05,0.05,512,3,5,4,256,6000,8.0,2633729,1,1,9974,1106,600011,5,4468,34468,2,12.0,0.1,0.1671,0.02447195
cold,0,1,0,3e-05,0.05,512,3,5,4,256,6000,8.0,2633729,1,1,9974,1106,600011,5,4468,34468,3,18.0,0.15,0.25065,0.02894146
cold,0,1,0,3e-05,0.05,512,3,5,4,256,6000,8.0,2633729,1,1,9974,1106,600011,5,4468,34468,4,24.0,0.2,0.3342,0.03357055
cold,0,1,0,3e-05,0.05,512,3,5,4,256,6000,8.0,2633729,1,1,9974,1106,600011,5,4468,34468,5,30.0,0.25,0.41775,0.03836077
cold,0,1,0,3e-05,0.05,512,3,5,4,256,6000,8.0,2633729,1,1,9974,1106,600011,5,4468,34468,6,36.0,0.3,0.5013,0.04436235
cold,0,1,0,3e-05,0.05,512,3,5,4,256,6000,8.0,2633729,1,1,9974,1106,600011,5,4468,34468,7,42.0,0.35,0.58485,0.05073499
cold,0,1,0,3e-05,0.05,512,3,5,4,256,6000,8.0,2633729,1,1,9974,1106,600011,5,4468,34468,8,48.0,0.4,0.6684,0.0572421
cold,0,1,0,3e-05,0.05,512,3,5,4,256,6000,8.0,2633729,1,1,9974,1106,600011,5,4468,34468,9,54.0,0.45,0.75195,0.0641246
cold,0,1,0,3e-05,0.05,512,3,5,4,256,6000,8.0,2633729,1,1,9974,1106,600011,5,4468,34468,10,60.0,0.5,0.8355,0.07158698
cold,0,1,0,3e-05,0.05,512,3,5,4,256,6000,8.0,2633729,1,1,9974,1106,600011,5,4468,34468,11,66.0,0.55,0.91905,0.07963702
cold,0,1,0,3e-05,0.05,512,3,5,4,256,6000,8.0,2633729,1,1,9974,1106,600011,5,4468,34468,12,72.0,0.6,1.0026,0.08872743
cold,0,1,0,3e-05,0.05,512,3,5,4,256,6000,8.0,2633729,1,1,9974,1106,600011,5,4468,34468,13,78.0,0.65,1.08615,0.09938241
cold,0,1,0,3e-05,0.05,512,3,5,4,256,6000,8.0,2633729,1,1,9974,1106,600011,5,4468,34468,14,84.0,0.7,1.1697,0.11214279
cold,0,1,0,3e-05,0.05,512,3,5,4,256,6000,8.0,2633729,1,1,9974,1106,600011,5,4468,34468,15,90.0,0.75,1.25325,0.12652981
cold,0,1,0,3e-05,0.05,512,3,5,4,256,6000,8.0,2633729,1,1,9974,1106,600011,5,4468,34468,16,96.0,0.8,1.3368,0.14119437
cold,0,1,0,3e-05,0.05,512,3,5,4,256,6000,8.0,2633729,1,1,9974,1106,600011,5,4468,34468,17,102.0,0.85,1.42035,0.15510491
cold,0,1,0,3e-05,0.05,512,3,5,4,256,6000,8.0,2633729,1,1,9974,1106,600011,5,4468,34468,18,108.0,0.9,1.5039,0.16819635
cold,0,1,0,3e-05,0.05,512,3,5,4,256,6000,8.0,2633729,1,1,9974,1106,600011,5,4468,34468,19,114.0,0.95,1.58745,0.18131627
cold,0,1,0,3e-05,0.05,512,3,5,4,256,6000,8.0,2633729,1,1,9974,1106,600011,5,4468,34468,20,120.0,1.0,1.671,0.1955626
cold,0,1,0,3e-05,0.05,512,3,5,4,256,6000,8.0,2633729,1,1,9974,1106,600011,5,4468,34468,21,126.0,1.05,1.75455,0.2116611
cold,0,1,0,3e-05,0.05,512,3,5,4,256,6000,8.0,2633729,1,1,9974,1106,600011,5,4468,34468,22,132.0,1.1,1.8381,0.22966357
cold,0,1,0,3e-05,0.05,512,3,5,4,256,6000,8.0,2633729,1,1,9974,1106,600011,5,4468,34468,23,138.0,1.15,1.92165,0.24953361
cold,0,1,0,3e-05,0.05,512,3,5,4,256,6000,8.0,2633729,1,1,9974,1106,600011,5,4468,34468,24,144.0,1.2,2.0052,0.27075073
cold,0,1,0,3e-05,0.05,512,3,5,4,256,6000,8.0,2633729,1,1,9974,1106,600011,5,4468,34468,25,150.0,1.25,2.08875,0.29254362
cold,0,1,0,3e-05,0.05,512,3,5,4,256,6000,8.0,2633729,1,1,9974,1106,600011,5,4468,34468,26,156.0,1.3,2.1723,0.31483981
cold,0,1,0,3e-05,0.05,512,3,5,4,256,6000,8.0,2633729,1,1,9974,1106,600011,5,4468,34468,27,162.0,1.35,2.25585,0.33701977
cold,0,1,0,3e-05,0.05,512,3,5,4,256,6000,8.0,2633729,1,1,9974,1106,600011,5,4468,34468,28,168.0,1.4,2.3394,0.35763025
cold,0,1,0,3e-05,0.05,512,3,5,4,256,6000,8.0,2633729,1,1,9974,1106,600011,5,4468,34468,29,174.0,1.45,2.42295,0.37519032
cold,0,1,0,3e-05,0.05,512,3,5,4,256,6000,8.0,2633729,1,1,9974,1106,600011,5,4468,34468,30,180.0,1.5,2.5065,0.39016795
cold,0,1,0,3e-05,0.05,512,3,5,4,256,6000,8.0,2633729,1,1,9974,1106,600011,5,4468,34468,31,186.0,1.55,2.59005,0.40552101
cold,0,1,0,3e-05,0.05,512,3,5,4,256,6000,8.0,2633729,1,1,9974,1106,600011,5,4468,34468,32,192.0,1.6,2.6736,0.42274329
cold,0,1,0,3e-05,0.05,512,3,5,4,256,6000,8.0,2633729,1,1,9974,1106,600011,5,4468,34468,33,198.0,1.65,2.75715,0.44099629
cold,0,1,0,3e-05,0.05,512,3,5,4,256,6000,8.0,2633729,1,1,9974,1106,600011,5,4468,34468,34,204.0,1.7,2.8407,0.4601483
cold,0,1,0,3e-05,0.05,512,3,5,4,256,6000,8.0,2633729,1,1,9974,1106,600011,5,4468,34468,35,210.0,1.75,2.92425,0.47999135
cold,0,1,0,3e-05,0.05,512,3,5,4,256,6000,8.0,2633729,1,1,9974,1106,600011,5,4468,34468,36,216.0,1.8,3.0078,0.50032592
cold,0,1,0,3e-05,0.05,512,3,5,4,256,6000,8.0,2633729,1,1,9974,1106,600011,5,4468,34468,37,222.0,1.85,3.09135,0.52160549
cold,0,1,0,3e-05,0.05,512,3,5,4,256,6000,8.0,2633729,1,1,9974,1106,600011,5,4468,34468,38,228.0,1.9,3.1749,0.54358643
cold,0,1,0,3e-05,0.05,512,3,5,4,256,6000,8.0,2633729,1,1,9974,1106,600011,5,4468,34468,39,234.0,1.95,3.25845,0.56505799
cold,0,1,0,3e-05,0.05,512,3,5,4,256,6000,8.0,2633729,1,1,9974,1106,600011,5,4468,34468,40,240.0,2.0,3.342,0.58554363
cold,0,1,0,3e-05,0.05,512,3,5,4,256,6000,8.0,2633729,1,1,9974,1106,600011,5,4468,34468,41,246.0,2.05,3.42555,0.60539889
cold,0,1,0,3e-05,0.05,512,3,5,4,256,6000,8.0,2633729,1,1,9974,1106,600011,5,4468,34468,42,252.0,2.1,3.5091,0.62468857
cold,0,1,0,3e-05,0.05,512,3,5,4,256,6000,8.0,2633729,1,1,9974,1106,600011,5,4468,34468,43,258.0,2.15,3.59265,0.64308119
cold,0,1,0,3e-05,0.05,512,3,5,4,256,6000,8.0,2633729,1,1,9974,1106,600011,5,4468,34468,44,264.0,2.2,3.6762,0.66136283
cold,0,1,0,3e-05,0.05,512,3,5,4,256,6000,8.0,2633729,1,1,9974,1106,600011,5,4468,34468,45,270.0,2.25,3.75975,0.67955387
cold,0,1,0,3e-05,0.05,512,3,5,4,256,6000,8.0,2633729,1,1,9974,1106,600011,5,4468,34468,46,276.0,2.3,3.8433,0.69637972
cold,0,1,0,3e-05,0.05,512,3,5,4,256,6000,8.0,2633729,1,1,9974,1106,600011,5,4468,34468,47,282.0,2.35,3.92685,0.71070927
cold,0,1,0,3e-05,0.05,512,3,5,4,256,6000,8.0,2633729,1,1,9974,1106,600011,5,4468,34468,48,288.0,2.4,4.0104,0.72285229
cold,0,1,0,3e-05,0.05,512,3,5,4,256,6000,8.0,2633729,1,1,9974,1106,600011,5,4468,34468,49,294.0,2.45,4.09395,0.73331517
cold,0,1,0,3e-05,0.05,512,3,5,4,256,6000,8.0,2633729,1,1,9974,1106,600011,5,4468,34468,50,300.0,2.5,4.1775,0.74296004
cold,0,1,0,3e-05,0.05,512,3,5,4,256,6000,8.0,2633729,1,1,9974,1106,600011,5,4468,34468,51,306.0,2.55,4.26105,0.75272608
cold,0,1,0,3e-05,0.05,512,3,5,4,256,6000,8.0,2633729,1,1,9974,1106,600011,5,4468,34468,52,312.0,2.6,4.3446,0.76189792
cold,0,1,0,3e-05,0.05,512,3,5,4,256,6000,8.0,2633729,1,1,9974,1106,600011,5,4468,34468,53,318.0,2.65,4.42815,0.76952714
cold,0,1,0,3e-05,0.05,512,3,5,4,256,6000,8.0,2633729,1,1,9974,1106,600011,5,4468,34468,54,324.0,2.7,4.5117,0.77715427
cold,0,1,0,3e-05,0.05,512,3,5,4,256,6000,8.0,2633729,1,1,9974,1106,600011,5,4468,34468,55,330.0,2.75,4.59525,0.78717774
cold,0,1,0,3e-05,0.05,512,3,5,4,256,6000,8.0,2633729,1,1,9974,1106,600011,5,4468,34468,56,336.0,2.8,4.6788,0.79997534
cold,0,1,0,3e-05,0.05,512,3,5,4,256,6000,8.0,2633729,1,1,9974,1106,600011,5,4468,34468,57,342.0,2.85,4.76235,0.81390387
cold,0,1,0,3e-05,0.05,512,3,5,4,256,6000,8.0,2633729,1,1,9974,1106,600011,5,4468,34468,58,348.0,2.9,4.8459,0.8260538
cold,0,1,0,3e-05,0.05,512,3,5,4,256,6000,8.0,2633729,1,1,9974,1106,600011,5,4468,34468,59,354.0,2.95,4.92945,0.83513689
cold,0,1,0,3e-05,0.05,512,3,5,4,256,6000,8.0,2633729,1,1,9974,1106,600011,5,4468,34468,60,360.0,3.0,5.013,0.84320724
cold,0,1,0,3e-05,0.05,512,3,5,4,256,6000,8.0,2633729,1,1,9974,1106,600011,5,4468,34468,61,366.0,3.05,5.09655,0.85320646
cold,0,1,0,3e-05,0.05,512,3,5,4,256,6000,8.0,2633729,1,1,9974,1106,600011,5,4468,34468,62,372.0,3.1,5.1801,0.86596388
cold,0,1,0,3e-05,0.05,512,3,5,4,256,6000,8.0,2633729,1,1,9974,1106,600011,5,4468,34468,63,378.0,3.15,5.26365,0.88055193
cold,0,1,0,3e-05,0.05,512,3,5,4,256,6000,8.0,2633729,1,1,9974,1106,600011,5,4468,34468,64,384.0,3.2,5.3472,0.89428318
cold,0,1,0,3e-05,0.05,512,3,5,4,256,6000,8.0,2633729,1,1,9974,1106,600011,5,4468,34468,65,390.0,3.25,5.43075,0.90460324
cold,0,1,0,3e-05,0.05,512,3,5,4,256,6000,8.0,2633729,1,1,9974,1106,600011,5,4468,34468,66,396.0,3.3,5.5143,0.91061836
cold,0,1,0,3e-05,0.05,512,3,5,4,256,6000,8.0,2633729,1,1,9974,1106,600011,5,4468,34468,67,402.0,3.35,5.59785,0.91283178
cold,0,1,0,3e-05,0.05,512,3,5,4,256,6000,8.0,2633729,1,1,9974,1106,600011,5,4468,34468,68,408.0,3.4,5.6814,0.91264331
cold,0,1,0,3e-05,0.05,512,3,5,4,256,6000,8.0,2633729,1,1,9974,1106,600011,5,4468,34468,69,414.0,3.45,5.76495,0.91246712
cold,0,1,0,3e-05,0.05,512,3,5,4,256,6000,8.0,2633729,1,1,9974,1106,600011,5,4468,34468,70,420.0,3.5,5.8485,0.91404301
cold,0,1,0,3e-05,0.05,512,3,5,4,256,6000,8.0,2633729,1,1,9974,1106,600011,5,4468,34468,71,426.0,3.55,5.93205,0.91687769
cold,0,1,0,3e-05,0.05,512,3,5,4,256,6000,8.0,2633729,1,1,9974,1106,600011,5,4468,34468,72,432.0,3.6,6.0156,0.91993934
cold,0,1,0,3e-05,0.05,512,3,5,4,256,6000,8.0,2633729,1,1,9974,1106,600011,5,4468,34468,73,438.0,3.65,6.09915,0.92301971
cold,0,1,0,3e-05,0.05,512,3,5,4,256,6000,8.0,2633729,1,1,9974,1106,600011,5,4468,34468,74,444.0,3.7,6.1827,0.92601031
cold,0,1,0,3e-05,0.05,512,3,5,4,256,6000,8.0,2633729,1,1,9974,1106,600011,5,4468,34468,75,450.0,3.75,6.26625,0.92848247
cold,0,1,0,3e-05,0.05,512,3,5,4,256,6000,8.0,2633729,1,1,9974,1106,600011,5,4468,34468,76,456.0,3.8,6.3498,0.93081015
cold,0,1,0,3e-05,0.05,512,3,5,4,256,6000,8.0,2633729,1,1,9974,1106,600011,5,4468,34468,77,462.0,3.85,6.43335,0.93422341
cold,0,1,0,3e-05,0.05,512,3,5,4,256,6000,8.0,2633729,1,1,9974,1106,600011,5,4468,34468,78,468.0,3.9,6.5169,0.93885678
cold,0,1,0,3e-05,0.05,512,3,5,4,256,6000,8.0,2633729,1,1,9974,1106,600011,5,4468,34468,79,474.0,3.95,6.60045,0.94288498
cold,0,1,0,3e-05,0.05,512,3,5,4,256,6000,8.0,2633729,1,1,9974,1106,600011,5,4468,34468,80,480.0,4.0,6.684,0.94570994
cold,0,1,0,3e-05,0.05,512,3,5,4,256,6000,8.0,2633729,1,1,9974,1106,600011,5,4468,34468,81,486.0,4.05,6.76755,0.94910628
cold,0,1,0,3e-05,0.05,512,3,5,4,256,6000,8.0,2633729,1,1,9974,1106,600011,5,4468,34468,82,492.0,4.1,6.8511,0.95336789
cold,0,1,0,3e-05,0.05,512,3,5,4,256,6000,8.0,2633729,1,1,9974,1106,600011,5,4468,34468,83,498.0,4.15,6.93465,0.95729411
cold,0,1,0,3e-05,0.05,512,3,5,4,256,6000,8.0,2633729,1,1,9974,1106,600011,5,4468,34468,84,504.0,4.2,7.0182,0.9606325
cold,0,1,0,3e-05,0.05,512,3,5,4,256,6000,8.0,2633729,1,1,9974,1106,600011,5,4468,34468,85,510.0,4.25,7.10175,0.96395808
cold,0,1,0,3e-05,0.05,512,3,5,4,256,6000,8.0,2633729,1,1,9974,1106,600011,5,4468,34468,86,516.0,4.3,7.1853,0.96715635
cold,0,1,0,3e-05,0.05,512,3,5,4,256,6000,8.0,2633729,1,1,9974,1106,600011,5,4468,34468,87,522.0,4.35,7.26885,0.96881086
cold,0,1,0,3e-05,0.05,512,3,5,4,256,6000,8.0,2633729,1,1,9974,1106,600011,5,4468,34468,88,528.0,4.4,7.3524,0.96905512
cold,0,1,0,3e-05,0.05,512,3,5,4,256,6000,8.0,2633729,1,1,9974,1106,600011,5,4468,34468,89,534.0,4.45,7.43595,0.97019058
cold,0,1,0,3e-05,0.05,512,3,5,4,256,6000,8.0,2633729,1,1,9974,1106,600011,5,4468,34468,90,540.0,4.5,7.5195,0.97298187
cold,0,1,0,3e-05,0.05,512,3,5,4,256,6000,8.0,2633729,1,1,9974,1106,600011,5,4468,34468,91,546.0,4.55,7.60305,0.97583723
cold,0,1,0,3e-05,0.05,512,3,5,4,256,6000,8.0,2633729,1,1,9974,1106,600011,5,4468,34468,92,552.0,4.6,7.6866,0.97820669
cold,0,1,0,3e-05,0.05,512,3,5,4,256,6000,8.0,2633729,1,1,9974,1106,600011,5,4468,34468,93,558.0,4.65,7.77015,0.98098344
cold,0,1,0,3e-05,0.05,512,3,5,4,256,6000,8.0,2633729,1,1,9974,1106,600011,5,4468,34468,94,564.0,4.7,7.8537,0.98537356
cold,0,1,0,3e-05,0.05,512,3,5,4,256,6000,8.0,2633729,1,1,9974,1106,600011,5,4468,34468,95,570.0,4.75,7.93725,0.99150777
cold,0,1,0,3e-05,0.05,512,3,5,4,256,6000,8.0,2633729,1,1,9974,1106,600011,5,4468,34468,96,576.0,4.8,8.0208,0.99786669
cold,0,1,0,3e-05,0.05,512,3,5,4,256,6000,8.0,2633729,1,1,9974,1106,600011,5,4468,34468,97,582.0,4.85,8.10435,1.00131869
cold,0,1,0,3e-05,0.05,512,3,5,4,256,6000,8.0,2633729,1,1,9974,1106,600011,5,4468,34468,98,588.0,4.9,8.1879,0.99936318
cold,0,1,0,3e-05,0.05,512,3,5,4,256,6000,8.0,2633729,1,1,9974,1106,600011,5,4468,34468,99,594.0,4.95,8.27145,0.99365991
cold,0,1,0,3e-05,0.05,512,3,5,4,256,6000,8.0,2633729,1,1,9974,1106,600011,5,4468,34468,100,600.0,5.0,8.355,0.98858881
cold,0,1,0,3e-05,0.05,512,3,5,4,256,6000,8.0,2633729,1,1,9974,1106,600011,5,4468,34468,101,606.0,5.05,8.43855,0.9853794
cold,0,1,0,3e-05,0.05,512,3,5,4,256,6000,8.0,2633729,1,1,9974,1106,600011,5,4468,34468,102,612.0,5.1,8.5221,0.98248315
cold,0,1,0,3e-05,0.05,512,3,5,4,256,6000,8.0,2633729,1,1,9974,1106,600011,5,4468,34468,103,618.0,5.15,8.60565,0.97974241
cold,0,1,0,3e-05,0.05,512,3,5,4,256,6000,8.0,2633729,1,1,9974,1106,600011,5,4468,34468,104,624.0,5.2,8.6892,0.978324
cold,0,1,0,3e-05,0.05,512,3,5,4,256,6000,8.0,2633729,1,1,9974,1106,600011,5,4468,34468,105,630.0,5.25,8.77275,0.97856039
cold,0,1,0,3e-05,0.05,512,3,5,4,256,6000,8.0,2633729,1,1,9974,1106,600011,5,4468,34468,106,636.0,5.3,8.8563,0.97938615
cold,0,1,0,3e-05,0.05,512,3,5,4,256,6000,8.0,2633729,1,1,9974,1106,600011,5,4468,34468,107,642.0,5.35,8.93985,0.9795723
cold,0,1,0,3e-05,0.05,512,3,5,4,256,6000,8.0,2633729,1,1,9974,1106,600011,5,4468,34468,108,648.0,5.4,9.0234,0.9795903
cold,0,1,0,3e-05,0.05,512,3,5,4,256,6000,8.0,2633729,1,1,9974,1106,600011,5,4468,34468,109,654.0,5.45,9.10695,0.98047602
cold,0,1,0,3e-05,0.05,512,3,5,4,256,6000,8.0,2633729,1,1,9974,1106,600011,5,4468,34468,110,660.0,5.5,9.1905,0.98068041
cold,0,1,0,3e-05,0.05,512,3,5,4,256,6000,8.0,2633729,1,1,9974,1106,600011,5,4468,34468,111,666.0,5.55,9.27405,0.97946429
cold,0,1,0,3e-05,0.05,512,3,5,4,256,6000,8.0,2633729,1,1,9974,1106,600011,5,4468,34468,112,672.0,5.6,9.3576,0.97899866
cold,0,1,0,3e-05,0.05,512,3,5,4,256,6000,8.0,2633729,1,1,9974,1106,600011,5,4468,34468,113,678.0,5.65,9.44115,0.98052239
cold,0,1,0,3e-05,0.05,512,3,5,4,256,6000,8.0,2633729,1,1,9974,1106,600011,5,4468,34468,114,684.0,5.7,9.5247,0.98307467
cold,0,1,0,3e-05,0.05,512,3,5,4,256,6000,8.0,2633729,1,1,9974,1106,600011,5,4468,34468,115,690.0,5.75,9.60825,0.98599982
cold,0,1,0,3e-05,0.05,512,3,5,4,256,6000,8.0,2633729,1,1,9974,1106,600011,5,4468,34468,116,696.0,5.8,9.6918,0.98921472
cold,0,1,0,3e-05,0.05,512,3,5,4,256,6000,8.0,2633729,1,1,9974,1106,600011,5,4468,34468,117,702.0,5.85,9.77535,0.99198467
cold,0,1,0,3e-05,0.05,512,3,5,4,256,6000,8.0,2633729,1,1,9974,1106,600011,5,4468,34468,118,708.0,5.9,9.8589,0.99276769
cold,0,1,0,3e-05,0.05,512,3,5,4,256,6000,8.0,2633729,1,1,9974,1106,600011,5,4468,34468,119,714.0,5.95,9.94245,0.99088401
cold,0,1,0,3e-05,0.05,512,3,5,4,256,6000,8.0,2633729,1,1,9974,1106,600011,5,4468,34468,120,720.0,6.0,10.026,0.98696852
cold,0,1,0,3e-05,0.05,512,3,5,4,256,6000,8.0,2633729,1,1,9974,1106,600011,5,6000,36000,1,6.0,0.05,0.08355,0.02034665
cold,0,1,0,3e-05,0.05,512,3,5,4,256,6000,8.0,2633729,1,1,9974,1106,600011,5,6000,36000,2,12.0,0.1,0.1671,0.02407872
cold,0,1,0,3e-05,0.05,512,3,5,4,256,6000,8.0,2633729,1,1,9974,1106,600011,5,6000,36000,3,18.0,0.15,0.25065,0.02855249
cold,0,1,0,3e-05,0.05,512,3,5,4,256,6000,8.0,2633729,1,1,9974,1106,600011,5,6000,36000,4,24.0,0.2,0.3342,0.03322698
cold,0,1,0,3e-05,0.05,512,3,5,4,256,6000,8.0,2633729,1,1,9974,1106,600011,5,6000,36000,5,30.0,0.25,0.41775,0.0382598
cold,0,1,0,3e-05,0.05,512,3,5,4,256,6000,8.0,2633729,1,1,9974,1106,600011,5,6000,36000,6,36.0,0.3,0.5013,0.04468868
cold,0,1,0,3e-05,0.05,512,3,5,4,256,6000,8.0,2633729,1,1,9974,1106,600011,5,6000,36000,7,42.0,0.35,0.58485,0.05165077
cold,0,1,0,3e-05,0.05,512,3,5,4,256,6000,8.0,2633729,1,1,9974,1106,600011,5,6000,36000,8,48.0,0.4,0.6684,0.05895862
cold,0,1,0,3e-05,0.05,512,3,5,4,256,6000,8.0,2633729,1,1,9974,1106,600011,5,6000,36000,9,54.0,0.45,0.75195,0.06678753
cold,0,1,0,3e-05,0.05,512,3,5,4,256,6000,8.0,2633729,1,1,9974,1106,600011,5,6000,36000,10,60.0,0.5,0.8355,0.07539904
cold,0,1,0,3e-05,0.05,512,3,5,4,256,6000,8.0,2633729,1,1,9974,1106,600011,5,6000,36000,11,66.0,0.55,0.91905,0.08488144
cold,0,1,0,3e-05,0.05,512,3,5,4,256,6000,8.0,2633729,1,1,9974,1106,600011,5,6000,36000,12,72.0,0.6,1.0026,0.09527186
cold,0,1,0,3e-05,0.05,512,3,5,4,256,6000,8.0,2633729,1,1,9974,1106,600011,5,6000,36000,13,78.0,0.65,1.08615,0.10643158
cold,0,1,0,3e-05,0.05,512,3,5,4,256,6000,8.0,2633729,1,1,9974,1106,600011,5,6000,36000,14,84.0,0.7,1.1697,0.11933067
cold,0,1,0,3e-05,0.05,512,3,5,4,256,6000,8.0,2633729,1,1,9974,1106,600011,5,6000,36000,15,90.0,0.75,1.25325,0.13451535
cold,0,1,0,3e-05,0.05,512,3,5,4,256,6000,8.0,2633729,1,1,9974,1106,600011,5,6000,36000,16,96.0,0.8,1.3368,0.15170015
cold,0,1,0,3e-05,0.05,512,3,5,4,256,6000,8.0,2633729,1,1,9974,1106,600011,5,6000,36000,17,102.0,0.85,1.42035,0.17015401
cold,0,1,0,3e-05,0.05,512,3,5,4,256,6000,8.0,2633729,1,1,9974,1106,600011,5,6000,36000,18,108.0,0.9,1.5039,0.18834822
cold,0,1,0,3e-05,0.05,512,3,5,4,256,6000,8.0,2633729,1,1,9974,1106,600011,5,6000,36000,19,114.0,0.95,1.58745,0.20461646
cold,0,1,0,3e-05,0.05,512,3,5,4,256,6000,8.0,2633729,1,1,9974,1106,600011,5,6000,36000,20,120.0,1.0,1.671,0.21938147
cold,0,1,0,3e-05,0.05,512,3,5,4,256,6000,8.0,2633729,1,1,9974,1106,600011,5,6000,36000,21,126.0,1.05,1.75455,0.23397386
cold,0,1,0,3e-05,0.05,512,3,5,4,256,6000,8.0,2633729,1,1,9974,1106,600011,5,6000,36000,22,132.0,1.1,1.8381,0.24933976
cold,0,1,0,3e-05,0.05,512,3,5,4,256,6000,8.0,2633729,1,1,9974,1106,600011,5,6000,36000,23,138.0,1.15,1.92165,0.26677403
cold,0,1,0,3e-05,0.05,512,3,5,4,256,6000,8.0,2633729,1,1,9974,1106,600011,5,6000,36000,24,144.0,1.2,2.0052,0.2869111
cold,0,1,0,3e-05,0.05,512,3,5,4,256,6000,8.0,2633729,1,1,9974,1106,600011,5,6000,36000,25,150.0,1.25,2.08875,0.30892482
cold,0,1,0,3e-05,0.05,512,3,5,4,256,6000,8.0,2633729,1,1,9974,1106,600011,5,6000,36000,26,156.0,1.3,2.1723,0.33176327
cold,0,1,0,3e-05,0.05,512,3,5,4,256,6000,8.0,2633729,1,1,9974,1106,600011,5,6000,36000,27,162.0,1.35,2.25585,0.35529369
cold,0,1,0,3e-05,0.05,512,3,5,4,256,6000,8.0,2633729,1,1,9974,1106,600011,5,6000,36000,28,168.0,1.4,2.3394,0.37799007
cold,0,1,0,3e-05,0.05,512,3,5,4,256,6000,8.0,2633729,1,1,9974,1106,600011,5,6000,36000,29,174.0,1.45,2.42295,0.39754775
cold,0,1,0,3e-05,0.05,512,3,5,4,256,6000,8.0,2633729,1,1,9974,1106,600011,5,6000,36000,30,180.0,1.5,2.5065,0.4147819
cold,0,1,0,3e-05,0.05,512,3,5,4,256,6000,8.0,2633729,1,1,9974,1106,600011,5,6000,36000,31,186.0,1.55,2.59005,0.43375164
cold,0,1,0,3e-05,0.05,512,3,5,4,256,6000,8.0,2633729,1,1,9974,1106,600011,5,6000,36000,32,192.0,1.6,2.6736,0.45652723
cold,0,1,0,3e-05,0.05,512,3,5,4,256,6000,8.0,2633729,1,1,9974,1106,600011,5,6000,36000,33,198.0,1.65,2.75715,0.48086536
cold,0,1,0,3e-05,0.05,512,3,5,4,256,6000,8.0,2633729,1,1,9974,1106,600011,5,6000,36000,34,204.0,1.7,2.8407,0.50449055
cold,0,1,0,3e-05,0.05,512,3,5,4,256,6000,8.0,2633729,1,1,9974,1106,600011,5,6000,36000,35,210.0,1.75,2.92425,0.52717119
cold,0,1,0,3e-05,0.05,512,3,5,4,256,6000,8.0,2633729,1,1,9974,1106,600011,5,6000,36000,36,216.0,1.8,3.0078,0.54901177
cold,0,1,0,3e-05,0.05,512,3,5,4,256,6000,8.0,2633729,1,1,9974,1106,600011,5,6000,36000,37,222.0,1.85,3.09135,0.57059044
cold,0,1,0,3e-05,0.05,512,3,5,4,256,6000,8.0,2633729,1,1,9974,1106,600011,5,6000,36000,38,228.0,1.9,3.1749,0.59234923
cold,0,1,0,3e-05,0.05,512,3,5,4,256,6000,8.0,2633729,1,1,9974,1106,600011,5,6000,36000,39,234.0,1.95,3.25845,0.61263824
cold,0,1,0,3e-05,0.05,512,3,5,4,256,6000,8.0,2633729,1,1,9974,1106,600011,5,6000,36000,40,240.0,2.0,3.342,0.63013989
cold,0,1,0,3e-05,0.05,512,3,5,4,256,6000,8.0,2633729,1,1,9974,1106,600011,5,6000,36000,41,246.0,2.05,3.42555,0.64673424
cold,0,1,0,3e-05,0.05,512,3,5,4,256,6000,8.0,2633729,1,1,9974,1106,600011,5,6000,36000,42,252.0,2.1,3.5091,0.66468185
cold,0,1,0,3e-05,0.05,512,3,5,4,256,6000,8.0,2633729,1,1,9974,1106,600011,5,6000,36000,43,258.0,2.15,3.59265,0.68402606
cold,0,1,0,3e-05,0.05,512,3,5,4,256,6000,8.0,2633729,1,1,9974,1106,600011,5,6000,36000,44,264.0,2.2,3.6762,0.70194465
cold,0,1,0,3e-05,0.05,512,3,5,4,256,6000,8.0,2633729,1,1,9974,1106,600011,5,6000,36000,45,270.0,2.25,3.75975,0.71534103
cold,0,1,0,3e-05,0.05,512,3,5,4,256,6000,8.0,2633729,1,1,9974,1106,600011,5,6000,36000,46,276.0,2.3,3.8433,0.72631663
cold,0,1,0,3e-05,0.05,512,3,5,4,256,6000,8.0,2633729,1,1,9974,1106,600011,5,6000,36000,47,282.0,2.35,3.92685,0.73994255
cold,0,1,0,3e-05,0.05,512,3,5,4,256,6000,8.0,2633729,1,1,9974,1106,600011,5,6000,36000,48,288.0,2.4,4.0104,0.75666696
cold,0,1,0,3e-05,0.05,512,3,5,4,256,6000,8.0,2633729,1,1,9974,1106,600011,5,6000,36000,49,294.0,2.45,4.09395,0.77217388
cold,0,1,0,3e-05,0.05,512,3,5,4,256,6000,8.0,2633729,1,1,9974,1106,600011,5,6000,36000,50,300.0,2.5,4.1775,0.78398538
cold,0,1,0,3e-05,0.05,512,3,5,4,256,6000,8.0,2633729,1,1,9974,1106,600011,5,6000,36000,51,306.0,2.55,4.26105,0.79371113
cold,0,1,0,3e-05,0.05,512,3,5,4,256,6000,8.0,2633729,1,1,9974,1106,600011,5,6000,36000,52,312.0,2.6,4.3446,0.80255425
cold,0,1,0,3e-05,0.05,512,3,5,4,256,6000,8.0,2633729,1,1,9974,1106,600011,5,6000,36000,53,318.0,2.65,4.42815,0.80983174
cold,0,1,0,3e-05,0.05,512,3,5,4,256,6000,8.0,2633729,1,1,9974,1106,600011,5,6000,36000,54,324.0,2.7,4.5117,0.81551725
cold,0,1,0,3e-05,0.05,512,3,5,4,256,6000,8.0,2633729,1,1,9974,1106,600011,5,6000,36000,55,330.0,2.75,4.59525,0.82110542
cold,0,1,0,3e-05,0.05,512,3,5,4,256,6000,8.0,2633729,1,1,9974,1106,600011,5,6000,36000,56,336.0,2.8,4.6788,0.82922328
cold,0,1,0,3e-05,0.05,512,3,5,4,256,6000,8.0,2633729,1,1,9974,1106,600011,5,6000,36000,57,342.0,2.85,4.76235,0.8416118
cold,0,1,0,3e-05,0.05,512,3,5,4,256,6000,8.0,2633729,1,1,9974,1106,600011,5,6000,36000,58,348.0,2.9,4.8459,0.85708702
cold,0,1,0,3e-05,0.05,512,3,5,4,256,6000,8.0,2633729,1,1,9974,1106,600011,5,6000,36000,59,354.0,2.95,4.92945,0.87243211
cold,0,1,0,3e-05,0.05,512,3,5,4,256,6000,8.0,2633729,1,1,9974,1106,600011,5,6000,36000,60,360.0,3.0,5.013,0.8848176
cold,0,1,0,3e-05,0.05,512,3,5,4,256,6000,8.0,2633729,1,1,9974,1106,600011,5,6000,36000,61,366.0,3.05,5.09655,0.89320958
cold,0,1,0,3e-05,0.05,512,3,5,4,256,6000,8.0,2633729,1,1,9974,1106,600011,5,6000,36000,62,372.0,3.1,5.1801,0.89845008
cold,0,1,0,3e-05,0.05,512,3,5,4,256,6000,8.0,2633729,1,1,9974,1106,600011,5,6000,36000,63,378.0,3.15,5.26365,0.90233725
cold,0,1,0,3e-05,0.05,512,3,5,4,256,6000,8.0,2633729,1,1,9974,1106,600011,5,6000,36000,64,384.0,3.2,5.3472,0.90623146
cold,0,1,0,3e-05,0.05,512,3,5,4,256,6000,8.0,2633729,1,1,9974,1106,600011,5,6000,36000,65,390.0,3.25,5.43075,0.91063225
cold,0,1,0,3e-05,0.05,512,3,5,4,256,6000,8.0,2633729,1,1,9974,1106,600011,5,6000,36000,66,396.0,3.3,5.5143,0.91484964
cold,0,1,0,3e-05,0.05,512,3,5,4,256,6000,8.0,2633729,1,1,9974,1106,600011,5,6000,36000,67,402.0,3.35,5.59785,0.91738081
cold,0,1,0,3e-05,0.05,512,3,5,4,256,6000,8.0,2633729,1,1,9974,1106,600011,5,6000,36000,68,408.0,3.4,5.6814,0.91911364
cold,0,1,0,3e-05,0.05,512,3,5,4,256,6000,8.0,2633729,1,1,9974,1106,600011,5,6000,36000,69,414.0,3.45,5.76495,0.9225778
cold,0,1,0,3e-05,0.05,512,3,5,4,256,6000,8.0,2633729,1,1,9974,1106,600011,5,6000,36000,70,420.0,3.5,5.8485,0.92857218
cold,0,1,0,3e-05,0.05,512,3,5,4,256,6000,8.0,2633729,1,1,9974,1106,600011,5,6000,36000,71,426.0,3.55,5.93205,0.936086
cold,0,1,0,3e-05,0.05,512,3,5,4,256,6000,8.0,2633729,1,1,9974,1106,600011,5,6000,36000,72,432.0,3.6,6.0156,0.94369489
cold,0,1,0,3e-05,0.05,512,3,5,4,256,6000,8.0,2633729,1,1,9974,1106,600011,5,6000,36000,73,438.0,3.65,6.09915,0.94967949
cold,0,1,0,3e-05,0.05,512,3,5,4,256,6000,8.0,2633729,1,1,9974,1106,600011,5,6000,36000,74,444.0,3.7,6.1827,0.9527052
cold,0,1,0,3e-05,0.05,512,3,5,4,256,6000,8.0,2633729,1,1,9974,1106,600011,5,6000,36000,75,450.0,3.75,6.26625,0.95330024
cold,0,1,0,3e-05,0.05,512,3,5,4,256,6000,8.0,2633729,1,1,9974,1106,600011,5,6000,36000,76,456.0,3.8,6.3498,0.95328844
cold,0,1,0,3e-05,0.05,512,3,5,4,256,6000,8.0,2633729,1,1,9974,1106,600011,5,6000,36000,77,462.0,3.85,6.43335,0.95394582
cold,0,1,0,3e-05,0.05,512,3,5,4,256,6000,8.0,2633729,1,1,9974,1106,600011,5,6000,36000,78,468.0,3.9,6.5169,0.95624834
cold,0,1,0,3e-05,0.05,512,3,5,4,256,6000,8.0,2633729,1,1,9974,1106,600011,5,6000,36000,79,474.0,3.95,6.60045,0.96055204
cold,0,1,0,3e-05,0.05,512,3,5,4,256,6000,8.0,2633729,1,1,9974,1106,600011,5,6000,36000,80,480.0,4.0,6.684,0.96488363
cold,0,1,0,3e-05,0.05,512,3,5,4,256,6000,8.0,2633729,1,1,9974,1106,600011,5,6000,36000,81,486.0,4.05,6.76755,0.96754622
cold,0,1,0,3e-05,0.05,512,3,5,4,256,6000,8.0,2633729,1,1,9974,1106,600011,5,6000,36000,82,492.0,4.1,6.8511,0.9695949
cold,0,1,0,3e-05,0.05,512,3,5,4,256,6000,8.0,2633729,1,1,9974,1106,600011,5,6000,36000,83,498.0,4.15,6.93465,0.97231853
cold,0,1,0,3e-05,0.05,512,3,5,4,256,6000,8.0,2633729,1,1,9974,1106,600011,5,6000,36000,84,504.0,4.2,7.0182,0.97496217
cold,0,1,0,3e-05,0.05,512,3,5,4,256,6000,8.0,2633729,1,1,9974,1106,600011,5,6000,36000,85,510.0,4.25,7.10175,0.97691774
cold,0,1,0,3e-05,0.05,512,3,5,4,256,6000,8.0,2633729,1,1,9974,1106,600011,5,6000,36000,86,516.0,4.3,7.1853,0.9790808
cold,0,1,0,3e-05,0.05,512,3,5,4,256,6000,8.0,2633729,1,1,9974,1106,600011,5,6000,36000,87,522.0,4.35,7.26885,0.98120838
cold,0,1,0,3e-05,0.05,512,3,5,4,256,6000,8.0,2633729,1,1,9974,1106,600011,5,6000,36000,88,528.0,4.4,7.3524,0.98126775
cold,0,1,0,3e-05,0.05,512,3,5,4,256,6000,8.0,2633729,1,1,9974,1106,600011,5,6000,36000,89,534.0,4.45,7.43595,0.97862458
cold,0,1,0,3e-05,0.05,512,3,5,4,256,6000,8.0,2633729,1,1,9974,1106,600011,5,6000,36000,90,540.0,4.5,7.5195,0.97506994
cold,0,1,0,3e-05,0.05,512,3,5,4,256,6000,8.0,2633729,1,1,9974,1106,600011,5,6000,36000,91,546.0,4.55,7.60305,0.97284687
cold,0,1,0,3e-05,0.05,512,3,5,4,256,6000,8.0,2633729,1,1,9974,1106,600011,5,6000,36000,92,552.0,4.6,7.6866,0.97358412
cold,0,1,0,3e-05,0.05,512,3,5,4,256,6000,8.0,2633729,1,1,9974,1106,600011,5,6000,36000,93,558.0,4.65,7.77015,0.97844976
cold,0,1,0,3e-05,0.05,512,3,5,4,256,6000,8.0,2633729,1,1,9974,1106,600011,5,6000,36000,94,564.0,4.7,7.8537,0.98661715
cold,0,1,0,3e-05,0.05,512,3,5,4,256,6000,8.0,2633729,1,1,9974,1106,600011,5,6000,36000,95,570.0,4.75,7.93725,0.99508595
cold,0,1,0,3e-05,0.05,512,3,5,4,256,6000,8.0,2633729,1,1,9974,1106,600011,5,6000,36000,96,576.0,4.8,8.0208,1.00089097
cold,0,1,0,3e-05,0.05,512,3,5,4,256,6000,8.0,2633729,1,1,9974,1106,600011,5,6000,36000,97,582.0,4.85,8.10435,1.00274193
cold,0,1,0,3e-05,0.05,512,3,5,4,256,6000,8.0,2633729,1,1,9974,1106,600011,5,6000,36000,98,588.0,4.9,8.1879,1.00114846
cold,0,1,0,3e-05,0.05,512,3,5,4,256,6000,8.0,2633729,1,1,9974,1106,600011,5,6000,36000,99,594.0,4.95,8.27145,0.99743724
cold,0,1,0,3e-05,0.05,512,3,5,4,256,6000,8.0,2633729,1,1,9974,1106,600011,5,6000,36000,100,600.0,5.0,8.355,0.99316698
cold,0,1,0,3e-05,0.05,512,3,5,4,256,6000,8.0,2633729,1,1,9974,1106,600011,5,6000,36000,101,606.0,5.05,8.43855,0.98981255
cold,0,1,0,3e-05,0.05,512,3,5,4,256,6000,8.0,2633729,1,1,9974,1106,600011,5,6000,36000,102,612.0,5.1,8.5221,0.98846984
cold,0,1,0,3e-05,0.05,512,3,5,4,256,6000,8.0,2633729,1,1,9974,1106,600011,5,6000,36000,103,618.0,5.15,8.60565,0.99057573
cold,0,1,0,3e-05,0.05,512,3,5,4,256,6000,8.0,2633729,1,1,9974,1106,600011,5,6000,36000,104,624.0,5.2,8.6892,0.99703789
cold,0,1,0,3e-05,0.05,512,3,5,4,256,6000,8.0,2633729,1,1,9974,1106,600011,5,6000,36000,105,630.0,5.25,8.77275,1.00517833
cold,0,1,0,3e-05,0.05,512,3,5,4,256,6000,8.0,2633729,1,1,9974,1106,600011,5,6000,36000,106,636.0,5.3,8.8563,1.01215196
cold,0,1,0,3e-05,0.05,512,3,5,4,256,6000,8.0,2633729,1,1,9974,1106,600011,5,6000,36000,107,642.0,5.35,8.93985,1.01776481
cold,0,1,0,3e-05,0.05,512,3,5,4,256,6000,8.0,2633729,1,1,9974,1106,600011,5,6000,36000,108,648.0,5.4,9.0234,1.02128768
cold,0,1,0,3e-05,0.05,512,3,5,4,256,6000,8.0,2633729,1,1,9974,1106,600011,5,6000,36000,109,654.0,5.45,9.10695,1.02065837
cold,0,1,0,3e-05,0.05,512,3,5,4,256,6000,8.0,2633729,1,1,9974,1106,600011,5,6000,36000,110,660.0,5.5,9.1905,1.01547086
cold,0,1,0,3e-05,0.05,512,3,5,4,256,6000,8.0,2633729,1,1,9974,1106,600011,5,6000,36000,111,666.0,5.55,9.27405,1.00835621
cold,0,1,0,3e-05,0.05,512,3,5,4,256,6000,8.0,2633729,1,1,9974,1106,600011,5,6000,36000,112,672.0,5.6,9.3576,1.00335753
cold,0,1,0,3e-05,0.05,512,3,5,4,256,6000,8.0,2633729,1,1,9974,1106,600011,5,6000,36000,113,678.0,5.65,9.44115,1.00262058
cold,0,1,0,3e-05,0.05,512,3,5,4,256,6000,8.0,2633729,1,1,9974,1106,600011,5,6000,36000,114,684.0,5.7,9.5247,1.00491762
cold,0,1,0,3e-05,0.05,512,3,5,4,256,6000,8.0,2633729,1,1,9974,1106,600011,5,6000,36000,115,690.0,5.75,9.60825,1.00718403
cold,0,1,0,3e-05,0.05,512,3,5,4,256,6000,8.0,2633729,1,1,9974,1106,600011,5,6000,36000,116,696.0,5.8,9.6918,1.00773597
cold,0,1,0,3e-05,0.05,512,3,5,4,256,6000,8.0,2633729,1,1,9974,1106,600011,5,6000,36000,117,702.0,5.85,9.77535,1.00780296
cold,0,1,0,3e-05,0.05,512,3,5,4,256,6000,8.0,2633729,1,1,9974,1106,600011,5,6000,36000,118,708.0,5.9,9.8589,1.00897193
cold,0,1,0,3e-05,0.05,512,3,5,4,256,6000,8.0,2633729,1,1,9974,1106,600011,5,6000,36000,119,714.0,5.95,9.94245,1.01062381
cold,0,1,0,3e-05,0.05,512,3,5,4,256,6000,8.0,2633729,1,1,9974,1106,600011,5,6000,36000,120,720.0,6.0,10.026,1.01031959
cold,0,1,0,3e-05,0.05,512,3,5,4,256,6000,8.0,2633729,1,1,9974,1107,600012,6,1,36001,1,6.0,0.05,0.08355,0.18278922
cold,0,1,0,3e-05,0.05,512,3,5,4,256,6000,8.0,2633729,1,1,9974,1107,600012,6,1,36001,2,12.0,0.1,0.1671,0.35106346
cold,0,1,0,3e-05,0.05,512,3,5,4,256,6000,8.0,2633729,1,1,9974,1107,600012,6,1,36001,3,18.0,0.15,0.25065,0.50179464
cold,0,1,0,3e-05,0.05,512,3,5,4,256,6000,8.0,2633729,1,1,9974,1107,600012,6,1,36001,4,24.0,0.2,0.3342,0.62893564
cold,0,1,0,3e-05,0.05,512,3,5,4,256,6000,8.0,2633729,1,1,9974,1107,600012,6,1,36001,5,30.0,0.25,0.41775,0.73090708
cold,0,1,0,3e-05,0.05,512,3,5,4,256,6000,8.0,2633729,1,1,9974,1107,600012,6,1,36001,6,36.0,0.3,0.5013,0.80937088
cold,0,1,0,3e-05,0.05,512,3,5,4,256,6000,8.0,2633729,1,1,9974,1107,600012,6,1,36001,7,42.0,0.35,0.58485,0.86752754
cold,0,1,0,3e-05,0.05,512,3,5,4,256,6000,8.0,2633729,1,1,9974,1107,600012,6,1,36001,8,48.0,0.4,0.6684,0.90907121
cold,0,1,0,3e-05,0.05,512,3,5,4,256,6000,8.0,2633729,1,1,9974,1107,600012,6,1,36001,9,54.0,0.45,0.75195,0.93771702
cold,0,1,0,3e-05,0.05,512,3,5,4,256,6000,8.0,2633729,1,1,9974,1107,600012,6,1,36001,10,60.0,0.5,0.8355,0.95733756
cold,0,1,0,3e-05,0.05,512,3,5,4,256,6000,8.0,2633729,1,1,9974,1107,600012,6,1,36001,11,66.0,0.55,0.91905,0.97079992
cold,0,1,0,3e-05,0.05,512,3,5,4,256,6000,8.0,2633729,1,1,9974,1107,600012,6,1,36001,12,72.0,0.6,1.0026,0.97928321
cold,0,1,0,3e-05,0.05,512,3,5,4,256,6000,8.0,2633729,1,1,9974,1107,600012,6,1,36001,13,78.0,0.65,1.08615,0.98338711
cold,0,1,0,3e-05,0.05,512,3,5,4,256,6000,8.0,2633729,1,1,9974,1107,600012,6,1,36001,14,84.0,0.7,1.1697,0.98474228
cold,0,1,0,3e-05,0.05,512,3,5,4,256,6000,8.0,2633729,1,1,9974,1107,600012,6,1,36001,15,90.0,0.75,1.25325,0.98560363
cold,0,1,0,3e-05,0.05,512,3,5,4,256,6000,8.0,2633729,1,1,9974,1107,600012,6,1,36001,16,96.0,0.8,1.3368,0.9872489
cold,0,1,0,3e-05,0.05,512,3,5,4,256,6000,8.0,2633729,1,1,9974,1107,600012,6,1,36001,17,102.0,0.85,1.42035,0.98972046
cold,0,1,0,3e-05,0.05,512,3,5,4,256,6000,8.0,2633729,1,1,9974,1107,600012,6,1,36001,18,108.0,0.9,1.5039,0.99237305
cold,0,1,0,3e-05,0.05,512,3,5,4,256,6000,8.0,2633729,1,1,9974,1107,600012,6,1,36001,19,114.0,0.95,1.58745,0.99424219
cold,0,1,0,3e-05,0.05,512,3,5,4,256,6000,8.0,2633729,1,1,9974,1107,600012,6,1,36001,20,120.0,1.0,1.671,0.99474406
cold,0,1,0,3e-05,0.05,512,3,5,4,256,6000,8.0,2633729,1,1,9974,1107,600012,6,1,36001,21,126.0,1.05,1.75455,0.9938066
cold,0,1,0,3e-05,0.05,512,3,5,4,256,6000,8.0,2633729,1,1,9974,1107,600012,6,1,36001,22,132.0,1.1,1.8381,0.99132603
cold,0,1,0,3e-05,0.05,512,3,5,4,256,6000,8.0,2633729,1,1,9974,1107,600012,6,1,36001,23,138.0,1.15,1.92165,0.98716748
cold,0,1,0,3e-05,0.05,512,3,5,4,256,6000,8.0,2633729,1,1,9974,1107,600012,6,1,36001,24,144.0,1.2,2.0052,0.98164296
cold,0,1,0,3e-05,0.05,512,3,5,4,256,6000,8.0,2633729,1,1,9974,1107,600012,6,1,36001,25,150.0,1.25,2.08875,0.97551191
cold,0,1,0,3e-05,0.05,512,3,5,4,256,6000,8.0,2633729,1,1,9974,1107,600012,6,1,36001,26,156.0,1.3,2.1723,0.96936256
cold,0,1,0,3e-05,0.05,512,3,5,4,256,6000,8.0,2633729,1,1,9974,1107,600012,6,1,36001,27,162.0,1.35,2.25585,0.96333426
cold,0,1,0,3e-05,0.05,512,3,5,4,256,6000,8.0,2633729,1,1,9974,1107,600012,6,1,36001,28,168.0,1.4,2.3394,0.95764053
cold,0,1,0,3e-05,0.05,512,3,5,4,256,6000,8.0,2633729,1,1,9974,1107,600012,6,1,36001,29,174.0,1.45,2.42295,0.95317328
cold,0,1,0,3e-05,0.05,512,3,5,4,256,6000,8.0,2633729,1,1,9974,1107,600012,6,1,36001,30,180.0,1.5,2.5065,0.95164311
cold,0,1,0,3e-05,0.05,512,3,5,4,256,6000,8.0,2633729,1,1,9974,1107,600012,6,1,36001,31,186.0,1.55,2.59005,0.95418048
cold,0,1,0,3e-05,0.05,512,3,5,4,256,6000,8.0,2633729,1,1,9974,1107,600012,6,1,36001,32,192.0,1.6,2.6736,0.96003938
cold,0,1,0,3e-05,0.05,512,3,5,4,256,6000,8.0,2633729,1,1,9974,1107,600012,6,1,36001,33,198.0,1.65,2.75715,0.96733981
cold,0,1,0,3e-05,0.05,512,3,5,4,256,6000,8.0,2633729,1,1,9974,1107,600012,6,1,36001,34,204.0,1.7,2.8407,0.9750455
cold,0,1,0,3e-05,0.05,512,3,5,4,256,6000,8.0,2633729,1,1,9974,1107,600012,6,1,36001,35,210.0,1.75,2.92425,0.98319274
cold,0,1,0,3e-05,0.05,512,3,5,4,256,6000,8.0,2633729,1,1,9974,1107,600012,6,1,36001,36,216.0,1.8,3.0078,0.99168545
cold,0,1,0,3e-05,0.05,512,3,5,4,256,6000,8.0,2633729,1,1,9974,1107,600012,6,1,36001,37,222.0,1.85,3.09135,0.99984312
cold,0,1,0,3e-05,0.05,512,3,5,4,256,6000,8.0,2633729,1,1,9974,1107,600012,6,1,36001,38,228.0,1.9,3.1749,1.0068568
cold,0,1,0,3e-05,0.05,512,3,5,4,256,6000,8.0,2633729,1,1,9974,1107,600012,6,1,36001,39,234.0,1.95,3.25845,1.01269531
cold,0,1,0,3e-05,0.05,512,3,5,4,256,6000,8.0,2633729,1,1,9974,1107,600012,6,1,36001,40,240.0,2.0,3.342,1.01842868
cold,0,1,0,3e-05,0.05,512,3,5,4,256,6000,8.0,2633729,1,1,9974,1107,600012,6,1,36001,41,246.0,2.05,3.42555,1.02501261
cold,0,1,0,3e-05,0.05,512,3,5,4,256,6000,8.0,2633729,1,1,9974,1107,600012,6,1,36001,42,252.0,2.1,3.5091,1.03243828
cold,0,1,0,3e-05,0.05,512,3,5,4,256,6000,8.0,2633729,1,1,9974,1107,600012,6,1,36001,43,258.0,2.15,3.59265,1.0403837
cold,0,1,0,3e-05,0.05,512,3,5,4,256,6000,8.0,2633729,1,1,9974,1107,600012,6,1,36001,44,264.0,2.2,3.6762,1.04843247
cold,0,1,0,3e-05,0.05,512,3,5,4,256,6000,8.0,2633729,1,1,9974,1107,600012,6,1,36001,45,270.0,2.25,3.75975,1.05577779
cold,0,1,0,3e-05,0.05,512,3,5,4,256,6000,8.0,2633729,1,1,9974,1107,600012,6,1,36001,46,276.0,2.3,3.8433,1.06144583
cold,0,1,0,3e-05,0.05,512,3,5,4,256,6000,8.0,2633729,1,1,9974,1107,600012,6,1,36001,47,282.0,2.35,3.92685,1.06494164
cold,0,1,0,3e-05,0.05,512,3,5,4,256,6000,8.0,2633729,1,1,9974,1107,600012,6,1,36001,48,288.0,2.4,4.0104,1.06654537
cold,0,1,0,3e-05,0.05,512,3,5,4,256,6000,8.0,2633729,1,1,9974,1107,600012,6,1,36001,49,294.0,2.45,4.09395,1.06745565
cold,0,1,0,3e-05,0.05,512,3,5,4,256,6000,8.0,2633729,1,1,9974,1107,600012,6,1,36001,50,300.0,2.5,4.1775,1.0696609
cold,0,1,0,3e-05,0.05,512,3,5,4,256,6000,8.0,2633729,1,1,9974,1107,600012,6,1,36001,51,306.0,2.55,4.26105,1.07393038
cold,0,1,0,3e-05,0.05,512,3,5,4,256,6000,8.0,2633729,1,1,9974,1107,600012,6,1,36001,52,312.0,2.6,4.3446,1.07889032
cold,0,1,0,3e-05,0.05,512,3,5,4,256,6000,8.0,2633729,1,1,9974,1107,600012,6,1,36001,53,318.0,2.65,4.42815,1.08273935
cold,0,1,0,3e-05,0.05,512,3,5,4,256,6000,8.0,2633729,1,1,9974,1107,600012,6,1,36001,54,324.0,2.7,4.5117,1.08521855
cold,0,1,0,3e-05,0.05,512,3,5,4,256,6000,8.0,2633729,1,1,9974,1107,600012,6,1,36001,55,330.0,2.75,4.59525,1.08711421
cold,0,1,0,3e-05,0.05,512,3,5,4,256,6000,8.0,2633729,1,1,9974,1107,600012,6,1,36001,56,336.0,2.8,4.6788,1.08910704
cold,0,1,0,3e-05,0.05,512,3,5,4,256,6000,8.0,2633729,1,1,9974,1107,600012,6,1,36001,57,342.0,2.85,4.76235,1.09172952
cold,0,1,0,3e-05,0.05,512,3,5,4,256,6000,8.0,2633729,1,1,9974,1107,600012,6,1,36001,58,348.0,2.9,4.8459,1.09501946
cold,0,1,0,3e-05,0.05,512,3,5,4,256,6000,8.0,2633729,1,1,9974,1107,600012,6,1,36001,59,354.0,2.95,4.92945,1.09861827
cold,0,1,0,3e-05,0.05,512,3,5,4,256,6000,8.0,2633729,1,1,9974,1107,600012,6,1,36001,60,360.0,3.0,5.013,1.10290325
cold,0,1,0,3e-05,0.05,512,3,5,4,256,6000,8.0,2633729,1,1,9974,1107,600012,6,1,36001,61,366.0,3.05,5.09655,1.10851634
cold,0,1,0,3e-05,0.05,512,3,5,4,256,6000,8.0,2633729,1,1,9974,1107,600012,6,1,36001,62,372.0,3.1,5.1801,1.11537623
cold,0,1,0,3e-05,0.05,512,3,5,4,256,6000,8.0,2633729,1,1,9974,1107,600012,6,1,36001,63,378.0,3.15,5.26365,1.12302327
cold,0,1,0,3e-05,0.05,512,3,5,4,256,6000,8.0,2633729,1,1,9974,1107,600012,6,1,36001,64,384.0,3.2,5.3472,1.13077688
cold,0,1,0,3e-05,0.05,512,3,5,4,256,6000,8.0,2633729,1,1,9974,1107,600012,6,1,36001,65,390.0,3.25,5.43075,1.13784027
cold,0,1,0,3e-05,0.05,512,3,5,4,256,6000,8.0,2633729,1,1,9974,1107,600012,6,1,36001,66,396.0,3.3,5.5143,1.14341402
cold,0,1,0,3e-05,0.05,512,3,5,4,256,6000,8.0,2633729,1,1,9974,1107,600012,6,1,36001,67,402.0,3.35,5.59785,1.14678252
cold,0,1,0,3e-05,0.05,512,3,5,4,256,6000,8.0,2633729,1,1,9974,1107,600012,6,1,36001,68,408.0,3.4,5.6814,1.14758551
cold,0,1,0,3e-05,0.05,512,3,5,4,256,6000,8.0,2633729,1,1,9974,1107,600012,6,1,36001,69,414.0,3.45,5.76495,1.14643896
cold,0,1,0,3e-05,0.05,512,3,5,4,256,6000,8.0,2633729,1,1,9974,1107,600012,6,1,36001,70,420.0,3.5,5.8485,1.14513278
cold,0,1,0,3e-05,0.05,512,3,5,4,256,6000,8.0,2633729,1,1,9974,1107,600012,6,1,36001,71,426.0,3.55,5.93205,1.14541602
cold,0,1,0,3e-05,0.05,512,3,5,4,256,6000,8.0,2633729,1,1,9974,1107,600012,6,1,36001,72,432.0,3.6,6.0156,1.14789069
cold,0,1,0,3e-05,0.05,512,3,5,4,256,6000,8.0,2633729,1,1,9974,1107,600012,6,1,36001,73,438.0,3.65,6.09915,1.15205061
cold,0,1,0,3e-05,0.05,512,3,5,4,256,6000,8.0,2633729,1,1,9974,1107,600012,6,1,36001,74,444.0,3.7,6.1827,1.15729487
cold,0,1,0,3e-05,0.05,512,3,5,4,256,6000,8.0,2633729,1,1,9974,1107,600012,6,1,36001,75,450.0,3.75,6.26625,1.16323233
cold,0,1,0,3e-05,0.05,512,3,5,4,256,6000,8.0,2633729,1,1,9974,1107,600012,6,1,36001,76,456.0,3.8,6.3498,1.16952753
cold,0,1,0,3e-05,0.05,512,3,5,4,256,6000,8.0,2633729,1,1,9974,1107,600012,6,1,36001,77,462.0,3.85,6.43335,1.17573333
cold,0,1,0,3e-05,0.05,512,3,5,4,256,6000,8.0,2633729,1,1,9974,1107,600012,6,1,36001,78,468.0,3.9,6.5169,1.1807543
cold,0,1,0,3e-05,0.05,512,3,5,4,256,6000,8.0,2633729,1,1,9974,1107,600012,6,1,36001,79,474.0,3.95,6.60045,1.18327785
cold,0,1,0,3e-05,0.05,512,3,5,4,256,6000,8.0,2633729,1,1,9974,1107,600012,6,1,36001,80,480.0,4.0,6.684,1.18344092
cold,0,1,0,3e-05,0.05,512,3,5,4,256,6000,8.0,2633729,1,1,9974,1107,600012,6,1,36001,81,486.0,4.05,6.76755,1.18290818
cold,0,1,0,3e-05,0.05,512,3,5,4,256,6000,8.0,2633729,1,1,9974,1107,600012,6,1,36001,82,492.0,4.1,6.8511,1.18338478
cold,0,1,0,3e-05,0.05,512,3,5,4,256,6000,8.0,2633729,1,1,9974,1107,600012,6,1,36001,83,498.0,4.15,6.93465,1.18571603
cold,0,1,0,3e-05,0.05,512,3,5,4,256,6000,8.0,2633729,1,1,9974,1107,600012,6,1,36001,84,504.0,4.2,7.0182,1.18963242
cold,0,1,0,3e-05,0.05,512,3,5,4,256,6000,8.0,2633729,1,1,9974,1107,600012,6,1,36001,85,510.0,4.25,7.10175,1.19408298
cold,0,1,0,3e-05,0.05,512,3,5,4,256,6000,8.0,2633729,1,1,9974,1107,600012,6,1,36001,86,516.0,4.3,7.1853,1.19776309
cold,0,1,0,3e-05,0.05,512,3,5,4,256,6000,8.0,2633729,1,1,9974,1107,600012,6,1,36001,87,522.0,4.35,7.26885,1.19960594
cold,0,1,0,3e-05,0.05,512,3,5,4,256,6000,8.0,2633729,1,1,9974,1107,600012,6,1,36001,88,528.0,4.4,7.3524,1.19927526
cold,0,1,0,3e-05,0.05,512,3,5,4,256,6000,8.0,2633729,1,1,9974,1107,600012,6,1,36001,89,534.0,4.45,7.43595,1.19771791
cold,0,1,0,3e-05,0.05,512,3,5,4,256,6000,8.0,2633729,1,1,9974,1107,600012,6,1,36001,90,540.0,4.5,7.5195,1.19694364
cold,0,1,0,3e-05,0.05,512,3,5,4,256,6000,8.0,2633729,1,1,9974,1107,600012,6,1,36001,91,546.0,4.55,7.60305,1.19817972
cold,0,1,0,3e-05,0.05,512,3,5,4,256,6000,8.0,2633729,1,1,9974,1107,600012,6,1,36001,92,552.0,4.6,7.6866,1.20087552
cold,0,1,0,3e-05,0.05,512,3,5,4,256,6000,8.0,2633729,1,1,9974,1107,600012,6,1,36001,93,558.0,4.65,7.77015,1.20371068
cold,0,1,0,3e-05,0.05,512,3,5,4,256,6000,8.0,2633729,1,1,9974,1107,600012,6,1,36001,94,564.0,4.7,7.8537,1.2061528
cold,0,1,0,3e-05,0.05,512,3,5,4,256,6000,8.0,2633729,1,1,9974,1107,600012,6,1,36001,95,570.0,4.75,7.93725,1.20823085
cold,0,1,0,3e-05,0.05,512,3,5,4,256,6000,8.0,2633729,1,1,9974,1107,600012,6,1,36001,96,576.0,4.8,8.0208,1.20992732
cold,0,1,0,3e-05,0.05,512,3,5,4,256,6000,8.0,2633729,1,1,9974,1107,600012,6,1,36001,97,582.0,4.85,8.10435,1.21130681
cold,0,1,0,3e-05,0.05,512,3,5,4,256,6000,8.0,2633729,1,1,9974,1107,600012,6,1,36001,98,588.0,4.9,8.1879,1.21222281
cold,0,1,0,3e-05,0.05,512,3,5,4,256,6000,8.0,2633729,1,1,9974,1107,600012,6,1,36001,99,594.0,4.95,8.27145,1.21238172
cold,0,1,0,3e-05,0.05,512,3,5,4,256,6000,8.0,2633729,1,1,9974,1107,600012,6,1,36001,100,600.0,5.0,8.355,1.21216321
cold,0,1,0,3e-05,0.05,512,3,5,4,256,6000,8.0,2633729,1,1,9974,1107,600012,6,1,36001,101,606.0,5.05,8.43855,1.21249926
cold,0,1,0,3e-05,0.05,512,3,5,4,256,6000,8.0,2633729,1,1,9974,1107,600012,6,1,36001,102,612.0,5.1,8.5221,1.21408081
cold,0,1,0,3e-05,0.05,512,3,5,4,256,6000,8.0,2633729,1,1,9974,1107,600012,6,1,36001,103,618.0,5.15,8.60565,1.21711266
cold,0,1,0,3e-05,0.05,512,3,5,4,256,6000,8.0,2633729,1,1,9974,1107,600012,6,1,36001,104,624.0,5.2,8.6892,1.22120345
cold,0,1,0,3e-05,0.05,512,3,5,4,256,6000,8.0,2633729,1,1,9974,1107,600012,6,1,36001,105,630.0,5.25,8.77275,1.22537839
cold,0,1,0,3e-05,0.05,512,3,5,4,256,6000,8.0,2633729,1,1,9974,1107,600012,6,1,36001,106,636.0,5.3,8.8563,1.22848129
cold,0,1,0,3e-05,0.05,512,3,5,4,256,6000,8.0,2633729,1,1,9974,1107,600012,6,1,36001,107,642.0,5.35,8.93985,1.22976494
cold,0,1,0,3e-05,0.05,512,3,5,4,256,6000,8.0,2633729,1,1,9974,1107,600012,6,1,36001,108,648.0,5.4,9.0234,1.22905147
cold,0,1,0,3e-05,0.05,512,3,5,4,256,6000,8.0,2633729,1,1,9974,1107,600012,6,1,36001,109,654.0,5.45,9.10695,1.22698748
cold,0,1,0,3e-05,0.05,512,3,5,4,256,6000,8.0,2633729,1,1,9974,1107,600012,6,1,36001,110,660.0,5.5,9.1905,1.22521865
cold,0,1,0,3e-05,0.05,512,3,5,4,256,6000,8.0,2633729,1,1,9974,1107,600012,6,1,36001,111,666.0,5.55,9.27405,1.22487783
cold,0,1,0,3e-05,0.05,512,3,5,4,256,6000,8.0,2633729,1,1,9974,1107,600012,6,1,36001,112,672.0,5.6,9.3576,1.22558224
cold,0,1,0,3e-05,0.05,512,3,5,4,256,6000,8.0,2633729,1,1,9974,1107,600012,6,1,36001,113,678.0,5.65,9.44115,1.22644484
cold,0,1,0,3e-05,0.05,512,3,5,4,256,6000,8.0,2633729,1,1,9974,1107,600012,6,1,36001,114,684.0,5.7,9.5247,1.22746837
cold,0,1,0,3e-05,0.05,512,3,5,4,256,6000,8.0,2633729,1,1,9974,1107,600012,6,1,36001,115,690.0,5.75,9.60825,1.22914696
cold,0,1,0,3e-05,0.05,512,3,5,4,256,6000,8.0,2633729,1,1,9974,1107,600012,6,1,36001,116,696.0,5.8,9.6918,1.23161268
cold,0,1,0,3e-05,0.05,512,3,5,4,256,6000,8.0,2633729,1,1,9974,1107,600012,6,1,36001,117,702.0,5.85,9.77535,1.23451018
cold,0,1,0,3e-05,0.05,512,3,5,4,256,6000,8.0,2633729,1,1,9974,1107,600012,6,1,36001,118,708.0,5.9,9.8589,1.23689127
cold,0,1,0,3e-05,0.05,512,3,5,4,256,6000,8.0,2633729,1,1,9974,1107,600012,6,1,36001,119,714.0,5.95,9.94245,1.23784709
cold,0,1,0,3e-05,0.05,512,3,5,4,256,6000,8.0,2633729,1,1,9974,1107,600012,6,1,36001,120,720.0,6.0,10.026,1.23788178
cold,0,1,0,3e-05,0.05,512,3,5,4,256,6000,8.0,2633729,1,1,9974,1107,600012,6,12,36012,1,6.0,0.05,0.08355,0.13467287
cold,0,1,0,3e-05,0.05,512,3,5,4,256,6000,8.0,2633729,1,1,9974,1107,600012,6,12,36012,2,12.0,0.1,0.1671,0.25673115
cold,0,1,0,3e-05,0.05,512,3,5,4,256,6000,8.0,2633729,1,1,9974,1107,600012,6,12,36012,3,18.0,0.15,0.25065,0.36606541
cold,0,1,0,3e-05,0.05,512,3,5,4,256,6000,8.0,2633729,1,1,9974,1107,600012,6,12,36012,4,24.0,0.2,0.3342,0.45435721
cold,0,1,0,3e-05,0.05,512,3,5,4,256,6000,8.0,2633729,1,1,9974,1107,600012,6,12,36012,5,30.0,0.25,0.41775,0.51859283
cold,0,1,0,3e-05,0.05,512,3,5,4,256,6000,8.0,2633729,1,1,9974,1107,600012,6,12,36012,6,36.0,0.3,0.5013,0.56403077
cold,0,1,0,3e-05,0.05,512,3,5,4,256,6000,8.0,2633729,1,1,9974,1107,600012,6,12,36012,7,42.0,0.35,0.58485,0.59692371
cold,0,1,0,3e-05,0.05,512,3,5,4,256,6000,8.0,2633729,1,1,9974,1107,600012,6,12,36012,8,48.0,0.4,0.6684,0.62172252
cold,0,1,0,3e-05,0.05,512,3,5,4,256,6000,8.0,2633729,1,1,9974,1107,600012,6,12,36012,9,54.0,0.45,0.75195,0.64024699
cold,0,1,0,3e-05,0.05,512,3,5,4,256,6000,8.0,2633729,1,1,9974,1107,600012,6,12,36012,10,60.0,0.5,0.8355,0.65389705
cold,0,1,0,3e-05,0.05,512,3,5,4,256,6000,8.0,2633729,1,1,9974,1107,600012,6,12,36012,11,66.0,0.55,0.91905,0.66506904
cold,0,1,0,3e-05,0.05,512,3,5,4,256,6000,8.0,2633729,1,1,9974,1107,600012,6,12,36012,12,72.0,0.6,1.0026,0.67635274
cold,0,1,0,3e-05,0.05,512,3,5,4,256,6000,8.0,2633729,1,1,9974,1107,600012,6,12,36012,13,78.0,0.65,1.08615,0.68911213
cold,0,1,0,3e-05,0.05,512,3,5,4,256,6000,8.0,2633729,1,1,9974,1107,600012,6,12,36012,14,84.0,0.7,1.1697,0.70336646
cold,0,1,0,3e-05,0.05,512,3,5,4,256,6000,8.0,2633729,1,1,9974,1107,600012,6,12,36012,15,90.0,0.75,1.25325,0.71857023
cold,0,1,0,3e-05,0.05,512,3,5,4,256,6000,8.0,2633729,1,1,9974,1107,600012,6,12,36012,16,96.0,0.8,1.3368,0.73378122
cold,0,1,0,3e-05,0.05,512,3,5,4,256,6000,8.0,2633729,1,1,9974,1107,600012,6,12,36012,17,102.0,0.85,1.42035,0.74756688
cold,0,1,0,3e-05,0.05,512,3,5,4,256,6000,8.0,2633729,1,1,9974,1107,600012,6,12,36012,18,108.0,0.9,1.5039,0.75864792
cold,0,1,0,3e-05,0.05,512,3,5,4,256,6000,8.0,2633729,1,1,9974,1107,600012,6,12,36012,19,114.0,0.95,1.58745,0.76698673
cold,0,1,0,3e-05,0.05,512,3,5,4,256,6000,8.0,2633729,1,1,9974,1107,600012,6,12,36012,20,120.0,1.0,1.671,0.77408069
cold,0,1,0,3e-05,0.05,512,3,5,4,256,6000,8.0,2633729,1,1,9974,1107,600012,6,12,36012,21,126.0,1.05,1.75455,0.78134727
cold,0,1,0,3e-05,0.05,512,3,5,4,256,6000,8.0,2633729,1,1,9974,1107,600012,6,12,36012,22,132.0,1.1,1.8381,0.78867233
cold,0,1,0,3e-05,0.05,512,3,5,4,256,6000,8.0,2633729,1,1,9974,1107,600012,6,12,36012,23,138.0,1.15,1.92165,0.79505658
cold,0,1,0,3e-05,0.05,512,3,5,4,256,6000,8.0,2633729,1,1,9974,1107,600012,6,12,36012,24,144.0,1.2,2.0052,0.80009764
cold,0,1,0,3e-05,0.05,512,3,5,4,256,6000,8.0,2633729,1,1,9974,1107,600012,6,12,36012,25,150.0,1.25,2.08875,0.80452657
cold,0,1,0,3e-05,0.05,512,3,5,4,256,6000,8.0,2633729,1,1,9974,1107,600012,6,12,36012,26,156.0,1.3,2.1723,0.80882359
cold,0,1,0,3e-05,0.05,512,3,5,4,256,6000,8.0,2633729,1,1,9974,1107,600012,6,12,36012,27,162.0,1.35,2.25585,0.81245655
cold,0,1,0,3e-05,0.05,512,3,5,4,256,6000,8.0,2633729,1,1,9974,1107,600012,6,12,36012,28,168.0,1.4,2.3394,0.81484777
cold,0,1,0,3e-05,0.05,512,3,5,4,256,6000,8.0,2633729,1,1,9974,1107,600012,6,12,36012,29,174.0,1.45,2.42295,0.8161611
cold,0,1,0,3e-05,0.05,512,3,5,4,256,6000,8.0,2633729,1,1,9974,1107,600012,6,12,36012,30,180.0,1.5,2.5065,0.8177672
cold,0,1,0,3e-05,0.05,512,3,5,4,256,6000,8.0,2633729,1,1,9974,1107,600012,6,12,36012,31,186.0,1.55,2.59005,0.82114762
cold,0,1,0,3e-05,0.05,512,3,5,4,256,6000,8.0,2633729,1,1,9974,1107,600012,6,12,36012,32,192.0,1.6,2.6736,0.82605731
cold,0,1,0,3e-05,0.05,512,3,5,4,256,6000,8.0,2633729,1,1,9974,1107,600012,6,12,36012,33,198.0,1.65,2.75715,0.83074898
cold,0,1,0,3e-05,0.05,512,3,5,4,256,6000,8.0,2633729,1,1,9974,1107,600012,6,12,36012,34,204.0,1.7,2.8407,0.83386922
cold,0,1,0,3e-05,0.05,512,3,5,4,256,6000,8.0,2633729,1,1,9974,1107,600012,6,12,36012,35,210.0,1.75,2.92425,0.83515757
cold,0,1,0,3e-05,0.05,512,3,5,4,256,6000,8.0,2633729,1,1,9974,1107,600012,6,12,36012,36,216.0,1.8,3.0078,0.83523959
cold,0,1,0,3e-05,0.05,512,3,5,4,256,6000,8.0,2633729,1,1,9974,1107,600012,6,12,36012,37,222.0,1.85,3.09135,0.83533937
cold,0,1,0,3e-05,0.05,512,3,5,4,256,6000,8.0,2633729,1,1,9974,1107,600012,6,12,36012,38,228.0,1.9,3.1749,0.83602327
cold,0,1,0,3e-05,0.05,512,3,5,4,256,6000,8.0,2633729,1,1,9974,1107,600012,6,12,36012,39,234.0,1.95,3.25845,0.83673626
cold,0,1,0,3e-05,0.05,512,3,5,4,256,6000,8.0,2633729,1,1,9974,1107,600012,6,12,36012,40,240.0,2.0,3.342,0.83704269
cold,0,1,0,3e-05,0.05,512,3,5,4,256,6000,8.0,2633729,1,1,9974,1107,600012,6,12,36012,41,246.0,2.05,3.42555,0.83698273
cold,0,1,0,3e-05,0.05,512,3,5,4,256,6000,8.0,2633729,1,1,9974,1107,600012,6,12,36012,42,252.0,2.1,3.5091,0.83684343
cold,0,1,0,3e-05,0.05,512,3,5,4,256,6000,8.0,2633729,1,1,9974,1107,600012,6,12,36012,43,258.0,2.15,3.59265,0.83711833
cold,0,1,0,3e-05,0.05,512,3,5,4,256,6000,8.0,2633729,1,1,9974,1107,600012,6,12,36012,44,264.0,2.2,3.6762,0.83783686
cold,0,1,0,3e-05,0.05,512,3,5,4,256,6000,8.0,2633729,1,1,9974,1107,600012,6,12,36012,45,270.0,2.25,3.75975,0.83811939
cold,0,1,0,3e-05,0.05,512,3,5,4,256,6000,8.0,2633729,1,1,9974,1107,600012,6,12,36012,46,276.0,2.3,3.8433,0.83665812
cold,0,1,0,3e-05,0.05,512,3,5,4,256,6000,8.0,2633729,1,1,9974,1107,600012,6,12,36012,47,282.0,2.35,3.92685,0.83276969
cold,0,1,0,3e-05,0.05,512,3,5,4,256,6000,8.0,2633729,1,1,9974,1107,600012,6,12,36012,48,288.0,2.4,4.0104,0.82703263
cold,0,1,0,3e-05,0.05,512,3,5,4,256,6000,8.0,2633729,1,1,9974,1107,600012,6,12,36012,49,294.0,2.45,4.09395,0.82124656
cold,0,1,0,3e-05,0.05,512,3,5,4,256,6000,8.0,2633729,1,1,9974,1107,600012,6,12,36012,50,300.0,2.5,4.1775,0.81765926
cold,0,1,0,3e-05,0.05,512,3,5,4,256,6000,8.0,2633729,1,1,9974,1107,600012,6,12,36012,51,306.0,2.55,4.26105,0.81673884
cold,0,1,0,3e-05,0.05,512,3,5,4,256,6000,8.0,2633729,1,1,9974,1107,600012,6,12,36012,52,312.0,2.6,4.3446,0.81637228
cold,0,1,0,3e-05,0.05,512,3,5,4,256,6000,8.0,2633729,1,1,9974,1107,600012,6,12,36012,53,318.0,2.65,4.42815,0.81426793
cold,0,1,0,3e-05,0.05,512,3,5,4,256,6000,8.0,2633729,1,1,9974,1107,600012,6,12,36012,54,324.0,2.7,4.5117,0.81049281
cold,0,1,0,3e-05,0.05,512,3,5,4,256,6000,8.0,2633729,1,1,9974,1107,600012,6,12,36012,55,330.0,2.75,4.59525,0.80672985
cold,0,1,0,3e-05,0.05,512,3,5,4,256,6000,8.0,2633729,1,1,9974,1107,600012,6,12,36012,56,336.0,2.8,4.6788,0.80436236
cold,0,1,0,3e-05,0.05,512,3,5,4,256,6000,8.0,2633729,1,1,9974,1107,600012,6,12,36012,57,342.0,2.85,4.76235,0.80340034
cold,0,1,0,3e-05,0.05,512,3,5,4,256,6000,8.0,2633729,1,1,9974,1107,600012,6,12,36012,58,348.0,2.9,4.8459,0.80229491
cold,0,1,0,3e-05,0.05,512,3,5,4,256,6000,8.0,2633729,1,1,9974,1107,600012,6,12,36012,59,354.0,2.95,4.92945,0.79971409
cold,0,1,0,3e-05,0.05,512,3,5,4,256,6000,8.0,2633729,1,1,9974,1107,600012,6,12,36012,60,360.0,3.0,5.013,0.79585469
cold,0,1,0,3e-05,0.05,512,3,5,4,256,6000,8.0,2633729,1,1,9974,1107,600012,6,12,36012,61,366.0,3.05,5.09655,0.79169255
cold,0,1,0,3e-05,0.05,512,3,5,4,256,6000,8.0,2633729,1,1,9974,1107,600012,6,12,36012,62,372.0,3.1,5.1801,0.78836483
cold,0,1,0,3e-05,0.05,512,3,5,4,256,6000,8.0,2633729,1,1,9974,1107,600012,6,12,36012,63,378.0,3.15,5.26365,0.78682673
cold,0,1,0,3e-05,0.05,512,3,5,4,256,6000,8.0,2633729,1,1,9974,1107,600012,6,12,36012,64,384.0,3.2,5.3472,0.78689224
cold,0,1,0,3e-05,0.05,512,3,5,4,256,6000,8.0,2633729,1,1,9974,1107,600012,6,12,36012,65,390.0,3.25,5.43075,0.78706664
cold,0,1,0,3e-05,0.05,512,3,5,4,256,6000,8.0,2633729,1,1,9974,1107,600012,6,12,36012,66,396.0,3.3,5.5143,0.78579509
cold,0,1,0,3e-05,0.05,512,3,5,4,256,6000,8.0,2633729,1,1,9974,1107,600012,6,12,36012,67,402.0,3.35,5.59785,0.78250164
cold,0,1,0,3e-05,0.05,512,3,5,4,256,6000,8.0,2633729,1,1,9974,1107,600012,6,12,36012,68,408.0,3.4,5.6814,0.77778488
cold,0,1,0,3e-05,0.05,512,3,5,4,256,6000,8.0,2633729,1,1,9974,1107,600012,6,12,36012,69,414.0,3.45,5.76495,0.77297854
cold,0,1,0,3e-05,0.05,512,3,5,4,256,6000,8.0,2633729,1,1,9974,1107,600012,6,12,36012,70,420.0,3.5,5.8485,0.76917934
cold,0,1,0,3e-05,0.05,512,3,5,4,256,6000,8.0,2633729,1,1,9974,1107,600012,6,12,36012,71,426.0,3.55,5.93205,0.76638252
cold,0,1,0,3e-05,0.05,512,3,5,4,256,6000,8.0,2633729,1,1,9974,1107,600012,6,12,36012,72,432.0,3.6,6.0156,0.76381093
cold,0,1,0,3e-05,0.05,512,3,5,4,256,6000,8.0,2633729,1,1,9974,1107,600012,6,12,36012,73,438.0,3.65,6.09915,0.76100671
cold,0,1,0,3e-05,0.05,512,3,5,4,256,6000,8.0,2633729,1,1,9974,1107,600012,6,12,36012,74,444.0,3.7,6.1827,0.75848043
cold,0,1,0,3e-05,0.05,512,3,5,4,256,6000,8.0,2633729,1,1,9974,1107,600012,6,12,36012,75,450.0,3.75,6.26625,0.7569558
cold,0,1,0,3e-05,0.05,512,3,5,4,256,6000,8.0,2633729,1,1,9974,1107,600012,6,12,36012,76,456.0,3.8,6.3498,0.75663066
cold,0,1,0,3e-05,0.05,512,3,5,4,256,6000,8.0,2633729,1,1,9974,1107,600012,6,12,36012,77,462.0,3.85,6.43335,0.75678438
cold,0,1,0,3e-05,0.05,512,3,5,4,256,6000,8.0,2633729,1,1,9974,1107,600012,6,12,36012,78,468.0,3.9,6.5169,0.75590473
cold,0,1,0,3e-05,0.05,512,3,5,4,256,6000,8.0,2633729,1,1,9974,1107,600012,6,12,36012,79,474.0,3.95,6.60045,0.75301546
cold,0,1,0,3e-05,0.05,512,3,5,4,256,6000,8.0,2633729,1,1,9974,1107,600012,6,12,36012,80,480.0,4.0,6.684,0.74920827
cold,0,1,0,3e-05,0.05,512,3,5,4,256,6000,8.0,2633729,1,1,9974,1107,600012,6,12,36012,81,486.0,4.05,6.76755,0.74691045
cold,0,1,0,3e-05,0.05,512,3,5,4,256,6000,8.0,2633729,1,1,9974,1107,600012,6,12,36012,82,492.0,4.1,6.8511,0.74729067
cold,0,1,0,3e-05,0.05,512,3,5,4,256,6000,8.0,2633729,1,1,9974,1107,600012,6,12,36012,83,498.0,4.15,6.93465,0.74945116
cold,0,1,0,3e-05,0.05,512,3,5,4,256,6000,8.0,2633729,1,1,9974,1107,600012,6,12,36012,84,504.0,4.2,7.0182,0.75151259
cold,0,1,0,3e-05,0.05,512,3,5,4,256,6000,8.0,2633729,1,1,9974,1107,600012,6,12,36012,85,510.0,4.25,7.10175,0.75200796
cold,0,1,0,3e-05,0.05,512,3,5,4,256,6000,8.0,2633729,1,1,9974,1107,600012,6,12,36012,86,516.0,4.3,7.1853,0.75071532
cold,0,1,0,3e-05,0.05,512,3,5,4,256,6000,8.0,2633729,1,1,9974,1107,600012,6,12,36012,87,522.0,4.35,7.26885,0.74826324
cold,0,1,0,3e-05,0.05,512,3,5,4,256,6000,8.0,2633729,1,1,9974,1107,600012,6,12,36012,88,528.0,4.4,7.3524,0.7452029
cold,0,1,0,3e-05,0.05,512,3,5,4,256,6000,8.0,2633729,1,1,9974,1107,600012,6,12,36012,89,534.0,4.45,7.43595,0.74170816
cold,0,1,0,3e-05,0.05,512,3,5,4,256,6000,8.0,2633729,1,1,9974,1107,600012,6,12,36012,90,540.0,4.5,7.5195,0.7383936
cold,0,1,0,3e-05,0.05,512,3,5,4,256,6000,8.0,2633729,1,1,9974,1107,600012,6,12,36012,91,546.0,4.55,7.60305,0.73620856
cold,0,1,0,3e-05,0.05,512,3,5,4,256,6000,8.0,2633729,1,1,9974,1107,600012,6,12,36012,92,552.0,4.6,7.6866,0.73562217
cold,0,1,0,3e-05,0.05,512,3,5,4,256,6000,8.0,2633729,1,1,9974,1107,600012,6,12,36012,93,558.0,4.65,7.77015,0.73675531
cold,0,1,0,3e-05,0.05,512,3,5,4,256,6000,8.0,2633729,1,1,9974,1107,600012,6,12,36012,94,564.0,4.7,7.8537,0.73953056
cold,0,1,0,3e-05,0.05,512,3,5,4,256,6000,8.0,2633729,1,1,9974,1107,600012,6,12,36012,95,570.0,4.75,7.93725,0.74307907
cold,0,1,0,3e-05,0.05,512,3,5,4,256,6000,8.0,2633729,1,1,9974,1107,600012,6,12,36012,96,576.0,4.8,8.0208,0.74626988
cold,0,1,0,3e-05,0.05,512,3,5,4,256,6000,8.0,2633729,1,1,9974,1107,600012,6,12,36012,97,582.0,4.85,8.10435,0.74864125
cold,0,1,0,3e-05,0.05,512,3,5,4,256,6000,8.0,2633729,1,1,9974,1107,600012,6,12,36012,98,588.0,4.9,8.1879,0.75007367
cold,0,1,0,3e-05,0.05,512,3,5,4,256,6000,8.0,2633729,1,1,9974,1107,600012,6,12,36012,99,594.0,4.95,8.27145,0.75063121
cold,0,1,0,3e-05,0.05,512,3,5,4,256,6000,8.0,2633729,1,1,9974,1107,600012,6,12,36012,100,600.0,5.0,8.355,0.75113463
cold,0,1,0,3e-05,0.05,512,3,5,4,256,6000,8.0,2633729,1,1,9974,1107,600012,6,12,36012,101,606.0,5.05,8.43855,0.75233215
cold,0,1,0,3e-05,0.05,512,3,5,4,256,6000,8.0,2633729,1,1,9974,1107,600012,6,12,36012,102,612.0,5.1,8.5221,0.75415051
cold,0,1,0,3e-05,0.05,512,3,5,4,256,6000,8.0,2633729,1,1,9974,1107,600012,6,12,36012,103,618.0,5.15,8.60565,0.75634038
cold,0,1,0,3e-05,0.05,512,3,5,4,256,6000,8.0,2633729,1,1,9974,1107,600012,6,12,36012,104,624.0,5.2,8.6892,0.75884956
cold,0,1,0,3e-05,0.05,512,3,5,4,256,6000,8.0,2633729,1,1,9974,1107,600012,6,12,36012,105,630.0,5.25,8.77275,0.76186907
cold,0,1,0,3e-05,0.05,512,3,5,4,256,6000,8.0,2633729,1,1,9974,1107,600012,6,12,36012,106,636.0,5.3,8.8563,0.76532894
cold,0,1,0,3e-05,0.05,512,3,5,4,256,6000,8.0,2633729,1,1,9974,1107,600012,6,12,36012,107,642.0,5.35,8.93985,0.76826072
cold,0,1,0,3e-05,0.05,512,3,5,4,256,6000,8.0,2633729,1,1,9974,1107,600012,6,12,36012,108,648.0,5.4,9.0234,0.7694146
cold,0,1,0,3e-05,0.05,512,3,5,4,256,6000,8.0,2633729,1,1,9974,1107,600012,6,12,36012,109,654.0,5.45,9.10695,0.76878464
cold,0,1,0,3e-05,0.05,512,3,5,4,256,6000,8.0,2633729,1,1,9974,1107,600012,6,12,36012,110,660.0,5.5,9.1905,0.7679621
cold,0,1,0,3e-05,0.05,512,3,5,4,256,6000,8.0,2633729,1,1,9974,1107,600012,6,12,36012,111,666.0,5.55,9.27405,0.7684117
cold,0,1,0,3e-05,0.05,512,3,5,4,256,6000,8.0,2633729,1,1,9974,1107,600012,6,12,36012,112,672.0,5.6,9.3576,0.77023268
cold,0,1,0,3e-05,0.05,512,3,5,4,256,6000,8.0,2633729,1,1,9974,1107,600012,6,12,36012,113,678.0,5.65,9.44115,0.77265698
cold,0,1,0,3e-05,0.05,512,3,5,4,256,6000,8.0,2633729,1,1,9974,1107,600012,6,12,36012,114,684.0,5.7,9.5247,0.77523297
cold,0,1,0,3e-05,0.05,512,3,5,4,256,6000,8.0,2633729,1,1,9974,1107,600012,6,12,36012,115,690.0,5.75,9.60825,0.77812535
cold,0,1,0,3e-05,0.05,512,3,5,4,256,6000,8.0,2633729,1,1,9974,1107,600012,6,12,36012,116,696.0,5.8,9.6918,0.78154182
cold,0,1,0,3e-05,0.05,512,3,5,4,256,6000,8.0,2633729,1,1,9974,1107,600012,6,12,36012,117,702.0,5.85,9.77535,0.78481376
cold,0,1,0,3e-05,0.05,512,3,5,4,256,6000,8.0,2633729,1,1,9974,1107,600012,6,12,36012,118,708.0,5.9,9.8589,0.78678066
cold,0,1,0,3e-05,0.05,512,3,5,4,256,6000,8.0,2633729,1,1,9974,1107,600012,6,12,36012,119,714.0,5.95,9.94245,0.78727621
cold,0,1,0,3e-05,0.05,512,3,5,4,256,6000,8.0,2633729,1,1,9974,1107,600012,6,12,36012,120,720.0,6.0,10.026,0.78725046
cold,0,1,0,3e-05,0.05,512,3,5,4,256,6000,8.0,2633729,1,1,9974,1107,600012,6,54,36054,1,6.0,0.05,0.08355,0.09198755
cold,0,1,0,3e-05,0.05,512,3,5,4,256,6000,8.0,2633729,1,1,9974,1107,600012,6,54,36054,2,12.0,0.1,0.1671,0.1755974
cold,0,1,0,3e-05,0.05,512,3,5,4,256,6000,8.0,2633729,1,1,9974,1107,600012,6,54,36054,3,18.0,0.15,0.25065,0.25915393
cold,0,1,0,3e-05,0.05,512,3,5,4,256,6000,8.0,2633729,1,1,9974,1107,600012,6,54,36054,4,24.0,0.2,0.3342,0.33191115
cold,0,1,0,3e-05,0.05,512,3,5,4,256,6000,8.0,2633729,1,1,9974,1107,600012,6,54,36054,5,30.0,0.25,0.41775,0.38958198
cold,0,1,0,3e-05,0.05,512,3,5,4,256,6000,8.0,2633729,1,1,9974,1107,600012,6,54,36054,6,36.0,0.3,0.5013,0.43557283
cold,0,1,0,3e-05,0.05,512,3,5,4,256,6000,8.0,2633729,1,1,9974,1107,600012,6,54,36054,7,42.0,0.35,0.58485,0.47473103
cold,0,1,0,3e-05,0.05,512,3,5,4,256,6000,8.0,2633729,1,1,9974,1107,600012,6,54,36054,8,48.0,0.4,0.6684,0.50957984
cold,0,1,0,3e-05,0.05,512,3,5,4,256,6000,8.0,2633729,1,1,9974,1107,600012,6,54,36054,9,54.0,0.45,0.75195,0.54012376
cold,0,1,0,3e-05,0.05,512,3,5,4,256,6000,8.0,2633729,1,1,9974,1107,600012,6,54,36054,10,60.0,0.5,0.8355,0.56581533
cold,0,1,0,3e-05,0.05,512,3,5,4,256,6000,8.0,2633729,1,1,9974,1107,600012,6,54,36054,11,66.0,0.55,0.91905,0.5865311
cold,0,1,0,3e-05,0.05,512,3,5,4,256,6000,8.0,2633729,1,1,9974,1107,600012,6,54,36054,12,72.0,0.6,1.0026,0.60292912
cold,0,1,0,3e-05,0.05,512,3,5,4,256,6000,8.0,2633729,1,1,9974,1107,600012,6,54,36054,13,78.0,0.65,1.08615,0.61623114
cold,0,1,0,3e-05,0.05,512,3,5,4,256,6000,8.0,2633729,1,1,9974,1107,600012,6,54,36054,14,84.0,0.7,1.1697,0.62776732
cold,0,1,0,3e-05,0.05,512,3,5,4,256,6000,8.0,2633729,1,1,9974,1107,600012,6,54,36054,15,90.0,0.75,1.25325,0.63872272
cold,0,1,0,3e-05,0.05,512,3,5,4,256,6000,8.0,2633729,1,1,9974,1107,600012,6,54,36054,16,96.0,0.8,1.3368,0.64958513
cold,0,1,0,3e-05,0.05,512,3,5,4,256,6000,8.0,2633729,1,1,9974,1107,600012,6,54,36054,17,102.0,0.85,1.42035,0.6599431
cold,0,1,0,3e-05,0.05,512,3,5,4,256,6000,8.0,2633729,1,1,9974,1107,600012,6,54,36054,18,108.0,0.9,1.5039,0.66904205
cold,0,1,0,3e-05,0.05,512,3,5,4,256,6000,8.0,2633729,1,1,9974,1107,600012,6,54,36054,19,114.0,0.95,1.58745,0.67666966
cold,0,1,0,3e-05,0.05,512,3,5,4,256,6000,8.0,2633729,1,1,9974,1107,600012,6,54,36054,20,120.0,1.0,1.671,0.68337828
cold,0,1,0,3e-05,0.05,512,3,5,4,256,6000,8.0,2633729,1,1,9974,1107,600012,6,54,36054,21,126.0,1.05,1.75455,0.68985611
cold,0,1,0,3e-05,0.05,512,3,5,4,256,6000,8.0,2633729,1,1,9974,1107,600012,6,54,36054,22,132.0,1.1,1.8381,0.69651586
cold,0,1,0,3e-05,0.05,512,3,5,4,256,6000,8.0,2633729,1,1,9974,1107,600012,6,54,36054,23,138.0,1.15,1.92165,0.70316941
cold,0,1,0,3e-05,0.05,512,3,5,4,256,6000,8.0,2633729,1,1,9974,1107,600012,6,54,36054,24,144.0,1.2,2.0052,0.70888942
cold,0,1,0,3e-05,0.05,512,3,5,4,256,6000,8.0,2633729,1,1,9974,1107,600012,6,54,36054,25,150.0,1.25,2.08875,0.71301043
cold,0,1,0,3e-05,0.05,512,3,5,4,256,6000,8.0,2633729,1,1,9974,1107,600012,6,54,36054,26,156.0,1.3,2.1723,0.71538126
cold,0,1,0,3e-05,0.05,512,3,5,4,256,6000,8.0,2633729,1,1,9974,1107,600012,6,54,36054,27,162.0,1.35,2.25585,0.71586752
cold,0,1,0,3e-05,0.05,512,3,5,4,256,6000,8.0,2633729,1,1,9974,1107,600012,6,54,36054,28,168.0,1.4,2.3394,0.7147001
cold,0,1,0,3e-05,0.05,512,3,5,4,256,6000,8.0,2633729,1,1,9974,1107,600012,6,54,36054,29,174.0,1.45,2.42295,0.71323228
cold,0,1,0,3e-05,0.05,512,3,5,4,256,6000,8.0,2633729,1,1,9974,1107,600012,6,54,36054,30,180.0,1.5,2.5065,0.71393579
cold,0,1,0,3e-05,0.05,512,3,5,4,256,6000,8.0,2633729,1,1,9974,1107,600012,6,54,36054,31,186.0,1.55,2.59005,0.71845317
cold,0,1,0,3e-05,0.05,512,3,5,4,256,6000,8.0,2633729,1,1,9974,1107,600012,6,54,36054,32,192.0,1.6,2.6736,0.72608918
cold,0,1,0,3e-05,0.05,512,3,5,4,256,6000,8.0,2633729,1,1,9974,1107,600012,6,54,36054,33,198.0,1.65,2.75715,0.73472065
cold,0,1,0,3e-05,0.05,512,3,5,4,256,6000,8.0,2633729,1,1,9974,1107,600012,6,54,36054,34,204.0,1.7,2.8407,0.7427913
cold,0,1,0,3e-05,0.05,512,3,5,4,256,6000,8.0,2633729,1,1,9974,1107,600012,6,54,36054,35,210.0,1.75,2.92425,0.74974436
cold,0,1,0,3e-05,0.05,512,3,5,4,256,6000,8.0,2633729,1,1,9974,1107,600012,6,54,36054,36,216.0,1.8,3.0078,0.75540817
cold,0,1,0,3e-05,0.05,512,3,5,4,256,6000,8.0,2633729,1,1,9974,1107,600012,6,54,36054,37,222.0,1.85,3.09135,0.75969046
cold,0,1,0,3e-05,0.05,512,3,5,4,256,6000,8.0,2633729,1,1,9974,1107,600012,6,54,36054,38,228.0,1.9,3.1749,0.76222533
cold,0,1,0,3e-05,0.05,512,3,5,4,256,6000,8.0,2633729,1,1,9974,1107,600012,6,54,36054,39,234.0,1.95,3.25845,0.76308393
cold,0,1,0,3e-05,0.05,512,3,5,4,256,6000,8.0,2633729,1,1,9974,1107,600012,6,54,36054,40,240.0,2.0,3.342,0.76372755
cold,0,1,0,3e-05,0.05,512,3,5,4,256,6000,8.0,2633729,1,1,9974,1107,600012,6,54,36054,41,246.0,2.05,3.42555,0.76542169
cold,0,1,0,3e-05,0.05,512,3,5,4,256,6000,8.0,2633729,1,1,9974,1107,600012,6,54,36054,42,252.0,2.1,3.5091,0.76769269
cold,0,1,0,3e-05,0.05,512,3,5,4,256,6000,8.0,2633729,1,1,9974,1107,600012,6,54,36054,43,258.0,2.15,3.59265,0.76974154
cold,0,1,0,3e-05,0.05,512,3,5,4,256,6000,8.0,2633729,1,1,9974,1107,600012,6,54,36054,44,264.0,2.2,3.6762,0.77185434
cold,0,1,0,3e-05,0.05,512,3,5,4,256,6000,8.0,2633729,1,1,9974,1107,600012,6,54,36054,45,270.0,2.25,3.75975,0.77461571
cold,0,1,0,3e-05,0.05,512,3,5,4,256,6000,8.0,2633729,1,1,9974,1107,600012,6,54,36054,46,276.0,2.3,3.8433,0.7778517
cold,0,1,0,3e-05,0.05,512,3,5,4,256,6000,8.0,2633729,1,1,9974,1107,600012,6,54,36054,47,282.0,2.35,3.92685,0.78085721
cold,0,1,0,3e-05,0.05,512,3,5,4,256,6000,8.0,2633729,1,1,9974,1107,600012,6,54,36054,48,288.0,2.4,4.0104,0.78283179
cold,0,1,0,3e-05,0.05,512,3,5,4,256,6000,8.0,2633729,1,1,9974,1107,600012,6,54,36054,49,294.0,2.45,4.09395,0.78342462
cold,0,1,0,3e-05,0.05,512,3,5,4,256,6000,8.0,2633729,1,1,9974,1107,600012,6,54,36054,50,300.0,2.5,4.1775,0.78359264
cold,0,1,0,3e-05,0.05,512,3,5,4,256,6000,8.0,2633729,1,1,9974,1107,600012,6,54,36054,51,306.0,2.55,4.26105,0.78494918
cold,0,1,0,3e-05,0.05,512,3,5,4,256,6000,8.0,2633729,1,1,9974,1107,600012,6,54,36054,52,312.0,2.6,4.3446,0.78818172
cold,0,1,0,3e-05,0.05,512,3,5,4,256,6000,8.0,2633729,1,1,9974,1107,600012,6,54,36054,53,318.0,2.65,4.42815,0.79261994
cold,0,1,0,3e-05,0.05,512,3,5,4,256,6000,8.0,2633729,1,1,9974,1107,600012,6,54,36054,54,324.0,2.7,4.5117,0.79718316
cold,0,1,0,3e-05,0.05,512,3,5,4,256,6000,8.0,2633729,1,1,9974,1107,600012,6,54,36054,55,330.0,2.75,4.59525,0.80074513
cold,0,1,0,3e-05,0.05,512,3,5,4,256,6000,8.0,2633729,1,1,9974,1107,600012,6,54,36054,56,336.0,2.8,4.6788,0.80261266
cold,0,1,0,3e-05,0.05,512,3,5,4,256,6000,8.0,2633729,1,1,9974,1107,600012,6,54,36054,57,342.0,2.85,4.76235,0.8034761
cold,0,1,0,3e-05,0.05,512,3,5,4,256,6000,8.0,2633729,1,1,9974,1107,600012,6,54,36054,58,348.0,2.9,4.8459,0.8043806
cold,0,1,0,3e-05,0.05,512,3,5,4,256,6000,8.0,2633729,1,1,9974,1107,600012,6,54,36054,59,354.0,2.95,4.92945,0.80572718
cold,0,1,0,3e-05,0.05,512,3,5,4,256,6000,8.0,2633729,1,1,9974,1107,600012,6,54,36054,60,360.0,3.0,5.013,0.80784303
cold,0,1,0,3e-05,0.05,512,3,5,4,256,6000,8.0,2633729,1,1,9974,1107,600012,6,54,36054,61,366.0,3.05,5.09655,0.81059462
cold,0,1,0,3e-05,0.05,512,3,5,4,256,6000,8.0,2633729,1,1,9974,1107,600012,6,54,36054,62,372.0,3.1,5.1801,0.81322926
cold,0,1,0,3e-05,0.05,512,3,5,4,256,6000,8.0,2633729,1,1,9974,1107,600012,6,54,36054,63,378.0,3.15,5.26365,0.81550771
cold,0,1,0,3e-05,0.05,512,3,5,4,256,6000,8.0,2633729,1,1,9974,1107,600012,6,54,36054,64,384.0,3.2,5.3472,0.81782144
cold,0,1,0,3e-05,0.05,512,3,5,4,256,6000,8.0,2633729,1,1,9974,1107,600012,6,54,36054,65,390.0,3.25,5.43075,0.8202607
cold,0,1,0,3e-05,0.05,512,3,5,4,256,6000,8.0,2633729,1,1,9974,1107,600012,6,54,36054,66,396.0,3.3,5.5143,0.8221221
cold,0,1,0,3e-05,0.05,512,3,5,4,256,6000,8.0,2633729,1,1,9974,1107,600012,6,54,36054,67,402.0,3.35,5.59785,0.82235587
cold,0,1,0,3e-05,0.05,512,3,5,4,256,6000,8.0,2633729,1,1,9974,1107,600012,6,54,36054,68,408.0,3.4,5.6814,0.8207137
cold,0,1,0,3e-05,0.05,512,3,5,4,256,6000,8.0,2633729,1,1,9974,1107,600012,6,54,36054,69,414.0,3.45,5.76495,0.81832999
cold,0,1,0,3e-05,0.05,512,3,5,4,256,6000,8.0,2633729,1,1,9974,1107,600012,6,54,36054,70,420.0,3.5,5.8485,0.81716007
cold,0,1,0,3e-05,0.05,512,3,5,4,256,6000,8.0,2633729,1,1,9974,1107,600012,6,54,36054,71,426.0,3.55,5.93205,0.81835723
cold,0,1,0,3e-05,0.05,512,3,5,4,256,6000,8.0,2633729,1,1,9974,1107,600012,6,54,36054,72,432.0,3.6,6.0156,0.82117778
cold,0,1,0,3e-05,0.05,512,3,5,4,256,6000,8.0,2633729,1,1,9974,1107,600012,6,54,36054,73,438.0,3.65,6.09915,0.82394868
cold,0,1,0,3e-05,0.05,512,3,5,4,256,6000,8.0,2633729,1,1,9974,1107,600012,6,54,36054,74,444.0,3.7,6.1827,0.82587636
cold,0,1,0,3e-05,0.05,512,3,5,4,256,6000,8.0,2633729,1,1,9974,1107,600012,6,54,36054,75,450.0,3.75,6.26625,0.82686234
cold,0,1,0,3e-05,0.05,512,3,5,4,256,6000,8.0,2633729,1,1,9974,1107,600012,6,54,36054,76,456.0,3.8,6.3498,0.82701141
cold,0,1,0,3e-05,0.05,512,3,5,4,256,6000,8.0,2633729,1,1,9974,1107,600012,6,54,36054,77,462.0,3.85,6.43335,0.82695371
cold,0,1,0,3e-05,0.05,512,3,5,4,256,6000,8.0,2633729,1,1,9974,1107,600012,6,54,36054,78,468.0,3.9,6.5169,0.82720464
cold,0,1,0,3e-05,0.05,512,3,5,4,256,6000,8.0,2633729,1,1,9974,1107,600012,6,54,36054,79,474.0,3.95,6.60045,0.82781404
cold,0,1,0,3e-05,0.05,512,3,5,4,256,6000,8.0,2633729,1,1,9974,1107,600012,6,54,36054,80,480.0,4.0,6.684,0.82906216
cold,0,1,0,3e-05,0.05,512,3,5,4,256,6000,8.0,2633729,1,1,9974,1107,600012,6,54,36054,81,486.0,4.05,6.76755,0.83125937
cold,0,1,0,3e-05,0.05,512,3,5,4,256,6000,8.0,2633729,1,1,9974,1107,600012,6,54,36054,82,492.0,4.1,6.8511,0.83422631
cold,0,1,0,3e-05,0.05,512,3,5,4,256,6000,8.0,2633729,1,1,9974,1107,600012,6,54,36054,83,498.0,4.15,6.93465,0.83762401
cold,0,1,0,3e-05,0.05,512,3,5,4,256,6000,8.0,2633729,1,1,9974,1107,600012,6,54,36054,84,504.0,4.2,7.0182,0.84089488
cold,0,1,0,3e-05,0.05,512,3,5,4,256,6000,8.0,2633729,1,1,9974,1107,600012,6,54,36054,85,510.0,4.25,7.10175,0.84321636
cold,0,1,0,3e-05,0.05,512,3,5,4,256,6000,8.0,2633729,1,1,9974,1107,600012,6,54,36054,86,516.0,4.3,7.1853,0.84386063
cold,0,1,0,3e-05,0.05,512,3,5,4,256,6000,8.0,2633729,1,1,9974,1107,600012,6,54,36054,87,522.0,4.35,7.26885,0.84272259
cold,0,1,0,3e-05,0.05,512,3,5,4,256,6000,8.0,2633729,1,1,9974,1107,600012,6,54,36054,88,528.0,4.4,7.3524,0.84077257
cold,0,1,0,3e-05,0.05,512,3,5,4,256,6000,8.0,2633729,1,1,9974,1107,600012,6,54,36054,89,534.0,4.45,7.43595,0.83927667
cold,0,1,0,3e-05,0.05,512,3,5,4,256,6000,8.0,2633729,1,1,9974,1107,600012,6,54,36054,90,540.0,4.5,7.5195,0.83904082
cold,0,1,0,3e-05,0.05,512,3,5,4,256,6000,8.0,2633729,1,1,9974,1107,600012,6,54,36054,91,546.0,4.55,7.60305,0.84041804
cold,0,1,0,3e-05,0.05,512,3,5,4,256,6000,8.0,2633729,1,1,9974,1107,600012,6,54,36054,92,552.0,4.6,7.6866,0.84290743
cold,0,1,0,3e-05,0.05,512,3,5,4,256,6000,8.0,2633729,1,1,9974,1107,600012,6,54,36054,93,558.0,4.65,7.77015,0.8452335
cold,0,1,0,3e-05,0.05,512,3,5,4,256,6000,8.0,2633729,1,1,9974,1107,600012,6,54,36054,94,564.0,4.7,7.8537,0.84665889
cold,0,1,0,3e-05,0.05,512,3,5,4,256,6000,8.0,2633729,1,1,9974,1107,600012,6,54,36054,95,570.0,4.75,7.93725,0.84745878
cold,0,1,0,3e-05,0.05,512,3,5,4,256,6000,8.0,2633729,1,1,9974,1107,600012,6,54,36054,96,576.0,4.8,8.0208,0.84788758
cold,0,1,0,3e-05,0.05,512,3,5,4,256,6000,8.0,2633729,1,1,9974,1107,600012,6,54,36054,97,582.0,4.85,8.10435,0.84764665
cold,0,1,0,3e-05,0.05,512,3,5,4,256,6000,8.0,2633729,1,1,9974,1107,600012,6,54,36054,98,588.0,4.9,8.1879,0.8461858
cold,0,1,0,3e-05,0.05,512,3,5,4,256,6000,8.0,2633729,1,1,9974,1107,600012,6,54,36054,99,594.0,4.95,8.27145,0.84329981
cold,0,1,0,3e-05,0.05,512,3,5,4,256,6000,8.0,2633729,1,1,9974,1107,600012,6,54,36054,100,600.0,5.0,8.355,0.83979905
cold,0,1,0,3e-05,0.05,512,3,5,4,256,6000,8.0,2633729,1,1,9974,1107,600012,6,54,36054,101,606.0,5.05,8.43855,0.83727729
cold,0,1,0,3e-05,0.05,512,3,5,4,256,6000,8.0,2633729,1,1,9974,1107,600012,6,54,36054,102,612.0,5.1,8.5221,0.83687639
cold,0,1,0,3e-05,0.05,512,3,5,4,256,6000,8.0,2633729,1,1,9974,1107,600012,6,54,36054,103,618.0,5.15,8.60565,0.83861262
cold,0,1,0,3e-05,0.05,512,3,5,4,256,6000,8.0,2633729,1,1,9974,1107,600012,6,54,36054,104,624.0,5.2,8.6892,0.84190512
cold,0,1,0,3e-05,0.05,512,3,5,4,256,6000,8.0,2633729,1,1,9974,1107,600012,6,54,36054,105,630.0,5.25,8.77275,0.84567696
cold,0,1,0,3e-05,0.05,512,3,5,4,256,6000,8.0,2633729,1,1,9974,1107,600012,6,54,36054,106,636.0,5.3,8.8563,0.8481952
cold,0,1,0,3e-05,0.05,512,3,5,4,256,6000,8.0,2633729,1,1,9974,1107,600012,6,54,36054,107,642.0,5.35,8.93985,0.84830374
cold,0,1,0,3e-05,0.05,512,3,5,4,256,6000,8.0,2633729,1,1,9974,1107,600012,6,54,36054,108,648.0,5.4,9.0234,0.84636915
cold,0,1,0,3e-05,0.05,512,3,5,4,256,6000,8.0,2633729,1,1,9974,1107,600012,6,54,36054,109,654.0,5.45,9.10695,0.84361136
cold,0,1,0,3e-05,0.05,512,3,5,4,256,6000,8.0,2633729,1,1,9974,1107,600012,6,54,36054,110,660.0,5.5,9.1905,0.84142709
cold,0,1,0,3e-05,0.05,512,3,5,4,256,6000,8.0,2633729,1,1,9974,1107,600012,6,54,36054,111,666.0,5.55,9.27405,0.8403132
cold,0,1,0,3e-05,0.05,512,3,5,4,256,6000,8.0,2633729,1,1,9974,1107,600012,6,54,36054,112,672.0,5.6,9.3576,0.83935934
cold,0,1,0,3e-05,0.05,512,3,5,4,256,6000,8.0,2633729,1,1,9974,1107,600012,6,54,36054,113,678.0,5.65,9.44115,0.8376832
cold,0,1,0,3e-05,0.05,512,3,5,4,256,6000,8.0,2633729,1,1,9974,1107,600012,6,54,36054,114,684.0,5.7,9.5247,0.83587432
cold,0,1,0,3e-05,0.05,512,3,5,4,256,6000,8.0,2633729,1,1,9974,1107,600012,6,54,36054,115,690.0,5.75,9.60825,0.83522123
cold,0,1,0,3e-05,0.05,512,3,5,4,256,6000,8.0,2633729,1,1,9974,1107,600012,6,54,36054,116,696.0,5.8,9.6918,0.83586848
cold,0,1,0,3e-05,0.05,512,3,5,4,256,6000,8.0,2633729,1,1,9974,1107,600012,6,54,36054,117,702.0,5.85,9.77535,0.83698785
cold,0,1,0,3e-05,0.05,512,3,5,4,256,6000,8.0,2633729,1,1,9974,1107,600012,6,54,36054,118,708.0,5.9,9.8589,0.83783895
cold,0,1,0,3e-05,0.05,512,3,5,4,256,6000,8.0,2633729,1,1,9974,1107,600012,6,54,36054,119,714.0,5.95,9.94245,0.83823091
cold,0,1,0,3e-05,0.05,512,3,5,4,256,6000,8.0,2633729,1,1,9974,1107,600012,6,54,36054,120,720.0,6.0,10.026,0.83880574
cold,0,1,0,3e-05,0.05,512,3,5,4,256,6000,8.0,2633729,1,1,9974,1107,600012,6,234,36234,1,6.0,0.05,0.08355,0.04901
cold,0,1,0,3e-05,0.05,512,3,5,4,256,6000,8.0,2633729,1,1,9974,1107,600012,6,234,36234,2,12.0,0.1,0.1671,0.07283191
cold,0,1,0,3e-05,0.05,512,3,5,4,256,6000,8.0,2633729,1,1,9974,1107,600012,6,234,36234,3,18.0,0.15,0.25065,0.09900934
cold,0,1,0,3e-05,0.05,512,3,5,4,256,6000,8.0,2633729,1,1,9974,1107,600012,6,234,36234,4,24.0,0.2,0.3342,0.12529619
cold,0,1,0,3e-05,0.05,512,3,5,4,256,6000,8.0,2633729,1,1,9974,1107,600012,6,234,36234,5,30.0,0.25,0.41775,0.15182704
cold,0,1,0,3e-05,0.05,512,3,5,4,256,6000,8.0,2633729,1,1,9974,1107,600012,6,234,36234,6,36.0,0.3,0.5013,0.18041231
cold,0,1,0,3e-05,0.05,512,3,5,4,256,6000,8.0,2633729,1,1,9974,1107,600012,6,234,36234,7,42.0,0.35,0.58485,0.21032524
cold,0,1,0,3e-05,0.05,512,3,5,4,256,6000,8.0,2633729,1,1,9974,1107,600012,6,234,36234,8,48.0,0.4,0.6684,0.23972945
cold,0,1,0,3e-05,0.05,512,3,5,4,256,6000,8.0,2633729,1,1,9974,1107,600012,6,234,36234,9,54.0,0.45,0.75195,0.26821834
cold,0,1,0,3e-05,0.05,512,3,5,4,256,6000,8.0,2633729,1,1,9974,1107,600012,6,234,36234,10,60.0,0.5,0.8355,0.2972171
cold,0,1,0,3e-05,0.05,512,3,5,4,256,6000,8.0,2633729,1,1,9974,1107,600012,6,234,36234,11,66.0,0.55,0.91905,0.32767835
cold,0,1,0,3e-05,0.05,512,3,5,4,256,6000,8.0,2633729,1,1,9974,1107,600012,6,234,36234,12,72.0,0.6,1.0026,0.35716391
cold,0,1,0,3e-05,0.05,512,3,5,4,256,6000,8.0,2633729,1,1,9974,1107,600012,6,234,36234,13,78.0,0.65,1.08615,0.38368553
cold,0,1,0,3e-05,0.05,512,3,5,4,256,6000,8.0,2633729,1,1,9974,1107,600012,6,234,36234,14,84.0,0.7,1.1697,0.40875873
cold,0,1,0,3e-05,0.05,512,3,5,4,256,6000,8.0,2633729,1,1,9974,1107,600012,6,234,36234,15,90.0,0.75,1.25325,0.43479457
cold,0,1,0,3e-05,0.05,512,3,5,4,256,6000,8.0,2633729,1,1,9974,1107,600012,6,234,36234,16,96.0,0.8,1.3368,0.46220315
cold,0,1,0,3e-05,0.05,512,3,5,4,256,6000,8.0,2633729,1,1,9974,1107,600012,6,234,36234,17,102.0,0.85,1.42035,0.48956415
cold,0,1,0,3e-05,0.05,512,3,5,4,256,6000,8.0,2633729,1,1,9974,1107,600012,6,234,36234,18,108.0,0.9,1.5039,0.51446098
cold,0,1,0,3e-05,0.05,512,3,5,4,256,6000,8.0,2633729,1,1,9974,1107,600012,6,234,36234,19,114.0,0.95,1.58745,0.53589314
cold,0,1,0,3e-05,0.05,512,3,5,4,256,6000,8.0,2633729,1,1,9974,1107,600012,6,234,36234,20,120.0,1.0,1.671,0.55597359
cold,0,1,0,3e-05,0.05,512,3,5,4,256,6000,8.0,2633729,1,1,9974,1107,600012,6,234,36234,21,126.0,1.05,1.75455,0.57659864
cold,0,1,0,3e-05,0.05,512,3,5,4,256,6000,8.0,2633729,1,1,9974,1107,600012,6,234,36234,22,132.0,1.1,1.8381,0.59740621
cold,0,1,0,3e-05,0.05,512,3,5,4,256,6000,8.0,2633729,1,1,9974,1107,600012,6,234,36234,23,138.0,1.15,1.92165,0.61790603
cold,0,1,0,3e-05,0.05,512,3,5,4,256,6000,8.0,2633729,1,1,9974,1107,600012,6,234,36234,24,144.0,1.2,2.0052,0.63780648
cold,0,1,0,3e-05,0.05,512,3,5,4,256,6000,8.0,2633729,1,1,9974,1107,600012,6,234,36234,25,150.0,1.25,2.08875,0.65618509
cold,0,1,0,3e-05,0.05,512,3,5,4,256,6000,8.0,2633729,1,1,9974,1107,600012,6,234,36234,26,156.0,1.3,2.1723,0.67309982
cold,0,1,0,3e-05,0.05,512,3,5,4,256,6000,8.0,2633729,1,1,9974,1107,600012,6,234,36234,27,162.0,1.35,2.25585,0.68905544
cold,0,1,0,3e-05,0.05,512,3,5,4,256,6000,8.0,2633729,1,1,9974,1107,600012,6,234,36234,28,168.0,1.4,2.3394,0.70308036
cold,0,1,0,3e-05,0.05,512,3,5,4,256,6000,8.0,2633729,1,1,9974,1107,600012,6,234,36234,29,174.0,1.45,2.42295,0.71422255
cold,0,1,0,3e-05,0.05,512,3,5,4,256,6000,8.0,2633729,1,1,9974,1107,600012,6,234,36234,30,180.0,1.5,2.5065,0.72317952
cold,0,1,0,3e-05,0.05,512,3,5,4,256,6000,8.0,2633729,1,1,9974,1107,600012,6,234,36234,31,186.0,1.55,2.59005,0.73118258
cold,0,1,0,3e-05,0.05,512,3,5,4,256,6000,8.0,2633729,1,1,9974,1107,600012,6,234,36234,32,192.0,1.6,2.6736,0.73931485
cold,0,1,0,3e-05,0.05,512,3,5,4,256,6000,8.0,2633729,1,1,9974,1107,600012,6,234,36234,33,198.0,1.65,2.75715,0.74844128
cold,0,1,0,3e-05,0.05,512,3,5,4,256,6000,8.0,2633729,1,1,9974,1107,600012,6,234,36234,34,204.0,1.7,2.8407,0.75876087
cold,0,1,0,3e-05,0.05,512,3,5,4,256,6000,8.0,2633729,1,1,9974,1107,600012,6,234,36234,35,210.0,1.75,2.92425,0.76974553
cold,0,1,0,3e-05,0.05,512,3,5,4,256,6000,8.0,2633729,1,1,9974,1107,600012,6,234,36234,36,216.0,1.8,3.0078,0.78021193
cold,0,1,0,3e-05,0.05,512,3,5,4,256,6000,8.0,2633729,1,1,9974,1107,600012,6,234,36234,37,222.0,1.85,3.09135,0.78958672
cold,0,1,0,3e-05,0.05,512,3,5,4,256,6000,8.0,2633729,1,1,9974,1107,600012,6,234,36234,38,228.0,1.9,3.1749,0.79801691
cold,0,1,0,3e-05,0.05,512,3,5,4,256,6000,8.0,2633729,1,1,9974,1107,600012,6,234,36234,39,234.0,1.95,3.25845,0.80556452
cold,0,1,0,3e-05,0.05,512,3,5,4,256,6000,8.0,2633729,1,1,9974,1107,600012,6,234,36234,40,240.0,2.0,3.342,0.81332743
cold,0,1,0,3e-05,0.05,512,3,5,4,256,6000,8.0,2633729,1,1,9974,1107,600012,6,234,36234,41,246.0,2.05,3.42555,0.82256794
cold,0,1,0,3e-05,0.05,512,3,5,4,256,6000,8.0,2633729,1,1,9974,1107,600012,6,234,36234,42,252.0,2.1,3.5091,0.83244002
cold,0,1,0,3e-05,0.05,512,3,5,4,256,6000,8.0,2633729,1,1,9974,1107,600012,6,234,36234,43,258.0,2.15,3.59265,0.84107232
cold,0,1,0,3e-05,0.05,512,3,5,4,256,6000,8.0,2633729,1,1,9974,1107,600012,6,234,36234,44,264.0,2.2,3.6762,0.84764153
cold,0,1,0,3e-05,0.05,512,3,5,4,256,6000,8.0,2633729,1,1,9974,1107,600012,6,234,36234,45,270.0,2.25,3.75975,0.85274816
cold,0,1,0,3e-05,0.05,512,3,5,4,256,6000,8.0,2633729,1,1,9974,1107,600012,6,234,36234,46,276.0,2.3,3.8433,0.8579126
cold,0,1,0,3e-05,0.05,512,3,5,4,256,6000,8.0,2633729,1,1,9974,1107,600012,6,234,36234,47,282.0,2.35,3.92685,0.86413127
cold,0,1,0,3e-05,0.05,512,3,5,4,256,6000,8.0,2633729,1,1,9974,1107,600012,6,234,36234,48,288.0,2.4,4.0104,0.87045139
cold,0,1,0,3e-05,0.05,512,3,5,4,256,6000,8.0,2633729,1,1,9974,1107,600012,6,234,36234,49,294.0,2.45,4.09395,0.87529361
cold,0,1,0,3e-05,0.05,512,3,5,4,256,6000,8.0,2633729,1,1,9974,1107,600012,6,234,36234,50,300.0,2.5,4.1775,0.87835646
cold,0,1,0,3e-05,0.05,512,3,5,4,256,6000,8.0,2633729,1,1,9974,1107,600012,6,234,36234,51,306.0,2.55,4.26105,0.88066512
cold,0,1,0,3e-05,0.05,512,3,5,4,256,6000,8.0,2633729,1,1,9974,1107,600012,6,234,36234,52,312.0,2.6,4.3446,0.88370991
cold,0,1,0,3e-05,0.05,512,3,5,4,256,6000,8.0,2633729,1,1,9974,1107,600012,6,234,36234,53,318.0,2.65,4.42815,0.88792175
cold,0,1,0,3e-05,0.05,512,3,5,4,256,6000,8.0,2633729,1,1,9974,1107,600012,6,234,36234,54,324.0,2.7,4.5117,0.89263231
cold,0,1,0,3e-05,0.05,512,3,5,4,256,6000,8.0,2633729,1,1,9974,1107,600012,6,234,36234,55,330.0,2.75,4.59525,0.89728922
cold,0,1,0,3e-05,0.05,512,3,5,4,256,6000,8.0,2633729,1,1,9974,1107,600012,6,234,36234,56,336.0,2.8,4.6788,0.90109915
cold,0,1,0,3e-05,0.05,512,3,5,4,256,6000,8.0,2633729,1,1,9974,1107,600012,6,234,36234,57,342.0,2.85,4.76235,0.90275812
cold,0,1,0,3e-05,0.05,512,3,5,4,256,6000,8.0,2633729,1,1,9974,1107,600012,6,234,36234,58,348.0,2.9,4.8459,0.90209621
cold,0,1,0,3e-05,0.05,512,3,5,4,256,6000,8.0,2633729,1,1,9974,1107,600012,6,234,36234,59,354.0,2.95,4.92945,0.90090322
cold,0,1,0,3e-05,0.05,512,3,5,4,256,6000,8.0,2633729,1,1,9974,1107,600012,6,234,36234,60,360.0,3.0,5.013,0.90197331
cold,0,1,0,3e-05,0.05,512,3,5,4,256,6000,8.0,2633729,1,1,9974,1107,600012,6,234,36234,61,366.0,3.05,5.09655,0.90714473
cold,0,1,0,3e-05,0.05,512,3,5,4,256,6000,8.0,2633729,1,1,9974,1107,600012,6,234,36234,62,372.0,3.1,5.1801,0.91563374
cold,0,1,0,3e-05,0.05,512,3,5,4,256,6000,8.0,2633729,1,1,9974,1107,600012,6,234,36234,63,378.0,3.15,5.26365,0.92421222
cold,0,1,0,3e-05,0.05,512,3,5,4,256,6000,8.0,2633729,1,1,9974,1107,600012,6,234,36234,64,384.0,3.2,5.3472,0.92962098
cold,0,1,0,3e-05,0.05,512,3,5,4,256,6000,8.0,2633729,1,1,9974,1107,600012,6,234,36234,65,390.0,3.25,5.43075,0.93168139
cold,0,1,0,3e-05,0.05,512,3,5,4,256,6000,8.0,2633729,1,1,9974,1107,600012,6,234,36234,66,396.0,3.3,5.5143,0.93264306
cold,0,1,0,3e-05,0.05,512,3,5,4,256,6000,8.0,2633729,1,1,9974,1107,600012,6,234,36234,67,402.0,3.35,5.59785,0.93400127
cold,0,1,0,3e-05,0.05,512,3,5,4,256,6000,8.0,2633729,1,1,9974,1107,600012,6,234,36234,68,408.0,3.4,5.6814,0.93547177
cold,0,1,0,3e-05,0.05,512,3,5,4,256,6000,8.0,2633729,1,1,9974,1107,600012,6,234,36234,69,414.0,3.45,5.76495,0.93639153
cold,0,1,0,3e-05,0.05,512,3,5,4,256,6000,8.0,2633729,1,1,9974,1107,600012,6,234,36234,70,420.0,3.5,5.8485,0.9368875
cold,0,1,0,3e-05,0.05,512,3,5,4,256,6000,8.0,2633729,1,1,9974,1107,600012,6,234,36234,71,426.0,3.55,5.93205,0.93748158
cold,0,1,0,3e-05,0.05,512,3,5,4,256,6000,8.0,2633729,1,1,9974,1107,600012,6,234,36234,72,432.0,3.6,6.0156,0.93880916
cold,0,1,0,3e-05,0.05,512,3,5,4,256,6000,8.0,2633729,1,1,9974,1107,600012,6,234,36234,73,438.0,3.65,6.09915,0.94200748
cold,0,1,0,3e-05,0.05,512,3,5,4,256,6000,8.0,2633729,1,1,9974,1107,600012,6,234,36234,74,444.0,3.7,6.1827,0.94774312
cold,0,1,0,3e-05,0.05,512,3,5,4,256,6000,8.0,2633729,1,1,9974,1107,600012,6,234,36234,75,450.0,3.75,6.26625,0.95493358
cold,0,1,0,3e-05,0.05,512,3,5,4,256,6000,8.0,2633729,1,1,9974,1107,600012,6,234,36234,76,456.0,3.8,6.3498,0.96048754
cold,0,1,0,3e-05,0.05,512,3,5,4,256,6000,8.0,2633729,1,1,9974,1107,600012,6,234,36234,77,462.0,3.85,6.43335,0.96138227
cold,0,1,0,3e-05,0.05,512,3,5,4,256,6000,8.0,2633729,1,1,9974,1107,600012,6,234,36234,78,468.0,3.9,6.5169,0.95758009
cold,0,1,0,3e-05,0.05,512,3,5,4,256,6000,8.0,2633729,1,1,9974,1107,600012,6,234,36234,79,474.0,3.95,6.60045,0.95151132
cold,0,1,0,3e-05,0.05,512,3,5,4,256,6000,8.0,2633729,1,1,9974,1107,600012,6,234,36234,80,480.0,4.0,6.684,0.94583505
cold,0,1,0,3e-05,0.05,512,3,5,4,256,6000,8.0,2633729,1,1,9974,1107,600012,6,234,36234,81,486.0,4.05,6.76755,0.9427371
cold,0,1,0,3e-05,0.05,512,3,5,4,256,6000,8.0,2633729,1,1,9974,1107,600012,6,234,36234,82,492.0,4.1,6.8511,0.94332534
cold,0,1,0,3e-05,0.05,512,3,5,4,256,6000,8.0,2633729,1,1,9974,1107,600012,6,234,36234,83,498.0,4.15,6.93465,0.94693428
cold,0,1,0,3e-05,0.05,512,3,5,4,256,6000,8.0,2633729,1,1,9974,1107,600012,6,234,36234,84,504.0,4.2,7.0182,0.95175487
cold,0,1,0,3e-05,0.05,512,3,5,4,256,6000,8.0,2633729,1,1,9974,1107,600012,6,234,36234,85,510.0,4.25,7.10175,0.95635301
cold,0,1,0,3e-05,0.05,512,3,5,4,256,6000,8.0,2633729,1,1,9974,1107,600012,6,234,36234,86,516.0,4.3,7.1853,0.96028936
cold,0,1,0,3e-05,0.05,512,3,5,4,256,6000,8.0,2633729,1,1,9974,1107,600012,6,234,36234,87,522.0,4.35,7.26885,0.96370935
cold,0,1,0,3e-05,0.05,512,3,5,4,256,6000,8.0,2633729,1,1,9974,1107,600012,6,234,36234,88,528.0,4.4,7.3524,0.96645325
cold,0,1,0,3e-05,0.05,512,3,5,4,256,6000,8.0,2633729,1,1,9974,1107,600012,6,234,36234,89,534.0,4.45,7.43595,0.96743888
cold,0,1,0,3e-05,0.05,512,3,5,4,256,6000,8.0,2633729,1,1,9974,1107,600012,6,234,36234,90,540.0,4.5,7.5195,0.9659642
cold,0,1,0,3e-05,0.05,512,3,5,4,256,6000,8.0,2633729,1,1,9974,1107,600012,6,234,36234,91,546.0,4.55,7.60305,0.96336573
cold,0,1,0,3e-05,0.05,512,3,5,4,256,6000,8.0,2633729,1,1,9974,1107,600012,6,234,36234,92,552.0,4.6,7.6866,0.96197337
cold,0,1,0,3e-05,0.05,512,3,5,4,256,6000,8.0,2633729,1,1,9974,1107,600012,6,234,36234,93,558.0,4.65,7.77015,0.96228558
cold,0,1,0,3e-05,0.05,512,3,5,4,256,6000,8.0,2633729,1,1,9974,1107,600012,6,234,36234,94,564.0,4.7,7.8537,0.96271586
cold,0,1,0,3e-05,0.05,512,3,5,4,256,6000,8.0,2633729,1,1,9974,1107,600012,6,234,36234,95,570.0,4.75,7.93725,0.96134847
cold,0,1,0,3e-05,0.05,512,3,5,4,256,6000,8.0,2633729,1,1,9974,1107,600012,6,234,36234,96,576.0,4.8,8.0208,0.95715749
cold,0,1,0,3e-05,0.05,512,3,5,4,256,6000,8.0,2633729,1,1,9974,1107,600012,6,234,36234,97,582.0,4.85,8.10435,0.95130718
cold,0,1,0,3e-05,0.05,512,3,5,4,256,6000,8.0,2633729,1,1,9974,1107,600012,6,234,36234,98,588.0,4.9,8.1879,0.94637674
cold,0,1,0,3e-05,0.05,512,3,5,4,256,6000,8.0,2633729,1,1,9974,1107,600012,6,234,36234,99,594.0,4.95,8.27145,0.94358432
cold,0,1,0,3e-05,0.05,512,3,5,4,256,6000,8.0,2633729,1,1,9974,1107,600012,6,234,36234,100,600.0,5.0,8.355,0.94300038
cold,0,1,0,3e-05,0.05,512,3,5,4,256,6000,8.0,2633729,1,1,9974,1107,600012,6,234,36234,101,606.0,5.05,8.43855,0.94478595
cold,0,1,0,3e-05,0.05,512,3,5,4,256,6000,8.0,2633729,1,1,9974,1107,600012,6,234,36234,102,612.0,5.1,8.5221,0.94792223
cold,0,1,0,3e-05,0.05,512,3,5,4,256,6000,8.0,2633729,1,1,9974,1107,600012,6,234,36234,103,618.0,5.15,8.60565,0.95010662
cold,0,1,0,3e-05,0.05,512,3,5,4,256,6000,8.0,2633729,1,1,9974,1107,600012,6,234,36234,104,624.0,5.2,8.6892,0.95046484
cold,0,1,0,3e-05,0.05,512,3,5,4,256,6000,8.0,2633729,1,1,9974,1107,600012,6,234,36234,105,630.0,5.25,8.77275,0.95057654
cold,0,1,0,3e-05,0.05,512,3,5,4,256,6000,8.0,2633729,1,1,9974,1107,600012,6,234,36234,106,636.0,5.3,8.8563,0.95223171
cold,0,1,0,3e-05,0.05,512,3,5,4,256,6000,8.0,2633729,1,1,9974,1107,600012,6,234,36234,107,642.0,5.35,8.93985,0.95555156
cold,0,1,0,3e-05,0.05,512,3,5,4,256,6000,8.0,2633729,1,1,9974,1107,600012,6,234,36234,108,648.0,5.4,9.0234,0.95927101
cold,0,1,0,3e-05,0.05,512,3,5,4,256,6000,8.0,2633729,1,1,9974,1107,600012,6,234,36234,109,654.0,5.45,9.10695,0.96237671
cold,0,1,0,3e-05,0.05,512,3,5,4,256,6000,8.0,2633729,1,1,9974,1107,600012,6,234,36234,110,660.0,5.5,9.1905,0.96534455
cold,0,1,0,3e-05,0.05,512,3,5,4,256,6000,8.0,2633729,1,1,9974,1107,600012,6,234,36234,111,666.0,5.55,9.27405,0.969087
cold,0,1,0,3e-05,0.05,512,3,5,4,256,6000,8.0,2633729,1,1,9974,1107,600012,6,234,36234,112,672.0,5.6,9.3576,0.97282076
cold,0,1,0,3e-05,0.05,512,3,5,4,256,6000,8.0,2633729,1,1,9974,1107,600012,6,234,36234,113,678.0,5.65,9.44115,0.97440195
cold,0,1,0,3e-05,0.05,512,3,5,4,256,6000,8.0,2633729,1,1,9974,1107,600012,6,234,36234,114,684.0,5.7,9.5247,0.97308111
cold,0,1,0,3e-05,0.05,512,3,5,4,256,6000,8.0,2633729,1,1,9974,1107,600012,6,234,36234,115,690.0,5.75,9.60825,0.97067857
cold,0,1,0,3e-05,0.05,512,3,5,4,256,6000,8.0,2633729,1,1,9974,1107,600012,6,234,36234,116,696.0,5.8,9.6918,0.96984577
cold,0,1,0,3e-05,0.05,512,3,5,4,256,6000,8.0,2633729,1,1,9974,1107,600012,6,234,36234,117,702.0,5.85,9.77535,0.97090703
cold,0,1,0,3e-05,0.05,512,3,5,4,256,6000,8.0,2633729,1,1,9974,1107,600012,6,234,36234,118,708.0,5.9,9.8589,0.97214681
cold,0,1,0,3e-05,0.05,512,3,5,4,256,6000,8.0,2633729,1,1,9974,1107,600012,6,234,36234,119,714.0,5.95,9.94245,0.97239131
cold,0,1,0,3e-05,0.05,512,3,5,4,256,6000,8.0,2633729,1,1,9974,1107,600012,6,234,36234,120,720.0,6.0,10.026,0.97152215
cold,0,1,0,3e-05,0.05,512,3,5,4,256,6000,8.0,2633729,1,1,9974,1107,600012,6,1023,37023,1,6.0,0.05,0.08355,0.02433507
cold,0,1,0,3e-05,0.05,512,3,5,4,256,6000,8.0,2633729,1,1,9974,1107,600012,6,1023,37023,2,12.0,0.1,0.1671,0.02849894
cold,0,1,0,3e-05,0.05,512,3,5,4,256,6000,8.0,2633729,1,1,9974,1107,600012,6,1023,37023,3,18.0,0.15,0.25065,0.03384553
cold,0,1,0,3e-05,0.05,512,3,5,4,256,6000,8.0,2633729,1,1,9974,1107,600012,6,1023,37023,4,24.0,0.2,0.3342,0.03974992
cold,0,1,0,3e-05,0.05,512,3,5,4,256,6000,8.0,2633729,1,1,9974,1107,600012,6,1023,37023,5,30.0,0.25,0.41775,0.04582855
cold,0,1,0,3e-05,0.05,512,3,5,4,256,6000,8.0,2633729,1,1,9974,1107,600012,6,1023,37023,6,36.0,0.3,0.5013,0.05220856
cold,0,1,0,3e-05,0.05,512,3,5,4,256,6000,8.0,2633729,1,1,9974,1107,600012,6,1023,37023,7,42.0,0.35,0.58485,0.05927178
cold,0,1,0,3e-05,0.05,512,3,5,4,256,6000,8.0,2633729,1,1,9974,1107,600012,6,1023,37023,8,48.0,0.4,0.6684,0.06673533
cold,0,1,0,3e-05,0.05,512,3,5,4,256,6000,8.0,2633729,1,1,9974,1107,600012,6,1023,37023,9,54.0,0.45,0.75195,0.07501172
cold,0,1,0,3e-05,0.05,512,3,5,4,256,6000,8.0,2633729,1,1,9974,1107,600012,6,1023,37023,10,60.0,0.5,0.8355,0.08498348
cold,0,1,0,3e-05,0.05,512,3,5,4,256,6000,8.0,2633729,1,1,9974,1107,600012,6,1023,37023,11,66.0,0.55,0.91905,0.09578951
cold,0,1,0,3e-05,0.05,512,3,5,4,256,6000,8.0,2633729,1,1,9974,1107,600012,6,1023,37023,12,72.0,0.6,1.0026,0.10680046
cold,0,1,0,3e-05,0.05,512,3,5,4,256,6000,8.0,2633729,1,1,9974,1107,600012,6,1023,37023,13,78.0,0.65,1.08615,0.11889501
cold,0,1,0,3e-05,0.05,512,3,5,4,256,6000,8.0,2633729,1,1,9974,1107,600012,6,1023,37023,14,84.0,0.7,1.1697,0.13331583
cold,0,1,0,3e-05,0.05,512,3,5,4,256,6000,8.0,2633729,1,1,9974,1107,600012,6,1023,37023,15,90.0,0.75,1.25325,0.14970298
cold,0,1,0,3e-05,0.05,512,3,5,4,256,6000,8.0,2633729,1,1,9974,1107,600012,6,1023,37023,16,96.0,0.8,1.3368,0.16661105
cold,0,1,0,3e-05,0.05,512,3,5,4,256,6000,8.0,2633729,1,1,9974,1107,600012,6,1023,37023,17,102.0,0.85,1.42035,0.18215653
cold,0,1,0,3e-05,0.05,512,3,5,4,256,6000,8.0,2633729,1,1,9974,1107,600012,6,1023,37023,18,108.0,0.9,1.5039,0.19613642
cold,0,1,0,3e-05,0.05,512,3,5,4,256,6000,8.0,2633729,1,1,9974,1107,600012,6,1023,37023,19,114.0,0.95,1.58745,0.20971696
cold,0,1,0,3e-05,0.05,512,3,5,4,256,6000,8.0,2633729,1,1,9974,1107,600012,6,1023,37023,20,120.0,1.0,1.671,0.22385377
cold,0,1,0,3e-05,0.05,512,3,5,4,256,6000,8.0,2633729,1,1,9974,1107,600012,6,1023,37023,21,126.0,1.05,1.75455,0.23930579
cold,0,1,0,3e-05,0.05,512,3,5,4,256,6000,8.0,2633729,1,1,9974,1107,600012,6,1023,37023,22,132.0,1.1,1.8381,0.25638375
cold,0,1,0,3e-05,0.05,512,3,5,4,256,6000,8.0,2633729,1,1,9974,1107,600012,6,1023,37023,23,138.0,1.15,1.92165,0.27516949
cold,0,1,0,3e-05,0.05,512,3,5,4,256,6000,8.0,2633729,1,1,9974,1107,600012,6,1023,37023,24,144.0,1.2,2.0052,0.29607311
cold,0,1,0,3e-05,0.05,512,3,5,4,256,6000,8.0,2633729,1,1,9974,1107,600012,6,1023,37023,25,150.0,1.25,2.08875,0.31876618
cold,0,1,0,3e-05,0.05,512,3,5,4,256,6000,8.0,2633729,1,1,9974,1107,600012,6,1023,37023,26,156.0,1.3,2.1723,0.3419176
cold,0,1,0,3e-05,0.05,512,3,5,4,256,6000,8.0,2633729,1,1,9974,1107,600012,6,1023,37023,27,162.0,1.35,2.25585,0.36427769
cold,0,1,0,3e-05,0.05,512,3,5,4,256,6000,8.0,2633729,1,1,9974,1107,600012,6,1023,37023,28,168.0,1.4,2.3394,0.38493207
cold,0,1,0,3e-05,0.05,512,3,5,4,256,6000,8.0,2633729,1,1,9974,1107,600012,6,1023,37023,29,174.0,1.45,2.42295,0.4040561
cold,0,1,0,3e-05,0.05,512,3,5,4,256,6000,8.0,2633729,1,1,9974,1107,600012,6,1023,37023,30,180.0,1.5,2.5065,0.42385644
cold,0,1,0,3e-05,0.05,512,3,5,4,256,6000,8.0,2633729,1,1,9974,1107,600012,6,1023,37023,31,186.0,1.55,2.59005,0.44655386
cold,0,1,0,3e-05,0.05,512,3,5,4,256,6000,8.0,2633729,1,1,9974,1107,600012,6,1023,37023,32,192.0,1.6,2.6736,0.47050375
cold,0,1,0,3e-05,0.05,512,3,5,4,256,6000,8.0,2633729,1,1,9974,1107,600012,6,1023,37023,33,198.0,1.65,2.75715,0.49175778
cold,0,1,0,3e-05,0.05,512,3,5,4,256,6000,8.0,2633729,1,1,9974,1107,600012,6,1023,37023,34,204.0,1.7,2.8407,0.50844812
cold,0,1,0,3e-05,0.05,512,3,5,4,256,6000,8.0,2633729,1,1,9974,1107,600012,6,1023,37023,35,210.0,1.75,2.92425,0.52251101
cold,0,1,0,3e-05,0.05,512,3,5,4,256,6000,8.0,2633729,1,1,9974,1107,600012,6,1023,37023,36,216.0,1.8,3.0078,0.53712589
cold,0,1,0,3e-05,0.05,512,3,5,4,256,6000,8.0,2633729,1,1,9974,1107,600012,6,1023,37023,37,222.0,1.85,3.09135,0.55427384
cold,0,1,0,3e-05,0.05,512,3,5,4,256,6000,8.0,2633729,1,1,9974,1107,600012,6,1023,37023,38,228.0,1.9,3.1749,0.57412732
cold,0,1,0,3e-05,0.05,512,3,5,4,256,6000,8.0,2633729,1,1,9974,1107,600012,6,1023,37023,39,234.0,1.95,3.25845,0.59571779
cold,0,1,0,3e-05,0.05,512,3,5,4,256,6000,8.0,2633729,1,1,9974,1107,600012,6,1023,37023,40,240.0,2.0,3.342,0.61714381
cold,0,1,0,3e-05,0.05,512,3,5,4,256,6000,8.0,2633729,1,1,9974,1107,600012,6,1023,37023,41,246.0,2.05,3.42555,0.63741714
cold,0,1,0,3e-05,0.05,512,3,5,4,256,6000,8.0,2633729,1,1,9974,1107,600012,6,1023,37023,42,252.0,2.1,3.5091,0.657381
cold,0,1,0,3e-05,0.05,512,3,5,4,256,6000,8.0,2633729,1,1,9974,1107,600012,6,1023,37023,43,258.0,2.15,3.59265,0.67701572
cold,0,1,0,3e-05,0.05,512,3,5,4,256,6000,8.0,2633729,1,1,9974,1107,600012,6,1023,37023,44,264.0,2.2,3.6762,0.69521803
cold,0,1,0,3e-05,0.05,512,3,5,4,256,6000,8.0,2633729,1,1,9974,1107,600012,6,1023,37023,45,270.0,2.25,3.75975,0.710545
cold,0,1,0,3e-05,0.05,512,3,5,4,256,6000,8.0,2633729,1,1,9974,1107,600012,6,1023,37023,46,276.0,2.3,3.8433,0.72470367
cold,0,1,0,3e-05,0.05,512,3,5,4,256,6000,8.0,2633729,1,1,9974,1107,600012,6,1023,37023,47,282.0,2.35,3.92685,0.74068308
cold,0,1,0,3e-05,0.05,512,3,5,4,256,6000,8.0,2633729,1,1,9974,1107,600012,6,1023,37023,48,288.0,2.4,4.0104,0.7577225
cold,0,1,0,3e-05,0.05,512,3,5,4,256,6000,8.0,2633729,1,1,9974,1107,600012,6,1023,37023,49,294.0,2.45,4.09395,0.77136701
cold,0,1,0,3e-05,0.05,512,3,5,4,256,6000,8.0,2633729,1,1,9974,1107,600012,6,1023,37023,50,300.0,2.5,4.1775,0.77973586
cold,0,1,0,3e-05,0.05,512,3,5,4,256,6000,8.0,2633729,1,1,9974,1107,600012,6,1023,37023,51,306.0,2.55,4.26105,0.78598237
cold,0,1,0,3e-05,0.05,512,3,5,4,256,6000,8.0,2633729,1,1,9974,1107,600012,6,1023,37023,52,312.0,2.6,4.3446,0.79326773
cold,0,1,0,3e-05,0.05,512,3,5,4,256,6000,8.0,2633729,1,1,9974,1107,600012,6,1023,37023,53,318.0,2.65,4.42815,0.80242646
cold,0,1,0,3e-05,0.05,512,3,5,4,256,6000,8.0,2633729,1,1,9974,1107,600012,6,1023,37023,54,324.0,2.7,4.5117,0.81412649
cold,0,1,0,3e-05,0.05,512,3,5,4,256,6000,8.0,2633729,1,1,9974,1107,600012,6,1023,37023,55,330.0,2.75,4.59525,0.8294152
cold,0,1,0,3e-05,0.05,512,3,5,4,256,6000,8.0,2633729,1,1,9974,1107,600012,6,1023,37023,56,336.0,2.8,4.6788,0.84794337
cold,0,1,0,3e-05,0.05,512,3,5,4,256,6000,8.0,2633729,1,1,9974,1107,600012,6,1023,37023,57,342.0,2.85,4.76235,0.8658917
cold,0,1,0,3e-05,0.05,512,3,5,4,256,6000,8.0,2633729,1,1,9974,1107,600012,6,1023,37023,58,348.0,2.9,4.8459,0.87873888
cold,0,1,0,3e-05,0.05,512,3,5,4,256,6000,8.0,2633729,1,1,9974,1107,600012,6,1023,37023,59,354.0,2.95,4.92945,0.88502318
cold,0,1,0,3e-05,0.05,512,3,5,4,256,6000,8.0,2633729,1,1,9974,1107,600012,6,1023,37023,60,360.0,3.0,5.013,0.88540673
cold,0,1,0,3e-05,0.05,512,3,5,4,256,6000,8.0,2633729,1,1,9974,1107,600012,6,1023,37023,61,366.0,3.05,5.09655,0.88233382
cold,0,1,0,3e-05,0.05,512,3,5,4,256,6000,8.0,2633729,1,1,9974,1107,600012,6,1023,37023,62,372.0,3.1,5.1801,0.88001502
cold,0,1,0,3e-05,0.05,512,3,5,4,256,6000,8.0,2633729,1,1,9974,1107,600012,6,1023,37023,63,378.0,3.15,5.26365,0.88112462
cold,0,1,0,3e-05,0.05,512,3,5,4,256,6000,8.0,2633729,1,1,9974,1107,600012,6,1023,37023,64,384.0,3.2,5.3472,0.88636076
cold,0,1,0,3e-05,0.05,512,3,5,4,256,6000,8.0,2633729,1,1,9974,1107,600012,6,1023,37023,65,390.0,3.25,5.43075,0.89566666
cold,0,1,0,3e-05,0.05,512,3,5,4,256,6000,8.0,2633729,1,1,9974,1107,600012,6,1023,37023,66,396.0,3.3,5.5143,0.90681541
cold,0,1,0,3e-05,0.05,512,3,5,4,256,6000,8.0,2633729,1,1,9974,1107,600012,6,1023,37023,67,402.0,3.35,5.59785,0.91675675
cold,0,1,0,3e-05,0.05,512,3,5,4,256,6000,8.0,2633729,1,1,9974,1107,600012,6,1023,37023,68,408.0,3.4,5.6814,0.923994
cold,0,1,0,3e-05,0.05,512,3,5,4,256,6000,8.0,2633729,1,1,9974,1107,600012,6,1023,37023,69,414.0,3.45,5.76495,0.92901313
cold,0,1,0,3e-05,0.05,512,3,5,4,256,6000,8.0,2633729,1,1,9974,1107,600012,6,1023,37023,70,420.0,3.5,5.8485,0.93230253
cold,0,1,0,3e-05,0.05,512,3,5,4,256,6000,8.0,2633729,1,1,9974,1107,600012,6,1023,37023,71,426.0,3.55,5.93205,0.93374991
cold,0,1,0,3e-05,0.05,512,3,5,4,256,6000,8.0,2633729,1,1,9974,1107,600012,6,1023,37023,72,432.0,3.6,6.0156,0.93370235
cold,0,1,0,3e-05,0.05,512,3,5,4,256,6000,8.0,2633729,1,1,9974,1107,600012,6,1023,37023,73,438.0,3.65,6.09915,0.93375623
cold,0,1,0,3e-05,0.05,512,3,5,4,256,6000,8.0,2633729,1,1,9974,1107,600012,6,1023,37023,74,444.0,3.7,6.1827,0.93563628
cold,0,1,0,3e-05,0.05,512,3,5,4,256,6000,8.0,2633729,1,1,9974,1107,600012,6,1023,37023,75,450.0,3.75,6.26625,0.93970007
cold,0,1,0,3e-05,0.05,512,3,5,4,256,6000,8.0,2633729,1,1,9974,1107,600012,6,1023,37023,76,456.0,3.8,6.3498,0.94389814
cold,0,1,0,3e-05,0.05,512,3,5,4,256,6000,8.0,2633729,1,1,9974,1107,600012,6,1023,37023,77,462.0,3.85,6.43335,0.94690204
cold,0,1,0,3e-05,0.05,512,3,5,4,256,6000,8.0,2633729,1,1,9974,1107,600012,6,1023,37023,78,468.0,3.9,6.5169,0.949736
cold,0,1,0,3e-05,0.05,512,3,5,4,256,6000,8.0,2633729,1,1,9974,1107,600012,6,1023,37023,79,474.0,3.95,6.60045,0.95120382
cold,0,1,0,3e-05,0.05,512,3,5,4,256,6000,8.0,2633729,1,1,9974,1107,600012,6,1023,37023,80,480.0,4.0,6.684,0.94934303
cold,0,1,0,3e-05,0.05,512,3,5,4,256,6000,8.0,2633729,1,1,9974,1107,600012,6,1023,37023,81,486.0,4.05,6.76755,0.94612813
cold,0,1,0,3e-05,0.05,512,3,5,4,256,6000,8.0,2633729,1,1,9974,1107,600012,6,1023,37023,82,492.0,4.1,6.8511,0.94521582
cold,0,1,0,3e-05,0.05,512,3,5,4,256,6000,8.0,2633729,1,1,9974,1107,600012,6,1023,37023,83,498.0,4.15,6.93465,0.94759566
cold,0,1,0,3e-05,0.05,512,3,5,4,256,6000,8.0,2633729,1,1,9974,1107,600012,6,1023,37023,84,504.0,4.2,7.0182,0.95237738
cold,0,1,0,3e-05,0.05,512,3,5,4,256,6000,8.0,2633729,1,1,9974,1107,600012,6,1023,37023,85,510.0,4.25,7.10175,0.95839316
cold,0,1,0,3e-05,0.05,512,3,5,4,256,6000,8.0,2633729,1,1,9974,1107,600012,6,1023,37023,86,516.0,4.3,7.1853,0.96335429
cold,0,1,0,3e-05,0.05,512,3,5,4,256,6000,8.0,2633729,1,1,9974,1107,600012,6,1023,37023,87,522.0,4.35,7.26885,0.96541804
cold,0,1,0,3e-05,0.05,512,3,5,4,256,6000,8.0,2633729,1,1,9974,1107,600012,6,1023,37023,88,528.0,4.4,7.3524,0.96531528
cold,0,1,0,3e-05,0.05,512,3,5,4,256,6000,8.0,2633729,1,1,9974,1107,600012,6,1023,37023,89,534.0,4.45,7.43595,0.96469438
cold,0,1,0,3e-05,0.05,512,3,5,4,256,6000,8.0,2633729,1,1,9974,1107,600012,6,1023,37023,90,540.0,4.5,7.5195,0.96433687
cold,0,1,0,3e-05,0.05,512,3,5,4,256,6000,8.0,2633729,1,1,9974,1107,600012,6,1023,37023,91,546.0,4.55,7.60305,0.96411526
cold,0,1,0,3e-05,0.05,512,3,5,4,256,6000,8.0,2633729,1,1,9974,1107,600012,6,1023,37023,92,552.0,4.6,7.6866,0.96375531
cold,0,1,0,3e-05,0.05,512,3,5,4,256,6000,8.0,2633729,1,1,9974,1107,600012,6,1023,37023,93,558.0,4.65,7.77015,0.96360427
cold,0,1,0,3e-05,0.05,512,3,5,4,256,6000,8.0,2633729,1,1,9974,1107,600012,6,1023,37023,94,564.0,4.7,7.8537,0.96465915
cold,0,1,0,3e-05,0.05,512,3,5,4,256,6000,8.0,2633729,1,1,9974,1107,600012,6,1023,37023,95,570.0,4.75,7.93725,0.9674297
cold,0,1,0,3e-05,0.05,512,3,5,4,256,6000,8.0,2633729,1,1,9974,1107,600012,6,1023,37023,96,576.0,4.8,8.0208,0.9703995
cold,0,1,0,3e-05,0.05,512,3,5,4,256,6000,8.0,2633729,1,1,9974,1107,600012,6,1023,37023,97,582.0,4.85,8.10435,0.97083944
cold,0,1,0,3e-05,0.05,512,3,5,4,256,6000,8.0,2633729,1,1,9974,1107,600012,6,1023,37023,98,588.0,4.9,8.1879,0.96820128
cold,0,1,0,3e-05,0.05,512,3,5,4,256,6000,8.0,2633729,1,1,9974,1107,600012,6,1023,37023,99,594.0,4.95,8.27145,0.96549469
cold,0,1,0,3e-05,0.05,512,3,5,4,256,6000,8.0,2633729,1,1,9974,1107,600012,6,1023,37023,100,600.0,5.0,8.355,0.96603477
cold,0,1,0,3e-05,0.05,512,3,5,4,256,6000,8.0,2633729,1,1,9974,1107,600012,6,1023,37023,101,606.0,5.05,8.43855,0.96892828
cold,0,1,0,3e-05,0.05,512,3,5,4,256,6000,8.0,2633729,1,1,9974,1107,600012,6,1023,37023,102,612.0,5.1,8.5221,0.97170913
cold,0,1,0,3e-05,0.05,512,3,5,4,256,6000,8.0,2633729,1,1,9974,1107,600012,6,1023,37023,103,618.0,5.15,8.60565,0.97510368
cold,0,1,0,3e-05,0.05,512,3,5,4,256,6000,8.0,2633729,1,1,9974,1107,600012,6,1023,37023,104,624.0,5.2,8.6892,0.97924203
cold,0,1,0,3e-05,0.05,512,3,5,4,256,6000,8.0,2633729,1,1,9974,1107,600012,6,1023,37023,105,630.0,5.25,8.77275,0.98258662
cold,0,1,0,3e-05,0.05,512,3,5,4,256,6000,8.0,2633729,1,1,9974,1107,600012,6,1023,37023,106,636.0,5.3,8.8563,0.98501819
cold,0,1,0,3e-05,0.05,512,3,5,4,256,6000,8.0,2633729,1,1,9974,1107,600012,6,1023,37023,107,642.0,5.35,8.93985,0.98667264
cold,0,1,0,3e-05,0.05,512,3,5,4,256,6000,8.0,2633729,1,1,9974,1107,600012,6,1023,37023,108,648.0,5.4,9.0234,0.98714858
cold,0,1,0,3e-05,0.05,512,3,5,4,256,6000,8.0,2633729,1,1,9974,1107,600012,6,1023,37023,109,654.0,5.45,9.10695,0.98628932
cold,0,1,0,3e-05,0.05,512,3,5,4,256,6000,8.0,2633729,1,1,9974,1107,600012,6,1023,37023,110,660.0,5.5,9.1905,0.98458606
cold,0,1,0,3e-05,0.05,512,3,5,4,256,6000,8.0,2633729,1,1,9974,1107,600012,6,1023,37023,111,666.0,5.55,9.27405,0.98358542
cold,0,1,0,3e-05,0.05,512,3,5,4,256,6000,8.0,2633729,1,1,9974,1107,600012,6,1023,37023,112,672.0,5.6,9.3576,0.98429316
cold,0,1,0,3e-05,0.05,512,3,5,4,256,6000,8.0,2633729,1,1,9974,1107,600012,6,1023,37023,113,678.0,5.65,9.44115,0.98601502
cold,0,1,0,3e-05,0.05,512,3,5,4,256,6000,8.0,2633729,1,1,9974,1107,600012,6,1023,37023,114,684.0,5.7,9.5247,0.98954415
cold,0,1,0,3e-05,0.05,512,3,5,4,256,6000,8.0,2633729,1,1,9974,1107,600012,6,1023,37023,115,690.0,5.75,9.60825,0.99511737
cold,0,1,0,3e-05,0.05,512,3,5,4,256,6000,8.0,2633729,1,1,9974,1107,600012,6,1023,37023,116,696.0,5.8,9.6918,0.99888742
cold,0,1,0,3e-05,0.05,512,3,5,4,256,6000,8.0,2633729,1,1,9974,1107,600012,6,1023,37023,117,702.0,5.85,9.77535,0.9973973
cold,0,1,0,3e-05,0.05,512,3,5,4,256,6000,8.0,2633729,1,1,9974,1107,600012,6,1023,37023,118,708.0,5.9,9.8589,0.99078029
cold,0,1,0,3e-05,0.05,512,3,5,4,256,6000,8.0,2633729,1,1,9974,1107,600012,6,1023,37023,119,714.0,5.95,9.94245,0.98097748
cold,0,1,0,3e-05,0.05,512,3,5,4,256,6000,8.0,2633729,1,1,9974,1107,600012,6,1023,37023,120,720.0,6.0,10.026,0.97166181
cold,0,1,0,3e-05,0.05,512,3,5,4,256,6000,8.0,2633729,1,1,9974,1107,600012,6,4468,40468,1,6.0,0.05,0.08355,0.02064472
cold,0,1,0,3e-05,0.05,512,3,5,4,256,6000,8.0,2633729,1,1,9974,1107,600012,6,4468,40468,2,12.0,0.1,0.1671,0.02445915
cold,0,1,0,3e-05,0.05,512,3,5,4,256,6000,8.0,2633729,1,1,9974,1107,600012,6,4468,40468,3,18.0,0.15,0.25065,0.02873296
cold,0,1,0,3e-05,0.05,512,3,5,4,256,6000,8.0,2633729,1,1,9974,1107,600012,6,4468,40468,4,24.0,0.2,0.3342,0.03299853
cold,0,1,0,3e-05,0.05,512,3,5,4,256,6000,8.0,2633729,1,1,9974,1107,600012,6,4468,40468,5,30.0,0.25,0.41775,0.03740344
cold,0,1,0,3e-05,0.05,512,3,5,4,256,6000,8.0,2633729,1,1,9974,1107,600012,6,4468,40468,6,36.0,0.3,0.5013,0.0429209
cold,0,1,0,3e-05,0.05,512,3,5,4,256,6000,8.0,2633729,1,1,9974,1107,600012,6,4468,40468,7,42.0,0.35,0.58485,0.04881859
cold,0,1,0,3e-05,0.05,512,3,5,4,256,6000,8.0,2633729,1,1,9974,1107,600012,6,4468,40468,8,48.0,0.4,0.6684,0.05495846
cold,0,1,0,3e-05,0.05,512,3,5,4,256,6000,8.0,2633729,1,1,9974,1107,600012,6,4468,40468,9,54.0,0.45,0.75195,0.06150184
cold,0,1,0,3e-05,0.05,512,3,5,4,256,6000,8.0,2633729,1,1,9974,1107,600012,6,4468,40468,10,60.0,0.5,0.8355,0.06875372
cold,0,1,0,3e-05,0.05,512,3,5,4,256,6000,8.0,2633729,1,1,9974,1107,600012,6,4468,40468,11,66.0,0.55,0.91905,0.07658822
cold,0,1,0,3e-05,0.05,512,3,5,4,256,6000,8.0,2633729,1,1,9974,1107,600012,6,4468,40468,12,72.0,0.6,1.0026,0.08522408
cold,0,1,0,3e-05,0.05,512,3,5,4,256,6000,8.0,2633729,1,1,9974,1107,600012,6,4468,40468,13,78.0,0.65,1.08615,0.09497299
cold,0,1,0,3e-05,0.05,512,3,5,4,256,6000,8.0,2633729,1,1,9974,1107,600012,6,4468,40468,14,84.0,0.7,1.1697,0.10640605
cold,0,1,0,3e-05,0.05,512,3,5,4,256,6000,8.0,2633729,1,1,9974,1107,600012,6,4468,40468,15,90.0,0.75,1.25325,0.11964313
cold,0,1,0,3e-05,0.05,512,3,5,4,256,6000,8.0,2633729,1,1,9974,1107,600012,6,4468,40468,16,96.0,0.8,1.3368,0.13367908
cold,0,1,0,3e-05,0.05,512,3,5,4,256,6000,8.0,2633729,1,1,9974,1107,600012,6,4468,40468,17,102.0,0.85,1.42035,0.14753407
cold,0,1,0,3e-05,0.05,512,3,5,4,256,6000,8.0,2633729,1,1,9974,1107,600012,6,4468,40468,18,108.0,0.9,1.5039,0.160888
cold,0,1,0,3e-05,0.05,512,3,5,4,256,6000,8.0,2633729,1,1,9974,1107,600012,6,4468,40468,19,114.0,0.95,1.58745,0.17383519
cold,0,1,0,3e-05,0.05,512,3,5,4,256,6000,8.0,2633729,1,1,9974,1107,600012,6,4468,40468,20,120.0,1.0,1.671,0.18709756
cold,0,1,0,3e-05,0.05,512,3,5,4,256,6000,8.0,2633729,1,1,9974,1107,600012,6,4468,40468,21,126.0,1.05,1.75455,0.20159729
cold,0,1,0,3e-05,0.05,512,3,5,4,256,6000,8.0,2633729,1,1,9974,1107,600012,6,4468,40468,22,132.0,1.1,1.8381,0.21793039
cold,0,1,0,3e-05,0.05,512,3,5,4,256,6000,8.0,2633729,1,1,9974,1107,600012,6,4468,40468,23,138.0,1.15,1.92165,0.23666181
cold,0,1,0,3e-05,0.05,512,3,5,4,256,6000,8.0,2633729,1,1,9974,1107,600012,6,4468,40468,24,144.0,1.2,2.0052,0.25779012
cold,0,1,0,3e-05,0.05,512,3,5,4,256,6000,8.0,2633729,1,1,9974,1107,600012,6,4468,40468,25,150.0,1.25,2.08875,0.28004694
cold,0,1,0,3e-05,0.05,512,3,5,4,256,6000,8.0,2633729,1,1,9974,1107,600012,6,4468,40468,26,156.0,1.3,2.1723,0.30216235
cold,0,1,0,3e-05,0.05,512,3,5,4,256,6000,8.0,2633729,1,1,9974,1107,600012,6,4468,40468,27,162.0,1.35,2.25585,0.32365382
cold,0,1,0,3e-05,0.05,512,3,5,4,256,6000,8.0,2633729,1,1,9974,1107,600012,6,4468,40468,28,168.0,1.4,2.3394,0.34338874
cold,0,1,0,3e-05,0.05,512,3,5,4,256,6000,8.0,2633729,1,1,9974,1107,600012,6,4468,40468,29,174.0,1.45,2.42295,0.36011168
cold,0,1,0,3e-05,0.05,512,3,5,4,256,6000,8.0,2633729,1,1,9974,1107,600012,6,4468,40468,30,180.0,1.5,2.5065,0.37554097
cold,0,1,0,3e-05,0.05,512,3,5,4,256,6000,8.0,2633729,1,1,9974,1107,600012,6,4468,40468,31,186.0,1.55,2.59005,0.39357388
cold,0,1,0,3e-05,0.05,512,3,5,4,256,6000,8.0,2633729,1,1,9974,1107,600012,6,4468,40468,32,192.0,1.6,2.6736,0.41467243
cold,0,1,0,3e-05,0.05,512,3,5,4,256,6000,8.0,2633729,1,1,9974,1107,600012,6,4468,40468,33,198.0,1.65,2.75715,0.43532705
cold,0,1,0,3e-05,0.05,512,3,5,4,256,6000,8.0,2633729,1,1,9974,1107,600012,6,4468,40468,34,204.0,1.7,2.8407,0.45317069
cold,0,1,0,3e-05,0.05,512,3,5,4,256,6000,8.0,2633729,1,1,9974,1107,600012,6,4468,40468,35,210.0,1.75,2.92425,0.46919316
cold,0,1,0,3e-05,0.05,512,3,5,4,256,6000,8.0,2633729,1,1,9974,1107,600012,6,4468,40468,36,216.0,1.8,3.0078,0.48625317
cold,0,1,0,3e-05,0.05,512,3,5,4,256,6000,8.0,2633729,1,1,9974,1107,600012,6,4468,40468,37,222.0,1.85,3.09135,0.50628734
cold,0,1,0,3e-05,0.05,512,3,5,4,256,6000,8.0,2633729,1,1,9974,1107,600012,6,4468,40468,38,228.0,1.9,3.1749,0.52869338
cold,0,1,0,3e-05,0.05,512,3,5,4,256,6000,8.0,2633729,1,1,9974,1107,600012,6,4468,40468,39,234.0,1.95,3.25845,0.55077529
cold,0,1,0,3e-05,0.05,512,3,5,4,256,6000,8.0,2633729,1,1,9974,1107,600012,6,4468,40468,40,240.0,2.0,3.342,0.57155252
cold,0,1,0,3e-05,0.05,512,3,5,4,256,6000,8.0,2633729,1,1,9974,1107,600012,6,4468,40468,41,246.0,2.05,3.42555,0.59236169
cold,0,1,0,3e-05,0.05,512,3,5,4,256,6000,8.0,2633729,1,1,9974,1107,600012,6,4468,40468,42,252.0,2.1,3.5091,0.61420393
cold,0,1,0,3e-05,0.05,512,3,5,4,256,6000,8.0,2633729,1,1,9974,1107,600012,6,4468,40468,43,258.0,2.15,3.59265,0.63545418
cold,0,1,0,3e-05,0.05,512,3,5,4,256,6000,8.0,2633729,1,1,9974,1107,600012,6,4468,40468,44,264.0,2.2,3.6762,0.65307653
cold,0,1,0,3e-05,0.05,512,3,5,4,256,6000,8.0,2633729,1,1,9974,1107,600012,6,4468,40468,45,270.0,2.25,3.75975,0.66658044
cold,0,1,0,3e-05,0.05,512,3,5,4,256,6000,8.0,2633729,1,1,9974,1107,600012,6,4468,40468,46,276.0,2.3,3.8433,0.6792661
cold,0,1,0,3e-05,0.05,512,3,5,4,256,6000,8.0,2633729,1,1,9974,1107,600012,6,4468,40468,47,282.0,2.35,3.92685,0.6931904
cold,0,1,0,3e-05,0.05,512,3,5,4,256,6000,8.0,2633729,1,1,9974,1107,600012,6,4468,40468,48,288.0,2.4,4.0104,0.70729464
cold,0,1,0,3e-05,0.05,512,3,5,4,256,6000,8.0,2633729,1,1,9974,1107,600012,6,4468,40468,49,294.0,2.45,4.09395,0.71980178
cold,0,1,0,3e-05,0.05,512,3,5,4,256,6000,8.0,2633729,1,1,9974,1107,600012,6,4468,40468,50,300.0,2.5,4.1775,0.73032707
cold,0,1,0,3e-05,0.05,512,3,5,4,256,6000,8.0,2633729,1,1,9974,1107,600012,6,4468,40468,51,306.0,2.55,4.26105,0.74049771
cold,0,1,0,3e-05,0.05,512,3,5,4,256,6000,8.0,2633729,1,1,9974,1107,600012,6,4468,40468,52,312.0,2.6,4.3446,0.75194925
cold,0,1,0,3e-05,0.05,512,3,5,4,256,6000,8.0,2633729,1,1,9974,1107,600012,6,4468,40468,53,318.0,2.65,4.42815,0.76419282
cold,0,1,0,3e-05,0.05,512,3,5,4,256,6000,8.0,2633729,1,1,9974,1107,600012,6,4468,40468,54,324.0,2.7,4.5117,0.77631867
cold,0,1,0,3e-05,0.05,512,3,5,4,256,6000,8.0,2633729,1,1,9974,1107,600012,6,4468,40468,55,330.0,2.75,4.59525,0.78959501
cold,0,1,0,3e-05,0.05,512,3,5,4,256,6000,8.0,2633729,1,1,9974,1107,600012,6,4468,40468,56,336.0,2.8,4.6788,0.80528241
cold,0,1,0,3e-05,0.05,512,3,5,4,256,6000,8.0,2633729,1,1,9974,1107,600012,6,4468,40468,57,342.0,2.85,4.76235,0.82220376
cold,0,1,0,3e-05,0.05,512,3,5,4,256,6000,8.0,2633729,1,1,9974,1107,600012,6,4468,40468,58,348.0,2.9,4.8459,0.8369714
cold,0,1,0,3e-05,0.05,512,3,5,4,256,6000,8.0,2633729,1,1,9974,1107,600012,6,4468,40468,59,354.0,2.95,4.92945,0.8463735
cold,0,1,0,3e-05,0.05,512,3,5,4,256,6000,8.0,2633729,1,1,9974,1107,600012,6,4468,40468,60,360.0,3.0,5.013,0.84898168
cold,0,1,0,3e-05,0.05,512,3,5,4,256,6000,8.0,2633729,1,1,9974,1107,600012,6,4468,40468,61,366.0,3.05,5.09655,0.84692734
cold,0,1,0,3e-05,0.05,512,3,5,4,256,6000,8.0,2633729,1,1,9974,1107,600012,6,4468,40468,62,372.0,3.1,5.1801,0.84550691
cold,0,1,0,3e-05,0.05,512,3,5,4,256,6000,8.0,2633729,1,1,9974,1107,600012,6,4468,40468,63,378.0,3.15,5.26365,0.84789276
cold,0,1,0,3e-05,0.05,512,3,5,4,256,6000,8.0,2633729,1,1,9974,1107,600012,6,4468,40468,64,384.0,3.2,5.3472,0.8534258
cold,0,1,0,3e-05,0.05,512,3,5,4,256,6000,8.0,2633729,1,1,9974,1107,600012,6,4468,40468,65,390.0,3.25,5.43075,0.85960025
cold,0,1,0,3e-05,0.05,512,3,5,4,256,6000,8.0,2633729,1,1,9974,1107,600012,6,4468,40468,66,396.0,3.3,5.5143,0.86423492
cold,0,1,0,3e-05,0.05,512,3,5,4,256,6000,8.0,2633729,1,1,9974,1107,600012,6,4468,40468,67,402.0,3.35,5.59785,0.86619741
cold,0,1,0,3e-05,0.05,512,3,5,4,256,6000,8.0,2633729,1,1,9974,1107,600012,6,4468,40468,68,408.0,3.4,5.6814,0.86574924
cold,0,1,0,3e-05,0.05,512,3,5,4,256,6000,8.0,2633729,1,1,9974,1107,600012,6,4468,40468,69,414.0,3.45,5.76495,0.86502057
cold,0,1,0,3e-05,0.05,512,3,5,4,256,6000,8.0,2633729,1,1,9974,1107,600012,6,4468,40468,70,420.0,3.5,5.8485,0.86659056
cold,0,1,0,3e-05,0.05,512,3,5,4,256,6000,8.0,2633729,1,1,9974,1107,600012,6,4468,40468,71,426.0,3.55,5.93205,0.87201798
cold,0,1,0,3e-05,0.05,512,3,5,4,256,6000,8.0,2633729,1,1,9974,1107,600012,6,4468,40468,72,432.0,3.6,6.0156,0.88046181
cold,0,1,0,3e-05,0.05,512,3,5,4,256,6000,8.0,2633729,1,1,9974,1107,600012,6,4468,40468,73,438.0,3.65,6.09915,0.88879663
cold,0,1,0,3e-05,0.05,512,3,5,4,256,6000,8.0,2633729,1,1,9974,1107,600012,6,4468,40468,74,444.0,3.7,6.1827,0.89497131
cold,0,1,0,3e-05,0.05,512,3,5,4,256,6000,8.0,2633729,1,1,9974,1107,600012,6,4468,40468,75,450.0,3.75,6.26625,0.90109211
cold,0,1,0,3e-05,0.05,512,3,5,4,256,6000,8.0,2633729,1,1,9974,1107,600012,6,4468,40468,76,456.0,3.8,6.3498,0.91063827
cold,0,1,0,3e-05,0.05,512,3,5,4,256,6000,8.0,2633729,1,1,9974,1107,600012,6,4468,40468,77,462.0,3.85,6.43335,0.92386889
cold,0,1,0,3e-05,0.05,512,3,5,4,256,6000,8.0,2633729,1,1,9974,1107,600012,6,4468,40468,78,468.0,3.9,6.5169,0.93716872
cold,0,1,0,3e-05,0.05,512,3,5,4,256,6000,8.0,2633729,1,1,9974,1107,600012,6,4468,40468,79,474.0,3.95,6.60045,0.94549114
cold,0,1,0,3e-05,0.05,512,3,5,4,256,6000,8.0,2633729,1,1,9974,1107,600012,6,4468,40468,80,480.0,4.0,6.684,0.94697338
cold,0,1,0,3e-05,0.05,512,3,5,4,256,6000,8.0,2633729,1,1,9974,1107,600012,6,4468,40468,81,486.0,4.05,6.76755,0.94447172
cold,0,1,0,3e-05,0.05,512,3,5,4,256,6000,8.0,2633729,1,1,9974,1107,600012,6,4468,40468,82,492.0,4.1,6.8511,0.94145942
cold,0,1,0,3e-05,0.05,512,3,5,4,256,6000,8.0,2633729,1,1,9974,1107,600012,6,4468,40468,83,498.0,4.15,6.93465,0.93961251
cold,0,1,0,3e-05,0.05,512,3,5,4,256,6000,8.0,2633729,1,1,9974,1107,600012,6,4468,40468,84,504.0,4.2,7.0182,0.93960881
cold,0,1,0,3e-05,0.05,512,3,5,4,256,6000,8.0,2633729,1,1,9974,1107,600012,6,4468,40468,85,510.0,4.25,7.10175,0.94136256
cold,0,1,0,3e-05,0.05,512,3,5,4,256,6000,8.0,2633729,1,1,9974,1107,600012,6,4468,40468,86,516.0,4.3,7.1853,0.94469416
cold,0,1,0,3e-05,0.05,512,3,5,4,256,6000,8.0,2633729,1,1,9974,1107,600012,6,4468,40468,87,522.0,4.35,7.26885,0.94920069
cold,0,1,0,3e-05,0.05,512,3,5,4,256,6000,8.0,2633729,1,1,9974,1107,600012,6,4468,40468,88,528.0,4.4,7.3524,0.95340502
cold,0,1,0,3e-05,0.05,512,3,5,4,256,6000,8.0,2633729,1,1,9974,1107,600012,6,4468,40468,89,534.0,4.45,7.43595,0.95552438
cold,0,1,0,3e-05,0.05,512,3,5,4,256,6000,8.0,2633729,1,1,9974,1107,600012,6,4468,40468,90,540.0,4.5,7.5195,0.95431525
cold,0,1,0,3e-05,0.05,512,3,5,4,256,6000,8.0,2633729,1,1,9974,1107,600012,6,4468,40468,91,546.0,4.55,7.60305,0.94991714
cold,0,1,0,3e-05,0.05,512,3,5,4,256,6000,8.0,2633729,1,1,9974,1107,600012,6,4468,40468,92,552.0,4.6,7.6866,0.94487524
cold,0,1,0,3e-05,0.05,512,3,5,4,256,6000,8.0,2633729,1,1,9974,1107,600012,6,4468,40468,93,558.0,4.65,7.77015,0.94233096
cold,0,1,0,3e-05,0.05,512,3,5,4,256,6000,8.0,2633729,1,1,9974,1107,600012,6,4468,40468,94,564.0,4.7,7.8537,0.94306415
cold,0,1,0,3e-05,0.05,512,3,5,4,256,6000,8.0,2633729,1,1,9974,1107,600012,6,4468,40468,95,570.0,4.75,7.93725,0.94543594
cold,0,1,0,3e-05,0.05,512,3,5,4,256,6000,8.0,2633729,1,1,9974,1107,600012,6,4468,40468,96,576.0,4.8,8.0208,0.94786865
cold,0,1,0,3e-05,0.05,512,3,5,4,256,6000,8.0,2633729,1,1,9974,1107,600012,6,4468,40468,97,582.0,4.85,8.10435,0.95028776
cold,0,1,0,3e-05,0.05,512,3,5,4,256,6000,8.0,2633729,1,1,9974,1107,600012,6,4468,40468,98,588.0,4.9,8.1879,0.95322406
cold,0,1,0,3e-05,0.05,512,3,5,4,256,6000,8.0,2633729,1,1,9974,1107,600012,6,4468,40468,99,594.0,4.95,8.27145,0.95648712
cold,0,1,0,3e-05,0.05,512,3,5,4,256,6000,8.0,2633729,1,1,9974,1107,600012,6,4468,40468,100,600.0,5.0,8.355,0.96034729
cold,0,1,0,3e-05,0.05,512,3,5,4,256,6000,8.0,2633729,1,1,9974,1107,600012,6,4468,40468,101,606.0,5.05,8.43855,0.96582091
cold,0,1,0,3e-05,0.05,512,3,5,4,256,6000,8.0,2633729,1,1,9974,1107,600012,6,4468,40468,102,612.0,5.1,8.5221,0.97230685
cold,0,1,0,3e-05,0.05,512,3,5,4,256,6000,8.0,2633729,1,1,9974,1107,600012,6,4468,40468,103,618.0,5.15,8.60565,0.97653383
cold,0,1,0,3e-05,0.05,512,3,5,4,256,6000,8.0,2633729,1,1,9974,1107,600012,6,4468,40468,104,624.0,5.2,8.6892,0.97662807
cold,0,1,0,3e-05,0.05,512,3,5,4,256,6000,8.0,2633729,1,1,9974,1107,600012,6,4468,40468,105,630.0,5.25,8.77275,0.97580773
cold,0,1,0,3e-05,0.05,512,3,5,4,256,6000,8.0,2633729,1,1,9974,1107,600012,6,4468,40468,106,636.0,5.3,8.8563,0.97808909
cold,0,1,0,3e-05,0.05,512,3,5,4,256,6000,8.0,2633729,1,1,9974,1107,600012,6,4468,40468,107,642.0,5.35,8.93985,0.98321378
cold,0,1,0,3e-05,0.05,512,3,5,4,256,6000,8.0,2633729,1,1,9974,1107,600012,6,4468,40468,108,648.0,5.4,9.0234,0.98837775
cold,0,1,0,3e-05,0.05,512,3,5,4,256,6000,8.0,2633729,1,1,9974,1107,600012,6,4468,40468,109,654.0,5.45,9.10695,0.99109149
cold,0,1,0,3e-05,0.05,512,3,5,4,256,6000,8.0,2633729,1,1,9974,1107,600012,6,4468,40468,110,660.0,5.5,9.1905,0.99067205
cold,0,1,0,3e-05,0.05,512,3,5,4,256,6000,8.0,2633729,1,1,9974,1107,600012,6,4468,40468,111,666.0,5.55,9.27405,0.98894143
cold,0,1,0,3e-05,0.05,512,3,5,4,256,6000,8.0,2633729,1,1,9974,1107,600012,6,4468,40468,112,672.0,5.6,9.3576,0.98795509
cold,0,1,0,3e-05,0.05,512,3,5,4,256,6000,8.0,2633729,1,1,9974,1107,600012,6,4468,40468,113,678.0,5.65,9.44115,0.98745573
cold,0,1,0,3e-05,0.05,512,3,5,4,256,6000,8.0,2633729,1,1,9974,1107,600012,6,4468,40468,114,684.0,5.7,9.5247,0.98625869
cold,0,1,0,3e-05,0.05,512,3,5,4,256,6000,8.0,2633729,1,1,9974,1107,600012,6,4468,40468,115,690.0,5.75,9.60825,0.98399323
cold,0,1,0,3e-05,0.05,512,3,5,4,256,6000,8.0,2633729,1,1,9974,1107,600012,6,4468,40468,116,696.0,5.8,9.6918,0.98099589
cold,0,1,0,3e-05,0.05,512,3,5,4,256,6000,8.0,2633729,1,1,9974,1107,600012,6,4468,40468,117,702.0,5.85,9.77535,0.97788632
cold,0,1,0,3e-05,0.05,512,3,5,4,256,6000,8.0,2633729,1,1,9974,1107,600012,6,4468,40468,118,708.0,5.9,9.8589,0.97509801
cold,0,1,0,3e-05,0.05,512,3,5,4,256,6000,8.0,2633729,1,1,9974,1107,600012,6,4468,40468,119,714.0,5.95,9.94245,0.97332406
cold,0,1,0,3e-05,0.05,512,3,5,4,256,6000,8.0,2633729,1,1,9974,1107,600012,6,4468,40468,120,720.0,6.0,10.026,0.97368383
cold,0,1,0,3e-05,0.05,512,3,5,4,256,6000,8.0,2633729,1,1,9974,1107,600012,6,6000,42000,1,6.0,0.05,0.08355,0.02014103
cold,0,1,0,3e-05,0.05,512,3,5,4,256,6000,8.0,2633729,1,1,9974,1107,600012,6,6000,42000,2,12.0,0.1,0.1671,0.02394808
cold,0,1,0,3e-05,0.05,512,3,5,4,256,6000,8.0,2633729,1,1,9974,1107,600012,6,6000,42000,3,18.0,0.15,0.25065,0.02827502
cold,0,1,0,3e-05,0.05,512,3,5,4,256,6000,8.0,2633729,1,1,9974,1107,600012,6,6000,42000,4,24.0,0.2,0.3342,0.03253349
cold,0,1,0,3e-05,0.05,512,3,5,4,256,6000,8.0,2633729,1,1,9974,1107,600012,6,6000,42000,5,30.0,0.25,0.41775,0.03679104
cold,0,1,0,3e-05,0.05,512,3,5,4,256,6000,8.0,2633729,1,1,9974,1107,600012,6,6000,42000,6,36.0,0.3,0.5013,0.04222029
cold,0,1,0,3e-05,0.05,512,3,5,4,256,6000,8.0,2633729,1,1,9974,1107,600012,6,6000,42000,7,42.0,0.35,0.58485,0.04799761
cold,0,1,0,3e-05,0.05,512,3,5,4,256,6000,8.0,2633729,1,1,9974,1107,600012,6,6000,42000,8,48.0,0.4,0.6684,0.0540384
cold,0,1,0,3e-05,0.05,512,3,5,4,256,6000,8.0,2633729,1,1,9974,1107,600012,6,6000,42000,9,54.0,0.45,0.75195,0.06046724
cold,0,1,0,3e-05,0.05,512,3,5,4,256,6000,8.0,2633729,1,1,9974,1107,600012,6,6000,42000,10,60.0,0.5,0.8355,0.06757033
cold,0,1,0,3e-05,0.05,512,3,5,4,256,6000,8.0,2633729,1,1,9974,1107,600012,6,6000,42000,11,66.0,0.55,0.91905,0.07526199
cold,0,1,0,3e-05,0.05,512,3,5,4,256,6000,8.0,2633729,1,1,9974,1107,600012,6,6000,42000,12,72.0,0.6,1.0026,0.08371387
cold,0,1,0,3e-05,0.05,512,3,5,4,256,6000,8.0,2633729,1,1,9974,1107,600012,6,6000,42000,13,78.0,0.65,1.08615,0.09330487
cold,0,1,0,3e-05,0.05,512,3,5,4,256,6000,8.0,2633729,1,1,9974,1107,600012,6,6000,42000,14,84.0,0.7,1.1697,0.1045922
cold,0,1,0,3e-05,0.05,512,3,5,4,256,6000,8.0,2633729,1,1,9974,1107,600012,6,6000,42000,15,90.0,0.75,1.25325,0.1174252
cold,0,1,0,3e-05,0.05,512,3,5,4,256,6000,8.0,2633729,1,1,9974,1107,600012,6,6000,42000,16,96.0,0.8,1.3368,0.13077141
cold,0,1,0,3e-05,0.05,512,3,5,4,256,6000,8.0,2633729,1,1,9974,1107,600012,6,6000,42000,17,102.0,0.85,1.42035,0.14364628
cold,0,1,0,3e-05,0.05,512,3,5,4,256,6000,8.0,2633729,1,1,9974,1107,600012,6,6000,42000,18,108.0,0.9,1.5039,0.15587007
cold,0,1,0,3e-05,0.05,512,3,5,4,256,6000,8.0,2633729,1,1,9974,1107,600012,6,6000,42000,19,114.0,0.95,1.58745,0.16806278
cold,0,1,0,3e-05,0.05,512,3,5,4,256,6000,8.0,2633729,1,1,9974,1107,600012,6,6000,42000,20,120.0,1.0,1.671,0.18117727
cold,0,1,0,3e-05,0.05,512,3,5,4,256,6000,8.0,2633729,1,1,9974,1107,600012,6,6000,42000,21,126.0,1.05,1.75455,0.19594227
cold,0,1,0,3e-05,0.05,512,3,5,4,256,6000,8.0,2633729,1,1,9974,1107,600012,6,6000,42000,22,132.0,1.1,1.8381,0.21267666
cold,0,1,0,3e-05,0.05,512,3,5,4,256,6000,8.0,2633729,1,1,9974,1107,600012,6,6000,42000,23,138.0,1.15,1.92165,0.23146662
cold,0,1,0,3e-05,0.05,512,3,5,4,256,6000,8.0,2633729,1,1,9974,1107,600012,6,6000,42000,24,144.0,1.2,2.0052,0.25209427
cold,0,1,0,3e-05,0.05,512,3,5,4,256,6000,8.0,2633729,1,1,9974,1107,600012,6,6000,42000,25,150.0,1.25,2.08875,0.27343175
cold,0,1,0,3e-05,0.05,512,3,5,4,256,6000,8.0,2633729,1,1,9974,1107,600012,6,6000,42000,26,156.0,1.3,2.1723,0.29418227
cold,0,1,0,3e-05,0.05,512,3,5,4,256,6000,8.0,2633729,1,1,9974,1107,600012,6,6000,42000,27,162.0,1.35,2.25585,0.31362545
cold,0,1,0,3e-05,0.05,512,3,5,4,256,6000,8.0,2633729,1,1,9974,1107,600012,6,6000,42000,28,168.0,1.4,2.3394,0.33025861
cold,0,1,0,3e-05,0.05,512,3,5,4,256,6000,8.0,2633729,1,1,9974,1107,600012,6,6000,42000,29,174.0,1.45,2.42295,0.34281442
cold,0,1,0,3e-05,0.05,512,3,5,4,256,6000,8.0,2633729,1,1,9974,1107,600012,6,6000,42000,30,180.0,1.5,2.5065,0.35385427
cold,0,1,0,3e-05,0.05,512,3,5,4,256,6000,8.0,2633729,1,1,9974,1107,600012,6,6000,42000,31,186.0,1.55,2.59005,0.36865452
cold,0,1,0,3e-05,0.05,512,3,5,4,256,6000,8.0,2633729,1,1,9974,1107,600012,6,6000,42000,32,192.0,1.6,2.6736,0.38814968
cold,0,1,0,3e-05,0.05,512,3,5,4,256,6000,8.0,2633729,1,1,9974,1107,600012,6,6000,42000,33,198.0,1.65,2.75715,0.40843642
cold,0,1,0,3e-05,0.05,512,3,5,4,256,6000,8.0,2633729,1,1,9974,1107,600012,6,6000,42000,34,204.0,1.7,2.8407,0.42647019
cold,0,1,0,3e-05,0.05,512,3,5,4,256,6000,8.0,2633729,1,1,9974,1107,600012,6,6000,42000,35,210.0,1.75,2.92425,0.44214794
cold,0,1,0,3e-05,0.05,512,3,5,4,256,6000,8.0,2633729,1,1,9974,1107,600012,6,6000,42000,36,216.0,1.8,3.0078,0.45770341
cold,0,1,0,3e-05,0.05,512,3,5,4,256,6000,8.0,2633729,1,1,9974,1107,600012,6,6000,42000,37,222.0,1.85,3.09135,0.47579107
cold,0,1,0,3e-05,0.05,512,3,5,4,256,6000,8.0,2633729,1,1,9974,1107,600012,6,6000,42000,38,228.0,1.9,3.1749,0.4975608
cold,0,1,0,3e-05,0.05,512,3,5,4,256,6000,8.0,2633729,1,1,9974,1107,600012,6,6000,42000,39,234.0,1.95,3.25845,0.52187908
cold,0,1,0,3e-05,0.05,512,3,5,4,256,6000,8.0,2633729,1,1,9974,1107,600012,6,6000,42000,40,240.0,2.0,3.342,0.5467729
cold,0,1,0,3e-05,0.05,512,3,5,4,256,6000,8.0,2633729,1,1,9974,1107,600012,6,6000,42000,41,246.0,2.05,3.42555,0.57138759
cold,0,1,0,3e-05,0.05,512,3,5,4,256,6000,8.0,2633729,1,1,9974,1107,600012,6,6000,42000,42,252.0,2.1,3.5091,0.59500253
cold,0,1,0,3e-05,0.05,512,3,5,4,256,6000,8.0,2633729,1,1,9974,1107,600012,6,6000,42000,43,258.0,2.15,3.59265,0.61594099
cold,0,1,0,3e-05,0.05,512,3,5,4,256,6000,8.0,2633729,1,1,9974,1107,600012,6,6000,42000,44,264.0,2.2,3.6762,0.6337806
cold,0,1,0,3e-05,0.05,512,3,5,4,256,6000,8.0,2633729,1,1,9974,1107,600012,6,6000,42000,45,270.0,2.25,3.75975,0.64959389
cold,0,1,0,3e-05,0.05,512,3,5,4,256,6000,8.0,2633729,1,1,9974,1107,600012,6,6000,42000,46,276.0,2.3,3.8433,0.66494197
cold,0,1,0,3e-05,0.05,512,3,5,4,256,6000,8.0,2633729,1,1,9974,1107,600012,6,6000,42000,47,282.0,2.35,3.92685,0.68100172
cold,0,1,0,3e-05,0.05,512,3,5,4,256,6000,8.0,2633729,1,1,9974,1107,600012,6,6000,42000,48,288.0,2.4,4.0104,0.69693649
cold,0,1,0,3e-05,0.05,512,3,5,4,256,6000,8.0,2633729,1,1,9974,1107,600012,6,6000,42000,49,294.0,2.45,4.09395,0.71203136
cold,0,1,0,3e-05,0.05,512,3,5,4,256,6000,8.0,2633729,1,1,9974,1107,600012,6,6000,42000,50,300.0,2.5,4.1775,0.72668946
cold,0,1,0,3e-05,0.05,512,3,5,4,256,6000,8.0,2633729,1,1,9974,1107,600012,6,6000,42000,51,306.0,2.55,4.26105,0.73980588
cold,0,1,0,3e-05,0.05,512,3,5,4,256,6000,8.0,2633729,1,1,9974,1107,600012,6,6000,42000,52,312.0,2.6,4.3446,0.74991411
cold,0,1,0,3e-05,0.05,512,3,5,4,256,6000,8.0,2633729,1,1,9974,1107,600012,6,6000,42000,53,318.0,2.65,4.42815,0.75795478
cold,0,1,0,3e-05,0.05,512,3,5,4,256,6000,8.0,2633729,1,1,9974,1107,600012,6,6000,42000,54,324.0,2.7,4.5117,0.76663631
cold,0,1,0,3e-05,0.05,512,3,5,4,256,6000,8.0,2633729,1,1,9974,1107,600012,6,6000,42000,55,330.0,2.75,4.59525,0.77804548
cold,0,1,0,3e-05,0.05,512,3,5,4,256,6000,8.0,2633729,1,1,9974,1107,600012,6,6000,42000,56,336.0,2.8,4.6788,0.79238468
cold,0,1,0,3e-05,0.05,512,3,5,4,256,6000,8.0,2633729,1,1,9974,1107,600012,6,6000,42000,57,342.0,2.85,4.76235,0.80817533
cold,0,1,0,3e-05,0.05,512,3,5,4,256,6000,8.0,2633729,1,1,9974,1107,600012,6,6000,42000,58,348.0,2.9,4.8459,0.82298404
cold,0,1,0,3e-05,0.05,512,3,5,4,256,6000,8.0,2633729,1,1,9974,1107,600012,6,6000,42000,59,354.0,2.95,4.92945,0.83579338
cold,0,1,0,3e-05,0.05,512,3,5,4,256,6000,8.0,2633729,1,1,9974,1107,600012,6,6000,42000,60,360.0,3.0,5.013,0.84677893
cold,0,1,0,3e-05,0.05,512,3,5,4,256,6000,8.0,2633729,1,1,9974,1107,600012,6,6000,42000,61,366.0,3.05,5.09655,0.85535133
cold,0,1,0,3e-05,0.05,512,3,5,4,256,6000,8.0,2633729,1,1,9974,1107,600012,6,6000,42000,62,372.0,3.1,5.1801,0.86069334
cold,0,1,0,3e-05,0.05,512,3,5,4,256,6000,8.0,2633729,1,1,9974,1107,600012,6,6000,42000,63,378.0,3.15,5.26365,0.86300951
cold,0,1,0,3e-05,0.05,512,3,5,4,256,6000,8.0,2633729,1,1,9974,1107,600012,6,6000,42000,64,384.0,3.2,5.3472,0.86424953
cold,0,1,0,3e-05,0.05,512,3,5,4,256,6000,8.0,2633729,1,1,9974,1107,600012,6,6000,42000,65,390.0,3.25,5.43075,0.86609042
cold,0,1,0,3e-05,0.05,512,3,5,4,256,6000,8.0,2633729,1,1,9974,1107,600012,6,6000,42000,66,396.0,3.3,5.5143,0.86918443
cold,0,1,0,3e-05,0.05,512,3,5,4,256,6000,8.0,2633729,1,1,9974,1107,600012,6,6000,42000,67,402.0,3.35,5.59785,0.87449217
cold,0,1,0,3e-05,0.05,512,3,5,4,256,6000,8.0,2633729,1,1,9974,1107,600012,6,6000,42000,68,408.0,3.4,5.6814,0.88224494
cold,0,1,0,3e-05,0.05,512,3,5,4,256,6000,8.0,2633729,1,1,9974,1107,600012,6,6000,42000,69,414.0,3.45,5.76495,0.89096105
cold,0,1,0,3e-05,0.05,512,3,5,4,256,6000,8.0,2633729,1,1,9974,1107,600012,6,6000,42000,70,420.0,3.5,5.8485,0.89911574
cold,0,1,0,3e-05,0.05,512,3,5,4,256,6000,8.0,2633729,1,1,9974,1107,600012,6,6000,42000,71,426.0,3.55,5.93205,0.90593225
cold,0,1,0,3e-05,0.05,512,3,5,4,256,6000,8.0,2633729,1,1,9974,1107,600012,6,6000,42000,72,432.0,3.6,6.0156,0.91117632
cold,0,1,0,3e-05,0.05,512,3,5,4,256,6000,8.0,2633729,1,1,9974,1107,600012,6,6000,42000,73,438.0,3.65,6.09915,0.91470689
cold,0,1,0,3e-05,0.05,512,3,5,4,256,6000,8.0,2633729,1,1,9974,1107,600012,6,6000,42000,74,444.0,3.7,6.1827,0.91671658
cold,0,1,0,3e-05,0.05,512,3,5,4,256,6000,8.0,2633729,1,1,9974,1107,600012,6,6000,42000,75,450.0,3.75,6.26625,0.91832519
cold,0,1,0,3e-05,0.05,512,3,5,4,256,6000,8.0,2633729,1,1,9974,1107,600012,6,6000,42000,76,456.0,3.8,6.3498,0.92064577
cold,0,1,0,3e-05,0.05,512,3,5,4,256,6000,8.0,2633729,1,1,9974,1107,600012,6,6000,42000,77,462.0,3.85,6.43335,0.92287105
cold,0,1,0,3e-05,0.05,512,3,5,4,256,6000,8.0,2633729,1,1,9974,1107,600012,6,6000,42000,78,468.0,3.9,6.5169,0.92281121
cold,0,1,0,3e-05,0.05,512,3,5,4,256,6000,8.0,2633729,1,1,9974,1107,600012,6,6000,42000,79,474.0,3.95,6.60045,0.92055595
cold,0,1,0,3e-05,0.05,512,3,5,4,256,6000,8.0,2633729,1,1,9974,1107,600012,6,6000,42000,80,480.0,4.0,6.684,0.91875672
cold,0,1,0,3e-05,0.05,512,3,5,4,256,6000,8.0,2633729,1,1,9974,1107,600012,6,6000,42000,81,486.0,4.05,6.76755,0.9195801
cold,0,1,0,3e-05,0.05,512,3,5,4,256,6000,8.0,2633729,1,1,9974,1107,600012,6,6000,42000,82,492.0,4.1,6.8511,0.92345721
cold,0,1,0,3e-05,0.05,512,3,5,4,256,6000,8.0,2633729,1,1,9974,1107,600012,6,6000,42000,83,498.0,4.15,6.93465,0.92881954
cold,0,1,0,3e-05,0.05,512,3,5,4,256,6000,8.0,2633729,1,1,9974,1107,600012,6,6000,42000,84,504.0,4.2,7.0182,0.93333602
cold,0,1,0,3e-05,0.05,512,3,5,4,256,6000,8.0,2633729,1,1,9974,1107,600012,6,6000,42000,85,510.0,4.25,7.10175,0.93598509
cold,0,1,0,3e-05,0.05,512,3,5,4,256,6000,8.0,2633729,1,1,9974,1107,600012,6,6000,42000,86,516.0,4.3,7.1853,0.93677729
cold,0,1,0,3e-05,0.05,512,3,5,4,256,6000,8.0,2633729,1,1,9974,1107,600012,6,6000,42000,87,522.0,4.35,7.26885,0.93608379
cold,0,1,0,3e-05,0.05,512,3,5,4,256,6000,8.0,2633729,1,1,9974,1107,600012,6,6000,42000,88,528.0,4.4,7.3524,0.93534577
cold,0,1,0,3e-05,0.05,512,3,5,4,256,6000,8.0,2633729,1,1,9974,1107,600012,6,6000,42000,89,534.0,4.45,7.43595,0.9367671
cold,0,1,0,3e-05,0.05,512,3,5,4,256,6000,8.0,2633729,1,1,9974,1107,600012,6,6000,42000,90,540.0,4.5,7.5195,0.94043517
cold,0,1,0,3e-05,0.05,512,3,5,4,256,6000,8.0,2633729,1,1,9974,1107,600012,6,6000,42000,91,546.0,4.55,7.60305,0.94321531
cold,0,1,0,3e-05,0.05,512,3,5,4,256,6000,8.0,2633729,1,1,9974,1107,600012,6,6000,42000,92,552.0,4.6,7.6866,0.94272196
cold,0,1,0,3e-05,0.05,512,3,5,4,256,6000,8.0,2633729,1,1,9974,1107,600012,6,6000,42000,93,558.0,4.65,7.77015,0.94056749
cold,0,1,0,3e-05,0.05,512,3,5,4,256,6000,8.0,2633729,1,1,9974,1107,600012,6,6000,42000,94,564.0,4.7,7.8537,0.94061792
cold,0,1,0,3e-05,0.05,512,3,5,4,256,6000,8.0,2633729,1,1,9974,1107,600012,6,6000,42000,95,570.0,4.75,7.93725,0.94526273
cold,0,1,0,3e-05,0.05,512,3,5,4,256,6000,8.0,2633729,1,1,9974,1107,600012,6,6000,42000,96,576.0,4.8,8.0208,0.95318329
cold,0,1,0,3e-05,0.05,512,3,5,4,256,6000,8.0,2633729,1,1,9974,1107,600012,6,6000,42000,97,582.0,4.85,8.10435,0.96107566
cold,0,1,0,3e-05,0.05,512,3,5,4,256,6000,8.0,2633729,1,1,9974,1107,600012,6,6000,42000,98,588.0,4.9,8.1879,0.96691537
cold,0,1,0,3e-05,0.05,512,3,5,4,256,6000,8.0,2633729,1,1,9974,1107,600012,6,6000,42000,99,594.0,4.95,8.27145,0.97053975
cold,0,1,0,3e-05,0.05,512,3,5,4,256,6000,8.0,2633729,1,1,9974,1107,600012,6,6000,42000,100,600.0,5.0,8.355,0.97302902
cold,0,1,0,3e-05,0.05,512,3,5,4,256,6000,8.0,2633729,1,1,9974,1107,600012,6,6000,42000,101,606.0,5.05,8.43855,0.97555238
cold,0,1,0,3e-05,0.05,512,3,5,4,256,6000,8.0,2633729,1,1,9974,1107,600012,6,6000,42000,102,612.0,5.1,8.5221,0.97799599
cold,0,1,0,3e-05,0.05,512,3,5,4,256,6000,8.0,2633729,1,1,9974,1107,600012,6,6000,42000,103,618.0,5.15,8.60565,0.97926235
cold,0,1,0,3e-05,0.05,512,3,5,4,256,6000,8.0,2633729,1,1,9974,1107,600012,6,6000,42000,104,624.0,5.2,8.6892,0.97841287
cold,0,1,0,3e-05,0.05,512,3,5,4,256,6000,8.0,2633729,1,1,9974,1107,600012,6,6000,42000,105,630.0,5.25,8.77275,0.97580343
cold,0,1,0,3e-05,0.05,512,3,5,4,256,6000,8.0,2633729,1,1,9974,1107,600012,6,6000,42000,106,636.0,5.3,8.8563,0.97260928
cold,0,1,0,3e-05,0.05,512,3,5,4,256,6000,8.0,2633729,1,1,9974,1107,600012,6,6000,42000,107,642.0,5.35,8.93985,0.96944028
cold,0,1,0,3e-05,0.05,512,3,5,4,256,6000,8.0,2633729,1,1,9974,1107,600012,6,6000,42000,108,648.0,5.4,9.0234,0.96732998
cold,0,1,0,3e-05,0.05,512,3,5,4,256,6000,8.0,2633729,1,1,9974,1107,600012,6,6000,42000,109,654.0,5.45,9.10695,0.96798766
cold,0,1,0,3e-05,0.05,512,3,5,4,256,6000,8.0,2633729,1,1,9974,1107,600012,6,6000,42000,110,660.0,5.5,9.1905,0.97113174
cold,0,1,0,3e-05,0.05,512,3,5,4,256,6000,8.0,2633729,1,1,9974,1107,600012,6,6000,42000,111,666.0,5.55,9.27405,0.97453064
cold,0,1,0,3e-05,0.05,512,3,5,4,256,6000,8.0,2633729,1,1,9974,1107,600012,6,6000,42000,112,672.0,5.6,9.3576,0.97660172
cold,0,1,0,3e-05,0.05,512,3,5,4,256,6000,8.0,2633729,1,1,9974,1107,600012,6,6000,42000,113,678.0,5.65,9.44115,0.97715265
cold,0,1,0,3e-05,0.05,512,3,5,4,256,6000,8.0,2633729,1,1,9974,1107,600012,6,6000,42000,114,684.0,5.7,9.5247,0.97683686
cold,0,1,0,3e-05,0.05,512,3,5,4,256,6000,8.0,2633729,1,1,9974,1107,600012,6,6000,42000,115,690.0,5.75,9.60825,0.97593206
cold,0,1,0,3e-05,0.05,512,3,5,4,256,6000,8.0,2633729,1,1,9974,1107,600012,6,6000,42000,116,696.0,5.8,9.6918,0.97400695
cold,0,1,0,3e-05,0.05,512,3,5,4,256,6000,8.0,2633729,1,1,9974,1107,600012,6,6000,42000,117,702.0,5.85,9.77535,0.97128487
cold,0,1,0,3e-05,0.05,512,3,5,4,256,6000,8.0,2633729,1,1,9974,1107,600012,6,6000,42000,118,708.0,5.9,9.8589,0.96881568
cold,0,1,0,3e-05,0.05,512,3,5,4,256,6000,8.0,2633729,1,1,9974,1107,600012,6,6000,42000,119,714.0,5.95,9.94245,0.96796095
cold,0,1,0,3e-05,0.05,512,3,5,4,256,6000,8.0,2633729,1,1,9974,1107,600012,6,6000,42000,120,720.0,6.0,10.026,0.96975291
cold,0,1,0,3e-05,0.05,512,3,5,4,256,6000,8.0,2633729,1,1,9974,1108,600013,7,1,42001,1,6.0,0.05,0.08355,0.18585721
cold,0,1,0,3e-05,0.05,512,3,5,4,256,6000,8.0,2633729,1,1,9974,1108,600013,7,1,42001,2,12.0,0.1,0.1671,0.35752788
cold,0,1,0,3e-05,0.05,512,3,5,4,256,6000,8.0,2633729,1,1,9974,1108,600013,7,1,42001,3,18.0,0.15,0.25065,0.51290774
cold,0,1,0,3e-05,0.05,512,3,5,4,256,6000,8.0,2633729,1,1,9974,1108,600013,7,1,42001,4,24.0,0.2,0.3342,0.64612573
cold,0,1,0,3e-05,0.05,512,3,5,4,256,6000,8.0,2633729,1,1,9974,1108,600013,7,1,42001,5,30.0,0.25,0.41775,0.75499469
cold,0,1,0,3e-05,0.05,512,3,5,4,256,6000,8.0,2633729,1,1,9974,1108,600013,7,1,42001,6,36.0,0.3,0.5013,0.84081918
cold,0,1,0,3e-05,0.05,512,3,5,4,256,6000,8.0,2633729,1,1,9974,1108,600013,7,1,42001,7,42.0,0.35,0.58485,0.90668255
cold,0,1,0,3e-05,0.05,512,3,5,4,256,6000,8.0,2633729,1,1,9974,1108,600013,7,1,42001,8,48.0,0.4,0.6684,0.95638663
cold,0,1,0,3e-05,0.05,512,3,5,4,256,6000,8.0,2633729,1,1,9974,1108,600013,7,1,42001,9,54.0,0.45,0.75195,0.99382526
cold,0,1,0,3e-05,0.05,512,3,5,4,256,6000,8.0,2633729,1,1,9974,1108,600013,7,1,42001,10,60.0,0.5,0.8355,1.02297819
cold,0,1,0,3e-05,0.05,512,3,5,4,256,6000,8.0,2633729,1,1,9974,1108,600013,7,1,42001,11,66.0,0.55,0.91905,1.04669869
cold,0,1,0,3e-05,0.05,512,3,5,4,256,6000,8.0,2633729,1,1,9974,1108,600013,7,1,42001,12,72.0,0.6,1.0026,1.06605637
cold,0,1,0,3e-05,0.05,512,3,5,4,256,6000,8.0,2633729,1,1,9974,1108,600013,7,1,42001,13,78.0,0.65,1.08615,1.08149683
cold,0,1,0,3e-05,0.05,512,3,5,4,256,6000,8.0,2633729,1,1,9974,1108,600013,7,1,42001,14,84.0,0.7,1.1697,1.09443724
cold,0,1,0,3e-05,0.05,512,3,5,4,256,6000,8.0,2633729,1,1,9974,1108,600013,7,1,42001,15,90.0,0.75,1.25325,1.10681558
cold,0,1,0,3e-05,0.05,512,3,5,4,256,6000,8.0,2633729,1,1,9974,1108,600013,7,1,42001,16,96.0,0.8,1.3368,1.11963105
cold,0,1,0,3e-05,0.05,512,3,5,4,256,6000,8.0,2633729,1,1,9974,1108,600013,7,1,42001,17,102.0,0.85,1.42035,1.13289678
cold,0,1,0,3e-05,0.05,512,3,5,4,256,6000,8.0,2633729,1,1,9974,1108,600013,7,1,42001,18,108.0,0.9,1.5039,1.1461066
cold,0,1,0,3e-05,0.05,512,3,5,4,256,6000,8.0,2633729,1,1,9974,1108,600013,7,1,42001,19,114.0,0.95,1.58745,1.15827155
cold,0,1,0,3e-05,0.05,512,3,5,4,256,6000,8.0,2633729,1,1,9974,1108,600013,7,1,42001,20,120.0,1.0,1.671,1.16844714
cold,0,1,0,3e-05,0.05,512,3,5,4,256,6000,8.0,2633729,1,1,9974,1108,600013,7,1,42001,21,126.0,1.05,1.75455,1.17607939
cold,0,1,0,3e-05,0.05,512,3,5,4,256,6000,8.0,2633729,1,1,9974,1108,600013,7,1,42001,22,132.0,1.1,1.8381,1.18072987
cold,0,1,0,3e-05,0.05,512,3,5,4,256,6000,8.0,2633729,1,1,9974,1108,600013,7,1,42001,23,138.0,1.15,1.92165,1.18219125
cold,0,1,0,3e-05,0.05,512,3,5,4,256,6000,8.0,2633729,1,1,9974,1108,600013,7,1,42001,24,144.0,1.2,2.0052,1.18098783
cold,0,1,0,3e-05,0.05,512,3,5,4,256,6000,8.0,2633729,1,1,9974,1108,600013,7,1,42001,25,150.0,1.25,2.08875,1.17825377
cold,0,1,0,3e-05,0.05,512,3,5,4,256,6000,8.0,2633729,1,1,9974,1108,600013,7,1,42001,26,156.0,1.3,2.1723,1.17502332
cold,0,1,0,3e-05,0.05,512,3,5,4,256,6000,8.0,2633729,1,1,9974,1108,600013,7,1,42001,27,162.0,1.35,2.25585,1.17189479
cold,0,1,0,3e-05,0.05,512,3,5,4,256,6000,8.0,2633729,1,1,9974,1108,600013,7,1,42001,28,168.0,1.4,2.3394,1.1693393
cold,0,1,0,3e-05,0.05,512,3,5,4,256,6000,8.0,2633729,1,1,9974,1108,600013,7,1,42001,29,174.0,1.45,2.42295,1.16820812
cold,0,1,0,3e-05,0.05,512,3,5,4,256,6000,8.0,2633729,1,1,9974,1108,600013,7,1,42001,30,180.0,1.5,2.5065,1.17000568
cold,0,1,0,3e-05,0.05,512,3,5,4,256,6000,8.0,2633729,1,1,9974,1108,600013,7,1,42001,31,186.0,1.55,2.59005,1.17573607
cold,0,1,0,3e-05,0.05,512,3,5,4,256,6000,8.0,2633729,1,1,9974,1108,600013,7,1,42001,32,192.0,1.6,2.6736,1.18481183
cold,0,1,0,3e-05,0.05,512,3,5,4,256,6000,8.0,2633729,1,1,9974,1108,600013,7,1,42001,33,198.0,1.65,2.75715,1.19570041
cold,0,1,0,3e-05,0.05,512,3,5,4,256,6000,8.0,2633729,1,1,9974,1108,600013,7,1,42001,34,204.0,1.7,2.8407,1.20763707
cold,0,1,0,3e-05,0.05,512,3,5,4,256,6000,8.0,2633729,1,1,9974,1108,600013,7,1,42001,35,210.0,1.75,2.92425,1.22054291
cold,0,1,0,3e-05,0.05,512,3,5,4,256,6000,8.0,2633729,1,1,9974,1108,600013,7,1,42001,36,216.0,1.8,3.0078,1.2338537
cold,0,1,0,3e-05,0.05,512,3,5,4,256,6000,8.0,2633729,1,1,9974,1108,600013,7,1,42001,37,222.0,1.85,3.09135,1.24662721
cold,0,1,0,3e-05,0.05,512,3,5,4,256,6000,8.0,2633729,1,1,9974,1108,600013,7,1,42001,38,228.0,1.9,3.1749,1.25821257
cold,0,1,0,3e-05,0.05,512,3,5,4,256,6000,8.0,2633729,1,1,9974,1108,600013,7,1,42001,39,234.0,1.95,3.25845,1.2688266
cold,0,1,0,3e-05,0.05,512,3,5,4,256,6000,8.0,2633729,1,1,9974,1108,600013,7,1,42001,40,240.0,2.0,3.342,1.27955139
cold,0,1,0,3e-05,0.05,512,3,5,4,256,6000,8.0,2633729,1,1,9974,1108,600013,7,1,42001,41,246.0,2.05,3.42555,1.29117596
cold,0,1,0,3e-05,0.05,512,3,5,4,256,6000,8.0,2633729,1,1,9974,1108,600013,7,1,42001,42,252.0,2.1,3.5091,1.30373514
cold,0,1,0,3e-05,0.05,512,3,5,4,256,6000,8.0,2633729,1,1,9974,1108,600013,7,1,42001,43,258.0,2.15,3.59265,1.31700122
cold,0,1,0,3e-05,0.05,512,3,5,4,256,6000,8.0,2633729,1,1,9974,1108,600013,7,1,42001,44,264.0,2.2,3.6762,1.33019924
cold,0,1,0,3e-05,0.05,512,3,5,4,256,6000,8.0,2633729,1,1,9974,1108,600013,7,1,42001,45,270.0,2.25,3.75975,1.34204268
cold,0,1,0,3e-05,0.05,512,3,5,4,256,6000,8.0,2633729,1,1,9974,1108,600013,7,1,42001,46,276.0,2.3,3.8433,1.35157657
cold,0,1,0,3e-05,0.05,512,3,5,4,256,6000,8.0,2633729,1,1,9974,1108,600013,7,1,42001,47,282.0,2.35,3.92685,1.35877359
cold,0,1,0,3e-05,0.05,512,3,5,4,256,6000,8.0,2633729,1,1,9974,1108,600013,7,1,42001,48,288.0,2.4,4.0104,1.36439347
cold,0,1,0,3e-05,0.05,512,3,5,4,256,6000,8.0,2633729,1,1,9974,1108,600013,7,1,42001,49,294.0,2.45,4.09395,1.36978841
cold,0,1,0,3e-05,0.05,512,3,5,4,256,6000,8.0,2633729,1,1,9974,1108,600013,7,1,42001,50,300.0,2.5,4.1775,1.37670803
cold,0,1,0,3e-05,0.05,512,3,5,4,256,6000,8.0,2633729,1,1,9974,1108,600013,7,1,42001,51,306.0,2.55,4.26105,1.38568819
cold,0,1,0,3e-05,0.05,512,3,5,4,256,6000,8.0,2633729,1,1,9974,1108,600013,7,1,42001,52,312.0,2.6,4.3446,1.39547336
cold,0,1,0,3e-05,0.05,512,3,5,4,256,6000,8.0,2633729,1,1,9974,1108,600013,7,1,42001,53,318.0,2.65,4.42815,1.40454972
cold,0,1,0,3e-05,0.05,512,3,5,4,256,6000,8.0,2633729,1,1,9974,1108,600013,7,1,42001,54,324.0,2.7,4.5117,1.41262197
cold,0,1,0,3e-05,0.05,512,3,5,4,256,6000,8.0,2633729,1,1,9974,1108,600013,7,1,42001,55,330.0,2.75,4.59525,1.41997194
cold,0,1,0,3e-05,0.05,512,3,5,4,256,6000,8.0,2633729,1,1,9974,1108,600013,7,1,42001,56,336.0,2.8,4.6788,1.4266994
cold,0,1,0,3e-05,0.05,512,3,5,4,256,6000,8.0,2633729,1,1,9974,1108,600013,7,1,42001,57,342.0,2.85,4.76235,1.43315458
cold,0,1,0,3e-05,0.05,512,3,5,4,256,6000,8.0,2633729,1,1,9974,1108,600013,7,1,42001,58,348.0,2.9,4.8459,1.43958771
cold,0,1,0,3e-05,0.05,512,3,5,4,256,6000,8.0,2633729,1,1,9974,1108,600013,7,1,42001,59,354.0,2.95,4.92945,1.44606209
cold,0,1,0,3e-05,0.05,512,3,5,4,256,6000,8.0,2633729,1,1,9974,1108,600013,7,1,42001,60,360.0,3.0,5.013,1.45338213
cold,0,1,0,3e-05,0.05,512,3,5,4,256,6000,8.0,2633729,1,1,9974,1108,600013,7,1,42001,61,366.0,3.05,5.09655,1.46209908
cold,0,1,0,3e-05,0.05,512,3,5,4,256,6000,8.0,2633729,1,1,9974,1108,600013,7,1,42001,62,372.0,3.1,5.1801,1.47149849
cold,0,1,0,3e-05,0.05,512,3,5,4,256,6000,8.0,2633729,1,1,9974,1108,600013,7,1,42001,63,378.0,3.15,5.26365,1.4807018
cold,0,1,0,3e-05,0.05,512,3,5,4,256,6000,8.0,2633729,1,1,9974,1108,600013,7,1,42001,64,384.0,3.2,5.3472,1.48942685
cold,0,1,0,3e-05,0.05,512,3,5,4,256,6000,8.0,2633729,1,1,9974,1108,600013,7,1,42001,65,390.0,3.25,5.43075,1.49782026
cold,0,1,0,3e-05,0.05,512,3,5,4,256,6000,8.0,2633729,1,1,9974,1108,600013,7,1,42001,66,396.0,3.3,5.5143,1.50570512
cold,0,1,0,3e-05,0.05,512,3,5,4,256,6000,8.0,2633729,1,1,9974,1108,600013,7,1,42001,67,402.0,3.35,5.59785,1.512236
cold,0,1,0,3e-05,0.05,512,3,5,4,256,6000,8.0,2633729,1,1,9974,1108,600013,7,1,42001,68,408.0,3.4,5.6814,1.51656604
cold,0,1,0,3e-05,0.05,512,3,5,4,256,6000,8.0,2633729,1,1,9974,1108,600013,7,1,42001,69,414.0,3.45,5.76495,1.51902759
cold,0,1,0,3e-05,0.05,512,3,5,4,256,6000,8.0,2633729,1,1,9974,1108,600013,7,1,42001,70,420.0,3.5,5.8485,1.52152479
cold,0,1,0,3e-05,0.05,512,3,5,4,256,6000,8.0,2633729,1,1,9974,1108,600013,7,1,42001,71,426.0,3.55,5.93205,1.52613485
cold,0,1,0,3e-05,0.05,512,3,5,4,256,6000,8.0,2633729,1,1,9974,1108,600013,7,1,42001,72,432.0,3.6,6.0156,1.53366601
cold,0,1,0,3e-05,0.05,512,3,5,4,256,6000,8.0,2633729,1,1,9974,1108,600013,7,1,42001,73,438.0,3.65,6.09915,1.54355836
cold,0,1,0,3e-05,0.05,512,3,5,4,256,6000,8.0,2633729,1,1,9974,1108,600013,7,1,42001,74,444.0,3.7,6.1827,1.55485678
cold,0,1,0,3e-05,0.05,512,3,5,4,256,6000,8.0,2633729,1,1,9974,1108,600013,7,1,42001,75,450.0,3.75,6.26625,1.56631923
cold,0,1,0,3e-05,0.05,512,3,5,4,256,6000,8.0,2633729,1,1,9974,1108,600013,7,1,42001,76,456.0,3.8,6.3498,1.57654154
cold,0,1,0,3e-05,0.05,512,3,5,4,256,6000,8.0,2633729,1,1,9974,1108,600013,7,1,42001,77,462.0,3.85,6.43335,1.58462942
cold,0,1,0,3e-05,0.05,512,3,5,4,256,6000,8.0,2633729,1,1,9974,1108,600013,7,1,42001,78,468.0,3.9,6.5169,1.59003699
cold,0,1,0,3e-05,0.05,512,3,5,4,256,6000,8.0,2633729,1,1,9974,1108,600013,7,1,42001,79,474.0,3.95,6.60045,1.59260523
cold,0,1,0,3e-05,0.05,512,3,5,4,256,6000,8.0,2633729,1,1,9974,1108,600013,7,1,42001,80,480.0,4.0,6.684,1.5936842
cold,0,1,0,3e-05,0.05,512,3,5,4,256,6000,8.0,2633729,1,1,9974,1108,600013,7,1,42001,81,486.0,4.05,6.76755,1.5958668
cold,0,1,0,3e-05,0.05,512,3,5,4,256,6000,8.0,2633729,1,1,9974,1108,600013,7,1,42001,82,492.0,4.1,6.8511,1.60111117
cold,0,1,0,3e-05,0.05,512,3,5,4,256,6000,8.0,2633729,1,1,9974,1108,600013,7,1,42001,83,498.0,4.15,6.93465,1.60969925
cold,0,1,0,3e-05,0.05,512,3,5,4,256,6000,8.0,2633729,1,1,9974,1108,600013,7,1,42001,84,504.0,4.2,7.0182,1.62027979
cold,0,1,0,3e-05,0.05,512,3,5,4,256,6000,8.0,2633729,1,1,9974,1108,600013,7,1,42001,85,510.0,4.25,7.10175,1.63066304
cold,0,1,0,3e-05,0.05,512,3,5,4,256,6000,8.0,2633729,1,1,9974,1108,600013,7,1,42001,86,516.0,4.3,7.1853,1.63884568
cold,0,1,0,3e-05,0.05,512,3,5,4,256,6000,8.0,2633729,1,1,9974,1108,600013,7,1,42001,87,522.0,4.35,7.26885,1.64373517
cold,0,1,0,3e-05,0.05,512,3,5,4,256,6000,8.0,2633729,1,1,9974,1108,600013,7,1,42001,88,528.0,4.4,7.3524,1.64541757
cold,0,1,0,3e-05,0.05,512,3,5,4,256,6000,8.0,2633729,1,1,9974,1108,600013,7,1,42001,89,534.0,4.45,7.43595,1.64541066
cold,0,1,0,3e-05,0.05,512,3,5,4,256,6000,8.0,2633729,1,1,9974,1108,600013,7,1,42001,90,540.0,4.5,7.5195,1.64610827
cold,0,1,0,3e-05,0.05,512,3,5,4,256,6000,8.0,2633729,1,1,9974,1108,600013,7,1,42001,91,546.0,4.55,7.60305,1.64893818
cold,0,1,0,3e-05,0.05,512,3,5,4,256,6000,8.0,2633729,1,1,9974,1108,600013,7,1,42001,92,552.0,4.6,7.6866,1.6536442
cold,0,1,0,3e-05,0.05,512,3,5,4,256,6000,8.0,2633729,1,1,9974,1108,600013,7,1,42001,93,558.0,4.65,7.77015,1.65900612
cold,0,1,0,3e-05,0.05,512,3,5,4,256,6000,8.0,2633729,1,1,9974,1108,600013,7,1,42001,94,564.0,4.7,7.8537,1.66412067
cold,0,1,0,3e-05,0.05,512,3,5,4,256,6000,8.0,2633729,1,1,9974,1108,600013,7,1,42001,95,570.0,4.75,7.93725,1.66869414
cold,0,1,0,3e-05,0.05,512,3,5,4,256,6000,8.0,2633729,1,1,9974,1108,600013,7,1,42001,96,576.0,4.8,8.0208,1.67292249
cold,0,1,0,3e-05,0.05,512,3,5,4,256,6000,8.0,2633729,1,1,9974,1108,600013,7,1,42001,97,582.0,4.85,8.10435,1.67728758
cold,0,1,0,3e-05,0.05,512,3,5,4,256,6000,8.0,2633729,1,1,9974,1108,600013,7,1,42001,98,588.0,4.9,8.1879,1.68168032
cold,0,1,0,3e-05,0.05,512,3,5,4,256,6000,8.0,2633729,1,1,9974,1108,600013,7,1,42001,99,594.0,4.95,8.27145,1.68552887
cold,0,1,0,3e-05,0.05,512,3,5,4,256,6000,8.0,2633729,1,1,9974,1108,600013,7,1,42001,100,600.0,5.0,8.355,1.68914318
cold,0,1,0,3e-05,0.05,512,3,5,4,256,6000,8.0,2633729,1,1,9974,1108,600013,7,1,42001,101,606.0,5.05,8.43855,1.69358289
cold,0,1,0,3e-05,0.05,512,3,5,4,256,6000,8.0,2633729,1,1,9974,1108,600013,7,1,42001,102,612.0,5.1,8.5221,1.69941747
cold,0,1,0,3e-05,0.05,512,3,5,4,256,6000,8.0,2633729,1,1,9974,1108,600013,7,1,42001,103,618.0,5.15,8.60565,1.70633721
cold,0,1,0,3e-05,0.05,512,3,5,4,256,6000,8.0,2633729,1,1,9974,1108,600013,7,1,42001,104,624.0,5.2,8.6892,1.71364963
cold,0,1,0,3e-05,0.05,512,3,5,4,256,6000,8.0,2633729,1,1,9974,1108,600013,7,1,42001,105,630.0,5.25,8.77275,1.72077572
cold,0,1,0,3e-05,0.05,512,3,5,4,256,6000,8.0,2633729,1,1,9974,1108,600013,7,1,42001,106,636.0,5.3,8.8563,1.72692049
cold,0,1,0,3e-05,0.05,512,3,5,4,256,6000,8.0,2633729,1,1,9974,1108,600013,7,1,42001,107,642.0,5.35,8.93985,1.73086476
cold,0,1,0,3e-05,0.05,512,3,5,4,256,6000,8.0,2633729,1,1,9974,1108,600013,7,1,42001,108,648.0,5.4,9.0234,1.7317425
cold,0,1,0,3e-05,0.05,512,3,5,4,256,6000,8.0,2633729,1,1,9974,1108,600013,7,1,42001,109,654.0,5.45,9.10695,1.73008597
cold,0,1,0,3e-05,0.05,512,3,5,4,256,6000,8.0,2633729,1,1,9974,1108,600013,7,1,42001,110,660.0,5.5,9.1905,1.72796667
cold,0,1,0,3e-05,0.05,512,3,5,4,256,6000,8.0,2633729,1,1,9974,1108,600013,7,1,42001,111,666.0,5.55,9.27405,1.72729993
cold,0,1,0,3e-05,0.05,512,3,5,4,256,6000,8.0,2633729,1,1,9974,1108,600013,7,1,42001,112,672.0,5.6,9.3576,1.72866011
cold,0,1,0,3e-05,0.05,512,3,5,4,256,6000,8.0,2633729,1,1,9974,1108,600013,7,1,42001,113,678.0,5.65,9.44115,1.73173916
cold,0,1,0,3e-05,0.05,512,3,5,4,256,6000,8.0,2633729,1,1,9974,1108,600013,7,1,42001,114,684.0,5.7,9.5247,1.73625469
cold,0,1,0,3e-05,0.05,512,3,5,4,256,6000,8.0,2633729,1,1,9974,1108,600013,7,1,42001,115,690.0,5.75,9.60825,1.7418865
cold,0,1,0,3e-05,0.05,512,3,5,4,256,6000,8.0,2633729,1,1,9974,1108,600013,7,1,42001,116,696.0,5.8,9.6918,1.7481699
cold,0,1,0,3e-05,0.05,512,3,5,4,256,6000,8.0,2633729,1,1,9974,1108,600013,7,1,42001,117,702.0,5.85,9.77535,1.75457454
cold,0,1,0,3e-05,0.05,512,3,5,4,256,6000,8.0,2633729,1,1,9974,1108,600013,7,1,42001,118,708.0,5.9,9.8589,1.76017904
cold,0,1,0,3e-05,0.05,512,3,5,4,256,6000,8.0,2633729,1,1,9974,1108,600013,7,1,42001,119,714.0,5.95,9.94245,1.76419938
cold,0,1,0,3e-05,0.05,512,3,5,4,256,6000,8.0,2633729,1,1,9974,1108,600013,7,1,42001,120,720.0,6.0,10.026,1.76716948
cold,0,1,0,3e-05,0.05,512,3,5,4,256,6000,8.0,2633729,1,1,9974,1108,600013,7,12,42012,1,6.0,0.05,0.08355,0.13702588
cold,0,1,0,3e-05,0.05,512,3,5,4,256,6000,8.0,2633729,1,1,9974,1108,600013,7,12,42012,2,12.0,0.1,0.1671,0.26085499
cold,0,1,0,3e-05,0.05,512,3,5,4,256,6000,8.0,2633729,1,1,9974,1108,600013,7,12,42012,3,18.0,0.15,0.25065,0.37105298
cold,0,1,0,3e-05,0.05,512,3,5,4,256,6000,8.0,2633729,1,1,9974,1108,600013,7,12,42012,4,24.0,0.2,0.3342,0.45950291
cold,0,1,0,3e-05,0.05,512,3,5,4,256,6000,8.0,2633729,1,1,9974,1108,600013,7,12,42012,5,30.0,0.25,0.41775,0.52326971
cold,0,1,0,3e-05,0.05,512,3,5,4,256,6000,8.0,2633729,1,1,9974,1108,600013,7,12,42012,6,36.0,0.3,0.5013,0.56781852
cold,0,1,0,3e-05,0.05,512,3,5,4,256,6000,8.0,2633729,1,1,9974,1108,600013,7,12,42012,7,42.0,0.35,0.58485,0.59950435
cold,0,1,0,3e-05,0.05,512,3,5,4,256,6000,8.0,2633729,1,1,9974,1108,600013,7,12,42012,8,48.0,0.4,0.6684,0.62278897
cold,0,1,0,3e-05,0.05,512,3,5,4,256,6000,8.0,2633729,1,1,9974,1108,600013,7,12,42012,9,54.0,0.45,0.75195,0.63961101
cold,0,1,0,3e-05,0.05,512,3,5,4,256,6000,8.0,2633729,1,1,9974,1108,600013,7,12,42012,10,60.0,0.5,0.8355,0.65160191
cold,0,1,0,3e-05,0.05,512,3,5,4,256,6000,8.0,2633729,1,1,9974,1108,600013,7,12,42012,11,66.0,0.55,0.91905,0.6612336
cold,0,1,0,3e-05,0.05,512,3,5,4,256,6000,8.0,2633729,1,1,9974,1108,600013,7,12,42012,12,72.0,0.6,1.0026,0.67093366
cold,0,1,0,3e-05,0.05,512,3,5,4,256,6000,8.0,2633729,1,1,9974,1108,600013,7,12,42012,13,78.0,0.65,1.08615,0.68188238
cold,0,1,0,3e-05,0.05,512,3,5,4,256,6000,8.0,2633729,1,1,9974,1108,600013,7,12,42012,14,84.0,0.7,1.1697,0.69406182
cold,0,1,0,3e-05,0.05,512,3,5,4,256,6000,8.0,2633729,1,1,9974,1108,600013,7,12,42012,15,90.0,0.75,1.25325,0.70693684
cold,0,1,0,3e-05,0.05,512,3,5,4,256,6000,8.0,2633729,1,1,9974,1108,600013,7,12,42012,16,96.0,0.8,1.3368,0.71957535
cold,0,1,0,3e-05,0.05,512,3,5,4,256,6000,8.0,2633729,1,1,9974,1108,600013,7,12,42012,17,102.0,0.85,1.42035,0.73067981
cold,0,1,0,3e-05,0.05,512,3,5,4,256,6000,8.0,2633729,1,1,9974,1108,600013,7,12,42012,18,108.0,0.9,1.5039,0.73920453
cold,0,1,0,3e-05,0.05,512,3,5,4,256,6000,8.0,2633729,1,1,9974,1108,600013,7,12,42012,19,114.0,0.95,1.58745,0.74522519
cold,0,1,0,3e-05,0.05,512,3,5,4,256,6000,8.0,2633729,1,1,9974,1108,600013,7,12,42012,20,120.0,1.0,1.671,0.7501483
cold,0,1,0,3e-05,0.05,512,3,5,4,256,6000,8.0,2633729,1,1,9974,1108,600013,7,12,42012,21,126.0,1.05,1.75455,0.75525379
cold,0,1,0,3e-05,0.05,512,3,5,4,256,6000,8.0,2633729,1,1,9974,1108,600013,7,12,42012,22,132.0,1.1,1.8381,0.76043659
cold,0,1,0,3e-05,0.05,512,3,5,4,256,6000,8.0,2633729,1,1,9974,1108,600013,7,12,42012,23,138.0,1.15,1.92165,0.76480746
cold,0,1,0,3e-05,0.05,512,3,5,4,256,6000,8.0,2633729,1,1,9974,1108,600013,7,12,42012,24,144.0,1.2,2.0052,0.76796007
cold,0,1,0,3e-05,0.05,512,3,5,4,256,6000,8.0,2633729,1,1,9974,1108,600013,7,12,42012,25,150.0,1.25,2.08875,0.77046156
cold,0,1,0,3e-05,0.05,512,3,5,4,256,6000,8.0,2633729,1,1,9974,1108,600013,7,12,42012,26,156.0,1.3,2.1723,0.77271414
cold,0,1,0,3e-05,0.05,512,3,5,4,256,6000,8.0,2633729,1,1,9974,1108,600013,7,12,42012,27,162.0,1.35,2.25585,0.77426422
cold,0,1,0,3e-05,0.05,512,3,5,4,256,6000,8.0,2633729,1,1,9974,1108,600013,7,12,42012,28,168.0,1.4,2.3394,0.77456832
cold,0,1,0,3e-05,0.05,512,3,5,4,256,6000,8.0,2633729,1,1,9974,1108,600013,7,12,42012,29,174.0,1.45,2.42295,0.77379632
cold,0,1,0,3e-05,0.05,512,3,5,4,256,6000,8.0,2633729,1,1,9974,1108,600013,7,12,42012,30,180.0,1.5,2.5065,0.77330071
cold,0,1,0,3e-05,0.05,512,3,5,4,256,6000,8.0,2633729,1,1,9974,1108,600013,7,12,42012,31,186.0,1.55,2.59005,0.77447361
cold,0,1,0,3e-05,0.05,512,3,5,4,256,6000,8.0,2633729,1,1,9974,1108,600013,7,12,42012,32,192.0,1.6,2.6736,0.7771098
cold,0,1,0,3e-05,0.05,512,3,5,4,256,6000,8.0,2633729,1,1,9974,1108,600013,7,12,42012,33,198.0,1.65,2.75715,0.779751
cold,0,1,0,3e-05,0.05,512,3,5,4,256,6000,8.0,2633729,1,1,9974,1108,600013,7,12,42012,34,204.0,1.7,2.8407,0.78135723
cold,0,1,0,3e-05,0.05,512,3,5,4,256,6000,8.0,2633729,1,1,9974,1108,600013,7,12,42012,35,210.0,1.75,2.92425,0.78173119
cold,0,1,0,3e-05,0.05,512,3,5,4,256,6000,8.0,2633729,1,1,9974,1108,600013,7,12,42012,36,216.0,1.8,3.0078,0.78125483
cold,0,1,0,3e-05,0.05,512,3,5,4,256,6000,8.0,2633729,1,1,9974,1108,600013,7,12,42012,37,222.0,1.85,3.09135,0.78076559
cold,0,1,0,3e-05,0.05,512,3,5,4,256,6000,8.0,2633729,1,1,9974,1108,600013,7,12,42012,38,228.0,1.9,3.1749,0.78061593
cold,0,1,0,3e-05,0.05,512,3,5,4,256,6000,8.0,2633729,1,1,9974,1108,600013,7,12,42012,39,234.0,1.95,3.25845,0.78034663
cold,0,1,0,3e-05,0.05,512,3,5,4,256,6000,8.0,2633729,1,1,9974,1108,600013,7,12,42012,40,240.0,2.0,3.342,0.77977842
cold,0,1,0,3e-05,0.05,512,3,5,4,256,6000,8.0,2633729,1,1,9974,1108,600013,7,12,42012,41,246.0,2.05,3.42555,0.77910924
cold,0,1,0,3e-05,0.05,512,3,5,4,256,6000,8.0,2633729,1,1,9974,1108,600013,7,12,42012,42,252.0,2.1,3.5091,0.77845633
cold,0,1,0,3e-05,0.05,512,3,5,4,256,6000,8.0,2633729,1,1,9974,1108,600013,7,12,42012,43,258.0,2.15,3.59265,0.77801901
cold,0,1,0,3e-05,0.05,512,3,5,4,256,6000,8.0,2633729,1,1,9974,1108,600013,7,12,42012,44,264.0,2.2,3.6762,0.77785867
cold,0,1,0,3e-05,0.05,512,3,5,4,256,6000,8.0,2633729,1,1,9974,1108,600013,7,12,42012,45,270.0,2.25,3.75975,0.77751791
cold,0,1,0,3e-05,0.05,512,3,5,4,256,6000,8.0,2633729,1,1,9974,1108,600013,7,12,42012,46,276.0,2.3,3.8433,0.77607781
cold,0,1,0,3e-05,0.05,512,3,5,4,256,6000,8.0,2633729,1,1,9974,1108,600013,7,12,42012,47,282.0,2.35,3.92685,0.77277398
cold,0,1,0,3e-05,0.05,512,3,5,4,256,6000,8.0,2633729,1,1,9974,1108,600013,7,12,42012,48,288.0,2.4,4.0104,0.76768255
cold,0,1,0,3e-05,0.05,512,3,5,4,256,6000,8.0,2633729,1,1,9974,1108,600013,7,12,42012,49,294.0,2.45,4.09395,0.76210088
cold,0,1,0,3e-05,0.05,512,3,5,4,256,6000,8.0,2633729,1,1,9974,1108,600013,7,12,42012,50,300.0,2.5,4.1775,0.75809067
cold,0,1,0,3e-05,0.05,512,3,5,4,256,6000,8.0,2633729,1,1,9974,1108,600013,7,12,42012,51,306.0,2.55,4.26105,0.75648463
cold,0,1,0,3e-05,0.05,512,3,5,4,256,6000,8.0,2633729,1,1,9974,1108,600013,7,12,42012,52,312.0,2.6,4.3446,0.75592077
cold,0,1,0,3e-05,0.05,512,3,5,4,256,6000,8.0,2633729,1,1,9974,1108,600013,7,12,42012,53,318.0,2.65,4.42815,0.75454593
cold,0,1,0,3e-05,0.05,512,3,5,4,256,6000,8.0,2633729,1,1,9974,1108,600013,7,12,42012,54,324.0,2.7,4.5117,0.7521314
cold,0,1,0,3e-05,0.05,512,3,5,4,256,6000,8.0,2633729,1,1,9974,1108,600013,7,12,42012,55,330.0,2.75,4.59525,0.7496751
cold,0,1,0,3e-05,0.05,512,3,5,4,256,6000,8.0,2633729,1,1,9974,1108,600013,7,12,42012,56,336.0,2.8,4.6788,0.74806857
cold,0,1,0,3e-05,0.05,512,3,5,4,256,6000,8.0,2633729,1,1,9974,1108,600013,7,12,42012,57,342.0,2.85,4.76235,0.74741542
cold,0,1,0,3e-05,0.05,512,3,5,4,256,6000,8.0,2633729,1,1,9974,1108,600013,7,12,42012,58,348.0,2.9,4.8459,0.74670309
cold,0,1,0,3e-05,0.05,512,3,5,4,256,6000,8.0,2633729,1,1,9974,1108,600013,7,12,42012,59,354.0,2.95,4.92945,0.74491847
cold,0,1,0,3e-05,0.05,512,3,5,4,256,6000,8.0,2633729,1,1,9974,1108,600013,7,12,42012,60,360.0,3.0,5.013,0.74233633
cold,0,1,0,3e-05,0.05,512,3,5,4,256,6000,8.0,2633729,1,1,9974,1108,600013,7,12,42012,61,366.0,3.05,5.09655,0.73988789
cold,0,1,0,3e-05,0.05,512,3,5,4,256,6000,8.0,2633729,1,1,9974,1108,600013,7,12,42012,62,372.0,3.1,5.1801,0.73829913
cold,0,1,0,3e-05,0.05,512,3,5,4,256,6000,8.0,2633729,1,1,9974,1108,600013,7,12,42012,63,378.0,3.15,5.26365,0.73799777
cold,0,1,0,3e-05,0.05,512,3,5,4,256,6000,8.0,2633729,1,1,9974,1108,600013,7,12,42012,64,384.0,3.2,5.3472,0.73872846
cold,0,1,0,3e-05,0.05,512,3,5,4,256,6000,8.0,2633729,1,1,9974,1108,600013,7,12,42012,65,390.0,3.25,5.43075,0.73943573
cold,0,1,0,3e-05,0.05,512,3,5,4,256,6000,8.0,2633729,1,1,9974,1108,600013,7,12,42012,66,396.0,3.3,5.5143,0.73891699
cold,0,1,0,3e-05,0.05,512,3,5,4,256,6000,8.0,2633729,1,1,9974,1108,600013,7,12,42012,67,402.0,3.35,5.59785,0.73652697
cold,0,1,0,3e-05,0.05,512,3,5,4,256,6000,8.0,2633729,1,1,9974,1108,600013,7,12,42012,68,408.0,3.4,5.6814,0.73258656
cold,0,1,0,3e-05,0.05,512,3,5,4,256,6000,8.0,2633729,1,1,9974,1108,600013,7,12,42012,69,414.0,3.45,5.76495,0.72836322
cold,0,1,0,3e-05,0.05,512,3,5,4,256,6000,8.0,2633729,1,1,9974,1108,600013,7,12,42012,70,420.0,3.5,5.8485,0.72532082
cold,0,1,0,3e-05,0.05,512,3,5,4,256,6000,8.0,2633729,1,1,9974,1108,600013,7,12,42012,71,426.0,3.55,5.93205,0.72387248
cold,0,1,0,3e-05,0.05,512,3,5,4,256,6000,8.0,2633729,1,1,9974,1108,600013,7,12,42012,72,432.0,3.6,6.0156,0.72325331
cold,0,1,0,3e-05,0.05,512,3,5,4,256,6000,8.0,2633729,1,1,9974,1108,600013,7,12,42012,73,438.0,3.65,6.09915,0.72260457
cold,0,1,0,3e-05,0.05,512,3,5,4,256,6000,8.0,2633729,1,1,9974,1108,600013,7,12,42012,74,444.0,3.7,6.1827,0.72192872
cold,0,1,0,3e-05,0.05,512,3,5,4,256,6000,8.0,2633729,1,1,9974,1108,600013,7,12,42012,75,450.0,3.75,6.26625,0.72157687
cold,0,1,0,3e-05,0.05,512,3,5,4,256,6000,8.0,2633729,1,1,9974,1108,600013,7,12,42012,76,456.0,3.8,6.3498,0.72159994
cold,0,1,0,3e-05,0.05,512,3,5,4,256,6000,8.0,2633729,1,1,9974,1108,600013,7,12,42012,77,462.0,3.85,6.43335,0.72165805
cold,0,1,0,3e-05,0.05,512,3,5,4,256,6000,8.0,2633729,1,1,9974,1108,600013,7,12,42012,78,468.0,3.9,6.5169,0.7209872
cold,0,1,0,3e-05,0.05,512,3,5,4,256,6000,8.0,2633729,1,1,9974,1108,600013,7,12,42012,79,474.0,3.95,6.60045,0.71905112
cold,0,1,0,3e-05,0.05,512,3,5,4,256,6000,8.0,2633729,1,1,9974,1108,600013,7,12,42012,80,480.0,4.0,6.684,0.71667051
cold,0,1,0,3e-05,0.05,512,3,5,4,256,6000,8.0,2633729,1,1,9974,1108,600013,7,12,42012,81,486.0,4.05,6.76755,0.71548873
cold,0,1,0,3e-05,0.05,512,3,5,4,256,6000,8.0,2633729,1,1,9974,1108,600013,7,12,42012,82,492.0,4.1,6.8511,0.71622896
cold,0,1,0,3e-05,0.05,512,3,5,4,256,6000,8.0,2633729,1,1,9974,1108,600013,7,12,42012,83,498.0,4.15,6.93465,0.71829444
cold,0,1,0,3e-05,0.05,512,3,5,4,256,6000,8.0,2633729,1,1,9974,1108,600013,7,12,42012,84,504.0,4.2,7.0182,0.72044003
cold,0,1,0,3e-05,0.05,512,3,5,4,256,6000,8.0,2633729,1,1,9974,1108,600013,7,12,42012,85,510.0,4.25,7.10175,0.72159982
cold,0,1,0,3e-05,0.05,512,3,5,4,256,6000,8.0,2633729,1,1,9974,1108,600013,7,12,42012,86,516.0,4.3,7.1853,0.72132057
cold,0,1,0,3e-05,0.05,512,3,5,4,256,6000,8.0,2633729,1,1,9974,1108,600013,7,12,42012,87,522.0,4.35,7.26885,0.71959937
cold,0,1,0,3e-05,0.05,512,3,5,4,256,6000,8.0,2633729,1,1,9974,1108,600013,7,12,42012,88,528.0,4.4,7.3524,0.71670347
cold,0,1,0,3e-05,0.05,512,3,5,4,256,6000,8.0,2633729,1,1,9974,1108,600013,7,12,42012,89,534.0,4.45,7.43595,0.71328855
cold,0,1,0,3e-05,0.05,512,3,5,4,256,6000,8.0,2633729,1,1,9974,1108,600013,7,12,42012,90,540.0,4.5,7.5195,0.71055925
cold,0,1,0,3e-05,0.05,512,3,5,4,256,6000,8.0,2633729,1,1,9974,1108,600013,7,12,42012,91,546.0,4.55,7.60305,0.70940721
cold,0,1,0,3e-05,0.05,512,3,5,4,256,6000,8.0,2633729,1,1,9974,1108,600013,7,12,42012,92,552.0,4.6,7.6866,0.70965457
cold,0,1,0,3e-05,0.05,512,3,5,4,256,6000,8.0,2633729,1,1,9974,1108,600013,7,12,42012,93,558.0,4.65,7.77015,0.71062613
cold,0,1,0,3e-05,0.05,512,3,5,4,256,6000,8.0,2633729,1,1,9974,1108,600013,7,12,42012,94,564.0,4.7,7.8537,0.71201712
cold,0,1,0,3e-05,0.05,512,3,5,4,256,6000,8.0,2633729,1,1,9974,1108,600013,7,12,42012,95,570.0,4.75,7.93725,0.71355051
cold,0,1,0,3e-05,0.05,512,3,5,4,256,6000,8.0,2633729,1,1,9974,1108,600013,7,12,42012,96,576.0,4.8,8.0208,0.71478957
cold,0,1,0,3e-05,0.05,512,3,5,4,256,6000,8.0,2633729,1,1,9974,1108,600013,7,12,42012,97,582.0,4.85,8.10435,0.71554977
cold,0,1,0,3e-05,0.05,512,3,5,4,256,6000,8.0,2633729,1,1,9974,1108,600013,7,12,42012,98,588.0,4.9,8.1879,0.71569425
cold,0,1,0,3e-05,0.05,512,3,5,4,256,6000,8.0,2633729,1,1,9974,1108,600013,7,12,42012,99,594.0,4.95,8.27145,0.7150932
cold,0,1,0,3e-05,0.05,512,3,5,4,256,6000,8.0,2633729,1,1,9974,1108,600013,7,12,42012,100,600.0,5.0,8.355,0.71431607
cold,0,1,0,3e-05,0.05,512,3,5,4,256,6000,8.0,2633729,1,1,9974,1108,600013,7,12,42012,101,606.0,5.05,8.43855,0.71419853
cold,0,1,0,3e-05,0.05,512,3,5,4,256,6000,8.0,2633729,1,1,9974,1108,600013,7,12,42012,102,612.0,5.1,8.5221,0.71497506
cold,0,1,0,3e-05,0.05,512,3,5,4,256,6000,8.0,2633729,1,1,9974,1108,600013,7,12,42012,103,618.0,5.15,8.60565,0.71650726
cold,0,1,0,3e-05,0.05,512,3,5,4,256,6000,8.0,2633729,1,1,9974,1108,600013,7,12,42012,104,624.0,5.2,8.6892,0.71858066
cold,0,1,0,3e-05,0.05,512,3,5,4,256,6000,8.0,2633729,1,1,9974,1108,600013,7,12,42012,105,630.0,5.25,8.77275,0.72091329
cold,0,1,0,3e-05,0.05,512,3,5,4,256,6000,8.0,2633729,1,1,9974,1108,600013,7,12,42012,106,636.0,5.3,8.8563,0.72293955
cold,0,1,0,3e-05,0.05,512,3,5,4,256,6000,8.0,2633729,1,1,9974,1108,600013,7,12,42012,107,642.0,5.35,8.93985,0.72374445
cold,0,1,0,3e-05,0.05,512,3,5,4,256,6000,8.0,2633729,1,1,9974,1108,600013,7,12,42012,108,648.0,5.4,9.0234,0.7226308
cold,0,1,0,3e-05,0.05,512,3,5,4,256,6000,8.0,2633729,1,1,9974,1108,600013,7,12,42012,109,654.0,5.45,9.10695,0.72004902
cold,0,1,0,3e-05,0.05,512,3,5,4,256,6000,8.0,2633729,1,1,9974,1108,600013,7,12,42012,110,660.0,5.5,9.1905,0.71772563
cold,0,1,0,3e-05,0.05,512,3,5,4,256,6000,8.0,2633729,1,1,9974,1108,600013,7,12,42012,111,666.0,5.55,9.27405,0.717004
cold,0,1,0,3e-05,0.05,512,3,5,4,256,6000,8.0,2633729,1,1,9974,1108,600013,7,12,42012,112,672.0,5.6,9.3576,0.71770018
cold,0,1,0,3e-05,0.05,512,3,5,4,256,6000,8.0,2633729,1,1,9974,1108,600013,7,12,42012,113,678.0,5.65,9.44115,0.71883017
cold,0,1,0,3e-05,0.05,512,3,5,4,256,6000,8.0,2633729,1,1,9974,1108,600013,7,12,42012,114,684.0,5.7,9.5247,0.71995294
cold,0,1,0,3e-05,0.05,512,3,5,4,256,6000,8.0,2633729,1,1,9974,1108,600013,7,12,42012,115,690.0,5.75,9.60825,0.72121143
cold,0,1,0,3e-05,0.05,512,3,5,4,256,6000,8.0,2633729,1,1,9974,1108,600013,7,12,42012,116,696.0,5.8,9.6918,0.72271138
cold,0,1,0,3e-05,0.05,512,3,5,4,256,6000,8.0,2633729,1,1,9974,1108,600013,7,12,42012,117,702.0,5.85,9.77535,0.72416604
cold,0,1,0,3e-05,0.05,512,3,5,4,256,6000,8.0,2633729,1,1,9974,1108,600013,7,12,42012,118,708.0,5.9,9.8589,0.72487944
cold,0,1,0,3e-05,0.05,512,3,5,4,256,6000,8.0,2633729,1,1,9974,1108,600013,7,12,42012,119,714.0,5.95,9.94245,0.72448874
cold,0,1,0,3e-05,0.05,512,3,5,4,256,6000,8.0,2633729,1,1,9974,1108,600013,7,12,42012,120,720.0,6.0,10.026,0.72368497
cold,0,1,0,3e-05,0.05,512,3,5,4,256,6000,8.0,2633729,1,1,9974,1108,600013,7,54,42054,1,6.0,0.05,0.08355,0.09246483
cold,0,1,0,3e-05,0.05,512,3,5,4,256,6000,8.0,2633729,1,1,9974,1108,600013,7,54,42054,2,12.0,0.1,0.1671,0.17659777
cold,0,1,0,3e-05,0.05,512,3,5,4,256,6000,8.0,2633729,1,1,9974,1108,600013,7,54,42054,3,18.0,0.15,0.25065,0.26078296
cold,0,1,0,3e-05,0.05,512,3,5,4,256,6000,8.0,2633729,1,1,9974,1108,600013,7,54,42054,4,24.0,0.2,0.3342,0.33418271
cold,0,1,0,3e-05,0.05,512,3,5,4,256,6000,8.0,2633729,1,1,9974,1108,600013,7,54,42054,5,30.0,0.25,0.41775,0.39208403
cold,0,1,0,3e-05,0.05,512,3,5,4,256,6000,8.0,2633729,1,1,9974,1108,600013,7,54,42054,6,36.0,0.3,0.5013,0.43813401
cold,0,1,0,3e-05,0.05,512,3,5,4,256,6000,8.0,2633729,1,1,9974,1108,600013,7,54,42054,7,42.0,0.35,0.58485,0.47748712
cold,0,1,0,3e-05,0.05,512,3,5,4,256,6000,8.0,2633729,1,1,9974,1108,600013,7,54,42054,8,48.0,0.4,0.6684,0.51289243
cold,0,1,0,3e-05,0.05,512,3,5,4,256,6000,8.0,2633729,1,1,9974,1108,600013,7,54,42054,9,54.0,0.45,0.75195,0.54440987
cold,0,1,0,3e-05,0.05,512,3,5,4,256,6000,8.0,2633729,1,1,9974,1108,600013,7,54,42054,10,60.0,0.5,0.8355,0.5713979
cold,0,1,0,3e-05,0.05,512,3,5,4,256,6000,8.0,2633729,1,1,9974,1108,600013,7,54,42054,11,66.0,0.55,0.91905,0.5935964
cold,0,1,0,3e-05,0.05,512,3,5,4,256,6000,8.0,2633729,1,1,9974,1108,600013,7,54,42054,12,72.0,0.6,1.0026,0.61150873
cold,0,1,0,3e-05,0.05,512,3,5,4,256,6000,8.0,2633729,1,1,9974,1108,600013,7,54,42054,13,78.0,0.65,1.08615,0.6263032
cold,0,1,0,3e-05,0.05,512,3,5,4,256,6000,8.0,2633729,1,1,9974,1108,600013,7,54,42054,14,84.0,0.7,1.1697,0.63942897
cold,0,1,0,3e-05,0.05,512,3,5,4,256,6000,8.0,2633729,1,1,9974,1108,600013,7,54,42054,15,90.0,0.75,1.25325,0.65210205
cold,0,1,0,3e-05,0.05,512,3,5,4,256,6000,8.0,2633729,1,1,9974,1108,600013,7,54,42054,16,96.0,0.8,1.3368,0.66449714
cold,0,1,0,3e-05,0.05,512,3,5,4,256,6000,8.0,2633729,1,1,9974,1108,600013,7,54,42054,17,102.0,0.85,1.42035,0.67574894
cold,0,1,0,3e-05,0.05,512,3,5,4,256,6000,8.0,2633729,1,1,9974,1108,600013,7,54,42054,18,108.0,0.9,1.5039,0.68500233
cold,0,1,0,3e-05,0.05,512,3,5,4,256,6000,8.0,2633729,1,1,9974,1108,600013,7,54,42054,19,114.0,0.95,1.58745,0.69246036
cold,0,1,0,3e-05,0.05,512,3,5,4,256,6000,8.0,2633729,1,1,9974,1108,600013,7,54,42054,20,120.0,1.0,1.671,0.69912565
cold,0,1,0,3e-05,0.05,512,3,5,4,256,6000,8.0,2633729,1,1,9974,1108,600013,7,54,42054,21,126.0,1.05,1.75455,0.70577472
cold,0,1,0,3e-05,0.05,512,3,5,4,256,6000,8.0,2633729,1,1,9974,1108,600013,7,54,42054,22,132.0,1.1,1.8381,0.71278948
cold,0,1,0,3e-05,0.05,512,3,5,4,256,6000,8.0,2633729,1,1,9974,1108,600013,7,54,42054,23,138.0,1.15,1.92165,0.7199223
cold,0,1,0,3e-05,0.05,512,3,5,4,256,6000,8.0,2633729,1,1,9974,1108,600013,7,54,42054,24,144.0,1.2,2.0052,0.72597855
cold,0,1,0,3e-05,0.05,512,3,5,4,256,6000,8.0,2633729,1,1,9974,1108,600013,7,54,42054,25,150.0,1.25,2.08875,0.73002297
cold,0,1,0,3e-05,0.05,512,3,5,4,256,6000,8.0,2633729,1,1,9974,1108,600013,7,54,42054,26,156.0,1.3,2.1723,0.7318573
cold,0,1,0,3e-05,0.05,512,3,5,4,256,6000,8.0,2633729,1,1,9974,1108,600013,7,54,42054,27,162.0,1.35,2.25585,0.73149467
cold,0,1,0,3e-05,0.05,512,3,5,4,256,6000,8.0,2633729,1,1,9974,1108,600013,7,54,42054,28,168.0,1.4,2.3394,0.72947425
cold,0,1,0,3e-05,0.05,512,3,5,4,256,6000,8.0,2633729,1,1,9974,1108,600013,7,54,42054,29,174.0,1.45,2.42295,0.72741818
cold,0,1,0,3e-05,0.05,512,3,5,4,256,6000,8.0,2633729,1,1,9974,1108,600013,7,54,42054,30,180.0,1.5,2.5065,0.72791332
cold,0,1,0,3e-05,0.05,512,3,5,4,256,6000,8.0,2633729,1,1,9974,1108,600013,7,54,42054,31,186.0,1.55,2.59005,0.73266256
cold,0,1,0,3e-05,0.05,512,3,5,4,256,6000,8.0,2633729,1,1,9974,1108,600013,7,54,42054,32,192.0,1.6,2.6736,0.74094385
cold,0,1,0,3e-05,0.05,512,3,5,4,256,6000,8.0,2633729,1,1,9974,1108,600013,7,54,42054,33,198.0,1.65,2.75715,0.75054979
cold,0,1,0,3e-05,0.05,512,3,5,4,256,6000,8.0,2633729,1,1,9974,1108,600013,7,54,42054,34,204.0,1.7,2.8407,0.75970423
cold,0,1,0,3e-05,0.05,512,3,5,4,256,6000,8.0,2633729,1,1,9974,1108,600013,7,54,42054,35,210.0,1.75,2.92425,0.76727778
cold,0,1,0,3e-05,0.05,512,3,5,4,256,6000,8.0,2633729,1,1,9974,1108,600013,7,54,42054,36,216.0,1.8,3.0078,0.77254754
cold,0,1,0,3e-05,0.05,512,3,5,4,256,6000,8.0,2633729,1,1,9974,1108,600013,7,54,42054,37,222.0,1.85,3.09135,0.77564627
cold,0,1,0,3e-05,0.05,512,3,5,4,256,6000,8.0,2633729,1,1,9974,1108,600013,7,54,42054,38,228.0,1.9,3.1749,0.77705806
cold,0,1,0,3e-05,0.05,512,3,5,4,256,6000,8.0,2633729,1,1,9974,1108,600013,7,54,42054,39,234.0,1.95,3.25845,0.77740747
cold,0,1,0,3e-05,0.05,512,3,5,4,256,6000,8.0,2633729,1,1,9974,1108,600013,7,54,42054,40,240.0,2.0,3.342,0.77795076
cold,0,1,0,3e-05,0.05,512,3,5,4,256,6000,8.0,2633729,1,1,9974,1108,600013,7,54,42054,41,246.0,2.05,3.42555,0.77935392
cold,0,1,0,3e-05,0.05,512,3,5,4,256,6000,8.0,2633729,1,1,9974,1108,600013,7,54,42054,42,252.0,2.1,3.5091,0.78072196
cold,0,1,0,3e-05,0.05,512,3,5,4,256,6000,8.0,2633729,1,1,9974,1108,600013,7,54,42054,43,258.0,2.15,3.59265,0.78136224
cold,0,1,0,3e-05,0.05,512,3,5,4,256,6000,8.0,2633729,1,1,9974,1108,600013,7,54,42054,44,264.0,2.2,3.6762,0.78209221
cold,0,1,0,3e-05,0.05,512,3,5,4,256,6000,8.0,2633729,1,1,9974,1108,600013,7,54,42054,45,270.0,2.25,3.75975,0.78391474
cold,0,1,0,3e-05,0.05,512,3,5,4,256,6000,8.0,2633729,1,1,9974,1108,600013,7,54,42054,46,276.0,2.3,3.8433,0.78662425
cold,0,1,0,3e-05,0.05,512,3,5,4,256,6000,8.0,2633729,1,1,9974,1108,600013,7,54,42054,47,282.0,2.35,3.92685,0.78912473
cold,0,1,0,3e-05,0.05,512,3,5,4,256,6000,8.0,2633729,1,1,9974,1108,600013,7,54,42054,48,288.0,2.4,4.0104,0.79022872
cold,0,1,0,3e-05,0.05,512,3,5,4,256,6000,8.0,2633729,1,1,9974,1108,600013,7,54,42054,49,294.0,2.45,4.09395,0.78960228
cold,0,1,0,3e-05,0.05,512,3,5,4,256,6000,8.0,2633729,1,1,9974,1108,600013,7,54,42054,50,300.0,2.5,4.1775,0.78865308
cold,0,1,0,3e-05,0.05,512,3,5,4,256,6000,8.0,2633729,1,1,9974,1108,600013,7,54,42054,51,306.0,2.55,4.26105,0.7894693
cold,0,1,0,3e-05,0.05,512,3,5,4,256,6000,8.0,2633729,1,1,9974,1108,600013,7,54,42054,52,312.0,2.6,4.3446,0.79286808
cold,0,1,0,3e-05,0.05,512,3,5,4,256,6000,8.0,2633729,1,1,9974,1108,600013,7,54,42054,53,318.0,2.65,4.42815,0.79787093
cold,0,1,0,3e-05,0.05,512,3,5,4,256,6000,8.0,2633729,1,1,9974,1108,600013,7,54,42054,54,324.0,2.7,4.5117,0.80279374
cold,0,1,0,3e-05,0.05,512,3,5,4,256,6000,8.0,2633729,1,1,9974,1108,600013,7,54,42054,55,330.0,2.75,4.59525,0.80609512
cold,0,1,0,3e-05,0.05,512,3,5,4,256,6000,8.0,2633729,1,1,9974,1108,600013,7,54,42054,56,336.0,2.8,4.6788,0.80728251
cold,0,1,0,3e-05,0.05,512,3,5,4,256,6000,8.0,2633729,1,1,9974,1108,600013,7,54,42054,57,342.0,2.85,4.76235,0.80759001
cold,0,1,0,3e-05,0.05,512,3,5,4,256,6000,8.0,2633729,1,1,9974,1108,600013,7,54,42054,58,348.0,2.9,4.8459,0.80824769
cold,0,1,0,3e-05,0.05,512,3,5,4,256,6000,8.0,2633729,1,1,9974,1108,600013,7,54,42054,59,354.0,2.95,4.92945,0.80922854
cold,0,1,0,3e-05,0.05,512,3,5,4,256,6000,8.0,2633729,1,1,9974,1108,600013,7,54,42054,60,360.0,3.0,5.013,0.81029457
cold,0,1,0,3e-05,0.05,512,3,5,4,256,6000,8.0,2633729,1,1,9974,1108,600013,7,54,42054,61,366.0,3.05,5.09655,0.81119281
cold,0,1,0,3e-05,0.05,512,3,5,4,256,6000,8.0,2633729,1,1,9974,1108,600013,7,54,42054,62,372.0,3.1,5.1801,0.81165111
cold,0,1,0,3e-05,0.05,512,3,5,4,256,6000,8.0,2633729,1,1,9974,1108,600013,7,54,42054,63,378.0,3.15,5.26365,0.81222278
cold,0,1,0,3e-05,0.05,512,3,5,4,256,6000,8.0,2633729,1,1,9974,1108,600013,7,54,42054,64,384.0,3.2,5.3472,0.8138997
cold,0,1,0,3e-05,0.05,512,3,5,4,256,6000,8.0,2633729,1,1,9974,1108,600013,7,54,42054,65,390.0,3.25,5.43075,0.81666225
cold,0,1,0,3e-05,0.05,512,3,5,4,256,6000,8.0,2633729,1,1,9974,1108,600013,7,54,42054,66,396.0,3.3,5.5143,0.81907701
cold,0,1,0,3e-05,0.05,512,3,5,4,256,6000,8.0,2633729,1,1,9974,1108,600013,7,54,42054,67,402.0,3.35,5.59785,0.81950152
cold,0,1,0,3e-05,0.05,512,3,5,4,256,6000,8.0,2633729,1,1,9974,1108,600013,7,54,42054,68,408.0,3.4,5.6814,0.81760937
cold,0,1,0,3e-05,0.05,512,3,5,4,256,6000,8.0,2633729,1,1,9974,1108,600013,7,54,42054,69,414.0,3.45,5.76495,0.81491226
cold,0,1,0,3e-05,0.05,512,3,5,4,256,6000,8.0,2633729,1,1,9974,1108,600013,7,54,42054,70,420.0,3.5,5.8485,0.8137207
cold,0,1,0,3e-05,0.05,512,3,5,4,256,6000,8.0,2633729,1,1,9974,1108,600013,7,54,42054,71,426.0,3.55,5.93205,0.81496882
cold,0,1,0,3e-05,0.05,512,3,5,4,256,6000,8.0,2633729,1,1,9974,1108,600013,7,54,42054,72,432.0,3.6,6.0156,0.81752813
cold,0,1,0,3e-05,0.05,512,3,5,4,256,6000,8.0,2633729,1,1,9974,1108,600013,7,54,42054,73,438.0,3.65,6.09915,0.81966138
cold,0,1,0,3e-05,0.05,512,3,5,4,256,6000,8.0,2633729,1,1,9974,1108,600013,7,54,42054,74,444.0,3.7,6.1827,0.82064599
cold,0,1,0,3e-05,0.05,512,3,5,4,256,6000,8.0,2633729,1,1,9974,1108,600013,7,54,42054,75,450.0,3.75,6.26625,0.82059693
cold,0,1,0,3e-05,0.05,512,3,5,4,256,6000,8.0,2633729,1,1,9974,1108,600013,7,54,42054,76,456.0,3.8,6.3498,0.8200779
cold,0,1,0,3e-05,0.05,512,3,5,4,256,6000,8.0,2633729,1,1,9974,1108,600013,7,54,42054,77,462.0,3.85,6.43335,0.82003671
cold,0,1,0,3e-05,0.05,512,3,5,4,256,6000,8.0,2633729,1,1,9974,1108,600013,7,54,42054,78,468.0,3.9,6.5169,0.82080448
cold,0,1,0,3e-05,0.05,512,3,5,4,256,6000,8.0,2633729,1,1,9974,1108,600013,7,54,42054,79,474.0,3.95,6.60045,0.82182419
cold,0,1,0,3e-05,0.05,512,3,5,4,256,6000,8.0,2633729,1,1,9974,1108,600013,7,54,42054,80,480.0,4.0,6.684,0.8226431
cold,0,1,0,3e-05,0.05,512,3,5,4,256,6000,8.0,2633729,1,1,9974,1108,600013,7,54,42054,81,486.0,4.05,6.76755,0.82346159
cold,0,1,0,3e-05,0.05,512,3,5,4,256,6000,8.0,2633729,1,1,9974,1108,600013,7,54,42054,82,492.0,4.1,6.8511,0.82502383
cold,0,1,0,3e-05,0.05,512,3,5,4,256,6000,8.0,2633729,1,1,9974,1108,600013,7,54,42054,83,498.0,4.15,6.93465,0.82779449
cold,0,1,0,3e-05,0.05,512,3,5,4,256,6000,8.0,2633729,1,1,9974,1108,600013,7,54,42054,84,504.0,4.2,7.0182,0.83105659
cold,0,1,0,3e-05,0.05,512,3,5,4,256,6000,8.0,2633729,1,1,9974,1108,600013,7,54,42054,85,510.0,4.25,7.10175,0.83351022
cold,0,1,0,3e-05,0.05,512,3,5,4,256,6000,8.0,2633729,1,1,9974,1108,600013,7,54,42054,86,516.0,4.3,7.1853,0.83434516
cold,0,1,0,3e-05,0.05,512,3,5,4,256,6000,8.0,2633729,1,1,9974,1108,600013,7,54,42054,87,522.0,4.35,7.26885,0.83342057
cold,0,1,0,3e-05,0.05,512,3,5,4,256,6000,8.0,2633729,1,1,9974,1108,600013,7,54,42054,88,528.0,4.4,7.3524,0.83118153
cold,0,1,0,3e-05,0.05,512,3,5,4,256,6000,8.0,2633729,1,1,9974,1108,600013,7,54,42054,89,534.0,4.45,7.43595,0.82843518
cold,0,1,0,3e-05,0.05,512,3,5,4,256,6000,8.0,2633729,1,1,9974,1108,600013,7,54,42054,90,540.0,4.5,7.5195,0.82628495
cold,0,1,0,3e-05,0.05,512,3,5,4,256,6000,8.0,2633729,1,1,9974,1108,600013,7,54,42054,91,546.0,4.55,7.60305,0.82576704
cold,0,1,0,3e-05,0.05,512,3,5,4,256,6000,8.0,2633729,1,1,9974,1108,600013,7,54,42054,92,552.0,4.6,7.6866,0.8266511
cold,0,1,0,3e-05,0.05,512,3,5,4,256,6000,8.0,2633729,1,1,9974,1108,600013,7,54,42054,93,558.0,4.65,7.77015,0.82740837
cold,0,1,0,3e-05,0.05,512,3,5,4,256,6000,8.0,2633729,1,1,9974,1108,600013,7,54,42054,94,564.0,4.7,7.8537,0.82720959
cold,0,1,0,3e-05,0.05,512,3,5,4,256,6000,8.0,2633729,1,1,9974,1108,600013,7,54,42054,95,570.0,4.75,7.93725,0.82675761
cold,0,1,0,3e-05,0.05,512,3,5,4,256,6000,8.0,2633729,1,1,9974,1108,600013,7,54,42054,96,576.0,4.8,8.0208,0.82668585
cold,0,1,0,3e-05,0.05,512,3,5,4,256,6000,8.0,2633729,1,1,9974,1108,600013,7,54,42054,97,582.0,4.85,8.10435,0.82663554
cold,0,1,0,3e-05,0.05,512,3,5,4,256,6000,8.0,2633729,1,1,9974,1108,600013,7,54,42054,98,588.0,4.9,8.1879,0.8258124
cold,0,1,0,3e-05,0.05,512,3,5,4,256,6000,8.0,2633729,1,1,9974,1108,600013,7,54,42054,99,594.0,4.95,8.27145,0.82383484
cold,0,1,0,3e-05,0.05,512,3,5,4,256,6000,8.0,2633729,1,1,9974,1108,600013,7,54,42054,100,600.0,5.0,8.355,0.82140267
cold,0,1,0,3e-05,0.05,512,3,5,4,256,6000,8.0,2633729,1,1,9974,1108,600013,7,54,42054,101,606.0,5.05,8.43855,0.82001787
cold,0,1,0,3e-05,0.05,512,3,5,4,256,6000,8.0,2633729,1,1,9974,1108,600013,7,54,42054,102,612.0,5.1,8.5221,0.82082975
cold,0,1,0,3e-05,0.05,512,3,5,4,256,6000,8.0,2633729,1,1,9974,1108,600013,7,54,42054,103,618.0,5.15,8.60565,0.82395905
cold,0,1,0,3e-05,0.05,512,3,5,4,256,6000,8.0,2633729,1,1,9974,1108,600013,7,54,42054,104,624.0,5.2,8.6892,0.82858169
cold,0,1,0,3e-05,0.05,512,3,5,4,256,6000,8.0,2633729,1,1,9974,1108,600013,7,54,42054,105,630.0,5.25,8.77275,0.83284783
cold,0,1,0,3e-05,0.05,512,3,5,4,256,6000,8.0,2633729,1,1,9974,1108,600013,7,54,42054,106,636.0,5.3,8.8563,0.83473021
cold,0,1,0,3e-05,0.05,512,3,5,4,256,6000,8.0,2633729,1,1,9974,1108,600013,7,54,42054,107,642.0,5.35,8.93985,0.83366334
cold,0,1,0,3e-05,0.05,512,3,5,4,256,6000,8.0,2633729,1,1,9974,1108,600013,7,54,42054,108,648.0,5.4,9.0234,0.83054125
cold,0,1,0,3e-05,0.05,512,3,5,4,256,6000,8.0,2633729,1,1,9974,1108,600013,7,54,42054,109,654.0,5.45,9.10695,0.82679754
cold,0,1,0,3e-05,0.05,512,3,5,4,256,6000,8.0,2633729,1,1,9974,1108,600013,7,54,42054,110,660.0,5.5,9.1905,0.82410681
cold,0,1,0,3e-05,0.05,512,3,5,4,256,6000,8.0,2633729,1,1,9974,1108,600013,7,54,42054,111,666.0,5.55,9.27405,0.8232007
cold,0,1,0,3e-05,0.05,512,3,5,4,256,6000,8.0,2633729,1,1,9974,1108,600013,7,54,42054,112,672.0,5.6,9.3576,0.82303381
cold,0,1,0,3e-05,0.05,512,3,5,4,256,6000,8.0,2633729,1,1,9974,1108,600013,7,54,42054,113,678.0,5.65,9.44115,0.82215959
cold,0,1,0,3e-05,0.05,512,3,5,4,256,6000,8.0,2633729,1,1,9974,1108,600013,7,54,42054,114,684.0,5.7,9.5247,0.82074648
cold,0,1,0,3e-05,0.05,512,3,5,4,256,6000,8.0,2633729,1,1,9974,1108,600013,7,54,42054,115,690.0,5.75,9.60825,0.81985319
cold,0,1,0,3e-05,0.05,512,3,5,4,256,6000,8.0,2633729,1,1,9974,1108,600013,7,54,42054,116,696.0,5.8,9.6918,0.81940299
cold,0,1,0,3e-05,0.05,512,3,5,4,256,6000,8.0,2633729,1,1,9974,1108,600013,7,54,42054,117,702.0,5.85,9.77535,0.81874895
cold,0,1,0,3e-05,0.05,512,3,5,4,256,6000,8.0,2633729,1,1,9974,1108,600013,7,54,42054,118,708.0,5.9,9.8589,0.81767231
cold,0,1,0,3e-05,0.05,512,3,5,4,256,6000,8.0,2633729,1,1,9974,1108,600013,7,54,42054,119,714.0,5.95,9.94245,0.81636637
cold,0,1,0,3e-05,0.05,512,3,5,4,256,6000,8.0,2633729,1,1,9974,1108,600013,7,54,42054,120,720.0,6.0,10.026,0.81584662
cold,0,1,0,3e-05,0.05,512,3,5,4,256,6000,8.0,2633729,1,1,9974,1108,600013,7,234,42234,1,6.0,0.05,0.08355,0.04888224
cold,0,1,0,3e-05,0.05,512,3,5,4,256,6000,8.0,2633729,1,1,9974,1108,600013,7,234,42234,2,12.0,0.1,0.1671,0.07279739
cold,0,1,0,3e-05,0.05,512,3,5,4,256,6000,8.0,2633729,1,1,9974,1108,600013,7,234,42234,3,18.0,0.15,0.25065,0.09945338
cold,0,1,0,3e-05,0.05,512,3,5,4,256,6000,8.0,2633729,1,1,9974,1108,600013,7,234,42234,4,24.0,0.2,0.3342,0.12672916
cold,0,1,0,3e-05,0.05,512,3,5,4,256,6000,8.0,2633729,1,1,9974,1108,600013,7,234,42234,5,30.0,0.25,0.41775,0.15448229
cold,0,1,0,3e-05,0.05,512,3,5,4,256,6000,8.0,2633729,1,1,9974,1108,600013,7,234,42234,6,36.0,0.3,0.5013,0.18492584
cold,0,1,0,3e-05,0.05,512,3,5,4,256,6000,8.0,2633729,1,1,9974,1108,600013,7,234,42234,7,42.0,0.35,0.58485,0.21741909
cold,0,1,0,3e-05,0.05,512,3,5,4,256,6000,8.0,2633729,1,1,9974,1108,600013,7,234,42234,8,48.0,0.4,0.6684,0.24981026
cold,0,1,0,3e-05,0.05,512,3,5,4,256,6000,8.0,2633729,1,1,9974,1108,600013,7,234,42234,9,54.0,0.45,0.75195,0.28156561
cold,0,1,0,3e-05,0.05,512,3,5,4,256,6000,8.0,2633729,1,1,9974,1108,600013,7,234,42234,10,60.0,0.5,0.8355,0.31412196
cold,0,1,0,3e-05,0.05,512,3,5,4,256,6000,8.0,2633729,1,1,9974,1108,600013,7,234,42234,11,66.0,0.55,0.91905,0.34787455
cold,0,1,0,3e-05,0.05,512,3,5,4,256,6000,8.0,2633729,1,1,9974,1108,600013,7,234,42234,12,72.0,0.6,1.0026,0.380133
cold,0,1,0,3e-05,0.05,512,3,5,4,256,6000,8.0,2633729,1,1,9974,1108,600013,7,234,42234,13,78.0,0.65,1.08615,0.40883633
cold,0,1,0,3e-05,0.05,512,3,5,4,256,6000,8.0,2633729,1,1,9974,1108,600013,7,234,42234,14,84.0,0.7,1.1697,0.43529481
cold,0,1,0,3e-05,0.05,512,3,5,4,256,6000,8.0,2633729,1,1,9974,1108,600013,7,234,42234,15,90.0,0.75,1.25325,0.46133092
cold,0,1,0,3e-05,0.05,512,3,5,4,256,6000,8.0,2633729,1,1,9974,1108,600013,7,234,42234,16,96.0,0.8,1.3368,0.48704684
cold,0,1,0,3e-05,0.05,512,3,5,4,256,6000,8.0,2633729,1,1,9974,1108,600013,7,234,42234,17,102.0,0.85,1.42035,0.5119186
cold,0,1,0,3e-05,0.05,512,3,5,4,256,6000,8.0,2633729,1,1,9974,1108,600013,7,234,42234,18,108.0,0.9,1.5039,0.53514773
cold,0,1,0,3e-05,0.05,512,3,5,4,256,6000,8.0,2633729,1,1,9974,1108,600013,7,234,42234,19,114.0,0.95,1.58745,0.5565753
cold,0,1,0,3e-05,0.05,512,3,5,4,256,6000,8.0,2633729,1,1,9974,1108,600013,7,234,42234,20,120.0,1.0,1.671,0.57746136
cold,0,1,0,3e-05,0.05,512,3,5,4,256,6000,8.0,2633729,1,1,9974,1108,600013,7,234,42234,21,126.0,1.05,1.75455,0.59840655
cold,0,1,0,3e-05,0.05,512,3,5,4,256,6000,8.0,2633729,1,1,9974,1108,600013,7,234,42234,22,132.0,1.1,1.8381,0.61930364
cold,0,1,0,3e-05,0.05,512,3,5,4,256,6000,8.0,2633729,1,1,9974,1108,600013,7,234,42234,23,138.0,1.15,1.92165,0.63995892
cold,0,1,0,3e-05,0.05,512,3,5,4,256,6000,8.0,2633729,1,1,9974,1108,600013,7,234,42234,24,144.0,1.2,2.0052,0.65972942
cold,0,1,0,3e-05,0.05,512,3,5,4,256,6000,8.0,2633729,1,1,9974,1108,600013,7,234,42234,25,150.0,1.25,2.08875,0.67762375
cold,0,1,0,3e-05,0.05,512,3,5,4,256,6000,8.0,2633729,1,1,9974,1108,600013,7,234,42234,26,156.0,1.3,2.1723,0.69376725
cold,0,1,0,3e-05,0.05,512,3,5,4,256,6000,8.0,2633729,1,1,9974,1108,600013,7,234,42234,27,162.0,1.35,2.25585,0.70862806
cold,0,1,0,3e-05,0.05,512,3,5,4,256,6000,8.0,2633729,1,1,9974,1108,600013,7,234,42234,28,168.0,1.4,2.3394,0.7214849
cold,0,1,0,3e-05,0.05,512,3,5,4,256,6000,8.0,2633729,1,1,9974,1108,600013,7,234,42234,29,174.0,1.45,2.42295,0.73170489
cold,0,1,0,3e-05,0.05,512,3,5,4,256,6000,8.0,2633729,1,1,9974,1108,600013,7,234,42234,30,180.0,1.5,2.5065,0.73963696
cold,0,1,0,3e-05,0.05,512,3,5,4,256,6000,8.0,2633729,1,1,9974,1108,600013,7,234,42234,31,186.0,1.55,2.59005,0.74649733
cold,0,1,0,3e-05,0.05,512,3,5,4,256,6000,8.0,2633729,1,1,9974,1108,600013,7,234,42234,32,192.0,1.6,2.6736,0.75405729
cold,0,1,0,3e-05,0.05,512,3,5,4,256,6000,8.0,2633729,1,1,9974,1108,600013,7,234,42234,33,198.0,1.65,2.75715,0.76343286
cold,0,1,0,3e-05,0.05,512,3,5,4,256,6000,8.0,2633729,1,1,9974,1108,600013,7,234,42234,34,204.0,1.7,2.8407,0.77472281
cold,0,1,0,3e-05,0.05,512,3,5,4,256,6000,8.0,2633729,1,1,9974,1108,600013,7,234,42234,35,210.0,1.75,2.92425,0.78750354
cold,0,1,0,3e-05,0.05,512,3,5,4,256,6000,8.0,2633729,1,1,9974,1108,600013,7,234,42234,36,216.0,1.8,3.0078,0.80070299
cold,0,1,0,3e-05,0.05,512,3,5,4,256,6000,8.0,2633729,1,1,9974,1108,600013,7,234,42234,37,222.0,1.85,3.09135,0.81304991
cold,0,1,0,3e-05,0.05,512,3,5,4,256,6000,8.0,2633729,1,1,9974,1108,600013,7,234,42234,38,228.0,1.9,3.1749,0.82345092
cold,0,1,0,3e-05,0.05,512,3,5,4,256,6000,8.0,2633729,1,1,9974,1108,600013,7,234,42234,39,234.0,1.95,3.25845,0.83139694
cold,0,1,0,3e-05,0.05,512,3,5,4,256,6000,8.0,2633729,1,1,9974,1108,600013,7,234,42234,40,240.0,2.0,3.342,0.83831996
cold,0,1,0,3e-05,0.05,512,3,5,4,256,6000,8.0,2633729,1,1,9974,1108,600013,7,234,42234,41,246.0,2.05,3.42555,0.84620798
cold,0,1,0,3e-05,0.05,512,3,5,4,256,6000,8.0,2633729,1,1,9974,1108,600013,7,234,42234,42,252.0,2.1,3.5091,0.85469401
cold,0,1,0,3e-05,0.05,512,3,5,4,256,6000,8.0,2633729,1,1,9974,1108,600013,7,234,42234,43,258.0,2.15,3.59265,0.86205453
cold,0,1,0,3e-05,0.05,512,3,5,4,256,6000,8.0,2633729,1,1,9974,1108,600013,7,234,42234,44,264.0,2.2,3.6762,0.86751419
cold,0,1,0,3e-05,0.05,512,3,5,4,256,6000,8.0,2633729,1,1,9974,1108,600013,7,234,42234,45,270.0,2.25,3.75975,0.87202311
cold,0,1,0,3e-05,0.05,512,3,5,4,256,6000,8.0,2633729,1,1,9974,1108,600013,7,234,42234,46,276.0,2.3,3.8433,0.87736684
cold,0,1,0,3e-05,0.05,512,3,5,4,256,6000,8.0,2633729,1,1,9974,1108,600013,7,234,42234,47,282.0,2.35,3.92685,0.88376421
cold,0,1,0,3e-05,0.05,512,3,5,4,256,6000,8.0,2633729,1,1,9974,1108,600013,7,234,42234,48,288.0,2.4,4.0104,0.88959962
cold,0,1,0,3e-05,0.05,512,3,5,4,256,6000,8.0,2633729,1,1,9974,1108,600013,7,234,42234,49,294.0,2.45,4.09395,0.89365774
cold,0,1,0,3e-05,0.05,512,3,5,4,256,6000,8.0,2633729,1,1,9974,1108,600013,7,234,42234,50,300.0,2.5,4.1775,0.89577609
cold,0,1,0,3e-05,0.05,512,3,5,4,256,6000,8.0,2633729,1,1,9974,1108,600013,7,234,42234,51,306.0,2.55,4.26105,0.89756721
cold,0,1,0,3e-05,0.05,512,3,5,4,256,6000,8.0,2633729,1,1,9974,1108,600013,7,234,42234,52,312.0,2.6,4.3446,0.90184081
cold,0,1,0,3e-05,0.05,512,3,5,4,256,6000,8.0,2633729,1,1,9974,1108,600013,7,234,42234,53,318.0,2.65,4.42815,0.90956712
cold,0,1,0,3e-05,0.05,512,3,5,4,256,6000,8.0,2633729,1,1,9974,1108,600013,7,234,42234,54,324.0,2.7,4.5117,0.9188686
cold,0,1,0,3e-05,0.05,512,3,5,4,256,6000,8.0,2633729,1,1,9974,1108,600013,7,234,42234,55,330.0,2.75,4.59525,0.92626846
cold,0,1,0,3e-05,0.05,512,3,5,4,256,6000,8.0,2633729,1,1,9974,1108,600013,7,234,42234,56,336.0,2.8,4.6788,0.92954373
cold,0,1,0,3e-05,0.05,512,3,5,4,256,6000,8.0,2633729,1,1,9974,1108,600013,7,234,42234,57,342.0,2.85,4.76235,0.92902833
cold,0,1,0,3e-05,0.05,512,3,5,4,256,6000,8.0,2633729,1,1,9974,1108,600013,7,234,42234,58,348.0,2.9,4.8459,0.92653465
cold,0,1,0,3e-05,0.05,512,3,5,4,256,6000,8.0,2633729,1,1,9974,1108,600013,7,234,42234,59,354.0,2.95,4.92945,0.92455804
cold,0,1,0,3e-05,0.05,512,3,5,4,256,6000,8.0,2633729,1,1,9974,1108,600013,7,234,42234,60,360.0,3.0,5.013,0.92626542
cold,0,1,0,3e-05,0.05,512,3,5,4,256,6000,8.0,2633729,1,1,9974,1108,600013,7,234,42234,61,366.0,3.05,5.09655,0.93332046
cold,0,1,0,3e-05,0.05,512,3,5,4,256,6000,8.0,2633729,1,1,9974,1108,600013,7,234,42234,62,372.0,3.1,5.1801,0.94367677
cold,0,1,0,3e-05,0.05,512,3,5,4,256,6000,8.0,2633729,1,1,9974,1108,600013,7,234,42234,63,378.0,3.15,5.26365,0.95247269
cold,0,1,0,3e-05,0.05,512,3,5,4,256,6000,8.0,2633729,1,1,9974,1108,600013,7,234,42234,64,384.0,3.2,5.3472,0.95642978
cold,0,1,0,3e-05,0.05,512,3,5,4,256,6000,8.0,2633729,1,1,9974,1108,600013,7,234,42234,65,390.0,3.25,5.43075,0.95778191
cold,0,1,0,3e-05,0.05,512,3,5,4,256,6000,8.0,2633729,1,1,9974,1108,600013,7,234,42234,66,396.0,3.3,5.5143,0.96027344
cold,0,1,0,3e-05,0.05,512,3,5,4,256,6000,8.0,2633729,1,1,9974,1108,600013,7,234,42234,67,402.0,3.35,5.59785,0.96372408
cold,0,1,0,3e-05,0.05,512,3,5,4,256,6000,8.0,2633729,1,1,9974,1108,600013,7,234,42234,68,408.0,3.4,5.6814,0.9650979
cold,0,1,0,3e-05,0.05,512,3,5,4,256,6000,8.0,2633729,1,1,9974,1108,600013,7,234,42234,69,414.0,3.45,5.76495,0.96566421
cold,0,1,0,3e-05,0.05,512,3,5,4,256,6000,8.0,2633729,1,1,9974,1108,600013,7,234,42234,70,420.0,3.5,5.8485,0.97279882
cold,0,1,0,3e-05,0.05,512,3,5,4,256,6000,8.0,2633729,1,1,9974,1108,600013,7,234,42234,71,426.0,3.55,5.93205,0.98386121
cold,0,1,0,3e-05,0.05,512,3,5,4,256,6000,8.0,2633729,1,1,9974,1108,600013,7,234,42234,72,432.0,3.6,6.0156,0.99076569
cold,0,1,0,3e-05,0.05,512,3,5,4,256,6000,8.0,2633729,1,1,9974,1108,600013,7,234,42234,73,438.0,3.65,6.09915,1.00191188
cold,0,1,0,3e-05,0.05,512,3,5,4,256,6000,8.0,2633729,1,1,9974,1108,600013,7,234,42234,74,444.0,3.7,6.1827,1.03018665
cold,0,1,0,3e-05,0.05,512,3,5,4,256,6000,8.0,2633729,1,1,9974,1108,600013,7,234,42234,75,450.0,3.75,6.26625,1.06382656
cold,0,1,0,3e-05,0.05,512,3,5,4,256,6000,8.0,2633729,1,1,9974,1108,600013,7,234,42234,76,456.0,3.8,6.3498,1.07507336
cold,0,1,0,3e-05,0.05,512,3,5,4,256,6000,8.0,2633729,1,1,9974,1108,600013,7,234,42234,77,462.0,3.85,6.43335,1.08057141
cold,0,1,0,3e-05,0.05,512,3,5,4,256,6000,8.0,2633729,1,1,9974,1108,600013,7,234,42234,78,468.0,3.9,6.5169,1.11295426
cold,0,1,0,3e-05,0.05,512,3,5,4,256,6000,8.0,2633729,1,1,9974,1108,600013,7,234,42234,79,474.0,3.95,6.60045,1.14961529
cold,0,1,0,3e-05,0.05,512,3,5,4,256,6000,8.0,2633729,1,1,9974,1108,600013,7,234,42234,80,480.0,4.0,6.684,1.14242339
cold,0,1,0,3e-05,0.05,512,3,5,4,256,6000,8.0,2633729,1,1,9974,1108,600013,7,234,42234,81,486.0,4.05,6.76755,1.13712335
cold,0,1,0,3e-05,0.05,512,3,5,4,256,6000,8.0,2633729,1,1,9974,1108,600013,7,234,42234,82,492.0,4.1,6.8511,1.20241082
cold,0,1,0,3e-05,0.05,512,3,5,4,256,6000,8.0,2633729,1,1,9974,1108,600013,7,234,42234,83,498.0,4.15,6.93465,1.28283823
cold,0,1,0,3e-05,0.05,512,3,5,4,256,6000,8.0,2633729,1,1,9974,1108,600013,7,234,42234,84,504.0,4.2,7.0182,1.29030955
cold,0,1,0,3e-05,0.05,512,3,5,4,256,6000,8.0,2633729,1,1,9974,1108,600013,7,234,42234,85,510.0,4.25,7.10175,1.30876231
cold,0,1,0,3e-05,0.05,512,3,5,4,256,6000,8.0,2633729,1,1,9974,1108,600013,7,234,42234,86,516.0,4.3,7.1853,1.44024885
cold,0,1,0,3e-05,0.05,512,3,5,4,256,6000,8.0,2633729,1,1,9974,1108,600013,7,234,42234,87,522.0,4.35,7.26885,1.58993149
cold,0,1,0,3e-05,0.05,512,3,5,4,256,6000,8.0,2633729,1,1,9974,1108,600013,7,234,42234,88,528.0,4.4,7.3524,1.60731494
cold,0,1,0,3e-05,0.05,512,3,5,4,256,6000,8.0,2633729,1,1,9974,1108,600013,7,234,42234,89,534.0,4.45,7.43595,1.61384916
cold,0,1,0,3e-05,0.05,512,3,5,4,256,6000,8.0,2633729,1,1,9974,1108,600013,7,234,42234,90,540.0,4.5,7.5195,1.80031395
cold,0,1,0,3e-05,0.05,512,3,5,4,256,6000,8.0,2633729,1,1,9974,1108,600013,7,234,42234,91,546.0,4.55,7.60305,2.03989387
cold,0,1,0,3e-05,0.05,512,3,5,4,256,6000,8.0,2633729,1,1,9974,1108,600013,7,234,42234,92,552.0,4.6,7.6866,2.08157492
cold,0,1,0,3e-05,0.05,512,3,5,4,256,6000,8.0,2633729,1,1,9974,1108,600013,7,234,42234,93,558.0,4.65,7.77015,2.04830742
cold,0,1,0,3e-05,0.05,512,3,5,4,256,6000,8.0,2633729,1,1,9974,1108,600013,7,234,42234,94,564.0,4.7,7.8537,2.30025053
cold,0,1,0,3e-05,0.05,512,3,5,4,256,6000,8.0,2633729,1,1,9974,1108,600013,7,234,42234,95,570.0,4.75,7.93725,2.68220186
cold,0,1,0,3e-05,0.05,512,3,5,4,256,6000,8.0,2633729,1,1,9974,1108,600013,7,234,42234,96,576.0,4.8,8.0208,2.80963135
cold,0,1,0,3e-05,0.05,512,3,5,4,256,6000,8.0,2633729,1,1,9974,1108,600013,7,234,42234,97,582.0,4.85,8.10435,2.73961115
cold,0,1,0,3e-05,0.05,512,3,5,4,256,6000,8.0,2633729,1,1,9974,1108,600013,7,234,42234,98,588.0,4.9,8.1879,3.04783583
cold,0,1,0,3e-05,0.05,512,3,5,4,256,6000,8.0,2633729,1,1,9974,1108,600013,7,234,42234,99,594.0,4.95,8.27145,3.61979961
cold,0,1,0,3e-05,0.05,512,3,5,4,256,6000,8.0,2633729,1,1,9974,1108,600013,7,234,42234,100,600.0,5.0,8.355,3.90753794
cold,0,1,0,3e-05,0.05,512,3,5,4,256,6000,8.0,2633729,1,1,9974,1108,600013,7,234,42234,101,606.0,5.05,8.43855,3.78001118
cold,0,1,0,3e-05,0.05,512,3,5,4,256,6000,8.0,2633729,1,1,9974,1108,600013,7,234,42234,102,612.0,5.1,8.5221,4.06030369
cold,0,1,0,3e-05,0.05,512,3,5,4,256,6000,8.0,2633729,1,1,9974,1108,600013,7,234,42234,103,618.0,5.15,8.60565,4.83791447
cold,0,1,0,3e-05,0.05,512,3,5,4,256,6000,8.0,2633729,1,1,9974,1108,600013,7,234,42234,104,624.0,5.2,8.6892,5.37232304
cold,0,1,0,3e-05,0.05,512,3,5,4,256,6000,8.0,2633729,1,1,9974,1108,600013,7,234,42234,105,630.0,5.25,8.77275,5.19828796
cold,0,1,0,3e-05,0.05,512,3,5,4,256,6000,8.0,2633729,1,1,9974,1108,600013,7,234,42234,106,636.0,5.3,8.8563,5.32145166
cold,0,1,0,3e-05,0.05,512,3,5,4,256,6000,8.0,2633729,1,1,9974,1108,600013,7,234,42234,107,642.0,5.35,8.93985,6.32840538
cold,0,1,0,3e-05,0.05,512,3,5,4,256,6000,8.0,2633729,1,1,9974,1108,600013,7,234,42234,108,648.0,5.4,9.0234,7.30702019
cold,0,1,0,3e-05,0.05,512,3,5,4,256,6000,8.0,2633729,1,1,9974,1108,600013,7,234,42234,109,654.0,5.45,9.10695,7.36875534
cold,0,1,0,3e-05,0.05,512,3,5,4,256,6000,8.0,2633729,1,1,9974,1108,600013,7,234,42234,110,660.0,5.5,9.1905,7.35954762
cold,0,1,0,3e-05,0.05,512,3,5,4,256,6000,8.0,2633729,1,1,9974,1108,600013,7,234,42234,111,666.0,5.55,9.27405,8.59042263
cold,0,1,0,3e-05,0.05,512,3,5,4,256,6000,8.0,2633729,1,1,9974,1108,600013,7,234,42234,112,672.0,5.6,9.3576,10.01779556
cold,0,1,0,3e-05,0.05,512,3,5,4,256,6000,8.0,2633729,1,1,9974,1108,600013,7,234,42234,113,678.0,5.65,9.44115,10.18768311
cold,0,1,0,3e-05,0.05,512,3,5,4,256,6000,8.0,2633729,1,1,9974,1108,600013,7,234,42234,114,684.0,5.7,9.5247,9.81442928
cold,0,1,0,3e-05,0.05,512,3,5,4,256,6000,8.0,2633729,1,1,9974,1108,600013,7,234,42234,115,690.0,5.75,9.60825,11.17987156
cold,0,1,0,3e-05,0.05,512,3,5,4,256,6000,8.0,2633729,1,1,9974,1108,600013,7,234,42234,116,696.0,5.8,9.6918,13.4129324
cold,0,1,0,3e-05,0.05,512,3,5,4,256,6000,8.0,2633729,1,1,9974,1108,600013,7,234,42234,117,702.0,5.85,9.77535,14.36174774
cold,0,1,0,3e-05,0.05,512,3,5,4,256,6000,8.0,2633729,1,1,9974,1108,600013,7,234,42234,118,708.0,5.9,9.8589,14.02960014
cold,0,1,0,3e-05,0.05,512,3,5,4,256,6000,8.0,2633729,1,1,9974,1108,600013,7,234,42234,119,714.0,5.95,9.94245,15.56068802
cold,0,1,0,3e-05,0.05,512,3,5,4,256,6000,8.0,2633729,1,1,9974,1108,600013,7,234,42234,120,720.0,6.0,10.026,18.67927361
cold,0,1,0,3e-05,0.05,512,3,5,4,256,6000,8.0,2633729,1,1,9974,1108,600013,7,1023,43023,1,6.0,0.05,0.08355,0.023998
cold,0,1,0,3e-05,0.05,512,3,5,4,256,6000,8.0,2633729,1,1,9974,1108,600013,7,1023,43023,2,12.0,0.1,0.1671,0.02815844
cold,0,1,0,3e-05,0.05,512,3,5,4,256,6000,8.0,2633729,1,1,9974,1108,600013,7,1023,43023,3,18.0,0.15,0.25065,0.03335486
cold,0,1,0,3e-05,0.05,512,3,5,4,256,6000,8.0,2633729,1,1,9974,1108,600013,7,1023,43023,4,24.0,0.2,0.3342,0.03945405
cold,0,1,0,3e-05,0.05,512,3,5,4,256,6000,8.0,2633729,1,1,9974,1108,600013,7,1023,43023,5,30.0,0.25,0.41775,0.04588932
cold,0,1,0,3e-05,0.05,512,3,5,4,256,6000,8.0,2633729,1,1,9974,1108,600013,7,1023,43023,6,36.0,0.3,0.5013,0.05290587
cold,0,1,0,3e-05,0.05,512,3,5,4,256,6000,8.0,2633729,1,1,9974,1108,600013,7,1023,43023,7,42.0,0.35,0.58485,0.06089821
cold,0,1,0,3e-05,0.05,512,3,5,4,256,6000,8.0,2633729,1,1,9974,1108,600013,7,1023,43023,8,48.0,0.4,0.6684,0.06976238
cold,0,1,0,3e-05,0.05,512,3,5,4,256,6000,8.0,2633729,1,1,9974,1108,600013,7,1023,43023,9,54.0,0.45,0.75195,0.07964485
cold,0,1,0,3e-05,0.05,512,3,5,4,256,6000,8.0,2633729,1,1,9974,1108,600013,7,1023,43023,10,60.0,0.5,0.8355,0.09108289
cold,0,1,0,3e-05,0.05,512,3,5,4,256,6000,8.0,2633729,1,1,9974,1108,600013,7,1023,43023,11,66.0,0.55,0.91905,0.10334261
cold,0,1,0,3e-05,0.05,512,3,5,4,256,6000,8.0,2633729,1,1,9974,1108,600013,7,1023,43023,12,72.0,0.6,1.0026,0.11534703
cold,0,1,0,3e-05,0.05,512,3,5,4,256,6000,8.0,2633729,1,1,9974,1108,600013,7,1023,43023,13,78.0,0.65,1.08615,0.12766716
cold,0,1,0,3e-05,0.05,512,3,5,4,256,6000,8.0,2633729,1,1,9974,1108,600013,7,1023,43023,14,84.0,0.7,1.1697,0.1422324
cold,0,1,0,3e-05,0.05,512,3,5,4,256,6000,8.0,2633729,1,1,9974,1108,600013,7,1023,43023,15,90.0,0.75,1.25325,0.15899952
cold,0,1,0,3e-05,0.05,512,3,5,4,256,6000,8.0,2633729,1,1,9974,1108,600013,7,1023,43023,16,96.0,0.8,1.3368,0.17636271
cold,0,1,0,3e-05,0.05,512,3,5,4,256,6000,8.0,2633729,1,1,9974,1108,600013,7,1023,43023,17,102.0,0.85,1.42035,0.19297232
cold,0,1,0,3e-05,0.05,512,3,5,4,256,6000,8.0,2633729,1,1,9974,1108,600013,7,1023,43023,18,108.0,0.9,1.5039,0.20851494
cold,0,1,0,3e-05,0.05,512,3,5,4,256,6000,8.0,2633729,1,1,9974,1108,600013,7,1023,43023,19,114.0,0.95,1.58745,0.22397599
cold,0,1,0,3e-05,0.05,512,3,5,4,256,6000,8.0,2633729,1,1,9974,1108,600013,7,1023,43023,20,120.0,1.0,1.671,0.24035877
cold,0,1,0,3e-05,0.05,512,3,5,4,256,6000,8.0,2633729,1,1,9974,1108,600013,7,1023,43023,21,126.0,1.05,1.75455,0.25811356
cold,0,1,0,3e-05,0.05,512,3,5,4,256,6000,8.0,2633729,1,1,9974,1108,600013,7,1023,43023,22,132.0,1.1,1.8381,0.2775611
cold,0,1,0,3e-05,0.05,512,3,5,4,256,6000,8.0,2633729,1,1,9974,1108,600013,7,1023,43023,23,138.0,1.15,1.92165,0.2987338
cold,0,1,0,3e-05,0.05,512,3,5,4,256,6000,8.0,2633729,1,1,9974,1108,600013,7,1023,43023,24,144.0,1.2,2.0052,0.32092917
cold,0,1,0,3e-05,0.05,512,3,5,4,256,6000,8.0,2633729,1,1,9974,1108,600013,7,1023,43023,25,150.0,1.25,2.08875,0.34260336
cold,0,1,0,3e-05,0.05,512,3,5,4,256,6000,8.0,2633729,1,1,9974,1108,600013,7,1023,43023,26,156.0,1.3,2.1723,0.36222714
cold,0,1,0,3e-05,0.05,512,3,5,4,256,6000,8.0,2633729,1,1,9974,1108,600013,7,1023,43023,27,162.0,1.35,2.25585,0.37961116
cold,0,1,0,3e-05,0.05,512,3,5,4,256,6000,8.0,2633729,1,1,9974,1108,600013,7,1023,43023,28,168.0,1.4,2.3394,0.39574188
cold,0,1,0,3e-05,0.05,512,3,5,4,256,6000,8.0,2633729,1,1,9974,1108,600013,7,1023,43023,29,174.0,1.45,2.42295,0.41217753
cold,0,1,0,3e-05,0.05,512,3,5,4,256,6000,8.0,2633729,1,1,9974,1108,600013,7,1023,43023,30,180.0,1.5,2.5065,0.43009719
cold,0,1,0,3e-05,0.05,512,3,5,4,256,6000,8.0,2633729,1,1,9974,1108,600013,7,1023,43023,31,186.0,1.55,2.59005,0.44964397
cold,0,1,0,3e-05,0.05,512,3,5,4,256,6000,8.0,2633729,1,1,9974,1108,600013,7,1023,43023,32,192.0,1.6,2.6736,0.46991301
cold,0,1,0,3e-05,0.05,512,3,5,4,256,6000,8.0,2633729,1,1,9974,1108,600013,7,1023,43023,33,198.0,1.65,2.75715,0.48887974
cold,0,1,0,3e-05,0.05,512,3,5,4,256,6000,8.0,2633729,1,1,9974,1108,600013,7,1023,43023,34,204.0,1.7,2.8407,0.50666147
cold,0,1,0,3e-05,0.05,512,3,5,4,256,6000,8.0,2633729,1,1,9974,1108,600013,7,1023,43023,35,210.0,1.75,2.92425,0.52515179
cold,0,1,0,3e-05,0.05,512,3,5,4,256,6000,8.0,2633729,1,1,9974,1108,600013,7,1023,43023,36,216.0,1.8,3.0078,0.54439664
cold,0,1,0,3e-05,0.05,512,3,5,4,256,6000,8.0,2633729,1,1,9974,1108,600013,7,1023,43023,37,222.0,1.85,3.09135,0.56324399
cold,0,1,0,3e-05,0.05,512,3,5,4,256,6000,8.0,2633729,1,1,9974,1108,600013,7,1023,43023,38,228.0,1.9,3.1749,0.58074492
cold,0,1,0,3e-05,0.05,512,3,5,4,256,6000,8.0,2633729,1,1,9974,1108,600013,7,1023,43023,39,234.0,1.95,3.25845,0.59709257
cold,0,1,0,3e-05,0.05,512,3,5,4,256,6000,8.0,2633729,1,1,9974,1108,600013,7,1023,43023,40,240.0,2.0,3.342,0.6129359
cold,0,1,0,3e-05,0.05,512,3,5,4,256,6000,8.0,2633729,1,1,9974,1108,600013,7,1023,43023,41,246.0,2.05,3.42555,0.62876546
cold,0,1,0,3e-05,0.05,512,3,5,4,256,6000,8.0,2633729,1,1,9974,1108,600013,7,1023,43023,42,252.0,2.1,3.5091,0.64555204
cold,0,1,0,3e-05,0.05,512,3,5,4,256,6000,8.0,2633729,1,1,9974,1108,600013,7,1023,43023,43,258.0,2.15,3.59265,0.66391224
cold,0,1,0,3e-05,0.05,512,3,5,4,256,6000,8.0,2633729,1,1,9974,1108,600013,7,1023,43023,44,264.0,2.2,3.6762,0.6829403
cold,0,1,0,3e-05,0.05,512,3,5,4,256,6000,8.0,2633729,1,1,9974,1108,600013,7,1023,43023,45,270.0,2.25,3.75975,0.69967359
cold,0,1,0,3e-05,0.05,512,3,5,4,256,6000,8.0,2633729,1,1,9974,1108,600013,7,1023,43023,46,276.0,2.3,3.8433,0.71193558
cold,0,1,0,3e-05,0.05,512,3,5,4,256,6000,8.0,2633729,1,1,9974,1108,600013,7,1023,43023,47,282.0,2.35,3.92685,0.72083139
cold,0,1,0,3e-05,0.05,512,3,5,4,256,6000,8.0,2633729,1,1,9974,1108,600013,7,1023,43023,48,288.0,2.4,4.0104,0.72879469
cold,0,1,0,3e-05,0.05,512,3,5,4,256,6000,8.0,2633729,1,1,9974,1108,600013,7,1023,43023,49,294.0,2.45,4.09395,0.73808414
cold,0,1,0,3e-05,0.05,512,3,5,4,256,6000,8.0,2633729,1,1,9974,1108,600013,7,1023,43023,50,300.0,2.5,4.1775,0.75037068
cold,0,1,0,3e-05,0.05,512,3,5,4,256,6000,8.0,2633729,1,1,9974,1108,600013,7,1023,43023,51,306.0,2.55,4.26105,0.76583338
cold,0,1,0,3e-05,0.05,512,3,5,4,256,6000,8.0,2633729,1,1,9974,1108,600013,7,1023,43023,52,312.0,2.6,4.3446,0.78180194
cold,0,1,0,3e-05,0.05,512,3,5,4,256,6000,8.0,2633729,1,1,9974,1108,600013,7,1023,43023,53,318.0,2.65,4.42815,0.79400373
cold,0,1,0,3e-05,0.05,512,3,5,4,256,6000,8.0,2633729,1,1,9974,1108,600013,7,1023,43023,54,324.0,2.7,4.5117,0.80145705
cold,0,1,0,3e-05,0.05,512,3,5,4,256,6000,8.0,2633729,1,1,9974,1108,600013,7,1023,43023,55,330.0,2.75,4.59525,0.80733085
cold,0,1,0,3e-05,0.05,512,3,5,4,256,6000,8.0,2633729,1,1,9974,1108,600013,7,1023,43023,56,336.0,2.8,4.6788,0.8148244
cold,0,1,0,3e-05,0.05,512,3,5,4,256,6000,8.0,2633729,1,1,9974,1108,600013,7,1023,43023,57,342.0,2.85,4.76235,0.82416356
cold,0,1,0,3e-05,0.05,512,3,5,4,256,6000,8.0,2633729,1,1,9974,1108,600013,7,1023,43023,58,348.0,2.9,4.8459,0.83323288
cold,0,1,0,3e-05,0.05,512,3,5,4,256,6000,8.0,2633729,1,1,9974,1108,600013,7,1023,43023,59,354.0,2.95,4.92945,0.8402288
cold,0,1,0,3e-05,0.05,512,3,5,4,256,6000,8.0,2633729,1,1,9974,1108,600013,7,1023,43023,60,360.0,3.0,5.013,0.8456713
cold,0,1,0,3e-05,0.05,512,3,5,4,256,6000,8.0,2633729,1,1,9974,1108,600013,7,1023,43023,61,366.0,3.05,5.09655,0.85072803
cold,0,1,0,3e-05,0.05,512,3,5,4,256,6000,8.0,2633729,1,1,9974,1108,600013,7,1023,43023,62,372.0,3.1,5.1801,0.8565554
cold,0,1,0,3e-05,0.05,512,3,5,4,256,6000,8.0,2633729,1,1,9974,1108,600013,7,1023,43023,63,378.0,3.15,5.26365,0.8651613
cold,0,1,0,3e-05,0.05,512,3,5,4,256,6000,8.0,2633729,1,1,9974,1108,600013,7,1023,43023,64,384.0,3.2,5.3472,0.87623644
cold,0,1,0,3e-05,0.05,512,3,5,4,256,6000,8.0,2633729,1,1,9974,1108,600013,7,1023,43023,65,390.0,3.25,5.43075,0.88666677
cold,0,1,0,3e-05,0.05,512,3,5,4,256,6000,8.0,2633729,1,1,9974,1108,600013,7,1023,43023,66,396.0,3.3,5.5143,0.89452624
cold,0,1,0,3e-05,0.05,512,3,5,4,256,6000,8.0,2633729,1,1,9974,1108,600013,7,1023,43023,67,402.0,3.35,5.59785,0.90003955
cold,0,1,0,3e-05,0.05,512,3,5,4,256,6000,8.0,2633729,1,1,9974,1108,600013,7,1023,43023,68,408.0,3.4,5.6814,0.90419304
cold,0,1,0,3e-05,0.05,512,3,5,4,256,6000,8.0,2633729,1,1,9974,1108,600013,7,1023,43023,69,414.0,3.45,5.76495,0.90717334
cold,0,1,0,3e-05,0.05,512,3,5,4,256,6000,8.0,2633729,1,1,9974,1108,600013,7,1023,43023,70,420.0,3.5,5.8485,0.90848321
cold,0,1,0,3e-05,0.05,512,3,5,4,256,6000,8.0,2633729,1,1,9974,1108,600013,7,1023,43023,71,426.0,3.55,5.93205,0.90927649
cold,0,1,0,3e-05,0.05,512,3,5,4,256,6000,8.0,2633729,1,1,9974,1108,600013,7,1023,43023,72,432.0,3.6,6.0156,0.91115224
cold,0,1,0,3e-05,0.05,512,3,5,4,256,6000,8.0,2633729,1,1,9974,1108,600013,7,1023,43023,73,438.0,3.65,6.09915,0.91322064
cold,0,1,0,3e-05,0.05,512,3,5,4,256,6000,8.0,2633729,1,1,9974,1108,600013,7,1023,43023,74,444.0,3.7,6.1827,0.91429651
cold,0,1,0,3e-05,0.05,512,3,5,4,256,6000,8.0,2633729,1,1,9974,1108,600013,7,1023,43023,75,450.0,3.75,6.26625,0.9155013
cold,0,1,0,3e-05,0.05,512,3,5,4,256,6000,8.0,2633729,1,1,9974,1108,600013,7,1023,43023,76,456.0,3.8,6.3498,0.91916871
cold,0,1,0,3e-05,0.05,512,3,5,4,256,6000,8.0,2633729,1,1,9974,1108,600013,7,1023,43023,77,462.0,3.85,6.43335,0.9255963
cold,0,1,0,3e-05,0.05,512,3,5,4,256,6000,8.0,2633729,1,1,9974,1108,600013,7,1023,43023,78,468.0,3.9,6.5169,0.93279326
cold,0,1,0,3e-05,0.05,512,3,5,4,256,6000,8.0,2633729,1,1,9974,1108,600013,7,1023,43023,79,474.0,3.95,6.60045,0.93850046
cold,0,1,0,3e-05,0.05,512,3,5,4,256,6000,8.0,2633729,1,1,9974,1108,600013,7,1023,43023,80,480.0,4.0,6.684,0.94178247
cold,0,1,0,3e-05,0.05,512,3,5,4,256,6000,8.0,2633729,1,1,9974,1108,600013,7,1023,43023,81,486.0,4.05,6.76755,0.94333231
cold,0,1,0,3e-05,0.05,512,3,5,4,256,6000,8.0,2633729,1,1,9974,1108,600013,7,1023,43023,82,492.0,4.1,6.8511,0.94476974
cold,0,1,0,3e-05,0.05,512,3,5,4,256,6000,8.0,2633729,1,1,9974,1108,600013,7,1023,43023,83,498.0,4.15,6.93465,0.94643509
cold,0,1,0,3e-05,0.05,512,3,5,4,256,6000,8.0,2633729,1,1,9974,1108,600013,7,1023,43023,84,504.0,4.2,7.0182,0.94748837
cold,0,1,0,3e-05,0.05,512,3,5,4,256,6000,8.0,2633729,1,1,9974,1108,600013,7,1023,43023,85,510.0,4.25,7.10175,0.94699347
cold,0,1,0,3e-05,0.05,512,3,5,4,256,6000,8.0,2633729,1,1,9974,1108,600013,7,1023,43023,86,516.0,4.3,7.1853,0.94514698
cold,0,1,0,3e-05,0.05,512,3,5,4,256,6000,8.0,2633729,1,1,9974,1108,600013,7,1023,43023,87,522.0,4.35,7.26885,0.94364923
cold,0,1,0,3e-05,0.05,512,3,5,4,256,6000,8.0,2633729,1,1,9974,1108,600013,7,1023,43023,88,528.0,4.4,7.3524,0.94370669
cold,0,1,0,3e-05,0.05,512,3,5,4,256,6000,8.0,2633729,1,1,9974,1108,600013,7,1023,43023,89,534.0,4.45,7.43595,0.94574684
cold,0,1,0,3e-05,0.05,512,3,5,4,256,6000,8.0,2633729,1,1,9974,1108,600013,7,1023,43023,90,540.0,4.5,7.5195,0.94960058
cold,0,1,0,3e-05,0.05,512,3,5,4,256,6000,8.0,2633729,1,1,9974,1108,600013,7,1023,43023,91,546.0,4.55,7.60305,0.95391506
cold,0,1,0,3e-05,0.05,512,3,5,4,256,6000,8.0,2633729,1,1,9974,1108,600013,7,1023,43023,92,552.0,4.6,7.6866,0.95727628
cold,0,1,0,3e-05,0.05,512,3,5,4,256,6000,8.0,2633729,1,1,9974,1108,600013,7,1023,43023,93,558.0,4.65,7.77015,0.95876724
cold,0,1,0,3e-05,0.05,512,3,5,4,256,6000,8.0,2633729,1,1,9974,1108,600013,7,1023,43023,94,564.0,4.7,7.8537,0.95888835
cold,0,1,0,3e-05,0.05,512,3,5,4,256,6000,8.0,2633729,1,1,9974,1108,600013,7,1023,43023,95,570.0,4.75,7.93725,0.95991623
cold,0,1,0,3e-05,0.05,512,3,5,4,256,6000,8.0,2633729,1,1,9974,1108,600013,7,1023,43023,96,576.0,4.8,8.0208,0.96317339
cold,0,1,0,3e-05,0.05,512,3,5,4,256,6000,8.0,2633729,1,1,9974,1108,600013,7,1023,43023,97,582.0,4.85,8.10435,0.96721089
cold,0,1,0,3e-05,0.05,512,3,5,4,256,6000,8.0,2633729,1,1,9974,1108,600013,7,1023,43023,98,588.0,4.9,8.1879,0.96999919
cold,0,1,0,3e-05,0.05,512,3,5,4,256,6000,8.0,2633729,1,1,9974,1108,600013,7,1023,43023,99,594.0,4.95,8.27145,0.97105592
cold,0,1,0,3e-05,0.05,512,3,5,4,256,6000,8.0,2633729,1,1,9974,1108,600013,7,1023,43023,100,600.0,5.0,8.355,0.97017473
cold,0,1,0,3e-05,0.05,512,3,5,4,256,6000,8.0,2633729,1,1,9974,1108,600013,7,1023,43023,101,606.0,5.05,8.43855,0.96718544
cold,0,1,0,3e-05,0.05,512,3,5,4,256,6000,8.0,2633729,1,1,9974,1108,600013,7,1023,43023,102,612.0,5.1,8.5221,0.96308506
cold,0,1,0,3e-05,0.05,512,3,5,4,256,6000,8.0,2633729,1,1,9974,1108,600013,7,1023,43023,103,618.0,5.15,8.60565,0.96100521
cold,0,1,0,3e-05,0.05,512,3,5,4,256,6000,8.0,2633729,1,1,9974,1108,600013,7,1023,43023,104,624.0,5.2,8.6892,0.96335512
cold,0,1,0,3e-05,0.05,512,3,5,4,256,6000,8.0,2633729,1,1,9974,1108,600013,7,1023,43023,105,630.0,5.25,8.77275,0.96835518
cold,0,1,0,3e-05,0.05,512,3,5,4,256,6000,8.0,2633729,1,1,9974,1108,600013,7,1023,43023,106,636.0,5.3,8.8563,0.97218406
cold,0,1,0,3e-05,0.05,512,3,5,4,256,6000,8.0,2633729,1,1,9974,1108,600013,7,1023,43023,107,642.0,5.35,8.93985,0.97315317
cold,0,1,0,3e-05,0.05,512,3,5,4,256,6000,8.0,2633729,1,1,9974,1108,600013,7,1023,43023,108,648.0,5.4,9.0234,0.97216773
cold,0,1,0,3e-05,0.05,512,3,5,4,256,6000,8.0,2633729,1,1,9974,1108,600013,7,1023,43023,109,654.0,5.45,9.10695,0.97022593
cold,0,1,0,3e-05,0.05,512,3,5,4,256,6000,8.0,2633729,1,1,9974,1108,600013,7,1023,43023,110,660.0,5.5,9.1905,0.96809542
cold,0,1,0,3e-05,0.05,512,3,5,4,256,6000,8.0,2633729,1,1,9974,1108,600013,7,1023,43023,111,666.0,5.55,9.27405,0.96656758
cold,0,1,0,3e-05,0.05,512,3,5,4,256,6000,8.0,2633729,1,1,9974,1108,600013,7,1023,43023,112,672.0,5.6,9.3576,0.9663229
cold,0,1,0,3e-05,0.05,512,3,5,4,256,6000,8.0,2633729,1,1,9974,1108,600013,7,1023,43023,113,678.0,5.65,9.44115,0.96699589
cold,0,1,0,3e-05,0.05,512,3,5,4,256,6000,8.0,2633729,1,1,9974,1108,600013,7,1023,43023,114,684.0,5.7,9.5247,0.96736658
cold,0,1,0,3e-05,0.05,512,3,5,4,256,6000,8.0,2633729,1,1,9974,1108,600013,7,1023,43023,115,690.0,5.75,9.60825,0.96667302
cold,0,1,0,3e-05,0.05,512,3,5,4,256,6000,8.0,2633729,1,1,9974,1108,600013,7,1023,43023,116,696.0,5.8,9.6918,0.96461594
cold,0,1,0,3e-05,0.05,512,3,5,4,256,6000,8.0,2633729,1,1,9974,1108,600013,7,1023,43023,117,702.0,5.85,9.77535,0.96134192
cold,0,1,0,3e-05,0.05,512,3,5,4,256,6000,8.0,2633729,1,1,9974,1108,600013,7,1023,43023,118,708.0,5.9,9.8589,0.95831317
cold,0,1,0,3e-05,0.05,512,3,5,4,256,6000,8.0,2633729,1,1,9974,1108,600013,7,1023,43023,119,714.0,5.95,9.94245,0.95760447
cold,0,1,0,3e-05,0.05,512,3,5,4,256,6000,8.0,2633729,1,1,9974,1108,600013,7,1023,43023,120,720.0,6.0,10.026,0.95976573
cold,0,1,0,3e-05,0.05,512,3,5,4,256,6000,8.0,2633729,1,1,9974,1108,600013,7,4468,46468,1,6.0,0.05,0.08355,0.02057277
cold,0,1,0,3e-05,0.05,512,3,5,4,256,6000,8.0,2633729,1,1,9974,1108,600013,7,4468,46468,2,12.0,0.1,0.1671,0.02436464
cold,0,1,0,3e-05,0.05,512,3,5,4,256,6000,8.0,2633729,1,1,9974,1108,600013,7,4468,46468,3,18.0,0.15,0.25065,0.02872501
cold,0,1,0,3e-05,0.05,512,3,5,4,256,6000,8.0,2633729,1,1,9974,1108,600013,7,4468,46468,4,24.0,0.2,0.3342,0.03324893
cold,0,1,0,3e-05,0.05,512,3,5,4,256,6000,8.0,2633729,1,1,9974,1108,600013,7,4468,46468,5,30.0,0.25,0.41775,0.03785945
cold,0,1,0,3e-05,0.05,512,3,5,4,256,6000,8.0,2633729,1,1,9974,1108,600013,7,4468,46468,6,36.0,0.3,0.5013,0.04352006
cold,0,1,0,3e-05,0.05,512,3,5,4,256,6000,8.0,2633729,1,1,9974,1108,600013,7,4468,46468,7,42.0,0.35,0.58485,0.04942837
cold,0,1,0,3e-05,0.05,512,3,5,4,256,6000,8.0,2633729,1,1,9974,1108,600013,7,4468,46468,8,48.0,0.4,0.6684,0.05550676
cold,0,1,0,3e-05,0.05,512,3,5,4,256,6000,8.0,2633729,1,1,9974,1108,600013,7,4468,46468,9,54.0,0.45,0.75195,0.06203205
cold,0,1,0,3e-05,0.05,512,3,5,4,256,6000,8.0,2633729,1,1,9974,1108,600013,7,4468,46468,10,60.0,0.5,0.8355,0.06926923
cold,0,1,0,3e-05,0.05,512,3,5,4,256,6000,8.0,2633729,1,1,9974,1108,600013,7,4468,46468,11,66.0,0.55,0.91905,0.07719743
cold,0,1,0,3e-05,0.05,512,3,5,4,256,6000,8.0,2633729,1,1,9974,1108,600013,7,4468,46468,12,72.0,0.6,1.0026,0.08618166
cold,0,1,0,3e-05,0.05,512,3,5,4,256,6000,8.0,2633729,1,1,9974,1108,600013,7,4468,46468,13,78.0,0.65,1.08615,0.09648081
cold,0,1,0,3e-05,0.05,512,3,5,4,256,6000,8.0,2633729,1,1,9974,1108,600013,7,4468,46468,14,84.0,0.7,1.1697,0.10859878
cold,0,1,0,3e-05,0.05,512,3,5,4,256,6000,8.0,2633729,1,1,9974,1108,600013,7,4468,46468,15,90.0,0.75,1.25325,0.12229273
cold,0,1,0,3e-05,0.05,512,3,5,4,256,6000,8.0,2633729,1,1,9974,1108,600013,7,4468,46468,16,96.0,0.8,1.3368,0.13653085
cold,0,1,0,3e-05,0.05,512,3,5,4,256,6000,8.0,2633729,1,1,9974,1108,600013,7,4468,46468,17,102.0,0.85,1.42035,0.15057416
cold,0,1,0,3e-05,0.05,512,3,5,4,256,6000,8.0,2633729,1,1,9974,1108,600013,7,4468,46468,18,108.0,0.9,1.5039,0.16437729
cold,0,1,0,3e-05,0.05,512,3,5,4,256,6000,8.0,2633729,1,1,9974,1108,600013,7,4468,46468,19,114.0,0.95,1.58745,0.17846321
cold,0,1,0,3e-05,0.05,512,3,5,4,256,6000,8.0,2633729,1,1,9974,1108,600013,7,4468,46468,20,120.0,1.0,1.671,0.19354083
cold,0,1,0,3e-05,0.05,512,3,5,4,256,6000,8.0,2633729,1,1,9974,1108,600013,7,4468,46468,21,126.0,1.05,1.75455,0.20995039
cold,0,1,0,3e-05,0.05,512,3,5,4,256,6000,8.0,2633729,1,1,9974,1108,600013,7,4468,46468,22,132.0,1.1,1.8381,0.22789794
cold,0,1,0,3e-05,0.05,512,3,5,4,256,6000,8.0,2633729,1,1,9974,1108,600013,7,4468,46468,23,138.0,1.15,1.92165,0.2478437
cold,0,1,0,3e-05,0.05,512,3,5,4,256,6000,8.0,2633729,1,1,9974,1108,600013,7,4468,46468,24,144.0,1.2,2.0052,0.26962504
cold,0,1,0,3e-05,0.05,512,3,5,4,256,6000,8.0,2633729,1,1,9974,1108,600013,7,4468,46468,25,150.0,1.25,2.08875,0.29192719
cold,0,1,0,3e-05,0.05,512,3,5,4,256,6000,8.0,2633729,1,1,9974,1108,600013,7,4468,46468,26,156.0,1.3,2.1723,0.31456918
cold,0,1,0,3e-05,0.05,512,3,5,4,256,6000,8.0,2633729,1,1,9974,1108,600013,7,4468,46468,27,162.0,1.35,2.25585,0.33744106
cold,0,1,0,3e-05,0.05,512,3,5,4,256,6000,8.0,2633729,1,1,9974,1108,600013,7,4468,46468,28,168.0,1.4,2.3394,0.35862523
cold,0,1,0,3e-05,0.05,512,3,5,4,256,6000,8.0,2633729,1,1,9974,1108,600013,7,4468,46468,29,174.0,1.45,2.42295,0.37637001
cold,0,1,0,3e-05,0.05,512,3,5,4,256,6000,8.0,2633729,1,1,9974,1108,600013,7,4468,46468,30,180.0,1.5,2.5065,0.39203522
cold,0,1,0,3e-05,0.05,512,3,5,4,256,6000,8.0,2633729,1,1,9974,1108,600013,7,4468,46468,31,186.0,1.55,2.59005,0.40884882
cold,0,1,0,3e-05,0.05,512,3,5,4,256,6000,8.0,2633729,1,1,9974,1108,600013,7,4468,46468,32,192.0,1.6,2.6736,0.42762557
cold,0,1,0,3e-05,0.05,512,3,5,4,256,6000,8.0,2633729,1,1,9974,1108,600013,7,4468,46468,33,198.0,1.65,2.75715,0.44604743
cold,0,1,0,3e-05,0.05,512,3,5,4,256,6000,8.0,2633729,1,1,9974,1108,600013,7,4468,46468,34,204.0,1.7,2.8407,0.46300691
cold,0,1,0,3e-05,0.05,512,3,5,4,256,6000,8.0,2633729,1,1,9974,1108,600013,7,4468,46468,35,210.0,1.75,2.92425,0.48064008
cold,0,1,0,3e-05,0.05,512,3,5,4,256,6000,8.0,2633729,1,1,9974,1108,600013,7,4468,46468,36,216.0,1.8,3.0078,0.50120318
cold,0,1,0,3e-05,0.05,512,3,5,4,256,6000,8.0,2633729,1,1,9974,1108,600013,7,4468,46468,37,222.0,1.85,3.09135,0.52357846
cold,0,1,0,3e-05,0.05,512,3,5,4,256,6000,8.0,2633729,1,1,9974,1108,600013,7,4468,46468,38,228.0,1.9,3.1749,0.54438144
cold,0,1,0,3e-05,0.05,512,3,5,4,256,6000,8.0,2633729,1,1,9974,1108,600013,7,4468,46468,39,234.0,1.95,3.25845,0.56152505
cold,0,1,0,3e-05,0.05,512,3,5,4,256,6000,8.0,2633729,1,1,9974,1108,600013,7,4468,46468,40,240.0,2.0,3.342,0.57580757
cold,0,1,0,3e-05,0.05,512,3,5,4,256,6000,8.0,2633729,1,1,9974,1108,600013,7,4468,46468,41,246.0,2.05,3.42555,0.59034282
cold,0,1,0,3e-05,0.05,512,3,5,4,256,6000,8.0,2633729,1,1,9974,1108,600013,7,4468,46468,42,252.0,2.1,3.5091,0.60732508
cold,0,1,0,3e-05,0.05,512,3,5,4,256,6000,8.0,2633729,1,1,9974,1108,600013,7,4468,46468,43,258.0,2.15,3.59265,0.6261937
cold,0,1,0,3e-05,0.05,512,3,5,4,256,6000,8.0,2633729,1,1,9974,1108,600013,7,4468,46468,44,264.0,2.2,3.6762,0.64630735
cold,0,1,0,3e-05,0.05,512,3,5,4,256,6000,8.0,2633729,1,1,9974,1108,600013,7,4468,46468,45,270.0,2.25,3.75975,0.66651696
cold,0,1,0,3e-05,0.05,512,3,5,4,256,6000,8.0,2633729,1,1,9974,1108,600013,7,4468,46468,46,276.0,2.3,3.8433,0.68480933
cold,0,1,0,3e-05,0.05,512,3,5,4,256,6000,8.0,2633729,1,1,9974,1108,600013,7,4468,46468,47,282.0,2.35,3.92685,0.70099247
cold,0,1,0,3e-05,0.05,512,3,5,4,256,6000,8.0,2633729,1,1,9974,1108,600013,7,4468,46468,48,288.0,2.4,4.0104,0.71669716
cold,0,1,0,3e-05,0.05,512,3,5,4,256,6000,8.0,2633729,1,1,9974,1108,600013,7,4468,46468,49,294.0,2.45,4.09395,0.73206347
cold,0,1,0,3e-05,0.05,512,3,5,4,256,6000,8.0,2633729,1,1,9974,1108,600013,7,4468,46468,50,300.0,2.5,4.1775,0.7449308
cold,0,1,0,3e-05,0.05,512,3,5,4,256,6000,8.0,2633729,1,1,9974,1108,600013,7,4468,46468,51,306.0,2.55,4.26105,0.75407749
cold,0,1,0,3e-05,0.05,512,3,5,4,256,6000,8.0,2633729,1,1,9974,1108,600013,7,4468,46468,52,312.0,2.6,4.3446,0.76216298
cold,0,1,0,3e-05,0.05,512,3,5,4,256,6000,8.0,2633729,1,1,9974,1108,600013,7,4468,46468,53,318.0,2.65,4.42815,0.77207857
cold,0,1,0,3e-05,0.05,512,3,5,4,256,6000,8.0,2633729,1,1,9974,1108,600013,7,4468,46468,54,324.0,2.7,4.5117,0.78354144
cold,0,1,0,3e-05,0.05,512,3,5,4,256,6000,8.0,2633729,1,1,9974,1108,600013,7,4468,46468,55,330.0,2.75,4.59525,0.79521644
cold,0,1,0,3e-05,0.05,512,3,5,4,256,6000,8.0,2633729,1,1,9974,1108,600013,7,4468,46468,56,336.0,2.8,4.6788,0.80797994
cold,0,1,0,3e-05,0.05,512,3,5,4,256,6000,8.0,2633729,1,1,9974,1108,600013,7,4468,46468,57,342.0,2.85,4.76235,0.82319421
cold,0,1,0,3e-05,0.05,512,3,5,4,256,6000,8.0,2633729,1,1,9974,1108,600013,7,4468,46468,58,348.0,2.9,4.8459,0.83925045
cold,0,1,0,3e-05,0.05,512,3,5,4,256,6000,8.0,2633729,1,1,9974,1108,600013,7,4468,46468,59,354.0,2.95,4.92945,0.85241771
cold,0,1,0,3e-05,0.05,512,3,5,4,256,6000,8.0,2633729,1,1,9974,1108,600013,7,4468,46468,60,360.0,3.0,5.013,0.86194986
cold,0,1,0,3e-05,0.05,512,3,5,4,256,6000,8.0,2633729,1,1,9974,1108,600013,7,4468,46468,61,366.0,3.05,5.09655,0.87033337
cold,0,1,0,3e-05,0.05,512,3,5,4,256,6000,8.0,2633729,1,1,9974,1108,600013,7,4468,46468,62,372.0,3.1,5.1801,0.87893319
cold,0,1,0,3e-05,0.05,512,3,5,4,256,6000,8.0,2633729,1,1,9974,1108,600013,7,4468,46468,63,378.0,3.15,5.26365,0.88729775
cold,0,1,0,3e-05,0.05,512,3,5,4,256,6000,8.0,2633729,1,1,9974,1108,600013,7,4468,46468,64,384.0,3.2,5.3472,0.89527071
cold,0,1,0,3e-05,0.05,512,3,5,4,256,6000,8.0,2633729,1,1,9974,1108,600013,7,4468,46468,65,390.0,3.25,5.43075,0.9031896
cold,0,1,0,3e-05,0.05,512,3,5,4,256,6000,8.0,2633729,1,1,9974,1108,600013,7,4468,46468,66,396.0,3.3,5.5143,0.90926749
cold,0,1,0,3e-05,0.05,512,3,5,4,256,6000,8.0,2633729,1,1,9974,1108,600013,7,4468,46468,67,402.0,3.35,5.59785,0.91061366
cold,0,1,0,3e-05,0.05,512,3,5,4,256,6000,8.0,2633729,1,1,9974,1108,600013,7,4468,46468,68,408.0,3.4,5.6814,0.90689516
cold,0,1,0,3e-05,0.05,512,3,5,4,256,6000,8.0,2633729,1,1,9974,1108,600013,7,4468,46468,69,414.0,3.45,5.76495,0.90116954
cold,0,1,0,3e-05,0.05,512,3,5,4,256,6000,8.0,2633729,1,1,9974,1108,600013,7,4468,46468,70,420.0,3.5,5.8485,0.89721215
cold,0,1,0,3e-05,0.05,512,3,5,4,256,6000,8.0,2633729,1,1,9974,1108,600013,7,4468,46468,71,426.0,3.55,5.93205,0.89682829
cold,0,1,0,3e-05,0.05,512,3,5,4,256,6000,8.0,2633729,1,1,9974,1108,600013,7,4468,46468,72,432.0,3.6,6.0156,0.90068406
cold,0,1,0,3e-05,0.05,512,3,5,4,256,6000,8.0,2633729,1,1,9974,1108,600013,7,4468,46468,73,438.0,3.65,6.09915,0.90916455
cold,0,1,0,3e-05,0.05,512,3,5,4,256,6000,8.0,2633729,1,1,9974,1108,600013,7,4468,46468,74,444.0,3.7,6.1827,0.92184716
cold,0,1,0,3e-05,0.05,512,3,5,4,256,6000,8.0,2633729,1,1,9974,1108,600013,7,4468,46468,75,450.0,3.75,6.26625,0.93609685
cold,0,1,0,3e-05,0.05,512,3,5,4,256,6000,8.0,2633729,1,1,9974,1108,600013,7,4468,46468,76,456.0,3.8,6.3498,0.94765294
cold,0,1,0,3e-05,0.05,512,3,5,4,256,6000,8.0,2633729,1,1,9974,1108,600013,7,4468,46468,77,462.0,3.85,6.43335,0.95332283
cold,0,1,0,3e-05,0.05,512,3,5,4,256,6000,8.0,2633729,1,1,9974,1108,600013,7,4468,46468,78,468.0,3.9,6.5169,0.95345026
cold,0,1,0,3e-05,0.05,512,3,5,4,256,6000,8.0,2633729,1,1,9974,1108,600013,7,4468,46468,79,474.0,3.95,6.60045,0.95081067
cold,0,1,0,3e-05,0.05,512,3,5,4,256,6000,8.0,2633729,1,1,9974,1108,600013,7,4468,46468,80,480.0,4.0,6.684,0.94717735
cold,0,1,0,3e-05,0.05,512,3,5,4,256,6000,8.0,2633729,1,1,9974,1108,600013,7,4468,46468,81,486.0,4.05,6.76755,0.94284773
cold,0,1,0,3e-05,0.05,512,3,5,4,256,6000,8.0,2633729,1,1,9974,1108,600013,7,4468,46468,82,492.0,4.1,6.8511,0.9387306
cold,0,1,0,3e-05,0.05,512,3,5,4,256,6000,8.0,2633729,1,1,9974,1108,600013,7,4468,46468,83,498.0,4.15,6.93465,0.93702769
cold,0,1,0,3e-05,0.05,512,3,5,4,256,6000,8.0,2633729,1,1,9974,1108,600013,7,4468,46468,84,504.0,4.2,7.0182,0.93923175
cold,0,1,0,3e-05,0.05,512,3,5,4,256,6000,8.0,2633729,1,1,9974,1108,600013,7,4468,46468,85,510.0,4.25,7.10175,0.94440001
cold,0,1,0,3e-05,0.05,512,3,5,4,256,6000,8.0,2633729,1,1,9974,1108,600013,7,4468,46468,86,516.0,4.3,7.1853,0.95051652
cold,0,1,0,3e-05,0.05,512,3,5,4,256,6000,8.0,2633729,1,1,9974,1108,600013,7,4468,46468,87,522.0,4.35,7.26885,0.95636326
cold,0,1,0,3e-05,0.05,512,3,5,4,256,6000,8.0,2633729,1,1,9974,1108,600013,7,4468,46468,88,528.0,4.4,7.3524,0.9608081
cold,0,1,0,3e-05,0.05,512,3,5,4,256,6000,8.0,2633729,1,1,9974,1108,600013,7,4468,46468,89,534.0,4.45,7.43595,0.96351862
cold,0,1,0,3e-05,0.05,512,3,5,4,256,6000,8.0,2633729,1,1,9974,1108,600013,7,4468,46468,90,540.0,4.5,7.5195,0.96624047
cold,0,1,0,3e-05,0.05,512,3,5,4,256,6000,8.0,2633729,1,1,9974,1108,600013,7,4468,46468,91,546.0,4.55,7.60305,0.97003895
cold,0,1,0,3e-05,0.05,512,3,5,4,256,6000,8.0,2633729,1,1,9974,1108,600013,7,4468,46468,92,552.0,4.6,7.6866,0.97349292
cold,0,1,0,3e-05,0.05,512,3,5,4,256,6000,8.0,2633729,1,1,9974,1108,600013,7,4468,46468,93,558.0,4.65,7.77015,0.9749825
cold,0,1,0,3e-05,0.05,512,3,5,4,256,6000,8.0,2633729,1,1,9974,1108,600013,7,4468,46468,94,564.0,4.7,7.8537,0.9744032
cold,0,1,0,3e-05,0.05,512,3,5,4,256,6000,8.0,2633729,1,1,9974,1108,600013,7,4468,46468,95,570.0,4.75,7.93725,0.97212017
cold,0,1,0,3e-05,0.05,512,3,5,4,256,6000,8.0,2633729,1,1,9974,1108,600013,7,4468,46468,96,576.0,4.8,8.0208,0.96917844
cold,0,1,0,3e-05,0.05,512,3,5,4,256,6000,8.0,2633729,1,1,9974,1108,600013,7,4468,46468,97,582.0,4.85,8.10435,0.96676707
cold,0,1,0,3e-05,0.05,512,3,5,4,256,6000,8.0,2633729,1,1,9974,1108,600013,7,4468,46468,98,588.0,4.9,8.1879,0.96497971
cold,0,1,0,3e-05,0.05,512,3,5,4,256,6000,8.0,2633729,1,1,9974,1108,600013,7,4468,46468,99,594.0,4.95,8.27145,0.96280718
cold,0,1,0,3e-05,0.05,512,3,5,4,256,6000,8.0,2633729,1,1,9974,1108,600013,7,4468,46468,100,600.0,5.0,8.355,0.96012014
cold,0,1,0,3e-05,0.05,512,3,5,4,256,6000,8.0,2633729,1,1,9974,1108,600013,7,4468,46468,101,606.0,5.05,8.43855,0.95836973
cold,0,1,0,3e-05,0.05,512,3,5,4,256,6000,8.0,2633729,1,1,9974,1108,600013,7,4468,46468,102,612.0,5.1,8.5221,0.95860499
cold,0,1,0,3e-05,0.05,512,3,5,4,256,6000,8.0,2633729,1,1,9974,1108,600013,7,4468,46468,103,618.0,5.15,8.60565,0.95998752
cold,0,1,0,3e-05,0.05,512,3,5,4,256,6000,8.0,2633729,1,1,9974,1108,600013,7,4468,46468,104,624.0,5.2,8.6892,0.96114022
cold,0,1,0,3e-05,0.05,512,3,5,4,256,6000,8.0,2633729,1,1,9974,1108,600013,7,4468,46468,105,630.0,5.25,8.77275,0.96217501
cold,0,1,0,3e-05,0.05,512,3,5,4,256,6000,8.0,2633729,1,1,9974,1108,600013,7,4468,46468,106,636.0,5.3,8.8563,0.96445948
cold,0,1,0,3e-05,0.05,512,3,5,4,256,6000,8.0,2633729,1,1,9974,1108,600013,7,4468,46468,107,642.0,5.35,8.93985,0.96824181
cold,0,1,0,3e-05,0.05,512,3,5,4,256,6000,8.0,2633729,1,1,9974,1108,600013,7,4468,46468,108,648.0,5.4,9.0234,0.97187293
cold,0,1,0,3e-05,0.05,512,3,5,4,256,6000,8.0,2633729,1,1,9974,1108,600013,7,4468,46468,109,654.0,5.45,9.10695,0.97334504
cold,0,1,0,3e-05,0.05,512,3,5,4,256,6000,8.0,2633729,1,1,9974,1108,600013,7,4468,46468,110,660.0,5.5,9.1905,0.97289979
cold,0,1,0,3e-05,0.05,512,3,5,4,256,6000,8.0,2633729,1,1,9974,1108,600013,7,4468,46468,111,666.0,5.55,9.27405,0.97265548
cold,0,1,0,3e-05,0.05,512,3,5,4,256,6000,8.0,2633729,1,1,9974,1108,600013,7,4468,46468,112,672.0,5.6,9.3576,0.97348964
cold,0,1,0,3e-05,0.05,512,3,5,4,256,6000,8.0,2633729,1,1,9974,1108,600013,7,4468,46468,113,678.0,5.65,9.44115,0.97399431
cold,0,1,0,3e-05,0.05,512,3,5,4,256,6000,8.0,2633729,1,1,9974,1108,600013,7,4468,46468,114,684.0,5.7,9.5247,0.9727717
cold,0,1,0,3e-05,0.05,512,3,5,4,256,6000,8.0,2633729,1,1,9974,1108,600013,7,4468,46468,115,690.0,5.75,9.60825,0.97095054
cold,0,1,0,3e-05,0.05,512,3,5,4,256,6000,8.0,2633729,1,1,9974,1108,600013,7,4468,46468,116,696.0,5.8,9.6918,0.97166568
cold,0,1,0,3e-05,0.05,512,3,5,4,256,6000,8.0,2633729,1,1,9974,1108,600013,7,4468,46468,117,702.0,5.85,9.77535,0.97564673
cold,0,1,0,3e-05,0.05,512,3,5,4,256,6000,8.0,2633729,1,1,9974,1108,600013,7,4468,46468,118,708.0,5.9,9.8589,0.9818427
cold,0,1,0,3e-05,0.05,512,3,5,4,256,6000,8.0,2633729,1,1,9974,1108,600013,7,4468,46468,119,714.0,5.95,9.94245,0.98913091
cold,0,1,0,3e-05,0.05,512,3,5,4,256,6000,8.0,2633729,1,1,9974,1108,600013,7,4468,46468,120,720.0,6.0,10.026,0.99672842
cold,0,1,0,3e-05,0.05,512,3,5,4,256,6000,8.0,2633729,1,1,9974,1108,600013,7,6000,48000,1,6.0,0.05,0.08355,0.02042519
cold,0,1,0,3e-05,0.05,512,3,5,4,256,6000,8.0,2633729,1,1,9974,1108,600013,7,6000,48000,2,12.0,0.1,0.1671,0.0241848
cold,0,1,0,3e-05,0.05,512,3,5,4,256,6000,8.0,2633729,1,1,9974,1108,600013,7,6000,48000,3,18.0,0.15,0.25065,0.02847255
cold,0,1,0,3e-05,0.05,512,3,5,4,256,6000,8.0,2633729,1,1,9974,1108,600013,7,6000,48000,4,24.0,0.2,0.3342,0.03288833
cold,0,1,0,3e-05,0.05,512,3,5,4,256,6000,8.0,2633729,1,1,9974,1108,600013,7,6000,48000,5,30.0,0.25,0.41775,0.03726732
cold,0,1,0,3e-05,0.05,512,3,5,4,256,6000,8.0,2633729,1,1,9974,1108,600013,7,6000,48000,6,36.0,0.3,0.5013,0.04280208
cold,0,1,0,3e-05,0.05,512,3,5,4,256,6000,8.0,2633729,1,1,9974,1108,600013,7,6000,48000,7,42.0,0.35,0.58485,0.04863909
cold,0,1,0,3e-05,0.05,512,3,5,4,256,6000,8.0,2633729,1,1,9974,1108,600013,7,6000,48000,8,48.0,0.4,0.6684,0.05468719
cold,0,1,0,3e-05,0.05,512,3,5,4,256,6000,8.0,2633729,1,1,9974,1108,600013,7,6000,48000,9,54.0,0.45,0.75195,0.06116595
cold,0,1,0,3e-05,0.05,512,3,5,4,256,6000,8.0,2633729,1,1,9974,1108,600013,7,6000,48000,10,60.0,0.5,0.8355,0.06853165
cold,0,1,0,3e-05,0.05,512,3,5,4,256,6000,8.0,2633729,1,1,9974,1108,600013,7,6000,48000,11,66.0,0.55,0.91905,0.07690225
cold,0,1,0,3e-05,0.05,512,3,5,4,256,6000,8.0,2633729,1,1,9974,1108,600013,7,6000,48000,12,72.0,0.6,1.0026,0.08649249
cold,0,1,0,3e-05,0.05,512,3,5,4,256,6000,8.0,2633729,1,1,9974,1108,600013,7,6000,48000,13,78.0,0.65,1.08615,0.0974284
cold,0,1,0,3e-05,0.05,512,3,5,4,256,6000,8.0,2633729,1,1,9974,1108,600013,7,6000,48000,14,84.0,0.7,1.1697,0.11017421
cold,0,1,0,3e-05,0.05,512,3,5,4,256,6000,8.0,2633729,1,1,9974,1108,600013,7,6000,48000,15,90.0,0.75,1.25325,0.12459155
cold,0,1,0,3e-05,0.05,512,3,5,4,256,6000,8.0,2633729,1,1,9974,1108,600013,7,6000,48000,16,96.0,0.8,1.3368,0.13980374
cold,0,1,0,3e-05,0.05,512,3,5,4,256,6000,8.0,2633729,1,1,9974,1108,600013,7,6000,48000,17,102.0,0.85,1.42035,0.15461531
cold,0,1,0,3e-05,0.05,512,3,5,4,256,6000,8.0,2633729,1,1,9974,1108,600013,7,6000,48000,18,108.0,0.9,1.5039,0.16830584
cold,0,1,0,3e-05,0.05,512,3,5,4,256,6000,8.0,2633729,1,1,9974,1108,600013,7,6000,48000,19,114.0,0.95,1.58745,0.18154043
cold,0,1,0,3e-05,0.05,512,3,5,4,256,6000,8.0,2633729,1,1,9974,1108,600013,7,6000,48000,20,120.0,1.0,1.671,0.1963613
cold,0,1,0,3e-05,0.05,512,3,5,4,256,6000,8.0,2633729,1,1,9974,1108,600013,7,6000,48000,21,126.0,1.05,1.75455,0.21406642
cold,0,1,0,3e-05,0.05,512,3,5,4,256,6000,8.0,2633729,1,1,9974,1108,600013,7,6000,48000,22,132.0,1.1,1.8381,0.23444799
cold,0,1,0,3e-05,0.05,512,3,5,4,256,6000,8.0,2633729,1,1,9974,1108,600013,7,6000,48000,23,138.0,1.15,1.92165,0.25731879
cold,0,1,0,3e-05,0.05,512,3,5,4,256,6000,8.0,2633729,1,1,9974,1108,600013,7,6000,48000,24,144.0,1.2,2.0052,0.28272197
cold,0,1,0,3e-05,0.05,512,3,5,4,256,6000,8.0,2633729,1,1,9974,1108,600013,7,6000,48000,25,150.0,1.25,2.08875,0.30987662
cold,0,1,0,3e-05,0.05,512,3,5,4,256,6000,8.0,2633729,1,1,9974,1108,600013,7,6000,48000,26,156.0,1.3,2.1723,0.33758277
cold,0,1,0,3e-05,0.05,512,3,5,4,256,6000,8.0,2633729,1,1,9974,1108,600013,7,6000,48000,27,162.0,1.35,2.25585,0.36483824
cold,0,1,0,3e-05,0.05,512,3,5,4,256,6000,8.0,2633729,1,1,9974,1108,600013,7,6000,48000,28,168.0,1.4,2.3394,0.38970539
cold,0,1,0,3e-05,0.05,512,3,5,4,256,6000,8.0,2633729,1,1,9974,1108,600013,7,6000,48000,29,174.0,1.45,2.42295,0.41100255
cold,0,1,0,3e-05,0.05,512,3,5,4,256,6000,8.0,2633729,1,1,9974,1108,600013,7,6000,48000,30,180.0,1.5,2.5065,0.43064782
cold,0,1,0,3e-05,0.05,512,3,5,4,256,6000,8.0,2633729,1,1,9974,1108,600013,7,6000,48000,31,186.0,1.55,2.59005,0.45195773
cold,0,1,0,3e-05,0.05,512,3,5,4,256,6000,8.0,2633729,1,1,9974,1108,600013,7,6000,48000,32,192.0,1.6,2.6736,0.47564709
cold,0,1,0,3e-05,0.05,512,3,5,4,256,6000,8.0,2633729,1,1,9974,1108,600013,7,6000,48000,33,198.0,1.65,2.75715,0.49794456
cold,0,1,0,3e-05,0.05,512,3,5,4,256,6000,8.0,2633729,1,1,9974,1108,600013,7,6000,48000,34,204.0,1.7,2.8407,0.51584184
cold,0,1,0,3e-05,0.05,512,3,5,4,256,6000,8.0,2633729,1,1,9974,1108,600013,7,6000,48000,35,210.0,1.75,2.92425,0.53158796
cold,0,1,0,3e-05,0.05,512,3,5,4,256,6000,8.0,2633729,1,1,9974,1108,600013,7,6000,48000,36,216.0,1.8,3.0078,0.54959393
cold,0,1,0,3e-05,0.05,512,3,5,4,256,6000,8.0,2633729,1,1,9974,1108,600013,7,6000,48000,37,222.0,1.85,3.09135,0.57158542
cold,0,1,0,3e-05,0.05,512,3,5,4,256,6000,8.0,2633729,1,1,9974,1108,600013,7,6000,48000,38,228.0,1.9,3.1749,0.59578103
cold,0,1,0,3e-05,0.05,512,3,5,4,256,6000,8.0,2633729,1,1,9974,1108,600013,7,6000,48000,39,234.0,1.95,3.25845,0.61940861
cold,0,1,0,3e-05,0.05,512,3,5,4,256,6000,8.0,2633729,1,1,9974,1108,600013,7,6000,48000,40,240.0,2.0,3.342,0.64121872
cold,0,1,0,3e-05,0.05,512,3,5,4,256,6000,8.0,2633729,1,1,9974,1108,600013,7,6000,48000,41,246.0,2.05,3.42555,0.66196668
cold,0,1,0,3e-05,0.05,512,3,5,4,256,6000,8.0,2633729,1,1,9974,1108,600013,7,6000,48000,42,252.0,2.1,3.5091,0.68237472
cold,0,1,0,3e-05,0.05,512,3,5,4,256,6000,8.0,2633729,1,1,9974,1108,600013,7,6000,48000,43,258.0,2.15,3.59265,0.70100433
cold,0,1,0,3e-05,0.05,512,3,5,4,256,6000,8.0,2633729,1,1,9974,1108,600013,7,6000,48000,44,264.0,2.2,3.6762,0.71640432
cold,0,1,0,3e-05,0.05,512,3,5,4,256,6000,8.0,2633729,1,1,9974,1108,600013,7,6000,48000,45,270.0,2.25,3.75975,0.72981107
cold,0,1,0,3e-05,0.05,512,3,5,4,256,6000,8.0,2633729,1,1,9974,1108,600013,7,6000,48000,46,276.0,2.3,3.8433,0.74272174
cold,0,1,0,3e-05,0.05,512,3,5,4,256,6000,8.0,2633729,1,1,9974,1108,600013,7,6000,48000,47,282.0,2.35,3.92685,0.75522697
cold,0,1,0,3e-05,0.05,512,3,5,4,256,6000,8.0,2633729,1,1,9974,1108,600013,7,6000,48000,48,288.0,2.4,4.0104,0.76743513
cold,0,1,0,3e-05,0.05,512,3,5,4,256,6000,8.0,2633729,1,1,9974,1108,600013,7,6000,48000,49,294.0,2.45,4.09395,0.7789982
cold,0,1,0,3e-05,0.05,512,3,5,4,256,6000,8.0,2633729,1,1,9974,1108,600013,7,6000,48000,50,300.0,2.5,4.1775,0.78956628
cold,0,1,0,3e-05,0.05,512,3,5,4,256,6000,8.0,2633729,1,1,9974,1108,600013,7,6000,48000,51,306.0,2.55,4.26105,0.79881221
cold,0,1,0,3e-05,0.05,512,3,5,4,256,6000,8.0,2633729,1,1,9974,1108,600013,7,6000,48000,52,312.0,2.6,4.3446,0.80678219
cold,0,1,0,3e-05,0.05,512,3,5,4,256,6000,8.0,2633729,1,1,9974,1108,600013,7,6000,48000,53,318.0,2.65,4.42815,0.81367654
cold,0,1,0,3e-05,0.05,512,3,5,4,256,6000,8.0,2633729,1,1,9974,1108,600013,7,6000,48000,54,324.0,2.7,4.5117,0.82032204
cold,0,1,0,3e-05,0.05,512,3,5,4,256,6000,8.0,2633729,1,1,9974,1108,600013,7,6000,48000,55,330.0,2.75,4.59525,0.82770497
cold,0,1,0,3e-05,0.05,512,3,5,4,256,6000,8.0,2633729,1,1,9974,1108,600013,7,6000,48000,56,336.0,2.8,4.6788,0.83641946
cold,0,1,0,3e-05,0.05,512,3,5,4,256,6000,8.0,2633729,1,1,9974,1108,600013,7,6000,48000,57,342.0,2.85,4.76235,0.84648442
cold,0,1,0,3e-05,0.05,512,3,5,4,256,6000,8.0,2633729,1,1,9974,1108,600013,7,6000,48000,58,348.0,2.9,4.8459,0.85578603
cold,0,1,0,3e-05,0.05,512,3,5,4,256,6000,8.0,2633729,1,1,9974,1108,600013,7,6000,48000,59,354.0,2.95,4.92945,0.86189801
cold,0,1,0,3e-05,0.05,512,3,5,4,256,6000,8.0,2633729,1,1,9974,1108,600013,7,6000,48000,60,360.0,3.0,5.013,0.86573952
cold,0,1,0,3e-05,0.05,512,3,5,4,256,6000,8.0,2633729,1,1,9974,1108,600013,7,6000,48000,61,366.0,3.05,5.09655,0.87127882
cold,0,1,0,3e-05,0.05,512,3,5,4,256,6000,8.0,2633729,1,1,9974,1108,600013,7,6000,48000,62,372.0,3.1,5.1801,0.88052249
cold,0,1,0,3e-05,0.05,512,3,5,4,256,6000,8.0,2633729,1,1,9974,1108,600013,7,6000,48000,63,378.0,3.15,5.26365,0.89145768
cold,0,1,0,3e-05,0.05,512,3,5,4,256,6000,8.0,2633729,1,1,9974,1108,600013,7,6000,48000,64,384.0,3.2,5.3472,0.90129143
cold,0,1,0,3e-05,0.05,512,3,5,4,256,6000,8.0,2633729,1,1,9974,1108,600013,7,6000,48000,65,390.0,3.25,5.43075,0.90776217
cold,0,1,0,3e-05,0.05,512,3,5,4,256,6000,8.0,2633729,1,1,9974,1108,600013,7,6000,48000,66,396.0,3.3,5.5143,0.91084826
cold,0,1,0,3e-05,0.05,512,3,5,4,256,6000,8.0,2633729,1,1,9974,1108,600013,7,6000,48000,67,402.0,3.35,5.59785,0.91274118
cold,0,1,0,3e-05,0.05,512,3,5,4,256,6000,8.0,2633729,1,1,9974,1108,600013,7,6000,48000,68,408.0,3.4,5.6814,0.91455746
cold,0,1,0,3e-05,0.05,512,3,5,4,256,6000,8.0,2633729,1,1,9974,1108,600013,7,6000,48000,69,414.0,3.45,5.76495,0.91657263
cold,0,1,0,3e-05,0.05,512,3,5,4,256,6000,8.0,2633729,1,1,9974,1108,600013,7,6000,48000,70,420.0,3.5,5.8485,0.91998738
cold,0,1,0,3e-05,0.05,512,3,5,4,256,6000,8.0,2633729,1,1,9974,1108,600013,7,6000,48000,71,426.0,3.55,5.93205,0.92518127
cold,0,1,0,3e-05,0.05,512,3,5,4,256,6000,8.0,2633729,1,1,9974,1108,600013,7,6000,48000,72,432.0,3.6,6.0156,0.93125588
cold,0,1,0,3e-05,0.05,512,3,5,4,256,6000,8.0,2633729,1,1,9974,1108,600013,7,6000,48000,73,438.0,3.65,6.09915,0.93656605
cold,0,1,0,3e-05,0.05,512,3,5,4,256,6000,8.0,2633729,1,1,9974,1108,600013,7,6000,48000,74,444.0,3.7,6.1827,0.9406274
cold,0,1,0,3e-05,0.05,512,3,5,4,256,6000,8.0,2633729,1,1,9974,1108,600013,7,6000,48000,75,450.0,3.75,6.26625,0.94466126
cold,0,1,0,3e-05,0.05,512,3,5,4,256,6000,8.0,2633729,1,1,9974,1108,600013,7,6000,48000,76,456.0,3.8,6.3498,0.94933122
cold,0,1,0,3e-05,0.05,512,3,5,4,256,6000,8.0,2633729,1,1,9974,1108,600013,7,6000,48000,77,462.0,3.85,6.43335,0.95330459
cold,0,1,0,3e-05,0.05,512,3,5,4,256,6000,8.0,2633729,1,1,9974,1108,600013,7,6000,48000,78,468.0,3.9,6.5169,0.954561
cold,0,1,0,3e-05,0.05,512,3,5,4,256,6000,8.0,2633729,1,1,9974,1108,600013,7,6000,48000,79,474.0,3.95,6.60045,0.95379668
cold,0,1,0,3e-05,0.05,512,3,5,4,256,6000,8.0,2633729,1,1,9974,1108,600013,7,6000,48000,80,480.0,4.0,6.684,0.95526201
cold,0,1,0,3e-05,0.05,512,3,5,4,256,6000,8.0,2633729,1,1,9974,1108,600013,7,6000,48000,81,486.0,4.05,6.76755,0.96183461
cold,0,1,0,3e-05,0.05,512,3,5,4,256,6000,8.0,2633729,1,1,9974,1108,600013,7,6000,48000,82,492.0,4.1,6.8511,0.97133756
cold,0,1,0,3e-05,0.05,512,3,5,4,256,6000,8.0,2633729,1,1,9974,1108,600013,7,6000,48000,83,498.0,4.15,6.93465,0.98007834
cold,0,1,0,3e-05,0.05,512,3,5,4,256,6000,8.0,2633729,1,1,9974,1108,600013,7,6000,48000,84,504.0,4.2,7.0182,0.98592705
cold,0,1,0,3e-05,0.05,512,3,5,4,256,6000,8.0,2633729,1,1,9974,1108,600013,7,6000,48000,85,510.0,4.25,7.10175,0.98804301
cold,0,1,0,3e-05,0.05,512,3,5,4,256,6000,8.0,2633729,1,1,9974,1108,600013,7,6000,48000,86,516.0,4.3,7.1853,0.9867835
cold,0,1,0,3e-05,0.05,512,3,5,4,256,6000,8.0,2633729,1,1,9974,1108,600013,7,6000,48000,87,522.0,4.35,7.26885,0.98291856
cold,0,1,0,3e-05,0.05,512,3,5,4,256,6000,8.0,2633729,1,1,9974,1108,600013,7,6000,48000,88,528.0,4.4,7.3524,0.97685683
cold,0,1,0,3e-05,0.05,512,3,5,4,256,6000,8.0,2633729,1,1,9974,1108,600013,7,6000,48000,89,534.0,4.45,7.43595,0.97028005
cold,0,1,0,3e-05,0.05,512,3,5,4,256,6000,8.0,2633729,1,1,9974,1108,600013,7,6000,48000,90,540.0,4.5,7.5195,0.96576381
cold,0,1,0,3e-05,0.05,512,3,5,4,256,6000,8.0,2633729,1,1,9974,1108,600013,7,6000,48000,91,546.0,4.55,7.60305,0.96440846
cold,0,1,0,3e-05,0.05,512,3,5,4,256,6000,8.0,2633729,1,1,9974,1108,600013,7,6000,48000,92,552.0,4.6,7.6866,0.9653272
cold,0,1,0,3e-05,0.05,512,3,5,4,256,6000,8.0,2633729,1,1,9974,1108,600013,7,6000,48000,93,558.0,4.65,7.77015,0.96718222
cold,0,1,0,3e-05,0.05,512,3,5,4,256,6000,8.0,2633729,1,1,9974,1108,600013,7,6000,48000,94,564.0,4.7,7.8537,0.96910954
cold,0,1,0,3e-05,0.05,512,3,5,4,256,6000,8.0,2633729,1,1,9974,1108,600013,7,6000,48000,95,570.0,4.75,7.93725,0.97062081
cold,0,1,0,3e-05,0.05,512,3,5,4,256,6000,8.0,2633729,1,1,9974,1108,600013,7,6000,48000,96,576.0,4.8,8.0208,0.97047859
cold,0,1,0,3e-05,0.05,512,3,5,4,256,6000,8.0,2633729,1,1,9974,1108,600013,7,6000,48000,97,582.0,4.85,8.10435,0.96739489
cold,0,1,0,3e-05,0.05,512,3,5,4,256,6000,8.0,2633729,1,1,9974,1108,600013,7,6000,48000,98,588.0,4.9,8.1879,0.96253949
cold,0,1,0,3e-05,0.05,512,3,5,4,256,6000,8.0,2633729,1,1,9974,1108,600013,7,6000,48000,99,594.0,4.95,8.27145,0.95967472
cold,0,1,0,3e-05,0.05,512,3,5,4,256,6000,8.0,2633729,1,1,9974,1108,600013,7,6000,48000,100,600.0,5.0,8.355,0.96201122
cold,0,1,0,3e-05,0.05,512,3,5,4,256,6000,8.0,2633729,1,1,9974,1108,600013,7,6000,48000,101,606.0,5.05,8.43855,0.96892083
cold,0,1,0,3e-05,0.05,512,3,5,4,256,6000,8.0,2633729,1,1,9974,1108,600013,7,6000,48000,102,612.0,5.1,8.5221,0.97632736
cold,0,1,0,3e-05,0.05,512,3,5,4,256,6000,8.0,2633729,1,1,9974,1108,600013,7,6000,48000,103,618.0,5.15,8.60565,0.98125833
cold,0,1,0,3e-05,0.05,512,3,5,4,256,6000,8.0,2633729,1,1,9974,1108,600013,7,6000,48000,104,624.0,5.2,8.6892,0.98396105
cold,0,1,0,3e-05,0.05,512,3,5,4,256,6000,8.0,2633729,1,1,9974,1108,600013,7,6000,48000,105,630.0,5.25,8.77275,0.98591447
cold,0,1,0,3e-05,0.05,512,3,5,4,256,6000,8.0,2633729,1,1,9974,1108,600013,7,6000,48000,106,636.0,5.3,8.8563,0.9882713
cold,0,1,0,3e-05,0.05,512,3,5,4,256,6000,8.0,2633729,1,1,9974,1108,600013,7,6000,48000,107,642.0,5.35,8.93985,0.99211937
cold,0,1,0,3e-05,0.05,512,3,5,4,256,6000,8.0,2633729,1,1,9974,1108,600013,7,6000,48000,108,648.0,5.4,9.0234,0.9978745
cold,0,1,0,3e-05,0.05,512,3,5,4,256,6000,8.0,2633729,1,1,9974,1108,600013,7,6000,48000,109,654.0,5.45,9.10695,1.00407171
cold,0,1,0,3e-05,0.05,512,3,5,4,256,6000,8.0,2633729,1,1,9974,1108,600013,7,6000,48000,110,660.0,5.5,9.1905,1.00880802
cold,0,1,0,3e-05,0.05,512,3,5,4,256,6000,8.0,2633729,1,1,9974,1108,600013,7,6000,48000,111,666.0,5.55,9.27405,1.01124847
cold,0,1,0,3e-05,0.05,512,3,5,4,256,6000,8.0,2633729,1,1,9974,1108,600013,7,6000,48000,112,672.0,5.6,9.3576,1.01148832
cold,0,1,0,3e-05,0.05,512,3,5,4,256,6000,8.0,2633729,1,1,9974,1108,600013,7,6000,48000,113,678.0,5.65,9.44115,1.00988555
cold,0,1,0,3e-05,0.05,512,3,5,4,256,6000,8.0,2633729,1,1,9974,1108,600013,7,6000,48000,114,684.0,5.7,9.5247,1.00611627
cold,0,1,0,3e-05,0.05,512,3,5,4,256,6000,8.0,2633729,1,1,9974,1108,600013,7,6000,48000,115,690.0,5.75,9.60825,1.00000775
cold,0,1,0,3e-05,0.05,512,3,5,4,256,6000,8.0,2633729,1,1,9974,1108,600013,7,6000,48000,116,696.0,5.8,9.6918,0.9932639
cold,0,1,0,3e-05,0.05,512,3,5,4,256,6000,8.0,2633729,1,1,9974,1108,600013,7,6000,48000,117,702.0,5.85,9.77535,0.98806506
cold,0,1,0,3e-05,0.05,512,3,5,4,256,6000,8.0,2633729,1,1,9974,1108,600013,7,6000,48000,118,708.0,5.9,9.8589,0.98365968
cold,0,1,0,3e-05,0.05,512,3,5,4,256,6000,8.0,2633729,1,1,9974,1108,600013,7,6000,48000,119,714.0,5.95,9.94245,0.97874558
cold,0,1,0,3e-05,0.05,512,3,5,4,256,6000,8.0,2633729,1,1,9974,1108,600013,7,6000,48000,120,720.0,6.0,10.026,0.97599238
cold,0,1,0,3e-05,0.05,512,3,5,4,256,6000,8.0,2633729,1,1,9974,1109,600014,8,1,48001,1,6.0,0.05,0.08355,0.17791757
cold,0,1,0,3e-05,0.05,512,3,5,4,256,6000,8.0,2633729,1,1,9974,1109,600014,8,1,48001,2,12.0,0.1,0.1671,0.34082058
cold,0,1,0,3e-05,0.05,512,3,5,4,256,6000,8.0,2633729,1,1,9974,1109,600014,8,1,48001,3,18.0,0.15,0.25065,0.48541528
cold,0,1,0,3e-05,0.05,512,3,5,4,256,6000,8.0,2633729,1,1,9974,1109,600014,8,1,48001,4,24.0,0.2,0.3342,0.60512614
cold,0,1,0,3e-05,0.05,512,3,5,4,256,6000,8.0,2633729,1,1,9974,1109,600014,8,1,48001,5,30.0,0.25,0.41775,0.69914025
cold,0,1,0,3e-05,0.05,512,3,5,4,256,6000,8.0,2633729,1,1,9974,1109,600014,8,1,48001,6,36.0,0.3,0.5013,0.76966083
cold,0,1,0,3e-05,0.05,512,3,5,4,256,6000,8.0,2633729,1,1,9974,1109,600014,8,1,48001,7,42.0,0.35,0.58485,0.82049733
cold,0,1,0,3e-05,0.05,512,3,5,4,256,6000,8.0,2633729,1,1,9974,1109,600014,8,1,48001,8,48.0,0.4,0.6684,0.85594732
cold,0,1,0,3e-05,0.05,512,3,5,4,256,6000,8.0,2633729,1,1,9974,1109,600014,8,1,48001,9,54.0,0.45,0.75195,0.88005936
cold,0,1,0,3e-05,0.05,512,3,5,4,256,6000,8.0,2633729,1,1,9974,1109,600014,8,1,48001,10,60.0,0.5,0.8355,0.89660323
cold,0,1,0,3e-05,0.05,512,3,5,4,256,6000,8.0,2633729,1,1,9974,1109,600014,8,1,48001,11,66.0,0.55,0.91905,0.90811074
cold,0,1,0,3e-05,0.05,512,3,5,4,256,6000,8.0,2633729,1,1,9974,1109,600014,8,1,48001,12,72.0,0.6,1.0026,0.91546643
cold,0,1,0,3e-05,0.05,512,3,5,4,256,6000,8.0,2633729,1,1,9974,1109,600014,8,1,48001,13,78.0,0.65,1.08615,0.91903412
cold,0,1,0,3e-05,0.05,512,3,5,4,256,6000,8.0,2633729,1,1,9974,1109,600014,8,1,48001,14,84.0,0.7,1.1697,0.92012292
cold,0,1,0,3e-05,0.05,512,3,5,4,256,6000,8.0,2633729,1,1,9974,1109,600014,8,1,48001,15,90.0,0.75,1.25325,0.92062157
cold,0,1,0,3e-05,0.05,512,3,5,4,256,6000,8.0,2633729,1,1,9974,1109,600014,8,1,48001,16,96.0,0.8,1.3368,0.92169821
cold,0,1,0,3e-05,0.05,512,3,5,4,256,6000,8.0,2633729,1,1,9974,1109,600014,8,1,48001,17,102.0,0.85,1.42035,0.9236533
cold,0,1,0,3e-05,0.05,512,3,5,4,256,6000,8.0,2633729,1,1,9974,1109,600014,8,1,48001,18,108.0,0.9,1.5039,0.92614692
cold,0,1,0,3e-05,0.05,512,3,5,4,256,6000,8.0,2633729,1,1,9974,1109,600014,8,1,48001,19,114.0,0.95,1.58745,0.92810923
cold,0,1,0,3e-05,0.05,512,3,5,4,256,6000,8.0,2633729,1,1,9974,1109,600014,8,1,48001,20,120.0,1.0,1.671,0.92830485
cold,0,1,0,3e-05,0.05,512,3,5,4,256,6000,8.0,2633729,1,1,9974,1109,600014,8,1,48001,21,126.0,1.05,1.75455,0.92597467
cold,0,1,0,3e-05,0.05,512,3,5,4,256,6000,8.0,2633729,1,1,9974,1109,600014,8,1,48001,22,132.0,1.1,1.8381,0.92084241
cold,0,1,0,3e-05,0.05,512,3,5,4,256,6000,8.0,2633729,1,1,9974,1109,600014,8,1,48001,23,138.0,1.15,1.92165,0.91305852
cold,0,1,0,3e-05,0.05,512,3,5,4,256,6000,8.0,2633729,1,1,9974,1109,600014,8,1,48001,24,144.0,1.2,2.0052,0.90321684
cold,0,1,0,3e-05,0.05,512,3,5,4,256,6000,8.0,2633729,1,1,9974,1109,600014,8,1,48001,25,150.0,1.25,2.08875,0.8920722
cold,0,1,0,3e-05,0.05,512,3,5,4,256,6000,8.0,2633729,1,1,9974,1109,600014,8,1,48001,26,156.0,1.3,2.1723,0.88017923
cold,0,1,0,3e-05,0.05,512,3,5,4,256,6000,8.0,2633729,1,1,9974,1109,600014,8,1,48001,27,162.0,1.35,2.25585,0.86785263
cold,0,1,0,3e-05,0.05,512,3,5,4,256,6000,8.0,2633729,1,1,9974,1109,600014,8,1,48001,28,168.0,1.4,2.3394,0.85549879
cold,0,1,0,3e-05,0.05,512,3,5,4,256,6000,8.0,2633729,1,1,9974,1109,600014,8,1,48001,29,174.0,1.45,2.42295,0.84404695
cold,0,1,0,3e-05,0.05,512,3,5,4,256,6000,8.0,2633729,1,1,9974,1109,600014,8,1,48001,30,180.0,1.5,2.5065,0.83509368
cold,0,1,0,3e-05,0.05,512,3,5,4,256,6000,8.0,2633729,1,1,9974,1109,600014,8,1,48001,31,186.0,1.55,2.59005,0.82964945
cold,0,1,0,3e-05,0.05,512,3,5,4,256,6000,8.0,2633729,1,1,9974,1109,600014,8,1,48001,32,192.0,1.6,2.6736,0.82706821
cold,0,1,0,3e-05,0.05,512,3,5,4,256,6000,8.0,2633729,1,1,9974,1109,600014,8,1,48001,33,198.0,1.65,2.75715,0.82582563
cold,0,1,0,3e-05,0.05,512,3,5,4,256,6000,8.0,2633729,1,1,9974,1109,600014,8,1,48001,34,204.0,1.7,2.8407,0.82513922
cold,0,1,0,3e-05,0.05,512,3,5,4,256,6000,8.0,2633729,1,1,9974,1109,600014,8,1,48001,35,210.0,1.75,2.92425,0.8249144
cold,0,1,0,3e-05,0.05,512,3,5,4,256,6000,8.0,2633729,1,1,9974,1109,600014,8,1,48001,36,216.0,1.8,3.0078,0.82486993
cold,0,1,0,3e-05,0.05,512,3,5,4,256,6000,8.0,2633729,1,1,9974,1109,600014,8,1,48001,37,222.0,1.85,3.09135,0.82471585
cold,0,1,0,3e-05,0.05,512,3,5,4,256,6000,8.0,2633729,1,1,9974,1109,600014,8,1,48001,38,228.0,1.9,3.1749,0.82441187
cold,0,1,0,3e-05,0.05,512,3,5,4,256,6000,8.0,2633729,1,1,9974,1109,600014,8,1,48001,39,234.0,1.95,3.25845,0.82416224
cold,0,1,0,3e-05,0.05,512,3,5,4,256,6000,8.0,2633729,1,1,9974,1109,600014,8,1,48001,40,240.0,2.0,3.342,0.82453966
cold,0,1,0,3e-05,0.05,512,3,5,4,256,6000,8.0,2633729,1,1,9974,1109,600014,8,1,48001,41,246.0,2.05,3.42555,0.82591087
cold,0,1,0,3e-05,0.05,512,3,5,4,256,6000,8.0,2633729,1,1,9974,1109,600014,8,1,48001,42,252.0,2.1,3.5091,0.82806844
cold,0,1,0,3e-05,0.05,512,3,5,4,256,6000,8.0,2633729,1,1,9974,1109,600014,8,1,48001,43,258.0,2.15,3.59265,0.83065534
cold,0,1,0,3e-05,0.05,512,3,5,4,256,6000,8.0,2633729,1,1,9974,1109,600014,8,1,48001,44,264.0,2.2,3.6762,0.8331337
cold,0,1,0,3e-05,0.05,512,3,5,4,256,6000,8.0,2633729,1,1,9974,1109,600014,8,1,48001,45,270.0,2.25,3.75975,0.83484429
cold,0,1,0,3e-05,0.05,512,3,5,4,256,6000,8.0,2633729,1,1,9974,1109,600014,8,1,48001,46,276.0,2.3,3.8433,0.83528847
cold,0,1,0,3e-05,0.05,512,3,5,4,256,6000,8.0,2633729,1,1,9974,1109,600014,8,1,48001,47,282.0,2.35,3.92685,0.83437204
cold,0,1,0,3e-05,0.05,512,3,5,4,256,6000,8.0,2633729,1,1,9974,1109,600014,8,1,48001,48,288.0,2.4,4.0104,0.83242995
cold,0,1,0,3e-05,0.05,512,3,5,4,256,6000,8.0,2633729,1,1,9974,1109,600014,8,1,48001,49,294.0,2.45,4.09395,0.8304314
cold,0,1,0,3e-05,0.05,512,3,5,4,256,6000,8.0,2633729,1,1,9974,1109,600014,8,1,48001,50,300.0,2.5,4.1775,0.83007634
cold,0,1,0,3e-05,0.05,512,3,5,4,256,6000,8.0,2633729,1,1,9974,1109,600014,8,1,48001,51,306.0,2.55,4.26105,0.83233792
cold,0,1,0,3e-05,0.05,512,3,5,4,256,6000,8.0,2633729,1,1,9974,1109,600014,8,1,48001,52,312.0,2.6,4.3446,0.83655429
cold,0,1,0,3e-05,0.05,512,3,5,4,256,6000,8.0,2633729,1,1,9974,1109,600014,8,1,48001,53,318.0,2.65,4.42815,0.84129685
cold,0,1,0,3e-05,0.05,512,3,5,4,256,6000,8.0,2633729,1,1,9974,1109,600014,8,1,48001,54,324.0,2.7,4.5117,0.8457908
cold,0,1,0,3e-05,0.05,512,3,5,4,256,6000,8.0,2633729,1,1,9974,1109,600014,8,1,48001,55,330.0,2.75,4.59525,0.84987724
cold,0,1,0,3e-05,0.05,512,3,5,4,256,6000,8.0,2633729,1,1,9974,1109,600014,8,1,48001,56,336.0,2.8,4.6788,0.85343128
cold,0,1,0,3e-05,0.05,512,3,5,4,256,6000,8.0,2633729,1,1,9974,1109,600014,8,1,48001,57,342.0,2.85,4.76235,0.85638475
cold,0,1,0,3e-05,0.05,512,3,5,4,256,6000,8.0,2633729,1,1,9974,1109,600014,8,1,48001,58,348.0,2.9,4.8459,0.85848045
cold,0,1,0,3e-05,0.05,512,3,5,4,256,6000,8.0,2633729,1,1,9974,1109,600014,8,1,48001,59,354.0,2.95,4.92945,0.85960633
cold,0,1,0,3e-05,0.05,512,3,5,4,256,6000,8.0,2633729,1,1,9974,1109,600014,8,1,48001,60,360.0,3.0,5.013,0.86067569
cold,0,1,0,3e-05,0.05,512,3,5,4,256,6000,8.0,2633729,1,1,9974,1109,600014,8,1,48001,61,366.0,3.05,5.09655,0.86268914
cold,0,1,0,3e-05,0.05,512,3,5,4,256,6000,8.0,2633729,1,1,9974,1109,600014,8,1,48001,62,372.0,3.1,5.1801,0.86567575
cold,0,1,0,3e-05,0.05,512,3,5,4,256,6000,8.0,2633729,1,1,9974,1109,600014,8,1,48001,63,378.0,3.15,5.26365,0.86937314
cold,0,1,0,3e-05,0.05,512,3,5,4,256,6000,8.0,2633729,1,1,9974,1109,600014,8,1,48001,64,384.0,3.2,5.3472,0.87356246
cold,0,1,0,3e-05,0.05,512,3,5,4,256,6000,8.0,2633729,1,1,9974,1109,600014,8,1,48001,65,390.0,3.25,5.43075,0.87784666
cold,0,1,0,3e-05,0.05,512,3,5,4,256,6000,8.0,2633729,1,1,9974,1109,600014,8,1,48001,66,396.0,3.3,5.5143,0.88144833
cold,0,1,0,3e-05,0.05,512,3,5,4,256,6000,8.0,2633729,1,1,9974,1109,600014,8,1,48001,67,402.0,3.35,5.59785,0.88332814
cold,0,1,0,3e-05,0.05,512,3,5,4,256,6000,8.0,2633729,1,1,9974,1109,600014,8,1,48001,68,408.0,3.4,5.6814,0.88290054
cold,0,1,0,3e-05,0.05,512,3,5,4,256,6000,8.0,2633729,1,1,9974,1109,600014,8,1,48001,69,414.0,3.45,5.76495,0.88097429
cold,0,1,0,3e-05,0.05,512,3,5,4,256,6000,8.0,2633729,1,1,9974,1109,600014,8,1,48001,70,420.0,3.5,5.8485,0.87979233
cold,0,1,0,3e-05,0.05,512,3,5,4,256,6000,8.0,2633729,1,1,9974,1109,600014,8,1,48001,71,426.0,3.55,5.93205,0.88111567
cold,0,1,0,3e-05,0.05,512,3,5,4,256,6000,8.0,2633729,1,1,9974,1109,600014,8,1,48001,72,432.0,3.6,6.0156,0.88480812
cold,0,1,0,3e-05,0.05,512,3,5,4,256,6000,8.0,2633729,1,1,9974,1109,600014,8,1,48001,73,438.0,3.65,6.09915,0.88967913
cold,0,1,0,3e-05,0.05,512,3,5,4,256,6000,8.0,2633729,1,1,9974,1109,600014,8,1,48001,74,444.0,3.7,6.1827,0.8951242
cold,0,1,0,3e-05,0.05,512,3,5,4,256,6000,8.0,2633729,1,1,9974,1109,600014,8,1,48001,75,450.0,3.75,6.26625,0.90093029
cold,0,1,0,3e-05,0.05,512,3,5,4,256,6000,8.0,2633729,1,1,9974,1109,600014,8,1,48001,76,456.0,3.8,6.3498,0.90666527
cold,0,1,0,3e-05,0.05,512,3,5,4,256,6000,8.0,2633729,1,1,9974,1109,600014,8,1,48001,77,462.0,3.85,6.43335,0.91190201
cold,0,1,0,3e-05,0.05,512,3,5,4,256,6000,8.0,2633729,1,1,9974,1109,600014,8,1,48001,78,468.0,3.9,6.5169,0.91613334
cold,0,1,0,3e-05,0.05,512,3,5,4,256,6000,8.0,2633729,1,1,9974,1109,600014,8,1,48001,79,474.0,3.95,6.60045,0.91902208
cold,0,1,0,3e-05,0.05,512,3,5,4,256,6000,8.0,2633729,1,1,9974,1109,600014,8,1,48001,80,480.0,4.0,6.684,0.92137754
cold,0,1,0,3e-05,0.05,512,3,5,4,256,6000,8.0,2633729,1,1,9974,1109,600014,8,1,48001,81,486.0,4.05,6.76755,0.92462093
cold,0,1,0,3e-05,0.05,512,3,5,4,256,6000,8.0,2633729,1,1,9974,1109,600014,8,1,48001,82,492.0,4.1,6.8511,0.92936057
cold,0,1,0,3e-05,0.05,512,3,5,4,256,6000,8.0,2633729,1,1,9974,1109,600014,8,1,48001,83,498.0,4.15,6.93465,0.93533969
cold,0,1,0,3e-05,0.05,512,3,5,4,256,6000,8.0,2633729,1,1,9974,1109,600014,8,1,48001,84,504.0,4.2,7.0182,0.94184661
cold,0,1,0,3e-05,0.05,512,3,5,4,256,6000,8.0,2633729,1,1,9974,1109,600014,8,1,48001,85,510.0,4.25,7.10175,0.94797069
cold,0,1,0,3e-05,0.05,512,3,5,4,256,6000,8.0,2633729,1,1,9974,1109,600014,8,1,48001,86,516.0,4.3,7.1853,0.9527393
cold,0,1,0,3e-05,0.05,512,3,5,4,256,6000,8.0,2633729,1,1,9974,1109,600014,8,1,48001,87,522.0,4.35,7.26885,0.95528066
cold,0,1,0,3e-05,0.05,512,3,5,4,256,6000,8.0,2633729,1,1,9974,1109,600014,8,1,48001,88,528.0,4.4,7.3524,0.95543259
cold,0,1,0,3e-05,0.05,512,3,5,4,256,6000,8.0,2633729,1,1,9974,1109,600014,8,1,48001,89,534.0,4.45,7.43595,0.95446277
cold,0,1,0,3e-05,0.05,512,3,5,4,256,6000,8.0,2633729,1,1,9974,1109,600014,8,1,48001,90,540.0,4.5,7.5195,0.95472819
cold,0,1,0,3e-05,0.05,512,3,5,4,256,6000,8.0,2633729,1,1,9974,1109,600014,8,1,48001,91,546.0,4.55,7.60305,0.95769924
cold,0,1,0,3e-05,0.05,512,3,5,4,256,6000,8.0,2633729,1,1,9974,1109,600014,8,1,48001,92,552.0,4.6,7.6866,0.96282697
cold,0,1,0,3e-05,0.05,512,3,5,4,256,6000,8.0,2633729,1,1,9974,1109,600014,8,1,48001,93,558.0,4.65,7.77015,0.96851093
cold,0,1,0,3e-05,0.05,512,3,5,4,256,6000,8.0,2633729,1,1,9974,1109,600014,8,1,48001,94,564.0,4.7,7.8537,0.97384757
cold,0,1,0,3e-05,0.05,512,3,5,4,256,6000,8.0,2633729,1,1,9974,1109,600014,8,1,48001,95,570.0,4.75,7.93725,0.97871953
cold,0,1,0,3e-05,0.05,512,3,5,4,256,6000,8.0,2633729,1,1,9974,1109,600014,8,1,48001,96,576.0,4.8,8.0208,0.98321933
cold,0,1,0,3e-05,0.05,512,3,5,4,256,6000,8.0,2633729,1,1,9974,1109,600014,8,1,48001,97,582.0,4.85,8.10435,0.9875015
cold,0,1,0,3e-05,0.05,512,3,5,4,256,6000,8.0,2633729,1,1,9974,1109,600014,8,1,48001,98,588.0,4.9,8.1879,0.99134433
cold,0,1,0,3e-05,0.05,512,3,5,4,256,6000,8.0,2633729,1,1,9974,1109,600014,8,1,48001,99,594.0,4.95,8.27145,0.99439287
cold,0,1,0,3e-05,0.05,512,3,5,4,256,6000,8.0,2633729,1,1,9974,1109,600014,8,1,48001,100,600.0,5.0,8.355,0.99726909
cold,0,1,0,3e-05,0.05,512,3,5,4,256,6000,8.0,2633729,1,1,9974,1109,600014,8,1,48001,101,606.0,5.05,8.43855,1.00112021
cold,0,1,0,3e-05,0.05,512,3,5,4,256,6000,8.0,2633729,1,1,9974,1109,600014,8,1,48001,102,612.0,5.1,8.5221,1.00638306
cold,0,1,0,3e-05,0.05,512,3,5,4,256,6000,8.0,2633729,1,1,9974,1109,600014,8,1,48001,103,618.0,5.15,8.60565,1.01296306
cold,0,1,0,3e-05,0.05,512,3,5,4,256,6000,8.0,2633729,1,1,9974,1109,600014,8,1,48001,104,624.0,5.2,8.6892,1.02056205
cold,0,1,0,3e-05,0.05,512,3,5,4,256,6000,8.0,2633729,1,1,9974,1109,600014,8,1,48001,105,630.0,5.25,8.77275,1.02850151
cold,0,1,0,3e-05,0.05,512,3,5,4,256,6000,8.0,2633729,1,1,9974,1109,600014,8,1,48001,106,636.0,5.3,8.8563,1.03560817
cold,0,1,0,3e-05,0.05,512,3,5,4,256,6000,8.0,2633729,1,1,9974,1109,600014,8,1,48001,107,642.0,5.35,8.93985,1.04059875
cold,0,1,0,3e-05,0.05,512,3,5,4,256,6000,8.0,2633729,1,1,9974,1109,600014,8,1,48001,108,648.0,5.4,9.0234,1.0428623
cold,0,1,0,3e-05,0.05,512,3,5,4,256,6000,8.0,2633729,1,1,9974,1109,600014,8,1,48001,109,654.0,5.45,9.10695,1.04331625
cold,0,1,0,3e-05,0.05,512,3,5,4,256,6000,8.0,2633729,1,1,9974,1109,600014,8,1,48001,110,660.0,5.5,9.1905,1.04431427
cold,0,1,0,3e-05,0.05,512,3,5,4,256,6000,8.0,2633729,1,1,9974,1109,600014,8,1,48001,111,666.0,5.55,9.27405,1.04749382
cold,0,1,0,3e-05,0.05,512,3,5,4,256,6000,8.0,2633729,1,1,9974,1109,600014,8,1,48001,112,672.0,5.6,9.3576,1.05240858
cold,0,1,0,3e-05,0.05,512,3,5,4,256,6000,8.0,2633729,1,1,9974,1109,600014,8,1,48001,113,678.0,5.65,9.44115,1.05760002
cold,0,1,0,3e-05,0.05,512,3,5,4,256,6000,8.0,2633729,1,1,9974,1109,600014,8,1,48001,114,684.0,5.7,9.5247,1.06255257
cold,0,1,0,3e-05,0.05,512,3,5,4,256,6000,8.0,2633729,1,1,9974,1109,600014,8,1,48001,115,690.0,5.75,9.60825,1.06767356
cold,0,1,0,3e-05,0.05,512,3,5,4,256,6000,8.0,2633729,1,1,9974,1109,600014,8,1,48001,116,696.0,5.8,9.6918,1.0732671
cold,0,1,0,3e-05,0.05,512,3,5,4,256,6000,8.0,2633729,1,1,9974,1109,600014,8,1,48001,117,702.0,5.85,9.77535,1.0791626
cold,0,1,0,3e-05,0.05,512,3,5,4,256,6000,8.0,2633729,1,1,9974,1109,600014,8,1,48001,118,708.0,5.9,9.8589,1.08455408
cold,0,1,0,3e-05,0.05,512,3,5,4,256,6000,8.0,2633729,1,1,9974,1109,600014,8,1,48001,119,714.0,5.95,9.94245,1.08864331
cold,0,1,0,3e-05,0.05,512,3,5,4,256,6000,8.0,2633729,1,1,9974,1109,600014,8,1,48001,120,720.0,6.0,10.026,1.09198356
cold,0,1,0,3e-05,0.05,512,3,5,4,256,6000,8.0,2633729,1,1,9974,1109,600014,8,12,48012,1,6.0,0.05,0.08355,0.13430925
cold,0,1,0,3e-05,0.05,512,3,5,4,256,6000,8.0,2633729,1,1,9974,1109,600014,8,12,48012,2,12.0,0.1,0.1671,0.25582466
cold,0,1,0,3e-05,0.05,512,3,5,4,256,6000,8.0,2633729,1,1,9974,1109,600014,8,12,48012,3,18.0,0.15,0.25065,0.3645393
cold,0,1,0,3e-05,0.05,512,3,5,4,256,6000,8.0,2633729,1,1,9974,1109,600014,8,12,48012,4,24.0,0.2,0.3342,0.45192003
cold,0,1,0,3e-05,0.05,512,3,5,4,256,6000,8.0,2633729,1,1,9974,1109,600014,8,12,48012,5,30.0,0.25,0.41775,0.5149259
cold,0,1,0,3e-05,0.05,512,3,5,4,256,6000,8.0,2633729,1,1,9974,1109,600014,8,12,48012,6,36.0,0.3,0.5013,0.55895722
cold,0,1,0,3e-05,0.05,512,3,5,4,256,6000,8.0,2633729,1,1,9974,1109,600014,8,12,48012,7,42.0,0.35,0.58485,0.59024048
cold,0,1,0,3e-05,0.05,512,3,5,4,256,6000,8.0,2633729,1,1,9974,1109,600014,8,12,48012,8,48.0,0.4,0.6684,0.61327255
cold,0,1,0,3e-05,0.05,512,3,5,4,256,6000,8.0,2633729,1,1,9974,1109,600014,8,12,48012,9,54.0,0.45,0.75195,0.63004297
cold,0,1,0,3e-05,0.05,512,3,5,4,256,6000,8.0,2633729,1,1,9974,1109,600014,8,12,48012,10,60.0,0.5,0.8355,0.64203185
cold,0,1,0,3e-05,0.05,512,3,5,4,256,6000,8.0,2633729,1,1,9974,1109,600014,8,12,48012,11,66.0,0.55,0.91905,0.65151417
cold,0,1,0,3e-05,0.05,512,3,5,4,256,6000,8.0,2633729,1,1,9974,1109,600014,8,12,48012,12,72.0,0.6,1.0026,0.66087407
cold,0,1,0,3e-05,0.05,512,3,5,4,256,6000,8.0,2633729,1,1,9974,1109,600014,8,12,48012,13,78.0,0.65,1.08615,0.67133492
cold,0,1,0,3e-05,0.05,512,3,5,4,256,6000,8.0,2633729,1,1,9974,1109,600014,8,12,48012,14,84.0,0.7,1.1697,0.68289298
cold,0,1,0,3e-05,0.05,512,3,5,4,256,6000,8.0,2633729,1,1,9974,1109,600014,8,12,48012,15,90.0,0.75,1.25325,0.69509023
cold,0,1,0,3e-05,0.05,512,3,5,4,256,6000,8.0,2633729,1,1,9974,1109,600014,8,12,48012,16,96.0,0.8,1.3368,0.70715493
cold,0,1,0,3e-05,0.05,512,3,5,4,256,6000,8.0,2633729,1,1,9974,1109,600014,8,12,48012,17,102.0,0.85,1.42035,0.71783042
cold,0,1,0,3e-05,0.05,512,3,5,4,256,6000,8.0,2633729,1,1,9974,1109,600014,8,12,48012,18,108.0,0.9,1.5039,0.72597069
cold,0,1,0,3e-05,0.05,512,3,5,4,256,6000,8.0,2633729,1,1,9974,1109,600014,8,12,48012,19,114.0,0.95,1.58745,0.73162824
cold,0,1,0,3e-05,0.05,512,3,5,4,256,6000,8.0,2633729,1,1,9974,1109,600014,8,12,48012,20,120.0,1.0,1.671,0.73629349
cold,0,1,0,3e-05,0.05,512,3,5,4,256,6000,8.0,2633729,1,1,9974,1109,600014,8,12,48012,21,126.0,1.05,1.75455,0.74133706
cold,0,1,0,3e-05,0.05,512,3,5,4,256,6000,8.0,2633729,1,1,9974,1109,600014,8,12,48012,22,132.0,1.1,1.8381,0.7466439
cold,0,1,0,3e-05,0.05,512,3,5,4,256,6000,8.0,2633729,1,1,9974,1109,600014,8,12,48012,23,138.0,1.15,1.92165,0.75121427
cold,0,1,0,3e-05,0.05,512,3,5,4,256,6000,8.0,2633729,1,1,9974,1109,600014,8,12,48012,24,144.0,1.2,2.0052,0.75457692
cold,0,1,0,3e-05,0.05,512,3,5,4,256,6000,8.0,2633729,1,1,9974,1109,600014,8,12,48012,25,150.0,1.25,2.08875,0.75734615
cold,0,1,0,3e-05,0.05,512,3,5,4,256,6000,8.0,2633729,1,1,9974,1109,600014,8,12,48012,26,156.0,1.3,2.1723,0.75998634
cold,0,1,0,3e-05,0.05,512,3,5,4,256,6000,8.0,2633729,1,1,9974,1109,600014,8,12,48012,27,162.0,1.35,2.25585,0.76206183
cold,0,1,0,3e-05,0.05,512,3,5,4,256,6000,8.0,2633729,1,1,9974,1109,600014,8,12,48012,28,168.0,1.4,2.3394,0.76303387
cold,0,1,0,3e-05,0.05,512,3,5,4,256,6000,8.0,2633729,1,1,9974,1109,600014,8,12,48012,29,174.0,1.45,2.42295,0.763008
cold,0,1,0,3e-05,0.05,512,3,5,4,256,6000,8.0,2633729,1,1,9974,1109,600014,8,12,48012,30,180.0,1.5,2.5065,0.7631973
cold,0,1,0,3e-05,0.05,512,3,5,4,256,6000,8.0,2633729,1,1,9974,1109,600014,8,12,48012,31,186.0,1.55,2.59005,0.76498437
cold,0,1,0,3e-05,0.05,512,3,5,4,256,6000,8.0,2633729,1,1,9974,1109,600014,8,12,48012,32,192.0,1.6,2.6736,0.7683177
cold,0,1,0,3e-05,0.05,512,3,5,4,256,6000,8.0,2633729,1,1,9974,1109,600014,8,12,48012,33,198.0,1.65,2.75715,0.77181512
cold,0,1,0,3e-05,0.05,512,3,5,4,256,6000,8.0,2633729,1,1,9974,1109,600014,8,12,48012,34,204.0,1.7,2.8407,0.77432251
cold,0,1,0,3e-05,0.05,512,3,5,4,256,6000,8.0,2633729,1,1,9974,1109,600014,8,12,48012,35,210.0,1.75,2.92425,0.7754913
cold,0,1,0,3e-05,0.05,512,3,5,4,256,6000,8.0,2633729,1,1,9974,1109,600014,8,12,48012,36,216.0,1.8,3.0078,0.77558637
cold,0,1,0,3e-05,0.05,512,3,5,4,256,6000,8.0,2633729,1,1,9974,1109,600014,8,12,48012,37,222.0,1.85,3.09135,0.77537811
cold,0,1,0,3e-05,0.05,512,3,5,4,256,6000,8.0,2633729,1,1,9974,1109,600014,8,12,48012,38,228.0,1.9,3.1749,0.77531439
cold,0,1,0,3e-05,0.05,512,3,5,4,256,6000,8.0,2633729,1,1,9974,1109,600014,8,12,48012,39,234.0,1.95,3.25845,0.77516973
cold,0,1,0,3e-05,0.05,512,3,5,4,256,6000,8.0,2633729,1,1,9974,1109,600014,8,12,48012,40,240.0,2.0,3.342,0.77488595
cold,0,1,0,3e-05,0.05,512,3,5,4,256,6000,8.0,2633729,1,1,9974,1109,600014,8,12,48012,41,246.0,2.05,3.42555,0.77458602
cold,0,1,0,3e-05,0.05,512,3,5,4,256,6000,8.0,2633729,1,1,9974,1109,600014,8,12,48012,42,252.0,2.1,3.5091,0.77427042
cold,0,1,0,3e-05,0.05,512,3,5,4,256,6000,8.0,2633729,1,1,9974,1109,600014,8,12,48012,43,258.0,2.15,3.59265,0.77410084
cold,0,1,0,3e-05,0.05,512,3,5,4,256,6000,8.0,2633729,1,1,9974,1109,600014,8,12,48012,44,264.0,2.2,3.6762,0.77418321
cold,0,1,0,3e-05,0.05,512,3,5,4,256,6000,8.0,2633729,1,1,9974,1109,600014,8,12,48012,45,270.0,2.25,3.75975,0.77411413
cold,0,1,0,3e-05,0.05,512,3,5,4,256,6000,8.0,2633729,1,1,9974,1109,600014,8,12,48012,46,276.0,2.3,3.8433,0.77301019
cold,0,1,0,3e-05,0.05,512,3,5,4,256,6000,8.0,2633729,1,1,9974,1109,600014,8,12,48012,47,282.0,2.35,3.92685,0.77017456
cold,0,1,0,3e-05,0.05,512,3,5,4,256,6000,8.0,2633729,1,1,9974,1109,600014,8,12,48012,48,288.0,2.4,4.0104,0.76573855
cold,0,1,0,3e-05,0.05,512,3,5,4,256,6000,8.0,2633729,1,1,9974,1109,600014,8,12,48012,49,294.0,2.45,4.09395,0.76088417
cold,0,1,0,3e-05,0.05,512,3,5,4,256,6000,8.0,2633729,1,1,9974,1109,600014,8,12,48012,50,300.0,2.5,4.1775,0.75749999
cold,0,1,0,3e-05,0.05,512,3,5,4,256,6000,8.0,2633729,1,1,9974,1109,600014,8,12,48012,51,306.0,2.55,4.26105,0.75645584
cold,0,1,0,3e-05,0.05,512,3,5,4,256,6000,8.0,2633729,1,1,9974,1109,600014,8,12,48012,52,312.0,2.6,4.3446,0.75654089
cold,0,1,0,3e-05,0.05,512,3,5,4,256,6000,8.0,2633729,1,1,9974,1109,600014,8,12,48012,53,318.0,2.65,4.42815,0.75586396
cold,0,1,0,3e-05,0.05,512,3,5,4,256,6000,8.0,2633729,1,1,9974,1109,600014,8,12,48012,54,324.0,2.7,4.5117,0.75396711
cold,0,1,0,3e-05,0.05,512,3,5,4,256,6000,8.0,2633729,1,1,9974,1109,600014,8,12,48012,55,330.0,2.75,4.59525,0.7517156
cold,0,1,0,3e-05,0.05,512,3,5,4,256,6000,8.0,2633729,1,1,9974,1109,600014,8,12,48012,56,336.0,2.8,4.6788,0.75007904
cold,0,1,0,3e-05,0.05,512,3,5,4,256,6000,8.0,2633729,1,1,9974,1109,600014,8,12,48012,57,342.0,2.85,4.76235,0.74933732
cold,0,1,0,3e-05,0.05,512,3,5,4,256,6000,8.0,2633729,1,1,9974,1109,600014,8,12,48012,58,348.0,2.9,4.8459,0.74865133
cold,0,1,0,3e-05,0.05,512,3,5,4,256,6000,8.0,2633729,1,1,9974,1109,600014,8,12,48012,59,354.0,2.95,4.92945,0.74710834
cold,0,1,0,3e-05,0.05,512,3,5,4,256,6000,8.0,2633729,1,1,9974,1109,600014,8,12,48012,60,360.0,3.0,5.013,0.74487281
cold,0,1,0,3e-05,0.05,512,3,5,4,256,6000,8.0,2633729,1,1,9974,1109,600014,8,12,48012,61,366.0,3.05,5.09655,0.74258506
cold,0,1,0,3e-05,0.05,512,3,5,4,256,6000,8.0,2633729,1,1,9974,1109,600014,8,12,48012,62,372.0,3.1,5.1801,0.74075329
cold,0,1,0,3e-05,0.05,512,3,5,4,256,6000,8.0,2633729,1,1,9974,1109,600014,8,12,48012,63,378.0,3.15,5.26365,0.73981571
cold,0,1,0,3e-05,0.05,512,3,5,4,256,6000,8.0,2633729,1,1,9974,1109,600014,8,12,48012,64,384.0,3.2,5.3472,0.73974901
cold,0,1,0,3e-05,0.05,512,3,5,4,256,6000,8.0,2633729,1,1,9974,1109,600014,8,12,48012,65,390.0,3.25,5.43075,0.73978204
cold,0,1,0,3e-05,0.05,512,3,5,4,256,6000,8.0,2633729,1,1,9974,1109,600014,8,12,48012,66,396.0,3.3,5.5143,0.7388925
cold,0,1,0,3e-05,0.05,512,3,5,4,256,6000,8.0,2633729,1,1,9974,1109,600014,8,12,48012,67,402.0,3.35,5.59785,0.73647678
cold,0,1,0,3e-05,0.05,512,3,5,4,256,6000,8.0,2633729,1,1,9974,1109,600014,8,12,48012,68,408.0,3.4,5.6814,0.7327258
cold,0,1,0,3e-05,0.05,512,3,5,4,256,6000,8.0,2633729,1,1,9974,1109,600014,8,12,48012,69,414.0,3.45,5.76495,0.72867763
cold,0,1,0,3e-05,0.05,512,3,5,4,256,6000,8.0,2633729,1,1,9974,1109,600014,8,12,48012,70,420.0,3.5,5.8485,0.72563672
cold,0,1,0,3e-05,0.05,512,3,5,4,256,6000,8.0,2633729,1,1,9974,1109,600014,8,12,48012,71,426.0,3.55,5.93205,0.723993
cold,0,1,0,3e-05,0.05,512,3,5,4,256,6000,8.0,2633729,1,1,9974,1109,600014,8,12,48012,72,432.0,3.6,6.0156,0.72298968
cold,0,1,0,3e-05,0.05,512,3,5,4,256,6000,8.0,2633729,1,1,9974,1109,600014,8,12,48012,73,438.0,3.65,6.09915,0.72172511
cold,0,1,0,3e-05,0.05,512,3,5,4,256,6000,8.0,2633729,1,1,9974,1109,600014,8,12,48012,74,444.0,3.7,6.1827,0.72016531
cold,0,1,0,3e-05,0.05,512,3,5,4,256,6000,8.0,2633729,1,1,9974,1109,600014,8,12,48012,75,450.0,3.75,6.26625,0.71878183
cold,0,1,0,3e-05,0.05,512,3,5,4,256,6000,8.0,2633729,1,1,9974,1109,600014,8,12,48012,76,456.0,3.8,6.3498,0.71793586
cold,0,1,0,3e-05,0.05,512,3,5,4,256,6000,8.0,2633729,1,1,9974,1109,600014,8,12,48012,77,462.0,3.85,6.43335,0.7175796
cold,0,1,0,3e-05,0.05,512,3,5,4,256,6000,8.0,2633729,1,1,9974,1109,600014,8,12,48012,78,468.0,3.9,6.5169,0.71701288
cold,0,1,0,3e-05,0.05,512,3,5,4,256,6000,8.0,2633729,1,1,9974,1109,600014,8,12,48012,79,474.0,3.95,6.60045,0.71548432
cold,0,1,0,3e-05,0.05,512,3,5,4,256,6000,8.0,2633729,1,1,9974,1109,600014,8,12,48012,80,480.0,4.0,6.684,0.71334106
cold,0,1,0,3e-05,0.05,512,3,5,4,256,6000,8.0,2633729,1,1,9974,1109,600014,8,12,48012,81,486.0,4.05,6.76755,0.71183944
cold,0,1,0,3e-05,0.05,512,3,5,4,256,6000,8.0,2633729,1,1,9974,1109,600014,8,12,48012,82,492.0,4.1,6.8511,0.71176976
cold,0,1,0,3e-05,0.05,512,3,5,4,256,6000,8.0,2633729,1,1,9974,1109,600014,8,12,48012,83,498.0,4.15,6.93465,0.71290833
cold,0,1,0,3e-05,0.05,512,3,5,4,256,6000,8.0,2633729,1,1,9974,1109,600014,8,12,48012,84,504.0,4.2,7.0182,0.71433455
cold,0,1,0,3e-05,0.05,512,3,5,4,256,6000,8.0,2633729,1,1,9974,1109,600014,8,12,48012,85,510.0,4.25,7.10175,0.71500903
cold,0,1,0,3e-05,0.05,512,3,5,4,256,6000,8.0,2633729,1,1,9974,1109,600014,8,12,48012,86,516.0,4.3,7.1853,0.71432883
cold,0,1,0,3e-05,0.05,512,3,5,4,256,6000,8.0,2633729,1,1,9974,1109,600014,8,12,48012,87,522.0,4.35,7.26885,0.71225327
cold,0,1,0,3e-05,0.05,512,3,5,4,256,6000,8.0,2633729,1,1,9974,1109,600014,8,12,48012,88,528.0,4.4,7.3524,0.70912904
cold,0,1,0,3e-05,0.05,512,3,5,4,256,6000,8.0,2633729,1,1,9974,1109,600014,8,12,48012,89,534.0,4.45,7.43595,0.7056272
cold,0,1,0,3e-05,0.05,512,3,5,4,256,6000,8.0,2633729,1,1,9974,1109,600014,8,12,48012,90,540.0,4.5,7.5195,0.70277989
cold,0,1,0,3e-05,0.05,512,3,5,4,256,6000,8.0,2633729,1,1,9974,1109,600014,8,12,48012,91,546.0,4.55,7.60305,0.7012369
cold,0,1,0,3e-05,0.05,512,3,5,4,256,6000,8.0,2633729,1,1,9974,1109,600014,8,12,48012,92,552.0,4.6,7.6866,0.70073289
cold,0,1,0,3e-05,0.05,512,3,5,4,256,6000,8.0,2633729,1,1,9974,1109,600014,8,12,48012,93,558.0,4.65,7.77015,0.70075059
cold,0,1,0,3e-05,0.05,512,3,5,4,256,6000,8.0,2633729,1,1,9974,1109,600014,8,12,48012,94,564.0,4.7,7.8537,0.7012502
cold,0,1,0,3e-05,0.05,512,3,5,4,256,6000,8.0,2633729,1,1,9974,1109,600014,8,12,48012,95,570.0,4.75,7.93725,0.70212913
cold,0,1,0,3e-05,0.05,512,3,5,4,256,6000,8.0,2633729,1,1,9974,1109,600014,8,12,48012,96,576.0,4.8,8.0208,0.70295447
cold,0,1,0,3e-05,0.05,512,3,5,4,256,6000,8.0,2633729,1,1,9974,1109,600014,8,12,48012,97,582.0,4.85,8.10435,0.70341939
cold,0,1,0,3e-05,0.05,512,3,5,4,256,6000,8.0,2633729,1,1,9974,1109,600014,8,12,48012,98,588.0,4.9,8.1879,0.7032814
cold,0,1,0,3e-05,0.05,512,3,5,4,256,6000,8.0,2633729,1,1,9974,1109,600014,8,12,48012,99,594.0,4.95,8.27145,0.70239341
cold,0,1,0,3e-05,0.05,512,3,5,4,256,6000,8.0,2633729,1,1,9974,1109,600014,8,12,48012,100,600.0,5.0,8.355,0.70135635
cold,0,1,0,3e-05,0.05,512,3,5,4,256,6000,8.0,2633729,1,1,9974,1109,600014,8,12,48012,101,606.0,5.05,8.43855,0.70109183
cold,0,1,0,3e-05,0.05,512,3,5,4,256,6000,8.0,2633729,1,1,9974,1109,600014,8,12,48012,102,612.0,5.1,8.5221,0.70189255
cold,0,1,0,3e-05,0.05,512,3,5,4,256,6000,8.0,2633729,1,1,9974,1109,600014,8,12,48012,103,618.0,5.15,8.60565,0.70353895
cold,0,1,0,3e-05,0.05,512,3,5,4,256,6000,8.0,2633729,1,1,9974,1109,600014,8,12,48012,104,624.0,5.2,8.6892,0.70559144
cold,0,1,0,3e-05,0.05,512,3,5,4,256,6000,8.0,2633729,1,1,9974,1109,600014,8,12,48012,105,630.0,5.25,8.77275,0.70756137
cold,0,1,0,3e-05,0.05,512,3,5,4,256,6000,8.0,2633729,1,1,9974,1109,600014,8,12,48012,106,636.0,5.3,8.8563,0.70900506
cold,0,1,0,3e-05,0.05,512,3,5,4,256,6000,8.0,2633729,1,1,9974,1109,600014,8,12,48012,107,642.0,5.35,8.93985,0.70943117
cold,0,1,0,3e-05,0.05,512,3,5,4,256,6000,8.0,2633729,1,1,9974,1109,600014,8,12,48012,108,648.0,5.4,9.0234,0.70846051
cold,0,1,0,3e-05,0.05,512,3,5,4,256,6000,8.0,2633729,1,1,9974,1109,600014,8,12,48012,109,654.0,5.45,9.10695,0.70645976
cold,0,1,0,3e-05,0.05,512,3,5,4,256,6000,8.0,2633729,1,1,9974,1109,600014,8,12,48012,110,660.0,5.5,9.1905,0.70473576
cold,0,1,0,3e-05,0.05,512,3,5,4,256,6000,8.0,2633729,1,1,9974,1109,600014,8,12,48012,111,666.0,5.55,9.27405,0.70430845
cold,0,1,0,3e-05,0.05,512,3,5,4,256,6000,8.0,2633729,1,1,9974,1109,600014,8,12,48012,112,672.0,5.6,9.3576,0.70504892
cold,0,1,0,3e-05,0.05,512,3,5,4,256,6000,8.0,2633729,1,1,9974,1109,600014,8,12,48012,113,678.0,5.65,9.44115,0.70622778
cold,0,1,0,3e-05,0.05,512,3,5,4,256,6000,8.0,2633729,1,1,9974,1109,600014,8,12,48012,114,684.0,5.7,9.5247,0.70750409
cold,0,1,0,3e-05,0.05,512,3,5,4,256,6000,8.0,2633729,1,1,9974,1109,600014,8,12,48012,115,690.0,5.75,9.60825,0.70891637
cold,0,1,0,3e-05,0.05,512,3,5,4,256,6000,8.0,2633729,1,1,9974,1109,600014,8,12,48012,116,696.0,5.8,9.6918,0.71049333
cold,0,1,0,3e-05,0.05,512,3,5,4,256,6000,8.0,2633729,1,1,9974,1109,600014,8,12,48012,117,702.0,5.85,9.77535,0.7119683
cold,0,1,0,3e-05,0.05,512,3,5,4,256,6000,8.0,2633729,1,1,9974,1109,600014,8,12,48012,118,708.0,5.9,9.8589,0.71268624
cold,0,1,0,3e-05,0.05,512,3,5,4,256,6000,8.0,2633729,1,1,9974,1109,600014,8,12,48012,119,714.0,5.95,9.94245,0.71232182
cold,0,1,0,3e-05,0.05,512,3,5,4,256,6000,8.0,2633729,1,1,9974,1109,600014,8,12,48012,120,720.0,6.0,10.026,0.71156597
cold,0,1,0,3e-05,0.05,512,3,5,4,256,6000,8.0,2633729,1,1,9974,1109,600014,8,54,48054,1,6.0,0.05,0.08355,0.09091119
cold,0,1,0,3e-05,0.05,512,3,5,4,256,6000,8.0,2633729,1,1,9974,1109,600014,8,54,48054,2,12.0,0.1,0.1671,0.173426
cold,0,1,0,3e-05,0.05,512,3,5,4,256,6000,8.0,2633729,1,1,9974,1109,600014,8,54,48054,3,18.0,0.15,0.25065,0.25629154
cold,0,1,0,3e-05,0.05,512,3,5,4,256,6000,8.0,2633729,1,1,9974,1109,600014,8,54,48054,4,24.0,0.2,0.3342,0.32862544
cold,0,1,0,3e-05,0.05,512,3,5,4,256,6000,8.0,2633729,1,1,9974,1109,600014,8,54,48054,5,30.0,0.25,0.41775,0.3863923
cold,0,1,0,3e-05,0.05,512,3,5,4,256,6000,8.0,2633729,1,1,9974,1109,600014,8,54,48054,6,36.0,0.3,0.5013,0.43327776
cold,0,1,0,3e-05,0.05,512,3,5,4,256,6000,8.0,2633729,1,1,9974,1109,600014,8,54,48054,7,42.0,0.35,0.58485,0.47426414
cold,0,1,0,3e-05,0.05,512,3,5,4,256,6000,8.0,2633729,1,1,9974,1109,600014,8,54,48054,8,48.0,0.4,0.6684,0.51184416
cold,0,1,0,3e-05,0.05,512,3,5,4,256,6000,8.0,2633729,1,1,9974,1109,600014,8,54,48054,9,54.0,0.45,0.75195,0.54579902
cold,0,1,0,3e-05,0.05,512,3,5,4,256,6000,8.0,2633729,1,1,9974,1109,600014,8,54,48054,10,60.0,0.5,0.8355,0.57506329
cold,0,1,0,3e-05,0.05,512,3,5,4,256,6000,8.0,2633729,1,1,9974,1109,600014,8,54,48054,11,66.0,0.55,0.91905,0.59895843
cold,0,1,0,3e-05,0.05,512,3,5,4,256,6000,8.0,2633729,1,1,9974,1109,600014,8,54,48054,12,72.0,0.6,1.0026,0.6178785
cold,0,1,0,3e-05,0.05,512,3,5,4,256,6000,8.0,2633729,1,1,9974,1109,600014,8,54,48054,13,78.0,0.65,1.08615,0.63324356
cold,0,1,0,3e-05,0.05,512,3,5,4,256,6000,8.0,2633729,1,1,9974,1109,600014,8,54,48054,14,84.0,0.7,1.1697,0.64684576
cold,0,1,0,3e-05,0.05,512,3,5,4,256,6000,8.0,2633729,1,1,9974,1109,600014,8,54,48054,15,90.0,0.75,1.25325,0.65996873
cold,0,1,0,3e-05,0.05,512,3,5,4,256,6000,8.0,2633729,1,1,9974,1109,600014,8,54,48054,16,96.0,0.8,1.3368,0.67255431
cold,0,1,0,3e-05,0.05,512,3,5,4,256,6000,8.0,2633729,1,1,9974,1109,600014,8,54,48054,17,102.0,0.85,1.42035,0.68352729
cold,0,1,0,3e-05,0.05,512,3,5,4,256,6000,8.0,2633729,1,1,9974,1109,600014,8,54,48054,18,108.0,0.9,1.5039,0.69201148
cold,0,1,0,3e-05,0.05,512,3,5,4,256,6000,8.0,2633729,1,1,9974,1109,600014,8,54,48054,19,114.0,0.95,1.58745,0.69833791
cold,0,1,0,3e-05,0.05,512,3,5,4,256,6000,8.0,2633729,1,1,9974,1109,600014,8,54,48054,20,120.0,1.0,1.671,0.70360148
cold,0,1,0,3e-05,0.05,512,3,5,4,256,6000,8.0,2633729,1,1,9974,1109,600014,8,54,48054,21,126.0,1.05,1.75455,0.70845622
cold,0,1,0,3e-05,0.05,512,3,5,4,256,6000,8.0,2633729,1,1,9974,1109,600014,8,54,48054,22,132.0,1.1,1.8381,0.71318746
cold,0,1,0,3e-05,0.05,512,3,5,4,256,6000,8.0,2633729,1,1,9974,1109,600014,8,54,48054,23,138.0,1.15,1.92165,0.71779513
cold,0,1,0,3e-05,0.05,512,3,5,4,256,6000,8.0,2633729,1,1,9974,1109,600014,8,54,48054,24,144.0,1.2,2.0052,0.72149462
cold,0,1,0,3e-05,0.05,512,3,5,4,256,6000,8.0,2633729,1,1,9974,1109,600014,8,54,48054,25,150.0,1.25,2.08875,0.72357416
cold,0,1,0,3e-05,0.05,512,3,5,4,256,6000,8.0,2633729,1,1,9974,1109,600014,8,54,48054,26,156.0,1.3,2.1723,0.72380698
cold,0,1,0,3e-05,0.05,512,3,5,4,256,6000,8.0,2633729,1,1,9974,1109,600014,8,54,48054,27,162.0,1.35,2.25585,0.7220062
cold,0,1,0,3e-05,0.05,512,3,5,4,256,6000,8.0,2633729,1,1,9974,1109,600014,8,54,48054,28,168.0,1.4,2.3394,0.71847999
cold,0,1,0,3e-05,0.05,512,3,5,4,256,6000,8.0,2633729,1,1,9974,1109,600014,8,54,48054,29,174.0,1.45,2.42295,0.71464336
cold,0,1,0,3e-05,0.05,512,3,5,4,256,6000,8.0,2633729,1,1,9974,1109,600014,8,54,48054,30,180.0,1.5,2.5065,0.7128033
cold,0,1,0,3e-05,0.05,512,3,5,4,256,6000,8.0,2633729,1,1,9974,1109,600014,8,54,48054,31,186.0,1.55,2.59005,0.7145021
cold,0,1,0,3e-05,0.05,512,3,5,4,256,6000,8.0,2633729,1,1,9974,1109,600014,8,54,48054,32,192.0,1.6,2.6736,0.71922624
cold,0,1,0,3e-05,0.05,512,3,5,4,256,6000,8.0,2633729,1,1,9974,1109,600014,8,54,48054,33,198.0,1.65,2.75715,0.72519433
cold,0,1,0,3e-05,0.05,512,3,5,4,256,6000,8.0,2633729,1,1,9974,1109,600014,8,54,48054,34,204.0,1.7,2.8407,0.73108488
cold,0,1,0,3e-05,0.05,512,3,5,4,256,6000,8.0,2633729,1,1,9974,1109,600014,8,54,48054,35,210.0,1.75,2.92425,0.73621303
cold,0,1,0,3e-05,0.05,512,3,5,4,256,6000,8.0,2633729,1,1,9974,1109,600014,8,54,48054,36,216.0,1.8,3.0078,0.74012822
cold,0,1,0,3e-05,0.05,512,3,5,4,256,6000,8.0,2633729,1,1,9974,1109,600014,8,54,48054,37,222.0,1.85,3.09135,0.74286145
cold,0,1,0,3e-05,0.05,512,3,5,4,256,6000,8.0,2633729,1,1,9974,1109,600014,8,54,48054,38,228.0,1.9,3.1749,0.74446255
cold,0,1,0,3e-05,0.05,512,3,5,4,256,6000,8.0,2633729,1,1,9974,1109,600014,8,54,48054,39,234.0,1.95,3.25845,0.74497736
cold,0,1,0,3e-05,0.05,512,3,5,4,256,6000,8.0,2633729,1,1,9974,1109,600014,8,54,48054,40,240.0,2.0,3.342,0.7452265
cold,0,1,0,3e-05,0.05,512,3,5,4,256,6000,8.0,2633729,1,1,9974,1109,600014,8,54,48054,41,246.0,2.05,3.42555,0.74580795
cold,0,1,0,3e-05,0.05,512,3,5,4,256,6000,8.0,2633729,1,1,9974,1109,600014,8,54,48054,42,252.0,2.1,3.5091,0.74607563
cold,0,1,0,3e-05,0.05,512,3,5,4,256,6000,8.0,2633729,1,1,9974,1109,600014,8,54,48054,43,258.0,2.15,3.59265,0.74534076
cold,0,1,0,3e-05,0.05,512,3,5,4,256,6000,8.0,2633729,1,1,9974,1109,600014,8,54,48054,44,264.0,2.2,3.6762,0.74411535
cold,0,1,0,3e-05,0.05,512,3,5,4,256,6000,8.0,2633729,1,1,9974,1109,600014,8,54,48054,45,270.0,2.25,3.75975,0.74354863
cold,0,1,0,3e-05,0.05,512,3,5,4,256,6000,8.0,2633729,1,1,9974,1109,600014,8,54,48054,46,276.0,2.3,3.8433,0.74412429
cold,0,1,0,3e-05,0.05,512,3,5,4,256,6000,8.0,2633729,1,1,9974,1109,600014,8,54,48054,47,282.0,2.35,3.92685,0.74541467
cold,0,1,0,3e-05,0.05,512,3,5,4,256,6000,8.0,2633729,1,1,9974,1109,600014,8,54,48054,48,288.0,2.4,4.0104,0.74636638
cold,0,1,0,3e-05,0.05,512,3,5,4,256,6000,8.0,2633729,1,1,9974,1109,600014,8,54,48054,49,294.0,2.45,4.09395,0.74594867
cold,0,1,0,3e-05,0.05,512,3,5,4,256,6000,8.0,2633729,1,1,9974,1109,600014,8,54,48054,50,300.0,2.5,4.1775,0.74453676
cold,0,1,0,3e-05,0.05,512,3,5,4,256,6000,8.0,2633729,1,1,9974,1109,600014,8,54,48054,51,306.0,2.55,4.26105,0.74381459
cold,0,1,0,3e-05,0.05,512,3,5,4,256,6000,8.0,2633729,1,1,9974,1109,600014,8,54,48054,52,312.0,2.6,4.3446,0.74486417
cold,0,1,0,3e-05,0.05,512,3,5,4,256,6000,8.0,2633729,1,1,9974,1109,600014,8,54,48054,53,318.0,2.65,4.42815,0.74715704
cold,0,1,0,3e-05,0.05,512,3,5,4,256,6000,8.0,2633729,1,1,9974,1109,600014,8,54,48054,54,324.0,2.7,4.5117,0.74969828
cold,0,1,0,3e-05,0.05,512,3,5,4,256,6000,8.0,2633729,1,1,9974,1109,600014,8,54,48054,55,330.0,2.75,4.59525,0.75162596
cold,0,1,0,3e-05,0.05,512,3,5,4,256,6000,8.0,2633729,1,1,9974,1109,600014,8,54,48054,56,336.0,2.8,4.6788,0.75216287
cold,0,1,0,3e-05,0.05,512,3,5,4,256,6000,8.0,2633729,1,1,9974,1109,600014,8,54,48054,57,342.0,2.85,4.76235,0.75141799
cold,0,1,0,3e-05,0.05,512,3,5,4,256,6000,8.0,2633729,1,1,9974,1109,600014,8,54,48054,58,348.0,2.9,4.8459,0.75012553
cold,0,1,0,3e-05,0.05,512,3,5,4,256,6000,8.0,2633729,1,1,9974,1109,600014,8,54,48054,59,354.0,2.95,4.92945,0.74891198
cold,0,1,0,3e-05,0.05,512,3,5,4,256,6000,8.0,2633729,1,1,9974,1109,600014,8,54,48054,60,360.0,3.0,5.013,0.74863374
cold,0,1,0,3e-05,0.05,512,3,5,4,256,6000,8.0,2633729,1,1,9974,1109,600014,8,54,48054,61,366.0,3.05,5.09655,0.74956721
cold,0,1,0,3e-05,0.05,512,3,5,4,256,6000,8.0,2633729,1,1,9974,1109,600014,8,54,48054,62,372.0,3.1,5.1801,0.75075424
cold,0,1,0,3e-05,0.05,512,3,5,4,256,6000,8.0,2633729,1,1,9974,1109,600014,8,54,48054,63,378.0,3.15,5.26365,0.75140011
cold,0,1,0,3e-05,0.05,512,3,5,4,256,6000,8.0,2633729,1,1,9974,1109,600014,8,54,48054,64,384.0,3.2,5.3472,0.75192237
cold,0,1,0,3e-05,0.05,512,3,5,4,256,6000,8.0,2633729,1,1,9974,1109,600014,8,54,48054,65,390.0,3.25,5.43075,0.75309533
cold,0,1,0,3e-05,0.05,512,3,5,4,256,6000,8.0,2633729,1,1,9974,1109,600014,8,54,48054,66,396.0,3.3,5.5143,0.75477338
cold,0,1,0,3e-05,0.05,512,3,5,4,256,6000,8.0,2633729,1,1,9974,1109,600014,8,54,48054,67,402.0,3.35,5.59785,0.75583369
cold,0,1,0,3e-05,0.05,512,3,5,4,256,6000,8.0,2633729,1,1,9974,1109,600014,8,54,48054,68,408.0,3.4,5.6814,0.75512433
cold,0,1,0,3e-05,0.05,512,3,5,4,256,6000,8.0,2633729,1,1,9974,1109,600014,8,54,48054,69,414.0,3.45,5.76495,0.75266111
cold,0,1,0,3e-05,0.05,512,3,5,4,256,6000,8.0,2633729,1,1,9974,1109,600014,8,54,48054,70,420.0,3.5,5.8485,0.75012958
cold,0,1,0,3e-05,0.05,512,3,5,4,256,6000,8.0,2633729,1,1,9974,1109,600014,8,54,48054,71,426.0,3.55,5.93205,0.74929631
cold,0,1,0,3e-05,0.05,512,3,5,4,256,6000,8.0,2633729,1,1,9974,1109,600014,8,54,48054,72,432.0,3.6,6.0156,0.75027847
cold,0,1,0,3e-05,0.05,512,3,5,4,256,6000,8.0,2633729,1,1,9974,1109,600014,8,54,48054,73,438.0,3.65,6.09915,0.75197935
cold,0,1,0,3e-05,0.05,512,3,5,4,256,6000,8.0,2633729,1,1,9974,1109,600014,8,54,48054,74,444.0,3.7,6.1827,0.75365919
cold,0,1,0,3e-05,0.05,512,3,5,4,256,6000,8.0,2633729,1,1,9974,1109,600014,8,54,48054,75,450.0,3.75,6.26625,0.75506449
cold,0,1,0,3e-05,0.05,512,3,5,4,256,6000,8.0,2633729,1,1,9974,1109,600014,8,54,48054,76,456.0,3.8,6.3498,0.75598031
cold,0,1,0,3e-05,0.05,512,3,5,4,256,6000,8.0,2633729,1,1,9974,1109,600014,8,54,48054,77,462.0,3.85,6.43335,0.75660938
cold,0,1,0,3e-05,0.05,512,3,5,4,256,6000,8.0,2633729,1,1,9974,1109,600014,8,54,48054,78,468.0,3.9,6.5169,0.75719428
cold,0,1,0,3e-05,0.05,512,3,5,4,256,6000,8.0,2633729,1,1,9974,1109,600014,8,54,48054,79,474.0,3.95,6.60045,0.75744587
cold,0,1,0,3e-05,0.05,512,3,5,4,256,6000,8.0,2633729,1,1,9974,1109,600014,8,54,48054,80,480.0,4.0,6.684,0.75734758
cold,0,1,0,3e-05,0.05,512,3,5,4,256,6000,8.0,2633729,1,1,9974,1109,600014,8,54,48054,81,486.0,4.05,6.76755,0.75729012
cold,0,1,0,3e-05,0.05,512,3,5,4,256,6000,8.0,2633729,1,1,9974,1109,600014,8,54,48054,82,492.0,4.1,6.8511,0.7573908
cold,0,1,0,3e-05,0.05,512,3,5,4,256,6000,8.0,2633729,1,1,9974,1109,600014,8,54,48054,83,498.0,4.15,6.93465,0.75753874
cold,0,1,0,3e-05,0.05,512,3,5,4,256,6000,8.0,2633729,1,1,9974,1109,600014,8,54,48054,84,504.0,4.2,7.0182,0.75754201
cold,0,1,0,3e-05,0.05,512,3,5,4,256,6000,8.0,2633729,1,1,9974,1109,600014,8,54,48054,85,510.0,4.25,7.10175,0.75735456
cold,0,1,0,3e-05,0.05,512,3,5,4,256,6000,8.0,2633729,1,1,9974,1109,600014,8,54,48054,86,516.0,4.3,7.1853,0.75709838
cold,0,1,0,3e-05,0.05,512,3,5,4,256,6000,8.0,2633729,1,1,9974,1109,600014,8,54,48054,87,522.0,4.35,7.26885,0.75667536
cold,0,1,0,3e-05,0.05,512,3,5,4,256,6000,8.0,2633729,1,1,9974,1109,600014,8,54,48054,88,528.0,4.4,7.3524,0.75605488
cold,0,1,0,3e-05,0.05,512,3,5,4,256,6000,8.0,2633729,1,1,9974,1109,600014,8,54,48054,89,534.0,4.45,7.43595,0.7560488
cold,0,1,0,3e-05,0.05,512,3,5,4,256,6000,8.0,2633729,1,1,9974,1109,600014,8,54,48054,90,540.0,4.5,7.5195,0.75778967
cold,0,1,0,3e-05,0.05,512,3,5,4,256,6000,8.0,2633729,1,1,9974,1109,600014,8,54,48054,91,546.0,4.55,7.60305,0.76166111
cold,0,1,0,3e-05,0.05,512,3,5,4,256,6000,8.0,2633729,1,1,9974,1109,600014,8,54,48054,92,552.0,4.6,7.6866,0.76673853
cold,0,1,0,3e-05,0.05,512,3,5,4,256,6000,8.0,2633729,1,1,9974,1109,600014,8,54,48054,93,558.0,4.65,7.77015,0.77124995
cold,0,1,0,3e-05,0.05,512,3,5,4,256,6000,8.0,2633729,1,1,9974,1109,600014,8,54,48054,94,564.0,4.7,7.8537,0.77403259
cold,0,1,0,3e-05,0.05,512,3,5,4,256,6000,8.0,2633729,1,1,9974,1109,600014,8,54,48054,95,570.0,4.75,7.93725,0.77511114
cold,0,1,0,3e-05,0.05,512,3,5,4,256,6000,8.0,2633729,1,1,9974,1109,600014,8,54,48054,96,576.0,4.8,8.0208,0.77518511
cold,0,1,0,3e-05,0.05,512,3,5,4,256,6000,8.0,2633729,1,1,9974,1109,600014,8,54,48054,97,582.0,4.85,8.10435,0.77498752
cold,0,1,0,3e-05,0.05,512,3,5,4,256,6000,8.0,2633729,1,1,9974,1109,600014,8,54,48054,98,588.0,4.9,8.1879,0.77488011
cold,0,1,0,3e-05,0.05,512,3,5,4,256,6000,8.0,2633729,1,1,9974,1109,600014,8,54,48054,99,594.0,4.95,8.27145,0.77479458
cold,0,1,0,3e-05,0.05,512,3,5,4,256,6000,8.0,2633729,1,1,9974,1109,600014,8,54,48054,100,600.0,5.0,8.355,0.77462059
cold,0,1,0,3e-05,0.05,512,3,5,4,256,6000,8.0,2633729,1,1,9974,1109,600014,8,54,48054,101,606.0,5.05,8.43855,0.77428216
cold,0,1,0,3e-05,0.05,512,3,5,4,256,6000,8.0,2633729,1,1,9974,1109,600014,8,54,48054,102,612.0,5.1,8.5221,0.77375025
cold,0,1,0,3e-05,0.05,512,3,5,4,256,6000,8.0,2633729,1,1,9974,1109,600014,8,54,48054,103,618.0,5.15,8.60565,0.7731607
cold,0,1,0,3e-05,0.05,512,3,5,4,256,6000,8.0,2633729,1,1,9974,1109,600014,8,54,48054,104,624.0,5.2,8.6892,0.77264899
cold,0,1,0,3e-05,0.05,512,3,5,4,256,6000,8.0,2633729,1,1,9974,1109,600014,8,54,48054,105,630.0,5.25,8.77275,0.77254623
cold,0,1,0,3e-05,0.05,512,3,5,4,256,6000,8.0,2633729,1,1,9974,1109,600014,8,54,48054,106,636.0,5.3,8.8563,0.77301306
cold,0,1,0,3e-05,0.05,512,3,5,4,256,6000,8.0,2633729,1,1,9974,1109,600014,8,54,48054,107,642.0,5.35,8.93985,0.7732501
cold,0,1,0,3e-05,0.05,512,3,5,4,256,6000,8.0,2633729,1,1,9974,1109,600014,8,54,48054,108,648.0,5.4,9.0234,0.77210969
cold,0,1,0,3e-05,0.05,512,3,5,4,256,6000,8.0,2633729,1,1,9974,1109,600014,8,54,48054,109,654.0,5.45,9.10695,0.76979506
cold,0,1,0,3e-05,0.05,512,3,5,4,256,6000,8.0,2633729,1,1,9974,1109,600014,8,54,48054,110,660.0,5.5,9.1905,0.7680617
cold,0,1,0,3e-05,0.05,512,3,5,4,256,6000,8.0,2633729,1,1,9974,1109,600014,8,54,48054,111,666.0,5.55,9.27405,0.76845115
cold,0,1,0,3e-05,0.05,512,3,5,4,256,6000,8.0,2633729,1,1,9974,1109,600014,8,54,48054,112,672.0,5.6,9.3576,0.77102828
cold,0,1,0,3e-05,0.05,512,3,5,4,256,6000,8.0,2633729,1,1,9974,1109,600014,8,54,48054,113,678.0,5.65,9.44115,0.77460909
cold,0,1,0,3e-05,0.05,512,3,5,4,256,6000,8.0,2633729,1,1,9974,1109,600014,8,54,48054,114,684.0,5.7,9.5247,0.77806497
cold,0,1,0,3e-05,0.05,512,3,5,4,256,6000,8.0,2633729,1,1,9974,1109,600014,8,54,48054,115,690.0,5.75,9.60825,0.78108519
cold,0,1,0,3e-05,0.05,512,3,5,4,256,6000,8.0,2633729,1,1,9974,1109,600014,8,54,48054,116,696.0,5.8,9.6918,0.78345734
cold,0,1,0,3e-05,0.05,512,3,5,4,256,6000,8.0,2633729,1,1,9974,1109,600014,8,54,48054,117,702.0,5.85,9.77535,0.78455579
cold,0,1,0,3e-05,0.05,512,3,5,4,256,6000,8.0,2633729,1,1,9974,1109,600014,8,54,48054,118,708.0,5.9,9.8589,0.78410351
cold,0,1,0,3e-05,0.05,512,3,5,4,256,6000,8.0,2633729,1,1,9974,1109,600014,8,54,48054,119,714.0,5.95,9.94245,0.78270262
cold,0,1,0,3e-05,0.05,512,3,5,4,256,6000,8.0,2633729,1,1,9974,1109,600014,8,54,48054,120,720.0,6.0,10.026,0.7814464
cold,0,1,0,3e-05,0.05,512,3,5,4,256,6000,8.0,2633729,1,1,9974,1109,600014,8,234,48234,1,6.0,0.05,0.08355,0.04745091
cold,0,1,0,3e-05,0.05,512,3,5,4,256,6000,8.0,2633729,1,1,9974,1109,600014,8,234,48234,2,12.0,0.1,0.1671,0.06930491
cold,0,1,0,3e-05,0.05,512,3,5,4,256,6000,8.0,2633729,1,1,9974,1109,600014,8,234,48234,3,18.0,0.15,0.25065,0.09335335
cold,0,1,0,3e-05,0.05,512,3,5,4,256,6000,8.0,2633729,1,1,9974,1109,600014,8,234,48234,4,24.0,0.2,0.3342,0.11784334
cold,0,1,0,3e-05,0.05,512,3,5,4,256,6000,8.0,2633729,1,1,9974,1109,600014,8,234,48234,5,30.0,0.25,0.41775,0.1425986
cold,0,1,0,3e-05,0.05,512,3,5,4,256,6000,8.0,2633729,1,1,9974,1109,600014,8,234,48234,6,36.0,0.3,0.5013,0.16922159
cold,0,1,0,3e-05,0.05,512,3,5,4,256,6000,8.0,2633729,1,1,9974,1109,600014,8,234,48234,7,42.0,0.35,0.58485,0.19679633
cold,0,1,0,3e-05,0.05,512,3,5,4,256,6000,8.0,2633729,1,1,9974,1109,600014,8,234,48234,8,48.0,0.4,0.6684,0.22378175
cold,0,1,0,3e-05,0.05,512,3,5,4,256,6000,8.0,2633729,1,1,9974,1109,600014,8,234,48234,9,54.0,0.45,0.75195,0.25021645
cold,0,1,0,3e-05,0.05,512,3,5,4,256,6000,8.0,2633729,1,1,9974,1109,600014,8,234,48234,10,60.0,0.5,0.8355,0.27757323
cold,0,1,0,3e-05,0.05,512,3,5,4,256,6000,8.0,2633729,1,1,9974,1109,600014,8,234,48234,11,66.0,0.55,0.91905,0.30661151
cold,0,1,0,3e-05,0.05,512,3,5,4,256,6000,8.0,2633729,1,1,9974,1109,600014,8,234,48234,12,72.0,0.6,1.0026,0.33519742
cold,0,1,0,3e-05,0.05,512,3,5,4,256,6000,8.0,2633729,1,1,9974,1109,600014,8,234,48234,13,78.0,0.65,1.08615,0.3617177
cold,0,1,0,3e-05,0.05,512,3,5,4,256,6000,8.0,2633729,1,1,9974,1109,600014,8,234,48234,14,84.0,0.7,1.1697,0.38741314
cold,0,1,0,3e-05,0.05,512,3,5,4,256,6000,8.0,2633729,1,1,9974,1109,600014,8,234,48234,15,90.0,0.75,1.25325,0.4139955
cold,0,1,0,3e-05,0.05,512,3,5,4,256,6000,8.0,2633729,1,1,9974,1109,600014,8,234,48234,16,96.0,0.8,1.3368,0.44134784
cold,0,1,0,3e-05,0.05,512,3,5,4,256,6000,8.0,2633729,1,1,9974,1109,600014,8,234,48234,17,102.0,0.85,1.42035,0.46793297
cold,0,1,0,3e-05,0.05,512,3,5,4,256,6000,8.0,2633729,1,1,9974,1109,600014,8,234,48234,18,108.0,0.9,1.5039,0.49209747
cold,0,1,0,3e-05,0.05,512,3,5,4,256,6000,8.0,2633729,1,1,9974,1109,600014,8,234,48234,19,114.0,0.95,1.58745,0.51383537
cold,0,1,0,3e-05,0.05,512,3,5,4,256,6000,8.0,2633729,1,1,9974,1109,600014,8,234,48234,20,120.0,1.0,1.671,0.53480834
cold,0,1,0,3e-05,0.05,512,3,5,4,256,6000,8.0,2633729,1,1,9974,1109,600014,8,234,48234,21,126.0,1.05,1.75455,0.55615854
cold,0,1,0,3e-05,0.05,512,3,5,4,256,6000,8.0,2633729,1,1,9974,1109,600014,8,234,48234,22,132.0,1.1,1.8381,0.57786942
cold,0,1,0,3e-05,0.05,512,3,5,4,256,6000,8.0,2633729,1,1,9974,1109,600014,8,234,48234,23,138.0,1.15,1.92165,0.59949768
cold,0,1,0,3e-05,0.05,512,3,5,4,256,6000,8.0,2633729,1,1,9974,1109,600014,8,234,48234,24,144.0,1.2,2.0052,0.62038195
cold,0,1,0,3e-05,0.05,512,3,5,4,256,6000,8.0,2633729,1,1,9974,1109,600014,8,234,48234,25,150.0,1.25,2.08875,0.63948369
cold,0,1,0,3e-05,0.05,512,3,5,4,256,6000,8.0,2633729,1,1,9974,1109,600014,8,234,48234,26,156.0,1.3,2.1723,0.65699571
cold,0,1,0,3e-05,0.05,512,3,5,4,256,6000,8.0,2633729,1,1,9974,1109,600014,8,234,48234,27,162.0,1.35,2.25585,0.67357433
cold,0,1,0,3e-05,0.05,512,3,5,4,256,6000,8.0,2633729,1,1,9974,1109,600014,8,234,48234,28,168.0,1.4,2.3394,0.6888864
cold,0,1,0,3e-05,0.05,512,3,5,4,256,6000,8.0,2633729,1,1,9974,1109,600014,8,234,48234,29,174.0,1.45,2.42295,0.70225745
cold,0,1,0,3e-05,0.05,512,3,5,4,256,6000,8.0,2633729,1,1,9974,1109,600014,8,234,48234,30,180.0,1.5,2.5065,0.71358782
cold,0,1,0,3e-05,0.05,512,3,5,4,256,6000,8.0,2633729,1,1,9974,1109,600014,8,234,48234,31,186.0,1.55,2.59005,0.72374159
cold,0,1,0,3e-05,0.05,512,3,5,4,256,6000,8.0,2633729,1,1,9974,1109,600014,8,234,48234,32,192.0,1.6,2.6736,0.73449218
cold,0,1,0,3e-05,0.05,512,3,5,4,256,6000,8.0,2633729,1,1,9974,1109,600014,8,234,48234,33,198.0,1.65,2.75715,0.74661756
cold,0,1,0,3e-05,0.05,512,3,5,4,256,6000,8.0,2633729,1,1,9974,1109,600014,8,234,48234,34,204.0,1.7,2.8407,0.75895596
cold,0,1,0,3e-05,0.05,512,3,5,4,256,6000,8.0,2633729,1,1,9974,1109,600014,8,234,48234,35,210.0,1.75,2.92425,0.77034342
cold,0,1,0,3e-05,0.05,512,3,5,4,256,6000,8.0,2633729,1,1,9974,1109,600014,8,234,48234,36,216.0,1.8,3.0078,0.78100532
cold,0,1,0,3e-05,0.05,512,3,5,4,256,6000,8.0,2633729,1,1,9974,1109,600014,8,234,48234,37,222.0,1.85,3.09135,0.79188669
cold,0,1,0,3e-05,0.05,512,3,5,4,256,6000,8.0,2633729,1,1,9974,1109,600014,8,234,48234,38,228.0,1.9,3.1749,0.80254328
cold,0,1,0,3e-05,0.05,512,3,5,4,256,6000,8.0,2633729,1,1,9974,1109,600014,8,234,48234,39,234.0,1.95,3.25845,0.81163329
cold,0,1,0,3e-05,0.05,512,3,5,4,256,6000,8.0,2633729,1,1,9974,1109,600014,8,234,48234,40,240.0,2.0,3.342,0.8195743
cold,0,1,0,3e-05,0.05,512,3,5,4,256,6000,8.0,2633729,1,1,9974,1109,600014,8,234,48234,41,246.0,2.05,3.42555,0.82829696
cold,0,1,0,3e-05,0.05,512,3,5,4,256,6000,8.0,2633729,1,1,9974,1109,600014,8,234,48234,42,252.0,2.1,3.5091,0.83903974
cold,0,1,0,3e-05,0.05,512,3,5,4,256,6000,8.0,2633729,1,1,9974,1109,600014,8,234,48234,43,258.0,2.15,3.59265,0.85015446
cold,0,1,0,3e-05,0.05,512,3,5,4,256,6000,8.0,2633729,1,1,9974,1109,600014,8,234,48234,44,264.0,2.2,3.6762,0.85871565
cold,0,1,0,3e-05,0.05,512,3,5,4,256,6000,8.0,2633729,1,1,9974,1109,600014,8,234,48234,45,270.0,2.25,3.75975,0.86469734
cold,0,1,0,3e-05,0.05,512,3,5,4,256,6000,8.0,2633729,1,1,9974,1109,600014,8,234,48234,46,276.0,2.3,3.8433,0.86982435
cold,0,1,0,3e-05,0.05,512,3,5,4,256,6000,8.0,2633729,1,1,9974,1109,600014,8,234,48234,47,282.0,2.35,3.92685,0.87485218
cold,0,1,0,3e-05,0.05,512,3,5,4,256,6000,8.0,2633729,1,1,9974,1109,600014,8,234,48234,48,288.0,2.4,4.0104,0.8801015
cold,0,1,0,3e-05,0.05,512,3,5,4,256,6000,8.0,2633729,1,1,9974,1109,600014,8,234,48234,49,294.0,2.45,4.09395,0.8860665
cold,0,1,0,3e-05,0.05,512,3,5,4,256,6000,8.0,2633729,1,1,9974,1109,600014,8,234,48234,50,300.0,2.5,4.1775,0.89357877
cold,0,1,0,3e-05,0.05,512,3,5,4,256,6000,8.0,2633729,1,1,9974,1109,600014,8,234,48234,51,306.0,2.55,4.26105,0.90249008
cold,0,1,0,3e-05,0.05,512,3,5,4,256,6000,8.0,2633729,1,1,9974,1109,600014,8,234,48234,52,312.0,2.6,4.3446,0.91017789
cold,0,1,0,3e-05,0.05,512,3,5,4,256,6000,8.0,2633729,1,1,9974,1109,600014,8,234,48234,53,318.0,2.65,4.42815,0.91414666
cold,0,1,0,3e-05,0.05,512,3,5,4,256,6000,8.0,2633729,1,1,9974,1109,600014,8,234,48234,54,324.0,2.7,4.5117,0.91521668
cold,0,1,0,3e-05,0.05,512,3,5,4,256,6000,8.0,2633729,1,1,9974,1109,600014,8,234,48234,55,330.0,2.75,4.59525,0.9153797
cold,0,1,0,3e-05,0.05,512,3,5,4,256,6000,8.0,2633729,1,1,9974,1109,600014,8,234,48234,56,336.0,2.8,4.6788,0.91513371
cold,0,1,0,3e-05,0.05,512,3,5,4,256,6000,8.0,2633729,1,1,9974,1109,600014,8,234,48234,57,342.0,2.85,4.76235,0.91529965
cold,0,1,0,3e-05,0.05,512,3,5,4,256,6000,8.0,2633729,1,1,9974,1109,600014,8,234,48234,58,348.0,2.9,4.8459,0.91736656
cold,0,1,0,3e-05,0.05,512,3,5,4,256,6000,8.0,2633729,1,1,9974,1109,600014,8,234,48234,59,354.0,2.95,4.92945,0.92140007
cold,0,1,0,3e-05,0.05,512,3,5,4,256,6000,8.0,2633729,1,1,9974,1109,600014,8,234,48234,60,360.0,3.0,5.013,0.92629045
cold,0,1,0,3e-05,0.05,512,3,5,4,256,6000,8.0,2633729,1,1,9974,1109,600014,8,234,48234,61,366.0,3.05,5.09655,0.93153781
cold,0,1,0,3e-05,0.05,512,3,5,4,256,6000,8.0,2633729,1,1,9974,1109,600014,8,234,48234,62,372.0,3.1,5.1801,0.9375475
cold,0,1,0,3e-05,0.05,512,3,5,4,256,6000,8.0,2633729,1,1,9974,1109,600014,8,234,48234,63,378.0,3.15,5.26365,0.94413817
cold,0,1,0,3e-05,0.05,512,3,5,4,256,6000,8.0,2633729,1,1,9974,1109,600014,8,234,48234,64,384.0,3.2,5.3472,0.94951683
cold,0,1,0,3e-05,0.05,512,3,5,4,256,6000,8.0,2633729,1,1,9974,1109,600014,8,234,48234,65,390.0,3.25,5.43075,0.95175296
cold,0,1,0,3e-05,0.05,512,3,5,4,256,6000,8.0,2633729,1,1,9974,1109,600014,8,234,48234,66,396.0,3.3,5.5143,0.95098221
cold,0,1,0,3e-05,0.05,512,3,5,4,256,6000,8.0,2633729,1,1,9974,1109,600014,8,234,48234,67,402.0,3.35,5.59785,0.94942588
cold,0,1,0,3e-05,0.05,512,3,5,4,256,6000,8.0,2633729,1,1,9974,1109,600014,8,234,48234,68,408.0,3.4,5.6814,0.94882792
cold,0,1,0,3e-05,0.05,512,3,5,4,256,6000,8.0,2633729,1,1,9974,1109,600014,8,234,48234,69,414.0,3.45,5.76495,0.94933021
cold,0,1,0,3e-05,0.05,512,3,5,4,256,6000,8.0,2633729,1,1,9974,1109,600014,8,234,48234,70,420.0,3.5,5.8485,0.95055741
cold,0,1,0,3e-05,0.05,512,3,5,4,256,6000,8.0,2633729,1,1,9974,1109,600014,8,234,48234,71,426.0,3.55,5.93205,0.95209998
cold,0,1,0,3e-05,0.05,512,3,5,4,256,6000,8.0,2633729,1,1,9974,1109,600014,8,234,48234,72,432.0,3.6,6.0156,0.95422292
cold,0,1,0,3e-05,0.05,512,3,5,4,256,6000,8.0,2633729,1,1,9974,1109,600014,8,234,48234,73,438.0,3.65,6.09915,0.95770282
cold,0,1,0,3e-05,0.05,512,3,5,4,256,6000,8.0,2633729,1,1,9974,1109,600014,8,234,48234,74,444.0,3.7,6.1827,0.96222222
cold,0,1,0,3e-05,0.05,512,3,5,4,256,6000,8.0,2633729,1,1,9974,1109,600014,8,234,48234,75,450.0,3.75,6.26625,0.96675289
cold,0,1,0,3e-05,0.05,512,3,5,4,256,6000,8.0,2633729,1,1,9974,1109,600014,8,234,48234,76,456.0,3.8,6.3498,0.97093737
cold,0,1,0,3e-05,0.05,512,3,5,4,256,6000,8.0,2633729,1,1,9974,1109,600014,8,234,48234,77,462.0,3.85,6.43335,0.97435075
cold,0,1,0,3e-05,0.05,512,3,5,4,256,6000,8.0,2633729,1,1,9974,1109,600014,8,234,48234,78,468.0,3.9,6.5169,0.97627038
cold,0,1,0,3e-05,0.05,512,3,5,4,256,6000,8.0,2633729,1,1,9974,1109,600014,8,234,48234,79,474.0,3.95,6.60045,0.97755623
cold,0,1,0,3e-05,0.05,512,3,5,4,256,6000,8.0,2633729,1,1,9974,1109,600014,8,234,48234,80,480.0,4.0,6.684,0.98071945
cold,0,1,0,3e-05,0.05,512,3,5,4,256,6000,8.0,2633729,1,1,9974,1109,600014,8,234,48234,81,486.0,4.05,6.76755,0.98649329
cold,0,1,0,3e-05,0.05,512,3,5,4,256,6000,8.0,2633729,1,1,9974,1109,600014,8,234,48234,82,492.0,4.1,6.8511,0.99281669
cold,0,1,0,3e-05,0.05,512,3,5,4,256,6000,8.0,2633729,1,1,9974,1109,600014,8,234,48234,83,498.0,4.15,6.93465,0.99740487
cold,0,1,0,3e-05,0.05,512,3,5,4,256,6000,8.0,2633729,1,1,9974,1109,600014,8,234,48234,84,504.0,4.2,7.0182,0.99851722
cold,0,1,0,3e-05,0.05,512,3,5,4,256,6000,8.0,2633729,1,1,9974,1109,600014,8,234,48234,85,510.0,4.25,7.10175,0.99509466
cold,0,1,0,3e-05,0.05,512,3,5,4,256,6000,8.0,2633729,1,1,9974,1109,600014,8,234,48234,86,516.0,4.3,7.1853,0.98908764
cold,0,1,0,3e-05,0.05,512,3,5,4,256,6000,8.0,2633729,1,1,9974,1109,600014,8,234,48234,87,522.0,4.35,7.26885,0.98509872
cold,0,1,0,3e-05,0.05,512,3,5,4,256,6000,8.0,2633729,1,1,9974,1109,600014,8,234,48234,88,528.0,4.4,7.3524,0.98509979
cold,0,1,0,3e-05,0.05,512,3,5,4,256,6000,8.0,2633729,1,1,9974,1109,600014,8,234,48234,89,534.0,4.45,7.43595,0.98743838
cold,0,1,0,3e-05,0.05,512,3,5,4,256,6000,8.0,2633729,1,1,9974,1109,600014,8,234,48234,90,540.0,4.5,7.5195,0.98970377
cold,0,1,0,3e-05,0.05,512,3,5,4,256,6000,8.0,2633729,1,1,9974,1109,600014,8,234,48234,91,546.0,4.55,7.60305,0.99132115
cold,0,1,0,3e-05,0.05,512,3,5,4,256,6000,8.0,2633729,1,1,9974,1109,600014,8,234,48234,92,552.0,4.6,7.6866,0.99297047
cold,0,1,0,3e-05,0.05,512,3,5,4,256,6000,8.0,2633729,1,1,9974,1109,600014,8,234,48234,93,558.0,4.65,7.77015,0.99400681
cold,0,1,0,3e-05,0.05,512,3,5,4,256,6000,8.0,2633729,1,1,9974,1109,600014,8,234,48234,94,564.0,4.7,7.8537,0.99366587
cold,0,1,0,3e-05,0.05,512,3,5,4,256,6000,8.0,2633729,1,1,9974,1109,600014,8,234,48234,95,570.0,4.75,7.93725,0.99260545
cold,0,1,0,3e-05,0.05,512,3,5,4,256,6000,8.0,2633729,1,1,9974,1109,600014,8,234,48234,96,576.0,4.8,8.0208,0.99202025
cold,0,1,0,3e-05,0.05,512,3,5,4,256,6000,8.0,2633729,1,1,9974,1109,600014,8,234,48234,97,582.0,4.85,8.10435,0.99262536
cold,0,1,0,3e-05,0.05,512,3,5,4,256,6000,8.0,2633729,1,1,9974,1109,600014,8,234,48234,98,588.0,4.9,8.1879,0.99372596
cold,0,1,0,3e-05,0.05,512,3,5,4,256,6000,8.0,2633729,1,1,9974,1109,600014,8,234,48234,99,594.0,4.95,8.27145,0.99387103
cold,0,1,0,3e-05,0.05,512,3,5,4,256,6000,8.0,2633729,1,1,9974,1109,600014,8,234,48234,100,600.0,5.0,8.355,0.99281693
cold,0,1,0,3e-05,0.05,512,3,5,4,256,6000,8.0,2633729,1,1,9974,1109,600014,8,234,48234,101,606.0,5.05,8.43855,0.99166656
cold,0,1,0,3e-05,0.05,512,3,5,4,256,6000,8.0,2633729,1,1,9974,1109,600014,8,234,48234,102,612.0,5.1,8.5221,0.99140644
cold,0,1,0,3e-05,0.05,512,3,5,4,256,6000,8.0,2633729,1,1,9974,1109,600014,8,234,48234,103,618.0,5.15,8.60565,0.99259359
cold,0,1,0,3e-05,0.05,512,3,5,4,256,6000,8.0,2633729,1,1,9974,1109,600014,8,234,48234,104,624.0,5.2,8.6892,0.99599218
cold,0,1,0,3e-05,0.05,512,3,5,4,256,6000,8.0,2633729,1,1,9974,1109,600014,8,234,48234,105,630.0,5.25,8.77275,1.00108099
cold,0,1,0,3e-05,0.05,512,3,5,4,256,6000,8.0,2633729,1,1,9974,1109,600014,8,234,48234,106,636.0,5.3,8.8563,1.00495756
cold,0,1,0,3e-05,0.05,512,3,5,4,256,6000,8.0,2633729,1,1,9974,1109,600014,8,234,48234,107,642.0,5.35,8.93985,1.00501692
cold,0,1,0,3e-05,0.05,512,3,5,4,256,6000,8.0,2633729,1,1,9974,1109,600014,8,234,48234,108,648.0,5.4,9.0234,1.00209618
cold,0,1,0,3e-05,0.05,512,3,5,4,256,6000,8.0,2633729,1,1,9974,1109,600014,8,234,48234,109,654.0,5.45,9.10695,0.99947876
cold,0,1,0,3e-05,0.05,512,3,5,4,256,6000,8.0,2633729,1,1,9974,1109,600014,8,234,48234,110,660.0,5.5,9.1905,0.99998826
cold,0,1,0,3e-05,0.05,512,3,5,4,256,6000,8.0,2633729,1,1,9974,1109,600014,8,234,48234,111,666.0,5.55,9.27405,1.00351775
cold,0,1,0,3e-05,0.05,512,3,5,4,256,6000,8.0,2633729,1,1,9974,1109,600014,8,234,48234,112,672.0,5.6,9.3576,1.00721562
cold,0,1,0,3e-05,0.05,512,3,5,4,256,6000,8.0,2633729,1,1,9974,1109,600014,8,234,48234,113,678.0,5.65,9.44115,1.00855064
cold,0,1,0,3e-05,0.05,512,3,5,4,256,6000,8.0,2633729,1,1,9974,1109,600014,8,234,48234,114,684.0,5.7,9.5247,1.00732303
cold,0,1,0,3e-05,0.05,512,3,5,4,256,6000,8.0,2633729,1,1,9974,1109,600014,8,234,48234,115,690.0,5.75,9.60825,1.00526464
cold,0,1,0,3e-05,0.05,512,3,5,4,256,6000,8.0,2633729,1,1,9974,1109,600014,8,234,48234,116,696.0,5.8,9.6918,1.00551641
cold,0,1,0,3e-05,0.05,512,3,5,4,256,6000,8.0,2633729,1,1,9974,1109,600014,8,234,48234,117,702.0,5.85,9.77535,1.00905716
cold,0,1,0,3e-05,0.05,512,3,5,4,256,6000,8.0,2633729,1,1,9974,1109,600014,8,234,48234,118,708.0,5.9,9.8589,1.01278567
cold,0,1,0,3e-05,0.05,512,3,5,4,256,6000,8.0,2633729,1,1,9974,1109,600014,8,234,48234,119,714.0,5.95,9.94245,1.01455307
cold,0,1,0,3e-05,0.05,512,3,5,4,256,6000,8.0,2633729,1,1,9974,1109,600014,8,234,48234,120,720.0,6.0,10.026,1.01569402
cold,0,1,0,3e-05,0.05,512,3,5,4,256,6000,8.0,2633729,1,1,9974,1109,600014,8,1023,49023,1,6.0,0.05,0.08355,0.02383423
cold,0,1,0,3e-05,0.05,512,3,5,4,256,6000,8.0,2633729,1,1,9974,1109,600014,8,1023,49023,2,12.0,0.1,0.1671,0.02778158
cold,0,1,0,3e-05,0.05,512,3,5,4,256,6000,8.0,2633729,1,1,9974,1109,600014,8,1023,49023,3,18.0,0.15,0.25065,0.03278673
cold,0,1,0,3e-05,0.05,512,3,5,4,256,6000,8.0,2633729,1,1,9974,1109,600014,8,1023,49023,4,24.0,0.2,0.3342,0.03863558
cold,0,1,0,3e-05,0.05,512,3,5,4,256,6000,8.0,2633729,1,1,9974,1109,600014,8,1023,49023,5,30.0,0.25,0.41775,0.04465776
cold,0,1,0,3e-05,0.05,512,3,5,4,256,6000,8.0,2633729,1,1,9974,1109,600014,8,1023,49023,6,36.0,0.3,0.5013,0.05124488
cold,0,1,0,3e-05,0.05,512,3,5,4,256,6000,8.0,2633729,1,1,9974,1109,600014,8,1023,49023,7,42.0,0.35,0.58485,0.05871305
cold,0,1,0,3e-05,0.05,512,3,5,4,256,6000,8.0,2633729,1,1,9974,1109,600014,8,1023,49023,8,48.0,0.4,0.6684,0.06686644
cold,0,1,0,3e-05,0.05,512,3,5,4,256,6000,8.0,2633729,1,1,9974,1109,600014,8,1023,49023,9,54.0,0.45,0.75195,0.07597091
cold,0,1,0,3e-05,0.05,512,3,5,4,256,6000,8.0,2633729,1,1,9974,1109,600014,8,1023,49023,10,60.0,0.5,0.8355,0.08668803
cold,0,1,0,3e-05,0.05,512,3,5,4,256,6000,8.0,2633729,1,1,9974,1109,600014,8,1023,49023,11,66.0,0.55,0.91905,0.09808076
cold,0,1,0,3e-05,0.05,512,3,5,4,256,6000,8.0,2633729,1,1,9974,1109,600014,8,1023,49023,12,72.0,0.6,1.0026,0.10918238
cold,0,1,0,3e-05,0.05,512,3,5,4,256,6000,8.0,2633729,1,1,9974,1109,600014,8,1023,49023,13,78.0,0.65,1.08615,0.12082575
cold,0,1,0,3e-05,0.05,512,3,5,4,256,6000,8.0,2633729,1,1,9974,1109,600014,8,1023,49023,14,84.0,0.7,1.1697,0.13472787
cold,0,1,0,3e-05,0.05,512,3,5,4,256,6000,8.0,2633729,1,1,9974,1109,600014,8,1023,49023,15,90.0,0.75,1.25325,0.15051705
cold,0,1,0,3e-05,0.05,512,3,5,4,256,6000,8.0,2633729,1,1,9974,1109,600014,8,1023,49023,16,96.0,0.8,1.3368,0.16666083
cold,0,1,0,3e-05,0.05,512,3,5,4,256,6000,8.0,2633729,1,1,9974,1109,600014,8,1023,49023,17,102.0,0.85,1.42035,0.18192734
cold,0,1,0,3e-05,0.05,512,3,5,4,256,6000,8.0,2633729,1,1,9974,1109,600014,8,1023,49023,18,108.0,0.9,1.5039,0.19616389
cold,0,1,0,3e-05,0.05,512,3,5,4,256,6000,8.0,2633729,1,1,9974,1109,600014,8,1023,49023,19,114.0,0.95,1.58745,0.21055672
cold,0,1,0,3e-05,0.05,512,3,5,4,256,6000,8.0,2633729,1,1,9974,1109,600014,8,1023,49023,20,120.0,1.0,1.671,0.22607763
cold,0,1,0,3e-05,0.05,512,3,5,4,256,6000,8.0,2633729,1,1,9974,1109,600014,8,1023,49023,21,126.0,1.05,1.75455,0.24303351
cold,0,1,0,3e-05,0.05,512,3,5,4,256,6000,8.0,2633729,1,1,9974,1109,600014,8,1023,49023,22,132.0,1.1,1.8381,0.26136187
cold,0,1,0,3e-05,0.05,512,3,5,4,256,6000,8.0,2633729,1,1,9974,1109,600014,8,1023,49023,23,138.0,1.15,1.92165,0.28107056
cold,0,1,0,3e-05,0.05,512,3,5,4,256,6000,8.0,2633729,1,1,9974,1109,600014,8,1023,49023,24,144.0,1.2,2.0052,0.3025263
cold,0,1,0,3e-05,0.05,512,3,5,4,256,6000,8.0,2633729,1,1,9974,1109,600014,8,1023,49023,25,150.0,1.25,2.08875,0.32530469
cold,0,1,0,3e-05,0.05,512,3,5,4,256,6000,8.0,2633729,1,1,9974,1109,600014,8,1023,49023,26,156.0,1.3,2.1723,0.34833214
cold,0,1,0,3e-05,0.05,512,3,5,4,256,6000,8.0,2633729,1,1,9974,1109,600014,8,1023,49023,27,162.0,1.35,2.25585,0.37027782
cold,0,1,0,3e-05,0.05,512,3,5,4,256,6000,8.0,2633729,1,1,9974,1109,600014,8,1023,49023,28,168.0,1.4,2.3394,0.38952449
cold,0,1,0,3e-05,0.05,512,3,5,4,256,6000,8.0,2633729,1,1,9974,1109,600014,8,1023,49023,29,174.0,1.45,2.42295,0.40614238
cold,0,1,0,3e-05,0.05,512,3,5,4,256,6000,8.0,2633729,1,1,9974,1109,600014,8,1023,49023,30,180.0,1.5,2.5065,0.42273211
cold,0,1,0,3e-05,0.05,512,3,5,4,256,6000,8.0,2633729,1,1,9974,1109,600014,8,1023,49023,31,186.0,1.55,2.59005,0.44232878
cold,0,1,0,3e-05,0.05,512,3,5,4,256,6000,8.0,2633729,1,1,9974,1109,600014,8,1023,49023,32,192.0,1.6,2.6736,0.46518371
cold,0,1,0,3e-05,0.05,512,3,5,4,256,6000,8.0,2633729,1,1,9974,1109,600014,8,1023,49023,33,198.0,1.65,2.75715,0.48784137
cold,0,1,0,3e-05,0.05,512,3,5,4,256,6000,8.0,2633729,1,1,9974,1109,600014,8,1023,49023,34,204.0,1.7,2.8407,0.50802106
cold,0,1,0,3e-05,0.05,512,3,5,4,256,6000,8.0,2633729,1,1,9974,1109,600014,8,1023,49023,35,210.0,1.75,2.92425,0.52710932
cold,0,1,0,3e-05,0.05,512,3,5,4,256,6000,8.0,2633729,1,1,9974,1109,600014,8,1023,49023,36,216.0,1.8,3.0078,0.54693067
cold,0,1,0,3e-05,0.05,512,3,5,4,256,6000,8.0,2633729,1,1,9974,1109,600014,8,1023,49023,37,222.0,1.85,3.09135,0.56744194
cold,0,1,0,3e-05,0.05,512,3,5,4,256,6000,8.0,2633729,1,1,9974,1109,600014,8,1023,49023,38,228.0,1.9,3.1749,0.58783549
cold,0,1,0,3e-05,0.05,512,3,5,4,256,6000,8.0,2633729,1,1,9974,1109,600014,8,1023,49023,39,234.0,1.95,3.25845,0.60766137
cold,0,1,0,3e-05,0.05,512,3,5,4,256,6000,8.0,2633729,1,1,9974,1109,600014,8,1023,49023,40,240.0,2.0,3.342,0.62652177
cold,0,1,0,3e-05,0.05,512,3,5,4,256,6000,8.0,2633729,1,1,9974,1109,600014,8,1023,49023,41,246.0,2.05,3.42555,0.64452326
cold,0,1,0,3e-05,0.05,512,3,5,4,256,6000,8.0,2633729,1,1,9974,1109,600014,8,1023,49023,42,252.0,2.1,3.5091,0.662341
cold,0,1,0,3e-05,0.05,512,3,5,4,256,6000,8.0,2633729,1,1,9974,1109,600014,8,1023,49023,43,258.0,2.15,3.59265,0.68039972
cold,0,1,0,3e-05,0.05,512,3,5,4,256,6000,8.0,2633729,1,1,9974,1109,600014,8,1023,49023,44,264.0,2.2,3.6762,0.69733548
cold,0,1,0,3e-05,0.05,512,3,5,4,256,6000,8.0,2633729,1,1,9974,1109,600014,8,1023,49023,45,270.0,2.25,3.75975,0.71111798
cold,0,1,0,3e-05,0.05,512,3,5,4,256,6000,8.0,2633729,1,1,9974,1109,600014,8,1023,49023,46,276.0,2.3,3.8433,0.7214238
cold,0,1,0,3e-05,0.05,512,3,5,4,256,6000,8.0,2633729,1,1,9974,1109,600014,8,1023,49023,47,282.0,2.35,3.92685,0.73066568
cold,0,1,0,3e-05,0.05,512,3,5,4,256,6000,8.0,2633729,1,1,9974,1109,600014,8,1023,49023,48,288.0,2.4,4.0104,0.74124122
cold,0,1,0,3e-05,0.05,512,3,5,4,256,6000,8.0,2633729,1,1,9974,1109,600014,8,1023,49023,49,294.0,2.45,4.09395,0.75235015
cold,0,1,0,3e-05,0.05,512,3,5,4,256,6000,8.0,2633729,1,1,9974,1109,600014,8,1023,49023,50,300.0,2.5,4.1775,0.76305383
cold,0,1,0,3e-05,0.05,512,3,5,4,256,6000,8.0,2633729,1,1,9974,1109,600014,8,1023,49023,51,306.0,2.55,4.26105,0.77561736
cold,0,1,0,3e-05,0.05,512,3,5,4,256,6000,8.0,2633729,1,1,9974,1109,600014,8,1023,49023,52,312.0,2.6,4.3446,0.79108959
cold,0,1,0,3e-05,0.05,512,3,5,4,256,6000,8.0,2633729,1,1,9974,1109,600014,8,1023,49023,53,318.0,2.65,4.42815,0.8067674
cold,0,1,0,3e-05,0.05,512,3,5,4,256,6000,8.0,2633729,1,1,9974,1109,600014,8,1023,49023,54,324.0,2.7,4.5117,0.82043189
cold,0,1,0,3e-05,0.05,512,3,5,4,256,6000,8.0,2633729,1,1,9974,1109,600014,8,1023,49023,55,330.0,2.75,4.59525,0.83188486
cold,0,1,0,3e-05,0.05,512,3,5,4,256,6000,8.0,2633729,1,1,9974,1109,600014,8,1023,49023,56,336.0,2.8,4.6788,0.84289068
cold,0,1,0,3e-05,0.05,512,3,5,4,256,6000,8.0,2633729,1,1,9974,1109,600014,8,1023,49023,57,342.0,2.85,4.76235,0.85468215
cold,0,1,0,3e-05,0.05,512,3,5,4,256,6000,8.0,2633729,1,1,9974,1109,600014,8,1023,49023,58,348.0,2.9,4.8459,0.86614674
cold,0,1,0,3e-05,0.05,512,3,5,4,256,6000,8.0,2633729,1,1,9974,1109,600014,8,1023,49023,59,354.0,2.95,4.92945,0.87647271
cold,0,1,0,3e-05,0.05,512,3,5,4,256,6000,8.0,2633729,1,1,9974,1109,600014,8,1023,49023,60,360.0,3.0,5.013,0.88627177
cold,0,1,0,3e-05,0.05,512,3,5,4,256,6000,8.0,2633729,1,1,9974,1109,600014,8,1023,49023,61,366.0,3.05,5.09655,0.89581996
cold,0,1,0,3e-05,0.05,512,3,5,4,256,6000,8.0,2633729,1,1,9974,1109,600014,8,1023,49023,62,372.0,3.1,5.1801,0.90423536
cold,0,1,0,3e-05,0.05,512,3,5,4,256,6000,8.0,2633729,1,1,9974,1109,600014,8,1023,49023,63,378.0,3.15,5.26365,0.91024584
cold,0,1,0,3e-05,0.05,512,3,5,4,256,6000,8.0,2633729,1,1,9974,1109,600014,8,1023,49023,64,384.0,3.2,5.3472,0.91427356
cold,0,1,0,3e-05,0.05,512,3,5,4,256,6000,8.0,2633729,1,1,9974,1109,600014,8,1023,49023,65,390.0,3.25,5.43075,0.9182809
cold,0,1,0,3e-05,0.05,512,3,5,4,256,6000,8.0,2633729,1,1,9974,1109,600014,8,1023,49023,66,396.0,3.3,5.5143,0.92377084
cold,0,1,0,3e-05,0.05,512,3,5,4,256,6000,8.0,2633729,1,1,9974,1109,600014,8,1023,49023,67,402.0,3.35,5.59785,0.92976958
cold,0,1,0,3e-05,0.05,512,3,5,4,256,6000,8.0,2633729,1,1,9974,1109,600014,8,1023,49023,68,408.0,3.4,5.6814,0.93441778
cold,0,1,0,3e-05,0.05,512,3,5,4,256,6000,8.0,2633729,1,1,9974,1109,600014,8,1023,49023,69,414.0,3.45,5.76495,0.93760473
cold,0,1,0,3e-05,0.05,512,3,5,4,256,6000,8.0,2633729,1,1,9974,1109,600014,8,1023,49023,70,420.0,3.5,5.8485,0.94017702
cold,0,1,0,3e-05,0.05,512,3,5,4,256,6000,8.0,2633729,1,1,9974,1109,600014,8,1023,49023,71,426.0,3.55,5.93205,0.94223821
cold,0,1,0,3e-05,0.05,512,3,5,4,256,6000,8.0,2633729,1,1,9974,1109,600014,8,1023,49023,72,432.0,3.6,6.0156,0.94281101
cold,0,1,0,3e-05,0.05,512,3,5,4,256,6000,8.0,2633729,1,1,9974,1109,600014,8,1023,49023,73,438.0,3.65,6.09915,0.94296306
cold,0,1,0,3e-05,0.05,512,3,5,4,256,6000,8.0,2633729,1,1,9974,1109,600014,8,1023,49023,74,444.0,3.7,6.1827,0.94466567
cold,0,1,0,3e-05,0.05,512,3,5,4,256,6000,8.0,2633729,1,1,9974,1109,600014,8,1023,49023,75,450.0,3.75,6.26625,0.94683582
cold,0,1,0,3e-05,0.05,512,3,5,4,256,6000,8.0,2633729,1,1,9974,1109,600014,8,1023,49023,76,456.0,3.8,6.3498,0.94785738
cold,0,1,0,3e-05,0.05,512,3,5,4,256,6000,8.0,2633729,1,1,9974,1109,600014,8,1023,49023,77,462.0,3.85,6.43335,0.94800234
cold,0,1,0,3e-05,0.05,512,3,5,4,256,6000,8.0,2633729,1,1,9974,1109,600014,8,1023,49023,78,468.0,3.9,6.5169,0.94827831
cold,0,1,0,3e-05,0.05,512,3,5,4,256,6000,8.0,2633729,1,1,9974,1109,600014,8,1023,49023,79,474.0,3.95,6.60045,0.94943488
cold,0,1,0,3e-05,0.05,512,3,5,4,256,6000,8.0,2633729,1,1,9974,1109,600014,8,1023,49023,80,480.0,4.0,6.684,0.95231211
cold,0,1,0,3e-05,0.05,512,3,5,4,256,6000,8.0,2633729,1,1,9974,1109,600014,8,1023,49023,81,486.0,4.05,6.76755,0.95615
cold,0,1,0,3e-05,0.05,512,3,5,4,256,6000,8.0,2633729,1,1,9974,1109,600014,8,1023,49023,82,492.0,4.1,6.8511,0.95799303
cold,0,1,0,3e-05,0.05,512,3,5,4,256,6000,8.0,2633729,1,1,9974,1109,600014,8,1023,49023,83,498.0,4.15,6.93465,0.95651972
cold,0,1,0,3e-05,0.05,512,3,5,4,256,6000,8.0,2633729,1,1,9974,1109,600014,8,1023,49023,84,504.0,4.2,7.0182,0.95330596
cold,0,1,0,3e-05,0.05,512,3,5,4,256,6000,8.0,2633729,1,1,9974,1109,600014,8,1023,49023,85,510.0,4.25,7.10175,0.95120031
cold,0,1,0,3e-05,0.05,512,3,5,4,256,6000,8.0,2633729,1,1,9974,1109,600014,8,1023,49023,86,516.0,4.3,7.1853,0.95158005
cold,0,1,0,3e-05,0.05,512,3,5,4,256,6000,8.0,2633729,1,1,9974,1109,600014,8,1023,49023,87,522.0,4.35,7.26885,0.95278472
cold,0,1,0,3e-05,0.05,512,3,5,4,256,6000,8.0,2633729,1,1,9974,1109,600014,8,1023,49023,88,528.0,4.4,7.3524,0.95300192
cold,0,1,0,3e-05,0.05,512,3,5,4,256,6000,8.0,2633729,1,1,9974,1109,600014,8,1023,49023,89,534.0,4.45,7.43595,0.9531939
cold,0,1,0,3e-05,0.05,512,3,5,4,256,6000,8.0,2633729,1,1,9974,1109,600014,8,1023,49023,90,540.0,4.5,7.5195,0.95429087
cold,0,1,0,3e-05,0.05,512,3,5,4,256,6000,8.0,2633729,1,1,9974,1109,600014,8,1023,49023,91,546.0,4.55,7.60305,0.95597768
cold,0,1,0,3e-05,0.05,512,3,5,4,256,6000,8.0,2633729,1,1,9974,1109,600014,8,1023,49023,92,552.0,4.6,7.6866,0.95903963
cold,0,1,0,3e-05,0.05,512,3,5,4,256,6000,8.0,2633729,1,1,9974,1109,600014,8,1023,49023,93,558.0,4.65,7.77015,0.96421438
cold,0,1,0,3e-05,0.05,512,3,5,4,256,6000,8.0,2633729,1,1,9974,1109,600014,8,1023,49023,94,564.0,4.7,7.8537,0.97086579
cold,0,1,0,3e-05,0.05,512,3,5,4,256,6000,8.0,2633729,1,1,9974,1109,600014,8,1023,49023,95,570.0,4.75,7.93725,0.97685999
cold,0,1,0,3e-05,0.05,512,3,5,4,256,6000,8.0,2633729,1,1,9974,1109,600014,8,1023,49023,96,576.0,4.8,8.0208,0.97968113
cold,0,1,0,3e-05,0.05,512,3,5,4,256,6000,8.0,2633729,1,1,9974,1109,600014,8,1023,49023,97,582.0,4.85,8.10435,0.97775012
cold,0,1,0,3e-05,0.05,512,3,5,4,256,6000,8.0,2633729,1,1,9974,1109,600014,8,1023,49023,98,588.0,4.9,8.1879,0.9723708
cold,0,1,0,3e-05,0.05,512,3,5,4,256,6000,8.0,2633729,1,1,9974,1109,600014,8,1023,49023,99,594.0,4.95,8.27145,0.96729672
cold,0,1,0,3e-05,0.05,512,3,5,4,256,6000,8.0,2633729,1,1,9974,1109,600014,8,1023,49023,100,600.0,5.0,8.355,0.96623462
cold,0,1,0,3e-05,0.05,512,3,5,4,256,6000,8.0,2633729,1,1,9974,1109,600014,8,1023,49023,101,606.0,5.05,8.43855,0.97044295
cold,0,1,0,3e-05,0.05,512,3,5,4,256,6000,8.0,2633729,1,1,9974,1109,600014,8,1023,49023,102,612.0,5.1,8.5221,0.97868347
cold,0,1,0,3e-05,0.05,512,3,5,4,256,6000,8.0,2633729,1,1,9974,1109,600014,8,1023,49023,103,618.0,5.15,8.60565,0.98806703
cold,0,1,0,3e-05,0.05,512,3,5,4,256,6000,8.0,2633729,1,1,9974,1109,600014,8,1023,49023,104,624.0,5.2,8.6892,0.99466819
cold,0,1,0,3e-05,0.05,512,3,5,4,256,6000,8.0,2633729,1,1,9974,1109,600014,8,1023,49023,105,630.0,5.25,8.77275,0.9969697
cold,0,1,0,3e-05,0.05,512,3,5,4,256,6000,8.0,2633729,1,1,9974,1109,600014,8,1023,49023,106,636.0,5.3,8.8563,0.9970594
cold,0,1,0,3e-05,0.05,512,3,5,4,256,6000,8.0,2633729,1,1,9974,1109,600014,8,1023,49023,107,642.0,5.35,8.93985,0.99636042
cold,0,1,0,3e-05,0.05,512,3,5,4,256,6000,8.0,2633729,1,1,9974,1109,600014,8,1023,49023,108,648.0,5.4,9.0234,0.99431217
cold,0,1,0,3e-05,0.05,512,3,5,4,256,6000,8.0,2633729,1,1,9974,1109,600014,8,1023,49023,109,654.0,5.45,9.10695,0.99149406
cold,0,1,0,3e-05,0.05,512,3,5,4,256,6000,8.0,2633729,1,1,9974,1109,600014,8,1023,49023,110,660.0,5.5,9.1905,0.99023634
cold,0,1,0,3e-05,0.05,512,3,5,4,256,6000,8.0,2633729,1,1,9974,1109,600014,8,1023,49023,111,666.0,5.55,9.27405,0.99166167
cold,0,1,0,3e-05,0.05,512,3,5,4,256,6000,8.0,2633729,1,1,9974,1109,600014,8,1023,49023,112,672.0,5.6,9.3576,0.99373257
cold,0,1,0,3e-05,0.05,512,3,5,4,256,6000,8.0,2633729,1,1,9974,1109,600014,8,1023,49023,113,678.0,5.65,9.44115,0.99408287
cold,0,1,0,3e-05,0.05,512,3,5,4,256,6000,8.0,2633729,1,1,9974,1109,600014,8,1023,49023,114,684.0,5.7,9.5247,0.99219096
cold,0,1,0,3e-05,0.05,512,3,5,4,256,6000,8.0,2633729,1,1,9974,1109,600014,8,1023,49023,115,690.0,5.75,9.60825,0.98785895
cold,0,1,0,3e-05,0.05,512,3,5,4,256,6000,8.0,2633729,1,1,9974,1109,600014,8,1023,49023,116,696.0,5.8,9.6918,0.98180544
cold,0,1,0,3e-05,0.05,512,3,5,4,256,6000,8.0,2633729,1,1,9974,1109,600014,8,1023,49023,117,702.0,5.85,9.77535,0.97641069
cold,0,1,0,3e-05,0.05,512,3,5,4,256,6000,8.0,2633729,1,1,9974,1109,600014,8,1023,49023,118,708.0,5.9,9.8589,0.97352391
cold,0,1,0,3e-05,0.05,512,3,5,4,256,6000,8.0,2633729,1,1,9974,1109,600014,8,1023,49023,119,714.0,5.95,9.94245,0.97372258
cold,0,1,0,3e-05,0.05,512,3,5,4,256,6000,8.0,2633729,1,1,9974,1109,600014,8,1023,49023,120,720.0,6.0,10.026,0.97622412
cold,0,1,0,3e-05,0.05,512,3,5,4,256,6000,8.0,2633729,1,1,9974,1109,600014,8,4468,52468,1,6.0,0.05,0.08355,0.02038824
cold,0,1,0,3e-05,0.05,512,3,5,4,256,6000,8.0,2633729,1,1,9974,1109,600014,8,4468,52468,2,12.0,0.1,0.1671,0.02395481
cold,0,1,0,3e-05,0.05,512,3,5,4,256,6000,8.0,2633729,1,1,9974,1109,600014,8,4468,52468,3,18.0,0.15,0.25065,0.02802621
cold,0,1,0,3e-05,0.05,512,3,5,4,256,6000,8.0,2633729,1,1,9974,1109,600014,8,4468,52468,4,24.0,0.2,0.3342,0.03214693
cold,0,1,0,3e-05,0.05,512,3,5,4,256,6000,8.0,2633729,1,1,9974,1109,600014,8,4468,52468,5,30.0,0.25,0.41775,0.03634029
cold,0,1,0,3e-05,0.05,512,3,5,4,256,6000,8.0,2633729,1,1,9974,1109,600014,8,4468,52468,6,36.0,0.3,0.5013,0.04171387
cold,0,1,0,3e-05,0.05,512,3,5,4,256,6000,8.0,2633729,1,1,9974,1109,600014,8,4468,52468,7,42.0,0.35,0.58485,0.0475134
cold,0,1,0,3e-05,0.05,512,3,5,4,256,6000,8.0,2633729,1,1,9974,1109,600014,8,4468,52468,8,48.0,0.4,0.6684,0.05354185
cold,0,1,0,3e-05,0.05,512,3,5,4,256,6000,8.0,2633729,1,1,9974,1109,600014,8,4468,52468,9,54.0,0.45,0.75195,0.05999158
cold,0,1,0,3e-05,0.05,512,3,5,4,256,6000,8.0,2633729,1,1,9974,1109,600014,8,4468,52468,10,60.0,0.5,0.8355,0.06705605
cold,0,1,0,3e-05,0.05,512,3,5,4,256,6000,8.0,2633729,1,1,9974,1109,600014,8,4468,52468,11,66.0,0.55,0.91905,0.07462119
cold,0,1,0,3e-05,0.05,512,3,5,4,256,6000,8.0,2633729,1,1,9974,1109,600014,8,4468,52468,12,72.0,0.6,1.0026,0.08299155
cold,0,1,0,3e-05,0.05,512,3,5,4,256,6000,8.0,2633729,1,1,9974,1109,600014,8,4468,52468,13,78.0,0.65,1.08615,0.09234032
cold,0,1,0,3e-05,0.05,512,3,5,4,256,6000,8.0,2633729,1,1,9974,1109,600014,8,4468,52468,14,84.0,0.7,1.1697,0.1032733
cold,0,1,0,3e-05,0.05,512,3,5,4,256,6000,8.0,2633729,1,1,9974,1109,600014,8,4468,52468,15,90.0,0.75,1.25325,0.11596097
cold,0,1,0,3e-05,0.05,512,3,5,4,256,6000,8.0,2633729,1,1,9974,1109,600014,8,4468,52468,16,96.0,0.8,1.3368,0.1296194
cold,0,1,0,3e-05,0.05,512,3,5,4,256,6000,8.0,2633729,1,1,9974,1109,600014,8,4468,52468,17,102.0,0.85,1.42035,0.14339629
cold,0,1,0,3e-05,0.05,512,3,5,4,256,6000,8.0,2633729,1,1,9974,1109,600014,8,4468,52468,18,108.0,0.9,1.5039,0.1566291
cold,0,1,0,3e-05,0.05,512,3,5,4,256,6000,8.0,2633729,1,1,9974,1109,600014,8,4468,52468,19,114.0,0.95,1.58745,0.16918921
cold,0,1,0,3e-05,0.05,512,3,5,4,256,6000,8.0,2633729,1,1,9974,1109,600014,8,4468,52468,20,120.0,1.0,1.671,0.18201308
cold,0,1,0,3e-05,0.05,512,3,5,4,256,6000,8.0,2633729,1,1,9974,1109,600014,8,4468,52468,21,126.0,1.05,1.75455,0.19638699
cold,0,1,0,3e-05,0.05,512,3,5,4,256,6000,8.0,2633729,1,1,9974,1109,600014,8,4468,52468,22,132.0,1.1,1.8381,0.2128197
cold,0,1,0,3e-05,0.05,512,3,5,4,256,6000,8.0,2633729,1,1,9974,1109,600014,8,4468,52468,23,138.0,1.15,1.92165,0.23129328
cold,0,1,0,3e-05,0.05,512,3,5,4,256,6000,8.0,2633729,1,1,9974,1109,600014,8,4468,52468,24,144.0,1.2,2.0052,0.25184444
cold,0,1,0,3e-05,0.05,512,3,5,4,256,6000,8.0,2633729,1,1,9974,1109,600014,8,4468,52468,25,150.0,1.25,2.08875,0.27372068
cold,0,1,0,3e-05,0.05,512,3,5,4,256,6000,8.0,2633729,1,1,9974,1109,600014,8,4468,52468,26,156.0,1.3,2.1723,0.29594198
cold,0,1,0,3e-05,0.05,512,3,5,4,256,6000,8.0,2633729,1,1,9974,1109,600014,8,4468,52468,27,162.0,1.35,2.25585,0.31756666
cold,0,1,0,3e-05,0.05,512,3,5,4,256,6000,8.0,2633729,1,1,9974,1109,600014,8,4468,52468,28,168.0,1.4,2.3394,0.33643964
cold,0,1,0,3e-05,0.05,512,3,5,4,256,6000,8.0,2633729,1,1,9974,1109,600014,8,4468,52468,29,174.0,1.45,2.42295,0.35113779
cold,0,1,0,3e-05,0.05,512,3,5,4,256,6000,8.0,2633729,1,1,9974,1109,600014,8,4468,52468,30,180.0,1.5,2.5065,0.36316985
cold,0,1,0,3e-05,0.05,512,3,5,4,256,6000,8.0,2633729,1,1,9974,1109,600014,8,4468,52468,31,186.0,1.55,2.59005,0.37728596
cold,0,1,0,3e-05,0.05,512,3,5,4,256,6000,8.0,2633729,1,1,9974,1109,600014,8,4468,52468,32,192.0,1.6,2.6736,0.39573795
cold,0,1,0,3e-05,0.05,512,3,5,4,256,6000,8.0,2633729,1,1,9974,1109,600014,8,4468,52468,33,198.0,1.65,2.75715,0.41535041
cold,0,1,0,3e-05,0.05,512,3,5,4,256,6000,8.0,2633729,1,1,9974,1109,600014,8,4468,52468,34,204.0,1.7,2.8407,0.43355414
cold,0,1,0,3e-05,0.05,512,3,5,4,256,6000,8.0,2633729,1,1,9974,1109,600014,8,4468,52468,35,210.0,1.75,2.92425,0.45049083
cold,0,1,0,3e-05,0.05,512,3,5,4,256,6000,8.0,2633729,1,1,9974,1109,600014,8,4468,52468,36,216.0,1.8,3.0078,0.46849406
cold,0,1,0,3e-05,0.05,512,3,5,4,256,6000,8.0,2633729,1,1,9974,1109,600014,8,4468,52468,37,222.0,1.85,3.09135,0.49032238
cold,0,1,0,3e-05,0.05,512,3,5,4,256,6000,8.0,2633729,1,1,9974,1109,600014,8,4468,52468,38,228.0,1.9,3.1749,0.51621389
cold,0,1,0,3e-05,0.05,512,3,5,4,256,6000,8.0,2633729,1,1,9974,1109,600014,8,4468,52468,39,234.0,1.95,3.25845,0.5430553
cold,0,1,0,3e-05,0.05,512,3,5,4,256,6000,8.0,2633729,1,1,9974,1109,600014,8,4468,52468,40,240.0,2.0,3.342,0.56794578
cold,0,1,0,3e-05,0.05,512,3,5,4,256,6000,8.0,2633729,1,1,9974,1109,600014,8,4468,52468,41,246.0,2.05,3.42555,0.59054095
cold,0,1,0,3e-05,0.05,512,3,5,4,256,6000,8.0,2633729,1,1,9974,1109,600014,8,4468,52468,42,252.0,2.1,3.5091,0.6114921
cold,0,1,0,3e-05,0.05,512,3,5,4,256,6000,8.0,2633729,1,1,9974,1109,600014,8,4468,52468,43,258.0,2.15,3.59265,0.63029188
cold,0,1,0,3e-05,0.05,512,3,5,4,256,6000,8.0,2633729,1,1,9974,1109,600014,8,4468,52468,44,264.0,2.2,3.6762,0.64566422
cold,0,1,0,3e-05,0.05,512,3,5,4,256,6000,8.0,2633729,1,1,9974,1109,600014,8,4468,52468,45,270.0,2.25,3.75975,0.65789753
cold,0,1,0,3e-05,0.05,512,3,5,4,256,6000,8.0,2633729,1,1,9974,1109,600014,8,4468,52468,46,276.0,2.3,3.8433,0.66912544
cold,0,1,0,3e-05,0.05,512,3,5,4,256,6000,8.0,2633729,1,1,9974,1109,600014,8,4468,52468,47,282.0,2.35,3.92685,0.68038595
cold,0,1,0,3e-05,0.05,512,3,5,4,256,6000,8.0,2633729,1,1,9974,1109,600014,8,4468,52468,48,288.0,2.4,4.0104,0.69207627
cold,0,1,0,3e-05,0.05,512,3,5,4,256,6000,8.0,2633729,1,1,9974,1109,600014,8,4468,52468,49,294.0,2.45,4.09395,0.70557261
cold,0,1,0,3e-05,0.05,512,3,5,4,256,6000,8.0,2633729,1,1,9974,1109,600014,8,4468,52468,50,300.0,2.5,4.1775,0.7210319
cold,0,1,0,3e-05,0.05,512,3,5,4,256,6000,8.0,2633729,1,1,9974,1109,600014,8,4468,52468,51,306.0,2.55,4.26105,0.7361778
cold,0,1,0,3e-05,0.05,512,3,5,4,256,6000,8.0,2633729,1,1,9974,1109,600014,8,4468,52468,52,312.0,2.6,4.3446,0.74922383
cold,0,1,0,3e-05,0.05,512,3,5,4,256,6000,8.0,2633729,1,1,9974,1109,600014,8,4468,52468,53,318.0,2.65,4.42815,0.76073498
cold,0,1,0,3e-05,0.05,512,3,5,4,256,6000,8.0,2633729,1,1,9974,1109,600014,8,4468,52468,54,324.0,2.7,4.5117,0.77133381
cold,0,1,0,3e-05,0.05,512,3,5,4,256,6000,8.0,2633729,1,1,9974,1109,600014,8,4468,52468,55,330.0,2.75,4.59525,0.78179121
cold,0,1,0,3e-05,0.05,512,3,5,4,256,6000,8.0,2633729,1,1,9974,1109,600014,8,4468,52468,56,336.0,2.8,4.6788,0.7930004
cold,0,1,0,3e-05,0.05,512,3,5,4,256,6000,8.0,2633729,1,1,9974,1109,600014,8,4468,52468,57,342.0,2.85,4.76235,0.80508041
cold,0,1,0,3e-05,0.05,512,3,5,4,256,6000,8.0,2633729,1,1,9974,1109,600014,8,4468,52468,58,348.0,2.9,4.8459,0.81728828
cold,0,1,0,3e-05,0.05,512,3,5,4,256,6000,8.0,2633729,1,1,9974,1109,600014,8,4468,52468,59,354.0,2.95,4.92945,0.82915097
cold,0,1,0,3e-05,0.05,512,3,5,4,256,6000,8.0,2633729,1,1,9974,1109,600014,8,4468,52468,60,360.0,3.0,5.013,0.84110504
cold,0,1,0,3e-05,0.05,512,3,5,4,256,6000,8.0,2633729,1,1,9974,1109,600014,8,4468,52468,61,366.0,3.05,5.09655,0.85317045
cold,0,1,0,3e-05,0.05,512,3,5,4,256,6000,8.0,2633729,1,1,9974,1109,600014,8,4468,52468,62,372.0,3.1,5.1801,0.86395407
cold,0,1,0,3e-05,0.05,512,3,5,4,256,6000,8.0,2633729,1,1,9974,1109,600014,8,4468,52468,63,378.0,3.15,5.26365,0.87191111
cold,0,1,0,3e-05,0.05,512,3,5,4,256,6000,8.0,2633729,1,1,9974,1109,600014,8,4468,52468,64,384.0,3.2,5.3472,0.8774305
cold,0,1,0,3e-05,0.05,512,3,5,4,256,6000,8.0,2633729,1,1,9974,1109,600014,8,4468,52468,65,390.0,3.25,5.43075,0.88183743
cold,0,1,0,3e-05,0.05,512,3,5,4,256,6000,8.0,2633729,1,1,9974,1109,600014,8,4468,52468,66,396.0,3.3,5.5143,0.88591307
cold,0,1,0,3e-05,0.05,512,3,5,4,256,6000,8.0,2633729,1,1,9974,1109,600014,8,4468,52468,67,402.0,3.35,5.59785,0.88857025
cold,0,1,0,3e-05,0.05,512,3,5,4,256,6000,8.0,2633729,1,1,9974,1109,600014,8,4468,52468,68,408.0,3.4,5.6814,0.88839203
cold,0,1,0,3e-05,0.05,512,3,5,4,256,6000,8.0,2633729,1,1,9974,1109,600014,8,4468,52468,69,414.0,3.45,5.76495,0.88624698
cold,0,1,0,3e-05,0.05,512,3,5,4,256,6000,8.0,2633729,1,1,9974,1109,600014,8,4468,52468,70,420.0,3.5,5.8485,0.88372445
cold,0,1,0,3e-05,0.05,512,3,5,4,256,6000,8.0,2633729,1,1,9974,1109,600014,8,4468,52468,71,426.0,3.55,5.93205,0.88273388
cold,0,1,0,3e-05,0.05,512,3,5,4,256,6000,8.0,2633729,1,1,9974,1109,600014,8,4468,52468,72,432.0,3.6,6.0156,0.88467056
cold,0,1,0,3e-05,0.05,512,3,5,4,256,6000,8.0,2633729,1,1,9974,1109,600014,8,4468,52468,73,438.0,3.65,6.09915,0.88982737
cold,0,1,0,3e-05,0.05,512,3,5,4,256,6000,8.0,2633729,1,1,9974,1109,600014,8,4468,52468,74,444.0,3.7,6.1827,0.89876604
cold,0,1,0,3e-05,0.05,512,3,5,4,256,6000,8.0,2633729,1,1,9974,1109,600014,8,4468,52468,75,450.0,3.75,6.26625,0.91101325
cold,0,1,0,3e-05,0.05,512,3,5,4,256,6000,8.0,2633729,1,1,9974,1109,600014,8,4468,52468,76,456.0,3.8,6.3498,0.92339057
cold,0,1,0,3e-05,0.05,512,3,5,4,256,6000,8.0,2633729,1,1,9974,1109,600014,8,4468,52468,77,462.0,3.85,6.43335,0.93200177
cold,0,1,0,3e-05,0.05,512,3,5,4,256,6000,8.0,2633729,1,1,9974,1109,600014,8,4468,52468,78,468.0,3.9,6.5169,0.93520588
cold,0,1,0,3e-05,0.05,512,3,5,4,256,6000,8.0,2633729,1,1,9974,1109,600014,8,4468,52468,79,474.0,3.95,6.60045,0.93453479
cold,0,1,0,3e-05,0.05,512,3,5,4,256,6000,8.0,2633729,1,1,9974,1109,600014,8,4468,52468,80,480.0,4.0,6.684,0.93314201
cold,0,1,0,3e-05,0.05,512,3,5,4,256,6000,8.0,2633729,1,1,9974,1109,600014,8,4468,52468,81,486.0,4.05,6.76755,0.93341756
cold,0,1,0,3e-05,0.05,512,3,5,4,256,6000,8.0,2633729,1,1,9974,1109,600014,8,4468,52468,82,492.0,4.1,6.8511,0.9352774
cold,0,1,0,3e-05,0.05,512,3,5,4,256,6000,8.0,2633729,1,1,9974,1109,600014,8,4468,52468,83,498.0,4.15,6.93465,0.93659997
cold,0,1,0,3e-05,0.05,512,3,5,4,256,6000,8.0,2633729,1,1,9974,1109,600014,8,4468,52468,84,504.0,4.2,7.0182,0.93693668
cold,0,1,0,3e-05,0.05,512,3,5,4,256,6000,8.0,2633729,1,1,9974,1109,600014,8,4468,52468,85,510.0,4.25,7.10175,0.93919253
cold,0,1,0,3e-05,0.05,512,3,5,4,256,6000,8.0,2633729,1,1,9974,1109,600014,8,4468,52468,86,516.0,4.3,7.1853,0.94542605
cold,0,1,0,3e-05,0.05,512,3,5,4,256,6000,8.0,2633729,1,1,9974,1109,600014,8,4468,52468,87,522.0,4.35,7.26885,0.9543798
cold,0,1,0,3e-05,0.05,512,3,5,4,256,6000,8.0,2633729,1,1,9974,1109,600014,8,4468,52468,88,528.0,4.4,7.3524,0.96228808
cold,0,1,0,3e-05,0.05,512,3,5,4,256,6000,8.0,2633729,1,1,9974,1109,600014,8,4468,52468,89,534.0,4.45,7.43595,0.96547818
cold,0,1,0,3e-05,0.05,512,3,5,4,256,6000,8.0,2633729,1,1,9974,1109,600014,8,4468,52468,90,540.0,4.5,7.5195,0.96375138
cold,0,1,0,3e-05,0.05,512,3,5,4,256,6000,8.0,2633729,1,1,9974,1109,600014,8,4468,52468,91,546.0,4.55,7.60305,0.95999765
cold,0,1,0,3e-05,0.05,512,3,5,4,256,6000,8.0,2633729,1,1,9974,1109,600014,8,4468,52468,92,552.0,4.6,7.6866,0.95710713
cold,0,1,0,3e-05,0.05,512,3,5,4,256,6000,8.0,2633729,1,1,9974,1109,600014,8,4468,52468,93,558.0,4.65,7.77015,0.95556223
cold,0,1,0,3e-05,0.05,512,3,5,4,256,6000,8.0,2633729,1,1,9974,1109,600014,8,4468,52468,94,564.0,4.7,7.8537,0.95512313
cold,0,1,0,3e-05,0.05,512,3,5,4,256,6000,8.0,2633729,1,1,9974,1109,600014,8,4468,52468,95,570.0,4.75,7.93725,0.95694298
cold,0,1,0,3e-05,0.05,512,3,5,4,256,6000,8.0,2633729,1,1,9974,1109,600014,8,4468,52468,96,576.0,4.8,8.0208,0.96175641
cold,0,1,0,3e-05,0.05,512,3,5,4,256,6000,8.0,2633729,1,1,9974,1109,600014,8,4468,52468,97,582.0,4.85,8.10435,0.966887
cold,0,1,0,3e-05,0.05,512,3,5,4,256,6000,8.0,2633729,1,1,9974,1109,600014,8,4468,52468,98,588.0,4.9,8.1879,0.96814829
cold,0,1,0,3e-05,0.05,512,3,5,4,256,6000,8.0,2633729,1,1,9974,1109,600014,8,4468,52468,99,594.0,4.95,8.27145,0.96485329
cold,0,1,0,3e-05,0.05,512,3,5,4,256,6000,8.0,2633729,1,1,9974,1109,600014,8,4468,52468,100,600.0,5.0,8.355,0.96056837
cold,0,1,0,3e-05,0.05,512,3,5,4,256,6000,8.0,2633729,1,1,9974,1109,600014,8,4468,52468,101,606.0,5.05,8.43855,0.95900685
cold,0,1,0,3e-05,0.05,512,3,5,4,256,6000,8.0,2633729,1,1,9974,1109,600014,8,4468,52468,102,612.0,5.1,8.5221,0.96071172
cold,0,1,0,3e-05,0.05,512,3,5,4,256,6000,8.0,2633729,1,1,9974,1109,600014,8,4468,52468,103,618.0,5.15,8.60565,0.96375632
cold,0,1,0,3e-05,0.05,512,3,5,4,256,6000,8.0,2633729,1,1,9974,1109,600014,8,4468,52468,104,624.0,5.2,8.6892,0.96582156
cold,0,1,0,3e-05,0.05,512,3,5,4,256,6000,8.0,2633729,1,1,9974,1109,600014,8,4468,52468,105,630.0,5.25,8.77275,0.96758711
cold,0,1,0,3e-05,0.05,512,3,5,4,256,6000,8.0,2633729,1,1,9974,1109,600014,8,4468,52468,106,636.0,5.3,8.8563,0.97190398
cold,0,1,0,3e-05,0.05,512,3,5,4,256,6000,8.0,2633729,1,1,9974,1109,600014,8,4468,52468,107,642.0,5.35,8.93985,0.97785419
cold,0,1,0,3e-05,0.05,512,3,5,4,256,6000,8.0,2633729,1,1,9974,1109,600014,8,4468,52468,108,648.0,5.4,9.0234,0.98248506
cold,0,1,0,3e-05,0.05,512,3,5,4,256,6000,8.0,2633729,1,1,9974,1109,600014,8,4468,52468,109,654.0,5.45,9.10695,0.98601478
cold,0,1,0,3e-05,0.05,512,3,5,4,256,6000,8.0,2633729,1,1,9974,1109,600014,8,4468,52468,110,660.0,5.5,9.1905,0.98963273
cold,0,1,0,3e-05,0.05,512,3,5,4,256,6000,8.0,2633729,1,1,9974,1109,600014,8,4468,52468,111,666.0,5.55,9.27405,0.9931848
cold,0,1,0,3e-05,0.05,512,3,5,4,256,6000,8.0,2633729,1,1,9974,1109,600014,8,4468,52468,112,672.0,5.6,9.3576,0.99663615
cold,0,1,0,3e-05,0.05,512,3,5,4,256,6000,8.0,2633729,1,1,9974,1109,600014,8,4468,52468,113,678.0,5.65,9.44115,0.99916196
cold,0,1,0,3e-05,0.05,512,3,5,4,256,6000,8.0,2633729,1,1,9974,1109,600014,8,4468,52468,114,684.0,5.7,9.5247,0.99939257
cold,0,1,0,3e-05,0.05,512,3,5,4,256,6000,8.0,2633729,1,1,9974,1109,600014,8,4468,52468,115,690.0,5.75,9.60825,0.99780178
cold,0,1,0,3e-05,0.05,512,3,5,4,256,6000,8.0,2633729,1,1,9974,1109,600014,8,4468,52468,116,696.0,5.8,9.6918,0.99608517
cold,0,1,0,3e-05,0.05,512,3,5,4,256,6000,8.0,2633729,1,1,9974,1109,600014,8,4468,52468,117,702.0,5.85,9.77535,0.99399513
cold,0,1,0,3e-05,0.05,512,3,5,4,256,6000,8.0,2633729,1,1,9974,1109,600014,8,4468,52468,118,708.0,5.9,9.8589,0.98997289
cold,0,1,0,3e-05,0.05,512,3,5,4,256,6000,8.0,2633729,1,1,9974,1109,600014,8,4468,52468,119,714.0,5.95,9.94245,0.98378682
cold,0,1,0,3e-05,0.05,512,3,5,4,256,6000,8.0,2633729,1,1,9974,1109,600014,8,4468,52468,120,720.0,6.0,10.026,0.9777739
cold,0,1,0,3e-05,0.05,512,3,5,4,256,6000,8.0,2633729,1,1,9974,1109,600014,8,6000,54000,1,6.0,0.05,0.08355,0.02031114
cold,0,1,0,3e-05,0.05,512,3,5,4,256,6000,8.0,2633729,1,1,9974,1109,600014,8,6000,54000,2,12.0,0.1,0.1671,0.02432427
cold,0,1,0,3e-05,0.05,512,3,5,4,256,6000,8.0,2633729,1,1,9974,1109,600014,8,6000,54000,3,18.0,0.15,0.25065,0.02900314
cold,0,1,0,3e-05,0.05,512,3,5,4,256,6000,8.0,2633729,1,1,9974,1109,600014,8,6000,54000,4,24.0,0.2,0.3342,0.03392637
cold,0,1,0,3e-05,0.05,512,3,5,4,256,6000,8.0,2633729,1,1,9974,1109,600014,8,6000,54000,5,30.0,0.25,0.41775,0.03920298
cold,0,1,0,3e-05,0.05,512,3,5,4,256,6000,8.0,2633729,1,1,9974,1109,600014,8,6000,54000,6,36.0,0.3,0.5013,0.04581495
cold,0,1,0,3e-05,0.05,512,3,5,4,256,6000,8.0,2633729,1,1,9974,1109,600014,8,6000,54000,7,42.0,0.35,0.58485,0.05297462
cold,0,1,0,3e-05,0.05,512,3,5,4,256,6000,8.0,2633729,1,1,9974,1109,600014,8,6000,54000,8,48.0,0.4,0.6684,0.06050252
cold,0,1,0,3e-05,0.05,512,3,5,4,256,6000,8.0,2633729,1,1,9974,1109,600014,8,6000,54000,9,54.0,0.45,0.75195,0.0684966
cold,0,1,0,3e-05,0.05,512,3,5,4,256,6000,8.0,2633729,1,1,9974,1109,600014,8,6000,54000,10,60.0,0.5,0.8355,0.07707521
cold,0,1,0,3e-05,0.05,512,3,5,4,256,6000,8.0,2633729,1,1,9974,1109,600014,8,6000,54000,11,66.0,0.55,0.91905,0.08609287
cold,0,1,0,3e-05,0.05,512,3,5,4,256,6000,8.0,2633729,1,1,9974,1109,600014,8,6000,54000,12,72.0,0.6,1.0026,0.09599421
cold,0,1,0,3e-05,0.05,512,3,5,4,256,6000,8.0,2633729,1,1,9974,1109,600014,8,6000,54000,13,78.0,0.65,1.08615,0.1074216
cold,0,1,0,3e-05,0.05,512,3,5,4,256,6000,8.0,2633729,1,1,9974,1109,600014,8,6000,54000,14,84.0,0.7,1.1697,0.12079652
cold,0,1,0,3e-05,0.05,512,3,5,4,256,6000,8.0,2633729,1,1,9974,1109,600014,8,6000,54000,15,90.0,0.75,1.25325,0.13554016
cold,0,1,0,3e-05,0.05,512,3,5,4,256,6000,8.0,2633729,1,1,9974,1109,600014,8,6000,54000,16,96.0,0.8,1.3368,0.15041389
cold,0,1,0,3e-05,0.05,512,3,5,4,256,6000,8.0,2633729,1,1,9974,1109,600014,8,6000,54000,17,102.0,0.85,1.42035,0.16444054
cold,0,1,0,3e-05,0.05,512,3,5,4,256,6000,8.0,2633729,1,1,9974,1109,600014,8,6000,54000,18,108.0,0.9,1.5039,0.17765257
cold,0,1,0,3e-05,0.05,512,3,5,4,256,6000,8.0,2633729,1,1,9974,1109,600014,8,6000,54000,19,114.0,0.95,1.58745,0.19118471
cold,0,1,0,3e-05,0.05,512,3,5,4,256,6000,8.0,2633729,1,1,9974,1109,600014,8,6000,54000,20,120.0,1.0,1.671,0.20630534
cold,0,1,0,3e-05,0.05,512,3,5,4,256,6000,8.0,2633729,1,1,9974,1109,600014,8,6000,54000,21,126.0,1.05,1.75455,0.22333279
cold,0,1,0,3e-05,0.05,512,3,5,4,256,6000,8.0,2633729,1,1,9974,1109,600014,8,6000,54000,22,132.0,1.1,1.8381,0.24179104
cold,0,1,0,3e-05,0.05,512,3,5,4,256,6000,8.0,2633729,1,1,9974,1109,600014,8,6000,54000,23,138.0,1.15,1.92165,0.26141495
cold,0,1,0,3e-05,0.05,512,3,5,4,256,6000,8.0,2633729,1,1,9974,1109,600014,8,6000,54000,24,144.0,1.2,2.0052,0.28201494
cold,0,1,0,3e-05,0.05,512,3,5,4,256,6000,8.0,2633729,1,1,9974,1109,600014,8,6000,54000,25,150.0,1.25,2.08875,0.30290937
cold,0,1,0,3e-05,0.05,512,3,5,4,256,6000,8.0,2633729,1,1,9974,1109,600014,8,6000,54000,26,156.0,1.3,2.1723,0.32422
cold,0,1,0,3e-05,0.05,512,3,5,4,256,6000,8.0,2633729,1,1,9974,1109,600014,8,6000,54000,27,162.0,1.35,2.25585,0.34623939
cold,0,1,0,3e-05,0.05,512,3,5,4,256,6000,8.0,2633729,1,1,9974,1109,600014,8,6000,54000,28,168.0,1.4,2.3394,0.3673051
cold,0,1,0,3e-05,0.05,512,3,5,4,256,6000,8.0,2633729,1,1,9974,1109,600014,8,6000,54000,29,174.0,1.45,2.42295,0.38582033
cold,0,1,0,3e-05,0.05,512,3,5,4,256,6000,8.0,2633729,1,1,9974,1109,600014,8,6000,54000,30,180.0,1.5,2.5065,0.40374899
cold,0,1,0,3e-05,0.05,512,3,5,4,256,6000,8.0,2633729,1,1,9974,1109,600014,8,6000,54000,31,186.0,1.55,2.59005,0.42302346
cold,0,1,0,3e-05,0.05,512,3,5,4,256,6000,8.0,2633729,1,1,9974,1109,600014,8,6000,54000,32,192.0,1.6,2.6736,0.442352
cold,0,1,0,3e-05,0.05,512,3,5,4,256,6000,8.0,2633729,1,1,9974,1109,600014,8,6000,54000,33,198.0,1.65,2.75715,0.4598968
cold,0,1,0,3e-05,0.05,512,3,5,4,256,6000,8.0,2633729,1,1,9974,1109,600014,8,6000,54000,34,204.0,1.7,2.8407,0.47631943
cold,0,1,0,3e-05,0.05,512,3,5,4,256,6000,8.0,2633729,1,1,9974,1109,600014,8,6000,54000,35,210.0,1.75,2.92425,0.4936105
cold,0,1,0,3e-05,0.05,512,3,5,4,256,6000,8.0,2633729,1,1,9974,1109,600014,8,6000,54000,36,216.0,1.8,3.0078,0.51307499
cold,0,1,0,3e-05,0.05,512,3,5,4,256,6000,8.0,2633729,1,1,9974,1109,600014,8,6000,54000,37,222.0,1.85,3.09135,0.53475589
cold,0,1,0,3e-05,0.05,512,3,5,4,256,6000,8.0,2633729,1,1,9974,1109,600014,8,6000,54000,38,228.0,1.9,3.1749,0.5579772
cold,0,1,0,3e-05,0.05,512,3,5,4,256,6000,8.0,2633729,1,1,9974,1109,600014,8,6000,54000,39,234.0,1.95,3.25845,0.58178103
cold,0,1,0,3e-05,0.05,512,3,5,4,256,6000,8.0,2633729,1,1,9974,1109,600014,8,6000,54000,40,240.0,2.0,3.342,0.60511708
cold,0,1,0,3e-05,0.05,512,3,5,4,256,6000,8.0,2633729,1,1,9974,1109,600014,8,6000,54000,41,246.0,2.05,3.42555,0.62697041
cold,0,1,0,3e-05,0.05,512,3,5,4,256,6000,8.0,2633729,1,1,9974,1109,600014,8,6000,54000,42,252.0,2.1,3.5091,0.64744496
cold,0,1,0,3e-05,0.05,512,3,5,4,256,6000,8.0,2633729,1,1,9974,1109,600014,8,6000,54000,43,258.0,2.15,3.59265,0.66727275
cold,0,1,0,3e-05,0.05,512,3,5,4,256,6000,8.0,2633729,1,1,9974,1109,600014,8,6000,54000,44,264.0,2.2,3.6762,0.68572354
cold,0,1,0,3e-05,0.05,512,3,5,4,256,6000,8.0,2633729,1,1,9974,1109,600014,8,6000,54000,45,270.0,2.25,3.75975,0.70106512
cold,0,1,0,3e-05,0.05,512,3,5,4,256,6000,8.0,2633729,1,1,9974,1109,600014,8,6000,54000,46,276.0,2.3,3.8433,0.71358013
cold,0,1,0,3e-05,0.05,512,3,5,4,256,6000,8.0,2633729,1,1,9974,1109,600014,8,6000,54000,47,282.0,2.35,3.92685,0.72477114
cold,0,1,0,3e-05,0.05,512,3,5,4,256,6000,8.0,2633729,1,1,9974,1109,600014,8,6000,54000,48,288.0,2.4,4.0104,0.73540223
cold,0,1,0,3e-05,0.05,512,3,5,4,256,6000,8.0,2633729,1,1,9974,1109,600014,8,6000,54000,49,294.0,2.45,4.09395,0.74570811
cold,0,1,0,3e-05,0.05,512,3,5,4,256,6000,8.0,2633729,1,1,9974,1109,600014,8,6000,54000,50,300.0,2.5,4.1775,0.75560009
cold,0,1,0,3e-05,0.05,512,3,5,4,256,6000,8.0,2633729,1,1,9974,1109,600014,8,6000,54000,51,306.0,2.55,4.26105,0.76437026
cold,0,1,0,3e-05,0.05,512,3,5,4,256,6000,8.0,2633729,1,1,9974,1109,600014,8,6000,54000,52,312.0,2.6,4.3446,0.77239043
cold,0,1,0,3e-05,0.05,512,3,5,4,256,6000,8.0,2633729,1,1,9974,1109,600014,8,6000,54000,53,318.0,2.65,4.42815,0.78103989
cold,0,1,0,3e-05,0.05,512,3,5,4,256,6000,8.0,2633729,1,1,9974,1109,600014,8,6000,54000,54,324.0,2.7,4.5117,0.79146105
cold,0,1,0,3e-05,0.05,512,3,5,4,256,6000,8.0,2633729,1,1,9974,1109,600014,8,6000,54000,55,330.0,2.75,4.59525,0.80352253
cold,0,1,0,3e-05,0.05,512,3,5,4,256,6000,8.0,2633729,1,1,9974,1109,600014,8,6000,54000,56,336.0,2.8,4.6788,0.81616777
cold,0,1,0,3e-05,0.05,512,3,5,4,256,6000,8.0,2633729,1,1,9974,1109,600014,8,6000,54000,57,342.0,2.85,4.76235,0.82861096
cold,0,1,0,3e-05,0.05,512,3,5,4,256,6000,8.0,2633729,1,1,9974,1109,600014,8,6000,54000,58,348.0,2.9,4.8459,0.84033412
cold,0,1,0,3e-05,0.05,512,3,5,4,256,6000,8.0,2633729,1,1,9974,1109,600014,8,6000,54000,59,354.0,2.95,4.92945,0.85054946
cold,0,1,0,3e-05,0.05,512,3,5,4,256,6000,8.0,2633729,1,1,9974,1109,600014,8,6000,54000,60,360.0,3.0,5.013,0.85853475
cold,0,1,0,3e-05,0.05,512,3,5,4,256,6000,8.0,2633729,1,1,9974,1109,600014,8,6000,54000,61,366.0,3.05,5.09655,0.8642655
cold,0,1,0,3e-05,0.05,512,3,5,4,256,6000,8.0,2633729,1,1,9974,1109,600014,8,6000,54000,62,372.0,3.1,5.1801,0.86871582
cold,0,1,0,3e-05,0.05,512,3,5,4,256,6000,8.0,2633729,1,1,9974,1109,600014,8,6000,54000,63,378.0,3.15,5.26365,0.87387472
cold,0,1,0,3e-05,0.05,512,3,5,4,256,6000,8.0,2633729,1,1,9974,1109,600014,8,6000,54000,64,384.0,3.2,5.3472,0.88066769
cold,0,1,0,3e-05,0.05,512,3,5,4,256,6000,8.0,2633729,1,1,9974,1109,600014,8,6000,54000,65,390.0,3.25,5.43075,0.88809121
cold,0,1,0,3e-05,0.05,512,3,5,4,256,6000,8.0,2633729,1,1,9974,1109,600014,8,6000,54000,66,396.0,3.3,5.5143,0.89433867
cold,0,1,0,3e-05,0.05,512,3,5,4,256,6000,8.0,2633729,1,1,9974,1109,600014,8,6000,54000,67,402.0,3.35,5.59785,0.89748085
cold,0,1,0,3e-05,0.05,512,3,5,4,256,6000,8.0,2633729,1,1,9974,1109,600014,8,6000,54000,68,408.0,3.4,5.6814,0.89742059
cold,0,1,0,3e-05,0.05,512,3,5,4,256,6000,8.0,2633729,1,1,9974,1109,600014,8,6000,54000,69,414.0,3.45,5.76495,0.89680958
cold,0,1,0,3e-05,0.05,512,3,5,4,256,6000,8.0,2633729,1,1,9974,1109,600014,8,6000,54000,70,420.0,3.5,5.8485,0.89821017
cold,0,1,0,3e-05,0.05,512,3,5,4,256,6000,8.0,2633729,1,1,9974,1109,600014,8,6000,54000,71,426.0,3.55,5.93205,0.9010762
cold,0,1,0,3e-05,0.05,512,3,5,4,256,6000,8.0,2633729,1,1,9974,1109,600014,8,6000,54000,72,432.0,3.6,6.0156,0.90426791
cold,0,1,0,3e-05,0.05,512,3,5,4,256,6000,8.0,2633729,1,1,9974,1109,600014,8,6000,54000,73,438.0,3.65,6.09915,0.90851629
cold,0,1,0,3e-05,0.05,512,3,5,4,256,6000,8.0,2633729,1,1,9974,1109,600014,8,6000,54000,74,444.0,3.7,6.1827,0.91462284
cold,0,1,0,3e-05,0.05,512,3,5,4,256,6000,8.0,2633729,1,1,9974,1109,600014,8,6000,54000,75,450.0,3.75,6.26625,0.92227954
cold,0,1,0,3e-05,0.05,512,3,5,4,256,6000,8.0,2633729,1,1,9974,1109,600014,8,6000,54000,76,456.0,3.8,6.3498,0.93006694
cold,0,1,0,3e-05,0.05,512,3,5,4,256,6000,8.0,2633729,1,1,9974,1109,600014,8,6000,54000,77,462.0,3.85,6.43335,0.93495655
cold,0,1,0,3e-05,0.05,512,3,5,4,256,6000,8.0,2633729,1,1,9974,1109,600014,8,6000,54000,78,468.0,3.9,6.5169,0.93539351
cold,0,1,0,3e-05,0.05,512,3,5,4,256,6000,8.0,2633729,1,1,9974,1109,600014,8,6000,54000,79,474.0,3.95,6.60045,0.93280852
cold,0,1,0,3e-05,0.05,512,3,5,4,256,6000,8.0,2633729,1,1,9974,1109,600014,8,6000,54000,80,480.0,4.0,6.684,0.92977566
cold,0,1,0,3e-05,0.05,512,3,5,4,256,6000,8.0,2633729,1,1,9974,1109,600014,8,6000,54000,81,486.0,4.05,6.76755,0.92872643
cold,0,1,0,3e-05,0.05,512,3,5,4,256,6000,8.0,2633729,1,1,9974,1109,600014,8,6000,54000,82,492.0,4.1,6.8511,0.93019128
cold,0,1,0,3e-05,0.05,512,3,5,4,256,6000,8.0,2633729,1,1,9974,1109,600014,8,6000,54000,83,498.0,4.15,6.93465,0.93356556
cold,0,1,0,3e-05,0.05,512,3,5,4,256,6000,8.0,2633729,1,1,9974,1109,600014,8,6000,54000,84,504.0,4.2,7.0182,0.93798715
cold,0,1,0,3e-05,0.05,512,3,5,4,256,6000,8.0,2633729,1,1,9974,1109,600014,8,6000,54000,85,510.0,4.25,7.10175,0.94208246
cold,0,1,0,3e-05,0.05,512,3,5,4,256,6000,8.0,2633729,1,1,9974,1109,600014,8,6000,54000,86,516.0,4.3,7.1853,0.9446696
cold,0,1,0,3e-05,0.05,512,3,5,4,256,6000,8.0,2633729,1,1,9974,1109,600014,8,6000,54000,87,522.0,4.35,7.26885,0.94662428
cold,0,1,0,3e-05,0.05,512,3,5,4,256,6000,8.0,2633729,1,1,9974,1109,600014,8,6000,54000,88,528.0,4.4,7.3524,0.95107234
cold,0,1,0,3e-05,0.05,512,3,5,4,256,6000,8.0,2633729,1,1,9974,1109,600014,8,6000,54000,89,534.0,4.45,7.43595,0.95910859
cold,0,1,0,3e-05,0.05,512,3,5,4,256,6000,8.0,2633729,1,1,9974,1109,600014,8,6000,54000,90,540.0,4.5,7.5195,0.96757317
cold,0,1,0,3e-05,0.05,512,3,5,4,256,6000,8.0,2633729,1,1,9974,1109,600014,8,6000,54000,91,546.0,4.55,7.60305,0.9720335
cold,0,1,0,3e-05,0.05,512,3,5,4,256,6000,8.0,2633729,1,1,9974,1109,600014,8,6000,54000,92,552.0,4.6,7.6866,0.97022051
cold,0,1,0,3e-05,0.05,512,3,5,4,256,6000,8.0,2633729,1,1,9974,1109,600014,8,6000,54000,93,558.0,4.65,7.77015,0.96294272
cold,0,1,0,3e-05,0.05,512,3,5,4,256,6000,8.0,2633729,1,1,9974,1109,600014,8,6000,54000,94,564.0,4.7,7.8537,0.9534601
cold,0,1,0,3e-05,0.05,512,3,5,4,256,6000,8.0,2633729,1,1,9974,1109,600014,8,6000,54000,95,570.0,4.75,7.93725,0.94619721
cold,0,1,0,3e-05,0.05,512,3,5,4,256,6000,8.0,2633729,1,1,9974,1109,600014,8,6000,54000,96,576.0,4.8,8.0208,0.94426394
cold,0,1,0,3e-05,0.05,512,3,5,4,256,6000,8.0,2633729,1,1,9974,1109,600014,8,6000,54000,97,582.0,4.85,8.10435,0.94736904
cold,0,1,0,3e-05,0.05,512,3,5,4,256,6000,8.0,2633729,1,1,9974,1109,600014,8,6000,54000,98,588.0,4.9,8.1879,0.95238256
cold,0,1,0,3e-05,0.05,512,3,5,4,256,6000,8.0,2633729,1,1,9974,1109,600014,8,6000,54000,99,594.0,4.95,8.27145,0.95622742
cold,0,1,0,3e-05,0.05,512,3,5,4,256,6000,8.0,2633729,1,1,9974,1109,600014,8,6000,54000,100,600.0,5.0,8.355,0.95908982
cold,0,1,0,3e-05,0.05,512,3,5,4,256,6000,8.0,2633729,1,1,9974,1109,600014,8,6000,54000,101,606.0,5.05,8.43855,0.96329486
cold,0,1,0,3e-05,0.05,512,3,5,4,256,6000,8.0,2633729,1,1,9974,1109,600014,8,6000,54000,102,612.0,5.1,8.5221,0.96934849
cold,0,1,0,3e-05,0.05,512,3,5,4,256,6000,8.0,2633729,1,1,9974,1109,600014,8,6000,54000,103,618.0,5.15,8.60565,0.97594875
cold,0,1,0,3e-05,0.05,512,3,5,4,256,6000,8.0,2633729,1,1,9974,1109,600014,8,6000,54000,104,624.0,5.2,8.6892,0.9815532
cold,0,1,0,3e-05,0.05,512,3,5,4,256,6000,8.0,2633729,1,1,9974,1109,600014,8,6000,54000,105,630.0,5.25,8.77275,0.98467857
cold,0,1,0,3e-05,0.05,512,3,5,4,256,6000,8.0,2633729,1,1,9974,1109,600014,8,6000,54000,106,636.0,5.3,8.8563,0.98377031
cold,0,1,0,3e-05,0.05,512,3,5,4,256,6000,8.0,2633729,1,1,9974,1109,600014,8,6000,54000,107,642.0,5.35,8.93985,0.97801954
cold,0,1,0,3e-05,0.05,512,3,5,4,256,6000,8.0,2633729,1,1,9974,1109,600014,8,6000,54000,108,648.0,5.4,9.0234,0.96872562
cold,0,1,0,3e-05,0.05,512,3,5,4,256,6000,8.0,2633729,1,1,9974,1109,600014,8,6000,54000,109,654.0,5.45,9.10695,0.96025878
cold,0,1,0,3e-05,0.05,512,3,5,4,256,6000,8.0,2633729,1,1,9974,1109,600014,8,6000,54000,110,660.0,5.5,9.1905,0.95756185
cold,0,1,0,3e-05,0.05,512,3,5,4,256,6000,8.0,2633729,1,1,9974,1109,600014,8,6000,54000,111,666.0,5.55,9.27405,0.96133798
cold,0,1,0,3e-05,0.05,512,3,5,4,256,6000,8.0,2633729,1,1,9974,1109,600014,8,6000,54000,112,672.0,5.6,9.3576,0.96807277
cold,0,1,0,3e-05,0.05,512,3,5,4,256,6000,8.0,2633729,1,1,9974,1109,600014,8,6000,54000,113,678.0,5.65,9.44115,0.97550207
cold,0,1,0,3e-05,0.05,512,3,5,4,256,6000,8.0,2633729,1,1,9974,1109,600014,8,6000,54000,114,684.0,5.7,9.5247,0.98444539
cold,0,1,0,3e-05,0.05,512,3,5,4,256,6000,8.0,2633729,1,1,9974,1109,600014,8,6000,54000,115,690.0,5.75,9.60825,0.99469179
cold,0,1,0,3e-05,0.05,512,3,5,4,256,6000,8.0,2633729,1,1,9974,1109,600014,8,6000,54000,116,696.0,5.8,9.6918,1.00367987
cold,0,1,0,3e-05,0.05,512,3,5,4,256,6000,8.0,2633729,1,1,9974,1109,600014,8,6000,54000,117,702.0,5.85,9.77535,1.00909829
cold,0,1,0,3e-05,0.05,512,3,5,4,256,6000,8.0,2633729,1,1,9974,1109,600014,8,6000,54000,118,708.0,5.9,9.8589,1.00980783
cold,0,1,0,3e-05,0.05,512,3,5,4,256,6000,8.0,2633729,1,1,9974,1109,600014,8,6000,54000,119,714.0,5.95,9.94245,1.00541246
cold,0,1,0,3e-05,0.05,512,3,5,4,256,6000,8.0,2633729,1,1,9974,1109,600014,8,6000,54000,120,720.0,6.0,10.026,0.99701405
cold,0,1,0,3e-05,0.05,512,3,5,4,256,6000,8.0,2633729,1,1,9974,1110,600015,9,1,54001,1,6.0,0.05,0.08355,0.18163072
cold,0,1,0,3e-05,0.05,512,3,5,4,256,6000,8.0,2633729,1,1,9974,1110,600015,9,1,54001,2,12.0,0.1,0.1671,0.34943163
cold,0,1,0,3e-05,0.05,512,3,5,4,256,6000,8.0,2633729,1,1,9974,1110,600015,9,1,54001,3,18.0,0.15,0.25065,0.50082666
cold,0,1,0,3e-05,0.05,512,3,5,4,256,6000,8.0,2633729,1,1,9974,1110,600015,9,1,54001,4,24.0,0.2,0.3342,0.62932622
cold,0,1,0,3e-05,0.05,512,3,5,4,256,6000,8.0,2633729,1,1,9974,1110,600015,9,1,54001,5,30.0,0.25,0.41775,0.73294467
cold,0,1,0,3e-05,0.05,512,3,5,4,256,6000,8.0,2633729,1,1,9974,1110,600015,9,1,54001,6,36.0,0.3,0.5013,0.81322217
cold,0,1,0,3e-05,0.05,512,3,5,4,256,6000,8.0,2633729,1,1,9974,1110,600015,9,1,54001,7,42.0,0.35,0.58485,0.87353903
cold,0,1,0,3e-05,0.05,512,3,5,4,256,6000,8.0,2633729,1,1,9974,1110,600015,9,1,54001,8,48.0,0.4,0.6684,0.91797531
cold,0,1,0,3e-05,0.05,512,3,5,4,256,6000,8.0,2633729,1,1,9974,1110,600015,9,1,54001,9,54.0,0.45,0.75195,0.95043898
cold,0,1,0,3e-05,0.05,512,3,5,4,256,6000,8.0,2633729,1,1,9974,1110,600015,9,1,54001,10,60.0,0.5,0.8355,0.97445875
cold,0,1,0,3e-05,0.05,512,3,5,4,256,6000,8.0,2633729,1,1,9974,1110,600015,9,1,54001,11,66.0,0.55,0.91905,0.99235725
cold,0,1,0,3e-05,0.05,512,3,5,4,256,6000,8.0,2633729,1,1,9974,1110,600015,9,1,54001,12,72.0,0.6,1.0026,1.00505376
cold,0,1,0,3e-05,0.05,512,3,5,4,256,6000,8.0,2633729,1,1,9974,1110,600015,9,1,54001,13,78.0,0.65,1.08615,1.01317763
cold,0,1,0,3e-05,0.05,512,3,5,4,256,6000,8.0,2633729,1,1,9974,1110,600015,9,1,54001,14,84.0,0.7,1.1697,1.01821101
cold,0,1,0,3e-05,0.05,512,3,5,4,256,6000,8.0,2633729,1,1,9974,1110,600015,9,1,54001,15,90.0,0.75,1.25325,1.02193511
cold,0,1,0,3e-05,0.05,512,3,5,4,256,6000,8.0,2633729,1,1,9974,1110,600015,9,1,54001,16,96.0,0.8,1.3368,1.02522969
cold,0,1,0,3e-05,0.05,512,3,5,4,256,6000,8.0,2633729,1,1,9974,1110,600015,9,1,54001,17,102.0,0.85,1.42035,1.02817535
cold,0,1,0,3e-05,0.05,512,3,5,4,256,6000,8.0,2633729,1,1,9974,1110,600015,9,1,54001,18,108.0,0.9,1.5039,1.03062475
cold,0,1,0,3e-05,0.05,512,3,5,4,256,6000,8.0,2633729,1,1,9974,1110,600015,9,1,54001,19,114.0,0.95,1.58745,1.03207409
cold,0,1,0,3e-05,0.05,512,3,5,4,256,6000,8.0,2633729,1,1,9974,1110,600015,9,1,54001,20,120.0,1.0,1.671,1.03161955
cold,0,1,0,3e-05,0.05,512,3,5,4,256,6000,8.0,2633729,1,1,9974,1110,600015,9,1,54001,21,126.0,1.05,1.75455,1.02838659
cold,0,1,0,3e-05,0.05,512,3,5,4,256,6000,8.0,2633729,1,1,9974,1110,600015,9,1,54001,22,132.0,1.1,1.8381,1.02181399
cold,0,1,0,3e-05,0.05,512,3,5,4,256,6000,8.0,2633729,1,1,9974,1110,600015,9,1,54001,23,138.0,1.15,1.92165,1.01175284
cold,0,1,0,3e-05,0.05,512,3,5,4,256,6000,8.0,2633729,1,1,9974,1110,600015,9,1,54001,24,144.0,1.2,2.0052,0.99879307
cold,0,1,0,3e-05,0.05,512,3,5,4,256,6000,8.0,2633729,1,1,9974,1110,600015,9,1,54001,25,150.0,1.25,2.08875,0.98418051
cold,0,1,0,3e-05,0.05,512,3,5,4,256,6000,8.0,2633729,1,1,9974,1110,600015,9,1,54001,26,156.0,1.3,2.1723,0.96916997
cold,0,1,0,3e-05,0.05,512,3,5,4,256,6000,8.0,2633729,1,1,9974,1110,600015,9,1,54001,27,162.0,1.35,2.25585,0.95472211
cold,0,1,0,3e-05,0.05,512,3,5,4,256,6000,8.0,2633729,1,1,9974,1110,600015,9,1,54001,28,168.0,1.4,2.3394,0.94176292
cold,0,1,0,3e-05,0.05,512,3,5,4,256,6000,8.0,2633729,1,1,9974,1110,600015,9,1,54001,29,174.0,1.45,2.42295,0.93111992
cold,0,1,0,3e-05,0.05,512,3,5,4,256,6000,8.0,2633729,1,1,9974,1110,600015,9,1,54001,30,180.0,1.5,2.5065,0.92332745
cold,0,1,0,3e-05,0.05,512,3,5,4,256,6000,8.0,2633729,1,1,9974,1110,600015,9,1,54001,31,186.0,1.55,2.59005,0.91841245
cold,0,1,0,3e-05,0.05,512,3,5,4,256,6000,8.0,2633729,1,1,9974,1110,600015,9,1,54001,32,192.0,1.6,2.6736,0.91581941
cold,0,1,0,3e-05,0.05,512,3,5,4,256,6000,8.0,2633729,1,1,9974,1110,600015,9,1,54001,33,198.0,1.65,2.75715,0.91475588
cold,0,1,0,3e-05,0.05,512,3,5,4,256,6000,8.0,2633729,1,1,9974,1110,600015,9,1,54001,34,204.0,1.7,2.8407,0.91483694
cold,0,1,0,3e-05,0.05,512,3,5,4,256,6000,8.0,2633729,1,1,9974,1110,600015,9,1,54001,35,210.0,1.75,2.92425,0.91610152
cold,0,1,0,3e-05,0.05,512,3,5,4,256,6000,8.0,2633729,1,1,9974,1110,600015,9,1,54001,36,216.0,1.8,3.0078,0.91830689
cold,0,1,0,3e-05,0.05,512,3,5,4,256,6000,8.0,2633729,1,1,9974,1110,600015,9,1,54001,37,222.0,1.85,3.09135,0.92074013
cold,0,1,0,3e-05,0.05,512,3,5,4,256,6000,8.0,2633729,1,1,9974,1110,600015,9,1,54001,38,228.0,1.9,3.1749,0.92288625
cold,0,1,0,3e-05,0.05,512,3,5,4,256,6000,8.0,2633729,1,1,9974,1110,600015,9,1,54001,39,234.0,1.95,3.25845,0.92498571
cold,0,1,0,3e-05,0.05,512,3,5,4,256,6000,8.0,2633729,1,1,9974,1110,600015,9,1,54001,40,240.0,2.0,3.342,0.92762399
cold,0,1,0,3e-05,0.05,512,3,5,4,256,6000,8.0,2633729,1,1,9974,1110,600015,9,1,54001,41,246.0,2.05,3.42555,0.93110156
cold,0,1,0,3e-05,0.05,512,3,5,4,256,6000,8.0,2633729,1,1,9974,1110,600015,9,1,54001,42,252.0,2.1,3.5091,0.93540883
cold,0,1,0,3e-05,0.05,512,3,5,4,256,6000,8.0,2633729,1,1,9974,1110,600015,9,1,54001,43,258.0,2.15,3.59265,0.94035649
cold,0,1,0,3e-05,0.05,512,3,5,4,256,6000,8.0,2633729,1,1,9974,1110,600015,9,1,54001,44,264.0,2.2,3.6762,0.94529486
cold,0,1,0,3e-05,0.05,512,3,5,4,256,6000,8.0,2633729,1,1,9974,1110,600015,9,1,54001,45,270.0,2.25,3.75975,0.9491117
cold,0,1,0,3e-05,0.05,512,3,5,4,256,6000,8.0,2633729,1,1,9974,1110,600015,9,1,54001,46,276.0,2.3,3.8433,0.95114565
cold,0,1,0,3e-05,0.05,512,3,5,4,256,6000,8.0,2633729,1,1,9974,1110,600015,9,1,54001,47,282.0,2.35,3.92685,0.95189512
cold,0,1,0,3e-05,0.05,512,3,5,4,256,6000,8.0,2633729,1,1,9974,1110,600015,9,1,54001,48,288.0,2.4,4.0104,0.95251989
cold,0,1,0,3e-05,0.05,512,3,5,4,256,6000,8.0,2633729,1,1,9974,1110,600015,9,1,54001,49,294.0,2.45,4.09395,0.95395958
cold,0,1,0,3e-05,0.05,512,3,5,4,256,6000,8.0,2633729,1,1,9974,1110,600015,9,1,54001,50,300.0,2.5,4.1775,0.95658463
cold,0,1,0,3e-05,0.05,512,3,5,4,256,6000,8.0,2633729,1,1,9974,1110,600015,9,1,54001,51,306.0,2.55,4.26105,0.95955545
cold,0,1,0,3e-05,0.05,512,3,5,4,256,6000,8.0,2633729,1,1,9974,1110,600015,9,1,54001,52,312.0,2.6,4.3446,0.96116853
cold,0,1,0,3e-05,0.05,512,3,5,4,256,6000,8.0,2633729,1,1,9974,1110,600015,9,1,54001,53,318.0,2.65,4.42815,0.96042997
cold,0,1,0,3e-05,0.05,512,3,5,4,256,6000,8.0,2633729,1,1,9974,1110,600015,9,1,54001,54,324.0,2.7,4.5117,0.95770991
cold,0,1,0,3e-05,0.05,512,3,5,4,256,6000,8.0,2633729,1,1,9974,1110,600015,9,1,54001,55,330.0,2.75,4.59525,0.95380402
cold,0,1,0,3e-05,0.05,512,3,5,4,256,6000,8.0,2633729,1,1,9974,1110,600015,9,1,54001,56,336.0,2.8,4.6788,0.9493295
cold,0,1,0,3e-05,0.05,512,3,5,4,256,6000,8.0,2633729,1,1,9974,1110,600015,9,1,54001,57,342.0,2.85,4.76235,0.94520092
cold,0,1,0,3e-05,0.05,512,3,5,4,256,6000,8.0,2633729,1,1,9974,1110,600015,9,1,54001,58,348.0,2.9,4.8459,0.94238484
cold,0,1,0,3e-05,0.05,512,3,5,4,256,6000,8.0,2633729,1,1,9974,1110,600015,9,1,54001,59,354.0,2.95,4.92945,0.94131809
cold,0,1,0,3e-05,0.05,512,3,5,4,256,6000,8.0,2633729,1,1,9974,1110,600015,9,1,54001,60,360.0,3.0,5.013,0.94199783
cold,0,1,0,3e-05,0.05,512,3,5,4,256,6000,8.0,2633729,1,1,9974,1110,600015,9,1,54001,61,366.0,3.05,5.09655,0.94374841
cold,0,1,0,3e-05,0.05,512,3,5,4,256,6000,8.0,2633729,1,1,9974,1110,600015,9,1,54001,62,372.0,3.1,5.1801,0.9454729
cold,0,1,0,3e-05,0.05,512,3,5,4,256,6000,8.0,2633729,1,1,9974,1110,600015,9,1,54001,63,378.0,3.15,5.26365,0.94632655
cold,0,1,0,3e-05,0.05,512,3,5,4,256,6000,8.0,2633729,1,1,9974,1110,600015,9,1,54001,64,384.0,3.2,5.3472,0.9458918
cold,0,1,0,3e-05,0.05,512,3,5,4,256,6000,8.0,2633729,1,1,9974,1110,600015,9,1,54001,65,390.0,3.25,5.43075,0.94446343
cold,0,1,0,3e-05,0.05,512,3,5,4,256,6000,8.0,2633729,1,1,9974,1110,600015,9,1,54001,66,396.0,3.3,5.5143,0.94291067
cold,0,1,0,3e-05,0.05,512,3,5,4,256,6000,8.0,2633729,1,1,9974,1110,600015,9,1,54001,67,402.0,3.35,5.59785,0.94193065
cold,0,1,0,3e-05,0.05,512,3,5,4,256,6000,8.0,2633729,1,1,9974,1110,600015,9,1,54001,68,408.0,3.4,5.6814,0.9414559
cold,0,1,0,3e-05,0.05,512,3,5,4,256,6000,8.0,2633729,1,1,9974,1110,600015,9,1,54001,69,414.0,3.45,5.76495,0.94089067
cold,0,1,0,3e-05,0.05,512,3,5,4,256,6000,8.0,2633729,1,1,9974,1110,600015,9,1,54001,70,420.0,3.5,5.8485,0.93997377
cold,0,1,0,3e-05,0.05,512,3,5,4,256,6000,8.0,2633729,1,1,9974,1110,600015,9,1,54001,71,426.0,3.55,5.93205,0.93958944
cold,0,1,0,3e-05,0.05,512,3,5,4,256,6000,8.0,2633729,1,1,9974,1110,600015,9,1,54001,72,432.0,3.6,6.0156,0.94130331
cold,0,1,0,3e-05,0.05,512,3,5,4,256,6000,8.0,2633729,1,1,9974,1110,600015,9,1,54001,73,438.0,3.65,6.09915,0.94590735
cold,0,1,0,3e-05,0.05,512,3,5,4,256,6000,8.0,2633729,1,1,9974,1110,600015,9,1,54001,74,444.0,3.7,6.1827,0.95259893
cold,0,1,0,3e-05,0.05,512,3,5,4,256,6000,8.0,2633729,1,1,9974,1110,600015,9,1,54001,75,450.0,3.75,6.26625,0.95960402
cold,0,1,0,3e-05,0.05,512,3,5,4,256,6000,8.0,2633729,1,1,9974,1110,600015,9,1,54001,76,456.0,3.8,6.3498,0.96550184
cold,0,1,0,3e-05,0.05,512,3,5,4,256,6000,8.0,2633729,1,1,9974,1110,600015,9,1,54001,77,462.0,3.85,6.43335,0.9697361
cold,0,1,0,3e-05,0.05,512,3,5,4,256,6000,8.0,2633729,1,1,9974,1110,600015,9,1,54001,78,468.0,3.9,6.5169,0.97214234
cold,0,1,0,3e-05,0.05,512,3,5,4,256,6000,8.0,2633729,1,1,9974,1110,600015,9,1,54001,79,474.0,3.95,6.60045,0.97267604
cold,0,1,0,3e-05,0.05,512,3,5,4,256,6000,8.0,2633729,1,1,9974,1110,600015,9,1,54001,80,480.0,4.0,6.684,0.97183758
cold,0,1,0,3e-05,0.05,512,3,5,4,256,6000,8.0,2633729,1,1,9974,1110,600015,9,1,54001,81,486.0,4.05,6.76755,0.97098261
cold,0,1,0,3e-05,0.05,512,3,5,4,256,6000,8.0,2633729,1,1,9974,1110,600015,9,1,54001,82,492.0,4.1,6.8511,0.97164214
cold,0,1,0,3e-05,0.05,512,3,5,4,256,6000,8.0,2633729,1,1,9974,1110,600015,9,1,54001,83,498.0,4.15,6.93465,0.9742043
cold,0,1,0,3e-05,0.05,512,3,5,4,256,6000,8.0,2633729,1,1,9974,1110,600015,9,1,54001,84,504.0,4.2,7.0182,0.97763252
cold,0,1,0,3e-05,0.05,512,3,5,4,256,6000,8.0,2633729,1,1,9974,1110,600015,9,1,54001,85,510.0,4.25,7.10175,0.98050028
cold,0,1,0,3e-05,0.05,512,3,5,4,256,6000,8.0,2633729,1,1,9974,1110,600015,9,1,54001,86,516.0,4.3,7.1853,0.98195022
cold,0,1,0,3e-05,0.05,512,3,5,4,256,6000,8.0,2633729,1,1,9974,1110,600015,9,1,54001,87,522.0,4.35,7.26885,0.98203665
cold,0,1,0,3e-05,0.05,512,3,5,4,256,6000,8.0,2633729,1,1,9974,1110,600015,9,1,54001,88,528.0,4.4,7.3524,0.98141789
cold,0,1,0,3e-05,0.05,512,3,5,4,256,6000,8.0,2633729,1,1,9974,1110,600015,9,1,54001,89,534.0,4.45,7.43595,0.98104918
cold,0,1,0,3e-05,0.05,512,3,5,4,256,6000,8.0,2633729,1,1,9974,1110,600015,9,1,54001,90,540.0,4.5,7.5195,0.98131299
cold,0,1,0,3e-05,0.05,512,3,5,4,256,6000,8.0,2633729,1,1,9974,1110,600015,9,1,54001,91,546.0,4.55,7.60305,0.98151469
cold,0,1,0,3e-05,0.05,512,3,5,4,256,6000,8.0,2633729,1,1,9974,1110,600015,9,1,54001,92,552.0,4.6,7.6866,0.98095042
cold,0,1,0,3e-05,0.05,512,3,5,4,256,6000,8.0,2633729,1,1,9974,1110,600015,9,1,54001,93,558.0,4.65,7.77015,0.97946781
cold,0,1,0,3e-05,0.05,512,3,5,4,256,6000,8.0,2633729,1,1,9974,1110,600015,9,1,54001,94,564.0,4.7,7.8537,0.97709131
cold,0,1,0,3e-05,0.05,512,3,5,4,256,6000,8.0,2633729,1,1,9974,1110,600015,9,1,54001,95,570.0,4.75,7.93725,0.97395754
cold,0,1,0,3e-05,0.05,512,3,5,4,256,6000,8.0,2633729,1,1,9974,1110,600015,9,1,54001,96,576.0,4.8,8.0208,0.97071266
cold,0,1,0,3e-05,0.05,512,3,5,4,256,6000,8.0,2633729,1,1,9974,1110,600015,9,1,54001,97,582.0,4.85,8.10435,0.96829742
cold,0,1,0,3e-05,0.05,512,3,5,4,256,6000,8.0,2633729,1,1,9974,1110,600015,9,1,54001,98,588.0,4.9,8.1879,0.96722293
cold,0,1,0,3e-05,0.05,512,3,5,4,256,6000,8.0,2633729,1,1,9974,1110,600015,9,1,54001,99,594.0,4.95,8.27145,0.9673838
cold,0,1,0,3e-05,0.05,512,3,5,4,256,6000,8.0,2633729,1,1,9974,1110,600015,9,1,54001,100,600.0,5.0,8.355,0.96819109
cold,0,1,0,3e-05,0.05,512,3,5,4,256,6000,8.0,2633729,1,1,9974,1110,600015,9,1,54001,101,606.0,5.05,8.43855,0.96908319
cold,0,1,0,3e-05,0.05,512,3,5,4,256,6000,8.0,2633729,1,1,9974,1110,600015,9,1,54001,102,612.0,5.1,8.5221,0.97011262
cold,0,1,0,3e-05,0.05,512,3,5,4,256,6000,8.0,2633729,1,1,9974,1110,600015,9,1,54001,103,618.0,5.15,8.60565,0.97163457
cold,0,1,0,3e-05,0.05,512,3,5,4,256,6000,8.0,2633729,1,1,9974,1110,600015,9,1,54001,104,624.0,5.2,8.6892,0.97368699
cold,0,1,0,3e-05,0.05,512,3,5,4,256,6000,8.0,2633729,1,1,9974,1110,600015,9,1,54001,105,630.0,5.25,8.77275,0.97590601
cold,0,1,0,3e-05,0.05,512,3,5,4,256,6000,8.0,2633729,1,1,9974,1110,600015,9,1,54001,106,636.0,5.3,8.8563,0.97791916
cold,0,1,0,3e-05,0.05,512,3,5,4,256,6000,8.0,2633729,1,1,9974,1110,600015,9,1,54001,107,642.0,5.35,8.93985,0.97959054
cold,0,1,0,3e-05,0.05,512,3,5,4,256,6000,8.0,2633729,1,1,9974,1110,600015,9,1,54001,108,648.0,5.4,9.0234,0.98088908
cold,0,1,0,3e-05,0.05,512,3,5,4,256,6000,8.0,2633729,1,1,9974,1110,600015,9,1,54001,109,654.0,5.45,9.10695,0.98173672
cold,0,1,0,3e-05,0.05,512,3,5,4,256,6000,8.0,2633729,1,1,9974,1110,600015,9,1,54001,110,660.0,5.5,9.1905,0.98219961
cold,0,1,0,3e-05,0.05,512,3,5,4,256,6000,8.0,2633729,1,1,9974,1110,600015,9,1,54001,111,666.0,5.55,9.27405,0.98262161
cold,0,1,0,3e-05,0.05,512,3,5,4,256,6000,8.0,2633729,1,1,9974,1110,600015,9,1,54001,112,672.0,5.6,9.3576,0.98359615
cold,0,1,0,3e-05,0.05,512,3,5,4,256,6000,8.0,2633729,1,1,9974,1110,600015,9,1,54001,113,678.0,5.65,9.44115,0.98586297
cold,0,1,0,3e-05,0.05,512,3,5,4,256,6000,8.0,2633729,1,1,9974,1110,600015,9,1,54001,114,684.0,5.7,9.5247,0.98964947
cold,0,1,0,3e-05,0.05,512,3,5,4,256,6000,8.0,2633729,1,1,9974,1110,600015,9,1,54001,115,690.0,5.75,9.60825,0.99439466
cold,0,1,0,3e-05,0.05,512,3,5,4,256,6000,8.0,2633729,1,1,9974,1110,600015,9,1,54001,116,696.0,5.8,9.6918,0.99925834
cold,0,1,0,3e-05,0.05,512,3,5,4,256,6000,8.0,2633729,1,1,9974,1110,600015,9,1,54001,117,702.0,5.85,9.77535,1.00355828
cold,0,1,0,3e-05,0.05,512,3,5,4,256,6000,8.0,2633729,1,1,9974,1110,600015,9,1,54001,118,708.0,5.9,9.8589,1.00713253
cold,0,1,0,3e-05,0.05,512,3,5,4,256,6000,8.0,2633729,1,1,9974,1110,600015,9,1,54001,119,714.0,5.95,9.94245,1.01035404
cold,0,1,0,3e-05,0.05,512,3,5,4,256,6000,8.0,2633729,1,1,9974,1110,600015,9,1,54001,120,720.0,6.0,10.026,1.0135498
cold,0,1,0,3e-05,0.05,512,3,5,4,256,6000,8.0,2633729,1,1,9974,1110,600015,9,12,54012,1,6.0,0.05,0.08355,0.13426206
cold,0,1,0,3e-05,0.05,512,3,5,4,256,6000,8.0,2633729,1,1,9974,1110,600015,9,12,54012,2,12.0,0.1,0.1671,0.2562224
cold,0,1,0,3e-05,0.05,512,3,5,4,256,6000,8.0,2633729,1,1,9974,1110,600015,9,12,54012,3,18.0,0.15,0.25065,0.36589894
cold,0,1,0,3e-05,0.05,512,3,5,4,256,6000,8.0,2633729,1,1,9974,1110,600015,9,12,54012,4,24.0,0.2,0.3342,0.45470658
cold,0,1,0,3e-05,0.05,512,3,5,4,256,6000,8.0,2633729,1,1,9974,1110,600015,9,12,54012,5,30.0,0.25,0.41775,0.51948315
cold,0,1,0,3e-05,0.05,512,3,5,4,256,6000,8.0,2633729,1,1,9974,1110,600015,9,12,54012,6,36.0,0.3,0.5013,0.56541747
cold,0,1,0,3e-05,0.05,512,3,5,4,256,6000,8.0,2633729,1,1,9974,1110,600015,9,12,54012,7,42.0,0.35,0.58485,0.5985961
cold,0,1,0,3e-05,0.05,512,3,5,4,256,6000,8.0,2633729,1,1,9974,1110,600015,9,12,54012,8,48.0,0.4,0.6684,0.62337327
cold,0,1,0,3e-05,0.05,512,3,5,4,256,6000,8.0,2633729,1,1,9974,1110,600015,9,12,54012,9,54.0,0.45,0.75195,0.64167273
cold,0,1,0,3e-05,0.05,512,3,5,4,256,6000,8.0,2633729,1,1,9974,1110,600015,9,12,54012,10,60.0,0.5,0.8355,0.65505254
cold,0,1,0,3e-05,0.05,512,3,5,4,256,6000,8.0,2633729,1,1,9974,1110,600015,9,12,54012,11,66.0,0.55,0.91905,0.66584253
cold,0,1,0,3e-05,0.05,512,3,5,4,256,6000,8.0,2633729,1,1,9974,1110,600015,9,12,54012,12,72.0,0.6,1.0026,0.67636162
cold,0,1,0,3e-05,0.05,512,3,5,4,256,6000,8.0,2633729,1,1,9974,1110,600015,9,12,54012,13,78.0,0.65,1.08615,0.68777061
cold,0,1,0,3e-05,0.05,512,3,5,4,256,6000,8.0,2633729,1,1,9974,1110,600015,9,12,54012,14,84.0,0.7,1.1697,0.70004213
cold,0,1,0,3e-05,0.05,512,3,5,4,256,6000,8.0,2633729,1,1,9974,1110,600015,9,12,54012,15,90.0,0.75,1.25325,0.71262521
cold,0,1,0,3e-05,0.05,512,3,5,4,256,6000,8.0,2633729,1,1,9974,1110,600015,9,12,54012,16,96.0,0.8,1.3368,0.72468847
cold,0,1,0,3e-05,0.05,512,3,5,4,256,6000,8.0,2633729,1,1,9974,1110,600015,9,12,54012,17,102.0,0.85,1.42035,0.73512
cold,0,1,0,3e-05,0.05,512,3,5,4,256,6000,8.0,2633729,1,1,9974,1110,600015,9,12,54012,18,108.0,0.9,1.5039,0.74304616
cold,0,1,0,3e-05,0.05,512,3,5,4,256,6000,8.0,2633729,1,1,9974,1110,600015,9,12,54012,19,114.0,0.95,1.58745,0.74867934
cold,0,1,0,3e-05,0.05,512,3,5,4,256,6000,8.0,2633729,1,1,9974,1110,600015,9,12,54012,20,120.0,1.0,1.671,0.75340784
cold,0,1,0,3e-05,0.05,512,3,5,4,256,6000,8.0,2633729,1,1,9974,1110,600015,9,12,54012,21,126.0,1.05,1.75455,0.75837123
cold,0,1,0,3e-05,0.05,512,3,5,4,256,6000,8.0,2633729,1,1,9974,1110,600015,9,12,54012,22,132.0,1.1,1.8381,0.76335323
cold,0,1,0,3e-05,0.05,512,3,5,4,256,6000,8.0,2633729,1,1,9974,1110,600015,9,12,54012,23,138.0,1.15,1.92165,0.76742601
cold,0,1,0,3e-05,0.05,512,3,5,4,256,6000,8.0,2633729,1,1,9974,1110,600015,9,12,54012,24,144.0,1.2,2.0052,0.77024013
cold,0,1,0,3e-05,0.05,512,3,5,4,256,6000,8.0,2633729,1,1,9974,1110,600015,9,12,54012,25,150.0,1.25,2.08875,0.77243686
cold,0,1,0,3e-05,0.05,512,3,5,4,256,6000,8.0,2633729,1,1,9974,1110,600015,9,12,54012,26,156.0,1.3,2.1723,0.77442634
cold,0,1,0,3e-05,0.05,512,3,5,4,256,6000,8.0,2633729,1,1,9974,1110,600015,9,12,54012,27,162.0,1.35,2.25585,0.77575868
cold,0,1,0,3e-05,0.05,512,3,5,4,256,6000,8.0,2633729,1,1,9974,1110,600015,9,12,54012,28,168.0,1.4,2.3394,0.77598923
cold,0,1,0,3e-05,0.05,512,3,5,4,256,6000,8.0,2633729,1,1,9974,1110,600015,9,12,54012,29,174.0,1.45,2.42295,0.77536613
cold,0,1,0,3e-05,0.05,512,3,5,4,256,6000,8.0,2633729,1,1,9974,1110,600015,9,12,54012,30,180.0,1.5,2.5065,0.77513027
cold,0,1,0,3e-05,0.05,512,3,5,4,256,6000,8.0,2633729,1,1,9974,1110,600015,9,12,54012,31,186.0,1.55,2.59005,0.77648848
cold,0,1,0,3e-05,0.05,512,3,5,4,256,6000,8.0,2633729,1,1,9974,1110,600015,9,12,54012,32,192.0,1.6,2.6736,0.77915365
cold,0,1,0,3e-05,0.05,512,3,5,4,256,6000,8.0,2633729,1,1,9974,1110,600015,9,12,54012,33,198.0,1.65,2.75715,0.78167069
cold,0,1,0,3e-05,0.05,512,3,5,4,256,6000,8.0,2633729,1,1,9974,1110,600015,9,12,54012,34,204.0,1.7,2.8407,0.78297526
cold,0,1,0,3e-05,0.05,512,3,5,4,256,6000,8.0,2633729,1,1,9974,1110,600015,9,12,54012,35,210.0,1.75,2.92425,0.7829023
cold,0,1,0,3e-05,0.05,512,3,5,4,256,6000,8.0,2633729,1,1,9974,1110,600015,9,12,54012,36,216.0,1.8,3.0078,0.78198272
cold,0,1,0,3e-05,0.05,512,3,5,4,256,6000,8.0,2633729,1,1,9974,1110,600015,9,12,54012,37,222.0,1.85,3.09135,0.78116637
cold,0,1,0,3e-05,0.05,512,3,5,4,256,6000,8.0,2633729,1,1,9974,1110,600015,9,12,54012,38,228.0,1.9,3.1749,0.78083169
cold,0,1,0,3e-05,0.05,512,3,5,4,256,6000,8.0,2633729,1,1,9974,1110,600015,9,12,54012,39,234.0,1.95,3.25845,0.78049004
cold,0,1,0,3e-05,0.05,512,3,5,4,256,6000,8.0,2633729,1,1,9974,1110,600015,9,12,54012,40,240.0,2.0,3.342,0.77980667
cold,0,1,0,3e-05,0.05,512,3,5,4,256,6000,8.0,2633729,1,1,9974,1110,600015,9,12,54012,41,246.0,2.05,3.42555,0.77882326
cold,0,1,0,3e-05,0.05,512,3,5,4,256,6000,8.0,2633729,1,1,9974,1110,600015,9,12,54012,42,252.0,2.1,3.5091,0.77773112
cold,0,1,0,3e-05,0.05,512,3,5,4,256,6000,8.0,2633729,1,1,9974,1110,600015,9,12,54012,43,258.0,2.15,3.59265,0.77690965
cold,0,1,0,3e-05,0.05,512,3,5,4,256,6000,8.0,2633729,1,1,9974,1110,600015,9,12,54012,44,264.0,2.2,3.6762,0.7764709
cold,0,1,0,3e-05,0.05,512,3,5,4,256,6000,8.0,2633729,1,1,9974,1110,600015,9,12,54012,45,270.0,2.25,3.75975,0.7758677
cold,0,1,0,3e-05,0.05,512,3,5,4,256,6000,8.0,2633729,1,1,9974,1110,600015,9,12,54012,46,276.0,2.3,3.8433,0.77414793
cold,0,1,0,3e-05,0.05,512,3,5,4,256,6000,8.0,2633729,1,1,9974,1110,600015,9,12,54012,47,282.0,2.35,3.92685,0.77068979
cold,0,1,0,3e-05,0.05,512,3,5,4,256,6000,8.0,2633729,1,1,9974,1110,600015,9,12,54012,48,288.0,2.4,4.0104,0.76577747
cold,0,1,0,3e-05,0.05,512,3,5,4,256,6000,8.0,2633729,1,1,9974,1110,600015,9,12,54012,49,294.0,2.45,4.09395,0.7607134
cold,0,1,0,3e-05,0.05,512,3,5,4,256,6000,8.0,2633729,1,1,9974,1110,600015,9,12,54012,50,300.0,2.5,4.1775,0.75726908
cold,0,1,0,3e-05,0.05,512,3,5,4,256,6000,8.0,2633729,1,1,9974,1110,600015,9,12,54012,51,306.0,2.55,4.26105,0.75598121
cold,0,1,0,3e-05,0.05,512,3,5,4,256,6000,8.0,2633729,1,1,9974,1110,600015,9,12,54012,52,312.0,2.6,4.3446,0.75541687
cold,0,1,0,3e-05,0.05,512,3,5,4,256,6000,8.0,2633729,1,1,9974,1110,600015,9,12,54012,53,318.0,2.65,4.42815,0.75383824
cold,0,1,0,3e-05,0.05,512,3,5,4,256,6000,8.0,2633729,1,1,9974,1110,600015,9,12,54012,54,324.0,2.7,4.5117,0.7511304
cold,0,1,0,3e-05,0.05,512,3,5,4,256,6000,8.0,2633729,1,1,9974,1110,600015,9,12,54012,55,330.0,2.75,4.59525,0.74836606
cold,0,1,0,3e-05,0.05,512,3,5,4,256,6000,8.0,2633729,1,1,9974,1110,600015,9,12,54012,56,336.0,2.8,4.6788,0.74648398
cold,0,1,0,3e-05,0.05,512,3,5,4,256,6000,8.0,2633729,1,1,9974,1110,600015,9,12,54012,57,342.0,2.85,4.76235,0.74556279
cold,0,1,0,3e-05,0.05,512,3,5,4,256,6000,8.0,2633729,1,1,9974,1110,600015,9,12,54012,58,348.0,2.9,4.8459,0.74459881
cold,0,1,0,3e-05,0.05,512,3,5,4,256,6000,8.0,2633729,1,1,9974,1110,600015,9,12,54012,59,354.0,2.95,4.92945,0.74267411
cold,0,1,0,3e-05,0.05,512,3,5,4,256,6000,8.0,2633729,1,1,9974,1110,600015,9,12,54012,60,360.0,3.0,5.013,0.74000198
cold,0,1,0,3e-05,0.05,512,3,5,4,256,6000,8.0,2633729,1,1,9974,1110,600015,9,12,54012,61,366.0,3.05,5.09655,0.73732132
cold,0,1,0,3e-05,0.05,512,3,5,4,256,6000,8.0,2633729,1,1,9974,1110,600015,9,12,54012,62,372.0,3.1,5.1801,0.73529202
cold,0,1,0,3e-05,0.05,512,3,5,4,256,6000,8.0,2633729,1,1,9974,1110,600015,9,12,54012,63,378.0,3.15,5.26365,0.73437887
cold,0,1,0,3e-05,0.05,512,3,5,4,256,6000,8.0,2633729,1,1,9974,1110,600015,9,12,54012,64,384.0,3.2,5.3472,0.73440456
cold,0,1,0,3e-05,0.05,512,3,5,4,256,6000,8.0,2633729,1,1,9974,1110,600015,9,12,54012,65,390.0,3.25,5.43075,0.73444247
cold,0,1,0,3e-05,0.05,512,3,5,4,256,6000,8.0,2633729,1,1,9974,1110,600015,9,12,54012,66,396.0,3.3,5.5143,0.73346728
cold,0,1,0,3e-05,0.05,512,3,5,4,256,6000,8.0,2633729,1,1,9974,1110,600015,9,12,54012,67,402.0,3.35,5.59785,0.73100728
cold,0,1,0,3e-05,0.05,512,3,5,4,256,6000,8.0,2633729,1,1,9974,1110,600015,9,12,54012,68,408.0,3.4,5.6814,0.72744203
cold,0,1,0,3e-05,0.05,512,3,5,4,256,6000,8.0,2633729,1,1,9974,1110,600015,9,12,54012,69,414.0,3.45,5.76495,0.72385687
cold,0,1,0,3e-05,0.05,512,3,5,4,256,6000,8.0,2633729,1,1,9974,1110,600015,9,12,54012,70,420.0,3.5,5.8485,0.72131366
cold,0,1,0,3e-05,0.05,512,3,5,4,256,6000,8.0,2633729,1,1,9974,1110,600015,9,12,54012,71,426.0,3.55,5.93205,0.71993953
cold,0,1,0,3e-05,0.05,512,3,5,4,256,6000,8.0,2633729,1,1,9974,1110,600015,9,12,54012,72,432.0,3.6,6.0156,0.71901804
cold,0,1,0,3e-05,0.05,512,3,5,4,256,6000,8.0,2633729,1,1,9974,1110,600015,9,12,54012,73,438.0,3.65,6.09915,0.71791601
cold,0,1,0,3e-05,0.05,512,3,5,4,256,6000,8.0,2633729,1,1,9974,1110,600015,9,12,54012,74,444.0,3.7,6.1827,0.71674585
cold,0,1,0,3e-05,0.05,512,3,5,4,256,6000,8.0,2633729,1,1,9974,1110,600015,9,12,54012,75,450.0,3.75,6.26625,0.71587306
cold,0,1,0,3e-05,0.05,512,3,5,4,256,6000,8.0,2633729,1,1,9974,1110,600015,9,12,54012,76,456.0,3.8,6.3498,0.71542108
cold,0,1,0,3e-05,0.05,512,3,5,4,256,6000,8.0,2633729,1,1,9974,1110,600015,9,12,54012,77,462.0,3.85,6.43335,0.71513581
cold,0,1,0,3e-05,0.05,512,3,5,4,256,6000,8.0,2633729,1,1,9974,1110,600015,9,12,54012,78,468.0,3.9,6.5169,0.71432126
cold,0,1,0,3e-05,0.05,512,3,5,4,256,6000,8.0,2633729,1,1,9974,1110,600015,9,12,54012,79,474.0,3.95,6.60045,0.71246511
cold,0,1,0,3e-05,0.05,512,3,5,4,256,6000,8.0,2633729,1,1,9974,1110,600015,9,12,54012,80,480.0,4.0,6.684,0.71022248
cold,0,1,0,3e-05,0.05,512,3,5,4,256,6000,8.0,2633729,1,1,9974,1110,600015,9,12,54012,81,486.0,4.05,6.76755,0.70897591
cold,0,1,0,3e-05,0.05,512,3,5,4,256,6000,8.0,2633729,1,1,9974,1110,600015,9,12,54012,82,492.0,4.1,6.8511,0.70933777
cold,0,1,0,3e-05,0.05,512,3,5,4,256,6000,8.0,2633729,1,1,9974,1110,600015,9,12,54012,83,498.0,4.15,6.93465,0.7107625
cold,0,1,0,3e-05,0.05,512,3,5,4,256,6000,8.0,2633729,1,1,9974,1110,600015,9,12,54012,84,504.0,4.2,7.0182,0.71215081
cold,0,1,0,3e-05,0.05,512,3,5,4,256,6000,8.0,2633729,1,1,9974,1110,600015,9,12,54012,85,510.0,4.25,7.10175,0.71259284
cold,0,1,0,3e-05,0.05,512,3,5,4,256,6000,8.0,2633729,1,1,9974,1110,600015,9,12,54012,86,516.0,4.3,7.1853,0.71178657
cold,0,1,0,3e-05,0.05,512,3,5,4,256,6000,8.0,2633729,1,1,9974,1110,600015,9,12,54012,87,522.0,4.35,7.26885,0.7099064
cold,0,1,0,3e-05,0.05,512,3,5,4,256,6000,8.0,2633729,1,1,9974,1110,600015,9,12,54012,88,528.0,4.4,7.3524,0.70730954
cold,0,1,0,3e-05,0.05,512,3,5,4,256,6000,8.0,2633729,1,1,9974,1110,600015,9,12,54012,89,534.0,4.45,7.43595,0.70447093
cold,0,1,0,3e-05,0.05,512,3,5,4,256,6000,8.0,2633729,1,1,9974,1110,600015,9,12,54012,90,540.0,4.5,7.5195,0.70217854
cold,0,1,0,3e-05,0.05,512,3,5,4,256,6000,8.0,2633729,1,1,9974,1110,600015,9,12,54012,91,546.0,4.55,7.60305,0.7010392
cold,0,1,0,3e-05,0.05,512,3,5,4,256,6000,8.0,2633729,1,1,9974,1110,600015,9,12,54012,92,552.0,4.6,7.6866,0.70094514
cold,0,1,0,3e-05,0.05,512,3,5,4,256,6000,8.0,2633729,1,1,9974,1110,600015,9,12,54012,93,558.0,4.65,7.77015,0.70151389
cold,0,1,0,3e-05,0.05,512,3,5,4,256,6000,8.0,2633729,1,1,9974,1110,600015,9,12,54012,94,564.0,4.7,7.8537,0.70262456
cold,0,1,0,3e-05,0.05,512,3,5,4,256,6000,8.0,2633729,1,1,9974,1110,600015,9,12,54012,95,570.0,4.75,7.93725,0.70401156
cold,0,1,0,3e-05,0.05,512,3,5,4,256,6000,8.0,2633729,1,1,9974,1110,600015,9,12,54012,96,576.0,4.8,8.0208,0.7051996
cold,0,1,0,3e-05,0.05,512,3,5,4,256,6000,8.0,2633729,1,1,9974,1110,600015,9,12,54012,97,582.0,4.85,8.10435,0.70595247
cold,0,1,0,3e-05,0.05,512,3,5,4,256,6000,8.0,2633729,1,1,9974,1110,600015,9,12,54012,98,588.0,4.9,8.1879,0.70613843
cold,0,1,0,3e-05,0.05,512,3,5,4,256,6000,8.0,2633729,1,1,9974,1110,600015,9,12,54012,99,594.0,4.95,8.27145,0.70568532
cold,0,1,0,3e-05,0.05,512,3,5,4,256,6000,8.0,2633729,1,1,9974,1110,600015,9,12,54012,100,600.0,5.0,8.355,0.70509386
cold,0,1,0,3e-05,0.05,512,3,5,4,256,6000,8.0,2633729,1,1,9974,1110,600015,9,12,54012,101,606.0,5.05,8.43855,0.70502931
cold,0,1,0,3e-05,0.05,512,3,5,4,256,6000,8.0,2633729,1,1,9974,1110,600015,9,12,54012,102,612.0,5.1,8.5221,0.70565486
cold,0,1,0,3e-05,0.05,512,3,5,4,256,6000,8.0,2633729,1,1,9974,1110,600015,9,12,54012,103,618.0,5.15,8.60565,0.7068513
cold,0,1,0,3e-05,0.05,512,3,5,4,256,6000,8.0,2633729,1,1,9974,1110,600015,9,12,54012,104,624.0,5.2,8.6892,0.70844501
cold,0,1,0,3e-05,0.05,512,3,5,4,256,6000,8.0,2633729,1,1,9974,1110,600015,9,12,54012,105,630.0,5.25,8.77275,0.71023852
cold,0,1,0,3e-05,0.05,512,3,5,4,256,6000,8.0,2633729,1,1,9974,1110,600015,9,12,54012,106,636.0,5.3,8.8563,0.71185887
cold,0,1,0,3e-05,0.05,512,3,5,4,256,6000,8.0,2633729,1,1,9974,1110,600015,9,12,54012,107,642.0,5.35,8.93985,0.71264935
cold,0,1,0,3e-05,0.05,512,3,5,4,256,6000,8.0,2633729,1,1,9974,1110,600015,9,12,54012,108,648.0,5.4,9.0234,0.71206129
cold,0,1,0,3e-05,0.05,512,3,5,4,256,6000,8.0,2633729,1,1,9974,1110,600015,9,12,54012,109,654.0,5.45,9.10695,0.71039909
cold,0,1,0,3e-05,0.05,512,3,5,4,256,6000,8.0,2633729,1,1,9974,1110,600015,9,12,54012,110,660.0,5.5,9.1905,0.70893329
cold,0,1,0,3e-05,0.05,512,3,5,4,256,6000,8.0,2633729,1,1,9974,1110,600015,9,12,54012,111,666.0,5.55,9.27405,0.70863378
cold,0,1,0,3e-05,0.05,512,3,5,4,256,6000,8.0,2633729,1,1,9974,1110,600015,9,12,54012,112,672.0,5.6,9.3576,0.7093491
cold,0,1,0,3e-05,0.05,512,3,5,4,256,6000,8.0,2633729,1,1,9974,1110,600015,9,12,54012,113,678.0,5.65,9.44115,0.71038187
cold,0,1,0,3e-05,0.05,512,3,5,4,256,6000,8.0,2633729,1,1,9974,1110,600015,9,12,54012,114,684.0,5.7,9.5247,0.71143955
cold,0,1,0,3e-05,0.05,512,3,5,4,256,6000,8.0,2633729,1,1,9974,1110,600015,9,12,54012,115,690.0,5.75,9.60825,0.71262825
cold,0,1,0,3e-05,0.05,512,3,5,4,256,6000,8.0,2633729,1,1,9974,1110,600015,9,12,54012,116,696.0,5.8,9.6918,0.71403486
cold,0,1,0,3e-05,0.05,512,3,5,4,256,6000,8.0,2633729,1,1,9974,1110,600015,9,12,54012,117,702.0,5.85,9.77535,0.71541059
cold,0,1,0,3e-05,0.05,512,3,5,4,256,6000,8.0,2633729,1,1,9974,1110,600015,9,12,54012,118,708.0,5.9,9.8589,0.71614081
cold,0,1,0,3e-05,0.05,512,3,5,4,256,6000,8.0,2633729,1,1,9974,1110,600015,9,12,54012,119,714.0,5.95,9.94245,0.71594477
cold,0,1,0,3e-05,0.05,512,3,5,4,256,6000,8.0,2633729,1,1,9974,1110,600015,9,12,54012,120,720.0,6.0,10.026,0.71542132
cold,0,1,0,3e-05,0.05,512,3,5,4,256,6000,8.0,2633729,1,1,9974,1110,600015,9,54,54054,1,6.0,0.05,0.08355,0.0913903
cold,0,1,0,3e-05,0.05,512,3,5,4,256,6000,8.0,2633729,1,1,9974,1110,600015,9,54,54054,2,12.0,0.1,0.1671,0.17514934
cold,0,1,0,3e-05,0.05,512,3,5,4,256,6000,8.0,2633729,1,1,9974,1110,600015,9,54,54054,3,18.0,0.15,0.25065,0.25972858
cold,0,1,0,3e-05,0.05,512,3,5,4,256,6000,8.0,2633729,1,1,9974,1110,600015,9,54,54054,4,24.0,0.2,0.3342,0.33360764
cold,0,1,0,3e-05,0.05,512,3,5,4,256,6000,8.0,2633729,1,1,9974,1110,600015,9,54,54054,5,30.0,0.25,0.41775,0.39221829
cold,0,1,0,3e-05,0.05,512,3,5,4,256,6000,8.0,2633729,1,1,9974,1110,600015,9,54,54054,6,36.0,0.3,0.5013,0.43883696
cold,0,1,0,3e-05,0.05,512,3,5,4,256,6000,8.0,2633729,1,1,9974,1110,600015,9,54,54054,7,42.0,0.35,0.58485,0.47843498
cold,0,1,0,3e-05,0.05,512,3,5,4,256,6000,8.0,2633729,1,1,9974,1110,600015,9,54,54054,8,48.0,0.4,0.6684,0.51373571
cold,0,1,0,3e-05,0.05,512,3,5,4,256,6000,8.0,2633729,1,1,9974,1110,600015,9,54,54054,9,54.0,0.45,0.75195,0.544882
cold,0,1,0,3e-05,0.05,512,3,5,4,256,6000,8.0,2633729,1,1,9974,1110,600015,9,54,54054,10,60.0,0.5,0.8355,0.57139903
cold,0,1,0,3e-05,0.05,512,3,5,4,256,6000,8.0,2633729,1,1,9974,1110,600015,9,54,54054,11,66.0,0.55,0.91905,0.59309822
cold,0,1,0,3e-05,0.05,512,3,5,4,256,6000,8.0,2633729,1,1,9974,1110,600015,9,54,54054,12,72.0,0.6,1.0026,0.6104188
cold,0,1,0,3e-05,0.05,512,3,5,4,256,6000,8.0,2633729,1,1,9974,1110,600015,9,54,54054,13,78.0,0.65,1.08615,0.6244117
cold,0,1,0,3e-05,0.05,512,3,5,4,256,6000,8.0,2633729,1,1,9974,1110,600015,9,54,54054,14,84.0,0.7,1.1697,0.63636726
cold,0,1,0,3e-05,0.05,512,3,5,4,256,6000,8.0,2633729,1,1,9974,1110,600015,9,54,54054,15,90.0,0.75,1.25325,0.64735055
cold,0,1,0,3e-05,0.05,512,3,5,4,256,6000,8.0,2633729,1,1,9974,1110,600015,9,54,54054,16,96.0,0.8,1.3368,0.65747523
cold,0,1,0,3e-05,0.05,512,3,5,4,256,6000,8.0,2633729,1,1,9974,1110,600015,9,54,54054,17,102.0,0.85,1.42035,0.66589266
cold,0,1,0,3e-05,0.05,512,3,5,4,256,6000,8.0,2633729,1,1,9974,1110,600015,9,54,54054,18,108.0,0.9,1.5039,0.67191976
cold,0,1,0,3e-05,0.05,512,3,5,4,256,6000,8.0,2633729,1,1,9974,1110,600015,9,54,54054,19,114.0,0.95,1.58745,0.67615533
cold,0,1,0,3e-05,0.05,512,3,5,4,256,6000,8.0,2633729,1,1,9974,1110,600015,9,54,54054,20,120.0,1.0,1.671,0.6799016
cold,0,1,0,3e-05,0.05,512,3,5,4,256,6000,8.0,2633729,1,1,9974,1110,600015,9,54,54054,21,126.0,1.05,1.75455,0.68388528
cold,0,1,0,3e-05,0.05,512,3,5,4,256,6000,8.0,2633729,1,1,9974,1110,600015,9,54,54054,22,132.0,1.1,1.8381,0.68828297
cold,0,1,0,3e-05,0.05,512,3,5,4,256,6000,8.0,2633729,1,1,9974,1110,600015,9,54,54054,23,138.0,1.15,1.92165,0.69274896
cold,0,1,0,3e-05,0.05,512,3,5,4,256,6000,8.0,2633729,1,1,9974,1110,600015,9,54,54054,24,144.0,1.2,2.0052,0.69618511
cold,0,1,0,3e-05,0.05,512,3,5,4,256,6000,8.0,2633729,1,1,9974,1110,600015,9,54,54054,25,150.0,1.25,2.08875,0.69787562
cold,0,1,0,3e-05,0.05,512,3,5,4,256,6000,8.0,2633729,1,1,9974,1110,600015,9,54,54054,26,156.0,1.3,2.1723,0.69789761
cold,0,1,0,3e-05,0.05,512,3,5,4,256,6000,8.0,2633729,1,1,9974,1110,600015,9,54,54054,27,162.0,1.35,2.25585,0.69638306
cold,0,1,0,3e-05,0.05,512,3,5,4,256,6000,8.0,2633729,1,1,9974,1110,600015,9,54,54054,28,168.0,1.4,2.3394,0.69352382
cold,0,1,0,3e-05,0.05,512,3,5,4,256,6000,8.0,2633729,1,1,9974,1110,600015,9,54,54054,29,174.0,1.45,2.42295,0.69014895
cold,0,1,0,3e-05,0.05,512,3,5,4,256,6000,8.0,2633729,1,1,9974,1110,600015,9,54,54054,30,180.0,1.5,2.5065,0.68804324
cold,0,1,0,3e-05,0.05,512,3,5,4,256,6000,8.0,2633729,1,1,9974,1110,600015,9,54,54054,31,186.0,1.55,2.59005,0.68869734
cold,0,1,0,3e-05,0.05,512,3,5,4,256,6000,8.0,2633729,1,1,9974,1110,600015,9,54,54054,32,192.0,1.6,2.6736,0.69190115
cold,0,1,0,3e-05,0.05,512,3,5,4,256,6000,8.0,2633729,1,1,9974,1110,600015,9,54,54054,33,198.0,1.65,2.75715,0.69616771
cold,0,1,0,3e-05,0.05,512,3,5,4,256,6000,8.0,2633729,1,1,9974,1110,600015,9,54,54054,34,204.0,1.7,2.8407,0.7002852
cold,0,1,0,3e-05,0.05,512,3,5,4,256,6000,8.0,2633729,1,1,9974,1110,600015,9,54,54054,35,210.0,1.75,2.92425,0.70368016
cold,0,1,0,3e-05,0.05,512,3,5,4,256,6000,8.0,2633729,1,1,9974,1110,600015,9,54,54054,36,216.0,1.8,3.0078,0.70607674
cold,0,1,0,3e-05,0.05,512,3,5,4,256,6000,8.0,2633729,1,1,9974,1110,600015,9,54,54054,37,222.0,1.85,3.09135,0.70752889
cold,0,1,0,3e-05,0.05,512,3,5,4,256,6000,8.0,2633729,1,1,9974,1110,600015,9,54,54054,38,228.0,1.9,3.1749,0.70802319
cold,0,1,0,3e-05,0.05,512,3,5,4,256,6000,8.0,2633729,1,1,9974,1110,600015,9,54,54054,39,234.0,1.95,3.25845,0.70763659
cold,0,1,0,3e-05,0.05,512,3,5,4,256,6000,8.0,2633729,1,1,9974,1110,600015,9,54,54054,40,240.0,2.0,3.342,0.70724994
cold,0,1,0,3e-05,0.05,512,3,5,4,256,6000,8.0,2633729,1,1,9974,1110,600015,9,54,54054,41,246.0,2.05,3.42555,0.70758599
cold,0,1,0,3e-05,0.05,512,3,5,4,256,6000,8.0,2633729,1,1,9974,1110,600015,9,54,54054,42,252.0,2.1,3.5091,0.70819813
cold,0,1,0,3e-05,0.05,512,3,5,4,256,6000,8.0,2633729,1,1,9974,1110,600015,9,54,54054,43,258.0,2.15,3.59265,0.70840102
cold,0,1,0,3e-05,0.05,512,3,5,4,256,6000,8.0,2633729,1,1,9974,1110,600015,9,54,54054,44,264.0,2.2,3.6762,0.70820868
cold,0,1,0,3e-05,0.05,512,3,5,4,256,6000,8.0,2633729,1,1,9974,1110,600015,9,54,54054,45,270.0,2.25,3.75975,0.70798415
cold,0,1,0,3e-05,0.05,512,3,5,4,256,6000,8.0,2633729,1,1,9974,1110,600015,9,54,54054,46,276.0,2.3,3.8433,0.70772702
cold,0,1,0,3e-05,0.05,512,3,5,4,256,6000,8.0,2633729,1,1,9974,1110,600015,9,54,54054,47,282.0,2.35,3.92685,0.70708686
cold,0,1,0,3e-05,0.05,512,3,5,4,256,6000,8.0,2633729,1,1,9974,1110,600015,9,54,54054,48,288.0,2.4,4.0104,0.70577371
cold,0,1,0,3e-05,0.05,512,3,5,4,256,6000,8.0,2633729,1,1,9974,1110,600015,9,54,54054,49,294.0,2.45,4.09395,0.70386809
cold,0,1,0,3e-05,0.05,512,3,5,4,256,6000,8.0,2633729,1,1,9974,1110,600015,9,54,54054,50,300.0,2.5,4.1775,0.7021116
cold,0,1,0,3e-05,0.05,512,3,5,4,256,6000,8.0,2633729,1,1,9974,1110,600015,9,54,54054,51,306.0,2.55,4.26105,0.70148087
cold,0,1,0,3e-05,0.05,512,3,5,4,256,6000,8.0,2633729,1,1,9974,1110,600015,9,54,54054,52,312.0,2.6,4.3446,0.70235121
cold,0,1,0,3e-05,0.05,512,3,5,4,256,6000,8.0,2633729,1,1,9974,1110,600015,9,54,54054,53,318.0,2.65,4.42815,0.70420069
cold,0,1,0,3e-05,0.05,512,3,5,4,256,6000,8.0,2633729,1,1,9974,1110,600015,9,54,54054,54,324.0,2.7,4.5117,0.70632577
cold,0,1,0,3e-05,0.05,512,3,5,4,256,6000,8.0,2633729,1,1,9974,1110,600015,9,54,54054,55,330.0,2.75,4.59525,0.70811689
cold,0,1,0,3e-05,0.05,512,3,5,4,256,6000,8.0,2633729,1,1,9974,1110,600015,9,54,54054,56,336.0,2.8,4.6788,0.70901412
cold,0,1,0,3e-05,0.05,512,3,5,4,256,6000,8.0,2633729,1,1,9974,1110,600015,9,54,54054,57,342.0,2.85,4.76235,0.70901883
cold,0,1,0,3e-05,0.05,512,3,5,4,256,6000,8.0,2633729,1,1,9974,1110,600015,9,54,54054,58,348.0,2.9,4.8459,0.70842475
cold,0,1,0,3e-05,0.05,512,3,5,4,256,6000,8.0,2633729,1,1,9974,1110,600015,9,54,54054,59,354.0,2.95,4.92945,0.70743662
cold,0,1,0,3e-05,0.05,512,3,5,4,256,6000,8.0,2633729,1,1,9974,1110,600015,9,54,54054,60,360.0,3.0,5.013,0.70676559
cold,0,1,0,3e-05,0.05,512,3,5,4,256,6000,8.0,2633729,1,1,9974,1110,600015,9,54,54054,61,366.0,3.05,5.09655,0.7071414
cold,0,1,0,3e-05,0.05,512,3,5,4,256,6000,8.0,2633729,1,1,9974,1110,600015,9,54,54054,62,372.0,3.1,5.1801,0.70835251
cold,0,1,0,3e-05,0.05,512,3,5,4,256,6000,8.0,2633729,1,1,9974,1110,600015,9,54,54054,63,378.0,3.15,5.26365,0.70973611
cold,0,1,0,3e-05,0.05,512,3,5,4,256,6000,8.0,2633729,1,1,9974,1110,600015,9,54,54054,64,384.0,3.2,5.3472,0.71090746
cold,0,1,0,3e-05,0.05,512,3,5,4,256,6000,8.0,2633729,1,1,9974,1110,600015,9,54,54054,65,390.0,3.25,5.43075,0.71174908
cold,0,1,0,3e-05,0.05,512,3,5,4,256,6000,8.0,2633729,1,1,9974,1110,600015,9,54,54054,66,396.0,3.3,5.5143,0.71201736
cold,0,1,0,3e-05,0.05,512,3,5,4,256,6000,8.0,2633729,1,1,9974,1110,600015,9,54,54054,67,402.0,3.35,5.59785,0.71127784
cold,0,1,0,3e-05,0.05,512,3,5,4,256,6000,8.0,2633729,1,1,9974,1110,600015,9,54,54054,68,408.0,3.4,5.6814,0.70930505
cold,0,1,0,3e-05,0.05,512,3,5,4,256,6000,8.0,2633729,1,1,9974,1110,600015,9,54,54054,69,414.0,3.45,5.76495,0.70660174
cold,0,1,0,3e-05,0.05,512,3,5,4,256,6000,8.0,2633729,1,1,9974,1110,600015,9,54,54054,70,420.0,3.5,5.8485,0.70446807
cold,0,1,0,3e-05,0.05,512,3,5,4,256,6000,8.0,2633729,1,1,9974,1110,600015,9,54,54054,71,426.0,3.55,5.93205,0.7039215
cold,0,1,0,3e-05,0.05,512,3,5,4,256,6000,8.0,2633729,1,1,9974,1110,600015,9,54,54054,72,432.0,3.6,6.0156,0.70482498
cold,0,1,0,3e-05,0.05,512,3,5,4,256,6000,8.0,2633729,1,1,9974,1110,600015,9,54,54054,73,438.0,3.65,6.09915,0.7063145
cold,0,1,0,3e-05,0.05,512,3,5,4,256,6000,8.0,2633729,1,1,9974,1110,600015,9,54,54054,74,444.0,3.7,6.1827,0.7078284
cold,0,1,0,3e-05,0.05,512,3,5,4,256,6000,8.0,2633729,1,1,9974,1110,600015,9,54,54054,75,450.0,3.75,6.26625,0.70908368
cold,0,1,0,3e-05,0.05,512,3,5,4,256,6000,8.0,2633729,1,1,9974,1110,600015,9,54,54054,76,456.0,3.8,6.3498,0.70975929
cold,0,1,0,3e-05,0.05,512,3,5,4,256,6000,8.0,2633729,1,1,9974,1110,600015,9,54,54054,77,462.0,3.85,6.43335,0.70977521
cold,0,1,0,3e-05,0.05,512,3,5,4,256,6000,8.0,2633729,1,1,9974,1110,600015,9,54,54054,78,468.0,3.9,6.5169,0.70921642
cold,0,1,0,3e-05,0.05,512,3,5,4,256,6000,8.0,2633729,1,1,9974,1110,600015,9,54,54054,79,474.0,3.95,6.60045,0.70821679
cold,0,1,0,3e-05,0.05,512,3,5,4,256,6000,8.0,2633729,1,1,9974,1110,600015,9,54,54054,80,480.0,4.0,6.684,0.70736939
cold,0,1,0,3e-05,0.05,512,3,5,4,256,6000,8.0,2633729,1,1,9974,1110,600015,9,54,54054,81,486.0,4.05,6.76755,0.7073555
cold,0,1,0,3e-05,0.05,512,3,5,4,256,6000,8.0,2633729,1,1,9974,1110,600015,9,54,54054,82,492.0,4.1,6.8511,0.7082178
cold,0,1,0,3e-05,0.05,512,3,5,4,256,6000,8.0,2633729,1,1,9974,1110,600015,9,54,54054,83,498.0,4.15,6.93465,0.70954138
cold,0,1,0,3e-05,0.05,512,3,5,4,256,6000,8.0,2633729,1,1,9974,1110,600015,9,54,54054,84,504.0,4.2,7.0182,0.7107923
cold,0,1,0,3e-05,0.05,512,3,5,4,256,6000,8.0,2633729,1,1,9974,1110,600015,9,54,54054,85,510.0,4.25,7.10175,0.71153563
cold,0,1,0,3e-05,0.05,512,3,5,4,256,6000,8.0,2633729,1,1,9974,1110,600015,9,54,54054,86,516.0,4.3,7.1853,0.71147174
cold,0,1,0,3e-05,0.05,512,3,5,4,256,6000,8.0,2633729,1,1,9974,1110,600015,9,54,54054,87,522.0,4.35,7.26885,0.71033984
cold,0,1,0,3e-05,0.05,512,3,5,4,256,6000,8.0,2633729,1,1,9974,1110,600015,9,54,54054,88,528.0,4.4,7.3524,0.70818996
cold,0,1,0,3e-05,0.05,512,3,5,4,256,6000,8.0,2633729,1,1,9974,1110,600015,9,54,54054,89,534.0,4.45,7.43595,0.70580137
cold,0,1,0,3e-05,0.05,512,3,5,4,256,6000,8.0,2633729,1,1,9974,1110,600015,9,54,54054,90,540.0,4.5,7.5195,0.70440352
cold,0,1,0,3e-05,0.05,512,3,5,4,256,6000,8.0,2633729,1,1,9974,1110,600015,9,54,54054,91,546.0,4.55,7.60305,0.70461059
cold,0,1,0,3e-05,0.05,512,3,5,4,256,6000,8.0,2633729,1,1,9974,1110,600015,9,54,54054,92,552.0,4.6,7.6866,0.70596468
cold,0,1,0,3e-05,0.05,512,3,5,4,256,6000,8.0,2633729,1,1,9974,1110,600015,9,54,54054,93,558.0,4.65,7.77015,0.70755053
cold,0,1,0,3e-05,0.05,512,3,5,4,256,6000,8.0,2633729,1,1,9974,1110,600015,9,54,54054,94,564.0,4.7,7.8537,0.70891649
cold,0,1,0,3e-05,0.05,512,3,5,4,256,6000,8.0,2633729,1,1,9974,1110,600015,9,54,54054,95,570.0,4.75,7.93725,0.70999491
cold,0,1,0,3e-05,0.05,512,3,5,4,256,6000,8.0,2633729,1,1,9974,1110,600015,9,54,54054,96,576.0,4.8,8.0208,0.71071017
cold,0,1,0,3e-05,0.05,512,3,5,4,256,6000,8.0,2633729,1,1,9974,1110,600015,9,54,54054,97,582.0,4.85,8.10435,0.71102726
cold,0,1,0,3e-05,0.05,512,3,5,4,256,6000,8.0,2633729,1,1,9974,1110,600015,9,54,54054,98,588.0,4.9,8.1879,0.71086842
cold,0,1,0,3e-05,0.05,512,3,5,4,256,6000,8.0,2633729,1,1,9974,1110,600015,9,54,54054,99,594.0,4.95,8.27145,0.71014273
cold,0,1,0,3e-05,0.05,512,3,5,4,256,6000,8.0,2633729,1,1,9974,1110,600015,9,54,54054,100,600.0,5.0,8.355,0.70926201
cold,0,1,0,3e-05,0.05,512,3,5,4,256,6000,8.0,2633729,1,1,9974,1110,600015,9,54,54054,101,606.0,5.05,8.43855,0.70892274
cold,0,1,0,3e-05,0.05,512,3,5,4,256,6000,8.0,2633729,1,1,9974,1110,600015,9,54,54054,102,612.0,5.1,8.5221,0.70939678
cold,0,1,0,3e-05,0.05,512,3,5,4,256,6000,8.0,2633729,1,1,9974,1110,600015,9,54,54054,103,618.0,5.15,8.60565,0.71053803
cold,0,1,0,3e-05,0.05,512,3,5,4,256,6000,8.0,2633729,1,1,9974,1110,600015,9,54,54054,104,624.0,5.2,8.6892,0.71200907
cold,0,1,0,3e-05,0.05,512,3,5,4,256,6000,8.0,2633729,1,1,9974,1110,600015,9,54,54054,105,630.0,5.25,8.77275,0.71341258
cold,0,1,0,3e-05,0.05,512,3,5,4,256,6000,8.0,2633729,1,1,9974,1110,600015,9,54,54054,106,636.0,5.3,8.8563,0.71423912
cold,0,1,0,3e-05,0.05,512,3,5,4,256,6000,8.0,2633729,1,1,9974,1110,600015,9,54,54054,107,642.0,5.35,8.93985,0.71385884
cold,0,1,0,3e-05,0.05,512,3,5,4,256,6000,8.0,2633729,1,1,9974,1110,600015,9,54,54054,108,648.0,5.4,9.0234,0.71195555
cold,0,1,0,3e-05,0.05,512,3,5,4,256,6000,8.0,2633729,1,1,9974,1110,600015,9,54,54054,109,654.0,5.45,9.10695,0.70914108
cold,0,1,0,3e-05,0.05,512,3,5,4,256,6000,8.0,2633729,1,1,9974,1110,600015,9,54,54054,110,660.0,5.5,9.1905,0.70688796
cold,0,1,0,3e-05,0.05,512,3,5,4,256,6000,8.0,2633729,1,1,9974,1110,600015,9,54,54054,111,666.0,5.55,9.27405,0.70621961
cold,0,1,0,3e-05,0.05,512,3,5,4,256,6000,8.0,2633729,1,1,9974,1110,600015,9,54,54054,112,672.0,5.6,9.3576,0.70689392
cold,0,1,0,3e-05,0.05,512,3,5,4,256,6000,8.0,2633729,1,1,9974,1110,600015,9,54,54054,113,678.0,5.65,9.44115,0.70800656
cold,0,1,0,3e-05,0.05,512,3,5,4,256,6000,8.0,2633729,1,1,9974,1110,600015,9,54,54054,114,684.0,5.7,9.5247,0.70909464
cold,0,1,0,3e-05,0.05,512,3,5,4,256,6000,8.0,2633729,1,1,9974,1110,600015,9,54,54054,115,690.0,5.75,9.60825,0.71016341
cold,0,1,0,3e-05,0.05,512,3,5,4,256,6000,8.0,2633729,1,1,9974,1110,600015,9,54,54054,116,696.0,5.8,9.6918,0.71113408
cold,0,1,0,3e-05,0.05,512,3,5,4,256,6000,8.0,2633729,1,1,9974,1110,600015,9,54,54054,117,702.0,5.85,9.77535,0.71170521
cold,0,1,0,3e-05,0.05,512,3,5,4,256,6000,8.0,2633729,1,1,9974,1110,600015,9,54,54054,118,708.0,5.9,9.8589,0.71147537
cold,0,1,0,3e-05,0.05,512,3,5,4,256,6000,8.0,2633729,1,1,9974,1110,600015,9,54,54054,119,714.0,5.95,9.94245,0.7103641
cold,0,1,0,3e-05,0.05,512,3,5,4,256,6000,8.0,2633729,1,1,9974,1110,600015,9,54,54054,120,720.0,6.0,10.026,0.70910257
cold,0,1,0,3e-05,0.05,512,3,5,4,256,6000,8.0,2633729,1,1,9974,1110,600015,9,234,54234,1,6.0,0.05,0.08355,0.04874037
cold,0,1,0,3e-05,0.05,512,3,5,4,256,6000,8.0,2633729,1,1,9974,1110,600015,9,234,54234,2,12.0,0.1,0.1671,0.07202026
cold,0,1,0,3e-05,0.05,512,3,5,4,256,6000,8.0,2633729,1,1,9974,1110,600015,9,234,54234,3,18.0,0.15,0.25065,0.09778967
cold,0,1,0,3e-05,0.05,512,3,5,4,256,6000,8.0,2633729,1,1,9974,1110,600015,9,234,54234,4,24.0,0.2,0.3342,0.12373554
cold,0,1,0,3e-05,0.05,512,3,5,4,256,6000,8.0,2633729,1,1,9974,1110,600015,9,234,54234,5,30.0,0.25,0.41775,0.15024671
cold,0,1,0,3e-05,0.05,512,3,5,4,256,6000,8.0,2633729,1,1,9974,1110,600015,9,234,54234,6,36.0,0.3,0.5013,0.17925644
cold,0,1,0,3e-05,0.05,512,3,5,4,256,6000,8.0,2633729,1,1,9974,1110,600015,9,234,54234,7,42.0,0.35,0.58485,0.2101647
cold,0,1,0,3e-05,0.05,512,3,5,4,256,6000,8.0,2633729,1,1,9974,1110,600015,9,234,54234,8,48.0,0.4,0.6684,0.24124752
cold,0,1,0,3e-05,0.05,512,3,5,4,256,6000,8.0,2633729,1,1,9974,1110,600015,9,234,54234,9,54.0,0.45,0.75195,0.27228019
cold,0,1,0,3e-05,0.05,512,3,5,4,256,6000,8.0,2633729,1,1,9974,1110,600015,9,234,54234,10,60.0,0.5,0.8355,0.30437967
cold,0,1,0,3e-05,0.05,512,3,5,4,256,6000,8.0,2633729,1,1,9974,1110,600015,9,234,54234,11,66.0,0.55,0.91905,0.33772844
cold,0,1,0,3e-05,0.05,512,3,5,4,256,6000,8.0,2633729,1,1,9974,1110,600015,9,234,54234,12,72.0,0.6,1.0026,0.36878729
cold,0,1,0,3e-05,0.05,512,3,5,4,256,6000,8.0,2633729,1,1,9974,1110,600015,9,234,54234,13,78.0,0.65,1.08615,0.39538857
cold,0,1,0,3e-05,0.05,512,3,5,4,256,6000,8.0,2633729,1,1,9974,1110,600015,9,234,54234,14,84.0,0.7,1.1697,0.4198361
cold,0,1,0,3e-05,0.05,512,3,5,4,256,6000,8.0,2633729,1,1,9974,1110,600015,9,234,54234,15,90.0,0.75,1.25325,0.44452655
cold,0,1,0,3e-05,0.05,512,3,5,4,256,6000,8.0,2633729,1,1,9974,1110,600015,9,234,54234,16,96.0,0.8,1.3368,0.46935645
cold,0,1,0,3e-05,0.05,512,3,5,4,256,6000,8.0,2633729,1,1,9974,1110,600015,9,234,54234,17,102.0,0.85,1.42035,0.49373505
cold,0,1,0,3e-05,0.05,512,3,5,4,256,6000,8.0,2633729,1,1,9974,1110,600015,9,234,54234,18,108.0,0.9,1.5039,0.51747537
cold,0,1,0,3e-05,0.05,512,3,5,4,256,6000,8.0,2633729,1,1,9974,1110,600015,9,234,54234,19,114.0,0.95,1.58745,0.5403623
cold,0,1,0,3e-05,0.05,512,3,5,4,256,6000,8.0,2633729,1,1,9974,1110,600015,9,234,54234,20,120.0,1.0,1.671,0.56274295
cold,0,1,0,3e-05,0.05,512,3,5,4,256,6000,8.0,2633729,1,1,9974,1110,600015,9,234,54234,21,126.0,1.05,1.75455,0.58549154
cold,0,1,0,3e-05,0.05,512,3,5,4,256,6000,8.0,2633729,1,1,9974,1110,600015,9,234,54234,22,132.0,1.1,1.8381,0.60852849
cold,0,1,0,3e-05,0.05,512,3,5,4,256,6000,8.0,2633729,1,1,9974,1110,600015,9,234,54234,23,138.0,1.15,1.92165,0.63080007
cold,0,1,0,3e-05,0.05,512,3,5,4,256,6000,8.0,2633729,1,1,9974,1110,600015,9,234,54234,24,144.0,1.2,2.0052,0.65101779
cold,0,1,0,3e-05,0.05,512,3,5,4,256,6000,8.0,2633729,1,1,9974,1110,600015,9,234,54234,25,150.0,1.25,2.08875,0.66833878
cold,0,1,0,3e-05,0.05,512,3,5,4,256,6000,8.0,2633729,1,1,9974,1110,600015,9,234,54234,26,156.0,1.3,2.1723,0.68347049
cold,0,1,0,3e-05,0.05,512,3,5,4,256,6000,8.0,2633729,1,1,9974,1110,600015,9,234,54234,27,162.0,1.35,2.25585,0.69761723
cold,0,1,0,3e-05,0.05,512,3,5,4,256,6000,8.0,2633729,1,1,9974,1110,600015,9,234,54234,28,168.0,1.4,2.3394,0.71014607
cold,0,1,0,3e-05,0.05,512,3,5,4,256,6000,8.0,2633729,1,1,9974,1110,600015,9,234,54234,29,174.0,1.45,2.42295,0.71964508
cold,0,1,0,3e-05,0.05,512,3,5,4,256,6000,8.0,2633729,1,1,9974,1110,600015,9,234,54234,30,180.0,1.5,2.5065,0.7262277
cold,0,1,0,3e-05,0.05,512,3,5,4,256,6000,8.0,2633729,1,1,9974,1110,600015,9,234,54234,31,186.0,1.55,2.59005,0.73272908
cold,0,1,0,3e-05,0.05,512,3,5,4,256,6000,8.0,2633729,1,1,9974,1110,600015,9,234,54234,32,192.0,1.6,2.6736,0.74254471
cold,0,1,0,3e-05,0.05,512,3,5,4,256,6000,8.0,2633729,1,1,9974,1110,600015,9,234,54234,33,198.0,1.65,2.75715,0.75535232
cold,0,1,0,3e-05,0.05,512,3,5,4,256,6000,8.0,2633729,1,1,9974,1110,600015,9,234,54234,34,204.0,1.7,2.8407,0.76922041
cold,0,1,0,3e-05,0.05,512,3,5,4,256,6000,8.0,2633729,1,1,9974,1110,600015,9,234,54234,35,210.0,1.75,2.92425,0.78379917
cold,0,1,0,3e-05,0.05,512,3,5,4,256,6000,8.0,2633729,1,1,9974,1110,600015,9,234,54234,36,216.0,1.8,3.0078,0.79799682
cold,0,1,0,3e-05,0.05,512,3,5,4,256,6000,8.0,2633729,1,1,9974,1110,600015,9,234,54234,37,222.0,1.85,3.09135,0.80994236
cold,0,1,0,3e-05,0.05,512,3,5,4,256,6000,8.0,2633729,1,1,9974,1110,600015,9,234,54234,38,228.0,1.9,3.1749,0.81820536
cold,0,1,0,3e-05,0.05,512,3,5,4,256,6000,8.0,2633729,1,1,9974,1110,600015,9,234,54234,39,234.0,1.95,3.25845,0.82201278
cold,0,1,0,3e-05,0.05,512,3,5,4,256,6000,8.0,2633729,1,1,9974,1110,600015,9,234,54234,40,240.0,2.0,3.342,0.82291251
cold,0,1,0,3e-05,0.05,512,3,5,4,256,6000,8.0,2633729,1,1,9974,1110,600015,9,234,54234,41,246.0,2.05,3.42555,0.82422787
cold,0,1,0,3e-05,0.05,512,3,5,4,256,6000,8.0,2633729,1,1,9974,1110,600015,9,234,54234,42,252.0,2.1,3.5091,0.82795805
cold,0,1,0,3e-05,0.05,512,3,5,4,256,6000,8.0,2633729,1,1,9974,1110,600015,9,234,54234,43,258.0,2.15,3.59265,0.83352053
cold,0,1,0,3e-05,0.05,512,3,5,4,256,6000,8.0,2633729,1,1,9974,1110,600015,9,234,54234,44,264.0,2.2,3.6762,0.83886456
cold,0,1,0,3e-05,0.05,512,3,5,4,256,6000,8.0,2633729,1,1,9974,1110,600015,9,234,54234,45,270.0,2.25,3.75975,0.84338242
cold,0,1,0,3e-05,0.05,512,3,5,4,256,6000,8.0,2633729,1,1,9974,1110,600015,9,234,54234,46,276.0,2.3,3.8433,0.84859943
cold,0,1,0,3e-05,0.05,512,3,5,4,256,6000,8.0,2633729,1,1,9974,1110,600015,9,234,54234,47,282.0,2.35,3.92685,0.85467452
cold,0,1,0,3e-05,0.05,512,3,5,4,256,6000,8.0,2633729,1,1,9974,1110,600015,9,234,54234,48,288.0,2.4,4.0104,0.85946113
cold,0,1,0,3e-05,0.05,512,3,5,4,256,6000,8.0,2633729,1,1,9974,1110,600015,9,234,54234,49,294.0,2.45,4.09395,0.86126477
cold,0,1,0,3e-05,0.05,512,3,5,4,256,6000,8.0,2633729,1,1,9974,1110,600015,9,234,54234,50,300.0,2.5,4.1775,0.86077642
cold,0,1,0,3e-05,0.05,512,3,5,4,256,6000,8.0,2633729,1,1,9974,1110,600015,9,234,54234,51,306.0,2.55,4.26105,0.86037493
cold,0,1,0,3e-05,0.05,512,3,5,4,256,6000,8.0,2633729,1,1,9974,1110,600015,9,234,54234,52,312.0,2.6,4.3446,0.86229414
cold,0,1,0,3e-05,0.05,512,3,5,4,256,6000,8.0,2633729,1,1,9974,1110,600015,9,234,54234,53,318.0,2.65,4.42815,0.86708903
cold,0,1,0,3e-05,0.05,512,3,5,4,256,6000,8.0,2633729,1,1,9974,1110,600015,9,234,54234,54,324.0,2.7,4.5117,0.87316114
cold,0,1,0,3e-05,0.05,512,3,5,4,256,6000,8.0,2633729,1,1,9974,1110,600015,9,234,54234,55,330.0,2.75,4.59525,0.87778717
cold,0,1,0,3e-05,0.05,512,3,5,4,256,6000,8.0,2633729,1,1,9974,1110,600015,9,234,54234,56,336.0,2.8,4.6788,0.87889606
cold,0,1,0,3e-05,0.05,512,3,5,4,256,6000,8.0,2633729,1,1,9974,1110,600015,9,234,54234,57,342.0,2.85,4.76235,0.87626863
cold,0,1,0,3e-05,0.05,512,3,5,4,256,6000,8.0,2633729,1,1,9974,1110,600015,9,234,54234,58,348.0,2.9,4.8459,0.87157714
cold,0,1,0,3e-05,0.05,512,3,5,4,256,6000,8.0,2633729,1,1,9974,1110,600015,9,234,54234,59,354.0,2.95,4.92945,0.86745626
cold,0,1,0,3e-05,0.05,512,3,5,4,256,6000,8.0,2633729,1,1,9974,1110,600015,9,234,54234,60,360.0,3.0,5.013,0.86702383
cold,0,1,0,3e-05,0.05,512,3,5,4,256,6000,8.0,2633729,1,1,9974,1110,600015,9,234,54234,61,366.0,3.05,5.09655,0.87219995
cold,0,1,0,3e-05,0.05,512,3,5,4,256,6000,8.0,2633729,1,1,9974,1110,600015,9,234,54234,62,372.0,3.1,5.1801,0.88102472
cold,0,1,0,3e-05,0.05,512,3,5,4,256,6000,8.0,2633729,1,1,9974,1110,600015,9,234,54234,63,378.0,3.15,5.26365,0.88898516
cold,0,1,0,3e-05,0.05,512,3,5,4,256,6000,8.0,2633729,1,1,9974,1110,600015,9,234,54234,64,384.0,3.2,5.3472,0.89341336
cold,0,1,0,3e-05,0.05,512,3,5,4,256,6000,8.0,2633729,1,1,9974,1110,600015,9,234,54234,65,390.0,3.25,5.43075,0.89541137
cold,0,1,0,3e-05,0.05,512,3,5,4,256,6000,8.0,2633729,1,1,9974,1110,600015,9,234,54234,66,396.0,3.3,5.5143,0.89726931
cold,0,1,0,3e-05,0.05,512,3,5,4,256,6000,8.0,2633729,1,1,9974,1110,600015,9,234,54234,67,402.0,3.35,5.59785,0.89976329
cold,0,1,0,3e-05,0.05,512,3,5,4,256,6000,8.0,2633729,1,1,9974,1110,600015,9,234,54234,68,408.0,3.4,5.6814,0.9027468
cold,0,1,0,3e-05,0.05,512,3,5,4,256,6000,8.0,2633729,1,1,9974,1110,600015,9,234,54234,69,414.0,3.45,5.76495,0.9054656
cold,0,1,0,3e-05,0.05,512,3,5,4,256,6000,8.0,2633729,1,1,9974,1110,600015,9,234,54234,70,420.0,3.5,5.8485,0.90724146
cold,0,1,0,3e-05,0.05,512,3,5,4,256,6000,8.0,2633729,1,1,9974,1110,600015,9,234,54234,71,426.0,3.55,5.93205,0.90851021
cold,0,1,0,3e-05,0.05,512,3,5,4,256,6000,8.0,2633729,1,1,9974,1110,600015,9,234,54234,72,432.0,3.6,6.0156,0.909796
cold,0,1,0,3e-05,0.05,512,3,5,4,256,6000,8.0,2633729,1,1,9974,1110,600015,9,234,54234,73,438.0,3.65,6.09915,0.91133606
cold,0,1,0,3e-05,0.05,512,3,5,4,256,6000,8.0,2633729,1,1,9974,1110,600015,9,234,54234,74,444.0,3.7,6.1827,0.91357815
cold,0,1,0,3e-05,0.05,512,3,5,4,256,6000,8.0,2633729,1,1,9974,1110,600015,9,234,54234,75,450.0,3.75,6.26625,0.91592366
cold,0,1,0,3e-05,0.05,512,3,5,4,256,6000,8.0,2633729,1,1,9974,1110,600015,9,234,54234,76,456.0,3.8,6.3498,0.91717619
cold,0,1,0,3e-05,0.05,512,3,5,4,256,6000,8.0,2633729,1,1,9974,1110,600015,9,234,54234,77,462.0,3.85,6.43335,0.9175368
cold,0,1,0,3e-05,0.05,512,3,5,4,256,6000,8.0,2633729,1,1,9974,1110,600015,9,234,54234,78,468.0,3.9,6.5169,0.91770399
cold,0,1,0,3e-05,0.05,512,3,5,4,256,6000,8.0,2633729,1,1,9974,1110,600015,9,234,54234,79,474.0,3.95,6.60045,0.91731822
cold,0,1,0,3e-05,0.05,512,3,5,4,256,6000,8.0,2633729,1,1,9974,1110,600015,9,234,54234,80,480.0,4.0,6.684,0.91664702
cold,0,1,0,3e-05,0.05,512,3,5,4,256,6000,8.0,2633729,1,1,9974,1110,600015,9,234,54234,81,486.0,4.05,6.76755,0.9174366
cold,0,1,0,3e-05,0.05,512,3,5,4,256,6000,8.0,2633729,1,1,9974,1110,600015,9,234,54234,82,492.0,4.1,6.8511,0.92031336
cold,0,1,0,3e-05,0.05,512,3,5,4,256,6000,8.0,2633729,1,1,9974,1110,600015,9,234,54234,83,498.0,4.15,6.93465,0.92292774
cold,0,1,0,3e-05,0.05,512,3,5,4,256,6000,8.0,2633729,1,1,9974,1110,600015,9,234,54234,84,504.0,4.2,7.0182,0.92186844
cold,0,1,0,3e-05,0.05,512,3,5,4,256,6000,8.0,2633729,1,1,9974,1110,600015,9,234,54234,85,510.0,4.25,7.10175,0.9166382
cold,0,1,0,3e-05,0.05,512,3,5,4,256,6000,8.0,2633729,1,1,9974,1110,600015,9,234,54234,86,516.0,4.3,7.1853,0.91041756
cold,0,1,0,3e-05,0.05,512,3,5,4,256,6000,8.0,2633729,1,1,9974,1110,600015,9,234,54234,87,522.0,4.35,7.26885,0.90629566
cold,0,1,0,3e-05,0.05,512,3,5,4,256,6000,8.0,2633729,1,1,9974,1110,600015,9,234,54234,88,528.0,4.4,7.3524,0.90461206
cold,0,1,0,3e-05,0.05,512,3,5,4,256,6000,8.0,2633729,1,1,9974,1110,600015,9,234,54234,89,534.0,4.45,7.43595,0.90483379
cold,0,1,0,3e-05,0.05,512,3,5,4,256,6000,8.0,2633729,1,1,9974,1110,600015,9,234,54234,90,540.0,4.5,7.5195,0.90726525
cold,0,1,0,3e-05,0.05,512,3,5,4,256,6000,8.0,2633729,1,1,9974,1110,600015,9,234,54234,91,546.0,4.55,7.60305,0.91244107
cold,0,1,0,3e-05,0.05,512,3,5,4,256,6000,8.0,2633729,1,1,9974,1110,600015,9,234,54234,92,552.0,4.6,7.6866,0.92013747
cold,0,1,0,3e-05,0.05,512,3,5,4,256,6000,8.0,2633729,1,1,9974,1110,600015,9,234,54234,93,558.0,4.65,7.77015,0.92883384
cold,0,1,0,3e-05,0.05,512,3,5,4,256,6000,8.0,2633729,1,1,9974,1110,600015,9,234,54234,94,564.0,4.7,7.8537,0.93682939
cold,0,1,0,3e-05,0.05,512,3,5,4,256,6000,8.0,2633729,1,1,9974,1110,600015,9,234,54234,95,570.0,4.75,7.93725,0.94306171
cold,0,1,0,3e-05,0.05,512,3,5,4,256,6000,8.0,2633729,1,1,9974,1110,600015,9,234,54234,96,576.0,4.8,8.0208,0.94674844
cold,0,1,0,3e-05,0.05,512,3,5,4,256,6000,8.0,2633729,1,1,9974,1110,600015,9,234,54234,97,582.0,4.85,8.10435,0.94725329
cold,0,1,0,3e-05,0.05,512,3,5,4,256,6000,8.0,2633729,1,1,9974,1110,600015,9,234,54234,98,588.0,4.9,8.1879,0.94446546
cold,0,1,0,3e-05,0.05,512,3,5,4,256,6000,8.0,2633729,1,1,9974,1110,600015,9,234,54234,99,594.0,4.95,8.27145,0.93940127
cold,0,1,0,3e-05,0.05,512,3,5,4,256,6000,8.0,2633729,1,1,9974,1110,600015,9,234,54234,100,600.0,5.0,8.355,0.93424642
cold,0,1,0,3e-05,0.05,512,3,5,4,256,6000,8.0,2633729,1,1,9974,1110,600015,9,234,54234,101,606.0,5.05,8.43855,0.9312734
cold,0,1,0,3e-05,0.05,512,3,5,4,256,6000,8.0,2633729,1,1,9974,1110,600015,9,234,54234,102,612.0,5.1,8.5221,0.93117005
cold,0,1,0,3e-05,0.05,512,3,5,4,256,6000,8.0,2633729,1,1,9974,1110,600015,9,234,54234,103,618.0,5.15,8.60565,0.93249464
cold,0,1,0,3e-05,0.05,512,3,5,4,256,6000,8.0,2633729,1,1,9974,1110,600015,9,234,54234,104,624.0,5.2,8.6892,0.93346351
cold,0,1,0,3e-05,0.05,512,3,5,4,256,6000,8.0,2633729,1,1,9974,1110,600015,9,234,54234,105,630.0,5.25,8.77275,0.93362129
cold,0,1,0,3e-05,0.05,512,3,5,4,256,6000,8.0,2633729,1,1,9974,1110,600015,9,234,54234,106,636.0,5.3,8.8563,0.9332664
cold,0,1,0,3e-05,0.05,512,3,5,4,256,6000,8.0,2633729,1,1,9974,1110,600015,9,234,54234,107,642.0,5.35,8.93985,0.93239313
cold,0,1,0,3e-05,0.05,512,3,5,4,256,6000,8.0,2633729,1,1,9974,1110,600015,9,234,54234,108,648.0,5.4,9.0234,0.93121481
cold,0,1,0,3e-05,0.05,512,3,5,4,256,6000,8.0,2633729,1,1,9974,1110,600015,9,234,54234,109,654.0,5.45,9.10695,0.93129641
cold,0,1,0,3e-05,0.05,512,3,5,4,256,6000,8.0,2633729,1,1,9974,1110,600015,9,234,54234,110,660.0,5.5,9.1905,0.9337526
cold,0,1,0,3e-05,0.05,512,3,5,4,256,6000,8.0,2633729,1,1,9974,1110,600015,9,234,54234,111,666.0,5.55,9.27405,0.9371134
cold,0,1,0,3e-05,0.05,512,3,5,4,256,6000,8.0,2633729,1,1,9974,1110,600015,9,234,54234,112,672.0,5.6,9.3576,0.93927205
cold,0,1,0,3e-05,0.05,512,3,5,4,256,6000,8.0,2633729,1,1,9974,1110,600015,9,234,54234,113,678.0,5.65,9.44115,0.93930894
cold,0,1,0,3e-05,0.05,512,3,5,4,256,6000,8.0,2633729,1,1,9974,1110,600015,9,234,54234,114,684.0,5.7,9.5247,0.93756479
cold,0,1,0,3e-05,0.05,512,3,5,4,256,6000,8.0,2633729,1,1,9974,1110,600015,9,234,54234,115,690.0,5.75,9.60825,0.93564129
cold,0,1,0,3e-05,0.05,512,3,5,4,256,6000,8.0,2633729,1,1,9974,1110,600015,9,234,54234,116,696.0,5.8,9.6918,0.93570971
cold,0,1,0,3e-05,0.05,512,3,5,4,256,6000,8.0,2633729,1,1,9974,1110,600015,9,234,54234,117,702.0,5.85,9.77535,0.93845928
cold,0,1,0,3e-05,0.05,512,3,5,4,256,6000,8.0,2633729,1,1,9974,1110,600015,9,234,54234,118,708.0,5.9,9.8589,0.94159102
cold,0,1,0,3e-05,0.05,512,3,5,4,256,6000,8.0,2633729,1,1,9974,1110,600015,9,234,54234,119,714.0,5.95,9.94245,0.94175524
cold,0,1,0,3e-05,0.05,512,3,5,4,256,6000,8.0,2633729,1,1,9974,1110,600015,9,234,54234,120,720.0,6.0,10.026,0.93812656
cold,0,1,0,3e-05,0.05,512,3,5,4,256,6000,8.0,2633729,1,1,9974,1110,600015,9,1023,55023,1,6.0,0.05,0.08355,0.02417014
cold,0,1,0,3e-05,0.05,512,3,5,4,256,6000,8.0,2633729,1,1,9974,1110,600015,9,1023,55023,2,12.0,0.1,0.1671,0.02806793
cold,0,1,0,3e-05,0.05,512,3,5,4,256,6000,8.0,2633729,1,1,9974,1110,600015,9,1023,55023,3,18.0,0.15,0.25065,0.03326471
cold,0,1,0,3e-05,0.05,512,3,5,4,256,6000,8.0,2633729,1,1,9974,1110,600015,9,1023,55023,4,24.0,0.2,0.3342,0.03902854
cold,0,1,0,3e-05,0.05,512,3,5,4,256,6000,8.0,2633729,1,1,9974,1110,600015,9,1023,55023,5,30.0,0.25,0.41775,0.04507571
cold,0,1,0,3e-05,0.05,512,3,5,4,256,6000,8.0,2633729,1,1,9974,1110,600015,9,1023,55023,6,36.0,0.3,0.5013,0.05161481
cold,0,1,0,3e-05,0.05,512,3,5,4,256,6000,8.0,2633729,1,1,9974,1110,600015,9,1023,55023,7,42.0,0.35,0.58485,0.05891642
cold,0,1,0,3e-05,0.05,512,3,5,4,256,6000,8.0,2633729,1,1,9974,1110,600015,9,1023,55023,8,48.0,0.4,0.6684,0.066796
cold,0,1,0,3e-05,0.05,512,3,5,4,256,6000,8.0,2633729,1,1,9974,1110,600015,9,1023,55023,9,54.0,0.45,0.75195,0.07567807
cold,0,1,0,3e-05,0.05,512,3,5,4,256,6000,8.0,2633729,1,1,9974,1110,600015,9,1023,55023,10,60.0,0.5,0.8355,0.08631559
cold,0,1,0,3e-05,0.05,512,3,5,4,256,6000,8.0,2633729,1,1,9974,1110,600015,9,1023,55023,11,66.0,0.55,0.91905,0.09792861
cold,0,1,0,3e-05,0.05,512,3,5,4,256,6000,8.0,2633729,1,1,9974,1110,600015,9,1023,55023,12,72.0,0.6,1.0026,0.10967091
cold,0,1,0,3e-05,0.05,512,3,5,4,256,6000,8.0,2633729,1,1,9974,1110,600015,9,1023,55023,13,78.0,0.65,1.08615,0.12243817
cold,0,1,0,3e-05,0.05,512,3,5,4,256,6000,8.0,2633729,1,1,9974,1110,600015,9,1023,55023,14,84.0,0.7,1.1697,0.13758901
cold,0,1,0,3e-05,0.05,512,3,5,4,256,6000,8.0,2633729,1,1,9974,1110,600015,9,1023,55023,15,90.0,0.75,1.25325,0.15462437
cold,0,1,0,3e-05,0.05,512,3,5,4,256,6000,8.0,2633729,1,1,9974,1110,600015,9,1023,55023,16,96.0,0.8,1.3368,0.17211924
cold,0,1,0,3e-05,0.05,512,3,5,4,256,6000,8.0,2633729,1,1,9974,1110,600015,9,1023,55023,17,102.0,0.85,1.42035,0.18867204
cold,0,1,0,3e-05,0.05,512,3,5,4,256,6000,8.0,2633729,1,1,9974,1110,600015,9,1023,55023,18,108.0,0.9,1.5039,0.20405702
cold,0,1,0,3e-05,0.05,512,3,5,4,256,6000,8.0,2633729,1,1,9974,1110,600015,9,1023,55023,19,114.0,0.95,1.58745,0.21927133
cold,0,1,0,3e-05,0.05,512,3,5,4,256,6000,8.0,2633729,1,1,9974,1110,600015,9,1023,55023,20,120.0,1.0,1.671,0.23531051
cold,0,1,0,3e-05,0.05,512,3,5,4,256,6000,8.0,2633729,1,1,9974,1110,600015,9,1023,55023,21,126.0,1.05,1.75455,0.25314912
cold,0,1,0,3e-05,0.05,512,3,5,4,256,6000,8.0,2633729,1,1,9974,1110,600015,9,1023,55023,22,132.0,1.1,1.8381,0.27319655
cold,0,1,0,3e-05,0.05,512,3,5,4,256,6000,8.0,2633729,1,1,9974,1110,600015,9,1023,55023,23,138.0,1.15,1.92165,0.29532644
cold,0,1,0,3e-05,0.05,512,3,5,4,256,6000,8.0,2633729,1,1,9974,1110,600015,9,1023,55023,24,144.0,1.2,2.0052,0.31921539
cold,0,1,0,3e-05,0.05,512,3,5,4,256,6000,8.0,2633729,1,1,9974,1110,600015,9,1023,55023,25,150.0,1.25,2.08875,0.3438361
cold,0,1,0,3e-05,0.05,512,3,5,4,256,6000,8.0,2633729,1,1,9974,1110,600015,9,1023,55023,26,156.0,1.3,2.1723,0.36782226
cold,0,1,0,3e-05,0.05,512,3,5,4,256,6000,8.0,2633729,1,1,9974,1110,600015,9,1023,55023,27,162.0,1.35,2.25585,0.38998234
cold,0,1,0,3e-05,0.05,512,3,5,4,256,6000,8.0,2633729,1,1,9974,1110,600015,9,1023,55023,28,168.0,1.4,2.3394,0.40989196
cold,0,1,0,3e-05,0.05,512,3,5,4,256,6000,8.0,2633729,1,1,9974,1110,600015,9,1023,55023,29,174.0,1.45,2.42295,0.42905378
cold,0,1,0,3e-05,0.05,512,3,5,4,256,6000,8.0,2633729,1,1,9974,1110,600015,9,1023,55023,30,180.0,1.5,2.5065,0.44946232
cold,0,1,0,3e-05,0.05,512,3,5,4,256,6000,8.0,2633729,1,1,9974,1110,600015,9,1023,55023,31,186.0,1.55,2.59005,0.47192463
cold,0,1,0,3e-05,0.05,512,3,5,4,256,6000,8.0,2633729,1,1,9974,1110,600015,9,1023,55023,32,192.0,1.6,2.6736,0.49514276
cold,0,1,0,3e-05,0.05,512,3,5,4,256,6000,8.0,2633729,1,1,9974,1110,600015,9,1023,55023,33,198.0,1.65,2.75715,0.51673663
cold,0,1,0,3e-05,0.05,512,3,5,4,256,6000,8.0,2633729,1,1,9974,1110,600015,9,1023,55023,34,204.0,1.7,2.8407,0.53648132
cold,0,1,0,3e-05,0.05,512,3,5,4,256,6000,8.0,2633729,1,1,9974,1110,600015,9,1023,55023,35,210.0,1.75,2.92425,0.55569291
cold,0,1,0,3e-05,0.05,512,3,5,4,256,6000,8.0,2633729,1,1,9974,1110,600015,9,1023,55023,36,216.0,1.8,3.0078,0.57430804
cold,0,1,0,3e-05,0.05,512,3,5,4,256,6000,8.0,2633729,1,1,9974,1110,600015,9,1023,55023,37,222.0,1.85,3.09135,0.59241015
cold,0,1,0,3e-05,0.05,512,3,5,4,256,6000,8.0,2633729,1,1,9974,1110,600015,9,1023,55023,38,228.0,1.9,3.1749,0.61101443
cold,0,1,0,3e-05,0.05,512,3,5,4,256,6000,8.0,2633729,1,1,9974,1110,600015,9,1023,55023,39,234.0,1.95,3.25845,0.63074249
cold,0,1,0,3e-05,0.05,512,3,5,4,256,6000,8.0,2633729,1,1,9974,1110,600015,9,1023,55023,40,240.0,2.0,3.342,0.65099615
cold,0,1,0,3e-05,0.05,512,3,5,4,256,6000,8.0,2633729,1,1,9974,1110,600015,9,1023,55023,41,246.0,2.05,3.42555,0.67019218
cold,0,1,0,3e-05,0.05,512,3,5,4,256,6000,8.0,2633729,1,1,9974,1110,600015,9,1023,55023,42,252.0,2.1,3.5091,0.68777502
cold,0,1,0,3e-05,0.05,512,3,5,4,256,6000,8.0,2633729,1,1,9974,1110,600015,9,1023,55023,43,258.0,2.15,3.59265,0.7047509
cold,0,1,0,3e-05,0.05,512,3,5,4,256,6000,8.0,2633729,1,1,9974,1110,600015,9,1023,55023,44,264.0,2.2,3.6762,0.72221243
cold,0,1,0,3e-05,0.05,512,3,5,4,256,6000,8.0,2633729,1,1,9974,1110,600015,9,1023,55023,45,270.0,2.25,3.75975,0.73966402
cold,0,1,0,3e-05,0.05,512,3,5,4,256,6000,8.0,2633729,1,1,9974,1110,600015,9,1023,55023,46,276.0,2.3,3.8433,0.75606871
cold,0,1,0,3e-05,0.05,512,3,5,4,256,6000,8.0,2633729,1,1,9974,1110,600015,9,1023,55023,47,282.0,2.35,3.92685,0.76993054
cold,0,1,0,3e-05,0.05,512,3,5,4,256,6000,8.0,2633729,1,1,9974,1110,600015,9,1023,55023,48,288.0,2.4,4.0104,0.77961165
cold,0,1,0,3e-05,0.05,512,3,5,4,256,6000,8.0,2633729,1,1,9974,1110,600015,9,1023,55023,49,294.0,2.45,4.09395,0.78673631
cold,0,1,0,3e-05,0.05,512,3,5,4,256,6000,8.0,2633729,1,1,9974,1110,600015,9,1023,55023,50,300.0,2.5,4.1775,0.79337978
cold,0,1,0,3e-05,0.05,512,3,5,4,256,6000,8.0,2633729,1,1,9974,1110,600015,9,1023,55023,51,306.0,2.55,4.26105,0.80099636
cold,0,1,0,3e-05,0.05,512,3,5,4,256,6000,8.0,2633729,1,1,9974,1110,600015,9,1023,55023,52,312.0,2.6,4.3446,0.81173474
cold,0,1,0,3e-05,0.05,512,3,5,4,256,6000,8.0,2633729,1,1,9974,1110,600015,9,1023,55023,53,318.0,2.65,4.42815,0.82531768
cold,0,1,0,3e-05,0.05,512,3,5,4,256,6000,8.0,2633729,1,1,9974,1110,600015,9,1023,55023,54,324.0,2.7,4.5117,0.837789
cold,0,1,0,3e-05,0.05,512,3,5,4,256,6000,8.0,2633729,1,1,9974,1110,600015,9,1023,55023,55,330.0,2.75,4.59525,0.8472265
cold,0,1,0,3e-05,0.05,512,3,5,4,256,6000,8.0,2633729,1,1,9974,1110,600015,9,1023,55023,56,336.0,2.8,4.6788,0.85567516
cold,0,1,0,3e-05,0.05,512,3,5,4,256,6000,8.0,2633729,1,1,9974,1110,600015,9,1023,55023,57,342.0,2.85,4.76235,0.86486036
cold,0,1,0,3e-05,0.05,512,3,5,4,256,6000,8.0,2633729,1,1,9974,1110,600015,9,1023,55023,58,348.0,2.9,4.8459,0.87318778
cold,0,1,0,3e-05,0.05,512,3,5,4,256,6000,8.0,2633729,1,1,9974,1110,600015,9,1023,55023,59,354.0,2.95,4.92945,0.87885433
cold,0,1,0,3e-05,0.05,512,3,5,4,256,6000,8.0,2633729,1,1,9974,1110,600015,9,1023,55023,60,360.0,3.0,5.013,0.88299817
cold,0,1,0,3e-05,0.05,512,3,5,4,256,6000,8.0,2633729,1,1,9974,1110,600015,9,1023,55023,61,366.0,3.05,5.09655,0.88781238
cold,0,1,0,3e-05,0.05,512,3,5,4,256,6000,8.0,2633729,1,1,9974,1110,600015,9,1023,55023,62,372.0,3.1,5.1801,0.8942647
cold,0,1,0,3e-05,0.05,512,3,5,4,256,6000,8.0,2633729,1,1,9974,1110,600015,9,1023,55023,63,378.0,3.15,5.26365,0.90213811
cold,0,1,0,3e-05,0.05,512,3,5,4,256,6000,8.0,2633729,1,1,9974,1110,600015,9,1023,55023,64,384.0,3.2,5.3472,0.91059178
cold,0,1,0,3e-05,0.05,512,3,5,4,256,6000,8.0,2633729,1,1,9974,1110,600015,9,1023,55023,65,390.0,3.25,5.43075,0.91928899
cold,0,1,0,3e-05,0.05,512,3,5,4,256,6000,8.0,2633729,1,1,9974,1110,600015,9,1023,55023,66,396.0,3.3,5.5143,0.92797399
cold,0,1,0,3e-05,0.05,512,3,5,4,256,6000,8.0,2633729,1,1,9974,1110,600015,9,1023,55023,67,402.0,3.35,5.59785,0.93486416
cold,0,1,0,3e-05,0.05,512,3,5,4,256,6000,8.0,2633729,1,1,9974,1110,600015,9,1023,55023,68,408.0,3.4,5.6814,0.93763256
cold,0,1,0,3e-05,0.05,512,3,5,4,256,6000,8.0,2633729,1,1,9974,1110,600015,9,1023,55023,69,414.0,3.45,5.76495,0.9366855
cold,0,1,0,3e-05,0.05,512,3,5,4,256,6000,8.0,2633729,1,1,9974,1110,600015,9,1023,55023,70,420.0,3.5,5.8485,0.93565112
cold,0,1,0,3e-05,0.05,512,3,5,4,256,6000,8.0,2633729,1,1,9974,1110,600015,9,1023,55023,71,426.0,3.55,5.93205,0.93744612
cold,0,1,0,3e-05,0.05,512,3,5,4,256,6000,8.0,2633729,1,1,9974,1110,600015,9,1023,55023,72,432.0,3.6,6.0156,0.9422819
cold,0,1,0,3e-05,0.05,512,3,5,4,256,6000,8.0,2633729,1,1,9974,1110,600015,9,1023,55023,73,438.0,3.65,6.09915,0.94750559
cold,0,1,0,3e-05,0.05,512,3,5,4,256,6000,8.0,2633729,1,1,9974,1110,600015,9,1023,55023,74,444.0,3.7,6.1827,0.95014679
cold,0,1,0,3e-05,0.05,512,3,5,4,256,6000,8.0,2633729,1,1,9974,1110,600015,9,1023,55023,75,450.0,3.75,6.26625,0.95063913
cold,0,1,0,3e-05,0.05,512,3,5,4,256,6000,8.0,2633729,1,1,9974,1110,600015,9,1023,55023,76,456.0,3.8,6.3498,0.95243937
cold,0,1,0,3e-05,0.05,512,3,5,4,256,6000,8.0,2633729,1,1,9974,1110,600015,9,1023,55023,77,462.0,3.85,6.43335,0.95727563
cold,0,1,0,3e-05,0.05,512,3,5,4,256,6000,8.0,2633729,1,1,9974,1110,600015,9,1023,55023,78,468.0,3.9,6.5169,0.96202165
cold,0,1,0,3e-05,0.05,512,3,5,4,256,6000,8.0,2633729,1,1,9974,1110,600015,9,1023,55023,79,474.0,3.95,6.60045,0.9637391
cold,0,1,0,3e-05,0.05,512,3,5,4,256,6000,8.0,2633729,1,1,9974,1110,600015,9,1023,55023,80,480.0,4.0,6.684,0.96352434
cold,0,1,0,3e-05,0.05,512,3,5,4,256,6000,8.0,2633729,1,1,9974,1110,600015,9,1023,55023,81,486.0,4.05,6.76755,0.96350932
cold,0,1,0,3e-05,0.05,512,3,5,4,256,6000,8.0,2633729,1,1,9974,1110,600015,9,1023,55023,82,492.0,4.1,6.8511,0.96404433
cold,0,1,0,3e-05,0.05,512,3,5,4,256,6000,8.0,2633729,1,1,9974,1110,600015,9,1023,55023,83,498.0,4.15,6.93465,0.96445036
cold,0,1,0,3e-05,0.05,512,3,5,4,256,6000,8.0,2633729,1,1,9974,1110,600015,9,1023,55023,84,504.0,4.2,7.0182,0.96455026
cold,0,1,0,3e-05,0.05,512,3,5,4,256,6000,8.0,2633729,1,1,9974,1110,600015,9,1023,55023,85,510.0,4.25,7.10175,0.96532494
cold,0,1,0,3e-05,0.05,512,3,5,4,256,6000,8.0,2633729,1,1,9974,1110,600015,9,1023,55023,86,516.0,4.3,7.1853,0.96828824
cold,0,1,0,3e-05,0.05,512,3,5,4,256,6000,8.0,2633729,1,1,9974,1110,600015,9,1023,55023,87,522.0,4.35,7.26885,0.97307169
cold,0,1,0,3e-05,0.05,512,3,5,4,256,6000,8.0,2633729,1,1,9974,1110,600015,9,1023,55023,88,528.0,4.4,7.3524,0.97811317
cold,0,1,0,3e-05,0.05,512,3,5,4,256,6000,8.0,2633729,1,1,9974,1110,600015,9,1023,55023,89,534.0,4.45,7.43595,0.98322177
cold,0,1,0,3e-05,0.05,512,3,5,4,256,6000,8.0,2633729,1,1,9974,1110,600015,9,1023,55023,90,540.0,4.5,7.5195,0.98789644
cold,0,1,0,3e-05,0.05,512,3,5,4,256,6000,8.0,2633729,1,1,9974,1110,600015,9,1023,55023,91,546.0,4.55,7.60305,0.98976934
cold,0,1,0,3e-05,0.05,512,3,5,4,256,6000,8.0,2633729,1,1,9974,1110,600015,9,1023,55023,92,552.0,4.6,7.6866,0.98781472
cold,0,1,0,3e-05,0.05,512,3,5,4,256,6000,8.0,2633729,1,1,9974,1110,600015,9,1023,55023,93,558.0,4.65,7.77015,0.98435563
cold,0,1,0,3e-05,0.05,512,3,5,4,256,6000,8.0,2633729,1,1,9974,1110,600015,9,1023,55023,94,564.0,4.7,7.8537,0.98148203
cold,0,1,0,3e-05,0.05,512,3,5,4,256,6000,8.0,2633729,1,1,9974,1110,600015,9,1023,55023,95,570.0,4.75,7.93725,0.97924739
cold,0,1,0,3e-05,0.05,512,3,5,4,256,6000,8.0,2633729,1,1,9974,1110,600015,9,1023,55023,96,576.0,4.8,8.0208,0.97796375
cold,0,1,0,3e-05,0.05,512,3,5,4,256,6000,8.0,2633729,1,1,9974,1110,600015,9,1023,55023,97,582.0,4.85,8.10435,0.97842801
cold,0,1,0,3e-05,0.05,512,3,5,4,256,6000,8.0,2633729,1,1,9974,1110,600015,9,1023,55023,98,588.0,4.9,8.1879,0.9817878
cold,0,1,0,3e-05,0.05,512,3,5,4,256,6000,8.0,2633729,1,1,9974,1110,600015,9,1023,55023,99,594.0,4.95,8.27145,0.98712248
cold,0,1,0,3e-05,0.05,512,3,5,4,256,6000,8.0,2633729,1,1,9974,1110,600015,9,1023,55023,100,600.0,5.0,8.355,0.99144799
cold,0,1,0,3e-05,0.05,512,3,5,4,256,6000,8.0,2633729,1,1,9974,1110,600015,9,1023,55023,101,606.0,5.05,8.43855,0.99403065
cold,0,1,0,3e-05,0.05,512,3,5,4,256,6000,8.0,2633729,1,1,9974,1110,600015,9,1023,55023,102,612.0,5.1,8.5221,0.99677449
cold,0,1,0,3e-05,0.05,512,3,5,4,256,6000,8.0,2633729,1,1,9974,1110,600015,9,1023,55023,103,618.0,5.15,8.60565,1.00130093
cold,0,1,0,3e-05,0.05,512,3,5,4,256,6000,8.0,2633729,1,1,9974,1110,600015,9,1023,55023,104,624.0,5.2,8.6892,1.00624239
cold,0,1,0,3e-05,0.05,512,3,5,4,256,6000,8.0,2633729,1,1,9974,1110,600015,9,1023,55023,105,630.0,5.25,8.77275,1.00852323
cold,0,1,0,3e-05,0.05,512,3,5,4,256,6000,8.0,2633729,1,1,9974,1110,600015,9,1023,55023,106,636.0,5.3,8.8563,1.00693631
cold,0,1,0,3e-05,0.05,512,3,5,4,256,6000,8.0,2633729,1,1,9974,1110,600015,9,1023,55023,107,642.0,5.35,8.93985,1.00220227
cold,0,1,0,3e-05,0.05,512,3,5,4,256,6000,8.0,2633729,1,1,9974,1110,600015,9,1023,55023,108,648.0,5.4,9.0234,0.99586821
cold,0,1,0,3e-05,0.05,512,3,5,4,256,6000,8.0,2633729,1,1,9974,1110,600015,9,1023,55023,109,654.0,5.45,9.10695,0.98989213
cold,0,1,0,3e-05,0.05,512,3,5,4,256,6000,8.0,2633729,1,1,9974,1110,600015,9,1023,55023,110,660.0,5.5,9.1905,0.98613399
cold,0,1,0,3e-05,0.05,512,3,5,4,256,6000,8.0,2633729,1,1,9974,1110,600015,9,1023,55023,111,666.0,5.55,9.27405,0.98547679
cold,0,1,0,3e-05,0.05,512,3,5,4,256,6000,8.0,2633729,1,1,9974,1110,600015,9,1023,55023,112,672.0,5.6,9.3576,0.98763406
cold,0,1,0,3e-05,0.05,512,3,5,4,256,6000,8.0,2633729,1,1,9974,1110,600015,9,1023,55023,113,678.0,5.65,9.44115,0.99166292
cold,0,1,0,3e-05,0.05,512,3,5,4,256,6000,8.0,2633729,1,1,9974,1110,600015,9,1023,55023,114,684.0,5.7,9.5247,0.99562788
cold,0,1,0,3e-05,0.05,512,3,5,4,256,6000,8.0,2633729,1,1,9974,1110,600015,9,1023,55023,115,690.0,5.75,9.60825,0.99741554
cold,0,1,0,3e-05,0.05,512,3,5,4,256,6000,8.0,2633729,1,1,9974,1110,600015,9,1023,55023,116,696.0,5.8,9.6918,0.99672461
cold,0,1,0,3e-05,0.05,512,3,5,4,256,6000,8.0,2633729,1,1,9974,1110,600015,9,1023,55023,117,702.0,5.85,9.77535,0.994712
cold,0,1,0,3e-05,0.05,512,3,5,4,256,6000,8.0,2633729,1,1,9974,1110,600015,9,1023,55023,118,708.0,5.9,9.8589,0.99289304
cold,0,1,0,3e-05,0.05,512,3,5,4,256,6000,8.0,2633729,1,1,9974,1110,600015,9,1023,55023,119,714.0,5.95,9.94245,0.99281156
cold,0,1,0,3e-05,0.05,512,3,5,4,256,6000,8.0,2633729,1,1,9974,1110,600015,9,1023,55023,120,720.0,6.0,10.026,0.99370199
cold,0,1,0,3e-05,0.05,512,3,5,4,256,6000,8.0,2633729,1,1,9974,1110,600015,9,4468,58468,1,6.0,0.05,0.08355,0.02082939
cold,0,1,0,3e-05,0.05,512,3,5,4,256,6000,8.0,2633729,1,1,9974,1110,600015,9,4468,58468,2,12.0,0.1,0.1671,0.0246932
cold,0,1,0,3e-05,0.05,512,3,5,4,256,6000,8.0,2633729,1,1,9974,1110,600015,9,4468,58468,3,18.0,0.15,0.25065,0.02926506
cold,0,1,0,3e-05,0.05,512,3,5,4,256,6000,8.0,2633729,1,1,9974,1110,600015,9,4468,58468,4,24.0,0.2,0.3342,0.03397971
cold,0,1,0,3e-05,0.05,512,3,5,4,256,6000,8.0,2633729,1,1,9974,1110,600015,9,4468,58468,5,30.0,0.25,0.41775,0.03892809
cold,0,1,0,3e-05,0.05,512,3,5,4,256,6000,8.0,2633729,1,1,9974,1110,600015,9,4468,58468,6,36.0,0.3,0.5013,0.04497904
cold,0,1,0,3e-05,0.05,512,3,5,4,256,6000,8.0,2633729,1,1,9974,1110,600015,9,4468,58468,7,42.0,0.35,0.58485,0.05150897
cold,0,1,0,3e-05,0.05,512,3,5,4,256,6000,8.0,2633729,1,1,9974,1110,600015,9,4468,58468,8,48.0,0.4,0.6684,0.05846167
cold,0,1,0,3e-05,0.05,512,3,5,4,256,6000,8.0,2633729,1,1,9974,1110,600015,9,4468,58468,9,54.0,0.45,0.75195,0.06598263
cold,0,1,0,3e-05,0.05,512,3,5,4,256,6000,8.0,2633729,1,1,9974,1110,600015,9,4468,58468,10,60.0,0.5,0.8355,0.07423457
cold,0,1,0,3e-05,0.05,512,3,5,4,256,6000,8.0,2633729,1,1,9974,1110,600015,9,4468,58468,11,66.0,0.55,0.91905,0.08302793
cold,0,1,0,3e-05,0.05,512,3,5,4,256,6000,8.0,2633729,1,1,9974,1110,600015,9,4468,58468,12,72.0,0.6,1.0026,0.09262498
cold,0,1,0,3e-05,0.05,512,3,5,4,256,6000,8.0,2633729,1,1,9974,1110,600015,9,4468,58468,13,78.0,0.65,1.08615,0.10371742
cold,0,1,0,3e-05,0.05,512,3,5,4,256,6000,8.0,2633729,1,1,9974,1110,600015,9,4468,58468,14,84.0,0.7,1.1697,0.11683753
cold,0,1,0,3e-05,0.05,512,3,5,4,256,6000,8.0,2633729,1,1,9974,1110,600015,9,4468,58468,15,90.0,0.75,1.25325,0.13156015
cold,0,1,0,3e-05,0.05,512,3,5,4,256,6000,8.0,2633729,1,1,9974,1110,600015,9,4468,58468,16,96.0,0.8,1.3368,0.1465916
cold,0,1,0,3e-05,0.05,512,3,5,4,256,6000,8.0,2633729,1,1,9974,1110,600015,9,4468,58468,17,102.0,0.85,1.42035,0.16096517
cold,0,1,0,3e-05,0.05,512,3,5,4,256,6000,8.0,2633729,1,1,9974,1110,600015,9,4468,58468,18,108.0,0.9,1.5039,0.17486736
cold,0,1,0,3e-05,0.05,512,3,5,4,256,6000,8.0,2633729,1,1,9974,1110,600015,9,4468,58468,19,114.0,0.95,1.58745,0.18918286
cold,0,1,0,3e-05,0.05,512,3,5,4,256,6000,8.0,2633729,1,1,9974,1110,600015,9,4468,58468,20,120.0,1.0,1.671,0.20469198
cold,0,1,0,3e-05,0.05,512,3,5,4,256,6000,8.0,2633729,1,1,9974,1110,600015,9,4468,58468,21,126.0,1.05,1.75455,0.22163174
cold,0,1,0,3e-05,0.05,512,3,5,4,256,6000,8.0,2633729,1,1,9974,1110,600015,9,4468,58468,22,132.0,1.1,1.8381,0.24012092
cold,0,1,0,3e-05,0.05,512,3,5,4,256,6000,8.0,2633729,1,1,9974,1110,600015,9,4468,58468,23,138.0,1.15,1.92165,0.26053923
cold,0,1,0,3e-05,0.05,512,3,5,4,256,6000,8.0,2633729,1,1,9974,1110,600015,9,4468,58468,24,144.0,1.2,2.0052,0.28247052
cold,0,1,0,3e-05,0.05,512,3,5,4,256,6000,8.0,2633729,1,1,9974,1110,600015,9,4468,58468,25,150.0,1.25,2.08875,0.30445832
cold,0,1,0,3e-05,0.05,512,3,5,4,256,6000,8.0,2633729,1,1,9974,1110,600015,9,4468,58468,26,156.0,1.3,2.1723,0.32597759
cold,0,1,0,3e-05,0.05,512,3,5,4,256,6000,8.0,2633729,1,1,9974,1110,600015,9,4468,58468,27,162.0,1.35,2.25585,0.34781861
cold,0,1,0,3e-05,0.05,512,3,5,4,256,6000,8.0,2633729,1,1,9974,1110,600015,9,4468,58468,28,168.0,1.4,2.3394,0.36968634
cold,0,1,0,3e-05,0.05,512,3,5,4,256,6000,8.0,2633729,1,1,9974,1110,600015,9,4468,58468,29,174.0,1.45,2.42295,0.38994524
cold,0,1,0,3e-05,0.05,512,3,5,4,256,6000,8.0,2633729,1,1,9974,1110,600015,9,4468,58468,30,180.0,1.5,2.5065,0.4086819
cold,0,1,0,3e-05,0.05,512,3,5,4,256,6000,8.0,2633729,1,1,9974,1110,600015,9,4468,58468,31,186.0,1.55,2.59005,0.42694971
cold,0,1,0,3e-05,0.05,512,3,5,4,256,6000,8.0,2633729,1,1,9974,1110,600015,9,4468,58468,32,192.0,1.6,2.6736,0.44413441
cold,0,1,0,3e-05,0.05,512,3,5,4,256,6000,8.0,2633729,1,1,9974,1110,600015,9,4468,58468,33,198.0,1.65,2.75715,0.45973063
cold,0,1,0,3e-05,0.05,512,3,5,4,256,6000,8.0,2633729,1,1,9974,1110,600015,9,4468,58468,34,204.0,1.7,2.8407,0.4751761
cold,0,1,0,3e-05,0.05,512,3,5,4,256,6000,8.0,2633729,1,1,9974,1110,600015,9,4468,58468,35,210.0,1.75,2.92425,0.49238443
cold,0,1,0,3e-05,0.05,512,3,5,4,256,6000,8.0,2633729,1,1,9974,1110,600015,9,4468,58468,36,216.0,1.8,3.0078,0.51230615
cold,0,1,0,3e-05,0.05,512,3,5,4,256,6000,8.0,2633729,1,1,9974,1110,600015,9,4468,58468,37,222.0,1.85,3.09135,0.53375679
cold,0,1,0,3e-05,0.05,512,3,5,4,256,6000,8.0,2633729,1,1,9974,1110,600015,9,4468,58468,38,228.0,1.9,3.1749,0.55435663
cold,0,1,0,3e-05,0.05,512,3,5,4,256,6000,8.0,2633729,1,1,9974,1110,600015,9,4468,58468,39,234.0,1.95,3.25845,0.57405472
cold,0,1,0,3e-05,0.05,512,3,5,4,256,6000,8.0,2633729,1,1,9974,1110,600015,9,4468,58468,40,240.0,2.0,3.342,0.59421968
cold,0,1,0,3e-05,0.05,512,3,5,4,256,6000,8.0,2633729,1,1,9974,1110,600015,9,4468,58468,41,246.0,2.05,3.42555,0.61482531
cold,0,1,0,3e-05,0.05,512,3,5,4,256,6000,8.0,2633729,1,1,9974,1110,600015,9,4468,58468,42,252.0,2.1,3.5091,0.63454354
cold,0,1,0,3e-05,0.05,512,3,5,4,256,6000,8.0,2633729,1,1,9974,1110,600015,9,4468,58468,43,258.0,2.15,3.59265,0.65252608
cold,0,1,0,3e-05,0.05,512,3,5,4,256,6000,8.0,2633729,1,1,9974,1110,600015,9,4468,58468,44,264.0,2.2,3.6762,0.66845155
cold,0,1,0,3e-05,0.05,512,3,5,4,256,6000,8.0,2633729,1,1,9974,1110,600015,9,4468,58468,45,270.0,2.25,3.75975,0.68194348
cold,0,1,0,3e-05,0.05,512,3,5,4,256,6000,8.0,2633729,1,1,9974,1110,600015,9,4468,58468,46,276.0,2.3,3.8433,0.69381201
cold,0,1,0,3e-05,0.05,512,3,5,4,256,6000,8.0,2633729,1,1,9974,1110,600015,9,4468,58468,47,282.0,2.35,3.92685,0.70501804
cold,0,1,0,3e-05,0.05,512,3,5,4,256,6000,8.0,2633729,1,1,9974,1110,600015,9,4468,58468,48,288.0,2.4,4.0104,0.71699524
cold,0,1,0,3e-05,0.05,512,3,5,4,256,6000,8.0,2633729,1,1,9974,1110,600015,9,4468,58468,49,294.0,2.45,4.09395,0.73048139
cold,0,1,0,3e-05,0.05,512,3,5,4,256,6000,8.0,2633729,1,1,9974,1110,600015,9,4468,58468,50,300.0,2.5,4.1775,0.74482715
cold,0,1,0,3e-05,0.05,512,3,5,4,256,6000,8.0,2633729,1,1,9974,1110,600015,9,4468,58468,51,306.0,2.55,4.26105,0.75884503
cold,0,1,0,3e-05,0.05,512,3,5,4,256,6000,8.0,2633729,1,1,9974,1110,600015,9,4468,58468,52,312.0,2.6,4.3446,0.77110845
cold,0,1,0,3e-05,0.05,512,3,5,4,256,6000,8.0,2633729,1,1,9974,1110,600015,9,4468,58468,53,318.0,2.65,4.42815,0.78043038
cold,0,1,0,3e-05,0.05,512,3,5,4,256,6000,8.0,2633729,1,1,9974,1110,600015,9,4468,58468,54,324.0,2.7,4.5117,0.78733122
cold,0,1,0,3e-05,0.05,512,3,5,4,256,6000,8.0,2633729,1,1,9974,1110,600015,9,4468,58468,55,330.0,2.75,4.59525,0.79477262
cold,0,1,0,3e-05,0.05,512,3,5,4,256,6000,8.0,2633729,1,1,9974,1110,600015,9,4468,58468,56,336.0,2.8,4.6788,0.8049258
cold,0,1,0,3e-05,0.05,512,3,5,4,256,6000,8.0,2633729,1,1,9974,1110,600015,9,4468,58468,57,342.0,2.85,4.76235,0.81733793
cold,0,1,0,3e-05,0.05,512,3,5,4,256,6000,8.0,2633729,1,1,9974,1110,600015,9,4468,58468,58,348.0,2.9,4.8459,0.82952571
cold,0,1,0,3e-05,0.05,512,3,5,4,256,6000,8.0,2633729,1,1,9974,1110,600015,9,4468,58468,59,354.0,2.95,4.92945,0.83879703
cold,0,1,0,3e-05,0.05,512,3,5,4,256,6000,8.0,2633729,1,1,9974,1110,600015,9,4468,58468,60,360.0,3.0,5.013,0.84467739
cold,0,1,0,3e-05,0.05,512,3,5,4,256,6000,8.0,2633729,1,1,9974,1110,600015,9,4468,58468,61,366.0,3.05,5.09655,0.8487035
cold,0,1,0,3e-05,0.05,512,3,5,4,256,6000,8.0,2633729,1,1,9974,1110,600015,9,4468,58468,62,372.0,3.1,5.1801,0.85355651
cold,0,1,0,3e-05,0.05,512,3,5,4,256,6000,8.0,2633729,1,1,9974,1110,600015,9,4468,58468,63,378.0,3.15,5.26365,0.86172718
cold,0,1,0,3e-05,0.05,512,3,5,4,256,6000,8.0,2633729,1,1,9974,1110,600015,9,4468,58468,64,384.0,3.2,5.3472,0.872814
cold,0,1,0,3e-05,0.05,512,3,5,4,256,6000,8.0,2633729,1,1,9974,1110,600015,9,4468,58468,65,390.0,3.25,5.43075,0.88376355
cold,0,1,0,3e-05,0.05,512,3,5,4,256,6000,8.0,2633729,1,1,9974,1110,600015,9,4468,58468,66,396.0,3.3,5.5143,0.89180952
cold,0,1,0,3e-05,0.05,512,3,5,4,256,6000,8.0,2633729,1,1,9974,1110,600015,9,4468,58468,67,402.0,3.35,5.59785,0.8967315
cold,0,1,0,3e-05,0.05,512,3,5,4,256,6000,8.0,2633729,1,1,9974,1110,600015,9,4468,58468,68,408.0,3.4,5.6814,0.90022808
cold,0,1,0,3e-05,0.05,512,3,5,4,256,6000,8.0,2633729,1,1,9974,1110,600015,9,4468,58468,69,414.0,3.45,5.76495,0.90316707
cold,0,1,0,3e-05,0.05,512,3,5,4,256,6000,8.0,2633729,1,1,9974,1110,600015,9,4468,58468,70,420.0,3.5,5.8485,0.90552694
cold,0,1,0,3e-05,0.05,512,3,5,4,256,6000,8.0,2633729,1,1,9974,1110,600015,9,4468,58468,71,426.0,3.55,5.93205,0.90755963
cold,0,1,0,3e-05,0.05,512,3,5,4,256,6000,8.0,2633729,1,1,9974,1110,600015,9,4468,58468,72,432.0,3.6,6.0156,0.91015369
cold,0,1,0,3e-05,0.05,512,3,5,4,256,6000,8.0,2633729,1,1,9974,1110,600015,9,4468,58468,73,438.0,3.65,6.09915,0.91413873
cold,0,1,0,3e-05,0.05,512,3,5,4,256,6000,8.0,2633729,1,1,9974,1110,600015,9,4468,58468,74,444.0,3.7,6.1827,0.91933584
cold,0,1,0,3e-05,0.05,512,3,5,4,256,6000,8.0,2633729,1,1,9974,1110,600015,9,4468,58468,75,450.0,3.75,6.26625,0.92463797
cold,0,1,0,3e-05,0.05,512,3,5,4,256,6000,8.0,2633729,1,1,9974,1110,600015,9,4468,58468,76,456.0,3.8,6.3498,0.92911041
cold,0,1,0,3e-05,0.05,512,3,5,4,256,6000,8.0,2633729,1,1,9974,1110,600015,9,4468,58468,77,462.0,3.85,6.43335,0.93208629
cold,0,1,0,3e-05,0.05,512,3,5,4,256,6000,8.0,2633729,1,1,9974,1110,600015,9,4468,58468,78,468.0,3.9,6.5169,0.93351752
cold,0,1,0,3e-05,0.05,512,3,5,4,256,6000,8.0,2633729,1,1,9974,1110,600015,9,4468,58468,79,474.0,3.95,6.60045,0.93470222
cold,0,1,0,3e-05,0.05,512,3,5,4,256,6000,8.0,2633729,1,1,9974,1110,600015,9,4468,58468,80,480.0,4.0,6.684,0.93679714
cold,0,1,0,3e-05,0.05,512,3,5,4,256,6000,8.0,2633729,1,1,9974,1110,600015,9,4468,58468,81,486.0,4.05,6.76755,0.93820065
cold,0,1,0,3e-05,0.05,512,3,5,4,256,6000,8.0,2633729,1,1,9974,1110,600015,9,4468,58468,82,492.0,4.1,6.8511,0.93677223
cold,0,1,0,3e-05,0.05,512,3,5,4,256,6000,8.0,2633729,1,1,9974,1110,600015,9,4468,58468,83,498.0,4.15,6.93465,0.93378615
cold,0,1,0,3e-05,0.05,512,3,5,4,256,6000,8.0,2633729,1,1,9974,1110,600015,9,4468,58468,84,504.0,4.2,7.0182,0.93307239
cold,0,1,0,3e-05,0.05,512,3,5,4,256,6000,8.0,2633729,1,1,9974,1110,600015,9,4468,58468,85,510.0,4.25,7.10175,0.93586189
cold,0,1,0,3e-05,0.05,512,3,5,4,256,6000,8.0,2633729,1,1,9974,1110,600015,9,4468,58468,86,516.0,4.3,7.1853,0.93938082
cold,0,1,0,3e-05,0.05,512,3,5,4,256,6000,8.0,2633729,1,1,9974,1110,600015,9,4468,58468,87,522.0,4.35,7.26885,0.94240129
cold,0,1,0,3e-05,0.05,512,3,5,4,256,6000,8.0,2633729,1,1,9974,1110,600015,9,4468,58468,88,528.0,4.4,7.3524,0.9455989
cold,0,1,0,3e-05,0.05,512,3,5,4,256,6000,8.0,2633729,1,1,9974,1110,600015,9,4468,58468,89,534.0,4.45,7.43595,0.94889295
cold,0,1,0,3e-05,0.05,512,3,5,4,256,6000,8.0,2633729,1,1,9974,1110,600015,9,4468,58468,90,540.0,4.5,7.5195,0.95166093
cold,0,1,0,3e-05,0.05,512,3,5,4,256,6000,8.0,2633729,1,1,9974,1110,600015,9,4468,58468,91,546.0,4.55,7.60305,0.95437986
cold,0,1,0,3e-05,0.05,512,3,5,4,256,6000,8.0,2633729,1,1,9974,1110,600015,9,4468,58468,92,552.0,4.6,7.6866,0.9579069
cold,0,1,0,3e-05,0.05,512,3,5,4,256,6000,8.0,2633729,1,1,9974,1110,600015,9,4468,58468,93,558.0,4.65,7.77015,0.96211427
cold,0,1,0,3e-05,0.05,512,3,5,4,256,6000,8.0,2633729,1,1,9974,1110,600015,9,4468,58468,94,564.0,4.7,7.8537,0.96623498
cold,0,1,0,3e-05,0.05,512,3,5,4,256,6000,8.0,2633729,1,1,9974,1110,600015,9,4468,58468,95,570.0,4.75,7.93725,0.96924275
cold,0,1,0,3e-05,0.05,512,3,5,4,256,6000,8.0,2633729,1,1,9974,1110,600015,9,4468,58468,96,576.0,4.8,8.0208,0.97015435
cold,0,1,0,3e-05,0.05,512,3,5,4,256,6000,8.0,2633729,1,1,9974,1110,600015,9,4468,58468,97,582.0,4.85,8.10435,0.96914077
cold,0,1,0,3e-05,0.05,512,3,5,4,256,6000,8.0,2633729,1,1,9974,1110,600015,9,4468,58468,98,588.0,4.9,8.1879,0.96685821
cold,0,1,0,3e-05,0.05,512,3,5,4,256,6000,8.0,2633729,1,1,9974,1110,600015,9,4468,58468,99,594.0,4.95,8.27145,0.96316463
cold,0,1,0,3e-05,0.05,512,3,5,4,256,6000,8.0,2633729,1,1,9974,1110,600015,9,4468,58468,100,600.0,5.0,8.355,0.95869499
cold,0,1,0,3e-05,0.05,512,3,5,4,256,6000,8.0,2633729,1,1,9974,1110,600015,9,4468,58468,101,606.0,5.05,8.43855,0.9558062
cold,0,1,0,3e-05,0.05,512,3,5,4,256,6000,8.0,2633729,1,1,9974,1110,600015,9,4468,58468,102,612.0,5.1,8.5221,0.95613611
cold,0,1,0,3e-05,0.05,512,3,5,4,256,6000,8.0,2633729,1,1,9974,1110,600015,9,4468,58468,103,618.0,5.15,8.60565,0.95910883
cold,0,1,0,3e-05,0.05,512,3,5,4,256,6000,8.0,2633729,1,1,9974,1110,600015,9,4468,58468,104,624.0,5.2,8.6892,0.96332246
cold,0,1,0,3e-05,0.05,512,3,5,4,256,6000,8.0,2633729,1,1,9974,1110,600015,9,4468,58468,105,630.0,5.25,8.77275,0.96825558
cold,0,1,0,3e-05,0.05,512,3,5,4,256,6000,8.0,2633729,1,1,9974,1110,600015,9,4468,58468,106,636.0,5.3,8.8563,0.97335869
cold,0,1,0,3e-05,0.05,512,3,5,4,256,6000,8.0,2633729,1,1,9974,1110,600015,9,4468,58468,107,642.0,5.35,8.93985,0.97709501
cold,0,1,0,3e-05,0.05,512,3,5,4,256,6000,8.0,2633729,1,1,9974,1110,600015,9,4468,58468,108,648.0,5.4,9.0234,0.97861958
cold,0,1,0,3e-05,0.05,512,3,5,4,256,6000,8.0,2633729,1,1,9974,1110,600015,9,4468,58468,109,654.0,5.45,9.10695,0.97851878
cold,0,1,0,3e-05,0.05,512,3,5,4,256,6000,8.0,2633729,1,1,9974,1110,600015,9,4468,58468,110,660.0,5.5,9.1905,0.97811061
cold,0,1,0,3e-05,0.05,512,3,5,4,256,6000,8.0,2633729,1,1,9974,1110,600015,9,4468,58468,111,666.0,5.55,9.27405,0.97921157
cold,0,1,0,3e-05,0.05,512,3,5,4,256,6000,8.0,2633729,1,1,9974,1110,600015,9,4468,58468,112,672.0,5.6,9.3576,0.98269826
cold,0,1,0,3e-05,0.05,512,3,5,4,256,6000,8.0,2633729,1,1,9974,1110,600015,9,4468,58468,113,678.0,5.65,9.44115,0.98720968
cold,0,1,0,3e-05,0.05,512,3,5,4,256,6000,8.0,2633729,1,1,9974,1110,600015,9,4468,58468,114,684.0,5.7,9.5247,0.99014908
cold,0,1,0,3e-05,0.05,512,3,5,4,256,6000,8.0,2633729,1,1,9974,1110,600015,9,4468,58468,115,690.0,5.75,9.60825,0.99035001
cold,0,1,0,3e-05,0.05,512,3,5,4,256,6000,8.0,2633729,1,1,9974,1110,600015,9,4468,58468,116,696.0,5.8,9.6918,0.98886496
cold,0,1,0,3e-05,0.05,512,3,5,4,256,6000,8.0,2633729,1,1,9974,1110,600015,9,4468,58468,117,702.0,5.85,9.77535,0.98845589
cold,0,1,0,3e-05,0.05,512,3,5,4,256,6000,8.0,2633729,1,1,9974,1110,600015,9,4468,58468,118,708.0,5.9,9.8589,0.99078166
cold,0,1,0,3e-05,0.05,512,3,5,4,256,6000,8.0,2633729,1,1,9974,1110,600015,9,4468,58468,119,714.0,5.95,9.94245,0.99387711
cold,0,1,0,3e-05,0.05,512,3,5,4,256,6000,8.0,2633729,1,1,9974,1110,600015,9,4468,58468,120,720.0,6.0,10.026,0.99544656
cold,0,1,0,3e-05,0.05,512,3,5,4,256,6000,8.0,2633729,1,1,9974,1110,600015,9,6000,60000,1,6.0,0.05,0.08355,0.02032206
cold,0,1,0,3e-05,0.05,512,3,5,4,256,6000,8.0,2633729,1,1,9974,1110,600015,9,6000,60000,2,12.0,0.1,0.1671,0.02404902
cold,0,1,0,3e-05,0.05,512,3,5,4,256,6000,8.0,2633729,1,1,9974,1110,600015,9,6000,60000,3,18.0,0.15,0.25065,0.02834214
cold,0,1,0,3e-05,0.05,512,3,5,4,256,6000,8.0,2633729,1,1,9974,1110,600015,9,6000,60000,4,24.0,0.2,0.3342,0.03258585
cold,0,1,0,3e-05,0.05,512,3,5,4,256,6000,8.0,2633729,1,1,9974,1110,600015,9,6000,60000,5,30.0,0.25,0.41775,0.03679266
cold,0,1,0,3e-05,0.05,512,3,5,4,256,6000,8.0,2633729,1,1,9974,1110,600015,9,6000,60000,6,36.0,0.3,0.5013,0.04209144
cold,0,1,0,3e-05,0.05,512,3,5,4,256,6000,8.0,2633729,1,1,9974,1110,600015,9,6000,60000,7,42.0,0.35,0.58485,0.04757691
cold,0,1,0,3e-05,0.05,512,3,5,4,256,6000,8.0,2633729,1,1,9974,1110,600015,9,6000,60000,8,48.0,0.4,0.6684,0.05321722
cold,0,1,0,3e-05,0.05,512,3,5,4,256,6000,8.0,2633729,1,1,9974,1110,600015,9,6000,60000,9,54.0,0.45,0.75195,0.05926329
cold,0,1,0,3e-05,0.05,512,3,5,4,256,6000,8.0,2633729,1,1,9974,1110,600015,9,6000,60000,10,60.0,0.5,0.8355,0.06612191
cold,0,1,0,3e-05,0.05,512,3,5,4,256,6000,8.0,2633729,1,1,9974,1110,600015,9,6000,60000,11,66.0,0.55,0.91905,0.07383205
cold,0,1,0,3e-05,0.05,512,3,5,4,256,6000,8.0,2633729,1,1,9974,1110,600015,9,6000,60000,12,72.0,0.6,1.0026,0.08253485
cold,0,1,0,3e-05,0.05,512,3,5,4,256,6000,8.0,2633729,1,1,9974,1110,600015,9,6000,60000,13,78.0,0.65,1.08615,0.09235352
cold,0,1,0,3e-05,0.05,512,3,5,4,256,6000,8.0,2633729,1,1,9974,1110,600015,9,6000,60000,14,84.0,0.7,1.1697,0.10388733
cold,0,1,0,3e-05,0.05,512,3,5,4,256,6000,8.0,2633729,1,1,9974,1110,600015,9,6000,60000,15,90.0,0.75,1.25325,0.11708045
cold,0,1,0,3e-05,0.05,512,3,5,4,256,6000,8.0,2633729,1,1,9974,1110,600015,9,6000,60000,16,96.0,0.8,1.3368,0.13076285
cold,0,1,0,3e-05,0.05,512,3,5,4,256,6000,8.0,2633729,1,1,9974,1110,600015,9,6000,60000,17,102.0,0.85,1.42035,0.14382026
cold,0,1,0,3e-05,0.05,512,3,5,4,256,6000,8.0,2633729,1,1,9974,1110,600015,9,6000,60000,18,108.0,0.9,1.5039,0.15602544
cold,0,1,0,3e-05,0.05,512,3,5,4,256,6000,8.0,2633729,1,1,9974,1110,600015,9,6000,60000,19,114.0,0.95,1.58745,0.16834743
cold,0,1,0,3e-05,0.05,512,3,5,4,256,6000,8.0,2633729,1,1,9974,1110,600015,9,6000,60000,20,120.0,1.0,1.671,0.1822037
cold,0,1,0,3e-05,0.05,512,3,5,4,256,6000,8.0,2633729,1,1,9974,1110,600015,9,6000,60000,21,126.0,1.05,1.75455,0.1977915
cold,0,1,0,3e-05,0.05,512,3,5,4,256,6000,8.0,2633729,1,1,9974,1110,600015,9,6000,60000,22,132.0,1.1,1.8381,0.21508928
cold,0,1,0,3e-05,0.05,512,3,5,4,256,6000,8.0,2633729,1,1,9974,1110,600015,9,6000,60000,23,138.0,1.15,1.92165,0.23463884
cold,0,1,0,3e-05,0.05,512,3,5,4,256,6000,8.0,2633729,1,1,9974,1110,600015,9,6000,60000,24,144.0,1.2,2.0052,0.25643614
cold,0,1,0,3e-05,0.05,512,3,5,4,256,6000,8.0,2633729,1,1,9974,1110,600015,9,6000,60000,25,150.0,1.25,2.08875,0.27952528
cold,0,1,0,3e-05,0.05,512,3,5,4,256,6000,8.0,2633729,1,1,9974,1110,600015,9,6000,60000,26,156.0,1.3,2.1723,0.30290863
cold,0,1,0,3e-05,0.05,512,3,5,4,256,6000,8.0,2633729,1,1,9974,1110,600015,9,6000,60000,27,162.0,1.35,2.25585,0.32550585
cold,0,1,0,3e-05,0.05,512,3,5,4,256,6000,8.0,2633729,1,1,9974,1110,600015,9,6000,60000,28,168.0,1.4,2.3394,0.34509754
cold,0,1,0,3e-05,0.05,512,3,5,4,256,6000,8.0,2633729,1,1,9974,1110,600015,9,6000,60000,29,174.0,1.45,2.42295,0.36081806
cold,0,1,0,3e-05,0.05,512,3,5,4,256,6000,8.0,2633729,1,1,9974,1110,600015,9,6000,60000,30,180.0,1.5,2.5065,0.37481892
cold,0,1,0,3e-05,0.05,512,3,5,4,256,6000,8.0,2633729,1,1,9974,1110,600015,9,6000,60000,31,186.0,1.55,2.59005,0.39120686
cold,0,1,0,3e-05,0.05,512,3,5,4,256,6000,8.0,2633729,1,1,9974,1110,600015,9,6000,60000,32,192.0,1.6,2.6736,0.41052225
cold,0,1,0,3e-05,0.05,512,3,5,4,256,6000,8.0,2633729,1,1,9974,1110,600015,9,6000,60000,33,198.0,1.65,2.75715,0.42890352
cold,0,1,0,3e-05,0.05,512,3,5,4,256,6000,8.0,2633729,1,1,9974,1110,600015,9,6000,60000,34,204.0,1.7,2.8407,0.4444893
cold,0,1,0,3e-05,0.05,512,3,5,4,256,6000,8.0,2633729,1,1,9974,1110,600015,9,6000,60000,35,210.0,1.75,2.92425,0.45886436
cold,0,1,0,3e-05,0.05,512,3,5,4,256,6000,8.0,2633729,1,1,9974,1110,600015,9,6000,60000,36,216.0,1.8,3.0078,0.47513071
cold,0,1,0,3e-05,0.05,512,3,5,4,256,6000,8.0,2633729,1,1,9974,1110,600015,9,6000,60000,37,222.0,1.85,3.09135,0.49532461
cold,0,1,0,3e-05,0.05,512,3,5,4,256,6000,8.0,2633729,1,1,9974,1110,600015,9,6000,60000,38,228.0,1.9,3.1749,0.51861471
cold,0,1,0,3e-05,0.05,512,3,5,4,256,6000,8.0,2633729,1,1,9974,1110,600015,9,6000,60000,39,234.0,1.95,3.25845,0.54301232
cold,0,1,0,3e-05,0.05,512,3,5,4,256,6000,8.0,2633729,1,1,9974,1110,600015,9,6000,60000,40,240.0,2.0,3.342,0.56791967
cold,0,1,0,3e-05,0.05,512,3,5,4,256,6000,8.0,2633729,1,1,9974,1110,600015,9,6000,60000,41,246.0,2.05,3.42555,0.59251207
cold,0,1,0,3e-05,0.05,512,3,5,4,256,6000,8.0,2633729,1,1,9974,1110,600015,9,6000,60000,42,252.0,2.1,3.5091,0.61427236
cold,0,1,0,3e-05,0.05,512,3,5,4,256,6000,8.0,2633729,1,1,9974,1110,600015,9,6000,60000,43,258.0,2.15,3.59265,0.63118684
cold,0,1,0,3e-05,0.05,512,3,5,4,256,6000,8.0,2633729,1,1,9974,1110,600015,9,6000,60000,44,264.0,2.2,3.6762,0.64410192
cold,0,1,0,3e-05,0.05,512,3,5,4,256,6000,8.0,2633729,1,1,9974,1110,600015,9,6000,60000,45,270.0,2.25,3.75975,0.65563166
cold,0,1,0,3e-05,0.05,512,3,5,4,256,6000,8.0,2633729,1,1,9974,1110,600015,9,6000,60000,46,276.0,2.3,3.8433,0.6685493
cold,0,1,0,3e-05,0.05,512,3,5,4,256,6000,8.0,2633729,1,1,9974,1110,600015,9,6000,60000,47,282.0,2.35,3.92685,0.6848135
cold,0,1,0,3e-05,0.05,512,3,5,4,256,6000,8.0,2633729,1,1,9974,1110,600015,9,6000,60000,48,288.0,2.4,4.0104,0.70349383
cold,0,1,0,3e-05,0.05,512,3,5,4,256,6000,8.0,2633729,1,1,9974,1110,600015,9,6000,60000,49,294.0,2.45,4.09395,0.7214157
cold,0,1,0,3e-05,0.05,512,3,5,4,256,6000,8.0,2633729,1,1,9974,1110,600015,9,6000,60000,50,300.0,2.5,4.1775,0.73613614
cold,0,1,0,3e-05,0.05,512,3,5,4,256,6000,8.0,2633729,1,1,9974,1110,600015,9,6000,60000,51,306.0,2.55,4.26105,0.74711668
cold,0,1,0,3e-05,0.05,512,3,5,4,256,6000,8.0,2633729,1,1,9974,1110,600015,9,6000,60000,52,312.0,2.6,4.3446,0.75577337
cold,0,1,0,3e-05,0.05,512,3,5,4,256,6000,8.0,2633729,1,1,9974,1110,600015,9,6000,60000,53,318.0,2.65,4.42815,0.76484561
cold,0,1,0,3e-05,0.05,512,3,5,4,256,6000,8.0,2633729,1,1,9974,1110,600015,9,6000,60000,54,324.0,2.7,4.5117,0.77570409
cold,0,1,0,3e-05,0.05,512,3,5,4,256,6000,8.0,2633729,1,1,9974,1110,600015,9,6000,60000,55,330.0,2.75,4.59525,0.78691357
cold,0,1,0,3e-05,0.05,512,3,5,4,256,6000,8.0,2633729,1,1,9974,1110,600015,9,6000,60000,56,336.0,2.8,4.6788,0.79709524
cold,0,1,0,3e-05,0.05,512,3,5,4,256,6000,8.0,2633729,1,1,9974,1110,600015,9,6000,60000,57,342.0,2.85,4.76235,0.80769801
cold,0,1,0,3e-05,0.05,512,3,5,4,256,6000,8.0,2633729,1,1,9974,1110,600015,9,6000,60000,58,348.0,2.9,4.8459,0.81976968
cold,0,1,0,3e-05,0.05,512,3,5,4,256,6000,8.0,2633729,1,1,9974,1110,600015,9,6000,60000,59,354.0,2.95,4.92945,0.83123273
cold,0,1,0,3e-05,0.05,512,3,5,4,256,6000,8.0,2633729,1,1,9974,1110,600015,9,6000,60000,60,360.0,3.0,5.013,0.83997858
cold,0,1,0,3e-05,0.05,512,3,5,4,256,6000,8.0,2633729,1,1,9974,1110,600015,9,6000,60000,61,366.0,3.05,5.09655,0.84600395
cold,0,1,0,3e-05,0.05,512,3,5,4,256,6000,8.0,2633729,1,1,9974,1110,600015,9,6000,60000,62,372.0,3.1,5.1801,0.85075456
cold,0,1,0,3e-05,0.05,512,3,5,4,256,6000,8.0,2633729,1,1,9974,1110,600015,9,6000,60000,63,378.0,3.15,5.26365,0.85611957
cold,0,1,0,3e-05,0.05,512,3,5,4,256,6000,8.0,2633729,1,1,9974,1110,600015,9,6000,60000,64,384.0,3.2,5.3472,0.86308825
cold,0,1,0,3e-05,0.05,512,3,5,4,256,6000,8.0,2633729,1,1,9974,1110,600015,9,6000,60000,65,390.0,3.25,5.43075,0.87061113
cold,0,1,0,3e-05,0.05,512,3,5,4,256,6000,8.0,2633729,1,1,9974,1110,600015,9,6000,60000,66,396.0,3.3,5.5143,0.87766057
cold,0,1,0,3e-05,0.05,512,3,5,4,256,6000,8.0,2633729,1,1,9974,1110,600015,9,6000,60000,67,402.0,3.35,5.59785,0.88435924
cold,0,1,0,3e-05,0.05,512,3,5,4,256,6000,8.0,2633729,1,1,9974,1110,600015,9,6000,60000,68,408.0,3.4,5.6814,0.89089489
cold,0,1,0,3e-05,0.05,512,3,5,4,256,6000,8.0,2633729,1,1,9974,1110,600015,9,6000,60000,69,414.0,3.45,5.76495,0.89706564
cold,0,1,0,3e-05,0.05,512,3,5,4,256,6000,8.0,2633729,1,1,9974,1110,600015,9,6000,60000,70,420.0,3.5,5.8485,0.90332896
cold,0,1,0,3e-05,0.05,512,3,5,4,256,6000,8.0,2633729,1,1,9974,1110,600015,9,6000,60000,71,426.0,3.55,5.93205,0.91000527
cold,0,1,0,3e-05,0.05,512,3,5,4,256,6000,8.0,2633729,1,1,9974,1110,600015,9,6000,60000,72,432.0,3.6,6.0156,0.91666067
cold,0,1,0,3e-05,0.05,512,3,5,4,256,6000,8.0,2633729,1,1,9974,1110,600015,9,6000,60000,73,438.0,3.65,6.09915,0.92238933
cold,0,1,0,3e-05,0.05,512,3,5,4,256,6000,8.0,2633729,1,1,9974,1110,600015,9,6000,60000,74,444.0,3.7,6.1827,0.92615891
cold,0,1,0,3e-05,0.05,512,3,5,4,256,6000,8.0,2633729,1,1,9974,1110,600015,9,6000,60000,75,450.0,3.75,6.26625,0.92779016
cold,0,1,0,3e-05,0.05,512,3,5,4,256,6000,8.0,2633729,1,1,9974,1110,600015,9,6000,60000,76,456.0,3.8,6.3498,0.92836058
cold,0,1,0,3e-05,0.05,512,3,5,4,256,6000,8.0,2633729,1,1,9974,1110,600015,9,6000,60000,77,462.0,3.85,6.43335,0.92931044
cold,0,1,0,3e-05,0.05,512,3,5,4,256,6000,8.0,2633729,1,1,9974,1110,600015,9,6000,60000,78,468.0,3.9,6.5169,0.93226701
cold,0,1,0,3e-05,0.05,512,3,5,4,256,6000,8.0,2633729,1,1,9974,1110,600015,9,6000,60000,79,474.0,3.95,6.60045,0.93858767
cold,0,1,0,3e-05,0.05,512,3,5,4,256,6000,8.0,2633729,1,1,9974,1110,600015,9,6000,60000,80,480.0,4.0,6.684,0.94769686
cold,0,1,0,3e-05,0.05,512,3,5,4,256,6000,8.0,2633729,1,1,9974,1110,600015,9,6000,60000,81,486.0,4.05,6.76755,0.95668215
cold,0,1,0,3e-05,0.05,512,3,5,4,256,6000,8.0,2633729,1,1,9974,1110,600015,9,6000,60000,82,492.0,4.1,6.8511,0.96308917
cold,0,1,0,3e-05,0.05,512,3,5,4,256,6000,8.0,2633729,1,1,9974,1110,600015,9,6000,60000,83,498.0,4.15,6.93465,0.96708816
cold,0,1,0,3e-05,0.05,512,3,5,4,256,6000,8.0,2633729,1,1,9974,1110,600015,9,6000,60000,84,504.0,4.2,7.0182,0.96939188
cold,0,1,0,3e-05,0.05,512,3,5,4,256,6000,8.0,2633729,1,1,9974,1110,600015,9,6000,60000,85,510.0,4.25,7.10175,0.971196
cold,0,1,0,3e-05,0.05,512,3,5,4,256,6000,8.0,2633729,1,1,9974,1110,600015,9,6000,60000,86,516.0,4.3,7.1853,0.97400457
cold,0,1,0,3e-05,0.05,512,3,5,4,256,6000,8.0,2633729,1,1,9974,1110,600015,9,6000,60000,87,522.0,4.35,7.26885,0.9775511
cold,0,1,0,3e-05,0.05,512,3,5,4,256,6000,8.0,2633729,1,1,9974,1110,600015,9,6000,60000,88,528.0,4.4,7.3524,0.98006082
cold,0,1,0,3e-05,0.05,512,3,5,4,256,6000,8.0,2633729,1,1,9974,1110,600015,9,6000,60000,89,534.0,4.45,7.43595,0.98008907
cold,0,1,0,3e-05,0.05,512,3,5,4,256,6000,8.0,2633729,1,1,9974,1110,600015,9,6000,60000,90,540.0,4.5,7.5195,0.97746819
cold,0,1,0,3e-05,0.05,512,3,5,4,256,6000,8.0,2633729,1,1,9974,1110,600015,9,6000,60000,91,546.0,4.55,7.60305,0.97302598
cold,0,1,0,3e-05,0.05,512,3,5,4,256,6000,8.0,2633729,1,1,9974,1110,600015,9,6000,60000,92,552.0,4.6,7.6866,0.96891814
cold,0,1,0,3e-05,0.05,512,3,5,4,256,6000,8.0,2633729,1,1,9974,1110,600015,9,6000,60000,93,558.0,4.65,7.77015,0.96763378
cold,0,1,0,3e-05,0.05,512,3,5,4,256,6000,8.0,2633729,1,1,9974,1110,600015,9,6000,60000,94,564.0,4.7,7.8537,0.96999228
cold,0,1,0,3e-05,0.05,512,3,5,4,256,6000,8.0,2633729,1,1,9974,1110,600015,9,6000,60000,95,570.0,4.75,7.93725,0.97460282
cold,0,1,0,3e-05,0.05,512,3,5,4,256,6000,8.0,2633729,1,1,9974,1110,600015,9,6000,60000,96,576.0,4.8,8.0208,0.97899216
cold,0,1,0,3e-05,0.05,512,3,5,4,256,6000,8.0,2633729,1,1,9974,1110,600015,9,6000,60000,97,582.0,4.85,8.10435,0.98072153
cold,0,1,0,3e-05,0.05,512,3,5,4,256,6000,8.0,2633729,1,1,9974,1110,600015,9,6000,60000,98,588.0,4.9,8.1879,0.97836906
cold,0,1,0,3e-05,0.05,512,3,5,4,256,6000,8.0,2633729,1,1,9974,1110,600015,9,6000,60000,99,594.0,4.95,8.27145,0.97284037
cold,0,1,0,3e-05,0.05,512,3,5,4,256,6000,8.0,2633729,1,1,9974,1110,600015,9,6000,60000,100,600.0,5.0,8.355,0.96763378
cold,0,1,0,3e-05,0.05,512,3,5,4,256,6000,8.0,2633729,1,1,9974,1110,600015,9,6000,60000,101,606.0,5.05,8.43855,0.96601927
cold,0,1,0,3e-05,0.05,512,3,5,4,256,6000,8.0,2633729,1,1,9974,1110,600015,9,6000,60000,102,612.0,5.1,8.5221,0.96890885
cold,0,1,0,3e-05,0.05,512,3,5,4,256,6000,8.0,2633729,1,1,9974,1110,600015,9,6000,60000,103,618.0,5.15,8.60565,0.97511804
cold,0,1,0,3e-05,0.05,512,3,5,4,256,6000,8.0,2633729,1,1,9974,1110,600015,9,6000,60000,104,624.0,5.2,8.6892,0.98210788
cold,0,1,0,3e-05,0.05,512,3,5,4,256,6000,8.0,2633729,1,1,9974,1110,600015,9,6000,60000,105,630.0,5.25,8.77275,0.98744226
cold,0,1,0,3e-05,0.05,512,3,5,4,256,6000,8.0,2633729,1,1,9974,1110,600015,9,6000,60000,106,636.0,5.3,8.8563,0.99009347
cold,0,1,0,3e-05,0.05,512,3,5,4,256,6000,8.0,2633729,1,1,9974,1110,600015,9,6000,60000,107,642.0,5.35,8.93985,0.989654
cold,0,1,0,3e-05,0.05,512,3,5,4,256,6000,8.0,2633729,1,1,9974,1110,600015,9,6000,60000,108,648.0,5.4,9.0234,0.98617178
cold,0,1,0,3e-05,0.05,512,3,5,4,256,6000,8.0,2633729,1,1,9974,1110,600015,9,6000,60000,109,654.0,5.45,9.10695,0.98081911
cold,0,1,0,3e-05,0.05,512,3,5,4,256,6000,8.0,2633729,1,1,9974,1110,600015,9,6000,60000,110,660.0,5.5,9.1905,0.9753803
cold,0,1,0,3e-05,0.05,512,3,5,4,256,6000,8.0,2633729,1,1,9974,1110,600015,9,6000,60000,111,666.0,5.55,9.27405,0.97162396
cold,0,1,0,3e-05,0.05,512,3,5,4,256,6000,8.0,2633729,1,1,9974,1110,600015,9,6000,60000,112,672.0,5.6,9.3576,0.97009838
cold,0,1,0,3e-05,0.05,512,3,5,4,256,6000,8.0,2633729,1,1,9974,1110,600015,9,6000,60000,113,678.0,5.65,9.44115,0.97030061
cold,0,1,0,3e-05,0.05,512,3,5,4,256,6000,8.0,2633729,1,1,9974,1110,600015,9,6000,60000,114,684.0,5.7,9.5247,0.97197223
cold,0,1,0,3e-05,0.05,512,3,5,4,256,6000,8.0,2633729,1,1,9974,1110,600015,9,6000,60000,115,690.0,5.75,9.60825,0.97525531
cold,0,1,0,3e-05,0.05,512,3,5,4,256,6000,8.0,2633729,1,1,9974,1110,600015,9,6000,60000,116,696.0,5.8,9.6918,0.97989661
cold,0,1,0,3e-05,0.05,512,3,5,4,256,6000,8.0,2633729,1,1,9974,1110,600015,9,6000,60000,117,702.0,5.85,9.77535,0.98482829
cold,0,1,0,3e-05,0.05,512,3,5,4,256,6000,8.0,2633729,1,1,9974,1110,600015,9,6000,60000,118,708.0,5.9,9.8589,0.98851854
cold,0,1,0,3e-05,0.05,512,3,5,4,256,6000,8.0,2633729,1,1,9974,1110,600015,9,6000,60000,119,714.0,5.95,9.94245,0.98990071
cold,0,1,0,3e-05,0.05,512,3,5,4,256,6000,8.0,2633729,1,1,9974,1110,600015,9,6000,60000,120,720.0,6.0,10.026,0.98921019
