arm,warm_start,data_all,frozen,lr,noise,hidden,n_layers,kernel,history,batch_size,step_budget,F,n_params,seed,data_seed,noise_seed,init_seed,shuffle_seed,cycle,step,cum_step,lead_step,lead_hours,lead_mtu,lead_lyapunov,nrmse
frozen,1,1,1,0.001,0.1,512,3,5,4,256,6000,8.0,2633729,4,4,9977,4101,900015,0,1,1,1,6.0,0.05,0.08355,0.52918649
frozen,1,1,1,0.001,0.1,512,3,5,4,256,6000,8.0,2633729,4,4,9977,4101,900015,0,1,1,2,12.0,0.1,0.1671,1.04065704
frozen,1,1,1,0.001,0.1,512,3,5,4,256,6000,8.0,2633729,4,4,9977,4101,900015,0,1,1,3,18.0,0.15,0.25065,1.51873696
frozen,1,1,1,0.001,0.1,512,3,5,4,256,6000,8.0,2633729,4,4,9977,4101,900015,0,1,1,4,24.0,0.2,0.3342,1.97450137
frozen,1,1,1,0.001,0.1,512,3,5,4,256,6000,8.0,2633729,4,4,9977,4101,900015,0,1,1,5,30.0,0.25,0.41775,2.51011801
frozen,1,1,1,0.001,0.1,512,3,5,4,256,6000,8.0,2633729,4,4,9977,4101,900015,0,1,1,6,36.0,0.3,0.5013,3.25077748
frozen,1,1,1,0.001,0.1,512,3,5,4,256,6000,8.0,2633729,4,4,9977,4101,900015,0,1,1,7,42.0,0.35,0.58485,4.22554398
frozen,1,1,1,0.001,0.1,512,3,5,4,256,6000,8.0,2633729,4,4,9977,4101,900015,0,1,1,8,48.0,0.4,0.6684,5.46573734
frozen,1,1,1,0.001,0.1,512,3,5,4,256,6000,8.0,2633729,4,4,9977,4101,900015,0,1,1,9,54.0,0.45,0.75195,7.09106064
frozen,1,1,1,0.001,0.1,512,3,5,4,256,6000,8.0,2633729,4,4,9977,4101,900015,0,1,1,10,60.0,0.5,0.8355,9.30120277
frozen,1,1,1,0.001,0.1,512,3,5,4,256,6000,8.0,2633729,4,4,9977,4101,900015,0,1,1,11,66.0,0.55,0.91905,12.30545902
frozen,1,1,1,0.001,0.1,512,3,5,4,256,6000,8.0,2633729,4,4,9977,4101,900015,0,1,1,12,72.0,0.6,1.0026,16.35868645
frozen,1,1,1,0.001,0.1,512,3,5,4,256,6000,8.0,2633729,4,4,9977,4101,900015,0,1,1,13,78.0,0.65,1.08615,21.80867958
frozen,1,1,1,0.001,0.1,512,3,5,4,256,6000,8.0,2633729,4,4,9977,4101,900015,0,1,1,14,84.0,0.7,1.1697,29.16857719
frozen,1,1,1,0.001,0.1,512,3,5,4,256,6000,8.0,2633729,4,4,9977,4101,900015,0,1,1,15,90.0,0.75,1.25325,39.06481171
frozen,1,1,1,0.001,0.1,512,3,5,4,256,6000,8.0,2633729,4,4,9977,4101,900015,0,1,1,16,96.0,0.8,1.3368,52.38425446
frozen,1,1,1,0.001,0.1,512,3,5,4,256,6000,8.0,2633729,4,4,9977,4101,900015,0,1,1,17,102.0,0.85,1.42035,70.20893097
frozen,1,1,1,0.001,0.1,512,3,5,4,256,6000,8.0,2633729,4,4,9977,4101,900015,0,1,1,18,108.0,0.9,1.5039,94.16989136
frozen,1,1,1,0.001,0.1,512,3,5,4,256,6000,8.0,2633729,4,4,9977,4101,900015,0,1,1,19,114.0,0.95,1.58745,126.20462036
frozen,1,1,1,0.001,0.1,512,3,5,4,256,6000,8.0,2633729,4,4,9977,4101,900015,0,1,1,20,120.0,1.0,1.671,169.28703308
frozen,1,1,1,0.001,0.1,512,3,5,4,256,6000,8.0,2633729,4,4,9977,4101,900015,0,1,1,21,126.0,1.05,1.75455,226.8868866
frozen,1,1,1,0.001,0.1,512,3,5,4,256,6000,8.0,2633729,4,4,9977,4101,900015,0,1,1,22,132.0,1.1,1.8381,304.47158813
frozen,1,1,1,0.001,0.1,512,3,5,4,256,6000,8.0,2633729,4,4,9977,4101,900015,0,1,1,23,138.0,1.15,1.92165,408.29602051
frozen,1,1,1,0.001,0.1,512,3,5,4,256,6000,8.0,2633729,4,4,9977,4101,900015,0,1,1,24,144.0,1.2,2.0052,548.28527832
frozen,1,1,1,0.001,0.1,512,3,5,4,256,6000,8.0,2633729,4,4,9977,4101,900015,0,1,1,25,150.0,1.25,2.08875,735.78338623
frozen,1,1,1,0.001,0.1,512,3,5,4,256,6000,8.0,2633729,4,4,9977,4101,900015,0,1,1,26,156.0,1.3,2.1723,988.75732422
frozen,1,1,1,0.001,0.1,512,3,5,4,256,6000,8.0,2633729,4,4,9977,4101,900015,0,1,1,27,162.0,1.35,2.25585,1327.76660156
frozen,1,1,1,0.001,0.1,512,3,5,4,256,6000,8.0,2633729,4,4,9977,4101,900015,0,1,1,28,168.0,1.4,2.3394,1785.07641602
frozen,1,1,1,0.001,0.1,512,3,5,4,256,6000,8.0,2633729,4,4,9977,4101,900015,0,1,1,29,174.0,1.45,2.42295,2398.79418945
frozen,1,1,1,0.001,0.1,512,3,5,4,256,6000,8.0,2633729,4,4,9977,4101,900015,0,1,1,30,180.0,1.5,2.5065,3225.93115234
frozen,1,1,1,0.001,0.1,512,3,5,4,256,6000,8.0,2633729,4,4,9977,4101,900015,0,1,1,31,186.0,1.55,2.59005,4337.45898438
frozen,1,1,1,0.001,0.1,512,3,5,4,256,6000,8.0,2633729,4,4,9977,4101,900015,0,1,1,32,192.0,1.6,2.6736,5834.66113281
frozen,1,1,1,0.001,0.1,512,3,5,4,256,6000,8.0,2633729,4,4,9977,4101,900015,0,1,1,33,198.0,1.65,2.75715,7849.01904297
frozen,1,1,1,0.001,0.1,512,3,5,4,256,6000,8.0,2633729,4,4,9977,4101,900015,0,1,1,34,204.0,1.7,2.8407,10560.59570312
frozen,1,1,1,0.001,0.1,512,3,5,4,256,6000,8.0,2633729,4,4,9977,4101,900015,0,1,1,35,210.0,1.75,2.92425,14212.68066406
frozen,1,1,1,0.001,0.1,512,3,5,4,256,6000,8.0,2633729,4,4,9977,4101,900015,0,1,1,36,216.0,1.8,3.0078,19126.53515625
frozen,1,1,1,0.001,0.1,512,3,5,4,256,6000,8.0,2633729,4,4,9977,4101,900015,0,1,1,37,222.0,1.85,3.09135,25751.6171875
frozen,1,1,1,0.001,0.1,512,3,5,4,256,6000,8.0,2633729,4,4,9977,4101,900015,0,1,1,38,228.0,1.9,3.1749,34662.5703125
frozen,1,1,1,0.001,0.1,512,3,5,4,256,6000,8.0,2633729,4,4,9977,4101,900015,0,1,1,39,234.0,1.95,3.25845,46685.66015625
frozen,1,1,1,0.001,0.1,512,3,5,4,256,6000,8.0,2633729,4,4,9977,4101,900015,0,1,1,40,240.0,2.0,3.342,62853.0078125
frozen,1,1,1,0.001,0.1,512,3,5,4,256,6000,8.0,2633729,4,4,9977,4101,900015,0,1,1,41,246.0,2.05,3.42555,84682.21875
frozen,1,1,1,0.001,0.1,512,3,5,4,256,6000,8.0,2633729,4,4,9977,4101,900015,0,1,1,42,252.0,2.1,3.5091,114028.390625
frozen,1,1,1,0.001,0.1,512,3,5,4,256,6000,8.0,2633729,4,4,9977,4101,900015,0,1,1,43,258.0,2.15,3.59265,153667.203125
frozen,1,1,1,0.001,0.1,512,3,5,4,256,6000,8.0,2633729,4,4,9977,4101,900015,0,1,1,44,264.0,2.2,3.6762,206970.671875
frozen,1,1,1,0.001,0.1,512,3,5,4,256,6000,8.0,2633729,4,4,9977,4101,900015,0,1,1,45,270.0,2.25,3.75975,278981.65625
frozen,1,1,1,0.001,0.1,512,3,5,4,256,6000,8.0,2633729,4,4,9977,4101,900015,0,1,1,46,276.0,2.3,3.8433,375821.875
frozen,1,1,1,0.001,0.1,512,3,5,4,256,6000,8.0,2633729,4,4,9977,4101,900015,0,1,1,47,282.0,2.35,3.92685,506656.21875
frozen,1,1,1,0.001,0.1,512,3,5,4,256,6000,8.0,2633729,4,4,9977,4101,900015,0,1,1,48,288.0,2.4,4.0104,682643.625
frozen,1,1,1,0.001,0.1,512,3,5,4,256,6000,8.0,2633729,4,4,9977,4101,900015,0,1,1,49,294.0,2.45,4.09395,920374.875
frozen,1,1,1,0.001,0.1,512,3,5,4,256,6000,8.0,2633729,4,4,9977,4101,900015,0,1,1,50,300.0,2.5,4.1775,1240331.875
frozen,1,1,1,0.001,0.1,512,3,5,4,256,6000,8.0,2633729,4,4,9977,4101,900015,0,1,1,51,306.0,2.55,4.26105,1672386.5
frozen,1,1,1,0.001,0.1,512,3,5,4,256,6000,8.0,2633729,4,4,9977,4101,900015,0,1,1,52,312.0,2.6,4.3446,2254313.75
frozen,1,1,1,0.001,0.1,512,3,5,4,256,6000,8.0,2633729,4,4,9977,4101,900015,0,1,1,53,318.0,2.65,4.42815,3039642.75
frozen,1,1,1,0.001,0.1,512,3,5,4,256,6000,8.0,2633729,4,4,9977,4101,900015,0,1,1,54,324.0,2.7,4.5117,4098244.25
frozen,1,1,1,0.001,0.1,512,3,5,4,256,6000,8.0,2633729,4,4,9977,4101,900015,0,1,1,55,330.0,2.75,4.59525,5526503.0
frozen,1,1,1,0.001,0.1,512,3,5,4,256,6000,8.0,2633729,4,4,9977,4101,900015,0,1,1,56,336.0,2.8,4.6788,7452387.0
frozen,1,1,1,0.001,0.1,512,3,5,4,256,6000,8.0,2633729,4,4,9977,4101,900015,0,1,1,57,342.0,2.85,4.76235,10050605.0
frozen,1,1,1,0.001,0.1,512,3,5,4,256,6000,8.0,2633729,4,4,9977,4101,900015,0,1,1,58,348.0,2.9,4.8459,13555405.0
frozen,1,1,1,0.001,0.1,512,3,5,4,256,6000,8.0,2633729,4,4,9977,4101,900015,0,1,1,59,354.0,2.95,4.92945,18282986.0
frozen,1,1,1,0.001,0.1,512,3,5,4,256,6000,8.0,2633729,4,4,9977,4101,900015,0,1,1,60,360.0,3.0,5.013,24662982.0
frozen,1,1,1,0.001,0.1,512,3,5,4,256,6000,8.0,2633729,4,4,9977,4101,900015,0,1,1,61,366.0,3.05,5.09655,33264532.0
frozen,1,1,1,0.001,0.1,512,3,5,4,256,6000,8.0,2633729,4,4,9977,4101,900015,0,1,1,62,372.0,3.1,5.1801,44880100.0
frozen,1,1,1,0.001,0.1,512,3,5,4,256,6000,8.0,2633729,4,4,9977,4101,900015,0,1,1,63,378.0,3.15,5.26365,60534232.0
frozen,1,1,1,0.001,0.1,512,3,5,4,256,6000,8.0,2633729,4,4,9977,4101,900015,0,1,1,64,384.0,3.2,5.3472,81681008.0
frozen,1,1,1,0.001,0.1,512,3,5,4,256,6000,8.0,2633729,4,4,9977,4101,900015,0,1,1,65,390.0,3.25,5.43075,110181736.0
frozen,1,1,1,0.001,0.1,512,3,5,4,256,6000,8.0,2633729,4,4,9977,4101,900015,0,1,1,66,396.0,3.3,5.5143,148680544.0
frozen,1,1,1,0.001,0.1,512,3,5,4,256,6000,8.0,2633729,4,4,9977,4101,900015,0,1,1,67,402.0,3.35,5.59785,200571536.0
frozen,1,1,1,0.001,0.1,512,3,5,4,256,6000,8.0,2633729,4,4,9977,4101,900015,0,1,1,68,408.0,3.4,5.6814,270666336.0
frozen,1,1,1,0.001,0.1,512,3,5,4,256,6000,8.0,2633729,4,4,9977,4101,900015,0,1,1,69,414.0,3.45,5.76495,365154432.0
frozen,1,1,1,0.001,0.1,512,3,5,4,256,6000,8.0,2633729,4,4,9977,4101,900015,0,1,1,70,420.0,3.5,5.8485,492793792.0
frozen,1,1,1,0.001,0.1,512,3,5,4,256,6000,8.0,2633729,4,4,9977,4101,900015,0,1,1,71,426.0,3.55,5.93205,664874112.0
frozen,1,1,1,0.001,0.1,512,3,5,4,256,6000,8.0,2633729,4,4,9977,4101,900015,0,1,1,72,432.0,3.6,6.0156,897312768.0
frozen,1,1,1,0.001,0.1,512,3,5,4,256,6000,8.0,2633729,4,4,9977,4101,900015,0,1,1,73,438.0,3.65,6.09915,1210809344.0
frozen,1,1,1,0.001,0.1,512,3,5,4,256,6000,8.0,2633729,4,4,9977,4101,900015,0,1,1,74,444.0,3.7,6.1827,1634177408.0
frozen,1,1,1,0.001,0.1,512,3,5,4,256,6000,8.0,2633729,4,4,9977,4101,900015,0,1,1,75,450.0,3.75,6.26625,2205323520.0
frozen,1,1,1,0.001,0.1,512,3,5,4,256,6000,8.0,2633729,4,4,9977,4101,900015,0,1,1,76,456.0,3.8,6.3498,2976623104.0
frozen,1,1,1,0.001,0.1,512,3,5,4,256,6000,8.0,2633729,4,4,9977,4101,900015,0,1,1,77,462.0,3.85,6.43335,4017307904.0
frozen,1,1,1,0.001,0.1,512,3,5,4,256,6000,8.0,2633729,4,4,9977,4101,900015,0,1,1,78,468.0,3.9,6.5169,5422709248.0
frozen,1,1,1,0.001,0.1,512,3,5,4,256,6000,8.0,2633729,4,4,9977,4101,900015,0,1,1,79,474.0,3.95,6.60045,7319240192.0
frozen,1,1,1,0.001,0.1,512,3,5,4,256,6000,8.0,2633729,4,4,9977,4101,900015,0,1,1,80,480.0,4.0,6.684,9879896064.0
frozen,1,1,1,0.001,0.1,512,3,5,4,256,6000,8.0,2633729,4,4,9977,4101,900015,0,1,1,81,486.0,4.05,6.76755,13336349696.0
frozen,1,1,1,0.001,0.1,512,3,5,4,256,6000,8.0,2633729,4,4,9977,4101,900015,0,1,1,82,492.0,4.1,6.8511,18002663424.0
frozen,1,1,1,0.001,0.1,512,3,5,4,256,6000,8.0,2633729,4,4,9977,4101,900015,0,1,1,83,498.0,4.15,6.93465,24302802944.0
frozen,1,1,1,0.001,0.1,512,3,5,4,256,6000,8.0,2633729,4,4,9977,4101,900015,0,1,1,84,504.0,4.2,7.0182,32805732352.0
frozen,1,1,1,0.001,0.1,512,3,5,4,256,6000,8.0,2633729,4,4,9977,4101,900015,0,1,1,85,510.0,4.25,7.10175,44287459328.0
frozen,1,1,1,0.001,0.1,512,3,5,4,256,6000,8.0,2633729,4,4,9977,4101,900015,0,1,1,86,516.0,4.3,7.1853,59782303744.0
frozen,1,1,1,0.001,0.1,512,3,5,4,256,6000,8.0,2633729,4,4,9977,4101,900015,0,1,1,87,522.0,4.35,7.26885,80709025792.0
frozen,1,1,1,0.001,0.1,512,3,5,4,256,6000,8.0,2633729,4,4,9977,4101,900015,0,1,1,88,528.0,4.4,7.3524,108948905984.0
frozen,1,1,1,0.001,0.1,512,3,5,4,256,6000,8.0,2633729,4,4,9977,4101,900015,0,1,1,89,534.0,4.45,7.43595,147092520960.0
frozen,1,1,1,0.001,0.1,512,3,5,4,256,6000,8.0,2633729,4,4,9977,4101,900015,0,1,1,90,540.0,4.5,7.5195,198563610624.0
frozen,1,1,1,0.001,0.1,512,3,5,4,256,6000,8.0,2633729,4,4,9977,4101,900015,0,1,1,91,546.0,4.55,7.60305,268102254592.0
frozen,1,1,1,0.001,0.1,512,3,5,4,256,6000,8.0,2633729,4,4,9977,4101,900015,0,1,1,92,552.0,4.6,7.6866,361926950912.0
frozen,1,1,1,0.001,0.1,512,3,5,4,256,6000,8.0,2633729,4,4,9977,4101,900015,0,1,1,93,558.0,4.65,7.77015,488693399552.0
frozen,1,1,1,0.001,0.1,512,3,5,4,256,6000,8.0,2633729,4,4,9977,4101,900015,0,1,1,94,564.0,4.7,7.8537,659771621376.0
frozen,1,1,1,0.001,0.1,512,3,5,4,256,6000,8.0,2633729,4,4,9977,4101,900015,0,1,1,95,570.0,4.75,7.93725,890882883584.0
frozen,1,1,1,0.001,0.1,512,3,5,4,256,6000,8.0,2633729,4,4,9977,4101,900015,0,1,1,96,576.0,4.8,8.0208,1202829131776.0
frozen,1,1,1,0.001,0.1,512,3,5,4,256,6000,8.0,2633729,4,4,9977,4101,900015,0,1,1,97,582.0,4.85,8.10435,1624237801472.0
frozen,1,1,1,0.001,0.1,512,3,5,4,256,6000,8.0,2633729,4,4,9977,4101,900015,0,1,1,98,588.0,4.9,8.1879,2193081630720.0
frozen,1,1,1,0.001,0.1,512,3,5,4,256,6000,8.0,2633729,4,4,9977,4101,900015,0,1,1,99,594.0,4.95,8.27145,2961593335808.0
frozen,1,1,1,0.001,0.1,512,3,5,4,256,6000,8.0,2633729,4,4,9977,4101,900015,0,1,1,100,600.0,5.0,8.355,3998977097728.0
frozen,1,1,1,0.001,0.1,512,3,5,4,256,6000,8.0,2633729,4,4,9977,4101,900015,0,1,1,101,606.0,5.05,8.43855,5400230887424.0
frozen,1,1,1,0.001,0.1,512,3,5,4,256,6000,8.0,2633729,4,4,9977,4101,900015,0,1,1,102,612.0,5.1,8.5221,7291901313024.0
frozen,1,1,1,0.001,0.1,512,3,5,4,256,6000,8.0,2633729,4,4,9977,4101,900015,0,1,1,103,618.0,5.15,8.60565,9847108009984.0
frozen,1,1,1,0.001,0.1,512,3,5,4,256,6000,8.0,2633729,4,4,9977,4101,900015,0,1,1,104,624.0,5.2,8.6892,13297043636224.0
frozen,1,1,1,0.001,0.1,512,3,5,4,256,6000,8.0,2633729,4,4,9977,4101,900015,0,1,1,105,630.0,5.25,8.77275,17955710566400.0
frozen,1,1,1,0.001,0.1,512,3,5,4,256,6000,8.0,2633729,4,4,9977,4101,900015,0,1,1,106,636.0,5.3,8.8563,24247533568000.0
frozen,1,1,1,0.001,0.1,512,3,5,4,256,6000,8.0,2633729,4,4,9977,4101,900015,0,1,1,107,642.0,5.35,8.93985,32741989023744.0
frozen,1,1,1,0.001,0.1,512,3,5,4,256,6000,8.0,2633729,4,4,9977,4101,900015,0,1,1,108,648.0,5.4,9.0234,44216034000896.0
frozen,1,1,1,0.001,0.1,512,3,5,4,256,6000,8.0,2633729,4,4,9977,4101,900015,0,1,1,109,654.0,5.45,9.10695,59709067362304.0
frozen,1,1,1,0.001,0.1,512,3,5,4,256,6000,8.0,2633729,4,4,9977,4101,900015,0,1,1,110,660.0,5.5,9.1905,80635938996224.0
frozen,1,1,1,0.001,0.1,512,3,5,4,256,6000,8.0,2633729,4,4,9977,4101,900015,0,1,1,111,666.0,5.55,9.27405,108889601212416.0
frozen,1,1,1,0.001,0.1,512,3,5,4,256,6000,8.0,2633729,4,4,9977,4101,900015,0,1,1,112,672.0,5.6,9.3576,147062045802496.0
frozen,1,1,1,0.001,0.1,512,3,5,4,256,6000,8.0,2633729,4,4,9977,4101,900015,0,1,1,113,678.0,5.65,9.44115,198595764551680.0
frozen,1,1,1,0.001,0.1,512,3,5,4,256,6000,8.0,2633729,4,4,9977,4101,900015,0,1,1,114,684.0,5.7,9.5247,268226814541824.0
frozen,1,1,1,0.001,0.1,512,3,5,4,256,6000,8.0,2633729,4,4,9977,4101,900015,0,1,1,115,690.0,5.75,9.60825,362224656842752.0
frozen,1,1,1,0.001,0.1,512,3,5,4,256,6000,8.0,2633729,4,4,9977,4101,900015,0,1,1,116,696.0,5.8,9.6918,489245529604096.0
frozen,1,1,1,0.001,0.1,512,3,5,4,256,6000,8.0,2633729,4,4,9977,4101,900015,0,1,1,117,702.0,5.85,9.77535,660720924491776.0
frozen,1,1,1,0.001,0.1,512,3,5,4,256,6000,8.0,2633729,4,4,9977,4101,900015,0,1,1,118,708.0,5.9,9.8589,892451657089024.0
frozen,1,1,1,0.001,0.1,512,3,5,4,256,6000,8.0,2633729,4,4,9977,4101,900015,0,1,1,119,714.0,5.95,9.94245,1205297477582848.0
frozen,1,1,1,0.001,0.1,512,3,5,4,256,6000,8.0,2633729,4,4,9977,4101,900015,0,1,1,120,720.0,6.0,10.026,1627984804970496.0
frozen,1,1,1,0.001,0.1,512,3,5,4,256,6000,8.0,2633729,4,4,9977,4101,900015,0,12,12,1,6.0,0.05,0.08355,0.15854441
frozen,1,1,1,0.001,0.1,512,3,5,4,256,6000,8.0,2633729,4,4,9977,4101,900015,0,12,12,2,12.0,0.1,0.1671,0.29081419
frozen,1,1,1,0.001,0.1,512,3,5,4,256,6000,8.0,2633729,4,4,9977,4101,900015,0,12,12,3,18.0,0.15,0.25065,0.42472628
frozen,1,1,1,0.001,0.1,512,3,5,4,256,6000,8.0,2633729,4,4,9977,4101,900015,0,12,12,4,24.0,0.2,0.3342,0.54964334
frozen,1,1,1,0.001,0.1,512,3,5,4,256,6000,8.0,2633729,4,4,9977,4101,900015,0,12,12,5,30.0,0.25,0.41775,0.65894592
frozen,1,1,1,0.001,0.1,512,3,5,4,256,6000,8.0,2633729,4,4,9977,4101,900015,0,12,12,6,36.0,0.3,0.5013,0.75174516
frozen,1,1,1,0.001,0.1,512,3,5,4,256,6000,8.0,2633729,4,4,9977,4101,900015,0,12,12,7,42.0,0.35,0.58485,0.8287828
frozen,1,1,1,0.001,0.1,512,3,5,4,256,6000,8.0,2633729,4,4,9977,4101,900015,0,12,12,8,48.0,0.4,0.6684,0.89364439
frozen,1,1,1,0.001,0.1,512,3,5,4,256,6000,8.0,2633729,4,4,9977,4101,900015,0,12,12,9,54.0,0.45,0.75195,0.9501726
frozen,1,1,1,0.001,0.1,512,3,5,4,256,6000,8.0,2633729,4,4,9977,4101,900015,0,12,12,10,60.0,0.5,0.8355,1.00008655
frozen,1,1,1,0.001,0.1,512,3,5,4,256,6000,8.0,2633729,4,4,9977,4101,900015,0,12,12,11,66.0,0.55,0.91905,1.04401791
frozen,1,1,1,0.001,0.1,512,3,5,4,256,6000,8.0,2633729,4,4,9977,4101,900015,0,12,12,12,72.0,0.6,1.0026,1.08348262
frozen,1,1,1,0.001,0.1,512,3,5,4,256,6000,8.0,2633729,4,4,9977,4101,900015,0,12,12,13,78.0,0.65,1.08615,1.1199882
frozen,1,1,1,0.001,0.1,512,3,5,4,256,6000,8.0,2633729,4,4,9977,4101,900015,0,12,12,14,84.0,0.7,1.1697,1.15300477
frozen,1,1,1,0.001,0.1,512,3,5,4,256,6000,8.0,2633729,4,4,9977,4101,900015,0,12,12,15,90.0,0.75,1.25325,1.18071306
frozen,1,1,1,0.001,0.1,512,3,5,4,256,6000,8.0,2633729,4,4,9977,4101,900015,0,12,12,16,96.0,0.8,1.3368,1.20261681
frozen,1,1,1,0.001,0.1,512,3,5,4,256,6000,8.0,2633729,4,4,9977,4101,900015,0,12,12,17,102.0,0.85,1.42035,1.21949899
frozen,1,1,1,0.001,0.1,512,3,5,4,256,6000,8.0,2633729,4,4,9977,4101,900015,0,12,12,18,108.0,0.9,1.5039,1.23089004
frozen,1,1,1,0.001,0.1,512,3,5,4,256,6000,8.0,2633729,4,4,9977,4101,900015,0,12,12,19,114.0,0.95,1.58745,1.23613214
frozen,1,1,1,0.001,0.1,512,3,5,4,256,6000,8.0,2633729,4,4,9977,4101,900015,0,12,12,20,120.0,1.0,1.671,1.23678708
frozen,1,1,1,0.001,0.1,512,3,5,4,256,6000,8.0,2633729,4,4,9977,4101,900015,0,12,12,21,126.0,1.05,1.75455,1.23537874
frozen,1,1,1,0.001,0.1,512,3,5,4,256,6000,8.0,2633729,4,4,9977,4101,900015,0,12,12,22,132.0,1.1,1.8381,1.2338115
frozen,1,1,1,0.001,0.1,512,3,5,4,256,6000,8.0,2633729,4,4,9977,4101,900015,0,12,12,23,138.0,1.15,1.92165,1.23369634
frozen,1,1,1,0.001,0.1,512,3,5,4,256,6000,8.0,2633729,4,4,9977,4101,900015,0,12,12,24,144.0,1.2,2.0052,1.23601913
frozen,1,1,1,0.001,0.1,512,3,5,4,256,6000,8.0,2633729,4,4,9977,4101,900015,0,12,12,25,150.0,1.25,2.08875,1.24008238
frozen,1,1,1,0.001,0.1,512,3,5,4,256,6000,8.0,2633729,4,4,9977,4101,900015,0,12,12,26,156.0,1.3,2.1723,1.2438308
frozen,1,1,1,0.001,0.1,512,3,5,4,256,6000,8.0,2633729,4,4,9977,4101,900015,0,12,12,27,162.0,1.35,2.25585,1.24590731
frozen,1,1,1,0.001,0.1,512,3,5,4,256,6000,8.0,2633729,4,4,9977,4101,900015,0,12,12,28,168.0,1.4,2.3394,1.24607587
frozen,1,1,1,0.001,0.1,512,3,5,4,256,6000,8.0,2633729,4,4,9977,4101,900015,0,12,12,29,174.0,1.45,2.42295,1.24382794
frozen,1,1,1,0.001,0.1,512,3,5,4,256,6000,8.0,2633729,4,4,9977,4101,900015,0,12,12,30,180.0,1.5,2.5065,1.23961902
frozen,1,1,1,0.001,0.1,512,3,5,4,256,6000,8.0,2633729,4,4,9977,4101,900015,0,12,12,31,186.0,1.55,2.59005,1.23583615
frozen,1,1,1,0.001,0.1,512,3,5,4,256,6000,8.0,2633729,4,4,9977,4101,900015,0,12,12,32,192.0,1.6,2.6736,1.23344874
frozen,1,1,1,0.001,0.1,512,3,5,4,256,6000,8.0,2633729,4,4,9977,4101,900015,0,12,12,33,198.0,1.65,2.75715,1.23117101
frozen,1,1,1,0.001,0.1,512,3,5,4,256,6000,8.0,2633729,4,4,9977,4101,900015,0,12,12,34,204.0,1.7,2.8407,1.22879994
frozen,1,1,1,0.001,0.1,512,3,5,4,256,6000,8.0,2633729,4,4,9977,4101,900015,0,12,12,35,210.0,1.75,2.92425,1.22723424
frozen,1,1,1,0.001,0.1,512,3,5,4,256,6000,8.0,2633729,4,4,9977,4101,900015,0,12,12,36,216.0,1.8,3.0078,1.22654665
frozen,1,1,1,0.001,0.1,512,3,5,4,256,6000,8.0,2633729,4,4,9977,4101,900015,0,12,12,37,222.0,1.85,3.09135,1.22700703
frozen,1,1,1,0.001,0.1,512,3,5,4,256,6000,8.0,2633729,4,4,9977,4101,900015,0,12,12,38,228.0,1.9,3.1749,1.229931
frozen,1,1,1,0.001,0.1,512,3,5,4,256,6000,8.0,2633729,4,4,9977,4101,900015,0,12,12,39,234.0,1.95,3.25845,1.23605692
frozen,1,1,1,0.001,0.1,512,3,5,4,256,6000,8.0,2633729,4,4,9977,4101,900015,0,12,12,40,240.0,2.0,3.342,1.24439645
frozen,1,1,1,0.001,0.1,512,3,5,4,256,6000,8.0,2633729,4,4,9977,4101,900015,0,12,12,41,246.0,2.05,3.42555,1.25271547
frozen,1,1,1,0.001,0.1,512,3,5,4,256,6000,8.0,2633729,4,4,9977,4101,900015,0,12,12,42,252.0,2.1,3.5091,1.25987375
frozen,1,1,1,0.001,0.1,512,3,5,4,256,6000,8.0,2633729,4,4,9977,4101,900015,0,12,12,43,258.0,2.15,3.59265,1.26727355
frozen,1,1,1,0.001,0.1,512,3,5,4,256,6000,8.0,2633729,4,4,9977,4101,900015,0,12,12,44,264.0,2.2,3.6762,1.27538466
frozen,1,1,1,0.001,0.1,512,3,5,4,256,6000,8.0,2633729,4,4,9977,4101,900015,0,12,12,45,270.0,2.25,3.75975,1.28103936
frozen,1,1,1,0.001,0.1,512,3,5,4,256,6000,8.0,2633729,4,4,9977,4101,900015,0,12,12,46,276.0,2.3,3.8433,1.28209031
frozen,1,1,1,0.001,0.1,512,3,5,4,256,6000,8.0,2633729,4,4,9977,4101,900015,0,12,12,47,282.0,2.35,3.92685,1.28225708
frozen,1,1,1,0.001,0.1,512,3,5,4,256,6000,8.0,2633729,4,4,9977,4101,900015,0,12,12,48,288.0,2.4,4.0104,1.28641129
frozen,1,1,1,0.001,0.1,512,3,5,4,256,6000,8.0,2633729,4,4,9977,4101,900015,0,12,12,49,294.0,2.45,4.09395,1.29509437
frozen,1,1,1,0.001,0.1,512,3,5,4,256,6000,8.0,2633729,4,4,9977,4101,900015,0,12,12,50,300.0,2.5,4.1775,1.30683875
frozen,1,1,1,0.001,0.1,512,3,5,4,256,6000,8.0,2633729,4,4,9977,4101,900015,0,12,12,51,306.0,2.55,4.26105,1.32036173
frozen,1,1,1,0.001,0.1,512,3,5,4,256,6000,8.0,2633729,4,4,9977,4101,900015,0,12,12,52,312.0,2.6,4.3446,1.33311915
frozen,1,1,1,0.001,0.1,512,3,5,4,256,6000,8.0,2633729,4,4,9977,4101,900015,0,12,12,53,318.0,2.65,4.42815,1.3430773
frozen,1,1,1,0.001,0.1,512,3,5,4,256,6000,8.0,2633729,4,4,9977,4101,900015,0,12,12,54,324.0,2.7,4.5117,1.35161984
frozen,1,1,1,0.001,0.1,512,3,5,4,256,6000,8.0,2633729,4,4,9977,4101,900015,0,12,12,55,330.0,2.75,4.59525,1.36116254
frozen,1,1,1,0.001,0.1,512,3,5,4,256,6000,8.0,2633729,4,4,9977,4101,900015,0,12,12,56,336.0,2.8,4.6788,1.37099516
frozen,1,1,1,0.001,0.1,512,3,5,4,256,6000,8.0,2633729,4,4,9977,4101,900015,0,12,12,57,342.0,2.85,4.76235,1.37703836
frozen,1,1,1,0.001,0.1,512,3,5,4,256,6000,8.0,2633729,4,4,9977,4101,900015,0,12,12,58,348.0,2.9,4.8459,1.37699783
frozen,1,1,1,0.001,0.1,512,3,5,4,256,6000,8.0,2633729,4,4,9977,4101,900015,0,12,12,59,354.0,2.95,4.92945,1.37419999
frozen,1,1,1,0.001,0.1,512,3,5,4,256,6000,8.0,2633729,4,4,9977,4101,900015,0,12,12,60,360.0,3.0,5.013,1.37362969
frozen,1,1,1,0.001,0.1,512,3,5,4,256,6000,8.0,2633729,4,4,9977,4101,900015,0,12,12,61,366.0,3.05,5.09655,1.37639999
frozen,1,1,1,0.001,0.1,512,3,5,4,256,6000,8.0,2633729,4,4,9977,4101,900015,0,12,12,62,372.0,3.1,5.1801,1.38092124
frozen,1,1,1,0.001,0.1,512,3,5,4,256,6000,8.0,2633729,4,4,9977,4101,900015,0,12,12,63,378.0,3.15,5.26365,1.38710284
frozen,1,1,1,0.001,0.1,512,3,5,4,256,6000,8.0,2633729,4,4,9977,4101,900015,0,12,12,64,384.0,3.2,5.3472,1.39543104
frozen,1,1,1,0.001,0.1,512,3,5,4,256,6000,8.0,2633729,4,4,9977,4101,900015,0,12,12,65,390.0,3.25,5.43075,1.4033972
frozen,1,1,1,0.001,0.1,512,3,5,4,256,6000,8.0,2633729,4,4,9977,4101,900015,0,12,12,66,396.0,3.3,5.5143,1.40777433
frozen,1,1,1,0.001,0.1,512,3,5,4,256,6000,8.0,2633729,4,4,9977,4101,900015,0,12,12,67,402.0,3.35,5.59785,1.40880513
frozen,1,1,1,0.001,0.1,512,3,5,4,256,6000,8.0,2633729,4,4,9977,4101,900015,0,12,12,68,408.0,3.4,5.6814,1.40904295
frozen,1,1,1,0.001,0.1,512,3,5,4,256,6000,8.0,2633729,4,4,9977,4101,900015,0,12,12,69,414.0,3.45,5.76495,1.40993273
frozen,1,1,1,0.001,0.1,512,3,5,4,256,6000,8.0,2633729,4,4,9977,4101,900015,0,12,12,70,420.0,3.5,5.8485,1.41116631
frozen,1,1,1,0.001,0.1,512,3,5,4,256,6000,8.0,2633729,4,4,9977,4101,900015,0,12,12,71,426.0,3.55,5.93205,1.41271389
frozen,1,1,1,0.001,0.1,512,3,5,4,256,6000,8.0,2633729,4,4,9977,4101,900015,0,12,12,72,432.0,3.6,6.0156,1.41531515
frozen,1,1,1,0.001,0.1,512,3,5,4,256,6000,8.0,2633729,4,4,9977,4101,900015,0,12,12,73,438.0,3.65,6.09915,1.4190135
frozen,1,1,1,0.001,0.1,512,3,5,4,256,6000,8.0,2633729,4,4,9977,4101,900015,0,12,12,74,444.0,3.7,6.1827,1.42264485
frozen,1,1,1,0.001,0.1,512,3,5,4,256,6000,8.0,2633729,4,4,9977,4101,900015,0,12,12,75,450.0,3.75,6.26625,1.42545092
frozen,1,1,1,0.001,0.1,512,3,5,4,256,6000,8.0,2633729,4,4,9977,4101,900015,0,12,12,76,456.0,3.8,6.3498,1.42834592
frozen,1,1,1,0.001,0.1,512,3,5,4,256,6000,8.0,2633729,4,4,9977,4101,900015,0,12,12,77,462.0,3.85,6.43335,1.43252063
frozen,1,1,1,0.001,0.1,512,3,5,4,256,6000,8.0,2633729,4,4,9977,4101,900015,0,12,12,78,468.0,3.9,6.5169,1.43748069
frozen,1,1,1,0.001,0.1,512,3,5,4,256,6000,8.0,2633729,4,4,9977,4101,900015,0,12,12,79,474.0,3.95,6.60045,1.44157541
frozen,1,1,1,0.001,0.1,512,3,5,4,256,6000,8.0,2633729,4,4,9977,4101,900015,0,12,12,80,480.0,4.0,6.684,1.44333386
frozen,1,1,1,0.001,0.1,512,3,5,4,256,6000,8.0,2633729,4,4,9977,4101,900015,0,12,12,81,486.0,4.05,6.76755,1.44193077
frozen,1,1,1,0.001,0.1,512,3,5,4,256,6000,8.0,2633729,4,4,9977,4101,900015,0,12,12,82,492.0,4.1,6.8511,1.43814445
frozen,1,1,1,0.001,0.1,512,3,5,4,256,6000,8.0,2633729,4,4,9977,4101,900015,0,12,12,83,498.0,4.15,6.93465,1.43464196
frozen,1,1,1,0.001,0.1,512,3,5,4,256,6000,8.0,2633729,4,4,9977,4101,900015,0,12,12,84,504.0,4.2,7.0182,1.43350816
frozen,1,1,1,0.001,0.1,512,3,5,4,256,6000,8.0,2633729,4,4,9977,4101,900015,0,12,12,85,510.0,4.25,7.10175,1.43399429
frozen,1,1,1,0.001,0.1,512,3,5,4,256,6000,8.0,2633729,4,4,9977,4101,900015,0,12,12,86,516.0,4.3,7.1853,1.43350232
frozen,1,1,1,0.001,0.1,512,3,5,4,256,6000,8.0,2633729,4,4,9977,4101,900015,0,12,12,87,522.0,4.35,7.26885,1.43093812
frozen,1,1,1,0.001,0.1,512,3,5,4,256,6000,8.0,2633729,4,4,9977,4101,900015,0,12,12,88,528.0,4.4,7.3524,1.42788649
frozen,1,1,1,0.001,0.1,512,3,5,4,256,6000,8.0,2633729,4,4,9977,4101,900015,0,12,12,89,534.0,4.45,7.43595,1.4259392
frozen,1,1,1,0.001,0.1,512,3,5,4,256,6000,8.0,2633729,4,4,9977,4101,900015,0,12,12,90,540.0,4.5,7.5195,1.42549002
frozen,1,1,1,0.001,0.1,512,3,5,4,256,6000,8.0,2633729,4,4,9977,4101,900015,0,12,12,91,546.0,4.55,7.60305,1.42706656
frozen,1,1,1,0.001,0.1,512,3,5,4,256,6000,8.0,2633729,4,4,9977,4101,900015,0,12,12,92,552.0,4.6,7.6866,1.43068051
frozen,1,1,1,0.001,0.1,512,3,5,4,256,6000,8.0,2633729,4,4,9977,4101,900015,0,12,12,93,558.0,4.65,7.77015,1.43401337
frozen,1,1,1,0.001,0.1,512,3,5,4,256,6000,8.0,2633729,4,4,9977,4101,900015,0,12,12,94,564.0,4.7,7.8537,1.43356538
frozen,1,1,1,0.001,0.1,512,3,5,4,256,6000,8.0,2633729,4,4,9977,4101,900015,0,12,12,95,570.0,4.75,7.93725,1.42813301
frozen,1,1,1,0.001,0.1,512,3,5,4,256,6000,8.0,2633729,4,4,9977,4101,900015,0,12,12,96,576.0,4.8,8.0208,1.42032433
frozen,1,1,1,0.001,0.1,512,3,5,4,256,6000,8.0,2633729,4,4,9977,4101,900015,0,12,12,97,582.0,4.85,8.10435,1.413715
frozen,1,1,1,0.001,0.1,512,3,5,4,256,6000,8.0,2633729,4,4,9977,4101,900015,0,12,12,98,588.0,4.9,8.1879,1.40952969
frozen,1,1,1,0.001,0.1,512,3,5,4,256,6000,8.0,2633729,4,4,9977,4101,900015,0,12,12,99,594.0,4.95,8.27145,1.40700865
frozen,1,1,1,0.001,0.1,512,3,5,4,256,6000,8.0,2633729,4,4,9977,4101,900015,0,12,12,100,600.0,5.0,8.355,1.40557289
frozen,1,1,1,0.001,0.1,512,3,5,4,256,6000,8.0,2633729,4,4,9977,4101,900015,0,12,12,101,606.0,5.05,8.43855,1.40502584
frozen,1,1,1,0.001,0.1,512,3,5,4,256,6000,8.0,2633729,4,4,9977,4101,900015,0,12,12,102,612.0,5.1,8.5221,1.40434587
frozen,1,1,1,0.001,0.1,512,3,5,4,256,6000,8.0,2633729,4,4,9977,4101,900015,0,12,12,103,618.0,5.15,8.60565,1.4025327
frozen,1,1,1,0.001,0.1,512,3,5,4,256,6000,8.0,2633729,4,4,9977,4101,900015,0,12,12,104,624.0,5.2,8.6892,1.40030539
frozen,1,1,1,0.001,0.1,512,3,5,4,256,6000,8.0,2633729,4,4,9977,4101,900015,0,12,12,105,630.0,5.25,8.77275,1.39928651
frozen,1,1,1,0.001,0.1,512,3,5,4,256,6000,8.0,2633729,4,4,9977,4101,900015,0,12,12,106,636.0,5.3,8.8563,1.40053976
frozen,1,1,1,0.001,0.1,512,3,5,4,256,6000,8.0,2633729,4,4,9977,4101,900015,0,12,12,107,642.0,5.35,8.93985,1.40350294
frozen,1,1,1,0.001,0.1,512,3,5,4,256,6000,8.0,2633729,4,4,9977,4101,900015,0,12,12,108,648.0,5.4,9.0234,1.40607083
frozen,1,1,1,0.001,0.1,512,3,5,4,256,6000,8.0,2633729,4,4,9977,4101,900015,0,12,12,109,654.0,5.45,9.10695,1.40676737
frozen,1,1,1,0.001,0.1,512,3,5,4,256,6000,8.0,2633729,4,4,9977,4101,900015,0,12,12,110,660.0,5.5,9.1905,1.40541255
frozen,1,1,1,0.001,0.1,512,3,5,4,256,6000,8.0,2633729,4,4,9977,4101,900015,0,12,12,111,666.0,5.55,9.27405,1.40247154
frozen,1,1,1,0.001,0.1,512,3,5,4,256,6000,8.0,2633729,4,4,9977,4101,900015,0,12,12,112,672.0,5.6,9.3576,1.39884448
frozen,1,1,1,0.001,0.1,512,3,5,4,256,6000,8.0,2633729,4,4,9977,4101,900015,0,12,12,113,678.0,5.65,9.44115,1.39621079
frozen,1,1,1,0.001,0.1,512,3,5,4,256,6000,8.0,2633729,4,4,9977,4101,900015,0,12,12,114,684.0,5.7,9.5247,1.39628828
frozen,1,1,1,0.001,0.1,512,3,5,4,256,6000,8.0,2633729,4,4,9977,4101,900015,0,12,12,115,690.0,5.75,9.60825,1.3989203
frozen,1,1,1,0.001,0.1,512,3,5,4,256,6000,8.0,2633729,4,4,9977,4101,900015,0,12,12,116,696.0,5.8,9.6918,1.40326571
frozen,1,1,1,0.001,0.1,512,3,5,4,256,6000,8.0,2633729,4,4,9977,4101,900015,0,12,12,117,702.0,5.85,9.77535,1.40998363
frozen,1,1,1,0.001,0.1,512,3,5,4,256,6000,8.0,2633729,4,4,9977,4101,900015,0,12,12,118,708.0,5.9,9.8589,1.41944814
frozen,1,1,1,0.001,0.1,512,3,5,4,256,6000,8.0,2633729,4,4,9977,4101,900015,0,12,12,119,714.0,5.95,9.94245,1.42907715
frozen,1,1,1,0.001,0.1,512,3,5,4,256,6000,8.0,2633729,4,4,9977,4101,900015,0,12,12,120,720.0,6.0,10.026,1.434973
frozen,1,1,1,0.001,0.1,512,3,5,4,256,6000,8.0,2633729,4,4,9977,4101,900015,0,54,54,1,6.0,0.05,0.08355,0.09479248
frozen,1,1,1,0.001,0.1,512,3,5,4,256,6000,8.0,2633729,4,4,9977,4101,900015,0,54,54,2,12.0,0.1,0.1671,0.14177518
frozen,1,1,1,0.001,0.1,512,3,5,4,256,6000,8.0,2633729,4,4,9977,4101,900015,0,54,54,3,18.0,0.15,0.25065,0.19382285
frozen,1,1,1,0.001,0.1,512,3,5,4,256,6000,8.0,2633729,4,4,9977,4101,900015,0,54,54,4,24.0,0.2,0.3342,0.24619152
frozen,1,1,1,0.001,0.1,512,3,5,4,256,6000,8.0,2633729,4,4,9977,4101,900015,0,54,54,5,30.0,0.25,0.41775,0.29716685
frozen,1,1,1,0.001,0.1,512,3,5,4,256,6000,8.0,2633729,4,4,9977,4101,900015,0,54,54,6,36.0,0.3,0.5013,0.34534383
frozen,1,1,1,0.001,0.1,512,3,5,4,256,6000,8.0,2633729,4,4,9977,4101,900015,0,54,54,7,42.0,0.35,0.58485,0.38958603
frozen,1,1,1,0.001,0.1,512,3,5,4,256,6000,8.0,2633729,4,4,9977,4101,900015,0,54,54,8,48.0,0.4,0.6684,0.42930073
frozen,1,1,1,0.001,0.1,512,3,5,4,256,6000,8.0,2633729,4,4,9977,4101,900015,0,54,54,9,54.0,0.45,0.75195,0.46509737
frozen,1,1,1,0.001,0.1,512,3,5,4,256,6000,8.0,2633729,4,4,9977,4101,900015,0,54,54,10,60.0,0.5,0.8355,0.49850884
frozen,1,1,1,0.001,0.1,512,3,5,4,256,6000,8.0,2633729,4,4,9977,4101,900015,0,54,54,11,66.0,0.55,0.91905,0.53006393
frozen,1,1,1,0.001,0.1,512,3,5,4,256,6000,8.0,2633729,4,4,9977,4101,900015,0,54,54,12,72.0,0.6,1.0026,0.55900872
frozen,1,1,1,0.001,0.1,512,3,5,4,256,6000,8.0,2633729,4,4,9977,4101,900015,0,54,54,13,78.0,0.65,1.08615,0.58478701
frozen,1,1,1,0.001,0.1,512,3,5,4,256,6000,8.0,2633729,4,4,9977,4101,900015,0,54,54,14,84.0,0.7,1.1697,0.60815179
frozen,1,1,1,0.001,0.1,512,3,5,4,256,6000,8.0,2633729,4,4,9977,4101,900015,0,54,54,15,90.0,0.75,1.25325,0.63070643
frozen,1,1,1,0.001,0.1,512,3,5,4,256,6000,8.0,2633729,4,4,9977,4101,900015,0,54,54,16,96.0,0.8,1.3368,0.65351063
frozen,1,1,1,0.001,0.1,512,3,5,4,256,6000,8.0,2633729,4,4,9977,4101,900015,0,54,54,17,102.0,0.85,1.42035,0.67666209
frozen,1,1,1,0.001,0.1,512,3,5,4,256,6000,8.0,2633729,4,4,9977,4101,900015,0,54,54,18,108.0,0.9,1.5039,0.69896358
frozen,1,1,1,0.001,0.1,512,3,5,4,256,6000,8.0,2633729,4,4,9977,4101,900015,0,54,54,19,114.0,0.95,1.58745,0.71817297
frozen,1,1,1,0.001,0.1,512,3,5,4,256,6000,8.0,2633729,4,4,9977,4101,900015,0,54,54,20,120.0,1.0,1.671,0.73303872
frozen,1,1,1,0.001,0.1,512,3,5,4,256,6000,8.0,2633729,4,4,9977,4101,900015,0,54,54,21,126.0,1.05,1.75455,0.74419105
frozen,1,1,1,0.001,0.1,512,3,5,4,256,6000,8.0,2633729,4,4,9977,4101,900015,0,54,54,22,132.0,1.1,1.8381,0.75304878
frozen,1,1,1,0.001,0.1,512,3,5,4,256,6000,8.0,2633729,4,4,9977,4101,900015,0,54,54,23,138.0,1.15,1.92165,0.76089662
frozen,1,1,1,0.001,0.1,512,3,5,4,256,6000,8.0,2633729,4,4,9977,4101,900015,0,54,54,24,144.0,1.2,2.0052,0.76855946
frozen,1,1,1,0.001,0.1,512,3,5,4,256,6000,8.0,2633729,4,4,9977,4101,900015,0,54,54,25,150.0,1.25,2.08875,0.77578312
frozen,1,1,1,0.001,0.1,512,3,5,4,256,6000,8.0,2633729,4,4,9977,4101,900015,0,54,54,26,156.0,1.3,2.1723,0.78199852
frozen,1,1,1,0.001,0.1,512,3,5,4,256,6000,8.0,2633729,4,4,9977,4101,900015,0,54,54,27,162.0,1.35,2.25585,0.78842998
frozen,1,1,1,0.001,0.1,512,3,5,4,256,6000,8.0,2633729,4,4,9977,4101,900015,0,54,54,28,168.0,1.4,2.3394,0.79698992
frozen,1,1,1,0.001,0.1,512,3,5,4,256,6000,8.0,2633729,4,4,9977,4101,900015,0,54,54,29,174.0,1.45,2.42295,0.80736458
frozen,1,1,1,0.001,0.1,512,3,5,4,256,6000,8.0,2633729,4,4,9977,4101,900015,0,54,54,30,180.0,1.5,2.5065,0.8170141
frozen,1,1,1,0.001,0.1,512,3,5,4,256,6000,8.0,2633729,4,4,9977,4101,900015,0,54,54,31,186.0,1.55,2.59005,0.82413101
frozen,1,1,1,0.001,0.1,512,3,5,4,256,6000,8.0,2633729,4,4,9977,4101,900015,0,54,54,32,192.0,1.6,2.6736,0.82985306
frozen,1,1,1,0.001,0.1,512,3,5,4,256,6000,8.0,2633729,4,4,9977,4101,900015,0,54,54,33,198.0,1.65,2.75715,0.83666253
frozen,1,1,1,0.001,0.1,512,3,5,4,256,6000,8.0,2633729,4,4,9977,4101,900015,0,54,54,34,204.0,1.7,2.8407,0.84555799
frozen,1,1,1,0.001,0.1,512,3,5,4,256,6000,8.0,2633729,4,4,9977,4101,900015,0,54,54,35,210.0,1.75,2.92425,0.85550183
frozen,1,1,1,0.001,0.1,512,3,5,4,256,6000,8.0,2633729,4,4,9977,4101,900015,0,54,54,36,216.0,1.8,3.0078,0.86500221
frozen,1,1,1,0.001,0.1,512,3,5,4,256,6000,8.0,2633729,4,4,9977,4101,900015,0,54,54,37,222.0,1.85,3.09135,0.87355763
frozen,1,1,1,0.001,0.1,512,3,5,4,256,6000,8.0,2633729,4,4,9977,4101,900015,0,54,54,38,228.0,1.9,3.1749,0.88081372
frozen,1,1,1,0.001,0.1,512,3,5,4,256,6000,8.0,2633729,4,4,9977,4101,900015,0,54,54,39,234.0,1.95,3.25845,0.886002
frozen,1,1,1,0.001,0.1,512,3,5,4,256,6000,8.0,2633729,4,4,9977,4101,900015,0,54,54,40,240.0,2.0,3.342,0.88914448
frozen,1,1,1,0.001,0.1,512,3,5,4,256,6000,8.0,2633729,4,4,9977,4101,900015,0,54,54,41,246.0,2.05,3.42555,0.8910532
frozen,1,1,1,0.001,0.1,512,3,5,4,256,6000,8.0,2633729,4,4,9977,4101,900015,0,54,54,42,252.0,2.1,3.5091,0.89182281
frozen,1,1,1,0.001,0.1,512,3,5,4,256,6000,8.0,2633729,4,4,9977,4101,900015,0,54,54,43,258.0,2.15,3.59265,0.89078248
frozen,1,1,1,0.001,0.1,512,3,5,4,256,6000,8.0,2633729,4,4,9977,4101,900015,0,54,54,44,264.0,2.2,3.6762,0.88823652
frozen,1,1,1,0.001,0.1,512,3,5,4,256,6000,8.0,2633729,4,4,9977,4101,900015,0,54,54,45,270.0,2.25,3.75975,0.88623184
frozen,1,1,1,0.001,0.1,512,3,5,4,256,6000,8.0,2633729,4,4,9977,4101,900015,0,54,54,46,276.0,2.3,3.8433,0.8873111
frozen,1,1,1,0.001,0.1,512,3,5,4,256,6000,8.0,2633729,4,4,9977,4101,900015,0,54,54,47,282.0,2.35,3.92685,0.89194006
frozen,1,1,1,0.001,0.1,512,3,5,4,256,6000,8.0,2633729,4,4,9977,4101,900015,0,54,54,48,288.0,2.4,4.0104,0.89782321
frozen,1,1,1,0.001,0.1,512,3,5,4,256,6000,8.0,2633729,4,4,9977,4101,900015,0,54,54,49,294.0,2.45,4.09395,0.90240622
frozen,1,1,1,0.001,0.1,512,3,5,4,256,6000,8.0,2633729,4,4,9977,4101,900015,0,54,54,50,300.0,2.5,4.1775,0.9049052
frozen,1,1,1,0.001,0.1,512,3,5,4,256,6000,8.0,2633729,4,4,9977,4101,900015,0,54,54,51,306.0,2.55,4.26105,0.90593147
frozen,1,1,1,0.001,0.1,512,3,5,4,256,6000,8.0,2633729,4,4,9977,4101,900015,0,54,54,52,312.0,2.6,4.3446,0.90654171
frozen,1,1,1,0.001,0.1,512,3,5,4,256,6000,8.0,2633729,4,4,9977,4101,900015,0,54,54,53,318.0,2.65,4.42815,0.9076544
frozen,1,1,1,0.001,0.1,512,3,5,4,256,6000,8.0,2633729,4,4,9977,4101,900015,0,54,54,54,324.0,2.7,4.5117,0.90937132
frozen,1,1,1,0.001,0.1,512,3,5,4,256,6000,8.0,2633729,4,4,9977,4101,900015,0,54,54,55,330.0,2.75,4.59525,0.91091961
frozen,1,1,1,0.001,0.1,512,3,5,4,256,6000,8.0,2633729,4,4,9977,4101,900015,0,54,54,56,336.0,2.8,4.6788,0.91204375
frozen,1,1,1,0.001,0.1,512,3,5,4,256,6000,8.0,2633729,4,4,9977,4101,900015,0,54,54,57,342.0,2.85,4.76235,0.91362399
frozen,1,1,1,0.001,0.1,512,3,5,4,256,6000,8.0,2633729,4,4,9977,4101,900015,0,54,54,58,348.0,2.9,4.8459,0.91677296
frozen,1,1,1,0.001,0.1,512,3,5,4,256,6000,8.0,2633729,4,4,9977,4101,900015,0,54,54,59,354.0,2.95,4.92945,0.92157155
frozen,1,1,1,0.001,0.1,512,3,5,4,256,6000,8.0,2633729,4,4,9977,4101,900015,0,54,54,60,360.0,3.0,5.013,0.9258619
frozen,1,1,1,0.001,0.1,512,3,5,4,256,6000,8.0,2633729,4,4,9977,4101,900015,0,54,54,61,366.0,3.05,5.09655,0.92674524
frozen,1,1,1,0.001,0.1,512,3,5,4,256,6000,8.0,2633729,4,4,9977,4101,900015,0,54,54,62,372.0,3.1,5.1801,0.92361885
frozen,1,1,1,0.001,0.1,512,3,5,4,256,6000,8.0,2633729,4,4,9977,4101,900015,0,54,54,63,378.0,3.15,5.26365,0.9185397
frozen,1,1,1,0.001,0.1,512,3,5,4,256,6000,8.0,2633729,4,4,9977,4101,900015,0,54,54,64,384.0,3.2,5.3472,0.91407514
frozen,1,1,1,0.001,0.1,512,3,5,4,256,6000,8.0,2633729,4,4,9977,4101,900015,0,54,54,65,390.0,3.25,5.43075,0.91141361
frozen,1,1,1,0.001,0.1,512,3,5,4,256,6000,8.0,2633729,4,4,9977,4101,900015,0,54,54,66,396.0,3.3,5.5143,0.91050649
frozen,1,1,1,0.001,0.1,512,3,5,4,256,6000,8.0,2633729,4,4,9977,4101,900015,0,54,54,67,402.0,3.35,5.59785,0.91072059
frozen,1,1,1,0.001,0.1,512,3,5,4,256,6000,8.0,2633729,4,4,9977,4101,900015,0,54,54,68,408.0,3.4,5.6814,0.91138726
frozen,1,1,1,0.001,0.1,512,3,5,4,256,6000,8.0,2633729,4,4,9977,4101,900015,0,54,54,69,414.0,3.45,5.76495,0.91257143
frozen,1,1,1,0.001,0.1,512,3,5,4,256,6000,8.0,2633729,4,4,9977,4101,900015,0,54,54,70,420.0,3.5,5.8485,0.91496199
frozen,1,1,1,0.001,0.1,512,3,5,4,256,6000,8.0,2633729,4,4,9977,4101,900015,0,54,54,71,426.0,3.55,5.93205,0.91846234
frozen,1,1,1,0.001,0.1,512,3,5,4,256,6000,8.0,2633729,4,4,9977,4101,900015,0,54,54,72,432.0,3.6,6.0156,0.92177153
frozen,1,1,1,0.001,0.1,512,3,5,4,256,6000,8.0,2633729,4,4,9977,4101,900015,0,54,54,73,438.0,3.65,6.09915,0.92370248
frozen,1,1,1,0.001,0.1,512,3,5,4,256,6000,8.0,2633729,4,4,9977,4101,900015,0,54,54,74,444.0,3.7,6.1827,0.92423993
frozen,1,1,1,0.001,0.1,512,3,5,4,256,6000,8.0,2633729,4,4,9977,4101,900015,0,54,54,75,450.0,3.75,6.26625,0.92441785
frozen,1,1,1,0.001,0.1,512,3,5,4,256,6000,8.0,2633729,4,4,9977,4101,900015,0,54,54,76,456.0,3.8,6.3498,0.92499352
frozen,1,1,1,0.001,0.1,512,3,5,4,256,6000,8.0,2633729,4,4,9977,4101,900015,0,54,54,77,462.0,3.85,6.43335,0.92580712
frozen,1,1,1,0.001,0.1,512,3,5,4,256,6000,8.0,2633729,4,4,9977,4101,900015,0,54,54,78,468.0,3.9,6.5169,0.92685044
frozen,1,1,1,0.001,0.1,512,3,5,4,256,6000,8.0,2633729,4,4,9977,4101,900015,0,54,54,79,474.0,3.95,6.60045,0.92840827
frozen,1,1,1,0.001,0.1,512,3,5,4,256,6000,8.0,2633729,4,4,9977,4101,900015,0,54,54,80,480.0,4.0,6.684,0.92959398
frozen,1,1,1,0.001,0.1,512,3,5,4,256,6000,8.0,2633729,4,4,9977,4101,900015,0,54,54,81,486.0,4.05,6.76755,0.92913985
frozen,1,1,1,0.001,0.1,512,3,5,4,256,6000,8.0,2633729,4,4,9977,4101,900015,0,54,54,82,492.0,4.1,6.8511,0.9272868
frozen,1,1,1,0.001,0.1,512,3,5,4,256,6000,8.0,2633729,4,4,9977,4101,900015,0,54,54,83,498.0,4.15,6.93465,0.92528099
frozen,1,1,1,0.001,0.1,512,3,5,4,256,6000,8.0,2633729,4,4,9977,4101,900015,0,54,54,84,504.0,4.2,7.0182,0.92405242
frozen,1,1,1,0.001,0.1,512,3,5,4,256,6000,8.0,2633729,4,4,9977,4101,900015,0,54,54,85,510.0,4.25,7.10175,0.92380774
frozen,1,1,1,0.001,0.1,512,3,5,4,256,6000,8.0,2633729,4,4,9977,4101,900015,0,54,54,86,516.0,4.3,7.1853,0.92403692
frozen,1,1,1,0.001,0.1,512,3,5,4,256,6000,8.0,2633729,4,4,9977,4101,900015,0,54,54,87,522.0,4.35,7.26885,0.92401588
frozen,1,1,1,0.001,0.1,512,3,5,4,256,6000,8.0,2633729,4,4,9977,4101,900015,0,54,54,88,528.0,4.4,7.3524,0.92365152
frozen,1,1,1,0.001,0.1,512,3,5,4,256,6000,8.0,2633729,4,4,9977,4101,900015,0,54,54,89,534.0,4.45,7.43595,0.92354888
frozen,1,1,1,0.001,0.1,512,3,5,4,256,6000,8.0,2633729,4,4,9977,4101,900015,0,54,54,90,540.0,4.5,7.5195,0.92382675
frozen,1,1,1,0.001,0.1,512,3,5,4,256,6000,8.0,2633729,4,4,9977,4101,900015,0,54,54,91,546.0,4.55,7.60305,0.92381924
frozen,1,1,1,0.001,0.1,512,3,5,4,256,6000,8.0,2633729,4,4,9977,4101,900015,0,54,54,92,552.0,4.6,7.6866,0.92360318
frozen,1,1,1,0.001,0.1,512,3,5,4,256,6000,8.0,2633729,4,4,9977,4101,900015,0,54,54,93,558.0,4.65,7.77015,0.92413366
frozen,1,1,1,0.001,0.1,512,3,5,4,256,6000,8.0,2633729,4,4,9977,4101,900015,0,54,54,94,564.0,4.7,7.8537,0.92601192
frozen,1,1,1,0.001,0.1,512,3,5,4,256,6000,8.0,2633729,4,4,9977,4101,900015,0,54,54,95,570.0,4.75,7.93725,0.92894965
frozen,1,1,1,0.001,0.1,512,3,5,4,256,6000,8.0,2633729,4,4,9977,4101,900015,0,54,54,96,576.0,4.8,8.0208,0.93163025
frozen,1,1,1,0.001,0.1,512,3,5,4,256,6000,8.0,2633729,4,4,9977,4101,900015,0,54,54,97,582.0,4.85,8.10435,0.93268394
frozen,1,1,1,0.001,0.1,512,3,5,4,256,6000,8.0,2633729,4,4,9977,4101,900015,0,54,54,98,588.0,4.9,8.1879,0.93160915
frozen,1,1,1,0.001,0.1,512,3,5,4,256,6000,8.0,2633729,4,4,9977,4101,900015,0,54,54,99,594.0,4.95,8.27145,0.92860234
frozen,1,1,1,0.001,0.1,512,3,5,4,256,6000,8.0,2633729,4,4,9977,4101,900015,0,54,54,100,600.0,5.0,8.355,0.92455506
frozen,1,1,1,0.001,0.1,512,3,5,4,256,6000,8.0,2633729,4,4,9977,4101,900015,0,54,54,101,606.0,5.05,8.43855,0.92121476
frozen,1,1,1,0.001,0.1,512,3,5,4,256,6000,8.0,2633729,4,4,9977,4101,900015,0,54,54,102,612.0,5.1,8.5221,0.92006904
frozen,1,1,1,0.001,0.1,512,3,5,4,256,6000,8.0,2633729,4,4,9977,4101,900015,0,54,54,103,618.0,5.15,8.60565,0.92103022
frozen,1,1,1,0.001,0.1,512,3,5,4,256,6000,8.0,2633729,4,4,9977,4101,900015,0,54,54,104,624.0,5.2,8.6892,0.92319041
frozen,1,1,1,0.001,0.1,512,3,5,4,256,6000,8.0,2633729,4,4,9977,4101,900015,0,54,54,105,630.0,5.25,8.77275,0.92607224
frozen,1,1,1,0.001,0.1,512,3,5,4,256,6000,8.0,2633729,4,4,9977,4101,900015,0,54,54,106,636.0,5.3,8.8563,0.92946553
frozen,1,1,1,0.001,0.1,512,3,5,4,256,6000,8.0,2633729,4,4,9977,4101,900015,0,54,54,107,642.0,5.35,8.93985,0.93246877
frozen,1,1,1,0.001,0.1,512,3,5,4,256,6000,8.0,2633729,4,4,9977,4101,900015,0,54,54,108,648.0,5.4,9.0234,0.93377042
frozen,1,1,1,0.001,0.1,512,3,5,4,256,6000,8.0,2633729,4,4,9977,4101,900015,0,54,54,109,654.0,5.45,9.10695,0.93286985
frozen,1,1,1,0.001,0.1,512,3,5,4,256,6000,8.0,2633729,4,4,9977,4101,900015,0,54,54,110,660.0,5.5,9.1905,0.92997849
frozen,1,1,1,0.001,0.1,512,3,5,4,256,6000,8.0,2633729,4,4,9977,4101,900015,0,54,54,111,666.0,5.55,9.27405,0.92573076
frozen,1,1,1,0.001,0.1,512,3,5,4,256,6000,8.0,2633729,4,4,9977,4101,900015,0,54,54,112,672.0,5.6,9.3576,0.92145234
frozen,1,1,1,0.001,0.1,512,3,5,4,256,6000,8.0,2633729,4,4,9977,4101,900015,0,54,54,113,678.0,5.65,9.44115,0.91849846
frozen,1,1,1,0.001,0.1,512,3,5,4,256,6000,8.0,2633729,4,4,9977,4101,900015,0,54,54,114,684.0,5.7,9.5247,0.91762966
frozen,1,1,1,0.001,0.1,512,3,5,4,256,6000,8.0,2633729,4,4,9977,4101,900015,0,54,54,115,690.0,5.75,9.60825,0.91819972
frozen,1,1,1,0.001,0.1,512,3,5,4,256,6000,8.0,2633729,4,4,9977,4101,900015,0,54,54,116,696.0,5.8,9.6918,0.91869897
frozen,1,1,1,0.001,0.1,512,3,5,4,256,6000,8.0,2633729,4,4,9977,4101,900015,0,54,54,117,702.0,5.85,9.77535,0.91900009
frozen,1,1,1,0.001,0.1,512,3,5,4,256,6000,8.0,2633729,4,4,9977,4101,900015,0,54,54,118,708.0,5.9,9.8589,0.92002249
frozen,1,1,1,0.001,0.1,512,3,5,4,256,6000,8.0,2633729,4,4,9977,4101,900015,0,54,54,119,714.0,5.95,9.94245,0.92199951
frozen,1,1,1,0.001,0.1,512,3,5,4,256,6000,8.0,2633729,4,4,9977,4101,900015,0,54,54,120,720.0,6.0,10.026,0.92416108
frozen,1,1,1,0.001,0.1,512,3,5,4,256,6000,8.0,2633729,4,4,9977,4101,900015,0,234,234,1,6.0,0.05,0.08355,0.04343432
frozen,1,1,1,0.001,0.1,512,3,5,4,256,6000,8.0,2633729,4,4,9977,4101,900015,0,234,234,2,12.0,0.1,0.1671,0.05062706
frozen,1,1,1,0.001,0.1,512,3,5,4,256,6000,8.0,2633729,4,4,9977,4101,900015,0,234,234,3,18.0,0.15,0.25065,0.05894411
frozen,1,1,1,0.001,0.1,512,3,5,4,256,6000,8.0,2633729,4,4,9977,4101,900015,0,234,234,4,24.0,0.2,0.3342,0.06834025
frozen,1,1,1,0.001,0.1,512,3,5,4,256,6000,8.0,2633729,4,4,9977,4101,900015,0,234,234,5,30.0,0.25,0.41775,0.07827978
frozen,1,1,1,0.001,0.1,512,3,5,4,256,6000,8.0,2633729,4,4,9977,4101,900015,0,234,234,6,36.0,0.3,0.5013,0.08961258
frozen,1,1,1,0.001,0.1,512,3,5,4,256,6000,8.0,2633729,4,4,9977,4101,900015,0,234,234,7,42.0,0.35,0.58485,0.1021868
frozen,1,1,1,0.001,0.1,512,3,5,4,256,6000,8.0,2633729,4,4,9977,4101,900015,0,234,234,8,48.0,0.4,0.6684,0.11661088
frozen,1,1,1,0.001,0.1,512,3,5,4,256,6000,8.0,2633729,4,4,9977,4101,900015,0,234,234,9,54.0,0.45,0.75195,0.13259757
frozen,1,1,1,0.001,0.1,512,3,5,4,256,6000,8.0,2633729,4,4,9977,4101,900015,0,234,234,10,60.0,0.5,0.8355,0.14908887
frozen,1,1,1,0.001,0.1,512,3,5,4,256,6000,8.0,2633729,4,4,9977,4101,900015,0,234,234,11,66.0,0.55,0.91905,0.16582757
frozen,1,1,1,0.001,0.1,512,3,5,4,256,6000,8.0,2633729,4,4,9977,4101,900015,0,234,234,12,72.0,0.6,1.0026,0.18380357
frozen,1,1,1,0.001,0.1,512,3,5,4,256,6000,8.0,2633729,4,4,9977,4101,900015,0,234,234,13,78.0,0.65,1.08615,0.20344046
frozen,1,1,1,0.001,0.1,512,3,5,4,256,6000,8.0,2633729,4,4,9977,4101,900015,0,234,234,14,84.0,0.7,1.1697,0.22414368
frozen,1,1,1,0.001,0.1,512,3,5,4,256,6000,8.0,2633729,4,4,9977,4101,900015,0,234,234,15,90.0,0.75,1.25325,0.2452658
frozen,1,1,1,0.001,0.1,512,3,5,4,256,6000,8.0,2633729,4,4,9977,4101,900015,0,234,234,16,96.0,0.8,1.3368,0.26642469
frozen,1,1,1,0.001,0.1,512,3,5,4,256,6000,8.0,2633729,4,4,9977,4101,900015,0,234,234,17,102.0,0.85,1.42035,0.28771767
frozen,1,1,1,0.001,0.1,512,3,5,4,256,6000,8.0,2633729,4,4,9977,4101,900015,0,234,234,18,108.0,0.9,1.5039,0.30955377
frozen,1,1,1,0.001,0.1,512,3,5,4,256,6000,8.0,2633729,4,4,9977,4101,900015,0,234,234,19,114.0,0.95,1.58745,0.33183655
frozen,1,1,1,0.001,0.1,512,3,5,4,256,6000,8.0,2633729,4,4,9977,4101,900015,0,234,234,20,120.0,1.0,1.671,0.35459253
frozen,1,1,1,0.001,0.1,512,3,5,4,256,6000,8.0,2633729,4,4,9977,4101,900015,0,234,234,21,126.0,1.05,1.75455,0.3785181
frozen,1,1,1,0.001,0.1,512,3,5,4,256,6000,8.0,2633729,4,4,9977,4101,900015,0,234,234,22,132.0,1.1,1.8381,0.40403315
frozen,1,1,1,0.001,0.1,512,3,5,4,256,6000,8.0,2633729,4,4,9977,4101,900015,0,234,234,23,138.0,1.15,1.92165,0.43032101
frozen,1,1,1,0.001,0.1,512,3,5,4,256,6000,8.0,2633729,4,4,9977,4101,900015,0,234,234,24,144.0,1.2,2.0052,0.45593143
frozen,1,1,1,0.001,0.1,512,3,5,4,256,6000,8.0,2633729,4,4,9977,4101,900015,0,234,234,25,150.0,1.25,2.08875,0.48038906
frozen,1,1,1,0.001,0.1,512,3,5,4,256,6000,8.0,2633729,4,4,9977,4101,900015,0,234,234,26,156.0,1.3,2.1723,0.50334042
frozen,1,1,1,0.001,0.1,512,3,5,4,256,6000,8.0,2633729,4,4,9977,4101,900015,0,234,234,27,162.0,1.35,2.25585,0.52392393
frozen,1,1,1,0.001,0.1,512,3,5,4,256,6000,8.0,2633729,4,4,9977,4101,900015,0,234,234,28,168.0,1.4,2.3394,0.54264277
frozen,1,1,1,0.001,0.1,512,3,5,4,256,6000,8.0,2633729,4,4,9977,4101,900015,0,234,234,29,174.0,1.45,2.42295,0.56217551
frozen,1,1,1,0.001,0.1,512,3,5,4,256,6000,8.0,2633729,4,4,9977,4101,900015,0,234,234,30,180.0,1.5,2.5065,0.58378416
frozen,1,1,1,0.001,0.1,512,3,5,4,256,6000,8.0,2633729,4,4,9977,4101,900015,0,234,234,31,186.0,1.55,2.59005,0.60509068
frozen,1,1,1,0.001,0.1,512,3,5,4,256,6000,8.0,2633729,4,4,9977,4101,900015,0,234,234,32,192.0,1.6,2.6736,0.62374365
frozen,1,1,1,0.001,0.1,512,3,5,4,256,6000,8.0,2633729,4,4,9977,4101,900015,0,234,234,33,198.0,1.65,2.75715,0.64022887
frozen,1,1,1,0.001,0.1,512,3,5,4,256,6000,8.0,2633729,4,4,9977,4101,900015,0,234,234,34,204.0,1.7,2.8407,0.65637261
frozen,1,1,1,0.001,0.1,512,3,5,4,256,6000,8.0,2633729,4,4,9977,4101,900015,0,234,234,35,210.0,1.75,2.92425,0.672934
frozen,1,1,1,0.001,0.1,512,3,5,4,256,6000,8.0,2633729,4,4,9977,4101,900015,0,234,234,36,216.0,1.8,3.0078,0.68924165
frozen,1,1,1,0.001,0.1,512,3,5,4,256,6000,8.0,2633729,4,4,9977,4101,900015,0,234,234,37,222.0,1.85,3.09135,0.70511395
frozen,1,1,1,0.001,0.1,512,3,5,4,256,6000,8.0,2633729,4,4,9977,4101,900015,0,234,234,38,228.0,1.9,3.1749,0.72162151
frozen,1,1,1,0.001,0.1,512,3,5,4,256,6000,8.0,2633729,4,4,9977,4101,900015,0,234,234,39,234.0,1.95,3.25845,0.73873699
frozen,1,1,1,0.001,0.1,512,3,5,4,256,6000,8.0,2633729,4,4,9977,4101,900015,0,234,234,40,240.0,2.0,3.342,0.75507385
frozen,1,1,1,0.001,0.1,512,3,5,4,256,6000,8.0,2633729,4,4,9977,4101,900015,0,234,234,41,246.0,2.05,3.42555,0.77033454
frozen,1,1,1,0.001,0.1,512,3,5,4,256,6000,8.0,2633729,4,4,9977,4101,900015,0,234,234,42,252.0,2.1,3.5091,0.78429478
frozen,1,1,1,0.001,0.1,512,3,5,4,256,6000,8.0,2633729,4,4,9977,4101,900015,0,234,234,43,258.0,2.15,3.59265,0.79507732
frozen,1,1,1,0.001,0.1,512,3,5,4,256,6000,8.0,2633729,4,4,9977,4101,900015,0,234,234,44,264.0,2.2,3.6762,0.80201393
frozen,1,1,1,0.001,0.1,512,3,5,4,256,6000,8.0,2633729,4,4,9977,4101,900015,0,234,234,45,270.0,2.25,3.75975,0.80687064
frozen,1,1,1,0.001,0.1,512,3,5,4,256,6000,8.0,2633729,4,4,9977,4101,900015,0,234,234,46,276.0,2.3,3.8433,0.81139725
frozen,1,1,1,0.001,0.1,512,3,5,4,256,6000,8.0,2633729,4,4,9977,4101,900015,0,234,234,47,282.0,2.35,3.92685,0.81683183
frozen,1,1,1,0.001,0.1,512,3,5,4,256,6000,8.0,2633729,4,4,9977,4101,900015,0,234,234,48,288.0,2.4,4.0104,0.82475644
frozen,1,1,1,0.001,0.1,512,3,5,4,256,6000,8.0,2633729,4,4,9977,4101,900015,0,234,234,49,294.0,2.45,4.09395,0.83615738
frozen,1,1,1,0.001,0.1,512,3,5,4,256,6000,8.0,2633729,4,4,9977,4101,900015,0,234,234,50,300.0,2.5,4.1775,0.84994137
frozen,1,1,1,0.001,0.1,512,3,5,4,256,6000,8.0,2633729,4,4,9977,4101,900015,0,234,234,51,306.0,2.55,4.26105,0.86337912
frozen,1,1,1,0.001,0.1,512,3,5,4,256,6000,8.0,2633729,4,4,9977,4101,900015,0,234,234,52,312.0,2.6,4.3446,0.8746261
frozen,1,1,1,0.001,0.1,512,3,5,4,256,6000,8.0,2633729,4,4,9977,4101,900015,0,234,234,53,318.0,2.65,4.42815,0.88383579
frozen,1,1,1,0.001,0.1,512,3,5,4,256,6000,8.0,2633729,4,4,9977,4101,900015,0,234,234,54,324.0,2.7,4.5117,0.89255214
frozen,1,1,1,0.001,0.1,512,3,5,4,256,6000,8.0,2633729,4,4,9977,4101,900015,0,234,234,55,330.0,2.75,4.59525,0.9011898
frozen,1,1,1,0.001,0.1,512,3,5,4,256,6000,8.0,2633729,4,4,9977,4101,900015,0,234,234,56,336.0,2.8,4.6788,0.9080286
frozen,1,1,1,0.001,0.1,512,3,5,4,256,6000,8.0,2633729,4,4,9977,4101,900015,0,234,234,57,342.0,2.85,4.76235,0.91308427
frozen,1,1,1,0.001,0.1,512,3,5,4,256,6000,8.0,2633729,4,4,9977,4101,900015,0,234,234,58,348.0,2.9,4.8459,0.91793543
frozen,1,1,1,0.001,0.1,512,3,5,4,256,6000,8.0,2633729,4,4,9977,4101,900015,0,234,234,59,354.0,2.95,4.92945,0.92290068
frozen,1,1,1,0.001,0.1,512,3,5,4,256,6000,8.0,2633729,4,4,9977,4101,900015,0,234,234,60,360.0,3.0,5.013,0.9276132
frozen,1,1,1,0.001,0.1,512,3,5,4,256,6000,8.0,2633729,4,4,9977,4101,900015,0,234,234,61,366.0,3.05,5.09655,0.93218815
frozen,1,1,1,0.001,0.1,512,3,5,4,256,6000,8.0,2633729,4,4,9977,4101,900015,0,234,234,62,372.0,3.1,5.1801,0.9365766
frozen,1,1,1,0.001,0.1,512,3,5,4,256,6000,8.0,2633729,4,4,9977,4101,900015,0,234,234,63,378.0,3.15,5.26365,0.94050074
frozen,1,1,1,0.001,0.1,512,3,5,4,256,6000,8.0,2633729,4,4,9977,4101,900015,0,234,234,64,384.0,3.2,5.3472,0.9433701
frozen,1,1,1,0.001,0.1,512,3,5,4,256,6000,8.0,2633729,4,4,9977,4101,900015,0,234,234,65,390.0,3.25,5.43075,0.94463462
frozen,1,1,1,0.001,0.1,512,3,5,4,256,6000,8.0,2633729,4,4,9977,4101,900015,0,234,234,66,396.0,3.3,5.5143,0.94511694
frozen,1,1,1,0.001,0.1,512,3,5,4,256,6000,8.0,2633729,4,4,9977,4101,900015,0,234,234,67,402.0,3.35,5.59785,0.94658971
frozen,1,1,1,0.001,0.1,512,3,5,4,256,6000,8.0,2633729,4,4,9977,4101,900015,0,234,234,68,408.0,3.4,5.6814,0.95059437
frozen,1,1,1,0.001,0.1,512,3,5,4,256,6000,8.0,2633729,4,4,9977,4101,900015,0,234,234,69,414.0,3.45,5.76495,0.95655394
frozen,1,1,1,0.001,0.1,512,3,5,4,256,6000,8.0,2633729,4,4,9977,4101,900015,0,234,234,70,420.0,3.5,5.8485,0.96150583
frozen,1,1,1,0.001,0.1,512,3,5,4,256,6000,8.0,2633729,4,4,9977,4101,900015,0,234,234,71,426.0,3.55,5.93205,0.96309221
frozen,1,1,1,0.001,0.1,512,3,5,4,256,6000,8.0,2633729,4,4,9977,4101,900015,0,234,234,72,432.0,3.6,6.0156,0.96191579
frozen,1,1,1,0.001,0.1,512,3,5,4,256,6000,8.0,2633729,4,4,9977,4101,900015,0,234,234,73,438.0,3.65,6.09915,0.96056747
frozen,1,1,1,0.001,0.1,512,3,5,4,256,6000,8.0,2633729,4,4,9977,4101,900015,0,234,234,74,444.0,3.7,6.1827,0.96072561
frozen,1,1,1,0.001,0.1,512,3,5,4,256,6000,8.0,2633729,4,4,9977,4101,900015,0,234,234,75,450.0,3.75,6.26625,0.9627403
frozen,1,1,1,0.001,0.1,512,3,5,4,256,6000,8.0,2633729,4,4,9977,4101,900015,0,234,234,76,456.0,3.8,6.3498,0.96664834
frozen,1,1,1,0.001,0.1,512,3,5,4,256,6000,8.0,2633729,4,4,9977,4101,900015,0,234,234,77,462.0,3.85,6.43335,0.97176623
frozen,1,1,1,0.001,0.1,512,3,5,4,256,6000,8.0,2633729,4,4,9977,4101,900015,0,234,234,78,468.0,3.9,6.5169,0.97642767
frozen,1,1,1,0.001,0.1,512,3,5,4,256,6000,8.0,2633729,4,4,9977,4101,900015,0,234,234,79,474.0,3.95,6.60045,0.97912937
frozen,1,1,1,0.001,0.1,512,3,5,4,256,6000,8.0,2633729,4,4,9977,4101,900015,0,234,234,80,480.0,4.0,6.684,0.97971803
frozen,1,1,1,0.001,0.1,512,3,5,4,256,6000,8.0,2633729,4,4,9977,4101,900015,0,234,234,81,486.0,4.05,6.76755,0.97904211
frozen,1,1,1,0.001,0.1,512,3,5,4,256,6000,8.0,2633729,4,4,9977,4101,900015,0,234,234,82,492.0,4.1,6.8511,0.97875041
frozen,1,1,1,0.001,0.1,512,3,5,4,256,6000,8.0,2633729,4,4,9977,4101,900015,0,234,234,83,498.0,4.15,6.93465,0.97982723
frozen,1,1,1,0.001,0.1,512,3,5,4,256,6000,8.0,2633729,4,4,9977,4101,900015,0,234,234,84,504.0,4.2,7.0182,0.9814257
frozen,1,1,1,0.001,0.1,512,3,5,4,256,6000,8.0,2633729,4,4,9977,4101,900015,0,234,234,85,510.0,4.25,7.10175,0.982544
frozen,1,1,1,0.001,0.1,512,3,5,4,256,6000,8.0,2633729,4,4,9977,4101,900015,0,234,234,86,516.0,4.3,7.1853,0.98297995
frozen,1,1,1,0.001,0.1,512,3,5,4,256,6000,8.0,2633729,4,4,9977,4101,900015,0,234,234,87,522.0,4.35,7.26885,0.98313046
frozen,1,1,1,0.001,0.1,512,3,5,4,256,6000,8.0,2633729,4,4,9977,4101,900015,0,234,234,88,528.0,4.4,7.3524,0.98346198
frozen,1,1,1,0.001,0.1,512,3,5,4,256,6000,8.0,2633729,4,4,9977,4101,900015,0,234,234,89,534.0,4.45,7.43595,0.98381287
frozen,1,1,1,0.001,0.1,512,3,5,4,256,6000,8.0,2633729,4,4,9977,4101,900015,0,234,234,90,540.0,4.5,7.5195,0.98428416
frozen,1,1,1,0.001,0.1,512,3,5,4,256,6000,8.0,2633729,4,4,9977,4101,900015,0,234,234,91,546.0,4.55,7.60305,0.9860664
frozen,1,1,1,0.001,0.1,512,3,5,4,256,6000,8.0,2633729,4,4,9977,4101,900015,0,234,234,92,552.0,4.6,7.6866,0.99058342
frozen,1,1,1,0.001,0.1,512,3,5,4,256,6000,8.0,2633729,4,4,9977,4101,900015,0,234,234,93,558.0,4.65,7.77015,0.99704963
frozen,1,1,1,0.001,0.1,512,3,5,4,256,6000,8.0,2633729,4,4,9977,4101,900015,0,234,234,94,564.0,4.7,7.8537,1.0023303
frozen,1,1,1,0.001,0.1,512,3,5,4,256,6000,8.0,2633729,4,4,9977,4101,900015,0,234,234,95,570.0,4.75,7.93725,1.00448477
frozen,1,1,1,0.001,0.1,512,3,5,4,256,6000,8.0,2633729,4,4,9977,4101,900015,0,234,234,96,576.0,4.8,8.0208,1.00431895
frozen,1,1,1,0.001,0.1,512,3,5,4,256,6000,8.0,2633729,4,4,9977,4101,900015,0,234,234,97,582.0,4.85,8.10435,1.00459874
frozen,1,1,1,0.001,0.1,512,3,5,4,256,6000,8.0,2633729,4,4,9977,4101,900015,0,234,234,98,588.0,4.9,8.1879,1.00836909
frozen,1,1,1,0.001,0.1,512,3,5,4,256,6000,8.0,2633729,4,4,9977,4101,900015,0,234,234,99,594.0,4.95,8.27145,1.01514661
frozen,1,1,1,0.001,0.1,512,3,5,4,256,6000,8.0,2633729,4,4,9977,4101,900015,0,234,234,100,600.0,5.0,8.355,1.02088153
frozen,1,1,1,0.001,0.1,512,3,5,4,256,6000,8.0,2633729,4,4,9977,4101,900015,0,234,234,101,606.0,5.05,8.43855,1.02219975
frozen,1,1,1,0.001,0.1,512,3,5,4,256,6000,8.0,2633729,4,4,9977,4101,900015,0,234,234,102,612.0,5.1,8.5221,1.01856029
frozen,1,1,1,0.001,0.1,512,3,5,4,256,6000,8.0,2633729,4,4,9977,4101,900015,0,234,234,103,618.0,5.15,8.60565,1.01212764
frozen,1,1,1,0.001,0.1,512,3,5,4,256,6000,8.0,2633729,4,4,9977,4101,900015,0,234,234,104,624.0,5.2,8.6892,1.00557065
frozen,1,1,1,0.001,0.1,512,3,5,4,256,6000,8.0,2633729,4,4,9977,4101,900015,0,234,234,105,630.0,5.25,8.77275,1.00048876
frozen,1,1,1,0.001,0.1,512,3,5,4,256,6000,8.0,2633729,4,4,9977,4101,900015,0,234,234,106,636.0,5.3,8.8563,0.99681044
frozen,1,1,1,0.001,0.1,512,3,5,4,256,6000,8.0,2633729,4,4,9977,4101,900015,0,234,234,107,642.0,5.35,8.93985,0.99435472
frozen,1,1,1,0.001,0.1,512,3,5,4,256,6000,8.0,2633729,4,4,9977,4101,900015,0,234,234,108,648.0,5.4,9.0234,0.99327999
frozen,1,1,1,0.001,0.1,512,3,5,4,256,6000,8.0,2633729,4,4,9977,4101,900015,0,234,234,109,654.0,5.45,9.10695,0.99328297
frozen,1,1,1,0.001,0.1,512,3,5,4,256,6000,8.0,2633729,4,4,9977,4101,900015,0,234,234,110,660.0,5.5,9.1905,0.9942739
frozen,1,1,1,0.001,0.1,512,3,5,4,256,6000,8.0,2633729,4,4,9977,4101,900015,0,234,234,111,666.0,5.55,9.27405,0.99589902
frozen,1,1,1,0.001,0.1,512,3,5,4,256,6000,8.0,2633729,4,4,9977,4101,900015,0,234,234,112,672.0,5.6,9.3576,0.99678838
frozen,1,1,1,0.001,0.1,512,3,5,4,256,6000,8.0,2633729,4,4,9977,4101,900015,0,234,234,113,678.0,5.65,9.44115,0.99631959
frozen,1,1,1,0.001,0.1,512,3,5,4,256,6000,8.0,2633729,4,4,9977,4101,900015,0,234,234,114,684.0,5.7,9.5247,0.99471414
frozen,1,1,1,0.001,0.1,512,3,5,4,256,6000,8.0,2633729,4,4,9977,4101,900015,0,234,234,115,690.0,5.75,9.60825,0.99256366
frozen,1,1,1,0.001,0.1,512,3,5,4,256,6000,8.0,2633729,4,4,9977,4101,900015,0,234,234,116,696.0,5.8,9.6918,0.99114865
frozen,1,1,1,0.001,0.1,512,3,5,4,256,6000,8.0,2633729,4,4,9977,4101,900015,0,234,234,117,702.0,5.85,9.77535,0.99172902
frozen,1,1,1,0.001,0.1,512,3,5,4,256,6000,8.0,2633729,4,4,9977,4101,900015,0,234,234,118,708.0,5.9,9.8589,0.99552143
frozen,1,1,1,0.001,0.1,512,3,5,4,256,6000,8.0,2633729,4,4,9977,4101,900015,0,234,234,119,714.0,5.95,9.94245,1.00122917
frozen,1,1,1,0.001,0.1,512,3,5,4,256,6000,8.0,2633729,4,4,9977,4101,900015,0,234,234,120,720.0,6.0,10.026,1.0053066
frozen,1,1,1,0.001,0.1,512,3,5,4,256,6000,8.0,2633729,4,4,9977,4101,900015,0,1023,1023,1,6.0,0.05,0.08355,0.04156705
frozen,1,1,1,0.001,0.1,512,3,5,4,256,6000,8.0,2633729,4,4,9977,4101,900015,0,1023,1023,2,12.0,0.1,0.1671,0.04925413
frozen,1,1,1,0.001,0.1,512,3,5,4,256,6000,8.0,2633729,4,4,9977,4101,900015,0,1023,1023,3,18.0,0.15,0.25065,0.05749726
frozen,1,1,1,0.001,0.1,512,3,5,4,256,6000,8.0,2633729,4,4,9977,4101,900015,0,1023,1023,4,24.0,0.2,0.3342,0.06584477
frozen,1,1,1,0.001,0.1,512,3,5,4,256,6000,8.0,2633729,4,4,9977,4101,900015,0,1023,1023,5,30.0,0.25,0.41775,0.0734629
frozen,1,1,1,0.001,0.1,512,3,5,4,256,6000,8.0,2633729,4,4,9977,4101,900015,0,1023,1023,6,36.0,0.3,0.5013,0.08263218
frozen,1,1,1,0.001,0.1,512,3,5,4,256,6000,8.0,2633729,4,4,9977,4101,900015,0,1023,1023,7,42.0,0.35,0.58485,0.09216614
frozen,1,1,1,0.001,0.1,512,3,5,4,256,6000,8.0,2633729,4,4,9977,4101,900015,0,1023,1023,8,48.0,0.4,0.6684,0.10234003
frozen,1,1,1,0.001,0.1,512,3,5,4,256,6000,8.0,2633729,4,4,9977,4101,900015,0,1023,1023,9,54.0,0.45,0.75195,0.11338487
frozen,1,1,1,0.001,0.1,512,3,5,4,256,6000,8.0,2633729,4,4,9977,4101,900015,0,1023,1023,10,60.0,0.5,0.8355,0.12520738
frozen,1,1,1,0.001,0.1,512,3,5,4,256,6000,8.0,2633729,4,4,9977,4101,900015,0,1023,1023,11,66.0,0.55,0.91905,0.13799299
frozen,1,1,1,0.001,0.1,512,3,5,4,256,6000,8.0,2633729,4,4,9977,4101,900015,0,1023,1023,12,72.0,0.6,1.0026,0.15265256
frozen,1,1,1,0.001,0.1,512,3,5,4,256,6000,8.0,2633729,4,4,9977,4101,900015,0,1023,1023,13,78.0,0.65,1.08615,0.16948202
frozen,1,1,1,0.001,0.1,512,3,5,4,256,6000,8.0,2633729,4,4,9977,4101,900015,0,1023,1023,14,84.0,0.7,1.1697,0.18797094
frozen,1,1,1,0.001,0.1,512,3,5,4,256,6000,8.0,2633729,4,4,9977,4101,900015,0,1023,1023,15,90.0,0.75,1.25325,0.2077059
frozen,1,1,1,0.001,0.1,512,3,5,4,256,6000,8.0,2633729,4,4,9977,4101,900015,0,1023,1023,16,96.0,0.8,1.3368,0.22858766
frozen,1,1,1,0.001,0.1,512,3,5,4,256,6000,8.0,2633729,4,4,9977,4101,900015,0,1023,1023,17,102.0,0.85,1.42035,0.25035447
frozen,1,1,1,0.001,0.1,512,3,5,4,256,6000,8.0,2633729,4,4,9977,4101,900015,0,1023,1023,18,108.0,0.9,1.5039,0.27336514
frozen,1,1,1,0.001,0.1,512,3,5,4,256,6000,8.0,2633729,4,4,9977,4101,900015,0,1023,1023,19,114.0,0.95,1.58745,0.29789966
frozen,1,1,1,0.001,0.1,512,3,5,4,256,6000,8.0,2633729,4,4,9977,4101,900015,0,1023,1023,20,120.0,1.0,1.671,0.32354304
frozen,1,1,1,0.001,0.1,512,3,5,4,256,6000,8.0,2633729,4,4,9977,4101,900015,0,1023,1023,21,126.0,1.05,1.75455,0.34871122
frozen,1,1,1,0.001,0.1,512,3,5,4,256,6000,8.0,2633729,4,4,9977,4101,900015,0,1023,1023,22,132.0,1.1,1.8381,0.37199086
frozen,1,1,1,0.001,0.1,512,3,5,4,256,6000,8.0,2633729,4,4,9977,4101,900015,0,1023,1023,23,138.0,1.15,1.92165,0.39324796
frozen,1,1,1,0.001,0.1,512,3,5,4,256,6000,8.0,2633729,4,4,9977,4101,900015,0,1023,1023,24,144.0,1.2,2.0052,0.41329837
frozen,1,1,1,0.001,0.1,512,3,5,4,256,6000,8.0,2633729,4,4,9977,4101,900015,0,1023,1023,25,150.0,1.25,2.08875,0.43318284
frozen,1,1,1,0.001,0.1,512,3,5,4,256,6000,8.0,2633729,4,4,9977,4101,900015,0,1023,1023,26,156.0,1.3,2.1723,0.4532578
frozen,1,1,1,0.001,0.1,512,3,5,4,256,6000,8.0,2633729,4,4,9977,4101,900015,0,1023,1023,27,162.0,1.35,2.25585,0.47321919
frozen,1,1,1,0.001,0.1,512,3,5,4,256,6000,8.0,2633729,4,4,9977,4101,900015,0,1023,1023,28,168.0,1.4,2.3394,0.49351332
frozen,1,1,1,0.001,0.1,512,3,5,4,256,6000,8.0,2633729,4,4,9977,4101,900015,0,1023,1023,29,174.0,1.45,2.42295,0.51491702
frozen,1,1,1,0.001,0.1,512,3,5,4,256,6000,8.0,2633729,4,4,9977,4101,900015,0,1023,1023,30,180.0,1.5,2.5065,0.53690261
frozen,1,1,1,0.001,0.1,512,3,5,4,256,6000,8.0,2633729,4,4,9977,4101,900015,0,1023,1023,31,186.0,1.55,2.59005,0.55814266
frozen,1,1,1,0.001,0.1,512,3,5,4,256,6000,8.0,2633729,4,4,9977,4101,900015,0,1023,1023,32,192.0,1.6,2.6736,0.57822055
frozen,1,1,1,0.001,0.1,512,3,5,4,256,6000,8.0,2633729,4,4,9977,4101,900015,0,1023,1023,33,198.0,1.65,2.75715,0.59830862
frozen,1,1,1,0.001,0.1,512,3,5,4,256,6000,8.0,2633729,4,4,9977,4101,900015,0,1023,1023,34,204.0,1.7,2.8407,0.62008154
frozen,1,1,1,0.001,0.1,512,3,5,4,256,6000,8.0,2633729,4,4,9977,4101,900015,0,1023,1023,35,210.0,1.75,2.92425,0.64321852
frozen,1,1,1,0.001,0.1,512,3,5,4,256,6000,8.0,2633729,4,4,9977,4101,900015,0,1023,1023,36,216.0,1.8,3.0078,0.66563463
frozen,1,1,1,0.001,0.1,512,3,5,4,256,6000,8.0,2633729,4,4,9977,4101,900015,0,1023,1023,37,222.0,1.85,3.09135,0.68563312
frozen,1,1,1,0.001,0.1,512,3,5,4,256,6000,8.0,2633729,4,4,9977,4101,900015,0,1023,1023,38,228.0,1.9,3.1749,0.7026912
frozen,1,1,1,0.001,0.1,512,3,5,4,256,6000,8.0,2633729,4,4,9977,4101,900015,0,1023,1023,39,234.0,1.95,3.25845,0.71601349
frozen,1,1,1,0.001,0.1,512,3,5,4,256,6000,8.0,2633729,4,4,9977,4101,900015,0,1023,1023,40,240.0,2.0,3.342,0.72534627
frozen,1,1,1,0.001,0.1,512,3,5,4,256,6000,8.0,2633729,4,4,9977,4101,900015,0,1023,1023,41,246.0,2.05,3.42555,0.73285812
frozen,1,1,1,0.001,0.1,512,3,5,4,256,6000,8.0,2633729,4,4,9977,4101,900015,0,1023,1023,42,252.0,2.1,3.5091,0.7412557
frozen,1,1,1,0.001,0.1,512,3,5,4,256,6000,8.0,2633729,4,4,9977,4101,900015,0,1023,1023,43,258.0,2.15,3.59265,0.75136387
frozen,1,1,1,0.001,0.1,512,3,5,4,256,6000,8.0,2633729,4,4,9977,4101,900015,0,1023,1023,44,264.0,2.2,3.6762,0.7622956
frozen,1,1,1,0.001,0.1,512,3,5,4,256,6000,8.0,2633729,4,4,9977,4101,900015,0,1023,1023,45,270.0,2.25,3.75975,0.77212775
frozen,1,1,1,0.001,0.1,512,3,5,4,256,6000,8.0,2633729,4,4,9977,4101,900015,0,1023,1023,46,276.0,2.3,3.8433,0.77927822
frozen,1,1,1,0.001,0.1,512,3,5,4,256,6000,8.0,2633729,4,4,9977,4101,900015,0,1023,1023,47,282.0,2.35,3.92685,0.78382581
frozen,1,1,1,0.001,0.1,512,3,5,4,256,6000,8.0,2633729,4,4,9977,4101,900015,0,1023,1023,48,288.0,2.4,4.0104,0.78739345
frozen,1,1,1,0.001,0.1,512,3,5,4,256,6000,8.0,2633729,4,4,9977,4101,900015,0,1023,1023,49,294.0,2.45,4.09395,0.79224283
frozen,1,1,1,0.001,0.1,512,3,5,4,256,6000,8.0,2633729,4,4,9977,4101,900015,0,1023,1023,50,300.0,2.5,4.1775,0.80027956
frozen,1,1,1,0.001,0.1,512,3,5,4,256,6000,8.0,2633729,4,4,9977,4101,900015,0,1023,1023,51,306.0,2.55,4.26105,0.81144172
frozen,1,1,1,0.001,0.1,512,3,5,4,256,6000,8.0,2633729,4,4,9977,4101,900015,0,1023,1023,52,312.0,2.6,4.3446,0.82301068
frozen,1,1,1,0.001,0.1,512,3,5,4,256,6000,8.0,2633729,4,4,9977,4101,900015,0,1023,1023,53,318.0,2.65,4.42815,0.83262372
frozen,1,1,1,0.001,0.1,512,3,5,4,256,6000,8.0,2633729,4,4,9977,4101,900015,0,1023,1023,54,324.0,2.7,4.5117,0.8410027
frozen,1,1,1,0.001,0.1,512,3,5,4,256,6000,8.0,2633729,4,4,9977,4101,900015,0,1023,1023,55,330.0,2.75,4.59525,0.84972382
frozen,1,1,1,0.001,0.1,512,3,5,4,256,6000,8.0,2633729,4,4,9977,4101,900015,0,1023,1023,56,336.0,2.8,4.6788,0.85786873
frozen,1,1,1,0.001,0.1,512,3,5,4,256,6000,8.0,2633729,4,4,9977,4101,900015,0,1023,1023,57,342.0,2.85,4.76235,0.8639788
frozen,1,1,1,0.001,0.1,512,3,5,4,256,6000,8.0,2633729,4,4,9977,4101,900015,0,1023,1023,58,348.0,2.9,4.8459,0.86949605
frozen,1,1,1,0.001,0.1,512,3,5,4,256,6000,8.0,2633729,4,4,9977,4101,900015,0,1023,1023,59,354.0,2.95,4.92945,0.87589246
frozen,1,1,1,0.001,0.1,512,3,5,4,256,6000,8.0,2633729,4,4,9977,4101,900015,0,1023,1023,60,360.0,3.0,5.013,0.88137138
frozen,1,1,1,0.001,0.1,512,3,5,4,256,6000,8.0,2633729,4,4,9977,4101,900015,0,1023,1023,61,366.0,3.05,5.09655,0.88345975
frozen,1,1,1,0.001,0.1,512,3,5,4,256,6000,8.0,2633729,4,4,9977,4101,900015,0,1023,1023,62,372.0,3.1,5.1801,0.88281929
frozen,1,1,1,0.001,0.1,512,3,5,4,256,6000,8.0,2633729,4,4,9977,4101,900015,0,1023,1023,63,378.0,3.15,5.26365,0.88244379
frozen,1,1,1,0.001,0.1,512,3,5,4,256,6000,8.0,2633729,4,4,9977,4101,900015,0,1023,1023,64,384.0,3.2,5.3472,0.88367712
frozen,1,1,1,0.001,0.1,512,3,5,4,256,6000,8.0,2633729,4,4,9977,4101,900015,0,1023,1023,65,390.0,3.25,5.43075,0.8855685
frozen,1,1,1,0.001,0.1,512,3,5,4,256,6000,8.0,2633729,4,4,9977,4101,900015,0,1023,1023,66,396.0,3.3,5.5143,0.88787973
frozen,1,1,1,0.001,0.1,512,3,5,4,256,6000,8.0,2633729,4,4,9977,4101,900015,0,1023,1023,67,402.0,3.35,5.59785,0.8912226
frozen,1,1,1,0.001,0.1,512,3,5,4,256,6000,8.0,2633729,4,4,9977,4101,900015,0,1023,1023,68,408.0,3.4,5.6814,0.89571106
frozen,1,1,1,0.001,0.1,512,3,5,4,256,6000,8.0,2633729,4,4,9977,4101,900015,0,1023,1023,69,414.0,3.45,5.76495,0.90061796
frozen,1,1,1,0.001,0.1,512,3,5,4,256,6000,8.0,2633729,4,4,9977,4101,900015,0,1023,1023,70,420.0,3.5,5.8485,0.90439284
frozen,1,1,1,0.001,0.1,512,3,5,4,256,6000,8.0,2633729,4,4,9977,4101,900015,0,1023,1023,71,426.0,3.55,5.93205,0.90600306
frozen,1,1,1,0.001,0.1,512,3,5,4,256,6000,8.0,2633729,4,4,9977,4101,900015,0,1023,1023,72,432.0,3.6,6.0156,0.90718615
frozen,1,1,1,0.001,0.1,512,3,5,4,256,6000,8.0,2633729,4,4,9977,4101,900015,0,1023,1023,73,438.0,3.65,6.09915,0.91081351
frozen,1,1,1,0.001,0.1,512,3,5,4,256,6000,8.0,2633729,4,4,9977,4101,900015,0,1023,1023,74,444.0,3.7,6.1827,0.91702986
frozen,1,1,1,0.001,0.1,512,3,5,4,256,6000,8.0,2633729,4,4,9977,4101,900015,0,1023,1023,75,450.0,3.75,6.26625,0.92364615
frozen,1,1,1,0.001,0.1,512,3,5,4,256,6000,8.0,2633729,4,4,9977,4101,900015,0,1023,1023,76,456.0,3.8,6.3498,0.92892838
frozen,1,1,1,0.001,0.1,512,3,5,4,256,6000,8.0,2633729,4,4,9977,4101,900015,0,1023,1023,77,462.0,3.85,6.43335,0.93295819
frozen,1,1,1,0.001,0.1,512,3,5,4,256,6000,8.0,2633729,4,4,9977,4101,900015,0,1023,1023,78,468.0,3.9,6.5169,0.93696636
frozen,1,1,1,0.001,0.1,512,3,5,4,256,6000,8.0,2633729,4,4,9977,4101,900015,0,1023,1023,79,474.0,3.95,6.60045,0.94088811
frozen,1,1,1,0.001,0.1,512,3,5,4,256,6000,8.0,2633729,4,4,9977,4101,900015,0,1023,1023,80,480.0,4.0,6.684,0.94340545
frozen,1,1,1,0.001,0.1,512,3,5,4,256,6000,8.0,2633729,4,4,9977,4101,900015,0,1023,1023,81,486.0,4.05,6.76755,0.94468606
frozen,1,1,1,0.001,0.1,512,3,5,4,256,6000,8.0,2633729,4,4,9977,4101,900015,0,1023,1023,82,492.0,4.1,6.8511,0.94638455
frozen,1,1,1,0.001,0.1,512,3,5,4,256,6000,8.0,2633729,4,4,9977,4101,900015,0,1023,1023,83,498.0,4.15,6.93465,0.94881189
frozen,1,1,1,0.001,0.1,512,3,5,4,256,6000,8.0,2633729,4,4,9977,4101,900015,0,1023,1023,84,504.0,4.2,7.0182,0.95124584
frozen,1,1,1,0.001,0.1,512,3,5,4,256,6000,8.0,2633729,4,4,9977,4101,900015,0,1023,1023,85,510.0,4.25,7.10175,0.9535647
frozen,1,1,1,0.001,0.1,512,3,5,4,256,6000,8.0,2633729,4,4,9977,4101,900015,0,1023,1023,86,516.0,4.3,7.1853,0.95555919
frozen,1,1,1,0.001,0.1,512,3,5,4,256,6000,8.0,2633729,4,4,9977,4101,900015,0,1023,1023,87,522.0,4.35,7.26885,0.95584238
frozen,1,1,1,0.001,0.1,512,3,5,4,256,6000,8.0,2633729,4,4,9977,4101,900015,0,1023,1023,88,528.0,4.4,7.3524,0.95335162
frozen,1,1,1,0.001,0.1,512,3,5,4,256,6000,8.0,2633729,4,4,9977,4101,900015,0,1023,1023,89,534.0,4.45,7.43595,0.94946784
frozen,1,1,1,0.001,0.1,512,3,5,4,256,6000,8.0,2633729,4,4,9977,4101,900015,0,1023,1023,90,540.0,4.5,7.5195,0.94673359
frozen,1,1,1,0.001,0.1,512,3,5,4,256,6000,8.0,2633729,4,4,9977,4101,900015,0,1023,1023,91,546.0,4.55,7.60305,0.94610894
frozen,1,1,1,0.001,0.1,512,3,5,4,256,6000,8.0,2633729,4,4,9977,4101,900015,0,1023,1023,92,552.0,4.6,7.6866,0.94648933
frozen,1,1,1,0.001,0.1,512,3,5,4,256,6000,8.0,2633729,4,4,9977,4101,900015,0,1023,1023,93,558.0,4.65,7.77015,0.94612557
frozen,1,1,1,0.001,0.1,512,3,5,4,256,6000,8.0,2633729,4,4,9977,4101,900015,0,1023,1023,94,564.0,4.7,7.8537,0.9451707
frozen,1,1,1,0.001,0.1,512,3,5,4,256,6000,8.0,2633729,4,4,9977,4101,900015,0,1023,1023,95,570.0,4.75,7.93725,0.94515187
frozen,1,1,1,0.001,0.1,512,3,5,4,256,6000,8.0,2633729,4,4,9977,4101,900015,0,1023,1023,96,576.0,4.8,8.0208,0.9466871
frozen,1,1,1,0.001,0.1,512,3,5,4,256,6000,8.0,2633729,4,4,9977,4101,900015,0,1023,1023,97,582.0,4.85,8.10435,0.94922775
frozen,1,1,1,0.001,0.1,512,3,5,4,256,6000,8.0,2633729,4,4,9977,4101,900015,0,1023,1023,98,588.0,4.9,8.1879,0.95194858
frozen,1,1,1,0.001,0.1,512,3,5,4,256,6000,8.0,2633729,4,4,9977,4101,900015,0,1023,1023,99,594.0,4.95,8.27145,0.95418739
frozen,1,1,1,0.001,0.1,512,3,5,4,256,6000,8.0,2633729,4,4,9977,4101,900015,0,1023,1023,100,600.0,5.0,8.355,0.95530409
frozen,1,1,1,0.001,0.1,512,3,5,4,256,6000,8.0,2633729,4,4,9977,4101,900015,0,1023,1023,101,606.0,5.05,8.43855,0.95488048
frozen,1,1,1,0.001,0.1,512,3,5,4,256,6000,8.0,2633729,4,4,9977,4101,900015,0,1023,1023,102,612.0,5.1,8.5221,0.95319581
frozen,1,1,1,0.001,0.1,512,3,5,4,256,6000,8.0,2633729,4,4,9977,4101,900015,0,1023,1023,103,618.0,5.15,8.60565,0.95158476
frozen,1,1,1,0.001,0.1,512,3,5,4,256,6000,8.0,2633729,4,4,9977,4101,900015,0,1023,1023,104,624.0,5.2,8.6892,0.95224786
frozen,1,1,1,0.001,0.1,512,3,5,4,256,6000,8.0,2633729,4,4,9977,4101,900015,0,1023,1023,105,630.0,5.25,8.77275,0.95521098
frozen,1,1,1,0.001,0.1,512,3,5,4,256,6000,8.0,2633729,4,4,9977,4101,900015,0,1023,1023,106,636.0,5.3,8.8563,0.95722234
frozen,1,1,1,0.001,0.1,512,3,5,4,256,6000,8.0,2633729,4,4,9977,4101,900015,0,1023,1023,107,642.0,5.35,8.93985,0.95611173
frozen,1,1,1,0.001,0.1,512,3,5,4,256,6000,8.0,2633729,4,4,9977,4101,900015,0,1023,1023,108,648.0,5.4,9.0234,0.9531877
frozen,1,1,1,0.001,0.1,512,3,5,4,256,6000,8.0,2633729,4,4,9977,4101,900015,0,1023,1023,109,654.0,5.45,9.10695,0.9502244
frozen,1,1,1,0.001,0.1,512,3,5,4,256,6000,8.0,2633729,4,4,9977,4101,900015,0,1023,1023,110,660.0,5.5,9.1905,0.94859278
frozen,1,1,1,0.001,0.1,512,3,5,4,256,6000,8.0,2633729,4,4,9977,4101,900015,0,1023,1023,111,666.0,5.55,9.27405,0.9494344
frozen,1,1,1,0.001,0.1,512,3,5,4,256,6000,8.0,2633729,4,4,9977,4101,900015,0,1023,1023,112,672.0,5.6,9.3576,0.95199287
frozen,1,1,1,0.001,0.1,512,3,5,4,256,6000,8.0,2633729,4,4,9977,4101,900015,0,1023,1023,113,678.0,5.65,9.44115,0.95431811
frozen,1,1,1,0.001,0.1,512,3,5,4,256,6000,8.0,2633729,4,4,9977,4101,900015,0,1023,1023,114,684.0,5.7,9.5247,0.95573574
frozen,1,1,1,0.001,0.1,512,3,5,4,256,6000,8.0,2633729,4,4,9977,4101,900015,0,1023,1023,115,690.0,5.75,9.60825,0.95670629
frozen,1,1,1,0.001,0.1,512,3,5,4,256,6000,8.0,2633729,4,4,9977,4101,900015,0,1023,1023,116,696.0,5.8,9.6918,0.95762074
frozen,1,1,1,0.001,0.1,512,3,5,4,256,6000,8.0,2633729,4,4,9977,4101,900015,0,1023,1023,117,702.0,5.85,9.77535,0.95895982
frozen,1,1,1,0.001,0.1,512,3,5,4,256,6000,8.0,2633729,4,4,9977,4101,900015,0,1023,1023,118,708.0,5.9,9.8589,0.96091431
frozen,1,1,1,0.001,0.1,512,3,5,4,256,6000,8.0,2633729,4,4,9977,4101,900015,0,1023,1023,119,714.0,5.95,9.94245,0.96299422
frozen,1,1,1,0.001,0.1,512,3,5,4,256,6000,8.0,2633729,4,4,9977,4101,900015,0,1023,1023,120,720.0,6.0,10.026,0.96492201
frozen,1,1,1,0.001,0.1,512,3,5,4,256,6000,8.0,2633729,4,4,9977,4101,900015,0,4468,4468,1,6.0,0.05,0.08355,0.09501367
frozen,1,1,1,0.001,0.1,512,3,5,4,256,6000,8.0,2633729,4,4,9977,4101,900015,0,4468,4468,2,12.0,0.1,0.1671,0.09102809
frozen,1,1,1,0.001,0.1,512,3,5,4,256,6000,8.0,2633729,4,4,9977,4101,900015,0,4468,4468,3,18.0,0.15,0.25065,0.10066127
frozen,1,1,1,0.001,0.1,512,3,5,4,256,6000,8.0,2633729,4,4,9977,4101,900015,0,4468,4468,4,24.0,0.2,0.3342,0.11423436
frozen,1,1,1,0.001,0.1,512,3,5,4,256,6000,8.0,2633729,4,4,9977,4101,900015,0,4468,4468,5,30.0,0.25,0.41775,0.13105209
frozen,1,1,1,0.001,0.1,512,3,5,4,256,6000,8.0,2633729,4,4,9977,4101,900015,0,4468,4468,6,36.0,0.3,0.5013,0.14579749
frozen,1,1,1,0.001,0.1,512,3,5,4,256,6000,8.0,2633729,4,4,9977,4101,900015,0,4468,4468,7,42.0,0.35,0.58485,0.16289316
frozen,1,1,1,0.001,0.1,512,3,5,4,256,6000,8.0,2633729,4,4,9977,4101,900015,0,4468,4468,8,48.0,0.4,0.6684,0.18628535
frozen,1,1,1,0.001,0.1,512,3,5,4,256,6000,8.0,2633729,4,4,9977,4101,900015,0,4468,4468,9,54.0,0.45,0.75195,0.20895496
frozen,1,1,1,0.001,0.1,512,3,5,4,256,6000,8.0,2633729,4,4,9977,4101,900015,0,4468,4468,10,60.0,0.5,0.8355,0.23625532
frozen,1,1,1,0.001,0.1,512,3,5,4,256,6000,8.0,2633729,4,4,9977,4101,900015,0,4468,4468,11,66.0,0.55,0.91905,0.26330179
frozen,1,1,1,0.001,0.1,512,3,5,4,256,6000,8.0,2633729,4,4,9977,4101,900015,0,4468,4468,12,72.0,0.6,1.0026,0.29017651
frozen,1,1,1,0.001,0.1,512,3,5,4,256,6000,8.0,2633729,4,4,9977,4101,900015,0,4468,4468,13,78.0,0.65,1.08615,0.31848955
frozen,1,1,1,0.001,0.1,512,3,5,4,256,6000,8.0,2633729,4,4,9977,4101,900015,0,4468,4468,14,84.0,0.7,1.1697,0.34712359
frozen,1,1,1,0.001,0.1,512,3,5,4,256,6000,8.0,2633729,4,4,9977,4101,900015,0,4468,4468,15,90.0,0.75,1.25325,0.37661749
frozen,1,1,1,0.001,0.1,512,3,5,4,256,6000,8.0,2633729,4,4,9977,4101,900015,0,4468,4468,16,96.0,0.8,1.3368,0.40520686
frozen,1,1,1,0.001,0.1,512,3,5,4,256,6000,8.0,2633729,4,4,9977,4101,900015,0,4468,4468,17,102.0,0.85,1.42035,0.43144006
frozen,1,1,1,0.001,0.1,512,3,5,4,256,6000,8.0,2633729,4,4,9977,4101,900015,0,4468,4468,18,108.0,0.9,1.5039,0.45570818
frozen,1,1,1,0.001,0.1,512,3,5,4,256,6000,8.0,2633729,4,4,9977,4101,900015,0,4468,4468,19,114.0,0.95,1.58745,0.4815422
frozen,1,1,1,0.001,0.1,512,3,5,4,256,6000,8.0,2633729,4,4,9977,4101,900015,0,4468,4468,20,120.0,1.0,1.671,0.50631654
frozen,1,1,1,0.001,0.1,512,3,5,4,256,6000,8.0,2633729,4,4,9977,4101,900015,0,4468,4468,21,126.0,1.05,1.75455,0.5314095
frozen,1,1,1,0.001,0.1,512,3,5,4,256,6000,8.0,2633729,4,4,9977,4101,900015,0,4468,4468,22,132.0,1.1,1.8381,0.5536409
frozen,1,1,1,0.001,0.1,512,3,5,4,256,6000,8.0,2633729,4,4,9977,4101,900015,0,4468,4468,23,138.0,1.15,1.92165,0.57640189
frozen,1,1,1,0.001,0.1,512,3,5,4,256,6000,8.0,2633729,4,4,9977,4101,900015,0,4468,4468,24,144.0,1.2,2.0052,0.59887218
frozen,1,1,1,0.001,0.1,512,3,5,4,256,6000,8.0,2633729,4,4,9977,4101,900015,0,4468,4468,25,150.0,1.25,2.08875,0.61995387
frozen,1,1,1,0.001,0.1,512,3,5,4,256,6000,8.0,2633729,4,4,9977,4101,900015,0,4468,4468,26,156.0,1.3,2.1723,0.64175802
frozen,1,1,1,0.001,0.1,512,3,5,4,256,6000,8.0,2633729,4,4,9977,4101,900015,0,4468,4468,27,162.0,1.35,2.25585,0.65917403
frozen,1,1,1,0.001,0.1,512,3,5,4,256,6000,8.0,2633729,4,4,9977,4101,900015,0,4468,4468,28,168.0,1.4,2.3394,0.67787981
frozen,1,1,1,0.001,0.1,512,3,5,4,256,6000,8.0,2633729,4,4,9977,4101,900015,0,4468,4468,29,174.0,1.45,2.42295,0.69636279
frozen,1,1,1,0.001,0.1,512,3,5,4,256,6000,8.0,2633729,4,4,9977,4101,900015,0,4468,4468,30,180.0,1.5,2.5065,0.71388066
frozen,1,1,1,0.001,0.1,512,3,5,4,256,6000,8.0,2633729,4,4,9977,4101,900015,0,4468,4468,31,186.0,1.55,2.59005,0.73032004
frozen,1,1,1,0.001,0.1,512,3,5,4,256,6000,8.0,2633729,4,4,9977,4101,900015,0,4468,4468,32,192.0,1.6,2.6736,0.74741024
frozen,1,1,1,0.001,0.1,512,3,5,4,256,6000,8.0,2633729,4,4,9977,4101,900015,0,4468,4468,33,198.0,1.65,2.75715,0.76106858
frozen,1,1,1,0.001,0.1,512,3,5,4,256,6000,8.0,2633729,4,4,9977,4101,900015,0,4468,4468,34,204.0,1.7,2.8407,0.77120489
frozen,1,1,1,0.001,0.1,512,3,5,4,256,6000,8.0,2633729,4,4,9977,4101,900015,0,4468,4468,35,210.0,1.75,2.92425,0.7811029
frozen,1,1,1,0.001,0.1,512,3,5,4,256,6000,8.0,2633729,4,4,9977,4101,900015,0,4468,4468,36,216.0,1.8,3.0078,0.79267627
frozen,1,1,1,0.001,0.1,512,3,5,4,256,6000,8.0,2633729,4,4,9977,4101,900015,0,4468,4468,37,222.0,1.85,3.09135,0.81006062
frozen,1,1,1,0.001,0.1,512,3,5,4,256,6000,8.0,2633729,4,4,9977,4101,900015,0,4468,4468,38,228.0,1.9,3.1749,0.82410711
frozen,1,1,1,0.001,0.1,512,3,5,4,256,6000,8.0,2633729,4,4,9977,4101,900015,0,4468,4468,39,234.0,1.95,3.25845,0.8307544
frozen,1,1,1,0.001,0.1,512,3,5,4,256,6000,8.0,2633729,4,4,9977,4101,900015,0,4468,4468,40,240.0,2.0,3.342,0.83517718
frozen,1,1,1,0.001,0.1,512,3,5,4,256,6000,8.0,2633729,4,4,9977,4101,900015,0,4468,4468,41,246.0,2.05,3.42555,0.83874387
frozen,1,1,1,0.001,0.1,512,3,5,4,256,6000,8.0,2633729,4,4,9977,4101,900015,0,4468,4468,42,252.0,2.1,3.5091,0.84022051
frozen,1,1,1,0.001,0.1,512,3,5,4,256,6000,8.0,2633729,4,4,9977,4101,900015,0,4468,4468,43,258.0,2.15,3.59265,0.84506595
frozen,1,1,1,0.001,0.1,512,3,5,4,256,6000,8.0,2633729,4,4,9977,4101,900015,0,4468,4468,44,264.0,2.2,3.6762,0.84886783
frozen,1,1,1,0.001,0.1,512,3,5,4,256,6000,8.0,2633729,4,4,9977,4101,900015,0,4468,4468,45,270.0,2.25,3.75975,0.85406429
frozen,1,1,1,0.001,0.1,512,3,5,4,256,6000,8.0,2633729,4,4,9977,4101,900015,0,4468,4468,46,276.0,2.3,3.8433,0.86110491
frozen,1,1,1,0.001,0.1,512,3,5,4,256,6000,8.0,2633729,4,4,9977,4101,900015,0,4468,4468,47,282.0,2.35,3.92685,0.86979675
frozen,1,1,1,0.001,0.1,512,3,5,4,256,6000,8.0,2633729,4,4,9977,4101,900015,0,4468,4468,48,288.0,2.4,4.0104,0.88170612
frozen,1,1,1,0.001,0.1,512,3,5,4,256,6000,8.0,2633729,4,4,9977,4101,900015,0,4468,4468,49,294.0,2.45,4.09395,0.89166796
frozen,1,1,1,0.001,0.1,512,3,5,4,256,6000,8.0,2633729,4,4,9977,4101,900015,0,4468,4468,50,300.0,2.5,4.1775,0.90205228
frozen,1,1,1,0.001,0.1,512,3,5,4,256,6000,8.0,2633729,4,4,9977,4101,900015,0,4468,4468,51,306.0,2.55,4.26105,0.91125411
frozen,1,1,1,0.001,0.1,512,3,5,4,256,6000,8.0,2633729,4,4,9977,4101,900015,0,4468,4468,52,312.0,2.6,4.3446,0.91973549
frozen,1,1,1,0.001,0.1,512,3,5,4,256,6000,8.0,2633729,4,4,9977,4101,900015,0,4468,4468,53,318.0,2.65,4.42815,0.9229272
frozen,1,1,1,0.001,0.1,512,3,5,4,256,6000,8.0,2633729,4,4,9977,4101,900015,0,4468,4468,54,324.0,2.7,4.5117,0.92627454
frozen,1,1,1,0.001,0.1,512,3,5,4,256,6000,8.0,2633729,4,4,9977,4101,900015,0,4468,4468,55,330.0,2.75,4.59525,0.92805171
frozen,1,1,1,0.001,0.1,512,3,5,4,256,6000,8.0,2633729,4,4,9977,4101,900015,0,4468,4468,56,336.0,2.8,4.6788,0.92723829
frozen,1,1,1,0.001,0.1,512,3,5,4,256,6000,8.0,2633729,4,4,9977,4101,900015,0,4468,4468,57,342.0,2.85,4.76235,0.92548633
frozen,1,1,1,0.001,0.1,512,3,5,4,256,6000,8.0,2633729,4,4,9977,4101,900015,0,4468,4468,58,348.0,2.9,4.8459,0.92951906
frozen,1,1,1,0.001,0.1,512,3,5,4,256,6000,8.0,2633729,4,4,9977,4101,900015,0,4468,4468,59,354.0,2.95,4.92945,0.93387681
frozen,1,1,1,0.001,0.1,512,3,5,4,256,6000,8.0,2633729,4,4,9977,4101,900015,0,4468,4468,60,360.0,3.0,5.013,0.93722564
frozen,1,1,1,0.001,0.1,512,3,5,4,256,6000,8.0,2633729,4,4,9977,4101,900015,0,4468,4468,61,366.0,3.05,5.09655,0.94237
frozen,1,1,1,0.001,0.1,512,3,5,4,256,6000,8.0,2633729,4,4,9977,4101,900015,0,4468,4468,62,372.0,3.1,5.1801,0.94484591
frozen,1,1,1,0.001,0.1,512,3,5,4,256,6000,8.0,2633729,4,4,9977,4101,900015,0,4468,4468,63,378.0,3.15,5.26365,0.94757384
frozen,1,1,1,0.001,0.1,512,3,5,4,256,6000,8.0,2633729,4,4,9977,4101,900015,0,4468,4468,64,384.0,3.2,5.3472,0.95345038
frozen,1,1,1,0.001,0.1,512,3,5,4,256,6000,8.0,2633729,4,4,9977,4101,900015,0,4468,4468,65,390.0,3.25,5.43075,0.95712417
frozen,1,1,1,0.001,0.1,512,3,5,4,256,6000,8.0,2633729,4,4,9977,4101,900015,0,4468,4468,66,396.0,3.3,5.5143,0.96318585
frozen,1,1,1,0.001,0.1,512,3,5,4,256,6000,8.0,2633729,4,4,9977,4101,900015,0,4468,4468,67,402.0,3.35,5.59785,0.96638179
frozen,1,1,1,0.001,0.1,512,3,5,4,256,6000,8.0,2633729,4,4,9977,4101,900015,0,4468,4468,68,408.0,3.4,5.6814,0.96837854
frozen,1,1,1,0.001,0.1,512,3,5,4,256,6000,8.0,2633729,4,4,9977,4101,900015,0,4468,4468,69,414.0,3.45,5.76495,0.96814781
frozen,1,1,1,0.001,0.1,512,3,5,4,256,6000,8.0,2633729,4,4,9977,4101,900015,0,4468,4468,70,420.0,3.5,5.8485,0.96528769
frozen,1,1,1,0.001,0.1,512,3,5,4,256,6000,8.0,2633729,4,4,9977,4101,900015,0,4468,4468,71,426.0,3.55,5.93205,0.96139491
frozen,1,1,1,0.001,0.1,512,3,5,4,256,6000,8.0,2633729,4,4,9977,4101,900015,0,4468,4468,72,432.0,3.6,6.0156,0.96006614
frozen,1,1,1,0.001,0.1,512,3,5,4,256,6000,8.0,2633729,4,4,9977,4101,900015,0,4468,4468,73,438.0,3.65,6.09915,0.95732373
frozen,1,1,1,0.001,0.1,512,3,5,4,256,6000,8.0,2633729,4,4,9977,4101,900015,0,4468,4468,74,444.0,3.7,6.1827,0.95868546
frozen,1,1,1,0.001,0.1,512,3,5,4,256,6000,8.0,2633729,4,4,9977,4101,900015,0,4468,4468,75,450.0,3.75,6.26625,0.96196067
frozen,1,1,1,0.001,0.1,512,3,5,4,256,6000,8.0,2633729,4,4,9977,4101,900015,0,4468,4468,76,456.0,3.8,6.3498,0.96225196
frozen,1,1,1,0.001,0.1,512,3,5,4,256,6000,8.0,2633729,4,4,9977,4101,900015,0,4468,4468,77,462.0,3.85,6.43335,0.96943086
frozen,1,1,1,0.001,0.1,512,3,5,4,256,6000,8.0,2633729,4,4,9977,4101,900015,0,4468,4468,78,468.0,3.9,6.5169,0.97535402
frozen,1,1,1,0.001,0.1,512,3,5,4,256,6000,8.0,2633729,4,4,9977,4101,900015,0,4468,4468,79,474.0,3.95,6.60045,0.98042363
frozen,1,1,1,0.001,0.1,512,3,5,4,256,6000,8.0,2633729,4,4,9977,4101,900015,0,4468,4468,80,480.0,4.0,6.684,0.98424631
frozen,1,1,1,0.001,0.1,512,3,5,4,256,6000,8.0,2633729,4,4,9977,4101,900015,0,4468,4468,81,486.0,4.05,6.76755,0.98683345
frozen,1,1,1,0.001,0.1,512,3,5,4,256,6000,8.0,2633729,4,4,9977,4101,900015,0,4468,4468,82,492.0,4.1,6.8511,0.98512864
frozen,1,1,1,0.001,0.1,512,3,5,4,256,6000,8.0,2633729,4,4,9977,4101,900015,0,4468,4468,83,498.0,4.15,6.93465,0.98042387
frozen,1,1,1,0.001,0.1,512,3,5,4,256,6000,8.0,2633729,4,4,9977,4101,900015,0,4468,4468,84,504.0,4.2,7.0182,0.9778766
frozen,1,1,1,0.001,0.1,512,3,5,4,256,6000,8.0,2633729,4,4,9977,4101,900015,0,4468,4468,85,510.0,4.25,7.10175,0.97496068
frozen,1,1,1,0.001,0.1,512,3,5,4,256,6000,8.0,2633729,4,4,9977,4101,900015,0,4468,4468,86,516.0,4.3,7.1853,0.9656294
frozen,1,1,1,0.001,0.1,512,3,5,4,256,6000,8.0,2633729,4,4,9977,4101,900015,0,4468,4468,87,522.0,4.35,7.26885,0.9576118
frozen,1,1,1,0.001,0.1,512,3,5,4,256,6000,8.0,2633729,4,4,9977,4101,900015,0,4468,4468,88,528.0,4.4,7.3524,0.95276356
frozen,1,1,1,0.001,0.1,512,3,5,4,256,6000,8.0,2633729,4,4,9977,4101,900015,0,4468,4468,89,534.0,4.45,7.43595,0.94939977
frozen,1,1,1,0.001,0.1,512,3,5,4,256,6000,8.0,2633729,4,4,9977,4101,900015,0,4468,4468,90,540.0,4.5,7.5195,0.94774038
frozen,1,1,1,0.001,0.1,512,3,5,4,256,6000,8.0,2633729,4,4,9977,4101,900015,0,4468,4468,91,546.0,4.55,7.60305,0.94894171
frozen,1,1,1,0.001,0.1,512,3,5,4,256,6000,8.0,2633729,4,4,9977,4101,900015,0,4468,4468,92,552.0,4.6,7.6866,0.95240045
frozen,1,1,1,0.001,0.1,512,3,5,4,256,6000,8.0,2633729,4,4,9977,4101,900015,0,4468,4468,93,558.0,4.65,7.77015,0.95549631
frozen,1,1,1,0.001,0.1,512,3,5,4,256,6000,8.0,2633729,4,4,9977,4101,900015,0,4468,4468,94,564.0,4.7,7.8537,0.95782238
frozen,1,1,1,0.001,0.1,512,3,5,4,256,6000,8.0,2633729,4,4,9977,4101,900015,0,4468,4468,95,570.0,4.75,7.93725,0.96153873
frozen,1,1,1,0.001,0.1,512,3,5,4,256,6000,8.0,2633729,4,4,9977,4101,900015,0,4468,4468,96,576.0,4.8,8.0208,0.96236485
frozen,1,1,1,0.001,0.1,512,3,5,4,256,6000,8.0,2633729,4,4,9977,4101,900015,0,4468,4468,97,582.0,4.85,8.10435,0.95883894
frozen,1,1,1,0.001,0.1,512,3,5,4,256,6000,8.0,2633729,4,4,9977,4101,900015,0,4468,4468,98,588.0,4.9,8.1879,0.95493346
frozen,1,1,1,0.001,0.1,512,3,5,4,256,6000,8.0,2633729,4,4,9977,4101,900015,0,4468,4468,99,594.0,4.95,8.27145,0.95172811
frozen,1,1,1,0.001,0.1,512,3,5,4,256,6000,8.0,2633729,4,4,9977,4101,900015,0,4468,4468,100,600.0,5.0,8.355,0.95018059
frozen,1,1,1,0.001,0.1,512,3,5,4,256,6000,8.0,2633729,4,4,9977,4101,900015,0,4468,4468,101,606.0,5.05,8.43855,0.9477604
frozen,1,1,1,0.001,0.1,512,3,5,4,256,6000,8.0,2633729,4,4,9977,4101,900015,0,4468,4468,102,612.0,5.1,8.5221,0.94893128
frozen,1,1,1,0.001,0.1,512,3,5,4,256,6000,8.0,2633729,4,4,9977,4101,900015,0,4468,4468,103,618.0,5.15,8.60565,0.95120335
frozen,1,1,1,0.001,0.1,512,3,5,4,256,6000,8.0,2633729,4,4,9977,4101,900015,0,4468,4468,104,624.0,5.2,8.6892,0.95483929
frozen,1,1,1,0.001,0.1,512,3,5,4,256,6000,8.0,2633729,4,4,9977,4101,900015,0,4468,4468,105,630.0,5.25,8.77275,0.96059924
frozen,1,1,1,0.001,0.1,512,3,5,4,256,6000,8.0,2633729,4,4,9977,4101,900015,0,4468,4468,106,636.0,5.3,8.8563,0.9622876
frozen,1,1,1,0.001,0.1,512,3,5,4,256,6000,8.0,2633729,4,4,9977,4101,900015,0,4468,4468,107,642.0,5.35,8.93985,0.96160066
frozen,1,1,1,0.001,0.1,512,3,5,4,256,6000,8.0,2633729,4,4,9977,4101,900015,0,4468,4468,108,648.0,5.4,9.0234,0.96240652
frozen,1,1,1,0.001,0.1,512,3,5,4,256,6000,8.0,2633729,4,4,9977,4101,900015,0,4468,4468,109,654.0,5.45,9.10695,0.96315211
frozen,1,1,1,0.001,0.1,512,3,5,4,256,6000,8.0,2633729,4,4,9977,4101,900015,0,4468,4468,110,660.0,5.5,9.1905,0.96582186
frozen,1,1,1,0.001,0.1,512,3,5,4,256,6000,8.0,2633729,4,4,9977,4101,900015,0,4468,4468,111,666.0,5.55,9.27405,0.96595132
frozen,1,1,1,0.001,0.1,512,3,5,4,256,6000,8.0,2633729,4,4,9977,4101,900015,0,4468,4468,112,672.0,5.6,9.3576,0.96651965
frozen,1,1,1,0.001,0.1,512,3,5,4,256,6000,8.0,2633729,4,4,9977,4101,900015,0,4468,4468,113,678.0,5.65,9.44115,0.9651202
frozen,1,1,1,0.001,0.1,512,3,5,4,256,6000,8.0,2633729,4,4,9977,4101,900015,0,4468,4468,114,684.0,5.7,9.5247,0.96698886
frozen,1,1,1,0.001,0.1,512,3,5,4,256,6000,8.0,2633729,4,4,9977,4101,900015,0,4468,4468,115,690.0,5.75,9.60825,0.97082353
frozen,1,1,1,0.001,0.1,512,3,5,4,256,6000,8.0,2633729,4,4,9977,4101,900015,0,4468,4468,116,696.0,5.8,9.6918,0.97547132
frozen,1,1,1,0.001,0.1,512,3,5,4,256,6000,8.0,2633729,4,4,9977,4101,900015,0,4468,4468,117,702.0,5.85,9.77535,0.98184592
frozen,1,1,1,0.001,0.1,512,3,5,4,256,6000,8.0,2633729,4,4,9977,4101,900015,0,4468,4468,118,708.0,5.9,9.8589,0.98591971
frozen,1,1,1,0.001,0.1,512,3,5,4,256,6000,8.0,2633729,4,4,9977,4101,900015,0,4468,4468,119,714.0,5.95,9.94245,0.98903078
frozen,1,1,1,0.001,0.1,512,3,5,4,256,6000,8.0,2633729,4,4,9977,4101,900015,0,4468,4468,120,720.0,6.0,10.026,0.9896633
frozen,1,1,1,0.001,0.1,512,3,5,4,256,6000,8.0,2633729,4,4,9977,4101,900015,0,6000,6000,1,6.0,0.05,0.08355,0.11774965
frozen,1,1,1,0.001,0.1,512,3,5,4,256,6000,8.0,2633729,4,4,9977,4101,900015,0,6000,6000,2,12.0,0.1,0.1671,0.1170961
frozen,1,1,1,0.001,0.1,512,3,5,4,256,6000,8.0,2633729,4,4,9977,4101,900015,0,6000,6000,3,18.0,0.15,0.25065,0.13149172
frozen,1,1,1,0.001,0.1,512,3,5,4,256,6000,8.0,2633729,4,4,9977,4101,900015,0,6000,6000,4,24.0,0.2,0.3342,0.1485059
frozen,1,1,1,0.001,0.1,512,3,5,4,256,6000,8.0,2633729,4,4,9977,4101,900015,0,6000,6000,5,30.0,0.25,0.41775,0.16989176
frozen,1,1,1,0.001,0.1,512,3,5,4,256,6000,8.0,2633729,4,4,9977,4101,900015,0,6000,6000,6,36.0,0.3,0.5013,0.18533458
frozen,1,1,1,0.001,0.1,512,3,5,4,256,6000,8.0,2633729,4,4,9977,4101,900015,0,6000,6000,7,42.0,0.35,0.58485,0.20722792
frozen,1,1,1,0.001,0.1,512,3,5,4,256,6000,8.0,2633729,4,4,9977,4101,900015,0,6000,6000,8,48.0,0.4,0.6684,0.23368503
frozen,1,1,1,0.001,0.1,512,3,5,4,256,6000,8.0,2633729,4,4,9977,4101,900015,0,6000,6000,9,54.0,0.45,0.75195,0.25484827
frozen,1,1,1,0.001,0.1,512,3,5,4,256,6000,8.0,2633729,4,4,9977,4101,900015,0,6000,6000,10,60.0,0.5,0.8355,0.28565288
frozen,1,1,1,0.001,0.1,512,3,5,4,256,6000,8.0,2633729,4,4,9977,4101,900015,0,6000,6000,11,66.0,0.55,0.91905,0.31417975
frozen,1,1,1,0.001,0.1,512,3,5,4,256,6000,8.0,2633729,4,4,9977,4101,900015,0,6000,6000,12,72.0,0.6,1.0026,0.34393093
frozen,1,1,1,0.001,0.1,512,3,5,4,256,6000,8.0,2633729,4,4,9977,4101,900015,0,6000,6000,13,78.0,0.65,1.08615,0.37535524
frozen,1,1,1,0.001,0.1,512,3,5,4,256,6000,8.0,2633729,4,4,9977,4101,900015,0,6000,6000,14,84.0,0.7,1.1697,0.41208002
frozen,1,1,1,0.001,0.1,512,3,5,4,256,6000,8.0,2633729,4,4,9977,4101,900015,0,6000,6000,15,90.0,0.75,1.25325,0.44088352
frozen,1,1,1,0.001,0.1,512,3,5,4,256,6000,8.0,2633729,4,4,9977,4101,900015,0,6000,6000,16,96.0,0.8,1.3368,0.47244665
frozen,1,1,1,0.001,0.1,512,3,5,4,256,6000,8.0,2633729,4,4,9977,4101,900015,0,6000,6000,17,102.0,0.85,1.42035,0.49969512
frozen,1,1,1,0.001,0.1,512,3,5,4,256,6000,8.0,2633729,4,4,9977,4101,900015,0,6000,6000,18,108.0,0.9,1.5039,0.5307337
frozen,1,1,1,0.001,0.1,512,3,5,4,256,6000,8.0,2633729,4,4,9977,4101,900015,0,6000,6000,19,114.0,0.95,1.58745,0.55696213
frozen,1,1,1,0.001,0.1,512,3,5,4,256,6000,8.0,2633729,4,4,9977,4101,900015,0,6000,6000,20,120.0,1.0,1.671,0.58275163
frozen,1,1,1,0.001,0.1,512,3,5,4,256,6000,8.0,2633729,4,4,9977,4101,900015,0,6000,6000,21,126.0,1.05,1.75455,0.60406309
frozen,1,1,1,0.001,0.1,512,3,5,4,256,6000,8.0,2633729,4,4,9977,4101,900015,0,6000,6000,22,132.0,1.1,1.8381,0.62541467
frozen,1,1,1,0.001,0.1,512,3,5,4,256,6000,8.0,2633729,4,4,9977,4101,900015,0,6000,6000,23,138.0,1.15,1.92165,0.64230764
frozen,1,1,1,0.001,0.1,512,3,5,4,256,6000,8.0,2633729,4,4,9977,4101,900015,0,6000,6000,24,144.0,1.2,2.0052,0.65873331
frozen,1,1,1,0.001,0.1,512,3,5,4,256,6000,8.0,2633729,4,4,9977,4101,900015,0,6000,6000,25,150.0,1.25,2.08875,0.6760217
frozen,1,1,1,0.001,0.1,512,3,5,4,256,6000,8.0,2633729,4,4,9977,4101,900015,0,6000,6000,26,156.0,1.3,2.1723,0.69917619
frozen,1,1,1,0.001,0.1,512,3,5,4,256,6000,8.0,2633729,4,4,9977,4101,900015,0,6000,6000,27,162.0,1.35,2.25585,0.71171296
frozen,1,1,1,0.001,0.1,512,3,5,4,256,6000,8.0,2633729,4,4,9977,4101,900015,0,6000,6000,28,168.0,1.4,2.3394,0.7295233
frozen,1,1,1,0.001,0.1,512,3,5,4,256,6000,8.0,2633729,4,4,9977,4101,900015,0,6000,6000,29,174.0,1.45,2.42295,0.74634171
frozen,1,1,1,0.001,0.1,512,3,5,4,256,6000,8.0,2633729,4,4,9977,4101,900015,0,6000,6000,30,180.0,1.5,2.5065,0.76159441
frozen,1,1,1,0.001,0.1,512,3,5,4,256,6000,8.0,2633729,4,4,9977,4101,900015,0,6000,6000,31,186.0,1.55,2.59005,0.77105719
frozen,1,1,1,0.001,0.1,512,3,5,4,256,6000,8.0,2633729,4,4,9977,4101,900015,0,6000,6000,32,192.0,1.6,2.6736,0.78705615
frozen,1,1,1,0.001,0.1,512,3,5,4,256,6000,8.0,2633729,4,4,9977,4101,900015,0,6000,6000,33,198.0,1.65,2.75715,0.79739511
frozen,1,1,1,0.001,0.1,512,3,5,4,256,6000,8.0,2633729,4,4,9977,4101,900015,0,6000,6000,34,204.0,1.7,2.8407,0.80971295
frozen,1,1,1,0.001,0.1,512,3,5,4,256,6000,8.0,2633729,4,4,9977,4101,900015,0,6000,6000,35,210.0,1.75,2.92425,0.82309479
frozen,1,1,1,0.001,0.1,512,3,5,4,256,6000,8.0,2633729,4,4,9977,4101,900015,0,6000,6000,36,216.0,1.8,3.0078,0.83469927
frozen,1,1,1,0.001,0.1,512,3,5,4,256,6000,8.0,2633729,4,4,9977,4101,900015,0,6000,6000,37,222.0,1.85,3.09135,0.84544426
frozen,1,1,1,0.001,0.1,512,3,5,4,256,6000,8.0,2633729,4,4,9977,4101,900015,0,6000,6000,38,228.0,1.9,3.1749,0.86252028
frozen,1,1,1,0.001,0.1,512,3,5,4,256,6000,8.0,2633729,4,4,9977,4101,900015,0,6000,6000,39,234.0,1.95,3.25845,0.86751187
frozen,1,1,1,0.001,0.1,512,3,5,4,256,6000,8.0,2633729,4,4,9977,4101,900015,0,6000,6000,40,240.0,2.0,3.342,0.88118821
frozen,1,1,1,0.001,0.1,512,3,5,4,256,6000,8.0,2633729,4,4,9977,4101,900015,0,6000,6000,41,246.0,2.05,3.42555,0.88305551
frozen,1,1,1,0.001,0.1,512,3,5,4,256,6000,8.0,2633729,4,4,9977,4101,900015,0,6000,6000,42,252.0,2.1,3.5091,0.8878842
frozen,1,1,1,0.001,0.1,512,3,5,4,256,6000,8.0,2633729,4,4,9977,4101,900015,0,6000,6000,43,258.0,2.15,3.59265,0.88914281
frozen,1,1,1,0.001,0.1,512,3,5,4,256,6000,8.0,2633729,4,4,9977,4101,900015,0,6000,6000,44,264.0,2.2,3.6762,0.89613652
frozen,1,1,1,0.001,0.1,512,3,5,4,256,6000,8.0,2633729,4,4,9977,4101,900015,0,6000,6000,45,270.0,2.25,3.75975,0.89561456
frozen,1,1,1,0.001,0.1,512,3,5,4,256,6000,8.0,2633729,4,4,9977,4101,900015,0,6000,6000,46,276.0,2.3,3.8433,0.89912975
frozen,1,1,1,0.001,0.1,512,3,5,4,256,6000,8.0,2633729,4,4,9977,4101,900015,0,6000,6000,47,282.0,2.35,3.92685,0.8976801
frozen,1,1,1,0.001,0.1,512,3,5,4,256,6000,8.0,2633729,4,4,9977,4101,900015,0,6000,6000,48,288.0,2.4,4.0104,0.90073401
frozen,1,1,1,0.001,0.1,512,3,5,4,256,6000,8.0,2633729,4,4,9977,4101,900015,0,6000,6000,49,294.0,2.45,4.09395,0.90435886
frozen,1,1,1,0.001,0.1,512,3,5,4,256,6000,8.0,2633729,4,4,9977,4101,900015,0,6000,6000,50,300.0,2.5,4.1775,0.91131192
frozen,1,1,1,0.001,0.1,512,3,5,4,256,6000,8.0,2633729,4,4,9977,4101,900015,0,6000,6000,51,306.0,2.55,4.26105,0.9238469
frozen,1,1,1,0.001,0.1,512,3,5,4,256,6000,8.0,2633729,4,4,9977,4101,900015,0,6000,6000,52,312.0,2.6,4.3446,0.93019122
frozen,1,1,1,0.001,0.1,512,3,5,4,256,6000,8.0,2633729,4,4,9977,4101,900015,0,6000,6000,53,318.0,2.65,4.42815,0.93900424
frozen,1,1,1,0.001,0.1,512,3,5,4,256,6000,8.0,2633729,4,4,9977,4101,900015,0,6000,6000,54,324.0,2.7,4.5117,0.94491839
frozen,1,1,1,0.001,0.1,512,3,5,4,256,6000,8.0,2633729,4,4,9977,4101,900015,0,6000,6000,55,330.0,2.75,4.59525,0.9477244
frozen,1,1,1,0.001,0.1,512,3,5,4,256,6000,8.0,2633729,4,4,9977,4101,900015,0,6000,6000,56,336.0,2.8,4.6788,0.95850557
frozen,1,1,1,0.001,0.1,512,3,5,4,256,6000,8.0,2633729,4,4,9977,4101,900015,0,6000,6000,57,342.0,2.85,4.76235,0.95782495
frozen,1,1,1,0.001,0.1,512,3,5,4,256,6000,8.0,2633729,4,4,9977,4101,900015,0,6000,6000,58,348.0,2.9,4.8459,0.95789802
frozen,1,1,1,0.001,0.1,512,3,5,4,256,6000,8.0,2633729,4,4,9977,4101,900015,0,6000,6000,59,354.0,2.95,4.92945,0.95577723
frozen,1,1,1,0.001,0.1,512,3,5,4,256,6000,8.0,2633729,4,4,9977,4101,900015,0,6000,6000,60,360.0,3.0,5.013,0.95790839
frozen,1,1,1,0.001,0.1,512,3,5,4,256,6000,8.0,2633729,4,4,9977,4101,900015,0,6000,6000,61,366.0,3.05,5.09655,0.95474637
frozen,1,1,1,0.001,0.1,512,3,5,4,256,6000,8.0,2633729,4,4,9977,4101,900015,0,6000,6000,62,372.0,3.1,5.1801,0.95458895
frozen,1,1,1,0.001,0.1,512,3,5,4,256,6000,8.0,2633729,4,4,9977,4101,900015,0,6000,6000,63,378.0,3.15,5.26365,0.95340341
frozen,1,1,1,0.001,0.1,512,3,5,4,256,6000,8.0,2633729,4,4,9977,4101,900015,0,6000,6000,64,384.0,3.2,5.3472,0.95199108
frozen,1,1,1,0.001,0.1,512,3,5,4,256,6000,8.0,2633729,4,4,9977,4101,900015,0,6000,6000,65,390.0,3.25,5.43075,0.9539547
frozen,1,1,1,0.001,0.1,512,3,5,4,256,6000,8.0,2633729,4,4,9977,4101,900015,0,6000,6000,66,396.0,3.3,5.5143,0.96105891
frozen,1,1,1,0.001,0.1,512,3,5,4,256,6000,8.0,2633729,4,4,9977,4101,900015,0,6000,6000,67,402.0,3.35,5.59785,0.96073377
frozen,1,1,1,0.001,0.1,512,3,5,4,256,6000,8.0,2633729,4,4,9977,4101,900015,0,6000,6000,68,408.0,3.4,5.6814,0.96123421
frozen,1,1,1,0.001,0.1,512,3,5,4,256,6000,8.0,2633729,4,4,9977,4101,900015,0,6000,6000,69,414.0,3.45,5.76495,0.96104944
frozen,1,1,1,0.001,0.1,512,3,5,4,256,6000,8.0,2633729,4,4,9977,4101,900015,0,6000,6000,70,420.0,3.5,5.8485,0.9606688
frozen,1,1,1,0.001,0.1,512,3,5,4,256,6000,8.0,2633729,4,4,9977,4101,900015,0,6000,6000,71,426.0,3.55,5.93205,0.96087623
frozen,1,1,1,0.001,0.1,512,3,5,4,256,6000,8.0,2633729,4,4,9977,4101,900015,0,6000,6000,72,432.0,3.6,6.0156,0.96354055
frozen,1,1,1,0.001,0.1,512,3,5,4,256,6000,8.0,2633729,4,4,9977,4101,900015,0,6000,6000,73,438.0,3.65,6.09915,0.97049904
frozen,1,1,1,0.001,0.1,512,3,5,4,256,6000,8.0,2633729,4,4,9977,4101,900015,0,6000,6000,74,444.0,3.7,6.1827,0.97905684
frozen,1,1,1,0.001,0.1,512,3,5,4,256,6000,8.0,2633729,4,4,9977,4101,900015,0,6000,6000,75,450.0,3.75,6.26625,0.98560762
frozen,1,1,1,0.001,0.1,512,3,5,4,256,6000,8.0,2633729,4,4,9977,4101,900015,0,6000,6000,76,456.0,3.8,6.3498,0.98933017
frozen,1,1,1,0.001,0.1,512,3,5,4,256,6000,8.0,2633729,4,4,9977,4101,900015,0,6000,6000,77,462.0,3.85,6.43335,0.99299574
frozen,1,1,1,0.001,0.1,512,3,5,4,256,6000,8.0,2633729,4,4,9977,4101,900015,0,6000,6000,78,468.0,3.9,6.5169,0.98766649
frozen,1,1,1,0.001,0.1,512,3,5,4,256,6000,8.0,2633729,4,4,9977,4101,900015,0,6000,6000,79,474.0,3.95,6.60045,0.98267132
frozen,1,1,1,0.001,0.1,512,3,5,4,256,6000,8.0,2633729,4,4,9977,4101,900015,0,6000,6000,80,480.0,4.0,6.684,0.98027343
frozen,1,1,1,0.001,0.1,512,3,5,4,256,6000,8.0,2633729,4,4,9977,4101,900015,0,6000,6000,81,486.0,4.05,6.76755,0.97646958
frozen,1,1,1,0.001,0.1,512,3,5,4,256,6000,8.0,2633729,4,4,9977,4101,900015,0,6000,6000,82,492.0,4.1,6.8511,0.97712237
frozen,1,1,1,0.001,0.1,512,3,5,4,256,6000,8.0,2633729,4,4,9977,4101,900015,0,6000,6000,83,498.0,4.15,6.93465,0.97427773
frozen,1,1,1,0.001,0.1,512,3,5,4,256,6000,8.0,2633729,4,4,9977,4101,900015,0,6000,6000,84,504.0,4.2,7.0182,0.97622836
frozen,1,1,1,0.001,0.1,512,3,5,4,256,6000,8.0,2633729,4,4,9977,4101,900015,0,6000,6000,85,510.0,4.25,7.10175,0.96956301
frozen,1,1,1,0.001,0.1,512,3,5,4,256,6000,8.0,2633729,4,4,9977,4101,900015,0,6000,6000,86,516.0,4.3,7.1853,0.9692077
frozen,1,1,1,0.001,0.1,512,3,5,4,256,6000,8.0,2633729,4,4,9977,4101,900015,0,6000,6000,87,522.0,4.35,7.26885,0.96763766
frozen,1,1,1,0.001,0.1,512,3,5,4,256,6000,8.0,2633729,4,4,9977,4101,900015,0,6000,6000,88,528.0,4.4,7.3524,0.96933109
frozen,1,1,1,0.001,0.1,512,3,5,4,256,6000,8.0,2633729,4,4,9977,4101,900015,0,6000,6000,89,534.0,4.45,7.43595,0.9616043
frozen,1,1,1,0.001,0.1,512,3,5,4,256,6000,8.0,2633729,4,4,9977,4101,900015,0,6000,6000,90,540.0,4.5,7.5195,0.96417952
frozen,1,1,1,0.001,0.1,512,3,5,4,256,6000,8.0,2633729,4,4,9977,4101,900015,0,6000,6000,91,546.0,4.55,7.60305,0.9647758
frozen,1,1,1,0.001,0.1,512,3,5,4,256,6000,8.0,2633729,4,4,9977,4101,900015,0,6000,6000,92,552.0,4.6,7.6866,0.96802276
frozen,1,1,1,0.001,0.1,512,3,5,4,256,6000,8.0,2633729,4,4,9977,4101,900015,0,6000,6000,93,558.0,4.65,7.77015,0.97582585
frozen,1,1,1,0.001,0.1,512,3,5,4,256,6000,8.0,2633729,4,4,9977,4101,900015,0,6000,6000,94,564.0,4.7,7.8537,0.98098403
frozen,1,1,1,0.001,0.1,512,3,5,4,256,6000,8.0,2633729,4,4,9977,4101,900015,0,6000,6000,95,570.0,4.75,7.93725,0.98523617
frozen,1,1,1,0.001,0.1,512,3,5,4,256,6000,8.0,2633729,4,4,9977,4101,900015,0,6000,6000,96,576.0,4.8,8.0208,0.98343706
frozen,1,1,1,0.001,0.1,512,3,5,4,256,6000,8.0,2633729,4,4,9977,4101,900015,0,6000,6000,97,582.0,4.85,8.10435,0.98368824
frozen,1,1,1,0.001,0.1,512,3,5,4,256,6000,8.0,2633729,4,4,9977,4101,900015,0,6000,6000,98,588.0,4.9,8.1879,0.98461056
frozen,1,1,1,0.001,0.1,512,3,5,4,256,6000,8.0,2633729,4,4,9977,4101,900015,0,6000,6000,99,594.0,4.95,8.27145,0.98198491
frozen,1,1,1,0.001,0.1,512,3,5,4,256,6000,8.0,2633729,4,4,9977,4101,900015,0,6000,6000,100,600.0,5.0,8.355,0.98095328
frozen,1,1,1,0.001,0.1,512,3,5,4,256,6000,8.0,2633729,4,4,9977,4101,900015,0,6000,6000,101,606.0,5.05,8.43855,0.97927541
frozen,1,1,1,0.001,0.1,512,3,5,4,256,6000,8.0,2633729,4,4,9977,4101,900015,0,6000,6000,102,612.0,5.1,8.5221,0.98311114
frozen,1,1,1,0.001,0.1,512,3,5,4,256,6000,8.0,2633729,4,4,9977,4101,900015,0,6000,6000,103,618.0,5.15,8.60565,0.97989988
frozen,1,1,1,0.001,0.1,512,3,5,4,256,6000,8.0,2633729,4,4,9977,4101,900015,0,6000,6000,104,624.0,5.2,8.6892,0.98608202
frozen,1,1,1,0.001,0.1,512,3,5,4,256,6000,8.0,2633729,4,4,9977,4101,900015,0,6000,6000,105,630.0,5.25,8.77275,0.98569411
frozen,1,1,1,0.001,0.1,512,3,5,4,256,6000,8.0,2633729,4,4,9977,4101,900015,0,6000,6000,106,636.0,5.3,8.8563,0.98991591
frozen,1,1,1,0.001,0.1,512,3,5,4,256,6000,8.0,2633729,4,4,9977,4101,900015,0,6000,6000,107,642.0,5.35,8.93985,0.98367262
frozen,1,1,1,0.001,0.1,512,3,5,4,256,6000,8.0,2633729,4,4,9977,4101,900015,0,6000,6000,108,648.0,5.4,9.0234,0.97897375
frozen,1,1,1,0.001,0.1,512,3,5,4,256,6000,8.0,2633729,4,4,9977,4101,900015,0,6000,6000,109,654.0,5.45,9.10695,0.97968221
frozen,1,1,1,0.001,0.1,512,3,5,4,256,6000,8.0,2633729,4,4,9977,4101,900015,0,6000,6000,110,660.0,5.5,9.1905,0.97640914
frozen,1,1,1,0.001,0.1,512,3,5,4,256,6000,8.0,2633729,4,4,9977,4101,900015,0,6000,6000,111,666.0,5.55,9.27405,0.97975528
frozen,1,1,1,0.001,0.1,512,3,5,4,256,6000,8.0,2633729,4,4,9977,4101,900015,0,6000,6000,112,672.0,5.6,9.3576,0.98300976
frozen,1,1,1,0.001,0.1,512,3,5,4,256,6000,8.0,2633729,4,4,9977,4101,900015,0,6000,6000,113,678.0,5.65,9.44115,0.9830668
frozen,1,1,1,0.001,0.1,512,3,5,4,256,6000,8.0,2633729,4,4,9977,4101,900015,0,6000,6000,114,684.0,5.7,9.5247,0.98709124
frozen,1,1,1,0.001,0.1,512,3,5,4,256,6000,8.0,2633729,4,4,9977,4101,900015,0,6000,6000,115,690.0,5.75,9.60825,0.98273546
frozen,1,1,1,0.001,0.1,512,3,5,4,256,6000,8.0,2633729,4,4,9977,4101,900015,0,6000,6000,116,696.0,5.8,9.6918,0.98734784
frozen,1,1,1,0.001,0.1,512,3,5,4,256,6000,8.0,2633729,4,4,9977,4101,900015,0,6000,6000,117,702.0,5.85,9.77535,0.98397195
frozen,1,1,1,0.001,0.1,512,3,5,4,256,6000,8.0,2633729,4,4,9977,4101,900015,0,6000,6000,118,708.0,5.9,9.8589,0.98455018
frozen,1,1,1,0.001,0.1,512,3,5,4,256,6000,8.0,2633729,4,4,9977,4101,900015,0,6000,6000,119,714.0,5.95,9.94245,0.98636311
frozen,1,1,1,0.001,0.1,512,3,5,4,256,6000,8.0,2633729,4,4,9977,4101,900015,0,6000,6000,120,720.0,6.0,10.026,0.99177629
frozen,1,1,1,0.001,0.1,512,3,5,4,256,6000,8.0,2633729,4,4,9977,4102,900016,1,0,6000,1,6.0,0.05,0.08355,0.07390676
frozen,1,1,1,0.001,0.1,512,3,5,4,256,6000,8.0,2633729,4,4,9977,4102,900016,1,0,6000,2,12.0,0.1,0.1671,0.09230648
frozen,1,1,1,0.001,0.1,512,3,5,4,256,6000,8.0,2633729,4,4,9977,4102,900016,1,0,6000,3,18.0,0.15,0.25065,0.11548582
frozen,1,1,1,0.001,0.1,512,3,5,4,256,6000,8.0,2633729,4,4,9977,4102,900016,1,0,6000,4,24.0,0.2,0.3342,0.14182425
frozen,1,1,1,0.001,0.1,512,3,5,4,256,6000,8.0,2633729,4,4,9977,4102,900016,1,0,6000,5,30.0,0.25,0.41775,0.16909873
frozen,1,1,1,0.001,0.1,512,3,5,4,256,6000,8.0,2633729,4,4,9977,4102,900016,1,0,6000,6,36.0,0.3,0.5013,0.19610256
frozen,1,1,1,0.001,0.1,512,3,5,4,256,6000,8.0,2633729,4,4,9977,4102,900016,1,0,6000,7,42.0,0.35,0.58485,0.22303179
frozen,1,1,1,0.001,0.1,512,3,5,4,256,6000,8.0,2633729,4,4,9977,4102,900016,1,0,6000,8,48.0,0.4,0.6684,0.25139272
frozen,1,1,1,0.001,0.1,512,3,5,4,256,6000,8.0,2633729,4,4,9977,4102,900016,1,0,6000,9,54.0,0.45,0.75195,0.28321883
frozen,1,1,1,0.001,0.1,512,3,5,4,256,6000,8.0,2633729,4,4,9977,4102,900016,1,0,6000,10,60.0,0.5,0.8355,0.31816185
frozen,1,1,1,0.001,0.1,512,3,5,4,256,6000,8.0,2633729,4,4,9977,4102,900016,1,0,6000,11,66.0,0.55,0.91905,0.35333496
frozen,1,1,1,0.001,0.1,512,3,5,4,256,6000,8.0,2633729,4,4,9977,4102,900016,1,0,6000,12,72.0,0.6,1.0026,0.38702503
frozen,1,1,1,0.001,0.1,512,3,5,4,256,6000,8.0,2633729,4,4,9977,4102,900016,1,0,6000,13,78.0,0.65,1.08615,0.41883364
frozen,1,1,1,0.001,0.1,512,3,5,4,256,6000,8.0,2633729,4,4,9977,4102,900016,1,0,6000,14,84.0,0.7,1.1697,0.44812095
frozen,1,1,1,0.001,0.1,512,3,5,4,256,6000,8.0,2633729,4,4,9977,4102,900016,1,0,6000,15,90.0,0.75,1.25325,0.4741497
frozen,1,1,1,0.001,0.1,512,3,5,4,256,6000,8.0,2633729,4,4,9977,4102,900016,1,0,6000,16,96.0,0.8,1.3368,0.49707174
frozen,1,1,1,0.001,0.1,512,3,5,4,256,6000,8.0,2633729,4,4,9977,4102,900016,1,0,6000,17,102.0,0.85,1.42035,0.51771694
frozen,1,1,1,0.001,0.1,512,3,5,4,256,6000,8.0,2633729,4,4,9977,4102,900016,1,0,6000,18,108.0,0.9,1.5039,0.53673989
frozen,1,1,1,0.001,0.1,512,3,5,4,256,6000,8.0,2633729,4,4,9977,4102,900016,1,0,6000,19,114.0,0.95,1.58745,0.55421734
frozen,1,1,1,0.001,0.1,512,3,5,4,256,6000,8.0,2633729,4,4,9977,4102,900016,1,0,6000,20,120.0,1.0,1.671,0.57026255
frozen,1,1,1,0.001,0.1,512,3,5,4,256,6000,8.0,2633729,4,4,9977,4102,900016,1,0,6000,21,126.0,1.05,1.75455,0.5862025
frozen,1,1,1,0.001,0.1,512,3,5,4,256,6000,8.0,2633729,4,4,9977,4102,900016,1,0,6000,22,132.0,1.1,1.8381,0.60324049
frozen,1,1,1,0.001,0.1,512,3,5,4,256,6000,8.0,2633729,4,4,9977,4102,900016,1,0,6000,23,138.0,1.15,1.92165,0.62110239
frozen,1,1,1,0.001,0.1,512,3,5,4,256,6000,8.0,2633729,4,4,9977,4102,900016,1,0,6000,24,144.0,1.2,2.0052,0.63796622
frozen,1,1,1,0.001,0.1,512,3,5,4,256,6000,8.0,2633729,4,4,9977,4102,900016,1,0,6000,25,150.0,1.25,2.08875,0.65121835
frozen,1,1,1,0.001,0.1,512,3,5,4,256,6000,8.0,2633729,4,4,9977,4102,900016,1,0,6000,26,156.0,1.3,2.1723,0.66069877
frozen,1,1,1,0.001,0.1,512,3,5,4,256,6000,8.0,2633729,4,4,9977,4102,900016,1,0,6000,27,162.0,1.35,2.25585,0.66944271
frozen,1,1,1,0.001,0.1,512,3,5,4,256,6000,8.0,2633729,4,4,9977,4102,900016,1,0,6000,28,168.0,1.4,2.3394,0.68024528
frozen,1,1,1,0.001,0.1,512,3,5,4,256,6000,8.0,2633729,4,4,9977,4102,900016,1,0,6000,29,174.0,1.45,2.42295,0.693838
frozen,1,1,1,0.001,0.1,512,3,5,4,256,6000,8.0,2633729,4,4,9977,4102,900016,1,0,6000,30,180.0,1.5,2.5065,0.70920604
frozen,1,1,1,0.001,0.1,512,3,5,4,256,6000,8.0,2633729,4,4,9977,4102,900016,1,0,6000,31,186.0,1.55,2.59005,0.72465104
frozen,1,1,1,0.001,0.1,512,3,5,4,256,6000,8.0,2633729,4,4,9977,4102,900016,1,0,6000,32,192.0,1.6,2.6736,0.74011719
frozen,1,1,1,0.001,0.1,512,3,5,4,256,6000,8.0,2633729,4,4,9977,4102,900016,1,0,6000,33,198.0,1.65,2.75715,0.75689316
frozen,1,1,1,0.001,0.1,512,3,5,4,256,6000,8.0,2633729,4,4,9977,4102,900016,1,0,6000,34,204.0,1.7,2.8407,0.77486539
frozen,1,1,1,0.001,0.1,512,3,5,4,256,6000,8.0,2633729,4,4,9977,4102,900016,1,0,6000,35,210.0,1.75,2.92425,0.79114681
frozen,1,1,1,0.001,0.1,512,3,5,4,256,6000,8.0,2633729,4,4,9977,4102,900016,1,0,6000,36,216.0,1.8,3.0078,0.80222011
frozen,1,1,1,0.001,0.1,512,3,5,4,256,6000,8.0,2633729,4,4,9977,4102,900016,1,0,6000,37,222.0,1.85,3.09135,0.8081308
frozen,1,1,1,0.001,0.1,512,3,5,4,256,6000,8.0,2633729,4,4,9977,4102,900016,1,0,6000,38,228.0,1.9,3.1749,0.81201017
frozen,1,1,1,0.001,0.1,512,3,5,4,256,6000,8.0,2633729,4,4,9977,4102,900016,1,0,6000,39,234.0,1.95,3.25845,0.8161121
frozen,1,1,1,0.001,0.1,512,3,5,4,256,6000,8.0,2633729,4,4,9977,4102,900016,1,0,6000,40,240.0,2.0,3.342,0.82062751
frozen,1,1,1,0.001,0.1,512,3,5,4,256,6000,8.0,2633729,4,4,9977,4102,900016,1,0,6000,41,246.0,2.05,3.42555,0.82550508
frozen,1,1,1,0.001,0.1,512,3,5,4,256,6000,8.0,2633729,4,4,9977,4102,900016,1,0,6000,42,252.0,2.1,3.5091,0.83138096
frozen,1,1,1,0.001,0.1,512,3,5,4,256,6000,8.0,2633729,4,4,9977,4102,900016,1,0,6000,43,258.0,2.15,3.59265,0.83818549
frozen,1,1,1,0.001,0.1,512,3,5,4,256,6000,8.0,2633729,4,4,9977,4102,900016,1,0,6000,44,264.0,2.2,3.6762,0.84392154
frozen,1,1,1,0.001,0.1,512,3,5,4,256,6000,8.0,2633729,4,4,9977,4102,900016,1,0,6000,45,270.0,2.25,3.75975,0.84676957
frozen,1,1,1,0.001,0.1,512,3,5,4,256,6000,8.0,2633729,4,4,9977,4102,900016,1,0,6000,46,276.0,2.3,3.8433,0.84801751
frozen,1,1,1,0.001,0.1,512,3,5,4,256,6000,8.0,2633729,4,4,9977,4102,900016,1,0,6000,47,282.0,2.35,3.92685,0.85051286
frozen,1,1,1,0.001,0.1,512,3,5,4,256,6000,8.0,2633729,4,4,9977,4102,900016,1,0,6000,48,288.0,2.4,4.0104,0.85540694
frozen,1,1,1,0.001,0.1,512,3,5,4,256,6000,8.0,2633729,4,4,9977,4102,900016,1,0,6000,49,294.0,2.45,4.09395,0.86172587
frozen,1,1,1,0.001,0.1,512,3,5,4,256,6000,8.0,2633729,4,4,9977,4102,900016,1,0,6000,50,300.0,2.5,4.1775,0.86795807
frozen,1,1,1,0.001,0.1,512,3,5,4,256,6000,8.0,2633729,4,4,9977,4102,900016,1,0,6000,51,306.0,2.55,4.26105,0.87343299
frozen,1,1,1,0.001,0.1,512,3,5,4,256,6000,8.0,2633729,4,4,9977,4102,900016,1,0,6000,52,312.0,2.6,4.3446,0.87771386
frozen,1,1,1,0.001,0.1,512,3,5,4,256,6000,8.0,2633729,4,4,9977,4102,900016,1,0,6000,53,318.0,2.65,4.42815,0.88062245
frozen,1,1,1,0.001,0.1,512,3,5,4,256,6000,8.0,2633729,4,4,9977,4102,900016,1,0,6000,54,324.0,2.7,4.5117,0.88283432
frozen,1,1,1,0.001,0.1,512,3,5,4,256,6000,8.0,2633729,4,4,9977,4102,900016,1,0,6000,55,330.0,2.75,4.59525,0.88488406
frozen,1,1,1,0.001,0.1,512,3,5,4,256,6000,8.0,2633729,4,4,9977,4102,900016,1,0,6000,56,336.0,2.8,4.6788,0.88681567
frozen,1,1,1,0.001,0.1,512,3,5,4,256,6000,8.0,2633729,4,4,9977,4102,900016,1,0,6000,57,342.0,2.85,4.76235,0.8886373
frozen,1,1,1,0.001,0.1,512,3,5,4,256,6000,8.0,2633729,4,4,9977,4102,900016,1,0,6000,58,348.0,2.9,4.8459,0.89071041
frozen,1,1,1,0.001,0.1,512,3,5,4,256,6000,8.0,2633729,4,4,9977,4102,900016,1,0,6000,59,354.0,2.95,4.92945,0.89371401
frozen,1,1,1,0.001,0.1,512,3,5,4,256,6000,8.0,2633729,4,4,9977,4102,900016,1,0,6000,60,360.0,3.0,5.013,0.89738077
frozen,1,1,1,0.001,0.1,512,3,5,4,256,6000,8.0,2633729,4,4,9977,4102,900016,1,0,6000,61,366.0,3.05,5.09655,0.9006713
frozen,1,1,1,0.001,0.1,512,3,5,4,256,6000,8.0,2633729,4,4,9977,4102,900016,1,0,6000,62,372.0,3.1,5.1801,0.90372181
frozen,1,1,1,0.001,0.1,512,3,5,4,256,6000,8.0,2633729,4,4,9977,4102,900016,1,0,6000,63,378.0,3.15,5.26365,0.90746564
frozen,1,1,1,0.001,0.1,512,3,5,4,256,6000,8.0,2633729,4,4,9977,4102,900016,1,0,6000,64,384.0,3.2,5.3472,0.91260594
frozen,1,1,1,0.001,0.1,512,3,5,4,256,6000,8.0,2633729,4,4,9977,4102,900016,1,0,6000,65,390.0,3.25,5.43075,0.91878986
frozen,1,1,1,0.001,0.1,512,3,5,4,256,6000,8.0,2633729,4,4,9977,4102,900016,1,0,6000,66,396.0,3.3,5.5143,0.92408836
frozen,1,1,1,0.001,0.1,512,3,5,4,256,6000,8.0,2633729,4,4,9977,4102,900016,1,0,6000,67,402.0,3.35,5.59785,0.92666477
frozen,1,1,1,0.001,0.1,512,3,5,4,256,6000,8.0,2633729,4,4,9977,4102,900016,1,0,6000,68,408.0,3.4,5.6814,0.92641413
frozen,1,1,1,0.001,0.1,512,3,5,4,256,6000,8.0,2633729,4,4,9977,4102,900016,1,0,6000,69,414.0,3.45,5.76495,0.92425311
frozen,1,1,1,0.001,0.1,512,3,5,4,256,6000,8.0,2633729,4,4,9977,4102,900016,1,0,6000,70,420.0,3.5,5.8485,0.92146951
frozen,1,1,1,0.001,0.1,512,3,5,4,256,6000,8.0,2633729,4,4,9977,4102,900016,1,0,6000,71,426.0,3.55,5.93205,0.92047578
frozen,1,1,1,0.001,0.1,512,3,5,4,256,6000,8.0,2633729,4,4,9977,4102,900016,1,0,6000,72,432.0,3.6,6.0156,0.92379212
frozen,1,1,1,0.001,0.1,512,3,5,4,256,6000,8.0,2633729,4,4,9977,4102,900016,1,0,6000,73,438.0,3.65,6.09915,0.9314996
frozen,1,1,1,0.001,0.1,512,3,5,4,256,6000,8.0,2633729,4,4,9977,4102,900016,1,0,6000,74,444.0,3.7,6.1827,0.94084126
frozen,1,1,1,0.001,0.1,512,3,5,4,256,6000,8.0,2633729,4,4,9977,4102,900016,1,0,6000,75,450.0,3.75,6.26625,0.94784886
frozen,1,1,1,0.001,0.1,512,3,5,4,256,6000,8.0,2633729,4,4,9977,4102,900016,1,0,6000,76,456.0,3.8,6.3498,0.95004916
frozen,1,1,1,0.001,0.1,512,3,5,4,256,6000,8.0,2633729,4,4,9977,4102,900016,1,0,6000,77,462.0,3.85,6.43335,0.9483791
frozen,1,1,1,0.001,0.1,512,3,5,4,256,6000,8.0,2633729,4,4,9977,4102,900016,1,0,6000,78,468.0,3.9,6.5169,0.94517159
frozen,1,1,1,0.001,0.1,512,3,5,4,256,6000,8.0,2633729,4,4,9977,4102,900016,1,0,6000,79,474.0,3.95,6.60045,0.94184059
frozen,1,1,1,0.001,0.1,512,3,5,4,256,6000,8.0,2633729,4,4,9977,4102,900016,1,0,6000,80,480.0,4.0,6.684,0.93939376
frozen,1,1,1,0.001,0.1,512,3,5,4,256,6000,8.0,2633729,4,4,9977,4102,900016,1,0,6000,81,486.0,4.05,6.76755,0.93917638
frozen,1,1,1,0.001,0.1,512,3,5,4,256,6000,8.0,2633729,4,4,9977,4102,900016,1,0,6000,82,492.0,4.1,6.8511,0.94181818
frozen,1,1,1,0.001,0.1,512,3,5,4,256,6000,8.0,2633729,4,4,9977,4102,900016,1,0,6000,83,498.0,4.15,6.93465,0.94651055
frozen,1,1,1,0.001,0.1,512,3,5,4,256,6000,8.0,2633729,4,4,9977,4102,900016,1,0,6000,84,504.0,4.2,7.0182,0.95239079
frozen,1,1,1,0.001,0.1,512,3,5,4,256,6000,8.0,2633729,4,4,9977,4102,900016,1,0,6000,85,510.0,4.25,7.10175,0.9590438
frozen,1,1,1,0.001,0.1,512,3,5,4,256,6000,8.0,2633729,4,4,9977,4102,900016,1,0,6000,86,516.0,4.3,7.1853,0.96571606
frozen,1,1,1,0.001,0.1,512,3,5,4,256,6000,8.0,2633729,4,4,9977,4102,900016,1,0,6000,87,522.0,4.35,7.26885,0.97125053
frozen,1,1,1,0.001,0.1,512,3,5,4,256,6000,8.0,2633729,4,4,9977,4102,900016,1,0,6000,88,528.0,4.4,7.3524,0.97449881
frozen,1,1,1,0.001,0.1,512,3,5,4,256,6000,8.0,2633729,4,4,9977,4102,900016,1,0,6000,89,534.0,4.45,7.43595,0.97521454
frozen,1,1,1,0.001,0.1,512,3,5,4,256,6000,8.0,2633729,4,4,9977,4102,900016,1,0,6000,90,540.0,4.5,7.5195,0.97443515
frozen,1,1,1,0.001,0.1,512,3,5,4,256,6000,8.0,2633729,4,4,9977,4102,900016,1,0,6000,91,546.0,4.55,7.60305,0.97281873
frozen,1,1,1,0.001,0.1,512,3,5,4,256,6000,8.0,2633729,4,4,9977,4102,900016,1,0,6000,92,552.0,4.6,7.6866,0.96956581
frozen,1,1,1,0.001,0.1,512,3,5,4,256,6000,8.0,2633729,4,4,9977,4102,900016,1,0,6000,93,558.0,4.65,7.77015,0.96497482
frozen,1,1,1,0.001,0.1,512,3,5,4,256,6000,8.0,2633729,4,4,9977,4102,900016,1,0,6000,94,564.0,4.7,7.8537,0.96121424
frozen,1,1,1,0.001,0.1,512,3,5,4,256,6000,8.0,2633729,4,4,9977,4102,900016,1,0,6000,95,570.0,4.75,7.93725,0.96015596
frozen,1,1,1,0.001,0.1,512,3,5,4,256,6000,8.0,2633729,4,4,9977,4102,900016,1,0,6000,96,576.0,4.8,8.0208,0.96208316
frozen,1,1,1,0.001,0.1,512,3,5,4,256,6000,8.0,2633729,4,4,9977,4102,900016,1,0,6000,97,582.0,4.85,8.10435,0.9659158
frozen,1,1,1,0.001,0.1,512,3,5,4,256,6000,8.0,2633729,4,4,9977,4102,900016,1,0,6000,98,588.0,4.9,8.1879,0.97064978
frozen,1,1,1,0.001,0.1,512,3,5,4,256,6000,8.0,2633729,4,4,9977,4102,900016,1,0,6000,99,594.0,4.95,8.27145,0.9749279
frozen,1,1,1,0.001,0.1,512,3,5,4,256,6000,8.0,2633729,4,4,9977,4102,900016,1,0,6000,100,600.0,5.0,8.355,0.9765985
frozen,1,1,1,0.001,0.1,512,3,5,4,256,6000,8.0,2633729,4,4,9977,4102,900016,1,0,6000,101,606.0,5.05,8.43855,0.97507048
frozen,1,1,1,0.001,0.1,512,3,5,4,256,6000,8.0,2633729,4,4,9977,4102,900016,1,0,6000,102,612.0,5.1,8.5221,0.97290629
frozen,1,1,1,0.001,0.1,512,3,5,4,256,6000,8.0,2633729,4,4,9977,4102,900016,1,0,6000,103,618.0,5.15,8.60565,0.97332233
frozen,1,1,1,0.001,0.1,512,3,5,4,256,6000,8.0,2633729,4,4,9977,4102,900016,1,0,6000,104,624.0,5.2,8.6892,0.97673565
frozen,1,1,1,0.001,0.1,512,3,5,4,256,6000,8.0,2633729,4,4,9977,4102,900016,1,0,6000,105,630.0,5.25,8.77275,0.98021686
frozen,1,1,1,0.001,0.1,512,3,5,4,256,6000,8.0,2633729,4,4,9977,4102,900016,1,0,6000,106,636.0,5.3,8.8563,0.98117644
frozen,1,1,1,0.001,0.1,512,3,5,4,256,6000,8.0,2633729,4,4,9977,4102,900016,1,0,6000,107,642.0,5.35,8.93985,0.97978455
frozen,1,1,1,0.001,0.1,512,3,5,4,256,6000,8.0,2633729,4,4,9977,4102,900016,1,0,6000,108,648.0,5.4,9.0234,0.97663355
frozen,1,1,1,0.001,0.1,512,3,5,4,256,6000,8.0,2633729,4,4,9977,4102,900016,1,0,6000,109,654.0,5.45,9.10695,0.97193319
frozen,1,1,1,0.001,0.1,512,3,5,4,256,6000,8.0,2633729,4,4,9977,4102,900016,1,0,6000,110,660.0,5.5,9.1905,0.96675181
frozen,1,1,1,0.001,0.1,512,3,5,4,256,6000,8.0,2633729,4,4,9977,4102,900016,1,0,6000,111,666.0,5.55,9.27405,0.96308583
frozen,1,1,1,0.001,0.1,512,3,5,4,256,6000,8.0,2633729,4,4,9977,4102,900016,1,0,6000,112,672.0,5.6,9.3576,0.96256465
frozen,1,1,1,0.001,0.1,512,3,5,4,256,6000,8.0,2633729,4,4,9977,4102,900016,1,0,6000,113,678.0,5.65,9.44115,0.96482199
frozen,1,1,1,0.001,0.1,512,3,5,4,256,6000,8.0,2633729,4,4,9977,4102,900016,1,0,6000,114,684.0,5.7,9.5247,0.96834052
frozen,1,1,1,0.001,0.1,512,3,5,4,256,6000,8.0,2633729,4,4,9977,4102,900016,1,0,6000,115,690.0,5.75,9.60825,0.97280252
frozen,1,1,1,0.001,0.1,512,3,5,4,256,6000,8.0,2633729,4,4,9977,4102,900016,1,0,6000,116,696.0,5.8,9.6918,0.97833091
frozen,1,1,1,0.001,0.1,512,3,5,4,256,6000,8.0,2633729,4,4,9977,4102,900016,1,0,6000,117,702.0,5.85,9.77535,0.98349541
frozen,1,1,1,0.001,0.1,512,3,5,4,256,6000,8.0,2633729,4,4,9977,4102,900016,1,0,6000,118,708.0,5.9,9.8589,0.98639971
frozen,1,1,1,0.001,0.1,512,3,5,4,256,6000,8.0,2633729,4,4,9977,4102,900016,1,0,6000,119,714.0,5.95,9.94245,0.98710233
frozen,1,1,1,0.001,0.1,512,3,5,4,256,6000,8.0,2633729,4,4,9977,4102,900016,1,0,6000,120,720.0,6.0,10.026,0.98775685
frozen,1,1,1,0.001,0.1,512,3,5,4,256,6000,8.0,2633729,4,4,9977,4103,900017,2,0,6000,1,6.0,0.05,0.08355,0.07390676
frozen,1,1,1,0.001,0.1,512,3,5,4,256,6000,8.0,2633729,4,4,9977,4103,900017,2,0,6000,2,12.0,0.1,0.1671,0.09230648
frozen,1,1,1,0.001,0.1,512,3,5,4,256,6000,8.0,2633729,4,4,9977,4103,900017,2,0,6000,3,18.0,0.15,0.25065,0.11548582
frozen,1,1,1,0.001,0.1,512,3,5,4,256,6000,8.0,2633729,4,4,9977,4103,900017,2,0,6000,4,24.0,0.2,0.3342,0.14182425
frozen,1,1,1,0.001,0.1,512,3,5,4,256,6000,8.0,2633729,4,4,9977,4103,900017,2,0,6000,5,30.0,0.25,0.41775,0.16909873
frozen,1,1,1,0.001,0.1,512,3,5,4,256,6000,8.0,2633729,4,4,9977,4103,900017,2,0,6000,6,36.0,0.3,0.5013,0.19610256
frozen,1,1,1,0.001,0.1,512,3,5,4,256,6000,8.0,2633729,4,4,9977,4103,900017,2,0,6000,7,42.0,0.35,0.58485,0.22303179
frozen,1,1,1,0.001,0.1,512,3,5,4,256,6000,8.0,2633729,4,4,9977,4103,900017,2,0,6000,8,48.0,0.4,0.6684,0.25139272
frozen,1,1,1,0.001,0.1,512,3,5,4,256,6000,8.0,2633729,4,4,9977,4103,900017,2,0,6000,9,54.0,0.45,0.75195,0.28321883
frozen,1,1,1,0.001,0.1,512,3,5,4,256,6000,8.0,2633729,4,4,9977,4103,900017,2,0,6000,10,60.0,0.5,0.8355,0.31816185
frozen,1,1,1,0.001,0.1,512,3,5,4,256,6000,8.0,2633729,4,4,9977,4103,900017,2,0,6000,11,66.0,0.55,0.91905,0.35333496
frozen,1,1,1,0.001,0.1,512,3,5,4,256,6000,8.0,2633729,4,4,9977,4103,900017,2,0,6000,12,72.0,0.6,1.0026,0.38702503
frozen,1,1,1,0.001,0.1,512,3,5,4,256,6000,8.0,2633729,4,4,9977,4103,900017,2,0,6000,13,78.0,0.65,1.08615,0.41883364
frozen,1,1,1,0.001,0.1,512,3,5,4,256,6000,8.0,2633729,4,4,9977,4103,900017,2,0,6000,14,84.0,0.7,1.1697,0.44812095
frozen,1,1,1,0.001,0.1,512,3,5,4,256,6000,8.0,2633729,4,4,9977,4103,900017,2,0,6000,15,90.0,0.75,1.25325,0.4741497
frozen,1,1,1,0.001,0.1,512,3,5,4,256,6000,8.0,2633729,4,4,9977,4103,900017,2,0,6000,16,96.0,0.8,1.3368,0.49707174
frozen,1,1,1,0.001,0.1,512,3,5,4,256,6000,8.0,2633729,4,4,9977,4103,900017,2,0,6000,17,102.0,0.85,1.42035,0.51771694
frozen,1,1,1,0.001,0.1,512,3,5,4,256,6000,8.0,2633729,4,4,9977,4103,900017,2,0,6000,18,108.0,0.9,1.5039,0.53673989
frozen,1,1,1,0.001,0.1,512,3,5,4,256,6000,8.0,2633729,4,4,9977,4103,900017,2,0,6000,19,114.0,0.95,1.58745,0.55421734
frozen,1,1,1,0.001,0.1,512,3,5,4,256,6000,8.0,2633729,4,4,9977,4103,900017,2,0,6000,20,120.0,1.0,1.671,0.57026255
frozen,1,1,1,0.001,0.1,512,3,5,4,256,6000,8.0,2633729,4,4,9977,4103,900017,2,0,6000,21,126.0,1.05,1.75455,0.5862025
frozen,1,1,1,0.001,0.1,512,3,5,4,256,6000,8.0,2633729,4,4,9977,4103,900017,2,0,6000,22,132.0,1.1,1.8381,0.60324049
frozen,1,1,1,0.001,0.1,512,3,5,4,256,6000,8.0,2633729,4,4,9977,4103,900017,2,0,6000,23,138.0,1.15,1.92165,0.62110239
frozen,1,1,1,0.001,0.1,512,3,5,4,256,6000,8.0,2633729,4,4,9977,4103,900017,2,0,6000,24,144.0,1.2,2.0052,0.63796622
frozen,1,1,1,0.001,0.1,512,3,5,4,256,6000,8.0,2633729,4,4,9977,4103,900017,2,0,6000,25,150.0,1.25,2.08875,0.65121835
frozen,1,1,1,0.001,0.1,512,3,5,4,256,6000,8.0,2633729,4,4,9977,4103,900017,2,0,6000,26,156.0,1.3,2.1723,0.66069877
frozen,1,1,1,0.001,0.1,512,3,5,4,256,6000,8.0,2633729,4,4,9977,4103,900017,2,0,6000,27,162.0,1.35,2.25585,0.66944271
frozen,1,1,1,0.001,0.1,512,3,5,4,256,6000,8.0,2633729,4,4,9977,4103,900017,2,0,6000,28,168.0,1.4,2.3394,0.68024528
frozen,1,1,1,0.001,0.1,512,3,5,4,256,6000,8.0,2633729,4,4,9977,4103,900017,2,0,6000,29,174.0,1.45,2.42295,0.693838
frozen,1,1,1,0.001,0.1,512,3,5,4,256,6000,8.0,2633729,4,4,9977,4103,900017,2,0,6000,30,180.0,1.5,2.5065,0.70920604
frozen,1,1,1,0.001,0.1,512,3,5,4,256,6000,8.0,2633729,4,4,9977,4103,900017,2,0,6000,31,186.0,1.55,2.59005,0.72465104
frozen,1,1,1,0.001,0.1,512,3,5,4,256,6000,8.0,2633729,4,4,9977,4103,900017,2,0,6000,32,192.0,1.6,2.6736,0.74011719
frozen,1,1,1,0.001,0.1,512,3,5,4,256,6000,8.0,2633729,4,4,9977,4103,900017,2,0,6000,33,198.0,1.65,2.75715,0.75689316
frozen,1,1,1,0.001,0.1,512,3,5,4,256,6000,8.0,2633729,4,4,9977,4103,900017,2,0,6000,34,204.0,1.7,2.8407,0.77486539
frozen,1,1,1,0.001,0.1,512,3,5,4,256,6000,8.0,2633729,4,4,9977,4103,900017,2,0,6000,35,210.0,1.75,2.92425,0.79114681
frozen,1,1,1,0.001,0.1,512,3,5,4,256,6000,8.0,2633729,4,4,9977,4103,900017,2,0,6000,36,216.0,1.8,3.0078,0.80222011
frozen,1,1,1,0.001,0.1,512,3,5,4,256,6000,8.0,2633729,4,4,9977,4103,900017,2,0,6000,37,222.0,1.85,3.09135,0.8081308
frozen,1,1,1,0.001,0.1,512,3,5,4,256,6000,8.0,2633729,4,4,9977,4103,900017,2,0,6000,38,228.0,1.9,3.1749,0.81201017
frozen,1,1,1,0.001,0.1,512,3,5,4,256,6000,8.0,2633729,4,4,9977,4103,900017,2,0,6000,39,234.0,1.95,3.25845,0.8161121
frozen,1,1,1,0.001,0.1,512,3,5,4,256,6000,8.0,2633729,4,4,9977,4103,900017,2,0,6000,40,240.0,2.0,3.342,0.82062751
frozen,1,1,1,0.001,0.1,512,3,5,4,256,6000,8.0,2633729,4,4,9977,4103,900017,2,0,6000,41,246.0,2.05,3.42555,0.82550508
frozen,1,1,1,0.001,0.1,512,3,5,4,256,6000,8.0,2633729,4,4,9977,4103,900017,2,0,6000,42,252.0,2.1,3.5091,0.83138096
frozen,1,1,1,0.001,0.1,512,3,5,4,256,6000,8.0,2633729,4,4,9977,4103,900017,2,0,6000,43,258.0,2.15,3.59265,0.83818549
frozen,1,1,1,0.001,0.1,512,3,5,4,256,6000,8.0,2633729,4,4,9977,4103,900017,2,0,6000,44,264.0,2.2,3.6762,0.84392154
frozen,1,1,1,0.001,0.1,512,3,5,4,256,6000,8.0,2633729,4,4,9977,4103,900017,2,0,6000,45,270.0,2.25,3.75975,0.84676957
frozen,1,1,1,0.001,0.1,512,3,5,4,256,6000,8.0,2633729,4,4,9977,4103,900017,2,0,6000,46,276.0,2.3,3.8433,0.84801751
frozen,1,1,1,0.001,0.1,512,3,5,4,256,6000,8.0,2633729,4,4,9977,4103,900017,2,0,6000,47,282.0,2.35,3.92685,0.85051286
frozen,1,1,1,0.001,0.1,512,3,5,4,256,6000,8.0,2633729,4,4,9977,4103,900017,2,0,6000,48,288.0,2.4,4.0104,0.85540694
frozen,1,1,1,0.001,0.1,512,3,5,4,256,6000,8.0,2633729,4,4,9977,4103,900017,2,0,6000,49,294.0,2.45,4.09395,0.86172587
frozen,1,1,1,0.001,0.1,512,3,5,4,256,6000,8.0,2633729,4,4,9977,4103,900017,2,0,6000,50,300.0,2.5,4.1775,0.86795807
frozen,1,1,1,0.001,0.1,512,3,5,4,256,6000,8.0,2633729,4,4,9977,4103,900017,2,0,6000,51,306.0,2.55,4.26105,0.87343299
frozen,1,1,1,0.001,0.1,512,3,5,4,256,6000,8.0,2633729,4,4,9977,4103,900017,2,0,6000,52,312.0,2.6,4.3446,0.87771386
frozen,1,1,1,0.001,0.1,512,3,5,4,256,6000,8.0,2633729,4,4,9977,4103,900017,2,0,6000,53,318.0,2.65,4.42815,0.88062245
frozen,1,1,1,0.001,0.1,512,3,5,4,256,6000,8.0,2633729,4,4,9977,4103,900017,2,0,6000,54,324.0,2.7,4.5117,0.88283432
frozen,1,1,1,0.001,0.1,512,3,5,4,256,6000,8.0,2633729,4,4,9977,4103,900017,2,0,6000,55,330.0,2.75,4.59525,0.88488406
frozen,1,1,1,0.001,0.1,512,3,5,4,256,6000,8.0,2633729,4,4,9977,4103,900017,2,0,6000,56,336.0,2.8,4.6788,0.88681567
frozen,1,1,1,0.001,0.1,512,3,5,4,256,6000,8.0,2633729,4,4,9977,4103,900017,2,0,6000,57,342.0,2.85,4.76235,0.8886373
frozen,1,1,1,0.001,0.1,512,3,5,4,256,6000,8.0,2633729,4,4,9977,4103,900017,2,0,6000,58,348.0,2.9,4.8459,0.89071041
frozen,1,1,1,0.001,0.1,512,3,5,4,256,6000,8.0,2633729,4,4,9977,4103,900017,2,0,6000,59,354.0,2.95,4.92945,0.89371401
frozen,1,1,1,0.001,0.1,512,3,5,4,256,6000,8.0,2633729,4,4,9977,4103,900017,2,0,6000,60,360.0,3.0,5.013,0.89738077
frozen,1,1,1,0.001,0.1,512,3,5,4,256,6000,8.0,2633729,4,4,9977,4103,900017,2,0,6000,61,366.0,3.05,5.09655,0.9006713
frozen,1,1,1,0.001,0.1,512,3,5,4,256,6000,8.0,2633729,4,4,9977,4103,900017,2,0,6000,62,372.0,3.1,5.1801,0.90372181
frozen,1,1,1,0.001,0.1,512,3,5,4,256,6000,8.0,2633729,4,4,9977,4103,900017,2,0,6000,63,378.0,3.15,5.26365,0.90746564
frozen,1,1,1,0.001,0.1,512,3,5,4,256,6000,8.0,2633729,4,4,9977,4103,900017,2,0,6000,64,384.0,3.2,5.3472,0.91260594
frozen,1,1,1,0.001,0.1,512,3,5,4,256,6000,8.0,2633729,4,4,9977,4103,900017,2,0,6000,65,390.0,3.25,5.43075,0.91878986
frozen,1,1,1,0.001,0.1,512,3,5,4,256,6000,8.0,2633729,4,4,9977,4103,900017,2,0,6000,66,396.0,3.3,5.5143,0.92408836
frozen,1,1,1,0.001,0.1,512,3,5,4,256,6000,8.0,2633729,4,4,9977,4103,900017,2,0,6000,67,402.0,3.35,5.59785,0.92666477
frozen,1,1,1,0.001,0.1,512,3,5,4,256,6000,8.0,2633729,4,4,9977,4103,900017,2,0,6000,68,408.0,3.4,5.6814,0.92641413
frozen,1,1,1,0.001,0.1,512,3,5,4,256,6000,8.0,2633729,4,4,9977,4103,900017,2,0,6000,69,414.0,3.45,5.76495,0.92425311
frozen,1,1,1,0.001,0.1,512,3,5,4,256,6000,8.0,2633729,4,4,9977,4103,900017,2,0,6000,70,420.0,3.5,5.8485,0.92146951
frozen,1,1,1,0.001,0.1,512,3,5,4,256,6000,8.0,2633729,4,4,9977,4103,900017,2,0,6000,71,426.0,3.55,5.93205,0.92047578
frozen,1,1,1,0.001,0.1,512,3,5,4,256,6000,8.0,2633729,4,4,9977,4103,900017,2,0,6000,72,432.0,3.6,6.0156,0.92379212
frozen,1,1,1,0.001,0.1,512,3,5,4,256,6000,8.0,2633729,4,4,9977,4103,900017,2,0,6000,73,438.0,3.65,6.09915,0.9314996
frozen,1,1,1,0.001,0.1,512,3,5,4,256,6000,8.0,2633729,4,4,9977,4103,900017,2,0,6000,74,444.0,3.7,6.1827,0.94084126
frozen,1,1,1,0.001,0.1,512,3,5,4,256,6000,8.0,2633729,4,4,9977,4103,900017,2,0,6000,75,450.0,3.75,6.26625,0.94784886
frozen,1,1,1,0.001,0.1,512,3,5,4,256,6000,8.0,2633729,4,4,9977,4103,900017,2,0,6000,76,456.0,3.8,6.3498,0.95004916
frozen,1,1,1,0.001,0.1,512,3,5,4,256,6000,8.0,2633729,4,4,9977,4103,900017,2,0,6000,77,462.0,3.85,6.43335,0.9483791
frozen,1,1,1,0.001,0.1,512,3,5,4,256,6000,8.0,2633729,4,4,9977,4103,900017,2,0,6000,78,468.0,3.9,6.5169,0.94517159
frozen,1,1,1,0.001,0.1,512,3,5,4,256,6000,8.0,2633729,4,4,9977,4103,900017,2,0,6000,79,474.0,3.95,6.60045,0.94184059
frozen,1,1,1,0.001,0.1,512,3,5,4,256,6000,8.0,2633729,4,4,9977,4103,900017,2,0,6000,80,480.0,4.0,6.684,0.93939376
frozen,1,1,1,0.001,0.1,512,3,5,4,256,6000,8.0,2633729,4,4,9977,4103,900017,2,0,6000,81,486.0,4.05,6.76755,0.93917638
frozen,1,1,1,0.001,0.1,512,3,5,4,256,6000,8.0,2633729,4,4,9977,4103,900017,2,0,6000,82,492.0,4.1,6.8511,0.94181818
frozen,1,1,1,0.001,0.1,512,3,5,4,256,6000,8.0,2633729,4,4,9977,4103,900017,2,0,6000,83,498.0,4.15,6.93465,0.94651055
frozen,1,1,1,0.001,0.1,512,3,5,4,256,6000,8.0,2633729,4,4,9977,4103,900017,2,0,6000,84,504.0,4.2,7.0182,0.95239079
frozen,1,1,1,0.001,0.1,512,3,5,4,256,6000,8.0,2633729,4,4,9977,4103,900017,2,0,6000,85,510.0,4.25,7.10175,0.9590438
frozen,1,1,1,0.001,0.1,512,3,5,4,256,6000,8.0,2633729,4,4,9977,4103,900017,2,0,6000,86,516.0,4.3,7.1853,0.96571606
frozen,1,1,1,0.001,0.1,512,3,5,4,256,6000,8.0,2633729,4,4,9977,4103,900017,2,0,6000,87,522.0,4.35,7.26885,0.97125053
frozen,1,1,1,0.001,0.1,512,3,5,4,256,6000,8.0,2633729,4,4,9977,4103,900017,2,0,6000,88,528.0,4.4,7.3524,0.97449881
frozen,1,1,1,0.001,0.1,512,3,5,4,256,6000,8.0,2633729,4,4,9977,4103,900017,2,0,6000,89,534.0,4.45,7.43595,0.97521454
frozen,1,1,1,0.001,0.1,512,3,5,4,256,6000,8.0,2633729,4,4,9977,4103,900017,2,0,6000,90,540.0,4.5,7.5195,0.97443515
frozen,1,1,1,0.001,0.1,512,3,5,4,256,6000,8.0,2633729,4,4,9977,4103,900017,2,0,6000,91,546.0,4.55,7.60305,0.97281873
frozen,1,1,1,0.001,0.1,512,3,5,4,256,6000,8.0,2633729,4,4,9977,4103,900017,2,0,6000,92,552.0,4.6,7.6866,0.96956581
frozen,1,1,1,0.001,0.1,512,3,5,4,256,6000,8.0,2633729,4,4,9977,4103,900017,2,0,6000,93,558.0,4.65,7.77015,0.96497482
frozen,1,1,1,0.001,0.1,512,3,5,4,256,6000,8.0,2633729,4,4,9977,4103,900017,2,0,6000,94,564.0,4.7,7.8537,0.96121424
frozen,1,1,1,0.001,0.1,512,3,5,4,256,6000,8.0,2633729,4,4,9977,4103,900017,2,0,6000,95,570.0,4.75,7.93725,0.96015596
frozen,1,1,1,0.001,0.1,512,3,5,4,256,6000,8.0,2633729,4,4,9977,4103,900017,2,0,6000,96,576.0,4.8,8.0208,0.96208316
frozen,1,1,1,0.001,0.1,512,3,5,4,256,6000,8.0,2633729,4,4,9977,4103,900017,2,0,6000,97,582.0,4.85,8.10435,0.9659158
frozen,1,1,1,0.001,0.1,512,3,5,4,256,6000,8.0,2633729,4,4,9977,4103,900017,2,0,6000,98,588.0,4.9,8.1879,0.97064978
frozen,1,1,1,0.001,0.1,512,3,5,4,256,6000,8.0,2633729,4,4,9977,4103,900017,2,0,6000,99,594.0,4.95,8.27145,0.9749279
frozen,1,1,1,0.001,0.1,512,3,5,4,256,6000,8.0,2633729,4,4,9977,4103,900017,2,0,6000,100,600.0,5.0,8.355,0.9765985
frozen,1,1,1,0.001,0.1,512,3,5,4,256,6000,8.0,2633729,4,4,9977,4103,900017,2,0,6000,101,606.0,5.05,8.43855,0.97507048
frozen,1,1,1,0.001,0.1,512,3,5,4,256,6000,8.0,2633729,4,4,9977,4103,900017,2,0,6000,102,612.0,5.1,8.5221,0.97290629
frozen,1,1,1,0.001,0.1,512,3,5,4,256,6000,8.0,2633729,4,4,9977,4103,900017,2,0,6000,103,618.0,5.15,8.60565,0.97332233
frozen,1,1,1,0.001,0.1,512,3,5,4,256,6000,8.0,2633729,4,4,9977,4103,900017,2,0,6000,104,624.0,5.2,8.6892,0.97673565
frozen,1,1,1,0.001,0.1,512,3,5,4,256,6000,8.0,2633729,4,4,9977,4103,900017,2,0,6000,105,630.0,5.25,8.77275,0.98021686
frozen,1,1,1,0.001,0.1,512,3,5,4,256,6000,8.0,2633729,4,4,9977,4103,900017,2,0,6000,106,636.0,5.3,8.8563,0.98117644
frozen,1,1,1,0.001,0.1,512,3,5,4,256,6000,8.0,2633729,4,4,9977,4103,900017,2,0,6000,107,642.0,5.35,8.93985,0.97978455
frozen,1,1,1,0.001,0.1,512,3,5,4,256,6000,8.0,2633729,4,4,9977,4103,900017,2,0,6000,108,648.0,5.4,9.0234,0.97663355
frozen,1,1,1,0.001,0.1,512,3,5,4,256,6000,8.0,2633729,4,4,9977,4103,900017,2,0,6000,109,654.0,5.45,9.10695,0.97193319
frozen,1,1,1,0.001,0.1,512,3,5,4,256,6000,8.0,2633729,4,4,9977,4103,900017,2,0,6000,110,660.0,5.5,9.1905,0.96675181
frozen,1,1,1,0.001,0.1,512,3,5,4,256,6000,8.0,2633729,4,4,9977,4103,900017,2,0,6000,111,666.0,5.55,9.27405,0.96308583
frozen,1,1,1,0.001,0.1,512,3,5,4,256,6000,8.0,2633729,4,4,9977,4103,900017,2,0,6000,112,672.0,5.6,9.3576,0.96256465
frozen,1,1,1,0.001,0.1,512,3,5,4,256,6000,8.0,2633729,4,4,9977,4103,900017,2,0,6000,113,678.0,5.65,9.44115,0.96482199
frozen,1,1,1,0.001,0.1,512,3,5,4,256,6000,8.0,2633729,4,4,9977,4103,900017,2,0,6000,114,684.0,5.7,9.5247,0.96834052
frozen,1,1,1,0.001,0.1,512,3,5,4,256,6000,8.0,2633729,4,4,9977,4103,900017,2,0,6000,115,690.0,5.75,9.60825,0.97280252
frozen,1,1,1,0.001,0.1,512,3,5,4,256,6000,8.0,2633729,4,4,9977,4103,900017,2,0,6000,116,696.0,5.8,9.6918,0.97833091
frozen,1,1,1,0.001,0.1,512,3,5,4,256,6000,8.0,2633729,4,4,9977,4103,900017,2,0,6000,117,702.0,5.85,9.77535,0.98349541
frozen,1,1,1,0.001,0.1,512,3,5,4,256,6000,8.0,2633729,4,4,9977,4103,900017,2,0,6000,118,708.0,5.9,9.8589,0.98639971
frozen,1,1,1,0.001,0.1,512,3,5,4,256,6000,8.0,2633729,4,4,9977,4103,900017,2,0,6000,119,714.0,5.95,9.94245,0.98710233
frozen,1,1,1,0.001,0.1,512,3,5,4,256,6000,8.0,2633729,4,4,9977,4103,900017,2,0,6000,120,720.0,6.0,10.026,0.98775685
frozen,1,1,1,0.001,0.1,512,3,5,4,256,6000,8.0,2633729,4,4,9977,4104,900018,3,0,6000,1,6.0,0.05,0.08355,0.07390676
frozen,1,1,1,0.001,0.1,512,3,5,4,256,6000,8.0,2633729,4,4,9977,4104,900018,3,0,6000,2,12.0,0.1,0.1671,0.09230648
frozen,1,1,1,0.001,0.1,512,3,5,4,256,6000,8.0,2633729,4,4,9977,4104,900018,3,0,6000,3,18.0,0.15,0.25065,0.11548582
frozen,1,1,1,0.001,0.1,512,3,5,4,256,6000,8.0,2633729,4,4,9977,4104,900018,3,0,6000,4,24.0,0.2,0.3342,0.14182425
frozen,1,1,1,0.001,0.1,512,3,5,4,256,6000,8.0,2633729,4,4,9977,4104,900018,3,0,6000,5,30.0,0.25,0.41775,0.16909873
frozen,1,1,1,0.001,0.1,512,3,5,4,256,6000,8.0,2633729,4,4,9977,4104,900018,3,0,6000,6,36.0,0.3,0.5013,0.19610256
frozen,1,1,1,0.001,0.1,512,3,5,4,256,6000,8.0,2633729,4,4,9977,4104,900018,3,0,6000,7,42.0,0.35,0.58485,0.22303179
frozen,1,1,1,0.001,0.1,512,3,5,4,256,6000,8.0,2633729,4,4,9977,4104,900018,3,0,6000,8,48.0,0.4,0.6684,0.25139272
frozen,1,1,1,0.001,0.1,512,3,5,4,256,6000,8.0,2633729,4,4,9977,4104,900018,3,0,6000,9,54.0,0.45,0.75195,0.28321883
frozen,1,1,1,0.001,0.1,512,3,5,4,256,6000,8.0,2633729,4,4,9977,4104,900018,3,0,6000,10,60.0,0.5,0.8355,0.31816185
frozen,1,1,1,0.001,0.1,512,3,5,4,256,6000,8.0,2633729,4,4,9977,4104,900018,3,0,6000,11,66.0,0.55,0.91905,0.35333496
frozen,1,1,1,0.001,0.1,512,3,5,4,256,6000,8.0,2633729,4,4,9977,4104,900018,3,0,6000,12,72.0,0.6,1.0026,0.38702503
frozen,1,1,1,0.001,0.1,512,3,5,4,256,6000,8.0,2633729,4,4,9977,4104,900018,3,0,6000,13,78.0,0.65,1.08615,0.41883364
frozen,1,1,1,0.001,0.1,512,3,5,4,256,6000,8.0,2633729,4,4,9977,4104,900018,3,0,6000,14,84.0,0.7,1.1697,0.44812095
frozen,1,1,1,0.001,0.1,512,3,5,4,256,6000,8.0,2633729,4,4,9977,4104,900018,3,0,6000,15,90.0,0.75,1.25325,0.4741497
frozen,1,1,1,0.001,0.1,512,3,5,4,256,6000,8.0,2633729,4,4,9977,4104,900018,3,0,6000,16,96.0,0.8,1.3368,0.49707174
frozen,1,1,1,0.001,0.1,512,3,5,4,256,6000,8.0,2633729,4,4,9977,4104,900018,3,0,6000,17,102.0,0.85,1.42035,0.51771694
frozen,1,1,1,0.001,0.1,512,3,5,4,256,6000,8.0,2633729,4,4,9977,4104,900018,3,0,6000,18,108.0,0.9,1.5039,0.53673989
frozen,1,1,1,0.001,0.1,512,3,5,4,256,6000,8.0,2633729,4,4,9977,4104,900018,3,0,6000,19,114.0,0.95,1.58745,0.55421734
frozen,1,1,1,0.001,0.1,512,3,5,4,256,6000,8.0,2633729,4,4,9977,4104,900018,3,0,6000,20,120.0,1.0,1.671,0.57026255
frozen,1,1,1,0.001,0.1,512,3,5,4,256,6000,8.0,2633729,4,4,9977,4104,900018,3,0,6000,21,126.0,1.05,1.75455,0.5862025
frozen,1,1,1,0.001,0.1,512,3,5,4,256,6000,8.0,2633729,4,4,9977,4104,900018,3,0,6000,22,132.0,1.1,1.8381,0.60324049
frozen,1,1,1,0.001,0.1,512,3,5,4,256,6000,8.0,2633729,4,4,9977,4104,900018,3,0,6000,23,138.0,1.15,1.92165,0.62110239
frozen,1,1,1,0.001,0.1,512,3,5,4,256,6000,8.0,2633729,4,4,9977,4104,900018,3,0,6000,24,144.0,1.2,2.0052,0.63796622
frozen,1,1,1,0.001,0.1,512,3,5,4,256,6000,8.0,2633729,4,4,9977,4104,900018,3,0,6000,25,150.0,1.25,2.08875,0.65121835
frozen,1,1,1,0.001,0.1,512,3,5,4,256,6000,8.0,2633729,4,4,9977,4104,900018,3,0,6000,26,156.0,1.3,2.1723,0.66069877
frozen,1,1,1,0.001,0.1,512,3,5,4,256,6000,8.0,2633729,4,4,9977,4104,900018,3,0,6000,27,162.0,1.35,2.25585,0.66944271
frozen,1,1,1,0.001,0.1,512,3,5,4,256,6000,8.0,2633729,4,4,9977,4104,900018,3,0,6000,28,168.0,1.4,2.3394,0.68024528
frozen,1,1,1,0.001,0.1,512,3,5,4,256,6000,8.0,2633729,4,4,9977,4104,900018,3,0,6000,29,174.0,1.45,2.42295,0.693838
frozen,1,1,1,0.001,0.1,512,3,5,4,256,6000,8.0,2633729,4,4,9977,4104,900018,3,0,6000,30,180.0,1.5,2.5065,0.70920604
frozen,1,1,1,0.001,0.1,512,3,5,4,256,6000,8.0,2633729,4,4,9977,4104,900018,3,0,6000,31,186.0,1.55,2.59005,0.72465104
frozen,1,1,1,0.001,0.1,512,3,5,4,256,6000,8.0,2633729,4,4,9977,4104,900018,3,0,6000,32,192.0,1.6,2.6736,0.74011719
frozen,1,1,1,0.001,0.1,512,3,5,4,256,6000,8.0,2633729,4,4,9977,4104,900018,3,0,6000,33,198.0,1.65,2.75715,0.75689316
frozen,1,1,1,0.001,0.1,512,3,5,4,256,6000,8.0,2633729,4,4,9977,4104,900018,3,0,6000,34,204.0,1.7,2.8407,0.77486539
frozen,1,1,1,0.001,0.1,512,3,5,4,256,6000,8.0,2633729,4,4,9977,4104,900018,3,0,6000,35,210.0,1.75,2.92425,0.79114681
frozen,1,1,1,0.001,0.1,512,3,5,4,256,6000,8.0,2633729,4,4,9977,4104,900018,3,0,6000,36,216.0,1.8,3.0078,0.80222011
frozen,1,1,1,0.001,0.1,512,3,5,4,256,6000,8.0,2633729,4,4,9977,4104,900018,3,0,6000,37,222.0,1.85,3.09135,0.8081308
frozen,1,1,1,0.001,0.1,512,3,5,4,256,6000,8.0,2633729,4,4,9977,4104,900018,3,0,6000,38,228.0,1.9,3.1749,0.81201017
frozen,1,1,1,0.001,0.1,512,3,5,4,256,6000,8.0,2633729,4,4,9977,4104,900018,3,0,6000,39,234.0,1.95,3.25845,0.8161121
frozen,1,1,1,0.001,0.1,512,3,5,4,256,6000,8.0,2633729,4,4,9977,4104,900018,3,0,6000,40,240.0,2.0,3.342,0.82062751
frozen,1,1,1,0.001,0.1,512,3,5,4,256,6000,8.0,2633729,4,4,9977,4104,900018,3,0,6000,41,246.0,2.05,3.42555,0.82550508
frozen,1,1,1,0.001,0.1,512,3,5,4,256,6000,8.0,2633729,4,4,9977,4104,900018,3,0,6000,42,252.0,2.1,3.5091,0.83138096
frozen,1,1,1,0.001,0.1,512,3,5,4,256,6000,8.0,2633729,4,4,9977,4104,900018,3,0,6000,43,258.0,2.15,3.59265,0.83818549
frozen,1,1,1,0.001,0.1,512,3,5,4,256,6000,8.0,2633729,4,4,9977,4104,900018,3,0,6000,44,264.0,2.2,3.6762,0.84392154
frozen,1,1,1,0.001,0.1,512,3,5,4,256,6000,8.0,2633729,4,4,9977,4104,900018,3,0,6000,45,270.0,2.25,3.75975,0.84676957
frozen,1,1,1,0.001,0.1,512,3,5,4,256,6000,8.0,2633729,4,4,9977,4104,900018,3,0,6000,46,276.0,2.3,3.8433,0.84801751
frozen,1,1,1,0.001,0.1,512,3,5,4,256,6000,8.0,2633729,4,4,9977,4104,900018,3,0,6000,47,282.0,2.35,3.92685,0.85051286
frozen,1,1,1,0.001,0.1,512,3,5,4,256,6000,8.0,2633729,4,4,9977,4104,900018,3,0,6000,48,288.0,2.4,4.0104,0.85540694
frozen,1,1,1,0.001,0.1,512,3,5,4,256,6000,8.0,2633729,4,4,9977,4104,900018,3,0,6000,49,294.0,2.45,4.09395,0.86172587
frozen,1,1,1,0.001,0.1,512,3,5,4,256,6000,8.0,2633729,4,4,9977,4104,900018,3,0,6000,50,300.0,2.5,4.1775,0.86795807
frozen,1,1,1,0.001,0.1,512,3,5,4,256,6000,8.0,2633729,4,4,9977,4104,900018,3,0,6000,51,306.0,2.55,4.26105,0.87343299
frozen,1,1,1,0.001,0.1,512,3,5,4,256,6000,8.0,2633729,4,4,9977,4104,900018,3,0,6000,52,312.0,2.6,4.3446,0.87771386
frozen,1,1,1,0.001,0.1,512,3,5,4,256,6000,8.0,2633729,4,4,9977,4104,900018,3,0,6000,53,318.0,2.65,4.42815,0.88062245
frozen,1,1,1,0.001,0.1,512,3,5,4,256,6000,8.0,2633729,4,4,9977,4104,900018,3,0,6000,54,324.0,2.7,4.5117,0.88283432
frozen,1,1,1,0.001,0.1,512,3,5,4,256,6000,8.0,2633729,4,4,9977,4104,900018,3,0,6000,55,330.0,2.75,4.59525,0.88488406
frozen,1,1,1,0.001,0.1,512,3,5,4,256,6000,8.0,2633729,4,4,9977,4104,900018,3,0,6000,56,336.0,2.8,4.6788,0.88681567
frozen,1,1,1,0.001,0.1,512,3,5,4,256,6000,8.0,2633729,4,4,9977,4104,900018,3,0,6000,57,342.0,2.85,4.76235,0.8886373
frozen,1,1,1,0.001,0.1,512,3,5,4,256,6000,8.0,2633729,4,4,9977,4104,900018,3,0,6000,58,348.0,2.9,4.8459,0.89071041
frozen,1,1,1,0.001,0.1,512,3,5,4,256,6000,8.0,2633729,4,4,9977,4104,900018,3,0,6000,59,354.0,2.95,4.92945,0.89371401
frozen,1,1,1,0.001,0.1,512,3,5,4,256,6000,8.0,2633729,4,4,9977,4104,900018,3,0,6000,60,360.0,3.0,5.013,0.89738077
frozen,1,1,1,0.001,0.1,512,3,5,4,256,6000,8.0,2633729,4,4,9977,4104,900018,3,0,6000,61,366.0,3.05,5.09655,0.9006713
frozen,1,1,1,0.001,0.1,512,3,5,4,256,6000,8.0,2633729,4,4,9977,4104,900018,3,0,6000,62,372.0,3.1,5.1801,0.90372181
frozen,1,1,1,0.001,0.1,512,3,5,4,256,6000,8.0,2633729,4,4,9977,4104,900018,3,0,6000,63,378.0,3.15,5.26365,0.90746564
frozen,1,1,1,0.001,0.1,512,3,5,4,256,6000,8.0,2633729,4,4,9977,4104,900018,3,0,6000,64,384.0,3.2,5.3472,0.91260594
frozen,1,1,1,0.001,0.1,512,3,5,4,256,6000,8.0,2633729,4,4,9977,4104,900018,3,0,6000,65,390.0,3.25,5.43075,0.91878986
frozen,1,1,1,0.001,0.1,512,3,5,4,256,6000,8.0,2633729,4,4,9977,4104,900018,3,0,6000,66,396.0,3.3,5.5143,0.92408836
frozen,1,1,1,0.001,0.1,512,3,5,4,256,6000,8.0,2633729,4,4,9977,4104,900018,3,0,6000,67,402.0,3.35,5.59785,0.92666477
frozen,1,1,1,0.001,0.1,512,3,5,4,256,6000,8.0,2633729,4,4,9977,4104,900018,3,0,6000,68,408.0,3.4,5.6814,0.92641413
frozen,1,1,1,0.001,0.1,512,3,5,4,256,6000,8.0,2633729,4,4,9977,4104,900018,3,0,6000,69,414.0,3.45,5.76495,0.92425311
frozen,1,1,1,0.001,0.1,512,3,5,4,256,6000,8.0,2633729,4,4,9977,4104,900018,3,0,6000,70,420.0,3.5,5.8485,0.92146951
frozen,1,1,1,0.001,0.1,512,3,5,4,256,6000,8.0,2633729,4,4,9977,4104,900018,3,0,6000,71,426.0,3.55,5.93205,0.92047578
frozen,1,1,1,0.001,0.1,512,3,5,4,256,6000,8.0,2633729,4,4,9977,4104,900018,3,0,6000,72,432.0,3.6,6.0156,0.92379212
frozen,1,1,1,0.001,0.1,512,3,5,4,256,6000,8.0,2633729,4,4,9977,4104,900018,3,0,6000,73,438.0,3.65,6.09915,0.9314996
frozen,1,1,1,0.001,0.1,512,3,5,4,256,6000,8.0,2633729,4,4,9977,4104,900018,3,0,6000,74,444.0,3.7,6.1827,0.94084126
frozen,1,1,1,0.001,0.1,512,3,5,4,256,6000,8.0,2633729,4,4,9977,4104,900018,3,0,6000,75,450.0,3.75,6.26625,0.94784886
frozen,1,1,1,0.001,0.1,512,3,5,4,256,6000,8.0,2633729,4,4,9977,4104,900018,3,0,6000,76,456.0,3.8,6.3498,0.95004916
frozen,1,1,1,0.001,0.1,512,3,5,4,256,6000,8.0,2633729,4,4,9977,4104,900018,3,0,6000,77,462.0,3.85,6.43335,0.9483791
frozen,1,1,1,0.001,0.1,512,3,5,4,256,6000,8.0,2633729,4,4,9977,4104,900018,3,0,6000,78,468.0,3.9,6.5169,0.94517159
frozen,1,1,1,0.001,0.1,512,3,5,4,256,6000,8.0,2633729,4,4,9977,4104,900018,3,0,6000,79,474.0,3.95,6.60045,0.94184059
frozen,1,1,1,0.001,0.1,512,3,5,4,256,6000,8.0,2633729,4,4,9977,4104,900018,3,0,6000,80,480.0,4.0,6.684,0.93939376
frozen,1,1,1,0.001,0.1,512,3,5,4,256,6000,8.0,2633729,4,4,9977,4104,900018,3,0,6000,81,486.0,4.05,6.76755,0.93917638
frozen,1,1,1,0.001,0.1,512,3,5,4,256,6000,8.0,2633729,4,4,9977,4104,900018,3,0,6000,82,492.0,4.1,6.8511,0.94181818
frozen,1,1,1,0.001,0.1,512,3,5,4,256,6000,8.0,2633729,4,4,9977,4104,900018,3,0,6000,83,498.0,4.15,6.93465,0.94651055
frozen,1,1,1,0.001,0.1,512,3,5,4,256,6000,8.0,2633729,4,4,9977,4104,900018,3,0,6000,84,504.0,4.2,7.0182,0.95239079
frozen,1,1,1,0.001,0.1,512,3,5,4,256,6000,8.0,2633729,4,4,9977,4104,900018,3,0,6000,85,510.0,4.25,7.10175,0.9590438
frozen,1,1,1,0.001,0.1,512,3,5,4,256,6000,8.0,2633729,4,4,9977,4104,900018,3,0,6000,86,516.0,4.3,7.1853,0.96571606
frozen,1,1,1,0.001,0.1,512,3,5,4,256,6000,8.0,2633729,4,4,9977,4104,900018,3,0,6000,87,522.0,4.35,7.26885,0.97125053
frozen,1,1,1,0.001,0.1,512,3,5,4,256,6000,8.0,2633729,4,4,9977,4104,900018,3,0,6000,88,528.0,4.4,7.3524,0.97449881
frozen,1,1,1,0.001,0.1,512,3,5,4,256,6000,8.0,2633729,4,4,9977,4104,900018,3,0,6000,89,534.0,4.45,7.43595,0.97521454
frozen,1,1,1,0.001,0.1,512,3,5,4,256,6000,8.0,2633729,4,4,9977,4104,900018,3,0,6000,90,540.0,4.5,7.5195,0.97443515
frozen,1,1,1,0.001,0.1,512,3,5,4,256,6000,8.0,2633729,4,4,9977,4104,900018,3,0,6000,91,546.0,4.55,7.60305,0.97281873
frozen,1,1,1,0.001,0.1,512,3,5,4,256,6000,8.0,2633729,4,4,9977,4104,900018,3,0,6000,92,552.0,4.6,7.6866,0.96956581
frozen,1,1,1,0.001,0.1,512,3,5,4,256,6000,8.0,2633729,4,4,9977,4104,900018,3,0,6000,93,558.0,4.65,7.77015,0.96497482
frozen,1,1,1,0.001,0.1,512,3,5,4,256,6000,8.0,2633729,4,4,9977,4104,900018,3,0,6000,94,564.0,4.7,7.8537,0.96121424
frozen,1,1,1,0.001,0.1,512,3,5,4,256,6000,8.0,2633729,4,4,9977,4104,900018,3,0,6000,95,570.0,4.75,7.93725,0.96015596
frozen,1,1,1,0.001,0.1,512,3,5,4,256,6000,8.0,2633729,4,4,9977,4104,900018,3,0,6000,96,576.0,4.8,8.0208,0.96208316
frozen,1,1,1,0.001,0.1,512,3,5,4,256,6000,8.0,2633729,4,4,9977,4104,900018,3,0,6000,97,582.0,4.85,8.10435,0.9659158
frozen,1,1,1,0.001,0.1,512,3,5,4,256,6000,8.0,2633729,4,4,9977,4104,900018,3,0,6000,98,588.0,4.9,8.1879,0.97064978
frozen,1,1,1,0.001,0.1,512,3,5,4,256,6000,8.0,2633729,4,4,9977,4104,900018,3,0,6000,99,594.0,4.95,8.27145,0.9749279
frozen,1,1,1,0.001,0.1,512,3,5,4,256,6000,8.0,2633729,4,4,9977,4104,900018,3,0,6000,100,600.0,5.0,8.355,0.9765985
frozen,1,1,1,0.001,0.1,512,3,5,4,256,6000,8.0,2633729,4,4,9977,4104,900018,3,0,6000,101,606.0,5.05,8.43855,0.97507048
frozen,1,1,1,0.001,0.1,512,3,5,4,256,6000,8.0,2633729,4,4,9977,4104,900018,3,0,6000,102,612.0,5.1,8.5221,0.97290629
frozen,1,1,1,0.001,0.1,512,3,5,4,256,6000,8.0,2633729,4,4,9977,4104,900018,3,0,6000,103,618.0,5.15,8.60565,0.97332233
frozen,1,1,1,0.001,0.1,512,3,5,4,256,6000,8.0,2633729,4,4,9977,4104,900018,3,0,6000,104,624.0,5.2,8.6892,0.97673565
frozen,1,1,1,0.001,0.1,512,3,5,4,256,6000,8.0,2633729,4,4,9977,4104,900018,3,0,6000,105,630.0,5.25,8.77275,0.98021686
frozen,1,1,1,0.001,0.1,512,3,5,4,256,6000,8.0,2633729,4,4,9977,4104,900018,3,0,6000,106,636.0,5.3,8.8563,0.98117644
frozen,1,1,1,0.001,0.1,512,3,5,4,256,6000,8.0,2633729,4,4,9977,4104,900018,3,0,6000,107,642.0,5.35,8.93985,0.97978455
frozen,1,1,1,0.001,0.1,512,3,5,4,256,6000,8.0,2633729,4,4,9977,4104,900018,3,0,6000,108,648.0,5.4,9.0234,0.97663355
frozen,1,1,1,0.001,0.1,512,3,5,4,256,6000,8.0,2633729,4,4,9977,4104,900018,3,0,6000,109,654.0,5.45,9.10695,0.97193319
frozen,1,1,1,0.001,0.1,512,3,5,4,256,6000,8.0,2633729,4,4,9977,4104,900018,3,0,6000,110,660.0,5.5,9.1905,0.96675181
frozen,1,1,1,0.001,0.1,512,3,5,4,256,6000,8.0,2633729,4,4,9977,4104,900018,3,0,6000,111,666.0,5.55,9.27405,0.96308583
frozen,1,1,1,0.001,0.1,512,3,5,4,256,6000,8.0,2633729,4,4,9977,4104,900018,3,0,6000,112,672.0,5.6,9.3576,0.96256465
frozen,1,1,1,0.001,0.1,512,3,5,4,256,6000,8.0,2633729,4,4,9977,4104,900018,3,0,6000,113,678.0,5.65,9.44115,0.96482199
frozen,1,1,1,0.001,0.1,512,3,5,4,256,6000,8.0,2633729,4,4,9977,4104,900018,3,0,6000,114,684.0,5.7,9.5247,0.96834052
frozen,1,1,1,0.001,0.1,512,3,5,4,256,6000,8.0,2633729,4,4,9977,4104,900018,3,0,6000,115,690.0,5.75,9.60825,0.97280252
frozen,1,1,1,0.001,0.1,512,3,5,4,256,6000,8.0,2633729,4,4,9977,4104,900018,3,0,6000,116,696.0,5.8,9.6918,0.97833091
frozen,1,1,1,0.001,0.1,512,3,5,4,256,6000,8.0,2633729,4,4,9977,4104,900018,3,0,6000,117,702.0,5.85,9.77535,0.98349541
frozen,1,1,1,0.001,0.1,512,3,5,4,256,6000,8.0,2633729,4,4,9977,4104,900018,3,0,6000,118,708.0,5.9,9.8589,0.98639971
frozen,1,1,1,0.001,0.1,512,3,5,4,256,6000,8.0,2633729,4,4,9977,4104,900018,3,0,6000,119,714.0,5.95,9.94245,0.98710233
frozen,1,1,1,0.001,0.1,512,3,5,4,256,6000,8.0,2633729,4,4,9977,4104,900018,3,0,6000,120,720.0,6.0,10.026,0.98775685
frozen,1,1,1,0.001,0.1,512,3,5,4,256,6000,8.0,2633729,4,4,9977,4105,900019,4,0,6000,1,6.0,0.05,0.08355,0.07390676
frozen,1,1,1,0.001,0.1,512,3,5,4,256,6000,8.0,2633729,4,4,9977,4105,900019,4,0,6000,2,12.0,0.1,0.1671,0.09230648
frozen,1,1,1,0.001,0.1,512,3,5,4,256,6000,8.0,2633729,4,4,9977,4105,900019,4,0,6000,3,18.0,0.15,0.25065,0.11548582
frozen,1,1,1,0.001,0.1,512,3,5,4,256,6000,8.0,2633729,4,4,9977,4105,900019,4,0,6000,4,24.0,0.2,0.3342,0.14182425
frozen,1,1,1,0.001,0.1,512,3,5,4,256,6000,8.0,2633729,4,4,9977,4105,900019,4,0,6000,5,30.0,0.25,0.41775,0.16909873
frozen,1,1,1,0.001,0.1,512,3,5,4,256,6000,8.0,2633729,4,4,9977,4105,900019,4,0,6000,6,36.0,0.3,0.5013,0.19610256
frozen,1,1,1,0.001,0.1,512,3,5,4,256,6000,8.0,2633729,4,4,9977,4105,900019,4,0,6000,7,42.0,0.35,0.58485,0.22303179
frozen,1,1,1,0.001,0.1,512,3,5,4,256,6000,8.0,2633729,4,4,9977,4105,900019,4,0,6000,8,48.0,0.4,0.6684,0.25139272
frozen,1,1,1,0.001,0.1,512,3,5,4,256,6000,8.0,2633729,4,4,9977,4105,900019,4,0,6000,9,54.0,0.45,0.75195,0.28321883
frozen,1,1,1,0.001,0.1,512,3,5,4,256,6000,8.0,2633729,4,4,9977,4105,900019,4,0,6000,10,60.0,0.5,0.8355,0.31816185
frozen,1,1,1,0.001,0.1,512,3,5,4,256,6000,8.0,2633729,4,4,9977,4105,900019,4,0,6000,11,66.0,0.55,0.91905,0.35333496
frozen,1,1,1,0.001,0.1,512,3,5,4,256,6000,8.0,2633729,4,4,9977,4105,900019,4,0,6000,12,72.0,0.6,1.0026,0.38702503
frozen,1,1,1,0.001,0.1,512,3,5,4,256,6000,8.0,2633729,4,4,9977,4105,900019,4,0,6000,13,78.0,0.65,1.08615,0.41883364
frozen,1,1,1,0.001,0.1,512,3,5,4,256,6000,8.0,2633729,4,4,9977,4105,900019,4,0,6000,14,84.0,0.7,1.1697,0.44812095
frozen,1,1,1,0.001,0.1,512,3,5,4,256,6000,8.0,2633729,4,4,9977,4105,900019,4,0,6000,15,90.0,0.75,1.25325,0.4741497
frozen,1,1,1,0.001,0.1,512,3,5,4,256,6000,8.0,2633729,4,4,9977,4105,900019,4,0,6000,16,96.0,0.8,1.3368,0.49707174
frozen,1,1,1,0.001,0.1,512,3,5,4,256,6000,8.0,2633729,4,4,9977,4105,900019,4,0,6000,17,102.0,0.85,1.42035,0.51771694
frozen,1,1,1,0.001,0.1,512,3,5,4,256,6000,8.0,2633729,4,4,9977,4105,900019,4,0,6000,18,108.0,0.9,1.5039,0.53673989
frozen,1,1,1,0.001,0.1,512,3,5,4,256,6000,8.0,2633729,4,4,9977,4105,900019,4,0,6000,19,114.0,0.95,1.58745,0.55421734
frozen,1,1,1,0.001,0.1,512,3,5,4,256,6000,8.0,2633729,4,4,9977,4105,900019,4,0,6000,20,120.0,1.0,1.671,0.57026255
frozen,1,1,1,0.001,0.1,512,3,5,4,256,6000,8.0,2633729,4,4,9977,4105,900019,4,0,6000,21,126.0,1.05,1.75455,0.5862025
frozen,1,1,1,0.001,0.1,512,3,5,4,256,6000,8.0,2633729,4,4,9977,4105,900019,4,0,6000,22,132.0,1.1,1.8381,0.60324049
frozen,1,1,1,0.001,0.1,512,3,5,4,256,6000,8.0,2633729,4,4,9977,4105,900019,4,0,6000,23,138.0,1.15,1.92165,0.62110239
frozen,1,1,1,0.001,0.1,512,3,5,4,256,6000,8.0,2633729,4,4,9977,4105,900019,4,0,6000,24,144.0,1.2,2.0052,0.63796622
frozen,1,1,1,0.001,0.1,512,3,5,4,256,6000,8.0,2633729,4,4,9977,4105,900019,4,0,6000,25,150.0,1.25,2.08875,0.65121835
frozen,1,1,1,0.001,0.1,512,3,5,4,256,6000,8.0,2633729,4,4,9977,4105,900019,4,0,6000,26,156.0,1.3,2.1723,0.66069877
frozen,1,1,1,0.001,0.1,512,3,5,4,256,6000,8.0,2633729,4,4,9977,4105,900019,4,0,6000,27,162.0,1.35,2.25585,0.66944271
frozen,1,1,1,0.001,0.1,512,3,5,4,256,6000,8.0,2633729,4,4,9977,4105,900019,4,0,6000,28,168.0,1.4,2.3394,0.68024528
frozen,1,1,1,0.001,0.1,512,3,5,4,256,6000,8.0,2633729,4,4,9977,4105,900019,4,0,6000,29,174.0,1.45,2.42295,0.693838
frozen,1,1,1,0.001,0.1,512,3,5,4,256,6000,8.0,2633729,4,4,9977,4105,900019,4,0,6000,30,180.0,1.5,2.5065,0.70920604
frozen,1,1,1,0.001,0.1,512,3,5,4,256,6000,8.0,2633729,4,4,9977,4105,900019,4,0,6000,31,186.0,1.55,2.59005,0.72465104
frozen,1,1,1,0.001,0.1,512,3,5,4,256,6000,8.0,2633729,4,4,9977,4105,900019,4,0,6000,32,192.0,1.6,2.6736,0.74011719
frozen,1,1,1,0.001,0.1,512,3,5,4,256,6000,8.0,2633729,4,4,9977,4105,900019,4,0,6000,33,198.0,1.65,2.75715,0.75689316
frozen,1,1,1,0.001,0.1,512,3,5,4,256,6000,8.0,2633729,4,4,9977,4105,900019,4,0,6000,34,204.0,1.7,2.8407,0.77486539
frozen,1,1,1,0.001,0.1,512,3,5,4,256,6000,8.0,2633729,4,4,9977,4105,900019,4,0,6000,35,210.0,1.75,2.92425,0.79114681
frozen,1,1,1,0.001,0.1,512,3,5,4,256,6000,8.0,2633729,4,4,9977,4105,900019,4,0,6000,36,216.0,1.8,3.0078,0.80222011
frozen,1,1,1,0.001,0.1,512,3,5,4,256,6000,8.0,2633729,4,4,9977,4105,900019,4,0,6000,37,222.0,1.85,3.09135,0.8081308
frozen,1,1,1,0.001,0.1,512,3,5,4,256,6000,8.0,2633729,4,4,9977,4105,900019,4,0,6000,38,228.0,1.9,3.1749,0.81201017
frozen,1,1,1,0.001,0.1,512,3,5,4,256,6000,8.0,2633729,4,4,9977,4105,900019,4,0,6000,39,234.0,1.95,3.25845,0.8161121
frozen,1,1,1,0.001,0.1,512,3,5,4,256,6000,8.0,2633729,4,4,9977,4105,900019,4,0,6000,40,240.0,2.0,3.342,0.82062751
frozen,1,1,1,0.001,0.1,512,3,5,4,256,6000,8.0,2633729,4,4,9977,4105,900019,4,0,6000,41,246.0,2.05,3.42555,0.82550508
frozen,1,1,1,0.001,0.1,512,3,5,4,256,6000,8.0,2633729,4,4,9977,4105,900019,4,0,6000,42,252.0,2.1,3.5091,0.83138096
frozen,1,1,1,0.001,0.1,512,3,5,4,256,6000,8.0,2633729,4,4,9977,4105,900019,4,0,6000,43,258.0,2.15,3.59265,0.83818549
frozen,1,1,1,0.001,0.1,512,3,5,4,256,6000,8.0,2633729,4,4,9977,4105,900019,4,0,6000,44,264.0,2.2,3.6762,0.84392154
frozen,1,1,1,0.001,0.1,512,3,5,4,256,6000,8.0,2633729,4,4,9977,4105,900019,4,0,6000,45,270.0,2.25,3.75975,0.84676957
frozen,1,1,1,0.001,0.1,512,3,5,4,256,6000,8.0,2633729,4,4,9977,4105,900019,4,0,6000,46,276.0,2.3,3.8433,0.84801751
frozen,1,1,1,0.001,0.1,512,3,5,4,256,6000,8.0,2633729,4,4,9977,4105,900019,4,0,6000,47,282.0,2.35,3.92685,0.85051286
frozen,1,1,1,0.001,0.1,512,3,5,4,256,6000,8.0,2633729,4,4,9977,4105,900019,4,0,6000,48,288.0,2.4,4.0104,0.85540694
frozen,1,1,1,0.001,0.1,512,3,5,4,256,6000,8.0,2633729,4,4,9977,4105,900019,4,0,6000,49,294.0,2.45,4.09395,0.86172587
frozen,1,1,1,0.001,0.1,512,3,5,4,256,6000,8.0,2633729,4,4,9977,4105,900019,4,0,6000,50,300.0,2.5,4.1775,0.86795807
frozen,1,1,1,0.001,0.1,512,3,5,4,256,6000,8.0,2633729,4,4,9977,4105,900019,4,0,6000,51,306.0,2.55,4.26105,0.87343299
frozen,1,1,1,0.001,0.1,512,3,5,4,256,6000,8.0,2633729,4,4,9977,4105,900019,4,0,6000,52,312.0,2.6,4.3446,0.87771386
frozen,1,1,1,0.001,0.1,512,3,5,4,256,6000,8.0,2633729,4,4,9977,4105,900019,4,0,6000,53,318.0,2.65,4.42815,0.88062245
frozen,1,1,1,0.001,0.1,512,3,5,4,256,6000,8.0,2633729,4,4,9977,4105,900019,4,0,6000,54,324.0,2.7,4.5117,0.88283432
frozen,1,1,1,0.001,0.1,512,3,5,4,256,6000,8.0,2633729,4,4,9977,4105,900019,4,0,6000,55,330.0,2.75,4.59525,0.88488406
frozen,1,1,1,0.001,0.1,512,3,5,4,256,6000,8.0,2633729,4,4,9977,4105,900019,4,0,6000,56,336.0,2.8,4.6788,0.88681567
frozen,1,1,1,0.001,0.1,512,3,5,4,256,6000,8.0,2633729,4,4,9977,4105,900019,4,0,6000,57,342.0,2.85,4.76235,0.8886373
frozen,1,1,1,0.001,0.1,512,3,5,4,256,6000,8.0,2633729,4,4,9977,4105,900019,4,0,6000,58,348.0,2.9,4.8459,0.89071041
frozen,1,1,1,0.001,0.1,512,3,5,4,256,6000,8.0,2633729,4,4,9977,4105,900019,4,0,6000,59,354.0,2.95,4.92945,0.89371401
frozen,1,1,1,0.001,0.1,512,3,5,4,256,6000,8.0,2633729,4,4,9977,4105,900019,4,0,6000,60,360.0,3.0,5.013,0.89738077
frozen,1,1,1,0.001,0.1,512,3,5,4,256,6000,8.0,2633729,4,4,9977,4105,900019,4,0,6000,61,366.0,3.05,5.09655,0.9006713
frozen,1,1,1,0.001,0.1,512,3,5,4,256,6000,8.0,2633729,4,4,9977,4105,900019,4,0,6000,62,372.0,3.1,5.1801,0.90372181
frozen,1,1,1,0.001,0.1,512,3,5,4,256,6000,8.0,2633729,4,4,9977,4105,900019,4,0,6000,63,378.0,3.15,5.26365,0.90746564
frozen,1,1,1,0.001,0.1,512,3,5,4,256,6000,8.0,2633729,4,4,9977,4105,900019,4,0,6000,64,384.0,3.2,5.3472,0.91260594
frozen,1,1,1,0.001,0.1,512,3,5,4,256,6000,8.0,2633729,4,4,9977,4105,900019,4,0,6000,65,390.0,3.25,5.43075,0.91878986
frozen,1,1,1,0.001,0.1,512,3,5,4,256,6000,8.0,2633729,4,4,9977,4105,900019,4,0,6000,66,396.0,3.3,5.5143,0.92408836
frozen,1,1,1,0.001,0.1,512,3,5,4,256,6000,8.0,2633729,4,4,9977,4105,900019,4,0,6000,67,402.0,3.35,5.59785,0.92666477
frozen,1,1,1,0.001,0.1,512,3,5,4,256,6000,8.0,2633729,4,4,9977,4105,900019,4,0,6000,68,408.0,3.4,5.6814,0.92641413
frozen,1,1,1,0.001,0.1,512,3,5,4,256,6000,8.0,2633729,4,4,9977,4105,900019,4,0,6000,69,414.0,3.45,5.76495,0.92425311
frozen,1,1,1,0.001,0.1,512,3,5,4,256,6000,8.0,2633729,4,4,9977,4105,900019,4,0,6000,70,420.0,3.5,5.8485,0.92146951
frozen,1,1,1,0.001,0.1,512,3,5,4,256,6000,8.0,2633729,4,4,9977,4105,900019,4,0,6000,71,426.0,3.55,5.93205,0.92047578
frozen,1,1,1,0.001,0.1,512,3,5,4,256,6000,8.0,2633729,4,4,9977,4105,900019,4,0,6000,72,432.0,3.6,6.0156,0.92379212
frozen,1,1,1,0.001,0.1,512,3,5,4,256,6000,8.0,2633729,4,4,9977,4105,900019,4,0,6000,73,438.0,3.65,6.09915,0.9314996
frozen,1,1,1,0.001,0.1,512,3,5,4,256,6000,8.0,2633729,4,4,9977,4105,900019,4,0,6000,74,444.0,3.7,6.1827,0.94084126
frozen,1,1,1,0.001,0.1,512,3,5,4,256,6000,8.0,2633729,4,4,9977,4105,900019,4,0,6000,75,450.0,3.75,6.26625,0.94784886
frozen,1,1,1,0.001,0.1,512,3,5,4,256,6000,8.0,2633729,4,4,9977,4105,900019,4,0,6000,76,456.0,3.8,6.3498,0.95004916
frozen,1,1,1,0.001,0.1,512,3,5,4,256,6000,8.0,2633729,4,4,9977,4105,900019,4,0,6000,77,462.0,3.85,6.43335,0.9483791
frozen,1,1,1,0.001,0.1,512,3,5,4,256,6000,8.0,2633729,4,4,9977,4105,900019,4,0,6000,78,468.0,3.9,6.5169,0.94517159
frozen,1,1,1,0.001,0.1,512,3,5,4,256,6000,8.0,2633729,4,4,9977,4105,900019,4,0,6000,79,474.0,3.95,6.60045,0.94184059
frozen,1,1,1,0.001,0.1,512,3,5,4,256,6000,8.0,2633729,4,4,9977,4105,900019,4,0,6000,80,480.0,4.0,6.684,0.93939376
frozen,1,1,1,0.001,0.1,512,3,5,4,256,6000,8.0,2633729,4,4,9977,4105,900019,4,0,6000,81,486.0,4.05,6.76755,0.93917638
frozen,1,1,1,0.001,0.1,512,3,5,4,256,6000,8.0,2633729,4,4,9977,4105,900019,4,0,6000,82,492.0,4.1,6.8511,0.94181818
frozen,1,1,1,0.001,0.1,512,3,5,4,256,6000,8.0,2633729,4,4,9977,4105,900019,4,0,6000,83,498.0,4.15,6.93465,0.94651055
frozen,1,1,1,0.001,0.1,512,3,5,4,256,6000,8.0,2633729,4,4,9977,4105,900019,4,0,6000,84,504.0,4.2,7.0182,0.95239079
frozen,1,1,1,0.001,0.1,512,3,5,4,256,6000,8.0,2633729,4,4,9977,4105,900019,4,0,6000,85,510.0,4.25,7.10175,0.9590438
frozen,1,1,1,0.001,0.1,512,3,5,4,256,6000,8.0,2633729,4,4,9977,4105,900019,4,0,6000,86,516.0,4.3,7.1853,0.96571606
frozen,1,1,1,0.001,0.1,512,3,5,4,256,6000,8.0,2633729,4,4,9977,4105,900019,4,0,6000,87,522.0,4.35,7.26885,0.97125053
frozen,1,1,1,0.001,0.1,512,3,5,4,256,6000,8.0,2633729,4,4,9977,4105,900019,4,0,6000,88,528.0,4.4,7.3524,0.97449881
frozen,1,1,1,0.001,0.1,512,3,5,4,256,6000,8.0,2633729,4,4,9977,4105,900019,4,0,6000,89,534.0,4.45,7.43595,0.97521454
frozen,1,1,1,0.001,0.1,512,3,5,4,256,6000,8.0,2633729,4,4,9977,4105,900019,4,0,6000,90,540.0,4.5,7.5195,0.97443515
frozen,1,1,1,0.001,0.1,512,3,5,4,256,6000,8.0,2633729,4,4,9977,4105,900019,4,0,6000,91,546.0,4.55,7.60305,0.97281873
frozen,1,1,1,0.001,0.1,512,3,5,4,256,6000,8.0,2633729,4,4,9977,4105,900019,4,0,6000,92,552.0,4.6,7.6866,0.96956581
frozen,1,1,1,0.001,0.1,512,3,5,4,256,6000,8.0,2633729,4,4,9977,4105,900019,4,0,6000,93,558.0,4.65,7.77015,0.96497482
frozen,1,1,1,0.001,0.1,512,3,5,4,256,6000,8.0,2633729,4,4,9977,4105,900019,4,0,6000,94,564.0,4.7,7.8537,0.96121424
frozen,1,1,1,0.001,0.1,512,3,5,4,256,6000,8.0,2633729,4,4,9977,4105,900019,4,0,6000,95,570.0,4.75,7.93725,0.96015596
frozen,1,1,1,0.001,0.1,512,3,5,4,256,6000,8.0,2633729,4,4,9977,4105,900019,4,0,6000,96,576.0,4.8,8.0208,0.96208316
frozen,1,1,1,0.001,0.1,512,3,5,4,256,6000,8.0,2633729,4,4,9977,4105,900019,4,0,6000,97,582.0,4.85,8.10435,0.9659158
frozen,1,1,1,0.001,0.1,512,3,5,4,256,6000,8.0,2633729,4,4,9977,4105,900019,4,0,6000,98,588.0,4.9,8.1879,0.97064978
frozen,1,1,1,0.001,0.1,512,3,5,4,256,6000,8.0,2633729,4,4,9977,4105,900019,4,0,6000,99,594.0,4.95,8.27145,0.9749279
frozen,1,1,1,0.001,0.1,512,3,5,4,256,6000,8.0,2633729,4,4,9977,4105,900019,4,0,6000,100,600.0,5.0,8.355,0.9765985
frozen,1,1,1,0.001,0.1,512,3,5,4,256,6000,8.0,2633729,4,4,9977,4105,900019,4,0,6000,101,606.0,5.05,8.43855,0.97507048
frozen,1,1,1,0.001,0.1,512,3,5,4,256,6000,8.0,2633729,4,4,9977,4105,900019,4,0,6000,102,612.0,5.1,8.5221,0.97290629
frozen,1,1,1,0.001,0.1,512,3,5,4,256,6000,8.0,2633729,4,4,9977,4105,900019,4,0,6000,103,618.0,5.15,8.60565,0.97332233
frozen,1,1,1,0.001,0.1,512,3,5,4,256,6000,8.0,2633729,4,4,9977,4105,900019,4,0,6000,104,624.0,5.2,8.6892,0.97673565
frozen,1,1,1,0.001,0.1,512,3,5,4,256,6000,8.0,2633729,4,4,9977,4105,900019,4,0,6000,105,630.0,5.25,8.77275,0.98021686
frozen,1,1,1,0.001,0.1,512,3,5,4,256,6000,8.0,2633729,4,4,9977,4105,900019,4,0,6000,106,636.0,5.3,8.8563,0.98117644
frozen,1,1,1,0.001,0.1,512,3,5,4,256,6000,8.0,2633729,4,4,9977,4105,900019,4,0,6000,107,642.0,5.35,8.93985,0.97978455
frozen,1,1,1,0.001,0.1,512,3,5,4,256,6000,8.0,2633729,4,4,9977,4105,900019,4,0,6000,108,648.0,5.4,9.0234,0.97663355
frozen,1,1,1,0.001,0.1,512,3,5,4,256,6000,8.0,2633729,4,4,9977,4105,900019,4,0,6000,109,654.0,5.45,9.10695,0.97193319
frozen,1,1,1,0.001,0.1,512,3,5,4,256,6000,8.0,2633729,4,4,9977,4105,900019,4,0,6000,110,660.0,5.5,9.1905,0.96675181
frozen,1,1,1,0.001,0.1,512,3,5,4,256,6000,8.0,2633729,4,4,9977,4105,900019,4,0,6000,111,666.0,5.55,9.27405,0.96308583
frozen,1,1,1,0.001,0.1,512,3,5,4,256,6000,8.0,2633729,4,4,9977,4105,900019,4,0,6000,112,672.0,5.6,9.3576,0.96256465
frozen,1,1,1,0.001,0.1,512,3,5,4,256,6000,8.0,2633729,4,4,9977,4105,900019,4,0,6000,113,678.0,5.65,9.44115,0.96482199
frozen,1,1,1,0.001,0.1,512,3,5,4,256,6000,8.0,2633729,4,4,9977,4105,900019,4,0,6000,114,684.0,5.7,9.5247,0.96834052
frozen,1,1,1,0.001,0.1,512,3,5,4,256,6000,8.0,2633729,4,4,9977,4105,900019,4,0,6000,115,690.0,5.75,9.60825,0.97280252
frozen,1,1,1,0.001,0.1,512,3,5,4,256,6000,8.0,2633729,4,4,9977,4105,900019,4,0,6000,116,696.0,5.8,9.6918,0.97833091
frozen,1,1,1,0.001,0.1,512,3,5,4,256,6000,8.0,2633729,4,4,9977,4105,900019,4,0,6000,117,702.0,5.85,9.77535,0.98349541
frozen,1,1,1,0.001,0.1,512,3,5,4,256,6000,8.0,2633729,4,4,9977,4105,900019,4,0,6000,118,708.0,5.9,9.8589,0.98639971
frozen,1,1,1,0.001,0.1,512,3,5,4,256,6000,8.0,2633729,4,4,9977,4105,900019,4,0,6000,119,714.0,5.95,9.94245,0.98710233
frozen,1,1,1,0.001,0.1,512,3,5,4,256,6000,8.0,2633729,4,4,9977,4105,900019,4,0,6000,120,720.0,6.0,10.026,0.98775685
frozen,1,1,1,0.001,0.1,512,3,5,4,256,6000,8.0,2633729,4,4,9977,4106,900020,5,0,6000,1,6.0,0.05,0.08355,0.07390676
frozen,1,1,1,0.001,0.1,512,3,5,4,256,6000,8.0,2633729,4,4,9977,4106,900020,5,0,6000,2,12.0,0.1,0.1671,0.09230648
frozen,1,1,1,0.001,0.1,512,3,5,4,256,6000,8.0,2633729,4,4,9977,4106,900020,5,0,6000,3,18.0,0.15,0.25065,0.11548582
frozen,1,1,1,0.001,0.1,512,3,5,4,256,6000,8.0,2633729,4,4,9977,4106,900020,5,0,6000,4,24.0,0.2,0.3342,0.14182425
frozen,1,1,1,0.001,0.1,512,3,5,4,256,6000,8.0,2633729,4,4,9977,4106,900020,5,0,6000,5,30.0,0.25,0.41775,0.16909873
frozen,1,1,1,0.001,0.1,512,3,5,4,256,6000,8.0,2633729,4,4,9977,4106,900020,5,0,6000,6,36.0,0.3,0.5013,0.19610256
frozen,1,1,1,0.001,0.1,512,3,5,4,256,6000,8.0,2633729,4,4,9977,4106,900020,5,0,6000,7,42.0,0.35,0.58485,0.22303179
frozen,1,1,1,0.001,0.1,512,3,5,4,256,6000,8.0,2633729,4,4,9977,4106,900020,5,0,6000,8,48.0,0.4,0.6684,0.25139272
frozen,1,1,1,0.001,0.1,512,3,5,4,256,6000,8.0,2633729,4,4,9977,4106,900020,5,0,6000,9,54.0,0.45,0.75195,0.28321883
frozen,1,1,1,0.001,0.1,512,3,5,4,256,6000,8.0,2633729,4,4,9977,4106,900020,5,0,6000,10,60.0,0.5,0.8355,0.31816185
frozen,1,1,1,0.001,0.1,512,3,5,4,256,6000,8.0,2633729,4,4,9977,4106,900020,5,0,6000,11,66.0,0.55,0.91905,0.35333496
frozen,1,1,1,0.001,0.1,512,3,5,4,256,6000,8.0,2633729,4,4,9977,4106,900020,5,0,6000,12,72.0,0.6,1.0026,0.38702503
frozen,1,1,1,0.001,0.1,512,3,5,4,256,6000,8.0,2633729,4,4,9977,4106,900020,5,0,6000,13,78.0,0.65,1.08615,0.41883364
frozen,1,1,1,0.001,0.1,512,3,5,4,256,6000,8.0,2633729,4,4,9977,4106,900020,5,0,6000,14,84.0,0.7,1.1697,0.44812095
frozen,1,1,1,0.001,0.1,512,3,5,4,256,6000,8.0,2633729,4,4,9977,4106,900020,5,0,6000,15,90.0,0.75,1.25325,0.4741497
frozen,1,1,1,0.001,0.1,512,3,5,4,256,6000,8.0,2633729,4,4,9977,4106,900020,5,0,6000,16,96.0,0.8,1.3368,0.49707174
frozen,1,1,1,0.001,0.1,512,3,5,4,256,6000,8.0,2633729,4,4,9977,4106,900020,5,0,6000,17,102.0,0.85,1.42035,0.51771694
frozen,1,1,1,0.001,0.1,512,3,5,4,256,6000,8.0,2633729,4,4,9977,4106,900020,5,0,6000,18,108.0,0.9,1.5039,0.53673989
frozen,1,1,1,0.001,0.1,512,3,5,4,256,6000,8.0,2633729,4,4,9977,4106,900020,5,0,6000,19,114.0,0.95,1.58745,0.55421734
frozen,1,1,1,0.001,0.1,512,3,5,4,256,6000,8.0,2633729,4,4,9977,4106,900020,5,0,6000,20,120.0,1.0,1.671,0.57026255
frozen,1,1,1,0.001,0.1,512,3,5,4,256,6000,8.0,2633729,4,4,9977,4106,900020,5,0,6000,21,126.0,1.05,1.75455,0.5862025
frozen,1,1,1,0.001,0.1,512,3,5,4,256,6000,8.0,2633729,4,4,9977,4106,900020,5,0,6000,22,132.0,1.1,1.8381,0.60324049
frozen,1,1,1,0.001,0.1,512,3,5,4,256,6000,8.0,2633729,4,4,9977,4106,900020,5,0,6000,23,138.0,1.15,1.92165,0.62110239
frozen,1,1,1,0.001,0.1,512,3,5,4,256,6000,8.0,2633729,4,4,9977,4106,900020,5,0,6000,24,144.0,1.2,2.0052,0.63796622
frozen,1,1,1,0.001,0.1,512,3,5,4,256,6000,8.0,2633729,4,4,9977,4106,900020,5,0,6000,25,150.0,1.25,2.08875,0.65121835
frozen,1,1,1,0.001,0.1,512,3,5,4,256,6000,8.0,2633729,4,4,9977,4106,900020,5,0,6000,26,156.0,1.3,2.1723,0.66069877
frozen,1,1,1,0.001,0.1,512,3,5,4,256,6000,8.0,2633729,4,4,9977,4106,900020,5,0,6000,27,162.0,1.35,2.25585,0.66944271
frozen,1,1,1,0.001,0.1,512,3,5,4,256,6000,8.0,2633729,4,4,9977,4106,900020,5,0,6000,28,168.0,1.4,2.3394,0.68024528
frozen,1,1,1,0.001,0.1,512,3,5,4,256,6000,8.0,2633729,4,4,9977,4106,900020,5,0,6000,29,174.0,1.45,2.42295,0.693838
frozen,1,1,1,0.001,0.1,512,3,5,4,256,6000,8.0,2633729,4,4,9977,4106,900020,5,0,6000,30,180.0,1.5,2.5065,0.70920604
frozen,1,1,1,0.001,0.1,512,3,5,4,256,6000,8.0,2633729,4,4,9977,4106,900020,5,0,6000,31,186.0,1.55,2.59005,0.72465104
frozen,1,1,1,0.001,0.1,512,3,5,4,256,6000,8.0,2633729,4,4,9977,4106,900020,5,0,6000,32,192.0,1.6,2.6736,0.74011719
frozen,1,1,1,0.001,0.1,512,3,5,4,256,6000,8.0,2633729,4,4,9977,4106,900020,5,0,6000,33,198.0,1.65,2.75715,0.75689316
frozen,1,1,1,0.001,0.1,512,3,5,4,256,6000,8.0,2633729,4,4,9977,4106,900020,5,0,6000,34,204.0,1.7,2.8407,0.77486539
frozen,1,1,1,0.001,0.1,512,3,5,4,256,6000,8.0,2633729,4,4,9977,4106,900020,5,0,6000,35,210.0,1.75,2.92425,0.79114681
frozen,1,1,1,0.001,0.1,512,3,5,4,256,6000,8.0,2633729,4,4,9977,4106,900020,5,0,6000,36,216.0,1.8,3.0078,0.80222011
frozen,1,1,1,0.001,0.1,512,3,5,4,256,6000,8.0,2633729,4,4,9977,4106,900020,5,0,6000,37,222.0,1.85,3.09135,0.8081308
frozen,1,1,1,0.001,0.1,512,3,5,4,256,6000,8.0,2633729,4,4,9977,4106,900020,5,0,6000,38,228.0,1.9,3.1749,0.81201017
frozen,1,1,1,0.001,0.1,512,3,5,4,256,6000,8.0,2633729,4,4,9977,4106,900020,5,0,6000,39,234.0,1.95,3.25845,0.8161121
frozen,1,1,1,0.001,0.1,512,3,5,4,256,6000,8.0,2633729,4,4,9977,4106,900020,5,0,6000,40,240.0,2.0,3.342,0.82062751
frozen,1,1,1,0.001,0.1,512,3,5,4,256,6000,8.0,2633729,4,4,9977,4106,900020,5,0,6000,41,246.0,2.05,3.42555,0.82550508
frozen,1,1,1,0.001,0.1,512,3,5,4,256,6000,8.0,2633729,4,4,9977,4106,900020,5,0,6000,42,252.0,2.1,3.5091,0.83138096
frozen,1,1,1,0.001,0.1,512,3,5,4,256,6000,8.0,2633729,4,4,9977,4106,900020,5,0,6000,43,258.0,2.15,3.59265,0.83818549
frozen,1,1,1,0.001,0.1,512,3,5,4,256,6000,8.0,2633729,4,4,9977,4106,900020,5,0,6000,44,264.0,2.2,3.6762,0.84392154
frozen,1,1,1,0.001,0.1,512,3,5,4,256,6000,8.0,2633729,4,4,9977,4106,900020,5,0,6000,45,270.0,2.25,3.75975,0.84676957
frozen,1,1,1,0.001,0.1,512,3,5,4,256,6000,8.0,2633729,4,4,9977,4106,900020,5,0,6000,46,276.0,2.3,3.8433,0.84801751
frozen,1,1,1,0.001,0.1,512,3,5,4,256,6000,8.0,2633729,4,4,9977,4106,900020,5,0,6000,47,282.0,2.35,3.92685,0.85051286
frozen,1,1,1,0.001,0.1,512,3,5,4,256,6000,8.0,2633729,4,4,9977,4106,900020,5,0,6000,48,288.0,2.4,4.0104,0.85540694
frozen,1,1,1,0.001,0.1,512,3,5,4,256,6000,8.0,2633729,4,4,9977,4106,900020,5,0,6000,49,294.0,2.45,4.09395,0.86172587
frozen,1,1,1,0.001,0.1,512,3,5,4,256,6000,8.0,2633729,4,4,9977,4106,900020,5,0,6000,50,300.0,2.5,4.1775,0.86795807
frozen,1,1,1,0.001,0.1,512,3,5,4,256,6000,8.0,2633729,4,4,9977,4106,900020,5,0,6000,51,306.0,2.55,4.26105,0.87343299
frozen,1,1,1,0.001,0.1,512,3,5,4,256,6000,8.0,2633729,4,4,9977,4106,900020,5,0,6000,52,312.0,2.6,4.3446,0.87771386
frozen,1,1,1,0.001,0.1,512,3,5,4,256,6000,8.0,2633729,4,4,9977,4106,900020,5,0,6000,53,318.0,2.65,4.42815,0.88062245
frozen,1,1,1,0.001,0.1,512,3,5,4,256,6000,8.0,2633729,4,4,9977,4106,900020,5,0,6000,54,324.0,2.7,4.5117,0.88283432
frozen,1,1,1,0.001,0.1,512,3,5,4,256,6000,8.0,2633729,4,4,9977,4106,900020,5,0,6000,55,330.0,2.75,4.59525,0.88488406
frozen,1,1,1,0.001,0.1,512,3,5,4,256,6000,8.0,2633729,4,4,9977,4106,900020,5,0,6000,56,336.0,2.8,4.6788,0.88681567
frozen,1,1,1,0.001,0.1,512,3,5,4,256,6000,8.0,2633729,4,4,9977,4106,900020,5,0,6000,57,342.0,2.85,4.76235,0.8886373
frozen,1,1,1,0.001,0.1,512,3,5,4,256,6000,8.0,2633729,4,4,9977,4106,900020,5,0,6000,58,348.0,2.9,4.8459,0.89071041
frozen,1,1,1,0.001,0.1,512,3,5,4,256,6000,8.0,2633729,4,4,9977,4106,900020,5,0,6000,59,354.0,2.95,4.92945,0.89371401
frozen,1,1,1,0.001,0.1,512,3,5,4,256,6000,8.0,2633729,4,4,9977,4106,900020,5,0,6000,60,360.0,3.0,5.013,0.89738077
frozen,1,1,1,0.001,0.1,512,3,5,4,256,6000,8.0,2633729,4,4,9977,4106,900020,5,0,6000,61,366.0,3.05,5.09655,0.9006713
frozen,1,1,1,0.001,0.1,512,3,5,4,256,6000,8.0,2633729,4,4,9977,4106,900020,5,0,6000,62,372.0,3.1,5.1801,0.90372181
frozen,1,1,1,0.001,0.1,512,3,5,4,256,6000,8.0,2633729,4,4,9977,4106,900020,5,0,6000,63,378.0,3.15,5.26365,0.90746564
frozen,1,1,1,0.001,0.1,512,3,5,4,256,6000,8.0,2633729,4,4,9977,4106,900020,5,0,6000,64,384.0,3.2,5.3472,0.91260594
frozen,1,1,1,0.001,0.1,512,3,5,4,256,6000,8.0,2633729,4,4,9977,4106,900020,5,0,6000,65,390.0,3.25,5.43075,0.91878986
frozen,1,1,1,0.001,0.1,512,3,5,4,256,6000,8.0,2633729,4,4,9977,4106,900020,5,0,6000,66,396.0,3.3,5.5143,0.92408836
frozen,1,1,1,0.001,0.1,512,3,5,4,256,6000,8.0,2633729,4,4,9977,4106,900020,5,0,6000,67,402.0,3.35,5.59785,0.92666477
frozen,1,1,1,0.001,0.1,512,3,5,4,256,6000,8.0,2633729,4,4,9977,4106,900020,5,0,6000,68,408.0,3.4,5.6814,0.92641413
frozen,1,1,1,0.001,0.1,512,3,5,4,256,6000,8.0,2633729,4,4,9977,4106,900020,5,0,6000,69,414.0,3.45,5.76495,0.92425311
frozen,1,1,1,0.001,0.1,512,3,5,4,256,6000,8.0,2633729,4,4,9977,4106,900020,5,0,6000,70,420.0,3.5,5.8485,0.92146951
frozen,1,1,1,0.001,0.1,512,3,5,4,256,6000,8.0,2633729,4,4,9977,4106,900020,5,0,6000,71,426.0,3.55,5.93205,0.92047578
frozen,1,1,1,0.001,0.1,512,3,5,4,256,6000,8.0,2633729,4,4,9977,4106,900020,5,0,6000,72,432.0,3.6,6.0156,0.92379212
frozen,1,1,1,0.001,0.1,512,3,5,4,256,6000,8.0,2633729,4,4,9977,4106,900020,5,0,6000,73,438.0,3.65,6.09915,0.9314996
frozen,1,1,1,0.001,0.1,512,3,5,4,256,6000,8.0,2633729,4,4,9977,4106,900020,5,0,6000,74,444.0,3.7,6.1827,0.94084126
frozen,1,1,1,0.001,0.1,512,3,5,4,256,6000,8.0,2633729,4,4,9977,4106,900020,5,0,6000,75,450.0,3.75,6.26625,0.94784886
frozen,1,1,1,0.001,0.1,512,3,5,4,256,6000,8.0,2633729,4,4,9977,4106,900020,5,0,6000,76,456.0,3.8,6.3498,0.95004916
frozen,1,1,1,0.001,0.1,512,3,5,4,256,6000,8.0,2633729,4,4,9977,4106,900020,5,0,6000,77,462.0,3.85,6.43335,0.9483791
frozen,1,1,1,0.001,0.1,512,3,5,4,256,6000,8.0,2633729,4,4,9977,4106,900020,5,0,6000,78,468.0,3.9,6.5169,0.94517159
frozen,1,1,1,0.001,0.1,512,3,5,4,256,6000,8.0,2633729,4,4,9977,4106,900020,5,0,6000,79,474.0,3.95,6.60045,0.94184059
frozen,1,1,1,0.001,0.1,512,3,5,4,256,6000,8.0,2633729,4,4,9977,4106,900020,5,0,6000,80,480.0,4.0,6.684,0.93939376
frozen,1,1,1,0.001,0.1,512,3,5,4,256,6000,8.0,2633729,4,4,9977,4106,900020,5,0,6000,81,486.0,4.05,6.76755,0.93917638
frozen,1,1,1,0.001,0.1,512,3,5,4,256,6000,8.0,2633729,4,4,9977,4106,900020,5,0,6000,82,492.0,4.1,6.8511,0.94181818
frozen,1,1,1,0.001,0.1,512,3,5,4,256,6000,8.0,2633729,4,4,9977,4106,900020,5,0,6000,83,498.0,4.15,6.93465,0.94651055
frozen,1,1,1,0.001,0.1,512,3,5,4,256,6000,8.0,2633729,4,4,9977,4106,900020,5,0,6000,84,504.0,4.2,7.0182,0.95239079
frozen,1,1,1,0.001,0.1,512,3,5,4,256,6000,8.0,2633729,4,4,9977,4106,900020,5,0,6000,85,510.0,4.25,7.10175,0.9590438
frozen,1,1,1,0.001,0.1,512,3,5,4,256,6000,8.0,2633729,4,4,9977,4106,900020,5,0,6000,86,516.0,4.3,7.1853,0.96571606
frozen,1,1,1,0.001,0.1,512,3,5,4,256,6000,8.0,2633729,4,4,9977,4106,900020,5,0,6000,87,522.0,4.35,7.26885,0.97125053
frozen,1,1,1,0.001,0.1,512,3,5,4,256,6000,8.0,2633729,4,4,9977,4106,900020,5,0,6000,88,528.0,4.4,7.3524,0.97449881
frozen,1,1,1,0.001,0.1,512,3,5,4,256,6000,8.0,2633729,4,4,9977,4106,900020,5,0,6000,89,534.0,4.45,7.43595,0.97521454
frozen,1,1,1,0.001,0.1,512,3,5,4,256,6000,8.0,2633729,4,4,9977,4106,900020,5,0,6000,90,540.0,4.5,7.5195,0.97443515
frozen,1,1,1,0.001,0.1,512,3,5,4,256,6000,8.0,2633729,4,4,9977,4106,900020,5,0,6000,91,546.0,4.55,7.60305,0.97281873
frozen,1,1,1,0.001,0.1,512,3,5,4,256,6000,8.0,2633729,4,4,9977,4106,900020,5,0,6000,92,552.0,4.6,7.6866,0.96956581
frozen,1,1,1,0.001,0.1,512,3,5,4,256,6000,8.0,2633729,4,4,9977,4106,900020,5,0,6000,93,558.0,4.65,7.77015,0.96497482
frozen,1,1,1,0.001,0.1,512,3,5,4,256,6000,8.0,2633729,4,4,9977,4106,900020,5,0,6000,94,564.0,4.7,7.8537,0.96121424
frozen,1,1,1,0.001,0.1,512,3,5,4,256,6000,8.0,2633729,4,4,9977,4106,900020,5,0,6000,95,570.0,4.75,7.93725,0.96015596
frozen,1,1,1,0.001,0.1,512,3,5,4,256,6000,8.0,2633729,4,4,9977,4106,900020,5,0,6000,96,576.0,4.8,8.0208,0.96208316
frozen,1,1,1,0.001,0.1,512,3,5,4,256,6000,8.0,2633729,4,4,9977,4106,900020,5,0,6000,97,582.0,4.85,8.10435,0.9659158
frozen,1,1,1,0.001,0.1,512,3,5,4,256,6000,8.0,2633729,4,4,9977,4106,900020,5,0,6000,98,588.0,4.9,8.1879,0.97064978
frozen,1,1,1,0.001,0.1,512,3,5,4,256,6000,8.0,2633729,4,4,9977,4106,900020,5,0,6000,99,594.0,4.95,8.27145,0.9749279
frozen,1,1,1,0.001,0.1,512,3,5,4,256,6000,8.0,2633729,4,4,9977,4106,900020,5,0,6000,100,600.0,5.0,8.355,0.9765985
frozen,1,1,1,0.001,0.1,512,3,5,4,256,6000,8.0,2633729,4,4,9977,4106,900020,5,0,6000,101,606.0,5.05,8.43855,0.97507048
frozen,1,1,1,0.001,0.1,512,3,5,4,256,6000,8.0,2633729,4,4,9977,4106,900020,5,0,6000,102,612.0,5.1,8.5221,0.97290629
frozen,1,1,1,0.001,0.1,512,3,5,4,256,6000,8.0,2633729,4,4,9977,4106,900020,5,0,6000,103,618.0,5.15,8.60565,0.97332233
frozen,1,1,1,0.001,0.1,512,3,5,4,256,6000,8.0,2633729,4,4,9977,4106,900020,5,0,6000,104,624.0,5.2,8.6892,0.97673565
frozen,1,1,1,0.001,0.1,512,3,5,4,256,6000,8.0,2633729,4,4,9977,4106,900020,5,0,6000,105,630.0,5.25,8.77275,0.98021686
frozen,1,1,1,0.001,0.1,512,3,5,4,256,6000,8.0,2633729,4,4,9977,4106,900020,5,0,6000,106,636.0,5.3,8.8563,0.98117644
frozen,1,1,1,0.001,0.1,512,3,5,4,256,6000,8.0,2633729,4,4,9977,4106,900020,5,0,6000,107,642.0,5.35,8.93985,0.97978455
frozen,1,1,1,0.001,0.1,512,3,5,4,256,6000,8.0,2633729,4,4,9977,4106,900020,5,0,6000,108,648.0,5.4,9.0234,0.97663355
frozen,1,1,1,0.001,0.1,512,3,5,4,256,6000,8.0,2633729,4,4,9977,4106,900020,5,0,6000,109,654.0,5.45,9.10695,0.97193319
frozen,1,1,1,0.001,0.1,512,3,5,4,256,6000,8.0,2633729,4,4,9977,4106,900020,5,0,6000,110,660.0,5.5,9.1905,0.96675181
frozen,1,1,1,0.001,0.1,512,3,5,4,256,6000,8.0,2633729,4,4,9977,4106,900020,5,0,6000,111,666.0,5.55,9.27405,0.96308583
frozen,1,1,1,0.001,0.1,512,3,5,4,256,6000,8.0,2633729,4,4,9977,4106,900020,5,0,6000,112,672.0,5.6,9.3576,0.96256465
frozen,1,1,1,0.001,0.1,512,3,5,4,256,6000,8.0,2633729,4,4,9977,4106,900020,5,0,6000,113,678.0,5.65,9.44115,0.96482199
frozen,1,1,1,0.001,0.1,512,3,5,4,256,6000,8.0,2633729,4,4,9977,4106,900020,5,0,6000,114,684.0,5.7,9.5247,0.96834052
frozen,1,1,1,0.001,0.1,512,3,5,4,256,6000,8.0,2633729,4,4,9977,4106,900020,5,0,6000,115,690.0,5.75,9.60825,0.97280252
frozen,1,1,1,0.001,0.1,512,3,5,4,256,6000,8.0,2633729,4,4,9977,4106,900020,5,0,6000,116,696.0,5.8,9.6918,0.97833091
frozen,1,1,1,0.001,0.1,512,3,5,4,256,6000,8.0,2633729,4,4,9977,4106,900020,5,0,6000,117,702.0,5.85,9.77535,0.98349541
frozen,1,1,1,0.001,0.1,512,3,5,4,256,6000,8.0,2633729,4,4,9977,4106,900020,5,0,6000,118,708.0,5.9,9.8589,0.98639971
frozen,1,1,1,0.001,0.1,512,3,5,4,256,6000,8.0,2633729,4,4,9977,4106,900020,5,0,6000,119,714.0,5.95,9.94245,0.98710233
frozen,1,1,1,0.001,0.1,512,3,5,4,256,6000,8.0,2633729,4,4,9977,4106,900020,5,0,6000,120,720.0,6.0,10.026,0.98775685
frozen,1,1,1,0.001,0.1,512,3,5,4,256,6000,8.0,2633729,4,4,9977,4107,900021,6,0,6000,1,6.0,0.05,0.08355,0.07390676
frozen,1,1,1,0.001,0.1,512,3,5,4,256,6000,8.0,2633729,4,4,9977,4107,900021,6,0,6000,2,12.0,0.1,0.1671,0.09230648
frozen,1,1,1,0.001,0.1,512,3,5,4,256,6000,8.0,2633729,4,4,9977,4107,900021,6,0,6000,3,18.0,0.15,0.25065,0.11548582
frozen,1,1,1,0.001,0.1,512,3,5,4,256,6000,8.0,2633729,4,4,9977,4107,900021,6,0,6000,4,24.0,0.2,0.3342,0.14182425
frozen,1,1,1,0.001,0.1,512,3,5,4,256,6000,8.0,2633729,4,4,9977,4107,900021,6,0,6000,5,30.0,0.25,0.41775,0.16909873
frozen,1,1,1,0.001,0.1,512,3,5,4,256,6000,8.0,2633729,4,4,9977,4107,900021,6,0,6000,6,36.0,0.3,0.5013,0.19610256
frozen,1,1,1,0.001,0.1,512,3,5,4,256,6000,8.0,2633729,4,4,9977,4107,900021,6,0,6000,7,42.0,0.35,0.58485,0.22303179
frozen,1,1,1,0.001,0.1,512,3,5,4,256,6000,8.0,2633729,4,4,9977,4107,900021,6,0,6000,8,48.0,0.4,0.6684,0.25139272
frozen,1,1,1,0.001,0.1,512,3,5,4,256,6000,8.0,2633729,4,4,9977,4107,900021,6,0,6000,9,54.0,0.45,0.75195,0.28321883
frozen,1,1,1,0.001,0.1,512,3,5,4,256,6000,8.0,2633729,4,4,9977,4107,900021,6,0,6000,10,60.0,0.5,0.8355,0.31816185
frozen,1,1,1,0.001,0.1,512,3,5,4,256,6000,8.0,2633729,4,4,9977,4107,900021,6,0,6000,11,66.0,0.55,0.91905,0.35333496
frozen,1,1,1,0.001,0.1,512,3,5,4,256,6000,8.0,2633729,4,4,9977,4107,900021,6,0,6000,12,72.0,0.6,1.0026,0.38702503
frozen,1,1,1,0.001,0.1,512,3,5,4,256,6000,8.0,2633729,4,4,9977,4107,900021,6,0,6000,13,78.0,0.65,1.08615,0.41883364
frozen,1,1,1,0.001,0.1,512,3,5,4,256,6000,8.0,2633729,4,4,9977,4107,900021,6,0,6000,14,84.0,0.7,1.1697,0.44812095
frozen,1,1,1,0.001,0.1,512,3,5,4,256,6000,8.0,2633729,4,4,9977,4107,900021,6,0,6000,15,90.0,0.75,1.25325,0.4741497
frozen,1,1,1,0.001,0.1,512,3,5,4,256,6000,8.0,2633729,4,4,9977,4107,900021,6,0,6000,16,96.0,0.8,1.3368,0.49707174
frozen,1,1,1,0.001,0.1,512,3,5,4,256,6000,8.0,2633729,4,4,9977,4107,900021,6,0,6000,17,102.0,0.85,1.42035,0.51771694
frozen,1,1,1,0.001,0.1,512,3,5,4,256,6000,8.0,2633729,4,4,9977,4107,900021,6,0,6000,18,108.0,0.9,1.5039,0.53673989
frozen,1,1,1,0.001,0.1,512,3,5,4,256,6000,8.0,2633729,4,4,9977,4107,900021,6,0,6000,19,114.0,0.95,1.58745,0.55421734
frozen,1,1,1,0.001,0.1,512,3,5,4,256,6000,8.0,2633729,4,4,9977,4107,900021,6,0,6000,20,120.0,1.0,1.671,0.57026255
frozen,1,1,1,0.001,0.1,512,3,5,4,256,6000,8.0,2633729,4,4,9977,4107,900021,6,0,6000,21,126.0,1.05,1.75455,0.5862025
frozen,1,1,1,0.001,0.1,512,3,5,4,256,6000,8.0,2633729,4,4,9977,4107,900021,6,0,6000,22,132.0,1.1,1.8381,0.60324049
frozen,1,1,1,0.001,0.1,512,3,5,4,256,6000,8.0,2633729,4,4,9977,4107,900021,6,0,6000,23,138.0,1.15,1.92165,0.62110239
frozen,1,1,1,0.001,0.1,512,3,5,4,256,6000,8.0,2633729,4,4,9977,4107,900021,6,0,6000,24,144.0,1.2,2.0052,0.63796622
frozen,1,1,1,0.001,0.1,512,3,5,4,256,6000,8.0,2633729,4,4,9977,4107,900021,6,0,6000,25,150.0,1.25,2.08875,0.65121835
frozen,1,1,1,0.001,0.1,512,3,5,4,256,6000,8.0,2633729,4,4,9977,4107,900021,6,0,6000,26,156.0,1.3,2.1723,0.66069877
frozen,1,1,1,0.001,0.1,512,3,5,4,256,6000,8.0,2633729,4,4,9977,4107,900021,6,0,6000,27,162.0,1.35,2.25585,0.66944271
frozen,1,1,1,0.001,0.1,512,3,5,4,256,6000,8.0,2633729,4,4,9977,4107,900021,6,0,6000,28,168.0,1.4,2.3394,0.68024528
frozen,1,1,1,0.001,0.1,512,3,5,4,256,6000,8.0,2633729,4,4,9977,4107,900021,6,0,6000,29,174.0,1.45,2.42295,0.693838
frozen,1,1,1,0.001,0.1,512,3,5,4,256,6000,8.0,2633729,4,4,9977,4107,900021,6,0,6000,30,180.0,1.5,2.5065,0.70920604
frozen,1,1,1,0.001,0.1,512,3,5,4,256,6000,8.0,2633729,4,4,9977,4107,900021,6,0,6000,31,186.0,1.55,2.59005,0.72465104
frozen,1,1,1,0.001,0.1,512,3,5,4,256,6000,8.0,2633729,4,4,9977,4107,900021,6,0,6000,32,192.0,1.6,2.6736,0.74011719
frozen,1,1,1,0.001,0.1,512,3,5,4,256,6000,8.0,2633729,4,4,9977,4107,900021,6,0,6000,33,198.0,1.65,2.75715,0.75689316
frozen,1,1,1,0.001,0.1,512,3,5,4,256,6000,8.0,2633729,4,4,9977,4107,900021,6,0,6000,34,204.0,1.7,2.8407,0.77486539
frozen,1,1,1,0.001,0.1,512,3,5,4,256,6000,8.0,2633729,4,4,9977,4107,900021,6,0,6000,35,210.0,1.75,2.92425,0.79114681
frozen,1,1,1,0.001,0.1,512,3,5,4,256,6000,8.0,2633729,4,4,9977,4107,900021,6,0,6000,36,216.0,1.8,3.0078,0.80222011
frozen,1,1,1,0.001,0.1,512,3,5,4,256,6000,8.0,2633729,4,4,9977,4107,900021,6,0,6000,37,222.0,1.85,3.09135,0.8081308
frozen,1,1,1,0.001,0.1,512,3,5,4,256,6000,8.0,2633729,4,4,9977,4107,900021,6,0,6000,38,228.0,1.9,3.1749,0.81201017
frozen,1,1,1,0.001,0.1,512,3,5,4,256,6000,8.0,2633729,4,4,9977,4107,900021,6,0,6000,39,234.0,1.95,3.25845,0.8161121
frozen,1,1,1,0.001,0.1,512,3,5,4,256,6000,8.0,2633729,4,4,9977,4107,900021,6,0,6000,40,240.0,2.0,3.342,0.82062751
frozen,1,1,1,0.001,0.1,512,3,5,4,256,6000,8.0,2633729,4,4,9977,4107,900021,6,0,6000,41,246.0,2.05,3.42555,0.82550508
frozen,1,1,1,0.001,0.1,512,3,5,4,256,6000,8.0,2633729,4,4,9977,4107,900021,6,0,6000,42,252.0,2.1,3.5091,0.83138096
frozen,1,1,1,0.001,0.1,512,3,5,4,256,6000,8.0,2633729,4,4,9977,4107,900021,6,0,6000,43,258.0,2.15,3.59265,0.83818549
frozen,1,1,1,0.001,0.1,512,3,5,4,256,6000,8.0,2633729,4,4,9977,4107,900021,6,0,6000,44,264.0,2.2,3.6762,0.84392154
frozen,1,1,1,0.001,0.1,512,3,5,4,256,6000,8.0,2633729,4,4,9977,4107,900021,6,0,6000,45,270.0,2.25,3.75975,0.84676957
frozen,1,1,1,0.001,0.1,512,3,5,4,256,6000,8.0,2633729,4,4,9977,4107,900021,6,0,6000,46,276.0,2.3,3.8433,0.84801751
frozen,1,1,1,0.001,0.1,512,3,5,4,256,6000,8.0,2633729,4,4,9977,4107,900021,6,0,6000,47,282.0,2.35,3.92685,0.85051286
frozen,1,1,1,0.001,0.1,512,3,5,4,256,6000,8.0,2633729,4,4,9977,4107,900021,6,0,6000,48,288.0,2.4,4.0104,0.85540694
frozen,1,1,1,0.001,0.1,512,3,5,4,256,6000,8.0,2633729,4,4,9977,4107,900021,6,0,6000,49,294.0,2.45,4.09395,0.86172587
frozen,1,1,1,0.001,0.1,512,3,5,4,256,6000,8.0,2633729,4,4,9977,4107,900021,6,0,6000,50,300.0,2.5,4.1775,0.86795807
frozen,1,1,1,0.001,0.1,512,3,5,4,256,6000,8.0,2633729,4,4,9977,4107,900021,6,0,6000,51,306.0,2.55,4.26105,0.87343299
frozen,1,1,1,0.001,0.1,512,3,5,4,256,6000,8.0,2633729,4,4,9977,4107,900021,6,0,6000,52,312.0,2.6,4.3446,0.87771386
frozen,1,1,1,0.001,0.1,512,3,5,4,256,6000,8.0,2633729,4,4,9977,4107,900021,6,0,6000,53,318.0,2.65,4.42815,0.88062245
frozen,1,1,1,0.001,0.1,512,3,5,4,256,6000,8.0,2633729,4,4,9977,4107,900021,6,0,6000,54,324.0,2.7,4.5117,0.88283432
frozen,1,1,1,0.001,0.1,512,3,5,4,256,6000,8.0,2633729,4,4,9977,4107,900021,6,0,6000,55,330.0,2.75,4.59525,0.88488406
frozen,1,1,1,0.001,0.1,512,3,5,4,256,6000,8.0,2633729,4,4,9977,4107,900021,6,0,6000,56,336.0,2.8,4.6788,0.88681567
frozen,1,1,1,0.001,0.1,512,3,5,4,256,6000,8.0,2633729,4,4,9977,4107,900021,6,0,6000,57,342.0,2.85,4.76235,0.8886373
frozen,1,1,1,0.001,0.1,512,3,5,4,256,6000,8.0,2633729,4,4,9977,4107,900021,6,0,6000,58,348.0,2.9,4.8459,0.89071041
frozen,1,1,1,0.001,0.1,512,3,5,4,256,6000,8.0,2633729,4,4,9977,4107,900021,6,0,6000,59,354.0,2.95,4.92945,0.89371401
frozen,1,1,1,0.001,0.1,512,3,5,4,256,6000,8.0,2633729,4,4,9977,4107,900021,6,0,6000,60,360.0,3.0,5.013,0.89738077
frozen,1,1,1,0.001,0.1,512,3,5,4,256,6000,8.0,2633729,4,4,9977,4107,900021,6,0,6000,61,366.0,3.05,5.09655,0.9006713
frozen,1,1,1,0.001,0.1,512,3,5,4,256,6000,8.0,2633729,4,4,9977,4107,900021,6,0,6000,62,372.0,3.1,5.1801,0.90372181
frozen,1,1,1,0.001,0.1,512,3,5,4,256,6000,8.0,2633729,4,4,9977,4107,900021,6,0,6000,63,378.0,3.15,5.26365,0.90746564
frozen,1,1,1,0.001,0.1,512,3,5,4,256,6000,8.0,2633729,4,4,9977,4107,900021,6,0,6000,64,384.0,3.2,5.3472,0.91260594
frozen,1,1,1,0.001,0.1,512,3,5,4,256,6000,8.0,2633729,4,4,9977,4107,900021,6,0,6000,65,390.0,3.25,5.43075,0.91878986
frozen,1,1,1,0.001,0.1,512,3,5,4,256,6000,8.0,2633729,4,4,9977,4107,900021,6,0,6000,66,396.0,3.3,5.5143,0.92408836
frozen,1,1,1,0.001,0.1,512,3,5,4,256,6000,8.0,2633729,4,4,9977,4107,900021,6,0,6000,67,402.0,3.35,5.59785,0.92666477
frozen,1,1,1,0.001,0.1,512,3,5,4,256,6000,8.0,2633729,4,4,9977,4107,900021,6,0,6000,68,408.0,3.4,5.6814,0.92641413
frozen,1,1,1,0.001,0.1,512,3,5,4,256,6000,8.0,2633729,4,4,9977,4107,900021,6,0,6000,69,414.0,3.45,5.76495,0.92425311
frozen,1,1,1,0.001,0.1,512,3,5,4,256,6000,8.0,2633729,4,4,9977,4107,900021,6,0,6000,70,420.0,3.5,5.8485,0.92146951
frozen,1,1,1,0.001,0.1,512,3,5,4,256,6000,8.0,2633729,4,4,9977,4107,900021,6,0,6000,71,426.0,3.55,5.93205,0.92047578
frozen,1,1,1,0.001,0.1,512,3,5,4,256,6000,8.0,2633729,4,4,9977,4107,900021,6,0,6000,72,432.0,3.6,6.0156,0.92379212
frozen,1,1,1,0.001,0.1,512,3,5,4,256,6000,8.0,2633729,4,4,9977,4107,900021,6,0,6000,73,438.0,3.65,6.09915,0.9314996
frozen,1,1,1,0.001,0.1,512,3,5,4,256,6000,8.0,2633729,4,4,9977,4107,900021,6,0,6000,74,444.0,3.7,6.1827,0.94084126
frozen,1,1,1,0.001,0.1,512,3,5,4,256,6000,8.0,2633729,4,4,9977,4107,900021,6,0,6000,75,450.0,3.75,6.26625,0.94784886
frozen,1,1,1,0.001,0.1,512,3,5,4,256,6000,8.0,2633729,4,4,9977,4107,900021,6,0,6000,76,456.0,3.8,6.3498,0.95004916
frozen,1,1,1,0.001,0.1,512,3,5,4,256,6000,8.0,2633729,4,4,9977,4107,900021,6,0,6000,77,462.0,3.85,6.43335,0.9483791
frozen,1,1,1,0.001,0.1,512,3,5,4,256,6000,8.0,2633729,4,4,9977,4107,900021,6,0,6000,78,468.0,3.9,6.5169,0.94517159
frozen,1,1,1,0.001,0.1,512,3,5,4,256,6000,8.0,2633729,4,4,9977,4107,900021,6,0,6000,79,474.0,3.95,6.60045,0.94184059
frozen,1,1,1,0.001,0.1,512,3,5,4,256,6000,8.0,2633729,4,4,9977,4107,900021,6,0,6000,80,480.0,4.0,6.684,0.93939376
frozen,1,1,1,0.001,0.1,512,3,5,4,256,6000,8.0,2633729,4,4,9977,4107,900021,6,0,6000,81,486.0,4.05,6.76755,0.93917638
frozen,1,1,1,0.001,0.1,512,3,5,4,256,6000,8.0,2633729,4,4,9977,4107,900021,6,0,6000,82,492.0,4.1,6.8511,0.94181818
frozen,1,1,1,0.001,0.1,512,3,5,4,256,6000,8.0,2633729,4,4,9977,4107,900021,6,0,6000,83,498.0,4.15,6.93465,0.94651055
frozen,1,1,1,0.001,0.1,512,3,5,4,256,6000,8.0,2633729,4,4,9977,4107,900021,6,0,6000,84,504.0,4.2,7.0182,0.95239079
frozen,1,1,1,0.001,0.1,512,3,5,4,256,6000,8.0,2633729,4,4,9977,4107,900021,6,0,6000,85,510.0,4.25,7.10175,0.9590438
frozen,1,1,1,0.001,0.1,512,3,5,4,256,6000,8.0,2633729,4,4,9977,4107,900021,6,0,6000,86,516.0,4.3,7.1853,0.96571606
frozen,1,1,1,0.001,0.1,512,3,5,4,256,6000,8.0,2633729,4,4,9977,4107,900021,6,0,6000,87,522.0,4.35,7.26885,0.97125053
frozen,1,1,1,0.001,0.1,512,3,5,4,256,6000,8.0,2633729,4,4,9977,4107,900021,6,0,6000,88,528.0,4.4,7.3524,0.97449881
frozen,1,1,1,0.001,0.1,512,3,5,4,256,6000,8.0,2633729,4,4,9977,4107,900021,6,0,6000,89,534.0,4.45,7.43595,0.97521454
frozen,1,1,1,0.001,0.1,512,3,5,4,256,6000,8.0,2633729,4,4,9977,4107,900021,6,0,6000,90,540.0,4.5,7.5195,0.97443515
frozen,1,1,1,0.001,0.1,512,3,5,4,256,6000,8.0,2633729,4,4,9977,4107,900021,6,0,6000,91,546.0,4.55,7.60305,0.97281873
frozen,1,1,1,0.001,0.1,512,3,5,4,256,6000,8.0,2633729,4,4,9977,4107,900021,6,0,6000,92,552.0,4.6,7.6866,0.96956581
frozen,1,1,1,0.001,0.1,512,3,5,4,256,6000,8.0,2633729,4,4,9977,4107,900021,6,0,6000,93,558.0,4.65,7.77015,0.96497482
frozen,1,1,1,0.001,0.1,512,3,5,4,256,6000,8.0,2633729,4,4,9977,4107,900021,6,0,6000,94,564.0,4.7,7.8537,0.96121424
frozen,1,1,1,0.001,0.1,512,3,5,4,256,6000,8.0,2633729,4,4,9977,4107,900021,6,0,6000,95,570.0,4.75,7.93725,0.96015596
frozen,1,1,1,0.001,0.1,512,3,5,4,256,6000,8.0,2633729,4,4,9977,4107,900021,6,0,6000,96,576.0,4.8,8.0208,0.96208316
frozen,1,1,1,0.001,0.1,512,3,5,4,256,6000,8.0,2633729,4,4,9977,4107,900021,6,0,6000,97,582.0,4.85,8.10435,0.9659158
frozen,1,1,1,0.001,0.1,512,3,5,4,256,6000,8.0,2633729,4,4,9977,4107,900021,6,0,6000,98,588.0,4.9,8.1879,0.97064978
frozen,1,1,1,0.001,0.1,512,3,5,4,256,6000,8.0,2633729,4,4,9977,4107,900021,6,0,6000,99,594.0,4.95,8.27145,0.9749279
frozen,1,1,1,0.001,0.1,512,3,5,4,256,6000,8.0,2633729,4,4,9977,4107,900021,6,0,6000,100,600.0,5.0,8.355,0.9765985
frozen,1,1,1,0.001,0.1,512,3,5,4,256,6000,8.0,2633729,4,4,9977,4107,900021,6,0,6000,101,606.0,5.05,8.43855,0.97507048
frozen,1,1,1,0.001,0.1,512,3,5,4,256,6000,8.0,2633729,4,4,9977,4107,900021,6,0,6000,102,612.0,5.1,8.5221,0.97290629
frozen,1,1,1,0.001,0.1,512,3,5,4,256,6000,8.0,2633729,4,4,9977,4107,900021,6,0,6000,103,618.0,5.15,8.60565,0.97332233
frozen,1,1,1,0.001,0.1,512,3,5,4,256,6000,8.0,2633729,4,4,9977,4107,900021,6,0,6000,104,624.0,5.2,8.6892,0.97673565
frozen,1,1,1,0.001,0.1,512,3,5,4,256,6000,8.0,2633729,4,4,9977,4107,900021,6,0,6000,105,630.0,5.25,8.77275,0.98021686
frozen,1,1,1,0.001,0.1,512,3,5,4,256,6000,8.0,2633729,4,4,9977,4107,900021,6,0,6000,106,636.0,5.3,8.8563,0.98117644
frozen,1,1,1,0.001,0.1,512,3,5,4,256,6000,8.0,2633729,4,4,9977,4107,900021,6,0,6000,107,642.0,5.35,8.93985,0.97978455
frozen,1,1,1,0.001,0.1,512,3,5,4,256,6000,8.0,2633729,4,4,9977,4107,900021,6,0,6000,108,648.0,5.4,9.0234,0.97663355
frozen,1,1,1,0.001,0.1,512,3,5,4,256,6000,8.0,2633729,4,4,9977,4107,900021,6,0,6000,109,654.0,5.45,9.10695,0.97193319
frozen,1,1,1,0.001,0.1,512,3,5,4,256,6000,8.0,2633729,4,4,9977,4107,900021,6,0,6000,110,660.0,5.5,9.1905,0.96675181
frozen,1,1,1,0.001,0.1,512,3,5,4,256,6000,8.0,2633729,4,4,9977,4107,900021,6,0,6000,111,666.0,5.55,9.27405,0.96308583
frozen,1,1,1,0.001,0.1,512,3,5,4,256,6000,8.0,2633729,4,4,9977,4107,900021,6,0,6000,112,672.0,5.6,9.3576,0.96256465
frozen,1,1,1,0.001,0.1,512,3,5,4,256,6000,8.0,2633729,4,4,9977,4107,900021,6,0,6000,113,678.0,5.65,9.44115,0.96482199
frozen,1,1,1,0.001,0.1,512,3,5,4,256,6000,8.0,2633729,4,4,9977,4107,900021,6,0,6000,114,684.0,5.7,9.5247,0.96834052
frozen,1,1,1,0.001,0.1,512,3,5,4,256,6000,8.0,2633729,4,4,9977,4107,900021,6,0,6000,115,690.0,5.75,9.60825,0.97280252
frozen,1,1,1,0.001,0.1,512,3,5,4,256,6000,8.0,2633729,4,4,9977,4107,900021,6,0,6000,116,696.0,5.8,9.6918,0.97833091
frozen,1,1,1,0.001,0.1,512,3,5,4,256,6000,8.0,2633729,4,4,9977,4107,900021,6,0,6000,117,702.0,5.85,9.77535,0.98349541
frozen,1,1,1,0.001,0.1,512,3,5,4,256,6000,8.0,2633729,4,4,9977,4107,900021,6,0,6000,118,708.0,5.9,9.8589,0.98639971
frozen,1,1,1,0.001,0.1,512,3,5,4,256,6000,8.0,2633729,4,4,9977,4107,900021,6,0,6000,119,714.0,5.95,9.94245,0.98710233
frozen,1,1,1,0.001,0.1,512,3,5,4,256,6000,8.0,2633729,4,4,9977,4107,900021,6,0,6000,120,720.0,6.0,10.026,0.98775685
frozen,1,1,1,0.001,0.1,512,3,5,4,256,6000,8.0,2633729,4,4,9977,4108,900022,7,0,6000,1,6.0,0.05,0.08355,0.07390676
frozen,1,1,1,0.001,0.1,512,3,5,4,256,6000,8.0,2633729,4,4,9977,4108,900022,7,0,6000,2,12.0,0.1,0.1671,0.09230648
frozen,1,1,1,0.001,0.1,512,3,5,4,256,6000,8.0,2633729,4,4,9977,4108,900022,7,0,6000,3,18.0,0.15,0.25065,0.11548582
frozen,1,1,1,0.001,0.1,512,3,5,4,256,6000,8.0,2633729,4,4,9977,4108,900022,7,0,6000,4,24.0,0.2,0.3342,0.14182425
frozen,1,1,1,0.001,0.1,512,3,5,4,256,6000,8.0,2633729,4,4,9977,4108,900022,7,0,6000,5,30.0,0.25,0.41775,0.16909873
frozen,1,1,1,0.001,0.1,512,3,5,4,256,6000,8.0,2633729,4,4,9977,4108,900022,7,0,6000,6,36.0,0.3,0.5013,0.19610256
frozen,1,1,1,0.001,0.1,512,3,5,4,256,6000,8.0,2633729,4,4,9977,4108,900022,7,0,6000,7,42.0,0.35,0.58485,0.22303179
frozen,1,1,1,0.001,0.1,512,3,5,4,256,6000,8.0,2633729,4,4,9977,4108,900022,7,0,6000,8,48.0,0.4,0.6684,0.25139272
frozen,1,1,1,0.001,0.1,512,3,5,4,256,6000,8.0,2633729,4,4,9977,4108,900022,7,0,6000,9,54.0,0.45,0.75195,0.28321883
frozen,1,1,1,0.001,0.1,512,3,5,4,256,6000,8.0,2633729,4,4,9977,4108,900022,7,0,6000,10,60.0,0.5,0.8355,0.31816185
frozen,1,1,1,0.001,0.1,512,3,5,4,256,6000,8.0,2633729,4,4,9977,4108,900022,7,0,6000,11,66.0,0.55,0.91905,0.35333496
frozen,1,1,1,0.001,0.1,512,3,5,4,256,6000,8.0,2633729,4,4,9977,4108,900022,7,0,6000,12,72.0,0.6,1.0026,0.38702503
frozen,1,1,1,0.001,0.1,512,3,5,4,256,6000,8.0,2633729,4,4,9977,4108,900022,7,0,6000,13,78.0,0.65,1.08615,0.41883364
frozen,1,1,1,0.001,0.1,512,3,5,4,256,6000,8.0,2633729,4,4,9977,4108,900022,7,0,6000,14,84.0,0.7,1.1697,0.44812095
frozen,1,1,1,0.001,0.1,512,3,5,4,256,6000,8.0,2633729,4,4,9977,4108,900022,7,0,6000,15,90.0,0.75,1.25325,0.4741497
frozen,1,1,1,0.001,0.1,512,3,5,4,256,6000,8.0,2633729,4,4,9977,4108,900022,7,0,6000,16,96.0,0.8,1.3368,0.49707174
frozen,1,1,1,0.001,0.1,512,3,5,4,256,6000,8.0,2633729,4,4,9977,4108,900022,7,0,6000,17,102.0,0.85,1.42035,0.51771694
frozen,1,1,1,0.001,0.1,512,3,5,4,256,6000,8.0,2633729,4,4,9977,4108,900022,7,0,6000,18,108.0,0.9,1.5039,0.53673989
frozen,1,1,1,0.001,0.1,512,3,5,4,256,6000,8.0,2633729,4,4,9977,4108,900022,7,0,6000,19,114.0,0.95,1.58745,0.55421734
frozen,1,1,1,0.001,0.1,512,3,5,4,256,6000,8.0,2633729,4,4,9977,4108,900022,7,0,6000,20,120.0,1.0,1.671,0.57026255
frozen,1,1,1,0.001,0.1,512,3,5,4,256,6000,8.0,2633729,4,4,9977,4108,900022,7,0,6000,21,126.0,1.05,1.75455,0.5862025
frozen,1,1,1,0.001,0.1,512,3,5,4,256,6000,8.0,2633729,4,4,9977,4108,900022,7,0,6000,22,132.0,1.1,1.8381,0.60324049
frozen,1,1,1,0.001,0.1,512,3,5,4,256,6000,8.0,2633729,4,4,9977,4108,900022,7,0,6000,23,138.0,1.15,1.92165,0.62110239
frozen,1,1,1,0.001,0.1,512,3,5,4,256,6000,8.0,2633729,4,4,9977,4108,900022,7,0,6000,24,144.0,1.2,2.0052,0.63796622
frozen,1,1,1,0.001,0.1,512,3,5,4,256,6000,8.0,2633729,4,4,9977,4108,900022,7,0,6000,25,150.0,1.25,2.08875,0.65121835
frozen,1,1,1,0.001,0.1,512,3,5,4,256,6000,8.0,2633729,4,4,9977,4108,900022,7,0,6000,26,156.0,1.3,2.1723,0.66069877
frozen,1,1,1,0.001,0.1,512,3,5,4,256,6000,8.0,2633729,4,4,9977,4108,900022,7,0,6000,27,162.0,1.35,2.25585,0.66944271
frozen,1,1,1,0.001,0.1,512,3,5,4,256,6000,8.0,2633729,4,4,9977,4108,900022,7,0,6000,28,168.0,1.4,2.3394,0.68024528
frozen,1,1,1,0.001,0.1,512,3,5,4,256,6000,8.0,2633729,4,4,9977,4108,900022,7,0,6000,29,174.0,1.45,2.42295,0.693838
frozen,1,1,1,0.001,0.1,512,3,5,4,256,6000,8.0,2633729,4,4,9977,4108,900022,7,0,6000,30,180.0,1.5,2.5065,0.70920604
frozen,1,1,1,0.001,0.1,512,3,5,4,256,6000,8.0,2633729,4,4,9977,4108,900022,7,0,6000,31,186.0,1.55,2.59005,0.72465104
frozen,1,1,1,0.001,0.1,512,3,5,4,256,6000,8.0,2633729,4,4,9977,4108,900022,7,0,6000,32,192.0,1.6,2.6736,0.74011719
frozen,1,1,1,0.001,0.1,512,3,5,4,256,6000,8.0,2633729,4,4,9977,4108,900022,7,0,6000,33,198.0,1.65,2.75715,0.75689316
frozen,1,1,1,0.001,0.1,512,3,5,4,256,6000,8.0,2633729,4,4,9977,4108,900022,7,0,6000,34,204.0,1.7,2.8407,0.77486539
frozen,1,1,1,0.001,0.1,512,3,5,4,256,6000,8.0,2633729,4,4,9977,4108,900022,7,0,6000,35,210.0,1.75,2.92425,0.79114681
frozen,1,1,1,0.001,0.1,512,3,5,4,256,6000,8.0,2633729,4,4,9977,4108,900022,7,0,6000,36,216.0,1.8,3.0078,0.80222011
frozen,1,1,1,0.001,0.1,512,3,5,4,256,6000,8.0,2633729,4,4,9977,4108,900022,7,0,6000,37,222.0,1.85,3.09135,0.8081308
frozen,1,1,1,0.001,0.1,512,3,5,4,256,6000,8.0,2633729,4,4,9977,4108,900022,7,0,6000,38,228.0,1.9,3.1749,0.81201017
frozen,1,1,1,0.001,0.1,512,3,5,4,256,6000,8.0,2633729,4,4,9977,4108,900022,7,0,6000,39,234.0,1.95,3.25845,0.8161121
frozen,1,1,1,0.001,0.1,512,3,5,4,256,6000,8.0,2633729,4,4,9977,4108,900022,7,0,6000,40,240.0,2.0,3.342,0.82062751
frozen,1,1,1,0.001,0.1,512,3,5,4,256,6000,8.0,2633729,4,4,9977,4108,900022,7,0,6000,41,246.0,2.05,3.42555,0.82550508
frozen,1,1,1,0.001,0.1,512,3,5,4,256,6000,8.0,2633729,4,4,9977,4108,900022,7,0,6000,42,252.0,2.1,3.5091,0.83138096
frozen,1,1,1,0.001,0.1,512,3,5,4,256,6000,8.0,2633729,4,4,9977,4108,900022,7,0,6000,43,258.0,2.15,3.59265,0.83818549
frozen,1,1,1,0.001,0.1,512,3,5,4,256,6000,8.0,2633729,4,4,9977,4108,900022,7,0,6000,44,264.0,2.2,3.6762,0.84392154
frozen,1,1,1,0.001,0.1,512,3,5,4,256,6000,8.0,2633729,4,4,9977,4108,900022,7,0,6000,45,270.0,2.25,3.75975,0.84676957
frozen,1,1,1,0.001,0.1,512,3,5,4,256,6000,8.0,2633729,4,4,9977,4108,900022,7,0,6000,46,276.0,2.3,3.8433,0.84801751
frozen,1,1,1,0.001,0.1,512,3,5,4,256,6000,8.0,2633729,4,4,9977,4108,900022,7,0,6000,47,282.0,2.35,3.92685,0.85051286
frozen,1,1,1,0.001,0.1,512,3,5,4,256,6000,8.0,2633729,4,4,9977,4108,900022,7,0,6000,48,288.0,2.4,4.0104,0.85540694
frozen,1,1,1,0.001,0.1,512,3,5,4,256,6000,8.0,2633729,4,4,9977,4108,900022,7,0,6000,49,294.0,2.45,4.09395,0.86172587
frozen,1,1,1,0.001,0.1,512,3,5,4,256,6000,8.0,2633729,4,4,9977,4108,900022,7,0,6000,50,300.0,2.5,4.1775,0.86795807
frozen,1,1,1,0.001,0.1,512,3,5,4,256,6000,8.0,2633729,4,4,9977,4108,900022,7,0,6000,51,306.0,2.55,4.26105,0.87343299
frozen,1,1,1,0.001,0.1,512,3,5,4,256,6000,8.0,2633729,4,4,9977,4108,900022,7,0,6000,52,312.0,2.6,4.3446,0.87771386
frozen,1,1,1,0.001,0.1,512,3,5,4,256,6000,8.0,2633729,4,4,9977,4108,900022,7,0,6000,53,318.0,2.65,4.42815,0.88062245
frozen,1,1,1,0.001,0.1,512,3,5,4,256,6000,8.0,2633729,4,4,9977,4108,900022,7,0,6000,54,324.0,2.7,4.5117,0.88283432
frozen,1,1,1,0.001,0.1,512,3,5,4,256,6000,8.0,2633729,4,4,9977,4108,900022,7,0,6000,55,330.0,2.75,4.59525,0.88488406
frozen,1,1,1,0.001,0.1,512,3,5,4,256,6000,8.0,2633729,4,4,9977,4108,900022,7,0,6000,56,336.0,2.8,4.6788,0.88681567
frozen,1,1,1,0.001,0.1,512,3,5,4,256,6000,8.0,2633729,4,4,9977,4108,900022,7,0,6000,57,342.0,2.85,4.76235,0.8886373
frozen,1,1,1,0.001,0.1,512,3,5,4,256,6000,8.0,2633729,4,4,9977,4108,900022,7,0,6000,58,348.0,2.9,4.8459,0.89071041
frozen,1,1,1,0.001,0.1,512,3,5,4,256,6000,8.0,2633729,4,4,9977,4108,900022,7,0,6000,59,354.0,2.95,4.92945,0.89371401
frozen,1,1,1,0.001,0.1,512,3,5,4,256,6000,8.0,2633729,4,4,9977,4108,900022,7,0,6000,60,360.0,3.0,5.013,0.89738077
frozen,1,1,1,0.001,0.1,512,3,5,4,256,6000,8.0,2633729,4,4,9977,4108,900022,7,0,6000,61,366.0,3.05,5.09655,0.9006713
frozen,1,1,1,0.001,0.1,512,3,5,4,256,6000,8.0,2633729,4,4,9977,4108,900022,7,0,6000,62,372.0,3.1,5.1801,0.90372181
frozen,1,1,1,0.001,0.1,512,3,5,4,256,6000,8.0,2633729,4,4,9977,4108,900022,7,0,6000,63,378.0,3.15,5.26365,0.90746564
frozen,1,1,1,0.001,0.1,512,3,5,4,256,6000,8.0,2633729,4,4,9977,4108,900022,7,0,6000,64,384.0,3.2,5.3472,0.91260594
frozen,1,1,1,0.001,0.1,512,3,5,4,256,6000,8.0,2633729,4,4,9977,4108,900022,7,0,6000,65,390.0,3.25,5.43075,0.91878986
frozen,1,1,1,0.001,0.1,512,3,5,4,256,6000,8.0,2633729,4,4,9977,4108,900022,7,0,6000,66,396.0,3.3,5.5143,0.92408836
frozen,1,1,1,0.001,0.1,512,3,5,4,256,6000,8.0,2633729,4,4,9977,4108,900022,7,0,6000,67,402.0,3.35,5.59785,0.92666477
frozen,1,1,1,0.001,0.1,512,3,5,4,256,6000,8.0,2633729,4,4,9977,4108,900022,7,0,6000,68,408.0,3.4,5.6814,0.92641413
frozen,1,1,1,0.001,0.1,512,3,5,4,256,6000,8.0,2633729,4,4,9977,4108,900022,7,0,6000,69,414.0,3.45,5.76495,0.92425311
frozen,1,1,1,0.001,0.1,512,3,5,4,256,6000,8.0,2633729,4,4,9977,4108,900022,7,0,6000,70,420.0,3.5,5.8485,0.92146951
frozen,1,1,1,0.001,0.1,512,3,5,4,256,6000,8.0,2633729,4,4,9977,4108,900022,7,0,6000,71,426.0,3.55,5.93205,0.92047578
frozen,1,1,1,0.001,0.1,512,3,5,4,256,6000,8.0,2633729,4,4,9977,4108,900022,7,0,6000,72,432.0,3.6,6.0156,0.92379212
frozen,1,1,1,0.001,0.1,512,3,5,4,256,6000,8.0,2633729,4,4,9977,4108,900022,7,0,6000,73,438.0,3.65,6.09915,0.9314996
frozen,1,1,1,0.001,0.1,512,3,5,4,256,6000,8.0,2633729,4,4,9977,4108,900022,7,0,6000,74,444.0,3.7,6.1827,0.94084126
frozen,1,1,1,0.001,0.1,512,3,5,4,256,6000,8.0,2633729,4,4,9977,4108,900022,7,0,6000,75,450.0,3.75,6.26625,0.94784886
frozen,1,1,1,0.001,0.1,512,3,5,4,256,6000,8.0,2633729,4,4,9977,4108,900022,7,0,6000,76,456.0,3.8,6.3498,0.95004916
frozen,1,1,1,0.001,0.1,512,3,5,4,256,6000,8.0,2633729,4,4,9977,4108,900022,7,0,6000,77,462.0,3.85,6.43335,0.9483791
frozen,1,1,1,0.001,0.1,512,3,5,4,256,6000,8.0,2633729,4,4,9977,4108,900022,7,0,6000,78,468.0,3.9,6.5169,0.94517159
frozen,1,1,1,0.001,0.1,512,3,5,4,256,6000,8.0,2633729,4,4,9977,4108,900022,7,0,6000,79,474.0,3.95,6.60045,0.94184059
frozen,1,1,1,0.001,0.1,512,3,5,4,256,6000,8.0,2633729,4,4,9977,4108,900022,7,0,6000,80,480.0,4.0,6.684,0.93939376
frozen,1,1,1,0.001,0.1,512,3,5,4,256,6000,8.0,2633729,4,4,9977,4108,900022,7,0,6000,81,486.0,4.05,6.76755,0.93917638
frozen,1,1,1,0.001,0.1,512,3,5,4,256,6000,8.0,2633729,4,4,9977,4108,900022,7,0,6000,82,492.0,4.1,6.8511,0.94181818
frozen,1,1,1,0.001,0.1,512,3,5,4,256,6000,8.0,2633729,4,4,9977,4108,900022,7,0,6000,83,498.0,4.15,6.93465,0.94651055
frozen,1,1,1,0.001,0.1,512,3,5,4,256,6000,8.0,2633729,4,4,9977,4108,900022,7,0,6000,84,504.0,4.2,7.0182,0.95239079
frozen,1,1,1,0.001,0.1,512,3,5,4,256,6000,8.0,2633729,4,4,9977,4108,900022,7,0,6000,85,510.0,4.25,7.10175,0.9590438
frozen,1,1,1,0.001,0.1,512,3,5,4,256,6000,8.0,2633729,4,4,9977,4108,900022,7,0,6000,86,516.0,4.3,7.1853,0.96571606
frozen,1,1,1,0.001,0.1,512,3,5,4,256,6000,8.0,2633729,4,4,9977,4108,900022,7,0,6000,87,522.0,4.35,7.26885,0.97125053
frozen,1,1,1,0.001,0.1,512,3,5,4,256,6000,8.0,2633729,4,4,9977,4108,900022,7,0,6000,88,528.0,4.4,7.3524,0.97449881
frozen,1,1,1,0.001,0.1,512,3,5,4,256,6000,8.0,2633729,4,4,9977,4108,900022,7,0,6000,89,534.0,4.45,7.43595,0.97521454
frozen,1,1,1,0.001,0.1,512,3,5,4,256,6000,8.0,2633729,4,4,9977,4108,900022,7,0,6000,90,540.0,4.5,7.5195,0.97443515
frozen,1,1,1,0.001,0.1,512,3,5,4,256,6000,8.0,2633729,4,4,9977,4108,900022,7,0,6000,91,546.0,4.55,7.60305,0.97281873
frozen,1,1,1,0.001,0.1,512,3,5,4,256,6000,8.0,2633729,4,4,9977,4108,900022,7,0,6000,92,552.0,4.6,7.6866,0.96956581
frozen,1,1,1,0.001,0.1,512,3,5,4,256,6000,8.0,2633729,4,4,9977,4108,900022,7,0,6000,93,558.0,4.65,7.77015,0.96497482
frozen,1,1,1,0.001,0.1,512,3,5,4,256,6000,8.0,2633729,4,4,9977,4108,900022,7,0,6000,94,564.0,4.7,7.8537,0.96121424
frozen,1,1,1,0.001,0.1,512,3,5,4,256,6000,8.0,2633729,4,4,9977,4108,900022,7,0,6000,95,570.0,4.75,7.93725,0.96015596
frozen,1,1,1,0.001,0.1,512,3,5,4,256,6000,8.0,2633729,4,4,9977,4108,900022,7,0,6000,96,576.0,4.8,8.0208,0.96208316
frozen,1,1,1,0.001,0.1,512,3,5,4,256,6000,8.0,2633729,4,4,9977,4108,900022,7,0,6000,97,582.0,4.85,8.10435,0.9659158
frozen,1,1,1,0.001,0.1,512,3,5,4,256,6000,8.0,2633729,4,4,9977,4108,900022,7,0,6000,98,588.0,4.9,8.1879,0.97064978
frozen,1,1,1,0.001,0.1,512,3,5,4,256,6000,8.0,2633729,4,4,9977,4108,900022,7,0,6000,99,594.0,4.95,8.27145,0.9749279
frozen,1,1,1,0.001,0.1,512,3,5,4,256,6000,8.0,2633729,4,4,9977,4108,900022,7,0,6000,100,600.0,5.0,8.355,0.9765985
frozen,1,1,1,0.001,0.1,512,3,5,4,256,6000,8.0,2633729,4,4,9977,4108,900022,7,0,6000,101,606.0,5.05,8.43855,0.97507048
frozen,1,1,1,0.001,0.1,512,3,5,4,256,6000,8.0,2633729,4,4,9977,4108,900022,7,0,6000,102,612.0,5.1,8.5221,0.97290629
frozen,1,1,1,0.001,0.1,512,3,5,4,256,6000,8.0,2633729,4,4,9977,4108,900022,7,0,6000,103,618.0,5.15,8.60565,0.97332233
frozen,1,1,1,0.001,0.1,512,3,5,4,256,6000,8.0,2633729,4,4,9977,4108,900022,7,0,6000,104,624.0,5.2,8.6892,0.97673565
frozen,1,1,1,0.001,0.1,512,3,5,4,256,6000,8.0,2633729,4,4,9977,4108,900022,7,0,6000,105,630.0,5.25,8.77275,0.98021686
frozen,1,1,1,0.001,0.1,512,3,5,4,256,6000,8.0,2633729,4,4,9977,4108,900022,7,0,6000,106,636.0,5.3,8.8563,0.98117644
frozen,1,1,1,0.001,0.1,512,3,5,4,256,6000,8.0,2633729,4,4,9977,4108,900022,7,0,6000,107,642.0,5.35,8.93985,0.97978455
frozen,1,1,1,0.001,0.1,512,3,5,4,256,6000,8.0,2633729,4,4,9977,4108,900022,7,0,6000,108,648.0,5.4,9.0234,0.97663355
frozen,1,1,1,0.001,0.1,512,3,5,4,256,6000,8.0,2633729,4,4,9977,4108,900022,7,0,6000,109,654.0,5.45,9.10695,0.97193319
frozen,1,1,1,0.001,0.1,512,3,5,4,256,6000,8.0,2633729,4,4,9977,4108,900022,7,0,6000,110,660.0,5.5,9.1905,0.96675181
frozen,1,1,1,0.001,0.1,512,3,5,4,256,6000,8.0,2633729,4,4,9977,4108,900022,7,0,6000,111,666.0,5.55,9.27405,0.96308583
frozen,1,1,1,0.001,0.1,512,3,5,4,256,6000,8.0,2633729,4,4,9977,4108,900022,7,0,6000,112,672.0,5.6,9.3576,0.96256465
frozen,1,1,1,0.001,0.1,512,3,5,4,256,6000,8.0,2633729,4,4,9977,4108,900022,7,0,6000,113,678.0,5.65,9.44115,0.96482199
frozen,1,1,1,0.001,0.1,512,3,5,4,256,6000,8.0,2633729,4,4,9977,4108,900022,7,0,6000,114,684.0,5.7,9.5247,0.96834052
frozen,1,1,1,0.001,0.1,512,3,5,4,256,6000,8.0,2633729,4,4,9977,4108,900022,7,0,6000,115,690.0,5.75,9.60825,0.97280252
frozen,1,1,1,0.001,0.1,512,3,5,4,256,6000,8.0,2633729,4,4,9977,4108,900022,7,0,6000,116,696.0,5.8,9.6918,0.97833091
frozen,1,1,1,0.001,0.1,512,3,5,4,256,6000,8.0,2633729,4,4,9977,4108,900022,7,0,6000,117,702.0,5.85,9.77535,0.98349541
frozen,1,1,1,0.001,0.1,512,3,5,4,256,6000,8.0,2633729,4,4,9977,4108,900022,7,0,6000,118,708.0,5.9,9.8589,0.98639971
frozen,1,1,1,0.001,0.1,512,3,5,4,256,6000,8.0,2633729,4,4,9977,4108,900022,7,0,6000,119,714.0,5.95,9.94245,0.98710233
frozen,1,1,1,0.001,0.1,512,3,5,4,256,6000,8.0,2633729,4,4,9977,4108,900022,7,0,6000,120,720.0,6.0,10.026,0.98775685
frozen,1,1,1,0.001,0.1,512,3,5,4,256,6000,8.0,2633729,4,4,9977,4109,900023,8,0,6000,1,6.0,0.05,0.08355,0.07390676
frozen,1,1,1,0.001,0.1,512,3,5,4,256,6000,8.0,2633729,4,4,9977,4109,900023,8,0,6000,2,12.0,0.1,0.1671,0.09230648
frozen,1,1,1,0.001,0.1,512,3,5,4,256,6000,8.0,2633729,4,4,9977,4109,900023,8,0,6000,3,18.0,0.15,0.25065,0.11548582
frozen,1,1,1,0.001,0.1,512,3,5,4,256,6000,8.0,2633729,4,4,9977,4109,900023,8,0,6000,4,24.0,0.2,0.3342,0.14182425
frozen,1,1,1,0.001,0.1,512,3,5,4,256,6000,8.0,2633729,4,4,9977,4109,900023,8,0,6000,5,30.0,0.25,0.41775,0.16909873
frozen,1,1,1,0.001,0.1,512,3,5,4,256,6000,8.0,2633729,4,4,9977,4109,900023,8,0,6000,6,36.0,0.3,0.5013,0.19610256
frozen,1,1,1,0.001,0.1,512,3,5,4,256,6000,8.0,2633729,4,4,9977,4109,900023,8,0,6000,7,42.0,0.35,0.58485,0.22303179
frozen,1,1,1,0.001,0.1,512,3,5,4,256,6000,8.0,2633729,4,4,9977,4109,900023,8,0,6000,8,48.0,0.4,0.6684,0.25139272
frozen,1,1,1,0.001,0.1,512,3,5,4,256,6000,8.0,2633729,4,4,9977,4109,900023,8,0,6000,9,54.0,0.45,0.75195,0.28321883
frozen,1,1,1,0.001,0.1,512,3,5,4,256,6000,8.0,2633729,4,4,9977,4109,900023,8,0,6000,10,60.0,0.5,0.8355,0.31816185
frozen,1,1,1,0.001,0.1,512,3,5,4,256,6000,8.0,2633729,4,4,9977,4109,900023,8,0,6000,11,66.0,0.55,0.91905,0.35333496
frozen,1,1,1,0.001,0.1,512,3,5,4,256,6000,8.0,2633729,4,4,9977,4109,900023,8,0,6000,12,72.0,0.6,1.0026,0.38702503
frozen,1,1,1,0.001,0.1,512,3,5,4,256,6000,8.0,2633729,4,4,9977,4109,900023,8,0,6000,13,78.0,0.65,1.08615,0.41883364
frozen,1,1,1,0.001,0.1,512,3,5,4,256,6000,8.0,2633729,4,4,9977,4109,900023,8,0,6000,14,84.0,0.7,1.1697,0.44812095
frozen,1,1,1,0.001,0.1,512,3,5,4,256,6000,8.0,2633729,4,4,9977,4109,900023,8,0,6000,15,90.0,0.75,1.25325,0.4741497
frozen,1,1,1,0.001,0.1,512,3,5,4,256,6000,8.0,2633729,4,4,9977,4109,900023,8,0,6000,16,96.0,0.8,1.3368,0.49707174
frozen,1,1,1,0.001,0.1,512,3,5,4,256,6000,8.0,2633729,4,4,9977,4109,900023,8,0,6000,17,102.0,0.85,1.42035,0.51771694
frozen,1,1,1,0.001,0.1,512,3,5,4,256,6000,8.0,2633729,4,4,9977,4109,900023,8,0,6000,18,108.0,0.9,1.5039,0.53673989
frozen,1,1,1,0.001,0.1,512,3,5,4,256,6000,8.0,2633729,4,4,9977,4109,900023,8,0,6000,19,114.0,0.95,1.58745,0.55421734
frozen,1,1,1,0.001,0.1,512,3,5,4,256,6000,8.0,2633729,4,4,9977,4109,900023,8,0,6000,20,120.0,1.0,1.671,0.57026255
frozen,1,1,1,0.001,0.1,512,3,5,4,256,6000,8.0,2633729,4,4,9977,4109,900023,8,0,6000,21,126.0,1.05,1.75455,0.5862025
frozen,1,1,1,0.001,0.1,512,3,5,4,256,6000,8.0,2633729,4,4,9977,4109,900023,8,0,6000,22,132.0,1.1,1.8381,0.60324049
frozen,1,1,1,0.001,0.1,512,3,5,4,256,6000,8.0,2633729,4,4,9977,4109,900023,8,0,6000,23,138.0,1.15,1.92165,0.62110239
frozen,1,1,1,0.001,0.1,512,3,5,4,256,6000,8.0,2633729,4,4,9977,4109,900023,8,0,6000,24,144.0,1.2,2.0052,0.63796622
frozen,1,1,1,0.001,0.1,512,3,5,4,256,6000,8.0,2633729,4,4,9977,4109,900023,8,0,6000,25,150.0,1.25,2.08875,0.65121835
frozen,1,1,1,0.001,0.1,512,3,5,4,256,6000,8.0,2633729,4,4,9977,4109,900023,8,0,6000,26,156.0,1.3,2.1723,0.66069877
frozen,1,1,1,0.001,0.1,512,3,5,4,256,6000,8.0,2633729,4,4,9977,4109,900023,8,0,6000,27,162.0,1.35,2.25585,0.66944271
frozen,1,1,1,0.001,0.1,512,3,5,4,256,6000,8.0,2633729,4,4,9977,4109,900023,8,0,6000,28,168.0,1.4,2.3394,0.68024528
frozen,1,1,1,0.001,0.1,512,3,5,4,256,6000,8.0,2633729,4,4,9977,4109,900023,8,0,6000,29,174.0,1.45,2.42295,0.693838
frozen,1,1,1,0.001,0.1,512,3,5,4,256,6000,8.0,2633729,4,4,9977,4109,900023,8,0,6000,30,180.0,1.5,2.5065,0.70920604
frozen,1,1,1,0.001,0.1,512,3,5,4,256,6000,8.0,2633729,4,4,9977,4109,900023,8,0,6000,31,186.0,1.55,2.59005,0.72465104
frozen,1,1,1,0.001,0.1,512,3,5,4,256,6000,8.0,2633729,4,4,9977,4109,900023,8,0,6000,32,192.0,1.6,2.6736,0.74011719
frozen,1,1,1,0.001,0.1,512,3,5,4,256,6000,8.0,2633729,4,4,9977,4109,900023,8,0,6000,33,198.0,1.65,2.75715,0.75689316
frozen,1,1,1,0.001,0.1,512,3,5,4,256,6000,8.0,2633729,4,4,9977,4109,900023,8,0,6000,34,204.0,1.7,2.8407,0.77486539
frozen,1,1,1,0.001,0.1,512,3,5,4,256,6000,8.0,2633729,4,4,9977,4109,900023,8,0,6000,35,210.0,1.75,2.92425,0.79114681
frozen,1,1,1,0.001,0.1,512,3,5,4,256,6000,8.0,2633729,4,4,9977,4109,900023,8,0,6000,36,216.0,1.8,3.0078,0.80222011
frozen,1,1,1,0.001,0.1,512,3,5,4,256,6000,8.0,2633729,4,4,9977,4109,900023,8,0,6000,37,222.0,1.85,3.09135,0.8081308
frozen,1,1,1,0.001,0.1,512,3,5,4,256,6000,8.0,2633729,4,4,9977,4109,900023,8,0,6000,38,228.0,1.9,3.1749,0.81201017
frozen,1,1,1,0.001,0.1,512,3,5,4,256,6000,8.0,2633729,4,4,9977,4109,900023,8,0,6000,39,234.0,1.95,3.25845,0.8161121
frozen,1,1,1,0.001,0.1,512,3,5,4,256,6000,8.0,2633729,4,4,9977,4109,900023,8,0,6000,40,240.0,2.0,3.342,0.82062751
frozen,1,1,1,0.001,0.1,512,3,5,4,256,6000,8.0,2633729,4,4,9977,4109,900023,8,0,6000,41,246.0,2.05,3.42555,0.82550508
frozen,1,1,1,0.001,0.1,512,3,5,4,256,6000,8.0,2633729,4,4,9977,4109,900023,8,0,6000,42,252.0,2.1,3.5091,0.83138096
frozen,1,1,1,0.001,0.1,512,3,5,4,256,6000,8.0,2633729,4,4,9977,4109,900023,8,0,6000,43,258.0,2.15,3.59265,0.83818549
frozen,1,1,1,0.001,0.1,512,3,5,4,256,6000,8.0,2633729,4,4,9977,4109,900023,8,0,6000,44,264.0,2.2,3.6762,0.84392154
frozen,1,1,1,0.001,0.1,512,3,5,4,256,6000,8.0,2633729,4,4,9977,4109,900023,8,0,6000,45,270.0,2.25,3.75975,0.84676957
frozen,1,1,1,0.001,0.1,512,3,5,4,256,6000,8.0,2633729,4,4,9977,4109,900023,8,0,6000,46,276.0,2.3,3.8433,0.84801751
frozen,1,1,1,0.001,0.1,512,3,5,4,256,6000,8.0,2633729,4,4,9977,4109,900023,8,0,6000,47,282.0,2.35,3.92685,0.85051286
frozen,1,1,1,0.001,0.1,512,3,5,4,256,6000,8.0,2633729,4,4,9977,4109,900023,8,0,6000,48,288.0,2.4,4.0104,0.85540694
frozen,1,1,1,0.001,0.1,512,3,5,4,256,6000,8.0,2633729,4,4,9977,4109,900023,8,0,6000,49,294.0,2.45,4.09395,0.86172587
frozen,1,1,1,0.001,0.1,512,3,5,4,256,6000,8.0,2633729,4,4,9977,4109,900023,8,0,6000,50,300.0,2.5,4.1775,0.86795807
frozen,1,1,1,0.001,0.1,512,3,5,4,256,6000,8.0,2633729,4,4,9977,4109,900023,8,0,6000,51,306.0,2.55,4.26105,0.87343299
frozen,1,1,1,0.001,0.1,512,3,5,4,256,6000,8.0,2633729,4,4,9977,4109,900023,8,0,6000,52,312.0,2.6,4.3446,0.87771386
frozen,1,1,1,0.001,0.1,512,3,5,4,256,6000,8.0,2633729,4,4,9977,4109,900023,8,0,6000,53,318.0,2.65,4.42815,0.88062245
frozen,1,1,1,0.001,0.1,512,3,5,4,256,6000,8.0,2633729,4,4,9977,4109,900023,8,0,6000,54,324.0,2.7,4.5117,0.88283432
frozen,1,1,1,0.001,0.1,512,3,5,4,256,6000,8.0,2633729,4,4,9977,4109,900023,8,0,6000,55,330.0,2.75,4.59525,0.88488406
frozen,1,1,1,0.001,0.1,512,3,5,4,256,6000,8.0,2633729,4,4,9977,4109,900023,8,0,6000,56,336.0,2.8,4.6788,0.88681567
frozen,1,1,1,0.001,0.1,512,3,5,4,256,6000,8.0,2633729,4,4,9977,4109,900023,8,0,6000,57,342.0,2.85,4.76235,0.8886373
frozen,1,1,1,0.001,0.1,512,3,5,4,256,6000,8.0,2633729,4,4,9977,4109,900023,8,0,6000,58,348.0,2.9,4.8459,0.89071041
frozen,1,1,1,0.001,0.1,512,3,5,4,256,6000,8.0,2633729,4,4,9977,4109,900023,8,0,6000,59,354.0,2.95,4.92945,0.89371401
frozen,1,1,1,0.001,0.1,512,3,5,4,256,6000,8.0,2633729,4,4,9977,4109,900023,8,0,6000,60,360.0,3.0,5.013,0.89738077
frozen,1,1,1,0.001,0.1,512,3,5,4,256,6000,8.0,2633729,4,4,9977,4109,900023,8,0,6000,61,366.0,3.05,5.09655,0.9006713
frozen,1,1,1,0.001,0.1,512,3,5,4,256,6000,8.0,2633729,4,4,9977,4109,900023,8,0,6000,62,372.0,3.1,5.1801,0.90372181
frozen,1,1,1,0.001,0.1,512,3,5,4,256,6000,8.0,2633729,4,4,9977,4109,900023,8,0,6000,63,378.0,3.15,5.26365,0.90746564
frozen,1,1,1,0.001,0.1,512,3,5,4,256,6000,8.0,2633729,4,4,9977,4109,900023,8,0,6000,64,384.0,3.2,5.3472,0.91260594
frozen,1,1,1,0.001,0.1,512,3,5,4,256,6000,8.0,2633729,4,4,9977,4109,900023,8,0,6000,65,390.0,3.25,5.43075,0.91878986
frozen,1,1,1,0.001,0.1,512,3,5,4,256,6000,8.0,2633729,4,4,9977,4109,900023,8,0,6000,66,396.0,3.3,5.5143,0.92408836
frozen,1,1,1,0.001,0.1,512,3,5,4,256,6000,8.0,2633729,4,4,9977,4109,900023,8,0,6000,67,402.0,3.35,5.59785,0.92666477
frozen,1,1,1,0.001,0.1,512,3,5,4,256,6000,8.0,2633729,4,4,9977,4109,900023,8,0,6000,68,408.0,3.4,5.6814,0.92641413
frozen,1,1,1,0.001,0.1,512,3,5,4,256,6000,8.0,2633729,4,4,9977,4109,900023,8,0,6000,69,414.0,3.45,5.76495,0.92425311
frozen,1,1,1,0.001,0.1,512,3,5,4,256,6000,8.0,2633729,4,4,9977,4109,900023,8,0,6000,70,420.0,3.5,5.8485,0.92146951
frozen,1,1,1,0.001,0.1,512,3,5,4,256,6000,8.0,2633729,4,4,9977,4109,900023,8,0,6000,71,426.0,3.55,5.93205,0.92047578
frozen,1,1,1,0.001,0.1,512,3,5,4,256,6000,8.0,2633729,4,4,9977,4109,900023,8,0,6000,72,432.0,3.6,6.0156,0.92379212
frozen,1,1,1,0.001,0.1,512,3,5,4,256,6000,8.0,2633729,4,4,9977,4109,900023,8,0,6000,73,438.0,3.65,6.09915,0.9314996
frozen,1,1,1,0.001,0.1,512,3,5,4,256,6000,8.0,2633729,4,4,9977,4109,900023,8,0,6000,74,444.0,3.7,6.1827,0.94084126
frozen,1,1,1,0.001,0.1,512,3,5,4,256,6000,8.0,2633729,4,4,9977,4109,900023,8,0,6000,75,450.0,3.75,6.26625,0.94784886
frozen,1,1,1,0.001,0.1,512,3,5,4,256,6000,8.0,2633729,4,4,9977,4109,900023,8,0,6000,76,456.0,3.8,6.3498,0.95004916
frozen,1,1,1,0.001,0.1,512,3,5,4,256,6000,8.0,2633729,4,4,9977,4109,900023,8,0,6000,77,462.0,3.85,6.43335,0.9483791
frozen,1,1,1,0.001,0.1,512,3,5,4,256,6000,8.0,2633729,4,4,9977,4109,900023,8,0,6000,78,468.0,3.9,6.5169,0.94517159
frozen,1,1,1,0.001,0.1,512,3,5,4,256,6000,8.0,2633729,4,4,9977,4109,900023,8,0,6000,79,474.0,3.95,6.60045,0.94184059
frozen,1,1,1,0.001,0.1,512,3,5,4,256,6000,8.0,2633729,4,4,9977,4109,900023,8,0,6000,80,480.0,4.0,6.684,0.93939376
frozen,1,1,1,0.001,0.1,512,3,5,4,256,6000,8.0,2633729,4,4,9977,4109,900023,8,0,6000,81,486.0,4.05,6.76755,0.93917638
frozen,1,1,1,0.001,0.1,512,3,5,4,256,6000,8.0,2633729,4,4,9977,4109,900023,8,0,6000,82,492.0,4.1,6.8511,0.94181818
frozen,1,1,1,0.001,0.1,512,3,5,4,256,6000,8.0,2633729,4,4,9977,4109,900023,8,0,6000,83,498.0,4.15,6.93465,0.94651055
frozen,1,1,1,0.001,0.1,512,3,5,4,256,6000,8.0,2633729,4,4,9977,4109,900023,8,0,6000,84,504.0,4.2,7.0182,0.95239079
frozen,1,1,1,0.001,0.1,512,3,5,4,256,6000,8.0,2633729,4,4,9977,4109,900023,8,0,6000,85,510.0,4.25,7.10175,0.9590438
frozen,1,1,1,0.001,0.1,512,3,5,4,256,6000,8.0,2633729,4,4,9977,4109,900023,8,0,6000,86,516.0,4.3,7.1853,0.96571606
frozen,1,1,1,0.001,0.1,512,3,5,4,256,6000,8.0,2633729,4,4,9977,4109,900023,8,0,6000,87,522.0,4.35,7.26885,0.97125053
frozen,1,1,1,0.001,0.1,512,3,5,4,256,6000,8.0,2633729,4,4,9977,4109,900023,8,0,6000,88,528.0,4.4,7.3524,0.97449881
frozen,1,1,1,0.001,0.1,512,3,5,4,256,6000,8.0,2633729,4,4,9977,4109,900023,8,0,6000,89,534.0,4.45,7.43595,0.97521454
frozen,1,1,1,0.001,0.1,512,3,5,4,256,6000,8.0,2633729,4,4,9977,4109,900023,8,0,6000,90,540.0,4.5,7.5195,0.97443515
frozen,1,1,1,0.001,0.1,512,3,5,4,256,6000,8.0,2633729,4,4,9977,4109,900023,8,0,6000,91,546.0,4.55,7.60305,0.97281873
frozen,1,1,1,0.001,0.1,512,3,5,4,256,6000,8.0,2633729,4,4,9977,4109,900023,8,0,6000,92,552.0,4.6,7.6866,0.96956581
frozen,1,1,1,0.001,0.1,512,3,5,4,256,6000,8.0,2633729,4,4,9977,4109,900023,8,0,6000,93,558.0,4.65,7.77015,0.96497482
frozen,1,1,1,0.001,0.1,512,3,5,4,256,6000,8.0,2633729,4,4,9977,4109,900023,8,0,6000,94,564.0,4.7,7.8537,0.96121424
frozen,1,1,1,0.001,0.1,512,3,5,4,256,6000,8.0,2633729,4,4,9977,4109,900023,8,0,6000,95,570.0,4.75,7.93725,0.96015596
frozen,1,1,1,0.001,0.1,512,3,5,4,256,6000,8.0,2633729,4,4,9977,4109,900023,8,0,6000,96,576.0,4.8,8.0208,0.96208316
frozen,1,1,1,0.001,0.1,512,3,5,4,256,6000,8.0,2633729,4,4,9977,4109,900023,8,0,6000,97,582.0,4.85,8.10435,0.9659158
frozen,1,1,1,0.001,0.1,512,3,5,4,256,6000,8.0,2633729,4,4,9977,4109,900023,8,0,6000,98,588.0,4.9,8.1879,0.97064978
frozen,1,1,1,0.001,0.1,512,3,5,4,256,6000,8.0,2633729,4,4,9977,4109,900023,8,0,6000,99,594.0,4.95,8.27145,0.9749279
frozen,1,1,1,0.001,0.1,512,3,5,4,256,6000,8.0,2633729,4,4,9977,4109,900023,8,0,6000,100,600.0,5.0,8.355,0.9765985
frozen,1,1,1,0.001,0.1,512,3,5,4,256,6000,8.0,2633729,4,4,9977,4109,900023,8,0,6000,101,606.0,5.05,8.43855,0.97507048
frozen,1,1,1,0.001,0.1,512,3,5,4,256,6000,8.0,2633729,4,4,9977,4109,900023,8,0,6000,102,612.0,5.1,8.5221,0.97290629
frozen,1,1,1,0.001,0.1,512,3,5,4,256,6000,8.0,2633729,4,4,9977,4109,900023,8,0,6000,103,618.0,5.15,8.60565,0.97332233
frozen,1,1,1,0.001,0.1,512,3,5,4,256,6000,8.0,2633729,4,4,9977,4109,900023,8,0,6000,104,624.0,5.2,8.6892,0.97673565
frozen,1,1,1,0.001,0.1,512,3,5,4,256,6000,8.0,2633729,4,4,9977,4109,900023,8,0,6000,105,630.0,5.25,8.77275,0.98021686
frozen,1,1,1,0.001,0.1,512,3,5,4,256,6000,8.0,2633729,4,4,9977,4109,900023,8,0,6000,106,636.0,5.3,8.8563,0.98117644
frozen,1,1,1,0.001,0.1,512,3,5,4,256,6000,8.0,2633729,4,4,9977,4109,900023,8,0,6000,107,642.0,5.35,8.93985,0.97978455
frozen,1,1,1,0.001,0.1,512,3,5,4,256,6000,8.0,2633729,4,4,9977,4109,900023,8,0,6000,108,648.0,5.4,9.0234,0.97663355
frozen,1,1,1,0.001,0.1,512,3,5,4,256,6000,8.0,2633729,4,4,9977,4109,900023,8,0,6000,109,654.0,5.45,9.10695,0.97193319
frozen,1,1,1,0.001,0.1,512,3,5,4,256,6000,8.0,2633729,4,4,9977,4109,900023,8,0,6000,110,660.0,5.5,9.1905,0.96675181
frozen,1,1,1,0.001,0.1,512,3,5,4,256,6000,8.0,2633729,4,4,9977,4109,900023,8,0,6000,111,666.0,5.55,9.27405,0.96308583
frozen,1,1,1,0.001,0.1,512,3,5,4,256,6000,8.0,2633729,4,4,9977,4109,900023,8,0,6000,112,672.0,5.6,9.3576,0.96256465
frozen,1,1,1,0.001,0.1,512,3,5,4,256,6000,8.0,2633729,4,4,9977,4109,900023,8,0,6000,113,678.0,5.65,9.44115,0.96482199
frozen,1,1,1,0.001,0.1,512,3,5,4,256,6000,8.0,2633729,4,4,9977,4109,900023,8,0,6000,114,684.0,5.7,9.5247,0.96834052
frozen,1,1,1,0.001,0.1,512,3,5,4,256,6000,8.0,2633729,4,4,9977,4109,900023,8,0,6000,115,690.0,5.75,9.60825,0.97280252
frozen,1,1,1,0.001,0.1,512,3,5,4,256,6000,8.0,2633729,4,4,9977,4109,900023,8,0,6000,116,696.0,5.8,9.6918,0.97833091
frozen,1,1,1,0.001,0.1,512,3,5,4,256,6000,8.0,2633729,4,4,9977,4109,900023,8,0,6000,117,702.0,5.85,9.77535,0.98349541
frozen,1,1,1,0.001,0.1,512,3,5,4,256,6000,8.0,2633729,4,4,9977,4109,900023,8,0,6000,118,708.0,5.9,9.8589,0.98639971
frozen,1,1,1,0.001,0.1,512,3,5,4,256,6000,8.0,2633729,4,4,9977,4109,900023,8,0,6000,119,714.0,5.95,9.94245,0.98710233
frozen,1,1,1,0.001,0.1,512,3,5,4,256,6000,8.0,2633729,4,4,9977,4109,900023,8,0,6000,120,720.0,6.0,10.026,0.98775685
frozen,1,1,1,0.001,0.1,512,3,5,4,256,6000,8.0,2633729,4,4,9977,4110,900024,9,0,6000,1,6.0,0.05,0.08355,0.07390676
frozen,1,1,1,0.001,0.1,512,3,5,4,256,6000,8.0,2633729,4,4,9977,4110,900024,9,0,6000,2,12.0,0.1,0.1671,0.09230648
frozen,1,1,1,0.001,0.1,512,3,5,4,256,6000,8.0,2633729,4,4,9977,4110,900024,9,0,6000,3,18.0,0.15,0.25065,0.11548582
frozen,1,1,1,0.001,0.1,512,3,5,4,256,6000,8.0,2633729,4,4,9977,4110,900024,9,0,6000,4,24.0,0.2,0.3342,0.14182425
frozen,1,1,1,0.001,0.1,512,3,5,4,256,6000,8.0,2633729,4,4,9977,4110,900024,9,0,6000,5,30.0,0.25,0.41775,0.16909873
frozen,1,1,1,0.001,0.1,512,3,5,4,256,6000,8.0,2633729,4,4,9977,4110,900024,9,0,6000,6,36.0,0.3,0.5013,0.19610256
frozen,1,1,1,0.001,0.1,512,3,5,4,256,6000,8.0,2633729,4,4,9977,4110,900024,9,0,6000,7,42.0,0.35,0.58485,0.22303179
frozen,1,1,1,0.001,0.1,512,3,5,4,256,6000,8.0,2633729,4,4,9977,4110,900024,9,0,6000,8,48.0,0.4,0.6684,0.25139272
frozen,1,1,1,0.001,0.1,512,3,5,4,256,6000,8.0,2633729,4,4,9977,4110,900024,9,0,6000,9,54.0,0.45,0.75195,0.28321883
frozen,1,1,1,0.001,0.1,512,3,5,4,256,6000,8.0,2633729,4,4,9977,4110,900024,9,0,6000,10,60.0,0.5,0.8355,0.31816185
frozen,1,1,1,0.001,0.1,512,3,5,4,256,6000,8.0,2633729,4,4,9977,4110,900024,9,0,6000,11,66.0,0.55,0.91905,0.35333496
frozen,1,1,1,0.001,0.1,512,3,5,4,256,6000,8.0,2633729,4,4,9977,4110,900024,9,0,6000,12,72.0,0.6,1.0026,0.38702503
frozen,1,1,1,0.001,0.1,512,3,5,4,256,6000,8.0,2633729,4,4,9977,4110,900024,9,0,6000,13,78.0,0.65,1.08615,0.41883364
frozen,1,1,1,0.001,0.1,512,3,5,4,256,6000,8.0,2633729,4,4,9977,4110,900024,9,0,6000,14,84.0,0.7,1.1697,0.44812095
frozen,1,1,1,0.001,0.1,512,3,5,4,256,6000,8.0,2633729,4,4,9977,4110,900024,9,0,6000,15,90.0,0.75,1.25325,0.4741497
frozen,1,1,1,0.001,0.1,512,3,5,4,256,6000,8.0,2633729,4,4,9977,4110,900024,9,0,6000,16,96.0,0.8,1.3368,0.49707174
frozen,1,1,1,0.001,0.1,512,3,5,4,256,6000,8.0,2633729,4,4,9977,4110,900024,9,0,6000,17,102.0,0.85,1.42035,0.51771694
frozen,1,1,1,0.001,0.1,512,3,5,4,256,6000,8.0,2633729,4,4,9977,4110,900024,9,0,6000,18,108.0,0.9,1.5039,0.53673989
frozen,1,1,1,0.001,0.1,512,3,5,4,256,6000,8.0,2633729,4,4,9977,4110,900024,9,0,6000,19,114.0,0.95,1.58745,0.55421734
frozen,1,1,1,0.001,0.1,512,3,5,4,256,6000,8.0,2633729,4,4,9977,4110,900024,9,0,6000,20,120.0,1.0,1.671,0.57026255
frozen,1,1,1,0.001,0.1,512,3,5,4,256,6000,8.0,2633729,4,4,9977,4110,900024,9,0,6000,21,126.0,1.05,1.75455,0.5862025
frozen,1,1,1,0.001,0.1,512,3,5,4,256,6000,8.0,2633729,4,4,9977,4110,900024,9,0,6000,22,132.0,1.1,1.8381,0.60324049
frozen,1,1,1,0.001,0.1,512,3,5,4,256,6000,8.0,2633729,4,4,9977,4110,900024,9,0,6000,23,138.0,1.15,1.92165,0.62110239
frozen,1,1,1,0.001,0.1,512,3,5,4,256,6000,8.0,2633729,4,4,9977,4110,900024,9,0,6000,24,144.0,1.2,2.0052,0.63796622
frozen,1,1,1,0.001,0.1,512,3,5,4,256,6000,8.0,2633729,4,4,9977,4110,900024,9,0,6000,25,150.0,1.25,2.08875,0.65121835
frozen,1,1,1,0.001,0.1,512,3,5,4,256,6000,8.0,2633729,4,4,9977,4110,900024,9,0,6000,26,156.0,1.3,2.1723,0.66069877
frozen,1,1,1,0.001,0.1,512,3,5,4,256,6000,8.0,2633729,4,4,9977,4110,900024,9,0,6000,27,162.0,1.35,2.25585,0.66944271
frozen,1,1,1,0.001,0.1,512,3,5,4,256,6000,8.0,2633729,4,4,9977,4110,900024,9,0,6000,28,168.0,1.4,2.3394,0.68024528
frozen,1,1,1,0.001,0.1,512,3,5,4,256,6000,8.0,2633729,4,4,9977,4110,900024,9,0,6000,29,174.0,1.45,2.42295,0.693838
frozen,1,1,1,0.001,0.1,512,3,5,4,256,6000,8.0,2633729,4,4,9977,4110,900024,9,0,6000,30,180.0,1.5,2.5065,0.70920604
frozen,1,1,1,0.001,0.1,512,3,5,4,256,6000,8.0,2633729,4,4,9977,4110,900024,9,0,6000,31,186.0,1.55,2.59005,0.72465104
frozen,1,1,1,0.001,0.1,512,3,5,4,256,6000,8.0,2633729,4,4,9977,4110,900024,9,0,6000,32,192.0,1.6,2.6736,0.74011719
frozen,1,1,1,0.001,0.1,512,3,5,4,256,6000,8.0,2633729,4,4,9977,4110,900024,9,0,6000,33,198.0,1.65,2.75715,0.75689316
frozen,1,1,1,0.001,0.1,512,3,5,4,256,6000,8.0,2633729,4,4,9977,4110,900024,9,0,6000,34,204.0,1.7,2.8407,0.77486539
frozen,1,1,1,0.001,0.1,512,3,5,4,256,6000,8.0,2633729,4,4,9977,4110,900024,9,0,6000,35,210.0,1.75,2.92425,0.79114681
frozen,1,1,1,0.001,0.1,512,3,5,4,256,6000,8.0,2633729,4,4,9977,4110,900024,9,0,6000,36,216.0,1.8,3.0078,0.80222011
frozen,1,1,1,0.001,0.1,512,3,5,4,256,6000,8.0,2633729,4,4,9977,4110,900024,9,0,6000,37,222.0,1.85,3.09135,0.8081308
frozen,1,1,1,0.001,0.1,512,3,5,4,256,6000,8.0,2633729,4,4,9977,4110,900024,9,0,6000,38,228.0,1.9,3.1749,0.81201017
frozen,1,1,1,0.001,0.1,512,3,5,4,256,6000,8.0,2633729,4,4,9977,4110,900024,9,0,6000,39,234.0,1.95,3.25845,0.8161121
frozen,1,1,1,0.001,0.1,512,3,5,4,256,6000,8.0,2633729,4,4,9977,4110,900024,9,0,6000,40,240.0,2.0,3.342,0.82062751
frozen,1,1,1,0.001,0.1,512,3,5,4,256,6000,8.0,2633729,4,4,9977,4110,900024,9,0,6000,41,246.0,2.05,3.42555,0.82550508
frozen,1,1,1,0.001,0.1,512,3,5,4,256,6000,8.0,2633729,4,4,9977,4110,900024,9,0,6000,42,252.0,2.1,3.5091,0.83138096
frozen,1,1,1,0.001,0.1,512,3,5,4,256,6000,8.0,2633729,4,4,9977,4110,900024,9,0,6000,43,258.0,2.15,3.59265,0.83818549
frozen,1,1,1,0.001,0.1,512,3,5,4,256,6000,8.0,2633729,4,4,9977,4110,900024,9,0,6000,44,264.0,2.2,3.6762,0.84392154
frozen,1,1,1,0.001,0.1,512,3,5,4,256,6000,8.0,2633729,4,4,9977,4110,900024,9,0,6000,45,270.0,2.25,3.75975,0.84676957
frozen,1,1,1,0.001,0.1,512,3,5,4,256,6000,8.0,2633729,4,4,9977,4110,900024,9,0,6000,46,276.0,2.3,3.8433,0.84801751
frozen,1,1,1,0.001,0.1,512,3,5,4,256,6000,8.0,2633729,4,4,9977,4110,900024,9,0,6000,47,282.0,2.35,3.92685,0.85051286
frozen,1,1,1,0.001,0.1,512,3,5,4,256,6000,8.0,2633729,4,4,9977,4110,900024,9,0,6000,48,288.0,2.4,4.0104,0.85540694
frozen,1,1,1,0.001,0.1,512,3,5,4,256,6000,8.0,2633729,4,4,9977,4110,900024,9,0,6000,49,294.0,2.45,4.09395,0.86172587
frozen,1,1,1,0.001,0.1,512,3,5,4,256,6000,8.0,2633729,4,4,9977,4110,900024,9,0,6000,50,300.0,2.5,4.1775,0.86795807
frozen,1,1,1,0.001,0.1,512,3,5,4,256,6000,8.0,2633729,4,4,9977,4110,900024,9,0,6000,51,306.0,2.55,4.26105,0.87343299
frozen,1,1,1,0.001,0.1,512,3,5,4,256,6000,8.0,2633729,4,4,9977,4110,900024,9,0,6000,52,312.0,2.6,4.3446,0.87771386
frozen,1,1,1,0.001,0.1,512,3,5,4,256,6000,8.0,2633729,4,4,9977,4110,900024,9,0,6000,53,318.0,2.65,4.42815,0.88062245
frozen,1,1,1,0.001,0.1,512,3,5,4,256,6000,8.0,2633729,4,4,9977,4110,900024,9,0,6000,54,324.0,2.7,4.5117,0.88283432
frozen,1,1,1,0.001,0.1,512,3,5,4,256,6000,8.0,2633729,4,4,9977,4110,900024,9,0,6000,55,330.0,2.75,4.59525,0.88488406
frozen,1,1,1,0.001,0.1,512,3,5,4,256,6000,8.0,2633729,4,4,9977,4110,900024,9,0,6000,56,336.0,2.8,4.6788,0.88681567
frozen,1,1,1,0.001,0.1,512,3,5,4,256,6000,8.0,2633729,4,4,9977,4110,900024,9,0,6000,57,342.0,2.85,4.76235,0.8886373
frozen,1,1,1,0.001,0.1,512,3,5,4,256,6000,8.0,2633729,4,4,9977,4110,900024,9,0,6000,58,348.0,2.9,4.8459,0.89071041
frozen,1,1,1,0.001,0.1,512,3,5,4,256,6000,8.0,2633729,4,4,9977,4110,900024,9,0,6000,59,354.0,2.95,4.92945,0.89371401
frozen,1,1,1,0.001,0.1,512,3,5,4,256,6000,8.0,2633729,4,4,9977,4110,900024,9,0,6000,60,360.0,3.0,5.013,0.89738077
frozen,1,1,1,0.001,0.1,512,3,5,4,256,6000,8.0,2633729,4,4,9977,4110,900024,9,0,6000,61,366.0,3.05,5.09655,0.9006713
frozen,1,1,1,0.001,0.1,512,3,5,4,256,6000,8.0,2633729,4,4,9977,4110,900024,9,0,6000,62,372.0,3.1,5.1801,0.90372181
frozen,1,1,1,0.001,0.1,512,3,5,4,256,6000,8.0,2633729,4,4,9977,4110,900024,9,0,6000,63,378.0,3.15,5.26365,0.90746564
frozen,1,1,1,0.001,0.1,512,3,5,4,256,6000,8.0,2633729,4,4,9977,4110,900024,9,0,6000,64,384.0,3.2,5.3472,0.91260594
frozen,1,1,1,0.001,0.1,512,3,5,4,256,6000,8.0,2633729,4,4,9977,4110,900024,9,0,6000,65,390.0,3.25,5.43075,0.91878986
frozen,1,1,1,0.001,0.1,512,3,5,4,256,6000,8.0,2633729,4,4,9977,4110,900024,9,0,6000,66,396.0,3.3,5.5143,0.92408836
frozen,1,1,1,0.001,0.1,512,3,5,4,256,6000,8.0,2633729,4,4,9977,4110,900024,9,0,6000,67,402.0,3.35,5.59785,0.92666477
frozen,1,1,1,0.001,0.1,512,3,5,4,256,6000,8.0,2633729,4,4,9977,4110,900024,9,0,6000,68,408.0,3.4,5.6814,0.92641413
frozen,1,1,1,0.001,0.1,512,3,5,4,256,6000,8.0,2633729,4,4,9977,4110,900024,9,0,6000,69,414.0,3.45,5.76495,0.92425311
frozen,1,1,1,0.001,0.1,512,3,5,4,256,6000,8.0,2633729,4,4,9977,4110,900024,9,0,6000,70,420.0,3.5,5.8485,0.92146951
frozen,1,1,1,0.001,0.1,512,3,5,4,256,6000,8.0,2633729,4,4,9977,4110,900024,9,0,6000,71,426.0,3.55,5.93205,0.92047578
frozen,1,1,1,0.001,0.1,512,3,5,4,256,6000,8.0,2633729,4,4,9977,4110,900024,9,0,6000,72,432.0,3.6,6.0156,0.92379212
frozen,1,1,1,0.001,0.1,512,3,5,4,256,6000,8.0,2633729,4,4,9977,4110,900024,9,0,6000,73,438.0,3.65,6.09915,0.9314996
frozen,1,1,1,0.001,0.1,512,3,5,4,256,6000,8.0,2633729,4,4,9977,4110,900024,9,0,6000,74,444.0,3.7,6.1827,0.94084126
frozen,1,1,1,0.001,0.1,512,3,5,4,256,6000,8.0,2633729,4,4,9977,4110,900024,9,0,6000,75,450.0,3.75,6.26625,0.94784886
frozen,1,1,1,0.001,0.1,512,3,5,4,256,6000,8.0,2633729,4,4,9977,4110,900024,9,0,6000,76,456.0,3.8,6.3498,0.95004916
frozen,1,1,1,0.001,0.1,512,3,5,4,256,6000,8.0,2633729,4,4,9977,4110,900024,9,0,6000,77,462.0,3.85,6.43335,0.9483791
frozen,1,1,1,0.001,0.1,512,3,5,4,256,6000,8.0,2633729,4,4,9977,4110,900024,9,0,6000,78,468.0,3.9,6.5169,0.94517159
frozen,1,1,1,0.001,0.1,512,3,5,4,256,6000,8.0,2633729,4,4,9977,4110,900024,9,0,6000,79,474.0,3.95,6.60045,0.94184059
frozen,1,1,1,0.001,0.1,512,3,5,4,256,6000,8.0,2633729,4,4,9977,4110,900024,9,0,6000,80,480.0,4.0,6.684,0.93939376
frozen,1,1,1,0.001,0.1,512,3,5,4,256,6000,8.0,2633729,4,4,9977,4110,900024,9,0,6000,81,486.0,4.05,6.76755,0.93917638
frozen,1,1,1,0.001,0.1,512,3,5,4,256,6000,8.0,2633729,4,4,9977,4110,900024,9,0,6000,82,492.0,4.1,6.8511,0.94181818
frozen,1,1,1,0.001,0.1,512,3,5,4,256,6000,8.0,2633729,4,4,9977,4110,900024,9,0,6000,83,498.0,4.15,6.93465,0.94651055
frozen,1,1,1,0.001,0.1,512,3,5,4,256,6000,8.0,2633729,4,4,9977,4110,900024,9,0,6000,84,504.0,4.2,7.0182,0.95239079
frozen,1,1,1,0.001,0.1,512,3,5,4,256,6000,8.0,2633729,4,4,9977,4110,900024,9,0,6000,85,510.0,4.25,7.10175,0.9590438
frozen,1,1,1,0.001,0.1,512,3,5,4,256,6000,8.0,2633729,4,4,9977,4110,900024,9,0,6000,86,516.0,4.3,7.1853,0.96571606
frozen,1,1,1,0.001,0.1,512,3,5,4,256,6000,8.0,2633729,4,4,9977,4110,900024,9,0,6000,87,522.0,4.35,7.26885,0.97125053
frozen,1,1,1,0.001,0.1,512,3,5,4,256,6000,8.0,2633729,4,4,9977,4110,900024,9,0,6000,88,528.0,4.4,7.3524,0.97449881
frozen,1,1,1,0.001,0.1,512,3,5,4,256,6000,8.0,2633729,4,4,9977,4110,900024,9,0,6000,89,534.0,4.45,7.43595,0.97521454
frozen,1,1,1,0.001,0.1,512,3,5,4,256,6000,8.0,2633729,4,4,9977,4110,900024,9,0,6000,90,540.0,4.5,7.5195,0.97443515
frozen,1,1,1,0.001,0.1,512,3,5,4,256,6000,8.0,2633729,4,4,9977,4110,900024,9,0,6000,91,546.0,4.55,7.60305,0.97281873
frozen,1,1,1,0.001,0.1,512,3,5,4,256,6000,8.0,2633729,4,4,9977,4110,900024,9,0,6000,92,552.0,4.6,7.6866,0.96956581
frozen,1,1,1,0.001,0.1,512,3,5,4,256,6000,8.0,2633729,4,4,9977,4110,900024,9,0,6000,93,558.0,4.65,7.77015,0.96497482
frozen,1,1,1,0.001,0.1,512,3,5,4,256,6000,8.0,2633729,4,4,9977,4110,900024,9,0,6000,94,564.0,4.7,7.8537,0.96121424
frozen,1,1,1,0.001,0.1,512,3,5,4,256,6000,8.0,2633729,4,4,9977,4110,900024,9,0,6000,95,570.0,4.75,7.93725,0.96015596
frozen,1,1,1,0.001,0.1,512,3,5,4,256,6000,8.0,2633729,4,4,9977,4110,900024,9,0,6000,96,576.0,4.8,8.0208,0.96208316
frozen,1,1,1,0.001,0.1,512,3,5,4,256,6000,8.0,2633729,4,4,9977,4110,900024,9,0,6000,97,582.0,4.85,8.10435,0.9659158
frozen,1,1,1,0.001,0.1,512,3,5,4,256,6000,8.0,2633729,4,4,9977,4110,900024,9,0,6000,98,588.0,4.9,8.1879,0.97064978
frozen,1,1,1,0.001,0.1,512,3,5,4,256,6000,8.0,2633729,4,4,9977,4110,900024,9,0,6000,99,594.0,4.95,8.27145,0.9749279
frozen,1,1,1,0.001,0.1,512,3,5,4,256,6000,8.0,2633729,4,4,9977,4110,900024,9,0,6000,100,600.0,5.0,8.355,0.9765985
frozen,1,1,1,0.001,0.1,512,3,5,4,256,6000,8.0,2633729,4,4,9977,4110,900024,9,0,6000,101,606.0,5.05,8.43855,0.97507048
frozen,1,1,1,0.001,0.1,512,3,5,4,256,6000,8.0,2633729,4,4,9977,4110,900024,9,0,6000,102,612.0,5.1,8.5221,0.97290629
frozen,1,1,1,0.001,0.1,512,3,5,4,256,6000,8.0,2633729,4,4,9977,4110,900024,9,0,6000,103,618.0,5.15,8.60565,0.97332233
frozen,1,1,1,0.001,0.1,512,3,5,4,256,6000,8.0,2633729,4,4,9977,4110,900024,9,0,6000,104,624.0,5.2,8.6892,0.97673565
frozen,1,1,1,0.001,0.1,512,3,5,4,256,6000,8.0,2633729,4,4,9977,4110,900024,9,0,6000,105,630.0,5.25,8.77275,0.98021686
frozen,1,1,1,0.001,0.1,512,3,5,4,256,6000,8.0,2633729,4,4,9977,4110,900024,9,0,6000,106,636.0,5.3,8.8563,0.98117644
frozen,1,1,1,0.001,0.1,512,3,5,4,256,6000,8.0,2633729,4,4,9977,4110,900024,9,0,6000,107,642.0,5.35,8.93985,0.97978455
frozen,1,1,1,0.001,0.1,512,3,5,4,256,6000,8.0,2633729,4,4,9977,4110,900024,9,0,6000,108,648.0,5.4,9.0234,0.97663355
frozen,1,1,1,0.001,0.1,512,3,5,4,256,6000,8.0,2633729,4,4,9977,4110,900024,9,0,6000,109,654.0,5.45,9.10695,0.97193319
frozen,1,1,1,0.001,0.1,512,3,5,4,256,6000,8.0,2633729,4,4,9977,4110,900024,9,0,6000,110,660.0,5.5,9.1905,0.96675181
frozen,1,1,1,0.001,0.1,512,3,5,4,256,6000,8.0,2633729,4,4,9977,4110,900024,9,0,6000,111,666.0,5.55,9.27405,0.96308583
frozen,1,1,1,0.001,0.1,512,3,5,4,256,6000,8.0,2633729,4,4,9977,4110,900024,9,0,6000,112,672.0,5.6,9.3576,0.96256465
frozen,1,1,1,0.001,0.1,512,3,5,4,256,6000,8.0,2633729,4,4,9977,4110,900024,9,0,6000,113,678.0,5.65,9.44115,0.96482199
frozen,1,1,1,0.001,0.1,512,3,5,4,256,6000,8.0,2633729,4,4,9977,4110,900024,9,0,6000,114,684.0,5.7,9.5247,0.96834052
frozen,1,1,1,0.001,0.1,512,3,5,4,256,6000,8.0,2633729,4,4,9977,4110,900024,9,0,6000,115,690.0,5.75,9.60825,0.97280252
frozen,1,1,1,0.001,0.1,512,3,5,4,256,6000,8.0,2633729,4,4,9977,4110,900024,9,0,6000,116,696.0,5.8,9.6918,0.97833091
frozen,1,1,1,0.001,0.1,512,3,5,4,256,6000,8.0,2633729,4,4,9977,4110,900024,9,0,6000,117,702.0,5.85,9.77535,0.98349541
frozen,1,1,1,0.001,0.1,512,3,5,4,256,6000,8.0,2633729,4,4,9977,4110,900024,9,0,6000,118,708.0,5.9,9.8589,0.98639971
frozen,1,1,1,0.001,0.1,512,3,5,4,256,6000,8.0,2633729,4,4,9977,4110,900024,9,0,6000,119,714.0,5.95,9.94245,0.98710233
frozen,1,1,1,0.001,0.1,512,3,5,4,256,6000,8.0,2633729,4,4,9977,4110,900024,9,0,6000,120,720.0,6.0,10.026,0.98775685
