arm,warm_start,data_all,frozen,lr,noise,hidden,n_layers,kernel,history,batch_size,step_budget,F,n_params,seed,data_seed,noise_seed,init_seed,shuffle_seed,cycle,step,cum_step,lead_step,lead_hours,lead_mtu,lead_lyapunov,nrmse
cold,0,1,0,0.001,0.1,512,3,5,4,256,6000,8.0,2633729,1,1,9974,1101,600006,0,1,1,1,6.0,0.05,0.08355,0.4931623
cold,0,1,0,0.001,0.1,512,3,5,4,256,6000,8.0,2633729,1,1,9974,1101,600006,0,1,1,2,12.0,0.1,0.1671,0.96997088
cold,0,1,0,0.001,0.1,512,3,5,4,256,6000,8.0,2633729,1,1,9974,1101,600006,0,1,1,3,18.0,0.15,0.25065,1.41783762
cold,0,1,0,0.001,0.1,512,3,5,4,256,6000,8.0,2633729,1,1,9974,1101,600006,0,1,1,4,24.0,0.2,0.3342,1.8535614
cold,0,1,0,0.001,0.1,512,3,5,4,256,6000,8.0,2633729,1,1,9974,1101,600006,0,1,1,5,30.0,0.25,0.41775,2.37815809
cold,0,1,0,0.001,0.1,512,3,5,4,256,6000,8.0,2633729,1,1,9974,1101,600006,0,1,1,6,36.0,0.3,0.5013,3.08281231
cold,0,1,0,0.001,0.1,512,3,5,4,256,6000,8.0,2633729,1,1,9974,1101,600006,0,1,1,7,42.0,0.35,0.58485,3.97898602
cold,0,1,0,0.001,0.1,512,3,5,4,256,6000,8.0,2633729,1,1,9974,1101,600006,0,1,1,8,48.0,0.4,0.6684,5.09356642
cold,0,1,0,0.001,0.1,512,3,5,4,256,6000,8.0,2633729,1,1,9974,1101,600006,0,1,1,9,54.0,0.45,0.75195,6.54193926
cold,0,1,0,0.001,0.1,512,3,5,4,256,6000,8.0,2633729,1,1,9974,1101,600006,0,1,1,10,60.0,0.5,0.8355,8.4941721
cold,0,1,0,0.001,0.1,512,3,5,4,256,6000,8.0,2633729,1,1,9974,1101,600006,0,1,1,11,66.0,0.55,0.91905,11.12135696
cold,0,1,0,0.001,0.1,512,3,5,4,256,6000,8.0,2633729,1,1,9974,1101,600006,0,1,1,12,72.0,0.6,1.0026,14.6278553
cold,0,1,0,0.001,0.1,512,3,5,4,256,6000,8.0,2633729,1,1,9974,1101,600006,0,1,1,13,78.0,0.65,1.08615,19.30668068
cold,0,1,0,0.001,0.1,512,3,5,4,256,6000,8.0,2633729,1,1,9974,1101,600006,0,1,1,14,84.0,0.7,1.1697,25.57860565
cold,0,1,0,0.001,0.1,512,3,5,4,256,6000,8.0,2633729,1,1,9974,1101,600006,0,1,1,15,90.0,0.75,1.25325,33.96182632
cold,0,1,0,0.001,0.1,512,3,5,4,256,6000,8.0,2633729,1,1,9974,1101,600006,0,1,1,16,96.0,0.8,1.3368,45.15061569
cold,0,1,0,0.001,0.1,512,3,5,4,256,6000,8.0,2633729,1,1,9974,1101,600006,0,1,1,17,102.0,0.85,1.42035,60.03485107
cold,0,1,0,0.001,0.1,512,3,5,4,256,6000,8.0,2633729,1,1,9974,1101,600006,0,1,1,18,108.0,0.9,1.5039,79.83406067
cold,0,1,0,0.001,0.1,512,3,5,4,256,6000,8.0,2633729,1,1,9974,1101,600006,0,1,1,19,114.0,0.95,1.58745,106.15762329
cold,0,1,0,0.001,0.1,512,3,5,4,256,6000,8.0,2633729,1,1,9974,1101,600006,0,1,1,20,120.0,1.0,1.671,141.18280029
cold,0,1,0,0.001,0.1,512,3,5,4,256,6000,8.0,2633729,1,1,9974,1101,600006,0,1,1,21,126.0,1.05,1.75455,187.78274536
cold,0,1,0,0.001,0.1,512,3,5,4,256,6000,8.0,2633729,1,1,9974,1101,600006,0,1,1,22,132.0,1.1,1.8381,249.78562927
cold,0,1,0,0.001,0.1,512,3,5,4,256,6000,8.0,2633729,1,1,9974,1101,600006,0,1,1,23,138.0,1.15,1.92165,332.3918457
cold,0,1,0,0.001,0.1,512,3,5,4,256,6000,8.0,2633729,1,1,9974,1101,600006,0,1,1,24,144.0,1.2,2.0052,442.30203247
cold,0,1,0,0.001,0.1,512,3,5,4,256,6000,8.0,2633729,1,1,9974,1101,600006,0,1,1,25,150.0,1.25,2.08875,588.87414551
cold,0,1,0,0.001,0.1,512,3,5,4,256,6000,8.0,2633729,1,1,9974,1101,600006,0,1,1,26,156.0,1.3,2.1723,784.09594727
cold,0,1,0,0.001,0.1,512,3,5,4,256,6000,8.0,2633729,1,1,9974,1101,600006,0,1,1,27,162.0,1.35,2.25585,1044.4473877
cold,0,1,0,0.001,0.1,512,3,5,4,256,6000,8.0,2633729,1,1,9974,1101,600006,0,1,1,28,168.0,1.4,2.3394,1391.56420898
cold,0,1,0,0.001,0.1,512,3,5,4,256,6000,8.0,2633729,1,1,9974,1101,600006,0,1,1,29,174.0,1.45,2.42295,1854.4519043
cold,0,1,0,0.001,0.1,512,3,5,4,256,6000,8.0,2633729,1,1,9974,1101,600006,0,1,1,30,180.0,1.5,2.5065,2472.22290039
cold,0,1,0,0.001,0.1,512,3,5,4,256,6000,8.0,2633729,1,1,9974,1101,600006,0,1,1,31,186.0,1.55,2.59005,3296.0480957
cold,0,1,0,0.001,0.1,512,3,5,4,256,6000,8.0,2633729,1,1,9974,1101,600006,0,1,1,32,192.0,1.6,2.6736,4396.00634766
cold,0,1,0,0.001,0.1,512,3,5,4,256,6000,8.0,2633729,1,1,9974,1101,600006,0,1,1,33,198.0,1.65,2.75715,5863.29882812
cold,0,1,0,0.001,0.1,512,3,5,4,256,6000,8.0,2633729,1,1,9974,1101,600006,0,1,1,34,204.0,1.7,2.8407,7823.11035156
cold,0,1,0,0.001,0.1,512,3,5,4,256,6000,8.0,2633729,1,1,9974,1101,600006,0,1,1,35,210.0,1.75,2.92425,10438.85351562
cold,0,1,0,0.001,0.1,512,3,5,4,256,6000,8.0,2633729,1,1,9974,1101,600006,0,1,1,36,216.0,1.8,3.0078,13930.85742188
cold,0,1,0,0.001,0.1,512,3,5,4,256,6000,8.0,2633729,1,1,9974,1101,600006,0,1,1,37,222.0,1.85,3.09135,18596.21679688
cold,0,1,0,0.001,0.1,512,3,5,4,256,6000,8.0,2633729,1,1,9974,1101,600006,0,1,1,38,228.0,1.9,3.1749,24823.04882812
cold,0,1,0,0.001,0.1,512,3,5,4,256,6000,8.0,2633729,1,1,9974,1101,600006,0,1,1,39,234.0,1.95,3.25845,33147.80859375
cold,0,1,0,0.001,0.1,512,3,5,4,256,6000,8.0,2633729,1,1,9974,1101,600006,0,1,1,40,240.0,2.0,3.342,44258.69921875
cold,0,1,0,0.001,0.1,512,3,5,4,256,6000,8.0,2633729,1,1,9974,1101,600006,0,1,1,41,246.0,2.05,3.42555,59118.8046875
cold,0,1,0,0.001,0.1,512,3,5,4,256,6000,8.0,2633729,1,1,9974,1101,600006,0,1,1,42,252.0,2.1,3.5091,78957.59375
cold,0,1,0,0.001,0.1,512,3,5,4,256,6000,8.0,2633729,1,1,9974,1101,600006,0,1,1,43,258.0,2.15,3.59265,105489.953125
cold,0,1,0,0.001,0.1,512,3,5,4,256,6000,8.0,2633729,1,1,9974,1101,600006,0,1,1,44,264.0,2.2,3.6762,140933.484375
cold,0,1,0,0.001,0.1,512,3,5,4,256,6000,8.0,2633729,1,1,9974,1101,600006,0,1,1,45,270.0,2.25,3.75975,188316.609375
cold,0,1,0,0.001,0.1,512,3,5,4,256,6000,8.0,2633729,1,1,9974,1101,600006,0,1,1,46,276.0,2.3,3.8433,251648.859375
cold,0,1,0,0.001,0.1,512,3,5,4,256,6000,8.0,2633729,1,1,9974,1101,600006,0,1,1,47,282.0,2.35,3.92685,336303.9375
cold,0,1,0,0.001,0.1,512,3,5,4,256,6000,8.0,2633729,1,1,9974,1101,600006,0,1,1,48,288.0,2.4,4.0104,449546.625
cold,0,1,0,0.001,0.1,512,3,5,4,256,6000,8.0,2633729,1,1,9974,1101,600006,0,1,1,49,294.0,2.45,4.09395,600848.125
cold,0,1,0,0.001,0.1,512,3,5,4,256,6000,8.0,2633729,1,1,9974,1101,600006,0,1,1,50,300.0,2.5,4.1775,803370.4375
cold,0,1,0,0.001,0.1,512,3,5,4,256,6000,8.0,2633729,1,1,9974,1101,600006,0,1,1,51,306.0,2.55,4.26105,1073981.125
cold,0,1,0,0.001,0.1,512,3,5,4,256,6000,8.0,2633729,1,1,9974,1101,600006,0,1,1,52,312.0,2.6,4.3446,1436333.625
cold,0,1,0,0.001,0.1,512,3,5,4,256,6000,8.0,2633729,1,1,9974,1101,600006,0,1,1,53,318.0,2.65,4.42815,1920471.625
cold,0,1,0,0.001,0.1,512,3,5,4,256,6000,8.0,2633729,1,1,9974,1101,600006,0,1,1,54,324.0,2.7,4.5117,2568519.5
cold,0,1,0,0.001,0.1,512,3,5,4,256,6000,8.0,2633729,1,1,9974,1101,600006,0,1,1,55,330.0,2.75,4.59525,3435098.0
cold,0,1,0,0.001,0.1,512,3,5,4,256,6000,8.0,2633729,1,1,9974,1101,600006,0,1,1,56,336.0,2.8,4.6788,4594642.5
cold,0,1,0,0.001,0.1,512,3,5,4,256,6000,8.0,2633729,1,1,9974,1101,600006,0,1,1,57,342.0,2.85,4.76235,6146530.5
cold,0,1,0,0.001,0.1,512,3,5,4,256,6000,8.0,2633729,1,1,9974,1101,600006,0,1,1,58,348.0,2.9,4.8459,8222045.0
cold,0,1,0,0.001,0.1,512,3,5,4,256,6000,8.0,2633729,1,1,9974,1101,600006,0,1,1,59,354.0,2.95,4.92945,11001668.0
cold,0,1,0,0.001,0.1,512,3,5,4,256,6000,8.0,2633729,1,1,9974,1101,600006,0,1,1,60,360.0,3.0,5.013,14717981.0
cold,0,1,0,0.001,0.1,512,3,5,4,256,6000,8.0,2633729,1,1,9974,1101,600006,0,1,1,61,366.0,3.05,5.09655,19696314.0
cold,0,1,0,0.001,0.1,512,3,5,4,256,6000,8.0,2633729,1,1,9974,1101,600006,0,1,1,62,372.0,3.1,5.1801,26353274.0
cold,0,1,0,0.001,0.1,512,3,5,4,256,6000,8.0,2633729,1,1,9974,1101,600006,0,1,1,63,378.0,3.15,5.26365,35266912.0
cold,0,1,0,0.001,0.1,512,3,5,4,256,6000,8.0,2633729,1,1,9974,1101,600006,0,1,1,64,384.0,3.2,5.3472,47197560.0
cold,0,1,0,0.001,0.1,512,3,5,4,256,6000,8.0,2633729,1,1,9974,1101,600006,0,1,1,65,390.0,3.25,5.43075,63165756.0
cold,0,1,0,0.001,0.1,512,3,5,4,256,6000,8.0,2633729,1,1,9974,1101,600006,0,1,1,66,396.0,3.3,5.5143,84549616.0
cold,0,1,0,0.001,0.1,512,3,5,4,256,6000,8.0,2633729,1,1,9974,1101,600006,0,1,1,67,402.0,3.35,5.59785,113162352.0
cold,0,1,0,0.001,0.1,512,3,5,4,256,6000,8.0,2633729,1,1,9974,1101,600006,0,1,1,68,408.0,3.4,5.6814,151498528.0
cold,0,1,0,0.001,0.1,512,3,5,4,256,6000,8.0,2633729,1,1,9974,1101,600006,0,1,1,69,414.0,3.45,5.76495,202773152.0
cold,0,1,0,0.001,0.1,512,3,5,4,256,6000,8.0,2633729,1,1,9974,1101,600006,0,1,1,70,420.0,3.5,5.8485,271483360.0
cold,0,1,0,0.001,0.1,512,3,5,4,256,6000,8.0,2633729,1,1,9974,1101,600006,0,1,1,71,426.0,3.55,5.93205,363411392.0
cold,0,1,0,0.001,0.1,512,3,5,4,256,6000,8.0,2633729,1,1,9974,1101,600006,0,1,1,72,432.0,3.6,6.0156,486538688.0
cold,0,1,0,0.001,0.1,512,3,5,4,256,6000,8.0,2633729,1,1,9974,1101,600006,0,1,1,73,438.0,3.65,6.09915,651416384.0
cold,0,1,0,0.001,0.1,512,3,5,4,256,6000,8.0,2633729,1,1,9974,1101,600006,0,1,1,74,444.0,3.7,6.1827,872098368.0
cold,0,1,0,0.001,0.1,512,3,5,4,256,6000,8.0,2633729,1,1,9974,1101,600006,0,1,1,75,450.0,3.75,6.26625,1167813120.0
cold,0,1,0,0.001,0.1,512,3,5,4,256,6000,8.0,2633729,1,1,9974,1101,600006,0,1,1,76,456.0,3.8,6.3498,1563497344.0
cold,0,1,0,0.001,0.1,512,3,5,4,256,6000,8.0,2633729,1,1,9974,1101,600006,0,1,1,77,462.0,3.85,6.43335,2094024064.0
cold,0,1,0,0.001,0.1,512,3,5,4,256,6000,8.0,2633729,1,1,9974,1101,600006,0,1,1,78,468.0,3.9,6.5169,2803616512.0
cold,0,1,0,0.001,0.1,512,3,5,4,256,6000,8.0,2633729,1,1,9974,1101,600006,0,1,1,79,474.0,3.95,6.60045,3754743296.0
cold,0,1,0,0.001,0.1,512,3,5,4,256,6000,8.0,2633729,1,1,9974,1101,600006,0,1,1,80,480.0,4.0,6.684,5027962368.0
cold,0,1,0,0.001,0.1,512,3,5,4,256,6000,8.0,2633729,1,1,9974,1101,600006,0,1,1,81,486.0,4.05,6.76755,6733161984.0
cold,0,1,0,0.001,0.1,512,3,5,4,256,6000,8.0,2633729,1,1,9974,1101,600006,0,1,1,82,492.0,4.1,6.8511,9018169344.0
cold,0,1,0,0.001,0.1,512,3,5,4,256,6000,8.0,2633729,1,1,9974,1101,600006,0,1,1,83,498.0,4.15,6.93465,12076337152.0
cold,0,1,0,0.001,0.1,512,3,5,4,256,6000,8.0,2633729,1,1,9974,1101,600006,0,1,1,84,504.0,4.2,7.0182,16176408576.0
cold,0,1,0,0.001,0.1,512,3,5,4,256,6000,8.0,2633729,1,1,9974,1101,600006,0,1,1,85,510.0,4.25,7.10175,21663305728.0
cold,0,1,0,0.001,0.1,512,3,5,4,256,6000,8.0,2633729,1,1,9974,1101,600006,0,1,1,86,516.0,4.3,7.1853,29021102080.0
cold,0,1,0,0.001,0.1,512,3,5,4,256,6000,8.0,2633729,1,1,9974,1101,600006,0,1,1,87,522.0,4.35,7.26885,38868197376.0
cold,0,1,0,0.001,0.1,512,3,5,4,256,6000,8.0,2633729,1,1,9974,1101,600006,0,1,1,88,528.0,4.4,7.3524,52066762752.0
cold,0,1,0,0.001,0.1,512,3,5,4,256,6000,8.0,2633729,1,1,9974,1101,600006,0,1,1,89,534.0,4.45,7.43595,69742845952.0
cold,0,1,0,0.001,0.1,512,3,5,4,256,6000,8.0,2633729,1,1,9974,1101,600006,0,1,1,90,540.0,4.5,7.5195,93420126208.0
cold,0,1,0,0.001,0.1,512,3,5,4,256,6000,8.0,2633729,1,1,9974,1101,600006,0,1,1,91,546.0,4.55,7.60305,125151821824.0
cold,0,1,0,0.001,0.1,512,3,5,4,256,6000,8.0,2633729,1,1,9974,1101,600006,0,1,1,92,552.0,4.6,7.6866,167645446144.0
cold,0,1,0,0.001,0.1,512,3,5,4,256,6000,8.0,2633729,1,1,9974,1101,600006,0,1,1,93,558.0,4.65,7.77015,224609615872.0
cold,0,1,0,0.001,0.1,512,3,5,4,256,6000,8.0,2633729,1,1,9974,1101,600006,0,1,1,94,564.0,4.7,7.8537,300881739776.0
cold,0,1,0,0.001,0.1,512,3,5,4,256,6000,8.0,2633729,1,1,9974,1101,600006,0,1,1,95,570.0,4.75,7.93725,403158466560.0
cold,0,1,0,0.001,0.1,512,3,5,4,256,6000,8.0,2633729,1,1,9974,1101,600006,0,1,1,96,576.0,4.8,8.0208,540087648256.0
cold,0,1,0,0.001,0.1,512,3,5,4,256,6000,8.0,2633729,1,1,9974,1101,600006,0,1,1,97,582.0,4.85,8.10435,723658145792.0
cold,0,1,0,0.001,0.1,512,3,5,4,256,6000,8.0,2633729,1,1,9974,1101,600006,0,1,1,98,588.0,4.9,8.1879,969535062016.0
cold,0,1,0,0.001,0.1,512,3,5,4,256,6000,8.0,2633729,1,1,9974,1101,600006,0,1,1,99,594.0,4.95,8.27145,1299025494016.0
cold,0,1,0,0.001,0.1,512,3,5,4,256,6000,8.0,2633729,1,1,9974,1101,600006,0,1,1,100,600.0,5.0,8.355,1740576391168.0
cold,0,1,0,0.001,0.1,512,3,5,4,256,6000,8.0,2633729,1,1,9974,1101,600006,0,1,1,101,606.0,5.05,8.43855,2332052946944.0
cold,0,1,0,0.001,0.1,512,3,5,4,256,6000,8.0,2633729,1,1,9974,1101,600006,0,1,1,102,612.0,5.1,8.5221,3125177483264.0
cold,0,1,0,0.001,0.1,512,3,5,4,256,6000,8.0,2633729,1,1,9974,1101,600006,0,1,1,103,618.0,5.15,8.60565,4187368194048.0
cold,0,1,0,0.001,0.1,512,3,5,4,256,6000,8.0,2633729,1,1,9974,1101,600006,0,1,1,104,624.0,5.2,8.6892,5611866030080.0
cold,0,1,0,0.001,0.1,512,3,5,4,256,6000,8.0,2633729,1,1,9974,1101,600006,0,1,1,105,630.0,5.25,8.77275,7519495782400.0
cold,0,1,0,0.001,0.1,512,3,5,4,256,6000,8.0,2633729,1,1,9974,1101,600006,0,1,1,106,636.0,5.3,8.8563,10076813262848.0
cold,0,1,0,0.001,0.1,512,3,5,4,256,6000,8.0,2633729,1,1,9974,1101,600006,0,1,1,107,642.0,5.35,8.93985,13503418073088.0
cold,0,1,0,0.001,0.1,512,3,5,4,256,6000,8.0,2633729,1,1,9974,1101,600006,0,1,1,108,648.0,5.4,9.0234,18095030665216.0
cold,0,1,0,0.001,0.1,512,3,5,4,256,6000,8.0,2633729,1,1,9974,1101,600006,0,1,1,109,654.0,5.45,9.10695,24250637352960.0
cold,0,1,0,0.001,0.1,512,3,5,4,256,6000,8.0,2633729,1,1,9974,1101,600006,0,1,1,110,660.0,5.5,9.1905,32497754701824.0
cold,0,1,0,0.001,0.1,512,3,5,4,256,6000,8.0,2633729,1,1,9974,1101,600006,0,1,1,111,666.0,5.55,9.27405,43557779931136.0
cold,0,1,0,0.001,0.1,512,3,5,4,256,6000,8.0,2633729,1,1,9974,1101,600006,0,1,1,112,672.0,5.6,9.3576,58371491233792.0
cold,0,1,0,0.001,0.1,512,3,5,4,256,6000,8.0,2633729,1,1,9974,1101,600006,0,1,1,113,678.0,5.65,9.44115,78235102609408.0
cold,0,1,0,0.001,0.1,512,3,5,4,256,6000,8.0,2633729,1,1,9974,1101,600006,0,1,1,114,684.0,5.7,9.5247,104852088684544.0
cold,0,1,0,0.001,0.1,512,3,5,4,256,6000,8.0,2633729,1,1,9974,1101,600006,0,1,1,115,690.0,5.75,9.60825,140525894107136.0
cold,0,1,0,0.001,0.1,512,3,5,4,256,6000,8.0,2633729,1,1,9974,1101,600006,0,1,1,116,696.0,5.8,9.6918,188348593340416.0
cold,0,1,0,0.001,0.1,512,3,5,4,256,6000,8.0,2633729,1,1,9974,1101,600006,0,1,1,117,702.0,5.85,9.77535,252411922874368.0
cold,0,1,0,0.001,0.1,512,3,5,4,256,6000,8.0,2633729,1,1,9974,1101,600006,0,1,1,118,708.0,5.9,9.8589,338328331223040.0
cold,0,1,0,0.001,0.1,512,3,5,4,256,6000,8.0,2633729,1,1,9974,1101,600006,0,1,1,119,714.0,5.95,9.94245,453443252649984.0
cold,0,1,0,0.001,0.1,512,3,5,4,256,6000,8.0,2633729,1,1,9974,1101,600006,0,1,1,120,720.0,6.0,10.026,607793304305664.0
cold,0,1,0,0.001,0.1,512,3,5,4,256,6000,8.0,2633729,1,1,9974,1101,600006,0,12,12,1,6.0,0.05,0.08355,0.21385153
cold,0,1,0,0.001,0.1,512,3,5,4,256,6000,8.0,2633729,1,1,9974,1101,600006,0,12,12,2,12.0,0.1,0.1671,0.4153744
cold,0,1,0,0.001,0.1,512,3,5,4,256,6000,8.0,2633729,1,1,9974,1101,600006,0,12,12,3,18.0,0.15,0.25065,0.61739004
cold,0,1,0,0.001,0.1,512,3,5,4,256,6000,8.0,2633729,1,1,9974,1101,600006,0,12,12,4,24.0,0.2,0.3342,0.80591506
cold,0,1,0,0.001,0.1,512,3,5,4,256,6000,8.0,2633729,1,1,9974,1101,600006,0,12,12,5,30.0,0.25,0.41775,0.97427994
cold,0,1,0,0.001,0.1,512,3,5,4,256,6000,8.0,2633729,1,1,9974,1101,600006,0,12,12,6,36.0,0.3,0.5013,1.12851417
cold,0,1,0,0.001,0.1,512,3,5,4,256,6000,8.0,2633729,1,1,9974,1101,600006,0,12,12,7,42.0,0.35,0.58485,1.27190292
cold,0,1,0,0.001,0.1,512,3,5,4,256,6000,8.0,2633729,1,1,9974,1101,600006,0,12,12,8,48.0,0.4,0.6684,1.40632296
cold,0,1,0,0.001,0.1,512,3,5,4,256,6000,8.0,2633729,1,1,9974,1101,600006,0,12,12,9,54.0,0.45,0.75195,1.53182113
cold,0,1,0,0.001,0.1,512,3,5,4,256,6000,8.0,2633729,1,1,9974,1101,600006,0,12,12,10,60.0,0.5,0.8355,1.64791799
cold,0,1,0,0.001,0.1,512,3,5,4,256,6000,8.0,2633729,1,1,9974,1101,600006,0,12,12,11,66.0,0.55,0.91905,1.75741434
cold,0,1,0,0.001,0.1,512,3,5,4,256,6000,8.0,2633729,1,1,9974,1101,600006,0,12,12,12,72.0,0.6,1.0026,1.86337709
cold,0,1,0,0.001,0.1,512,3,5,4,256,6000,8.0,2633729,1,1,9974,1101,600006,0,12,12,13,78.0,0.65,1.08615,1.96387994
cold,0,1,0,0.001,0.1,512,3,5,4,256,6000,8.0,2633729,1,1,9974,1101,600006,0,12,12,14,84.0,0.7,1.1697,2.05330181
cold,0,1,0,0.001,0.1,512,3,5,4,256,6000,8.0,2633729,1,1,9974,1101,600006,0,12,12,15,90.0,0.75,1.25325,2.12662935
cold,0,1,0,0.001,0.1,512,3,5,4,256,6000,8.0,2633729,1,1,9974,1101,600006,0,12,12,16,96.0,0.8,1.3368,2.18251276
cold,0,1,0,0.001,0.1,512,3,5,4,256,6000,8.0,2633729,1,1,9974,1101,600006,0,12,12,17,102.0,0.85,1.42035,2.22329712
cold,0,1,0,0.001,0.1,512,3,5,4,256,6000,8.0,2633729,1,1,9974,1101,600006,0,12,12,18,108.0,0.9,1.5039,2.25230575
cold,0,1,0,0.001,0.1,512,3,5,4,256,6000,8.0,2633729,1,1,9974,1101,600006,0,12,12,19,114.0,0.95,1.58745,2.27039075
cold,0,1,0,0.001,0.1,512,3,5,4,256,6000,8.0,2633729,1,1,9974,1101,600006,0,12,12,20,120.0,1.0,1.671,2.27520585
cold,0,1,0,0.001,0.1,512,3,5,4,256,6000,8.0,2633729,1,1,9974,1101,600006,0,12,12,21,126.0,1.05,1.75455,2.26487017
cold,0,1,0,0.001,0.1,512,3,5,4,256,6000,8.0,2633729,1,1,9974,1101,600006,0,12,12,22,132.0,1.1,1.8381,2.24171472
cold,0,1,0,0.001,0.1,512,3,5,4,256,6000,8.0,2633729,1,1,9974,1101,600006,0,12,12,23,138.0,1.15,1.92165,2.21084332
cold,0,1,0,0.001,0.1,512,3,5,4,256,6000,8.0,2633729,1,1,9974,1101,600006,0,12,12,24,144.0,1.2,2.0052,2.17557764
cold,0,1,0,0.001,0.1,512,3,5,4,256,6000,8.0,2633729,1,1,9974,1101,600006,0,12,12,25,150.0,1.25,2.08875,2.13598633
cold,0,1,0,0.001,0.1,512,3,5,4,256,6000,8.0,2633729,1,1,9974,1101,600006,0,12,12,26,156.0,1.3,2.1723,2.09137297
cold,0,1,0,0.001,0.1,512,3,5,4,256,6000,8.0,2633729,1,1,9974,1101,600006,0,12,12,27,162.0,1.35,2.25585,2.04153848
cold,0,1,0,0.001,0.1,512,3,5,4,256,6000,8.0,2633729,1,1,9974,1101,600006,0,12,12,28,168.0,1.4,2.3394,1.98628771
cold,0,1,0,0.001,0.1,512,3,5,4,256,6000,8.0,2633729,1,1,9974,1101,600006,0,12,12,29,174.0,1.45,2.42295,1.92620647
cold,0,1,0,0.001,0.1,512,3,5,4,256,6000,8.0,2633729,1,1,9974,1101,600006,0,12,12,30,180.0,1.5,2.5065,1.86289859
cold,0,1,0,0.001,0.1,512,3,5,4,256,6000,8.0,2633729,1,1,9974,1101,600006,0,12,12,31,186.0,1.55,2.59005,1.79760504
cold,0,1,0,0.001,0.1,512,3,5,4,256,6000,8.0,2633729,1,1,9974,1101,600006,0,12,12,32,192.0,1.6,2.6736,1.73139167
cold,0,1,0,0.001,0.1,512,3,5,4,256,6000,8.0,2633729,1,1,9974,1101,600006,0,12,12,33,198.0,1.65,2.75715,1.66587079
cold,0,1,0,0.001,0.1,512,3,5,4,256,6000,8.0,2633729,1,1,9974,1101,600006,0,12,12,34,204.0,1.7,2.8407,1.60249376
cold,0,1,0,0.001,0.1,512,3,5,4,256,6000,8.0,2633729,1,1,9974,1101,600006,0,12,12,35,210.0,1.75,2.92425,1.54174364
cold,0,1,0,0.001,0.1,512,3,5,4,256,6000,8.0,2633729,1,1,9974,1101,600006,0,12,12,36,216.0,1.8,3.0078,1.48329902
cold,0,1,0,0.001,0.1,512,3,5,4,256,6000,8.0,2633729,1,1,9974,1101,600006,0,12,12,37,222.0,1.85,3.09135,1.42650628
cold,0,1,0,0.001,0.1,512,3,5,4,256,6000,8.0,2633729,1,1,9974,1101,600006,0,12,12,38,228.0,1.9,3.1749,1.3711257
cold,0,1,0,0.001,0.1,512,3,5,4,256,6000,8.0,2633729,1,1,9974,1101,600006,0,12,12,39,234.0,1.95,3.25845,1.31720972
cold,0,1,0,0.001,0.1,512,3,5,4,256,6000,8.0,2633729,1,1,9974,1101,600006,0,12,12,40,240.0,2.0,3.342,1.26449823
cold,0,1,0,0.001,0.1,512,3,5,4,256,6000,8.0,2633729,1,1,9974,1101,600006,0,12,12,41,246.0,2.05,3.42555,1.21358967
cold,0,1,0,0.001,0.1,512,3,5,4,256,6000,8.0,2633729,1,1,9974,1101,600006,0,12,12,42,252.0,2.1,3.5091,1.16624093
cold,0,1,0,0.001,0.1,512,3,5,4,256,6000,8.0,2633729,1,1,9974,1101,600006,0,12,12,43,258.0,2.15,3.59265,1.12342167
cold,0,1,0,0.001,0.1,512,3,5,4,256,6000,8.0,2633729,1,1,9974,1101,600006,0,12,12,44,264.0,2.2,3.6762,1.08489573
cold,0,1,0,0.001,0.1,512,3,5,4,256,6000,8.0,2633729,1,1,9974,1101,600006,0,12,12,45,270.0,2.25,3.75975,1.05100024
cold,0,1,0,0.001,0.1,512,3,5,4,256,6000,8.0,2633729,1,1,9974,1101,600006,0,12,12,46,276.0,2.3,3.8433,1.02365434
cold,0,1,0,0.001,0.1,512,3,5,4,256,6000,8.0,2633729,1,1,9974,1101,600006,0,12,12,47,282.0,2.35,3.92685,1.00531507
cold,0,1,0,0.001,0.1,512,3,5,4,256,6000,8.0,2633729,1,1,9974,1101,600006,0,12,12,48,288.0,2.4,4.0104,0.99751717
cold,0,1,0,0.001,0.1,512,3,5,4,256,6000,8.0,2633729,1,1,9974,1101,600006,0,12,12,49,294.0,2.45,4.09395,0.99984372
cold,0,1,0,0.001,0.1,512,3,5,4,256,6000,8.0,2633729,1,1,9974,1101,600006,0,12,12,50,300.0,2.5,4.1775,1.0104754
cold,0,1,0,0.001,0.1,512,3,5,4,256,6000,8.0,2633729,1,1,9974,1101,600006,0,12,12,51,306.0,2.55,4.26105,1.02875245
cold,0,1,0,0.001,0.1,512,3,5,4,256,6000,8.0,2633729,1,1,9974,1101,600006,0,12,12,52,312.0,2.6,4.3446,1.05619884
cold,0,1,0,0.001,0.1,512,3,5,4,256,6000,8.0,2633729,1,1,9974,1101,600006,0,12,12,53,318.0,2.65,4.42815,1.09342003
cold,0,1,0,0.001,0.1,512,3,5,4,256,6000,8.0,2633729,1,1,9974,1101,600006,0,12,12,54,324.0,2.7,4.5117,1.13777506
cold,0,1,0,0.001,0.1,512,3,5,4,256,6000,8.0,2633729,1,1,9974,1101,600006,0,12,12,55,330.0,2.75,4.59525,1.18671119
cold,0,1,0,0.001,0.1,512,3,5,4,256,6000,8.0,2633729,1,1,9974,1101,600006,0,12,12,56,336.0,2.8,4.6788,1.24075222
cold,0,1,0,0.001,0.1,512,3,5,4,256,6000,8.0,2633729,1,1,9974,1101,600006,0,12,12,57,342.0,2.85,4.76235,1.30268824
cold,0,1,0,0.001,0.1,512,3,5,4,256,6000,8.0,2633729,1,1,9974,1101,600006,0,12,12,58,348.0,2.9,4.8459,1.3736099
cold,0,1,0,0.001,0.1,512,3,5,4,256,6000,8.0,2633729,1,1,9974,1101,600006,0,12,12,59,354.0,2.95,4.92945,1.45009494
cold,0,1,0,0.001,0.1,512,3,5,4,256,6000,8.0,2633729,1,1,9974,1101,600006,0,12,12,60,360.0,3.0,5.013,1.52715504
cold,0,1,0,0.001,0.1,512,3,5,4,256,6000,8.0,2633729,1,1,9974,1101,600006,0,12,12,61,366.0,3.05,5.09655,1.60046697
cold,0,1,0,0.001,0.1,512,3,5,4,256,6000,8.0,2633729,1,1,9974,1101,600006,0,12,12,62,372.0,3.1,5.1801,1.66779709
cold,0,1,0,0.001,0.1,512,3,5,4,256,6000,8.0,2633729,1,1,9974,1101,600006,0,12,12,63,378.0,3.15,5.26365,1.73222053
cold,0,1,0,0.001,0.1,512,3,5,4,256,6000,8.0,2633729,1,1,9974,1101,600006,0,12,12,64,384.0,3.2,5.3472,1.79817748
cold,0,1,0,0.001,0.1,512,3,5,4,256,6000,8.0,2633729,1,1,9974,1101,600006,0,12,12,65,390.0,3.25,5.43075,1.86421847
cold,0,1,0,0.001,0.1,512,3,5,4,256,6000,8.0,2633729,1,1,9974,1101,600006,0,12,12,66,396.0,3.3,5.5143,1.92502356
cold,0,1,0,0.001,0.1,512,3,5,4,256,6000,8.0,2633729,1,1,9974,1101,600006,0,12,12,67,402.0,3.35,5.59785,1.97713816
cold,0,1,0,0.001,0.1,512,3,5,4,256,6000,8.0,2633729,1,1,9974,1101,600006,0,12,12,68,408.0,3.4,5.6814,2.01923823
cold,0,1,0,0.001,0.1,512,3,5,4,256,6000,8.0,2633729,1,1,9974,1101,600006,0,12,12,69,414.0,3.45,5.76495,2.05123425
cold,0,1,0,0.001,0.1,512,3,5,4,256,6000,8.0,2633729,1,1,9974,1101,600006,0,12,12,70,420.0,3.5,5.8485,2.07394266
cold,0,1,0,0.001,0.1,512,3,5,4,256,6000,8.0,2633729,1,1,9974,1101,600006,0,12,12,71,426.0,3.55,5.93205,2.08782053
cold,0,1,0,0.001,0.1,512,3,5,4,256,6000,8.0,2633729,1,1,9974,1101,600006,0,12,12,72,432.0,3.6,6.0156,2.09203506
cold,0,1,0,0.001,0.1,512,3,5,4,256,6000,8.0,2633729,1,1,9974,1101,600006,0,12,12,73,438.0,3.65,6.09915,2.08538532
cold,0,1,0,0.001,0.1,512,3,5,4,256,6000,8.0,2633729,1,1,9974,1101,600006,0,12,12,74,444.0,3.7,6.1827,2.06832933
cold,0,1,0,0.001,0.1,512,3,5,4,256,6000,8.0,2633729,1,1,9974,1101,600006,0,12,12,75,450.0,3.75,6.26625,2.04358768
cold,0,1,0,0.001,0.1,512,3,5,4,256,6000,8.0,2633729,1,1,9974,1101,600006,0,12,12,76,456.0,3.8,6.3498,2.01396251
cold,0,1,0,0.001,0.1,512,3,5,4,256,6000,8.0,2633729,1,1,9974,1101,600006,0,12,12,77,462.0,3.85,6.43335,1.97954452
cold,0,1,0,0.001,0.1,512,3,5,4,256,6000,8.0,2633729,1,1,9974,1101,600006,0,12,12,78,468.0,3.9,6.5169,1.93874204
cold,0,1,0,0.001,0.1,512,3,5,4,256,6000,8.0,2633729,1,1,9974,1101,600006,0,12,12,79,474.0,3.95,6.60045,1.89129639
cold,0,1,0,0.001,0.1,512,3,5,4,256,6000,8.0,2633729,1,1,9974,1101,600006,0,12,12,80,480.0,4.0,6.684,1.83873641
cold,0,1,0,0.001,0.1,512,3,5,4,256,6000,8.0,2633729,1,1,9974,1101,600006,0,12,12,81,486.0,4.05,6.76755,1.7837199
cold,0,1,0,0.001,0.1,512,3,5,4,256,6000,8.0,2633729,1,1,9974,1101,600006,0,12,12,82,492.0,4.1,6.8511,1.72849905
cold,0,1,0,0.001,0.1,512,3,5,4,256,6000,8.0,2633729,1,1,9974,1101,600006,0,12,12,83,498.0,4.15,6.93465,1.6733073
cold,0,1,0,0.001,0.1,512,3,5,4,256,6000,8.0,2633729,1,1,9974,1101,600006,0,12,12,84,504.0,4.2,7.0182,1.61737394
cold,0,1,0,0.001,0.1,512,3,5,4,256,6000,8.0,2633729,1,1,9974,1101,600006,0,12,12,85,510.0,4.25,7.10175,1.56053197
cold,0,1,0,0.001,0.1,512,3,5,4,256,6000,8.0,2633729,1,1,9974,1101,600006,0,12,12,86,516.0,4.3,7.1853,1.50351655
cold,0,1,0,0.001,0.1,512,3,5,4,256,6000,8.0,2633729,1,1,9974,1101,600006,0,12,12,87,522.0,4.35,7.26885,1.44770193
cold,0,1,0,0.001,0.1,512,3,5,4,256,6000,8.0,2633729,1,1,9974,1101,600006,0,12,12,88,528.0,4.4,7.3524,1.39471316
cold,0,1,0,0.001,0.1,512,3,5,4,256,6000,8.0,2633729,1,1,9974,1101,600006,0,12,12,89,534.0,4.45,7.43595,1.34513199
cold,0,1,0,0.001,0.1,512,3,5,4,256,6000,8.0,2633729,1,1,9974,1101,600006,0,12,12,90,540.0,4.5,7.5195,1.29783666
cold,0,1,0,0.001,0.1,512,3,5,4,256,6000,8.0,2633729,1,1,9974,1101,600006,0,12,12,91,546.0,4.55,7.60305,1.25191128
cold,0,1,0,0.001,0.1,512,3,5,4,256,6000,8.0,2633729,1,1,9974,1101,600006,0,12,12,92,552.0,4.6,7.6866,1.20860934
cold,0,1,0,0.001,0.1,512,3,5,4,256,6000,8.0,2633729,1,1,9974,1101,600006,0,12,12,93,558.0,4.65,7.77015,1.17004728
cold,0,1,0,0.001,0.1,512,3,5,4,256,6000,8.0,2633729,1,1,9974,1101,600006,0,12,12,94,564.0,4.7,7.8537,1.13686931
cold,0,1,0,0.001,0.1,512,3,5,4,256,6000,8.0,2633729,1,1,9974,1101,600006,0,12,12,95,570.0,4.75,7.93725,1.10926783
cold,0,1,0,0.001,0.1,512,3,5,4,256,6000,8.0,2633729,1,1,9974,1101,600006,0,12,12,96,576.0,4.8,8.0208,1.08886194
cold,0,1,0,0.001,0.1,512,3,5,4,256,6000,8.0,2633729,1,1,9974,1101,600006,0,12,12,97,582.0,4.85,8.10435,1.07807636
cold,0,1,0,0.001,0.1,512,3,5,4,256,6000,8.0,2633729,1,1,9974,1101,600006,0,12,12,98,588.0,4.9,8.1879,1.07800484
cold,0,1,0,0.001,0.1,512,3,5,4,256,6000,8.0,2633729,1,1,9974,1101,600006,0,12,12,99,594.0,4.95,8.27145,1.08671987
cold,0,1,0,0.001,0.1,512,3,5,4,256,6000,8.0,2633729,1,1,9974,1101,600006,0,12,12,100,600.0,5.0,8.355,1.10067332
cold,0,1,0,0.001,0.1,512,3,5,4,256,6000,8.0,2633729,1,1,9974,1101,600006,0,12,12,101,606.0,5.05,8.43855,1.11816525
cold,0,1,0,0.001,0.1,512,3,5,4,256,6000,8.0,2633729,1,1,9974,1101,600006,0,12,12,102,612.0,5.1,8.5221,1.14026904
cold,0,1,0,0.001,0.1,512,3,5,4,256,6000,8.0,2633729,1,1,9974,1101,600006,0,12,12,103,618.0,5.15,8.60565,1.16838717
cold,0,1,0,0.001,0.1,512,3,5,4,256,6000,8.0,2633729,1,1,9974,1101,600006,0,12,12,104,624.0,5.2,8.6892,1.20332634
cold,0,1,0,0.001,0.1,512,3,5,4,256,6000,8.0,2633729,1,1,9974,1101,600006,0,12,12,105,630.0,5.25,8.77275,1.24621713
cold,0,1,0,0.001,0.1,512,3,5,4,256,6000,8.0,2633729,1,1,9974,1101,600006,0,12,12,106,636.0,5.3,8.8563,1.29668117
cold,0,1,0,0.001,0.1,512,3,5,4,256,6000,8.0,2633729,1,1,9974,1101,600006,0,12,12,107,642.0,5.35,8.93985,1.35263944
cold,0,1,0,0.001,0.1,512,3,5,4,256,6000,8.0,2633729,1,1,9974,1101,600006,0,12,12,108,648.0,5.4,9.0234,1.41277921
cold,0,1,0,0.001,0.1,512,3,5,4,256,6000,8.0,2633729,1,1,9974,1101,600006,0,12,12,109,654.0,5.45,9.10695,1.47622585
cold,0,1,0,0.001,0.1,512,3,5,4,256,6000,8.0,2633729,1,1,9974,1101,600006,0,12,12,110,660.0,5.5,9.1905,1.54126203
cold,0,1,0,0.001,0.1,512,3,5,4,256,6000,8.0,2633729,1,1,9974,1101,600006,0,12,12,111,666.0,5.55,9.27405,1.60682845
cold,0,1,0,0.001,0.1,512,3,5,4,256,6000,8.0,2633729,1,1,9974,1101,600006,0,12,12,112,672.0,5.6,9.3576,1.67284417
cold,0,1,0,0.001,0.1,512,3,5,4,256,6000,8.0,2633729,1,1,9974,1101,600006,0,12,12,113,678.0,5.65,9.44115,1.7376523
cold,0,1,0,0.001,0.1,512,3,5,4,256,6000,8.0,2633729,1,1,9974,1101,600006,0,12,12,114,684.0,5.7,9.5247,1.79894996
cold,0,1,0,0.001,0.1,512,3,5,4,256,6000,8.0,2633729,1,1,9974,1101,600006,0,12,12,115,690.0,5.75,9.60825,1.8565526
cold,0,1,0,0.001,0.1,512,3,5,4,256,6000,8.0,2633729,1,1,9974,1101,600006,0,12,12,116,696.0,5.8,9.6918,1.91050816
cold,0,1,0,0.001,0.1,512,3,5,4,256,6000,8.0,2633729,1,1,9974,1101,600006,0,12,12,117,702.0,5.85,9.77535,1.9584738
cold,0,1,0,0.001,0.1,512,3,5,4,256,6000,8.0,2633729,1,1,9974,1101,600006,0,12,12,118,708.0,5.9,9.8589,1.99724305
cold,0,1,0,0.001,0.1,512,3,5,4,256,6000,8.0,2633729,1,1,9974,1101,600006,0,12,12,119,714.0,5.95,9.94245,2.02523017
cold,0,1,0,0.001,0.1,512,3,5,4,256,6000,8.0,2633729,1,1,9974,1101,600006,0,12,12,120,720.0,6.0,10.026,2.043643
cold,0,1,0,0.001,0.1,512,3,5,4,256,6000,8.0,2633729,1,1,9974,1101,600006,0,54,54,1,6.0,0.05,0.08355,0.09380226
cold,0,1,0,0.001,0.1,512,3,5,4,256,6000,8.0,2633729,1,1,9974,1101,600006,0,54,54,2,12.0,0.1,0.1671,0.13908516
cold,0,1,0,0.001,0.1,512,3,5,4,256,6000,8.0,2633729,1,1,9974,1101,600006,0,54,54,3,18.0,0.15,0.25065,0.18909183
cold,0,1,0,0.001,0.1,512,3,5,4,256,6000,8.0,2633729,1,1,9974,1101,600006,0,54,54,4,24.0,0.2,0.3342,0.23714362
cold,0,1,0,0.001,0.1,512,3,5,4,256,6000,8.0,2633729,1,1,9974,1101,600006,0,54,54,5,30.0,0.25,0.41775,0.28127366
cold,0,1,0,0.001,0.1,512,3,5,4,256,6000,8.0,2633729,1,1,9974,1101,600006,0,54,54,6,36.0,0.3,0.5013,0.32323357
cold,0,1,0,0.001,0.1,512,3,5,4,256,6000,8.0,2633729,1,1,9974,1101,600006,0,54,54,7,42.0,0.35,0.58485,0.36496171
cold,0,1,0,0.001,0.1,512,3,5,4,256,6000,8.0,2633729,1,1,9974,1101,600006,0,54,54,8,48.0,0.4,0.6684,0.40547231
cold,0,1,0,0.001,0.1,512,3,5,4,256,6000,8.0,2633729,1,1,9974,1101,600006,0,54,54,9,54.0,0.45,0.75195,0.44253317
cold,0,1,0,0.001,0.1,512,3,5,4,256,6000,8.0,2633729,1,1,9974,1101,600006,0,54,54,10,60.0,0.5,0.8355,0.47533616
cold,0,1,0,0.001,0.1,512,3,5,4,256,6000,8.0,2633729,1,1,9974,1101,600006,0,54,54,11,66.0,0.55,0.91905,0.50484234
cold,0,1,0,0.001,0.1,512,3,5,4,256,6000,8.0,2633729,1,1,9974,1101,600006,0,54,54,12,72.0,0.6,1.0026,0.53233343
cold,0,1,0,0.001,0.1,512,3,5,4,256,6000,8.0,2633729,1,1,9974,1101,600006,0,54,54,13,78.0,0.65,1.08615,0.55779386
cold,0,1,0,0.001,0.1,512,3,5,4,256,6000,8.0,2633729,1,1,9974,1101,600006,0,54,54,14,84.0,0.7,1.1697,0.58065081
cold,0,1,0,0.001,0.1,512,3,5,4,256,6000,8.0,2633729,1,1,9974,1101,600006,0,54,54,15,90.0,0.75,1.25325,0.60131216
cold,0,1,0,0.001,0.1,512,3,5,4,256,6000,8.0,2633729,1,1,9974,1101,600006,0,54,54,16,96.0,0.8,1.3368,0.6210258
cold,0,1,0,0.001,0.1,512,3,5,4,256,6000,8.0,2633729,1,1,9974,1101,600006,0,54,54,17,102.0,0.85,1.42035,0.64057356
cold,0,1,0,0.001,0.1,512,3,5,4,256,6000,8.0,2633729,1,1,9974,1101,600006,0,54,54,18,108.0,0.9,1.5039,0.65961373
cold,0,1,0,0.001,0.1,512,3,5,4,256,6000,8.0,2633729,1,1,9974,1101,600006,0,54,54,19,114.0,0.95,1.58745,0.67745262
cold,0,1,0,0.001,0.1,512,3,5,4,256,6000,8.0,2633729,1,1,9974,1101,600006,0,54,54,20,120.0,1.0,1.671,0.69343388
cold,0,1,0,0.001,0.1,512,3,5,4,256,6000,8.0,2633729,1,1,9974,1101,600006,0,54,54,21,126.0,1.05,1.75455,0.70689571
cold,0,1,0,0.001,0.1,512,3,5,4,256,6000,8.0,2633729,1,1,9974,1101,600006,0,54,54,22,132.0,1.1,1.8381,0.71797496
cold,0,1,0,0.001,0.1,512,3,5,4,256,6000,8.0,2633729,1,1,9974,1101,600006,0,54,54,23,138.0,1.15,1.92165,0.72803134
cold,0,1,0,0.001,0.1,512,3,5,4,256,6000,8.0,2633729,1,1,9974,1101,600006,0,54,54,24,144.0,1.2,2.0052,0.73820961
cold,0,1,0,0.001,0.1,512,3,5,4,256,6000,8.0,2633729,1,1,9974,1101,600006,0,54,54,25,150.0,1.25,2.08875,0.74886686
cold,0,1,0,0.001,0.1,512,3,5,4,256,6000,8.0,2633729,1,1,9974,1101,600006,0,54,54,26,156.0,1.3,2.1723,0.76037931
cold,0,1,0,0.001,0.1,512,3,5,4,256,6000,8.0,2633729,1,1,9974,1101,600006,0,54,54,27,162.0,1.35,2.25585,0.77256346
cold,0,1,0,0.001,0.1,512,3,5,4,256,6000,8.0,2633729,1,1,9974,1101,600006,0,54,54,28,168.0,1.4,2.3394,0.78332484
cold,0,1,0,0.001,0.1,512,3,5,4,256,6000,8.0,2633729,1,1,9974,1101,600006,0,54,54,29,174.0,1.45,2.42295,0.79040956
cold,0,1,0,0.001,0.1,512,3,5,4,256,6000,8.0,2633729,1,1,9974,1101,600006,0,54,54,30,180.0,1.5,2.5065,0.79476303
cold,0,1,0,0.001,0.1,512,3,5,4,256,6000,8.0,2633729,1,1,9974,1101,600006,0,54,54,31,186.0,1.55,2.59005,0.7990247
cold,0,1,0,0.001,0.1,512,3,5,4,256,6000,8.0,2633729,1,1,9974,1101,600006,0,54,54,32,192.0,1.6,2.6736,0.80425936
cold,0,1,0,0.001,0.1,512,3,5,4,256,6000,8.0,2633729,1,1,9974,1101,600006,0,54,54,33,198.0,1.65,2.75715,0.81033379
cold,0,1,0,0.001,0.1,512,3,5,4,256,6000,8.0,2633729,1,1,9974,1101,600006,0,54,54,34,204.0,1.7,2.8407,0.81766593
cold,0,1,0,0.001,0.1,512,3,5,4,256,6000,8.0,2633729,1,1,9974,1101,600006,0,54,54,35,210.0,1.75,2.92425,0.82658505
cold,0,1,0,0.001,0.1,512,3,5,4,256,6000,8.0,2633729,1,1,9974,1101,600006,0,54,54,36,216.0,1.8,3.0078,0.83573616
cold,0,1,0,0.001,0.1,512,3,5,4,256,6000,8.0,2633729,1,1,9974,1101,600006,0,54,54,37,222.0,1.85,3.09135,0.84299725
cold,0,1,0,0.001,0.1,512,3,5,4,256,6000,8.0,2633729,1,1,9974,1101,600006,0,54,54,38,228.0,1.9,3.1749,0.84789139
cold,0,1,0,0.001,0.1,512,3,5,4,256,6000,8.0,2633729,1,1,9974,1101,600006,0,54,54,39,234.0,1.95,3.25845,0.85208267
cold,0,1,0,0.001,0.1,512,3,5,4,256,6000,8.0,2633729,1,1,9974,1101,600006,0,54,54,40,240.0,2.0,3.342,0.85811663
cold,0,1,0,0.001,0.1,512,3,5,4,256,6000,8.0,2633729,1,1,9974,1101,600006,0,54,54,41,246.0,2.05,3.42555,0.86681718
cold,0,1,0,0.001,0.1,512,3,5,4,256,6000,8.0,2633729,1,1,9974,1101,600006,0,54,54,42,252.0,2.1,3.5091,0.8758586
cold,0,1,0,0.001,0.1,512,3,5,4,256,6000,8.0,2633729,1,1,9974,1101,600006,0,54,54,43,258.0,2.15,3.59265,0.88240278
cold,0,1,0,0.001,0.1,512,3,5,4,256,6000,8.0,2633729,1,1,9974,1101,600006,0,54,54,44,264.0,2.2,3.6762,0.88588494
cold,0,1,0,0.001,0.1,512,3,5,4,256,6000,8.0,2633729,1,1,9974,1101,600006,0,54,54,45,270.0,2.25,3.75975,0.88752186
cold,0,1,0,0.001,0.1,512,3,5,4,256,6000,8.0,2633729,1,1,9974,1101,600006,0,54,54,46,276.0,2.3,3.8433,0.88893938
cold,0,1,0,0.001,0.1,512,3,5,4,256,6000,8.0,2633729,1,1,9974,1101,600006,0,54,54,47,282.0,2.35,3.92685,0.89130551
cold,0,1,0,0.001,0.1,512,3,5,4,256,6000,8.0,2633729,1,1,9974,1101,600006,0,54,54,48,288.0,2.4,4.0104,0.89463943
cold,0,1,0,0.001,0.1,512,3,5,4,256,6000,8.0,2633729,1,1,9974,1101,600006,0,54,54,49,294.0,2.45,4.09395,0.89846694
cold,0,1,0,0.001,0.1,512,3,5,4,256,6000,8.0,2633729,1,1,9974,1101,600006,0,54,54,50,300.0,2.5,4.1775,0.90199286
cold,0,1,0,0.001,0.1,512,3,5,4,256,6000,8.0,2633729,1,1,9974,1101,600006,0,54,54,51,306.0,2.55,4.26105,0.9034692
cold,0,1,0,0.001,0.1,512,3,5,4,256,6000,8.0,2633729,1,1,9974,1101,600006,0,54,54,52,312.0,2.6,4.3446,0.90240121
cold,0,1,0,0.001,0.1,512,3,5,4,256,6000,8.0,2633729,1,1,9974,1101,600006,0,54,54,53,318.0,2.65,4.42815,0.9007594
cold,0,1,0,0.001,0.1,512,3,5,4,256,6000,8.0,2633729,1,1,9974,1101,600006,0,54,54,54,324.0,2.7,4.5117,0.90079683
cold,0,1,0,0.001,0.1,512,3,5,4,256,6000,8.0,2633729,1,1,9974,1101,600006,0,54,54,55,330.0,2.75,4.59525,0.90313977
cold,0,1,0,0.001,0.1,512,3,5,4,256,6000,8.0,2633729,1,1,9974,1101,600006,0,54,54,56,336.0,2.8,4.6788,0.90698856
cold,0,1,0,0.001,0.1,512,3,5,4,256,6000,8.0,2633729,1,1,9974,1101,600006,0,54,54,57,342.0,2.85,4.76235,0.91103876
cold,0,1,0,0.001,0.1,512,3,5,4,256,6000,8.0,2633729,1,1,9974,1101,600006,0,54,54,58,348.0,2.9,4.8459,0.91416985
cold,0,1,0,0.001,0.1,512,3,5,4,256,6000,8.0,2633729,1,1,9974,1101,600006,0,54,54,59,354.0,2.95,4.92945,0.91614336
cold,0,1,0,0.001,0.1,512,3,5,4,256,6000,8.0,2633729,1,1,9974,1101,600006,0,54,54,60,360.0,3.0,5.013,0.91806847
cold,0,1,0,0.001,0.1,512,3,5,4,256,6000,8.0,2633729,1,1,9974,1101,600006,0,54,54,61,366.0,3.05,5.09655,0.92157859
cold,0,1,0,0.001,0.1,512,3,5,4,256,6000,8.0,2633729,1,1,9974,1101,600006,0,54,54,62,372.0,3.1,5.1801,0.92749351
cold,0,1,0,0.001,0.1,512,3,5,4,256,6000,8.0,2633729,1,1,9974,1101,600006,0,54,54,63,378.0,3.15,5.26365,0.93510377
cold,0,1,0,0.001,0.1,512,3,5,4,256,6000,8.0,2633729,1,1,9974,1101,600006,0,54,54,64,384.0,3.2,5.3472,0.9420163
cold,0,1,0,0.001,0.1,512,3,5,4,256,6000,8.0,2633729,1,1,9974,1101,600006,0,54,54,65,390.0,3.25,5.43075,0.94555593
cold,0,1,0,0.001,0.1,512,3,5,4,256,6000,8.0,2633729,1,1,9974,1101,600006,0,54,54,66,396.0,3.3,5.5143,0.9447124
cold,0,1,0,0.001,0.1,512,3,5,4,256,6000,8.0,2633729,1,1,9974,1101,600006,0,54,54,67,402.0,3.35,5.59785,0.94056523
cold,0,1,0,0.001,0.1,512,3,5,4,256,6000,8.0,2633729,1,1,9974,1101,600006,0,54,54,68,408.0,3.4,5.6814,0.93590188
cold,0,1,0,0.001,0.1,512,3,5,4,256,6000,8.0,2633729,1,1,9974,1101,600006,0,54,54,69,414.0,3.45,5.76495,0.93391401
cold,0,1,0,0.001,0.1,512,3,5,4,256,6000,8.0,2633729,1,1,9974,1101,600006,0,54,54,70,420.0,3.5,5.8485,0.93533146
cold,0,1,0,0.001,0.1,512,3,5,4,256,6000,8.0,2633729,1,1,9974,1101,600006,0,54,54,71,426.0,3.55,5.93205,0.93776429
cold,0,1,0,0.001,0.1,512,3,5,4,256,6000,8.0,2633729,1,1,9974,1101,600006,0,54,54,72,432.0,3.6,6.0156,0.93872893
cold,0,1,0,0.001,0.1,512,3,5,4,256,6000,8.0,2633729,1,1,9974,1101,600006,0,54,54,73,438.0,3.65,6.09915,0.93817514
cold,0,1,0,0.001,0.1,512,3,5,4,256,6000,8.0,2633729,1,1,9974,1101,600006,0,54,54,74,444.0,3.7,6.1827,0.93776101
cold,0,1,0,0.001,0.1,512,3,5,4,256,6000,8.0,2633729,1,1,9974,1101,600006,0,54,54,75,450.0,3.75,6.26625,0.93888628
cold,0,1,0,0.001,0.1,512,3,5,4,256,6000,8.0,2633729,1,1,9974,1101,600006,0,54,54,76,456.0,3.8,6.3498,0.94193107
cold,0,1,0,0.001,0.1,512,3,5,4,256,6000,8.0,2633729,1,1,9974,1101,600006,0,54,54,77,462.0,3.85,6.43335,0.94602507
cold,0,1,0,0.001,0.1,512,3,5,4,256,6000,8.0,2633729,1,1,9974,1101,600006,0,54,54,78,468.0,3.9,6.5169,0.94925851
cold,0,1,0,0.001,0.1,512,3,5,4,256,6000,8.0,2633729,1,1,9974,1101,600006,0,54,54,79,474.0,3.95,6.60045,0.95021874
cold,0,1,0,0.001,0.1,512,3,5,4,256,6000,8.0,2633729,1,1,9974,1101,600006,0,54,54,80,480.0,4.0,6.684,0.9490841
cold,0,1,0,0.001,0.1,512,3,5,4,256,6000,8.0,2633729,1,1,9974,1101,600006,0,54,54,81,486.0,4.05,6.76755,0.94689226
cold,0,1,0,0.001,0.1,512,3,5,4,256,6000,8.0,2633729,1,1,9974,1101,600006,0,54,54,82,492.0,4.1,6.8511,0.9446851
cold,0,1,0,0.001,0.1,512,3,5,4,256,6000,8.0,2633729,1,1,9974,1101,600006,0,54,54,83,498.0,4.15,6.93465,0.94346225
cold,0,1,0,0.001,0.1,512,3,5,4,256,6000,8.0,2633729,1,1,9974,1101,600006,0,54,54,84,504.0,4.2,7.0182,0.94368166
cold,0,1,0,0.001,0.1,512,3,5,4,256,6000,8.0,2633729,1,1,9974,1101,600006,0,54,54,85,510.0,4.25,7.10175,0.94437474
cold,0,1,0,0.001,0.1,512,3,5,4,256,6000,8.0,2633729,1,1,9974,1101,600006,0,54,54,86,516.0,4.3,7.1853,0.9438079
cold,0,1,0,0.001,0.1,512,3,5,4,256,6000,8.0,2633729,1,1,9974,1101,600006,0,54,54,87,522.0,4.35,7.26885,0.94116414
cold,0,1,0,0.001,0.1,512,3,5,4,256,6000,8.0,2633729,1,1,9974,1101,600006,0,54,54,88,528.0,4.4,7.3524,0.93707508
cold,0,1,0,0.001,0.1,512,3,5,4,256,6000,8.0,2633729,1,1,9974,1101,600006,0,54,54,89,534.0,4.45,7.43595,0.93312597
cold,0,1,0,0.001,0.1,512,3,5,4,256,6000,8.0,2633729,1,1,9974,1101,600006,0,54,54,90,540.0,4.5,7.5195,0.93107212
cold,0,1,0,0.001,0.1,512,3,5,4,256,6000,8.0,2633729,1,1,9974,1101,600006,0,54,54,91,546.0,4.55,7.60305,0.9312942
cold,0,1,0,0.001,0.1,512,3,5,4,256,6000,8.0,2633729,1,1,9974,1101,600006,0,54,54,92,552.0,4.6,7.6866,0.93249762
cold,0,1,0,0.001,0.1,512,3,5,4,256,6000,8.0,2633729,1,1,9974,1101,600006,0,54,54,93,558.0,4.65,7.77015,0.93355101
cold,0,1,0,0.001,0.1,512,3,5,4,256,6000,8.0,2633729,1,1,9974,1101,600006,0,54,54,94,564.0,4.7,7.8537,0.9346832
cold,0,1,0,0.001,0.1,512,3,5,4,256,6000,8.0,2633729,1,1,9974,1101,600006,0,54,54,95,570.0,4.75,7.93725,0.93655968
cold,0,1,0,0.001,0.1,512,3,5,4,256,6000,8.0,2633729,1,1,9974,1101,600006,0,54,54,96,576.0,4.8,8.0208,0.93950748
cold,0,1,0,0.001,0.1,512,3,5,4,256,6000,8.0,2633729,1,1,9974,1101,600006,0,54,54,97,582.0,4.85,8.10435,0.9433583
cold,0,1,0,0.001,0.1,512,3,5,4,256,6000,8.0,2633729,1,1,9974,1101,600006,0,54,54,98,588.0,4.9,8.1879,0.94714415
cold,0,1,0,0.001,0.1,512,3,5,4,256,6000,8.0,2633729,1,1,9974,1101,600006,0,54,54,99,594.0,4.95,8.27145,0.94957417
cold,0,1,0,0.001,0.1,512,3,5,4,256,6000,8.0,2633729,1,1,9974,1101,600006,0,54,54,100,600.0,5.0,8.355,0.94989789
cold,0,1,0,0.001,0.1,512,3,5,4,256,6000,8.0,2633729,1,1,9974,1101,600006,0,54,54,101,606.0,5.05,8.43855,0.94836807
cold,0,1,0,0.001,0.1,512,3,5,4,256,6000,8.0,2633729,1,1,9974,1101,600006,0,54,54,102,612.0,5.1,8.5221,0.94612402
cold,0,1,0,0.001,0.1,512,3,5,4,256,6000,8.0,2633729,1,1,9974,1101,600006,0,54,54,103,618.0,5.15,8.60565,0.94444036
cold,0,1,0,0.001,0.1,512,3,5,4,256,6000,8.0,2633729,1,1,9974,1101,600006,0,54,54,104,624.0,5.2,8.6892,0.94379514
cold,0,1,0,0.001,0.1,512,3,5,4,256,6000,8.0,2633729,1,1,9974,1101,600006,0,54,54,105,630.0,5.25,8.77275,0.94305509
cold,0,1,0,0.001,0.1,512,3,5,4,256,6000,8.0,2633729,1,1,9974,1101,600006,0,54,54,106,636.0,5.3,8.8563,0.94102585
cold,0,1,0,0.001,0.1,512,3,5,4,256,6000,8.0,2633729,1,1,9974,1101,600006,0,54,54,107,642.0,5.35,8.93985,0.93856108
cold,0,1,0,0.001,0.1,512,3,5,4,256,6000,8.0,2633729,1,1,9974,1101,600006,0,54,54,108,648.0,5.4,9.0234,0.93687665
cold,0,1,0,0.001,0.1,512,3,5,4,256,6000,8.0,2633729,1,1,9974,1101,600006,0,54,54,109,654.0,5.45,9.10695,0.93650973
cold,0,1,0,0.001,0.1,512,3,5,4,256,6000,8.0,2633729,1,1,9974,1101,600006,0,54,54,110,660.0,5.5,9.1905,0.93823987
cold,0,1,0,0.001,0.1,512,3,5,4,256,6000,8.0,2633729,1,1,9974,1101,600006,0,54,54,111,666.0,5.55,9.27405,0.9416191
cold,0,1,0,0.001,0.1,512,3,5,4,256,6000,8.0,2633729,1,1,9974,1101,600006,0,54,54,112,672.0,5.6,9.3576,0.94487196
cold,0,1,0,0.001,0.1,512,3,5,4,256,6000,8.0,2633729,1,1,9974,1101,600006,0,54,54,113,678.0,5.65,9.44115,0.94692433
cold,0,1,0,0.001,0.1,512,3,5,4,256,6000,8.0,2633729,1,1,9974,1101,600006,0,54,54,114,684.0,5.7,9.5247,0.94818038
cold,0,1,0,0.001,0.1,512,3,5,4,256,6000,8.0,2633729,1,1,9974,1101,600006,0,54,54,115,690.0,5.75,9.60825,0.9495371
cold,0,1,0,0.001,0.1,512,3,5,4,256,6000,8.0,2633729,1,1,9974,1101,600006,0,54,54,116,696.0,5.8,9.6918,0.95137477
cold,0,1,0,0.001,0.1,512,3,5,4,256,6000,8.0,2633729,1,1,9974,1101,600006,0,54,54,117,702.0,5.85,9.77535,0.95325476
cold,0,1,0,0.001,0.1,512,3,5,4,256,6000,8.0,2633729,1,1,9974,1101,600006,0,54,54,118,708.0,5.9,9.8589,0.95408022
cold,0,1,0,0.001,0.1,512,3,5,4,256,6000,8.0,2633729,1,1,9974,1101,600006,0,54,54,119,714.0,5.95,9.94245,0.95308924
cold,0,1,0,0.001,0.1,512,3,5,4,256,6000,8.0,2633729,1,1,9974,1101,600006,0,54,54,120,720.0,6.0,10.026,0.9512375
cold,0,1,0,0.001,0.1,512,3,5,4,256,6000,8.0,2633729,1,1,9974,1101,600006,0,234,234,1,6.0,0.05,0.08355,0.04582128
cold,0,1,0,0.001,0.1,512,3,5,4,256,6000,8.0,2633729,1,1,9974,1101,600006,0,234,234,2,12.0,0.1,0.1671,0.0547884
cold,0,1,0,0.001,0.1,512,3,5,4,256,6000,8.0,2633729,1,1,9974,1101,600006,0,234,234,3,18.0,0.15,0.25065,0.06506807
cold,0,1,0,0.001,0.1,512,3,5,4,256,6000,8.0,2633729,1,1,9974,1101,600006,0,234,234,4,24.0,0.2,0.3342,0.07687803
cold,0,1,0,0.001,0.1,512,3,5,4,256,6000,8.0,2633729,1,1,9974,1101,600006,0,234,234,5,30.0,0.25,0.41775,0.08947732
cold,0,1,0,0.001,0.1,512,3,5,4,256,6000,8.0,2633729,1,1,9974,1101,600006,0,234,234,6,36.0,0.3,0.5013,0.10309625
cold,0,1,0,0.001,0.1,512,3,5,4,256,6000,8.0,2633729,1,1,9974,1101,600006,0,234,234,7,42.0,0.35,0.58485,0.1173891
cold,0,1,0,0.001,0.1,512,3,5,4,256,6000,8.0,2633729,1,1,9974,1101,600006,0,234,234,8,48.0,0.4,0.6684,0.13246986
cold,0,1,0,0.001,0.1,512,3,5,4,256,6000,8.0,2633729,1,1,9974,1101,600006,0,234,234,9,54.0,0.45,0.75195,0.1483451
cold,0,1,0,0.001,0.1,512,3,5,4,256,6000,8.0,2633729,1,1,9974,1101,600006,0,234,234,10,60.0,0.5,0.8355,0.16615278
cold,0,1,0,0.001,0.1,512,3,5,4,256,6000,8.0,2633729,1,1,9974,1101,600006,0,234,234,11,66.0,0.55,0.91905,0.18593413
cold,0,1,0,0.001,0.1,512,3,5,4,256,6000,8.0,2633729,1,1,9974,1101,600006,0,234,234,12,72.0,0.6,1.0026,0.20683098
cold,0,1,0,0.001,0.1,512,3,5,4,256,6000,8.0,2633729,1,1,9974,1101,600006,0,234,234,13,78.0,0.65,1.08615,0.22861837
cold,0,1,0,0.001,0.1,512,3,5,4,256,6000,8.0,2633729,1,1,9974,1101,600006,0,234,234,14,84.0,0.7,1.1697,0.25220084
cold,0,1,0,0.001,0.1,512,3,5,4,256,6000,8.0,2633729,1,1,9974,1101,600006,0,234,234,15,90.0,0.75,1.25325,0.27768654
cold,0,1,0,0.001,0.1,512,3,5,4,256,6000,8.0,2633729,1,1,9974,1101,600006,0,234,234,16,96.0,0.8,1.3368,0.30325615
cold,0,1,0,0.001,0.1,512,3,5,4,256,6000,8.0,2633729,1,1,9974,1101,600006,0,234,234,17,102.0,0.85,1.42035,0.32725835
cold,0,1,0,0.001,0.1,512,3,5,4,256,6000,8.0,2633729,1,1,9974,1101,600006,0,234,234,18,108.0,0.9,1.5039,0.34989765
cold,0,1,0,0.001,0.1,512,3,5,4,256,6000,8.0,2633729,1,1,9974,1101,600006,0,234,234,19,114.0,0.95,1.58745,0.37252942
cold,0,1,0,0.001,0.1,512,3,5,4,256,6000,8.0,2633729,1,1,9974,1101,600006,0,234,234,20,120.0,1.0,1.671,0.3960135
cold,0,1,0,0.001,0.1,512,3,5,4,256,6000,8.0,2633729,1,1,9974,1101,600006,0,234,234,21,126.0,1.05,1.75455,0.42014354
cold,0,1,0,0.001,0.1,512,3,5,4,256,6000,8.0,2633729,1,1,9974,1101,600006,0,234,234,22,132.0,1.1,1.8381,0.44513756
cold,0,1,0,0.001,0.1,512,3,5,4,256,6000,8.0,2633729,1,1,9974,1101,600006,0,234,234,23,138.0,1.15,1.92165,0.47261828
cold,0,1,0,0.001,0.1,512,3,5,4,256,6000,8.0,2633729,1,1,9974,1101,600006,0,234,234,24,144.0,1.2,2.0052,0.50279021
cold,0,1,0,0.001,0.1,512,3,5,4,256,6000,8.0,2633729,1,1,9974,1101,600006,0,234,234,25,150.0,1.25,2.08875,0.53384674
cold,0,1,0,0.001,0.1,512,3,5,4,256,6000,8.0,2633729,1,1,9974,1101,600006,0,234,234,26,156.0,1.3,2.1723,0.56340748
cold,0,1,0,0.001,0.1,512,3,5,4,256,6000,8.0,2633729,1,1,9974,1101,600006,0,234,234,27,162.0,1.35,2.25585,0.58885646
cold,0,1,0,0.001,0.1,512,3,5,4,256,6000,8.0,2633729,1,1,9974,1101,600006,0,234,234,28,168.0,1.4,2.3394,0.60906035
cold,0,1,0,0.001,0.1,512,3,5,4,256,6000,8.0,2633729,1,1,9974,1101,600006,0,234,234,29,174.0,1.45,2.42295,0.62498361
cold,0,1,0,0.001,0.1,512,3,5,4,256,6000,8.0,2633729,1,1,9974,1101,600006,0,234,234,30,180.0,1.5,2.5065,0.63876277
cold,0,1,0,0.001,0.1,512,3,5,4,256,6000,8.0,2633729,1,1,9974,1101,600006,0,234,234,31,186.0,1.55,2.59005,0.65253627
cold,0,1,0,0.001,0.1,512,3,5,4,256,6000,8.0,2633729,1,1,9974,1101,600006,0,234,234,32,192.0,1.6,2.6736,0.66667968
cold,0,1,0,0.001,0.1,512,3,5,4,256,6000,8.0,2633729,1,1,9974,1101,600006,0,234,234,33,198.0,1.65,2.75715,0.68001229
cold,0,1,0,0.001,0.1,512,3,5,4,256,6000,8.0,2633729,1,1,9974,1101,600006,0,234,234,34,204.0,1.7,2.8407,0.69157183
cold,0,1,0,0.001,0.1,512,3,5,4,256,6000,8.0,2633729,1,1,9974,1101,600006,0,234,234,35,210.0,1.75,2.92425,0.70197016
cold,0,1,0,0.001,0.1,512,3,5,4,256,6000,8.0,2633729,1,1,9974,1101,600006,0,234,234,36,216.0,1.8,3.0078,0.71246707
cold,0,1,0,0.001,0.1,512,3,5,4,256,6000,8.0,2633729,1,1,9974,1101,600006,0,234,234,37,222.0,1.85,3.09135,0.72317338
cold,0,1,0,0.001,0.1,512,3,5,4,256,6000,8.0,2633729,1,1,9974,1101,600006,0,234,234,38,228.0,1.9,3.1749,0.7330355
cold,0,1,0,0.001,0.1,512,3,5,4,256,6000,8.0,2633729,1,1,9974,1101,600006,0,234,234,39,234.0,1.95,3.25845,0.74188048
cold,0,1,0,0.001,0.1,512,3,5,4,256,6000,8.0,2633729,1,1,9974,1101,600006,0,234,234,40,240.0,2.0,3.342,0.7504189
cold,0,1,0,0.001,0.1,512,3,5,4,256,6000,8.0,2633729,1,1,9974,1101,600006,0,234,234,41,246.0,2.05,3.42555,0.75890046
cold,0,1,0,0.001,0.1,512,3,5,4,256,6000,8.0,2633729,1,1,9974,1101,600006,0,234,234,42,252.0,2.1,3.5091,0.76751572
cold,0,1,0,0.001,0.1,512,3,5,4,256,6000,8.0,2633729,1,1,9974,1101,600006,0,234,234,43,258.0,2.15,3.59265,0.77683216
cold,0,1,0,0.001,0.1,512,3,5,4,256,6000,8.0,2633729,1,1,9974,1101,600006,0,234,234,44,264.0,2.2,3.6762,0.78705686
cold,0,1,0,0.001,0.1,512,3,5,4,256,6000,8.0,2633729,1,1,9974,1101,600006,0,234,234,45,270.0,2.25,3.75975,0.79840428
cold,0,1,0,0.001,0.1,512,3,5,4,256,6000,8.0,2633729,1,1,9974,1101,600006,0,234,234,46,276.0,2.3,3.8433,0.81033158
cold,0,1,0,0.001,0.1,512,3,5,4,256,6000,8.0,2633729,1,1,9974,1101,600006,0,234,234,47,282.0,2.35,3.92685,0.820656
cold,0,1,0,0.001,0.1,512,3,5,4,256,6000,8.0,2633729,1,1,9974,1101,600006,0,234,234,48,288.0,2.4,4.0104,0.82714403
cold,0,1,0,0.001,0.1,512,3,5,4,256,6000,8.0,2633729,1,1,9974,1101,600006,0,234,234,49,294.0,2.45,4.09395,0.83021694
cold,0,1,0,0.001,0.1,512,3,5,4,256,6000,8.0,2633729,1,1,9974,1101,600006,0,234,234,50,300.0,2.5,4.1775,0.83310008
cold,0,1,0,0.001,0.1,512,3,5,4,256,6000,8.0,2633729,1,1,9974,1101,600006,0,234,234,51,306.0,2.55,4.26105,0.8395133
cold,0,1,0,0.001,0.1,512,3,5,4,256,6000,8.0,2633729,1,1,9974,1101,600006,0,234,234,52,312.0,2.6,4.3446,0.85106355
cold,0,1,0,0.001,0.1,512,3,5,4,256,6000,8.0,2633729,1,1,9974,1101,600006,0,234,234,53,318.0,2.65,4.42815,0.86545575
cold,0,1,0,0.001,0.1,512,3,5,4,256,6000,8.0,2633729,1,1,9974,1101,600006,0,234,234,54,324.0,2.7,4.5117,0.87798375
cold,0,1,0,0.001,0.1,512,3,5,4,256,6000,8.0,2633729,1,1,9974,1101,600006,0,234,234,55,330.0,2.75,4.59525,0.88600552
cold,0,1,0,0.001,0.1,512,3,5,4,256,6000,8.0,2633729,1,1,9974,1101,600006,0,234,234,56,336.0,2.8,4.6788,0.89130509
cold,0,1,0,0.001,0.1,512,3,5,4,256,6000,8.0,2633729,1,1,9974,1101,600006,0,234,234,57,342.0,2.85,4.76235,0.89611459
cold,0,1,0,0.001,0.1,512,3,5,4,256,6000,8.0,2633729,1,1,9974,1101,600006,0,234,234,58,348.0,2.9,4.8459,0.90068662
cold,0,1,0,0.001,0.1,512,3,5,4,256,6000,8.0,2633729,1,1,9974,1101,600006,0,234,234,59,354.0,2.95,4.92945,0.90484548
cold,0,1,0,0.001,0.1,512,3,5,4,256,6000,8.0,2633729,1,1,9974,1101,600006,0,234,234,60,360.0,3.0,5.013,0.90908533
cold,0,1,0,0.001,0.1,512,3,5,4,256,6000,8.0,2633729,1,1,9974,1101,600006,0,234,234,61,366.0,3.05,5.09655,0.91317886
cold,0,1,0,0.001,0.1,512,3,5,4,256,6000,8.0,2633729,1,1,9974,1101,600006,0,234,234,62,372.0,3.1,5.1801,0.91583157
cold,0,1,0,0.001,0.1,512,3,5,4,256,6000,8.0,2633729,1,1,9974,1101,600006,0,234,234,63,378.0,3.15,5.26365,0.91761011
cold,0,1,0,0.001,0.1,512,3,5,4,256,6000,8.0,2633729,1,1,9974,1101,600006,0,234,234,64,384.0,3.2,5.3472,0.92048436
cold,0,1,0,0.001,0.1,512,3,5,4,256,6000,8.0,2633729,1,1,9974,1101,600006,0,234,234,65,390.0,3.25,5.43075,0.92520899
cold,0,1,0,0.001,0.1,512,3,5,4,256,6000,8.0,2633729,1,1,9974,1101,600006,0,234,234,66,396.0,3.3,5.5143,0.93072844
cold,0,1,0,0.001,0.1,512,3,5,4,256,6000,8.0,2633729,1,1,9974,1101,600006,0,234,234,67,402.0,3.35,5.59785,0.93492311
cold,0,1,0,0.001,0.1,512,3,5,4,256,6000,8.0,2633729,1,1,9974,1101,600006,0,234,234,68,408.0,3.4,5.6814,0.9367196
cold,0,1,0,0.001,0.1,512,3,5,4,256,6000,8.0,2633729,1,1,9974,1101,600006,0,234,234,69,414.0,3.45,5.76495,0.93732274
cold,0,1,0,0.001,0.1,512,3,5,4,256,6000,8.0,2633729,1,1,9974,1101,600006,0,234,234,70,420.0,3.5,5.8485,0.93896145
cold,0,1,0,0.001,0.1,512,3,5,4,256,6000,8.0,2633729,1,1,9974,1101,600006,0,234,234,71,426.0,3.55,5.93205,0.94283503
cold,0,1,0,0.001,0.1,512,3,5,4,256,6000,8.0,2633729,1,1,9974,1101,600006,0,234,234,72,432.0,3.6,6.0156,0.94788367
cold,0,1,0,0.001,0.1,512,3,5,4,256,6000,8.0,2633729,1,1,9974,1101,600006,0,234,234,73,438.0,3.65,6.09915,0.9521783
cold,0,1,0,0.001,0.1,512,3,5,4,256,6000,8.0,2633729,1,1,9974,1101,600006,0,234,234,74,444.0,3.7,6.1827,0.95479286
cold,0,1,0,0.001,0.1,512,3,5,4,256,6000,8.0,2633729,1,1,9974,1101,600006,0,234,234,75,450.0,3.75,6.26625,0.95596159
cold,0,1,0,0.001,0.1,512,3,5,4,256,6000,8.0,2633729,1,1,9974,1101,600006,0,234,234,76,456.0,3.8,6.3498,0.9559921
cold,0,1,0,0.001,0.1,512,3,5,4,256,6000,8.0,2633729,1,1,9974,1101,600006,0,234,234,77,462.0,3.85,6.43335,0.95470762
cold,0,1,0,0.001,0.1,512,3,5,4,256,6000,8.0,2633729,1,1,9974,1101,600006,0,234,234,78,468.0,3.9,6.5169,0.9518916
cold,0,1,0,0.001,0.1,512,3,5,4,256,6000,8.0,2633729,1,1,9974,1101,600006,0,234,234,79,474.0,3.95,6.60045,0.94874686
cold,0,1,0,0.001,0.1,512,3,5,4,256,6000,8.0,2633729,1,1,9974,1101,600006,0,234,234,80,480.0,4.0,6.684,0.9476195
cold,0,1,0,0.001,0.1,512,3,5,4,256,6000,8.0,2633729,1,1,9974,1101,600006,0,234,234,81,486.0,4.05,6.76755,0.94988042
cold,0,1,0,0.001,0.1,512,3,5,4,256,6000,8.0,2633729,1,1,9974,1101,600006,0,234,234,82,492.0,4.1,6.8511,0.955872
cold,0,1,0,0.001,0.1,512,3,5,4,256,6000,8.0,2633729,1,1,9974,1101,600006,0,234,234,83,498.0,4.15,6.93465,0.9645623
cold,0,1,0,0.001,0.1,512,3,5,4,256,6000,8.0,2633729,1,1,9974,1101,600006,0,234,234,84,504.0,4.2,7.0182,0.97307205
cold,0,1,0,0.001,0.1,512,3,5,4,256,6000,8.0,2633729,1,1,9974,1101,600006,0,234,234,85,510.0,4.25,7.10175,0.97843909
cold,0,1,0,0.001,0.1,512,3,5,4,256,6000,8.0,2633729,1,1,9974,1101,600006,0,234,234,86,516.0,4.3,7.1853,0.97921926
cold,0,1,0,0.001,0.1,512,3,5,4,256,6000,8.0,2633729,1,1,9974,1101,600006,0,234,234,87,522.0,4.35,7.26885,0.97597766
cold,0,1,0,0.001,0.1,512,3,5,4,256,6000,8.0,2633729,1,1,9974,1101,600006,0,234,234,88,528.0,4.4,7.3524,0.97067589
cold,0,1,0,0.001,0.1,512,3,5,4,256,6000,8.0,2633729,1,1,9974,1101,600006,0,234,234,89,534.0,4.45,7.43595,0.96491599
cold,0,1,0,0.001,0.1,512,3,5,4,256,6000,8.0,2633729,1,1,9974,1101,600006,0,234,234,90,540.0,4.5,7.5195,0.95955181
cold,0,1,0,0.001,0.1,512,3,5,4,256,6000,8.0,2633729,1,1,9974,1101,600006,0,234,234,91,546.0,4.55,7.60305,0.95488882
cold,0,1,0,0.001,0.1,512,3,5,4,256,6000,8.0,2633729,1,1,9974,1101,600006,0,234,234,92,552.0,4.6,7.6866,0.95183635
cold,0,1,0,0.001,0.1,512,3,5,4,256,6000,8.0,2633729,1,1,9974,1101,600006,0,234,234,93,558.0,4.65,7.77015,0.95191467
cold,0,1,0,0.001,0.1,512,3,5,4,256,6000,8.0,2633729,1,1,9974,1101,600006,0,234,234,94,564.0,4.7,7.8537,0.95579475
cold,0,1,0,0.001,0.1,512,3,5,4,256,6000,8.0,2633729,1,1,9974,1101,600006,0,234,234,95,570.0,4.75,7.93725,0.96274531
cold,0,1,0,0.001,0.1,512,3,5,4,256,6000,8.0,2633729,1,1,9974,1101,600006,0,234,234,96,576.0,4.8,8.0208,0.97118175
cold,0,1,0,0.001,0.1,512,3,5,4,256,6000,8.0,2633729,1,1,9974,1101,600006,0,234,234,97,582.0,4.85,8.10435,0.97935331
cold,0,1,0,0.001,0.1,512,3,5,4,256,6000,8.0,2633729,1,1,9974,1101,600006,0,234,234,98,588.0,4.9,8.1879,0.98525184
cold,0,1,0,0.001,0.1,512,3,5,4,256,6000,8.0,2633729,1,1,9974,1101,600006,0,234,234,99,594.0,4.95,8.27145,0.98729426
cold,0,1,0,0.001,0.1,512,3,5,4,256,6000,8.0,2633729,1,1,9974,1101,600006,0,234,234,100,600.0,5.0,8.355,0.98627067
cold,0,1,0,0.001,0.1,512,3,5,4,256,6000,8.0,2633729,1,1,9974,1101,600006,0,234,234,101,606.0,5.05,8.43855,0.98441094
cold,0,1,0,0.001,0.1,512,3,5,4,256,6000,8.0,2633729,1,1,9974,1101,600006,0,234,234,102,612.0,5.1,8.5221,0.9836607
cold,0,1,0,0.001,0.1,512,3,5,4,256,6000,8.0,2633729,1,1,9974,1101,600006,0,234,234,103,618.0,5.15,8.60565,0.98472846
cold,0,1,0,0.001,0.1,512,3,5,4,256,6000,8.0,2633729,1,1,9974,1101,600006,0,234,234,104,624.0,5.2,8.6892,0.98532969
cold,0,1,0,0.001,0.1,512,3,5,4,256,6000,8.0,2633729,1,1,9974,1101,600006,0,234,234,105,630.0,5.25,8.77275,0.98251903
cold,0,1,0,0.001,0.1,512,3,5,4,256,6000,8.0,2633729,1,1,9974,1101,600006,0,234,234,106,636.0,5.3,8.8563,0.97696418
cold,0,1,0,0.001,0.1,512,3,5,4,256,6000,8.0,2633729,1,1,9974,1101,600006,0,234,234,107,642.0,5.35,8.93985,0.97245681
cold,0,1,0,0.001,0.1,512,3,5,4,256,6000,8.0,2633729,1,1,9974,1101,600006,0,234,234,108,648.0,5.4,9.0234,0.97173637
cold,0,1,0,0.001,0.1,512,3,5,4,256,6000,8.0,2633729,1,1,9974,1101,600006,0,234,234,109,654.0,5.45,9.10695,0.97399962
cold,0,1,0,0.001,0.1,512,3,5,4,256,6000,8.0,2633729,1,1,9974,1101,600006,0,234,234,110,660.0,5.5,9.1905,0.97592479
cold,0,1,0,0.001,0.1,512,3,5,4,256,6000,8.0,2633729,1,1,9974,1101,600006,0,234,234,111,666.0,5.55,9.27405,0.97537291
cold,0,1,0,0.001,0.1,512,3,5,4,256,6000,8.0,2633729,1,1,9974,1101,600006,0,234,234,112,672.0,5.6,9.3576,0.9730643
cold,0,1,0,0.001,0.1,512,3,5,4,256,6000,8.0,2633729,1,1,9974,1101,600006,0,234,234,113,678.0,5.65,9.44115,0.97165668
cold,0,1,0,0.001,0.1,512,3,5,4,256,6000,8.0,2633729,1,1,9974,1101,600006,0,234,234,114,684.0,5.7,9.5247,0.97302049
cold,0,1,0,0.001,0.1,512,3,5,4,256,6000,8.0,2633729,1,1,9974,1101,600006,0,234,234,115,690.0,5.75,9.60825,0.97721374
cold,0,1,0,0.001,0.1,512,3,5,4,256,6000,8.0,2633729,1,1,9974,1101,600006,0,234,234,116,696.0,5.8,9.6918,0.98264688
cold,0,1,0,0.001,0.1,512,3,5,4,256,6000,8.0,2633729,1,1,9974,1101,600006,0,234,234,117,702.0,5.85,9.77535,0.98729664
cold,0,1,0,0.001,0.1,512,3,5,4,256,6000,8.0,2633729,1,1,9974,1101,600006,0,234,234,118,708.0,5.9,9.8589,0.99033463
cold,0,1,0,0.001,0.1,512,3,5,4,256,6000,8.0,2633729,1,1,9974,1101,600006,0,234,234,119,714.0,5.95,9.94245,0.99214649
cold,0,1,0,0.001,0.1,512,3,5,4,256,6000,8.0,2633729,1,1,9974,1101,600006,0,234,234,120,720.0,6.0,10.026,0.993595
cold,0,1,0,0.001,0.1,512,3,5,4,256,6000,8.0,2633729,1,1,9974,1101,600006,0,1023,1023,1,6.0,0.05,0.08355,0.04358552
cold,0,1,0,0.001,0.1,512,3,5,4,256,6000,8.0,2633729,1,1,9974,1101,600006,0,1023,1023,2,12.0,0.1,0.1671,0.05257388
cold,0,1,0,0.001,0.1,512,3,5,4,256,6000,8.0,2633729,1,1,9974,1101,600006,0,1023,1023,3,18.0,0.15,0.25065,0.06265866
cold,0,1,0,0.001,0.1,512,3,5,4,256,6000,8.0,2633729,1,1,9974,1101,600006,0,1023,1023,4,24.0,0.2,0.3342,0.07325504
cold,0,1,0,0.001,0.1,512,3,5,4,256,6000,8.0,2633729,1,1,9974,1101,600006,0,1023,1023,5,30.0,0.25,0.41775,0.08381064
cold,0,1,0,0.001,0.1,512,3,5,4,256,6000,8.0,2633729,1,1,9974,1101,600006,0,1023,1023,6,36.0,0.3,0.5013,0.09701835
cold,0,1,0,0.001,0.1,512,3,5,4,256,6000,8.0,2633729,1,1,9974,1101,600006,0,1023,1023,7,42.0,0.35,0.58485,0.11114619
cold,0,1,0,0.001,0.1,512,3,5,4,256,6000,8.0,2633729,1,1,9974,1101,600006,0,1023,1023,8,48.0,0.4,0.6684,0.12624601
cold,0,1,0,0.001,0.1,512,3,5,4,256,6000,8.0,2633729,1,1,9974,1101,600006,0,1023,1023,9,54.0,0.45,0.75195,0.14260544
cold,0,1,0,0.001,0.1,512,3,5,4,256,6000,8.0,2633729,1,1,9974,1101,600006,0,1023,1023,10,60.0,0.5,0.8355,0.16126528
cold,0,1,0,0.001,0.1,512,3,5,4,256,6000,8.0,2633729,1,1,9974,1101,600006,0,1023,1023,11,66.0,0.55,0.91905,0.18251686
cold,0,1,0,0.001,0.1,512,3,5,4,256,6000,8.0,2633729,1,1,9974,1101,600006,0,1023,1023,12,72.0,0.6,1.0026,0.20608848
cold,0,1,0,0.001,0.1,512,3,5,4,256,6000,8.0,2633729,1,1,9974,1101,600006,0,1023,1023,13,78.0,0.65,1.08615,0.23153454
cold,0,1,0,0.001,0.1,512,3,5,4,256,6000,8.0,2633729,1,1,9974,1101,600006,0,1023,1023,14,84.0,0.7,1.1697,0.25940368
cold,0,1,0,0.001,0.1,512,3,5,4,256,6000,8.0,2633729,1,1,9974,1101,600006,0,1023,1023,15,90.0,0.75,1.25325,0.28979915
cold,0,1,0,0.001,0.1,512,3,5,4,256,6000,8.0,2633729,1,1,9974,1101,600006,0,1023,1023,16,96.0,0.8,1.3368,0.32160193
cold,0,1,0,0.001,0.1,512,3,5,4,256,6000,8.0,2633729,1,1,9974,1101,600006,0,1023,1023,17,102.0,0.85,1.42035,0.35366911
cold,0,1,0,0.001,0.1,512,3,5,4,256,6000,8.0,2633729,1,1,9974,1101,600006,0,1023,1023,18,108.0,0.9,1.5039,0.38516274
cold,0,1,0,0.001,0.1,512,3,5,4,256,6000,8.0,2633729,1,1,9974,1101,600006,0,1023,1023,19,114.0,0.95,1.58745,0.41619956
cold,0,1,0,0.001,0.1,512,3,5,4,256,6000,8.0,2633729,1,1,9974,1101,600006,0,1023,1023,20,120.0,1.0,1.671,0.44774231
cold,0,1,0,0.001,0.1,512,3,5,4,256,6000,8.0,2633729,1,1,9974,1101,600006,0,1023,1023,21,126.0,1.05,1.75455,0.48061216
cold,0,1,0,0.001,0.1,512,3,5,4,256,6000,8.0,2633729,1,1,9974,1101,600006,0,1023,1023,22,132.0,1.1,1.8381,0.5136444
cold,0,1,0,0.001,0.1,512,3,5,4,256,6000,8.0,2633729,1,1,9974,1101,600006,0,1023,1023,23,138.0,1.15,1.92165,0.54524326
cold,0,1,0,0.001,0.1,512,3,5,4,256,6000,8.0,2633729,1,1,9974,1101,600006,0,1023,1023,24,144.0,1.2,2.0052,0.57470942
cold,0,1,0,0.001,0.1,512,3,5,4,256,6000,8.0,2633729,1,1,9974,1101,600006,0,1023,1023,25,150.0,1.25,2.08875,0.60154772
cold,0,1,0,0.001,0.1,512,3,5,4,256,6000,8.0,2633729,1,1,9974,1101,600006,0,1023,1023,26,156.0,1.3,2.1723,0.62522113
cold,0,1,0,0.001,0.1,512,3,5,4,256,6000,8.0,2633729,1,1,9974,1101,600006,0,1023,1023,27,162.0,1.35,2.25585,0.64560676
cold,0,1,0,0.001,0.1,512,3,5,4,256,6000,8.0,2633729,1,1,9974,1101,600006,0,1023,1023,28,168.0,1.4,2.3394,0.66370279
cold,0,1,0,0.001,0.1,512,3,5,4,256,6000,8.0,2633729,1,1,9974,1101,600006,0,1023,1023,29,174.0,1.45,2.42295,0.68099326
cold,0,1,0,0.001,0.1,512,3,5,4,256,6000,8.0,2633729,1,1,9974,1101,600006,0,1023,1023,30,180.0,1.5,2.5065,0.69865113
cold,0,1,0,0.001,0.1,512,3,5,4,256,6000,8.0,2633729,1,1,9974,1101,600006,0,1023,1023,31,186.0,1.55,2.59005,0.71695608
cold,0,1,0,0.001,0.1,512,3,5,4,256,6000,8.0,2633729,1,1,9974,1101,600006,0,1023,1023,32,192.0,1.6,2.6736,0.73535353
cold,0,1,0,0.001,0.1,512,3,5,4,256,6000,8.0,2633729,1,1,9974,1101,600006,0,1023,1023,33,198.0,1.65,2.75715,0.75253665
cold,0,1,0,0.001,0.1,512,3,5,4,256,6000,8.0,2633729,1,1,9974,1101,600006,0,1023,1023,34,204.0,1.7,2.8407,0.76685393
cold,0,1,0,0.001,0.1,512,3,5,4,256,6000,8.0,2633729,1,1,9974,1101,600006,0,1023,1023,35,210.0,1.75,2.92425,0.77854192
cold,0,1,0,0.001,0.1,512,3,5,4,256,6000,8.0,2633729,1,1,9974,1101,600006,0,1023,1023,36,216.0,1.8,3.0078,0.7896871
cold,0,1,0,0.001,0.1,512,3,5,4,256,6000,8.0,2633729,1,1,9974,1101,600006,0,1023,1023,37,222.0,1.85,3.09135,0.80076987
cold,0,1,0,0.001,0.1,512,3,5,4,256,6000,8.0,2633729,1,1,9974,1101,600006,0,1023,1023,38,228.0,1.9,3.1749,0.81104952
cold,0,1,0,0.001,0.1,512,3,5,4,256,6000,8.0,2633729,1,1,9974,1101,600006,0,1023,1023,39,234.0,1.95,3.25845,0.82095361
cold,0,1,0,0.001,0.1,512,3,5,4,256,6000,8.0,2633729,1,1,9974,1101,600006,0,1023,1023,40,240.0,2.0,3.342,0.83198225
cold,0,1,0,0.001,0.1,512,3,5,4,256,6000,8.0,2633729,1,1,9974,1101,600006,0,1023,1023,41,246.0,2.05,3.42555,0.84478992
cold,0,1,0,0.001,0.1,512,3,5,4,256,6000,8.0,2633729,1,1,9974,1101,600006,0,1023,1023,42,252.0,2.1,3.5091,0.85794902
cold,0,1,0,0.001,0.1,512,3,5,4,256,6000,8.0,2633729,1,1,9974,1101,600006,0,1023,1023,43,258.0,2.15,3.59265,0.86966544
cold,0,1,0,0.001,0.1,512,3,5,4,256,6000,8.0,2633729,1,1,9974,1101,600006,0,1023,1023,44,264.0,2.2,3.6762,0.87918502
cold,0,1,0,0.001,0.1,512,3,5,4,256,6000,8.0,2633729,1,1,9974,1101,600006,0,1023,1023,45,270.0,2.25,3.75975,0.88633436
cold,0,1,0,0.001,0.1,512,3,5,4,256,6000,8.0,2633729,1,1,9974,1101,600006,0,1023,1023,46,276.0,2.3,3.8433,0.89143699
cold,0,1,0,0.001,0.1,512,3,5,4,256,6000,8.0,2633729,1,1,9974,1101,600006,0,1023,1023,47,282.0,2.35,3.92685,0.89614785
cold,0,1,0,0.001,0.1,512,3,5,4,256,6000,8.0,2633729,1,1,9974,1101,600006,0,1023,1023,48,288.0,2.4,4.0104,0.90172046
cold,0,1,0,0.001,0.1,512,3,5,4,256,6000,8.0,2633729,1,1,9974,1101,600006,0,1023,1023,49,294.0,2.45,4.09395,0.90677589
cold,0,1,0,0.001,0.1,512,3,5,4,256,6000,8.0,2633729,1,1,9974,1101,600006,0,1023,1023,50,300.0,2.5,4.1775,0.90948927
cold,0,1,0,0.001,0.1,512,3,5,4,256,6000,8.0,2633729,1,1,9974,1101,600006,0,1023,1023,51,306.0,2.55,4.26105,0.91075546
cold,0,1,0,0.001,0.1,512,3,5,4,256,6000,8.0,2633729,1,1,9974,1101,600006,0,1023,1023,52,312.0,2.6,4.3446,0.9134559
cold,0,1,0,0.001,0.1,512,3,5,4,256,6000,8.0,2633729,1,1,9974,1101,600006,0,1023,1023,53,318.0,2.65,4.42815,0.9189949
cold,0,1,0,0.001,0.1,512,3,5,4,256,6000,8.0,2633729,1,1,9974,1101,600006,0,1023,1023,54,324.0,2.7,4.5117,0.92629373
cold,0,1,0,0.001,0.1,512,3,5,4,256,6000,8.0,2633729,1,1,9974,1101,600006,0,1023,1023,55,330.0,2.75,4.59525,0.93406284
cold,0,1,0,0.001,0.1,512,3,5,4,256,6000,8.0,2633729,1,1,9974,1101,600006,0,1023,1023,56,336.0,2.8,4.6788,0.94246441
cold,0,1,0,0.001,0.1,512,3,5,4,256,6000,8.0,2633729,1,1,9974,1101,600006,0,1023,1023,57,342.0,2.85,4.76235,0.95145684
cold,0,1,0,0.001,0.1,512,3,5,4,256,6000,8.0,2633729,1,1,9974,1101,600006,0,1023,1023,58,348.0,2.9,4.8459,0.95849109
cold,0,1,0,0.001,0.1,512,3,5,4,256,6000,8.0,2633729,1,1,9974,1101,600006,0,1023,1023,59,354.0,2.95,4.92945,0.96166193
cold,0,1,0,0.001,0.1,512,3,5,4,256,6000,8.0,2633729,1,1,9974,1101,600006,0,1023,1023,60,360.0,3.0,5.013,0.96369028
cold,0,1,0,0.001,0.1,512,3,5,4,256,6000,8.0,2633729,1,1,9974,1101,600006,0,1023,1023,61,366.0,3.05,5.09655,0.96763271
cold,0,1,0,0.001,0.1,512,3,5,4,256,6000,8.0,2633729,1,1,9974,1101,600006,0,1023,1023,62,372.0,3.1,5.1801,0.97319889
cold,0,1,0,0.001,0.1,512,3,5,4,256,6000,8.0,2633729,1,1,9974,1101,600006,0,1023,1023,63,378.0,3.15,5.26365,0.97884583
cold,0,1,0,0.001,0.1,512,3,5,4,256,6000,8.0,2633729,1,1,9974,1101,600006,0,1023,1023,64,384.0,3.2,5.3472,0.98324662
cold,0,1,0,0.001,0.1,512,3,5,4,256,6000,8.0,2633729,1,1,9974,1101,600006,0,1023,1023,65,390.0,3.25,5.43075,0.98537451
cold,0,1,0,0.001,0.1,512,3,5,4,256,6000,8.0,2633729,1,1,9974,1101,600006,0,1023,1023,66,396.0,3.3,5.5143,0.98489189
cold,0,1,0,0.001,0.1,512,3,5,4,256,6000,8.0,2633729,1,1,9974,1101,600006,0,1023,1023,67,402.0,3.35,5.59785,0.9833467
cold,0,1,0,0.001,0.1,512,3,5,4,256,6000,8.0,2633729,1,1,9974,1101,600006,0,1023,1023,68,408.0,3.4,5.6814,0.98305374
cold,0,1,0,0.001,0.1,512,3,5,4,256,6000,8.0,2633729,1,1,9974,1101,600006,0,1023,1023,69,414.0,3.45,5.76495,0.98484814
cold,0,1,0,0.001,0.1,512,3,5,4,256,6000,8.0,2633729,1,1,9974,1101,600006,0,1023,1023,70,420.0,3.5,5.8485,0.9882772
cold,0,1,0,0.001,0.1,512,3,5,4,256,6000,8.0,2633729,1,1,9974,1101,600006,0,1023,1023,71,426.0,3.55,5.93205,0.99185145
cold,0,1,0,0.001,0.1,512,3,5,4,256,6000,8.0,2633729,1,1,9974,1101,600006,0,1023,1023,72,432.0,3.6,6.0156,0.9931432
cold,0,1,0,0.001,0.1,512,3,5,4,256,6000,8.0,2633729,1,1,9974,1101,600006,0,1023,1023,73,438.0,3.65,6.09915,0.9910239
cold,0,1,0,0.001,0.1,512,3,5,4,256,6000,8.0,2633729,1,1,9974,1101,600006,0,1023,1023,74,444.0,3.7,6.1827,0.98727632
cold,0,1,0,0.001,0.1,512,3,5,4,256,6000,8.0,2633729,1,1,9974,1101,600006,0,1023,1023,75,450.0,3.75,6.26625,0.98455971
cold,0,1,0,0.001,0.1,512,3,5,4,256,6000,8.0,2633729,1,1,9974,1101,600006,0,1023,1023,76,456.0,3.8,6.3498,0.98427451
cold,0,1,0,0.001,0.1,512,3,5,4,256,6000,8.0,2633729,1,1,9974,1101,600006,0,1023,1023,77,462.0,3.85,6.43335,0.98636681
cold,0,1,0,0.001,0.1,512,3,5,4,256,6000,8.0,2633729,1,1,9974,1101,600006,0,1023,1023,78,468.0,3.9,6.5169,0.98958862
cold,0,1,0,0.001,0.1,512,3,5,4,256,6000,8.0,2633729,1,1,9974,1101,600006,0,1023,1023,79,474.0,3.95,6.60045,0.99168134
cold,0,1,0,0.001,0.1,512,3,5,4,256,6000,8.0,2633729,1,1,9974,1101,600006,0,1023,1023,80,480.0,4.0,6.684,0.99160886
cold,0,1,0,0.001,0.1,512,3,5,4,256,6000,8.0,2633729,1,1,9974,1101,600006,0,1023,1023,81,486.0,4.05,6.76755,0.99155706
cold,0,1,0,0.001,0.1,512,3,5,4,256,6000,8.0,2633729,1,1,9974,1101,600006,0,1023,1023,82,492.0,4.1,6.8511,0.99178892
cold,0,1,0,0.001,0.1,512,3,5,4,256,6000,8.0,2633729,1,1,9974,1101,600006,0,1023,1023,83,498.0,4.15,6.93465,0.98921949
cold,0,1,0,0.001,0.1,512,3,5,4,256,6000,8.0,2633729,1,1,9974,1101,600006,0,1023,1023,84,504.0,4.2,7.0182,0.98450863
cold,0,1,0,0.001,0.1,512,3,5,4,256,6000,8.0,2633729,1,1,9974,1101,600006,0,1023,1023,85,510.0,4.25,7.10175,0.98246223
cold,0,1,0,0.001,0.1,512,3,5,4,256,6000,8.0,2633729,1,1,9974,1101,600006,0,1023,1023,86,516.0,4.3,7.1853,0.98610103
cold,0,1,0,0.001,0.1,512,3,5,4,256,6000,8.0,2633729,1,1,9974,1101,600006,0,1023,1023,87,522.0,4.35,7.26885,0.9932524
cold,0,1,0,0.001,0.1,512,3,5,4,256,6000,8.0,2633729,1,1,9974,1101,600006,0,1023,1023,88,528.0,4.4,7.3524,0.99862254
cold,0,1,0,0.001,0.1,512,3,5,4,256,6000,8.0,2633729,1,1,9974,1101,600006,0,1023,1023,89,534.0,4.45,7.43595,0.99978441
cold,0,1,0,0.001,0.1,512,3,5,4,256,6000,8.0,2633729,1,1,9974,1101,600006,0,1023,1023,90,540.0,4.5,7.5195,0.99906534
cold,0,1,0,0.001,0.1,512,3,5,4,256,6000,8.0,2633729,1,1,9974,1101,600006,0,1023,1023,91,546.0,4.55,7.60305,0.99900717
cold,0,1,0,0.001,0.1,512,3,5,4,256,6000,8.0,2633729,1,1,9974,1101,600006,0,1023,1023,92,552.0,4.6,7.6866,1.00054562
cold,0,1,0,0.001,0.1,512,3,5,4,256,6000,8.0,2633729,1,1,9974,1101,600006,0,1023,1023,93,558.0,4.65,7.77015,1.00276506
cold,0,1,0,0.001,0.1,512,3,5,4,256,6000,8.0,2633729,1,1,9974,1101,600006,0,1023,1023,94,564.0,4.7,7.8537,1.00331426
cold,0,1,0,0.001,0.1,512,3,5,4,256,6000,8.0,2633729,1,1,9974,1101,600006,0,1023,1023,95,570.0,4.75,7.93725,1.00069606
cold,0,1,0,0.001,0.1,512,3,5,4,256,6000,8.0,2633729,1,1,9974,1101,600006,0,1023,1023,96,576.0,4.8,8.0208,0.99599838
cold,0,1,0,0.001,0.1,512,3,5,4,256,6000,8.0,2633729,1,1,9974,1101,600006,0,1023,1023,97,582.0,4.85,8.10435,0.99159342
cold,0,1,0,0.001,0.1,512,3,5,4,256,6000,8.0,2633729,1,1,9974,1101,600006,0,1023,1023,98,588.0,4.9,8.1879,0.98911226
cold,0,1,0,0.001,0.1,512,3,5,4,256,6000,8.0,2633729,1,1,9974,1101,600006,0,1023,1023,99,594.0,4.95,8.27145,0.98827201
cold,0,1,0,0.001,0.1,512,3,5,4,256,6000,8.0,2633729,1,1,9974,1101,600006,0,1023,1023,100,600.0,5.0,8.355,0.98762107
cold,0,1,0,0.001,0.1,512,3,5,4,256,6000,8.0,2633729,1,1,9974,1101,600006,0,1023,1023,101,606.0,5.05,8.43855,0.98629022
cold,0,1,0,0.001,0.1,512,3,5,4,256,6000,8.0,2633729,1,1,9974,1101,600006,0,1023,1023,102,612.0,5.1,8.5221,0.98411524
cold,0,1,0,0.001,0.1,512,3,5,4,256,6000,8.0,2633729,1,1,9974,1101,600006,0,1023,1023,103,618.0,5.15,8.60565,0.98189068
cold,0,1,0,0.001,0.1,512,3,5,4,256,6000,8.0,2633729,1,1,9974,1101,600006,0,1023,1023,104,624.0,5.2,8.6892,0.98111945
cold,0,1,0,0.001,0.1,512,3,5,4,256,6000,8.0,2633729,1,1,9974,1101,600006,0,1023,1023,105,630.0,5.25,8.77275,0.98246735
cold,0,1,0,0.001,0.1,512,3,5,4,256,6000,8.0,2633729,1,1,9974,1101,600006,0,1023,1023,106,636.0,5.3,8.8563,0.98456025
cold,0,1,0,0.001,0.1,512,3,5,4,256,6000,8.0,2633729,1,1,9974,1101,600006,0,1023,1023,107,642.0,5.35,8.93985,0.98555243
cold,0,1,0,0.001,0.1,512,3,5,4,256,6000,8.0,2633729,1,1,9974,1101,600006,0,1023,1023,108,648.0,5.4,9.0234,0.98545408
cold,0,1,0,0.001,0.1,512,3,5,4,256,6000,8.0,2633729,1,1,9974,1101,600006,0,1023,1023,109,654.0,5.45,9.10695,0.9860189
cold,0,1,0,0.001,0.1,512,3,5,4,256,6000,8.0,2633729,1,1,9974,1101,600006,0,1023,1023,110,660.0,5.5,9.1905,0.98760742
cold,0,1,0,0.001,0.1,512,3,5,4,256,6000,8.0,2633729,1,1,9974,1101,600006,0,1023,1023,111,666.0,5.55,9.27405,0.98935264
cold,0,1,0,0.001,0.1,512,3,5,4,256,6000,8.0,2633729,1,1,9974,1101,600006,0,1023,1023,112,672.0,5.6,9.3576,0.9916802
cold,0,1,0,0.001,0.1,512,3,5,4,256,6000,8.0,2633729,1,1,9974,1101,600006,0,1023,1023,113,678.0,5.65,9.44115,0.99452537
cold,0,1,0,0.001,0.1,512,3,5,4,256,6000,8.0,2633729,1,1,9974,1101,600006,0,1023,1023,114,684.0,5.7,9.5247,0.99701869
cold,0,1,0,0.001,0.1,512,3,5,4,256,6000,8.0,2633729,1,1,9974,1101,600006,0,1023,1023,115,690.0,5.75,9.60825,0.99899518
cold,0,1,0,0.001,0.1,512,3,5,4,256,6000,8.0,2633729,1,1,9974,1101,600006,0,1023,1023,116,696.0,5.8,9.6918,1.00058651
cold,0,1,0,0.001,0.1,512,3,5,4,256,6000,8.0,2633729,1,1,9974,1101,600006,0,1023,1023,117,702.0,5.85,9.77535,1.00234485
cold,0,1,0,0.001,0.1,512,3,5,4,256,6000,8.0,2633729,1,1,9974,1101,600006,0,1023,1023,118,708.0,5.9,9.8589,1.00453985
cold,0,1,0,0.001,0.1,512,3,5,4,256,6000,8.0,2633729,1,1,9974,1101,600006,0,1023,1023,119,714.0,5.95,9.94245,1.00670338
cold,0,1,0,0.001,0.1,512,3,5,4,256,6000,8.0,2633729,1,1,9974,1101,600006,0,1023,1023,120,720.0,6.0,10.026,1.00867808
cold,0,1,0,0.001,0.1,512,3,5,4,256,6000,8.0,2633729,1,1,9974,1101,600006,0,4468,4468,1,6.0,0.05,0.08355,0.0939706
cold,0,1,0,0.001,0.1,512,3,5,4,256,6000,8.0,2633729,1,1,9974,1101,600006,0,4468,4468,2,12.0,0.1,0.1671,0.09473079
cold,0,1,0,0.001,0.1,512,3,5,4,256,6000,8.0,2633729,1,1,9974,1101,600006,0,4468,4468,3,18.0,0.15,0.25065,0.10748106
cold,0,1,0,0.001,0.1,512,3,5,4,256,6000,8.0,2633729,1,1,9974,1101,600006,0,4468,4468,4,24.0,0.2,0.3342,0.12202014
cold,0,1,0,0.001,0.1,512,3,5,4,256,6000,8.0,2633729,1,1,9974,1101,600006,0,4468,4468,5,30.0,0.25,0.41775,0.14016198
cold,0,1,0,0.001,0.1,512,3,5,4,256,6000,8.0,2633729,1,1,9974,1101,600006,0,4468,4468,6,36.0,0.3,0.5013,0.15859166
cold,0,1,0,0.001,0.1,512,3,5,4,256,6000,8.0,2633729,1,1,9974,1101,600006,0,4468,4468,7,42.0,0.35,0.58485,0.17849399
cold,0,1,0,0.001,0.1,512,3,5,4,256,6000,8.0,2633729,1,1,9974,1101,600006,0,4468,4468,8,48.0,0.4,0.6684,0.19928356
cold,0,1,0,0.001,0.1,512,3,5,4,256,6000,8.0,2633729,1,1,9974,1101,600006,0,4468,4468,9,54.0,0.45,0.75195,0.22324912
cold,0,1,0,0.001,0.1,512,3,5,4,256,6000,8.0,2633729,1,1,9974,1101,600006,0,4468,4468,10,60.0,0.5,0.8355,0.25156373
cold,0,1,0,0.001,0.1,512,3,5,4,256,6000,8.0,2633729,1,1,9974,1101,600006,0,4468,4468,11,66.0,0.55,0.91905,0.28385082
cold,0,1,0,0.001,0.1,512,3,5,4,256,6000,8.0,2633729,1,1,9974,1101,600006,0,4468,4468,12,72.0,0.6,1.0026,0.31682298
cold,0,1,0,0.001,0.1,512,3,5,4,256,6000,8.0,2633729,1,1,9974,1101,600006,0,4468,4468,13,78.0,0.65,1.08615,0.35133705
cold,0,1,0,0.001,0.1,512,3,5,4,256,6000,8.0,2633729,1,1,9974,1101,600006,0,4468,4468,14,84.0,0.7,1.1697,0.38666153
cold,0,1,0,0.001,0.1,512,3,5,4,256,6000,8.0,2633729,1,1,9974,1101,600006,0,4468,4468,15,90.0,0.75,1.25325,0.42480636
cold,0,1,0,0.001,0.1,512,3,5,4,256,6000,8.0,2633729,1,1,9974,1101,600006,0,4468,4468,16,96.0,0.8,1.3368,0.46261597
cold,0,1,0,0.001,0.1,512,3,5,4,256,6000,8.0,2633729,1,1,9974,1101,600006,0,4468,4468,17,102.0,0.85,1.42035,0.49911287
cold,0,1,0,0.001,0.1,512,3,5,4,256,6000,8.0,2633729,1,1,9974,1101,600006,0,4468,4468,18,108.0,0.9,1.5039,0.53309846
cold,0,1,0,0.001,0.1,512,3,5,4,256,6000,8.0,2633729,1,1,9974,1101,600006,0,4468,4468,19,114.0,0.95,1.58745,0.56525677
cold,0,1,0,0.001,0.1,512,3,5,4,256,6000,8.0,2633729,1,1,9974,1101,600006,0,4468,4468,20,120.0,1.0,1.671,0.59241015
cold,0,1,0,0.001,0.1,512,3,5,4,256,6000,8.0,2633729,1,1,9974,1101,600006,0,4468,4468,21,126.0,1.05,1.75455,0.62157309
cold,0,1,0,0.001,0.1,512,3,5,4,256,6000,8.0,2633729,1,1,9974,1101,600006,0,4468,4468,22,132.0,1.1,1.8381,0.64759123
cold,0,1,0,0.001,0.1,512,3,5,4,256,6000,8.0,2633729,1,1,9974,1101,600006,0,4468,4468,23,138.0,1.15,1.92165,0.67102432
cold,0,1,0,0.001,0.1,512,3,5,4,256,6000,8.0,2633729,1,1,9974,1101,600006,0,4468,4468,24,144.0,1.2,2.0052,0.69111443
cold,0,1,0,0.001,0.1,512,3,5,4,256,6000,8.0,2633729,1,1,9974,1101,600006,0,4468,4468,25,150.0,1.25,2.08875,0.71089363
cold,0,1,0,0.001,0.1,512,3,5,4,256,6000,8.0,2633729,1,1,9974,1101,600006,0,4468,4468,26,156.0,1.3,2.1723,0.73166305
cold,0,1,0,0.001,0.1,512,3,5,4,256,6000,8.0,2633729,1,1,9974,1101,600006,0,4468,4468,27,162.0,1.35,2.25585,0.75047004
cold,0,1,0,0.001,0.1,512,3,5,4,256,6000,8.0,2633729,1,1,9974,1101,600006,0,4468,4468,28,168.0,1.4,2.3394,0.76988095
cold,0,1,0,0.001,0.1,512,3,5,4,256,6000,8.0,2633729,1,1,9974,1101,600006,0,4468,4468,29,174.0,1.45,2.42295,0.7867741
cold,0,1,0,0.001,0.1,512,3,5,4,256,6000,8.0,2633729,1,1,9974,1101,600006,0,4468,4468,30,180.0,1.5,2.5065,0.8016299
cold,0,1,0,0.001,0.1,512,3,5,4,256,6000,8.0,2633729,1,1,9974,1101,600006,0,4468,4468,31,186.0,1.55,2.59005,0.8163752
cold,0,1,0,0.001,0.1,512,3,5,4,256,6000,8.0,2633729,1,1,9974,1101,600006,0,4468,4468,32,192.0,1.6,2.6736,0.82787895
cold,0,1,0,0.001,0.1,512,3,5,4,256,6000,8.0,2633729,1,1,9974,1101,600006,0,4468,4468,33,198.0,1.65,2.75715,0.83761185
cold,0,1,0,0.001,0.1,512,3,5,4,256,6000,8.0,2633729,1,1,9974,1101,600006,0,4468,4468,34,204.0,1.7,2.8407,0.85192043
cold,0,1,0,0.001,0.1,512,3,5,4,256,6000,8.0,2633729,1,1,9974,1101,600006,0,4468,4468,35,210.0,1.75,2.92425,0.86265993
cold,0,1,0,0.001,0.1,512,3,5,4,256,6000,8.0,2633729,1,1,9974,1101,600006,0,4468,4468,36,216.0,1.8,3.0078,0.87017089
cold,0,1,0,0.001,0.1,512,3,5,4,256,6000,8.0,2633729,1,1,9974,1101,600006,0,4468,4468,37,222.0,1.85,3.09135,0.87965935
cold,0,1,0,0.001,0.1,512,3,5,4,256,6000,8.0,2633729,1,1,9974,1101,600006,0,4468,4468,38,228.0,1.9,3.1749,0.88426411
cold,0,1,0,0.001,0.1,512,3,5,4,256,6000,8.0,2633729,1,1,9974,1101,600006,0,4468,4468,39,234.0,1.95,3.25845,0.89185363
cold,0,1,0,0.001,0.1,512,3,5,4,256,6000,8.0,2633729,1,1,9974,1101,600006,0,4468,4468,40,240.0,2.0,3.342,0.9011839
cold,0,1,0,0.001,0.1,512,3,5,4,256,6000,8.0,2633729,1,1,9974,1101,600006,0,4468,4468,41,246.0,2.05,3.42555,0.91195649
cold,0,1,0,0.001,0.1,512,3,5,4,256,6000,8.0,2633729,1,1,9974,1101,600006,0,4468,4468,42,252.0,2.1,3.5091,0.9242903
cold,0,1,0,0.001,0.1,512,3,5,4,256,6000,8.0,2633729,1,1,9974,1101,600006,0,4468,4468,43,258.0,2.15,3.59265,0.93121696
cold,0,1,0,0.001,0.1,512,3,5,4,256,6000,8.0,2633729,1,1,9974,1101,600006,0,4468,4468,44,264.0,2.2,3.6762,0.93782949
cold,0,1,0,0.001,0.1,512,3,5,4,256,6000,8.0,2633729,1,1,9974,1101,600006,0,4468,4468,45,270.0,2.25,3.75975,0.94126785
cold,0,1,0,0.001,0.1,512,3,5,4,256,6000,8.0,2633729,1,1,9974,1101,600006,0,4468,4468,46,276.0,2.3,3.8433,0.94489658
cold,0,1,0,0.001,0.1,512,3,5,4,256,6000,8.0,2633729,1,1,9974,1101,600006,0,4468,4468,47,282.0,2.35,3.92685,0.94667214
cold,0,1,0,0.001,0.1,512,3,5,4,256,6000,8.0,2633729,1,1,9974,1101,600006,0,4468,4468,48,288.0,2.4,4.0104,0.94711
cold,0,1,0,0.001,0.1,512,3,5,4,256,6000,8.0,2633729,1,1,9974,1101,600006,0,4468,4468,49,294.0,2.45,4.09395,0.94398284
cold,0,1,0,0.001,0.1,512,3,5,4,256,6000,8.0,2633729,1,1,9974,1101,600006,0,4468,4468,50,300.0,2.5,4.1775,0.94720131
cold,0,1,0,0.001,0.1,512,3,5,4,256,6000,8.0,2633729,1,1,9974,1101,600006,0,4468,4468,51,306.0,2.55,4.26105,0.94659841
cold,0,1,0,0.001,0.1,512,3,5,4,256,6000,8.0,2633729,1,1,9974,1101,600006,0,4468,4468,52,312.0,2.6,4.3446,0.94844198
cold,0,1,0,0.001,0.1,512,3,5,4,256,6000,8.0,2633729,1,1,9974,1101,600006,0,4468,4468,53,318.0,2.65,4.42815,0.95815074
cold,0,1,0,0.001,0.1,512,3,5,4,256,6000,8.0,2633729,1,1,9974,1101,600006,0,4468,4468,54,324.0,2.7,4.5117,0.96556455
cold,0,1,0,0.001,0.1,512,3,5,4,256,6000,8.0,2633729,1,1,9974,1101,600006,0,4468,4468,55,330.0,2.75,4.59525,0.96682042
cold,0,1,0,0.001,0.1,512,3,5,4,256,6000,8.0,2633729,1,1,9974,1101,600006,0,4468,4468,56,336.0,2.8,4.6788,0.96993798
cold,0,1,0,0.001,0.1,512,3,5,4,256,6000,8.0,2633729,1,1,9974,1101,600006,0,4468,4468,57,342.0,2.85,4.76235,0.97120726
cold,0,1,0,0.001,0.1,512,3,5,4,256,6000,8.0,2633729,1,1,9974,1101,600006,0,4468,4468,58,348.0,2.9,4.8459,0.96939963
cold,0,1,0,0.001,0.1,512,3,5,4,256,6000,8.0,2633729,1,1,9974,1101,600006,0,4468,4468,59,354.0,2.95,4.92945,0.97178209
cold,0,1,0,0.001,0.1,512,3,5,4,256,6000,8.0,2633729,1,1,9974,1101,600006,0,4468,4468,60,360.0,3.0,5.013,0.97675782
cold,0,1,0,0.001,0.1,512,3,5,4,256,6000,8.0,2633729,1,1,9974,1101,600006,0,4468,4468,61,366.0,3.05,5.09655,0.98082149
cold,0,1,0,0.001,0.1,512,3,5,4,256,6000,8.0,2633729,1,1,9974,1101,600006,0,4468,4468,62,372.0,3.1,5.1801,0.98210037
cold,0,1,0,0.001,0.1,512,3,5,4,256,6000,8.0,2633729,1,1,9974,1101,600006,0,4468,4468,63,378.0,3.15,5.26365,0.98491722
cold,0,1,0,0.001,0.1,512,3,5,4,256,6000,8.0,2633729,1,1,9974,1101,600006,0,4468,4468,64,384.0,3.2,5.3472,0.98883444
cold,0,1,0,0.001,0.1,512,3,5,4,256,6000,8.0,2633729,1,1,9974,1101,600006,0,4468,4468,65,390.0,3.25,5.43075,0.98914093
cold,0,1,0,0.001,0.1,512,3,5,4,256,6000,8.0,2633729,1,1,9974,1101,600006,0,4468,4468,66,396.0,3.3,5.5143,0.98852694
cold,0,1,0,0.001,0.1,512,3,5,4,256,6000,8.0,2633729,1,1,9974,1101,600006,0,4468,4468,67,402.0,3.35,5.59785,0.98583841
cold,0,1,0,0.001,0.1,512,3,5,4,256,6000,8.0,2633729,1,1,9974,1101,600006,0,4468,4468,68,408.0,3.4,5.6814,0.98687631
cold,0,1,0,0.001,0.1,512,3,5,4,256,6000,8.0,2633729,1,1,9974,1101,600006,0,4468,4468,69,414.0,3.45,5.76495,0.98867571
cold,0,1,0,0.001,0.1,512,3,5,4,256,6000,8.0,2633729,1,1,9974,1101,600006,0,4468,4468,70,420.0,3.5,5.8485,0.99015135
cold,0,1,0,0.001,0.1,512,3,5,4,256,6000,8.0,2633729,1,1,9974,1101,600006,0,4468,4468,71,426.0,3.55,5.93205,0.99353445
cold,0,1,0,0.001,0.1,512,3,5,4,256,6000,8.0,2633729,1,1,9974,1101,600006,0,4468,4468,72,432.0,3.6,6.0156,0.99331993
cold,0,1,0,0.001,0.1,512,3,5,4,256,6000,8.0,2633729,1,1,9974,1101,600006,0,4468,4468,73,438.0,3.65,6.09915,0.99319839
cold,0,1,0,0.001,0.1,512,3,5,4,256,6000,8.0,2633729,1,1,9974,1101,600006,0,4468,4468,74,444.0,3.7,6.1827,0.99422008
cold,0,1,0,0.001,0.1,512,3,5,4,256,6000,8.0,2633729,1,1,9974,1101,600006,0,4468,4468,75,450.0,3.75,6.26625,0.99132401
cold,0,1,0,0.001,0.1,512,3,5,4,256,6000,8.0,2633729,1,1,9974,1101,600006,0,4468,4468,76,456.0,3.8,6.3498,0.9897294
cold,0,1,0,0.001,0.1,512,3,5,4,256,6000,8.0,2633729,1,1,9974,1101,600006,0,4468,4468,77,462.0,3.85,6.43335,0.98843509
cold,0,1,0,0.001,0.1,512,3,5,4,256,6000,8.0,2633729,1,1,9974,1101,600006,0,4468,4468,78,468.0,3.9,6.5169,0.97991776
cold,0,1,0,0.001,0.1,512,3,5,4,256,6000,8.0,2633729,1,1,9974,1101,600006,0,4468,4468,79,474.0,3.95,6.60045,0.97538584
cold,0,1,0,0.001,0.1,512,3,5,4,256,6000,8.0,2633729,1,1,9974,1101,600006,0,4468,4468,80,480.0,4.0,6.684,0.97227263
cold,0,1,0,0.001,0.1,512,3,5,4,256,6000,8.0,2633729,1,1,9974,1101,600006,0,4468,4468,81,486.0,4.05,6.76755,0.9767049
cold,0,1,0,0.001,0.1,512,3,5,4,256,6000,8.0,2633729,1,1,9974,1101,600006,0,4468,4468,82,492.0,4.1,6.8511,0.98253709
cold,0,1,0,0.001,0.1,512,3,5,4,256,6000,8.0,2633729,1,1,9974,1101,600006,0,4468,4468,83,498.0,4.15,6.93465,0.98895371
cold,0,1,0,0.001,0.1,512,3,5,4,256,6000,8.0,2633729,1,1,9974,1101,600006,0,4468,4468,84,504.0,4.2,7.0182,0.99295008
cold,0,1,0,0.001,0.1,512,3,5,4,256,6000,8.0,2633729,1,1,9974,1101,600006,0,4468,4468,85,510.0,4.25,7.10175,0.99254006
cold,0,1,0,0.001,0.1,512,3,5,4,256,6000,8.0,2633729,1,1,9974,1101,600006,0,4468,4468,86,516.0,4.3,7.1853,0.9893741
cold,0,1,0,0.001,0.1,512,3,5,4,256,6000,8.0,2633729,1,1,9974,1101,600006,0,4468,4468,87,522.0,4.35,7.26885,0.9830898
cold,0,1,0,0.001,0.1,512,3,5,4,256,6000,8.0,2633729,1,1,9974,1101,600006,0,4468,4468,88,528.0,4.4,7.3524,0.98221248
cold,0,1,0,0.001,0.1,512,3,5,4,256,6000,8.0,2633729,1,1,9974,1101,600006,0,4468,4468,89,534.0,4.45,7.43595,0.98509747
cold,0,1,0,0.001,0.1,512,3,5,4,256,6000,8.0,2633729,1,1,9974,1101,600006,0,4468,4468,90,540.0,4.5,7.5195,0.98958987
cold,0,1,0,0.001,0.1,512,3,5,4,256,6000,8.0,2633729,1,1,9974,1101,600006,0,4468,4468,91,546.0,4.55,7.60305,0.99593771
cold,0,1,0,0.001,0.1,512,3,5,4,256,6000,8.0,2633729,1,1,9974,1101,600006,0,4468,4468,92,552.0,4.6,7.6866,0.99859673
cold,0,1,0,0.001,0.1,512,3,5,4,256,6000,8.0,2633729,1,1,9974,1101,600006,0,4468,4468,93,558.0,4.65,7.77015,1.00126386
cold,0,1,0,0.001,0.1,512,3,5,4,256,6000,8.0,2633729,1,1,9974,1101,600006,0,4468,4468,94,564.0,4.7,7.8537,1.00167239
cold,0,1,0,0.001,0.1,512,3,5,4,256,6000,8.0,2633729,1,1,9974,1101,600006,0,4468,4468,95,570.0,4.75,7.93725,1.00200462
cold,0,1,0,0.001,0.1,512,3,5,4,256,6000,8.0,2633729,1,1,9974,1101,600006,0,4468,4468,96,576.0,4.8,8.0208,0.99835521
cold,0,1,0,0.001,0.1,512,3,5,4,256,6000,8.0,2633729,1,1,9974,1101,600006,0,4468,4468,97,582.0,4.85,8.10435,0.99908268
cold,0,1,0,0.001,0.1,512,3,5,4,256,6000,8.0,2633729,1,1,9974,1101,600006,0,4468,4468,98,588.0,4.9,8.1879,1.00140464
cold,0,1,0,0.001,0.1,512,3,5,4,256,6000,8.0,2633729,1,1,9974,1101,600006,0,4468,4468,99,594.0,4.95,8.27145,1.00269938
cold,0,1,0,0.001,0.1,512,3,5,4,256,6000,8.0,2633729,1,1,9974,1101,600006,0,4468,4468,100,600.0,5.0,8.355,1.00532138
cold,0,1,0,0.001,0.1,512,3,5,4,256,6000,8.0,2633729,1,1,9974,1101,600006,0,4468,4468,101,606.0,5.05,8.43855,1.00798392
cold,0,1,0,0.001,0.1,512,3,5,4,256,6000,8.0,2633729,1,1,9974,1101,600006,0,4468,4468,102,612.0,5.1,8.5221,1.00528502
cold,0,1,0,0.001,0.1,512,3,5,4,256,6000,8.0,2633729,1,1,9974,1101,600006,0,4468,4468,103,618.0,5.15,8.60565,1.00327516
cold,0,1,0,0.001,0.1,512,3,5,4,256,6000,8.0,2633729,1,1,9974,1101,600006,0,4468,4468,104,624.0,5.2,8.6892,1.00375378
cold,0,1,0,0.001,0.1,512,3,5,4,256,6000,8.0,2633729,1,1,9974,1101,600006,0,4468,4468,105,630.0,5.25,8.77275,1.00239635
cold,0,1,0,0.001,0.1,512,3,5,4,256,6000,8.0,2633729,1,1,9974,1101,600006,0,4468,4468,106,636.0,5.3,8.8563,0.99972278
cold,0,1,0,0.001,0.1,512,3,5,4,256,6000,8.0,2633729,1,1,9974,1101,600006,0,4468,4468,107,642.0,5.35,8.93985,0.99618548
cold,0,1,0,0.001,0.1,512,3,5,4,256,6000,8.0,2633729,1,1,9974,1101,600006,0,4468,4468,108,648.0,5.4,9.0234,0.99299681
cold,0,1,0,0.001,0.1,512,3,5,4,256,6000,8.0,2633729,1,1,9974,1101,600006,0,4468,4468,109,654.0,5.45,9.10695,0.9920156
cold,0,1,0,0.001,0.1,512,3,5,4,256,6000,8.0,2633729,1,1,9974,1101,600006,0,4468,4468,110,660.0,5.5,9.1905,0.99034411
cold,0,1,0,0.001,0.1,512,3,5,4,256,6000,8.0,2633729,1,1,9974,1101,600006,0,4468,4468,111,666.0,5.55,9.27405,0.99173141
cold,0,1,0,0.001,0.1,512,3,5,4,256,6000,8.0,2633729,1,1,9974,1101,600006,0,4468,4468,112,672.0,5.6,9.3576,0.99039692
cold,0,1,0,0.001,0.1,512,3,5,4,256,6000,8.0,2633729,1,1,9974,1101,600006,0,4468,4468,113,678.0,5.65,9.44115,0.98945242
cold,0,1,0,0.001,0.1,512,3,5,4,256,6000,8.0,2633729,1,1,9974,1101,600006,0,4468,4468,114,684.0,5.7,9.5247,0.98743761
cold,0,1,0,0.001,0.1,512,3,5,4,256,6000,8.0,2633729,1,1,9974,1101,600006,0,4468,4468,115,690.0,5.75,9.60825,0.99114954
cold,0,1,0,0.001,0.1,512,3,5,4,256,6000,8.0,2633729,1,1,9974,1101,600006,0,4468,4468,116,696.0,5.8,9.6918,0.99386841
cold,0,1,0,0.001,0.1,512,3,5,4,256,6000,8.0,2633729,1,1,9974,1101,600006,0,4468,4468,117,702.0,5.85,9.77535,0.99772477
cold,0,1,0,0.001,0.1,512,3,5,4,256,6000,8.0,2633729,1,1,9974,1101,600006,0,4468,4468,118,708.0,5.9,9.8589,1.00187266
cold,0,1,0,0.001,0.1,512,3,5,4,256,6000,8.0,2633729,1,1,9974,1101,600006,0,4468,4468,119,714.0,5.95,9.94245,1.00308371
cold,0,1,0,0.001,0.1,512,3,5,4,256,6000,8.0,2633729,1,1,9974,1101,600006,0,4468,4468,120,720.0,6.0,10.026,1.00414872
cold,0,1,0,0.001,0.1,512,3,5,4,256,6000,8.0,2633729,1,1,9974,1101,600006,0,6000,6000,1,6.0,0.05,0.08355,0.11812799
cold,0,1,0,0.001,0.1,512,3,5,4,256,6000,8.0,2633729,1,1,9974,1101,600006,0,6000,6000,2,12.0,0.1,0.1671,0.12182128
cold,0,1,0,0.001,0.1,512,3,5,4,256,6000,8.0,2633729,1,1,9974,1101,600006,0,6000,6000,3,18.0,0.15,0.25065,0.13520268
cold,0,1,0,0.001,0.1,512,3,5,4,256,6000,8.0,2633729,1,1,9974,1101,600006,0,6000,6000,4,24.0,0.2,0.3342,0.15042737
cold,0,1,0,0.001,0.1,512,3,5,4,256,6000,8.0,2633729,1,1,9974,1101,600006,0,6000,6000,5,30.0,0.25,0.41775,0.17122449
cold,0,1,0,0.001,0.1,512,3,5,4,256,6000,8.0,2633729,1,1,9974,1101,600006,0,6000,6000,6,36.0,0.3,0.5013,0.1901671
cold,0,1,0,0.001,0.1,512,3,5,4,256,6000,8.0,2633729,1,1,9974,1101,600006,0,6000,6000,7,42.0,0.35,0.58485,0.21400128
cold,0,1,0,0.001,0.1,512,3,5,4,256,6000,8.0,2633729,1,1,9974,1101,600006,0,6000,6000,8,48.0,0.4,0.6684,0.24017413
cold,0,1,0,0.001,0.1,512,3,5,4,256,6000,8.0,2633729,1,1,9974,1101,600006,0,6000,6000,9,54.0,0.45,0.75195,0.2673718
cold,0,1,0,0.001,0.1,512,3,5,4,256,6000,8.0,2633729,1,1,9974,1101,600006,0,6000,6000,10,60.0,0.5,0.8355,0.29901102
cold,0,1,0,0.001,0.1,512,3,5,4,256,6000,8.0,2633729,1,1,9974,1101,600006,0,6000,6000,11,66.0,0.55,0.91905,0.33644301
cold,0,1,0,0.001,0.1,512,3,5,4,256,6000,8.0,2633729,1,1,9974,1101,600006,0,6000,6000,12,72.0,0.6,1.0026,0.37092853
cold,0,1,0,0.001,0.1,512,3,5,4,256,6000,8.0,2633729,1,1,9974,1101,600006,0,6000,6000,13,78.0,0.65,1.08615,0.41974375
cold,0,1,0,0.001,0.1,512,3,5,4,256,6000,8.0,2633729,1,1,9974,1101,600006,0,6000,6000,14,84.0,0.7,1.1697,0.45447293
cold,0,1,0,0.001,0.1,512,3,5,4,256,6000,8.0,2633729,1,1,9974,1101,600006,0,6000,6000,15,90.0,0.75,1.25325,0.52958339
cold,0,1,0,0.001,0.1,512,3,5,4,256,6000,8.0,2633729,1,1,9974,1101,600006,0,6000,6000,16,96.0,0.8,1.3368,0.52964896
cold,0,1,0,0.001,0.1,512,3,5,4,256,6000,8.0,2633729,1,1,9974,1101,600006,0,6000,6000,17,102.0,0.85,1.42035,0.57909471
cold,0,1,0,0.001,0.1,512,3,5,4,256,6000,8.0,2633729,1,1,9974,1101,600006,0,6000,6000,18,108.0,0.9,1.5039,0.59068835
cold,0,1,0,0.001,0.1,512,3,5,4,256,6000,8.0,2633729,1,1,9974,1101,600006,0,6000,6000,19,114.0,0.95,1.58745,0.61557454
cold,0,1,0,0.001,0.1,512,3,5,4,256,6000,8.0,2633729,1,1,9974,1101,600006,0,6000,6000,20,120.0,1.0,1.671,0.63917935
cold,0,1,0,0.001,0.1,512,3,5,4,256,6000,8.0,2633729,1,1,9974,1101,600006,0,6000,6000,21,126.0,1.05,1.75455,0.65415436
cold,0,1,0,0.001,0.1,512,3,5,4,256,6000,8.0,2633729,1,1,9974,1101,600006,0,6000,6000,22,132.0,1.1,1.8381,0.66931629
cold,0,1,0,0.001,0.1,512,3,5,4,256,6000,8.0,2633729,1,1,9974,1101,600006,0,6000,6000,23,138.0,1.15,1.92165,0.69207692
cold,0,1,0,0.001,0.1,512,3,5,4,256,6000,8.0,2633729,1,1,9974,1101,600006,0,6000,6000,24,144.0,1.2,2.0052,0.70448118
cold,0,1,0,0.001,0.1,512,3,5,4,256,6000,8.0,2633729,1,1,9974,1101,600006,0,6000,6000,25,150.0,1.25,2.08875,0.7279163
cold,0,1,0,0.001,0.1,512,3,5,4,256,6000,8.0,2633729,1,1,9974,1101,600006,0,6000,6000,26,156.0,1.3,2.1723,0.75309026
cold,0,1,0,0.001,0.1,512,3,5,4,256,6000,8.0,2633729,1,1,9974,1101,600006,0,6000,6000,27,162.0,1.35,2.25585,0.76777363
cold,0,1,0,0.001,0.1,512,3,5,4,256,6000,8.0,2633729,1,1,9974,1101,600006,0,6000,6000,28,168.0,1.4,2.3394,0.79061449
cold,0,1,0,0.001,0.1,512,3,5,4,256,6000,8.0,2633729,1,1,9974,1101,600006,0,6000,6000,29,174.0,1.45,2.42295,0.80617738
cold,0,1,0,0.001,0.1,512,3,5,4,256,6000,8.0,2633729,1,1,9974,1101,600006,0,6000,6000,30,180.0,1.5,2.5065,0.81800807
cold,0,1,0,0.001,0.1,512,3,5,4,256,6000,8.0,2633729,1,1,9974,1101,600006,0,6000,6000,31,186.0,1.55,2.59005,0.83379608
cold,0,1,0,0.001,0.1,512,3,5,4,256,6000,8.0,2633729,1,1,9974,1101,600006,0,6000,6000,32,192.0,1.6,2.6736,0.83858079
cold,0,1,0,0.001,0.1,512,3,5,4,256,6000,8.0,2633729,1,1,9974,1101,600006,0,6000,6000,33,198.0,1.65,2.75715,0.84963882
cold,0,1,0,0.001,0.1,512,3,5,4,256,6000,8.0,2633729,1,1,9974,1101,600006,0,6000,6000,34,204.0,1.7,2.8407,0.86259192
cold,0,1,0,0.001,0.1,512,3,5,4,256,6000,8.0,2633729,1,1,9974,1101,600006,0,6000,6000,35,210.0,1.75,2.92425,0.86883777
cold,0,1,0,0.001,0.1,512,3,5,4,256,6000,8.0,2633729,1,1,9974,1101,600006,0,6000,6000,36,216.0,1.8,3.0078,0.88097245
cold,0,1,0,0.001,0.1,512,3,5,4,256,6000,8.0,2633729,1,1,9974,1101,600006,0,6000,6000,37,222.0,1.85,3.09135,0.892151
cold,0,1,0,0.001,0.1,512,3,5,4,256,6000,8.0,2633729,1,1,9974,1101,600006,0,6000,6000,38,228.0,1.9,3.1749,0.89595401
cold,0,1,0,0.001,0.1,512,3,5,4,256,6000,8.0,2633729,1,1,9974,1101,600006,0,6000,6000,39,234.0,1.95,3.25845,0.89998007
cold,0,1,0,0.001,0.1,512,3,5,4,256,6000,8.0,2633729,1,1,9974,1101,600006,0,6000,6000,40,240.0,2.0,3.342,0.90910751
cold,0,1,0,0.001,0.1,512,3,5,4,256,6000,8.0,2633729,1,1,9974,1101,600006,0,6000,6000,41,246.0,2.05,3.42555,0.91972268
cold,0,1,0,0.001,0.1,512,3,5,4,256,6000,8.0,2633729,1,1,9974,1101,600006,0,6000,6000,42,252.0,2.1,3.5091,0.93186349
cold,0,1,0,0.001,0.1,512,3,5,4,256,6000,8.0,2633729,1,1,9974,1101,600006,0,6000,6000,43,258.0,2.15,3.59265,0.93585104
cold,0,1,0,0.001,0.1,512,3,5,4,256,6000,8.0,2633729,1,1,9974,1101,600006,0,6000,6000,44,264.0,2.2,3.6762,0.94809127
cold,0,1,0,0.001,0.1,512,3,5,4,256,6000,8.0,2633729,1,1,9974,1101,600006,0,6000,6000,45,270.0,2.25,3.75975,0.94878674
cold,0,1,0,0.001,0.1,512,3,5,4,256,6000,8.0,2633729,1,1,9974,1101,600006,0,6000,6000,46,276.0,2.3,3.8433,0.95316726
cold,0,1,0,0.001,0.1,512,3,5,4,256,6000,8.0,2633729,1,1,9974,1101,600006,0,6000,6000,47,282.0,2.35,3.92685,0.95378548
cold,0,1,0,0.001,0.1,512,3,5,4,256,6000,8.0,2633729,1,1,9974,1101,600006,0,6000,6000,48,288.0,2.4,4.0104,0.95335019
cold,0,1,0,0.001,0.1,512,3,5,4,256,6000,8.0,2633729,1,1,9974,1101,600006,0,6000,6000,49,294.0,2.45,4.09395,0.95470893
cold,0,1,0,0.001,0.1,512,3,5,4,256,6000,8.0,2633729,1,1,9974,1101,600006,0,6000,6000,50,300.0,2.5,4.1775,0.96064281
cold,0,1,0,0.001,0.1,512,3,5,4,256,6000,8.0,2633729,1,1,9974,1101,600006,0,6000,6000,51,306.0,2.55,4.26105,0.9598341
cold,0,1,0,0.001,0.1,512,3,5,4,256,6000,8.0,2633729,1,1,9974,1101,600006,0,6000,6000,52,312.0,2.6,4.3446,0.96908456
cold,0,1,0,0.001,0.1,512,3,5,4,256,6000,8.0,2633729,1,1,9974,1101,600006,0,6000,6000,53,318.0,2.65,4.42815,0.97374105
cold,0,1,0,0.001,0.1,512,3,5,4,256,6000,8.0,2633729,1,1,9974,1101,600006,0,6000,6000,54,324.0,2.7,4.5117,0.98003626
cold,0,1,0,0.001,0.1,512,3,5,4,256,6000,8.0,2633729,1,1,9974,1101,600006,0,6000,6000,55,330.0,2.75,4.59525,0.97978014
cold,0,1,0,0.001,0.1,512,3,5,4,256,6000,8.0,2633729,1,1,9974,1101,600006,0,6000,6000,56,336.0,2.8,4.6788,0.98272532
cold,0,1,0,0.001,0.1,512,3,5,4,256,6000,8.0,2633729,1,1,9974,1101,600006,0,6000,6000,57,342.0,2.85,4.76235,0.98158884
cold,0,1,0,0.001,0.1,512,3,5,4,256,6000,8.0,2633729,1,1,9974,1101,600006,0,6000,6000,58,348.0,2.9,4.8459,0.98082995
cold,0,1,0,0.001,0.1,512,3,5,4,256,6000,8.0,2633729,1,1,9974,1101,600006,0,6000,6000,59,354.0,2.95,4.92945,0.9795053
cold,0,1,0,0.001,0.1,512,3,5,4,256,6000,8.0,2633729,1,1,9974,1101,600006,0,6000,6000,60,360.0,3.0,5.013,0.97337627
cold,0,1,0,0.001,0.1,512,3,5,4,256,6000,8.0,2633729,1,1,9974,1101,600006,0,6000,6000,61,366.0,3.05,5.09655,0.97835082
cold,0,1,0,0.001,0.1,512,3,5,4,256,6000,8.0,2633729,1,1,9974,1101,600006,0,6000,6000,62,372.0,3.1,5.1801,0.9885534
cold,0,1,0,0.001,0.1,512,3,5,4,256,6000,8.0,2633729,1,1,9974,1101,600006,0,6000,6000,63,378.0,3.15,5.26365,0.99813539
cold,0,1,0,0.001,0.1,512,3,5,4,256,6000,8.0,2633729,1,1,9974,1101,600006,0,6000,6000,64,384.0,3.2,5.3472,1.00589037
cold,0,1,0,0.001,0.1,512,3,5,4,256,6000,8.0,2633729,1,1,9974,1101,600006,0,6000,6000,65,390.0,3.25,5.43075,1.02465081
cold,0,1,0,0.001,0.1,512,3,5,4,256,6000,8.0,2633729,1,1,9974,1101,600006,0,6000,6000,66,396.0,3.3,5.5143,1.013345
cold,0,1,0,0.001,0.1,512,3,5,4,256,6000,8.0,2633729,1,1,9974,1101,600006,0,6000,6000,67,402.0,3.35,5.59785,1.02228165
cold,0,1,0,0.001,0.1,512,3,5,4,256,6000,8.0,2633729,1,1,9974,1101,600006,0,6000,6000,68,408.0,3.4,5.6814,1.019238
cold,0,1,0,0.001,0.1,512,3,5,4,256,6000,8.0,2633729,1,1,9974,1101,600006,0,6000,6000,69,414.0,3.45,5.76495,1.01970315
cold,0,1,0,0.001,0.1,512,3,5,4,256,6000,8.0,2633729,1,1,9974,1101,600006,0,6000,6000,70,420.0,3.5,5.8485,1.01978517
cold,0,1,0,0.001,0.1,512,3,5,4,256,6000,8.0,2633729,1,1,9974,1101,600006,0,6000,6000,71,426.0,3.55,5.93205,1.02104831
cold,0,1,0,0.001,0.1,512,3,5,4,256,6000,8.0,2633729,1,1,9974,1101,600006,0,6000,6000,72,432.0,3.6,6.0156,1.01989543
cold,0,1,0,0.001,0.1,512,3,5,4,256,6000,8.0,2633729,1,1,9974,1101,600006,0,6000,6000,73,438.0,3.65,6.09915,1.01728606
cold,0,1,0,0.001,0.1,512,3,5,4,256,6000,8.0,2633729,1,1,9974,1101,600006,0,6000,6000,74,444.0,3.7,6.1827,1.01599765
cold,0,1,0,0.001,0.1,512,3,5,4,256,6000,8.0,2633729,1,1,9974,1101,600006,0,6000,6000,75,450.0,3.75,6.26625,1.0139153
cold,0,1,0,0.001,0.1,512,3,5,4,256,6000,8.0,2633729,1,1,9974,1101,600006,0,6000,6000,76,456.0,3.8,6.3498,1.01459897
cold,0,1,0,0.001,0.1,512,3,5,4,256,6000,8.0,2633729,1,1,9974,1101,600006,0,6000,6000,77,462.0,3.85,6.43335,1.01406574
cold,0,1,0,0.001,0.1,512,3,5,4,256,6000,8.0,2633729,1,1,9974,1101,600006,0,6000,6000,78,468.0,3.9,6.5169,1.00957966
cold,0,1,0,0.001,0.1,512,3,5,4,256,6000,8.0,2633729,1,1,9974,1101,600006,0,6000,6000,79,474.0,3.95,6.60045,1.00504959
cold,0,1,0,0.001,0.1,512,3,5,4,256,6000,8.0,2633729,1,1,9974,1101,600006,0,6000,6000,80,480.0,4.0,6.684,1.00216544
cold,0,1,0,0.001,0.1,512,3,5,4,256,6000,8.0,2633729,1,1,9974,1101,600006,0,6000,6000,81,486.0,4.05,6.76755,0.98990393
cold,0,1,0,0.001,0.1,512,3,5,4,256,6000,8.0,2633729,1,1,9974,1101,600006,0,6000,6000,82,492.0,4.1,6.8511,0.99021137
cold,0,1,0,0.001,0.1,512,3,5,4,256,6000,8.0,2633729,1,1,9974,1101,600006,0,6000,6000,83,498.0,4.15,6.93465,0.98938227
cold,0,1,0,0.001,0.1,512,3,5,4,256,6000,8.0,2633729,1,1,9974,1101,600006,0,6000,6000,84,504.0,4.2,7.0182,0.9933883
cold,0,1,0,0.001,0.1,512,3,5,4,256,6000,8.0,2633729,1,1,9974,1101,600006,0,6000,6000,85,510.0,4.25,7.10175,1.00645053
cold,0,1,0,0.001,0.1,512,3,5,4,256,6000,8.0,2633729,1,1,9974,1101,600006,0,6000,6000,86,516.0,4.3,7.1853,1.01134431
cold,0,1,0,0.001,0.1,512,3,5,4,256,6000,8.0,2633729,1,1,9974,1101,600006,0,6000,6000,87,522.0,4.35,7.26885,1.01411331
cold,0,1,0,0.001,0.1,512,3,5,4,256,6000,8.0,2633729,1,1,9974,1101,600006,0,6000,6000,88,528.0,4.4,7.3524,1.01399755
cold,0,1,0,0.001,0.1,512,3,5,4,256,6000,8.0,2633729,1,1,9974,1101,600006,0,6000,6000,89,534.0,4.45,7.43595,1.01246691
cold,0,1,0,0.001,0.1,512,3,5,4,256,6000,8.0,2633729,1,1,9974,1101,600006,0,6000,6000,90,540.0,4.5,7.5195,1.00627291
cold,0,1,0,0.001,0.1,512,3,5,4,256,6000,8.0,2633729,1,1,9974,1101,600006,0,6000,6000,91,546.0,4.55,7.60305,1.01058829
cold,0,1,0,0.001,0.1,512,3,5,4,256,6000,8.0,2633729,1,1,9974,1101,600006,0,6000,6000,92,552.0,4.6,7.6866,1.00794971
cold,0,1,0,0.001,0.1,512,3,5,4,256,6000,8.0,2633729,1,1,9974,1101,600006,0,6000,6000,93,558.0,4.65,7.77015,1.02345145
cold,0,1,0,0.001,0.1,512,3,5,4,256,6000,8.0,2633729,1,1,9974,1101,600006,0,6000,6000,94,564.0,4.7,7.8537,1.01758945
cold,0,1,0,0.001,0.1,512,3,5,4,256,6000,8.0,2633729,1,1,9974,1101,600006,0,6000,6000,95,570.0,4.75,7.93725,1.02870083
cold,0,1,0,0.001,0.1,512,3,5,4,256,6000,8.0,2633729,1,1,9974,1101,600006,0,6000,6000,96,576.0,4.8,8.0208,1.02561831
cold,0,1,0,0.001,0.1,512,3,5,4,256,6000,8.0,2633729,1,1,9974,1101,600006,0,6000,6000,97,582.0,4.85,8.10435,1.02910197
cold,0,1,0,0.001,0.1,512,3,5,4,256,6000,8.0,2633729,1,1,9974,1101,600006,0,6000,6000,98,588.0,4.9,8.1879,1.03168488
cold,0,1,0,0.001,0.1,512,3,5,4,256,6000,8.0,2633729,1,1,9974,1101,600006,0,6000,6000,99,594.0,4.95,8.27145,1.02994847
cold,0,1,0,0.001,0.1,512,3,5,4,256,6000,8.0,2633729,1,1,9974,1101,600006,0,6000,6000,100,600.0,5.0,8.355,1.02771056
cold,0,1,0,0.001,0.1,512,3,5,4,256,6000,8.0,2633729,1,1,9974,1101,600006,0,6000,6000,101,606.0,5.05,8.43855,1.02962518
cold,0,1,0,0.001,0.1,512,3,5,4,256,6000,8.0,2633729,1,1,9974,1101,600006,0,6000,6000,102,612.0,5.1,8.5221,1.02371168
cold,0,1,0,0.001,0.1,512,3,5,4,256,6000,8.0,2633729,1,1,9974,1101,600006,0,6000,6000,103,618.0,5.15,8.60565,1.02208173
cold,0,1,0,0.001,0.1,512,3,5,4,256,6000,8.0,2633729,1,1,9974,1101,600006,0,6000,6000,104,624.0,5.2,8.6892,1.03146648
cold,0,1,0,0.001,0.1,512,3,5,4,256,6000,8.0,2633729,1,1,9974,1101,600006,0,6000,6000,105,630.0,5.25,8.77275,1.02604496
cold,0,1,0,0.001,0.1,512,3,5,4,256,6000,8.0,2633729,1,1,9974,1101,600006,0,6000,6000,106,636.0,5.3,8.8563,1.04757249
cold,0,1,0,0.001,0.1,512,3,5,4,256,6000,8.0,2633729,1,1,9974,1101,600006,0,6000,6000,107,642.0,5.35,8.93985,1.03275239
cold,0,1,0,0.001,0.1,512,3,5,4,256,6000,8.0,2633729,1,1,9974,1101,600006,0,6000,6000,108,648.0,5.4,9.0234,1.03346765
cold,0,1,0,0.001,0.1,512,3,5,4,256,6000,8.0,2633729,1,1,9974,1101,600006,0,6000,6000,109,654.0,5.45,9.10695,1.02914226
cold,0,1,0,0.001,0.1,512,3,5,4,256,6000,8.0,2633729,1,1,9974,1101,600006,0,6000,6000,110,660.0,5.5,9.1905,1.02156687
cold,0,1,0,0.001,0.1,512,3,5,4,256,6000,8.0,2633729,1,1,9974,1101,600006,0,6000,6000,111,666.0,5.55,9.27405,1.01862681
cold,0,1,0,0.001,0.1,512,3,5,4,256,6000,8.0,2633729,1,1,9974,1101,600006,0,6000,6000,112,672.0,5.6,9.3576,1.01808059
cold,0,1,0,0.001,0.1,512,3,5,4,256,6000,8.0,2633729,1,1,9974,1101,600006,0,6000,6000,113,678.0,5.65,9.44115,1.01970351
cold,0,1,0,0.001,0.1,512,3,5,4,256,6000,8.0,2633729,1,1,9974,1101,600006,0,6000,6000,114,684.0,5.7,9.5247,1.01472533
cold,0,1,0,0.001,0.1,512,3,5,4,256,6000,8.0,2633729,1,1,9974,1101,600006,0,6000,6000,115,690.0,5.75,9.60825,1.01766646
cold,0,1,0,0.001,0.1,512,3,5,4,256,6000,8.0,2633729,1,1,9974,1101,600006,0,6000,6000,116,696.0,5.8,9.6918,1.01415312
cold,0,1,0,0.001,0.1,512,3,5,4,256,6000,8.0,2633729,1,1,9974,1101,600006,0,6000,6000,117,702.0,5.85,9.77535,1.01849782
cold,0,1,0,0.001,0.1,512,3,5,4,256,6000,8.0,2633729,1,1,9974,1101,600006,0,6000,6000,118,708.0,5.9,9.8589,1.01725209
cold,0,1,0,0.001,0.1,512,3,5,4,256,6000,8.0,2633729,1,1,9974,1101,600006,0,6000,6000,119,714.0,5.95,9.94245,1.01899886
cold,0,1,0,0.001,0.1,512,3,5,4,256,6000,8.0,2633729,1,1,9974,1101,600006,0,6000,6000,120,720.0,6.0,10.026,1.02246273
cold,0,1,0,0.001,0.1,512,3,5,4,256,6000,8.0,2633729,1,1,9974,1102,600007,1,1,6001,1,6.0,0.05,0.08355,0.54348028
cold,0,1,0,0.001,0.1,512,3,5,4,256,6000,8.0,2633729,1,1,9974,1102,600007,1,1,6001,2,12.0,0.1,0.1671,1.08506012
cold,0,1,0,0.001,0.1,512,3,5,4,256,6000,8.0,2633729,1,1,9974,1102,600007,1,1,6001,3,18.0,0.15,0.25065,1.66187656
cold,0,1,0,0.001,0.1,512,3,5,4,256,6000,8.0,2633729,1,1,9974,1102,600007,1,1,6001,4,24.0,0.2,0.3342,2.30189872
cold,0,1,0,0.001,0.1,512,3,5,4,256,6000,8.0,2633729,1,1,9974,1102,600007,1,1,6001,5,30.0,0.25,0.41775,3.16010404
cold,0,1,0,0.001,0.1,512,3,5,4,256,6000,8.0,2633729,1,1,9974,1102,600007,1,1,6001,6,36.0,0.3,0.5013,4.38589334
cold,0,1,0,0.001,0.1,512,3,5,4,256,6000,8.0,2633729,1,1,9974,1102,600007,1,1,6001,7,42.0,0.35,0.58485,6.11548662
cold,0,1,0,0.001,0.1,512,3,5,4,256,6000,8.0,2633729,1,1,9974,1102,600007,1,1,6001,8,48.0,0.4,0.6684,8.55506516
cold,0,1,0,0.001,0.1,512,3,5,4,256,6000,8.0,2633729,1,1,9974,1102,600007,1,1,6001,9,54.0,0.45,0.75195,12.07196045
cold,0,1,0,0.001,0.1,512,3,5,4,256,6000,8.0,2633729,1,1,9974,1102,600007,1,1,6001,10,60.0,0.5,0.8355,17.16464996
cold,0,1,0,0.001,0.1,512,3,5,4,256,6000,8.0,2633729,1,1,9974,1102,600007,1,1,6001,11,66.0,0.55,0.91905,24.50542068
cold,0,1,0,0.001,0.1,512,3,5,4,256,6000,8.0,2633729,1,1,9974,1102,600007,1,1,6001,12,72.0,0.6,1.0026,35.0305748
cold,0,1,0,0.001,0.1,512,3,5,4,256,6000,8.0,2633729,1,1,9974,1102,600007,1,1,6001,13,78.0,0.65,1.08615,50.10834503
cold,0,1,0,0.001,0.1,512,3,5,4,256,6000,8.0,2633729,1,1,9974,1102,600007,1,1,6001,14,84.0,0.7,1.1697,71.73123932
cold,0,1,0,0.001,0.1,512,3,5,4,256,6000,8.0,2633729,1,1,9974,1102,600007,1,1,6001,15,90.0,0.75,1.25325,102.71025085
cold,0,1,0,0.001,0.1,512,3,5,4,256,6000,8.0,2633729,1,1,9974,1102,600007,1,1,6001,16,96.0,0.8,1.3368,147.09466553
cold,0,1,0,0.001,0.1,512,3,5,4,256,6000,8.0,2633729,1,1,9974,1102,600007,1,1,6001,17,102.0,0.85,1.42035,210.6834259
cold,0,1,0,0.001,0.1,512,3,5,4,256,6000,8.0,2633729,1,1,9974,1102,600007,1,1,6001,18,108.0,0.9,1.5039,301.78903198
cold,0,1,0,0.001,0.1,512,3,5,4,256,6000,8.0,2633729,1,1,9974,1102,600007,1,1,6001,19,114.0,0.95,1.58745,432.5138855
cold,0,1,0,0.001,0.1,512,3,5,4,256,6000,8.0,2633729,1,1,9974,1102,600007,1,1,6001,20,120.0,1.0,1.671,619.79602051
cold,0,1,0,0.001,0.1,512,3,5,4,256,6000,8.0,2633729,1,1,9974,1102,600007,1,1,6001,21,126.0,1.05,1.75455,888.9800415
cold,0,1,0,0.001,0.1,512,3,5,4,256,6000,8.0,2633729,1,1,9974,1102,600007,1,1,6001,22,132.0,1.1,1.8381,1274.81762695
cold,0,1,0,0.001,0.1,512,3,5,4,256,6000,8.0,2633729,1,1,9974,1102,600007,1,1,6001,23,138.0,1.15,1.92165,1829.75598145
cold,0,1,0,0.001,0.1,512,3,5,4,256,6000,8.0,2633729,1,1,9974,1102,600007,1,1,6001,24,144.0,1.2,2.0052,2626.15112305
cold,0,1,0,0.001,0.1,512,3,5,4,256,6000,8.0,2633729,1,1,9974,1102,600007,1,1,6001,25,150.0,1.25,2.08875,3771.89160156
cold,0,1,0,0.001,0.1,512,3,5,4,256,6000,8.0,2633729,1,1,9974,1102,600007,1,1,6001,26,156.0,1.3,2.1723,5417.93994141
cold,0,1,0,0.001,0.1,512,3,5,4,256,6000,8.0,2633729,1,1,9974,1102,600007,1,1,6001,27,162.0,1.35,2.25585,7786.61962891
cold,0,1,0,0.001,0.1,512,3,5,4,256,6000,8.0,2633729,1,1,9974,1102,600007,1,1,6001,28,168.0,1.4,2.3394,11192.61132812
cold,0,1,0,0.001,0.1,512,3,5,4,256,6000,8.0,2633729,1,1,9974,1102,600007,1,1,6001,29,174.0,1.45,2.42295,16095.2578125
cold,0,1,0,0.001,0.1,512,3,5,4,256,6000,8.0,2633729,1,1,9974,1102,600007,1,1,6001,30,180.0,1.5,2.5065,23149.7578125
cold,0,1,0,0.001,0.1,512,3,5,4,256,6000,8.0,2633729,1,1,9974,1102,600007,1,1,6001,31,186.0,1.55,2.59005,33304.82421875
cold,0,1,0,0.001,0.1,512,3,5,4,256,6000,8.0,2633729,1,1,9974,1102,600007,1,1,6001,32,192.0,1.6,2.6736,47928.18359375
cold,0,1,0,0.001,0.1,512,3,5,4,256,6000,8.0,2633729,1,1,9974,1102,600007,1,1,6001,33,198.0,1.65,2.75715,68977.3203125
cold,0,1,0,0.001,0.1,512,3,5,4,256,6000,8.0,2633729,1,1,9974,1102,600007,1,1,6001,34,204.0,1.7,2.8407,99315.203125
cold,0,1,0,0.001,0.1,512,3,5,4,256,6000,8.0,2633729,1,1,9974,1102,600007,1,1,6001,35,210.0,1.75,2.92425,142982.03125
cold,0,1,0,0.001,0.1,512,3,5,4,256,6000,8.0,2633729,1,1,9974,1102,600007,1,1,6001,36,216.0,1.8,3.0078,205964.296875
cold,0,1,0,0.001,0.1,512,3,5,4,256,6000,8.0,2633729,1,1,9974,1102,600007,1,1,6001,37,222.0,1.85,3.09135,296617.53125
cold,0,1,0,0.001,0.1,512,3,5,4,256,6000,8.0,2633729,1,1,9974,1102,600007,1,1,6001,38,228.0,1.9,3.1749,427478.25
cold,0,1,0,0.001,0.1,512,3,5,4,256,6000,8.0,2633729,1,1,9974,1102,600007,1,1,6001,39,234.0,1.95,3.25845,615831.9375
cold,0,1,0,0.001,0.1,512,3,5,4,256,6000,8.0,2633729,1,1,9974,1102,600007,1,1,6001,40,240.0,2.0,3.342,887853.6875
cold,0,1,0,0.001,0.1,512,3,5,4,256,6000,8.0,2633729,1,1,9974,1102,600007,1,1,6001,41,246.0,2.05,3.42555,1279474.125
cold,0,1,0,0.001,0.1,512,3,5,4,256,6000,8.0,2633729,1,1,9974,1102,600007,1,1,6001,42,252.0,2.1,3.5091,1845132.5
cold,0,1,0,0.001,0.1,512,3,5,4,256,6000,8.0,2633729,1,1,9974,1102,600007,1,1,6001,43,258.0,2.15,3.59265,2659948.0
cold,0,1,0,0.001,0.1,512,3,5,4,256,6000,8.0,2633729,1,1,9974,1102,600007,1,1,6001,44,264.0,2.2,3.6762,3836522.0
cold,0,1,0,0.001,0.1,512,3,5,4,256,6000,8.0,2633729,1,1,9974,1102,600007,1,1,6001,45,270.0,2.25,3.75975,5532683.5
cold,0,1,0,0.001,0.1,512,3,5,4,256,6000,8.0,2633729,1,1,9974,1102,600007,1,1,6001,46,276.0,2.3,3.8433,7981292.5
cold,0,1,0,0.001,0.1,512,3,5,4,256,6000,8.0,2633729,1,1,9974,1102,600007,1,1,6001,47,282.0,2.35,3.92685,11514045.0
cold,0,1,0,0.001,0.1,512,3,5,4,256,6000,8.0,2633729,1,1,9974,1102,600007,1,1,6001,48,288.0,2.4,4.0104,16611948.0
cold,0,1,0,0.001,0.1,512,3,5,4,256,6000,8.0,2633729,1,1,9974,1102,600007,1,1,6001,49,294.0,2.45,4.09395,23972946.0
cold,0,1,0,0.001,0.1,512,3,5,4,256,6000,8.0,2633729,1,1,9974,1102,600007,1,1,6001,50,300.0,2.5,4.1775,34591620.0
cold,0,1,0,0.001,0.1,512,3,5,4,256,6000,8.0,2633729,1,1,9974,1102,600007,1,1,6001,51,306.0,2.55,4.26105,49934836.0
cold,0,1,0,0.001,0.1,512,3,5,4,256,6000,8.0,2633729,1,1,9974,1102,600007,1,1,6001,52,312.0,2.6,4.3446,72064432.0
cold,0,1,0,0.001,0.1,512,3,5,4,256,6000,8.0,2633729,1,1,9974,1102,600007,1,1,6001,53,318.0,2.65,4.42815,104060760.0
cold,0,1,0,0.001,0.1,512,3,5,4,256,6000,8.0,2633729,1,1,9974,1102,600007,1,1,6001,54,324.0,2.7,4.5117,150195616.0
cold,0,1,0,0.001,0.1,512,3,5,4,256,6000,8.0,2633729,1,1,9974,1102,600007,1,1,6001,55,330.0,2.75,4.59525,216937440.0
cold,0,1,0,0.001,0.1,512,3,5,4,256,6000,8.0,2633729,1,1,9974,1102,600007,1,1,6001,56,336.0,2.8,4.6788,313167392.0
cold,0,1,0,0.001,0.1,512,3,5,4,256,6000,8.0,2633729,1,1,9974,1102,600007,1,1,6001,57,342.0,2.85,4.76235,452422240.0
cold,0,1,0,0.001,0.1,512,3,5,4,256,6000,8.0,2633729,1,1,9974,1102,600007,1,1,6001,58,348.0,2.9,4.8459,653225344.0
cold,0,1,0,0.001,0.1,512,3,5,4,256,6000,8.0,2633729,1,1,9974,1102,600007,1,1,6001,59,354.0,2.95,4.92945,943832960.0
cold,0,1,0,0.001,0.1,512,3,5,4,256,6000,8.0,2633729,1,1,9974,1102,600007,1,1,6001,60,360.0,3.0,5.013,1362966016.0
cold,0,1,0,0.001,0.1,512,3,5,4,256,6000,8.0,2633729,1,1,9974,1102,600007,1,1,6001,61,366.0,3.05,5.09655,1969587968.0
cold,0,1,0,0.001,0.1,512,3,5,4,256,6000,8.0,2633729,1,1,9974,1102,600007,1,1,6001,62,372.0,3.1,5.1801,2844851712.0
cold,0,1,0,0.001,0.1,512,3,5,4,256,6000,8.0,2633729,1,1,9974,1102,600007,1,1,6001,63,378.0,3.15,5.26365,4111091968.0
cold,0,1,0,0.001,0.1,512,3,5,4,256,6000,8.0,2633729,1,1,9974,1102,600007,1,1,6001,64,384.0,3.2,5.3472,5939637760.0
cold,0,1,0,0.001,0.1,512,3,5,4,256,6000,8.0,2633729,1,1,9974,1102,600007,1,1,6001,65,390.0,3.25,5.43075,8583218176.0
cold,0,1,0,0.001,0.1,512,3,5,4,256,6000,8.0,2633729,1,1,9974,1102,600007,1,1,6001,66,396.0,3.3,5.5143,12404459520.0
cold,0,1,0,0.001,0.1,512,3,5,4,256,6000,8.0,2633729,1,1,9974,1102,600007,1,1,6001,67,402.0,3.35,5.59785,17925091328.0
cold,0,1,0,0.001,0.1,512,3,5,4,256,6000,8.0,2633729,1,1,9974,1102,600007,1,1,6001,68,408.0,3.4,5.6814,25912788992.0
cold,0,1,0,0.001,0.1,512,3,5,4,256,6000,8.0,2633729,1,1,9974,1102,600007,1,1,6001,69,414.0,3.45,5.76495,37446746112.0
cold,0,1,0,0.001,0.1,512,3,5,4,256,6000,8.0,2633729,1,1,9974,1102,600007,1,1,6001,70,420.0,3.5,5.8485,54146609152.0
cold,0,1,0,0.001,0.1,512,3,5,4,256,6000,8.0,2633729,1,1,9974,1102,600007,1,1,6001,71,426.0,3.55,5.93205,78253572096.0
cold,0,1,0,0.001,0.1,512,3,5,4,256,6000,8.0,2633729,1,1,9974,1102,600007,1,1,6001,72,432.0,3.6,6.0156,113171472384.0
cold,0,1,0,0.001,0.1,512,3,5,4,256,6000,8.0,2633729,1,1,9974,1102,600007,1,1,6001,73,438.0,3.65,6.09915,163573055488.0
cold,0,1,0,0.001,0.1,512,3,5,4,256,6000,8.0,2633729,1,1,9974,1102,600007,1,1,6001,74,444.0,3.7,6.1827,236588007424.0
cold,0,1,0,0.001,0.1,512,3,5,4,256,6000,8.0,2633729,1,1,9974,1102,600007,1,1,6001,75,450.0,3.75,6.26625,341988704256.0
cold,0,1,0,0.001,0.1,512,3,5,4,256,6000,8.0,2633729,1,1,9974,1102,600007,1,1,6001,76,456.0,3.8,6.3498,494690041856.0
cold,0,1,0,0.001,0.1,512,3,5,4,256,6000,8.0,2633729,1,1,9974,1102,600007,1,1,6001,77,462.0,3.85,6.43335,715155570688.0
cold,0,1,0,0.001,0.1,512,3,5,4,256,6000,8.0,2633729,1,1,9974,1102,600007,1,1,6001,78,468.0,3.9,6.5169,1034514333696.0
cold,0,1,0,0.001,0.1,512,3,5,4,256,6000,8.0,2633729,1,1,9974,1102,600007,1,1,6001,79,474.0,3.95,6.60045,1495800610816.0
cold,0,1,0,0.001,0.1,512,3,5,4,256,6000,8.0,2633729,1,1,9974,1102,600007,1,1,6001,80,480.0,4.0,6.684,2163750600704.0
cold,0,1,0,0.001,0.1,512,3,5,4,256,6000,8.0,2633729,1,1,9974,1102,600007,1,1,6001,81,486.0,4.05,6.76755,3129225510912.0
cold,0,1,0,0.001,0.1,512,3,5,4,256,6000,8.0,2633729,1,1,9974,1102,600007,1,1,6001,82,492.0,4.1,6.8511,4526266908672.0
cold,0,1,0,0.001,0.1,512,3,5,4,256,6000,8.0,2633729,1,1,9974,1102,600007,1,1,6001,83,498.0,4.15,6.93465,6547329515520.0
cold,0,1,0,0.001,0.1,512,3,5,4,256,6000,8.0,2633729,1,1,9974,1102,600007,1,1,6001,84,504.0,4.2,7.0182,9469815685120.0
cold,0,1,0,0.001,0.1,512,3,5,4,256,6000,8.0,2633729,1,1,9974,1102,600007,1,1,6001,85,510.0,4.25,7.10175,13701333647360.0
cold,0,1,0,0.001,0.1,512,3,5,4,256,6000,8.0,2633729,1,1,9974,1102,600007,1,1,6001,86,516.0,4.3,7.1853,19816794554368.0
cold,0,1,0,0.001,0.1,512,3,5,4,256,6000,8.0,2633729,1,1,9974,1102,600007,1,1,6001,87,522.0,4.35,7.26885,28677423235072.0
cold,0,1,0,0.001,0.1,512,3,5,4,256,6000,8.0,2633729,1,1,9974,1102,600007,1,1,6001,88,528.0,4.4,7.3524,41478113984512.0
cold,0,1,0,0.001,0.1,512,3,5,4,256,6000,8.0,2633729,1,1,9974,1102,600007,1,1,6001,89,534.0,4.45,7.43595,60033576468480.0
cold,0,1,0,0.001,0.1,512,3,5,4,256,6000,8.0,2633729,1,1,9974,1102,600007,1,1,6001,90,540.0,4.5,7.5195,86833736187904.0
cold,0,1,0,0.001,0.1,512,3,5,4,256,6000,8.0,2633729,1,1,9974,1102,600007,1,1,6001,91,546.0,4.55,7.60305,125693551706112.0
cold,0,1,0,0.001,0.1,512,3,5,4,256,6000,8.0,2633729,1,1,9974,1102,600007,1,1,6001,92,552.0,4.6,7.6866,181822474420224.0
cold,0,1,0,0.001,0.1,512,3,5,4,256,6000,8.0,2633729,1,1,9974,1102,600007,1,1,6001,93,558.0,4.65,7.77015,263206182322176.0
cold,0,1,0,0.001,0.1,512,3,5,4,256,6000,8.0,2633729,1,1,9974,1102,600007,1,1,6001,94,564.0,4.7,7.8537,380784217161728.0
cold,0,1,0,0.001,0.1,512,3,5,4,256,6000,8.0,2633729,1,1,9974,1102,600007,1,1,6001,95,570.0,4.75,7.93725,551214357938176.0
cold,0,1,0,0.001,0.1,512,3,5,4,256,6000,8.0,2633729,1,1,9974,1102,600007,1,1,6001,96,576.0,4.8,8.0208,797562743291904.0
cold,0,1,0,0.001,0.1,512,3,5,4,256,6000,8.0,2633729,1,1,9974,1102,600007,1,1,6001,97,582.0,4.85,8.10435,1154450433507328.0
cold,0,1,0,0.001,0.1,512,3,5,4,256,6000,8.0,2633729,1,1,9974,1102,600007,1,1,6001,98,588.0,4.9,8.1879,1670703220785152.0
cold,0,1,0,0.001,0.1,512,3,5,4,256,6000,8.0,2633729,1,1,9974,1102,600007,1,1,6001,99,594.0,4.95,8.27145,2418078130372608.0
cold,0,1,0,0.001,0.1,512,3,5,4,256,6000,8.0,2633729,1,1,9974,1102,600007,1,1,6001,100,600.0,5.0,8.355,3500053406679040.0
cold,0,1,0,0.001,0.1,512,3,5,4,256,6000,8.0,2633729,1,1,9974,1102,600007,1,1,6001,101,606.0,5.05,8.43855,5065312630210560.0
cold,0,1,0,0.001,0.1,512,3,5,4,256,6000,8.0,2633729,1,1,9974,1102,600007,1,1,6001,102,612.0,5.1,8.5221,7333226624319488.0
cold,0,1,0,0.001,0.1,512,3,5,4,256,6000,8.0,2633729,1,1,9974,1102,600007,1,1,6001,103,618.0,5.15,8.60565,1.0612287589056512e+16
cold,0,1,0,0.001,0.1,512,3,5,4,256,6000,8.0,2633729,1,1,9974,1102,600007,1,1,6001,104,624.0,5.2,8.6892,1.5366392257708032e+16
cold,0,1,0,0.001,0.1,512,3,5,4,256,6000,8.0,2633729,1,1,9974,1102,600007,1,1,6001,105,630.0,5.25,8.77275,2.2237607639384064e+16
cold,0,1,0,0.001,0.1,512,3,5,4,256,6000,8.0,2633729,1,1,9974,1102,600007,1,1,6001,106,636.0,5.3,8.8563,3.220336413769728e+16
cold,0,1,0,0.001,0.1,512,3,5,4,256,6000,8.0,2633729,1,1,9974,1102,600007,1,1,6001,107,642.0,5.35,8.93985,4.660427781203558e+16
cold,0,1,0,0.001,0.1,512,3,5,4,256,6000,8.0,2633729,1,1,9974,1102,600007,1,1,6001,108,648.0,5.4,9.0234,6.749619274068787e+16
cold,0,1,0,0.001,0.1,512,3,5,4,256,6000,8.0,2633729,1,1,9974,1102,600007,1,1,6001,109,654.0,5.45,9.10695,9.768619646910464e+16
cold,0,1,0,0.001,0.1,512,3,5,4,256,6000,8.0,2633729,1,1,9974,1102,600007,1,1,6001,110,660.0,5.5,9.1905,1.4148039743845171e+17
cold,0,1,0,0.001,0.1,512,3,5,4,256,6000,8.0,2633729,1,1,9974,1102,600007,1,1,6001,111,666.0,5.55,9.27405,2.047847794076549e+17
cold,0,1,0,0.001,0.1,512,3,5,4,256,6000,8.0,2633729,1,1,9974,1102,600007,1,1,6001,112,672.0,5.6,9.3576,inf
cold,0,1,0,0.001,0.1,512,3,5,4,256,6000,8.0,2633729,1,1,9974,1102,600007,1,1,6001,113,678.0,5.65,9.44115,inf
cold,0,1,0,0.001,0.1,512,3,5,4,256,6000,8.0,2633729,1,1,9974,1102,600007,1,1,6001,114,684.0,5.7,9.5247,inf
cold,0,1,0,0.001,0.1,512,3,5,4,256,6000,8.0,2633729,1,1,9974,1102,600007,1,1,6001,115,690.0,5.75,9.60825,inf
cold,0,1,0,0.001,0.1,512,3,5,4,256,6000,8.0,2633729,1,1,9974,1102,600007,1,1,6001,116,696.0,5.8,9.6918,inf
cold,0,1,0,0.001,0.1,512,3,5,4,256,6000,8.0,2633729,1,1,9974,1102,600007,1,1,6001,117,702.0,5.85,9.77535,inf
cold,0,1,0,0.001,0.1,512,3,5,4,256,6000,8.0,2633729,1,1,9974,1102,600007,1,1,6001,118,708.0,5.9,9.8589,inf
cold,0,1,0,0.001,0.1,512,3,5,4,256,6000,8.0,2633729,1,1,9974,1102,600007,1,1,6001,119,714.0,5.95,9.94245,inf
cold,0,1,0,0.001,0.1,512,3,5,4,256,6000,8.0,2633729,1,1,9974,1102,600007,1,1,6001,120,720.0,6.0,10.026,inf
cold,0,1,0,0.001,0.1,512,3,5,4,256,6000,8.0,2633729,1,1,9974,1102,600007,1,12,6012,1,6.0,0.05,0.08355,0.14845741
cold,0,1,0,0.001,0.1,512,3,5,4,256,6000,8.0,2633729,1,1,9974,1102,600007,1,12,6012,2,12.0,0.1,0.1671,0.26526627
cold,0,1,0,0.001,0.1,512,3,5,4,256,6000,8.0,2633729,1,1,9974,1102,600007,1,12,6012,3,18.0,0.15,0.25065,0.37829077
cold,0,1,0,0.001,0.1,512,3,5,4,256,6000,8.0,2633729,1,1,9974,1102,600007,1,12,6012,4,24.0,0.2,0.3342,0.4772734
cold,0,1,0,0.001,0.1,512,3,5,4,256,6000,8.0,2633729,1,1,9974,1102,600007,1,12,6012,5,30.0,0.25,0.41775,0.55725354
cold,0,1,0,0.001,0.1,512,3,5,4,256,6000,8.0,2633729,1,1,9974,1102,600007,1,12,6012,6,36.0,0.3,0.5013,0.62079823
cold,0,1,0,0.001,0.1,512,3,5,4,256,6000,8.0,2633729,1,1,9974,1102,600007,1,12,6012,7,42.0,0.35,0.58485,0.6710524
cold,0,1,0,0.001,0.1,512,3,5,4,256,6000,8.0,2633729,1,1,9974,1102,600007,1,12,6012,8,48.0,0.4,0.6684,0.71046281
cold,0,1,0,0.001,0.1,512,3,5,4,256,6000,8.0,2633729,1,1,9974,1102,600007,1,12,6012,9,54.0,0.45,0.75195,0.74094099
cold,0,1,0,0.001,0.1,512,3,5,4,256,6000,8.0,2633729,1,1,9974,1102,600007,1,12,6012,10,60.0,0.5,0.8355,0.76444888
cold,0,1,0,0.001,0.1,512,3,5,4,256,6000,8.0,2633729,1,1,9974,1102,600007,1,12,6012,11,66.0,0.55,0.91905,0.78307664
cold,0,1,0,0.001,0.1,512,3,5,4,256,6000,8.0,2633729,1,1,9974,1102,600007,1,12,6012,12,72.0,0.6,1.0026,0.79888743
cold,0,1,0,0.001,0.1,512,3,5,4,256,6000,8.0,2633729,1,1,9974,1102,600007,1,12,6012,13,78.0,0.65,1.08615,0.81390005
cold,0,1,0,0.001,0.1,512,3,5,4,256,6000,8.0,2633729,1,1,9974,1102,600007,1,12,6012,14,84.0,0.7,1.1697,0.82985246
cold,0,1,0,0.001,0.1,512,3,5,4,256,6000,8.0,2633729,1,1,9974,1102,600007,1,12,6012,15,90.0,0.75,1.25325,0.84743035
cold,0,1,0,0.001,0.1,512,3,5,4,256,6000,8.0,2633729,1,1,9974,1102,600007,1,12,6012,16,96.0,0.8,1.3368,0.86572409
cold,0,1,0,0.001,0.1,512,3,5,4,256,6000,8.0,2633729,1,1,9974,1102,600007,1,12,6012,17,102.0,0.85,1.42035,0.88295817
cold,0,1,0,0.001,0.1,512,3,5,4,256,6000,8.0,2633729,1,1,9974,1102,600007,1,12,6012,18,108.0,0.9,1.5039,0.89820427
cold,0,1,0,0.001,0.1,512,3,5,4,256,6000,8.0,2633729,1,1,9974,1102,600007,1,12,6012,19,114.0,0.95,1.58745,0.91204113
cold,0,1,0,0.001,0.1,512,3,5,4,256,6000,8.0,2633729,1,1,9974,1102,600007,1,12,6012,20,120.0,1.0,1.671,0.92553616
cold,0,1,0,0.001,0.1,512,3,5,4,256,6000,8.0,2633729,1,1,9974,1102,600007,1,12,6012,21,126.0,1.05,1.75455,0.93898445
cold,0,1,0,0.001,0.1,512,3,5,4,256,6000,8.0,2633729,1,1,9974,1102,600007,1,12,6012,22,132.0,1.1,1.8381,0.95159781
cold,0,1,0,0.001,0.1,512,3,5,4,256,6000,8.0,2633729,1,1,9974,1102,600007,1,12,6012,23,138.0,1.15,1.92165,0.96151423
cold,0,1,0,0.001,0.1,512,3,5,4,256,6000,8.0,2633729,1,1,9974,1102,600007,1,12,6012,24,144.0,1.2,2.0052,0.96737933
cold,0,1,0,0.001,0.1,512,3,5,4,256,6000,8.0,2633729,1,1,9974,1102,600007,1,12,6012,25,150.0,1.25,2.08875,0.97039479
cold,0,1,0,0.001,0.1,512,3,5,4,256,6000,8.0,2633729,1,1,9974,1102,600007,1,12,6012,26,156.0,1.3,2.1723,0.97316283
cold,0,1,0,0.001,0.1,512,3,5,4,256,6000,8.0,2633729,1,1,9974,1102,600007,1,12,6012,27,162.0,1.35,2.25585,0.97716802
cold,0,1,0,0.001,0.1,512,3,5,4,256,6000,8.0,2633729,1,1,9974,1102,600007,1,12,6012,28,168.0,1.4,2.3394,0.98217356
cold,0,1,0,0.001,0.1,512,3,5,4,256,6000,8.0,2633729,1,1,9974,1102,600007,1,12,6012,29,174.0,1.45,2.42295,0.98723227
cold,0,1,0,0.001,0.1,512,3,5,4,256,6000,8.0,2633729,1,1,9974,1102,600007,1,12,6012,30,180.0,1.5,2.5065,0.99222308
cold,0,1,0,0.001,0.1,512,3,5,4,256,6000,8.0,2633729,1,1,9974,1102,600007,1,12,6012,31,186.0,1.55,2.59005,0.99829876
cold,0,1,0,0.001,0.1,512,3,5,4,256,6000,8.0,2633729,1,1,9974,1102,600007,1,12,6012,32,192.0,1.6,2.6736,1.00649238
cold,0,1,0,0.001,0.1,512,3,5,4,256,6000,8.0,2633729,1,1,9974,1102,600007,1,12,6012,33,198.0,1.65,2.75715,1.01656604
cold,0,1,0,0.001,0.1,512,3,5,4,256,6000,8.0,2633729,1,1,9974,1102,600007,1,12,6012,34,204.0,1.7,2.8407,1.02677751
cold,0,1,0,0.001,0.1,512,3,5,4,256,6000,8.0,2633729,1,1,9974,1102,600007,1,12,6012,35,210.0,1.75,2.92425,1.03396213
cold,0,1,0,0.001,0.1,512,3,5,4,256,6000,8.0,2633729,1,1,9974,1102,600007,1,12,6012,36,216.0,1.8,3.0078,1.03569818
cold,0,1,0,0.001,0.1,512,3,5,4,256,6000,8.0,2633729,1,1,9974,1102,600007,1,12,6012,37,222.0,1.85,3.09135,1.03332174
cold,0,1,0,0.001,0.1,512,3,5,4,256,6000,8.0,2633729,1,1,9974,1102,600007,1,12,6012,38,228.0,1.9,3.1749,1.03110099
cold,0,1,0,0.001,0.1,512,3,5,4,256,6000,8.0,2633729,1,1,9974,1102,600007,1,12,6012,39,234.0,1.95,3.25845,1.0321362
cold,0,1,0,0.001,0.1,512,3,5,4,256,6000,8.0,2633729,1,1,9974,1102,600007,1,12,6012,40,240.0,2.0,3.342,1.03620327
cold,0,1,0,0.001,0.1,512,3,5,4,256,6000,8.0,2633729,1,1,9974,1102,600007,1,12,6012,41,246.0,2.05,3.42555,1.04065526
cold,0,1,0,0.001,0.1,512,3,5,4,256,6000,8.0,2633729,1,1,9974,1102,600007,1,12,6012,42,252.0,2.1,3.5091,1.0426091
cold,0,1,0,0.001,0.1,512,3,5,4,256,6000,8.0,2633729,1,1,9974,1102,600007,1,12,6012,43,258.0,2.15,3.59265,1.04169011
cold,0,1,0,0.001,0.1,512,3,5,4,256,6000,8.0,2633729,1,1,9974,1102,600007,1,12,6012,44,264.0,2.2,3.6762,1.04041982
cold,0,1,0,0.001,0.1,512,3,5,4,256,6000,8.0,2633729,1,1,9974,1102,600007,1,12,6012,45,270.0,2.25,3.75975,1.04139483
cold,0,1,0,0.001,0.1,512,3,5,4,256,6000,8.0,2633729,1,1,9974,1102,600007,1,12,6012,46,276.0,2.3,3.8433,1.04479647
cold,0,1,0,0.001,0.1,512,3,5,4,256,6000,8.0,2633729,1,1,9974,1102,600007,1,12,6012,47,282.0,2.35,3.92685,1.04866087
cold,0,1,0,0.001,0.1,512,3,5,4,256,6000,8.0,2633729,1,1,9974,1102,600007,1,12,6012,48,288.0,2.4,4.0104,1.05050027
cold,0,1,0,0.001,0.1,512,3,5,4,256,6000,8.0,2633729,1,1,9974,1102,600007,1,12,6012,49,294.0,2.45,4.09395,1.04909062
cold,0,1,0,0.001,0.1,512,3,5,4,256,6000,8.0,2633729,1,1,9974,1102,600007,1,12,6012,50,300.0,2.5,4.1775,1.04594302
cold,0,1,0,0.001,0.1,512,3,5,4,256,6000,8.0,2633729,1,1,9974,1102,600007,1,12,6012,51,306.0,2.55,4.26105,1.0441283
cold,0,1,0,0.001,0.1,512,3,5,4,256,6000,8.0,2633729,1,1,9974,1102,600007,1,12,6012,52,312.0,2.6,4.3446,1.04533315
cold,0,1,0,0.001,0.1,512,3,5,4,256,6000,8.0,2633729,1,1,9974,1102,600007,1,12,6012,53,318.0,2.65,4.42815,1.04840374
cold,0,1,0,0.001,0.1,512,3,5,4,256,6000,8.0,2633729,1,1,9974,1102,600007,1,12,6012,54,324.0,2.7,4.5117,1.05084836
cold,0,1,0,0.001,0.1,512,3,5,4,256,6000,8.0,2633729,1,1,9974,1102,600007,1,12,6012,55,330.0,2.75,4.59525,1.05116868
cold,0,1,0,0.001,0.1,512,3,5,4,256,6000,8.0,2633729,1,1,9974,1102,600007,1,12,6012,56,336.0,2.8,4.6788,1.05023944
cold,0,1,0,0.001,0.1,512,3,5,4,256,6000,8.0,2633729,1,1,9974,1102,600007,1,12,6012,57,342.0,2.85,4.76235,1.05067956
cold,0,1,0,0.001,0.1,512,3,5,4,256,6000,8.0,2633729,1,1,9974,1102,600007,1,12,6012,58,348.0,2.9,4.8459,1.05409765
cold,0,1,0,0.001,0.1,512,3,5,4,256,6000,8.0,2633729,1,1,9974,1102,600007,1,12,6012,59,354.0,2.95,4.92945,1.05966532
cold,0,1,0,0.001,0.1,512,3,5,4,256,6000,8.0,2633729,1,1,9974,1102,600007,1,12,6012,60,360.0,3.0,5.013,1.0654341
cold,0,1,0,0.001,0.1,512,3,5,4,256,6000,8.0,2633729,1,1,9974,1102,600007,1,12,6012,61,366.0,3.05,5.09655,1.06935012
cold,0,1,0,0.001,0.1,512,3,5,4,256,6000,8.0,2633729,1,1,9974,1102,600007,1,12,6012,62,372.0,3.1,5.1801,1.07019532
cold,0,1,0,0.001,0.1,512,3,5,4,256,6000,8.0,2633729,1,1,9974,1102,600007,1,12,6012,63,378.0,3.15,5.26365,1.06854045
cold,0,1,0,0.001,0.1,512,3,5,4,256,6000,8.0,2633729,1,1,9974,1102,600007,1,12,6012,64,384.0,3.2,5.3472,1.06639338
cold,0,1,0,0.001,0.1,512,3,5,4,256,6000,8.0,2633729,1,1,9974,1102,600007,1,12,6012,65,390.0,3.25,5.43075,1.06570411
cold,0,1,0,0.001,0.1,512,3,5,4,256,6000,8.0,2633729,1,1,9974,1102,600007,1,12,6012,66,396.0,3.3,5.5143,1.06689382
cold,0,1,0,0.001,0.1,512,3,5,4,256,6000,8.0,2633729,1,1,9974,1102,600007,1,12,6012,67,402.0,3.35,5.59785,1.06870532
cold,0,1,0,0.001,0.1,512,3,5,4,256,6000,8.0,2633729,1,1,9974,1102,600007,1,12,6012,68,408.0,3.4,5.6814,1.06922376
cold,0,1,0,0.001,0.1,512,3,5,4,256,6000,8.0,2633729,1,1,9974,1102,600007,1,12,6012,69,414.0,3.45,5.76495,1.06764507
cold,0,1,0,0.001,0.1,512,3,5,4,256,6000,8.0,2633729,1,1,9974,1102,600007,1,12,6012,70,420.0,3.5,5.8485,1.06548607
cold,0,1,0,0.001,0.1,512,3,5,4,256,6000,8.0,2633729,1,1,9974,1102,600007,1,12,6012,71,426.0,3.55,5.93205,1.06518257
cold,0,1,0,0.001,0.1,512,3,5,4,256,6000,8.0,2633729,1,1,9974,1102,600007,1,12,6012,72,432.0,3.6,6.0156,1.067258
cold,0,1,0,0.001,0.1,512,3,5,4,256,6000,8.0,2633729,1,1,9974,1102,600007,1,12,6012,73,438.0,3.65,6.09915,1.06961298
cold,0,1,0,0.001,0.1,512,3,5,4,256,6000,8.0,2633729,1,1,9974,1102,600007,1,12,6012,74,444.0,3.7,6.1827,1.06995153
cold,0,1,0,0.001,0.1,512,3,5,4,256,6000,8.0,2633729,1,1,9974,1102,600007,1,12,6012,75,450.0,3.75,6.26625,1.06810129
cold,0,1,0,0.001,0.1,512,3,5,4,256,6000,8.0,2633729,1,1,9974,1102,600007,1,12,6012,76,456.0,3.8,6.3498,1.06586301
cold,0,1,0,0.001,0.1,512,3,5,4,256,6000,8.0,2633729,1,1,9974,1102,600007,1,12,6012,77,462.0,3.85,6.43335,1.06525385
cold,0,1,0,0.001,0.1,512,3,5,4,256,6000,8.0,2633729,1,1,9974,1102,600007,1,12,6012,78,468.0,3.9,6.5169,1.0670799
cold,0,1,0,0.001,0.1,512,3,5,4,256,6000,8.0,2633729,1,1,9974,1102,600007,1,12,6012,79,474.0,3.95,6.60045,1.07071078
cold,0,1,0,0.001,0.1,512,3,5,4,256,6000,8.0,2633729,1,1,9974,1102,600007,1,12,6012,80,480.0,4.0,6.684,1.07410371
cold,0,1,0,0.001,0.1,512,3,5,4,256,6000,8.0,2633729,1,1,9974,1102,600007,1,12,6012,81,486.0,4.05,6.76755,1.07534659
cold,0,1,0,0.001,0.1,512,3,5,4,256,6000,8.0,2633729,1,1,9974,1102,600007,1,12,6012,82,492.0,4.1,6.8511,1.07508564
cold,0,1,0,0.001,0.1,512,3,5,4,256,6000,8.0,2633729,1,1,9974,1102,600007,1,12,6012,83,498.0,4.15,6.93465,1.07555747
cold,0,1,0,0.001,0.1,512,3,5,4,256,6000,8.0,2633729,1,1,9974,1102,600007,1,12,6012,84,504.0,4.2,7.0182,1.07807004
cold,0,1,0,0.001,0.1,512,3,5,4,256,6000,8.0,2633729,1,1,9974,1102,600007,1,12,6012,85,510.0,4.25,7.10175,1.08273315
cold,0,1,0,0.001,0.1,512,3,5,4,256,6000,8.0,2633729,1,1,9974,1102,600007,1,12,6012,86,516.0,4.3,7.1853,1.08820033
cold,0,1,0,0.001,0.1,512,3,5,4,256,6000,8.0,2633729,1,1,9974,1102,600007,1,12,6012,87,522.0,4.35,7.26885,1.0916276
cold,0,1,0,0.001,0.1,512,3,5,4,256,6000,8.0,2633729,1,1,9974,1102,600007,1,12,6012,88,528.0,4.4,7.3524,1.09098434
cold,0,1,0,0.001,0.1,512,3,5,4,256,6000,8.0,2633729,1,1,9974,1102,600007,1,12,6012,89,534.0,4.45,7.43595,1.08724105
cold,0,1,0,0.001,0.1,512,3,5,4,256,6000,8.0,2633729,1,1,9974,1102,600007,1,12,6012,90,540.0,4.5,7.5195,1.08361769
cold,0,1,0,0.001,0.1,512,3,5,4,256,6000,8.0,2633729,1,1,9974,1102,600007,1,12,6012,91,546.0,4.55,7.60305,1.08233464
cold,0,1,0,0.001,0.1,512,3,5,4,256,6000,8.0,2633729,1,1,9974,1102,600007,1,12,6012,92,552.0,4.6,7.6866,1.08278418
cold,0,1,0,0.001,0.1,512,3,5,4,256,6000,8.0,2633729,1,1,9974,1102,600007,1,12,6012,93,558.0,4.65,7.77015,1.08297408
cold,0,1,0,0.001,0.1,512,3,5,4,256,6000,8.0,2633729,1,1,9974,1102,600007,1,12,6012,94,564.0,4.7,7.8537,1.08156157
cold,0,1,0,0.001,0.1,512,3,5,4,256,6000,8.0,2633729,1,1,9974,1102,600007,1,12,6012,95,570.0,4.75,7.93725,1.07856238
cold,0,1,0,0.001,0.1,512,3,5,4,256,6000,8.0,2633729,1,1,9974,1102,600007,1,12,6012,96,576.0,4.8,8.0208,1.07501698
cold,0,1,0,0.001,0.1,512,3,5,4,256,6000,8.0,2633729,1,1,9974,1102,600007,1,12,6012,97,582.0,4.85,8.10435,1.07220483
cold,0,1,0,0.001,0.1,512,3,5,4,256,6000,8.0,2633729,1,1,9974,1102,600007,1,12,6012,98,588.0,4.9,8.1879,1.07087934
cold,0,1,0,0.001,0.1,512,3,5,4,256,6000,8.0,2633729,1,1,9974,1102,600007,1,12,6012,99,594.0,4.95,8.27145,1.07084155
cold,0,1,0,0.001,0.1,512,3,5,4,256,6000,8.0,2633729,1,1,9974,1102,600007,1,12,6012,100,600.0,5.0,8.355,1.07161558
cold,0,1,0,0.001,0.1,512,3,5,4,256,6000,8.0,2633729,1,1,9974,1102,600007,1,12,6012,101,606.0,5.05,8.43855,1.07338631
cold,0,1,0,0.001,0.1,512,3,5,4,256,6000,8.0,2633729,1,1,9974,1102,600007,1,12,6012,102,612.0,5.1,8.5221,1.07708299
cold,0,1,0,0.001,0.1,512,3,5,4,256,6000,8.0,2633729,1,1,9974,1102,600007,1,12,6012,103,618.0,5.15,8.60565,1.08334196
cold,0,1,0,0.001,0.1,512,3,5,4,256,6000,8.0,2633729,1,1,9974,1102,600007,1,12,6012,104,624.0,5.2,8.6892,1.09132588
cold,0,1,0,0.001,0.1,512,3,5,4,256,6000,8.0,2633729,1,1,9974,1102,600007,1,12,6012,105,630.0,5.25,8.77275,1.09866023
cold,0,1,0,0.001,0.1,512,3,5,4,256,6000,8.0,2633729,1,1,9974,1102,600007,1,12,6012,106,636.0,5.3,8.8563,1.10313857
cold,0,1,0,0.001,0.1,512,3,5,4,256,6000,8.0,2633729,1,1,9974,1102,600007,1,12,6012,107,642.0,5.35,8.93985,1.10458004
cold,0,1,0,0.001,0.1,512,3,5,4,256,6000,8.0,2633729,1,1,9974,1102,600007,1,12,6012,108,648.0,5.4,9.0234,1.10461164
cold,0,1,0,0.001,0.1,512,3,5,4,256,6000,8.0,2633729,1,1,9974,1102,600007,1,12,6012,109,654.0,5.45,9.10695,1.10508883
cold,0,1,0,0.001,0.1,512,3,5,4,256,6000,8.0,2633729,1,1,9974,1102,600007,1,12,6012,110,660.0,5.5,9.1905,1.1066345
cold,0,1,0,0.001,0.1,512,3,5,4,256,6000,8.0,2633729,1,1,9974,1102,600007,1,12,6012,111,666.0,5.55,9.27405,1.10884261
cold,0,1,0,0.001,0.1,512,3,5,4,256,6000,8.0,2633729,1,1,9974,1102,600007,1,12,6012,112,672.0,5.6,9.3576,1.11092627
cold,0,1,0,0.001,0.1,512,3,5,4,256,6000,8.0,2633729,1,1,9974,1102,600007,1,12,6012,113,678.0,5.65,9.44115,1.11168063
cold,0,1,0,0.001,0.1,512,3,5,4,256,6000,8.0,2633729,1,1,9974,1102,600007,1,12,6012,114,684.0,5.7,9.5247,1.11035132
cold,0,1,0,0.001,0.1,512,3,5,4,256,6000,8.0,2633729,1,1,9974,1102,600007,1,12,6012,115,690.0,5.75,9.60825,1.10790312
cold,0,1,0,0.001,0.1,512,3,5,4,256,6000,8.0,2633729,1,1,9974,1102,600007,1,12,6012,116,696.0,5.8,9.6918,1.10593963
cold,0,1,0,0.001,0.1,512,3,5,4,256,6000,8.0,2633729,1,1,9974,1102,600007,1,12,6012,117,702.0,5.85,9.77535,1.10493577
cold,0,1,0,0.001,0.1,512,3,5,4,256,6000,8.0,2633729,1,1,9974,1102,600007,1,12,6012,118,708.0,5.9,9.8589,1.10455596
cold,0,1,0,0.001,0.1,512,3,5,4,256,6000,8.0,2633729,1,1,9974,1102,600007,1,12,6012,119,714.0,5.95,9.94245,1.10460579
cold,0,1,0,0.001,0.1,512,3,5,4,256,6000,8.0,2633729,1,1,9974,1102,600007,1,12,6012,120,720.0,6.0,10.026,1.1048764
cold,0,1,0,0.001,0.1,512,3,5,4,256,6000,8.0,2633729,1,1,9974,1102,600007,1,54,6054,1,6.0,0.05,0.08355,0.09674582
cold,0,1,0,0.001,0.1,512,3,5,4,256,6000,8.0,2633729,1,1,9974,1102,600007,1,54,6054,2,12.0,0.1,0.1671,0.14649008
cold,0,1,0,0.001,0.1,512,3,5,4,256,6000,8.0,2633729,1,1,9974,1102,600007,1,54,6054,3,18.0,0.15,0.25065,0.2009459
cold,0,1,0,0.001,0.1,512,3,5,4,256,6000,8.0,2633729,1,1,9974,1102,600007,1,54,6054,4,24.0,0.2,0.3342,0.25210074
cold,0,1,0,0.001,0.1,512,3,5,4,256,6000,8.0,2633729,1,1,9974,1102,600007,1,54,6054,5,30.0,0.25,0.41775,0.29765284
cold,0,1,0,0.001,0.1,512,3,5,4,256,6000,8.0,2633729,1,1,9974,1102,600007,1,54,6054,6,36.0,0.3,0.5013,0.33908996
cold,0,1,0,0.001,0.1,512,3,5,4,256,6000,8.0,2633729,1,1,9974,1102,600007,1,54,6054,7,42.0,0.35,0.58485,0.37878585
cold,0,1,0,0.001,0.1,512,3,5,4,256,6000,8.0,2633729,1,1,9974,1102,600007,1,54,6054,8,48.0,0.4,0.6684,0.41647273
cold,0,1,0,0.001,0.1,512,3,5,4,256,6000,8.0,2633729,1,1,9974,1102,600007,1,54,6054,9,54.0,0.45,0.75195,0.45046228
cold,0,1,0,0.001,0.1,512,3,5,4,256,6000,8.0,2633729,1,1,9974,1102,600007,1,54,6054,10,60.0,0.5,0.8355,0.48023188
cold,0,1,0,0.001,0.1,512,3,5,4,256,6000,8.0,2633729,1,1,9974,1102,600007,1,54,6054,11,66.0,0.55,0.91905,0.50670314
cold,0,1,0,0.001,0.1,512,3,5,4,256,6000,8.0,2633729,1,1,9974,1102,600007,1,54,6054,12,72.0,0.6,1.0026,0.53054255
cold,0,1,0,0.001,0.1,512,3,5,4,256,6000,8.0,2633729,1,1,9974,1102,600007,1,54,6054,13,78.0,0.65,1.08615,0.55123258
cold,0,1,0,0.001,0.1,512,3,5,4,256,6000,8.0,2633729,1,1,9974,1102,600007,1,54,6054,14,84.0,0.7,1.1697,0.5688023
cold,0,1,0,0.001,0.1,512,3,5,4,256,6000,8.0,2633729,1,1,9974,1102,600007,1,54,6054,15,90.0,0.75,1.25325,0.58454752
cold,0,1,0,0.001,0.1,512,3,5,4,256,6000,8.0,2633729,1,1,9974,1102,600007,1,54,6054,16,96.0,0.8,1.3368,0.5996781
cold,0,1,0,0.001,0.1,512,3,5,4,256,6000,8.0,2633729,1,1,9974,1102,600007,1,54,6054,17,102.0,0.85,1.42035,0.61455226
cold,0,1,0,0.001,0.1,512,3,5,4,256,6000,8.0,2633729,1,1,9974,1102,600007,1,54,6054,18,108.0,0.9,1.5039,0.62880588
cold,0,1,0,0.001,0.1,512,3,5,4,256,6000,8.0,2633729,1,1,9974,1102,600007,1,54,6054,19,114.0,0.95,1.58745,0.64200652
cold,0,1,0,0.001,0.1,512,3,5,4,256,6000,8.0,2633729,1,1,9974,1102,600007,1,54,6054,20,120.0,1.0,1.671,0.65407944
cold,0,1,0,0.001,0.1,512,3,5,4,256,6000,8.0,2633729,1,1,9974,1102,600007,1,54,6054,21,126.0,1.05,1.75455,0.66485584
cold,0,1,0,0.001,0.1,512,3,5,4,256,6000,8.0,2633729,1,1,9974,1102,600007,1,54,6054,22,132.0,1.1,1.8381,0.67409319
cold,0,1,0,0.001,0.1,512,3,5,4,256,6000,8.0,2633729,1,1,9974,1102,600007,1,54,6054,23,138.0,1.15,1.92165,0.68230832
cold,0,1,0,0.001,0.1,512,3,5,4,256,6000,8.0,2633729,1,1,9974,1102,600007,1,54,6054,24,144.0,1.2,2.0052,0.69026846
cold,0,1,0,0.001,0.1,512,3,5,4,256,6000,8.0,2633729,1,1,9974,1102,600007,1,54,6054,25,150.0,1.25,2.08875,0.69827074
cold,0,1,0,0.001,0.1,512,3,5,4,256,6000,8.0,2633729,1,1,9974,1102,600007,1,54,6054,26,156.0,1.3,2.1723,0.70605075
cold,0,1,0,0.001,0.1,512,3,5,4,256,6000,8.0,2633729,1,1,9974,1102,600007,1,54,6054,27,162.0,1.35,2.25585,0.7125445
cold,0,1,0,0.001,0.1,512,3,5,4,256,6000,8.0,2633729,1,1,9974,1102,600007,1,54,6054,28,168.0,1.4,2.3394,0.71648079
cold,0,1,0,0.001,0.1,512,3,5,4,256,6000,8.0,2633729,1,1,9974,1102,600007,1,54,6054,29,174.0,1.45,2.42295,0.71850067
cold,0,1,0,0.001,0.1,512,3,5,4,256,6000,8.0,2633729,1,1,9974,1102,600007,1,54,6054,30,180.0,1.5,2.5065,0.72156072
cold,0,1,0,0.001,0.1,512,3,5,4,256,6000,8.0,2633729,1,1,9974,1102,600007,1,54,6054,31,186.0,1.55,2.59005,0.7277112
cold,0,1,0,0.001,0.1,512,3,5,4,256,6000,8.0,2633729,1,1,9974,1102,600007,1,54,6054,32,192.0,1.6,2.6736,0.73634493
cold,0,1,0,0.001,0.1,512,3,5,4,256,6000,8.0,2633729,1,1,9974,1102,600007,1,54,6054,33,198.0,1.65,2.75715,0.74587774
cold,0,1,0,0.001,0.1,512,3,5,4,256,6000,8.0,2633729,1,1,9974,1102,600007,1,54,6054,34,204.0,1.7,2.8407,0.75571769
cold,0,1,0,0.001,0.1,512,3,5,4,256,6000,8.0,2633729,1,1,9974,1102,600007,1,54,6054,35,210.0,1.75,2.92425,0.7658906
cold,0,1,0,0.001,0.1,512,3,5,4,256,6000,8.0,2633729,1,1,9974,1102,600007,1,54,6054,36,216.0,1.8,3.0078,0.77575713
cold,0,1,0,0.001,0.1,512,3,5,4,256,6000,8.0,2633729,1,1,9974,1102,600007,1,54,6054,37,222.0,1.85,3.09135,0.78405643
cold,0,1,0,0.001,0.1,512,3,5,4,256,6000,8.0,2633729,1,1,9974,1102,600007,1,54,6054,38,228.0,1.9,3.1749,0.7896753
cold,0,1,0,0.001,0.1,512,3,5,4,256,6000,8.0,2633729,1,1,9974,1102,600007,1,54,6054,39,234.0,1.95,3.25845,0.7927711
cold,0,1,0,0.001,0.1,512,3,5,4,256,6000,8.0,2633729,1,1,9974,1102,600007,1,54,6054,40,240.0,2.0,3.342,0.794806
cold,0,1,0,0.001,0.1,512,3,5,4,256,6000,8.0,2633729,1,1,9974,1102,600007,1,54,6054,41,246.0,2.05,3.42555,0.79682398
cold,0,1,0,0.001,0.1,512,3,5,4,256,6000,8.0,2633729,1,1,9974,1102,600007,1,54,6054,42,252.0,2.1,3.5091,0.79878432
cold,0,1,0,0.001,0.1,512,3,5,4,256,6000,8.0,2633729,1,1,9974,1102,600007,1,54,6054,43,258.0,2.15,3.59265,0.80088484
cold,0,1,0,0.001,0.1,512,3,5,4,256,6000,8.0,2633729,1,1,9974,1102,600007,1,54,6054,44,264.0,2.2,3.6762,0.80411232
cold,0,1,0,0.001,0.1,512,3,5,4,256,6000,8.0,2633729,1,1,9974,1102,600007,1,54,6054,45,270.0,2.25,3.75975,0.80887717
cold,0,1,0,0.001,0.1,512,3,5,4,256,6000,8.0,2633729,1,1,9974,1102,600007,1,54,6054,46,276.0,2.3,3.8433,0.81414992
cold,0,1,0,0.001,0.1,512,3,5,4,256,6000,8.0,2633729,1,1,9974,1102,600007,1,54,6054,47,282.0,2.35,3.92685,0.81854922
cold,0,1,0,0.001,0.1,512,3,5,4,256,6000,8.0,2633729,1,1,9974,1102,600007,1,54,6054,48,288.0,2.4,4.0104,0.82171589
cold,0,1,0,0.001,0.1,512,3,5,4,256,6000,8.0,2633729,1,1,9974,1102,600007,1,54,6054,49,294.0,2.45,4.09395,0.82413131
cold,0,1,0,0.001,0.1,512,3,5,4,256,6000,8.0,2633729,1,1,9974,1102,600007,1,54,6054,50,300.0,2.5,4.1775,0.82606244
cold,0,1,0,0.001,0.1,512,3,5,4,256,6000,8.0,2633729,1,1,9974,1102,600007,1,54,6054,51,306.0,2.55,4.26105,0.82757717
cold,0,1,0,0.001,0.1,512,3,5,4,256,6000,8.0,2633729,1,1,9974,1102,600007,1,54,6054,52,312.0,2.6,4.3446,0.82886183
cold,0,1,0,0.001,0.1,512,3,5,4,256,6000,8.0,2633729,1,1,9974,1102,600007,1,54,6054,53,318.0,2.65,4.42815,0.82995719
cold,0,1,0,0.001,0.1,512,3,5,4,256,6000,8.0,2633729,1,1,9974,1102,600007,1,54,6054,54,324.0,2.7,4.5117,0.830791
cold,0,1,0,0.001,0.1,512,3,5,4,256,6000,8.0,2633729,1,1,9974,1102,600007,1,54,6054,55,330.0,2.75,4.59525,0.83137494
cold,0,1,0,0.001,0.1,512,3,5,4,256,6000,8.0,2633729,1,1,9974,1102,600007,1,54,6054,56,336.0,2.8,4.6788,0.83172196
cold,0,1,0,0.001,0.1,512,3,5,4,256,6000,8.0,2633729,1,1,9974,1102,600007,1,54,6054,57,342.0,2.85,4.76235,0.83150709
cold,0,1,0,0.001,0.1,512,3,5,4,256,6000,8.0,2633729,1,1,9974,1102,600007,1,54,6054,58,348.0,2.9,4.8459,0.83029914
cold,0,1,0,0.001,0.1,512,3,5,4,256,6000,8.0,2633729,1,1,9974,1102,600007,1,54,6054,59,354.0,2.95,4.92945,0.82827526
cold,0,1,0,0.001,0.1,512,3,5,4,256,6000,8.0,2633729,1,1,9974,1102,600007,1,54,6054,60,360.0,3.0,5.013,0.82676274
cold,0,1,0,0.001,0.1,512,3,5,4,256,6000,8.0,2633729,1,1,9974,1102,600007,1,54,6054,61,366.0,3.05,5.09655,0.82728332
cold,0,1,0,0.001,0.1,512,3,5,4,256,6000,8.0,2633729,1,1,9974,1102,600007,1,54,6054,62,372.0,3.1,5.1801,0.82964408
cold,0,1,0,0.001,0.1,512,3,5,4,256,6000,8.0,2633729,1,1,9974,1102,600007,1,54,6054,63,378.0,3.15,5.26365,0.8322683
cold,0,1,0,0.001,0.1,512,3,5,4,256,6000,8.0,2633729,1,1,9974,1102,600007,1,54,6054,64,384.0,3.2,5.3472,0.8341409
cold,0,1,0,0.001,0.1,512,3,5,4,256,6000,8.0,2633729,1,1,9974,1102,600007,1,54,6054,65,390.0,3.25,5.43075,0.83544201
cold,0,1,0,0.001,0.1,512,3,5,4,256,6000,8.0,2633729,1,1,9974,1102,600007,1,54,6054,66,396.0,3.3,5.5143,0.83640712
cold,0,1,0,0.001,0.1,512,3,5,4,256,6000,8.0,2633729,1,1,9974,1102,600007,1,54,6054,67,402.0,3.35,5.59785,0.83658975
cold,0,1,0,0.001,0.1,512,3,5,4,256,6000,8.0,2633729,1,1,9974,1102,600007,1,54,6054,68,408.0,3.4,5.6814,0.83564425
cold,0,1,0,0.001,0.1,512,3,5,4,256,6000,8.0,2633729,1,1,9974,1102,600007,1,54,6054,69,414.0,3.45,5.76495,0.83390915
cold,0,1,0,0.001,0.1,512,3,5,4,256,6000,8.0,2633729,1,1,9974,1102,600007,1,54,6054,70,420.0,3.5,5.8485,0.83263218
cold,0,1,0,0.001,0.1,512,3,5,4,256,6000,8.0,2633729,1,1,9974,1102,600007,1,54,6054,71,426.0,3.55,5.93205,0.83340329
cold,0,1,0,0.001,0.1,512,3,5,4,256,6000,8.0,2633729,1,1,9974,1102,600007,1,54,6054,72,432.0,3.6,6.0156,0.83630407
cold,0,1,0,0.001,0.1,512,3,5,4,256,6000,8.0,2633729,1,1,9974,1102,600007,1,54,6054,73,438.0,3.65,6.09915,0.83994174
cold,0,1,0,0.001,0.1,512,3,5,4,256,6000,8.0,2633729,1,1,9974,1102,600007,1,54,6054,74,444.0,3.7,6.1827,0.84346271
cold,0,1,0,0.001,0.1,512,3,5,4,256,6000,8.0,2633729,1,1,9974,1102,600007,1,54,6054,75,450.0,3.75,6.26625,0.8465026
cold,0,1,0,0.001,0.1,512,3,5,4,256,6000,8.0,2633729,1,1,9974,1102,600007,1,54,6054,76,456.0,3.8,6.3498,0.84823751
cold,0,1,0,0.001,0.1,512,3,5,4,256,6000,8.0,2633729,1,1,9974,1102,600007,1,54,6054,77,462.0,3.85,6.43335,0.84800071
cold,0,1,0,0.001,0.1,512,3,5,4,256,6000,8.0,2633729,1,1,9974,1102,600007,1,54,6054,78,468.0,3.9,6.5169,0.84598321
cold,0,1,0,0.001,0.1,512,3,5,4,256,6000,8.0,2633729,1,1,9974,1102,600007,1,54,6054,79,474.0,3.95,6.60045,0.8431865
cold,0,1,0,0.001,0.1,512,3,5,4,256,6000,8.0,2633729,1,1,9974,1102,600007,1,54,6054,80,480.0,4.0,6.684,0.84139454
cold,0,1,0,0.001,0.1,512,3,5,4,256,6000,8.0,2633729,1,1,9974,1102,600007,1,54,6054,81,486.0,4.05,6.76755,0.84209263
cold,0,1,0,0.001,0.1,512,3,5,4,256,6000,8.0,2633729,1,1,9974,1102,600007,1,54,6054,82,492.0,4.1,6.8511,0.84509051
cold,0,1,0,0.001,0.1,512,3,5,4,256,6000,8.0,2633729,1,1,9974,1102,600007,1,54,6054,83,498.0,4.15,6.93465,0.84901571
cold,0,1,0,0.001,0.1,512,3,5,4,256,6000,8.0,2633729,1,1,9974,1102,600007,1,54,6054,84,504.0,4.2,7.0182,0.8524183
cold,0,1,0,0.001,0.1,512,3,5,4,256,6000,8.0,2633729,1,1,9974,1102,600007,1,54,6054,85,510.0,4.25,7.10175,0.8544637
cold,0,1,0,0.001,0.1,512,3,5,4,256,6000,8.0,2633729,1,1,9974,1102,600007,1,54,6054,86,516.0,4.3,7.1853,0.8545835
cold,0,1,0,0.001,0.1,512,3,5,4,256,6000,8.0,2633729,1,1,9974,1102,600007,1,54,6054,87,522.0,4.35,7.26885,0.85241336
cold,0,1,0,0.001,0.1,512,3,5,4,256,6000,8.0,2633729,1,1,9974,1102,600007,1,54,6054,88,528.0,4.4,7.3524,0.84899771
cold,0,1,0,0.001,0.1,512,3,5,4,256,6000,8.0,2633729,1,1,9974,1102,600007,1,54,6054,89,534.0,4.45,7.43595,0.84622335
cold,0,1,0,0.001,0.1,512,3,5,4,256,6000,8.0,2633729,1,1,9974,1102,600007,1,54,6054,90,540.0,4.5,7.5195,0.84518152
cold,0,1,0,0.001,0.1,512,3,5,4,256,6000,8.0,2633729,1,1,9974,1102,600007,1,54,6054,91,546.0,4.55,7.60305,0.84581506
cold,0,1,0,0.001,0.1,512,3,5,4,256,6000,8.0,2633729,1,1,9974,1102,600007,1,54,6054,92,552.0,4.6,7.6866,0.84710395
cold,0,1,0,0.001,0.1,512,3,5,4,256,6000,8.0,2633729,1,1,9974,1102,600007,1,54,6054,93,558.0,4.65,7.77015,0.84800196
cold,0,1,0,0.001,0.1,512,3,5,4,256,6000,8.0,2633729,1,1,9974,1102,600007,1,54,6054,94,564.0,4.7,7.8537,0.84876144
cold,0,1,0,0.001,0.1,512,3,5,4,256,6000,8.0,2633729,1,1,9974,1102,600007,1,54,6054,95,570.0,4.75,7.93725,0.85024971
cold,0,1,0,0.001,0.1,512,3,5,4,256,6000,8.0,2633729,1,1,9974,1102,600007,1,54,6054,96,576.0,4.8,8.0208,0.8523398
cold,0,1,0,0.001,0.1,512,3,5,4,256,6000,8.0,2633729,1,1,9974,1102,600007,1,54,6054,97,582.0,4.85,8.10435,0.85396397
cold,0,1,0,0.001,0.1,512,3,5,4,256,6000,8.0,2633729,1,1,9974,1102,600007,1,54,6054,98,588.0,4.9,8.1879,0.85451412
cold,0,1,0,0.001,0.1,512,3,5,4,256,6000,8.0,2633729,1,1,9974,1102,600007,1,54,6054,99,594.0,4.95,8.27145,0.85471135
cold,0,1,0,0.001,0.1,512,3,5,4,256,6000,8.0,2633729,1,1,9974,1102,600007,1,54,6054,100,600.0,5.0,8.355,0.85586935
cold,0,1,0,0.001,0.1,512,3,5,4,256,6000,8.0,2633729,1,1,9974,1102,600007,1,54,6054,101,606.0,5.05,8.43855,0.85813141
cold,0,1,0,0.001,0.1,512,3,5,4,256,6000,8.0,2633729,1,1,9974,1102,600007,1,54,6054,102,612.0,5.1,8.5221,0.86021507
cold,0,1,0,0.001,0.1,512,3,5,4,256,6000,8.0,2633729,1,1,9974,1102,600007,1,54,6054,103,618.0,5.15,8.60565,0.86093873
cold,0,1,0,0.001,0.1,512,3,5,4,256,6000,8.0,2633729,1,1,9974,1102,600007,1,54,6054,104,624.0,5.2,8.6892,0.86015666
cold,0,1,0,0.001,0.1,512,3,5,4,256,6000,8.0,2633729,1,1,9974,1102,600007,1,54,6054,105,630.0,5.25,8.77275,0.85855925
cold,0,1,0,0.001,0.1,512,3,5,4,256,6000,8.0,2633729,1,1,9974,1102,600007,1,54,6054,106,636.0,5.3,8.8563,0.85683483
cold,0,1,0,0.001,0.1,512,3,5,4,256,6000,8.0,2633729,1,1,9974,1102,600007,1,54,6054,107,642.0,5.35,8.93985,0.85535842
cold,0,1,0,0.001,0.1,512,3,5,4,256,6000,8.0,2633729,1,1,9974,1102,600007,1,54,6054,108,648.0,5.4,9.0234,0.8545745
cold,0,1,0,0.001,0.1,512,3,5,4,256,6000,8.0,2633729,1,1,9974,1102,600007,1,54,6054,109,654.0,5.45,9.10695,0.85477328
cold,0,1,0,0.001,0.1,512,3,5,4,256,6000,8.0,2633729,1,1,9974,1102,600007,1,54,6054,110,660.0,5.5,9.1905,0.85570914
cold,0,1,0,0.001,0.1,512,3,5,4,256,6000,8.0,2633729,1,1,9974,1102,600007,1,54,6054,111,666.0,5.55,9.27405,0.85690469
cold,0,1,0,0.001,0.1,512,3,5,4,256,6000,8.0,2633729,1,1,9974,1102,600007,1,54,6054,112,672.0,5.6,9.3576,0.85841453
cold,0,1,0,0.001,0.1,512,3,5,4,256,6000,8.0,2633729,1,1,9974,1102,600007,1,54,6054,113,678.0,5.65,9.44115,0.86089486
cold,0,1,0,0.001,0.1,512,3,5,4,256,6000,8.0,2633729,1,1,9974,1102,600007,1,54,6054,114,684.0,5.7,9.5247,0.86433858
cold,0,1,0,0.001,0.1,512,3,5,4,256,6000,8.0,2633729,1,1,9974,1102,600007,1,54,6054,115,690.0,5.75,9.60825,0.86752421
cold,0,1,0,0.001,0.1,512,3,5,4,256,6000,8.0,2633729,1,1,9974,1102,600007,1,54,6054,116,696.0,5.8,9.6918,0.86927706
cold,0,1,0,0.001,0.1,512,3,5,4,256,6000,8.0,2633729,1,1,9974,1102,600007,1,54,6054,117,702.0,5.85,9.77535,0.86900246
cold,0,1,0,0.001,0.1,512,3,5,4,256,6000,8.0,2633729,1,1,9974,1102,600007,1,54,6054,118,708.0,5.9,9.8589,0.86666065
cold,0,1,0,0.001,0.1,512,3,5,4,256,6000,8.0,2633729,1,1,9974,1102,600007,1,54,6054,119,714.0,5.95,9.94245,0.86363322
cold,0,1,0,0.001,0.1,512,3,5,4,256,6000,8.0,2633729,1,1,9974,1102,600007,1,54,6054,120,720.0,6.0,10.026,0.86240816
cold,0,1,0,0.001,0.1,512,3,5,4,256,6000,8.0,2633729,1,1,9974,1102,600007,1,234,6234,1,6.0,0.05,0.08355,0.04407971
cold,0,1,0,0.001,0.1,512,3,5,4,256,6000,8.0,2633729,1,1,9974,1102,600007,1,234,6234,2,12.0,0.1,0.1671,0.05198985
cold,0,1,0,0.001,0.1,512,3,5,4,256,6000,8.0,2633729,1,1,9974,1102,600007,1,234,6234,3,18.0,0.15,0.25065,0.0616509
cold,0,1,0,0.001,0.1,512,3,5,4,256,6000,8.0,2633729,1,1,9974,1102,600007,1,234,6234,4,24.0,0.2,0.3342,0.07230951
cold,0,1,0,0.001,0.1,512,3,5,4,256,6000,8.0,2633729,1,1,9974,1102,600007,1,234,6234,5,30.0,0.25,0.41775,0.08361001
cold,0,1,0,0.001,0.1,512,3,5,4,256,6000,8.0,2633729,1,1,9974,1102,600007,1,234,6234,6,36.0,0.3,0.5013,0.09639785
cold,0,1,0,0.001,0.1,512,3,5,4,256,6000,8.0,2633729,1,1,9974,1102,600007,1,234,6234,7,42.0,0.35,0.58485,0.11007102
cold,0,1,0,0.001,0.1,512,3,5,4,256,6000,8.0,2633729,1,1,9974,1102,600007,1,234,6234,8,48.0,0.4,0.6684,0.12448862
cold,0,1,0,0.001,0.1,512,3,5,4,256,6000,8.0,2633729,1,1,9974,1102,600007,1,234,6234,9,54.0,0.45,0.75195,0.13971533
cold,0,1,0,0.001,0.1,512,3,5,4,256,6000,8.0,2633729,1,1,9974,1102,600007,1,234,6234,10,60.0,0.5,0.8355,0.15660705
cold,0,1,0,0.001,0.1,512,3,5,4,256,6000,8.0,2633729,1,1,9974,1102,600007,1,234,6234,11,66.0,0.55,0.91905,0.17530584
cold,0,1,0,0.001,0.1,512,3,5,4,256,6000,8.0,2633729,1,1,9974,1102,600007,1,234,6234,12,72.0,0.6,1.0026,0.19444585
cold,0,1,0,0.001,0.1,512,3,5,4,256,6000,8.0,2633729,1,1,9974,1102,600007,1,234,6234,13,78.0,0.65,1.08615,0.21351746
cold,0,1,0,0.001,0.1,512,3,5,4,256,6000,8.0,2633729,1,1,9974,1102,600007,1,234,6234,14,84.0,0.7,1.1697,0.23441209
cold,0,1,0,0.001,0.1,512,3,5,4,256,6000,8.0,2633729,1,1,9974,1102,600007,1,234,6234,15,90.0,0.75,1.25325,0.25804758
cold,0,1,0,0.001,0.1,512,3,5,4,256,6000,8.0,2633729,1,1,9974,1102,600007,1,234,6234,16,96.0,0.8,1.3368,0.28271741
cold,0,1,0,0.001,0.1,512,3,5,4,256,6000,8.0,2633729,1,1,9974,1102,600007,1,234,6234,17,102.0,0.85,1.42035,0.30644017
cold,0,1,0,0.001,0.1,512,3,5,4,256,6000,8.0,2633729,1,1,9974,1102,600007,1,234,6234,18,108.0,0.9,1.5039,0.32870066
cold,0,1,0,0.001,0.1,512,3,5,4,256,6000,8.0,2633729,1,1,9974,1102,600007,1,234,6234,19,114.0,0.95,1.58745,0.34980521
cold,0,1,0,0.001,0.1,512,3,5,4,256,6000,8.0,2633729,1,1,9974,1102,600007,1,234,6234,20,120.0,1.0,1.671,0.37070334
cold,0,1,0,0.001,0.1,512,3,5,4,256,6000,8.0,2633729,1,1,9974,1102,600007,1,234,6234,21,126.0,1.05,1.75455,0.39240023
cold,0,1,0,0.001,0.1,512,3,5,4,256,6000,8.0,2633729,1,1,9974,1102,600007,1,234,6234,22,132.0,1.1,1.8381,0.41512364
cold,0,1,0,0.001,0.1,512,3,5,4,256,6000,8.0,2633729,1,1,9974,1102,600007,1,234,6234,23,138.0,1.15,1.92165,0.43861592
cold,0,1,0,0.001,0.1,512,3,5,4,256,6000,8.0,2633729,1,1,9974,1102,600007,1,234,6234,24,144.0,1.2,2.0052,0.4622688
cold,0,1,0,0.001,0.1,512,3,5,4,256,6000,8.0,2633729,1,1,9974,1102,600007,1,234,6234,25,150.0,1.25,2.08875,0.4844268
cold,0,1,0,0.001,0.1,512,3,5,4,256,6000,8.0,2633729,1,1,9974,1102,600007,1,234,6234,26,156.0,1.3,2.1723,0.50449181
cold,0,1,0,0.001,0.1,512,3,5,4,256,6000,8.0,2633729,1,1,9974,1102,600007,1,234,6234,27,162.0,1.35,2.25585,0.52310467
cold,0,1,0,0.001,0.1,512,3,5,4,256,6000,8.0,2633729,1,1,9974,1102,600007,1,234,6234,28,168.0,1.4,2.3394,0.5407322
cold,0,1,0,0.001,0.1,512,3,5,4,256,6000,8.0,2633729,1,1,9974,1102,600007,1,234,6234,29,174.0,1.45,2.42295,0.55800515
cold,0,1,0,0.001,0.1,512,3,5,4,256,6000,8.0,2633729,1,1,9974,1102,600007,1,234,6234,30,180.0,1.5,2.5065,0.57544041
cold,0,1,0,0.001,0.1,512,3,5,4,256,6000,8.0,2633729,1,1,9974,1102,600007,1,234,6234,31,186.0,1.55,2.59005,0.59313279
cold,0,1,0,0.001,0.1,512,3,5,4,256,6000,8.0,2633729,1,1,9974,1102,600007,1,234,6234,32,192.0,1.6,2.6736,0.6095109
cold,0,1,0,0.001,0.1,512,3,5,4,256,6000,8.0,2633729,1,1,9974,1102,600007,1,234,6234,33,198.0,1.65,2.75715,0.62274623
cold,0,1,0,0.001,0.1,512,3,5,4,256,6000,8.0,2633729,1,1,9974,1102,600007,1,234,6234,34,204.0,1.7,2.8407,0.63391352
cold,0,1,0,0.001,0.1,512,3,5,4,256,6000,8.0,2633729,1,1,9974,1102,600007,1,234,6234,35,210.0,1.75,2.92425,0.64539653
cold,0,1,0,0.001,0.1,512,3,5,4,256,6000,8.0,2633729,1,1,9974,1102,600007,1,234,6234,36,216.0,1.8,3.0078,0.65801018
cold,0,1,0,0.001,0.1,512,3,5,4,256,6000,8.0,2633729,1,1,9974,1102,600007,1,234,6234,37,222.0,1.85,3.09135,0.67196542
cold,0,1,0,0.001,0.1,512,3,5,4,256,6000,8.0,2633729,1,1,9974,1102,600007,1,234,6234,38,228.0,1.9,3.1749,0.68767619
cold,0,1,0,0.001,0.1,512,3,5,4,256,6000,8.0,2633729,1,1,9974,1102,600007,1,234,6234,39,234.0,1.95,3.25845,0.70528853
cold,0,1,0,0.001,0.1,512,3,5,4,256,6000,8.0,2633729,1,1,9974,1102,600007,1,234,6234,40,240.0,2.0,3.342,0.72461772
cold,0,1,0,0.001,0.1,512,3,5,4,256,6000,8.0,2633729,1,1,9974,1102,600007,1,234,6234,41,246.0,2.05,3.42555,0.74442941
cold,0,1,0,0.001,0.1,512,3,5,4,256,6000,8.0,2633729,1,1,9974,1102,600007,1,234,6234,42,252.0,2.1,3.5091,0.76247931
cold,0,1,0,0.001,0.1,512,3,5,4,256,6000,8.0,2633729,1,1,9974,1102,600007,1,234,6234,43,258.0,2.15,3.59265,0.77735114
cold,0,1,0,0.001,0.1,512,3,5,4,256,6000,8.0,2633729,1,1,9974,1102,600007,1,234,6234,44,264.0,2.2,3.6762,0.78887761
cold,0,1,0,0.001,0.1,512,3,5,4,256,6000,8.0,2633729,1,1,9974,1102,600007,1,234,6234,45,270.0,2.25,3.75975,0.79705322
cold,0,1,0,0.001,0.1,512,3,5,4,256,6000,8.0,2633729,1,1,9974,1102,600007,1,234,6234,46,276.0,2.3,3.8433,0.80231929
cold,0,1,0,0.001,0.1,512,3,5,4,256,6000,8.0,2633729,1,1,9974,1102,600007,1,234,6234,47,282.0,2.35,3.92685,0.80729562
cold,0,1,0,0.001,0.1,512,3,5,4,256,6000,8.0,2633729,1,1,9974,1102,600007,1,234,6234,48,288.0,2.4,4.0104,0.81461644
cold,0,1,0,0.001,0.1,512,3,5,4,256,6000,8.0,2633729,1,1,9974,1102,600007,1,234,6234,49,294.0,2.45,4.09395,0.82463872
cold,0,1,0,0.001,0.1,512,3,5,4,256,6000,8.0,2633729,1,1,9974,1102,600007,1,234,6234,50,300.0,2.5,4.1775,0.83639592
cold,0,1,0,0.001,0.1,512,3,5,4,256,6000,8.0,2633729,1,1,9974,1102,600007,1,234,6234,51,306.0,2.55,4.26105,0.84885556
cold,0,1,0,0.001,0.1,512,3,5,4,256,6000,8.0,2633729,1,1,9974,1102,600007,1,234,6234,52,312.0,2.6,4.3446,0.86022514
cold,0,1,0,0.001,0.1,512,3,5,4,256,6000,8.0,2633729,1,1,9974,1102,600007,1,234,6234,53,318.0,2.65,4.42815,0.86865413
cold,0,1,0,0.001,0.1,512,3,5,4,256,6000,8.0,2633729,1,1,9974,1102,600007,1,234,6234,54,324.0,2.7,4.5117,0.87417787
cold,0,1,0,0.001,0.1,512,3,5,4,256,6000,8.0,2633729,1,1,9974,1102,600007,1,234,6234,55,330.0,2.75,4.59525,0.87795705
cold,0,1,0,0.001,0.1,512,3,5,4,256,6000,8.0,2633729,1,1,9974,1102,600007,1,234,6234,56,336.0,2.8,4.6788,0.88118118
cold,0,1,0,0.001,0.1,512,3,5,4,256,6000,8.0,2633729,1,1,9974,1102,600007,1,234,6234,57,342.0,2.85,4.76235,0.88516361
cold,0,1,0,0.001,0.1,512,3,5,4,256,6000,8.0,2633729,1,1,9974,1102,600007,1,234,6234,58,348.0,2.9,4.8459,0.88988543
cold,0,1,0,0.001,0.1,512,3,5,4,256,6000,8.0,2633729,1,1,9974,1102,600007,1,234,6234,59,354.0,2.95,4.92945,0.89501637
cold,0,1,0,0.001,0.1,512,3,5,4,256,6000,8.0,2633729,1,1,9974,1102,600007,1,234,6234,60,360.0,3.0,5.013,0.90125805
cold,0,1,0,0.001,0.1,512,3,5,4,256,6000,8.0,2633729,1,1,9974,1102,600007,1,234,6234,61,366.0,3.05,5.09655,0.90901178
cold,0,1,0,0.001,0.1,512,3,5,4,256,6000,8.0,2633729,1,1,9974,1102,600007,1,234,6234,62,372.0,3.1,5.1801,0.91726393
cold,0,1,0,0.001,0.1,512,3,5,4,256,6000,8.0,2633729,1,1,9974,1102,600007,1,234,6234,63,378.0,3.15,5.26365,0.92485213
cold,0,1,0,0.001,0.1,512,3,5,4,256,6000,8.0,2633729,1,1,9974,1102,600007,1,234,6234,64,384.0,3.2,5.3472,0.93190658
cold,0,1,0,0.001,0.1,512,3,5,4,256,6000,8.0,2633729,1,1,9974,1102,600007,1,234,6234,65,390.0,3.25,5.43075,0.9390626
cold,0,1,0,0.001,0.1,512,3,5,4,256,6000,8.0,2633729,1,1,9974,1102,600007,1,234,6234,66,396.0,3.3,5.5143,0.94561905
cold,0,1,0,0.001,0.1,512,3,5,4,256,6000,8.0,2633729,1,1,9974,1102,600007,1,234,6234,67,402.0,3.35,5.59785,0.95006692
cold,0,1,0,0.001,0.1,512,3,5,4,256,6000,8.0,2633729,1,1,9974,1102,600007,1,234,6234,68,408.0,3.4,5.6814,0.95291543
cold,0,1,0,0.001,0.1,512,3,5,4,256,6000,8.0,2633729,1,1,9974,1102,600007,1,234,6234,69,414.0,3.45,5.76495,0.95537776
cold,0,1,0,0.001,0.1,512,3,5,4,256,6000,8.0,2633729,1,1,9974,1102,600007,1,234,6234,70,420.0,3.5,5.8485,0.95574868
cold,0,1,0,0.001,0.1,512,3,5,4,256,6000,8.0,2633729,1,1,9974,1102,600007,1,234,6234,71,426.0,3.55,5.93205,0.95249182
cold,0,1,0,0.001,0.1,512,3,5,4,256,6000,8.0,2633729,1,1,9974,1102,600007,1,234,6234,72,432.0,3.6,6.0156,0.94799429
cold,0,1,0,0.001,0.1,512,3,5,4,256,6000,8.0,2633729,1,1,9974,1102,600007,1,234,6234,73,438.0,3.65,6.09915,0.94585055
cold,0,1,0,0.001,0.1,512,3,5,4,256,6000,8.0,2633729,1,1,9974,1102,600007,1,234,6234,74,444.0,3.7,6.1827,0.94752729
cold,0,1,0,0.001,0.1,512,3,5,4,256,6000,8.0,2633729,1,1,9974,1102,600007,1,234,6234,75,450.0,3.75,6.26625,0.95148194
cold,0,1,0,0.001,0.1,512,3,5,4,256,6000,8.0,2633729,1,1,9974,1102,600007,1,234,6234,76,456.0,3.8,6.3498,0.95454335
cold,0,1,0,0.001,0.1,512,3,5,4,256,6000,8.0,2633729,1,1,9974,1102,600007,1,234,6234,77,462.0,3.85,6.43335,0.95495015
cold,0,1,0,0.001,0.1,512,3,5,4,256,6000,8.0,2633729,1,1,9974,1102,600007,1,234,6234,78,468.0,3.9,6.5169,0.95395052
cold,0,1,0,0.001,0.1,512,3,5,4,256,6000,8.0,2633729,1,1,9974,1102,600007,1,234,6234,79,474.0,3.95,6.60045,0.95428658
cold,0,1,0,0.001,0.1,512,3,5,4,256,6000,8.0,2633729,1,1,9974,1102,600007,1,234,6234,80,480.0,4.0,6.684,0.95727932
cold,0,1,0,0.001,0.1,512,3,5,4,256,6000,8.0,2633729,1,1,9974,1102,600007,1,234,6234,81,486.0,4.05,6.76755,0.96237701
cold,0,1,0,0.001,0.1,512,3,5,4,256,6000,8.0,2633729,1,1,9974,1102,600007,1,234,6234,82,492.0,4.1,6.8511,0.96829295
cold,0,1,0,0.001,0.1,512,3,5,4,256,6000,8.0,2633729,1,1,9974,1102,600007,1,234,6234,83,498.0,4.15,6.93465,0.97298729
cold,0,1,0,0.001,0.1,512,3,5,4,256,6000,8.0,2633729,1,1,9974,1102,600007,1,234,6234,84,504.0,4.2,7.0182,0.97412908
cold,0,1,0,0.001,0.1,512,3,5,4,256,6000,8.0,2633729,1,1,9974,1102,600007,1,234,6234,85,510.0,4.25,7.10175,0.97185647
cold,0,1,0,0.001,0.1,512,3,5,4,256,6000,8.0,2633729,1,1,9974,1102,600007,1,234,6234,86,516.0,4.3,7.1853,0.96845746
cold,0,1,0,0.001,0.1,512,3,5,4,256,6000,8.0,2633729,1,1,9974,1102,600007,1,234,6234,87,522.0,4.35,7.26885,0.96458203
cold,0,1,0,0.001,0.1,512,3,5,4,256,6000,8.0,2633729,1,1,9974,1102,600007,1,234,6234,88,528.0,4.4,7.3524,0.96080732
cold,0,1,0,0.001,0.1,512,3,5,4,256,6000,8.0,2633729,1,1,9974,1102,600007,1,234,6234,89,534.0,4.45,7.43595,0.95967329
cold,0,1,0,0.001,0.1,512,3,5,4,256,6000,8.0,2633729,1,1,9974,1102,600007,1,234,6234,90,540.0,4.5,7.5195,0.96220767
cold,0,1,0,0.001,0.1,512,3,5,4,256,6000,8.0,2633729,1,1,9974,1102,600007,1,234,6234,91,546.0,4.55,7.60305,0.9663614
cold,0,1,0,0.001,0.1,512,3,5,4,256,6000,8.0,2633729,1,1,9974,1102,600007,1,234,6234,92,552.0,4.6,7.6866,0.97008544
cold,0,1,0,0.001,0.1,512,3,5,4,256,6000,8.0,2633729,1,1,9974,1102,600007,1,234,6234,93,558.0,4.65,7.77015,0.97396338
cold,0,1,0,0.001,0.1,512,3,5,4,256,6000,8.0,2633729,1,1,9974,1102,600007,1,234,6234,94,564.0,4.7,7.8537,0.97955513
cold,0,1,0,0.001,0.1,512,3,5,4,256,6000,8.0,2633729,1,1,9974,1102,600007,1,234,6234,95,570.0,4.75,7.93725,0.98579597
cold,0,1,0,0.001,0.1,512,3,5,4,256,6000,8.0,2633729,1,1,9974,1102,600007,1,234,6234,96,576.0,4.8,8.0208,0.98970866
cold,0,1,0,0.001,0.1,512,3,5,4,256,6000,8.0,2633729,1,1,9974,1102,600007,1,234,6234,97,582.0,4.85,8.10435,0.98917973
cold,0,1,0,0.001,0.1,512,3,5,4,256,6000,8.0,2633729,1,1,9974,1102,600007,1,234,6234,98,588.0,4.9,8.1879,0.98464632
cold,0,1,0,0.001,0.1,512,3,5,4,256,6000,8.0,2633729,1,1,9974,1102,600007,1,234,6234,99,594.0,4.95,8.27145,0.97853851
cold,0,1,0,0.001,0.1,512,3,5,4,256,6000,8.0,2633729,1,1,9974,1102,600007,1,234,6234,100,600.0,5.0,8.355,0.97300935
cold,0,1,0,0.001,0.1,512,3,5,4,256,6000,8.0,2633729,1,1,9974,1102,600007,1,234,6234,101,606.0,5.05,8.43855,0.96869707
cold,0,1,0,0.001,0.1,512,3,5,4,256,6000,8.0,2633729,1,1,9974,1102,600007,1,234,6234,102,612.0,5.1,8.5221,0.96635479
cold,0,1,0,0.001,0.1,512,3,5,4,256,6000,8.0,2633729,1,1,9974,1102,600007,1,234,6234,103,618.0,5.15,8.60565,0.96720243
cold,0,1,0,0.001,0.1,512,3,5,4,256,6000,8.0,2633729,1,1,9974,1102,600007,1,234,6234,104,624.0,5.2,8.6892,0.97155118
cold,0,1,0,0.001,0.1,512,3,5,4,256,6000,8.0,2633729,1,1,9974,1102,600007,1,234,6234,105,630.0,5.25,8.77275,0.97853786
cold,0,1,0,0.001,0.1,512,3,5,4,256,6000,8.0,2633729,1,1,9974,1102,600007,1,234,6234,106,636.0,5.3,8.8563,0.98621696
cold,0,1,0,0.001,0.1,512,3,5,4,256,6000,8.0,2633729,1,1,9974,1102,600007,1,234,6234,107,642.0,5.35,8.93985,0.99225587
cold,0,1,0,0.001,0.1,512,3,5,4,256,6000,8.0,2633729,1,1,9974,1102,600007,1,234,6234,108,648.0,5.4,9.0234,0.99485034
cold,0,1,0,0.001,0.1,512,3,5,4,256,6000,8.0,2633729,1,1,9974,1102,600007,1,234,6234,109,654.0,5.45,9.10695,0.99372089
cold,0,1,0,0.001,0.1,512,3,5,4,256,6000,8.0,2633729,1,1,9974,1102,600007,1,234,6234,110,660.0,5.5,9.1905,0.99076003
cold,0,1,0,0.001,0.1,512,3,5,4,256,6000,8.0,2633729,1,1,9974,1102,600007,1,234,6234,111,666.0,5.55,9.27405,0.98839706
cold,0,1,0,0.001,0.1,512,3,5,4,256,6000,8.0,2633729,1,1,9974,1102,600007,1,234,6234,112,672.0,5.6,9.3576,0.98785698
cold,0,1,0,0.001,0.1,512,3,5,4,256,6000,8.0,2633729,1,1,9974,1102,600007,1,234,6234,113,678.0,5.65,9.44115,0.98926777
cold,0,1,0,0.001,0.1,512,3,5,4,256,6000,8.0,2633729,1,1,9974,1102,600007,1,234,6234,114,684.0,5.7,9.5247,0.99170315
cold,0,1,0,0.001,0.1,512,3,5,4,256,6000,8.0,2633729,1,1,9974,1102,600007,1,234,6234,115,690.0,5.75,9.60825,0.99336469
cold,0,1,0,0.001,0.1,512,3,5,4,256,6000,8.0,2633729,1,1,9974,1102,600007,1,234,6234,116,696.0,5.8,9.6918,0.99314553
cold,0,1,0,0.001,0.1,512,3,5,4,256,6000,8.0,2633729,1,1,9974,1102,600007,1,234,6234,117,702.0,5.85,9.77535,0.99248046
cold,0,1,0,0.001,0.1,512,3,5,4,256,6000,8.0,2633729,1,1,9974,1102,600007,1,234,6234,118,708.0,5.9,9.8589,0.99273449
cold,0,1,0,0.001,0.1,512,3,5,4,256,6000,8.0,2633729,1,1,9974,1102,600007,1,234,6234,119,714.0,5.95,9.94245,0.99289101
cold,0,1,0,0.001,0.1,512,3,5,4,256,6000,8.0,2633729,1,1,9974,1102,600007,1,234,6234,120,720.0,6.0,10.026,0.99161947
cold,0,1,0,0.001,0.1,512,3,5,4,256,6000,8.0,2633729,1,1,9974,1102,600007,1,1023,7023,1,6.0,0.05,0.08355,0.03886712
cold,0,1,0,0.001,0.1,512,3,5,4,256,6000,8.0,2633729,1,1,9974,1102,600007,1,1023,7023,2,12.0,0.1,0.1671,0.04602328
cold,0,1,0,0.001,0.1,512,3,5,4,256,6000,8.0,2633729,1,1,9974,1102,600007,1,1023,7023,3,18.0,0.15,0.25065,0.05419875
cold,0,1,0,0.001,0.1,512,3,5,4,256,6000,8.0,2633729,1,1,9974,1102,600007,1,1023,7023,4,24.0,0.2,0.3342,0.06178313
cold,0,1,0,0.001,0.1,512,3,5,4,256,6000,8.0,2633729,1,1,9974,1102,600007,1,1023,7023,5,30.0,0.25,0.41775,0.06874371
cold,0,1,0,0.001,0.1,512,3,5,4,256,6000,8.0,2633729,1,1,9974,1102,600007,1,1023,7023,6,36.0,0.3,0.5013,0.07863443
cold,0,1,0,0.001,0.1,512,3,5,4,256,6000,8.0,2633729,1,1,9974,1102,600007,1,1023,7023,7,42.0,0.35,0.58485,0.08912458
cold,0,1,0,0.001,0.1,512,3,5,4,256,6000,8.0,2633729,1,1,9974,1102,600007,1,1023,7023,8,48.0,0.4,0.6684,0.09988364
cold,0,1,0,0.001,0.1,512,3,5,4,256,6000,8.0,2633729,1,1,9974,1102,600007,1,1023,7023,9,54.0,0.45,0.75195,0.11117093
cold,0,1,0,0.001,0.1,512,3,5,4,256,6000,8.0,2633729,1,1,9974,1102,600007,1,1023,7023,10,60.0,0.5,0.8355,0.12339307
cold,0,1,0,0.001,0.1,512,3,5,4,256,6000,8.0,2633729,1,1,9974,1102,600007,1,1023,7023,11,66.0,0.55,0.91905,0.13622858
cold,0,1,0,0.001,0.1,512,3,5,4,256,6000,8.0,2633729,1,1,9974,1102,600007,1,1023,7023,12,72.0,0.6,1.0026,0.15002038
cold,0,1,0,0.001,0.1,512,3,5,4,256,6000,8.0,2633729,1,1,9974,1102,600007,1,1023,7023,13,78.0,0.65,1.08615,0.16561255
cold,0,1,0,0.001,0.1,512,3,5,4,256,6000,8.0,2633729,1,1,9974,1102,600007,1,1023,7023,14,84.0,0.7,1.1697,0.1844485
cold,0,1,0,0.001,0.1,512,3,5,4,256,6000,8.0,2633729,1,1,9974,1102,600007,1,1023,7023,15,90.0,0.75,1.25325,0.20597684
cold,0,1,0,0.001,0.1,512,3,5,4,256,6000,8.0,2633729,1,1,9974,1102,600007,1,1023,7023,16,96.0,0.8,1.3368,0.22837624
cold,0,1,0,0.001,0.1,512,3,5,4,256,6000,8.0,2633729,1,1,9974,1102,600007,1,1023,7023,17,102.0,0.85,1.42035,0.25052756
cold,0,1,0,0.001,0.1,512,3,5,4,256,6000,8.0,2633729,1,1,9974,1102,600007,1,1023,7023,18,108.0,0.9,1.5039,0.27238753
cold,0,1,0,0.001,0.1,512,3,5,4,256,6000,8.0,2633729,1,1,9974,1102,600007,1,1023,7023,19,114.0,0.95,1.58745,0.29466462
cold,0,1,0,0.001,0.1,512,3,5,4,256,6000,8.0,2633729,1,1,9974,1102,600007,1,1023,7023,20,120.0,1.0,1.671,0.31785727
cold,0,1,0,0.001,0.1,512,3,5,4,256,6000,8.0,2633729,1,1,9974,1102,600007,1,1023,7023,21,126.0,1.05,1.75455,0.34123206
cold,0,1,0,0.001,0.1,512,3,5,4,256,6000,8.0,2633729,1,1,9974,1102,600007,1,1023,7023,22,132.0,1.1,1.8381,0.36424273
cold,0,1,0,0.001,0.1,512,3,5,4,256,6000,8.0,2633729,1,1,9974,1102,600007,1,1023,7023,23,138.0,1.15,1.92165,0.38770932
cold,0,1,0,0.001,0.1,512,3,5,4,256,6000,8.0,2633729,1,1,9974,1102,600007,1,1023,7023,24,144.0,1.2,2.0052,0.41232631
cold,0,1,0,0.001,0.1,512,3,5,4,256,6000,8.0,2633729,1,1,9974,1102,600007,1,1023,7023,25,150.0,1.25,2.08875,0.43772462
cold,0,1,0,0.001,0.1,512,3,5,4,256,6000,8.0,2633729,1,1,9974,1102,600007,1,1023,7023,26,156.0,1.3,2.1723,0.46319598
cold,0,1,0,0.001,0.1,512,3,5,4,256,6000,8.0,2633729,1,1,9974,1102,600007,1,1023,7023,27,162.0,1.35,2.25585,0.48815495
cold,0,1,0,0.001,0.1,512,3,5,4,256,6000,8.0,2633729,1,1,9974,1102,600007,1,1023,7023,28,168.0,1.4,2.3394,0.51139045
cold,0,1,0,0.001,0.1,512,3,5,4,256,6000,8.0,2633729,1,1,9974,1102,600007,1,1023,7023,29,174.0,1.45,2.42295,0.53088546
cold,0,1,0,0.001,0.1,512,3,5,4,256,6000,8.0,2633729,1,1,9974,1102,600007,1,1023,7023,30,180.0,1.5,2.5065,0.54648668
cold,0,1,0,0.001,0.1,512,3,5,4,256,6000,8.0,2633729,1,1,9974,1102,600007,1,1023,7023,31,186.0,1.55,2.59005,0.56047052
cold,0,1,0,0.001,0.1,512,3,5,4,256,6000,8.0,2633729,1,1,9974,1102,600007,1,1023,7023,32,192.0,1.6,2.6736,0.57481676
cold,0,1,0,0.001,0.1,512,3,5,4,256,6000,8.0,2633729,1,1,9974,1102,600007,1,1023,7023,33,198.0,1.65,2.75715,0.58923435
cold,0,1,0,0.001,0.1,512,3,5,4,256,6000,8.0,2633729,1,1,9974,1102,600007,1,1023,7023,34,204.0,1.7,2.8407,0.60258901
cold,0,1,0,0.001,0.1,512,3,5,4,256,6000,8.0,2633729,1,1,9974,1102,600007,1,1023,7023,35,210.0,1.75,2.92425,0.61512291
cold,0,1,0,0.001,0.1,512,3,5,4,256,6000,8.0,2633729,1,1,9974,1102,600007,1,1023,7023,36,216.0,1.8,3.0078,0.62813753
cold,0,1,0,0.001,0.1,512,3,5,4,256,6000,8.0,2633729,1,1,9974,1102,600007,1,1023,7023,37,222.0,1.85,3.09135,0.64261436
cold,0,1,0,0.001,0.1,512,3,5,4,256,6000,8.0,2633729,1,1,9974,1102,600007,1,1023,7023,38,228.0,1.9,3.1749,0.65968841
cold,0,1,0,0.001,0.1,512,3,5,4,256,6000,8.0,2633729,1,1,9974,1102,600007,1,1023,7023,39,234.0,1.95,3.25845,0.68026465
cold,0,1,0,0.001,0.1,512,3,5,4,256,6000,8.0,2633729,1,1,9974,1102,600007,1,1023,7023,40,240.0,2.0,3.342,0.70289618
cold,0,1,0,0.001,0.1,512,3,5,4,256,6000,8.0,2633729,1,1,9974,1102,600007,1,1023,7023,41,246.0,2.05,3.42555,0.72370267
cold,0,1,0,0.001,0.1,512,3,5,4,256,6000,8.0,2633729,1,1,9974,1102,600007,1,1023,7023,42,252.0,2.1,3.5091,0.73953545
cold,0,1,0,0.001,0.1,512,3,5,4,256,6000,8.0,2633729,1,1,9974,1102,600007,1,1023,7023,43,258.0,2.15,3.59265,0.75061256
cold,0,1,0,0.001,0.1,512,3,5,4,256,6000,8.0,2633729,1,1,9974,1102,600007,1,1023,7023,44,264.0,2.2,3.6762,0.75928742
cold,0,1,0,0.001,0.1,512,3,5,4,256,6000,8.0,2633729,1,1,9974,1102,600007,1,1023,7023,45,270.0,2.25,3.75975,0.76716018
cold,0,1,0,0.001,0.1,512,3,5,4,256,6000,8.0,2633729,1,1,9974,1102,600007,1,1023,7023,46,276.0,2.3,3.8433,0.77372092
cold,0,1,0,0.001,0.1,512,3,5,4,256,6000,8.0,2633729,1,1,9974,1102,600007,1,1023,7023,47,282.0,2.35,3.92685,0.77794337
cold,0,1,0,0.001,0.1,512,3,5,4,256,6000,8.0,2633729,1,1,9974,1102,600007,1,1023,7023,48,288.0,2.4,4.0104,0.78130466
cold,0,1,0,0.001,0.1,512,3,5,4,256,6000,8.0,2633729,1,1,9974,1102,600007,1,1023,7023,49,294.0,2.45,4.09395,0.78717887
cold,0,1,0,0.001,0.1,512,3,5,4,256,6000,8.0,2633729,1,1,9974,1102,600007,1,1023,7023,50,300.0,2.5,4.1775,0.79794538
cold,0,1,0,0.001,0.1,512,3,5,4,256,6000,8.0,2633729,1,1,9974,1102,600007,1,1023,7023,51,306.0,2.55,4.26105,0.81299949
cold,0,1,0,0.001,0.1,512,3,5,4,256,6000,8.0,2633729,1,1,9974,1102,600007,1,1023,7023,52,312.0,2.6,4.3446,0.82922059
cold,0,1,0,0.001,0.1,512,3,5,4,256,6000,8.0,2633729,1,1,9974,1102,600007,1,1023,7023,53,318.0,2.65,4.42815,0.84375131
cold,0,1,0,0.001,0.1,512,3,5,4,256,6000,8.0,2633729,1,1,9974,1102,600007,1,1023,7023,54,324.0,2.7,4.5117,0.85588187
cold,0,1,0,0.001,0.1,512,3,5,4,256,6000,8.0,2633729,1,1,9974,1102,600007,1,1023,7023,55,330.0,2.75,4.59525,0.86705816
cold,0,1,0,0.001,0.1,512,3,5,4,256,6000,8.0,2633729,1,1,9974,1102,600007,1,1023,7023,56,336.0,2.8,4.6788,0.87816298
cold,0,1,0,0.001,0.1,512,3,5,4,256,6000,8.0,2633729,1,1,9974,1102,600007,1,1023,7023,57,342.0,2.85,4.76235,0.8880803
cold,0,1,0,0.001,0.1,512,3,5,4,256,6000,8.0,2633729,1,1,9974,1102,600007,1,1023,7023,58,348.0,2.9,4.8459,0.8958233
cold,0,1,0,0.001,0.1,512,3,5,4,256,6000,8.0,2633729,1,1,9974,1102,600007,1,1023,7023,59,354.0,2.95,4.92945,0.90204173
cold,0,1,0,0.001,0.1,512,3,5,4,256,6000,8.0,2633729,1,1,9974,1102,600007,1,1023,7023,60,360.0,3.0,5.013,0.90781039
cold,0,1,0,0.001,0.1,512,3,5,4,256,6000,8.0,2633729,1,1,9974,1102,600007,1,1023,7023,61,366.0,3.05,5.09655,0.91287768
cold,0,1,0,0.001,0.1,512,3,5,4,256,6000,8.0,2633729,1,1,9974,1102,600007,1,1023,7023,62,372.0,3.1,5.1801,0.91731721
cold,0,1,0,0.001,0.1,512,3,5,4,256,6000,8.0,2633729,1,1,9974,1102,600007,1,1023,7023,63,378.0,3.15,5.26365,0.92224503
cold,0,1,0,0.001,0.1,512,3,5,4,256,6000,8.0,2633729,1,1,9974,1102,600007,1,1023,7023,64,384.0,3.2,5.3472,0.92762381
cold,0,1,0,0.001,0.1,512,3,5,4,256,6000,8.0,2633729,1,1,9974,1102,600007,1,1023,7023,65,390.0,3.25,5.43075,0.93295658
cold,0,1,0,0.001,0.1,512,3,5,4,256,6000,8.0,2633729,1,1,9974,1102,600007,1,1023,7023,66,396.0,3.3,5.5143,0.93874317
cold,0,1,0,0.001,0.1,512,3,5,4,256,6000,8.0,2633729,1,1,9974,1102,600007,1,1023,7023,67,402.0,3.35,5.59785,0.94491446
cold,0,1,0,0.001,0.1,512,3,5,4,256,6000,8.0,2633729,1,1,9974,1102,600007,1,1023,7023,68,408.0,3.4,5.6814,0.94959247
cold,0,1,0,0.001,0.1,512,3,5,4,256,6000,8.0,2633729,1,1,9974,1102,600007,1,1023,7023,69,414.0,3.45,5.76495,0.95148414
cold,0,1,0,0.001,0.1,512,3,5,4,256,6000,8.0,2633729,1,1,9974,1102,600007,1,1023,7023,70,420.0,3.5,5.8485,0.95161891
cold,0,1,0,0.001,0.1,512,3,5,4,256,6000,8.0,2633729,1,1,9974,1102,600007,1,1023,7023,71,426.0,3.55,5.93205,0.95196128
cold,0,1,0,0.001,0.1,512,3,5,4,256,6000,8.0,2633729,1,1,9974,1102,600007,1,1023,7023,72,432.0,3.6,6.0156,0.95446539
cold,0,1,0,0.001,0.1,512,3,5,4,256,6000,8.0,2633729,1,1,9974,1102,600007,1,1023,7023,73,438.0,3.65,6.09915,0.95925999
cold,0,1,0,0.001,0.1,512,3,5,4,256,6000,8.0,2633729,1,1,9974,1102,600007,1,1023,7023,74,444.0,3.7,6.1827,0.96290565
cold,0,1,0,0.001,0.1,512,3,5,4,256,6000,8.0,2633729,1,1,9974,1102,600007,1,1023,7023,75,450.0,3.75,6.26625,0.96259558
cold,0,1,0,0.001,0.1,512,3,5,4,256,6000,8.0,2633729,1,1,9974,1102,600007,1,1023,7023,76,456.0,3.8,6.3498,0.95944929
cold,0,1,0,0.001,0.1,512,3,5,4,256,6000,8.0,2633729,1,1,9974,1102,600007,1,1023,7023,77,462.0,3.85,6.43335,0.95599902
cold,0,1,0,0.001,0.1,512,3,5,4,256,6000,8.0,2633729,1,1,9974,1102,600007,1,1023,7023,78,468.0,3.9,6.5169,0.9531306
cold,0,1,0,0.001,0.1,512,3,5,4,256,6000,8.0,2633729,1,1,9974,1102,600007,1,1023,7023,79,474.0,3.95,6.60045,0.95098299
cold,0,1,0,0.001,0.1,512,3,5,4,256,6000,8.0,2633729,1,1,9974,1102,600007,1,1023,7023,80,480.0,4.0,6.684,0.9498508
cold,0,1,0,0.001,0.1,512,3,5,4,256,6000,8.0,2633729,1,1,9974,1102,600007,1,1023,7023,81,486.0,4.05,6.76755,0.95034105
cold,0,1,0,0.001,0.1,512,3,5,4,256,6000,8.0,2633729,1,1,9974,1102,600007,1,1023,7023,82,492.0,4.1,6.8511,0.95205104
cold,0,1,0,0.001,0.1,512,3,5,4,256,6000,8.0,2633729,1,1,9974,1102,600007,1,1023,7023,83,498.0,4.15,6.93465,0.95455503
cold,0,1,0,0.001,0.1,512,3,5,4,256,6000,8.0,2633729,1,1,9974,1102,600007,1,1023,7023,84,504.0,4.2,7.0182,0.95802027
cold,0,1,0,0.001,0.1,512,3,5,4,256,6000,8.0,2633729,1,1,9974,1102,600007,1,1023,7023,85,510.0,4.25,7.10175,0.9616996
cold,0,1,0,0.001,0.1,512,3,5,4,256,6000,8.0,2633729,1,1,9974,1102,600007,1,1023,7023,86,516.0,4.3,7.1853,0.96365726
cold,0,1,0,0.001,0.1,512,3,5,4,256,6000,8.0,2633729,1,1,9974,1102,600007,1,1023,7023,87,522.0,4.35,7.26885,0.96380317
cold,0,1,0,0.001,0.1,512,3,5,4,256,6000,8.0,2633729,1,1,9974,1102,600007,1,1023,7023,88,528.0,4.4,7.3524,0.96511585
cold,0,1,0,0.001,0.1,512,3,5,4,256,6000,8.0,2633729,1,1,9974,1102,600007,1,1023,7023,89,534.0,4.45,7.43595,0.9701032
cold,0,1,0,0.001,0.1,512,3,5,4,256,6000,8.0,2633729,1,1,9974,1102,600007,1,1023,7023,90,540.0,4.5,7.5195,0.97767073
cold,0,1,0,0.001,0.1,512,3,5,4,256,6000,8.0,2633729,1,1,9974,1102,600007,1,1023,7023,91,546.0,4.55,7.60305,0.9837324
cold,0,1,0,0.001,0.1,512,3,5,4,256,6000,8.0,2633729,1,1,9974,1102,600007,1,1023,7023,92,552.0,4.6,7.6866,0.98578048
cold,0,1,0,0.001,0.1,512,3,5,4,256,6000,8.0,2633729,1,1,9974,1102,600007,1,1023,7023,93,558.0,4.65,7.77015,0.98565006
cold,0,1,0,0.001,0.1,512,3,5,4,256,6000,8.0,2633729,1,1,9974,1102,600007,1,1023,7023,94,564.0,4.7,7.8537,0.98587984
cold,0,1,0,0.001,0.1,512,3,5,4,256,6000,8.0,2633729,1,1,9974,1102,600007,1,1023,7023,95,570.0,4.75,7.93725,0.98638928
cold,0,1,0,0.001,0.1,512,3,5,4,256,6000,8.0,2633729,1,1,9974,1102,600007,1,1023,7023,96,576.0,4.8,8.0208,0.98415011
cold,0,1,0,0.001,0.1,512,3,5,4,256,6000,8.0,2633729,1,1,9974,1102,600007,1,1023,7023,97,582.0,4.85,8.10435,0.97743028
cold,0,1,0,0.001,0.1,512,3,5,4,256,6000,8.0,2633729,1,1,9974,1102,600007,1,1023,7023,98,588.0,4.9,8.1879,0.96900421
cold,0,1,0,0.001,0.1,512,3,5,4,256,6000,8.0,2633729,1,1,9974,1102,600007,1,1023,7023,99,594.0,4.95,8.27145,0.96332967
cold,0,1,0,0.001,0.1,512,3,5,4,256,6000,8.0,2633729,1,1,9974,1102,600007,1,1023,7023,100,600.0,5.0,8.355,0.9624911
cold,0,1,0,0.001,0.1,512,3,5,4,256,6000,8.0,2633729,1,1,9974,1102,600007,1,1023,7023,101,606.0,5.05,8.43855,0.9656322
cold,0,1,0,0.001,0.1,512,3,5,4,256,6000,8.0,2633729,1,1,9974,1102,600007,1,1023,7023,102,612.0,5.1,8.5221,0.97149706
cold,0,1,0,0.001,0.1,512,3,5,4,256,6000,8.0,2633729,1,1,9974,1102,600007,1,1023,7023,103,618.0,5.15,8.60565,0.97898465
cold,0,1,0,0.001,0.1,512,3,5,4,256,6000,8.0,2633729,1,1,9974,1102,600007,1,1023,7023,104,624.0,5.2,8.6892,0.98605442
cold,0,1,0,0.001,0.1,512,3,5,4,256,6000,8.0,2633729,1,1,9974,1102,600007,1,1023,7023,105,630.0,5.25,8.77275,0.99025208
cold,0,1,0,0.001,0.1,512,3,5,4,256,6000,8.0,2633729,1,1,9974,1102,600007,1,1023,7023,106,636.0,5.3,8.8563,0.99071014
cold,0,1,0,0.001,0.1,512,3,5,4,256,6000,8.0,2633729,1,1,9974,1102,600007,1,1023,7023,107,642.0,5.35,8.93985,0.98921162
cold,0,1,0,0.001,0.1,512,3,5,4,256,6000,8.0,2633729,1,1,9974,1102,600007,1,1023,7023,108,648.0,5.4,9.0234,0.98779202
cold,0,1,0,0.001,0.1,512,3,5,4,256,6000,8.0,2633729,1,1,9974,1102,600007,1,1023,7023,109,654.0,5.45,9.10695,0.98576939
cold,0,1,0,0.001,0.1,512,3,5,4,256,6000,8.0,2633729,1,1,9974,1102,600007,1,1023,7023,110,660.0,5.5,9.1905,0.98163879
cold,0,1,0,0.001,0.1,512,3,5,4,256,6000,8.0,2633729,1,1,9974,1102,600007,1,1023,7023,111,666.0,5.55,9.27405,0.97523975
cold,0,1,0,0.001,0.1,512,3,5,4,256,6000,8.0,2633729,1,1,9974,1102,600007,1,1023,7023,112,672.0,5.6,9.3576,0.96870941
cold,0,1,0,0.001,0.1,512,3,5,4,256,6000,8.0,2633729,1,1,9974,1102,600007,1,1023,7023,113,678.0,5.65,9.44115,0.9654699
cold,0,1,0,0.001,0.1,512,3,5,4,256,6000,8.0,2633729,1,1,9974,1102,600007,1,1023,7023,114,684.0,5.7,9.5247,0.96720225
cold,0,1,0,0.001,0.1,512,3,5,4,256,6000,8.0,2633729,1,1,9974,1102,600007,1,1023,7023,115,690.0,5.75,9.60825,0.97245532
cold,0,1,0,0.001,0.1,512,3,5,4,256,6000,8.0,2633729,1,1,9974,1102,600007,1,1023,7023,116,696.0,5.8,9.6918,0.97860098
cold,0,1,0,0.001,0.1,512,3,5,4,256,6000,8.0,2633729,1,1,9974,1102,600007,1,1023,7023,117,702.0,5.85,9.77535,0.98329818
cold,0,1,0,0.001,0.1,512,3,5,4,256,6000,8.0,2633729,1,1,9974,1102,600007,1,1023,7023,118,708.0,5.9,9.8589,0.98468351
cold,0,1,0,0.001,0.1,512,3,5,4,256,6000,8.0,2633729,1,1,9974,1102,600007,1,1023,7023,119,714.0,5.95,9.94245,0.98297423
cold,0,1,0,0.001,0.1,512,3,5,4,256,6000,8.0,2633729,1,1,9974,1102,600007,1,1023,7023,120,720.0,6.0,10.026,0.9805069
cold,0,1,0,0.001,0.1,512,3,5,4,256,6000,8.0,2633729,1,1,9974,1102,600007,1,4468,10468,1,6.0,0.05,0.08355,0.04840951
cold,0,1,0,0.001,0.1,512,3,5,4,256,6000,8.0,2633729,1,1,9974,1102,600007,1,4468,10468,2,12.0,0.1,0.1671,0.05527469
cold,0,1,0,0.001,0.1,512,3,5,4,256,6000,8.0,2633729,1,1,9974,1102,600007,1,4468,10468,3,18.0,0.15,0.25065,0.0629292
cold,0,1,0,0.001,0.1,512,3,5,4,256,6000,8.0,2633729,1,1,9974,1102,600007,1,4468,10468,4,24.0,0.2,0.3342,0.07131989
cold,0,1,0,0.001,0.1,512,3,5,4,256,6000,8.0,2633729,1,1,9974,1102,600007,1,4468,10468,5,30.0,0.25,0.41775,0.08037159
cold,0,1,0,0.001,0.1,512,3,5,4,256,6000,8.0,2633729,1,1,9974,1102,600007,1,4468,10468,6,36.0,0.3,0.5013,0.09116421
cold,0,1,0,0.001,0.1,512,3,5,4,256,6000,8.0,2633729,1,1,9974,1102,600007,1,4468,10468,7,42.0,0.35,0.58485,0.10289367
cold,0,1,0,0.001,0.1,512,3,5,4,256,6000,8.0,2633729,1,1,9974,1102,600007,1,4468,10468,8,48.0,0.4,0.6684,0.1154968
cold,0,1,0,0.001,0.1,512,3,5,4,256,6000,8.0,2633729,1,1,9974,1102,600007,1,4468,10468,9,54.0,0.45,0.75195,0.12846975
cold,0,1,0,0.001,0.1,512,3,5,4,256,6000,8.0,2633729,1,1,9974,1102,600007,1,4468,10468,10,60.0,0.5,0.8355,0.14138933
cold,0,1,0,0.001,0.1,512,3,5,4,256,6000,8.0,2633729,1,1,9974,1102,600007,1,4468,10468,11,66.0,0.55,0.91905,0.15610085
cold,0,1,0,0.001,0.1,512,3,5,4,256,6000,8.0,2633729,1,1,9974,1102,600007,1,4468,10468,12,72.0,0.6,1.0026,0.17262894
cold,0,1,0,0.001,0.1,512,3,5,4,256,6000,8.0,2633729,1,1,9974,1102,600007,1,4468,10468,13,78.0,0.65,1.08615,0.19075035
cold,0,1,0,0.001,0.1,512,3,5,4,256,6000,8.0,2633729,1,1,9974,1102,600007,1,4468,10468,14,84.0,0.7,1.1697,0.21082146
cold,0,1,0,0.001,0.1,512,3,5,4,256,6000,8.0,2633729,1,1,9974,1102,600007,1,4468,10468,15,90.0,0.75,1.25325,0.23316914
cold,0,1,0,0.001,0.1,512,3,5,4,256,6000,8.0,2633729,1,1,9974,1102,600007,1,4468,10468,16,96.0,0.8,1.3368,0.25758004
cold,0,1,0,0.001,0.1,512,3,5,4,256,6000,8.0,2633729,1,1,9974,1102,600007,1,4468,10468,17,102.0,0.85,1.42035,0.28203785
cold,0,1,0,0.001,0.1,512,3,5,4,256,6000,8.0,2633729,1,1,9974,1102,600007,1,4468,10468,18,108.0,0.9,1.5039,0.30640015
cold,0,1,0,0.001,0.1,512,3,5,4,256,6000,8.0,2633729,1,1,9974,1102,600007,1,4468,10468,19,114.0,0.95,1.58745,0.33154115
cold,0,1,0,0.001,0.1,512,3,5,4,256,6000,8.0,2633729,1,1,9974,1102,600007,1,4468,10468,20,120.0,1.0,1.671,0.35826883
cold,0,1,0,0.001,0.1,512,3,5,4,256,6000,8.0,2633729,1,1,9974,1102,600007,1,4468,10468,21,126.0,1.05,1.75455,0.38695392
cold,0,1,0,0.001,0.1,512,3,5,4,256,6000,8.0,2633729,1,1,9974,1102,600007,1,4468,10468,22,132.0,1.1,1.8381,0.41740331
cold,0,1,0,0.001,0.1,512,3,5,4,256,6000,8.0,2633729,1,1,9974,1102,600007,1,4468,10468,23,138.0,1.15,1.92165,0.447281
cold,0,1,0,0.001,0.1,512,3,5,4,256,6000,8.0,2633729,1,1,9974,1102,600007,1,4468,10468,24,144.0,1.2,2.0052,0.47519735
cold,0,1,0,0.001,0.1,512,3,5,4,256,6000,8.0,2633729,1,1,9974,1102,600007,1,4468,10468,25,150.0,1.25,2.08875,0.50142652
cold,0,1,0,0.001,0.1,512,3,5,4,256,6000,8.0,2633729,1,1,9974,1102,600007,1,4468,10468,26,156.0,1.3,2.1723,0.52483022
cold,0,1,0,0.001,0.1,512,3,5,4,256,6000,8.0,2633729,1,1,9974,1102,600007,1,4468,10468,27,162.0,1.35,2.25585,0.54359519
cold,0,1,0,0.001,0.1,512,3,5,4,256,6000,8.0,2633729,1,1,9974,1102,600007,1,4468,10468,28,168.0,1.4,2.3394,0.55832243
cold,0,1,0,0.001,0.1,512,3,5,4,256,6000,8.0,2633729,1,1,9974,1102,600007,1,4468,10468,29,174.0,1.45,2.42295,0.57150751
cold,0,1,0,0.001,0.1,512,3,5,4,256,6000,8.0,2633729,1,1,9974,1102,600007,1,4468,10468,30,180.0,1.5,2.5065,0.58606297
cold,0,1,0,0.001,0.1,512,3,5,4,256,6000,8.0,2633729,1,1,9974,1102,600007,1,4468,10468,31,186.0,1.55,2.59005,0.603028
cold,0,1,0,0.001,0.1,512,3,5,4,256,6000,8.0,2633729,1,1,9974,1102,600007,1,4468,10468,32,192.0,1.6,2.6736,0.62147135
cold,0,1,0,0.001,0.1,512,3,5,4,256,6000,8.0,2633729,1,1,9974,1102,600007,1,4468,10468,33,198.0,1.65,2.75715,0.63871998
cold,0,1,0,0.001,0.1,512,3,5,4,256,6000,8.0,2633729,1,1,9974,1102,600007,1,4468,10468,34,204.0,1.7,2.8407,0.65492654
cold,0,1,0,0.001,0.1,512,3,5,4,256,6000,8.0,2633729,1,1,9974,1102,600007,1,4468,10468,35,210.0,1.75,2.92425,0.67126286
cold,0,1,0,0.001,0.1,512,3,5,4,256,6000,8.0,2633729,1,1,9974,1102,600007,1,4468,10468,36,216.0,1.8,3.0078,0.68864954
cold,0,1,0,0.001,0.1,512,3,5,4,256,6000,8.0,2633729,1,1,9974,1102,600007,1,4468,10468,37,222.0,1.85,3.09135,0.70863539
cold,0,1,0,0.001,0.1,512,3,5,4,256,6000,8.0,2633729,1,1,9974,1102,600007,1,4468,10468,38,228.0,1.9,3.1749,0.72986877
cold,0,1,0,0.001,0.1,512,3,5,4,256,6000,8.0,2633729,1,1,9974,1102,600007,1,4468,10468,39,234.0,1.95,3.25845,0.7493459
cold,0,1,0,0.001,0.1,512,3,5,4,256,6000,8.0,2633729,1,1,9974,1102,600007,1,4468,10468,40,240.0,2.0,3.342,0.7649858
cold,0,1,0,0.001,0.1,512,3,5,4,256,6000,8.0,2633729,1,1,9974,1102,600007,1,4468,10468,41,246.0,2.05,3.42555,0.77752632
cold,0,1,0,0.001,0.1,512,3,5,4,256,6000,8.0,2633729,1,1,9974,1102,600007,1,4468,10468,42,252.0,2.1,3.5091,0.78789353
cold,0,1,0,0.001,0.1,512,3,5,4,256,6000,8.0,2633729,1,1,9974,1102,600007,1,4468,10468,43,258.0,2.15,3.59265,0.79676259
cold,0,1,0,0.001,0.1,512,3,5,4,256,6000,8.0,2633729,1,1,9974,1102,600007,1,4468,10468,44,264.0,2.2,3.6762,0.80418175
cold,0,1,0,0.001,0.1,512,3,5,4,256,6000,8.0,2633729,1,1,9974,1102,600007,1,4468,10468,45,270.0,2.25,3.75975,0.80996978
cold,0,1,0,0.001,0.1,512,3,5,4,256,6000,8.0,2633729,1,1,9974,1102,600007,1,4468,10468,46,276.0,2.3,3.8433,0.81528413
cold,0,1,0,0.001,0.1,512,3,5,4,256,6000,8.0,2633729,1,1,9974,1102,600007,1,4468,10468,47,282.0,2.35,3.92685,0.82253939
cold,0,1,0,0.001,0.1,512,3,5,4,256,6000,8.0,2633729,1,1,9974,1102,600007,1,4468,10468,48,288.0,2.4,4.0104,0.83124751
cold,0,1,0,0.001,0.1,512,3,5,4,256,6000,8.0,2633729,1,1,9974,1102,600007,1,4468,10468,49,294.0,2.45,4.09395,0.8418076
cold,0,1,0,0.001,0.1,512,3,5,4,256,6000,8.0,2633729,1,1,9974,1102,600007,1,4468,10468,50,300.0,2.5,4.1775,0.85311866
cold,0,1,0,0.001,0.1,512,3,5,4,256,6000,8.0,2633729,1,1,9974,1102,600007,1,4468,10468,51,306.0,2.55,4.26105,0.86308759
cold,0,1,0,0.001,0.1,512,3,5,4,256,6000,8.0,2633729,1,1,9974,1102,600007,1,4468,10468,52,312.0,2.6,4.3446,0.87089854
cold,0,1,0,0.001,0.1,512,3,5,4,256,6000,8.0,2633729,1,1,9974,1102,600007,1,4468,10468,53,318.0,2.65,4.42815,0.87607157
cold,0,1,0,0.001,0.1,512,3,5,4,256,6000,8.0,2633729,1,1,9974,1102,600007,1,4468,10468,54,324.0,2.7,4.5117,0.88046587
cold,0,1,0,0.001,0.1,512,3,5,4,256,6000,8.0,2633729,1,1,9974,1102,600007,1,4468,10468,55,330.0,2.75,4.59525,0.88711184
cold,0,1,0,0.001,0.1,512,3,5,4,256,6000,8.0,2633729,1,1,9974,1102,600007,1,4468,10468,56,336.0,2.8,4.6788,0.89500213
cold,0,1,0,0.001,0.1,512,3,5,4,256,6000,8.0,2633729,1,1,9974,1102,600007,1,4468,10468,57,342.0,2.85,4.76235,0.90193242
cold,0,1,0,0.001,0.1,512,3,5,4,256,6000,8.0,2633729,1,1,9974,1102,600007,1,4468,10468,58,348.0,2.9,4.8459,0.90726954
cold,0,1,0,0.001,0.1,512,3,5,4,256,6000,8.0,2633729,1,1,9974,1102,600007,1,4468,10468,59,354.0,2.95,4.92945,0.91165996
cold,0,1,0,0.001,0.1,512,3,5,4,256,6000,8.0,2633729,1,1,9974,1102,600007,1,4468,10468,60,360.0,3.0,5.013,0.91699755
cold,0,1,0,0.001,0.1,512,3,5,4,256,6000,8.0,2633729,1,1,9974,1102,600007,1,4468,10468,61,366.0,3.05,5.09655,0.9249047
cold,0,1,0,0.001,0.1,512,3,5,4,256,6000,8.0,2633729,1,1,9974,1102,600007,1,4468,10468,62,372.0,3.1,5.1801,0.93351895
cold,0,1,0,0.001,0.1,512,3,5,4,256,6000,8.0,2633729,1,1,9974,1102,600007,1,4468,10468,63,378.0,3.15,5.26365,0.94144076
cold,0,1,0,0.001,0.1,512,3,5,4,256,6000,8.0,2633729,1,1,9974,1102,600007,1,4468,10468,64,384.0,3.2,5.3472,0.94788039
cold,0,1,0,0.001,0.1,512,3,5,4,256,6000,8.0,2633729,1,1,9974,1102,600007,1,4468,10468,65,390.0,3.25,5.43075,0.95441902
cold,0,1,0,0.001,0.1,512,3,5,4,256,6000,8.0,2633729,1,1,9974,1102,600007,1,4468,10468,66,396.0,3.3,5.5143,0.95960081
cold,0,1,0,0.001,0.1,512,3,5,4,256,6000,8.0,2633729,1,1,9974,1102,600007,1,4468,10468,67,402.0,3.35,5.59785,0.96402448
cold,0,1,0,0.001,0.1,512,3,5,4,256,6000,8.0,2633729,1,1,9974,1102,600007,1,4468,10468,68,408.0,3.4,5.6814,0.96782696
cold,0,1,0,0.001,0.1,512,3,5,4,256,6000,8.0,2633729,1,1,9974,1102,600007,1,4468,10468,69,414.0,3.45,5.76495,0.97242314
cold,0,1,0,0.001,0.1,512,3,5,4,256,6000,8.0,2633729,1,1,9974,1102,600007,1,4468,10468,70,420.0,3.5,5.8485,0.97703034
cold,0,1,0,0.001,0.1,512,3,5,4,256,6000,8.0,2633729,1,1,9974,1102,600007,1,4468,10468,71,426.0,3.55,5.93205,0.98047853
cold,0,1,0,0.001,0.1,512,3,5,4,256,6000,8.0,2633729,1,1,9974,1102,600007,1,4468,10468,72,432.0,3.6,6.0156,0.98238558
cold,0,1,0,0.001,0.1,512,3,5,4,256,6000,8.0,2633729,1,1,9974,1102,600007,1,4468,10468,73,438.0,3.65,6.09915,0.98489815
cold,0,1,0,0.001,0.1,512,3,5,4,256,6000,8.0,2633729,1,1,9974,1102,600007,1,4468,10468,74,444.0,3.7,6.1827,0.989191
cold,0,1,0,0.001,0.1,512,3,5,4,256,6000,8.0,2633729,1,1,9974,1102,600007,1,4468,10468,75,450.0,3.75,6.26625,0.99391478
cold,0,1,0,0.001,0.1,512,3,5,4,256,6000,8.0,2633729,1,1,9974,1102,600007,1,4468,10468,76,456.0,3.8,6.3498,0.99782717
cold,0,1,0,0.001,0.1,512,3,5,4,256,6000,8.0,2633729,1,1,9974,1102,600007,1,4468,10468,77,462.0,3.85,6.43335,0.99874818
cold,0,1,0,0.001,0.1,512,3,5,4,256,6000,8.0,2633729,1,1,9974,1102,600007,1,4468,10468,78,468.0,3.9,6.5169,0.99544263
cold,0,1,0,0.001,0.1,512,3,5,4,256,6000,8.0,2633729,1,1,9974,1102,600007,1,4468,10468,79,474.0,3.95,6.60045,0.99006426
cold,0,1,0,0.001,0.1,512,3,5,4,256,6000,8.0,2633729,1,1,9974,1102,600007,1,4468,10468,80,480.0,4.0,6.684,0.98659754
cold,0,1,0,0.001,0.1,512,3,5,4,256,6000,8.0,2633729,1,1,9974,1102,600007,1,4468,10468,81,486.0,4.05,6.76755,0.98700899
cold,0,1,0,0.001,0.1,512,3,5,4,256,6000,8.0,2633729,1,1,9974,1102,600007,1,4468,10468,82,492.0,4.1,6.8511,0.99031192
cold,0,1,0,0.001,0.1,512,3,5,4,256,6000,8.0,2633729,1,1,9974,1102,600007,1,4468,10468,83,498.0,4.15,6.93465,0.99406135
cold,0,1,0,0.001,0.1,512,3,5,4,256,6000,8.0,2633729,1,1,9974,1102,600007,1,4468,10468,84,504.0,4.2,7.0182,0.9969005
cold,0,1,0,0.001,0.1,512,3,5,4,256,6000,8.0,2633729,1,1,9974,1102,600007,1,4468,10468,85,510.0,4.25,7.10175,0.99763173
cold,0,1,0,0.001,0.1,512,3,5,4,256,6000,8.0,2633729,1,1,9974,1102,600007,1,4468,10468,86,516.0,4.3,7.1853,0.99454325
cold,0,1,0,0.001,0.1,512,3,5,4,256,6000,8.0,2633729,1,1,9974,1102,600007,1,4468,10468,87,522.0,4.35,7.26885,0.98738086
cold,0,1,0,0.001,0.1,512,3,5,4,256,6000,8.0,2633729,1,1,9974,1102,600007,1,4468,10468,88,528.0,4.4,7.3524,0.97895396
cold,0,1,0,0.001,0.1,512,3,5,4,256,6000,8.0,2633729,1,1,9974,1102,600007,1,4468,10468,89,534.0,4.45,7.43595,0.97128409
cold,0,1,0,0.001,0.1,512,3,5,4,256,6000,8.0,2633729,1,1,9974,1102,600007,1,4468,10468,90,540.0,4.5,7.5195,0.96644294
cold,0,1,0,0.001,0.1,512,3,5,4,256,6000,8.0,2633729,1,1,9974,1102,600007,1,4468,10468,91,546.0,4.55,7.60305,0.96543145
cold,0,1,0,0.001,0.1,512,3,5,4,256,6000,8.0,2633729,1,1,9974,1102,600007,1,4468,10468,92,552.0,4.6,7.6866,0.96769387
cold,0,1,0,0.001,0.1,512,3,5,4,256,6000,8.0,2633729,1,1,9974,1102,600007,1,4468,10468,93,558.0,4.65,7.77015,0.97145736
cold,0,1,0,0.001,0.1,512,3,5,4,256,6000,8.0,2633729,1,1,9974,1102,600007,1,4468,10468,94,564.0,4.7,7.8537,0.97564733
cold,0,1,0,0.001,0.1,512,3,5,4,256,6000,8.0,2633729,1,1,9974,1102,600007,1,4468,10468,95,570.0,4.75,7.93725,0.97855777
cold,0,1,0,0.001,0.1,512,3,5,4,256,6000,8.0,2633729,1,1,9974,1102,600007,1,4468,10468,96,576.0,4.8,8.0208,0.97654307
cold,0,1,0,0.001,0.1,512,3,5,4,256,6000,8.0,2633729,1,1,9974,1102,600007,1,4468,10468,97,582.0,4.85,8.10435,0.97079617
cold,0,1,0,0.001,0.1,512,3,5,4,256,6000,8.0,2633729,1,1,9974,1102,600007,1,4468,10468,98,588.0,4.9,8.1879,0.96696073
cold,0,1,0,0.001,0.1,512,3,5,4,256,6000,8.0,2633729,1,1,9974,1102,600007,1,4468,10468,99,594.0,4.95,8.27145,0.96875751
cold,0,1,0,0.001,0.1,512,3,5,4,256,6000,8.0,2633729,1,1,9974,1102,600007,1,4468,10468,100,600.0,5.0,8.355,0.97453558
cold,0,1,0,0.001,0.1,512,3,5,4,256,6000,8.0,2633729,1,1,9974,1102,600007,1,4468,10468,101,606.0,5.05,8.43855,0.98154533
cold,0,1,0,0.001,0.1,512,3,5,4,256,6000,8.0,2633729,1,1,9974,1102,600007,1,4468,10468,102,612.0,5.1,8.5221,0.98883593
cold,0,1,0,0.001,0.1,512,3,5,4,256,6000,8.0,2633729,1,1,9974,1102,600007,1,4468,10468,103,618.0,5.15,8.60565,0.99435151
cold,0,1,0,0.001,0.1,512,3,5,4,256,6000,8.0,2633729,1,1,9974,1102,600007,1,4468,10468,104,624.0,5.2,8.6892,0.99583572
cold,0,1,0,0.001,0.1,512,3,5,4,256,6000,8.0,2633729,1,1,9974,1102,600007,1,4468,10468,105,630.0,5.25,8.77275,0.99347758
cold,0,1,0,0.001,0.1,512,3,5,4,256,6000,8.0,2633729,1,1,9974,1102,600007,1,4468,10468,106,636.0,5.3,8.8563,0.98913276
cold,0,1,0,0.001,0.1,512,3,5,4,256,6000,8.0,2633729,1,1,9974,1102,600007,1,4468,10468,107,642.0,5.35,8.93985,0.98505205
cold,0,1,0,0.001,0.1,512,3,5,4,256,6000,8.0,2633729,1,1,9974,1102,600007,1,4468,10468,108,648.0,5.4,9.0234,0.98348796
cold,0,1,0,0.001,0.1,512,3,5,4,256,6000,8.0,2633729,1,1,9974,1102,600007,1,4468,10468,109,654.0,5.45,9.10695,0.98197788
cold,0,1,0,0.001,0.1,512,3,5,4,256,6000,8.0,2633729,1,1,9974,1102,600007,1,4468,10468,110,660.0,5.5,9.1905,0.98010039
cold,0,1,0,0.001,0.1,512,3,5,4,256,6000,8.0,2633729,1,1,9974,1102,600007,1,4468,10468,111,666.0,5.55,9.27405,0.97882116
cold,0,1,0,0.001,0.1,512,3,5,4,256,6000,8.0,2633729,1,1,9974,1102,600007,1,4468,10468,112,672.0,5.6,9.3576,0.97922611
cold,0,1,0,0.001,0.1,512,3,5,4,256,6000,8.0,2633729,1,1,9974,1102,600007,1,4468,10468,113,678.0,5.65,9.44115,0.98270446
cold,0,1,0,0.001,0.1,512,3,5,4,256,6000,8.0,2633729,1,1,9974,1102,600007,1,4468,10468,114,684.0,5.7,9.5247,0.98736745
cold,0,1,0,0.001,0.1,512,3,5,4,256,6000,8.0,2633729,1,1,9974,1102,600007,1,4468,10468,115,690.0,5.75,9.60825,0.99142057
cold,0,1,0,0.001,0.1,512,3,5,4,256,6000,8.0,2633729,1,1,9974,1102,600007,1,4468,10468,116,696.0,5.8,9.6918,0.99415994
cold,0,1,0,0.001,0.1,512,3,5,4,256,6000,8.0,2633729,1,1,9974,1102,600007,1,4468,10468,117,702.0,5.85,9.77535,0.99575514
cold,0,1,0,0.001,0.1,512,3,5,4,256,6000,8.0,2633729,1,1,9974,1102,600007,1,4468,10468,118,708.0,5.9,9.8589,0.99674213
cold,0,1,0,0.001,0.1,512,3,5,4,256,6000,8.0,2633729,1,1,9974,1102,600007,1,4468,10468,119,714.0,5.95,9.94245,0.99801642
cold,0,1,0,0.001,0.1,512,3,5,4,256,6000,8.0,2633729,1,1,9974,1102,600007,1,4468,10468,120,720.0,6.0,10.026,0.99801546
cold,0,1,0,0.001,0.1,512,3,5,4,256,6000,8.0,2633729,1,1,9974,1102,600007,1,6000,12000,1,6.0,0.05,0.08355,0.0851896
cold,0,1,0,0.001,0.1,512,3,5,4,256,6000,8.0,2633729,1,1,9974,1102,600007,1,6000,12000,2,12.0,0.1,0.1671,0.0918826
cold,0,1,0,0.001,0.1,512,3,5,4,256,6000,8.0,2633729,1,1,9974,1102,600007,1,6000,12000,3,18.0,0.15,0.25065,0.09970473
cold,0,1,0,0.001,0.1,512,3,5,4,256,6000,8.0,2633729,1,1,9974,1102,600007,1,6000,12000,4,24.0,0.2,0.3342,0.1121555
cold,0,1,0,0.001,0.1,512,3,5,4,256,6000,8.0,2633729,1,1,9974,1102,600007,1,6000,12000,5,30.0,0.25,0.41775,0.1247374
cold,0,1,0,0.001,0.1,512,3,5,4,256,6000,8.0,2633729,1,1,9974,1102,600007,1,6000,12000,6,36.0,0.3,0.5013,0.14076719
cold,0,1,0,0.001,0.1,512,3,5,4,256,6000,8.0,2633729,1,1,9974,1102,600007,1,6000,12000,7,42.0,0.35,0.58485,0.15643762
cold,0,1,0,0.001,0.1,512,3,5,4,256,6000,8.0,2633729,1,1,9974,1102,600007,1,6000,12000,8,48.0,0.4,0.6684,0.17550196
cold,0,1,0,0.001,0.1,512,3,5,4,256,6000,8.0,2633729,1,1,9974,1102,600007,1,6000,12000,9,54.0,0.45,0.75195,0.1970315
cold,0,1,0,0.001,0.1,512,3,5,4,256,6000,8.0,2633729,1,1,9974,1102,600007,1,6000,12000,10,60.0,0.5,0.8355,0.21788603
cold,0,1,0,0.001,0.1,512,3,5,4,256,6000,8.0,2633729,1,1,9974,1102,600007,1,6000,12000,11,66.0,0.55,0.91905,0.24011153
cold,0,1,0,0.001,0.1,512,3,5,4,256,6000,8.0,2633729,1,1,9974,1102,600007,1,6000,12000,12,72.0,0.6,1.0026,0.26507083
cold,0,1,0,0.001,0.1,512,3,5,4,256,6000,8.0,2633729,1,1,9974,1102,600007,1,6000,12000,13,78.0,0.65,1.08615,0.29042941
cold,0,1,0,0.001,0.1,512,3,5,4,256,6000,8.0,2633729,1,1,9974,1102,600007,1,6000,12000,14,84.0,0.7,1.1697,0.31608957
cold,0,1,0,0.001,0.1,512,3,5,4,256,6000,8.0,2633729,1,1,9974,1102,600007,1,6000,12000,15,90.0,0.75,1.25325,0.3441647
cold,0,1,0,0.001,0.1,512,3,5,4,256,6000,8.0,2633729,1,1,9974,1102,600007,1,6000,12000,16,96.0,0.8,1.3368,0.3738966
cold,0,1,0,0.001,0.1,512,3,5,4,256,6000,8.0,2633729,1,1,9974,1102,600007,1,6000,12000,17,102.0,0.85,1.42035,0.40167707
cold,0,1,0,0.001,0.1,512,3,5,4,256,6000,8.0,2633729,1,1,9974,1102,600007,1,6000,12000,18,108.0,0.9,1.5039,0.43235588
cold,0,1,0,0.001,0.1,512,3,5,4,256,6000,8.0,2633729,1,1,9974,1102,600007,1,6000,12000,19,114.0,0.95,1.58745,0.45863008
cold,0,1,0,0.001,0.1,512,3,5,4,256,6000,8.0,2633729,1,1,9974,1102,600007,1,6000,12000,20,120.0,1.0,1.671,0.48169833
cold,0,1,0,0.001,0.1,512,3,5,4,256,6000,8.0,2633729,1,1,9974,1102,600007,1,6000,12000,21,126.0,1.05,1.75455,0.50261545
cold,0,1,0,0.001,0.1,512,3,5,4,256,6000,8.0,2633729,1,1,9974,1102,600007,1,6000,12000,22,132.0,1.1,1.8381,0.52587974
cold,0,1,0,0.001,0.1,512,3,5,4,256,6000,8.0,2633729,1,1,9974,1102,600007,1,6000,12000,23,138.0,1.15,1.92165,0.55395043
cold,0,1,0,0.001,0.1,512,3,5,4,256,6000,8.0,2633729,1,1,9974,1102,600007,1,6000,12000,24,144.0,1.2,2.0052,0.57681793
cold,0,1,0,0.001,0.1,512,3,5,4,256,6000,8.0,2633729,1,1,9974,1102,600007,1,6000,12000,25,150.0,1.25,2.08875,0.60100013
cold,0,1,0,0.001,0.1,512,3,5,4,256,6000,8.0,2633729,1,1,9974,1102,600007,1,6000,12000,26,156.0,1.3,2.1723,0.62387949
cold,0,1,0,0.001,0.1,512,3,5,4,256,6000,8.0,2633729,1,1,9974,1102,600007,1,6000,12000,27,162.0,1.35,2.25585,0.63924211
cold,0,1,0,0.001,0.1,512,3,5,4,256,6000,8.0,2633729,1,1,9974,1102,600007,1,6000,12000,28,168.0,1.4,2.3394,0.65592706
cold,0,1,0,0.001,0.1,512,3,5,4,256,6000,8.0,2633729,1,1,9974,1102,600007,1,6000,12000,29,174.0,1.45,2.42295,0.67763221
cold,0,1,0,0.001,0.1,512,3,5,4,256,6000,8.0,2633729,1,1,9974,1102,600007,1,6000,12000,30,180.0,1.5,2.5065,0.69338757
cold,0,1,0,0.001,0.1,512,3,5,4,256,6000,8.0,2633729,1,1,9974,1102,600007,1,6000,12000,31,186.0,1.55,2.59005,0.70847207
cold,0,1,0,0.001,0.1,512,3,5,4,256,6000,8.0,2633729,1,1,9974,1102,600007,1,6000,12000,32,192.0,1.6,2.6736,0.72242182
cold,0,1,0,0.001,0.1,512,3,5,4,256,6000,8.0,2633729,1,1,9974,1102,600007,1,6000,12000,33,198.0,1.65,2.75715,0.73729122
cold,0,1,0,0.001,0.1,512,3,5,4,256,6000,8.0,2633729,1,1,9974,1102,600007,1,6000,12000,34,204.0,1.7,2.8407,0.74674839
cold,0,1,0,0.001,0.1,512,3,5,4,256,6000,8.0,2633729,1,1,9974,1102,600007,1,6000,12000,35,210.0,1.75,2.92425,0.75574899
cold,0,1,0,0.001,0.1,512,3,5,4,256,6000,8.0,2633729,1,1,9974,1102,600007,1,6000,12000,36,216.0,1.8,3.0078,0.76392061
cold,0,1,0,0.001,0.1,512,3,5,4,256,6000,8.0,2633729,1,1,9974,1102,600007,1,6000,12000,37,222.0,1.85,3.09135,0.77720714
cold,0,1,0,0.001,0.1,512,3,5,4,256,6000,8.0,2633729,1,1,9974,1102,600007,1,6000,12000,38,228.0,1.9,3.1749,0.79228967
cold,0,1,0,0.001,0.1,512,3,5,4,256,6000,8.0,2633729,1,1,9974,1102,600007,1,6000,12000,39,234.0,1.95,3.25845,0.80612934
cold,0,1,0,0.001,0.1,512,3,5,4,256,6000,8.0,2633729,1,1,9974,1102,600007,1,6000,12000,40,240.0,2.0,3.342,0.81598336
cold,0,1,0,0.001,0.1,512,3,5,4,256,6000,8.0,2633729,1,1,9974,1102,600007,1,6000,12000,41,246.0,2.05,3.42555,0.82710934
cold,0,1,0,0.001,0.1,512,3,5,4,256,6000,8.0,2633729,1,1,9974,1102,600007,1,6000,12000,42,252.0,2.1,3.5091,0.84193224
cold,0,1,0,0.001,0.1,512,3,5,4,256,6000,8.0,2633729,1,1,9974,1102,600007,1,6000,12000,43,258.0,2.15,3.59265,0.85534191
cold,0,1,0,0.001,0.1,512,3,5,4,256,6000,8.0,2633729,1,1,9974,1102,600007,1,6000,12000,44,264.0,2.2,3.6762,0.86591733
cold,0,1,0,0.001,0.1,512,3,5,4,256,6000,8.0,2633729,1,1,9974,1102,600007,1,6000,12000,45,270.0,2.25,3.75975,0.87631309
cold,0,1,0,0.001,0.1,512,3,5,4,256,6000,8.0,2633729,1,1,9974,1102,600007,1,6000,12000,46,276.0,2.3,3.8433,0.88295716
cold,0,1,0,0.001,0.1,512,3,5,4,256,6000,8.0,2633729,1,1,9974,1102,600007,1,6000,12000,47,282.0,2.35,3.92685,0.88948792
cold,0,1,0,0.001,0.1,512,3,5,4,256,6000,8.0,2633729,1,1,9974,1102,600007,1,6000,12000,48,288.0,2.4,4.0104,0.8947466
cold,0,1,0,0.001,0.1,512,3,5,4,256,6000,8.0,2633729,1,1,9974,1102,600007,1,6000,12000,49,294.0,2.45,4.09395,0.89476663
cold,0,1,0,0.001,0.1,512,3,5,4,256,6000,8.0,2633729,1,1,9974,1102,600007,1,6000,12000,50,300.0,2.5,4.1775,0.89243335
cold,0,1,0,0.001,0.1,512,3,5,4,256,6000,8.0,2633729,1,1,9974,1102,600007,1,6000,12000,51,306.0,2.55,4.26105,0.88713235
cold,0,1,0,0.001,0.1,512,3,5,4,256,6000,8.0,2633729,1,1,9974,1102,600007,1,6000,12000,52,312.0,2.6,4.3446,0.88730794
cold,0,1,0,0.001,0.1,512,3,5,4,256,6000,8.0,2633729,1,1,9974,1102,600007,1,6000,12000,53,318.0,2.65,4.42815,0.88979816
cold,0,1,0,0.001,0.1,512,3,5,4,256,6000,8.0,2633729,1,1,9974,1102,600007,1,6000,12000,54,324.0,2.7,4.5117,0.89875114
cold,0,1,0,0.001,0.1,512,3,5,4,256,6000,8.0,2633729,1,1,9974,1102,600007,1,6000,12000,55,330.0,2.75,4.59525,0.91185164
cold,0,1,0,0.001,0.1,512,3,5,4,256,6000,8.0,2633729,1,1,9974,1102,600007,1,6000,12000,56,336.0,2.8,4.6788,0.92201996
cold,0,1,0,0.001,0.1,512,3,5,4,256,6000,8.0,2633729,1,1,9974,1102,600007,1,6000,12000,57,342.0,2.85,4.76235,0.92701077
cold,0,1,0,0.001,0.1,512,3,5,4,256,6000,8.0,2633729,1,1,9974,1102,600007,1,6000,12000,58,348.0,2.9,4.8459,0.92854702
cold,0,1,0,0.001,0.1,512,3,5,4,256,6000,8.0,2633729,1,1,9974,1102,600007,1,6000,12000,59,354.0,2.95,4.92945,0.93030167
cold,0,1,0,0.001,0.1,512,3,5,4,256,6000,8.0,2633729,1,1,9974,1102,600007,1,6000,12000,60,360.0,3.0,5.013,0.93237859
cold,0,1,0,0.001,0.1,512,3,5,4,256,6000,8.0,2633729,1,1,9974,1102,600007,1,6000,12000,61,366.0,3.05,5.09655,0.93367165
cold,0,1,0,0.001,0.1,512,3,5,4,256,6000,8.0,2633729,1,1,9974,1102,600007,1,6000,12000,62,372.0,3.1,5.1801,0.93795037
cold,0,1,0,0.001,0.1,512,3,5,4,256,6000,8.0,2633729,1,1,9974,1102,600007,1,6000,12000,63,378.0,3.15,5.26365,0.938658
cold,0,1,0,0.001,0.1,512,3,5,4,256,6000,8.0,2633729,1,1,9974,1102,600007,1,6000,12000,64,384.0,3.2,5.3472,0.94199091
cold,0,1,0,0.001,0.1,512,3,5,4,256,6000,8.0,2633729,1,1,9974,1102,600007,1,6000,12000,65,390.0,3.25,5.43075,0.94114882
cold,0,1,0,0.001,0.1,512,3,5,4,256,6000,8.0,2633729,1,1,9974,1102,600007,1,6000,12000,66,396.0,3.3,5.5143,0.94283253
cold,0,1,0,0.001,0.1,512,3,5,4,256,6000,8.0,2633729,1,1,9974,1102,600007,1,6000,12000,67,402.0,3.35,5.59785,0.94771403
cold,0,1,0,0.001,0.1,512,3,5,4,256,6000,8.0,2633729,1,1,9974,1102,600007,1,6000,12000,68,408.0,3.4,5.6814,0.95039701
cold,0,1,0,0.001,0.1,512,3,5,4,256,6000,8.0,2633729,1,1,9974,1102,600007,1,6000,12000,69,414.0,3.45,5.76495,0.95773911
cold,0,1,0,0.001,0.1,512,3,5,4,256,6000,8.0,2633729,1,1,9974,1102,600007,1,6000,12000,70,420.0,3.5,5.8485,0.96387511
cold,0,1,0,0.001,0.1,512,3,5,4,256,6000,8.0,2633729,1,1,9974,1102,600007,1,6000,12000,71,426.0,3.55,5.93205,0.97059155
cold,0,1,0,0.001,0.1,512,3,5,4,256,6000,8.0,2633729,1,1,9974,1102,600007,1,6000,12000,72,432.0,3.6,6.0156,0.97200811
cold,0,1,0,0.001,0.1,512,3,5,4,256,6000,8.0,2633729,1,1,9974,1102,600007,1,6000,12000,73,438.0,3.65,6.09915,0.96983594
cold,0,1,0,0.001,0.1,512,3,5,4,256,6000,8.0,2633729,1,1,9974,1102,600007,1,6000,12000,74,444.0,3.7,6.1827,0.9747591
cold,0,1,0,0.001,0.1,512,3,5,4,256,6000,8.0,2633729,1,1,9974,1102,600007,1,6000,12000,75,450.0,3.75,6.26625,0.97989154
cold,0,1,0,0.001,0.1,512,3,5,4,256,6000,8.0,2633729,1,1,9974,1102,600007,1,6000,12000,76,456.0,3.8,6.3498,0.9889043
cold,0,1,0,0.001,0.1,512,3,5,4,256,6000,8.0,2633729,1,1,9974,1102,600007,1,6000,12000,77,462.0,3.85,6.43335,0.99745566
cold,0,1,0,0.001,0.1,512,3,5,4,256,6000,8.0,2633729,1,1,9974,1102,600007,1,6000,12000,78,468.0,3.9,6.5169,0.99947631
cold,0,1,0,0.001,0.1,512,3,5,4,256,6000,8.0,2633729,1,1,9974,1102,600007,1,6000,12000,79,474.0,3.95,6.60045,0.99830931
cold,0,1,0,0.001,0.1,512,3,5,4,256,6000,8.0,2633729,1,1,9974,1102,600007,1,6000,12000,80,480.0,4.0,6.684,0.98998928
cold,0,1,0,0.001,0.1,512,3,5,4,256,6000,8.0,2633729,1,1,9974,1102,600007,1,6000,12000,81,486.0,4.05,6.76755,0.97951621
cold,0,1,0,0.001,0.1,512,3,5,4,256,6000,8.0,2633729,1,1,9974,1102,600007,1,6000,12000,82,492.0,4.1,6.8511,0.9743762
cold,0,1,0,0.001,0.1,512,3,5,4,256,6000,8.0,2633729,1,1,9974,1102,600007,1,6000,12000,83,498.0,4.15,6.93465,0.96984452
cold,0,1,0,0.001,0.1,512,3,5,4,256,6000,8.0,2633729,1,1,9974,1102,600007,1,6000,12000,84,504.0,4.2,7.0182,0.9714092
cold,0,1,0,0.001,0.1,512,3,5,4,256,6000,8.0,2633729,1,1,9974,1102,600007,1,6000,12000,85,510.0,4.25,7.10175,0.97686768
cold,0,1,0,0.001,0.1,512,3,5,4,256,6000,8.0,2633729,1,1,9974,1102,600007,1,6000,12000,86,516.0,4.3,7.1853,0.98468471
cold,0,1,0,0.001,0.1,512,3,5,4,256,6000,8.0,2633729,1,1,9974,1102,600007,1,6000,12000,87,522.0,4.35,7.26885,0.9899646
cold,0,1,0,0.001,0.1,512,3,5,4,256,6000,8.0,2633729,1,1,9974,1102,600007,1,6000,12000,88,528.0,4.4,7.3524,0.99009371
cold,0,1,0,0.001,0.1,512,3,5,4,256,6000,8.0,2633729,1,1,9974,1102,600007,1,6000,12000,89,534.0,4.45,7.43595,0.99238551
cold,0,1,0,0.001,0.1,512,3,5,4,256,6000,8.0,2633729,1,1,9974,1102,600007,1,6000,12000,90,540.0,4.5,7.5195,0.99238741
cold,0,1,0,0.001,0.1,512,3,5,4,256,6000,8.0,2633729,1,1,9974,1102,600007,1,6000,12000,91,546.0,4.55,7.60305,0.98999614
cold,0,1,0,0.001,0.1,512,3,5,4,256,6000,8.0,2633729,1,1,9974,1102,600007,1,6000,12000,92,552.0,4.6,7.6866,0.99353415
cold,0,1,0,0.001,0.1,512,3,5,4,256,6000,8.0,2633729,1,1,9974,1102,600007,1,6000,12000,93,558.0,4.65,7.77015,0.99610883
cold,0,1,0,0.001,0.1,512,3,5,4,256,6000,8.0,2633729,1,1,9974,1102,600007,1,6000,12000,94,564.0,4.7,7.8537,0.99514043
cold,0,1,0,0.001,0.1,512,3,5,4,256,6000,8.0,2633729,1,1,9974,1102,600007,1,6000,12000,95,570.0,4.75,7.93725,0.99501997
cold,0,1,0,0.001,0.1,512,3,5,4,256,6000,8.0,2633729,1,1,9974,1102,600007,1,6000,12000,96,576.0,4.8,8.0208,0.99482
cold,0,1,0,0.001,0.1,512,3,5,4,256,6000,8.0,2633729,1,1,9974,1102,600007,1,6000,12000,97,582.0,4.85,8.10435,0.99585348
cold,0,1,0,0.001,0.1,512,3,5,4,256,6000,8.0,2633729,1,1,9974,1102,600007,1,6000,12000,98,588.0,4.9,8.1879,0.99503106
cold,0,1,0,0.001,0.1,512,3,5,4,256,6000,8.0,2633729,1,1,9974,1102,600007,1,6000,12000,99,594.0,4.95,8.27145,0.99173278
cold,0,1,0,0.001,0.1,512,3,5,4,256,6000,8.0,2633729,1,1,9974,1102,600007,1,6000,12000,100,600.0,5.0,8.355,0.99056822
cold,0,1,0,0.001,0.1,512,3,5,4,256,6000,8.0,2633729,1,1,9974,1102,600007,1,6000,12000,101,606.0,5.05,8.43855,0.98670226
cold,0,1,0,0.001,0.1,512,3,5,4,256,6000,8.0,2633729,1,1,9974,1102,600007,1,6000,12000,102,612.0,5.1,8.5221,0.9864707
cold,0,1,0,0.001,0.1,512,3,5,4,256,6000,8.0,2633729,1,1,9974,1102,600007,1,6000,12000,103,618.0,5.15,8.60565,0.98527592
cold,0,1,0,0.001,0.1,512,3,5,4,256,6000,8.0,2633729,1,1,9974,1102,600007,1,6000,12000,104,624.0,5.2,8.6892,0.98300648
cold,0,1,0,0.001,0.1,512,3,5,4,256,6000,8.0,2633729,1,1,9974,1102,600007,1,6000,12000,105,630.0,5.25,8.77275,0.98287958
cold,0,1,0,0.001,0.1,512,3,5,4,256,6000,8.0,2633729,1,1,9974,1102,600007,1,6000,12000,106,636.0,5.3,8.8563,0.98464435
cold,0,1,0,0.001,0.1,512,3,5,4,256,6000,8.0,2633729,1,1,9974,1102,600007,1,6000,12000,107,642.0,5.35,8.93985,0.98750126
cold,0,1,0,0.001,0.1,512,3,5,4,256,6000,8.0,2633729,1,1,9974,1102,600007,1,6000,12000,108,648.0,5.4,9.0234,0.9936173
cold,0,1,0,0.001,0.1,512,3,5,4,256,6000,8.0,2633729,1,1,9974,1102,600007,1,6000,12000,109,654.0,5.45,9.10695,0.99781585
cold,0,1,0,0.001,0.1,512,3,5,4,256,6000,8.0,2633729,1,1,9974,1102,600007,1,6000,12000,110,660.0,5.5,9.1905,0.99882376
cold,0,1,0,0.001,0.1,512,3,5,4,256,6000,8.0,2633729,1,1,9974,1102,600007,1,6000,12000,111,666.0,5.55,9.27405,0.99886638
cold,0,1,0,0.001,0.1,512,3,5,4,256,6000,8.0,2633729,1,1,9974,1102,600007,1,6000,12000,112,672.0,5.6,9.3576,0.99871981
cold,0,1,0,0.001,0.1,512,3,5,4,256,6000,8.0,2633729,1,1,9974,1102,600007,1,6000,12000,113,678.0,5.65,9.44115,0.99984455
cold,0,1,0,0.001,0.1,512,3,5,4,256,6000,8.0,2633729,1,1,9974,1102,600007,1,6000,12000,114,684.0,5.7,9.5247,0.99755257
cold,0,1,0,0.001,0.1,512,3,5,4,256,6000,8.0,2633729,1,1,9974,1102,600007,1,6000,12000,115,690.0,5.75,9.60825,0.9971838
cold,0,1,0,0.001,0.1,512,3,5,4,256,6000,8.0,2633729,1,1,9974,1102,600007,1,6000,12000,116,696.0,5.8,9.6918,1.00158823
cold,0,1,0,0.001,0.1,512,3,5,4,256,6000,8.0,2633729,1,1,9974,1102,600007,1,6000,12000,117,702.0,5.85,9.77535,1.00125957
cold,0,1,0,0.001,0.1,512,3,5,4,256,6000,8.0,2633729,1,1,9974,1102,600007,1,6000,12000,118,708.0,5.9,9.8589,0.99921453
cold,0,1,0,0.001,0.1,512,3,5,4,256,6000,8.0,2633729,1,1,9974,1102,600007,1,6000,12000,119,714.0,5.95,9.94245,0.99583668
cold,0,1,0,0.001,0.1,512,3,5,4,256,6000,8.0,2633729,1,1,9974,1102,600007,1,6000,12000,120,720.0,6.0,10.026,0.99437875
cold,0,1,0,0.001,0.1,512,3,5,4,256,6000,8.0,2633729,1,1,9974,1103,600008,2,1,12001,1,6.0,0.05,0.08355,0.55785871
cold,0,1,0,0.001,0.1,512,3,5,4,256,6000,8.0,2633729,1,1,9974,1103,600008,2,1,12001,2,12.0,0.1,0.1671,1.07801294
cold,0,1,0,0.001,0.1,512,3,5,4,256,6000,8.0,2633729,1,1,9974,1103,600008,2,1,12001,3,18.0,0.15,0.25065,1.53932476
cold,0,1,0,0.001,0.1,512,3,5,4,256,6000,8.0,2633729,1,1,9974,1103,600008,2,1,12001,4,24.0,0.2,0.3342,1.97225499
cold,0,1,0,0.001,0.1,512,3,5,4,256,6000,8.0,2633729,1,1,9974,1103,600008,2,1,12001,5,30.0,0.25,0.41775,2.47769308
cold,0,1,0,0.001,0.1,512,3,5,4,256,6000,8.0,2633729,1,1,9974,1103,600008,2,1,12001,6,36.0,0.3,0.5013,3.15458441
cold,0,1,0,0.001,0.1,512,3,5,4,256,6000,8.0,2633729,1,1,9974,1103,600008,2,1,12001,7,42.0,0.35,0.58485,4.00070143
cold,0,1,0,0.001,0.1,512,3,5,4,256,6000,8.0,2633729,1,1,9974,1103,600008,2,1,12001,8,48.0,0.4,0.6684,5.05334091
cold,0,1,0,0.001,0.1,512,3,5,4,256,6000,8.0,2633729,1,1,9974,1103,600008,2,1,12001,9,54.0,0.45,0.75195,6.44760609
cold,0,1,0,0.001,0.1,512,3,5,4,256,6000,8.0,2633729,1,1,9974,1103,600008,2,1,12001,10,60.0,0.5,0.8355,8.36013508
cold,0,1,0,0.001,0.1,512,3,5,4,256,6000,8.0,2633729,1,1,9974,1103,600008,2,1,12001,11,66.0,0.55,0.91905,10.92958927
cold,0,1,0,0.001,0.1,512,3,5,4,256,6000,8.0,2633729,1,1,9974,1103,600008,2,1,12001,12,72.0,0.6,1.0026,14.33038902
cold,0,1,0,0.001,0.1,512,3,5,4,256,6000,8.0,2633729,1,1,9974,1103,600008,2,1,12001,13,78.0,0.65,1.08615,18.82694244
cold,0,1,0,0.001,0.1,512,3,5,4,256,6000,8.0,2633729,1,1,9974,1103,600008,2,1,12001,14,84.0,0.7,1.1697,24.77744484
cold,0,1,0,0.001,0.1,512,3,5,4,256,6000,8.0,2633729,1,1,9974,1103,600008,2,1,12001,15,90.0,0.75,1.25325,32.61532211
cold,0,1,0,0.001,0.1,512,3,5,4,256,6000,8.0,2633729,1,1,9974,1103,600008,2,1,12001,16,96.0,0.8,1.3368,42.87540436
cold,0,1,0,0.001,0.1,512,3,5,4,256,6000,8.0,2633729,1,1,9974,1103,600008,2,1,12001,17,102.0,0.85,1.42035,56.30097198
cold,0,1,0,0.001,0.1,512,3,5,4,256,6000,8.0,2633729,1,1,9974,1103,600008,2,1,12001,18,108.0,0.9,1.5039,73.84629059
cold,0,1,0,0.001,0.1,512,3,5,4,256,6000,8.0,2633729,1,1,9974,1103,600008,2,1,12001,19,114.0,0.95,1.58745,96.84304047
cold,0,1,0,0.001,0.1,512,3,5,4,256,6000,8.0,2633729,1,1,9974,1103,600008,2,1,12001,20,120.0,1.0,1.671,126.95928192
cold,0,1,0,0.001,0.1,512,3,5,4,256,6000,8.0,2633729,1,1,9974,1103,600008,2,1,12001,21,126.0,1.05,1.75455,166.49093628
cold,0,1,0,0.001,0.1,512,3,5,4,256,6000,8.0,2633729,1,1,9974,1103,600008,2,1,12001,22,132.0,1.1,1.8381,218.36195374
cold,0,1,0,0.001,0.1,512,3,5,4,256,6000,8.0,2633729,1,1,9974,1103,600008,2,1,12001,23,138.0,1.15,1.92165,286.58181763
cold,0,1,0,0.001,0.1,512,3,5,4,256,6000,8.0,2633729,1,1,9974,1103,600008,2,1,12001,24,144.0,1.2,2.0052,376.17190552
cold,0,1,0,0.001,0.1,512,3,5,4,256,6000,8.0,2633729,1,1,9974,1103,600008,2,1,12001,25,150.0,1.25,2.08875,494.09268188
cold,0,1,0,0.001,0.1,512,3,5,4,256,6000,8.0,2633729,1,1,9974,1103,600008,2,1,12001,26,156.0,1.3,2.1723,649.07519531
cold,0,1,0,0.001,0.1,512,3,5,4,256,6000,8.0,2633729,1,1,9974,1103,600008,2,1,12001,27,162.0,1.35,2.25585,853.10205078
cold,0,1,0,0.001,0.1,512,3,5,4,256,6000,8.0,2633729,1,1,9974,1103,600008,2,1,12001,28,168.0,1.4,2.3394,1121.49169922
cold,0,1,0,0.001,0.1,512,3,5,4,256,6000,8.0,2633729,1,1,9974,1103,600008,2,1,12001,29,174.0,1.45,2.42295,1474.85217285
cold,0,1,0,0.001,0.1,512,3,5,4,256,6000,8.0,2633729,1,1,9974,1103,600008,2,1,12001,30,180.0,1.5,2.5065,1940.03955078
cold,0,1,0,0.001,0.1,512,3,5,4,256,6000,8.0,2633729,1,1,9974,1103,600008,2,1,12001,31,186.0,1.55,2.59005,2552.40185547
cold,0,1,0,0.001,0.1,512,3,5,4,256,6000,8.0,2633729,1,1,9974,1103,600008,2,1,12001,32,192.0,1.6,2.6736,3358.76391602
cold,0,1,0,0.001,0.1,512,3,5,4,256,6000,8.0,2633729,1,1,9974,1103,600008,2,1,12001,33,198.0,1.65,2.75715,4420.29980469
cold,0,1,0,0.001,0.1,512,3,5,4,256,6000,8.0,2633729,1,1,9974,1103,600008,2,1,12001,34,204.0,1.7,2.8407,5818.65673828
cold,0,1,0,0.001,0.1,512,3,5,4,256,6000,8.0,2633729,1,1,9974,1103,600008,2,1,12001,35,210.0,1.75,2.92425,7660.38769531
cold,0,1,0,0.001,0.1,512,3,5,4,256,6000,8.0,2633729,1,1,9974,1103,600008,2,1,12001,36,216.0,1.8,3.0078,10087.16308594
cold,0,1,0,0.001,0.1,512,3,5,4,256,6000,8.0,2633729,1,1,9974,1103,600008,2,1,12001,37,222.0,1.85,3.09135,13284.02148438
cold,0,1,0,0.001,0.1,512,3,5,4,256,6000,8.0,2633729,1,1,9974,1103,600008,2,1,12001,38,228.0,1.9,3.1749,17500.20703125
cold,0,1,0,0.001,0.1,512,3,5,4,256,6000,8.0,2633729,1,1,9974,1103,600008,2,1,12001,39,234.0,1.95,3.25845,23053.30078125
cold,0,1,0,0.001,0.1,512,3,5,4,256,6000,8.0,2633729,1,1,9974,1103,600008,2,1,12001,40,240.0,2.0,3.342,30383.11132812
cold,0,1,0,0.001,0.1,512,3,5,4,256,6000,8.0,2633729,1,1,9974,1103,600008,2,1,12001,41,246.0,2.05,3.42555,40030.71875
cold,0,1,0,0.001,0.1,512,3,5,4,256,6000,8.0,2633729,1,1,9974,1103,600008,2,1,12001,42,252.0,2.1,3.5091,52769.61328125
cold,0,1,0,0.001,0.1,512,3,5,4,256,6000,8.0,2633729,1,1,9974,1103,600008,2,1,12001,43,258.0,2.15,3.59265,69540.3359375
cold,0,1,0,0.001,0.1,512,3,5,4,256,6000,8.0,2633729,1,1,9974,1103,600008,2,1,12001,44,264.0,2.2,3.6762,91692.65625
cold,0,1,0,0.001,0.1,512,3,5,4,256,6000,8.0,2633729,1,1,9974,1103,600008,2,1,12001,45,270.0,2.25,3.75975,120857.6328125
cold,0,1,0,0.001,0.1,512,3,5,4,256,6000,8.0,2633729,1,1,9974,1103,600008,2,1,12001,46,276.0,2.3,3.8433,159401.875
cold,0,1,0,0.001,0.1,512,3,5,4,256,6000,8.0,2633729,1,1,9974,1103,600008,2,1,12001,47,282.0,2.35,3.92685,210152.53125
cold,0,1,0,0.001,0.1,512,3,5,4,256,6000,8.0,2633729,1,1,9974,1103,600008,2,1,12001,48,288.0,2.4,4.0104,277255.3125
cold,0,1,0,0.001,0.1,512,3,5,4,256,6000,8.0,2633729,1,1,9974,1103,600008,2,1,12001,49,294.0,2.45,4.09395,365583.59375
cold,0,1,0,0.001,0.1,512,3,5,4,256,6000,8.0,2633729,1,1,9974,1103,600008,2,1,12001,50,300.0,2.5,4.1775,482428.46875
cold,0,1,0,0.001,0.1,512,3,5,4,256,6000,8.0,2633729,1,1,9974,1103,600008,2,1,12001,51,306.0,2.55,4.26105,636209.4375
cold,0,1,0,0.001,0.1,512,3,5,4,256,6000,8.0,2633729,1,1,9974,1103,600008,2,1,12001,52,312.0,2.6,4.3446,839722.3125
cold,0,1,0,0.001,0.1,512,3,5,4,256,6000,8.0,2633729,1,1,9974,1103,600008,2,1,12001,53,318.0,2.65,4.42815,1107584.125
cold,0,1,0,0.001,0.1,512,3,5,4,256,6000,8.0,2633729,1,1,9974,1103,600008,2,1,12001,54,324.0,2.7,4.5117,1462188.75
cold,0,1,0,0.001,0.1,512,3,5,4,256,6000,8.0,2633729,1,1,9974,1103,600008,2,1,12001,55,330.0,2.75,4.59525,1928910.875
cold,0,1,0,0.001,0.1,512,3,5,4,256,6000,8.0,2633729,1,1,9974,1103,600008,2,1,12001,56,336.0,2.8,4.6788,2546901.25
cold,0,1,0,0.001,0.1,512,3,5,4,256,6000,8.0,2633729,1,1,9974,1103,600008,2,1,12001,57,342.0,2.85,4.76235,3360349.75
cold,0,1,0,0.001,0.1,512,3,5,4,256,6000,8.0,2633729,1,1,9974,1103,600008,2,1,12001,58,348.0,2.9,4.8459,4437772.0
cold,0,1,0,0.001,0.1,512,3,5,4,256,6000,8.0,2633729,1,1,9974,1103,600008,2,1,12001,59,354.0,2.95,4.92945,5855775.5
cold,0,1,0,0.001,0.1,512,3,5,4,256,6000,8.0,2633729,1,1,9974,1103,600008,2,1,12001,60,360.0,3.0,5.013,7734945.0
cold,0,1,0,0.001,0.1,512,3,5,4,256,6000,8.0,2633729,1,1,9974,1103,600008,2,1,12001,61,366.0,3.05,5.09655,10207262.0
cold,0,1,0,0.001,0.1,512,3,5,4,256,6000,8.0,2633729,1,1,9974,1103,600008,2,1,12001,62,372.0,3.1,5.1801,13485252.0
cold,0,1,0,0.001,0.1,512,3,5,4,256,6000,8.0,2633729,1,1,9974,1103,600008,2,1,12001,63,378.0,3.15,5.26365,17797516.0
cold,0,1,0,0.001,0.1,512,3,5,4,256,6000,8.0,2633729,1,1,9974,1103,600008,2,1,12001,64,384.0,3.2,5.3472,23516160.0
cold,0,1,0,0.001,0.1,512,3,5,4,256,6000,8.0,2633729,1,1,9974,1103,600008,2,1,12001,65,390.0,3.25,5.43075,31040642.0
cold,0,1,0,0.001,0.1,512,3,5,4,256,6000,8.0,2633729,1,1,9974,1103,600008,2,1,12001,66,396.0,3.3,5.5143,41021316.0
cold,0,1,0,0.001,0.1,512,3,5,4,256,6000,8.0,2633729,1,1,9974,1103,600008,2,1,12001,67,402.0,3.35,5.59785,54152296.0
cold,0,1,0,0.001,0.1,512,3,5,4,256,6000,8.0,2633729,1,1,9974,1103,600008,2,1,12001,68,408.0,3.4,5.6814,71576808.0
cold,0,1,0,0.001,0.1,512,3,5,4,256,6000,8.0,2633729,1,1,9974,1103,600008,2,1,12001,69,414.0,3.45,5.76495,94496544.0
cold,0,1,0,0.001,0.1,512,3,5,4,256,6000,8.0,2633729,1,1,9974,1103,600008,2,1,12001,70,420.0,3.5,5.8485,124916240.0
cold,0,1,0,0.001,0.1,512,3,5,4,256,6000,8.0,2633729,1,1,9974,1103,600008,2,1,12001,71,426.0,3.55,5.93205,164930880.0
cold,0,1,0,0.001,0.1,512,3,5,4,256,6000,8.0,2633729,1,1,9974,1103,600008,2,1,12001,72,432.0,3.6,6.0156,218047120.0
cold,0,1,0,0.001,0.1,512,3,5,4,256,6000,8.0,2633729,1,1,9974,1103,600008,2,1,12001,73,438.0,3.65,6.09915,287937248.0
cold,0,1,0,0.001,0.1,512,3,5,4,256,6000,8.0,2633729,1,1,9974,1103,600008,2,1,12001,74,444.0,3.7,6.1827,380717184.0
cold,0,1,0,0.001,0.1,512,3,5,4,256,6000,8.0,2633729,1,1,9974,1103,600008,2,1,12001,75,450.0,3.75,6.26625,502814976.0
cold,0,1,0,0.001,0.1,512,3,5,4,256,6000,8.0,2633729,1,1,9974,1103,600008,2,1,12001,76,456.0,3.8,6.3498,664922240.0
cold,0,1,0,0.001,0.1,512,3,5,4,256,6000,8.0,2633729,1,1,9974,1103,600008,2,1,12001,77,462.0,3.85,6.43335,878237312.0
cold,0,1,0,0.001,0.1,512,3,5,4,256,6000,8.0,2633729,1,1,9974,1103,600008,2,1,12001,78,468.0,3.9,6.5169,1161495296.0
cold,0,1,0,0.001,0.1,512,3,5,4,256,6000,8.0,2633729,1,1,9974,1103,600008,2,1,12001,79,474.0,3.95,6.60045,1534245376.0
cold,0,1,0,0.001,0.1,512,3,5,4,256,6000,8.0,2633729,1,1,9974,1103,600008,2,1,12001,80,480.0,4.0,6.684,2029222144.0
cold,0,1,0,0.001,0.1,512,3,5,4,256,6000,8.0,2633729,1,1,9974,1103,600008,2,1,12001,81,486.0,4.05,6.76755,2680852480.0
cold,0,1,0,0.001,0.1,512,3,5,4,256,6000,8.0,2633729,1,1,9974,1103,600008,2,1,12001,82,492.0,4.1,6.8511,3546020096.0
cold,0,1,0,0.001,0.1,512,3,5,4,256,6000,8.0,2633729,1,1,9974,1103,600008,2,1,12001,83,498.0,4.15,6.93465,4685486080.0
cold,0,1,0,0.001,0.1,512,3,5,4,256,6000,8.0,2633729,1,1,9974,1103,600008,2,1,12001,84,504.0,4.2,7.0182,6198285824.0
cold,0,1,0,0.001,0.1,512,3,5,4,256,6000,8.0,2633729,1,1,9974,1103,600008,2,1,12001,85,510.0,4.25,7.10175,8190561280.0
cold,0,1,0,0.001,0.1,512,3,5,4,256,6000,8.0,2633729,1,1,9974,1103,600008,2,1,12001,86,516.0,4.3,7.1853,10836061184.0
cold,0,1,0,0.001,0.1,512,3,5,4,256,6000,8.0,2633729,1,1,9974,1103,600008,2,1,12001,87,522.0,4.35,7.26885,14319661056.0
cold,0,1,0,0.001,0.1,512,3,5,4,256,6000,8.0,2633729,1,1,9974,1103,600008,2,1,12001,88,528.0,4.4,7.3524,18945988608.0
cold,0,1,0,0.001,0.1,512,3,5,4,256,6000,8.0,2633729,1,1,9974,1103,600008,2,1,12001,89,534.0,4.45,7.43595,25040246784.0
cold,0,1,0,0.001,0.1,512,3,5,4,256,6000,8.0,2633729,1,1,9974,1103,600008,2,1,12001,90,540.0,4.5,7.5195,33131730944.0
cold,0,1,0,0.001,0.1,512,3,5,4,256,6000,8.0,2633729,1,1,9974,1103,600008,2,1,12001,91,546.0,4.55,7.60305,43796025344.0
cold,0,1,0,0.001,0.1,512,3,5,4,256,6000,8.0,2633729,1,1,9974,1103,600008,2,1,12001,92,552.0,4.6,7.6866,57952546816.0
cold,0,1,0,0.001,0.1,512,3,5,4,256,6000,8.0,2633729,1,1,9974,1103,600008,2,1,12001,93,558.0,4.65,7.77015,76614123520.0
cold,0,1,0,0.001,0.1,512,3,5,4,256,6000,8.0,2633729,1,1,9974,1103,600008,2,1,12001,94,564.0,4.7,7.8537,101384896512.0
cold,0,1,0,0.001,0.1,512,3,5,4,256,6000,8.0,2633729,1,1,9974,1103,600008,2,1,12001,95,570.0,4.75,7.93725,134042075136.0
cold,0,1,0,0.001,0.1,512,3,5,4,256,6000,8.0,2633729,1,1,9974,1103,600008,2,1,12001,96,576.0,4.8,8.0208,177382719488.0
cold,0,1,0,0.001,0.1,512,3,5,4,256,6000,8.0,2633729,1,1,9974,1103,600008,2,1,12001,97,582.0,4.85,8.10435,234542383104.0
cold,0,1,0,0.001,0.1,512,3,5,4,256,6000,8.0,2633729,1,1,9974,1103,600008,2,1,12001,98,588.0,4.9,8.1879,310388785152.0
cold,0,1,0,0.001,0.1,512,3,5,4,256,6000,8.0,2633729,1,1,9974,1103,600008,2,1,12001,99,594.0,4.95,8.27145,410468057088.0
cold,0,1,0,0.001,0.1,512,3,5,4,256,6000,8.0,2633729,1,1,9974,1103,600008,2,1,12001,100,600.0,5.0,8.355,543231836160.0
cold,0,1,0,0.001,0.1,512,3,5,4,256,6000,8.0,2633729,1,1,9974,1103,600008,2,1,12001,101,606.0,5.05,8.43855,718487879680.0
cold,0,1,0,0.001,0.1,512,3,5,4,256,6000,8.0,2633729,1,1,9974,1103,600008,2,1,12001,102,612.0,5.1,8.5221,950904356864.0
cold,0,1,0,0.001,0.1,512,3,5,4,256,6000,8.0,2633729,1,1,9974,1103,600008,2,1,12001,103,618.0,5.15,8.60565,1257804922880.0
cold,0,1,0,0.001,0.1,512,3,5,4,256,6000,8.0,2633729,1,1,9974,1103,600008,2,1,12001,104,624.0,5.2,8.6892,1664724238336.0
cold,0,1,0,0.001,0.1,512,3,5,4,256,6000,8.0,2633729,1,1,9974,1103,600008,2,1,12001,105,630.0,5.25,8.77275,2202238189568.0
cold,0,1,0,0.001,0.1,512,3,5,4,256,6000,8.0,2633729,1,1,9974,1103,600008,2,1,12001,106,636.0,5.3,8.8563,2914714648576.0
cold,0,1,0,0.001,0.1,512,3,5,4,256,6000,8.0,2633729,1,1,9974,1103,600008,2,1,12001,107,642.0,5.35,8.93985,3856311255040.0
cold,0,1,0,0.001,0.1,512,3,5,4,256,6000,8.0,2633729,1,1,9974,1103,600008,2,1,12001,108,648.0,5.4,9.0234,5103951020032.0
cold,0,1,0,0.001,0.1,512,3,5,4,256,6000,8.0,2633729,1,1,9974,1103,600008,2,1,12001,109,654.0,5.45,9.10695,6753599094784.0
cold,0,1,0,0.001,0.1,512,3,5,4,256,6000,8.0,2633729,1,1,9974,1103,600008,2,1,12001,110,660.0,5.5,9.1905,8938735009792.0
cold,0,1,0,0.001,0.1,512,3,5,4,256,6000,8.0,2633729,1,1,9974,1103,600008,2,1,12001,111,666.0,5.55,9.27405,11829181939712.0
cold,0,1,0,0.001,0.1,512,3,5,4,256,6000,8.0,2633729,1,1,9974,1103,600008,2,1,12001,112,672.0,5.6,9.3576,15657057910784.0
cold,0,1,0,0.001,0.1,512,3,5,4,256,6000,8.0,2633729,1,1,9974,1103,600008,2,1,12001,113,678.0,5.65,9.44115,20721625464832.0
cold,0,1,0,0.001,0.1,512,3,5,4,256,6000,8.0,2633729,1,1,9974,1103,600008,2,1,12001,114,684.0,5.7,9.5247,27428026056704.0
cold,0,1,0,0.001,0.1,512,3,5,4,256,6000,8.0,2633729,1,1,9974,1103,600008,2,1,12001,115,690.0,5.75,9.60825,36303009742848.0
cold,0,1,0,0.001,0.1,512,3,5,4,256,6000,8.0,2633729,1,1,9974,1103,600008,2,1,12001,116,696.0,5.8,9.6918,48051645317120.0
cold,0,1,0,0.001,0.1,512,3,5,4,256,6000,8.0,2633729,1,1,9974,1103,600008,2,1,12001,117,702.0,5.85,9.77535,63606183952384.0
cold,0,1,0,0.001,0.1,512,3,5,4,256,6000,8.0,2633729,1,1,9974,1103,600008,2,1,12001,118,708.0,5.9,9.8589,84193094664192.0
cold,0,1,0,0.001,0.1,512,3,5,4,256,6000,8.0,2633729,1,1,9974,1103,600008,2,1,12001,119,714.0,5.95,9.94245,111456439762944.0
cold,0,1,0,0.001,0.1,512,3,5,4,256,6000,8.0,2633729,1,1,9974,1103,600008,2,1,12001,120,720.0,6.0,10.026,147533015810048.0
cold,0,1,0,0.001,0.1,512,3,5,4,256,6000,8.0,2633729,1,1,9974,1103,600008,2,12,12012,1,6.0,0.05,0.08355,0.16540916
cold,0,1,0,0.001,0.1,512,3,5,4,256,6000,8.0,2633729,1,1,9974,1103,600008,2,12,12012,2,12.0,0.1,0.1671,0.30502233
cold,0,1,0,0.001,0.1,512,3,5,4,256,6000,8.0,2633729,1,1,9974,1103,600008,2,12,12012,3,18.0,0.15,0.25065,0.44311932
cold,0,1,0,0.001,0.1,512,3,5,4,256,6000,8.0,2633729,1,1,9974,1103,600008,2,12,12012,4,24.0,0.2,0.3342,0.56778258
cold,0,1,0,0.001,0.1,512,3,5,4,256,6000,8.0,2633729,1,1,9974,1103,600008,2,12,12012,5,30.0,0.25,0.41775,0.67062968
cold,0,1,0,0.001,0.1,512,3,5,4,256,6000,8.0,2633729,1,1,9974,1103,600008,2,12,12012,6,36.0,0.3,0.5013,0.75435108
cold,0,1,0,0.001,0.1,512,3,5,4,256,6000,8.0,2633729,1,1,9974,1103,600008,2,12,12012,7,42.0,0.35,0.58485,0.822088
cold,0,1,0,0.001,0.1,512,3,5,4,256,6000,8.0,2633729,1,1,9974,1103,600008,2,12,12012,8,48.0,0.4,0.6684,0.87660772
cold,0,1,0,0.001,0.1,512,3,5,4,256,6000,8.0,2633729,1,1,9974,1103,600008,2,12,12012,9,54.0,0.45,0.75195,0.92066997
cold,0,1,0,0.001,0.1,512,3,5,4,256,6000,8.0,2633729,1,1,9974,1103,600008,2,12,12012,10,60.0,0.5,0.8355,0.9574579
cold,0,1,0,0.001,0.1,512,3,5,4,256,6000,8.0,2633729,1,1,9974,1103,600008,2,12,12012,11,66.0,0.55,0.91905,0.99053711
cold,0,1,0,0.001,0.1,512,3,5,4,256,6000,8.0,2633729,1,1,9974,1103,600008,2,12,12012,12,72.0,0.6,1.0026,1.023054
cold,0,1,0,0.001,0.1,512,3,5,4,256,6000,8.0,2633729,1,1,9974,1103,600008,2,12,12012,13,78.0,0.65,1.08615,1.05623734
cold,0,1,0,0.001,0.1,512,3,5,4,256,6000,8.0,2633729,1,1,9974,1103,600008,2,12,12012,14,84.0,0.7,1.1697,1.08840728
cold,0,1,0,0.001,0.1,512,3,5,4,256,6000,8.0,2633729,1,1,9974,1103,600008,2,12,12012,15,90.0,0.75,1.25325,1.1163969
cold,0,1,0,0.001,0.1,512,3,5,4,256,6000,8.0,2633729,1,1,9974,1103,600008,2,12,12012,16,96.0,0.8,1.3368,1.13841736
cold,0,1,0,0.001,0.1,512,3,5,4,256,6000,8.0,2633729,1,1,9974,1103,600008,2,12,12012,17,102.0,0.85,1.42035,1.15539527
cold,0,1,0,0.001,0.1,512,3,5,4,256,6000,8.0,2633729,1,1,9974,1103,600008,2,12,12012,18,108.0,0.9,1.5039,1.16930258
cold,0,1,0,0.001,0.1,512,3,5,4,256,6000,8.0,2633729,1,1,9974,1103,600008,2,12,12012,19,114.0,0.95,1.58745,1.18099904
cold,0,1,0,0.001,0.1,512,3,5,4,256,6000,8.0,2633729,1,1,9974,1103,600008,2,12,12012,20,120.0,1.0,1.671,1.19016778
cold,0,1,0,0.001,0.1,512,3,5,4,256,6000,8.0,2633729,1,1,9974,1103,600008,2,12,12012,21,126.0,1.05,1.75455,1.19594419
cold,0,1,0,0.001,0.1,512,3,5,4,256,6000,8.0,2633729,1,1,9974,1103,600008,2,12,12012,22,132.0,1.1,1.8381,1.19768393
cold,0,1,0,0.001,0.1,512,3,5,4,256,6000,8.0,2633729,1,1,9974,1103,600008,2,12,12012,23,138.0,1.15,1.92165,1.19701076
cold,0,1,0,0.001,0.1,512,3,5,4,256,6000,8.0,2633729,1,1,9974,1103,600008,2,12,12012,24,144.0,1.2,2.0052,1.19743693
cold,0,1,0,0.001,0.1,512,3,5,4,256,6000,8.0,2633729,1,1,9974,1103,600008,2,12,12012,25,150.0,1.25,2.08875,1.20023096
cold,0,1,0,0.001,0.1,512,3,5,4,256,6000,8.0,2633729,1,1,9974,1103,600008,2,12,12012,26,156.0,1.3,2.1723,1.20382857
cold,0,1,0,0.001,0.1,512,3,5,4,256,6000,8.0,2633729,1,1,9974,1103,600008,2,12,12012,27,162.0,1.35,2.25585,1.20690072
cold,0,1,0,0.001,0.1,512,3,5,4,256,6000,8.0,2633729,1,1,9974,1103,600008,2,12,12012,28,168.0,1.4,2.3394,1.20789754
cold,0,1,0,0.001,0.1,512,3,5,4,256,6000,8.0,2633729,1,1,9974,1103,600008,2,12,12012,29,174.0,1.45,2.42295,1.2047019
cold,0,1,0,0.001,0.1,512,3,5,4,256,6000,8.0,2633729,1,1,9974,1103,600008,2,12,12012,30,180.0,1.5,2.5065,1.19787121
cold,0,1,0,0.001,0.1,512,3,5,4,256,6000,8.0,2633729,1,1,9974,1103,600008,2,12,12012,31,186.0,1.55,2.59005,1.19012988
cold,0,1,0,0.001,0.1,512,3,5,4,256,6000,8.0,2633729,1,1,9974,1103,600008,2,12,12012,32,192.0,1.6,2.6736,1.18333972
cold,0,1,0,0.001,0.1,512,3,5,4,256,6000,8.0,2633729,1,1,9974,1103,600008,2,12,12012,33,198.0,1.65,2.75715,1.17838061
cold,0,1,0,0.001,0.1,512,3,5,4,256,6000,8.0,2633729,1,1,9974,1103,600008,2,12,12012,34,204.0,1.7,2.8407,1.17629576
cold,0,1,0,0.001,0.1,512,3,5,4,256,6000,8.0,2633729,1,1,9974,1103,600008,2,12,12012,35,210.0,1.75,2.92425,1.17820597
cold,0,1,0,0.001,0.1,512,3,5,4,256,6000,8.0,2633729,1,1,9974,1103,600008,2,12,12012,36,216.0,1.8,3.0078,1.18402481
cold,0,1,0,0.001,0.1,512,3,5,4,256,6000,8.0,2633729,1,1,9974,1103,600008,2,12,12012,37,222.0,1.85,3.09135,1.1911726
cold,0,1,0,0.001,0.1,512,3,5,4,256,6000,8.0,2633729,1,1,9974,1103,600008,2,12,12012,38,228.0,1.9,3.1749,1.19575739
cold,0,1,0,0.001,0.1,512,3,5,4,256,6000,8.0,2633729,1,1,9974,1103,600008,2,12,12012,39,234.0,1.95,3.25845,1.19583023
cold,0,1,0,0.001,0.1,512,3,5,4,256,6000,8.0,2633729,1,1,9974,1103,600008,2,12,12012,40,240.0,2.0,3.342,1.19245839
cold,0,1,0,0.001,0.1,512,3,5,4,256,6000,8.0,2633729,1,1,9974,1103,600008,2,12,12012,41,246.0,2.05,3.42555,1.18813407
cold,0,1,0,0.001,0.1,512,3,5,4,256,6000,8.0,2633729,1,1,9974,1103,600008,2,12,12012,42,252.0,2.1,3.5091,1.18580532
cold,0,1,0,0.001,0.1,512,3,5,4,256,6000,8.0,2633729,1,1,9974,1103,600008,2,12,12012,43,258.0,2.15,3.59265,1.18644333
cold,0,1,0,0.001,0.1,512,3,5,4,256,6000,8.0,2633729,1,1,9974,1103,600008,2,12,12012,44,264.0,2.2,3.6762,1.18755448
cold,0,1,0,0.001,0.1,512,3,5,4,256,6000,8.0,2633729,1,1,9974,1103,600008,2,12,12012,45,270.0,2.25,3.75975,1.18664634
cold,0,1,0,0.001,0.1,512,3,5,4,256,6000,8.0,2633729,1,1,9974,1103,600008,2,12,12012,46,276.0,2.3,3.8433,1.18401098
cold,0,1,0,0.001,0.1,512,3,5,4,256,6000,8.0,2633729,1,1,9974,1103,600008,2,12,12012,47,282.0,2.35,3.92685,1.18208981
cold,0,1,0,0.001,0.1,512,3,5,4,256,6000,8.0,2633729,1,1,9974,1103,600008,2,12,12012,48,288.0,2.4,4.0104,1.18315315
cold,0,1,0,0.001,0.1,512,3,5,4,256,6000,8.0,2633729,1,1,9974,1103,600008,2,12,12012,49,294.0,2.45,4.09395,1.18614984
cold,0,1,0,0.001,0.1,512,3,5,4,256,6000,8.0,2633729,1,1,9974,1103,600008,2,12,12012,50,300.0,2.5,4.1775,1.18775547
cold,0,1,0,0.001,0.1,512,3,5,4,256,6000,8.0,2633729,1,1,9974,1103,600008,2,12,12012,51,306.0,2.55,4.26105,1.18656838
cold,0,1,0,0.001,0.1,512,3,5,4,256,6000,8.0,2633729,1,1,9974,1103,600008,2,12,12012,52,312.0,2.6,4.3446,1.18471718
cold,0,1,0,0.001,0.1,512,3,5,4,256,6000,8.0,2633729,1,1,9974,1103,600008,2,12,12012,53,318.0,2.65,4.42815,1.18535984
cold,0,1,0,0.001,0.1,512,3,5,4,256,6000,8.0,2633729,1,1,9974,1103,600008,2,12,12012,54,324.0,2.7,4.5117,1.18902278
cold,0,1,0,0.001,0.1,512,3,5,4,256,6000,8.0,2633729,1,1,9974,1103,600008,2,12,12012,55,330.0,2.75,4.59525,1.19367898
cold,0,1,0,0.001,0.1,512,3,5,4,256,6000,8.0,2633729,1,1,9974,1103,600008,2,12,12012,56,336.0,2.8,4.6788,1.19656181
cold,0,1,0,0.001,0.1,512,3,5,4,256,6000,8.0,2633729,1,1,9974,1103,600008,2,12,12012,57,342.0,2.85,4.76235,1.19658387
cold,0,1,0,0.001,0.1,512,3,5,4,256,6000,8.0,2633729,1,1,9974,1103,600008,2,12,12012,58,348.0,2.9,4.8459,1.19599462
cold,0,1,0,0.001,0.1,512,3,5,4,256,6000,8.0,2633729,1,1,9974,1103,600008,2,12,12012,59,354.0,2.95,4.92945,1.19722021
cold,0,1,0,0.001,0.1,512,3,5,4,256,6000,8.0,2633729,1,1,9974,1103,600008,2,12,12012,60,360.0,3.0,5.013,1.20062506
cold,0,1,0,0.001,0.1,512,3,5,4,256,6000,8.0,2633729,1,1,9974,1103,600008,2,12,12012,61,366.0,3.05,5.09655,1.2045058
cold,0,1,0,0.001,0.1,512,3,5,4,256,6000,8.0,2633729,1,1,9974,1103,600008,2,12,12012,62,372.0,3.1,5.1801,1.20555353
cold,0,1,0,0.001,0.1,512,3,5,4,256,6000,8.0,2633729,1,1,9974,1103,600008,2,12,12012,63,378.0,3.15,5.26365,1.20238554
cold,0,1,0,0.001,0.1,512,3,5,4,256,6000,8.0,2633729,1,1,9974,1103,600008,2,12,12012,64,384.0,3.2,5.3472,1.19780517
cold,0,1,0,0.001,0.1,512,3,5,4,256,6000,8.0,2633729,1,1,9974,1103,600008,2,12,12012,65,390.0,3.25,5.43075,1.19616652
cold,0,1,0,0.001,0.1,512,3,5,4,256,6000,8.0,2633729,1,1,9974,1103,600008,2,12,12012,66,396.0,3.3,5.5143,1.19928575
cold,0,1,0,0.001,0.1,512,3,5,4,256,6000,8.0,2633729,1,1,9974,1103,600008,2,12,12012,67,402.0,3.35,5.59785,1.20631993
cold,0,1,0,0.001,0.1,512,3,5,4,256,6000,8.0,2633729,1,1,9974,1103,600008,2,12,12012,68,408.0,3.4,5.6814,1.21508801
cold,0,1,0,0.001,0.1,512,3,5,4,256,6000,8.0,2633729,1,1,9974,1103,600008,2,12,12012,69,414.0,3.45,5.76495,1.22233391
cold,0,1,0,0.001,0.1,512,3,5,4,256,6000,8.0,2633729,1,1,9974,1103,600008,2,12,12012,70,420.0,3.5,5.8485,1.22577834
cold,0,1,0,0.001,0.1,512,3,5,4,256,6000,8.0,2633729,1,1,9974,1103,600008,2,12,12012,71,426.0,3.55,5.93205,1.22648346
cold,0,1,0,0.001,0.1,512,3,5,4,256,6000,8.0,2633729,1,1,9974,1103,600008,2,12,12012,72,432.0,3.6,6.0156,1.22764516
cold,0,1,0,0.001,0.1,512,3,5,4,256,6000,8.0,2633729,1,1,9974,1103,600008,2,12,12012,73,438.0,3.65,6.09915,1.23009157
cold,0,1,0,0.001,0.1,512,3,5,4,256,6000,8.0,2633729,1,1,9974,1103,600008,2,12,12012,74,444.0,3.7,6.1827,1.23126721
cold,0,1,0,0.001,0.1,512,3,5,4,256,6000,8.0,2633729,1,1,9974,1103,600008,2,12,12012,75,450.0,3.75,6.26625,1.22958648
cold,0,1,0,0.001,0.1,512,3,5,4,256,6000,8.0,2633729,1,1,9974,1103,600008,2,12,12012,76,456.0,3.8,6.3498,1.22671497
cold,0,1,0,0.001,0.1,512,3,5,4,256,6000,8.0,2633729,1,1,9974,1103,600008,2,12,12012,77,462.0,3.85,6.43335,1.22543764
cold,0,1,0,0.001,0.1,512,3,5,4,256,6000,8.0,2633729,1,1,9974,1103,600008,2,12,12012,78,468.0,3.9,6.5169,1.22726309
cold,0,1,0,0.001,0.1,512,3,5,4,256,6000,8.0,2633729,1,1,9974,1103,600008,2,12,12012,79,474.0,3.95,6.60045,1.23153579
cold,0,1,0,0.001,0.1,512,3,5,4,256,6000,8.0,2633729,1,1,9974,1103,600008,2,12,12012,80,480.0,4.0,6.684,1.23593509
cold,0,1,0,0.001,0.1,512,3,5,4,256,6000,8.0,2633729,1,1,9974,1103,600008,2,12,12012,81,486.0,4.05,6.76755,1.23896623
cold,0,1,0,0.001,0.1,512,3,5,4,256,6000,8.0,2633729,1,1,9974,1103,600008,2,12,12012,82,492.0,4.1,6.8511,1.24119461
cold,0,1,0,0.001,0.1,512,3,5,4,256,6000,8.0,2633729,1,1,9974,1103,600008,2,12,12012,83,498.0,4.15,6.93465,1.24375522
cold,0,1,0,0.001,0.1,512,3,5,4,256,6000,8.0,2633729,1,1,9974,1103,600008,2,12,12012,84,504.0,4.2,7.0182,1.24774134
cold,0,1,0,0.001,0.1,512,3,5,4,256,6000,8.0,2633729,1,1,9974,1103,600008,2,12,12012,85,510.0,4.25,7.10175,1.25310028
cold,0,1,0,0.001,0.1,512,3,5,4,256,6000,8.0,2633729,1,1,9974,1103,600008,2,12,12012,86,516.0,4.3,7.1853,1.2564199
cold,0,1,0,0.001,0.1,512,3,5,4,256,6000,8.0,2633729,1,1,9974,1103,600008,2,12,12012,87,522.0,4.35,7.26885,1.25434852
cold,0,1,0,0.001,0.1,512,3,5,4,256,6000,8.0,2633729,1,1,9974,1103,600008,2,12,12012,88,528.0,4.4,7.3524,1.24950993
cold,0,1,0,0.001,0.1,512,3,5,4,256,6000,8.0,2633729,1,1,9974,1103,600008,2,12,12012,89,534.0,4.45,7.43595,1.24873996
cold,0,1,0,0.001,0.1,512,3,5,4,256,6000,8.0,2633729,1,1,9974,1103,600008,2,12,12012,90,540.0,4.5,7.5195,1.2539103
cold,0,1,0,0.001,0.1,512,3,5,4,256,6000,8.0,2633729,1,1,9974,1103,600008,2,12,12012,91,546.0,4.55,7.60305,1.25968134
cold,0,1,0,0.001,0.1,512,3,5,4,256,6000,8.0,2633729,1,1,9974,1103,600008,2,12,12012,92,552.0,4.6,7.6866,1.26168537
cold,0,1,0,0.001,0.1,512,3,5,4,256,6000,8.0,2633729,1,1,9974,1103,600008,2,12,12012,93,558.0,4.65,7.77015,1.26021421
cold,0,1,0,0.001,0.1,512,3,5,4,256,6000,8.0,2633729,1,1,9974,1103,600008,2,12,12012,94,564.0,4.7,7.8537,1.25705576
cold,0,1,0,0.001,0.1,512,3,5,4,256,6000,8.0,2633729,1,1,9974,1103,600008,2,12,12012,95,570.0,4.75,7.93725,1.25362504
cold,0,1,0,0.001,0.1,512,3,5,4,256,6000,8.0,2633729,1,1,9974,1103,600008,2,12,12012,96,576.0,4.8,8.0208,1.25134885
cold,0,1,0,0.001,0.1,512,3,5,4,256,6000,8.0,2633729,1,1,9974,1103,600008,2,12,12012,97,582.0,4.85,8.10435,1.25099695
cold,0,1,0,0.001,0.1,512,3,5,4,256,6000,8.0,2633729,1,1,9974,1103,600008,2,12,12012,98,588.0,4.9,8.1879,1.25145364
cold,0,1,0,0.001,0.1,512,3,5,4,256,6000,8.0,2633729,1,1,9974,1103,600008,2,12,12012,99,594.0,4.95,8.27145,1.25053298
cold,0,1,0,0.001,0.1,512,3,5,4,256,6000,8.0,2633729,1,1,9974,1103,600008,2,12,12012,100,600.0,5.0,8.355,1.24724758
cold,0,1,0,0.001,0.1,512,3,5,4,256,6000,8.0,2633729,1,1,9974,1103,600008,2,12,12012,101,606.0,5.05,8.43855,1.24290109
cold,0,1,0,0.001,0.1,512,3,5,4,256,6000,8.0,2633729,1,1,9974,1103,600008,2,12,12012,102,612.0,5.1,8.5221,1.23858166
cold,0,1,0,0.001,0.1,512,3,5,4,256,6000,8.0,2633729,1,1,9974,1103,600008,2,12,12012,103,618.0,5.15,8.60565,1.23377705
cold,0,1,0,0.001,0.1,512,3,5,4,256,6000,8.0,2633729,1,1,9974,1103,600008,2,12,12012,104,624.0,5.2,8.6892,1.22875726
cold,0,1,0,0.001,0.1,512,3,5,4,256,6000,8.0,2633729,1,1,9974,1103,600008,2,12,12012,105,630.0,5.25,8.77275,1.22513962
cold,0,1,0,0.001,0.1,512,3,5,4,256,6000,8.0,2633729,1,1,9974,1103,600008,2,12,12012,106,636.0,5.3,8.8563,1.2229991
cold,0,1,0,0.001,0.1,512,3,5,4,256,6000,8.0,2633729,1,1,9974,1103,600008,2,12,12012,107,642.0,5.35,8.93985,1.21991992
cold,0,1,0,0.001,0.1,512,3,5,4,256,6000,8.0,2633729,1,1,9974,1103,600008,2,12,12012,108,648.0,5.4,9.0234,1.21536291
cold,0,1,0,0.001,0.1,512,3,5,4,256,6000,8.0,2633729,1,1,9974,1103,600008,2,12,12012,109,654.0,5.45,9.10695,1.21212888
cold,0,1,0,0.001,0.1,512,3,5,4,256,6000,8.0,2633729,1,1,9974,1103,600008,2,12,12012,110,660.0,5.5,9.1905,1.21195161
cold,0,1,0,0.001,0.1,512,3,5,4,256,6000,8.0,2633729,1,1,9974,1103,600008,2,12,12012,111,666.0,5.55,9.27405,1.21354592
cold,0,1,0,0.001,0.1,512,3,5,4,256,6000,8.0,2633729,1,1,9974,1103,600008,2,12,12012,112,672.0,5.6,9.3576,1.21523762
cold,0,1,0,0.001,0.1,512,3,5,4,256,6000,8.0,2633729,1,1,9974,1103,600008,2,12,12012,113,678.0,5.65,9.44115,1.21732318
cold,0,1,0,0.001,0.1,512,3,5,4,256,6000,8.0,2633729,1,1,9974,1103,600008,2,12,12012,114,684.0,5.7,9.5247,1.22099984
cold,0,1,0,0.001,0.1,512,3,5,4,256,6000,8.0,2633729,1,1,9974,1103,600008,2,12,12012,115,690.0,5.75,9.60825,1.2255832
cold,0,1,0,0.001,0.1,512,3,5,4,256,6000,8.0,2633729,1,1,9974,1103,600008,2,12,12012,116,696.0,5.8,9.6918,1.22936809
cold,0,1,0,0.001,0.1,512,3,5,4,256,6000,8.0,2633729,1,1,9974,1103,600008,2,12,12012,117,702.0,5.85,9.77535,1.23295939
cold,0,1,0,0.001,0.1,512,3,5,4,256,6000,8.0,2633729,1,1,9974,1103,600008,2,12,12012,118,708.0,5.9,9.8589,1.23803532
cold,0,1,0,0.001,0.1,512,3,5,4,256,6000,8.0,2633729,1,1,9974,1103,600008,2,12,12012,119,714.0,5.95,9.94245,1.24419403
cold,0,1,0,0.001,0.1,512,3,5,4,256,6000,8.0,2633729,1,1,9974,1103,600008,2,12,12012,120,720.0,6.0,10.026,1.25103748
cold,0,1,0,0.001,0.1,512,3,5,4,256,6000,8.0,2633729,1,1,9974,1103,600008,2,54,12054,1,6.0,0.05,0.08355,0.09859002
cold,0,1,0,0.001,0.1,512,3,5,4,256,6000,8.0,2633729,1,1,9974,1103,600008,2,54,12054,2,12.0,0.1,0.1671,0.1511337
cold,0,1,0,0.001,0.1,512,3,5,4,256,6000,8.0,2633729,1,1,9974,1103,600008,2,54,12054,3,18.0,0.15,0.25065,0.20780368
cold,0,1,0,0.001,0.1,512,3,5,4,256,6000,8.0,2633729,1,1,9974,1103,600008,2,54,12054,4,24.0,0.2,0.3342,0.26065955
cold,0,1,0,0.001,0.1,512,3,5,4,256,6000,8.0,2633729,1,1,9974,1103,600008,2,54,12054,5,30.0,0.25,0.41775,0.30736911
cold,0,1,0,0.001,0.1,512,3,5,4,256,6000,8.0,2633729,1,1,9974,1103,600008,2,54,12054,6,36.0,0.3,0.5013,0.3495228
cold,0,1,0,0.001,0.1,512,3,5,4,256,6000,8.0,2633729,1,1,9974,1103,600008,2,54,12054,7,42.0,0.35,0.58485,0.38961568
cold,0,1,0,0.001,0.1,512,3,5,4,256,6000,8.0,2633729,1,1,9974,1103,600008,2,54,12054,8,48.0,0.4,0.6684,0.42746893
cold,0,1,0,0.001,0.1,512,3,5,4,256,6000,8.0,2633729,1,1,9974,1103,600008,2,54,12054,9,54.0,0.45,0.75195,0.46168783
cold,0,1,0,0.001,0.1,512,3,5,4,256,6000,8.0,2633729,1,1,9974,1103,600008,2,54,12054,10,60.0,0.5,0.8355,0.49172008
cold,0,1,0,0.001,0.1,512,3,5,4,256,6000,8.0,2633729,1,1,9974,1103,600008,2,54,12054,11,66.0,0.55,0.91905,0.51811802
cold,0,1,0,0.001,0.1,512,3,5,4,256,6000,8.0,2633729,1,1,9974,1103,600008,2,54,12054,12,72.0,0.6,1.0026,0.54163504
cold,0,1,0,0.001,0.1,512,3,5,4,256,6000,8.0,2633729,1,1,9974,1103,600008,2,54,12054,13,78.0,0.65,1.08615,0.5623737
cold,0,1,0,0.001,0.1,512,3,5,4,256,6000,8.0,2633729,1,1,9974,1103,600008,2,54,12054,14,84.0,0.7,1.1697,0.58106899
cold,0,1,0,0.001,0.1,512,3,5,4,256,6000,8.0,2633729,1,1,9974,1103,600008,2,54,12054,15,90.0,0.75,1.25325,0.59954572
cold,0,1,0,0.001,0.1,512,3,5,4,256,6000,8.0,2633729,1,1,9974,1103,600008,2,54,12054,16,96.0,0.8,1.3368,0.6189006
cold,0,1,0,0.001,0.1,512,3,5,4,256,6000,8.0,2633729,1,1,9974,1103,600008,2,54,12054,17,102.0,0.85,1.42035,0.63843048
cold,0,1,0,0.001,0.1,512,3,5,4,256,6000,8.0,2633729,1,1,9974,1103,600008,2,54,12054,18,108.0,0.9,1.5039,0.65651697
cold,0,1,0,0.001,0.1,512,3,5,4,256,6000,8.0,2633729,1,1,9974,1103,600008,2,54,12054,19,114.0,0.95,1.58745,0.67228222
cold,0,1,0,0.001,0.1,512,3,5,4,256,6000,8.0,2633729,1,1,9974,1103,600008,2,54,12054,20,120.0,1.0,1.671,0.68604827
cold,0,1,0,0.001,0.1,512,3,5,4,256,6000,8.0,2633729,1,1,9974,1103,600008,2,54,12054,21,126.0,1.05,1.75455,0.69841027
cold,0,1,0,0.001,0.1,512,3,5,4,256,6000,8.0,2633729,1,1,9974,1103,600008,2,54,12054,22,132.0,1.1,1.8381,0.7096566
cold,0,1,0,0.001,0.1,512,3,5,4,256,6000,8.0,2633729,1,1,9974,1103,600008,2,54,12054,23,138.0,1.15,1.92165,0.7198379
cold,0,1,0,0.001,0.1,512,3,5,4,256,6000,8.0,2633729,1,1,9974,1103,600008,2,54,12054,24,144.0,1.2,2.0052,0.72862792
cold,0,1,0,0.001,0.1,512,3,5,4,256,6000,8.0,2633729,1,1,9974,1103,600008,2,54,12054,25,150.0,1.25,2.08875,0.73598415
cold,0,1,0,0.001,0.1,512,3,5,4,256,6000,8.0,2633729,1,1,9974,1103,600008,2,54,12054,26,156.0,1.3,2.1723,0.74249959
cold,0,1,0,0.001,0.1,512,3,5,4,256,6000,8.0,2633729,1,1,9974,1103,600008,2,54,12054,27,162.0,1.35,2.25585,0.74838275
cold,0,1,0,0.001,0.1,512,3,5,4,256,6000,8.0,2633729,1,1,9974,1103,600008,2,54,12054,28,168.0,1.4,2.3394,0.75294572
cold,0,1,0,0.001,0.1,512,3,5,4,256,6000,8.0,2633729,1,1,9974,1103,600008,2,54,12054,29,174.0,1.45,2.42295,0.75611246
cold,0,1,0,0.001,0.1,512,3,5,4,256,6000,8.0,2633729,1,1,9974,1103,600008,2,54,12054,30,180.0,1.5,2.5065,0.75972039
cold,0,1,0,0.001,0.1,512,3,5,4,256,6000,8.0,2633729,1,1,9974,1103,600008,2,54,12054,31,186.0,1.55,2.59005,0.76599222
cold,0,1,0,0.001,0.1,512,3,5,4,256,6000,8.0,2633729,1,1,9974,1103,600008,2,54,12054,32,192.0,1.6,2.6736,0.77539164
cold,0,1,0,0.001,0.1,512,3,5,4,256,6000,8.0,2633729,1,1,9974,1103,600008,2,54,12054,33,198.0,1.65,2.75715,0.78655952
cold,0,1,0,0.001,0.1,512,3,5,4,256,6000,8.0,2633729,1,1,9974,1103,600008,2,54,12054,34,204.0,1.7,2.8407,0.79797029
cold,0,1,0,0.001,0.1,512,3,5,4,256,6000,8.0,2633729,1,1,9974,1103,600008,2,54,12054,35,210.0,1.75,2.92425,0.80870616
cold,0,1,0,0.001,0.1,512,3,5,4,256,6000,8.0,2633729,1,1,9974,1103,600008,2,54,12054,36,216.0,1.8,3.0078,0.81842631
cold,0,1,0,0.001,0.1,512,3,5,4,256,6000,8.0,2633729,1,1,9974,1103,600008,2,54,12054,37,222.0,1.85,3.09135,0.82704443
cold,0,1,0,0.001,0.1,512,3,5,4,256,6000,8.0,2633729,1,1,9974,1103,600008,2,54,12054,38,228.0,1.9,3.1749,0.83402276
cold,0,1,0,0.001,0.1,512,3,5,4,256,6000,8.0,2633729,1,1,9974,1103,600008,2,54,12054,39,234.0,1.95,3.25845,0.83889085
cold,0,1,0,0.001,0.1,512,3,5,4,256,6000,8.0,2633729,1,1,9974,1103,600008,2,54,12054,40,240.0,2.0,3.342,0.84209216
cold,0,1,0,0.001,0.1,512,3,5,4,256,6000,8.0,2633729,1,1,9974,1103,600008,2,54,12054,41,246.0,2.05,3.42555,0.84434897
cold,0,1,0,0.001,0.1,512,3,5,4,256,6000,8.0,2633729,1,1,9974,1103,600008,2,54,12054,42,252.0,2.1,3.5091,0.84562975
cold,0,1,0,0.001,0.1,512,3,5,4,256,6000,8.0,2633729,1,1,9974,1103,600008,2,54,12054,43,258.0,2.15,3.59265,0.84592938
cold,0,1,0,0.001,0.1,512,3,5,4,256,6000,8.0,2633729,1,1,9974,1103,600008,2,54,12054,44,264.0,2.2,3.6762,0.84623414
cold,0,1,0,0.001,0.1,512,3,5,4,256,6000,8.0,2633729,1,1,9974,1103,600008,2,54,12054,45,270.0,2.25,3.75975,0.84782141
cold,0,1,0,0.001,0.1,512,3,5,4,256,6000,8.0,2633729,1,1,9974,1103,600008,2,54,12054,46,276.0,2.3,3.8433,0.85142154
cold,0,1,0,0.001,0.1,512,3,5,4,256,6000,8.0,2633729,1,1,9974,1103,600008,2,54,12054,47,282.0,2.35,3.92685,0.85663229
cold,0,1,0,0.001,0.1,512,3,5,4,256,6000,8.0,2633729,1,1,9974,1103,600008,2,54,12054,48,288.0,2.4,4.0104,0.86189824
cold,0,1,0,0.001,0.1,512,3,5,4,256,6000,8.0,2633729,1,1,9974,1103,600008,2,54,12054,49,294.0,2.45,4.09395,0.86571717
cold,0,1,0,0.001,0.1,512,3,5,4,256,6000,8.0,2633729,1,1,9974,1103,600008,2,54,12054,50,300.0,2.5,4.1775,0.86795455
cold,0,1,0,0.001,0.1,512,3,5,4,256,6000,8.0,2633729,1,1,9974,1103,600008,2,54,12054,51,306.0,2.55,4.26105,0.86986917
cold,0,1,0,0.001,0.1,512,3,5,4,256,6000,8.0,2633729,1,1,9974,1103,600008,2,54,12054,52,312.0,2.6,4.3446,0.87268186
cold,0,1,0,0.001,0.1,512,3,5,4,256,6000,8.0,2633729,1,1,9974,1103,600008,2,54,12054,53,318.0,2.65,4.42815,0.87658924
cold,0,1,0,0.001,0.1,512,3,5,4,256,6000,8.0,2633729,1,1,9974,1103,600008,2,54,12054,54,324.0,2.7,4.5117,0.88106602
cold,0,1,0,0.001,0.1,512,3,5,4,256,6000,8.0,2633729,1,1,9974,1103,600008,2,54,12054,55,330.0,2.75,4.59525,0.88511109
cold,0,1,0,0.001,0.1,512,3,5,4,256,6000,8.0,2633729,1,1,9974,1103,600008,2,54,12054,56,336.0,2.8,4.6788,0.88741672
cold,0,1,0,0.001,0.1,512,3,5,4,256,6000,8.0,2633729,1,1,9974,1103,600008,2,54,12054,57,342.0,2.85,4.76235,0.88726783
cold,0,1,0,0.001,0.1,512,3,5,4,256,6000,8.0,2633729,1,1,9974,1103,600008,2,54,12054,58,348.0,2.9,4.8459,0.88524204
cold,0,1,0,0.001,0.1,512,3,5,4,256,6000,8.0,2633729,1,1,9974,1103,600008,2,54,12054,59,354.0,2.95,4.92945,0.88287133
cold,0,1,0,0.001,0.1,512,3,5,4,256,6000,8.0,2633729,1,1,9974,1103,600008,2,54,12054,60,360.0,3.0,5.013,0.88185608
cold,0,1,0,0.001,0.1,512,3,5,4,256,6000,8.0,2633729,1,1,9974,1103,600008,2,54,12054,61,366.0,3.05,5.09655,0.8826564
cold,0,1,0,0.001,0.1,512,3,5,4,256,6000,8.0,2633729,1,1,9974,1103,600008,2,54,12054,62,372.0,3.1,5.1801,0.88399655
cold,0,1,0,0.001,0.1,512,3,5,4,256,6000,8.0,2633729,1,1,9974,1103,600008,2,54,12054,63,378.0,3.15,5.26365,0.8844254
cold,0,1,0,0.001,0.1,512,3,5,4,256,6000,8.0,2633729,1,1,9974,1103,600008,2,54,12054,64,384.0,3.2,5.3472,0.88398731
cold,0,1,0,0.001,0.1,512,3,5,4,256,6000,8.0,2633729,1,1,9974,1103,600008,2,54,12054,65,390.0,3.25,5.43075,0.88371712
cold,0,1,0,0.001,0.1,512,3,5,4,256,6000,8.0,2633729,1,1,9974,1103,600008,2,54,12054,66,396.0,3.3,5.5143,0.88415843
cold,0,1,0,0.001,0.1,512,3,5,4,256,6000,8.0,2633729,1,1,9974,1103,600008,2,54,12054,67,402.0,3.35,5.59785,0.88533425
cold,0,1,0,0.001,0.1,512,3,5,4,256,6000,8.0,2633729,1,1,9974,1103,600008,2,54,12054,68,408.0,3.4,5.6814,0.88717502
cold,0,1,0,0.001,0.1,512,3,5,4,256,6000,8.0,2633729,1,1,9974,1103,600008,2,54,12054,69,414.0,3.45,5.76495,0.88961822
cold,0,1,0,0.001,0.1,512,3,5,4,256,6000,8.0,2633729,1,1,9974,1103,600008,2,54,12054,70,420.0,3.5,5.8485,0.89274764
cold,0,1,0,0.001,0.1,512,3,5,4,256,6000,8.0,2633729,1,1,9974,1103,600008,2,54,12054,71,426.0,3.55,5.93205,0.89578468
cold,0,1,0,0.001,0.1,512,3,5,4,256,6000,8.0,2633729,1,1,9974,1103,600008,2,54,12054,72,432.0,3.6,6.0156,0.89738989
cold,0,1,0,0.001,0.1,512,3,5,4,256,6000,8.0,2633729,1,1,9974,1103,600008,2,54,12054,73,438.0,3.65,6.09915,0.89768487
cold,0,1,0,0.001,0.1,512,3,5,4,256,6000,8.0,2633729,1,1,9974,1103,600008,2,54,12054,74,444.0,3.7,6.1827,0.89794493
cold,0,1,0,0.001,0.1,512,3,5,4,256,6000,8.0,2633729,1,1,9974,1103,600008,2,54,12054,75,450.0,3.75,6.26625,0.89813626
cold,0,1,0,0.001,0.1,512,3,5,4,256,6000,8.0,2633729,1,1,9974,1103,600008,2,54,12054,76,456.0,3.8,6.3498,0.8969596
cold,0,1,0,0.001,0.1,512,3,5,4,256,6000,8.0,2633729,1,1,9974,1103,600008,2,54,12054,77,462.0,3.85,6.43335,0.8937664
cold,0,1,0,0.001,0.1,512,3,5,4,256,6000,8.0,2633729,1,1,9974,1103,600008,2,54,12054,78,468.0,3.9,6.5169,0.88904434
cold,0,1,0,0.001,0.1,512,3,5,4,256,6000,8.0,2633729,1,1,9974,1103,600008,2,54,12054,79,474.0,3.95,6.60045,0.88448054
cold,0,1,0,0.001,0.1,512,3,5,4,256,6000,8.0,2633729,1,1,9974,1103,600008,2,54,12054,80,480.0,4.0,6.684,0.88244766
cold,0,1,0,0.001,0.1,512,3,5,4,256,6000,8.0,2633729,1,1,9974,1103,600008,2,54,12054,81,486.0,4.05,6.76755,0.88401175
cold,0,1,0,0.001,0.1,512,3,5,4,256,6000,8.0,2633729,1,1,9974,1103,600008,2,54,12054,82,492.0,4.1,6.8511,0.888291
cold,0,1,0,0.001,0.1,512,3,5,4,256,6000,8.0,2633729,1,1,9974,1103,600008,2,54,12054,83,498.0,4.15,6.93465,0.89375907
cold,0,1,0,0.001,0.1,512,3,5,4,256,6000,8.0,2633729,1,1,9974,1103,600008,2,54,12054,84,504.0,4.2,7.0182,0.89892232
cold,0,1,0,0.001,0.1,512,3,5,4,256,6000,8.0,2633729,1,1,9974,1103,600008,2,54,12054,85,510.0,4.25,7.10175,0.9019537
cold,0,1,0,0.001,0.1,512,3,5,4,256,6000,8.0,2633729,1,1,9974,1103,600008,2,54,12054,86,516.0,4.3,7.1853,0.90138716
cold,0,1,0,0.001,0.1,512,3,5,4,256,6000,8.0,2633729,1,1,9974,1103,600008,2,54,12054,87,522.0,4.35,7.26885,0.89800209
cold,0,1,0,0.001,0.1,512,3,5,4,256,6000,8.0,2633729,1,1,9974,1103,600008,2,54,12054,88,528.0,4.4,7.3524,0.89469677
cold,0,1,0,0.001,0.1,512,3,5,4,256,6000,8.0,2633729,1,1,9974,1103,600008,2,54,12054,89,534.0,4.45,7.43595,0.89393681
cold,0,1,0,0.001,0.1,512,3,5,4,256,6000,8.0,2633729,1,1,9974,1103,600008,2,54,12054,90,540.0,4.5,7.5195,0.89606458
cold,0,1,0,0.001,0.1,512,3,5,4,256,6000,8.0,2633729,1,1,9974,1103,600008,2,54,12054,91,546.0,4.55,7.60305,0.89970839
cold,0,1,0,0.001,0.1,512,3,5,4,256,6000,8.0,2633729,1,1,9974,1103,600008,2,54,12054,92,552.0,4.6,7.6866,0.90290052
cold,0,1,0,0.001,0.1,512,3,5,4,256,6000,8.0,2633729,1,1,9974,1103,600008,2,54,12054,93,558.0,4.65,7.77015,0.90476364
cold,0,1,0,0.001,0.1,512,3,5,4,256,6000,8.0,2633729,1,1,9974,1103,600008,2,54,12054,94,564.0,4.7,7.8537,0.90615916
cold,0,1,0,0.001,0.1,512,3,5,4,256,6000,8.0,2633729,1,1,9974,1103,600008,2,54,12054,95,570.0,4.75,7.93725,0.90789604
cold,0,1,0,0.001,0.1,512,3,5,4,256,6000,8.0,2633729,1,1,9974,1103,600008,2,54,12054,96,576.0,4.8,8.0208,0.90962094
cold,0,1,0,0.001,0.1,512,3,5,4,256,6000,8.0,2633729,1,1,9974,1103,600008,2,54,12054,97,582.0,4.85,8.10435,0.91068065
cold,0,1,0,0.001,0.1,512,3,5,4,256,6000,8.0,2633729,1,1,9974,1103,600008,2,54,12054,98,588.0,4.9,8.1879,0.91064823
cold,0,1,0,0.001,0.1,512,3,5,4,256,6000,8.0,2633729,1,1,9974,1103,600008,2,54,12054,99,594.0,4.95,8.27145,0.9096536
cold,0,1,0,0.001,0.1,512,3,5,4,256,6000,8.0,2633729,1,1,9974,1103,600008,2,54,12054,100,600.0,5.0,8.355,0.90841383
cold,0,1,0,0.001,0.1,512,3,5,4,256,6000,8.0,2633729,1,1,9974,1103,600008,2,54,12054,101,606.0,5.05,8.43855,0.90805501
cold,0,1,0,0.001,0.1,512,3,5,4,256,6000,8.0,2633729,1,1,9974,1103,600008,2,54,12054,102,612.0,5.1,8.5221,0.90988082
cold,0,1,0,0.001,0.1,512,3,5,4,256,6000,8.0,2633729,1,1,9974,1103,600008,2,54,12054,103,618.0,5.15,8.60565,0.91404629
cold,0,1,0,0.001,0.1,512,3,5,4,256,6000,8.0,2633729,1,1,9974,1103,600008,2,54,12054,104,624.0,5.2,8.6892,0.9190861
cold,0,1,0,0.001,0.1,512,3,5,4,256,6000,8.0,2633729,1,1,9974,1103,600008,2,54,12054,105,630.0,5.25,8.77275,0.92336631
cold,0,1,0,0.001,0.1,512,3,5,4,256,6000,8.0,2633729,1,1,9974,1103,600008,2,54,12054,106,636.0,5.3,8.8563,0.92582017
cold,0,1,0,0.001,0.1,512,3,5,4,256,6000,8.0,2633729,1,1,9974,1103,600008,2,54,12054,107,642.0,5.35,8.93985,0.9255296
cold,0,1,0,0.001,0.1,512,3,5,4,256,6000,8.0,2633729,1,1,9974,1103,600008,2,54,12054,108,648.0,5.4,9.0234,0.92257953
cold,0,1,0,0.001,0.1,512,3,5,4,256,6000,8.0,2633729,1,1,9974,1103,600008,2,54,12054,109,654.0,5.45,9.10695,0.91918838
cold,0,1,0,0.001,0.1,512,3,5,4,256,6000,8.0,2633729,1,1,9974,1103,600008,2,54,12054,110,660.0,5.5,9.1905,0.91789663
cold,0,1,0,0.001,0.1,512,3,5,4,256,6000,8.0,2633729,1,1,9974,1103,600008,2,54,12054,111,666.0,5.55,9.27405,0.91925842
cold,0,1,0,0.001,0.1,512,3,5,4,256,6000,8.0,2633729,1,1,9974,1103,600008,2,54,12054,112,672.0,5.6,9.3576,0.92164516
cold,0,1,0,0.001,0.1,512,3,5,4,256,6000,8.0,2633729,1,1,9974,1103,600008,2,54,12054,113,678.0,5.65,9.44115,0.92257708
cold,0,1,0,0.001,0.1,512,3,5,4,256,6000,8.0,2633729,1,1,9974,1103,600008,2,54,12054,114,684.0,5.7,9.5247,0.9208433
cold,0,1,0,0.001,0.1,512,3,5,4,256,6000,8.0,2633729,1,1,9974,1103,600008,2,54,12054,115,690.0,5.75,9.60825,0.91789752
cold,0,1,0,0.001,0.1,512,3,5,4,256,6000,8.0,2633729,1,1,9974,1103,600008,2,54,12054,116,696.0,5.8,9.6918,0.91689199
cold,0,1,0,0.001,0.1,512,3,5,4,256,6000,8.0,2633729,1,1,9974,1103,600008,2,54,12054,117,702.0,5.85,9.77535,0.91973585
cold,0,1,0,0.001,0.1,512,3,5,4,256,6000,8.0,2633729,1,1,9974,1103,600008,2,54,12054,118,708.0,5.9,9.8589,0.92515123
cold,0,1,0,0.001,0.1,512,3,5,4,256,6000,8.0,2633729,1,1,9974,1103,600008,2,54,12054,119,714.0,5.95,9.94245,0.92993349
cold,0,1,0,0.001,0.1,512,3,5,4,256,6000,8.0,2633729,1,1,9974,1103,600008,2,54,12054,120,720.0,6.0,10.026,0.93163794
cold,0,1,0,0.001,0.1,512,3,5,4,256,6000,8.0,2633729,1,1,9974,1103,600008,2,234,12234,1,6.0,0.05,0.08355,0.04520412
cold,0,1,0,0.001,0.1,512,3,5,4,256,6000,8.0,2633729,1,1,9974,1103,600008,2,234,12234,2,12.0,0.1,0.1671,0.05382005
cold,0,1,0,0.001,0.1,512,3,5,4,256,6000,8.0,2633729,1,1,9974,1103,600008,2,234,12234,3,18.0,0.15,0.25065,0.06376436
cold,0,1,0,0.001,0.1,512,3,5,4,256,6000,8.0,2633729,1,1,9974,1103,600008,2,234,12234,4,24.0,0.2,0.3342,0.07494953
cold,0,1,0,0.001,0.1,512,3,5,4,256,6000,8.0,2633729,1,1,9974,1103,600008,2,234,12234,5,30.0,0.25,0.41775,0.08677793
cold,0,1,0,0.001,0.1,512,3,5,4,256,6000,8.0,2633729,1,1,9974,1103,600008,2,234,12234,6,36.0,0.3,0.5013,0.0999018
cold,0,1,0,0.001,0.1,512,3,5,4,256,6000,8.0,2633729,1,1,9974,1103,600008,2,234,12234,7,42.0,0.35,0.58485,0.11408847
cold,0,1,0,0.001,0.1,512,3,5,4,256,6000,8.0,2633729,1,1,9974,1103,600008,2,234,12234,8,48.0,0.4,0.6684,0.12948048
cold,0,1,0,0.001,0.1,512,3,5,4,256,6000,8.0,2633729,1,1,9974,1103,600008,2,234,12234,9,54.0,0.45,0.75195,0.14595044
cold,0,1,0,0.001,0.1,512,3,5,4,256,6000,8.0,2633729,1,1,9974,1103,600008,2,234,12234,10,60.0,0.5,0.8355,0.16400395
cold,0,1,0,0.001,0.1,512,3,5,4,256,6000,8.0,2633729,1,1,9974,1103,600008,2,234,12234,11,66.0,0.55,0.91905,0.18311866
cold,0,1,0,0.001,0.1,512,3,5,4,256,6000,8.0,2633729,1,1,9974,1103,600008,2,234,12234,12,72.0,0.6,1.0026,0.20227671
cold,0,1,0,0.001,0.1,512,3,5,4,256,6000,8.0,2633729,1,1,9974,1103,600008,2,234,12234,13,78.0,0.65,1.08615,0.22142668
cold,0,1,0,0.001,0.1,512,3,5,4,256,6000,8.0,2633729,1,1,9974,1103,600008,2,234,12234,14,84.0,0.7,1.1697,0.24214745
cold,0,1,0,0.001,0.1,512,3,5,4,256,6000,8.0,2633729,1,1,9974,1103,600008,2,234,12234,15,90.0,0.75,1.25325,0.26512975
cold,0,1,0,0.001,0.1,512,3,5,4,256,6000,8.0,2633729,1,1,9974,1103,600008,2,234,12234,16,96.0,0.8,1.3368,0.2892569
cold,0,1,0,0.001,0.1,512,3,5,4,256,6000,8.0,2633729,1,1,9974,1103,600008,2,234,12234,17,102.0,0.85,1.42035,0.31357789
cold,0,1,0,0.001,0.1,512,3,5,4,256,6000,8.0,2633729,1,1,9974,1103,600008,2,234,12234,18,108.0,0.9,1.5039,0.33829716
cold,0,1,0,0.001,0.1,512,3,5,4,256,6000,8.0,2633729,1,1,9974,1103,600008,2,234,12234,19,114.0,0.95,1.58745,0.36389002
cold,0,1,0,0.001,0.1,512,3,5,4,256,6000,8.0,2633729,1,1,9974,1103,600008,2,234,12234,20,120.0,1.0,1.671,0.39075923
cold,0,1,0,0.001,0.1,512,3,5,4,256,6000,8.0,2633729,1,1,9974,1103,600008,2,234,12234,21,126.0,1.05,1.75455,0.41829282
cold,0,1,0,0.001,0.1,512,3,5,4,256,6000,8.0,2633729,1,1,9974,1103,600008,2,234,12234,22,132.0,1.1,1.8381,0.44505543
cold,0,1,0,0.001,0.1,512,3,5,4,256,6000,8.0,2633729,1,1,9974,1103,600008,2,234,12234,23,138.0,1.15,1.92165,0.47041655
cold,0,1,0,0.001,0.1,512,3,5,4,256,6000,8.0,2633729,1,1,9974,1103,600008,2,234,12234,24,144.0,1.2,2.0052,0.49431264
cold,0,1,0,0.001,0.1,512,3,5,4,256,6000,8.0,2633729,1,1,9974,1103,600008,2,234,12234,25,150.0,1.25,2.08875,0.51757669
cold,0,1,0,0.001,0.1,512,3,5,4,256,6000,8.0,2633729,1,1,9974,1103,600008,2,234,12234,26,156.0,1.3,2.1723,0.54048544
cold,0,1,0,0.001,0.1,512,3,5,4,256,6000,8.0,2633729,1,1,9974,1103,600008,2,234,12234,27,162.0,1.35,2.25585,0.56201917
cold,0,1,0,0.001,0.1,512,3,5,4,256,6000,8.0,2633729,1,1,9974,1103,600008,2,234,12234,28,168.0,1.4,2.3394,0.58166295
cold,0,1,0,0.001,0.1,512,3,5,4,256,6000,8.0,2633729,1,1,9974,1103,600008,2,234,12234,29,174.0,1.45,2.42295,0.60064691
cold,0,1,0,0.001,0.1,512,3,5,4,256,6000,8.0,2633729,1,1,9974,1103,600008,2,234,12234,30,180.0,1.5,2.5065,0.62078303
cold,0,1,0,0.001,0.1,512,3,5,4,256,6000,8.0,2633729,1,1,9974,1103,600008,2,234,12234,31,186.0,1.55,2.59005,0.64296752
cold,0,1,0,0.001,0.1,512,3,5,4,256,6000,8.0,2633729,1,1,9974,1103,600008,2,234,12234,32,192.0,1.6,2.6736,0.66641283
cold,0,1,0,0.001,0.1,512,3,5,4,256,6000,8.0,2633729,1,1,9974,1103,600008,2,234,12234,33,198.0,1.65,2.75715,0.6889447
cold,0,1,0,0.001,0.1,512,3,5,4,256,6000,8.0,2633729,1,1,9974,1103,600008,2,234,12234,34,204.0,1.7,2.8407,0.7089926
cold,0,1,0,0.001,0.1,512,3,5,4,256,6000,8.0,2633729,1,1,9974,1103,600008,2,234,12234,35,210.0,1.75,2.92425,0.7274437
cold,0,1,0,0.001,0.1,512,3,5,4,256,6000,8.0,2633729,1,1,9974,1103,600008,2,234,12234,36,216.0,1.8,3.0078,0.74592656
cold,0,1,0,0.001,0.1,512,3,5,4,256,6000,8.0,2633729,1,1,9974,1103,600008,2,234,12234,37,222.0,1.85,3.09135,0.76396912
cold,0,1,0,0.001,0.1,512,3,5,4,256,6000,8.0,2633729,1,1,9974,1103,600008,2,234,12234,38,228.0,1.9,3.1749,0.77982867
cold,0,1,0,0.001,0.1,512,3,5,4,256,6000,8.0,2633729,1,1,9974,1103,600008,2,234,12234,39,234.0,1.95,3.25845,0.79343182
cold,0,1,0,0.001,0.1,512,3,5,4,256,6000,8.0,2633729,1,1,9974,1103,600008,2,234,12234,40,240.0,2.0,3.342,0.80572289
cold,0,1,0,0.001,0.1,512,3,5,4,256,6000,8.0,2633729,1,1,9974,1103,600008,2,234,12234,41,246.0,2.05,3.42555,0.81779653
cold,0,1,0,0.001,0.1,512,3,5,4,256,6000,8.0,2633729,1,1,9974,1103,600008,2,234,12234,42,252.0,2.1,3.5091,0.83020377
cold,0,1,0,0.001,0.1,512,3,5,4,256,6000,8.0,2633729,1,1,9974,1103,600008,2,234,12234,43,258.0,2.15,3.59265,0.84154439
cold,0,1,0,0.001,0.1,512,3,5,4,256,6000,8.0,2633729,1,1,9974,1103,600008,2,234,12234,44,264.0,2.2,3.6762,0.85038644
cold,0,1,0,0.001,0.1,512,3,5,4,256,6000,8.0,2633729,1,1,9974,1103,600008,2,234,12234,45,270.0,2.25,3.75975,0.85669929
cold,0,1,0,0.001,0.1,512,3,5,4,256,6000,8.0,2633729,1,1,9974,1103,600008,2,234,12234,46,276.0,2.3,3.8433,0.86185741
cold,0,1,0,0.001,0.1,512,3,5,4,256,6000,8.0,2633729,1,1,9974,1103,600008,2,234,12234,47,282.0,2.35,3.92685,0.86761743
cold,0,1,0,0.001,0.1,512,3,5,4,256,6000,8.0,2633729,1,1,9974,1103,600008,2,234,12234,48,288.0,2.4,4.0104,0.87511462
cold,0,1,0,0.001,0.1,512,3,5,4,256,6000,8.0,2633729,1,1,9974,1103,600008,2,234,12234,49,294.0,2.45,4.09395,0.88448751
cold,0,1,0,0.001,0.1,512,3,5,4,256,6000,8.0,2633729,1,1,9974,1103,600008,2,234,12234,50,300.0,2.5,4.1775,0.89558083
cold,0,1,0,0.001,0.1,512,3,5,4,256,6000,8.0,2633729,1,1,9974,1103,600008,2,234,12234,51,306.0,2.55,4.26105,0.90840536
cold,0,1,0,0.001,0.1,512,3,5,4,256,6000,8.0,2633729,1,1,9974,1103,600008,2,234,12234,52,312.0,2.6,4.3446,0.92104858
cold,0,1,0,0.001,0.1,512,3,5,4,256,6000,8.0,2633729,1,1,9974,1103,600008,2,234,12234,53,318.0,2.65,4.42815,0.93039352
cold,0,1,0,0.001,0.1,512,3,5,4,256,6000,8.0,2633729,1,1,9974,1103,600008,2,234,12234,54,324.0,2.7,4.5117,0.93540454
cold,0,1,0,0.001,0.1,512,3,5,4,256,6000,8.0,2633729,1,1,9974,1103,600008,2,234,12234,55,330.0,2.75,4.59525,0.93766713
cold,0,1,0,0.001,0.1,512,3,5,4,256,6000,8.0,2633729,1,1,9974,1103,600008,2,234,12234,56,336.0,2.8,4.6788,0.93963331
cold,0,1,0,0.001,0.1,512,3,5,4,256,6000,8.0,2633729,1,1,9974,1103,600008,2,234,12234,57,342.0,2.85,4.76235,0.94247603
cold,0,1,0,0.001,0.1,512,3,5,4,256,6000,8.0,2633729,1,1,9974,1103,600008,2,234,12234,58,348.0,2.9,4.8459,0.94553357
cold,0,1,0,0.001,0.1,512,3,5,4,256,6000,8.0,2633729,1,1,9974,1103,600008,2,234,12234,59,354.0,2.95,4.92945,0.94888818
cold,0,1,0,0.001,0.1,512,3,5,4,256,6000,8.0,2633729,1,1,9974,1103,600008,2,234,12234,60,360.0,3.0,5.013,0.95400691
cold,0,1,0,0.001,0.1,512,3,5,4,256,6000,8.0,2633729,1,1,9974,1103,600008,2,234,12234,61,366.0,3.05,5.09655,0.96089751
cold,0,1,0,0.001,0.1,512,3,5,4,256,6000,8.0,2633729,1,1,9974,1103,600008,2,234,12234,62,372.0,3.1,5.1801,0.96768874
cold,0,1,0,0.001,0.1,512,3,5,4,256,6000,8.0,2633729,1,1,9974,1103,600008,2,234,12234,63,378.0,3.15,5.26365,0.9734686
cold,0,1,0,0.001,0.1,512,3,5,4,256,6000,8.0,2633729,1,1,9974,1103,600008,2,234,12234,64,384.0,3.2,5.3472,0.97924143
cold,0,1,0,0.001,0.1,512,3,5,4,256,6000,8.0,2633729,1,1,9974,1103,600008,2,234,12234,65,390.0,3.25,5.43075,0.98531657
cold,0,1,0,0.001,0.1,512,3,5,4,256,6000,8.0,2633729,1,1,9974,1103,600008,2,234,12234,66,396.0,3.3,5.5143,0.99044526
cold,0,1,0,0.001,0.1,512,3,5,4,256,6000,8.0,2633729,1,1,9974,1103,600008,2,234,12234,67,402.0,3.35,5.59785,0.99417382
cold,0,1,0,0.001,0.1,512,3,5,4,256,6000,8.0,2633729,1,1,9974,1103,600008,2,234,12234,68,408.0,3.4,5.6814,0.99731678
cold,0,1,0,0.001,0.1,512,3,5,4,256,6000,8.0,2633729,1,1,9974,1103,600008,2,234,12234,69,414.0,3.45,5.76495,1.00007272
cold,0,1,0,0.001,0.1,512,3,5,4,256,6000,8.0,2633729,1,1,9974,1103,600008,2,234,12234,70,420.0,3.5,5.8485,1.00208986
cold,0,1,0,0.001,0.1,512,3,5,4,256,6000,8.0,2633729,1,1,9974,1103,600008,2,234,12234,71,426.0,3.55,5.93205,1.00276625
cold,0,1,0,0.001,0.1,512,3,5,4,256,6000,8.0,2633729,1,1,9974,1103,600008,2,234,12234,72,432.0,3.6,6.0156,1.00126839
cold,0,1,0,0.001,0.1,512,3,5,4,256,6000,8.0,2633729,1,1,9974,1103,600008,2,234,12234,73,438.0,3.65,6.09915,0.99862647
cold,0,1,0,0.001,0.1,512,3,5,4,256,6000,8.0,2633729,1,1,9974,1103,600008,2,234,12234,74,444.0,3.7,6.1827,0.99796933
cold,0,1,0,0.001,0.1,512,3,5,4,256,6000,8.0,2633729,1,1,9974,1103,600008,2,234,12234,75,450.0,3.75,6.26625,1.00036693
cold,0,1,0,0.001,0.1,512,3,5,4,256,6000,8.0,2633729,1,1,9974,1103,600008,2,234,12234,76,456.0,3.8,6.3498,1.00371897
cold,0,1,0,0.001,0.1,512,3,5,4,256,6000,8.0,2633729,1,1,9974,1103,600008,2,234,12234,77,462.0,3.85,6.43335,1.00573242
cold,0,1,0,0.001,0.1,512,3,5,4,256,6000,8.0,2633729,1,1,9974,1103,600008,2,234,12234,78,468.0,3.9,6.5169,1.00579023
cold,0,1,0,0.001,0.1,512,3,5,4,256,6000,8.0,2633729,1,1,9974,1103,600008,2,234,12234,79,474.0,3.95,6.60045,1.00488269
cold,0,1,0,0.001,0.1,512,3,5,4,256,6000,8.0,2633729,1,1,9974,1103,600008,2,234,12234,80,480.0,4.0,6.684,1.00483096
cold,0,1,0,0.001,0.1,512,3,5,4,256,6000,8.0,2633729,1,1,9974,1103,600008,2,234,12234,81,486.0,4.05,6.76755,1.00557268
cold,0,1,0,0.001,0.1,512,3,5,4,256,6000,8.0,2633729,1,1,9974,1103,600008,2,234,12234,82,492.0,4.1,6.8511,1.00548041
cold,0,1,0,0.001,0.1,512,3,5,4,256,6000,8.0,2633729,1,1,9974,1103,600008,2,234,12234,83,498.0,4.15,6.93465,1.00419021
cold,0,1,0,0.001,0.1,512,3,5,4,256,6000,8.0,2633729,1,1,9974,1103,600008,2,234,12234,84,504.0,4.2,7.0182,1.00256693
cold,0,1,0,0.001,0.1,512,3,5,4,256,6000,8.0,2633729,1,1,9974,1103,600008,2,234,12234,85,510.0,4.25,7.10175,1.00120831
cold,0,1,0,0.001,0.1,512,3,5,4,256,6000,8.0,2633729,1,1,9974,1103,600008,2,234,12234,86,516.0,4.3,7.1853,1.00073445
cold,0,1,0,0.001,0.1,512,3,5,4,256,6000,8.0,2633729,1,1,9974,1103,600008,2,234,12234,87,522.0,4.35,7.26885,1.00111103
cold,0,1,0,0.001,0.1,512,3,5,4,256,6000,8.0,2633729,1,1,9974,1103,600008,2,234,12234,88,528.0,4.4,7.3524,1.00101721
cold,0,1,0,0.001,0.1,512,3,5,4,256,6000,8.0,2633729,1,1,9974,1103,600008,2,234,12234,89,534.0,4.45,7.43595,0.99918973
cold,0,1,0,0.001,0.1,512,3,5,4,256,6000,8.0,2633729,1,1,9974,1103,600008,2,234,12234,90,540.0,4.5,7.5195,0.99668252
cold,0,1,0,0.001,0.1,512,3,5,4,256,6000,8.0,2633729,1,1,9974,1103,600008,2,234,12234,91,546.0,4.55,7.60305,0.99556679
cold,0,1,0,0.001,0.1,512,3,5,4,256,6000,8.0,2633729,1,1,9974,1103,600008,2,234,12234,92,552.0,4.6,7.6866,0.99636227
cold,0,1,0,0.001,0.1,512,3,5,4,256,6000,8.0,2633729,1,1,9974,1103,600008,2,234,12234,93,558.0,4.65,7.77015,0.99850017
cold,0,1,0,0.001,0.1,512,3,5,4,256,6000,8.0,2633729,1,1,9974,1103,600008,2,234,12234,94,564.0,4.7,7.8537,1.00065088
cold,0,1,0,0.001,0.1,512,3,5,4,256,6000,8.0,2633729,1,1,9974,1103,600008,2,234,12234,95,570.0,4.75,7.93725,1.0017606
cold,0,1,0,0.001,0.1,512,3,5,4,256,6000,8.0,2633729,1,1,9974,1103,600008,2,234,12234,96,576.0,4.8,8.0208,1.00232661
cold,0,1,0,0.001,0.1,512,3,5,4,256,6000,8.0,2633729,1,1,9974,1103,600008,2,234,12234,97,582.0,4.85,8.10435,1.00325048
cold,0,1,0,0.001,0.1,512,3,5,4,256,6000,8.0,2633729,1,1,9974,1103,600008,2,234,12234,98,588.0,4.9,8.1879,1.00436628
cold,0,1,0,0.001,0.1,512,3,5,4,256,6000,8.0,2633729,1,1,9974,1103,600008,2,234,12234,99,594.0,4.95,8.27145,1.00512934
cold,0,1,0,0.001,0.1,512,3,5,4,256,6000,8.0,2633729,1,1,9974,1103,600008,2,234,12234,100,600.0,5.0,8.355,1.00617969
cold,0,1,0,0.001,0.1,512,3,5,4,256,6000,8.0,2633729,1,1,9974,1103,600008,2,234,12234,101,606.0,5.05,8.43855,1.008564
cold,0,1,0,0.001,0.1,512,3,5,4,256,6000,8.0,2633729,1,1,9974,1103,600008,2,234,12234,102,612.0,5.1,8.5221,1.01304746
cold,0,1,0,0.001,0.1,512,3,5,4,256,6000,8.0,2633729,1,1,9974,1103,600008,2,234,12234,103,618.0,5.15,8.60565,1.01953435
cold,0,1,0,0.001,0.1,512,3,5,4,256,6000,8.0,2633729,1,1,9974,1103,600008,2,234,12234,104,624.0,5.2,8.6892,1.02657664
cold,0,1,0,0.001,0.1,512,3,5,4,256,6000,8.0,2633729,1,1,9974,1103,600008,2,234,12234,105,630.0,5.25,8.77275,1.03107727
cold,0,1,0,0.001,0.1,512,3,5,4,256,6000,8.0,2633729,1,1,9974,1103,600008,2,234,12234,106,636.0,5.3,8.8563,1.03131676
cold,0,1,0,0.001,0.1,512,3,5,4,256,6000,8.0,2633729,1,1,9974,1103,600008,2,234,12234,107,642.0,5.35,8.93985,1.02771401
cold,0,1,0,0.001,0.1,512,3,5,4,256,6000,8.0,2633729,1,1,9974,1103,600008,2,234,12234,108,648.0,5.4,9.0234,1.02243233
cold,0,1,0,0.001,0.1,512,3,5,4,256,6000,8.0,2633729,1,1,9974,1103,600008,2,234,12234,109,654.0,5.45,9.10695,1.01849163
cold,0,1,0,0.001,0.1,512,3,5,4,256,6000,8.0,2633729,1,1,9974,1103,600008,2,234,12234,110,660.0,5.5,9.1905,1.01675701
cold,0,1,0,0.001,0.1,512,3,5,4,256,6000,8.0,2633729,1,1,9974,1103,600008,2,234,12234,111,666.0,5.55,9.27405,1.0162406
cold,0,1,0,0.001,0.1,512,3,5,4,256,6000,8.0,2633729,1,1,9974,1103,600008,2,234,12234,112,672.0,5.6,9.3576,1.01642454
cold,0,1,0,0.001,0.1,512,3,5,4,256,6000,8.0,2633729,1,1,9974,1103,600008,2,234,12234,113,678.0,5.65,9.44115,1.01814342
cold,0,1,0,0.001,0.1,512,3,5,4,256,6000,8.0,2633729,1,1,9974,1103,600008,2,234,12234,114,684.0,5.7,9.5247,1.02181268
cold,0,1,0,0.001,0.1,512,3,5,4,256,6000,8.0,2633729,1,1,9974,1103,600008,2,234,12234,115,690.0,5.75,9.60825,1.02613473
cold,0,1,0,0.001,0.1,512,3,5,4,256,6000,8.0,2633729,1,1,9974,1103,600008,2,234,12234,116,696.0,5.8,9.6918,1.02983129
cold,0,1,0,0.001,0.1,512,3,5,4,256,6000,8.0,2633729,1,1,9974,1103,600008,2,234,12234,117,702.0,5.85,9.77535,1.03258109
cold,0,1,0,0.001,0.1,512,3,5,4,256,6000,8.0,2633729,1,1,9974,1103,600008,2,234,12234,118,708.0,5.9,9.8589,1.03383899
cold,0,1,0,0.001,0.1,512,3,5,4,256,6000,8.0,2633729,1,1,9974,1103,600008,2,234,12234,119,714.0,5.95,9.94245,1.03292787
cold,0,1,0,0.001,0.1,512,3,5,4,256,6000,8.0,2633729,1,1,9974,1103,600008,2,234,12234,120,720.0,6.0,10.026,1.03113592
cold,0,1,0,0.001,0.1,512,3,5,4,256,6000,8.0,2633729,1,1,9974,1103,600008,2,1023,13023,1,6.0,0.05,0.08355,0.0387564
cold,0,1,0,0.001,0.1,512,3,5,4,256,6000,8.0,2633729,1,1,9974,1103,600008,2,1023,13023,2,12.0,0.1,0.1671,0.04601159
cold,0,1,0,0.001,0.1,512,3,5,4,256,6000,8.0,2633729,1,1,9974,1103,600008,2,1023,13023,3,18.0,0.15,0.25065,0.05450629
cold,0,1,0,0.001,0.1,512,3,5,4,256,6000,8.0,2633729,1,1,9974,1103,600008,2,1023,13023,4,24.0,0.2,0.3342,0.06271146
cold,0,1,0,0.001,0.1,512,3,5,4,256,6000,8.0,2633729,1,1,9974,1103,600008,2,1023,13023,5,30.0,0.25,0.41775,0.07065951
cold,0,1,0,0.001,0.1,512,3,5,4,256,6000,8.0,2633729,1,1,9974,1103,600008,2,1023,13023,6,36.0,0.3,0.5013,0.08169554
cold,0,1,0,0.001,0.1,512,3,5,4,256,6000,8.0,2633729,1,1,9974,1103,600008,2,1023,13023,7,42.0,0.35,0.58485,0.0933188
cold,0,1,0,0.001,0.1,512,3,5,4,256,6000,8.0,2633729,1,1,9974,1103,600008,2,1023,13023,8,48.0,0.4,0.6684,0.10514747
cold,0,1,0,0.001,0.1,512,3,5,4,256,6000,8.0,2633729,1,1,9974,1103,600008,2,1023,13023,9,54.0,0.45,0.75195,0.1171751
cold,0,1,0,0.001,0.1,512,3,5,4,256,6000,8.0,2633729,1,1,9974,1103,600008,2,1023,13023,10,60.0,0.5,0.8355,0.13038616
cold,0,1,0,0.001,0.1,512,3,5,4,256,6000,8.0,2633729,1,1,9974,1103,600008,2,1023,13023,11,66.0,0.55,0.91905,0.14472219
cold,0,1,0,0.001,0.1,512,3,5,4,256,6000,8.0,2633729,1,1,9974,1103,600008,2,1023,13023,12,72.0,0.6,1.0026,0.16012847
cold,0,1,0,0.001,0.1,512,3,5,4,256,6000,8.0,2633729,1,1,9974,1103,600008,2,1023,13023,13,78.0,0.65,1.08615,0.17663758
cold,0,1,0,0.001,0.1,512,3,5,4,256,6000,8.0,2633729,1,1,9974,1103,600008,2,1023,13023,14,84.0,0.7,1.1697,0.19518162
cold,0,1,0,0.001,0.1,512,3,5,4,256,6000,8.0,2633729,1,1,9974,1103,600008,2,1023,13023,15,90.0,0.75,1.25325,0.21606751
cold,0,1,0,0.001,0.1,512,3,5,4,256,6000,8.0,2633729,1,1,9974,1103,600008,2,1023,13023,16,96.0,0.8,1.3368,0.23808867
cold,0,1,0,0.001,0.1,512,3,5,4,256,6000,8.0,2633729,1,1,9974,1103,600008,2,1023,13023,17,102.0,0.85,1.42035,0.25969175
cold,0,1,0,0.001,0.1,512,3,5,4,256,6000,8.0,2633729,1,1,9974,1103,600008,2,1023,13023,18,108.0,0.9,1.5039,0.28060091
cold,0,1,0,0.001,0.1,512,3,5,4,256,6000,8.0,2633729,1,1,9974,1103,600008,2,1023,13023,19,114.0,0.95,1.58745,0.30145919
cold,0,1,0,0.001,0.1,512,3,5,4,256,6000,8.0,2633729,1,1,9974,1103,600008,2,1023,13023,20,120.0,1.0,1.671,0.32301378
cold,0,1,0,0.001,0.1,512,3,5,4,256,6000,8.0,2633729,1,1,9974,1103,600008,2,1023,13023,21,126.0,1.05,1.75455,0.34530476
cold,0,1,0,0.001,0.1,512,3,5,4,256,6000,8.0,2633729,1,1,9974,1103,600008,2,1023,13023,22,132.0,1.1,1.8381,0.36790511
cold,0,1,0,0.001,0.1,512,3,5,4,256,6000,8.0,2633729,1,1,9974,1103,600008,2,1023,13023,23,138.0,1.15,1.92165,0.39141804
cold,0,1,0,0.001,0.1,512,3,5,4,256,6000,8.0,2633729,1,1,9974,1103,600008,2,1023,13023,24,144.0,1.2,2.0052,0.41619372
cold,0,1,0,0.001,0.1,512,3,5,4,256,6000,8.0,2633729,1,1,9974,1103,600008,2,1023,13023,25,150.0,1.25,2.08875,0.44139561
cold,0,1,0,0.001,0.1,512,3,5,4,256,6000,8.0,2633729,1,1,9974,1103,600008,2,1023,13023,26,156.0,1.3,2.1723,0.46659485
cold,0,1,0,0.001,0.1,512,3,5,4,256,6000,8.0,2633729,1,1,9974,1103,600008,2,1023,13023,27,162.0,1.35,2.25585,0.49112186
cold,0,1,0,0.001,0.1,512,3,5,4,256,6000,8.0,2633729,1,1,9974,1103,600008,2,1023,13023,28,168.0,1.4,2.3394,0.51338124
cold,0,1,0,0.001,0.1,512,3,5,4,256,6000,8.0,2633729,1,1,9974,1103,600008,2,1023,13023,29,174.0,1.45,2.42295,0.53228134
cold,0,1,0,0.001,0.1,512,3,5,4,256,6000,8.0,2633729,1,1,9974,1103,600008,2,1023,13023,30,180.0,1.5,2.5065,0.54905701
cold,0,1,0,0.001,0.1,512,3,5,4,256,6000,8.0,2633729,1,1,9974,1103,600008,2,1023,13023,31,186.0,1.55,2.59005,0.56544358
cold,0,1,0,0.001,0.1,512,3,5,4,256,6000,8.0,2633729,1,1,9974,1103,600008,2,1023,13023,32,192.0,1.6,2.6736,0.58084095
cold,0,1,0,0.001,0.1,512,3,5,4,256,6000,8.0,2633729,1,1,9974,1103,600008,2,1023,13023,33,198.0,1.65,2.75715,0.59331828
cold,0,1,0,0.001,0.1,512,3,5,4,256,6000,8.0,2633729,1,1,9974,1103,600008,2,1023,13023,34,204.0,1.7,2.8407,0.60332274
cold,0,1,0,0.001,0.1,512,3,5,4,256,6000,8.0,2633729,1,1,9974,1103,600008,2,1023,13023,35,210.0,1.75,2.92425,0.61417198
cold,0,1,0,0.001,0.1,512,3,5,4,256,6000,8.0,2633729,1,1,9974,1103,600008,2,1023,13023,36,216.0,1.8,3.0078,0.62849915
cold,0,1,0,0.001,0.1,512,3,5,4,256,6000,8.0,2633729,1,1,9974,1103,600008,2,1023,13023,37,222.0,1.85,3.09135,0.64687866
cold,0,1,0,0.001,0.1,512,3,5,4,256,6000,8.0,2633729,1,1,9974,1103,600008,2,1023,13023,38,228.0,1.9,3.1749,0.6680162
cold,0,1,0,0.001,0.1,512,3,5,4,256,6000,8.0,2633729,1,1,9974,1103,600008,2,1023,13023,39,234.0,1.95,3.25845,0.68997198
cold,0,1,0,0.001,0.1,512,3,5,4,256,6000,8.0,2633729,1,1,9974,1103,600008,2,1023,13023,40,240.0,2.0,3.342,0.71132618
cold,0,1,0,0.001,0.1,512,3,5,4,256,6000,8.0,2633729,1,1,9974,1103,600008,2,1023,13023,41,246.0,2.05,3.42555,0.73078823
cold,0,1,0,0.001,0.1,512,3,5,4,256,6000,8.0,2633729,1,1,9974,1103,600008,2,1023,13023,42,252.0,2.1,3.5091,0.7477625
cold,0,1,0,0.001,0.1,512,3,5,4,256,6000,8.0,2633729,1,1,9974,1103,600008,2,1023,13023,43,258.0,2.15,3.59265,0.76169646
cold,0,1,0,0.001,0.1,512,3,5,4,256,6000,8.0,2633729,1,1,9974,1103,600008,2,1023,13023,44,264.0,2.2,3.6762,0.77195048
cold,0,1,0,0.001,0.1,512,3,5,4,256,6000,8.0,2633729,1,1,9974,1103,600008,2,1023,13023,45,270.0,2.25,3.75975,0.77895319
cold,0,1,0,0.001,0.1,512,3,5,4,256,6000,8.0,2633729,1,1,9974,1103,600008,2,1023,13023,46,276.0,2.3,3.8433,0.78503895
cold,0,1,0,0.001,0.1,512,3,5,4,256,6000,8.0,2633729,1,1,9974,1103,600008,2,1023,13023,47,282.0,2.35,3.92685,0.79238307
cold,0,1,0,0.001,0.1,512,3,5,4,256,6000,8.0,2633729,1,1,9974,1103,600008,2,1023,13023,48,288.0,2.4,4.0104,0.80163431
cold,0,1,0,0.001,0.1,512,3,5,4,256,6000,8.0,2633729,1,1,9974,1103,600008,2,1023,13023,49,294.0,2.45,4.09395,0.81309915
cold,0,1,0,0.001,0.1,512,3,5,4,256,6000,8.0,2633729,1,1,9974,1103,600008,2,1023,13023,50,300.0,2.5,4.1775,0.82555723
cold,0,1,0,0.001,0.1,512,3,5,4,256,6000,8.0,2633729,1,1,9974,1103,600008,2,1023,13023,51,306.0,2.55,4.26105,0.83658218
cold,0,1,0,0.001,0.1,512,3,5,4,256,6000,8.0,2633729,1,1,9974,1103,600008,2,1023,13023,52,312.0,2.6,4.3446,0.84570479
cold,0,1,0,0.001,0.1,512,3,5,4,256,6000,8.0,2633729,1,1,9974,1103,600008,2,1023,13023,53,318.0,2.65,4.42815,0.85446662
cold,0,1,0,0.001,0.1,512,3,5,4,256,6000,8.0,2633729,1,1,9974,1103,600008,2,1023,13023,54,324.0,2.7,4.5117,0.86291844
cold,0,1,0,0.001,0.1,512,3,5,4,256,6000,8.0,2633729,1,1,9974,1103,600008,2,1023,13023,55,330.0,2.75,4.59525,0.87049669
cold,0,1,0,0.001,0.1,512,3,5,4,256,6000,8.0,2633729,1,1,9974,1103,600008,2,1023,13023,56,336.0,2.8,4.6788,0.8784076
cold,0,1,0,0.001,0.1,512,3,5,4,256,6000,8.0,2633729,1,1,9974,1103,600008,2,1023,13023,57,342.0,2.85,4.76235,0.88754219
cold,0,1,0,0.001,0.1,512,3,5,4,256,6000,8.0,2633729,1,1,9974,1103,600008,2,1023,13023,58,348.0,2.9,4.8459,0.89764374
cold,0,1,0,0.001,0.1,512,3,5,4,256,6000,8.0,2633729,1,1,9974,1103,600008,2,1023,13023,59,354.0,2.95,4.92945,0.90735805
cold,0,1,0,0.001,0.1,512,3,5,4,256,6000,8.0,2633729,1,1,9974,1103,600008,2,1023,13023,60,360.0,3.0,5.013,0.91412687
cold,0,1,0,0.001,0.1,512,3,5,4,256,6000,8.0,2633729,1,1,9974,1103,600008,2,1023,13023,61,366.0,3.05,5.09655,0.91719121
cold,0,1,0,0.001,0.1,512,3,5,4,256,6000,8.0,2633729,1,1,9974,1103,600008,2,1023,13023,62,372.0,3.1,5.1801,0.91900456
cold,0,1,0,0.001,0.1,512,3,5,4,256,6000,8.0,2633729,1,1,9974,1103,600008,2,1023,13023,63,378.0,3.15,5.26365,0.92103714
cold,0,1,0,0.001,0.1,512,3,5,4,256,6000,8.0,2633729,1,1,9974,1103,600008,2,1023,13023,64,384.0,3.2,5.3472,0.92205971
cold,0,1,0,0.001,0.1,512,3,5,4,256,6000,8.0,2633729,1,1,9974,1103,600008,2,1023,13023,65,390.0,3.25,5.43075,0.92154086
cold,0,1,0,0.001,0.1,512,3,5,4,256,6000,8.0,2633729,1,1,9974,1103,600008,2,1023,13023,66,396.0,3.3,5.5143,0.92097908
cold,0,1,0,0.001,0.1,512,3,5,4,256,6000,8.0,2633729,1,1,9974,1103,600008,2,1023,13023,67,402.0,3.35,5.59785,0.9222393
cold,0,1,0,0.001,0.1,512,3,5,4,256,6000,8.0,2633729,1,1,9974,1103,600008,2,1023,13023,68,408.0,3.4,5.6814,0.92567432
cold,0,1,0,0.001,0.1,512,3,5,4,256,6000,8.0,2633729,1,1,9974,1103,600008,2,1023,13023,69,414.0,3.45,5.76495,0.93096203
cold,0,1,0,0.001,0.1,512,3,5,4,256,6000,8.0,2633729,1,1,9974,1103,600008,2,1023,13023,70,420.0,3.5,5.8485,0.93741912
cold,0,1,0,0.001,0.1,512,3,5,4,256,6000,8.0,2633729,1,1,9974,1103,600008,2,1023,13023,71,426.0,3.55,5.93205,0.94374305
cold,0,1,0,0.001,0.1,512,3,5,4,256,6000,8.0,2633729,1,1,9974,1103,600008,2,1023,13023,72,432.0,3.6,6.0156,0.94822425
cold,0,1,0,0.001,0.1,512,3,5,4,256,6000,8.0,2633729,1,1,9974,1103,600008,2,1023,13023,73,438.0,3.65,6.09915,0.95063001
cold,0,1,0,0.001,0.1,512,3,5,4,256,6000,8.0,2633729,1,1,9974,1103,600008,2,1023,13023,74,444.0,3.7,6.1827,0.95380598
cold,0,1,0,0.001,0.1,512,3,5,4,256,6000,8.0,2633729,1,1,9974,1103,600008,2,1023,13023,75,450.0,3.75,6.26625,0.96001518
cold,0,1,0,0.001,0.1,512,3,5,4,256,6000,8.0,2633729,1,1,9974,1103,600008,2,1023,13023,76,456.0,3.8,6.3498,0.96721208
cold,0,1,0,0.001,0.1,512,3,5,4,256,6000,8.0,2633729,1,1,9974,1103,600008,2,1023,13023,77,462.0,3.85,6.43335,0.97161609
cold,0,1,0,0.001,0.1,512,3,5,4,256,6000,8.0,2633729,1,1,9974,1103,600008,2,1023,13023,78,468.0,3.9,6.5169,0.97198182
cold,0,1,0,0.001,0.1,512,3,5,4,256,6000,8.0,2633729,1,1,9974,1103,600008,2,1023,13023,79,474.0,3.95,6.60045,0.97002375
cold,0,1,0,0.001,0.1,512,3,5,4,256,6000,8.0,2633729,1,1,9974,1103,600008,2,1023,13023,80,480.0,4.0,6.684,0.96887356
cold,0,1,0,0.001,0.1,512,3,5,4,256,6000,8.0,2633729,1,1,9974,1103,600008,2,1023,13023,81,486.0,4.05,6.76755,0.97047234
cold,0,1,0,0.001,0.1,512,3,5,4,256,6000,8.0,2633729,1,1,9974,1103,600008,2,1023,13023,82,492.0,4.1,6.8511,0.97403449
cold,0,1,0,0.001,0.1,512,3,5,4,256,6000,8.0,2633729,1,1,9974,1103,600008,2,1023,13023,83,498.0,4.15,6.93465,0.97712725
cold,0,1,0,0.001,0.1,512,3,5,4,256,6000,8.0,2633729,1,1,9974,1103,600008,2,1023,13023,84,504.0,4.2,7.0182,0.9776001
cold,0,1,0,0.001,0.1,512,3,5,4,256,6000,8.0,2633729,1,1,9974,1103,600008,2,1023,13023,85,510.0,4.25,7.10175,0.97486293
cold,0,1,0,0.001,0.1,512,3,5,4,256,6000,8.0,2633729,1,1,9974,1103,600008,2,1023,13023,86,516.0,4.3,7.1853,0.97043538
cold,0,1,0,0.001,0.1,512,3,5,4,256,6000,8.0,2633729,1,1,9974,1103,600008,2,1023,13023,87,522.0,4.35,7.26885,0.96692932
cold,0,1,0,0.001,0.1,512,3,5,4,256,6000,8.0,2633729,1,1,9974,1103,600008,2,1023,13023,88,528.0,4.4,7.3524,0.96575779
cold,0,1,0,0.001,0.1,512,3,5,4,256,6000,8.0,2633729,1,1,9974,1103,600008,2,1023,13023,89,534.0,4.45,7.43595,0.96650279
cold,0,1,0,0.001,0.1,512,3,5,4,256,6000,8.0,2633729,1,1,9974,1103,600008,2,1023,13023,90,540.0,4.5,7.5195,0.96791083
cold,0,1,0,0.001,0.1,512,3,5,4,256,6000,8.0,2633729,1,1,9974,1103,600008,2,1023,13023,91,546.0,4.55,7.60305,0.9688428
cold,0,1,0,0.001,0.1,512,3,5,4,256,6000,8.0,2633729,1,1,9974,1103,600008,2,1023,13023,92,552.0,4.6,7.6866,0.96813035
cold,0,1,0,0.001,0.1,512,3,5,4,256,6000,8.0,2633729,1,1,9974,1103,600008,2,1023,13023,93,558.0,4.65,7.77015,0.96587843
cold,0,1,0,0.001,0.1,512,3,5,4,256,6000,8.0,2633729,1,1,9974,1103,600008,2,1023,13023,94,564.0,4.7,7.8537,0.96351385
cold,0,1,0,0.001,0.1,512,3,5,4,256,6000,8.0,2633729,1,1,9974,1103,600008,2,1023,13023,95,570.0,4.75,7.93725,0.96215671
cold,0,1,0,0.001,0.1,512,3,5,4,256,6000,8.0,2633729,1,1,9974,1103,600008,2,1023,13023,96,576.0,4.8,8.0208,0.96202451
cold,0,1,0,0.001,0.1,512,3,5,4,256,6000,8.0,2633729,1,1,9974,1103,600008,2,1023,13023,97,582.0,4.85,8.10435,0.96220142
cold,0,1,0,0.001,0.1,512,3,5,4,256,6000,8.0,2633729,1,1,9974,1103,600008,2,1023,13023,98,588.0,4.9,8.1879,0.96145225
cold,0,1,0,0.001,0.1,512,3,5,4,256,6000,8.0,2633729,1,1,9974,1103,600008,2,1023,13023,99,594.0,4.95,8.27145,0.9596644
cold,0,1,0,0.001,0.1,512,3,5,4,256,6000,8.0,2633729,1,1,9974,1103,600008,2,1023,13023,100,600.0,5.0,8.355,0.95833415
cold,0,1,0,0.001,0.1,512,3,5,4,256,6000,8.0,2633729,1,1,9974,1103,600008,2,1023,13023,101,606.0,5.05,8.43855,0.9586978
cold,0,1,0,0.001,0.1,512,3,5,4,256,6000,8.0,2633729,1,1,9974,1103,600008,2,1023,13023,102,612.0,5.1,8.5221,0.96108001
cold,0,1,0,0.001,0.1,512,3,5,4,256,6000,8.0,2633729,1,1,9974,1103,600008,2,1023,13023,103,618.0,5.15,8.60565,0.96537203
cold,0,1,0,0.001,0.1,512,3,5,4,256,6000,8.0,2633729,1,1,9974,1103,600008,2,1023,13023,104,624.0,5.2,8.6892,0.97054863
cold,0,1,0,0.001,0.1,512,3,5,4,256,6000,8.0,2633729,1,1,9974,1103,600008,2,1023,13023,105,630.0,5.25,8.77275,0.97377032
cold,0,1,0,0.001,0.1,512,3,5,4,256,6000,8.0,2633729,1,1,9974,1103,600008,2,1023,13023,106,636.0,5.3,8.8563,0.97246474
cold,0,1,0,0.001,0.1,512,3,5,4,256,6000,8.0,2633729,1,1,9974,1103,600008,2,1023,13023,107,642.0,5.35,8.93985,0.9679215
cold,0,1,0,0.001,0.1,512,3,5,4,256,6000,8.0,2633729,1,1,9974,1103,600008,2,1023,13023,108,648.0,5.4,9.0234,0.96357089
cold,0,1,0,0.001,0.1,512,3,5,4,256,6000,8.0,2633729,1,1,9974,1103,600008,2,1023,13023,109,654.0,5.45,9.10695,0.96157098
cold,0,1,0,0.001,0.1,512,3,5,4,256,6000,8.0,2633729,1,1,9974,1103,600008,2,1023,13023,110,660.0,5.5,9.1905,0.96290004
cold,0,1,0,0.001,0.1,512,3,5,4,256,6000,8.0,2633729,1,1,9974,1103,600008,2,1023,13023,111,666.0,5.55,9.27405,0.96700412
cold,0,1,0,0.001,0.1,512,3,5,4,256,6000,8.0,2633729,1,1,9974,1103,600008,2,1023,13023,112,672.0,5.6,9.3576,0.97121984
cold,0,1,0,0.001,0.1,512,3,5,4,256,6000,8.0,2633729,1,1,9974,1103,600008,2,1023,13023,113,678.0,5.65,9.44115,0.97406799
cold,0,1,0,0.001,0.1,512,3,5,4,256,6000,8.0,2633729,1,1,9974,1103,600008,2,1023,13023,114,684.0,5.7,9.5247,0.97626889
cold,0,1,0,0.001,0.1,512,3,5,4,256,6000,8.0,2633729,1,1,9974,1103,600008,2,1023,13023,115,690.0,5.75,9.60825,0.97739619
cold,0,1,0,0.001,0.1,512,3,5,4,256,6000,8.0,2633729,1,1,9974,1103,600008,2,1023,13023,116,696.0,5.8,9.6918,0.97637975
cold,0,1,0,0.001,0.1,512,3,5,4,256,6000,8.0,2633729,1,1,9974,1103,600008,2,1023,13023,117,702.0,5.85,9.77535,0.97395867
cold,0,1,0,0.001,0.1,512,3,5,4,256,6000,8.0,2633729,1,1,9974,1103,600008,2,1023,13023,118,708.0,5.9,9.8589,0.97131556
cold,0,1,0,0.001,0.1,512,3,5,4,256,6000,8.0,2633729,1,1,9974,1103,600008,2,1023,13023,119,714.0,5.95,9.94245,0.96789986
cold,0,1,0,0.001,0.1,512,3,5,4,256,6000,8.0,2633729,1,1,9974,1103,600008,2,1023,13023,120,720.0,6.0,10.026,0.9639014
cold,0,1,0,0.001,0.1,512,3,5,4,256,6000,8.0,2633729,1,1,9974,1103,600008,2,4468,16468,1,6.0,0.05,0.08355,0.04065154
cold,0,1,0,0.001,0.1,512,3,5,4,256,6000,8.0,2633729,1,1,9974,1103,600008,2,4468,16468,2,12.0,0.1,0.1671,0.04715008
cold,0,1,0,0.001,0.1,512,3,5,4,256,6000,8.0,2633729,1,1,9974,1103,600008,2,4468,16468,3,18.0,0.15,0.25065,0.05536128
cold,0,1,0,0.001,0.1,512,3,5,4,256,6000,8.0,2633729,1,1,9974,1103,600008,2,4468,16468,4,24.0,0.2,0.3342,0.06323329
cold,0,1,0,0.001,0.1,512,3,5,4,256,6000,8.0,2633729,1,1,9974,1103,600008,2,4468,16468,5,30.0,0.25,0.41775,0.07092945
cold,0,1,0,0.001,0.1,512,3,5,4,256,6000,8.0,2633729,1,1,9974,1103,600008,2,4468,16468,6,36.0,0.3,0.5013,0.08205651
cold,0,1,0,0.001,0.1,512,3,5,4,256,6000,8.0,2633729,1,1,9974,1103,600008,2,4468,16468,7,42.0,0.35,0.58485,0.09408194
cold,0,1,0,0.001,0.1,512,3,5,4,256,6000,8.0,2633729,1,1,9974,1103,600008,2,4468,16468,8,48.0,0.4,0.6684,0.10628895
cold,0,1,0,0.001,0.1,512,3,5,4,256,6000,8.0,2633729,1,1,9974,1103,600008,2,4468,16468,9,54.0,0.45,0.75195,0.11819769
cold,0,1,0,0.001,0.1,512,3,5,4,256,6000,8.0,2633729,1,1,9974,1103,600008,2,4468,16468,10,60.0,0.5,0.8355,0.13073064
cold,0,1,0,0.001,0.1,512,3,5,4,256,6000,8.0,2633729,1,1,9974,1103,600008,2,4468,16468,11,66.0,0.55,0.91905,0.14420104
cold,0,1,0,0.001,0.1,512,3,5,4,256,6000,8.0,2633729,1,1,9974,1103,600008,2,4468,16468,12,72.0,0.6,1.0026,0.15890819
cold,0,1,0,0.001,0.1,512,3,5,4,256,6000,8.0,2633729,1,1,9974,1103,600008,2,4468,16468,13,78.0,0.65,1.08615,0.17506474
cold,0,1,0,0.001,0.1,512,3,5,4,256,6000,8.0,2633729,1,1,9974,1103,600008,2,4468,16468,14,84.0,0.7,1.1697,0.19510052
cold,0,1,0,0.001,0.1,512,3,5,4,256,6000,8.0,2633729,1,1,9974,1103,600008,2,4468,16468,15,90.0,0.75,1.25325,0.21919863
cold,0,1,0,0.001,0.1,512,3,5,4,256,6000,8.0,2633729,1,1,9974,1103,600008,2,4468,16468,16,96.0,0.8,1.3368,0.24549665
cold,0,1,0,0.001,0.1,512,3,5,4,256,6000,8.0,2633729,1,1,9974,1103,600008,2,4468,16468,17,102.0,0.85,1.42035,0.27118406
cold,0,1,0,0.001,0.1,512,3,5,4,256,6000,8.0,2633729,1,1,9974,1103,600008,2,4468,16468,18,108.0,0.9,1.5039,0.2941336
cold,0,1,0,0.001,0.1,512,3,5,4,256,6000,8.0,2633729,1,1,9974,1103,600008,2,4468,16468,19,114.0,0.95,1.58745,0.31296468
cold,0,1,0,0.001,0.1,512,3,5,4,256,6000,8.0,2633729,1,1,9974,1103,600008,2,4468,16468,20,120.0,1.0,1.671,0.32998997
cold,0,1,0,0.001,0.1,512,3,5,4,256,6000,8.0,2633729,1,1,9974,1103,600008,2,4468,16468,21,126.0,1.05,1.75455,0.34750068
cold,0,1,0,0.001,0.1,512,3,5,4,256,6000,8.0,2633729,1,1,9974,1103,600008,2,4468,16468,22,132.0,1.1,1.8381,0.36675295
cold,0,1,0,0.001,0.1,512,3,5,4,256,6000,8.0,2633729,1,1,9974,1103,600008,2,4468,16468,23,138.0,1.15,1.92165,0.38824764
cold,0,1,0,0.001,0.1,512,3,5,4,256,6000,8.0,2633729,1,1,9974,1103,600008,2,4468,16468,24,144.0,1.2,2.0052,0.41170633
cold,0,1,0,0.001,0.1,512,3,5,4,256,6000,8.0,2633729,1,1,9974,1103,600008,2,4468,16468,25,150.0,1.25,2.08875,0.43557832
cold,0,1,0,0.001,0.1,512,3,5,4,256,6000,8.0,2633729,1,1,9974,1103,600008,2,4468,16468,26,156.0,1.3,2.1723,0.45826906
cold,0,1,0,0.001,0.1,512,3,5,4,256,6000,8.0,2633729,1,1,9974,1103,600008,2,4468,16468,27,162.0,1.35,2.25585,0.47911328
cold,0,1,0,0.001,0.1,512,3,5,4,256,6000,8.0,2633729,1,1,9974,1103,600008,2,4468,16468,28,168.0,1.4,2.3394,0.4987095
cold,0,1,0,0.001,0.1,512,3,5,4,256,6000,8.0,2633729,1,1,9974,1103,600008,2,4468,16468,29,174.0,1.45,2.42295,0.51715136
cold,0,1,0,0.001,0.1,512,3,5,4,256,6000,8.0,2633729,1,1,9974,1103,600008,2,4468,16468,30,180.0,1.5,2.5065,0.5342834
cold,0,1,0,0.001,0.1,512,3,5,4,256,6000,8.0,2633729,1,1,9974,1103,600008,2,4468,16468,31,186.0,1.55,2.59005,0.54962242
cold,0,1,0,0.001,0.1,512,3,5,4,256,6000,8.0,2633729,1,1,9974,1103,600008,2,4468,16468,32,192.0,1.6,2.6736,0.56238687
cold,0,1,0,0.001,0.1,512,3,5,4,256,6000,8.0,2633729,1,1,9974,1103,600008,2,4468,16468,33,198.0,1.65,2.75715,0.5733487
cold,0,1,0,0.001,0.1,512,3,5,4,256,6000,8.0,2633729,1,1,9974,1103,600008,2,4468,16468,34,204.0,1.7,2.8407,0.58394629
cold,0,1,0,0.001,0.1,512,3,5,4,256,6000,8.0,2633729,1,1,9974,1103,600008,2,4468,16468,35,210.0,1.75,2.92425,0.59646636
cold,0,1,0,0.001,0.1,512,3,5,4,256,6000,8.0,2633729,1,1,9974,1103,600008,2,4468,16468,36,216.0,1.8,3.0078,0.61190134
cold,0,1,0,0.001,0.1,512,3,5,4,256,6000,8.0,2633729,1,1,9974,1103,600008,2,4468,16468,37,222.0,1.85,3.09135,0.63127321
cold,0,1,0,0.001,0.1,512,3,5,4,256,6000,8.0,2633729,1,1,9974,1103,600008,2,4468,16468,38,228.0,1.9,3.1749,0.65408552
cold,0,1,0,0.001,0.1,512,3,5,4,256,6000,8.0,2633729,1,1,9974,1103,600008,2,4468,16468,39,234.0,1.95,3.25845,0.6778354
cold,0,1,0,0.001,0.1,512,3,5,4,256,6000,8.0,2633729,1,1,9974,1103,600008,2,4468,16468,40,240.0,2.0,3.342,0.70060533
cold,0,1,0,0.001,0.1,512,3,5,4,256,6000,8.0,2633729,1,1,9974,1103,600008,2,4468,16468,41,246.0,2.05,3.42555,0.72095984
cold,0,1,0,0.001,0.1,512,3,5,4,256,6000,8.0,2633729,1,1,9974,1103,600008,2,4468,16468,42,252.0,2.1,3.5091,0.73748738
cold,0,1,0,0.001,0.1,512,3,5,4,256,6000,8.0,2633729,1,1,9974,1103,600008,2,4468,16468,43,258.0,2.15,3.59265,0.74938661
cold,0,1,0,0.001,0.1,512,3,5,4,256,6000,8.0,2633729,1,1,9974,1103,600008,2,4468,16468,44,264.0,2.2,3.6762,0.75620955
cold,0,1,0,0.001,0.1,512,3,5,4,256,6000,8.0,2633729,1,1,9974,1103,600008,2,4468,16468,45,270.0,2.25,3.75975,0.75936544
cold,0,1,0,0.001,0.1,512,3,5,4,256,6000,8.0,2633729,1,1,9974,1103,600008,2,4468,16468,46,276.0,2.3,3.8433,0.76182616
cold,0,1,0,0.001,0.1,512,3,5,4,256,6000,8.0,2633729,1,1,9974,1103,600008,2,4468,16468,47,282.0,2.35,3.92685,0.76573926
cold,0,1,0,0.001,0.1,512,3,5,4,256,6000,8.0,2633729,1,1,9974,1103,600008,2,4468,16468,48,288.0,2.4,4.0104,0.77122211
cold,0,1,0,0.001,0.1,512,3,5,4,256,6000,8.0,2633729,1,1,9974,1103,600008,2,4468,16468,49,294.0,2.45,4.09395,0.77898198
cold,0,1,0,0.001,0.1,512,3,5,4,256,6000,8.0,2633729,1,1,9974,1103,600008,2,4468,16468,50,300.0,2.5,4.1775,0.7892012
cold,0,1,0,0.001,0.1,512,3,5,4,256,6000,8.0,2633729,1,1,9974,1103,600008,2,4468,16468,51,306.0,2.55,4.26105,0.80103856
cold,0,1,0,0.001,0.1,512,3,5,4,256,6000,8.0,2633729,1,1,9974,1103,600008,2,4468,16468,52,312.0,2.6,4.3446,0.8140747
cold,0,1,0,0.001,0.1,512,3,5,4,256,6000,8.0,2633729,1,1,9974,1103,600008,2,4468,16468,53,318.0,2.65,4.42815,0.82711655
cold,0,1,0,0.001,0.1,512,3,5,4,256,6000,8.0,2633729,1,1,9974,1103,600008,2,4468,16468,54,324.0,2.7,4.5117,0.83867103
cold,0,1,0,0.001,0.1,512,3,5,4,256,6000,8.0,2633729,1,1,9974,1103,600008,2,4468,16468,55,330.0,2.75,4.59525,0.84914649
cold,0,1,0,0.001,0.1,512,3,5,4,256,6000,8.0,2633729,1,1,9974,1103,600008,2,4468,16468,56,336.0,2.8,4.6788,0.85998052
cold,0,1,0,0.001,0.1,512,3,5,4,256,6000,8.0,2633729,1,1,9974,1103,600008,2,4468,16468,57,342.0,2.85,4.76235,0.87055987
cold,0,1,0,0.001,0.1,512,3,5,4,256,6000,8.0,2633729,1,1,9974,1103,600008,2,4468,16468,58,348.0,2.9,4.8459,0.87754941
cold,0,1,0,0.001,0.1,512,3,5,4,256,6000,8.0,2633729,1,1,9974,1103,600008,2,4468,16468,59,354.0,2.95,4.92945,0.87992096
cold,0,1,0,0.001,0.1,512,3,5,4,256,6000,8.0,2633729,1,1,9974,1103,600008,2,4468,16468,60,360.0,3.0,5.013,0.88005227
cold,0,1,0,0.001,0.1,512,3,5,4,256,6000,8.0,2633729,1,1,9974,1103,600008,2,4468,16468,61,366.0,3.05,5.09655,0.88031161
cold,0,1,0,0.001,0.1,512,3,5,4,256,6000,8.0,2633729,1,1,9974,1103,600008,2,4468,16468,62,372.0,3.1,5.1801,0.88134426
cold,0,1,0,0.001,0.1,512,3,5,4,256,6000,8.0,2633729,1,1,9974,1103,600008,2,4468,16468,63,378.0,3.15,5.26365,0.88289708
cold,0,1,0,0.001,0.1,512,3,5,4,256,6000,8.0,2633729,1,1,9974,1103,600008,2,4468,16468,64,384.0,3.2,5.3472,0.88659674
cold,0,1,0,0.001,0.1,512,3,5,4,256,6000,8.0,2633729,1,1,9974,1103,600008,2,4468,16468,65,390.0,3.25,5.43075,0.89449883
cold,0,1,0,0.001,0.1,512,3,5,4,256,6000,8.0,2633729,1,1,9974,1103,600008,2,4468,16468,66,396.0,3.3,5.5143,0.9043898
cold,0,1,0,0.001,0.1,512,3,5,4,256,6000,8.0,2633729,1,1,9974,1103,600008,2,4468,16468,67,402.0,3.35,5.59785,0.9122718
cold,0,1,0,0.001,0.1,512,3,5,4,256,6000,8.0,2633729,1,1,9974,1103,600008,2,4468,16468,68,408.0,3.4,5.6814,0.91744292
cold,0,1,0,0.001,0.1,512,3,5,4,256,6000,8.0,2633729,1,1,9974,1103,600008,2,4468,16468,69,414.0,3.45,5.76495,0.92186499
cold,0,1,0,0.001,0.1,512,3,5,4,256,6000,8.0,2633729,1,1,9974,1103,600008,2,4468,16468,70,420.0,3.5,5.8485,0.92552245
cold,0,1,0,0.001,0.1,512,3,5,4,256,6000,8.0,2633729,1,1,9974,1103,600008,2,4468,16468,71,426.0,3.55,5.93205,0.92763489
cold,0,1,0,0.001,0.1,512,3,5,4,256,6000,8.0,2633729,1,1,9974,1103,600008,2,4468,16468,72,432.0,3.6,6.0156,0.92804933
cold,0,1,0,0.001,0.1,512,3,5,4,256,6000,8.0,2633729,1,1,9974,1103,600008,2,4468,16468,73,438.0,3.65,6.09915,0.92732733
cold,0,1,0,0.001,0.1,512,3,5,4,256,6000,8.0,2633729,1,1,9974,1103,600008,2,4468,16468,74,444.0,3.7,6.1827,0.92734849
cold,0,1,0,0.001,0.1,512,3,5,4,256,6000,8.0,2633729,1,1,9974,1103,600008,2,4468,16468,75,450.0,3.75,6.26625,0.92957759
cold,0,1,0,0.001,0.1,512,3,5,4,256,6000,8.0,2633729,1,1,9974,1103,600008,2,4468,16468,76,456.0,3.8,6.3498,0.93352044
cold,0,1,0,0.001,0.1,512,3,5,4,256,6000,8.0,2633729,1,1,9974,1103,600008,2,4468,16468,77,462.0,3.85,6.43335,0.93750447
cold,0,1,0,0.001,0.1,512,3,5,4,256,6000,8.0,2633729,1,1,9974,1103,600008,2,4468,16468,78,468.0,3.9,6.5169,0.93983328
cold,0,1,0,0.001,0.1,512,3,5,4,256,6000,8.0,2633729,1,1,9974,1103,600008,2,4468,16468,79,474.0,3.95,6.60045,0.9397462
cold,0,1,0,0.001,0.1,512,3,5,4,256,6000,8.0,2633729,1,1,9974,1103,600008,2,4468,16468,80,480.0,4.0,6.684,0.93877786
cold,0,1,0,0.001,0.1,512,3,5,4,256,6000,8.0,2633729,1,1,9974,1103,600008,2,4468,16468,81,486.0,4.05,6.76755,0.93970627
cold,0,1,0,0.001,0.1,512,3,5,4,256,6000,8.0,2633729,1,1,9974,1103,600008,2,4468,16468,82,492.0,4.1,6.8511,0.94294429
cold,0,1,0,0.001,0.1,512,3,5,4,256,6000,8.0,2633729,1,1,9974,1103,600008,2,4468,16468,83,498.0,4.15,6.93465,0.94598186
cold,0,1,0,0.001,0.1,512,3,5,4,256,6000,8.0,2633729,1,1,9974,1103,600008,2,4468,16468,84,504.0,4.2,7.0182,0.94717312
cold,0,1,0,0.001,0.1,512,3,5,4,256,6000,8.0,2633729,1,1,9974,1103,600008,2,4468,16468,85,510.0,4.25,7.10175,0.94640702
cold,0,1,0,0.001,0.1,512,3,5,4,256,6000,8.0,2633729,1,1,9974,1103,600008,2,4468,16468,86,516.0,4.3,7.1853,0.94285202
cold,0,1,0,0.001,0.1,512,3,5,4,256,6000,8.0,2633729,1,1,9974,1103,600008,2,4468,16468,87,522.0,4.35,7.26885,0.93700606
cold,0,1,0,0.001,0.1,512,3,5,4,256,6000,8.0,2633729,1,1,9974,1103,600008,2,4468,16468,88,528.0,4.4,7.3524,0.93182546
cold,0,1,0,0.001,0.1,512,3,5,4,256,6000,8.0,2633729,1,1,9974,1103,600008,2,4468,16468,89,534.0,4.45,7.43595,0.93114501
cold,0,1,0,0.001,0.1,512,3,5,4,256,6000,8.0,2633729,1,1,9974,1103,600008,2,4468,16468,90,540.0,4.5,7.5195,0.9363755
cold,0,1,0,0.001,0.1,512,3,5,4,256,6000,8.0,2633729,1,1,9974,1103,600008,2,4468,16468,91,546.0,4.55,7.60305,0.94460273
cold,0,1,0,0.001,0.1,512,3,5,4,256,6000,8.0,2633729,1,1,9974,1103,600008,2,4468,16468,92,552.0,4.6,7.6866,0.95086288
cold,0,1,0,0.001,0.1,512,3,5,4,256,6000,8.0,2633729,1,1,9974,1103,600008,2,4468,16468,93,558.0,4.65,7.77015,0.95259327
cold,0,1,0,0.001,0.1,512,3,5,4,256,6000,8.0,2633729,1,1,9974,1103,600008,2,4468,16468,94,564.0,4.7,7.8537,0.94958484
cold,0,1,0,0.001,0.1,512,3,5,4,256,6000,8.0,2633729,1,1,9974,1103,600008,2,4468,16468,95,570.0,4.75,7.93725,0.94461817
cold,0,1,0,0.001,0.1,512,3,5,4,256,6000,8.0,2633729,1,1,9974,1103,600008,2,4468,16468,96,576.0,4.8,8.0208,0.94363427
cold,0,1,0,0.001,0.1,512,3,5,4,256,6000,8.0,2633729,1,1,9974,1103,600008,2,4468,16468,97,582.0,4.85,8.10435,0.94836104
cold,0,1,0,0.001,0.1,512,3,5,4,256,6000,8.0,2633729,1,1,9974,1103,600008,2,4468,16468,98,588.0,4.9,8.1879,0.9553811
cold,0,1,0,0.001,0.1,512,3,5,4,256,6000,8.0,2633729,1,1,9974,1103,600008,2,4468,16468,99,594.0,4.95,8.27145,0.960154
cold,0,1,0,0.001,0.1,512,3,5,4,256,6000,8.0,2633729,1,1,9974,1103,600008,2,4468,16468,100,600.0,5.0,8.355,0.96125907
cold,0,1,0,0.001,0.1,512,3,5,4,256,6000,8.0,2633729,1,1,9974,1103,600008,2,4468,16468,101,606.0,5.05,8.43855,0.95960057
cold,0,1,0,0.001,0.1,512,3,5,4,256,6000,8.0,2633729,1,1,9974,1103,600008,2,4468,16468,102,612.0,5.1,8.5221,0.95744801
cold,0,1,0,0.001,0.1,512,3,5,4,256,6000,8.0,2633729,1,1,9974,1103,600008,2,4468,16468,103,618.0,5.15,8.60565,0.95675737
cold,0,1,0,0.001,0.1,512,3,5,4,256,6000,8.0,2633729,1,1,9974,1103,600008,2,4468,16468,104,624.0,5.2,8.6892,0.95798707
cold,0,1,0,0.001,0.1,512,3,5,4,256,6000,8.0,2633729,1,1,9974,1103,600008,2,4468,16468,105,630.0,5.25,8.77275,0.9601351
cold,0,1,0,0.001,0.1,512,3,5,4,256,6000,8.0,2633729,1,1,9974,1103,600008,2,4468,16468,106,636.0,5.3,8.8563,0.96224892
cold,0,1,0,0.001,0.1,512,3,5,4,256,6000,8.0,2633729,1,1,9974,1103,600008,2,4468,16468,107,642.0,5.35,8.93985,0.96376884
cold,0,1,0,0.001,0.1,512,3,5,4,256,6000,8.0,2633729,1,1,9974,1103,600008,2,4468,16468,108,648.0,5.4,9.0234,0.96458787
cold,0,1,0,0.001,0.1,512,3,5,4,256,6000,8.0,2633729,1,1,9974,1103,600008,2,4468,16468,109,654.0,5.45,9.10695,0.9652003
cold,0,1,0,0.001,0.1,512,3,5,4,256,6000,8.0,2633729,1,1,9974,1103,600008,2,4468,16468,110,660.0,5.5,9.1905,0.9670167
cold,0,1,0,0.001,0.1,512,3,5,4,256,6000,8.0,2633729,1,1,9974,1103,600008,2,4468,16468,111,666.0,5.55,9.27405,0.97127765
cold,0,1,0,0.001,0.1,512,3,5,4,256,6000,8.0,2633729,1,1,9974,1103,600008,2,4468,16468,112,672.0,5.6,9.3576,0.97670621
cold,0,1,0,0.001,0.1,512,3,5,4,256,6000,8.0,2633729,1,1,9974,1103,600008,2,4468,16468,113,678.0,5.65,9.44115,0.9805218
cold,0,1,0,0.001,0.1,512,3,5,4,256,6000,8.0,2633729,1,1,9974,1103,600008,2,4468,16468,114,684.0,5.7,9.5247,0.98066461
cold,0,1,0,0.001,0.1,512,3,5,4,256,6000,8.0,2633729,1,1,9974,1103,600008,2,4468,16468,115,690.0,5.75,9.60825,0.97793365
cold,0,1,0,0.001,0.1,512,3,5,4,256,6000,8.0,2633729,1,1,9974,1103,600008,2,4468,16468,116,696.0,5.8,9.6918,0.97513741
cold,0,1,0,0.001,0.1,512,3,5,4,256,6000,8.0,2633729,1,1,9974,1103,600008,2,4468,16468,117,702.0,5.85,9.77535,0.97345847
cold,0,1,0,0.001,0.1,512,3,5,4,256,6000,8.0,2633729,1,1,9974,1103,600008,2,4468,16468,118,708.0,5.9,9.8589,0.97239941
cold,0,1,0,0.001,0.1,512,3,5,4,256,6000,8.0,2633729,1,1,9974,1103,600008,2,4468,16468,119,714.0,5.95,9.94245,0.97186941
cold,0,1,0,0.001,0.1,512,3,5,4,256,6000,8.0,2633729,1,1,9974,1103,600008,2,4468,16468,120,720.0,6.0,10.026,0.97153354
cold,0,1,0,0.001,0.1,512,3,5,4,256,6000,8.0,2633729,1,1,9974,1103,600008,2,6000,18000,1,6.0,0.05,0.08355,0.05039628
cold,0,1,0,0.001,0.1,512,3,5,4,256,6000,8.0,2633729,1,1,9974,1103,600008,2,6000,18000,2,12.0,0.1,0.1671,0.05699655
cold,0,1,0,0.001,0.1,512,3,5,4,256,6000,8.0,2633729,1,1,9974,1103,600008,2,6000,18000,3,18.0,0.15,0.25065,0.06485458
cold,0,1,0,0.001,0.1,512,3,5,4,256,6000,8.0,2633729,1,1,9974,1103,600008,2,6000,18000,4,24.0,0.2,0.3342,0.07436951
cold,0,1,0,0.001,0.1,512,3,5,4,256,6000,8.0,2633729,1,1,9974,1103,600008,2,6000,18000,5,30.0,0.25,0.41775,0.08423745
cold,0,1,0,0.001,0.1,512,3,5,4,256,6000,8.0,2633729,1,1,9974,1103,600008,2,6000,18000,6,36.0,0.3,0.5013,0.09606152
cold,0,1,0,0.001,0.1,512,3,5,4,256,6000,8.0,2633729,1,1,9974,1103,600008,2,6000,18000,7,42.0,0.35,0.58485,0.10925463
cold,0,1,0,0.001,0.1,512,3,5,4,256,6000,8.0,2633729,1,1,9974,1103,600008,2,6000,18000,8,48.0,0.4,0.6684,0.12335596
cold,0,1,0,0.001,0.1,512,3,5,4,256,6000,8.0,2633729,1,1,9974,1103,600008,2,6000,18000,9,54.0,0.45,0.75195,0.13794026
cold,0,1,0,0.001,0.1,512,3,5,4,256,6000,8.0,2633729,1,1,9974,1103,600008,2,6000,18000,10,60.0,0.5,0.8355,0.15410583
cold,0,1,0,0.001,0.1,512,3,5,4,256,6000,8.0,2633729,1,1,9974,1103,600008,2,6000,18000,11,66.0,0.55,0.91905,0.17203213
cold,0,1,0,0.001,0.1,512,3,5,4,256,6000,8.0,2633729,1,1,9974,1103,600008,2,6000,18000,12,72.0,0.6,1.0026,0.19036369
cold,0,1,0,0.001,0.1,512,3,5,4,256,6000,8.0,2633729,1,1,9974,1103,600008,2,6000,18000,13,78.0,0.65,1.08615,0.211209
cold,0,1,0,0.001,0.1,512,3,5,4,256,6000,8.0,2633729,1,1,9974,1103,600008,2,6000,18000,14,84.0,0.7,1.1697,0.23778155
cold,0,1,0,0.001,0.1,512,3,5,4,256,6000,8.0,2633729,1,1,9974,1103,600008,2,6000,18000,15,90.0,0.75,1.25325,0.26592088
cold,0,1,0,0.001,0.1,512,3,5,4,256,6000,8.0,2633729,1,1,9974,1103,600008,2,6000,18000,16,96.0,0.8,1.3368,0.29625726
cold,0,1,0,0.001,0.1,512,3,5,4,256,6000,8.0,2633729,1,1,9974,1103,600008,2,6000,18000,17,102.0,0.85,1.42035,0.32592452
cold,0,1,0,0.001,0.1,512,3,5,4,256,6000,8.0,2633729,1,1,9974,1103,600008,2,6000,18000,18,108.0,0.9,1.5039,0.35486957
cold,0,1,0,0.001,0.1,512,3,5,4,256,6000,8.0,2633729,1,1,9974,1103,600008,2,6000,18000,19,114.0,0.95,1.58745,0.38230067
cold,0,1,0,0.001,0.1,512,3,5,4,256,6000,8.0,2633729,1,1,9974,1103,600008,2,6000,18000,20,120.0,1.0,1.671,0.40728301
cold,0,1,0,0.001,0.1,512,3,5,4,256,6000,8.0,2633729,1,1,9974,1103,600008,2,6000,18000,21,126.0,1.05,1.75455,0.42974108
cold,0,1,0,0.001,0.1,512,3,5,4,256,6000,8.0,2633729,1,1,9974,1103,600008,2,6000,18000,22,132.0,1.1,1.8381,0.45274192
cold,0,1,0,0.001,0.1,512,3,5,4,256,6000,8.0,2633729,1,1,9974,1103,600008,2,6000,18000,23,138.0,1.15,1.92165,0.47733477
cold,0,1,0,0.001,0.1,512,3,5,4,256,6000,8.0,2633729,1,1,9974,1103,600008,2,6000,18000,24,144.0,1.2,2.0052,0.50208175
cold,0,1,0,0.001,0.1,512,3,5,4,256,6000,8.0,2633729,1,1,9974,1103,600008,2,6000,18000,25,150.0,1.25,2.08875,0.52613968
cold,0,1,0,0.001,0.1,512,3,5,4,256,6000,8.0,2633729,1,1,9974,1103,600008,2,6000,18000,26,156.0,1.3,2.1723,0.54725134
cold,0,1,0,0.001,0.1,512,3,5,4,256,6000,8.0,2633729,1,1,9974,1103,600008,2,6000,18000,27,162.0,1.35,2.25585,0.56638318
cold,0,1,0,0.001,0.1,512,3,5,4,256,6000,8.0,2633729,1,1,9974,1103,600008,2,6000,18000,28,168.0,1.4,2.3394,0.58423334
cold,0,1,0,0.001,0.1,512,3,5,4,256,6000,8.0,2633729,1,1,9974,1103,600008,2,6000,18000,29,174.0,1.45,2.42295,0.60377687
cold,0,1,0,0.001,0.1,512,3,5,4,256,6000,8.0,2633729,1,1,9974,1103,600008,2,6000,18000,30,180.0,1.5,2.5065,0.62540621
cold,0,1,0,0.001,0.1,512,3,5,4,256,6000,8.0,2633729,1,1,9974,1103,600008,2,6000,18000,31,186.0,1.55,2.59005,0.64931989
cold,0,1,0,0.001,0.1,512,3,5,4,256,6000,8.0,2633729,1,1,9974,1103,600008,2,6000,18000,32,192.0,1.6,2.6736,0.67344683
cold,0,1,0,0.001,0.1,512,3,5,4,256,6000,8.0,2633729,1,1,9974,1103,600008,2,6000,18000,33,198.0,1.65,2.75715,0.69380194
cold,0,1,0,0.001,0.1,512,3,5,4,256,6000,8.0,2633729,1,1,9974,1103,600008,2,6000,18000,34,204.0,1.7,2.8407,0.70940268
cold,0,1,0,0.001,0.1,512,3,5,4,256,6000,8.0,2633729,1,1,9974,1103,600008,2,6000,18000,35,210.0,1.75,2.92425,0.7226522
cold,0,1,0,0.001,0.1,512,3,5,4,256,6000,8.0,2633729,1,1,9974,1103,600008,2,6000,18000,36,216.0,1.8,3.0078,0.73650217
cold,0,1,0,0.001,0.1,512,3,5,4,256,6000,8.0,2633729,1,1,9974,1103,600008,2,6000,18000,37,222.0,1.85,3.09135,0.75024724
cold,0,1,0,0.001,0.1,512,3,5,4,256,6000,8.0,2633729,1,1,9974,1103,600008,2,6000,18000,38,228.0,1.9,3.1749,0.76326835
cold,0,1,0,0.001,0.1,512,3,5,4,256,6000,8.0,2633729,1,1,9974,1103,600008,2,6000,18000,39,234.0,1.95,3.25845,0.77665955
cold,0,1,0,0.001,0.1,512,3,5,4,256,6000,8.0,2633729,1,1,9974,1103,600008,2,6000,18000,40,240.0,2.0,3.342,0.79039347
cold,0,1,0,0.001,0.1,512,3,5,4,256,6000,8.0,2633729,1,1,9974,1103,600008,2,6000,18000,41,246.0,2.05,3.42555,0.80325967
cold,0,1,0,0.001,0.1,512,3,5,4,256,6000,8.0,2633729,1,1,9974,1103,600008,2,6000,18000,42,252.0,2.1,3.5091,0.81606781
cold,0,1,0,0.001,0.1,512,3,5,4,256,6000,8.0,2633729,1,1,9974,1103,600008,2,6000,18000,43,258.0,2.15,3.59265,0.82888687
cold,0,1,0,0.001,0.1,512,3,5,4,256,6000,8.0,2633729,1,1,9974,1103,600008,2,6000,18000,44,264.0,2.2,3.6762,0.84004933
cold,0,1,0,0.001,0.1,512,3,5,4,256,6000,8.0,2633729,1,1,9974,1103,600008,2,6000,18000,45,270.0,2.25,3.75975,0.84753931
cold,0,1,0,0.001,0.1,512,3,5,4,256,6000,8.0,2633729,1,1,9974,1103,600008,2,6000,18000,46,276.0,2.3,3.8433,0.85342801
cold,0,1,0,0.001,0.1,512,3,5,4,256,6000,8.0,2633729,1,1,9974,1103,600008,2,6000,18000,47,282.0,2.35,3.92685,0.85808361
cold,0,1,0,0.001,0.1,512,3,5,4,256,6000,8.0,2633729,1,1,9974,1103,600008,2,6000,18000,48,288.0,2.4,4.0104,0.86197257
cold,0,1,0,0.001,0.1,512,3,5,4,256,6000,8.0,2633729,1,1,9974,1103,600008,2,6000,18000,49,294.0,2.45,4.09395,0.8661263
cold,0,1,0,0.001,0.1,512,3,5,4,256,6000,8.0,2633729,1,1,9974,1103,600008,2,6000,18000,50,300.0,2.5,4.1775,0.8691892
cold,0,1,0,0.001,0.1,512,3,5,4,256,6000,8.0,2633729,1,1,9974,1103,600008,2,6000,18000,51,306.0,2.55,4.26105,0.87203443
cold,0,1,0,0.001,0.1,512,3,5,4,256,6000,8.0,2633729,1,1,9974,1103,600008,2,6000,18000,52,312.0,2.6,4.3446,0.87556988
cold,0,1,0,0.001,0.1,512,3,5,4,256,6000,8.0,2633729,1,1,9974,1103,600008,2,6000,18000,53,318.0,2.65,4.42815,0.87959379
cold,0,1,0,0.001,0.1,512,3,5,4,256,6000,8.0,2633729,1,1,9974,1103,600008,2,6000,18000,54,324.0,2.7,4.5117,0.88551688
cold,0,1,0,0.001,0.1,512,3,5,4,256,6000,8.0,2633729,1,1,9974,1103,600008,2,6000,18000,55,330.0,2.75,4.59525,0.89188671
cold,0,1,0,0.001,0.1,512,3,5,4,256,6000,8.0,2633729,1,1,9974,1103,600008,2,6000,18000,56,336.0,2.8,4.6788,0.89872491
cold,0,1,0,0.001,0.1,512,3,5,4,256,6000,8.0,2633729,1,1,9974,1103,600008,2,6000,18000,57,342.0,2.85,4.76235,0.90547758
cold,0,1,0,0.001,0.1,512,3,5,4,256,6000,8.0,2633729,1,1,9974,1103,600008,2,6000,18000,58,348.0,2.9,4.8459,0.91300166
cold,0,1,0,0.001,0.1,512,3,5,4,256,6000,8.0,2633729,1,1,9974,1103,600008,2,6000,18000,59,354.0,2.95,4.92945,0.92066455
cold,0,1,0,0.001,0.1,512,3,5,4,256,6000,8.0,2633729,1,1,9974,1103,600008,2,6000,18000,60,360.0,3.0,5.013,0.92564166
cold,0,1,0,0.001,0.1,512,3,5,4,256,6000,8.0,2633729,1,1,9974,1103,600008,2,6000,18000,61,366.0,3.05,5.09655,0.92807788
cold,0,1,0,0.001,0.1,512,3,5,4,256,6000,8.0,2633729,1,1,9974,1103,600008,2,6000,18000,62,372.0,3.1,5.1801,0.9321909
cold,0,1,0,0.001,0.1,512,3,5,4,256,6000,8.0,2633729,1,1,9974,1103,600008,2,6000,18000,63,378.0,3.15,5.26365,0.93579453
cold,0,1,0,0.001,0.1,512,3,5,4,256,6000,8.0,2633729,1,1,9974,1103,600008,2,6000,18000,64,384.0,3.2,5.3472,0.93713486
cold,0,1,0,0.001,0.1,512,3,5,4,256,6000,8.0,2633729,1,1,9974,1103,600008,2,6000,18000,65,390.0,3.25,5.43075,0.93820357
cold,0,1,0,0.001,0.1,512,3,5,4,256,6000,8.0,2633729,1,1,9974,1103,600008,2,6000,18000,66,396.0,3.3,5.5143,0.94143671
cold,0,1,0,0.001,0.1,512,3,5,4,256,6000,8.0,2633729,1,1,9974,1103,600008,2,6000,18000,67,402.0,3.35,5.59785,0.94622797
cold,0,1,0,0.001,0.1,512,3,5,4,256,6000,8.0,2633729,1,1,9974,1103,600008,2,6000,18000,68,408.0,3.4,5.6814,0.95206708
cold,0,1,0,0.001,0.1,512,3,5,4,256,6000,8.0,2633729,1,1,9974,1103,600008,2,6000,18000,69,414.0,3.45,5.76495,0.95732361
cold,0,1,0,0.001,0.1,512,3,5,4,256,6000,8.0,2633729,1,1,9974,1103,600008,2,6000,18000,70,420.0,3.5,5.8485,0.96278429
cold,0,1,0,0.001,0.1,512,3,5,4,256,6000,8.0,2633729,1,1,9974,1103,600008,2,6000,18000,71,426.0,3.55,5.93205,0.96555561
cold,0,1,0,0.001,0.1,512,3,5,4,256,6000,8.0,2633729,1,1,9974,1103,600008,2,6000,18000,72,432.0,3.6,6.0156,0.96433443
cold,0,1,0,0.001,0.1,512,3,5,4,256,6000,8.0,2633729,1,1,9974,1103,600008,2,6000,18000,73,438.0,3.65,6.09915,0.96124125
cold,0,1,0,0.001,0.1,512,3,5,4,256,6000,8.0,2633729,1,1,9974,1103,600008,2,6000,18000,74,444.0,3.7,6.1827,0.95897096
cold,0,1,0,0.001,0.1,512,3,5,4,256,6000,8.0,2633729,1,1,9974,1103,600008,2,6000,18000,75,450.0,3.75,6.26625,0.95902687
cold,0,1,0,0.001,0.1,512,3,5,4,256,6000,8.0,2633729,1,1,9974,1103,600008,2,6000,18000,76,456.0,3.8,6.3498,0.96142298
cold,0,1,0,0.001,0.1,512,3,5,4,256,6000,8.0,2633729,1,1,9974,1103,600008,2,6000,18000,77,462.0,3.85,6.43335,0.96396035
cold,0,1,0,0.001,0.1,512,3,5,4,256,6000,8.0,2633729,1,1,9974,1103,600008,2,6000,18000,78,468.0,3.9,6.5169,0.96526551
cold,0,1,0,0.001,0.1,512,3,5,4,256,6000,8.0,2633729,1,1,9974,1103,600008,2,6000,18000,79,474.0,3.95,6.60045,0.966627
cold,0,1,0,0.001,0.1,512,3,5,4,256,6000,8.0,2633729,1,1,9974,1103,600008,2,6000,18000,80,480.0,4.0,6.684,0.97039741
cold,0,1,0,0.001,0.1,512,3,5,4,256,6000,8.0,2633729,1,1,9974,1103,600008,2,6000,18000,81,486.0,4.05,6.76755,0.97516769
cold,0,1,0,0.001,0.1,512,3,5,4,256,6000,8.0,2633729,1,1,9974,1103,600008,2,6000,18000,82,492.0,4.1,6.8511,0.97778207
cold,0,1,0,0.001,0.1,512,3,5,4,256,6000,8.0,2633729,1,1,9974,1103,600008,2,6000,18000,83,498.0,4.15,6.93465,0.97662312
cold,0,1,0,0.001,0.1,512,3,5,4,256,6000,8.0,2633729,1,1,9974,1103,600008,2,6000,18000,84,504.0,4.2,7.0182,0.973028
cold,0,1,0,0.001,0.1,512,3,5,4,256,6000,8.0,2633729,1,1,9974,1103,600008,2,6000,18000,85,510.0,4.25,7.10175,0.96972972
cold,0,1,0,0.001,0.1,512,3,5,4,256,6000,8.0,2633729,1,1,9974,1103,600008,2,6000,18000,86,516.0,4.3,7.1853,0.969087
cold,0,1,0,0.001,0.1,512,3,5,4,256,6000,8.0,2633729,1,1,9974,1103,600008,2,6000,18000,87,522.0,4.35,7.26885,0.97096872
cold,0,1,0,0.001,0.1,512,3,5,4,256,6000,8.0,2633729,1,1,9974,1103,600008,2,6000,18000,88,528.0,4.4,7.3524,0.97178048
cold,0,1,0,0.001,0.1,512,3,5,4,256,6000,8.0,2633729,1,1,9974,1103,600008,2,6000,18000,89,534.0,4.45,7.43595,0.97088122
cold,0,1,0,0.001,0.1,512,3,5,4,256,6000,8.0,2633729,1,1,9974,1103,600008,2,6000,18000,90,540.0,4.5,7.5195,0.97043216
cold,0,1,0,0.001,0.1,512,3,5,4,256,6000,8.0,2633729,1,1,9974,1103,600008,2,6000,18000,91,546.0,4.55,7.60305,0.97216654
cold,0,1,0,0.001,0.1,512,3,5,4,256,6000,8.0,2633729,1,1,9974,1103,600008,2,6000,18000,92,552.0,4.6,7.6866,0.97375453
cold,0,1,0,0.001,0.1,512,3,5,4,256,6000,8.0,2633729,1,1,9974,1103,600008,2,6000,18000,93,558.0,4.65,7.77015,0.97590601
cold,0,1,0,0.001,0.1,512,3,5,4,256,6000,8.0,2633729,1,1,9974,1103,600008,2,6000,18000,94,564.0,4.7,7.8537,0.97863811
cold,0,1,0,0.001,0.1,512,3,5,4,256,6000,8.0,2633729,1,1,9974,1103,600008,2,6000,18000,95,570.0,4.75,7.93725,0.98153412
cold,0,1,0,0.001,0.1,512,3,5,4,256,6000,8.0,2633729,1,1,9974,1103,600008,2,6000,18000,96,576.0,4.8,8.0208,0.98397666
cold,0,1,0,0.001,0.1,512,3,5,4,256,6000,8.0,2633729,1,1,9974,1103,600008,2,6000,18000,97,582.0,4.85,8.10435,0.98439729
cold,0,1,0,0.001,0.1,512,3,5,4,256,6000,8.0,2633729,1,1,9974,1103,600008,2,6000,18000,98,588.0,4.9,8.1879,0.98301983
cold,0,1,0,0.001,0.1,512,3,5,4,256,6000,8.0,2633729,1,1,9974,1103,600008,2,6000,18000,99,594.0,4.95,8.27145,0.98168385
cold,0,1,0,0.001,0.1,512,3,5,4,256,6000,8.0,2633729,1,1,9974,1103,600008,2,6000,18000,100,600.0,5.0,8.355,0.98056108
cold,0,1,0,0.001,0.1,512,3,5,4,256,6000,8.0,2633729,1,1,9974,1103,600008,2,6000,18000,101,606.0,5.05,8.43855,0.98073173
cold,0,1,0,0.001,0.1,512,3,5,4,256,6000,8.0,2633729,1,1,9974,1103,600008,2,6000,18000,102,612.0,5.1,8.5221,0.98149359
cold,0,1,0,0.001,0.1,512,3,5,4,256,6000,8.0,2633729,1,1,9974,1103,600008,2,6000,18000,103,618.0,5.15,8.60565,0.9827798
cold,0,1,0,0.001,0.1,512,3,5,4,256,6000,8.0,2633729,1,1,9974,1103,600008,2,6000,18000,104,624.0,5.2,8.6892,0.98362911
cold,0,1,0,0.001,0.1,512,3,5,4,256,6000,8.0,2633729,1,1,9974,1103,600008,2,6000,18000,105,630.0,5.25,8.77275,0.9847908
cold,0,1,0,0.001,0.1,512,3,5,4,256,6000,8.0,2633729,1,1,9974,1103,600008,2,6000,18000,106,636.0,5.3,8.8563,0.98657101
cold,0,1,0,0.001,0.1,512,3,5,4,256,6000,8.0,2633729,1,1,9974,1103,600008,2,6000,18000,107,642.0,5.35,8.93985,0.98964548
cold,0,1,0,0.001,0.1,512,3,5,4,256,6000,8.0,2633729,1,1,9974,1103,600008,2,6000,18000,108,648.0,5.4,9.0234,0.99359959
cold,0,1,0,0.001,0.1,512,3,5,4,256,6000,8.0,2633729,1,1,9974,1103,600008,2,6000,18000,109,654.0,5.45,9.10695,0.99614745
cold,0,1,0,0.001,0.1,512,3,5,4,256,6000,8.0,2633729,1,1,9974,1103,600008,2,6000,18000,110,660.0,5.5,9.1905,0.99628472
cold,0,1,0,0.001,0.1,512,3,5,4,256,6000,8.0,2633729,1,1,9974,1103,600008,2,6000,18000,111,666.0,5.55,9.27405,0.99404675
cold,0,1,0,0.001,0.1,512,3,5,4,256,6000,8.0,2633729,1,1,9974,1103,600008,2,6000,18000,112,672.0,5.6,9.3576,0.98973459
cold,0,1,0,0.001,0.1,512,3,5,4,256,6000,8.0,2633729,1,1,9974,1103,600008,2,6000,18000,113,678.0,5.65,9.44115,0.98529273
cold,0,1,0,0.001,0.1,512,3,5,4,256,6000,8.0,2633729,1,1,9974,1103,600008,2,6000,18000,114,684.0,5.7,9.5247,0.98433739
cold,0,1,0,0.001,0.1,512,3,5,4,256,6000,8.0,2633729,1,1,9974,1103,600008,2,6000,18000,115,690.0,5.75,9.60825,0.98724407
cold,0,1,0,0.001,0.1,512,3,5,4,256,6000,8.0,2633729,1,1,9974,1103,600008,2,6000,18000,116,696.0,5.8,9.6918,0.9895286
cold,0,1,0,0.001,0.1,512,3,5,4,256,6000,8.0,2633729,1,1,9974,1103,600008,2,6000,18000,117,702.0,5.85,9.77535,0.98947901
cold,0,1,0,0.001,0.1,512,3,5,4,256,6000,8.0,2633729,1,1,9974,1103,600008,2,6000,18000,118,708.0,5.9,9.8589,0.98772788
cold,0,1,0,0.001,0.1,512,3,5,4,256,6000,8.0,2633729,1,1,9974,1103,600008,2,6000,18000,119,714.0,5.95,9.94245,0.98670441
cold,0,1,0,0.001,0.1,512,3,5,4,256,6000,8.0,2633729,1,1,9974,1103,600008,2,6000,18000,120,720.0,6.0,10.026,0.98765767
cold,0,1,0,0.001,0.1,512,3,5,4,256,6000,8.0,2633729,1,1,9974,1104,600009,3,1,18001,1,6.0,0.05,0.08355,0.48042813
cold,0,1,0,0.001,0.1,512,3,5,4,256,6000,8.0,2633729,1,1,9974,1104,600009,3,1,18001,2,12.0,0.1,0.1671,0.93533999
cold,0,1,0,0.001,0.1,512,3,5,4,256,6000,8.0,2633729,1,1,9974,1104,600009,3,1,18001,3,18.0,0.15,0.25065,1.34505415
cold,0,1,0,0.001,0.1,512,3,5,4,256,6000,8.0,2633729,1,1,9974,1104,600009,3,1,18001,4,24.0,0.2,0.3342,1.71528995
cold,0,1,0,0.001,0.1,512,3,5,4,256,6000,8.0,2633729,1,1,9974,1104,600009,3,1,18001,5,30.0,0.25,0.41775,2.10144973
cold,0,1,0,0.001,0.1,512,3,5,4,256,6000,8.0,2633729,1,1,9974,1104,600009,3,1,18001,6,36.0,0.3,0.5013,2.59123969
cold,0,1,0,0.001,0.1,512,3,5,4,256,6000,8.0,2633729,1,1,9974,1104,600009,3,1,18001,7,42.0,0.35,0.58485,3.20236897
cold,0,1,0,0.001,0.1,512,3,5,4,256,6000,8.0,2633729,1,1,9974,1104,600009,3,1,18001,8,48.0,0.4,0.6684,3.94149232
cold,0,1,0,0.001,0.1,512,3,5,4,256,6000,8.0,2633729,1,1,9974,1104,600009,3,1,18001,9,54.0,0.45,0.75195,4.87521791
cold,0,1,0,0.001,0.1,512,3,5,4,256,6000,8.0,2633729,1,1,9974,1104,600009,3,1,18001,10,60.0,0.5,0.8355,6.11452818
cold,0,1,0,0.001,0.1,512,3,5,4,256,6000,8.0,2633729,1,1,9974,1104,600009,3,1,18001,11,66.0,0.55,0.91905,7.76763344
cold,0,1,0,0.001,0.1,512,3,5,4,256,6000,8.0,2633729,1,1,9974,1104,600009,3,1,18001,12,72.0,0.6,1.0026,9.94863892
cold,0,1,0,0.001,0.1,512,3,5,4,256,6000,8.0,2633729,1,1,9974,1104,600009,3,1,18001,13,78.0,0.65,1.08615,12.82281494
cold,0,1,0,0.001,0.1,512,3,5,4,256,6000,8.0,2633729,1,1,9974,1104,600009,3,1,18001,14,84.0,0.7,1.1697,16.60697746
cold,0,1,0,0.001,0.1,512,3,5,4,256,6000,8.0,2633729,1,1,9974,1104,600009,3,1,18001,15,90.0,0.75,1.25325,21.5799427
cold,0,1,0,0.001,0.1,512,3,5,4,256,6000,8.0,2633729,1,1,9974,1104,600009,3,1,18001,16,96.0,0.8,1.3368,28.04870605
cold,0,1,0,0.001,0.1,512,3,5,4,256,6000,8.0,2633729,1,1,9974,1104,600009,3,1,18001,17,102.0,0.85,1.42035,36.45540619
cold,0,1,0,0.001,0.1,512,3,5,4,256,6000,8.0,2633729,1,1,9974,1104,600009,3,1,18001,18,108.0,0.9,1.5039,47.32567978
cold,0,1,0,0.001,0.1,512,3,5,4,256,6000,8.0,2633729,1,1,9974,1104,600009,3,1,18001,19,114.0,0.95,1.58745,61.40301132
cold,0,1,0,0.001,0.1,512,3,5,4,256,6000,8.0,2633729,1,1,9974,1104,600009,3,1,18001,20,120.0,1.0,1.671,79.64364624
cold,0,1,0,0.001,0.1,512,3,5,4,256,6000,8.0,2633729,1,1,9974,1104,600009,3,1,18001,21,126.0,1.05,1.75455,103.23181915
cold,0,1,0,0.001,0.1,512,3,5,4,256,6000,8.0,2633729,1,1,9974,1104,600009,3,1,18001,22,132.0,1.1,1.8381,133.87892151
cold,0,1,0,0.001,0.1,512,3,5,4,256,6000,8.0,2633729,1,1,9974,1104,600009,3,1,18001,23,138.0,1.15,1.92165,173.51545715
cold,0,1,0,0.001,0.1,512,3,5,4,256,6000,8.0,2633729,1,1,9974,1104,600009,3,1,18001,24,144.0,1.2,2.0052,225.16151428
cold,0,1,0,0.001,0.1,512,3,5,4,256,6000,8.0,2633729,1,1,9974,1104,600009,3,1,18001,25,150.0,1.25,2.08875,292.00827026
cold,0,1,0,0.001,0.1,512,3,5,4,256,6000,8.0,2633729,1,1,9974,1104,600009,3,1,18001,26,156.0,1.3,2.1723,379.230896
cold,0,1,0,0.001,0.1,512,3,5,4,256,6000,8.0,2633729,1,1,9974,1104,600009,3,1,18001,27,162.0,1.35,2.25585,492.16748047
cold,0,1,0,0.001,0.1,512,3,5,4,256,6000,8.0,2633729,1,1,9974,1104,600009,3,1,18001,28,168.0,1.4,2.3394,639.69610596
cold,0,1,0,0.001,0.1,512,3,5,4,256,6000,8.0,2633729,1,1,9974,1104,600009,3,1,18001,29,174.0,1.45,2.42295,830.75769043
cold,0,1,0,0.001,0.1,512,3,5,4,256,6000,8.0,2633729,1,1,9974,1104,600009,3,1,18001,30,180.0,1.5,2.5065,1080.44067383
cold,0,1,0,0.001,0.1,512,3,5,4,256,6000,8.0,2633729,1,1,9974,1104,600009,3,1,18001,31,186.0,1.55,2.59005,1403.89880371
cold,0,1,0,0.001,0.1,512,3,5,4,256,6000,8.0,2633729,1,1,9974,1104,600009,3,1,18001,32,192.0,1.6,2.6736,1826.70617676
cold,0,1,0,0.001,0.1,512,3,5,4,256,6000,8.0,2633729,1,1,9974,1104,600009,3,1,18001,33,198.0,1.65,2.75715,2375.04711914
cold,0,1,0,0.001,0.1,512,3,5,4,256,6000,8.0,2633729,1,1,9974,1104,600009,3,1,18001,34,204.0,1.7,2.8407,3091.57275391
cold,0,1,0,0.001,0.1,512,3,5,4,256,6000,8.0,2633729,1,1,9974,1104,600009,3,1,18001,35,210.0,1.75,2.92425,4021.67822266
cold,0,1,0,0.001,0.1,512,3,5,4,256,6000,8.0,2633729,1,1,9974,1104,600009,3,1,18001,36,216.0,1.8,3.0078,5236.56396484
cold,0,1,0,0.001,0.1,512,3,5,4,256,6000,8.0,2633729,1,1,9974,1104,600009,3,1,18001,37,222.0,1.85,3.09135,6815.44775391
cold,0,1,0,0.001,0.1,512,3,5,4,256,6000,8.0,2633729,1,1,9974,1104,600009,3,1,18001,38,228.0,1.9,3.1749,8876.09375
cold,0,1,0,0.001,0.1,512,3,5,4,256,6000,8.0,2633729,1,1,9974,1104,600009,3,1,18001,39,234.0,1.95,3.25845,11559.10742188
cold,0,1,0,0.001,0.1,512,3,5,4,256,6000,8.0,2633729,1,1,9974,1104,600009,3,1,18001,40,240.0,2.0,3.342,15055.22265625
cold,0,1,0,0.001,0.1,512,3,5,4,256,6000,8.0,2633729,1,1,9974,1104,600009,3,1,18001,41,246.0,2.05,3.42555,19617.88867188
cold,0,1,0,0.001,0.1,512,3,5,4,256,6000,8.0,2633729,1,1,9974,1104,600009,3,1,18001,42,252.0,2.1,3.5091,25550.91210938
cold,0,1,0,0.001,0.1,512,3,5,4,256,6000,8.0,2633729,1,1,9974,1104,600009,3,1,18001,43,258.0,2.15,3.59265,33314.51171875
cold,0,1,0,0.001,0.1,512,3,5,4,256,6000,8.0,2633729,1,1,9974,1104,600009,3,1,18001,44,264.0,2.2,3.6762,43389.3359375
cold,0,1,0,0.001,0.1,512,3,5,4,256,6000,8.0,2633729,1,1,9974,1104,600009,3,1,18001,45,270.0,2.25,3.75975,56599.06640625
cold,0,1,0,0.001,0.1,512,3,5,4,256,6000,8.0,2633729,1,1,9974,1104,600009,3,1,18001,46,276.0,2.3,3.8433,73720.71875
cold,0,1,0,0.001,0.1,512,3,5,4,256,6000,8.0,2633729,1,1,9974,1104,600009,3,1,18001,47,282.0,2.35,3.92685,96201.25
cold,0,1,0,0.001,0.1,512,3,5,4,256,6000,8.0,2633729,1,1,9974,1104,600009,3,1,18001,48,288.0,2.4,4.0104,125323.578125
cold,0,1,0,0.001,0.1,512,3,5,4,256,6000,8.0,2633729,1,1,9974,1104,600009,3,1,18001,49,294.0,2.45,4.09395,163580.0625
cold,0,1,0,0.001,0.1,512,3,5,4,256,6000,8.0,2633729,1,1,9974,1104,600009,3,1,18001,50,300.0,2.5,4.1775,213161.328125
cold,0,1,0,0.001,0.1,512,3,5,4,256,6000,8.0,2633729,1,1,9974,1104,600009,3,1,18001,51,306.0,2.55,4.26105,278254.25
cold,0,1,0,0.001,0.1,512,3,5,4,256,6000,8.0,2633729,1,1,9974,1104,600009,3,1,18001,52,312.0,2.6,4.3446,362747.21875
cold,0,1,0,0.001,0.1,512,3,5,4,256,6000,8.0,2633729,1,1,9974,1104,600009,3,1,18001,53,318.0,2.65,4.42815,473526.75
cold,0,1,0,0.001,0.1,512,3,5,4,256,6000,8.0,2633729,1,1,9974,1104,600009,3,1,18001,54,324.0,2.7,4.5117,617610.0625
cold,0,1,0,0.001,0.1,512,3,5,4,256,6000,8.0,2633729,1,1,9974,1104,600009,3,1,18001,55,330.0,2.75,4.59525,806127.5
cold,0,1,0,0.001,0.1,512,3,5,4,256,6000,8.0,2633729,1,1,9974,1104,600009,3,1,18001,56,336.0,2.8,4.6788,1051856.125
cold,0,1,0,0.001,0.1,512,3,5,4,256,6000,8.0,2633729,1,1,9974,1104,600009,3,1,18001,57,342.0,2.85,4.76235,1372805.5
cold,0,1,0,0.001,0.1,512,3,5,4,256,6000,8.0,2633729,1,1,9974,1104,600009,3,1,18001,58,348.0,2.9,4.8459,1791839.25
cold,0,1,0,0.001,0.1,512,3,5,4,256,6000,8.0,2633729,1,1,9974,1104,600009,3,1,18001,59,354.0,2.95,4.92945,2338446.75
cold,0,1,0,0.001,0.1,512,3,5,4,256,6000,8.0,2633729,1,1,9974,1104,600009,3,1,18001,60,360.0,3.0,5.013,3053078.25
cold,0,1,0,0.001,0.1,512,3,5,4,256,6000,8.0,2633729,1,1,9974,1104,600009,3,1,18001,61,366.0,3.05,5.09655,3984019.5
cold,0,1,0,0.001,0.1,512,3,5,4,256,6000,8.0,2633729,1,1,9974,1104,600009,3,1,18001,62,372.0,3.1,5.1801,5203009.0
cold,0,1,0,0.001,0.1,512,3,5,4,256,6000,8.0,2633729,1,1,9974,1104,600009,3,1,18001,63,378.0,3.15,5.26365,6789035.0
cold,0,1,0,0.001,0.1,512,3,5,4,256,6000,8.0,2633729,1,1,9974,1104,600009,3,1,18001,64,384.0,3.2,5.3472,8868848.0
cold,0,1,0,0.001,0.1,512,3,5,4,256,6000,8.0,2633729,1,1,9974,1104,600009,3,1,18001,65,390.0,3.25,5.43075,11572128.0
cold,0,1,0,0.001,0.1,512,3,5,4,256,6000,8.0,2633729,1,1,9974,1104,600009,3,1,18001,66,396.0,3.3,5.5143,15121477.0
cold,0,1,0,0.001,0.1,512,3,5,4,256,6000,8.0,2633729,1,1,9974,1104,600009,3,1,18001,67,402.0,3.35,5.59785,19731200.0
cold,0,1,0,0.001,0.1,512,3,5,4,256,6000,8.0,2633729,1,1,9974,1104,600009,3,1,18001,68,408.0,3.4,5.6814,25788286.0
cold,0,1,0,0.001,0.1,512,3,5,4,256,6000,8.0,2633729,1,1,9974,1104,600009,3,1,18001,69,414.0,3.45,5.76495,33652980.0
cold,0,1,0,0.001,0.1,512,3,5,4,256,6000,8.0,2633729,1,1,9974,1104,600009,3,1,18001,70,420.0,3.5,5.8485,43988432.0
cold,0,1,0,0.001,0.1,512,3,5,4,256,6000,8.0,2633729,1,1,9974,1104,600009,3,1,18001,71,426.0,3.55,5.93205,57415280.0
cold,0,1,0,0.001,0.1,512,3,5,4,256,6000,8.0,2633729,1,1,9974,1104,600009,3,1,18001,72,432.0,3.6,6.0156,75044208.0
cold,0,1,0,0.001,0.1,512,3,5,4,256,6000,8.0,2633729,1,1,9974,1104,600009,3,1,18001,73,438.0,3.65,6.09915,97978696.0
cold,0,1,0,0.001,0.1,512,3,5,4,256,6000,8.0,2633729,1,1,9974,1104,600009,3,1,18001,74,444.0,3.7,6.1827,128038720.0
cold,0,1,0,0.001,0.1,512,3,5,4,256,6000,8.0,2633729,1,1,9974,1104,600009,3,1,18001,75,450.0,3.75,6.26625,167224784.0
cold,0,1,0,0.001,0.1,512,3,5,4,256,6000,8.0,2633729,1,1,9974,1104,600009,3,1,18001,76,456.0,3.8,6.3498,218479168.0
cold,0,1,0,0.001,0.1,512,3,5,4,256,6000,8.0,2633729,1,1,9974,1104,600009,3,1,18001,77,462.0,3.85,6.43335,285425600.0
cold,0,1,0,0.001,0.1,512,3,5,4,256,6000,8.0,2633729,1,1,9974,1104,600009,3,1,18001,78,468.0,3.9,6.5169,372830112.0
cold,0,1,0,0.001,0.1,512,3,5,4,256,6000,8.0,2633729,1,1,9974,1104,600009,3,1,18001,79,474.0,3.95,6.60045,487211552.0
cold,0,1,0,0.001,0.1,512,3,5,4,256,6000,8.0,2633729,1,1,9974,1104,600009,3,1,18001,80,480.0,4.0,6.684,636278528.0
cold,0,1,0,0.001,0.1,512,3,5,4,256,6000,8.0,2633729,1,1,9974,1104,600009,3,1,18001,81,486.0,4.05,6.76755,831676672.0
cold,0,1,0,0.001,0.1,512,3,5,4,256,6000,8.0,2633729,1,1,9974,1104,600009,3,1,18001,82,492.0,4.1,6.8511,1085987456.0
cold,0,1,0,0.001,0.1,512,3,5,4,256,6000,8.0,2633729,1,1,9974,1104,600009,3,1,18001,83,498.0,4.15,6.93465,1419756160.0
cold,0,1,0,0.001,0.1,512,3,5,4,256,6000,8.0,2633729,1,1,9974,1104,600009,3,1,18001,84,504.0,4.2,7.0182,1853835648.0
cold,0,1,0,0.001,0.1,512,3,5,4,256,6000,8.0,2633729,1,1,9974,1104,600009,3,1,18001,85,510.0,4.25,7.10175,2423927808.0
cold,0,1,0,0.001,0.1,512,3,5,4,256,6000,8.0,2633729,1,1,9974,1104,600009,3,1,18001,86,516.0,4.3,7.1853,3165365504.0
cold,0,1,0,0.001,0.1,512,3,5,4,256,6000,8.0,2633729,1,1,9974,1104,600009,3,1,18001,87,522.0,4.35,7.26885,4138903296.0
cold,0,1,0,0.001,0.1,512,3,5,4,256,6000,8.0,2633729,1,1,9974,1104,600009,3,1,18001,88,528.0,4.4,7.3524,5405827584.0
cold,0,1,0,0.001,0.1,512,3,5,4,256,6000,8.0,2633729,1,1,9974,1104,600009,3,1,18001,89,534.0,4.45,7.43595,7068196352.0
cold,0,1,0,0.001,0.1,512,3,5,4,256,6000,8.0,2633729,1,1,9974,1104,600009,3,1,18001,90,540.0,4.5,7.5195,9233510400.0
cold,0,1,0,0.001,0.1,512,3,5,4,256,6000,8.0,2633729,1,1,9974,1104,600009,3,1,18001,91,546.0,4.55,7.60305,12071845888.0
cold,0,1,0,0.001,0.1,512,3,5,4,256,6000,8.0,2633729,1,1,9974,1104,600009,3,1,18001,92,552.0,4.6,7.6866,15772972032.0
cold,0,1,0,0.001,0.1,512,3,5,4,256,6000,8.0,2633729,1,1,9974,1104,600009,3,1,18001,93,558.0,4.65,7.77015,20619001856.0
cold,0,1,0,0.001,0.1,512,3,5,4,256,6000,8.0,2633729,1,1,9974,1104,600009,3,1,18001,94,564.0,4.7,7.8537,26945083392.0
cold,0,1,0,0.001,0.1,512,3,5,4,256,6000,8.0,2633729,1,1,9974,1104,600009,3,1,18001,95,570.0,4.75,7.93725,35217231872.0
cold,0,1,0,0.001,0.1,512,3,5,4,256,6000,8.0,2633729,1,1,9974,1104,600009,3,1,18001,96,576.0,4.8,8.0208,46030659584.0
cold,0,1,0,0.001,0.1,512,3,5,4,256,6000,8.0,2633729,1,1,9974,1104,600009,3,1,18001,97,582.0,4.85,8.10435,60149592064.0
cold,0,1,0,0.001,0.1,512,3,5,4,256,6000,8.0,2633729,1,1,9974,1104,600009,3,1,18001,98,588.0,4.9,8.1879,78632878080.0
cold,0,1,0,0.001,0.1,512,3,5,4,256,6000,8.0,2633729,1,1,9974,1104,600009,3,1,18001,99,594.0,4.95,8.27145,102730522624.0
cold,0,1,0,0.001,0.1,512,3,5,4,256,6000,8.0,2633729,1,1,9974,1104,600009,3,1,18001,100,600.0,5.0,8.355,134327885824.0
cold,0,1,0,0.001,0.1,512,3,5,4,256,6000,8.0,2633729,1,1,9974,1104,600009,3,1,18001,101,606.0,5.05,8.43855,175467954176.0
cold,0,1,0,0.001,0.1,512,3,5,4,256,6000,8.0,2633729,1,1,9974,1104,600009,3,1,18001,102,612.0,5.1,8.5221,229480759296.0
cold,0,1,0,0.001,0.1,512,3,5,4,256,6000,8.0,2633729,1,1,9974,1104,600009,3,1,18001,103,618.0,5.15,8.60565,299748655104.0
cold,0,1,0,0.001,0.1,512,3,5,4,256,6000,8.0,2633729,1,1,9974,1104,600009,3,1,18001,104,624.0,5.2,8.6892,392066629632.0
cold,0,1,0,0.001,0.1,512,3,5,4,256,6000,8.0,2633729,1,1,9974,1104,600009,3,1,18001,105,630.0,5.25,8.77275,512164560896.0
cold,0,1,0,0.001,0.1,512,3,5,4,256,6000,8.0,2633729,1,1,9974,1104,600009,3,1,18001,106,636.0,5.3,8.8563,669902962688.0
cold,0,1,0,0.001,0.1,512,3,5,4,256,6000,8.0,2633729,1,1,9974,1104,600009,3,1,18001,107,642.0,5.35,8.93985,875239833600.0
cold,0,1,0,0.001,0.1,512,3,5,4,256,6000,8.0,2633729,1,1,9974,1104,600009,3,1,18001,108,648.0,5.4,9.0234,1144681136128.0
cold,0,1,0,0.001,0.1,512,3,5,4,256,6000,8.0,2633729,1,1,9974,1104,600009,3,1,18001,109,654.0,5.45,9.10695,1495829970944.0
cold,0,1,0,0.001,0.1,512,3,5,4,256,6000,8.0,2633729,1,1,9974,1104,600009,3,1,18001,110,660.0,5.5,9.1905,1956021403648.0
cold,0,1,0,0.001,0.1,512,3,5,4,256,6000,8.0,2633729,1,1,9974,1104,600009,3,1,18001,111,666.0,5.55,9.27405,2556504834048.0
cold,0,1,0,0.001,0.1,512,3,5,4,256,6000,8.0,2633729,1,1,9974,1104,600009,3,1,18001,112,672.0,5.6,9.3576,3342515306496.0
cold,0,1,0,0.001,0.1,512,3,5,4,256,6000,8.0,2633729,1,1,9974,1104,600009,3,1,18001,113,678.0,5.65,9.44115,4369336500224.0
cold,0,1,0,0.001,0.1,512,3,5,4,256,6000,8.0,2633729,1,1,9974,1104,600009,3,1,18001,114,684.0,5.7,9.5247,5711696756736.0
cold,0,1,0,0.001,0.1,512,3,5,4,256,6000,8.0,2633729,1,1,9974,1104,600009,3,1,18001,115,690.0,5.75,9.60825,7467350622208.0
cold,0,1,0,0.001,0.1,512,3,5,4,256,6000,8.0,2633729,1,1,9974,1104,600009,3,1,18001,116,696.0,5.8,9.6918,9759862292480.0
cold,0,1,0,0.001,0.1,512,3,5,4,256,6000,8.0,2633729,1,1,9974,1104,600009,3,1,18001,117,702.0,5.85,9.77535,12761529581568.0
cold,0,1,0,0.001,0.1,512,3,5,4,256,6000,8.0,2633729,1,1,9974,1104,600009,3,1,18001,118,708.0,5.9,9.8589,16676620861440.0
cold,0,1,0,0.001,0.1,512,3,5,4,256,6000,8.0,2633729,1,1,9974,1104,600009,3,1,18001,119,714.0,5.95,9.94245,21809076371456.0
cold,0,1,0,0.001,0.1,512,3,5,4,256,6000,8.0,2633729,1,1,9974,1104,600009,3,1,18001,120,720.0,6.0,10.026,28497022025728.0
cold,0,1,0,0.001,0.1,512,3,5,4,256,6000,8.0,2633729,1,1,9974,1104,600009,3,12,18012,1,6.0,0.05,0.08355,0.19203526
cold,0,1,0,0.001,0.1,512,3,5,4,256,6000,8.0,2633729,1,1,9974,1104,600009,3,12,18012,2,12.0,0.1,0.1671,0.36424237
cold,0,1,0,0.001,0.1,512,3,5,4,256,6000,8.0,2633729,1,1,9974,1104,600009,3,12,18012,3,18.0,0.15,0.25065,0.53590631
cold,0,1,0,0.001,0.1,512,3,5,4,256,6000,8.0,2633729,1,1,9974,1104,600009,3,12,18012,4,24.0,0.2,0.3342,0.69121629
cold,0,1,0,0.001,0.1,512,3,5,4,256,6000,8.0,2633729,1,1,9974,1104,600009,3,12,18012,5,30.0,0.25,0.41775,0.81752026
cold,0,1,0,0.001,0.1,512,3,5,4,256,6000,8.0,2633729,1,1,9974,1104,600009,3,12,18012,6,36.0,0.3,0.5013,0.91808689
cold,0,1,0,0.001,0.1,512,3,5,4,256,6000,8.0,2633729,1,1,9974,1104,600009,3,12,18012,7,42.0,0.35,0.58485,0.99710351
cold,0,1,0,0.001,0.1,512,3,5,4,256,6000,8.0,2633729,1,1,9974,1104,600009,3,12,18012,8,48.0,0.4,0.6684,1.05958951
cold,0,1,0,0.001,0.1,512,3,5,4,256,6000,8.0,2633729,1,1,9974,1104,600009,3,12,18012,9,54.0,0.45,0.75195,1.1097883
cold,0,1,0,0.001,0.1,512,3,5,4,256,6000,8.0,2633729,1,1,9974,1104,600009,3,12,18012,10,60.0,0.5,0.8355,1.1513164
cold,0,1,0,0.001,0.1,512,3,5,4,256,6000,8.0,2633729,1,1,9974,1104,600009,3,12,18012,11,66.0,0.55,0.91905,1.18876338
cold,0,1,0,0.001,0.1,512,3,5,4,256,6000,8.0,2633729,1,1,9974,1104,600009,3,12,18012,12,72.0,0.6,1.0026,1.22499454
cold,0,1,0,0.001,0.1,512,3,5,4,256,6000,8.0,2633729,1,1,9974,1104,600009,3,12,18012,13,78.0,0.65,1.08615,1.25806892
cold,0,1,0,0.001,0.1,512,3,5,4,256,6000,8.0,2633729,1,1,9974,1104,600009,3,12,18012,14,84.0,0.7,1.1697,1.28382504
cold,0,1,0,0.001,0.1,512,3,5,4,256,6000,8.0,2633729,1,1,9974,1104,600009,3,12,18012,15,90.0,0.75,1.25325,1.30025327
cold,0,1,0,0.001,0.1,512,3,5,4,256,6000,8.0,2633729,1,1,9974,1104,600009,3,12,18012,16,96.0,0.8,1.3368,1.30881715
cold,0,1,0,0.001,0.1,512,3,5,4,256,6000,8.0,2633729,1,1,9974,1104,600009,3,12,18012,17,102.0,0.85,1.42035,1.31283355
cold,0,1,0,0.001,0.1,512,3,5,4,256,6000,8.0,2633729,1,1,9974,1104,600009,3,12,18012,18,108.0,0.9,1.5039,1.31430078
cold,0,1,0,0.001,0.1,512,3,5,4,256,6000,8.0,2633729,1,1,9974,1104,600009,3,12,18012,19,114.0,0.95,1.58745,1.31278336
cold,0,1,0,0.001,0.1,512,3,5,4,256,6000,8.0,2633729,1,1,9974,1104,600009,3,12,18012,20,120.0,1.0,1.671,1.30743241
cold,0,1,0,0.001,0.1,512,3,5,4,256,6000,8.0,2633729,1,1,9974,1104,600009,3,12,18012,21,126.0,1.05,1.75455,1.29887521
cold,0,1,0,0.001,0.1,512,3,5,4,256,6000,8.0,2633729,1,1,9974,1104,600009,3,12,18012,22,132.0,1.1,1.8381,1.28926086
cold,0,1,0,0.001,0.1,512,3,5,4,256,6000,8.0,2633729,1,1,9974,1104,600009,3,12,18012,23,138.0,1.15,1.92165,1.28165901
cold,0,1,0,0.001,0.1,512,3,5,4,256,6000,8.0,2633729,1,1,9974,1104,600009,3,12,18012,24,144.0,1.2,2.0052,1.2777735
cold,0,1,0,0.001,0.1,512,3,5,4,256,6000,8.0,2633729,1,1,9974,1104,600009,3,12,18012,25,150.0,1.25,2.08875,1.27525187
cold,0,1,0,0.001,0.1,512,3,5,4,256,6000,8.0,2633729,1,1,9974,1104,600009,3,12,18012,26,156.0,1.3,2.1723,1.27002609
cold,0,1,0,0.001,0.1,512,3,5,4,256,6000,8.0,2633729,1,1,9974,1104,600009,3,12,18012,27,162.0,1.35,2.25585,1.26064861
cold,0,1,0,0.001,0.1,512,3,5,4,256,6000,8.0,2633729,1,1,9974,1104,600009,3,12,18012,28,168.0,1.4,2.3394,1.24890471
cold,0,1,0,0.001,0.1,512,3,5,4,256,6000,8.0,2633729,1,1,9974,1104,600009,3,12,18012,29,174.0,1.45,2.42295,1.2386421
cold,0,1,0,0.001,0.1,512,3,5,4,256,6000,8.0,2633729,1,1,9974,1104,600009,3,12,18012,30,180.0,1.5,2.5065,1.2319572
cold,0,1,0,0.001,0.1,512,3,5,4,256,6000,8.0,2633729,1,1,9974,1104,600009,3,12,18012,31,186.0,1.55,2.59005,1.22703815
cold,0,1,0,0.001,0.1,512,3,5,4,256,6000,8.0,2633729,1,1,9974,1104,600009,3,12,18012,32,192.0,1.6,2.6736,1.22264171
cold,0,1,0,0.001,0.1,512,3,5,4,256,6000,8.0,2633729,1,1,9974,1104,600009,3,12,18012,33,198.0,1.65,2.75715,1.22048068
cold,0,1,0,0.001,0.1,512,3,5,4,256,6000,8.0,2633729,1,1,9974,1104,600009,3,12,18012,34,204.0,1.7,2.8407,1.22215033
cold,0,1,0,0.001,0.1,512,3,5,4,256,6000,8.0,2633729,1,1,9974,1104,600009,3,12,18012,35,210.0,1.75,2.92425,1.22614431
cold,0,1,0,0.001,0.1,512,3,5,4,256,6000,8.0,2633729,1,1,9974,1104,600009,3,12,18012,36,216.0,1.8,3.0078,1.22799897
cold,0,1,0,0.001,0.1,512,3,5,4,256,6000,8.0,2633729,1,1,9974,1104,600009,3,12,18012,37,222.0,1.85,3.09135,1.22481918
cold,0,1,0,0.001,0.1,512,3,5,4,256,6000,8.0,2633729,1,1,9974,1104,600009,3,12,18012,38,228.0,1.9,3.1749,1.21927738
cold,0,1,0,0.001,0.1,512,3,5,4,256,6000,8.0,2633729,1,1,9974,1104,600009,3,12,18012,39,234.0,1.95,3.25845,1.21635175
cold,0,1,0,0.001,0.1,512,3,5,4,256,6000,8.0,2633729,1,1,9974,1104,600009,3,12,18012,40,240.0,2.0,3.342,1.21818244
cold,0,1,0,0.001,0.1,512,3,5,4,256,6000,8.0,2633729,1,1,9974,1104,600009,3,12,18012,41,246.0,2.05,3.42555,1.22278821
cold,0,1,0,0.001,0.1,512,3,5,4,256,6000,8.0,2633729,1,1,9974,1104,600009,3,12,18012,42,252.0,2.1,3.5091,1.22585666
cold,0,1,0,0.001,0.1,512,3,5,4,256,6000,8.0,2633729,1,1,9974,1104,600009,3,12,18012,43,258.0,2.15,3.59265,1.2253176
cold,0,1,0,0.001,0.1,512,3,5,4,256,6000,8.0,2633729,1,1,9974,1104,600009,3,12,18012,44,264.0,2.2,3.6762,1.22426486
cold,0,1,0,0.001,0.1,512,3,5,4,256,6000,8.0,2633729,1,1,9974,1104,600009,3,12,18012,45,270.0,2.25,3.75975,1.22731793
cold,0,1,0,0.001,0.1,512,3,5,4,256,6000,8.0,2633729,1,1,9974,1104,600009,3,12,18012,46,276.0,2.3,3.8433,1.23524261
cold,0,1,0,0.001,0.1,512,3,5,4,256,6000,8.0,2633729,1,1,9974,1104,600009,3,12,18012,47,282.0,2.35,3.92685,1.24432862
cold,0,1,0,0.001,0.1,512,3,5,4,256,6000,8.0,2633729,1,1,9974,1104,600009,3,12,18012,48,288.0,2.4,4.0104,1.24996316
cold,0,1,0,0.001,0.1,512,3,5,4,256,6000,8.0,2633729,1,1,9974,1104,600009,3,12,18012,49,294.0,2.45,4.09395,1.25118482
cold,0,1,0,0.001,0.1,512,3,5,4,256,6000,8.0,2633729,1,1,9974,1104,600009,3,12,18012,50,300.0,2.5,4.1775,1.25134361
cold,0,1,0,0.001,0.1,512,3,5,4,256,6000,8.0,2633729,1,1,9974,1104,600009,3,12,18012,51,306.0,2.55,4.26105,1.25384533
cold,0,1,0,0.001,0.1,512,3,5,4,256,6000,8.0,2633729,1,1,9974,1104,600009,3,12,18012,52,312.0,2.6,4.3446,1.25827658
cold,0,1,0,0.001,0.1,512,3,5,4,256,6000,8.0,2633729,1,1,9974,1104,600009,3,12,18012,53,318.0,2.65,4.42815,1.26119757
cold,0,1,0,0.001,0.1,512,3,5,4,256,6000,8.0,2633729,1,1,9974,1104,600009,3,12,18012,54,324.0,2.7,4.5117,1.26108253
cold,0,1,0,0.001,0.1,512,3,5,4,256,6000,8.0,2633729,1,1,9974,1104,600009,3,12,18012,55,330.0,2.75,4.59525,1.260252
cold,0,1,0,0.001,0.1,512,3,5,4,256,6000,8.0,2633729,1,1,9974,1104,600009,3,12,18012,56,336.0,2.8,4.6788,1.26124644
cold,0,1,0,0.001,0.1,512,3,5,4,256,6000,8.0,2633729,1,1,9974,1104,600009,3,12,18012,57,342.0,2.85,4.76235,1.26419747
cold,0,1,0,0.001,0.1,512,3,5,4,256,6000,8.0,2633729,1,1,9974,1104,600009,3,12,18012,58,348.0,2.9,4.8459,1.26668358
cold,0,1,0,0.001,0.1,512,3,5,4,256,6000,8.0,2633729,1,1,9974,1104,600009,3,12,18012,59,354.0,2.95,4.92945,1.26630795
cold,0,1,0,0.001,0.1,512,3,5,4,256,6000,8.0,2633729,1,1,9974,1104,600009,3,12,18012,60,360.0,3.0,5.013,1.2632426
cold,0,1,0,0.001,0.1,512,3,5,4,256,6000,8.0,2633729,1,1,9974,1104,600009,3,12,18012,61,366.0,3.05,5.09655,1.25985265
cold,0,1,0,0.001,0.1,512,3,5,4,256,6000,8.0,2633729,1,1,9974,1104,600009,3,12,18012,62,372.0,3.1,5.1801,1.25881386
cold,0,1,0,0.001,0.1,512,3,5,4,256,6000,8.0,2633729,1,1,9974,1104,600009,3,12,18012,63,378.0,3.15,5.26365,1.26031387
cold,0,1,0,0.001,0.1,512,3,5,4,256,6000,8.0,2633729,1,1,9974,1104,600009,3,12,18012,64,384.0,3.2,5.3472,1.26165175
cold,0,1,0,0.001,0.1,512,3,5,4,256,6000,8.0,2633729,1,1,9974,1104,600009,3,12,18012,65,390.0,3.25,5.43075,1.25959814
cold,0,1,0,0.001,0.1,512,3,5,4,256,6000,8.0,2633729,1,1,9974,1104,600009,3,12,18012,66,396.0,3.3,5.5143,1.25373793
cold,0,1,0,0.001,0.1,512,3,5,4,256,6000,8.0,2633729,1,1,9974,1104,600009,3,12,18012,67,402.0,3.35,5.59785,1.24740899
cold,0,1,0,0.001,0.1,512,3,5,4,256,6000,8.0,2633729,1,1,9974,1104,600009,3,12,18012,68,408.0,3.4,5.6814,1.24445808
cold,0,1,0,0.001,0.1,512,3,5,4,256,6000,8.0,2633729,1,1,9974,1104,600009,3,12,18012,69,414.0,3.45,5.76495,1.24441004
cold,0,1,0,0.001,0.1,512,3,5,4,256,6000,8.0,2633729,1,1,9974,1104,600009,3,12,18012,70,420.0,3.5,5.8485,1.24381578
cold,0,1,0,0.001,0.1,512,3,5,4,256,6000,8.0,2633729,1,1,9974,1104,600009,3,12,18012,71,426.0,3.55,5.93205,1.2420876
cold,0,1,0,0.001,0.1,512,3,5,4,256,6000,8.0,2633729,1,1,9974,1104,600009,3,12,18012,72,432.0,3.6,6.0156,1.24057233
cold,0,1,0,0.001,0.1,512,3,5,4,256,6000,8.0,2633729,1,1,9974,1104,600009,3,12,18012,73,438.0,3.65,6.09915,1.23956656
cold,0,1,0,0.001,0.1,512,3,5,4,256,6000,8.0,2633729,1,1,9974,1104,600009,3,12,18012,74,444.0,3.7,6.1827,1.23952675
cold,0,1,0,0.001,0.1,512,3,5,4,256,6000,8.0,2633729,1,1,9974,1104,600009,3,12,18012,75,450.0,3.75,6.26625,1.2410028
cold,0,1,0,0.001,0.1,512,3,5,4,256,6000,8.0,2633729,1,1,9974,1104,600009,3,12,18012,76,456.0,3.8,6.3498,1.24339616
cold,0,1,0,0.001,0.1,512,3,5,4,256,6000,8.0,2633729,1,1,9974,1104,600009,3,12,18012,77,462.0,3.85,6.43335,1.24611425
cold,0,1,0,0.001,0.1,512,3,5,4,256,6000,8.0,2633729,1,1,9974,1104,600009,3,12,18012,78,468.0,3.9,6.5169,1.24886966
cold,0,1,0,0.001,0.1,512,3,5,4,256,6000,8.0,2633729,1,1,9974,1104,600009,3,12,18012,79,474.0,3.95,6.60045,1.25130284
cold,0,1,0,0.001,0.1,512,3,5,4,256,6000,8.0,2633729,1,1,9974,1104,600009,3,12,18012,80,480.0,4.0,6.684,1.25452697
cold,0,1,0,0.001,0.1,512,3,5,4,256,6000,8.0,2633729,1,1,9974,1104,600009,3,12,18012,81,486.0,4.05,6.76755,1.25969052
cold,0,1,0,0.001,0.1,512,3,5,4,256,6000,8.0,2633729,1,1,9974,1104,600009,3,12,18012,82,492.0,4.1,6.8511,1.26515448
cold,0,1,0,0.001,0.1,512,3,5,4,256,6000,8.0,2633729,1,1,9974,1104,600009,3,12,18012,83,498.0,4.15,6.93465,1.26856339
cold,0,1,0,0.001,0.1,512,3,5,4,256,6000,8.0,2633729,1,1,9974,1104,600009,3,12,18012,84,504.0,4.2,7.0182,1.27066815
cold,0,1,0,0.001,0.1,512,3,5,4,256,6000,8.0,2633729,1,1,9974,1104,600009,3,12,18012,85,510.0,4.25,7.10175,1.27423131
cold,0,1,0,0.001,0.1,512,3,5,4,256,6000,8.0,2633729,1,1,9974,1104,600009,3,12,18012,86,516.0,4.3,7.1853,1.27976704
cold,0,1,0,0.001,0.1,512,3,5,4,256,6000,8.0,2633729,1,1,9974,1104,600009,3,12,18012,87,522.0,4.35,7.26885,1.28445756
cold,0,1,0,0.001,0.1,512,3,5,4,256,6000,8.0,2633729,1,1,9974,1104,600009,3,12,18012,88,528.0,4.4,7.3524,1.28600872
cold,0,1,0,0.001,0.1,512,3,5,4,256,6000,8.0,2633729,1,1,9974,1104,600009,3,12,18012,89,534.0,4.45,7.43595,1.28588557
cold,0,1,0,0.001,0.1,512,3,5,4,256,6000,8.0,2633729,1,1,9974,1104,600009,3,12,18012,90,540.0,4.5,7.5195,1.28699839
cold,0,1,0,0.001,0.1,512,3,5,4,256,6000,8.0,2633729,1,1,9974,1104,600009,3,12,18012,91,546.0,4.55,7.60305,1.28990173
cold,0,1,0,0.001,0.1,512,3,5,4,256,6000,8.0,2633729,1,1,9974,1104,600009,3,12,18012,92,552.0,4.6,7.6866,1.29219079
cold,0,1,0,0.001,0.1,512,3,5,4,256,6000,8.0,2633729,1,1,9974,1104,600009,3,12,18012,93,558.0,4.65,7.77015,1.29129314
cold,0,1,0,0.001,0.1,512,3,5,4,256,6000,8.0,2633729,1,1,9974,1104,600009,3,12,18012,94,564.0,4.7,7.8537,1.2874198
cold,0,1,0,0.001,0.1,512,3,5,4,256,6000,8.0,2633729,1,1,9974,1104,600009,3,12,18012,95,570.0,4.75,7.93725,1.28274405
cold,0,1,0,0.001,0.1,512,3,5,4,256,6000,8.0,2633729,1,1,9974,1104,600009,3,12,18012,96,576.0,4.8,8.0208,1.27827442
cold,0,1,0,0.001,0.1,512,3,5,4,256,6000,8.0,2633729,1,1,9974,1104,600009,3,12,18012,97,582.0,4.85,8.10435,1.27347517
cold,0,1,0,0.001,0.1,512,3,5,4,256,6000,8.0,2633729,1,1,9974,1104,600009,3,12,18012,98,588.0,4.9,8.1879,1.26831663
cold,0,1,0,0.001,0.1,512,3,5,4,256,6000,8.0,2633729,1,1,9974,1104,600009,3,12,18012,99,594.0,4.95,8.27145,1.26379454
cold,0,1,0,0.001,0.1,512,3,5,4,256,6000,8.0,2633729,1,1,9974,1104,600009,3,12,18012,100,600.0,5.0,8.355,1.26110458
cold,0,1,0,0.001,0.1,512,3,5,4,256,6000,8.0,2633729,1,1,9974,1104,600009,3,12,18012,101,606.0,5.05,8.43855,1.26027834
cold,0,1,0,0.001,0.1,512,3,5,4,256,6000,8.0,2633729,1,1,9974,1104,600009,3,12,18012,102,612.0,5.1,8.5221,1.25924528
cold,0,1,0,0.001,0.1,512,3,5,4,256,6000,8.0,2633729,1,1,9974,1104,600009,3,12,18012,103,618.0,5.15,8.60565,1.2559824
cold,0,1,0,0.001,0.1,512,3,5,4,256,6000,8.0,2633729,1,1,9974,1104,600009,3,12,18012,104,624.0,5.2,8.6892,1.25092053
cold,0,1,0,0.001,0.1,512,3,5,4,256,6000,8.0,2633729,1,1,9974,1104,600009,3,12,18012,105,630.0,5.25,8.77275,1.24649465
cold,0,1,0,0.001,0.1,512,3,5,4,256,6000,8.0,2633729,1,1,9974,1104,600009,3,12,18012,106,636.0,5.3,8.8563,1.24493289
cold,0,1,0,0.001,0.1,512,3,5,4,256,6000,8.0,2633729,1,1,9974,1104,600009,3,12,18012,107,642.0,5.35,8.93985,1.24644482
cold,0,1,0,0.001,0.1,512,3,5,4,256,6000,8.0,2633729,1,1,9974,1104,600009,3,12,18012,108,648.0,5.4,9.0234,1.24977934
cold,0,1,0,0.001,0.1,512,3,5,4,256,6000,8.0,2633729,1,1,9974,1104,600009,3,12,18012,109,654.0,5.45,9.10695,1.25298059
cold,0,1,0,0.001,0.1,512,3,5,4,256,6000,8.0,2633729,1,1,9974,1104,600009,3,12,18012,110,660.0,5.5,9.1905,1.25524938
cold,0,1,0,0.001,0.1,512,3,5,4,256,6000,8.0,2633729,1,1,9974,1104,600009,3,12,18012,111,666.0,5.55,9.27405,1.25753701
cold,0,1,0,0.001,0.1,512,3,5,4,256,6000,8.0,2633729,1,1,9974,1104,600009,3,12,18012,112,672.0,5.6,9.3576,1.25977266
cold,0,1,0,0.001,0.1,512,3,5,4,256,6000,8.0,2633729,1,1,9974,1104,600009,3,12,18012,113,678.0,5.65,9.44115,1.26097941
cold,0,1,0,0.001,0.1,512,3,5,4,256,6000,8.0,2633729,1,1,9974,1104,600009,3,12,18012,114,684.0,5.7,9.5247,1.26175046
cold,0,1,0,0.001,0.1,512,3,5,4,256,6000,8.0,2633729,1,1,9974,1104,600009,3,12,18012,115,690.0,5.75,9.60825,1.26348424
cold,0,1,0,0.001,0.1,512,3,5,4,256,6000,8.0,2633729,1,1,9974,1104,600009,3,12,18012,116,696.0,5.8,9.6918,1.26727664
cold,0,1,0,0.001,0.1,512,3,5,4,256,6000,8.0,2633729,1,1,9974,1104,600009,3,12,18012,117,702.0,5.85,9.77535,1.27335179
cold,0,1,0,0.001,0.1,512,3,5,4,256,6000,8.0,2633729,1,1,9974,1104,600009,3,12,18012,118,708.0,5.9,9.8589,1.27987969
cold,0,1,0,0.001,0.1,512,3,5,4,256,6000,8.0,2633729,1,1,9974,1104,600009,3,12,18012,119,714.0,5.95,9.94245,1.28466022
cold,0,1,0,0.001,0.1,512,3,5,4,256,6000,8.0,2633729,1,1,9974,1104,600009,3,12,18012,120,720.0,6.0,10.026,1.28681684
cold,0,1,0,0.001,0.1,512,3,5,4,256,6000,8.0,2633729,1,1,9974,1104,600009,3,54,18054,1,6.0,0.05,0.08355,0.0928694
cold,0,1,0,0.001,0.1,512,3,5,4,256,6000,8.0,2633729,1,1,9974,1104,600009,3,54,18054,2,12.0,0.1,0.1671,0.13697982
cold,0,1,0,0.001,0.1,512,3,5,4,256,6000,8.0,2633729,1,1,9974,1104,600009,3,54,18054,3,18.0,0.15,0.25065,0.18554223
cold,0,1,0,0.001,0.1,512,3,5,4,256,6000,8.0,2633729,1,1,9974,1104,600009,3,54,18054,4,24.0,0.2,0.3342,0.2319859
cold,0,1,0,0.001,0.1,512,3,5,4,256,6000,8.0,2633729,1,1,9974,1104,600009,3,54,18054,5,30.0,0.25,0.41775,0.27456072
cold,0,1,0,0.001,0.1,512,3,5,4,256,6000,8.0,2633729,1,1,9974,1104,600009,3,54,18054,6,36.0,0.3,0.5013,0.31438294
cold,0,1,0,0.001,0.1,512,3,5,4,256,6000,8.0,2633729,1,1,9974,1104,600009,3,54,18054,7,42.0,0.35,0.58485,0.35261568
cold,0,1,0,0.001,0.1,512,3,5,4,256,6000,8.0,2633729,1,1,9974,1104,600009,3,54,18054,8,48.0,0.4,0.6684,0.38835114
cold,0,1,0,0.001,0.1,512,3,5,4,256,6000,8.0,2633729,1,1,9974,1104,600009,3,54,18054,9,54.0,0.45,0.75195,0.42051679
cold,0,1,0,0.001,0.1,512,3,5,4,256,6000,8.0,2633729,1,1,9974,1104,600009,3,54,18054,10,60.0,0.5,0.8355,0.44928864
cold,0,1,0,0.001,0.1,512,3,5,4,256,6000,8.0,2633729,1,1,9974,1104,600009,3,54,18054,11,66.0,0.55,0.91905,0.47581059
cold,0,1,0,0.001,0.1,512,3,5,4,256,6000,8.0,2633729,1,1,9974,1104,600009,3,54,18054,12,72.0,0.6,1.0026,0.50025845
cold,0,1,0,0.001,0.1,512,3,5,4,256,6000,8.0,2633729,1,1,9974,1104,600009,3,54,18054,13,78.0,0.65,1.08615,0.52147889
cold,0,1,0,0.001,0.1,512,3,5,4,256,6000,8.0,2633729,1,1,9974,1104,600009,3,54,18054,14,84.0,0.7,1.1697,0.53917181
cold,0,1,0,0.001,0.1,512,3,5,4,256,6000,8.0,2633729,1,1,9974,1104,600009,3,54,18054,15,90.0,0.75,1.25325,0.55493033
cold,0,1,0,0.001,0.1,512,3,5,4,256,6000,8.0,2633729,1,1,9974,1104,600009,3,54,18054,16,96.0,0.8,1.3368,0.57090372
cold,0,1,0,0.001,0.1,512,3,5,4,256,6000,8.0,2633729,1,1,9974,1104,600009,3,54,18054,17,102.0,0.85,1.42035,0.58775192
cold,0,1,0,0.001,0.1,512,3,5,4,256,6000,8.0,2633729,1,1,9974,1104,600009,3,54,18054,18,108.0,0.9,1.5039,0.60433048
cold,0,1,0,0.001,0.1,512,3,5,4,256,6000,8.0,2633729,1,1,9974,1104,600009,3,54,18054,19,114.0,0.95,1.58745,0.61957037
cold,0,1,0,0.001,0.1,512,3,5,4,256,6000,8.0,2633729,1,1,9974,1104,600009,3,54,18054,20,120.0,1.0,1.671,0.63375098
cold,0,1,0,0.001,0.1,512,3,5,4,256,6000,8.0,2633729,1,1,9974,1104,600009,3,54,18054,21,126.0,1.05,1.75455,0.64758676
cold,0,1,0,0.001,0.1,512,3,5,4,256,6000,8.0,2633729,1,1,9974,1104,600009,3,54,18054,22,132.0,1.1,1.8381,0.66098696
cold,0,1,0,0.001,0.1,512,3,5,4,256,6000,8.0,2633729,1,1,9974,1104,600009,3,54,18054,23,138.0,1.15,1.92165,0.67336106
cold,0,1,0,0.001,0.1,512,3,5,4,256,6000,8.0,2633729,1,1,9974,1104,600009,3,54,18054,24,144.0,1.2,2.0052,0.68431485
cold,0,1,0,0.001,0.1,512,3,5,4,256,6000,8.0,2633729,1,1,9974,1104,600009,3,54,18054,25,150.0,1.25,2.08875,0.69408721
cold,0,1,0,0.001,0.1,512,3,5,4,256,6000,8.0,2633729,1,1,9974,1104,600009,3,54,18054,26,156.0,1.3,2.1723,0.70320362
cold,0,1,0,0.001,0.1,512,3,5,4,256,6000,8.0,2633729,1,1,9974,1104,600009,3,54,18054,27,162.0,1.35,2.25585,0.71128565
cold,0,1,0,0.001,0.1,512,3,5,4,256,6000,8.0,2633729,1,1,9974,1104,600009,3,54,18054,28,168.0,1.4,2.3394,0.71713769
cold,0,1,0,0.001,0.1,512,3,5,4,256,6000,8.0,2633729,1,1,9974,1104,600009,3,54,18054,29,174.0,1.45,2.42295,0.72106957
cold,0,1,0,0.001,0.1,512,3,5,4,256,6000,8.0,2633729,1,1,9974,1104,600009,3,54,18054,30,180.0,1.5,2.5065,0.72589511
cold,0,1,0,0.001,0.1,512,3,5,4,256,6000,8.0,2633729,1,1,9974,1104,600009,3,54,18054,31,186.0,1.55,2.59005,0.73413163
cold,0,1,0,0.001,0.1,512,3,5,4,256,6000,8.0,2633729,1,1,9974,1104,600009,3,54,18054,32,192.0,1.6,2.6736,0.74565858
cold,0,1,0,0.001,0.1,512,3,5,4,256,6000,8.0,2633729,1,1,9974,1104,600009,3,54,18054,33,198.0,1.65,2.75715,0.75821322
cold,0,1,0,0.001,0.1,512,3,5,4,256,6000,8.0,2633729,1,1,9974,1104,600009,3,54,18054,34,204.0,1.7,2.8407,0.76926303
cold,0,1,0,0.001,0.1,512,3,5,4,256,6000,8.0,2633729,1,1,9974,1104,600009,3,54,18054,35,210.0,1.75,2.92425,0.77792317
cold,0,1,0,0.001,0.1,512,3,5,4,256,6000,8.0,2633729,1,1,9974,1104,600009,3,54,18054,36,216.0,1.8,3.0078,0.78523338
cold,0,1,0,0.001,0.1,512,3,5,4,256,6000,8.0,2633729,1,1,9974,1104,600009,3,54,18054,37,222.0,1.85,3.09135,0.79230094
cold,0,1,0,0.001,0.1,512,3,5,4,256,6000,8.0,2633729,1,1,9974,1104,600009,3,54,18054,38,228.0,1.9,3.1749,0.79850793
cold,0,1,0,0.001,0.1,512,3,5,4,256,6000,8.0,2633729,1,1,9974,1104,600009,3,54,18054,39,234.0,1.95,3.25845,0.80283475
cold,0,1,0,0.001,0.1,512,3,5,4,256,6000,8.0,2633729,1,1,9974,1104,600009,3,54,18054,40,240.0,2.0,3.342,0.80585909
cold,0,1,0,0.001,0.1,512,3,5,4,256,6000,8.0,2633729,1,1,9974,1104,600009,3,54,18054,41,246.0,2.05,3.42555,0.80851817
cold,0,1,0,0.001,0.1,512,3,5,4,256,6000,8.0,2633729,1,1,9974,1104,600009,3,54,18054,42,252.0,2.1,3.5091,0.8108182
cold,0,1,0,0.001,0.1,512,3,5,4,256,6000,8.0,2633729,1,1,9974,1104,600009,3,54,18054,43,258.0,2.15,3.59265,0.8133018
cold,0,1,0,0.001,0.1,512,3,5,4,256,6000,8.0,2633729,1,1,9974,1104,600009,3,54,18054,44,264.0,2.2,3.6762,0.81741703
cold,0,1,0,0.001,0.1,512,3,5,4,256,6000,8.0,2633729,1,1,9974,1104,600009,3,54,18054,45,270.0,2.25,3.75975,0.82355726
cold,0,1,0,0.001,0.1,512,3,5,4,256,6000,8.0,2633729,1,1,9974,1104,600009,3,54,18054,46,276.0,2.3,3.8433,0.83014357
cold,0,1,0,0.001,0.1,512,3,5,4,256,6000,8.0,2633729,1,1,9974,1104,600009,3,54,18054,47,282.0,2.35,3.92685,0.83516639
cold,0,1,0,0.001,0.1,512,3,5,4,256,6000,8.0,2633729,1,1,9974,1104,600009,3,54,18054,48,288.0,2.4,4.0104,0.83813894
cold,0,1,0,0.001,0.1,512,3,5,4,256,6000,8.0,2633729,1,1,9974,1104,600009,3,54,18054,49,294.0,2.45,4.09395,0.83990455
cold,0,1,0,0.001,0.1,512,3,5,4,256,6000,8.0,2633729,1,1,9974,1104,600009,3,54,18054,50,300.0,2.5,4.1775,0.84130865
cold,0,1,0,0.001,0.1,512,3,5,4,256,6000,8.0,2633729,1,1,9974,1104,600009,3,54,18054,51,306.0,2.55,4.26105,0.84298044
cold,0,1,0,0.001,0.1,512,3,5,4,256,6000,8.0,2633729,1,1,9974,1104,600009,3,54,18054,52,312.0,2.6,4.3446,0.84538126
cold,0,1,0,0.001,0.1,512,3,5,4,256,6000,8.0,2633729,1,1,9974,1104,600009,3,54,18054,53,318.0,2.65,4.42815,0.8483609
cold,0,1,0,0.001,0.1,512,3,5,4,256,6000,8.0,2633729,1,1,9974,1104,600009,3,54,18054,54,324.0,2.7,4.5117,0.85133076
cold,0,1,0,0.001,0.1,512,3,5,4,256,6000,8.0,2633729,1,1,9974,1104,600009,3,54,18054,55,330.0,2.75,4.59525,0.85363615
cold,0,1,0,0.001,0.1,512,3,5,4,256,6000,8.0,2633729,1,1,9974,1104,600009,3,54,18054,56,336.0,2.8,4.6788,0.85467798
cold,0,1,0,0.001,0.1,512,3,5,4,256,6000,8.0,2633729,1,1,9974,1104,600009,3,54,18054,57,342.0,2.85,4.76235,0.8544789
cold,0,1,0,0.001,0.1,512,3,5,4,256,6000,8.0,2633729,1,1,9974,1104,600009,3,54,18054,58,348.0,2.9,4.8459,0.85375196
cold,0,1,0,0.001,0.1,512,3,5,4,256,6000,8.0,2633729,1,1,9974,1104,600009,3,54,18054,59,354.0,2.95,4.92945,0.85339689
cold,0,1,0,0.001,0.1,512,3,5,4,256,6000,8.0,2633729,1,1,9974,1104,600009,3,54,18054,60,360.0,3.0,5.013,0.85466176
cold,0,1,0,0.001,0.1,512,3,5,4,256,6000,8.0,2633729,1,1,9974,1104,600009,3,54,18054,61,366.0,3.05,5.09655,0.85834217
cold,0,1,0,0.001,0.1,512,3,5,4,256,6000,8.0,2633729,1,1,9974,1104,600009,3,54,18054,62,372.0,3.1,5.1801,0.86344671
cold,0,1,0,0.001,0.1,512,3,5,4,256,6000,8.0,2633729,1,1,9974,1104,600009,3,54,18054,63,378.0,3.15,5.26365,0.8679409
cold,0,1,0,0.001,0.1,512,3,5,4,256,6000,8.0,2633729,1,1,9974,1104,600009,3,54,18054,64,384.0,3.2,5.3472,0.87086076
cold,0,1,0,0.001,0.1,512,3,5,4,256,6000,8.0,2633729,1,1,9974,1104,600009,3,54,18054,65,390.0,3.25,5.43075,0.87289411
cold,0,1,0,0.001,0.1,512,3,5,4,256,6000,8.0,2633729,1,1,9974,1104,600009,3,54,18054,66,396.0,3.3,5.5143,0.8748647
cold,0,1,0,0.001,0.1,512,3,5,4,256,6000,8.0,2633729,1,1,9974,1104,600009,3,54,18054,67,402.0,3.35,5.59785,0.87639463
cold,0,1,0,0.001,0.1,512,3,5,4,256,6000,8.0,2633729,1,1,9974,1104,600009,3,54,18054,68,408.0,3.4,5.6814,0.8766644
cold,0,1,0,0.001,0.1,512,3,5,4,256,6000,8.0,2633729,1,1,9974,1104,600009,3,54,18054,69,414.0,3.45,5.76495,0.87551385
cold,0,1,0,0.001,0.1,512,3,5,4,256,6000,8.0,2633729,1,1,9974,1104,600009,3,54,18054,70,420.0,3.5,5.8485,0.87391257
cold,0,1,0,0.001,0.1,512,3,5,4,256,6000,8.0,2633729,1,1,9974,1104,600009,3,54,18054,71,426.0,3.55,5.93205,0.87334162
cold,0,1,0,0.001,0.1,512,3,5,4,256,6000,8.0,2633729,1,1,9974,1104,600009,3,54,18054,72,432.0,3.6,6.0156,0.87418717
cold,0,1,0,0.001,0.1,512,3,5,4,256,6000,8.0,2633729,1,1,9974,1104,600009,3,54,18054,73,438.0,3.65,6.09915,0.87581772
cold,0,1,0,0.001,0.1,512,3,5,4,256,6000,8.0,2633729,1,1,9974,1104,600009,3,54,18054,74,444.0,3.7,6.1827,0.87810868
cold,0,1,0,0.001,0.1,512,3,5,4,256,6000,8.0,2633729,1,1,9974,1104,600009,3,54,18054,75,450.0,3.75,6.26625,0.88101035
cold,0,1,0,0.001,0.1,512,3,5,4,256,6000,8.0,2633729,1,1,9974,1104,600009,3,54,18054,76,456.0,3.8,6.3498,0.88344085
cold,0,1,0,0.001,0.1,512,3,5,4,256,6000,8.0,2633729,1,1,9974,1104,600009,3,54,18054,77,462.0,3.85,6.43335,0.88421738
cold,0,1,0,0.001,0.1,512,3,5,4,256,6000,8.0,2633729,1,1,9974,1104,600009,3,54,18054,78,468.0,3.9,6.5169,0.88308913
cold,0,1,0,0.001,0.1,512,3,5,4,256,6000,8.0,2633729,1,1,9974,1104,600009,3,54,18054,79,474.0,3.95,6.60045,0.88075644
cold,0,1,0,0.001,0.1,512,3,5,4,256,6000,8.0,2633729,1,1,9974,1104,600009,3,54,18054,80,480.0,4.0,6.684,0.87876481
cold,0,1,0,0.001,0.1,512,3,5,4,256,6000,8.0,2633729,1,1,9974,1104,600009,3,54,18054,81,486.0,4.05,6.76755,0.87840247
cold,0,1,0,0.001,0.1,512,3,5,4,256,6000,8.0,2633729,1,1,9974,1104,600009,3,54,18054,82,492.0,4.1,6.8511,0.87981033
cold,0,1,0,0.001,0.1,512,3,5,4,256,6000,8.0,2633729,1,1,9974,1104,600009,3,54,18054,83,498.0,4.15,6.93465,0.88258779
cold,0,1,0,0.001,0.1,512,3,5,4,256,6000,8.0,2633729,1,1,9974,1104,600009,3,54,18054,84,504.0,4.2,7.0182,0.88618147
cold,0,1,0,0.001,0.1,512,3,5,4,256,6000,8.0,2633729,1,1,9974,1104,600009,3,54,18054,85,510.0,4.25,7.10175,0.88993686
cold,0,1,0,0.001,0.1,512,3,5,4,256,6000,8.0,2633729,1,1,9974,1104,600009,3,54,18054,86,516.0,4.3,7.1853,0.89304543
cold,0,1,0,0.001,0.1,512,3,5,4,256,6000,8.0,2633729,1,1,9974,1104,600009,3,54,18054,87,522.0,4.35,7.26885,0.89456612
cold,0,1,0,0.001,0.1,512,3,5,4,256,6000,8.0,2633729,1,1,9974,1104,600009,3,54,18054,88,528.0,4.4,7.3524,0.8944878
cold,0,1,0,0.001,0.1,512,3,5,4,256,6000,8.0,2633729,1,1,9974,1104,600009,3,54,18054,89,534.0,4.45,7.43595,0.8941412
cold,0,1,0,0.001,0.1,512,3,5,4,256,6000,8.0,2633729,1,1,9974,1104,600009,3,54,18054,90,540.0,4.5,7.5195,0.89500445
cold,0,1,0,0.001,0.1,512,3,5,4,256,6000,8.0,2633729,1,1,9974,1104,600009,3,54,18054,91,546.0,4.55,7.60305,0.89770126
cold,0,1,0,0.001,0.1,512,3,5,4,256,6000,8.0,2633729,1,1,9974,1104,600009,3,54,18054,92,552.0,4.6,7.6866,0.90167421
cold,0,1,0,0.001,0.1,512,3,5,4,256,6000,8.0,2633729,1,1,9974,1104,600009,3,54,18054,93,558.0,4.65,7.77015,0.90567058
cold,0,1,0,0.001,0.1,512,3,5,4,256,6000,8.0,2633729,1,1,9974,1104,600009,3,54,18054,94,564.0,4.7,7.8537,0.90865469
cold,0,1,0,0.001,0.1,512,3,5,4,256,6000,8.0,2633729,1,1,9974,1104,600009,3,54,18054,95,570.0,4.75,7.93725,0.9097935
cold,0,1,0,0.001,0.1,512,3,5,4,256,6000,8.0,2633729,1,1,9974,1104,600009,3,54,18054,96,576.0,4.8,8.0208,0.90848941
cold,0,1,0,0.001,0.1,512,3,5,4,256,6000,8.0,2633729,1,1,9974,1104,600009,3,54,18054,97,582.0,4.85,8.10435,0.90534556
cold,0,1,0,0.001,0.1,512,3,5,4,256,6000,8.0,2633729,1,1,9974,1104,600009,3,54,18054,98,588.0,4.9,8.1879,0.90203577
cold,0,1,0,0.001,0.1,512,3,5,4,256,6000,8.0,2633729,1,1,9974,1104,600009,3,54,18054,99,594.0,4.95,8.27145,0.89997447
cold,0,1,0,0.001,0.1,512,3,5,4,256,6000,8.0,2633729,1,1,9974,1104,600009,3,54,18054,100,600.0,5.0,8.355,0.89965707
cold,0,1,0,0.001,0.1,512,3,5,4,256,6000,8.0,2633729,1,1,9974,1104,600009,3,54,18054,101,606.0,5.05,8.43855,0.90051085
cold,0,1,0,0.001,0.1,512,3,5,4,256,6000,8.0,2633729,1,1,9974,1104,600009,3,54,18054,102,612.0,5.1,8.5221,0.90119833
cold,0,1,0,0.001,0.1,512,3,5,4,256,6000,8.0,2633729,1,1,9974,1104,600009,3,54,18054,103,618.0,5.15,8.60565,0.9006694
cold,0,1,0,0.001,0.1,512,3,5,4,256,6000,8.0,2633729,1,1,9974,1104,600009,3,54,18054,104,624.0,5.2,8.6892,0.8990047
cold,0,1,0,0.001,0.1,512,3,5,4,256,6000,8.0,2633729,1,1,9974,1104,600009,3,54,18054,105,630.0,5.25,8.77275,0.89735001
cold,0,1,0,0.001,0.1,512,3,5,4,256,6000,8.0,2633729,1,1,9974,1104,600009,3,54,18054,106,636.0,5.3,8.8563,0.89684129
cold,0,1,0,0.001,0.1,512,3,5,4,256,6000,8.0,2633729,1,1,9974,1104,600009,3,54,18054,107,642.0,5.35,8.93985,0.89704359
cold,0,1,0,0.001,0.1,512,3,5,4,256,6000,8.0,2633729,1,1,9974,1104,600009,3,54,18054,108,648.0,5.4,9.0234,0.89649218
cold,0,1,0,0.001,0.1,512,3,5,4,256,6000,8.0,2633729,1,1,9974,1104,600009,3,54,18054,109,654.0,5.45,9.10695,0.89516103
cold,0,1,0,0.001,0.1,512,3,5,4,256,6000,8.0,2633729,1,1,9974,1104,600009,3,54,18054,110,660.0,5.5,9.1905,0.89485818
cold,0,1,0,0.001,0.1,512,3,5,4,256,6000,8.0,2633729,1,1,9974,1104,600009,3,54,18054,111,666.0,5.55,9.27405,0.89717966
cold,0,1,0,0.001,0.1,512,3,5,4,256,6000,8.0,2633729,1,1,9974,1104,600009,3,54,18054,112,672.0,5.6,9.3576,0.90199322
cold,0,1,0,0.001,0.1,512,3,5,4,256,6000,8.0,2633729,1,1,9974,1104,600009,3,54,18054,113,678.0,5.65,9.44115,0.9079048
cold,0,1,0,0.001,0.1,512,3,5,4,256,6000,8.0,2633729,1,1,9974,1104,600009,3,54,18054,114,684.0,5.7,9.5247,0.91352755
cold,0,1,0,0.001,0.1,512,3,5,4,256,6000,8.0,2633729,1,1,9974,1104,600009,3,54,18054,115,690.0,5.75,9.60825,0.91794759
cold,0,1,0,0.001,0.1,512,3,5,4,256,6000,8.0,2633729,1,1,9974,1104,600009,3,54,18054,116,696.0,5.8,9.6918,0.9202444
cold,0,1,0,0.001,0.1,512,3,5,4,256,6000,8.0,2633729,1,1,9974,1104,600009,3,54,18054,117,702.0,5.85,9.77535,0.91935408
cold,0,1,0,0.001,0.1,512,3,5,4,256,6000,8.0,2633729,1,1,9974,1104,600009,3,54,18054,118,708.0,5.9,9.8589,0.91540986
cold,0,1,0,0.001,0.1,512,3,5,4,256,6000,8.0,2633729,1,1,9974,1104,600009,3,54,18054,119,714.0,5.95,9.94245,0.91024387
cold,0,1,0,0.001,0.1,512,3,5,4,256,6000,8.0,2633729,1,1,9974,1104,600009,3,54,18054,120,720.0,6.0,10.026,0.90625978
cold,0,1,0,0.001,0.1,512,3,5,4,256,6000,8.0,2633729,1,1,9974,1104,600009,3,234,18234,1,6.0,0.05,0.08355,0.04306626
cold,0,1,0,0.001,0.1,512,3,5,4,256,6000,8.0,2633729,1,1,9974,1104,600009,3,234,18234,2,12.0,0.1,0.1671,0.05085446
cold,0,1,0,0.001,0.1,512,3,5,4,256,6000,8.0,2633729,1,1,9974,1104,600009,3,234,18234,3,18.0,0.15,0.25065,0.05945958
cold,0,1,0,0.001,0.1,512,3,5,4,256,6000,8.0,2633729,1,1,9974,1104,600009,3,234,18234,4,24.0,0.2,0.3342,0.06873363
cold,0,1,0,0.001,0.1,512,3,5,4,256,6000,8.0,2633729,1,1,9974,1104,600009,3,234,18234,5,30.0,0.25,0.41775,0.07869617
cold,0,1,0,0.001,0.1,512,3,5,4,256,6000,8.0,2633729,1,1,9974,1104,600009,3,234,18234,6,36.0,0.3,0.5013,0.08994094
cold,0,1,0,0.001,0.1,512,3,5,4,256,6000,8.0,2633729,1,1,9974,1104,600009,3,234,18234,7,42.0,0.35,0.58485,0.10199638
cold,0,1,0,0.001,0.1,512,3,5,4,256,6000,8.0,2633729,1,1,9974,1104,600009,3,234,18234,8,48.0,0.4,0.6684,0.11482017
cold,0,1,0,0.001,0.1,512,3,5,4,256,6000,8.0,2633729,1,1,9974,1104,600009,3,234,18234,9,54.0,0.45,0.75195,0.12815355
cold,0,1,0,0.001,0.1,512,3,5,4,256,6000,8.0,2633729,1,1,9974,1104,600009,3,234,18234,10,60.0,0.5,0.8355,0.14310621
cold,0,1,0,0.001,0.1,512,3,5,4,256,6000,8.0,2633729,1,1,9974,1104,600009,3,234,18234,11,66.0,0.55,0.91905,0.15964511
cold,0,1,0,0.001,0.1,512,3,5,4,256,6000,8.0,2633729,1,1,9974,1104,600009,3,234,18234,12,72.0,0.6,1.0026,0.17670953
cold,0,1,0,0.001,0.1,512,3,5,4,256,6000,8.0,2633729,1,1,9974,1104,600009,3,234,18234,13,78.0,0.65,1.08615,0.19405447
cold,0,1,0,0.001,0.1,512,3,5,4,256,6000,8.0,2633729,1,1,9974,1104,600009,3,234,18234,14,84.0,0.7,1.1697,0.21327724
cold,0,1,0,0.001,0.1,512,3,5,4,256,6000,8.0,2633729,1,1,9974,1104,600009,3,234,18234,15,90.0,0.75,1.25325,0.23538689
cold,0,1,0,0.001,0.1,512,3,5,4,256,6000,8.0,2633729,1,1,9974,1104,600009,3,234,18234,16,96.0,0.8,1.3368,0.25849432
cold,0,1,0,0.001,0.1,512,3,5,4,256,6000,8.0,2633729,1,1,9974,1104,600009,3,234,18234,17,102.0,0.85,1.42035,0.28072828
cold,0,1,0,0.001,0.1,512,3,5,4,256,6000,8.0,2633729,1,1,9974,1104,600009,3,234,18234,18,108.0,0.9,1.5039,0.3023372
cold,0,1,0,0.001,0.1,512,3,5,4,256,6000,8.0,2633729,1,1,9974,1104,600009,3,234,18234,19,114.0,0.95,1.58745,0.32431868
cold,0,1,0,0.001,0.1,512,3,5,4,256,6000,8.0,2633729,1,1,9974,1104,600009,3,234,18234,20,120.0,1.0,1.671,0.34730607
cold,0,1,0,0.001,0.1,512,3,5,4,256,6000,8.0,2633729,1,1,9974,1104,600009,3,234,18234,21,126.0,1.05,1.75455,0.37057132
cold,0,1,0,0.001,0.1,512,3,5,4,256,6000,8.0,2633729,1,1,9974,1104,600009,3,234,18234,22,132.0,1.1,1.8381,0.39312685
cold,0,1,0,0.001,0.1,512,3,5,4,256,6000,8.0,2633729,1,1,9974,1104,600009,3,234,18234,23,138.0,1.15,1.92165,0.41574955
cold,0,1,0,0.001,0.1,512,3,5,4,256,6000,8.0,2633729,1,1,9974,1104,600009,3,234,18234,24,144.0,1.2,2.0052,0.43915313
cold,0,1,0,0.001,0.1,512,3,5,4,256,6000,8.0,2633729,1,1,9974,1104,600009,3,234,18234,25,150.0,1.25,2.08875,0.46274549
cold,0,1,0,0.001,0.1,512,3,5,4,256,6000,8.0,2633729,1,1,9974,1104,600009,3,234,18234,26,156.0,1.3,2.1723,0.4849205
cold,0,1,0,0.001,0.1,512,3,5,4,256,6000,8.0,2633729,1,1,9974,1104,600009,3,234,18234,27,162.0,1.35,2.25585,0.50411612
cold,0,1,0,0.001,0.1,512,3,5,4,256,6000,8.0,2633729,1,1,9974,1104,600009,3,234,18234,28,168.0,1.4,2.3394,0.52026027
cold,0,1,0,0.001,0.1,512,3,5,4,256,6000,8.0,2633729,1,1,9974,1104,600009,3,234,18234,29,174.0,1.45,2.42295,0.53505015
cold,0,1,0,0.001,0.1,512,3,5,4,256,6000,8.0,2633729,1,1,9974,1104,600009,3,234,18234,30,180.0,1.5,2.5065,0.55133951
cold,0,1,0,0.001,0.1,512,3,5,4,256,6000,8.0,2633729,1,1,9974,1104,600009,3,234,18234,31,186.0,1.55,2.59005,0.57007605
cold,0,1,0,0.001,0.1,512,3,5,4,256,6000,8.0,2633729,1,1,9974,1104,600009,3,234,18234,32,192.0,1.6,2.6736,0.58936149
cold,0,1,0,0.001,0.1,512,3,5,4,256,6000,8.0,2633729,1,1,9974,1104,600009,3,234,18234,33,198.0,1.65,2.75715,0.60642427
cold,0,1,0,0.001,0.1,512,3,5,4,256,6000,8.0,2633729,1,1,9974,1104,600009,3,234,18234,34,204.0,1.7,2.8407,0.62093043
cold,0,1,0,0.001,0.1,512,3,5,4,256,6000,8.0,2633729,1,1,9974,1104,600009,3,234,18234,35,210.0,1.75,2.92425,0.6348502
cold,0,1,0,0.001,0.1,512,3,5,4,256,6000,8.0,2633729,1,1,9974,1104,600009,3,234,18234,36,216.0,1.8,3.0078,0.65015262
cold,0,1,0,0.001,0.1,512,3,5,4,256,6000,8.0,2633729,1,1,9974,1104,600009,3,234,18234,37,222.0,1.85,3.09135,0.66766787
cold,0,1,0,0.001,0.1,512,3,5,4,256,6000,8.0,2633729,1,1,9974,1104,600009,3,234,18234,38,228.0,1.9,3.1749,0.68697143
cold,0,1,0,0.001,0.1,512,3,5,4,256,6000,8.0,2633729,1,1,9974,1104,600009,3,234,18234,39,234.0,1.95,3.25845,0.70809948
cold,0,1,0,0.001,0.1,512,3,5,4,256,6000,8.0,2633729,1,1,9974,1104,600009,3,234,18234,40,240.0,2.0,3.342,0.7299847
cold,0,1,0,0.001,0.1,512,3,5,4,256,6000,8.0,2633729,1,1,9974,1104,600009,3,234,18234,41,246.0,2.05,3.42555,0.74831575
cold,0,1,0,0.001,0.1,512,3,5,4,256,6000,8.0,2633729,1,1,9974,1104,600009,3,234,18234,42,252.0,2.1,3.5091,0.76004332
cold,0,1,0,0.001,0.1,512,3,5,4,256,6000,8.0,2633729,1,1,9974,1104,600009,3,234,18234,43,258.0,2.15,3.59265,0.76642656
cold,0,1,0,0.001,0.1,512,3,5,4,256,6000,8.0,2633729,1,1,9974,1104,600009,3,234,18234,44,264.0,2.2,3.6762,0.77052367
cold,0,1,0,0.001,0.1,512,3,5,4,256,6000,8.0,2633729,1,1,9974,1104,600009,3,234,18234,45,270.0,2.25,3.75975,0.77468044
cold,0,1,0,0.001,0.1,512,3,5,4,256,6000,8.0,2633729,1,1,9974,1104,600009,3,234,18234,46,276.0,2.3,3.8433,0.78035802
cold,0,1,0,0.001,0.1,512,3,5,4,256,6000,8.0,2633729,1,1,9974,1104,600009,3,234,18234,47,282.0,2.35,3.92685,0.78825974
cold,0,1,0,0.001,0.1,512,3,5,4,256,6000,8.0,2633729,1,1,9974,1104,600009,3,234,18234,48,288.0,2.4,4.0104,0.79848516
cold,0,1,0,0.001,0.1,512,3,5,4,256,6000,8.0,2633729,1,1,9974,1104,600009,3,234,18234,49,294.0,2.45,4.09395,0.8115046
cold,0,1,0,0.001,0.1,512,3,5,4,256,6000,8.0,2633729,1,1,9974,1104,600009,3,234,18234,50,300.0,2.5,4.1775,0.82553363
cold,0,1,0,0.001,0.1,512,3,5,4,256,6000,8.0,2633729,1,1,9974,1104,600009,3,234,18234,51,306.0,2.55,4.26105,0.8390224
cold,0,1,0,0.001,0.1,512,3,5,4,256,6000,8.0,2633729,1,1,9974,1104,600009,3,234,18234,52,312.0,2.6,4.3446,0.85181165
cold,0,1,0,0.001,0.1,512,3,5,4,256,6000,8.0,2633729,1,1,9974,1104,600009,3,234,18234,53,318.0,2.65,4.42815,0.86311221
cold,0,1,0,0.001,0.1,512,3,5,4,256,6000,8.0,2633729,1,1,9974,1104,600009,3,234,18234,54,324.0,2.7,4.5117,0.87272465
cold,0,1,0,0.001,0.1,512,3,5,4,256,6000,8.0,2633729,1,1,9974,1104,600009,3,234,18234,55,330.0,2.75,4.59525,0.88099909
cold,0,1,0,0.001,0.1,512,3,5,4,256,6000,8.0,2633729,1,1,9974,1104,600009,3,234,18234,56,336.0,2.8,4.6788,0.88725787
cold,0,1,0,0.001,0.1,512,3,5,4,256,6000,8.0,2633729,1,1,9974,1104,600009,3,234,18234,57,342.0,2.85,4.76235,0.89163965
cold,0,1,0,0.001,0.1,512,3,5,4,256,6000,8.0,2633729,1,1,9974,1104,600009,3,234,18234,58,348.0,2.9,4.8459,0.89508981
cold,0,1,0,0.001,0.1,512,3,5,4,256,6000,8.0,2633729,1,1,9974,1104,600009,3,234,18234,59,354.0,2.95,4.92945,0.89719987
cold,0,1,0,0.001,0.1,512,3,5,4,256,6000,8.0,2633729,1,1,9974,1104,600009,3,234,18234,60,360.0,3.0,5.013,0.89826244
cold,0,1,0,0.001,0.1,512,3,5,4,256,6000,8.0,2633729,1,1,9974,1104,600009,3,234,18234,61,366.0,3.05,5.09655,0.90095216
cold,0,1,0,0.001,0.1,512,3,5,4,256,6000,8.0,2633729,1,1,9974,1104,600009,3,234,18234,62,372.0,3.1,5.1801,0.90689391
cold,0,1,0,0.001,0.1,512,3,5,4,256,6000,8.0,2633729,1,1,9974,1104,600009,3,234,18234,63,378.0,3.15,5.26365,0.91574591
cold,0,1,0,0.001,0.1,512,3,5,4,256,6000,8.0,2633729,1,1,9974,1104,600009,3,234,18234,64,384.0,3.2,5.3472,0.92648584
cold,0,1,0,0.001,0.1,512,3,5,4,256,6000,8.0,2633729,1,1,9974,1104,600009,3,234,18234,65,390.0,3.25,5.43075,0.93756187
cold,0,1,0,0.001,0.1,512,3,5,4,256,6000,8.0,2633729,1,1,9974,1104,600009,3,234,18234,66,396.0,3.3,5.5143,0.94608861
cold,0,1,0,0.001,0.1,512,3,5,4,256,6000,8.0,2633729,1,1,9974,1104,600009,3,234,18234,67,402.0,3.35,5.59785,0.9496721
cold,0,1,0,0.001,0.1,512,3,5,4,256,6000,8.0,2633729,1,1,9974,1104,600009,3,234,18234,68,408.0,3.4,5.6814,0.94848782
cold,0,1,0,0.001,0.1,512,3,5,4,256,6000,8.0,2633729,1,1,9974,1104,600009,3,234,18234,69,414.0,3.45,5.76495,0.9458977
cold,0,1,0,0.001,0.1,512,3,5,4,256,6000,8.0,2633729,1,1,9974,1104,600009,3,234,18234,70,420.0,3.5,5.8485,0.94518852
cold,0,1,0,0.001,0.1,512,3,5,4,256,6000,8.0,2633729,1,1,9974,1104,600009,3,234,18234,71,426.0,3.55,5.93205,0.94710535
cold,0,1,0,0.001,0.1,512,3,5,4,256,6000,8.0,2633729,1,1,9974,1104,600009,3,234,18234,72,432.0,3.6,6.0156,0.9510982
cold,0,1,0,0.001,0.1,512,3,5,4,256,6000,8.0,2633729,1,1,9974,1104,600009,3,234,18234,73,438.0,3.65,6.09915,0.9562881
cold,0,1,0,0.001,0.1,512,3,5,4,256,6000,8.0,2633729,1,1,9974,1104,600009,3,234,18234,74,444.0,3.7,6.1827,0.96067822
cold,0,1,0,0.001,0.1,512,3,5,4,256,6000,8.0,2633729,1,1,9974,1104,600009,3,234,18234,75,450.0,3.75,6.26625,0.96293002
cold,0,1,0,0.001,0.1,512,3,5,4,256,6000,8.0,2633729,1,1,9974,1104,600009,3,234,18234,76,456.0,3.8,6.3498,0.96375155
cold,0,1,0,0.001,0.1,512,3,5,4,256,6000,8.0,2633729,1,1,9974,1104,600009,3,234,18234,77,462.0,3.85,6.43335,0.96389216
cold,0,1,0,0.001,0.1,512,3,5,4,256,6000,8.0,2633729,1,1,9974,1104,600009,3,234,18234,78,468.0,3.9,6.5169,0.96395928
cold,0,1,0,0.001,0.1,512,3,5,4,256,6000,8.0,2633729,1,1,9974,1104,600009,3,234,18234,79,474.0,3.95,6.60045,0.964248
cold,0,1,0,0.001,0.1,512,3,5,4,256,6000,8.0,2633729,1,1,9974,1104,600009,3,234,18234,80,480.0,4.0,6.684,0.9643963
cold,0,1,0,0.001,0.1,512,3,5,4,256,6000,8.0,2633729,1,1,9974,1104,600009,3,234,18234,81,486.0,4.05,6.76755,0.96407562
cold,0,1,0,0.001,0.1,512,3,5,4,256,6000,8.0,2633729,1,1,9974,1104,600009,3,234,18234,82,492.0,4.1,6.8511,0.96421945
cold,0,1,0,0.001,0.1,512,3,5,4,256,6000,8.0,2633729,1,1,9974,1104,600009,3,234,18234,83,498.0,4.15,6.93465,0.96608108
cold,0,1,0,0.001,0.1,512,3,5,4,256,6000,8.0,2633729,1,1,9974,1104,600009,3,234,18234,84,504.0,4.2,7.0182,0.96986473
cold,0,1,0,0.001,0.1,512,3,5,4,256,6000,8.0,2633729,1,1,9974,1104,600009,3,234,18234,85,510.0,4.25,7.10175,0.97427523
cold,0,1,0,0.001,0.1,512,3,5,4,256,6000,8.0,2633729,1,1,9974,1104,600009,3,234,18234,86,516.0,4.3,7.1853,0.9773432
cold,0,1,0,0.001,0.1,512,3,5,4,256,6000,8.0,2633729,1,1,9974,1104,600009,3,234,18234,87,522.0,4.35,7.26885,0.97852737
cold,0,1,0,0.001,0.1,512,3,5,4,256,6000,8.0,2633729,1,1,9974,1104,600009,3,234,18234,88,528.0,4.4,7.3524,0.97895885
cold,0,1,0,0.001,0.1,512,3,5,4,256,6000,8.0,2633729,1,1,9974,1104,600009,3,234,18234,89,534.0,4.45,7.43595,0.97975367
cold,0,1,0,0.001,0.1,512,3,5,4,256,6000,8.0,2633729,1,1,9974,1104,600009,3,234,18234,90,540.0,4.5,7.5195,0.98095393
cold,0,1,0,0.001,0.1,512,3,5,4,256,6000,8.0,2633729,1,1,9974,1104,600009,3,234,18234,91,546.0,4.55,7.60305,0.98136038
cold,0,1,0,0.001,0.1,512,3,5,4,256,6000,8.0,2633729,1,1,9974,1104,600009,3,234,18234,92,552.0,4.6,7.6866,0.97969055
cold,0,1,0,0.001,0.1,512,3,5,4,256,6000,8.0,2633729,1,1,9974,1104,600009,3,234,18234,93,558.0,4.65,7.77015,0.97684693
cold,0,1,0,0.001,0.1,512,3,5,4,256,6000,8.0,2633729,1,1,9974,1104,600009,3,234,18234,94,564.0,4.7,7.8537,0.97482544
cold,0,1,0,0.001,0.1,512,3,5,4,256,6000,8.0,2633729,1,1,9974,1104,600009,3,234,18234,95,570.0,4.75,7.93725,0.97581559
cold,0,1,0,0.001,0.1,512,3,5,4,256,6000,8.0,2633729,1,1,9974,1104,600009,3,234,18234,96,576.0,4.8,8.0208,0.98024052
cold,0,1,0,0.001,0.1,512,3,5,4,256,6000,8.0,2633729,1,1,9974,1104,600009,3,234,18234,97,582.0,4.85,8.10435,0.98547763
cold,0,1,0,0.001,0.1,512,3,5,4,256,6000,8.0,2633729,1,1,9974,1104,600009,3,234,18234,98,588.0,4.9,8.1879,0.9882766
cold,0,1,0,0.001,0.1,512,3,5,4,256,6000,8.0,2633729,1,1,9974,1104,600009,3,234,18234,99,594.0,4.95,8.27145,0.98770773
cold,0,1,0,0.001,0.1,512,3,5,4,256,6000,8.0,2633729,1,1,9974,1104,600009,3,234,18234,100,600.0,5.0,8.355,0.98577613
cold,0,1,0,0.001,0.1,512,3,5,4,256,6000,8.0,2633729,1,1,9974,1104,600009,3,234,18234,101,606.0,5.05,8.43855,0.98480469
cold,0,1,0,0.001,0.1,512,3,5,4,256,6000,8.0,2633729,1,1,9974,1104,600009,3,234,18234,102,612.0,5.1,8.5221,0.98574704
cold,0,1,0,0.001,0.1,512,3,5,4,256,6000,8.0,2633729,1,1,9974,1104,600009,3,234,18234,103,618.0,5.15,8.60565,0.98808014
cold,0,1,0,0.001,0.1,512,3,5,4,256,6000,8.0,2633729,1,1,9974,1104,600009,3,234,18234,104,624.0,5.2,8.6892,0.98939645
cold,0,1,0,0.001,0.1,512,3,5,4,256,6000,8.0,2633729,1,1,9974,1104,600009,3,234,18234,105,630.0,5.25,8.77275,0.98749143
cold,0,1,0,0.001,0.1,512,3,5,4,256,6000,8.0,2633729,1,1,9974,1104,600009,3,234,18234,106,636.0,5.3,8.8563,0.98381716
cold,0,1,0,0.001,0.1,512,3,5,4,256,6000,8.0,2633729,1,1,9974,1104,600009,3,234,18234,107,642.0,5.35,8.93985,0.98208791
cold,0,1,0,0.001,0.1,512,3,5,4,256,6000,8.0,2633729,1,1,9974,1104,600009,3,234,18234,108,648.0,5.4,9.0234,0.98400998
cold,0,1,0,0.001,0.1,512,3,5,4,256,6000,8.0,2633729,1,1,9974,1104,600009,3,234,18234,109,654.0,5.45,9.10695,0.98869705
cold,0,1,0,0.001,0.1,512,3,5,4,256,6000,8.0,2633729,1,1,9974,1104,600009,3,234,18234,110,660.0,5.5,9.1905,0.99401158
cold,0,1,0,0.001,0.1,512,3,5,4,256,6000,8.0,2633729,1,1,9974,1104,600009,3,234,18234,111,666.0,5.55,9.27405,0.99782735
cold,0,1,0,0.001,0.1,512,3,5,4,256,6000,8.0,2633729,1,1,9974,1104,600009,3,234,18234,112,672.0,5.6,9.3576,0.99996889
cold,0,1,0,0.001,0.1,512,3,5,4,256,6000,8.0,2633729,1,1,9974,1104,600009,3,234,18234,113,678.0,5.65,9.44115,1.00093448
cold,0,1,0,0.001,0.1,512,3,5,4,256,6000,8.0,2633729,1,1,9974,1104,600009,3,234,18234,114,684.0,5.7,9.5247,1.00042343
cold,0,1,0,0.001,0.1,512,3,5,4,256,6000,8.0,2633729,1,1,9974,1104,600009,3,234,18234,115,690.0,5.75,9.60825,0.99851704
cold,0,1,0,0.001,0.1,512,3,5,4,256,6000,8.0,2633729,1,1,9974,1104,600009,3,234,18234,116,696.0,5.8,9.6918,0.99587828
cold,0,1,0,0.001,0.1,512,3,5,4,256,6000,8.0,2633729,1,1,9974,1104,600009,3,234,18234,117,702.0,5.85,9.77535,0.9937669
cold,0,1,0,0.001,0.1,512,3,5,4,256,6000,8.0,2633729,1,1,9974,1104,600009,3,234,18234,118,708.0,5.9,9.8589,0.993563
cold,0,1,0,0.001,0.1,512,3,5,4,256,6000,8.0,2633729,1,1,9974,1104,600009,3,234,18234,119,714.0,5.95,9.94245,0.9958418
cold,0,1,0,0.001,0.1,512,3,5,4,256,6000,8.0,2633729,1,1,9974,1104,600009,3,234,18234,120,720.0,6.0,10.026,1.00042474
cold,0,1,0,0.001,0.1,512,3,5,4,256,6000,8.0,2633729,1,1,9974,1104,600009,3,1023,19023,1,6.0,0.05,0.08355,0.04164455
cold,0,1,0,0.001,0.1,512,3,5,4,256,6000,8.0,2633729,1,1,9974,1104,600009,3,1023,19023,2,12.0,0.1,0.1671,0.04953344
cold,0,1,0,0.001,0.1,512,3,5,4,256,6000,8.0,2633729,1,1,9974,1104,600009,3,1023,19023,3,18.0,0.15,0.25065,0.05846792
cold,0,1,0,0.001,0.1,512,3,5,4,256,6000,8.0,2633729,1,1,9974,1104,600009,3,1023,19023,4,24.0,0.2,0.3342,0.06687982
cold,0,1,0,0.001,0.1,512,3,5,4,256,6000,8.0,2633729,1,1,9974,1104,600009,3,1023,19023,5,30.0,0.25,0.41775,0.07511245
cold,0,1,0,0.001,0.1,512,3,5,4,256,6000,8.0,2633729,1,1,9974,1104,600009,3,1023,19023,6,36.0,0.3,0.5013,0.08547238
cold,0,1,0,0.001,0.1,512,3,5,4,256,6000,8.0,2633729,1,1,9974,1104,600009,3,1023,19023,7,42.0,0.35,0.58485,0.09627845
cold,0,1,0,0.001,0.1,512,3,5,4,256,6000,8.0,2633729,1,1,9974,1104,600009,3,1023,19023,8,48.0,0.4,0.6684,0.10741756
cold,0,1,0,0.001,0.1,512,3,5,4,256,6000,8.0,2633729,1,1,9974,1104,600009,3,1023,19023,9,54.0,0.45,0.75195,0.11895805
cold,0,1,0,0.001,0.1,512,3,5,4,256,6000,8.0,2633729,1,1,9974,1104,600009,3,1023,19023,10,60.0,0.5,0.8355,0.13116471
cold,0,1,0,0.001,0.1,512,3,5,4,256,6000,8.0,2633729,1,1,9974,1104,600009,3,1023,19023,11,66.0,0.55,0.91905,0.14394148
cold,0,1,0,0.001,0.1,512,3,5,4,256,6000,8.0,2633729,1,1,9974,1104,600009,3,1023,19023,12,72.0,0.6,1.0026,0.15730965
cold,0,1,0,0.001,0.1,512,3,5,4,256,6000,8.0,2633729,1,1,9974,1104,600009,3,1023,19023,13,78.0,0.65,1.08615,0.17171592
cold,0,1,0,0.001,0.1,512,3,5,4,256,6000,8.0,2633729,1,1,9974,1104,600009,3,1023,19023,14,84.0,0.7,1.1697,0.18873231
cold,0,1,0,0.001,0.1,512,3,5,4,256,6000,8.0,2633729,1,1,9974,1104,600009,3,1023,19023,15,90.0,0.75,1.25325,0.20874088
cold,0,1,0,0.001,0.1,512,3,5,4,256,6000,8.0,2633729,1,1,9974,1104,600009,3,1023,19023,16,96.0,0.8,1.3368,0.22986875
cold,0,1,0,0.001,0.1,512,3,5,4,256,6000,8.0,2633729,1,1,9974,1104,600009,3,1023,19023,17,102.0,0.85,1.42035,0.25011638
cold,0,1,0,0.001,0.1,512,3,5,4,256,6000,8.0,2633729,1,1,9974,1104,600009,3,1023,19023,18,108.0,0.9,1.5039,0.26893923
cold,0,1,0,0.001,0.1,512,3,5,4,256,6000,8.0,2633729,1,1,9974,1104,600009,3,1023,19023,19,114.0,0.95,1.58745,0.28699115
cold,0,1,0,0.001,0.1,512,3,5,4,256,6000,8.0,2633729,1,1,9974,1104,600009,3,1023,19023,20,120.0,1.0,1.671,0.30546635
cold,0,1,0,0.001,0.1,512,3,5,4,256,6000,8.0,2633729,1,1,9974,1104,600009,3,1023,19023,21,126.0,1.05,1.75455,0.32493392
cold,0,1,0,0.001,0.1,512,3,5,4,256,6000,8.0,2633729,1,1,9974,1104,600009,3,1023,19023,22,132.0,1.1,1.8381,0.34579423
cold,0,1,0,0.001,0.1,512,3,5,4,256,6000,8.0,2633729,1,1,9974,1104,600009,3,1023,19023,23,138.0,1.15,1.92165,0.36874354
cold,0,1,0,0.001,0.1,512,3,5,4,256,6000,8.0,2633729,1,1,9974,1104,600009,3,1023,19023,24,144.0,1.2,2.0052,0.39361909
cold,0,1,0,0.001,0.1,512,3,5,4,256,6000,8.0,2633729,1,1,9974,1104,600009,3,1023,19023,25,150.0,1.25,2.08875,0.4191373
cold,0,1,0,0.001,0.1,512,3,5,4,256,6000,8.0,2633729,1,1,9974,1104,600009,3,1023,19023,26,156.0,1.3,2.1723,0.44412446
cold,0,1,0,0.001,0.1,512,3,5,4,256,6000,8.0,2633729,1,1,9974,1104,600009,3,1023,19023,27,162.0,1.35,2.25585,0.46795136
cold,0,1,0,0.001,0.1,512,3,5,4,256,6000,8.0,2633729,1,1,9974,1104,600009,3,1023,19023,28,168.0,1.4,2.3394,0.49030986
cold,0,1,0,0.001,0.1,512,3,5,4,256,6000,8.0,2633729,1,1,9974,1104,600009,3,1023,19023,29,174.0,1.45,2.42295,0.51106143
cold,0,1,0,0.001,0.1,512,3,5,4,256,6000,8.0,2633729,1,1,9974,1104,600009,3,1023,19023,30,180.0,1.5,2.5065,0.53056371
cold,0,1,0,0.001,0.1,512,3,5,4,256,6000,8.0,2633729,1,1,9974,1104,600009,3,1023,19023,31,186.0,1.55,2.59005,0.54896832
cold,0,1,0,0.001,0.1,512,3,5,4,256,6000,8.0,2633729,1,1,9974,1104,600009,3,1023,19023,32,192.0,1.6,2.6736,0.56561989
cold,0,1,0,0.001,0.1,512,3,5,4,256,6000,8.0,2633729,1,1,9974,1104,600009,3,1023,19023,33,198.0,1.65,2.75715,0.57982039
cold,0,1,0,0.001,0.1,512,3,5,4,256,6000,8.0,2633729,1,1,9974,1104,600009,3,1023,19023,34,204.0,1.7,2.8407,0.59293866
cold,0,1,0,0.001,0.1,512,3,5,4,256,6000,8.0,2633729,1,1,9974,1104,600009,3,1023,19023,35,210.0,1.75,2.92425,0.6074937
cold,0,1,0,0.001,0.1,512,3,5,4,256,6000,8.0,2633729,1,1,9974,1104,600009,3,1023,19023,36,216.0,1.8,3.0078,0.62382591
cold,0,1,0,0.001,0.1,512,3,5,4,256,6000,8.0,2633729,1,1,9974,1104,600009,3,1023,19023,37,222.0,1.85,3.09135,0.64031714
cold,0,1,0,0.001,0.1,512,3,5,4,256,6000,8.0,2633729,1,1,9974,1104,600009,3,1023,19023,38,228.0,1.9,3.1749,0.65548497
cold,0,1,0,0.001,0.1,512,3,5,4,256,6000,8.0,2633729,1,1,9974,1104,600009,3,1023,19023,39,234.0,1.95,3.25845,0.66946054
cold,0,1,0,0.001,0.1,512,3,5,4,256,6000,8.0,2633729,1,1,9974,1104,600009,3,1023,19023,40,240.0,2.0,3.342,0.68422025
cold,0,1,0,0.001,0.1,512,3,5,4,256,6000,8.0,2633729,1,1,9974,1104,600009,3,1023,19023,41,246.0,2.05,3.42555,0.7009514
cold,0,1,0,0.001,0.1,512,3,5,4,256,6000,8.0,2633729,1,1,9974,1104,600009,3,1023,19023,42,252.0,2.1,3.5091,0.71751815
cold,0,1,0,0.001,0.1,512,3,5,4,256,6000,8.0,2633729,1,1,9974,1104,600009,3,1023,19023,43,258.0,2.15,3.59265,0.73115391
cold,0,1,0,0.001,0.1,512,3,5,4,256,6000,8.0,2633729,1,1,9974,1104,600009,3,1023,19023,44,264.0,2.2,3.6762,0.74170935
cold,0,1,0,0.001,0.1,512,3,5,4,256,6000,8.0,2633729,1,1,9974,1104,600009,3,1023,19023,45,270.0,2.25,3.75975,0.75056642
cold,0,1,0,0.001,0.1,512,3,5,4,256,6000,8.0,2633729,1,1,9974,1104,600009,3,1023,19023,46,276.0,2.3,3.8433,0.7589553
cold,0,1,0,0.001,0.1,512,3,5,4,256,6000,8.0,2633729,1,1,9974,1104,600009,3,1023,19023,47,282.0,2.35,3.92685,0.76761961
cold,0,1,0,0.001,0.1,512,3,5,4,256,6000,8.0,2633729,1,1,9974,1104,600009,3,1023,19023,48,288.0,2.4,4.0104,0.77662295
cold,0,1,0,0.001,0.1,512,3,5,4,256,6000,8.0,2633729,1,1,9974,1104,600009,3,1023,19023,49,294.0,2.45,4.09395,0.78576231
cold,0,1,0,0.001,0.1,512,3,5,4,256,6000,8.0,2633729,1,1,9974,1104,600009,3,1023,19023,50,300.0,2.5,4.1775,0.79473639
cold,0,1,0,0.001,0.1,512,3,5,4,256,6000,8.0,2633729,1,1,9974,1104,600009,3,1023,19023,51,306.0,2.55,4.26105,0.80261213
cold,0,1,0,0.001,0.1,512,3,5,4,256,6000,8.0,2633729,1,1,9974,1104,600009,3,1023,19023,52,312.0,2.6,4.3446,0.80804348
cold,0,1,0,0.001,0.1,512,3,5,4,256,6000,8.0,2633729,1,1,9974,1104,600009,3,1023,19023,53,318.0,2.65,4.42815,0.81120998
cold,0,1,0,0.001,0.1,512,3,5,4,256,6000,8.0,2633729,1,1,9974,1104,600009,3,1023,19023,54,324.0,2.7,4.5117,0.81415719
cold,0,1,0,0.001,0.1,512,3,5,4,256,6000,8.0,2633729,1,1,9974,1104,600009,3,1023,19023,55,330.0,2.75,4.59525,0.81885737
cold,0,1,0,0.001,0.1,512,3,5,4,256,6000,8.0,2633729,1,1,9974,1104,600009,3,1023,19023,56,336.0,2.8,4.6788,0.82502043
cold,0,1,0,0.001,0.1,512,3,5,4,256,6000,8.0,2633729,1,1,9974,1104,600009,3,1023,19023,57,342.0,2.85,4.76235,0.83079368
cold,0,1,0,0.001,0.1,512,3,5,4,256,6000,8.0,2633729,1,1,9974,1104,600009,3,1023,19023,58,348.0,2.9,4.8459,0.83508778
cold,0,1,0,0.001,0.1,512,3,5,4,256,6000,8.0,2633729,1,1,9974,1104,600009,3,1023,19023,59,354.0,2.95,4.92945,0.83817899
cold,0,1,0,0.001,0.1,512,3,5,4,256,6000,8.0,2633729,1,1,9974,1104,600009,3,1023,19023,60,360.0,3.0,5.013,0.84146398
cold,0,1,0,0.001,0.1,512,3,5,4,256,6000,8.0,2633729,1,1,9974,1104,600009,3,1023,19023,61,366.0,3.05,5.09655,0.84649938
cold,0,1,0,0.001,0.1,512,3,5,4,256,6000,8.0,2633729,1,1,9974,1104,600009,3,1023,19023,62,372.0,3.1,5.1801,0.85318267
cold,0,1,0,0.001,0.1,512,3,5,4,256,6000,8.0,2633729,1,1,9974,1104,600009,3,1023,19023,63,378.0,3.15,5.26365,0.86000472
cold,0,1,0,0.001,0.1,512,3,5,4,256,6000,8.0,2633729,1,1,9974,1104,600009,3,1023,19023,64,384.0,3.2,5.3472,0.86666429
cold,0,1,0,0.001,0.1,512,3,5,4,256,6000,8.0,2633729,1,1,9974,1104,600009,3,1023,19023,65,390.0,3.25,5.43075,0.8738606
cold,0,1,0,0.001,0.1,512,3,5,4,256,6000,8.0,2633729,1,1,9974,1104,600009,3,1023,19023,66,396.0,3.3,5.5143,0.88122326
cold,0,1,0,0.001,0.1,512,3,5,4,256,6000,8.0,2633729,1,1,9974,1104,600009,3,1023,19023,67,402.0,3.35,5.59785,0.88715822
cold,0,1,0,0.001,0.1,512,3,5,4,256,6000,8.0,2633729,1,1,9974,1104,600009,3,1023,19023,68,408.0,3.4,5.6814,0.89068139
cold,0,1,0,0.001,0.1,512,3,5,4,256,6000,8.0,2633729,1,1,9974,1104,600009,3,1023,19023,69,414.0,3.45,5.76495,0.89191914
cold,0,1,0,0.001,0.1,512,3,5,4,256,6000,8.0,2633729,1,1,9974,1104,600009,3,1023,19023,70,420.0,3.5,5.8485,0.89176708
cold,0,1,0,0.001,0.1,512,3,5,4,256,6000,8.0,2633729,1,1,9974,1104,600009,3,1023,19023,71,426.0,3.55,5.93205,0.89215285
cold,0,1,0,0.001,0.1,512,3,5,4,256,6000,8.0,2633729,1,1,9974,1104,600009,3,1023,19023,72,432.0,3.6,6.0156,0.89482915
cold,0,1,0,0.001,0.1,512,3,5,4,256,6000,8.0,2633729,1,1,9974,1104,600009,3,1023,19023,73,438.0,3.65,6.09915,0.89987701
cold,0,1,0,0.001,0.1,512,3,5,4,256,6000,8.0,2633729,1,1,9974,1104,600009,3,1023,19023,74,444.0,3.7,6.1827,0.90650952
cold,0,1,0,0.001,0.1,512,3,5,4,256,6000,8.0,2633729,1,1,9974,1104,600009,3,1023,19023,75,450.0,3.75,6.26625,0.91424918
cold,0,1,0,0.001,0.1,512,3,5,4,256,6000,8.0,2633729,1,1,9974,1104,600009,3,1023,19023,76,456.0,3.8,6.3498,0.92221969
cold,0,1,0,0.001,0.1,512,3,5,4,256,6000,8.0,2633729,1,1,9974,1104,600009,3,1023,19023,77,462.0,3.85,6.43335,0.92801166
cold,0,1,0,0.001,0.1,512,3,5,4,256,6000,8.0,2633729,1,1,9974,1104,600009,3,1023,19023,78,468.0,3.9,6.5169,0.92886806
cold,0,1,0,0.001,0.1,512,3,5,4,256,6000,8.0,2633729,1,1,9974,1104,600009,3,1023,19023,79,474.0,3.95,6.60045,0.92541987
cold,0,1,0,0.001,0.1,512,3,5,4,256,6000,8.0,2633729,1,1,9974,1104,600009,3,1023,19023,80,480.0,4.0,6.684,0.9219116
cold,0,1,0,0.001,0.1,512,3,5,4,256,6000,8.0,2633729,1,1,9974,1104,600009,3,1023,19023,81,486.0,4.05,6.76755,0.92068678
cold,0,1,0,0.001,0.1,512,3,5,4,256,6000,8.0,2633729,1,1,9974,1104,600009,3,1023,19023,82,492.0,4.1,6.8511,0.91965365
cold,0,1,0,0.001,0.1,512,3,5,4,256,6000,8.0,2633729,1,1,9974,1104,600009,3,1023,19023,83,498.0,4.15,6.93465,0.91626459
cold,0,1,0,0.001,0.1,512,3,5,4,256,6000,8.0,2633729,1,1,9974,1104,600009,3,1023,19023,84,504.0,4.2,7.0182,0.91110229
cold,0,1,0,0.001,0.1,512,3,5,4,256,6000,8.0,2633729,1,1,9974,1104,600009,3,1023,19023,85,510.0,4.25,7.10175,0.90709251
cold,0,1,0,0.001,0.1,512,3,5,4,256,6000,8.0,2633729,1,1,9974,1104,600009,3,1023,19023,86,516.0,4.3,7.1853,0.90602618
cold,0,1,0,0.001,0.1,512,3,5,4,256,6000,8.0,2633729,1,1,9974,1104,600009,3,1023,19023,87,522.0,4.35,7.26885,0.90744913
cold,0,1,0,0.001,0.1,512,3,5,4,256,6000,8.0,2633729,1,1,9974,1104,600009,3,1023,19023,88,528.0,4.4,7.3524,0.91079307
cold,0,1,0,0.001,0.1,512,3,5,4,256,6000,8.0,2633729,1,1,9974,1104,600009,3,1023,19023,89,534.0,4.45,7.43595,0.91590428
cold,0,1,0,0.001,0.1,512,3,5,4,256,6000,8.0,2633729,1,1,9974,1104,600009,3,1023,19023,90,540.0,4.5,7.5195,0.92214429
cold,0,1,0,0.001,0.1,512,3,5,4,256,6000,8.0,2633729,1,1,9974,1104,600009,3,1023,19023,91,546.0,4.55,7.60305,0.92886478
cold,0,1,0,0.001,0.1,512,3,5,4,256,6000,8.0,2633729,1,1,9974,1104,600009,3,1023,19023,92,552.0,4.6,7.6866,0.93539435
cold,0,1,0,0.001,0.1,512,3,5,4,256,6000,8.0,2633729,1,1,9974,1104,600009,3,1023,19023,93,558.0,4.65,7.77015,0.94101292
cold,0,1,0,0.001,0.1,512,3,5,4,256,6000,8.0,2633729,1,1,9974,1104,600009,3,1023,19023,94,564.0,4.7,7.8537,0.94504148
cold,0,1,0,0.001,0.1,512,3,5,4,256,6000,8.0,2633729,1,1,9974,1104,600009,3,1023,19023,95,570.0,4.75,7.93725,0.94722354
cold,0,1,0,0.001,0.1,512,3,5,4,256,6000,8.0,2633729,1,1,9974,1104,600009,3,1023,19023,96,576.0,4.8,8.0208,0.94757408
cold,0,1,0,0.001,0.1,512,3,5,4,256,6000,8.0,2633729,1,1,9974,1104,600009,3,1023,19023,97,582.0,4.85,8.10435,0.94652337
cold,0,1,0,0.001,0.1,512,3,5,4,256,6000,8.0,2633729,1,1,9974,1104,600009,3,1023,19023,98,588.0,4.9,8.1879,0.94505829
cold,0,1,0,0.001,0.1,512,3,5,4,256,6000,8.0,2633729,1,1,9974,1104,600009,3,1023,19023,99,594.0,4.95,8.27145,0.94307232
cold,0,1,0,0.001,0.1,512,3,5,4,256,6000,8.0,2633729,1,1,9974,1104,600009,3,1023,19023,100,600.0,5.0,8.355,0.94001132
cold,0,1,0,0.001,0.1,512,3,5,4,256,6000,8.0,2633729,1,1,9974,1104,600009,3,1023,19023,101,606.0,5.05,8.43855,0.93696016
cold,0,1,0,0.001,0.1,512,3,5,4,256,6000,8.0,2633729,1,1,9974,1104,600009,3,1023,19023,102,612.0,5.1,8.5221,0.93570042
cold,0,1,0,0.001,0.1,512,3,5,4,256,6000,8.0,2633729,1,1,9974,1104,600009,3,1023,19023,103,618.0,5.15,8.60565,0.93655831
cold,0,1,0,0.001,0.1,512,3,5,4,256,6000,8.0,2633729,1,1,9974,1104,600009,3,1023,19023,104,624.0,5.2,8.6892,0.93861932
cold,0,1,0,0.001,0.1,512,3,5,4,256,6000,8.0,2633729,1,1,9974,1104,600009,3,1023,19023,105,630.0,5.25,8.77275,0.94096661
cold,0,1,0,0.001,0.1,512,3,5,4,256,6000,8.0,2633729,1,1,9974,1104,600009,3,1023,19023,106,636.0,5.3,8.8563,0.94276714
cold,0,1,0,0.001,0.1,512,3,5,4,256,6000,8.0,2633729,1,1,9974,1104,600009,3,1023,19023,107,642.0,5.35,8.93985,0.94256318
cold,0,1,0,0.001,0.1,512,3,5,4,256,6000,8.0,2633729,1,1,9974,1104,600009,3,1023,19023,108,648.0,5.4,9.0234,0.93893248
cold,0,1,0,0.001,0.1,512,3,5,4,256,6000,8.0,2633729,1,1,9974,1104,600009,3,1023,19023,109,654.0,5.45,9.10695,0.93233639
cold,0,1,0,0.001,0.1,512,3,5,4,256,6000,8.0,2633729,1,1,9974,1104,600009,3,1023,19023,110,660.0,5.5,9.1905,0.92505902
cold,0,1,0,0.001,0.1,512,3,5,4,256,6000,8.0,2633729,1,1,9974,1104,600009,3,1023,19023,111,666.0,5.55,9.27405,0.91975504
cold,0,1,0,0.001,0.1,512,3,5,4,256,6000,8.0,2633729,1,1,9974,1104,600009,3,1023,19023,112,672.0,5.6,9.3576,0.91798198
cold,0,1,0,0.001,0.1,512,3,5,4,256,6000,8.0,2633729,1,1,9974,1104,600009,3,1023,19023,113,678.0,5.65,9.44115,0.91915029
cold,0,1,0,0.001,0.1,512,3,5,4,256,6000,8.0,2633729,1,1,9974,1104,600009,3,1023,19023,114,684.0,5.7,9.5247,0.92164737
cold,0,1,0,0.001,0.1,512,3,5,4,256,6000,8.0,2633729,1,1,9974,1104,600009,3,1023,19023,115,690.0,5.75,9.60825,0.92465246
cold,0,1,0,0.001,0.1,512,3,5,4,256,6000,8.0,2633729,1,1,9974,1104,600009,3,1023,19023,116,696.0,5.8,9.6918,0.92792171
cold,0,1,0,0.001,0.1,512,3,5,4,256,6000,8.0,2633729,1,1,9974,1104,600009,3,1023,19023,117,702.0,5.85,9.77535,0.93194032
cold,0,1,0,0.001,0.1,512,3,5,4,256,6000,8.0,2633729,1,1,9974,1104,600009,3,1023,19023,118,708.0,5.9,9.8589,0.93741715
cold,0,1,0,0.001,0.1,512,3,5,4,256,6000,8.0,2633729,1,1,9974,1104,600009,3,1023,19023,119,714.0,5.95,9.94245,0.94361734
cold,0,1,0,0.001,0.1,512,3,5,4,256,6000,8.0,2633729,1,1,9974,1104,600009,3,1023,19023,120,720.0,6.0,10.026,0.94886214
cold,0,1,0,0.001,0.1,512,3,5,4,256,6000,8.0,2633729,1,1,9974,1104,600009,3,4468,22468,1,6.0,0.05,0.08355,0.04057333
cold,0,1,0,0.001,0.1,512,3,5,4,256,6000,8.0,2633729,1,1,9974,1104,600009,3,4468,22468,2,12.0,0.1,0.1671,0.04713672
cold,0,1,0,0.001,0.1,512,3,5,4,256,6000,8.0,2633729,1,1,9974,1104,600009,3,4468,22468,3,18.0,0.15,0.25065,0.05503802
cold,0,1,0,0.001,0.1,512,3,5,4,256,6000,8.0,2633729,1,1,9974,1104,600009,3,4468,22468,4,24.0,0.2,0.3342,0.06269867
cold,0,1,0,0.001,0.1,512,3,5,4,256,6000,8.0,2633729,1,1,9974,1104,600009,3,4468,22468,5,30.0,0.25,0.41775,0.07013892
cold,0,1,0,0.001,0.1,512,3,5,4,256,6000,8.0,2633729,1,1,9974,1104,600009,3,4468,22468,6,36.0,0.3,0.5013,0.08067938
cold,0,1,0,0.001,0.1,512,3,5,4,256,6000,8.0,2633729,1,1,9974,1104,600009,3,4468,22468,7,42.0,0.35,0.58485,0.09196978
cold,0,1,0,0.001,0.1,512,3,5,4,256,6000,8.0,2633729,1,1,9974,1104,600009,3,4468,22468,8,48.0,0.4,0.6684,0.10347996
cold,0,1,0,0.001,0.1,512,3,5,4,256,6000,8.0,2633729,1,1,9974,1104,600009,3,4468,22468,9,54.0,0.45,0.75195,0.11550781
cold,0,1,0,0.001,0.1,512,3,5,4,256,6000,8.0,2633729,1,1,9974,1104,600009,3,4468,22468,10,60.0,0.5,0.8355,0.1286239
cold,0,1,0,0.001,0.1,512,3,5,4,256,6000,8.0,2633729,1,1,9974,1104,600009,3,4468,22468,11,66.0,0.55,0.91905,0.14301343
cold,0,1,0,0.001,0.1,512,3,5,4,256,6000,8.0,2633729,1,1,9974,1104,600009,3,4468,22468,12,72.0,0.6,1.0026,0.15887102
cold,0,1,0,0.001,0.1,512,3,5,4,256,6000,8.0,2633729,1,1,9974,1104,600009,3,4468,22468,13,78.0,0.65,1.08615,0.17581096
cold,0,1,0,0.001,0.1,512,3,5,4,256,6000,8.0,2633729,1,1,9974,1104,600009,3,4468,22468,14,84.0,0.7,1.1697,0.19651917
cold,0,1,0,0.001,0.1,512,3,5,4,256,6000,8.0,2633729,1,1,9974,1104,600009,3,4468,22468,15,90.0,0.75,1.25325,0.22094204
cold,0,1,0,0.001,0.1,512,3,5,4,256,6000,8.0,2633729,1,1,9974,1104,600009,3,4468,22468,16,96.0,0.8,1.3368,0.24774879
cold,0,1,0,0.001,0.1,512,3,5,4,256,6000,8.0,2633729,1,1,9974,1104,600009,3,4468,22468,17,102.0,0.85,1.42035,0.27501774
cold,0,1,0,0.001,0.1,512,3,5,4,256,6000,8.0,2633729,1,1,9974,1104,600009,3,4468,22468,18,108.0,0.9,1.5039,0.30183715
cold,0,1,0,0.001,0.1,512,3,5,4,256,6000,8.0,2633729,1,1,9974,1104,600009,3,4468,22468,19,114.0,0.95,1.58745,0.32767472
cold,0,1,0,0.001,0.1,512,3,5,4,256,6000,8.0,2633729,1,1,9974,1104,600009,3,4468,22468,20,120.0,1.0,1.671,0.35220414
cold,0,1,0,0.001,0.1,512,3,5,4,256,6000,8.0,2633729,1,1,9974,1104,600009,3,4468,22468,21,126.0,1.05,1.75455,0.37558869
cold,0,1,0,0.001,0.1,512,3,5,4,256,6000,8.0,2633729,1,1,9974,1104,600009,3,4468,22468,22,132.0,1.1,1.8381,0.39823711
cold,0,1,0,0.001,0.1,512,3,5,4,256,6000,8.0,2633729,1,1,9974,1104,600009,3,4468,22468,23,138.0,1.15,1.92165,0.42042989
cold,0,1,0,0.001,0.1,512,3,5,4,256,6000,8.0,2633729,1,1,9974,1104,600009,3,4468,22468,24,144.0,1.2,2.0052,0.44253099
cold,0,1,0,0.001,0.1,512,3,5,4,256,6000,8.0,2633729,1,1,9974,1104,600009,3,4468,22468,25,150.0,1.25,2.08875,0.46445188
cold,0,1,0,0.001,0.1,512,3,5,4,256,6000,8.0,2633729,1,1,9974,1104,600009,3,4468,22468,26,156.0,1.3,2.1723,0.48590004
cold,0,1,0,0.001,0.1,512,3,5,4,256,6000,8.0,2633729,1,1,9974,1104,600009,3,4468,22468,27,162.0,1.35,2.25585,0.50659424
cold,0,1,0,0.001,0.1,512,3,5,4,256,6000,8.0,2633729,1,1,9974,1104,600009,3,4468,22468,28,168.0,1.4,2.3394,0.52492368
cold,0,1,0,0.001,0.1,512,3,5,4,256,6000,8.0,2633729,1,1,9974,1104,600009,3,4468,22468,29,174.0,1.45,2.42295,0.54020309
cold,0,1,0,0.001,0.1,512,3,5,4,256,6000,8.0,2633729,1,1,9974,1104,600009,3,4468,22468,30,180.0,1.5,2.5065,0.55492634
cold,0,1,0,0.001,0.1,512,3,5,4,256,6000,8.0,2633729,1,1,9974,1104,600009,3,4468,22468,31,186.0,1.55,2.59005,0.57243955
cold,0,1,0,0.001,0.1,512,3,5,4,256,6000,8.0,2633729,1,1,9974,1104,600009,3,4468,22468,32,192.0,1.6,2.6736,0.59312731
cold,0,1,0,0.001,0.1,512,3,5,4,256,6000,8.0,2633729,1,1,9974,1104,600009,3,4468,22468,33,198.0,1.65,2.75715,0.61463219
cold,0,1,0,0.001,0.1,512,3,5,4,256,6000,8.0,2633729,1,1,9974,1104,600009,3,4468,22468,34,204.0,1.7,2.8407,0.63466793
cold,0,1,0,0.001,0.1,512,3,5,4,256,6000,8.0,2633729,1,1,9974,1104,600009,3,4468,22468,35,210.0,1.75,2.92425,0.65302968
cold,0,1,0,0.001,0.1,512,3,5,4,256,6000,8.0,2633729,1,1,9974,1104,600009,3,4468,22468,36,216.0,1.8,3.0078,0.67062646
cold,0,1,0,0.001,0.1,512,3,5,4,256,6000,8.0,2633729,1,1,9974,1104,600009,3,4468,22468,37,222.0,1.85,3.09135,0.68792164
cold,0,1,0,0.001,0.1,512,3,5,4,256,6000,8.0,2633729,1,1,9974,1104,600009,3,4468,22468,38,228.0,1.9,3.1749,0.70471722
cold,0,1,0,0.001,0.1,512,3,5,4,256,6000,8.0,2633729,1,1,9974,1104,600009,3,4468,22468,39,234.0,1.95,3.25845,0.7222482
cold,0,1,0,0.001,0.1,512,3,5,4,256,6000,8.0,2633729,1,1,9974,1104,600009,3,4468,22468,40,240.0,2.0,3.342,0.74161124
cold,0,1,0,0.001,0.1,512,3,5,4,256,6000,8.0,2633729,1,1,9974,1104,600009,3,4468,22468,41,246.0,2.05,3.42555,0.76110828
cold,0,1,0,0.001,0.1,512,3,5,4,256,6000,8.0,2633729,1,1,9974,1104,600009,3,4468,22468,42,252.0,2.1,3.5091,0.77733392
cold,0,1,0,0.001,0.1,512,3,5,4,256,6000,8.0,2633729,1,1,9974,1104,600009,3,4468,22468,43,258.0,2.15,3.59265,0.78836054
cold,0,1,0,0.001,0.1,512,3,5,4,256,6000,8.0,2633729,1,1,9974,1104,600009,3,4468,22468,44,264.0,2.2,3.6762,0.79584116
cold,0,1,0,0.001,0.1,512,3,5,4,256,6000,8.0,2633729,1,1,9974,1104,600009,3,4468,22468,45,270.0,2.25,3.75975,0.80200893
cold,0,1,0,0.001,0.1,512,3,5,4,256,6000,8.0,2633729,1,1,9974,1104,600009,3,4468,22468,46,276.0,2.3,3.8433,0.80807889
cold,0,1,0,0.001,0.1,512,3,5,4,256,6000,8.0,2633729,1,1,9974,1104,600009,3,4468,22468,47,282.0,2.35,3.92685,0.81541777
cold,0,1,0,0.001,0.1,512,3,5,4,256,6000,8.0,2633729,1,1,9974,1104,600009,3,4468,22468,48,288.0,2.4,4.0104,0.82489312
cold,0,1,0,0.001,0.1,512,3,5,4,256,6000,8.0,2633729,1,1,9974,1104,600009,3,4468,22468,49,294.0,2.45,4.09395,0.83479488
cold,0,1,0,0.001,0.1,512,3,5,4,256,6000,8.0,2633729,1,1,9974,1104,600009,3,4468,22468,50,300.0,2.5,4.1775,0.84300315
cold,0,1,0,0.001,0.1,512,3,5,4,256,6000,8.0,2633729,1,1,9974,1104,600009,3,4468,22468,51,306.0,2.55,4.26105,0.8494249
cold,0,1,0,0.001,0.1,512,3,5,4,256,6000,8.0,2633729,1,1,9974,1104,600009,3,4468,22468,52,312.0,2.6,4.3446,0.85503674
cold,0,1,0,0.001,0.1,512,3,5,4,256,6000,8.0,2633729,1,1,9974,1104,600009,3,4468,22468,53,318.0,2.65,4.42815,0.85945684
cold,0,1,0,0.001,0.1,512,3,5,4,256,6000,8.0,2633729,1,1,9974,1104,600009,3,4468,22468,54,324.0,2.7,4.5117,0.86266917
cold,0,1,0,0.001,0.1,512,3,5,4,256,6000,8.0,2633729,1,1,9974,1104,600009,3,4468,22468,55,330.0,2.75,4.59525,0.86639464
cold,0,1,0,0.001,0.1,512,3,5,4,256,6000,8.0,2633729,1,1,9974,1104,600009,3,4468,22468,56,336.0,2.8,4.6788,0.87148845
cold,0,1,0,0.001,0.1,512,3,5,4,256,6000,8.0,2633729,1,1,9974,1104,600009,3,4468,22468,57,342.0,2.85,4.76235,0.87806511
cold,0,1,0,0.001,0.1,512,3,5,4,256,6000,8.0,2633729,1,1,9974,1104,600009,3,4468,22468,58,348.0,2.9,4.8459,0.88523215
cold,0,1,0,0.001,0.1,512,3,5,4,256,6000,8.0,2633729,1,1,9974,1104,600009,3,4468,22468,59,354.0,2.95,4.92945,0.8909359
cold,0,1,0,0.001,0.1,512,3,5,4,256,6000,8.0,2633729,1,1,9974,1104,600009,3,4468,22468,60,360.0,3.0,5.013,0.89454168
cold,0,1,0,0.001,0.1,512,3,5,4,256,6000,8.0,2633729,1,1,9974,1104,600009,3,4468,22468,61,366.0,3.05,5.09655,0.89775324
cold,0,1,0,0.001,0.1,512,3,5,4,256,6000,8.0,2633729,1,1,9974,1104,600009,3,4468,22468,62,372.0,3.1,5.1801,0.90258378
cold,0,1,0,0.001,0.1,512,3,5,4,256,6000,8.0,2633729,1,1,9974,1104,600009,3,4468,22468,63,378.0,3.15,5.26365,0.90742505
cold,0,1,0,0.001,0.1,512,3,5,4,256,6000,8.0,2633729,1,1,9974,1104,600009,3,4468,22468,64,384.0,3.2,5.3472,0.90925419
cold,0,1,0,0.001,0.1,512,3,5,4,256,6000,8.0,2633729,1,1,9974,1104,600009,3,4468,22468,65,390.0,3.25,5.43075,0.9094249
cold,0,1,0,0.001,0.1,512,3,5,4,256,6000,8.0,2633729,1,1,9974,1104,600009,3,4468,22468,66,396.0,3.3,5.5143,0.91207427
cold,0,1,0,0.001,0.1,512,3,5,4,256,6000,8.0,2633729,1,1,9974,1104,600009,3,4468,22468,67,402.0,3.35,5.59785,0.91890705
cold,0,1,0,0.001,0.1,512,3,5,4,256,6000,8.0,2633729,1,1,9974,1104,600009,3,4468,22468,68,408.0,3.4,5.6814,0.92726272
cold,0,1,0,0.001,0.1,512,3,5,4,256,6000,8.0,2633729,1,1,9974,1104,600009,3,4468,22468,69,414.0,3.45,5.76495,0.93375212
cold,0,1,0,0.001,0.1,512,3,5,4,256,6000,8.0,2633729,1,1,9974,1104,600009,3,4468,22468,70,420.0,3.5,5.8485,0.93766648
cold,0,1,0,0.001,0.1,512,3,5,4,256,6000,8.0,2633729,1,1,9974,1104,600009,3,4468,22468,71,426.0,3.55,5.93205,0.93893403
cold,0,1,0,0.001,0.1,512,3,5,4,256,6000,8.0,2633729,1,1,9974,1104,600009,3,4468,22468,72,432.0,3.6,6.0156,0.93750262
cold,0,1,0,0.001,0.1,512,3,5,4,256,6000,8.0,2633729,1,1,9974,1104,600009,3,4468,22468,73,438.0,3.65,6.09915,0.93569487
cold,0,1,0,0.001,0.1,512,3,5,4,256,6000,8.0,2633729,1,1,9974,1104,600009,3,4468,22468,74,444.0,3.7,6.1827,0.93713403
cold,0,1,0,0.001,0.1,512,3,5,4,256,6000,8.0,2633729,1,1,9974,1104,600009,3,4468,22468,75,450.0,3.75,6.26625,0.94316137
cold,0,1,0,0.001,0.1,512,3,5,4,256,6000,8.0,2633729,1,1,9974,1104,600009,3,4468,22468,76,456.0,3.8,6.3498,0.9511317
cold,0,1,0,0.001,0.1,512,3,5,4,256,6000,8.0,2633729,1,1,9974,1104,600009,3,4468,22468,77,462.0,3.85,6.43335,0.95818484
cold,0,1,0,0.001,0.1,512,3,5,4,256,6000,8.0,2633729,1,1,9974,1104,600009,3,4468,22468,78,468.0,3.9,6.5169,0.96375078
cold,0,1,0,0.001,0.1,512,3,5,4,256,6000,8.0,2633729,1,1,9974,1104,600009,3,4468,22468,79,474.0,3.95,6.60045,0.96797597
cold,0,1,0,0.001,0.1,512,3,5,4,256,6000,8.0,2633729,1,1,9974,1104,600009,3,4468,22468,80,480.0,4.0,6.684,0.9716903
cold,0,1,0,0.001,0.1,512,3,5,4,256,6000,8.0,2633729,1,1,9974,1104,600009,3,4468,22468,81,486.0,4.05,6.76755,0.97504556
cold,0,1,0,0.001,0.1,512,3,5,4,256,6000,8.0,2633729,1,1,9974,1104,600009,3,4468,22468,82,492.0,4.1,6.8511,0.9766947
cold,0,1,0,0.001,0.1,512,3,5,4,256,6000,8.0,2633729,1,1,9974,1104,600009,3,4468,22468,83,498.0,4.15,6.93465,0.97657347
cold,0,1,0,0.001,0.1,512,3,5,4,256,6000,8.0,2633729,1,1,9974,1104,600009,3,4468,22468,84,504.0,4.2,7.0182,0.97541523
cold,0,1,0,0.001,0.1,512,3,5,4,256,6000,8.0,2633729,1,1,9974,1104,600009,3,4468,22468,85,510.0,4.25,7.10175,0.9741233
cold,0,1,0,0.001,0.1,512,3,5,4,256,6000,8.0,2633729,1,1,9974,1104,600009,3,4468,22468,86,516.0,4.3,7.1853,0.97295427
cold,0,1,0,0.001,0.1,512,3,5,4,256,6000,8.0,2633729,1,1,9974,1104,600009,3,4468,22468,87,522.0,4.35,7.26885,0.9710328
cold,0,1,0,0.001,0.1,512,3,5,4,256,6000,8.0,2633729,1,1,9974,1104,600009,3,4468,22468,88,528.0,4.4,7.3524,0.9684177
cold,0,1,0,0.001,0.1,512,3,5,4,256,6000,8.0,2633729,1,1,9974,1104,600009,3,4468,22468,89,534.0,4.45,7.43595,0.96658206
cold,0,1,0,0.001,0.1,512,3,5,4,256,6000,8.0,2633729,1,1,9974,1104,600009,3,4468,22468,90,540.0,4.5,7.5195,0.96688873
cold,0,1,0,0.001,0.1,512,3,5,4,256,6000,8.0,2633729,1,1,9974,1104,600009,3,4468,22468,91,546.0,4.55,7.60305,0.96998006
cold,0,1,0,0.001,0.1,512,3,5,4,256,6000,8.0,2633729,1,1,9974,1104,600009,3,4468,22468,92,552.0,4.6,7.6866,0.97466052
cold,0,1,0,0.001,0.1,512,3,5,4,256,6000,8.0,2633729,1,1,9974,1104,600009,3,4468,22468,93,558.0,4.65,7.77015,0.97837025
cold,0,1,0,0.001,0.1,512,3,5,4,256,6000,8.0,2633729,1,1,9974,1104,600009,3,4468,22468,94,564.0,4.7,7.8537,0.97890544
cold,0,1,0,0.001,0.1,512,3,5,4,256,6000,8.0,2633729,1,1,9974,1104,600009,3,4468,22468,95,570.0,4.75,7.93725,0.97594362
cold,0,1,0,0.001,0.1,512,3,5,4,256,6000,8.0,2633729,1,1,9974,1104,600009,3,4468,22468,96,576.0,4.8,8.0208,0.9720192
cold,0,1,0,0.001,0.1,512,3,5,4,256,6000,8.0,2633729,1,1,9974,1104,600009,3,4468,22468,97,582.0,4.85,8.10435,0.96995777
cold,0,1,0,0.001,0.1,512,3,5,4,256,6000,8.0,2633729,1,1,9974,1104,600009,3,4468,22468,98,588.0,4.9,8.1879,0.97009647
cold,0,1,0,0.001,0.1,512,3,5,4,256,6000,8.0,2633729,1,1,9974,1104,600009,3,4468,22468,99,594.0,4.95,8.27145,0.96960706
cold,0,1,0,0.001,0.1,512,3,5,4,256,6000,8.0,2633729,1,1,9974,1104,600009,3,4468,22468,100,600.0,5.0,8.355,0.96750283
cold,0,1,0,0.001,0.1,512,3,5,4,256,6000,8.0,2633729,1,1,9974,1104,600009,3,4468,22468,101,606.0,5.05,8.43855,0.96598971
cold,0,1,0,0.001,0.1,512,3,5,4,256,6000,8.0,2633729,1,1,9974,1104,600009,3,4468,22468,102,612.0,5.1,8.5221,0.96727192
cold,0,1,0,0.001,0.1,512,3,5,4,256,6000,8.0,2633729,1,1,9974,1104,600009,3,4468,22468,103,618.0,5.15,8.60565,0.97181046
cold,0,1,0,0.001,0.1,512,3,5,4,256,6000,8.0,2633729,1,1,9974,1104,600009,3,4468,22468,104,624.0,5.2,8.6892,0.9778015
cold,0,1,0,0.001,0.1,512,3,5,4,256,6000,8.0,2633729,1,1,9974,1104,600009,3,4468,22468,105,630.0,5.25,8.77275,0.98210675
cold,0,1,0,0.001,0.1,512,3,5,4,256,6000,8.0,2633729,1,1,9974,1104,600009,3,4468,22468,106,636.0,5.3,8.8563,0.98320156
cold,0,1,0,0.001,0.1,512,3,5,4,256,6000,8.0,2633729,1,1,9974,1104,600009,3,4468,22468,107,642.0,5.35,8.93985,0.98260427
cold,0,1,0,0.001,0.1,512,3,5,4,256,6000,8.0,2633729,1,1,9974,1104,600009,3,4468,22468,108,648.0,5.4,9.0234,0.98217988
cold,0,1,0,0.001,0.1,512,3,5,4,256,6000,8.0,2633729,1,1,9974,1104,600009,3,4468,22468,109,654.0,5.45,9.10695,0.98136032
cold,0,1,0,0.001,0.1,512,3,5,4,256,6000,8.0,2633729,1,1,9974,1104,600009,3,4468,22468,110,660.0,5.5,9.1905,0.97787035
cold,0,1,0,0.001,0.1,512,3,5,4,256,6000,8.0,2633729,1,1,9974,1104,600009,3,4468,22468,111,666.0,5.55,9.27405,0.97237194
cold,0,1,0,0.001,0.1,512,3,5,4,256,6000,8.0,2633729,1,1,9974,1104,600009,3,4468,22468,112,672.0,5.6,9.3576,0.96797466
cold,0,1,0,0.001,0.1,512,3,5,4,256,6000,8.0,2633729,1,1,9974,1104,600009,3,4468,22468,113,678.0,5.65,9.44115,0.9670105
cold,0,1,0,0.001,0.1,512,3,5,4,256,6000,8.0,2633729,1,1,9974,1104,600009,3,4468,22468,114,684.0,5.7,9.5247,0.96970803
cold,0,1,0,0.001,0.1,512,3,5,4,256,6000,8.0,2633729,1,1,9974,1104,600009,3,4468,22468,115,690.0,5.75,9.60825,0.97312903
cold,0,1,0,0.001,0.1,512,3,5,4,256,6000,8.0,2633729,1,1,9974,1104,600009,3,4468,22468,116,696.0,5.8,9.6918,0.97621769
cold,0,1,0,0.001,0.1,512,3,5,4,256,6000,8.0,2633729,1,1,9974,1104,600009,3,4468,22468,117,702.0,5.85,9.77535,0.9794203
cold,0,1,0,0.001,0.1,512,3,5,4,256,6000,8.0,2633729,1,1,9974,1104,600009,3,4468,22468,118,708.0,5.9,9.8589,0.98124868
cold,0,1,0,0.001,0.1,512,3,5,4,256,6000,8.0,2633729,1,1,9974,1104,600009,3,4468,22468,119,714.0,5.95,9.94245,0.97989345
cold,0,1,0,0.001,0.1,512,3,5,4,256,6000,8.0,2633729,1,1,9974,1104,600009,3,4468,22468,120,720.0,6.0,10.026,0.97596401
cold,0,1,0,0.001,0.1,512,3,5,4,256,6000,8.0,2633729,1,1,9974,1104,600009,3,6000,24000,1,6.0,0.05,0.08355,0.04492091
cold,0,1,0,0.001,0.1,512,3,5,4,256,6000,8.0,2633729,1,1,9974,1104,600009,3,6000,24000,2,12.0,0.1,0.1671,0.05140949
cold,0,1,0,0.001,0.1,512,3,5,4,256,6000,8.0,2633729,1,1,9974,1104,600009,3,6000,24000,3,18.0,0.15,0.25065,0.05994923
cold,0,1,0,0.001,0.1,512,3,5,4,256,6000,8.0,2633729,1,1,9974,1104,600009,3,6000,24000,4,24.0,0.2,0.3342,0.06830292
cold,0,1,0,0.001,0.1,512,3,5,4,256,6000,8.0,2633729,1,1,9974,1104,600009,3,6000,24000,5,30.0,0.25,0.41775,0.07728226
cold,0,1,0,0.001,0.1,512,3,5,4,256,6000,8.0,2633729,1,1,9974,1104,600009,3,6000,24000,6,36.0,0.3,0.5013,0.08820073
cold,0,1,0,0.001,0.1,512,3,5,4,256,6000,8.0,2633729,1,1,9974,1104,600009,3,6000,24000,7,42.0,0.35,0.58485,0.10107334
cold,0,1,0,0.001,0.1,512,3,5,4,256,6000,8.0,2633729,1,1,9974,1104,600009,3,6000,24000,8,48.0,0.4,0.6684,0.11388892
cold,0,1,0,0.001,0.1,512,3,5,4,256,6000,8.0,2633729,1,1,9974,1104,600009,3,6000,24000,9,54.0,0.45,0.75195,0.12767552
cold,0,1,0,0.001,0.1,512,3,5,4,256,6000,8.0,2633729,1,1,9974,1104,600009,3,6000,24000,10,60.0,0.5,0.8355,0.14014316
cold,0,1,0,0.001,0.1,512,3,5,4,256,6000,8.0,2633729,1,1,9974,1104,600009,3,6000,24000,11,66.0,0.55,0.91905,0.15459628
cold,0,1,0,0.001,0.1,512,3,5,4,256,6000,8.0,2633729,1,1,9974,1104,600009,3,6000,24000,12,72.0,0.6,1.0026,0.16995814
cold,0,1,0,0.001,0.1,512,3,5,4,256,6000,8.0,2633729,1,1,9974,1104,600009,3,6000,24000,13,78.0,0.65,1.08615,0.18724683
cold,0,1,0,0.001,0.1,512,3,5,4,256,6000,8.0,2633729,1,1,9974,1104,600009,3,6000,24000,14,84.0,0.7,1.1697,0.20815584
cold,0,1,0,0.001,0.1,512,3,5,4,256,6000,8.0,2633729,1,1,9974,1104,600009,3,6000,24000,15,90.0,0.75,1.25325,0.23146492
cold,0,1,0,0.001,0.1,512,3,5,4,256,6000,8.0,2633729,1,1,9974,1104,600009,3,6000,24000,16,96.0,0.8,1.3368,0.25633669
cold,0,1,0,0.001,0.1,512,3,5,4,256,6000,8.0,2633729,1,1,9974,1104,600009,3,6000,24000,17,102.0,0.85,1.42035,0.28072435
cold,0,1,0,0.001,0.1,512,3,5,4,256,6000,8.0,2633729,1,1,9974,1104,600009,3,6000,24000,18,108.0,0.9,1.5039,0.30506942
cold,0,1,0,0.001,0.1,512,3,5,4,256,6000,8.0,2633729,1,1,9974,1104,600009,3,6000,24000,19,114.0,0.95,1.58745,0.32905155
cold,0,1,0,0.001,0.1,512,3,5,4,256,6000,8.0,2633729,1,1,9974,1104,600009,3,6000,24000,20,120.0,1.0,1.671,0.35206363
cold,0,1,0,0.001,0.1,512,3,5,4,256,6000,8.0,2633729,1,1,9974,1104,600009,3,6000,24000,21,126.0,1.05,1.75455,0.37347293
cold,0,1,0,0.001,0.1,512,3,5,4,256,6000,8.0,2633729,1,1,9974,1104,600009,3,6000,24000,22,132.0,1.1,1.8381,0.39448074
cold,0,1,0,0.001,0.1,512,3,5,4,256,6000,8.0,2633729,1,1,9974,1104,600009,3,6000,24000,23,138.0,1.15,1.92165,0.41737533
cold,0,1,0,0.001,0.1,512,3,5,4,256,6000,8.0,2633729,1,1,9974,1104,600009,3,6000,24000,24,144.0,1.2,2.0052,0.44185826
cold,0,1,0,0.001,0.1,512,3,5,4,256,6000,8.0,2633729,1,1,9974,1104,600009,3,6000,24000,25,150.0,1.25,2.08875,0.46712941
cold,0,1,0,0.001,0.1,512,3,5,4,256,6000,8.0,2633729,1,1,9974,1104,600009,3,6000,24000,26,156.0,1.3,2.1723,0.49224326
cold,0,1,0,0.001,0.1,512,3,5,4,256,6000,8.0,2633729,1,1,9974,1104,600009,3,6000,24000,27,162.0,1.35,2.25585,0.51649821
cold,0,1,0,0.001,0.1,512,3,5,4,256,6000,8.0,2633729,1,1,9974,1104,600009,3,6000,24000,28,168.0,1.4,2.3394,0.5388183
cold,0,1,0,0.001,0.1,512,3,5,4,256,6000,8.0,2633729,1,1,9974,1104,600009,3,6000,24000,29,174.0,1.45,2.42295,0.56042087
cold,0,1,0,0.001,0.1,512,3,5,4,256,6000,8.0,2633729,1,1,9974,1104,600009,3,6000,24000,30,180.0,1.5,2.5065,0.58240056
cold,0,1,0,0.001,0.1,512,3,5,4,256,6000,8.0,2633729,1,1,9974,1104,600009,3,6000,24000,31,186.0,1.55,2.59005,0.60386074
cold,0,1,0,0.001,0.1,512,3,5,4,256,6000,8.0,2633729,1,1,9974,1104,600009,3,6000,24000,32,192.0,1.6,2.6736,0.62172365
cold,0,1,0,0.001,0.1,512,3,5,4,256,6000,8.0,2633729,1,1,9974,1104,600009,3,6000,24000,33,198.0,1.65,2.75715,0.63714939
cold,0,1,0,0.001,0.1,512,3,5,4,256,6000,8.0,2633729,1,1,9974,1104,600009,3,6000,24000,34,204.0,1.7,2.8407,0.64977324
cold,0,1,0,0.001,0.1,512,3,5,4,256,6000,8.0,2633729,1,1,9974,1104,600009,3,6000,24000,35,210.0,1.75,2.92425,0.66237873
cold,0,1,0,0.001,0.1,512,3,5,4,256,6000,8.0,2633729,1,1,9974,1104,600009,3,6000,24000,36,216.0,1.8,3.0078,0.67623502
cold,0,1,0,0.001,0.1,512,3,5,4,256,6000,8.0,2633729,1,1,9974,1104,600009,3,6000,24000,37,222.0,1.85,3.09135,0.69255239
cold,0,1,0,0.001,0.1,512,3,5,4,256,6000,8.0,2633729,1,1,9974,1104,600009,3,6000,24000,38,228.0,1.9,3.1749,0.7127791
cold,0,1,0,0.001,0.1,512,3,5,4,256,6000,8.0,2633729,1,1,9974,1104,600009,3,6000,24000,39,234.0,1.95,3.25845,0.73380649
cold,0,1,0,0.001,0.1,512,3,5,4,256,6000,8.0,2633729,1,1,9974,1104,600009,3,6000,24000,40,240.0,2.0,3.342,0.7532177
cold,0,1,0,0.001,0.1,512,3,5,4,256,6000,8.0,2633729,1,1,9974,1104,600009,3,6000,24000,41,246.0,2.05,3.42555,0.7696076
cold,0,1,0,0.001,0.1,512,3,5,4,256,6000,8.0,2633729,1,1,9974,1104,600009,3,6000,24000,42,252.0,2.1,3.5091,0.78563678
cold,0,1,0,0.001,0.1,512,3,5,4,256,6000,8.0,2633729,1,1,9974,1104,600009,3,6000,24000,43,258.0,2.15,3.59265,0.80195582
cold,0,1,0,0.001,0.1,512,3,5,4,256,6000,8.0,2633729,1,1,9974,1104,600009,3,6000,24000,44,264.0,2.2,3.6762,0.81563354
cold,0,1,0,0.001,0.1,512,3,5,4,256,6000,8.0,2633729,1,1,9974,1104,600009,3,6000,24000,45,270.0,2.25,3.75975,0.82481098
cold,0,1,0,0.001,0.1,512,3,5,4,256,6000,8.0,2633729,1,1,9974,1104,600009,3,6000,24000,46,276.0,2.3,3.8433,0.82931012
cold,0,1,0,0.001,0.1,512,3,5,4,256,6000,8.0,2633729,1,1,9974,1104,600009,3,6000,24000,47,282.0,2.35,3.92685,0.83354264
cold,0,1,0,0.001,0.1,512,3,5,4,256,6000,8.0,2633729,1,1,9974,1104,600009,3,6000,24000,48,288.0,2.4,4.0104,0.84108114
cold,0,1,0,0.001,0.1,512,3,5,4,256,6000,8.0,2633729,1,1,9974,1104,600009,3,6000,24000,49,294.0,2.45,4.09395,0.8504321
cold,0,1,0,0.001,0.1,512,3,5,4,256,6000,8.0,2633729,1,1,9974,1104,600009,3,6000,24000,50,300.0,2.5,4.1775,0.8577733
cold,0,1,0,0.001,0.1,512,3,5,4,256,6000,8.0,2633729,1,1,9974,1104,600009,3,6000,24000,51,306.0,2.55,4.26105,0.86113733
cold,0,1,0,0.001,0.1,512,3,5,4,256,6000,8.0,2633729,1,1,9974,1104,600009,3,6000,24000,52,312.0,2.6,4.3446,0.86161327
cold,0,1,0,0.001,0.1,512,3,5,4,256,6000,8.0,2633729,1,1,9974,1104,600009,3,6000,24000,53,318.0,2.65,4.42815,0.86135995
cold,0,1,0,0.001,0.1,512,3,5,4,256,6000,8.0,2633729,1,1,9974,1104,600009,3,6000,24000,54,324.0,2.7,4.5117,0.86250883
cold,0,1,0,0.001,0.1,512,3,5,4,256,6000,8.0,2633729,1,1,9974,1104,600009,3,6000,24000,55,330.0,2.75,4.59525,0.86599272
cold,0,1,0,0.001,0.1,512,3,5,4,256,6000,8.0,2633729,1,1,9974,1104,600009,3,6000,24000,56,336.0,2.8,4.6788,0.87219274
cold,0,1,0,0.001,0.1,512,3,5,4,256,6000,8.0,2633729,1,1,9974,1104,600009,3,6000,24000,57,342.0,2.85,4.76235,0.88205934
cold,0,1,0,0.001,0.1,512,3,5,4,256,6000,8.0,2633729,1,1,9974,1104,600009,3,6000,24000,58,348.0,2.9,4.8459,0.89250422
cold,0,1,0,0.001,0.1,512,3,5,4,256,6000,8.0,2633729,1,1,9974,1104,600009,3,6000,24000,59,354.0,2.95,4.92945,0.90085775
cold,0,1,0,0.001,0.1,512,3,5,4,256,6000,8.0,2633729,1,1,9974,1104,600009,3,6000,24000,60,360.0,3.0,5.013,0.90764487
cold,0,1,0,0.001,0.1,512,3,5,4,256,6000,8.0,2633729,1,1,9974,1104,600009,3,6000,24000,61,366.0,3.05,5.09655,0.91652322
cold,0,1,0,0.001,0.1,512,3,5,4,256,6000,8.0,2633729,1,1,9974,1104,600009,3,6000,24000,62,372.0,3.1,5.1801,0.92723978
cold,0,1,0,0.001,0.1,512,3,5,4,256,6000,8.0,2633729,1,1,9974,1104,600009,3,6000,24000,63,378.0,3.15,5.26365,0.93743414
cold,0,1,0,0.001,0.1,512,3,5,4,256,6000,8.0,2633729,1,1,9974,1104,600009,3,6000,24000,64,384.0,3.2,5.3472,0.94659221
cold,0,1,0,0.001,0.1,512,3,5,4,256,6000,8.0,2633729,1,1,9974,1104,600009,3,6000,24000,65,390.0,3.25,5.43075,0.95359564
cold,0,1,0,0.001,0.1,512,3,5,4,256,6000,8.0,2633729,1,1,9974,1104,600009,3,6000,24000,66,396.0,3.3,5.5143,0.95718491
cold,0,1,0,0.001,0.1,512,3,5,4,256,6000,8.0,2633729,1,1,9974,1104,600009,3,6000,24000,67,402.0,3.35,5.59785,0.95850253
cold,0,1,0,0.001,0.1,512,3,5,4,256,6000,8.0,2633729,1,1,9974,1104,600009,3,6000,24000,68,408.0,3.4,5.6814,0.95929098
cold,0,1,0,0.001,0.1,512,3,5,4,256,6000,8.0,2633729,1,1,9974,1104,600009,3,6000,24000,69,414.0,3.45,5.76495,0.9570564
cold,0,1,0,0.001,0.1,512,3,5,4,256,6000,8.0,2633729,1,1,9974,1104,600009,3,6000,24000,70,420.0,3.5,5.8485,0.95380741
cold,0,1,0,0.001,0.1,512,3,5,4,256,6000,8.0,2633729,1,1,9974,1104,600009,3,6000,24000,71,426.0,3.55,5.93205,0.95205933
cold,0,1,0,0.001,0.1,512,3,5,4,256,6000,8.0,2633729,1,1,9974,1104,600009,3,6000,24000,72,432.0,3.6,6.0156,0.95420176
cold,0,1,0,0.001,0.1,512,3,5,4,256,6000,8.0,2633729,1,1,9974,1104,600009,3,6000,24000,73,438.0,3.65,6.09915,0.95921683
cold,0,1,0,0.001,0.1,512,3,5,4,256,6000,8.0,2633729,1,1,9974,1104,600009,3,6000,24000,74,444.0,3.7,6.1827,0.96470612
cold,0,1,0,0.001,0.1,512,3,5,4,256,6000,8.0,2633729,1,1,9974,1104,600009,3,6000,24000,75,450.0,3.75,6.26625,0.96936727
cold,0,1,0,0.001,0.1,512,3,5,4,256,6000,8.0,2633729,1,1,9974,1104,600009,3,6000,24000,76,456.0,3.8,6.3498,0.97300833
cold,0,1,0,0.001,0.1,512,3,5,4,256,6000,8.0,2633729,1,1,9974,1104,600009,3,6000,24000,77,462.0,3.85,6.43335,0.97600204
cold,0,1,0,0.001,0.1,512,3,5,4,256,6000,8.0,2633729,1,1,9974,1104,600009,3,6000,24000,78,468.0,3.9,6.5169,0.97876078
cold,0,1,0,0.001,0.1,512,3,5,4,256,6000,8.0,2633729,1,1,9974,1104,600009,3,6000,24000,79,474.0,3.95,6.60045,0.98038661
cold,0,1,0,0.001,0.1,512,3,5,4,256,6000,8.0,2633729,1,1,9974,1104,600009,3,6000,24000,80,480.0,4.0,6.684,0.97929037
cold,0,1,0,0.001,0.1,512,3,5,4,256,6000,8.0,2633729,1,1,9974,1104,600009,3,6000,24000,81,486.0,4.05,6.76755,0.97689348
cold,0,1,0,0.001,0.1,512,3,5,4,256,6000,8.0,2633729,1,1,9974,1104,600009,3,6000,24000,82,492.0,4.1,6.8511,0.9756037
cold,0,1,0,0.001,0.1,512,3,5,4,256,6000,8.0,2633729,1,1,9974,1104,600009,3,6000,24000,83,498.0,4.15,6.93465,0.97471052
cold,0,1,0,0.001,0.1,512,3,5,4,256,6000,8.0,2633729,1,1,9974,1104,600009,3,6000,24000,84,504.0,4.2,7.0182,0.9748829
cold,0,1,0,0.001,0.1,512,3,5,4,256,6000,8.0,2633729,1,1,9974,1104,600009,3,6000,24000,85,510.0,4.25,7.10175,0.97568977
cold,0,1,0,0.001,0.1,512,3,5,4,256,6000,8.0,2633729,1,1,9974,1104,600009,3,6000,24000,86,516.0,4.3,7.1853,0.97722077
cold,0,1,0,0.001,0.1,512,3,5,4,256,6000,8.0,2633729,1,1,9974,1104,600009,3,6000,24000,87,522.0,4.35,7.26885,0.97891182
cold,0,1,0,0.001,0.1,512,3,5,4,256,6000,8.0,2633729,1,1,9974,1104,600009,3,6000,24000,88,528.0,4.4,7.3524,0.97935039
cold,0,1,0,0.001,0.1,512,3,5,4,256,6000,8.0,2633729,1,1,9974,1104,600009,3,6000,24000,89,534.0,4.45,7.43595,0.97877955
cold,0,1,0,0.001,0.1,512,3,5,4,256,6000,8.0,2633729,1,1,9974,1104,600009,3,6000,24000,90,540.0,4.5,7.5195,0.97794652
cold,0,1,0,0.001,0.1,512,3,5,4,256,6000,8.0,2633729,1,1,9974,1104,600009,3,6000,24000,91,546.0,4.55,7.60305,0.97745317
cold,0,1,0,0.001,0.1,512,3,5,4,256,6000,8.0,2633729,1,1,9974,1104,600009,3,6000,24000,92,552.0,4.6,7.6866,0.97839117
cold,0,1,0,0.001,0.1,512,3,5,4,256,6000,8.0,2633729,1,1,9974,1104,600009,3,6000,24000,93,558.0,4.65,7.77015,0.9788025
cold,0,1,0,0.001,0.1,512,3,5,4,256,6000,8.0,2633729,1,1,9974,1104,600009,3,6000,24000,94,564.0,4.7,7.8537,0.97833401
cold,0,1,0,0.001,0.1,512,3,5,4,256,6000,8.0,2633729,1,1,9974,1104,600009,3,6000,24000,95,570.0,4.75,7.93725,0.97795981
cold,0,1,0,0.001,0.1,512,3,5,4,256,6000,8.0,2633729,1,1,9974,1104,600009,3,6000,24000,96,576.0,4.8,8.0208,0.9779135
cold,0,1,0,0.001,0.1,512,3,5,4,256,6000,8.0,2633729,1,1,9974,1104,600009,3,6000,24000,97,582.0,4.85,8.10435,0.98007041
cold,0,1,0,0.001,0.1,512,3,5,4,256,6000,8.0,2633729,1,1,9974,1104,600009,3,6000,24000,98,588.0,4.9,8.1879,0.98396188
cold,0,1,0,0.001,0.1,512,3,5,4,256,6000,8.0,2633729,1,1,9974,1104,600009,3,6000,24000,99,594.0,4.95,8.27145,0.98776144
cold,0,1,0,0.001,0.1,512,3,5,4,256,6000,8.0,2633729,1,1,9974,1104,600009,3,6000,24000,100,600.0,5.0,8.355,0.9899193
cold,0,1,0,0.001,0.1,512,3,5,4,256,6000,8.0,2633729,1,1,9974,1104,600009,3,6000,24000,101,606.0,5.05,8.43855,0.99269164
cold,0,1,0,0.001,0.1,512,3,5,4,256,6000,8.0,2633729,1,1,9974,1104,600009,3,6000,24000,102,612.0,5.1,8.5221,0.99551845
cold,0,1,0,0.001,0.1,512,3,5,4,256,6000,8.0,2633729,1,1,9974,1104,600009,3,6000,24000,103,618.0,5.15,8.60565,0.99740762
cold,0,1,0,0.001,0.1,512,3,5,4,256,6000,8.0,2633729,1,1,9974,1104,600009,3,6000,24000,104,624.0,5.2,8.6892,0.99698508
cold,0,1,0,0.001,0.1,512,3,5,4,256,6000,8.0,2633729,1,1,9974,1104,600009,3,6000,24000,105,630.0,5.25,8.77275,0.99474317
cold,0,1,0,0.001,0.1,512,3,5,4,256,6000,8.0,2633729,1,1,9974,1104,600009,3,6000,24000,106,636.0,5.3,8.8563,0.99043381
cold,0,1,0,0.001,0.1,512,3,5,4,256,6000,8.0,2633729,1,1,9974,1104,600009,3,6000,24000,107,642.0,5.35,8.93985,0.98431402
cold,0,1,0,0.001,0.1,512,3,5,4,256,6000,8.0,2633729,1,1,9974,1104,600009,3,6000,24000,108,648.0,5.4,9.0234,0.97899681
cold,0,1,0,0.001,0.1,512,3,5,4,256,6000,8.0,2633729,1,1,9974,1104,600009,3,6000,24000,109,654.0,5.45,9.10695,0.97634703
cold,0,1,0,0.001,0.1,512,3,5,4,256,6000,8.0,2633729,1,1,9974,1104,600009,3,6000,24000,110,660.0,5.5,9.1905,0.9774425
cold,0,1,0,0.001,0.1,512,3,5,4,256,6000,8.0,2633729,1,1,9974,1104,600009,3,6000,24000,111,666.0,5.55,9.27405,0.98001182
cold,0,1,0,0.001,0.1,512,3,5,4,256,6000,8.0,2633729,1,1,9974,1104,600009,3,6000,24000,112,672.0,5.6,9.3576,0.983634
cold,0,1,0,0.001,0.1,512,3,5,4,256,6000,8.0,2633729,1,1,9974,1104,600009,3,6000,24000,113,678.0,5.65,9.44115,0.98750275
cold,0,1,0,0.001,0.1,512,3,5,4,256,6000,8.0,2633729,1,1,9974,1104,600009,3,6000,24000,114,684.0,5.7,9.5247,0.98845875
cold,0,1,0,0.001,0.1,512,3,5,4,256,6000,8.0,2633729,1,1,9974,1104,600009,3,6000,24000,115,690.0,5.75,9.60825,0.98635161
cold,0,1,0,0.001,0.1,512,3,5,4,256,6000,8.0,2633729,1,1,9974,1104,600009,3,6000,24000,116,696.0,5.8,9.6918,0.97991842
cold,0,1,0,0.001,0.1,512,3,5,4,256,6000,8.0,2633729,1,1,9974,1104,600009,3,6000,24000,117,702.0,5.85,9.77535,0.97270203
cold,0,1,0,0.001,0.1,512,3,5,4,256,6000,8.0,2633729,1,1,9974,1104,600009,3,6000,24000,118,708.0,5.9,9.8589,0.96817541
cold,0,1,0,0.001,0.1,512,3,5,4,256,6000,8.0,2633729,1,1,9974,1104,600009,3,6000,24000,119,714.0,5.95,9.94245,0.96930665
cold,0,1,0,0.001,0.1,512,3,5,4,256,6000,8.0,2633729,1,1,9974,1104,600009,3,6000,24000,120,720.0,6.0,10.026,0.97612715
cold,0,1,0,0.001,0.1,512,3,5,4,256,6000,8.0,2633729,1,1,9974,1105,600010,4,1,24001,1,6.0,0.05,0.08355,0.57477808
cold,0,1,0,0.001,0.1,512,3,5,4,256,6000,8.0,2633729,1,1,9974,1105,600010,4,1,24001,2,12.0,0.1,0.1671,1.14078283
cold,0,1,0,0.001,0.1,512,3,5,4,256,6000,8.0,2633729,1,1,9974,1105,600010,4,1,24001,3,18.0,0.15,0.25065,1.70623565
cold,0,1,0,0.001,0.1,512,3,5,4,256,6000,8.0,2633729,1,1,9974,1105,600010,4,1,24001,4,24.0,0.2,0.3342,2.34638667
cold,0,1,0,0.001,0.1,512,3,5,4,256,6000,8.0,2633729,1,1,9974,1105,600010,4,1,24001,5,30.0,0.25,0.41775,3.20531678
cold,0,1,0,0.001,0.1,512,3,5,4,256,6000,8.0,2633729,1,1,9974,1105,600010,4,1,24001,6,36.0,0.3,0.5013,4.398839
cold,0,1,0,0.001,0.1,512,3,5,4,256,6000,8.0,2633729,1,1,9974,1105,600010,4,1,24001,7,42.0,0.35,0.58485,6.00480843
cold,0,1,0,0.001,0.1,512,3,5,4,256,6000,8.0,2633729,1,1,9974,1105,600010,4,1,24001,8,48.0,0.4,0.6684,8.19729233
cold,0,1,0,0.001,0.1,512,3,5,4,256,6000,8.0,2633729,1,1,9974,1105,600010,4,1,24001,9,54.0,0.45,0.75195,11.2785902
cold,0,1,0,0.001,0.1,512,3,5,4,256,6000,8.0,2633729,1,1,9974,1105,600010,4,1,24001,10,60.0,0.5,0.8355,15.65315819
cold,0,1,0,0.001,0.1,512,3,5,4,256,6000,8.0,2633729,1,1,9974,1105,600010,4,1,24001,11,66.0,0.55,0.91905,21.84413338
cold,0,1,0,0.001,0.1,512,3,5,4,256,6000,8.0,2633729,1,1,9974,1105,600010,4,1,24001,12,72.0,0.6,1.0026,30.59633064
cold,0,1,0,0.001,0.1,512,3,5,4,256,6000,8.0,2633729,1,1,9974,1105,600010,4,1,24001,13,78.0,0.65,1.08615,43.0237236
cold,0,1,0,0.001,0.1,512,3,5,4,256,6000,8.0,2633729,1,1,9974,1105,600010,4,1,24001,14,84.0,0.7,1.1697,60.61902618
cold,0,1,0,0.001,0.1,512,3,5,4,256,6000,8.0,2633729,1,1,9974,1105,600010,4,1,24001,15,90.0,0.75,1.25325,85.61321259
cold,0,1,0,0.001,0.1,512,3,5,4,256,6000,8.0,2633729,1,1,9974,1105,600010,4,1,24001,16,96.0,0.8,1.3368,120.91416931
cold,0,1,0,0.001,0.1,512,3,5,4,256,6000,8.0,2633729,1,1,9974,1105,600010,4,1,24001,17,102.0,0.85,1.42035,170.97898865
cold,0,1,0,0.001,0.1,512,3,5,4,256,6000,8.0,2633729,1,1,9974,1105,600010,4,1,24001,18,108.0,0.9,1.5039,241.7381134
cold,0,1,0,0.001,0.1,512,3,5,4,256,6000,8.0,2633729,1,1,9974,1105,600010,4,1,24001,19,114.0,0.95,1.58745,342.00164795
cold,0,1,0,0.001,0.1,512,3,5,4,256,6000,8.0,2633729,1,1,9974,1105,600010,4,1,24001,20,120.0,1.0,1.671,483.96887207
cold,0,1,0,0.001,0.1,512,3,5,4,256,6000,8.0,2633729,1,1,9974,1105,600010,4,1,24001,21,126.0,1.05,1.75455,685.04760742
cold,0,1,0,0.001,0.1,512,3,5,4,256,6000,8.0,2633729,1,1,9974,1105,600010,4,1,24001,22,132.0,1.1,1.8381,970.26635742
cold,0,1,0,0.001,0.1,512,3,5,4,256,6000,8.0,2633729,1,1,9974,1105,600010,4,1,24001,23,138.0,1.15,1.92165,1374.37451172
cold,0,1,0,0.001,0.1,512,3,5,4,256,6000,8.0,2633729,1,1,9974,1105,600010,4,1,24001,24,144.0,1.2,2.0052,1948.35852051
cold,0,1,0,0.001,0.1,512,3,5,4,256,6000,8.0,2633729,1,1,9974,1105,600010,4,1,24001,25,150.0,1.25,2.08875,2761.7434082
cold,0,1,0,0.001,0.1,512,3,5,4,256,6000,8.0,2633729,1,1,9974,1105,600010,4,1,24001,26,156.0,1.3,2.1723,3918.17895508
cold,0,1,0,0.001,0.1,512,3,5,4,256,6000,8.0,2633729,1,1,9974,1105,600010,4,1,24001,27,162.0,1.35,2.25585,5557.82958984
cold,0,1,0,0.001,0.1,512,3,5,4,256,6000,8.0,2633729,1,1,9974,1105,600010,4,1,24001,28,168.0,1.4,2.3394,7890.15820312
cold,0,1,0,0.001,0.1,512,3,5,4,256,6000,8.0,2633729,1,1,9974,1105,600010,4,1,24001,29,174.0,1.45,2.42295,11199.05175781
cold,0,1,0,0.001,0.1,512,3,5,4,256,6000,8.0,2633729,1,1,9974,1105,600010,4,1,24001,30,180.0,1.5,2.5065,15906.66503906
cold,0,1,0,0.001,0.1,512,3,5,4,256,6000,8.0,2633729,1,1,9974,1105,600010,4,1,24001,31,186.0,1.55,2.59005,22590.0859375
cold,0,1,0,0.001,0.1,512,3,5,4,256,6000,8.0,2633729,1,1,9974,1105,600010,4,1,24001,32,192.0,1.6,2.6736,32101.1015625
cold,0,1,0,0.001,0.1,512,3,5,4,256,6000,8.0,2633729,1,1,9974,1105,600010,4,1,24001,33,198.0,1.65,2.75715,45609.8515625
cold,0,1,0,0.001,0.1,512,3,5,4,256,6000,8.0,2633729,1,1,9974,1105,600010,4,1,24001,34,204.0,1.7,2.8407,64839.4765625
cold,0,1,0,0.001,0.1,512,3,5,4,256,6000,8.0,2633729,1,1,9974,1105,600010,4,1,24001,35,210.0,1.75,2.92425,92162.875
cold,0,1,0,0.001,0.1,512,3,5,4,256,6000,8.0,2633729,1,1,9974,1105,600010,4,1,24001,36,216.0,1.8,3.0078,131065.7421875
cold,0,1,0,0.001,0.1,512,3,5,4,256,6000,8.0,2633729,1,1,9974,1105,600010,4,1,24001,37,222.0,1.85,3.09135,186380.0
cold,0,1,0,0.001,0.1,512,3,5,4,256,6000,8.0,2633729,1,1,9974,1105,600010,4,1,24001,38,228.0,1.9,3.1749,265131.75
cold,0,1,0,0.001,0.1,512,3,5,4,256,6000,8.0,2633729,1,1,9974,1105,600010,4,1,24001,39,234.0,1.95,3.25845,377190.21875
cold,0,1,0,0.001,0.1,512,3,5,4,256,6000,8.0,2633729,1,1,9974,1105,600010,4,1,24001,40,240.0,2.0,3.342,536682.6875
cold,0,1,0,0.001,0.1,512,3,5,4,256,6000,8.0,2633729,1,1,9974,1105,600010,4,1,24001,41,246.0,2.05,3.42555,763834.8125
cold,0,1,0,0.001,0.1,512,3,5,4,256,6000,8.0,2633729,1,1,9974,1105,600010,4,1,24001,42,252.0,2.1,3.5091,1086963.375
cold,0,1,0,0.001,0.1,512,3,5,4,256,6000,8.0,2633729,1,1,9974,1105,600010,4,1,24001,43,258.0,2.15,3.59265,1547624.125
cold,0,1,0,0.001,0.1,512,3,5,4,256,6000,8.0,2633729,1,1,9974,1105,600010,4,1,24001,44,264.0,2.2,3.6762,2202573.25
cold,0,1,0,0.001,0.1,512,3,5,4,256,6000,8.0,2633729,1,1,9974,1105,600010,4,1,24001,45,270.0,2.25,3.75975,3137021.25
cold,0,1,0,0.001,0.1,512,3,5,4,256,6000,8.0,2633729,1,1,9974,1105,600010,4,1,24001,46,276.0,2.3,3.8433,4465284.0
cold,0,1,0,0.001,0.1,512,3,5,4,256,6000,8.0,2633729,1,1,9974,1105,600010,4,1,24001,47,282.0,2.35,3.92685,6361367.5
cold,0,1,0,0.001,0.1,512,3,5,4,256,6000,8.0,2633729,1,1,9974,1105,600010,4,1,24001,48,288.0,2.4,4.0104,9056465.0
cold,0,1,0,0.001,0.1,512,3,5,4,256,6000,8.0,2633729,1,1,9974,1105,600010,4,1,24001,49,294.0,2.45,4.09395,12904160.0
cold,0,1,0,0.001,0.1,512,3,5,4,256,6000,8.0,2633729,1,1,9974,1105,600010,4,1,24001,50,300.0,2.5,4.1775,18376266.0
cold,0,1,0,0.001,0.1,512,3,5,4,256,6000,8.0,2633729,1,1,9974,1105,600010,4,1,24001,51,306.0,2.55,4.26105,26186088.0
cold,0,1,0,0.001,0.1,512,3,5,4,256,6000,8.0,2633729,1,1,9974,1105,600010,4,1,24001,52,312.0,2.6,4.3446,37300424.0
cold,0,1,0,0.001,0.1,512,3,5,4,256,6000,8.0,2633729,1,1,9974,1105,600010,4,1,24001,53,318.0,2.65,4.42815,53155828.0
cold,0,1,0,0.001,0.1,512,3,5,4,256,6000,8.0,2633729,1,1,9974,1105,600010,4,1,24001,54,324.0,2.7,4.5117,75740016.0
cold,0,1,0,0.001,0.1,512,3,5,4,256,6000,8.0,2633729,1,1,9974,1105,600010,4,1,24001,55,330.0,2.75,4.59525,107935296.0
cold,0,1,0,0.001,0.1,512,3,5,4,256,6000,8.0,2633729,1,1,9974,1105,600010,4,1,24001,56,336.0,2.8,4.6788,153841872.0
cold,0,1,0,0.001,0.1,512,3,5,4,256,6000,8.0,2633729,1,1,9974,1105,600010,4,1,24001,57,342.0,2.85,4.76235,219227856.0
cold,0,1,0,0.001,0.1,512,3,5,4,256,6000,8.0,2633729,1,1,9974,1105,600010,4,1,24001,58,348.0,2.9,4.8459,312557888.0
cold,0,1,0,0.001,0.1,512,3,5,4,256,6000,8.0,2633729,1,1,9974,1105,600010,4,1,24001,59,354.0,2.95,4.92945,445404512.0
cold,0,1,0,0.001,0.1,512,3,5,4,256,6000,8.0,2633729,1,1,9974,1105,600010,4,1,24001,60,360.0,3.0,5.013,635149760.0
cold,0,1,0,0.001,0.1,512,3,5,4,256,6000,8.0,2633729,1,1,9974,1105,600010,4,1,24001,61,366.0,3.05,5.09655,905121216.0
cold,0,1,0,0.001,0.1,512,3,5,4,256,6000,8.0,2633729,1,1,9974,1105,600010,4,1,24001,62,372.0,3.1,5.1801,1290882944.0
cold,0,1,0,0.001,0.1,512,3,5,4,256,6000,8.0,2633729,1,1,9974,1105,600010,4,1,24001,63,378.0,3.15,5.26365,1839785984.0
cold,0,1,0,0.001,0.1,512,3,5,4,256,6000,8.0,2633729,1,1,9974,1105,600010,4,1,24001,64,384.0,3.2,5.3472,2624042240.0
cold,0,1,0,0.001,0.1,512,3,5,4,256,6000,8.0,2633729,1,1,9974,1105,600010,4,1,24001,65,390.0,3.25,5.43075,3740451328.0
cold,0,1,0,0.001,0.1,512,3,5,4,256,6000,8.0,2633729,1,1,9974,1105,600010,4,1,24001,66,396.0,3.3,5.5143,5334958080.0
cold,0,1,0,0.001,0.1,512,3,5,4,256,6000,8.0,2633729,1,1,9974,1105,600010,4,1,24001,67,402.0,3.35,5.59785,7606025216.0
cold,0,1,0,0.001,0.1,512,3,5,4,256,6000,8.0,2633729,1,1,9974,1105,600010,4,1,24001,68,408.0,3.4,5.6814,10848295936.0
cold,0,1,0,0.001,0.1,512,3,5,4,256,6000,8.0,2633729,1,1,9974,1105,600010,4,1,24001,69,414.0,3.45,5.76495,15468607488.0
cold,0,1,0,0.001,0.1,512,3,5,4,256,6000,8.0,2633729,1,1,9974,1105,600010,4,1,24001,70,420.0,3.5,5.8485,22061539328.0
cold,0,1,0,0.001,0.1,512,3,5,4,256,6000,8.0,2633729,1,1,9974,1105,600010,4,1,24001,71,426.0,3.55,5.93205,31463610368.0
cold,0,1,0,0.001,0.1,512,3,5,4,256,6000,8.0,2633729,1,1,9974,1105,600010,4,1,24001,72,432.0,3.6,6.0156,44869750784.0
cold,0,1,0,0.001,0.1,512,3,5,4,256,6000,8.0,2633729,1,1,9974,1105,600010,4,1,24001,73,438.0,3.65,6.09915,64004395008.0
cold,0,1,0,0.001,0.1,512,3,5,4,256,6000,8.0,2633729,1,1,9974,1105,600010,4,1,24001,74,444.0,3.7,6.1827,91269709824.0
cold,0,1,0,0.001,0.1,512,3,5,4,256,6000,8.0,2633729,1,1,9974,1105,600010,4,1,24001,75,450.0,3.75,6.26625,130207883264.0
cold,0,1,0,0.001,0.1,512,3,5,4,256,6000,8.0,2633729,1,1,9974,1105,600010,4,1,24001,76,456.0,3.8,6.3498,185662685184.0
cold,0,1,0,0.001,0.1,512,3,5,4,256,6000,8.0,2633729,1,1,9974,1105,600010,4,1,24001,77,462.0,3.85,6.43335,264906981376.0
cold,0,1,0,0.001,0.1,512,3,5,4,256,6000,8.0,2633729,1,1,9974,1105,600010,4,1,24001,78,468.0,3.9,6.5169,377721094144.0
cold,0,1,0,0.001,0.1,512,3,5,4,256,6000,8.0,2633729,1,1,9974,1105,600010,4,1,24001,79,474.0,3.95,6.60045,538986872832.0
cold,0,1,0,0.001,0.1,512,3,5,4,256,6000,8.0,2633729,1,1,9974,1105,600010,4,1,24001,80,480.0,4.0,6.684,768548864000.0
cold,0,1,0,0.001,0.1,512,3,5,4,256,6000,8.0,2633729,1,1,9974,1105,600010,4,1,24001,81,486.0,4.05,6.76755,1096721956864.0
cold,0,1,0,0.001,0.1,512,3,5,4,256,6000,8.0,2633729,1,1,9974,1105,600010,4,1,24001,82,492.0,4.1,6.8511,1563933016064.0
cold,0,1,0,0.001,0.1,512,3,5,4,256,6000,8.0,2633729,1,1,9974,1105,600010,4,1,24001,83,498.0,4.15,6.93465,2231696621568.0
cold,0,1,0,0.001,0.1,512,3,5,4,256,6000,8.0,2633729,1,1,9974,1105,600010,4,1,24001,84,504.0,4.2,7.0182,3182845231104.0
cold,0,1,0,0.001,0.1,512,3,5,4,256,6000,8.0,2633729,1,1,9974,1105,600010,4,1,24001,85,510.0,4.25,7.10175,4541590798336.0
cold,0,1,0,0.001,0.1,512,3,5,4,256,6000,8.0,2633729,1,1,9974,1105,600010,4,1,24001,86,516.0,4.3,7.1853,6478318010368.0
cold,0,1,0,0.001,0.1,512,3,5,4,256,6000,8.0,2633729,1,1,9974,1105,600010,4,1,24001,87,522.0,4.35,7.26885,9242780106752.0
cold,0,1,0,0.001,0.1,512,3,5,4,256,6000,8.0,2633729,1,1,9974,1105,600010,4,1,24001,88,528.0,4.4,7.3524,13186727149568.0
cold,0,1,0,0.001,0.1,512,3,5,4,256,6000,8.0,2633729,1,1,9974,1105,600010,4,1,24001,89,534.0,4.45,7.43595,18811335999488.0
cold,0,1,0,0.001,0.1,512,3,5,4,256,6000,8.0,2633729,1,1,9974,1105,600010,4,1,24001,90,540.0,4.5,7.5195,26843101003776.0
cold,0,1,0,0.001,0.1,512,3,5,4,256,6000,8.0,2633729,1,1,9974,1105,600010,4,1,24001,91,546.0,4.55,7.60305,38287414657024.0
cold,0,1,0,0.001,0.1,512,3,5,4,256,6000,8.0,2633729,1,1,9974,1105,600010,4,1,24001,92,552.0,4.6,7.6866,54641849008128.0
cold,0,1,0,0.001,0.1,512,3,5,4,256,6000,8.0,2633729,1,1,9974,1105,600010,4,1,24001,93,558.0,4.65,7.77015,77934689779712.0
cold,0,1,0,0.001,0.1,512,3,5,4,256,6000,8.0,2633729,1,1,9974,1105,600010,4,1,24001,94,564.0,4.7,7.8537,111234032599040.0
cold,0,1,0,0.001,0.1,512,3,5,4,256,6000,8.0,2633729,1,1,9974,1105,600010,4,1,24001,95,570.0,4.75,7.93725,158653390782464.0
cold,0,1,0,0.001,0.1,512,3,5,4,256,6000,8.0,2633729,1,1,9974,1105,600010,4,1,24001,96,576.0,4.8,8.0208,226442537336832.0
cold,0,1,0,0.001,0.1,512,3,5,4,256,6000,8.0,2633729,1,1,9974,1105,600010,4,1,24001,97,582.0,4.85,8.10435,323005129424896.0
cold,0,1,0,0.001,0.1,512,3,5,4,256,6000,8.0,2633729,1,1,9974,1105,600010,4,1,24001,98,588.0,4.9,8.1879,460995113779200.0
cold,0,1,0,0.001,0.1,512,3,5,4,256,6000,8.0,2633729,1,1,9974,1105,600010,4,1,24001,99,594.0,4.95,8.27145,657666732982272.0
cold,0,1,0,0.001,0.1,512,3,5,4,256,6000,8.0,2633729,1,1,9974,1105,600010,4,1,24001,100,600.0,5.0,8.355,938548064681984.0
cold,0,1,0,0.001,0.1,512,3,5,4,256,6000,8.0,2633729,1,1,9974,1105,600010,4,1,24001,101,606.0,5.05,8.43855,1339089869602816.0
cold,0,1,0,0.001,0.1,512,3,5,4,256,6000,8.0,2633729,1,1,9974,1105,600010,4,1,24001,102,612.0,5.1,8.5221,1910826520805376.0
cold,0,1,0,0.001,0.1,512,3,5,4,256,6000,8.0,2633729,1,1,9974,1105,600010,4,1,24001,103,618.0,5.15,8.60565,2726623749079040.0
cold,0,1,0,0.001,0.1,512,3,5,4,256,6000,8.0,2633729,1,1,9974,1105,600010,4,1,24001,104,624.0,5.2,8.6892,3890320173432832.0
cold,0,1,0,0.001,0.1,512,3,5,4,256,6000,8.0,2633729,1,1,9974,1105,600010,4,1,24001,105,630.0,5.25,8.77275,5551852431081472.0
cold,0,1,0,0.001,0.1,512,3,5,4,256,6000,8.0,2633729,1,1,9974,1105,600010,4,1,24001,106,636.0,5.3,8.8563,7920562328305664.0
cold,0,1,0,0.001,0.1,512,3,5,4,256,6000,8.0,2633729,1,1,9974,1105,600010,4,1,24001,107,642.0,5.35,8.93985,1.1304286277337088e+16
cold,0,1,0,0.001,0.1,512,3,5,4,256,6000,8.0,2633729,1,1,9974,1105,600010,4,1,24001,108,648.0,5.4,9.0234,1.6125901389430784e+16
cold,0,1,0,0.001,0.1,512,3,5,4,256,6000,8.0,2633729,1,1,9974,1105,600010,4,1,24001,109,654.0,5.45,9.10695,2.301637755194573e+16
cold,0,1,0,0.001,0.1,512,3,5,4,256,6000,8.0,2633729,1,1,9974,1105,600010,4,1,24001,110,660.0,5.5,9.1905,3.283277871002419e+16
cold,0,1,0,0.001,0.1,512,3,5,4,256,6000,8.0,2633729,1,1,9974,1105,600010,4,1,24001,111,666.0,5.55,9.27405,4.686407608880333e+16
cold,0,1,0,0.001,0.1,512,3,5,4,256,6000,8.0,2633729,1,1,9974,1105,600010,4,1,24001,112,672.0,5.6,9.3576,6.685432276320256e+16
cold,0,1,0,0.001,0.1,512,3,5,4,256,6000,8.0,2633729,1,1,9974,1105,600010,4,1,24001,113,678.0,5.65,9.44115,9.542550607311667e+16
cold,0,1,0,0.001,0.1,512,3,5,4,256,6000,8.0,2633729,1,1,9974,1105,600010,4,1,24001,114,684.0,5.7,9.5247,1.3613739799268557e+17
cold,0,1,0,0.001,0.1,512,3,5,4,256,6000,8.0,2633729,1,1,9974,1105,600010,4,1,24001,115,690.0,5.75,9.60825,1.9431136421740544e+17
cold,0,1,0,0.001,0.1,512,3,5,4,256,6000,8.0,2633729,1,1,9974,1105,600010,4,1,24001,116,696.0,5.8,9.6918,inf
cold,0,1,0,0.001,0.1,512,3,5,4,256,6000,8.0,2633729,1,1,9974,1105,600010,4,1,24001,117,702.0,5.85,9.77535,inf
cold,0,1,0,0.001,0.1,512,3,5,4,256,6000,8.0,2633729,1,1,9974,1105,600010,4,1,24001,118,708.0,5.9,9.8589,inf
cold,0,1,0,0.001,0.1,512,3,5,4,256,6000,8.0,2633729,1,1,9974,1105,600010,4,1,24001,119,714.0,5.95,9.94245,inf
cold,0,1,0,0.001,0.1,512,3,5,4,256,6000,8.0,2633729,1,1,9974,1105,600010,4,1,24001,120,720.0,6.0,10.026,inf
cold,0,1,0,0.001,0.1,512,3,5,4,256,6000,8.0,2633729,1,1,9974,1105,600010,4,12,24012,1,6.0,0.05,0.08355,0.13888741
cold,0,1,0,0.001,0.1,512,3,5,4,256,6000,8.0,2633729,1,1,9974,1105,600010,4,12,24012,2,12.0,0.1,0.1671,0.24428657
cold,0,1,0,0.001,0.1,512,3,5,4,256,6000,8.0,2633729,1,1,9974,1105,600010,4,12,24012,3,18.0,0.15,0.25065,0.34550101
cold,0,1,0,0.001,0.1,512,3,5,4,256,6000,8.0,2633729,1,1,9974,1105,600010,4,12,24012,4,24.0,0.2,0.3342,0.43233621
cold,0,1,0,0.001,0.1,512,3,5,4,256,6000,8.0,2633729,1,1,9974,1105,600010,4,12,24012,5,30.0,0.25,0.41775,0.50067812
cold,0,1,0,0.001,0.1,512,3,5,4,256,6000,8.0,2633729,1,1,9974,1105,600010,4,12,24012,6,36.0,0.3,0.5013,0.55329114
cold,0,1,0,0.001,0.1,512,3,5,4,256,6000,8.0,2633729,1,1,9974,1105,600010,4,12,24012,7,42.0,0.35,0.58485,0.59400564
cold,0,1,0,0.001,0.1,512,3,5,4,256,6000,8.0,2633729,1,1,9974,1105,600010,4,12,24012,8,48.0,0.4,0.6684,0.62580627
cold,0,1,0,0.001,0.1,512,3,5,4,256,6000,8.0,2633729,1,1,9974,1105,600010,4,12,24012,9,54.0,0.45,0.75195,0.65044892
cold,0,1,0,0.001,0.1,512,3,5,4,256,6000,8.0,2633729,1,1,9974,1105,600010,4,12,24012,10,60.0,0.5,0.8355,0.6693176
cold,0,1,0,0.001,0.1,512,3,5,4,256,6000,8.0,2633729,1,1,9974,1105,600010,4,12,24012,11,66.0,0.55,0.91905,0.68403858
cold,0,1,0,0.001,0.1,512,3,5,4,256,6000,8.0,2633729,1,1,9974,1105,600010,4,12,24012,12,72.0,0.6,1.0026,0.69650662
cold,0,1,0,0.001,0.1,512,3,5,4,256,6000,8.0,2633729,1,1,9974,1105,600010,4,12,24012,13,78.0,0.65,1.08615,0.70854104
cold,0,1,0,0.001,0.1,512,3,5,4,256,6000,8.0,2633729,1,1,9974,1105,600010,4,12,24012,14,84.0,0.7,1.1697,0.72167939
cold,0,1,0,0.001,0.1,512,3,5,4,256,6000,8.0,2633729,1,1,9974,1105,600010,4,12,24012,15,90.0,0.75,1.25325,0.73708504
cold,0,1,0,0.001,0.1,512,3,5,4,256,6000,8.0,2633729,1,1,9974,1105,600010,4,12,24012,16,96.0,0.8,1.3368,0.75487351
cold,0,1,0,0.001,0.1,512,3,5,4,256,6000,8.0,2633729,1,1,9974,1105,600010,4,12,24012,17,102.0,0.85,1.42035,0.77356678
cold,0,1,0,0.001,0.1,512,3,5,4,256,6000,8.0,2633729,1,1,9974,1105,600010,4,12,24012,18,108.0,0.9,1.5039,0.79100198
cold,0,1,0,0.001,0.1,512,3,5,4,256,6000,8.0,2633729,1,1,9974,1105,600010,4,12,24012,19,114.0,0.95,1.58745,0.80598444
cold,0,1,0,0.001,0.1,512,3,5,4,256,6000,8.0,2633729,1,1,9974,1105,600010,4,12,24012,20,120.0,1.0,1.671,0.81905383
cold,0,1,0,0.001,0.1,512,3,5,4,256,6000,8.0,2633729,1,1,9974,1105,600010,4,12,24012,21,126.0,1.05,1.75455,0.83154362
cold,0,1,0,0.001,0.1,512,3,5,4,256,6000,8.0,2633729,1,1,9974,1105,600010,4,12,24012,22,132.0,1.1,1.8381,0.84400058
cold,0,1,0,0.001,0.1,512,3,5,4,256,6000,8.0,2633729,1,1,9974,1105,600010,4,12,24012,23,138.0,1.15,1.92165,0.85536432
cold,0,1,0,0.001,0.1,512,3,5,4,256,6000,8.0,2633729,1,1,9974,1105,600010,4,12,24012,24,144.0,1.2,2.0052,0.86417091
cold,0,1,0,0.001,0.1,512,3,5,4,256,6000,8.0,2633729,1,1,9974,1105,600010,4,12,24012,25,150.0,1.25,2.08875,0.87081373
cold,0,1,0,0.001,0.1,512,3,5,4,256,6000,8.0,2633729,1,1,9974,1105,600010,4,12,24012,26,156.0,1.3,2.1723,0.87708688
cold,0,1,0,0.001,0.1,512,3,5,4,256,6000,8.0,2633729,1,1,9974,1105,600010,4,12,24012,27,162.0,1.35,2.25585,0.88425434
cold,0,1,0,0.001,0.1,512,3,5,4,256,6000,8.0,2633729,1,1,9974,1105,600010,4,12,24012,28,168.0,1.4,2.3394,0.8924877
cold,0,1,0,0.001,0.1,512,3,5,4,256,6000,8.0,2633729,1,1,9974,1105,600010,4,12,24012,29,174.0,1.45,2.42295,0.90138346
cold,0,1,0,0.001,0.1,512,3,5,4,256,6000,8.0,2633729,1,1,9974,1105,600010,4,12,24012,30,180.0,1.5,2.5065,0.91081381
cold,0,1,0,0.001,0.1,512,3,5,4,256,6000,8.0,2633729,1,1,9974,1105,600010,4,12,24012,31,186.0,1.55,2.59005,0.92113334
cold,0,1,0,0.001,0.1,512,3,5,4,256,6000,8.0,2633729,1,1,9974,1105,600010,4,12,24012,32,192.0,1.6,2.6736,0.93268907
cold,0,1,0,0.001,0.1,512,3,5,4,256,6000,8.0,2633729,1,1,9974,1105,600010,4,12,24012,33,198.0,1.65,2.75715,0.94575733
cold,0,1,0,0.001,0.1,512,3,5,4,256,6000,8.0,2633729,1,1,9974,1105,600010,4,12,24012,34,204.0,1.7,2.8407,0.95985192
cold,0,1,0,0.001,0.1,512,3,5,4,256,6000,8.0,2633729,1,1,9974,1105,600010,4,12,24012,35,210.0,1.75,2.92425,0.97221768
cold,0,1,0,0.001,0.1,512,3,5,4,256,6000,8.0,2633729,1,1,9974,1105,600010,4,12,24012,36,216.0,1.8,3.0078,0.97926706
cold,0,1,0,0.001,0.1,512,3,5,4,256,6000,8.0,2633729,1,1,9974,1105,600010,4,12,24012,37,222.0,1.85,3.09135,0.98064899
cold,0,1,0,0.001,0.1,512,3,5,4,256,6000,8.0,2633729,1,1,9974,1105,600010,4,12,24012,38,228.0,1.9,3.1749,0.97985351
cold,0,1,0,0.001,0.1,512,3,5,4,256,6000,8.0,2633729,1,1,9974,1105,600010,4,12,24012,39,234.0,1.95,3.25845,0.98086339
cold,0,1,0,0.001,0.1,512,3,5,4,256,6000,8.0,2633729,1,1,9974,1105,600010,4,12,24012,40,240.0,2.0,3.342,0.98557198
cold,0,1,0,0.001,0.1,512,3,5,4,256,6000,8.0,2633729,1,1,9974,1105,600010,4,12,24012,41,246.0,2.05,3.42555,0.99303448
cold,0,1,0,0.001,0.1,512,3,5,4,256,6000,8.0,2633729,1,1,9974,1105,600010,4,12,24012,42,252.0,2.1,3.5091,1.00013816
cold,0,1,0,0.001,0.1,512,3,5,4,256,6000,8.0,2633729,1,1,9974,1105,600010,4,12,24012,43,258.0,2.15,3.59265,1.00478542
cold,0,1,0,0.001,0.1,512,3,5,4,256,6000,8.0,2633729,1,1,9974,1105,600010,4,12,24012,44,264.0,2.2,3.6762,1.00790644
cold,0,1,0,0.001,0.1,512,3,5,4,256,6000,8.0,2633729,1,1,9974,1105,600010,4,12,24012,45,270.0,2.25,3.75975,1.0116576
cold,0,1,0,0.001,0.1,512,3,5,4,256,6000,8.0,2633729,1,1,9974,1105,600010,4,12,24012,46,276.0,2.3,3.8433,1.01651669
cold,0,1,0,0.001,0.1,512,3,5,4,256,6000,8.0,2633729,1,1,9974,1105,600010,4,12,24012,47,282.0,2.35,3.92685,1.02066195
cold,0,1,0,0.001,0.1,512,3,5,4,256,6000,8.0,2633729,1,1,9974,1105,600010,4,12,24012,48,288.0,2.4,4.0104,1.02218485
cold,0,1,0,0.001,0.1,512,3,5,4,256,6000,8.0,2633729,1,1,9974,1105,600010,4,12,24012,49,294.0,2.45,4.09395,1.02140605
cold,0,1,0,0.001,0.1,512,3,5,4,256,6000,8.0,2633729,1,1,9974,1105,600010,4,12,24012,50,300.0,2.5,4.1775,1.0213027
cold,0,1,0,0.001,0.1,512,3,5,4,256,6000,8.0,2633729,1,1,9974,1105,600010,4,12,24012,51,306.0,2.55,4.26105,1.02461493
cold,0,1,0,0.001,0.1,512,3,5,4,256,6000,8.0,2633729,1,1,9974,1105,600010,4,12,24012,52,312.0,2.6,4.3446,1.03117025
cold,0,1,0,0.001,0.1,512,3,5,4,256,6000,8.0,2633729,1,1,9974,1105,600010,4,12,24012,53,318.0,2.65,4.42815,1.03869915
cold,0,1,0,0.001,0.1,512,3,5,4,256,6000,8.0,2633729,1,1,9974,1105,600010,4,12,24012,54,324.0,2.7,4.5117,1.04501188
cold,0,1,0,0.001,0.1,512,3,5,4,256,6000,8.0,2633729,1,1,9974,1105,600010,4,12,24012,55,330.0,2.75,4.59525,1.04896796
cold,0,1,0,0.001,0.1,512,3,5,4,256,6000,8.0,2633729,1,1,9974,1105,600010,4,12,24012,56,336.0,2.8,4.6788,1.05112708
cold,0,1,0,0.001,0.1,512,3,5,4,256,6000,8.0,2633729,1,1,9974,1105,600010,4,12,24012,57,342.0,2.85,4.76235,1.05329013
cold,0,1,0,0.001,0.1,512,3,5,4,256,6000,8.0,2633729,1,1,9974,1105,600010,4,12,24012,58,348.0,2.9,4.8459,1.05596423
cold,0,1,0,0.001,0.1,512,3,5,4,256,6000,8.0,2633729,1,1,9974,1105,600010,4,12,24012,59,354.0,2.95,4.92945,1.05823052
cold,0,1,0,0.001,0.1,512,3,5,4,256,6000,8.0,2633729,1,1,9974,1105,600010,4,12,24012,60,360.0,3.0,5.013,1.05996585
cold,0,1,0,0.001,0.1,512,3,5,4,256,6000,8.0,2633729,1,1,9974,1105,600010,4,12,24012,61,366.0,3.05,5.09655,1.0613395
cold,0,1,0,0.001,0.1,512,3,5,4,256,6000,8.0,2633729,1,1,9974,1105,600010,4,12,24012,62,372.0,3.1,5.1801,1.06184494
cold,0,1,0,0.001,0.1,512,3,5,4,256,6000,8.0,2633729,1,1,9974,1105,600010,4,12,24012,63,378.0,3.15,5.26365,1.06120598
cold,0,1,0,0.001,0.1,512,3,5,4,256,6000,8.0,2633729,1,1,9974,1105,600010,4,12,24012,64,384.0,3.2,5.3472,1.06029725
cold,0,1,0,0.001,0.1,512,3,5,4,256,6000,8.0,2633729,1,1,9974,1105,600010,4,12,24012,65,390.0,3.25,5.43075,1.06025374
cold,0,1,0,0.001,0.1,512,3,5,4,256,6000,8.0,2633729,1,1,9974,1105,600010,4,12,24012,66,396.0,3.3,5.5143,1.06063688
cold,0,1,0,0.001,0.1,512,3,5,4,256,6000,8.0,2633729,1,1,9974,1105,600010,4,12,24012,67,402.0,3.35,5.59785,1.05978703
cold,0,1,0,0.001,0.1,512,3,5,4,256,6000,8.0,2633729,1,1,9974,1105,600010,4,12,24012,68,408.0,3.4,5.6814,1.05688119
cold,0,1,0,0.001,0.1,512,3,5,4,256,6000,8.0,2633729,1,1,9974,1105,600010,4,12,24012,69,414.0,3.45,5.76495,1.05308437
cold,0,1,0,0.001,0.1,512,3,5,4,256,6000,8.0,2633729,1,1,9974,1105,600010,4,12,24012,70,420.0,3.5,5.8485,1.05058372
cold,0,1,0,0.001,0.1,512,3,5,4,256,6000,8.0,2633729,1,1,9974,1105,600010,4,12,24012,71,426.0,3.55,5.93205,1.05060124
cold,0,1,0,0.001,0.1,512,3,5,4,256,6000,8.0,2633729,1,1,9974,1105,600010,4,12,24012,72,432.0,3.6,6.0156,1.05265224
cold,0,1,0,0.001,0.1,512,3,5,4,256,6000,8.0,2633729,1,1,9974,1105,600010,4,12,24012,73,438.0,3.65,6.09915,1.05512381
cold,0,1,0,0.001,0.1,512,3,5,4,256,6000,8.0,2633729,1,1,9974,1105,600010,4,12,24012,74,444.0,3.7,6.1827,1.05672026
cold,0,1,0,0.001,0.1,512,3,5,4,256,6000,8.0,2633729,1,1,9974,1105,600010,4,12,24012,75,450.0,3.75,6.26625,1.0571022
cold,0,1,0,0.001,0.1,512,3,5,4,256,6000,8.0,2633729,1,1,9974,1105,600010,4,12,24012,76,456.0,3.8,6.3498,1.05671179
cold,0,1,0,0.001,0.1,512,3,5,4,256,6000,8.0,2633729,1,1,9974,1105,600010,4,12,24012,77,462.0,3.85,6.43335,1.05661738
cold,0,1,0,0.001,0.1,512,3,5,4,256,6000,8.0,2633729,1,1,9974,1105,600010,4,12,24012,78,468.0,3.9,6.5169,1.05769861
cold,0,1,0,0.001,0.1,512,3,5,4,256,6000,8.0,2633729,1,1,9974,1105,600010,4,12,24012,79,474.0,3.95,6.60045,1.06022954
cold,0,1,0,0.001,0.1,512,3,5,4,256,6000,8.0,2633729,1,1,9974,1105,600010,4,12,24012,80,480.0,4.0,6.684,1.06344688
cold,0,1,0,0.001,0.1,512,3,5,4,256,6000,8.0,2633729,1,1,9974,1105,600010,4,12,24012,81,486.0,4.05,6.76755,1.06577253
cold,0,1,0,0.001,0.1,512,3,5,4,256,6000,8.0,2633729,1,1,9974,1105,600010,4,12,24012,82,492.0,4.1,6.8511,1.06620979
cold,0,1,0,0.001,0.1,512,3,5,4,256,6000,8.0,2633729,1,1,9974,1105,600010,4,12,24012,83,498.0,4.15,6.93465,1.06482542
cold,0,1,0,0.001,0.1,512,3,5,4,256,6000,8.0,2633729,1,1,9974,1105,600010,4,12,24012,84,504.0,4.2,7.0182,1.06249142
cold,0,1,0,0.001,0.1,512,3,5,4,256,6000,8.0,2633729,1,1,9974,1105,600010,4,12,24012,85,510.0,4.25,7.10175,1.06045759
cold,0,1,0,0.001,0.1,512,3,5,4,256,6000,8.0,2633729,1,1,9974,1105,600010,4,12,24012,86,516.0,4.3,7.1853,1.05962777
cold,0,1,0,0.001,0.1,512,3,5,4,256,6000,8.0,2633729,1,1,9974,1105,600010,4,12,24012,87,522.0,4.35,7.26885,1.05985117
cold,0,1,0,0.001,0.1,512,3,5,4,256,6000,8.0,2633729,1,1,9974,1105,600010,4,12,24012,88,528.0,4.4,7.3524,1.05976391
cold,0,1,0,0.001,0.1,512,3,5,4,256,6000,8.0,2633729,1,1,9974,1105,600010,4,12,24012,89,534.0,4.45,7.43595,1.05805862
cold,0,1,0,0.001,0.1,512,3,5,4,256,6000,8.0,2633729,1,1,9974,1105,600010,4,12,24012,90,540.0,4.5,7.5195,1.05534434
cold,0,1,0,0.001,0.1,512,3,5,4,256,6000,8.0,2633729,1,1,9974,1105,600010,4,12,24012,91,546.0,4.55,7.60305,1.05329692
cold,0,1,0,0.001,0.1,512,3,5,4,256,6000,8.0,2633729,1,1,9974,1105,600010,4,12,24012,92,552.0,4.6,7.6866,1.0523349
cold,0,1,0,0.001,0.1,512,3,5,4,256,6000,8.0,2633729,1,1,9974,1105,600010,4,12,24012,93,558.0,4.65,7.77015,1.05149031
cold,0,1,0,0.001,0.1,512,3,5,4,256,6000,8.0,2633729,1,1,9974,1105,600010,4,12,24012,94,564.0,4.7,7.8537,1.05039847
cold,0,1,0,0.001,0.1,512,3,5,4,256,6000,8.0,2633729,1,1,9974,1105,600010,4,12,24012,95,570.0,4.75,7.93725,1.04995263
cold,0,1,0,0.001,0.1,512,3,5,4,256,6000,8.0,2633729,1,1,9974,1105,600010,4,12,24012,96,576.0,4.8,8.0208,1.05037332
cold,0,1,0,0.001,0.1,512,3,5,4,256,6000,8.0,2633729,1,1,9974,1105,600010,4,12,24012,97,582.0,4.85,8.10435,1.05059707
cold,0,1,0,0.001,0.1,512,3,5,4,256,6000,8.0,2633729,1,1,9974,1105,600010,4,12,24012,98,588.0,4.9,8.1879,1.04995573
cold,0,1,0,0.001,0.1,512,3,5,4,256,6000,8.0,2633729,1,1,9974,1105,600010,4,12,24012,99,594.0,4.95,8.27145,1.048792
cold,0,1,0,0.001,0.1,512,3,5,4,256,6000,8.0,2633729,1,1,9974,1105,600010,4,12,24012,100,600.0,5.0,8.355,1.04753864
cold,0,1,0,0.001,0.1,512,3,5,4,256,6000,8.0,2633729,1,1,9974,1105,600010,4,12,24012,101,606.0,5.05,8.43855,1.04688752
cold,0,1,0,0.001,0.1,512,3,5,4,256,6000,8.0,2633729,1,1,9974,1105,600010,4,12,24012,102,612.0,5.1,8.5221,1.04780948
cold,0,1,0,0.001,0.1,512,3,5,4,256,6000,8.0,2633729,1,1,9974,1105,600010,4,12,24012,103,618.0,5.15,8.60565,1.05065501
cold,0,1,0,0.001,0.1,512,3,5,4,256,6000,8.0,2633729,1,1,9974,1105,600010,4,12,24012,104,624.0,5.2,8.6892,1.05472624
cold,0,1,0,0.001,0.1,512,3,5,4,256,6000,8.0,2633729,1,1,9974,1105,600010,4,12,24012,105,630.0,5.25,8.77275,1.05812752
cold,0,1,0,0.001,0.1,512,3,5,4,256,6000,8.0,2633729,1,1,9974,1105,600010,4,12,24012,106,636.0,5.3,8.8563,1.05856216
cold,0,1,0,0.001,0.1,512,3,5,4,256,6000,8.0,2633729,1,1,9974,1105,600010,4,12,24012,107,642.0,5.35,8.93985,1.05558562
cold,0,1,0,0.001,0.1,512,3,5,4,256,6000,8.0,2633729,1,1,9974,1105,600010,4,12,24012,108,648.0,5.4,9.0234,1.05120838
cold,0,1,0,0.001,0.1,512,3,5,4,256,6000,8.0,2633729,1,1,9974,1105,600010,4,12,24012,109,654.0,5.45,9.10695,1.04760766
cold,0,1,0,0.001,0.1,512,3,5,4,256,6000,8.0,2633729,1,1,9974,1105,600010,4,12,24012,110,660.0,5.5,9.1905,1.04536235
cold,0,1,0,0.001,0.1,512,3,5,4,256,6000,8.0,2633729,1,1,9974,1105,600010,4,12,24012,111,666.0,5.55,9.27405,1.04355073
cold,0,1,0,0.001,0.1,512,3,5,4,256,6000,8.0,2633729,1,1,9974,1105,600010,4,12,24012,112,672.0,5.6,9.3576,1.0411433
cold,0,1,0,0.001,0.1,512,3,5,4,256,6000,8.0,2633729,1,1,9974,1105,600010,4,12,24012,113,678.0,5.65,9.44115,1.03809953
cold,0,1,0,0.001,0.1,512,3,5,4,256,6000,8.0,2633729,1,1,9974,1105,600010,4,12,24012,114,684.0,5.7,9.5247,1.03541374
cold,0,1,0,0.001,0.1,512,3,5,4,256,6000,8.0,2633729,1,1,9974,1105,600010,4,12,24012,115,690.0,5.75,9.60825,1.03403997
cold,0,1,0,0.001,0.1,512,3,5,4,256,6000,8.0,2633729,1,1,9974,1105,600010,4,12,24012,116,696.0,5.8,9.6918,1.03366065
cold,0,1,0,0.001,0.1,512,3,5,4,256,6000,8.0,2633729,1,1,9974,1105,600010,4,12,24012,117,702.0,5.85,9.77535,1.03323233
cold,0,1,0,0.001,0.1,512,3,5,4,256,6000,8.0,2633729,1,1,9974,1105,600010,4,12,24012,118,708.0,5.9,9.8589,1.03202355
cold,0,1,0,0.001,0.1,512,3,5,4,256,6000,8.0,2633729,1,1,9974,1105,600010,4,12,24012,119,714.0,5.95,9.94245,1.03004766
cold,0,1,0,0.001,0.1,512,3,5,4,256,6000,8.0,2633729,1,1,9974,1105,600010,4,12,24012,120,720.0,6.0,10.026,1.02884233
cold,0,1,0,0.001,0.1,512,3,5,4,256,6000,8.0,2633729,1,1,9974,1105,600010,4,54,24054,1,6.0,0.05,0.08355,0.10070696
cold,0,1,0,0.001,0.1,512,3,5,4,256,6000,8.0,2633729,1,1,9974,1105,600010,4,54,24054,2,12.0,0.1,0.1671,0.15639694
cold,0,1,0,0.001,0.1,512,3,5,4,256,6000,8.0,2633729,1,1,9974,1105,600010,4,54,24054,3,18.0,0.15,0.25065,0.21634892
cold,0,1,0,0.001,0.1,512,3,5,4,256,6000,8.0,2633729,1,1,9974,1105,600010,4,54,24054,4,24.0,0.2,0.3342,0.27236655
cold,0,1,0,0.001,0.1,512,3,5,4,256,6000,8.0,2633729,1,1,9974,1105,600010,4,54,24054,5,30.0,0.25,0.41775,0.32143325
cold,0,1,0,0.001,0.1,512,3,5,4,256,6000,8.0,2633729,1,1,9974,1105,600010,4,54,24054,6,36.0,0.3,0.5013,0.36482608
cold,0,1,0,0.001,0.1,512,3,5,4,256,6000,8.0,2633729,1,1,9974,1105,600010,4,54,24054,7,42.0,0.35,0.58485,0.40516293
cold,0,1,0,0.001,0.1,512,3,5,4,256,6000,8.0,2633729,1,1,9974,1105,600010,4,54,24054,8,48.0,0.4,0.6684,0.44283256
cold,0,1,0,0.001,0.1,512,3,5,4,256,6000,8.0,2633729,1,1,9974,1105,600010,4,54,24054,9,54.0,0.45,0.75195,0.47641787
cold,0,1,0,0.001,0.1,512,3,5,4,256,6000,8.0,2633729,1,1,9974,1105,600010,4,54,24054,10,60.0,0.5,0.8355,0.50570381
cold,0,1,0,0.001,0.1,512,3,5,4,256,6000,8.0,2633729,1,1,9974,1105,600010,4,54,24054,11,66.0,0.55,0.91905,0.53186738
cold,0,1,0,0.001,0.1,512,3,5,4,256,6000,8.0,2633729,1,1,9974,1105,600010,4,54,24054,12,72.0,0.6,1.0026,0.55597842
cold,0,1,0,0.001,0.1,512,3,5,4,256,6000,8.0,2633729,1,1,9974,1105,600010,4,54,24054,13,78.0,0.65,1.08615,0.57757199
cold,0,1,0,0.001,0.1,512,3,5,4,256,6000,8.0,2633729,1,1,9974,1105,600010,4,54,24054,14,84.0,0.7,1.1697,0.59591413
cold,0,1,0,0.001,0.1,512,3,5,4,256,6000,8.0,2633729,1,1,9974,1105,600010,4,54,24054,15,90.0,0.75,1.25325,0.61214679
cold,0,1,0,0.001,0.1,512,3,5,4,256,6000,8.0,2633729,1,1,9974,1105,600010,4,54,24054,16,96.0,0.8,1.3368,0.6281234
cold,0,1,0,0.001,0.1,512,3,5,4,256,6000,8.0,2633729,1,1,9974,1105,600010,4,54,24054,17,102.0,0.85,1.42035,0.64421314
cold,0,1,0,0.001,0.1,512,3,5,4,256,6000,8.0,2633729,1,1,9974,1105,600010,4,54,24054,18,108.0,0.9,1.5039,0.65922421
cold,0,1,0,0.001,0.1,512,3,5,4,256,6000,8.0,2633729,1,1,9974,1105,600010,4,54,24054,19,114.0,0.95,1.58745,0.6725086
cold,0,1,0,0.001,0.1,512,3,5,4,256,6000,8.0,2633729,1,1,9974,1105,600010,4,54,24054,20,120.0,1.0,1.671,0.68520522
cold,0,1,0,0.001,0.1,512,3,5,4,256,6000,8.0,2633729,1,1,9974,1105,600010,4,54,24054,21,126.0,1.05,1.75455,0.69832027
cold,0,1,0,0.001,0.1,512,3,5,4,256,6000,8.0,2633729,1,1,9974,1105,600010,4,54,24054,22,132.0,1.1,1.8381,0.71158129
cold,0,1,0,0.001,0.1,512,3,5,4,256,6000,8.0,2633729,1,1,9974,1105,600010,4,54,24054,23,138.0,1.15,1.92165,0.72474229
cold,0,1,0,0.001,0.1,512,3,5,4,256,6000,8.0,2633729,1,1,9974,1105,600010,4,54,24054,24,144.0,1.2,2.0052,0.73744643
cold,0,1,0,0.001,0.1,512,3,5,4,256,6000,8.0,2633729,1,1,9974,1105,600010,4,54,24054,25,150.0,1.25,2.08875,0.7488398
cold,0,1,0,0.001,0.1,512,3,5,4,256,6000,8.0,2633729,1,1,9974,1105,600010,4,54,24054,26,156.0,1.3,2.1723,0.75848609
cold,0,1,0,0.001,0.1,512,3,5,4,256,6000,8.0,2633729,1,1,9974,1105,600010,4,54,24054,27,162.0,1.35,2.25585,0.76659131
cold,0,1,0,0.001,0.1,512,3,5,4,256,6000,8.0,2633729,1,1,9974,1105,600010,4,54,24054,28,168.0,1.4,2.3394,0.7732361
cold,0,1,0,0.001,0.1,512,3,5,4,256,6000,8.0,2633729,1,1,9974,1105,600010,4,54,24054,29,174.0,1.45,2.42295,0.77892935
cold,0,1,0,0.001,0.1,512,3,5,4,256,6000,8.0,2633729,1,1,9974,1105,600010,4,54,24054,30,180.0,1.5,2.5065,0.78556257
cold,0,1,0,0.001,0.1,512,3,5,4,256,6000,8.0,2633729,1,1,9974,1105,600010,4,54,24054,31,186.0,1.55,2.59005,0.79451597
cold,0,1,0,0.001,0.1,512,3,5,4,256,6000,8.0,2633729,1,1,9974,1105,600010,4,54,24054,32,192.0,1.6,2.6736,0.80496436
cold,0,1,0,0.001,0.1,512,3,5,4,256,6000,8.0,2633729,1,1,9974,1105,600010,4,54,24054,33,198.0,1.65,2.75715,0.81524104
cold,0,1,0,0.001,0.1,512,3,5,4,256,6000,8.0,2633729,1,1,9974,1105,600010,4,54,24054,34,204.0,1.7,2.8407,0.82485938
cold,0,1,0,0.001,0.1,512,3,5,4,256,6000,8.0,2633729,1,1,9974,1105,600010,4,54,24054,35,210.0,1.75,2.92425,0.8342427
cold,0,1,0,0.001,0.1,512,3,5,4,256,6000,8.0,2633729,1,1,9974,1105,600010,4,54,24054,36,216.0,1.8,3.0078,0.84295332
cold,0,1,0,0.001,0.1,512,3,5,4,256,6000,8.0,2633729,1,1,9974,1105,600010,4,54,24054,37,222.0,1.85,3.09135,0.84954947
cold,0,1,0,0.001,0.1,512,3,5,4,256,6000,8.0,2633729,1,1,9974,1105,600010,4,54,24054,38,228.0,1.9,3.1749,0.85342628
cold,0,1,0,0.001,0.1,512,3,5,4,256,6000,8.0,2633729,1,1,9974,1105,600010,4,54,24054,39,234.0,1.95,3.25845,0.85613805
cold,0,1,0,0.001,0.1,512,3,5,4,256,6000,8.0,2633729,1,1,9974,1105,600010,4,54,24054,40,240.0,2.0,3.342,0.85967904
cold,0,1,0,0.001,0.1,512,3,5,4,256,6000,8.0,2633729,1,1,9974,1105,600010,4,54,24054,41,246.0,2.05,3.42555,0.86346048
cold,0,1,0,0.001,0.1,512,3,5,4,256,6000,8.0,2633729,1,1,9974,1105,600010,4,54,24054,42,252.0,2.1,3.5091,0.86510241
cold,0,1,0,0.001,0.1,512,3,5,4,256,6000,8.0,2633729,1,1,9974,1105,600010,4,54,24054,43,258.0,2.15,3.59265,0.86414319
cold,0,1,0,0.001,0.1,512,3,5,4,256,6000,8.0,2633729,1,1,9974,1105,600010,4,54,24054,44,264.0,2.2,3.6762,0.86252517
cold,0,1,0,0.001,0.1,512,3,5,4,256,6000,8.0,2633729,1,1,9974,1105,600010,4,54,24054,45,270.0,2.25,3.75975,0.86208194
cold,0,1,0,0.001,0.1,512,3,5,4,256,6000,8.0,2633729,1,1,9974,1105,600010,4,54,24054,46,276.0,2.3,3.8433,0.86305177
cold,0,1,0,0.001,0.1,512,3,5,4,256,6000,8.0,2633729,1,1,9974,1105,600010,4,54,24054,47,282.0,2.35,3.92685,0.86445087
cold,0,1,0,0.001,0.1,512,3,5,4,256,6000,8.0,2633729,1,1,9974,1105,600010,4,54,24054,48,288.0,2.4,4.0104,0.86560273
cold,0,1,0,0.001,0.1,512,3,5,4,256,6000,8.0,2633729,1,1,9974,1105,600010,4,54,24054,49,294.0,2.45,4.09395,0.86716247
cold,0,1,0,0.001,0.1,512,3,5,4,256,6000,8.0,2633729,1,1,9974,1105,600010,4,54,24054,50,300.0,2.5,4.1775,0.87010723
cold,0,1,0,0.001,0.1,512,3,5,4,256,6000,8.0,2633729,1,1,9974,1105,600010,4,54,24054,51,306.0,2.55,4.26105,0.874107
cold,0,1,0,0.001,0.1,512,3,5,4,256,6000,8.0,2633729,1,1,9974,1105,600010,4,54,24054,52,312.0,2.6,4.3446,0.87754196
cold,0,1,0,0.001,0.1,512,3,5,4,256,6000,8.0,2633729,1,1,9974,1105,600010,4,54,24054,53,318.0,2.65,4.42815,0.87890309
cold,0,1,0,0.001,0.1,512,3,5,4,256,6000,8.0,2633729,1,1,9974,1105,600010,4,54,24054,54,324.0,2.7,4.5117,0.87842178
cold,0,1,0,0.001,0.1,512,3,5,4,256,6000,8.0,2633729,1,1,9974,1105,600010,4,54,24054,55,330.0,2.75,4.59525,0.87777621
cold,0,1,0,0.001,0.1,512,3,5,4,256,6000,8.0,2633729,1,1,9974,1105,600010,4,54,24054,56,336.0,2.8,4.6788,0.87783921
cold,0,1,0,0.001,0.1,512,3,5,4,256,6000,8.0,2633729,1,1,9974,1105,600010,4,54,24054,57,342.0,2.85,4.76235,0.87770712
cold,0,1,0,0.001,0.1,512,3,5,4,256,6000,8.0,2633729,1,1,9974,1105,600010,4,54,24054,58,348.0,2.9,4.8459,0.8764798
cold,0,1,0,0.001,0.1,512,3,5,4,256,6000,8.0,2633729,1,1,9974,1105,600010,4,54,24054,59,354.0,2.95,4.92945,0.87483221
cold,0,1,0,0.001,0.1,512,3,5,4,256,6000,8.0,2633729,1,1,9974,1105,600010,4,54,24054,60,360.0,3.0,5.013,0.87452263
cold,0,1,0,0.001,0.1,512,3,5,4,256,6000,8.0,2633729,1,1,9974,1105,600010,4,54,24054,61,366.0,3.05,5.09655,0.87693816
cold,0,1,0,0.001,0.1,512,3,5,4,256,6000,8.0,2633729,1,1,9974,1105,600010,4,54,24054,62,372.0,3.1,5.1801,0.88160634
cold,0,1,0,0.001,0.1,512,3,5,4,256,6000,8.0,2633729,1,1,9974,1105,600010,4,54,24054,63,378.0,3.15,5.26365,0.88619751
cold,0,1,0,0.001,0.1,512,3,5,4,256,6000,8.0,2633729,1,1,9974,1105,600010,4,54,24054,64,384.0,3.2,5.3472,0.88871557
cold,0,1,0,0.001,0.1,512,3,5,4,256,6000,8.0,2633729,1,1,9974,1105,600010,4,54,24054,65,390.0,3.25,5.43075,0.88884109
cold,0,1,0,0.001,0.1,512,3,5,4,256,6000,8.0,2633729,1,1,9974,1105,600010,4,54,24054,66,396.0,3.3,5.5143,0.88679934
cold,0,1,0,0.001,0.1,512,3,5,4,256,6000,8.0,2633729,1,1,9974,1105,600010,4,54,24054,67,402.0,3.35,5.59785,0.88270432
cold,0,1,0,0.001,0.1,512,3,5,4,256,6000,8.0,2633729,1,1,9974,1105,600010,4,54,24054,68,408.0,3.4,5.6814,0.87763089
cold,0,1,0,0.001,0.1,512,3,5,4,256,6000,8.0,2633729,1,1,9974,1105,600010,4,54,24054,69,414.0,3.45,5.76495,0.87364239
cold,0,1,0,0.001,0.1,512,3,5,4,256,6000,8.0,2633729,1,1,9974,1105,600010,4,54,24054,70,420.0,3.5,5.8485,0.87268901
cold,0,1,0,0.001,0.1,512,3,5,4,256,6000,8.0,2633729,1,1,9974,1105,600010,4,54,24054,71,426.0,3.55,5.93205,0.87542379
cold,0,1,0,0.001,0.1,512,3,5,4,256,6000,8.0,2633729,1,1,9974,1105,600010,4,54,24054,72,432.0,3.6,6.0156,0.88043988
cold,0,1,0,0.001,0.1,512,3,5,4,256,6000,8.0,2633729,1,1,9974,1105,600010,4,54,24054,73,438.0,3.65,6.09915,0.88545704
cold,0,1,0,0.001,0.1,512,3,5,4,256,6000,8.0,2633729,1,1,9974,1105,600010,4,54,24054,74,444.0,3.7,6.1827,0.88957727
cold,0,1,0,0.001,0.1,512,3,5,4,256,6000,8.0,2633729,1,1,9974,1105,600010,4,54,24054,75,450.0,3.75,6.26625,0.89327633
cold,0,1,0,0.001,0.1,512,3,5,4,256,6000,8.0,2633729,1,1,9974,1105,600010,4,54,24054,76,456.0,3.8,6.3498,0.89652252
cold,0,1,0,0.001,0.1,512,3,5,4,256,6000,8.0,2633729,1,1,9974,1105,600010,4,54,24054,77,462.0,3.85,6.43335,0.89768606
cold,0,1,0,0.001,0.1,512,3,5,4,256,6000,8.0,2633729,1,1,9974,1105,600010,4,54,24054,78,468.0,3.9,6.5169,0.89484245
cold,0,1,0,0.001,0.1,512,3,5,4,256,6000,8.0,2633729,1,1,9974,1105,600010,4,54,24054,79,474.0,3.95,6.60045,0.88827813
cold,0,1,0,0.001,0.1,512,3,5,4,256,6000,8.0,2633729,1,1,9974,1105,600010,4,54,24054,80,480.0,4.0,6.684,0.88092649
cold,0,1,0,0.001,0.1,512,3,5,4,256,6000,8.0,2633729,1,1,9974,1105,600010,4,54,24054,81,486.0,4.05,6.76755,0.87626392
cold,0,1,0,0.001,0.1,512,3,5,4,256,6000,8.0,2633729,1,1,9974,1105,600010,4,54,24054,82,492.0,4.1,6.8511,0.87619674
cold,0,1,0,0.001,0.1,512,3,5,4,256,6000,8.0,2633729,1,1,9974,1105,600010,4,54,24054,83,498.0,4.15,6.93465,0.88014424
cold,0,1,0,0.001,0.1,512,3,5,4,256,6000,8.0,2633729,1,1,9974,1105,600010,4,54,24054,84,504.0,4.2,7.0182,0.88522416
cold,0,1,0,0.001,0.1,512,3,5,4,256,6000,8.0,2633729,1,1,9974,1105,600010,4,54,24054,85,510.0,4.25,7.10175,0.88823277
cold,0,1,0,0.001,0.1,512,3,5,4,256,6000,8.0,2633729,1,1,9974,1105,600010,4,54,24054,86,516.0,4.3,7.1853,0.88793063
cold,0,1,0,0.001,0.1,512,3,5,4,256,6000,8.0,2633729,1,1,9974,1105,600010,4,54,24054,87,522.0,4.35,7.26885,0.88530767
cold,0,1,0,0.001,0.1,512,3,5,4,256,6000,8.0,2633729,1,1,9974,1105,600010,4,54,24054,88,528.0,4.4,7.3524,0.8827197
cold,0,1,0,0.001,0.1,512,3,5,4,256,6000,8.0,2633729,1,1,9974,1105,600010,4,54,24054,89,534.0,4.45,7.43595,0.88167661
cold,0,1,0,0.001,0.1,512,3,5,4,256,6000,8.0,2633729,1,1,9974,1105,600010,4,54,24054,90,540.0,4.5,7.5195,0.8812803
cold,0,1,0,0.001,0.1,512,3,5,4,256,6000,8.0,2633729,1,1,9974,1105,600010,4,54,24054,91,546.0,4.55,7.60305,0.88010907
cold,0,1,0,0.001,0.1,512,3,5,4,256,6000,8.0,2633729,1,1,9974,1105,600010,4,54,24054,92,552.0,4.6,7.6866,0.87810749
cold,0,1,0,0.001,0.1,512,3,5,4,256,6000,8.0,2633729,1,1,9974,1105,600010,4,54,24054,93,558.0,4.65,7.77015,0.87615734
cold,0,1,0,0.001,0.1,512,3,5,4,256,6000,8.0,2633729,1,1,9974,1105,600010,4,54,24054,94,564.0,4.7,7.8537,0.87530732
cold,0,1,0,0.001,0.1,512,3,5,4,256,6000,8.0,2633729,1,1,9974,1105,600010,4,54,24054,95,570.0,4.75,7.93725,0.87590313
cold,0,1,0,0.001,0.1,512,3,5,4,256,6000,8.0,2633729,1,1,9974,1105,600010,4,54,24054,96,576.0,4.8,8.0208,0.87719518
cold,0,1,0,0.001,0.1,512,3,5,4,256,6000,8.0,2633729,1,1,9974,1105,600010,4,54,24054,97,582.0,4.85,8.10435,0.87788934
cold,0,1,0,0.001,0.1,512,3,5,4,256,6000,8.0,2633729,1,1,9974,1105,600010,4,54,24054,98,588.0,4.9,8.1879,0.87699819
cold,0,1,0,0.001,0.1,512,3,5,4,256,6000,8.0,2633729,1,1,9974,1105,600010,4,54,24054,99,594.0,4.95,8.27145,0.87434417
cold,0,1,0,0.001,0.1,512,3,5,4,256,6000,8.0,2633729,1,1,9974,1105,600010,4,54,24054,100,600.0,5.0,8.355,0.87079263
cold,0,1,0,0.001,0.1,512,3,5,4,256,6000,8.0,2633729,1,1,9974,1105,600010,4,54,24054,101,606.0,5.05,8.43855,0.86827248
cold,0,1,0,0.001,0.1,512,3,5,4,256,6000,8.0,2633729,1,1,9974,1105,600010,4,54,24054,102,612.0,5.1,8.5221,0.86865461
cold,0,1,0,0.001,0.1,512,3,5,4,256,6000,8.0,2633729,1,1,9974,1105,600010,4,54,24054,103,618.0,5.15,8.60565,0.87192833
cold,0,1,0,0.001,0.1,512,3,5,4,256,6000,8.0,2633729,1,1,9974,1105,600010,4,54,24054,104,624.0,5.2,8.6892,0.87575519
cold,0,1,0,0.001,0.1,512,3,5,4,256,6000,8.0,2633729,1,1,9974,1105,600010,4,54,24054,105,630.0,5.25,8.77275,0.87788564
cold,0,1,0,0.001,0.1,512,3,5,4,256,6000,8.0,2633729,1,1,9974,1105,600010,4,54,24054,106,636.0,5.3,8.8563,0.87836379
cold,0,1,0,0.001,0.1,512,3,5,4,256,6000,8.0,2633729,1,1,9974,1105,600010,4,54,24054,107,642.0,5.35,8.93985,0.87848687
cold,0,1,0,0.001,0.1,512,3,5,4,256,6000,8.0,2633729,1,1,9974,1105,600010,4,54,24054,108,648.0,5.4,9.0234,0.87858427
cold,0,1,0,0.001,0.1,512,3,5,4,256,6000,8.0,2633729,1,1,9974,1105,600010,4,54,24054,109,654.0,5.45,9.10695,0.87775487
cold,0,1,0,0.001,0.1,512,3,5,4,256,6000,8.0,2633729,1,1,9974,1105,600010,4,54,24054,110,660.0,5.5,9.1905,0.87552583
cold,0,1,0,0.001,0.1,512,3,5,4,256,6000,8.0,2633729,1,1,9974,1105,600010,4,54,24054,111,666.0,5.55,9.27405,0.87283927
cold,0,1,0,0.001,0.1,512,3,5,4,256,6000,8.0,2633729,1,1,9974,1105,600010,4,54,24054,112,672.0,5.6,9.3576,0.87152237
cold,0,1,0,0.001,0.1,512,3,5,4,256,6000,8.0,2633729,1,1,9974,1105,600010,4,54,24054,113,678.0,5.65,9.44115,0.87314701
cold,0,1,0,0.001,0.1,512,3,5,4,256,6000,8.0,2633729,1,1,9974,1105,600010,4,54,24054,114,684.0,5.7,9.5247,0.87806869
cold,0,1,0,0.001,0.1,512,3,5,4,256,6000,8.0,2633729,1,1,9974,1105,600010,4,54,24054,115,690.0,5.75,9.60825,0.88476837
cold,0,1,0,0.001,0.1,512,3,5,4,256,6000,8.0,2633729,1,1,9974,1105,600010,4,54,24054,116,696.0,5.8,9.6918,0.8907302
cold,0,1,0,0.001,0.1,512,3,5,4,256,6000,8.0,2633729,1,1,9974,1105,600010,4,54,24054,117,702.0,5.85,9.77535,0.8940286
cold,0,1,0,0.001,0.1,512,3,5,4,256,6000,8.0,2633729,1,1,9974,1105,600010,4,54,24054,118,708.0,5.9,9.8589,0.89373726
cold,0,1,0,0.001,0.1,512,3,5,4,256,6000,8.0,2633729,1,1,9974,1105,600010,4,54,24054,119,714.0,5.95,9.94245,0.89003402
cold,0,1,0,0.001,0.1,512,3,5,4,256,6000,8.0,2633729,1,1,9974,1105,600010,4,54,24054,120,720.0,6.0,10.026,0.88479525
cold,0,1,0,0.001,0.1,512,3,5,4,256,6000,8.0,2633729,1,1,9974,1105,600010,4,234,24234,1,6.0,0.05,0.08355,0.04506493
cold,0,1,0,0.001,0.1,512,3,5,4,256,6000,8.0,2633729,1,1,9974,1105,600010,4,234,24234,2,12.0,0.1,0.1671,0.05367313
cold,0,1,0,0.001,0.1,512,3,5,4,256,6000,8.0,2633729,1,1,9974,1105,600010,4,234,24234,3,18.0,0.15,0.25065,0.06356504
cold,0,1,0,0.001,0.1,512,3,5,4,256,6000,8.0,2633729,1,1,9974,1105,600010,4,234,24234,4,24.0,0.2,0.3342,0.07429363
cold,0,1,0,0.001,0.1,512,3,5,4,256,6000,8.0,2633729,1,1,9974,1105,600010,4,234,24234,5,30.0,0.25,0.41775,0.08602753
cold,0,1,0,0.001,0.1,512,3,5,4,256,6000,8.0,2633729,1,1,9974,1105,600010,4,234,24234,6,36.0,0.3,0.5013,0.09910674
cold,0,1,0,0.001,0.1,512,3,5,4,256,6000,8.0,2633729,1,1,9974,1105,600010,4,234,24234,7,42.0,0.35,0.58485,0.11315826
cold,0,1,0,0.001,0.1,512,3,5,4,256,6000,8.0,2633729,1,1,9974,1105,600010,4,234,24234,8,48.0,0.4,0.6684,0.12820438
cold,0,1,0,0.001,0.1,512,3,5,4,256,6000,8.0,2633729,1,1,9974,1105,600010,4,234,24234,9,54.0,0.45,0.75195,0.14419404
cold,0,1,0,0.001,0.1,512,3,5,4,256,6000,8.0,2633729,1,1,9974,1105,600010,4,234,24234,10,60.0,0.5,0.8355,0.1620418
cold,0,1,0,0.001,0.1,512,3,5,4,256,6000,8.0,2633729,1,1,9974,1105,600010,4,234,24234,11,66.0,0.55,0.91905,0.18167281
cold,0,1,0,0.001,0.1,512,3,5,4,256,6000,8.0,2633729,1,1,9974,1105,600010,4,234,24234,12,72.0,0.6,1.0026,0.20123135
cold,0,1,0,0.001,0.1,512,3,5,4,256,6000,8.0,2633729,1,1,9974,1105,600010,4,234,24234,13,78.0,0.65,1.08615,0.21950075
cold,0,1,0,0.001,0.1,512,3,5,4,256,6000,8.0,2633729,1,1,9974,1105,600010,4,234,24234,14,84.0,0.7,1.1697,0.23820876
cold,0,1,0,0.001,0.1,512,3,5,4,256,6000,8.0,2633729,1,1,9974,1105,600010,4,234,24234,15,90.0,0.75,1.25325,0.25927112
cold,0,1,0,0.001,0.1,512,3,5,4,256,6000,8.0,2633729,1,1,9974,1105,600010,4,234,24234,16,96.0,0.8,1.3368,0.28200495
cold,0,1,0,0.001,0.1,512,3,5,4,256,6000,8.0,2633729,1,1,9974,1105,600010,4,234,24234,17,102.0,0.85,1.42035,0.30500036
cold,0,1,0,0.001,0.1,512,3,5,4,256,6000,8.0,2633729,1,1,9974,1105,600010,4,234,24234,18,108.0,0.9,1.5039,0.32781518
cold,0,1,0,0.001,0.1,512,3,5,4,256,6000,8.0,2633729,1,1,9974,1105,600010,4,234,24234,19,114.0,0.95,1.58745,0.35064682
cold,0,1,0,0.001,0.1,512,3,5,4,256,6000,8.0,2633729,1,1,9974,1105,600010,4,234,24234,20,120.0,1.0,1.671,0.37381363
cold,0,1,0,0.001,0.1,512,3,5,4,256,6000,8.0,2633729,1,1,9974,1105,600010,4,234,24234,21,126.0,1.05,1.75455,0.39761031
cold,0,1,0,0.001,0.1,512,3,5,4,256,6000,8.0,2633729,1,1,9974,1105,600010,4,234,24234,22,132.0,1.1,1.8381,0.42168412
cold,0,1,0,0.001,0.1,512,3,5,4,256,6000,8.0,2633729,1,1,9974,1105,600010,4,234,24234,23,138.0,1.15,1.92165,0.44612038
cold,0,1,0,0.001,0.1,512,3,5,4,256,6000,8.0,2633729,1,1,9974,1105,600010,4,234,24234,24,144.0,1.2,2.0052,0.47086415
cold,0,1,0,0.001,0.1,512,3,5,4,256,6000,8.0,2633729,1,1,9974,1105,600010,4,234,24234,25,150.0,1.25,2.08875,0.49423325
cold,0,1,0,0.001,0.1,512,3,5,4,256,6000,8.0,2633729,1,1,9974,1105,600010,4,234,24234,26,156.0,1.3,2.1723,0.51539826
cold,0,1,0,0.001,0.1,512,3,5,4,256,6000,8.0,2633729,1,1,9974,1105,600010,4,234,24234,27,162.0,1.35,2.25585,0.53563172
cold,0,1,0,0.001,0.1,512,3,5,4,256,6000,8.0,2633729,1,1,9974,1105,600010,4,234,24234,28,168.0,1.4,2.3394,0.55495447
cold,0,1,0,0.001,0.1,512,3,5,4,256,6000,8.0,2633729,1,1,9974,1105,600010,4,234,24234,29,174.0,1.45,2.42295,0.57265198
cold,0,1,0,0.001,0.1,512,3,5,4,256,6000,8.0,2633729,1,1,9974,1105,600010,4,234,24234,30,180.0,1.5,2.5065,0.58968824
cold,0,1,0,0.001,0.1,512,3,5,4,256,6000,8.0,2633729,1,1,9974,1105,600010,4,234,24234,31,186.0,1.55,2.59005,0.60792774
cold,0,1,0,0.001,0.1,512,3,5,4,256,6000,8.0,2633729,1,1,9974,1105,600010,4,234,24234,32,192.0,1.6,2.6736,0.62683868
cold,0,1,0,0.001,0.1,512,3,5,4,256,6000,8.0,2633729,1,1,9974,1105,600010,4,234,24234,33,198.0,1.65,2.75715,0.6439358
cold,0,1,0,0.001,0.1,512,3,5,4,256,6000,8.0,2633729,1,1,9974,1105,600010,4,234,24234,34,204.0,1.7,2.8407,0.65774262
cold,0,1,0,0.001,0.1,512,3,5,4,256,6000,8.0,2633729,1,1,9974,1105,600010,4,234,24234,35,210.0,1.75,2.92425,0.66900563
cold,0,1,0,0.001,0.1,512,3,5,4,256,6000,8.0,2633729,1,1,9974,1105,600010,4,234,24234,36,216.0,1.8,3.0078,0.67982304
cold,0,1,0,0.001,0.1,512,3,5,4,256,6000,8.0,2633729,1,1,9974,1105,600010,4,234,24234,37,222.0,1.85,3.09135,0.69219565
cold,0,1,0,0.001,0.1,512,3,5,4,256,6000,8.0,2633729,1,1,9974,1105,600010,4,234,24234,38,228.0,1.9,3.1749,0.70643431
cold,0,1,0,0.001,0.1,512,3,5,4,256,6000,8.0,2633729,1,1,9974,1105,600010,4,234,24234,39,234.0,1.95,3.25845,0.72182459
cold,0,1,0,0.001,0.1,512,3,5,4,256,6000,8.0,2633729,1,1,9974,1105,600010,4,234,24234,40,240.0,2.0,3.342,0.73775262
cold,0,1,0,0.001,0.1,512,3,5,4,256,6000,8.0,2633729,1,1,9974,1105,600010,4,234,24234,41,246.0,2.05,3.42555,0.75345415
cold,0,1,0,0.001,0.1,512,3,5,4,256,6000,8.0,2633729,1,1,9974,1105,600010,4,234,24234,42,252.0,2.1,3.5091,0.76795042
cold,0,1,0,0.001,0.1,512,3,5,4,256,6000,8.0,2633729,1,1,9974,1105,600010,4,234,24234,43,258.0,2.15,3.59265,0.78012997
cold,0,1,0,0.001,0.1,512,3,5,4,256,6000,8.0,2633729,1,1,9974,1105,600010,4,234,24234,44,264.0,2.2,3.6762,0.78946275
cold,0,1,0,0.001,0.1,512,3,5,4,256,6000,8.0,2633729,1,1,9974,1105,600010,4,234,24234,45,270.0,2.25,3.75975,0.79717511
cold,0,1,0,0.001,0.1,512,3,5,4,256,6000,8.0,2633729,1,1,9974,1105,600010,4,234,24234,46,276.0,2.3,3.8433,0.80525178
cold,0,1,0,0.001,0.1,512,3,5,4,256,6000,8.0,2633729,1,1,9974,1105,600010,4,234,24234,47,282.0,2.35,3.92685,0.81504291
cold,0,1,0,0.001,0.1,512,3,5,4,256,6000,8.0,2633729,1,1,9974,1105,600010,4,234,24234,48,288.0,2.4,4.0104,0.82555526
cold,0,1,0,0.001,0.1,512,3,5,4,256,6000,8.0,2633729,1,1,9974,1105,600010,4,234,24234,49,294.0,2.45,4.09395,0.83525127
cold,0,1,0,0.001,0.1,512,3,5,4,256,6000,8.0,2633729,1,1,9974,1105,600010,4,234,24234,50,300.0,2.5,4.1775,0.84447092
cold,0,1,0,0.001,0.1,512,3,5,4,256,6000,8.0,2633729,1,1,9974,1105,600010,4,234,24234,51,306.0,2.55,4.26105,0.85402048
cold,0,1,0,0.001,0.1,512,3,5,4,256,6000,8.0,2633729,1,1,9974,1105,600010,4,234,24234,52,312.0,2.6,4.3446,0.86360365
cold,0,1,0,0.001,0.1,512,3,5,4,256,6000,8.0,2633729,1,1,9974,1105,600010,4,234,24234,53,318.0,2.65,4.42815,0.87159151
cold,0,1,0,0.001,0.1,512,3,5,4,256,6000,8.0,2633729,1,1,9974,1105,600010,4,234,24234,54,324.0,2.7,4.5117,0.87701195
cold,0,1,0,0.001,0.1,512,3,5,4,256,6000,8.0,2633729,1,1,9974,1105,600010,4,234,24234,55,330.0,2.75,4.59525,0.88085753
cold,0,1,0,0.001,0.1,512,3,5,4,256,6000,8.0,2633729,1,1,9974,1105,600010,4,234,24234,56,336.0,2.8,4.6788,0.88431519
cold,0,1,0,0.001,0.1,512,3,5,4,256,6000,8.0,2633729,1,1,9974,1105,600010,4,234,24234,57,342.0,2.85,4.76235,0.88803226
cold,0,1,0,0.001,0.1,512,3,5,4,256,6000,8.0,2633729,1,1,9974,1105,600010,4,234,24234,58,348.0,2.9,4.8459,0.89190966
cold,0,1,0,0.001,0.1,512,3,5,4,256,6000,8.0,2633729,1,1,9974,1105,600010,4,234,24234,59,354.0,2.95,4.92945,0.89579606
cold,0,1,0,0.001,0.1,512,3,5,4,256,6000,8.0,2633729,1,1,9974,1105,600010,4,234,24234,60,360.0,3.0,5.013,0.89990914
cold,0,1,0,0.001,0.1,512,3,5,4,256,6000,8.0,2633729,1,1,9974,1105,600010,4,234,24234,61,366.0,3.05,5.09655,0.90372574
cold,0,1,0,0.001,0.1,512,3,5,4,256,6000,8.0,2633729,1,1,9974,1105,600010,4,234,24234,62,372.0,3.1,5.1801,0.90592515
cold,0,1,0,0.001,0.1,512,3,5,4,256,6000,8.0,2633729,1,1,9974,1105,600010,4,234,24234,63,378.0,3.15,5.26365,0.90644157
cold,0,1,0,0.001,0.1,512,3,5,4,256,6000,8.0,2633729,1,1,9974,1105,600010,4,234,24234,64,384.0,3.2,5.3472,0.90747464
cold,0,1,0,0.001,0.1,512,3,5,4,256,6000,8.0,2633729,1,1,9974,1105,600010,4,234,24234,65,390.0,3.25,5.43075,0.91173375
cold,0,1,0,0.001,0.1,512,3,5,4,256,6000,8.0,2633729,1,1,9974,1105,600010,4,234,24234,66,396.0,3.3,5.5143,0.91943365
cold,0,1,0,0.001,0.1,512,3,5,4,256,6000,8.0,2633729,1,1,9974,1105,600010,4,234,24234,67,402.0,3.35,5.59785,0.92820811
cold,0,1,0,0.001,0.1,512,3,5,4,256,6000,8.0,2633729,1,1,9974,1105,600010,4,234,24234,68,408.0,3.4,5.6814,0.93522507
cold,0,1,0,0.001,0.1,512,3,5,4,256,6000,8.0,2633729,1,1,9974,1105,600010,4,234,24234,69,414.0,3.45,5.76495,0.93969554
cold,0,1,0,0.001,0.1,512,3,5,4,256,6000,8.0,2633729,1,1,9974,1105,600010,4,234,24234,70,420.0,3.5,5.8485,0.94225031
cold,0,1,0,0.001,0.1,512,3,5,4,256,6000,8.0,2633729,1,1,9974,1105,600010,4,234,24234,71,426.0,3.55,5.93205,0.94192129
cold,0,1,0,0.001,0.1,512,3,5,4,256,6000,8.0,2633729,1,1,9974,1105,600010,4,234,24234,72,432.0,3.6,6.0156,0.93854362
cold,0,1,0,0.001,0.1,512,3,5,4,256,6000,8.0,2633729,1,1,9974,1105,600010,4,234,24234,73,438.0,3.65,6.09915,0.934829
cold,0,1,0,0.001,0.1,512,3,5,4,256,6000,8.0,2633729,1,1,9974,1105,600010,4,234,24234,74,444.0,3.7,6.1827,0.93360668
cold,0,1,0,0.001,0.1,512,3,5,4,256,6000,8.0,2633729,1,1,9974,1105,600010,4,234,24234,75,450.0,3.75,6.26625,0.93553531
cold,0,1,0,0.001,0.1,512,3,5,4,256,6000,8.0,2633729,1,1,9974,1105,600010,4,234,24234,76,456.0,3.8,6.3498,0.93943536
cold,0,1,0,0.001,0.1,512,3,5,4,256,6000,8.0,2633729,1,1,9974,1105,600010,4,234,24234,77,462.0,3.85,6.43335,0.94376731
cold,0,1,0,0.001,0.1,512,3,5,4,256,6000,8.0,2633729,1,1,9974,1105,600010,4,234,24234,78,468.0,3.9,6.5169,0.94777
cold,0,1,0,0.001,0.1,512,3,5,4,256,6000,8.0,2633729,1,1,9974,1105,600010,4,234,24234,79,474.0,3.95,6.60045,0.95113701
cold,0,1,0,0.001,0.1,512,3,5,4,256,6000,8.0,2633729,1,1,9974,1105,600010,4,234,24234,80,480.0,4.0,6.684,0.95361912
cold,0,1,0,0.001,0.1,512,3,5,4,256,6000,8.0,2633729,1,1,9974,1105,600010,4,234,24234,81,486.0,4.05,6.76755,0.95498294
cold,0,1,0,0.001,0.1,512,3,5,4,256,6000,8.0,2633729,1,1,9974,1105,600010,4,234,24234,82,492.0,4.1,6.8511,0.95480084
cold,0,1,0,0.001,0.1,512,3,5,4,256,6000,8.0,2633729,1,1,9974,1105,600010,4,234,24234,83,498.0,4.15,6.93465,0.95350736
cold,0,1,0,0.001,0.1,512,3,5,4,256,6000,8.0,2633729,1,1,9974,1105,600010,4,234,24234,84,504.0,4.2,7.0182,0.95353073
cold,0,1,0,0.001,0.1,512,3,5,4,256,6000,8.0,2633729,1,1,9974,1105,600010,4,234,24234,85,510.0,4.25,7.10175,0.95652211
cold,0,1,0,0.001,0.1,512,3,5,4,256,6000,8.0,2633729,1,1,9974,1105,600010,4,234,24234,86,516.0,4.3,7.1853,0.96120197
cold,0,1,0,0.001,0.1,512,3,5,4,256,6000,8.0,2633729,1,1,9974,1105,600010,4,234,24234,87,522.0,4.35,7.26885,0.96549726
cold,0,1,0,0.001,0.1,512,3,5,4,256,6000,8.0,2633729,1,1,9974,1105,600010,4,234,24234,88,528.0,4.4,7.3524,0.96898681
cold,0,1,0,0.001,0.1,512,3,5,4,256,6000,8.0,2633729,1,1,9974,1105,600010,4,234,24234,89,534.0,4.45,7.43595,0.97145969
cold,0,1,0,0.001,0.1,512,3,5,4,256,6000,8.0,2633729,1,1,9974,1105,600010,4,234,24234,90,540.0,4.5,7.5195,0.9722687
cold,0,1,0,0.001,0.1,512,3,5,4,256,6000,8.0,2633729,1,1,9974,1105,600010,4,234,24234,91,546.0,4.55,7.60305,0.97261852
cold,0,1,0,0.001,0.1,512,3,5,4,256,6000,8.0,2633729,1,1,9974,1105,600010,4,234,24234,92,552.0,4.6,7.6866,0.97379285
cold,0,1,0,0.001,0.1,512,3,5,4,256,6000,8.0,2633729,1,1,9974,1105,600010,4,234,24234,93,558.0,4.65,7.77015,0.97515643
cold,0,1,0,0.001,0.1,512,3,5,4,256,6000,8.0,2633729,1,1,9974,1105,600010,4,234,24234,94,564.0,4.7,7.8537,0.97605264
cold,0,1,0,0.001,0.1,512,3,5,4,256,6000,8.0,2633729,1,1,9974,1105,600010,4,234,24234,95,570.0,4.75,7.93725,0.9766373
cold,0,1,0,0.001,0.1,512,3,5,4,256,6000,8.0,2633729,1,1,9974,1105,600010,4,234,24234,96,576.0,4.8,8.0208,0.97805232
cold,0,1,0,0.001,0.1,512,3,5,4,256,6000,8.0,2633729,1,1,9974,1105,600010,4,234,24234,97,582.0,4.85,8.10435,0.98138374
cold,0,1,0,0.001,0.1,512,3,5,4,256,6000,8.0,2633729,1,1,9974,1105,600010,4,234,24234,98,588.0,4.9,8.1879,0.98556185
cold,0,1,0,0.001,0.1,512,3,5,4,256,6000,8.0,2633729,1,1,9974,1105,600010,4,234,24234,99,594.0,4.95,8.27145,0.98834169
cold,0,1,0,0.001,0.1,512,3,5,4,256,6000,8.0,2633729,1,1,9974,1105,600010,4,234,24234,100,600.0,5.0,8.355,0.98944873
cold,0,1,0,0.001,0.1,512,3,5,4,256,6000,8.0,2633729,1,1,9974,1105,600010,4,234,24234,101,606.0,5.05,8.43855,0.99025989
cold,0,1,0,0.001,0.1,512,3,5,4,256,6000,8.0,2633729,1,1,9974,1105,600010,4,234,24234,102,612.0,5.1,8.5221,0.99190718
cold,0,1,0,0.001,0.1,512,3,5,4,256,6000,8.0,2633729,1,1,9974,1105,600010,4,234,24234,103,618.0,5.15,8.60565,0.9938398
cold,0,1,0,0.001,0.1,512,3,5,4,256,6000,8.0,2633729,1,1,9974,1105,600010,4,234,24234,104,624.0,5.2,8.6892,0.99433255
cold,0,1,0,0.001,0.1,512,3,5,4,256,6000,8.0,2633729,1,1,9974,1105,600010,4,234,24234,105,630.0,5.25,8.77275,0.99193752
cold,0,1,0,0.001,0.1,512,3,5,4,256,6000,8.0,2633729,1,1,9974,1105,600010,4,234,24234,106,636.0,5.3,8.8563,0.9872964
cold,0,1,0,0.001,0.1,512,3,5,4,256,6000,8.0,2633729,1,1,9974,1105,600010,4,234,24234,107,642.0,5.35,8.93985,0.98310965
cold,0,1,0,0.001,0.1,512,3,5,4,256,6000,8.0,2633729,1,1,9974,1105,600010,4,234,24234,108,648.0,5.4,9.0234,0.98177528
cold,0,1,0,0.001,0.1,512,3,5,4,256,6000,8.0,2633729,1,1,9974,1105,600010,4,234,24234,109,654.0,5.45,9.10695,0.98233151
cold,0,1,0,0.001,0.1,512,3,5,4,256,6000,8.0,2633729,1,1,9974,1105,600010,4,234,24234,110,660.0,5.5,9.1905,0.98251611
cold,0,1,0,0.001,0.1,512,3,5,4,256,6000,8.0,2633729,1,1,9974,1105,600010,4,234,24234,111,666.0,5.55,9.27405,0.98228407
cold,0,1,0,0.001,0.1,512,3,5,4,256,6000,8.0,2633729,1,1,9974,1105,600010,4,234,24234,112,672.0,5.6,9.3576,0.98346746
cold,0,1,0,0.001,0.1,512,3,5,4,256,6000,8.0,2633729,1,1,9974,1105,600010,4,234,24234,113,678.0,5.65,9.44115,0.98674262
cold,0,1,0,0.001,0.1,512,3,5,4,256,6000,8.0,2633729,1,1,9974,1105,600010,4,234,24234,114,684.0,5.7,9.5247,0.99101609
cold,0,1,0,0.001,0.1,512,3,5,4,256,6000,8.0,2633729,1,1,9974,1105,600010,4,234,24234,115,690.0,5.75,9.60825,0.99467331
cold,0,1,0,0.001,0.1,512,3,5,4,256,6000,8.0,2633729,1,1,9974,1105,600010,4,234,24234,116,696.0,5.8,9.6918,0.99631536
cold,0,1,0,0.001,0.1,512,3,5,4,256,6000,8.0,2633729,1,1,9974,1105,600010,4,234,24234,117,702.0,5.85,9.77535,0.99619257
cold,0,1,0,0.001,0.1,512,3,5,4,256,6000,8.0,2633729,1,1,9974,1105,600010,4,234,24234,118,708.0,5.9,9.8589,0.99565458
cold,0,1,0,0.001,0.1,512,3,5,4,256,6000,8.0,2633729,1,1,9974,1105,600010,4,234,24234,119,714.0,5.95,9.94245,0.99481714
cold,0,1,0,0.001,0.1,512,3,5,4,256,6000,8.0,2633729,1,1,9974,1105,600010,4,234,24234,120,720.0,6.0,10.026,0.99346942
cold,0,1,0,0.001,0.1,512,3,5,4,256,6000,8.0,2633729,1,1,9974,1105,600010,4,1023,25023,1,6.0,0.05,0.08355,0.03842765
cold,0,1,0,0.001,0.1,512,3,5,4,256,6000,8.0,2633729,1,1,9974,1105,600010,4,1023,25023,2,12.0,0.1,0.1671,0.0456273
cold,0,1,0,0.001,0.1,512,3,5,4,256,6000,8.0,2633729,1,1,9974,1105,600010,4,1023,25023,3,18.0,0.15,0.25065,0.05364567
cold,0,1,0,0.001,0.1,512,3,5,4,256,6000,8.0,2633729,1,1,9974,1105,600010,4,1023,25023,4,24.0,0.2,0.3342,0.06113385
cold,0,1,0,0.001,0.1,512,3,5,4,256,6000,8.0,2633729,1,1,9974,1105,600010,4,1023,25023,5,30.0,0.25,0.41775,0.06820262
cold,0,1,0,0.001,0.1,512,3,5,4,256,6000,8.0,2633729,1,1,9974,1105,600010,4,1023,25023,6,36.0,0.3,0.5013,0.07815859
cold,0,1,0,0.001,0.1,512,3,5,4,256,6000,8.0,2633729,1,1,9974,1105,600010,4,1023,25023,7,42.0,0.35,0.58485,0.08856883
cold,0,1,0,0.001,0.1,512,3,5,4,256,6000,8.0,2633729,1,1,9974,1105,600010,4,1023,25023,8,48.0,0.4,0.6684,0.09922761
cold,0,1,0,0.001,0.1,512,3,5,4,256,6000,8.0,2633729,1,1,9974,1105,600010,4,1023,25023,9,54.0,0.45,0.75195,0.11031255
cold,0,1,0,0.001,0.1,512,3,5,4,256,6000,8.0,2633729,1,1,9974,1105,600010,4,1023,25023,10,60.0,0.5,0.8355,0.1224793
cold,0,1,0,0.001,0.1,512,3,5,4,256,6000,8.0,2633729,1,1,9974,1105,600010,4,1023,25023,11,66.0,0.55,0.91905,0.13566841
cold,0,1,0,0.001,0.1,512,3,5,4,256,6000,8.0,2633729,1,1,9974,1105,600010,4,1023,25023,12,72.0,0.6,1.0026,0.14972469
cold,0,1,0,0.001,0.1,512,3,5,4,256,6000,8.0,2633729,1,1,9974,1105,600010,4,1023,25023,13,78.0,0.65,1.08615,0.16523404
cold,0,1,0,0.001,0.1,512,3,5,4,256,6000,8.0,2633729,1,1,9974,1105,600010,4,1023,25023,14,84.0,0.7,1.1697,0.18387327
cold,0,1,0,0.001,0.1,512,3,5,4,256,6000,8.0,2633729,1,1,9974,1105,600010,4,1023,25023,15,90.0,0.75,1.25325,0.2059744
cold,0,1,0,0.001,0.1,512,3,5,4,256,6000,8.0,2633729,1,1,9974,1105,600010,4,1023,25023,16,96.0,0.8,1.3368,0.22950928
cold,0,1,0,0.001,0.1,512,3,5,4,256,6000,8.0,2633729,1,1,9974,1105,600010,4,1023,25023,17,102.0,0.85,1.42035,0.25252122
cold,0,1,0,0.001,0.1,512,3,5,4,256,6000,8.0,2633729,1,1,9974,1105,600010,4,1023,25023,18,108.0,0.9,1.5039,0.27427238
cold,0,1,0,0.001,0.1,512,3,5,4,256,6000,8.0,2633729,1,1,9974,1105,600010,4,1023,25023,19,114.0,0.95,1.58745,0.29535127
cold,0,1,0,0.001,0.1,512,3,5,4,256,6000,8.0,2633729,1,1,9974,1105,600010,4,1023,25023,20,120.0,1.0,1.671,0.31698769
cold,0,1,0,0.001,0.1,512,3,5,4,256,6000,8.0,2633729,1,1,9974,1105,600010,4,1023,25023,21,126.0,1.05,1.75455,0.3398464
cold,0,1,0,0.001,0.1,512,3,5,4,256,6000,8.0,2633729,1,1,9974,1105,600010,4,1023,25023,22,132.0,1.1,1.8381,0.36381415
cold,0,1,0,0.001,0.1,512,3,5,4,256,6000,8.0,2633729,1,1,9974,1105,600010,4,1023,25023,23,138.0,1.15,1.92165,0.38868466
cold,0,1,0,0.001,0.1,512,3,5,4,256,6000,8.0,2633729,1,1,9974,1105,600010,4,1023,25023,24,144.0,1.2,2.0052,0.41425908
cold,0,1,0,0.001,0.1,512,3,5,4,256,6000,8.0,2633729,1,1,9974,1105,600010,4,1023,25023,25,150.0,1.25,2.08875,0.44039777
cold,0,1,0,0.001,0.1,512,3,5,4,256,6000,8.0,2633729,1,1,9974,1105,600010,4,1023,25023,26,156.0,1.3,2.1723,0.46693909
cold,0,1,0,0.001,0.1,512,3,5,4,256,6000,8.0,2633729,1,1,9974,1105,600010,4,1023,25023,27,162.0,1.35,2.25585,0.49335077
cold,0,1,0,0.001,0.1,512,3,5,4,256,6000,8.0,2633729,1,1,9974,1105,600010,4,1023,25023,28,168.0,1.4,2.3394,0.51853812
cold,0,1,0,0.001,0.1,512,3,5,4,256,6000,8.0,2633729,1,1,9974,1105,600010,4,1023,25023,29,174.0,1.45,2.42295,0.54147249
cold,0,1,0,0.001,0.1,512,3,5,4,256,6000,8.0,2633729,1,1,9974,1105,600010,4,1023,25023,30,180.0,1.5,2.5065,0.56338489
cold,0,1,0,0.001,0.1,512,3,5,4,256,6000,8.0,2633729,1,1,9974,1105,600010,4,1023,25023,31,186.0,1.55,2.59005,0.58625805
cold,0,1,0,0.001,0.1,512,3,5,4,256,6000,8.0,2633729,1,1,9974,1105,600010,4,1023,25023,32,192.0,1.6,2.6736,0.60988855
cold,0,1,0,0.001,0.1,512,3,5,4,256,6000,8.0,2633729,1,1,9974,1105,600010,4,1023,25023,33,198.0,1.65,2.75715,0.63186169
cold,0,1,0,0.001,0.1,512,3,5,4,256,6000,8.0,2633729,1,1,9974,1105,600010,4,1023,25023,34,204.0,1.7,2.8407,0.65033132
cold,0,1,0,0.001,0.1,512,3,5,4,256,6000,8.0,2633729,1,1,9974,1105,600010,4,1023,25023,35,210.0,1.75,2.92425,0.66566205
cold,0,1,0,0.001,0.1,512,3,5,4,256,6000,8.0,2633729,1,1,9974,1105,600010,4,1023,25023,36,216.0,1.8,3.0078,0.67927498
cold,0,1,0,0.001,0.1,512,3,5,4,256,6000,8.0,2633729,1,1,9974,1105,600010,4,1023,25023,37,222.0,1.85,3.09135,0.69303793
cold,0,1,0,0.001,0.1,512,3,5,4,256,6000,8.0,2633729,1,1,9974,1105,600010,4,1023,25023,38,228.0,1.9,3.1749,0.70932031
cold,0,1,0,0.001,0.1,512,3,5,4,256,6000,8.0,2633729,1,1,9974,1105,600010,4,1023,25023,39,234.0,1.95,3.25845,0.72933191
cold,0,1,0,0.001,0.1,512,3,5,4,256,6000,8.0,2633729,1,1,9974,1105,600010,4,1023,25023,40,240.0,2.0,3.342,0.75103235
cold,0,1,0,0.001,0.1,512,3,5,4,256,6000,8.0,2633729,1,1,9974,1105,600010,4,1023,25023,41,246.0,2.05,3.42555,0.77099484
cold,0,1,0,0.001,0.1,512,3,5,4,256,6000,8.0,2633729,1,1,9974,1105,600010,4,1023,25023,42,252.0,2.1,3.5091,0.78665054
cold,0,1,0,0.001,0.1,512,3,5,4,256,6000,8.0,2633729,1,1,9974,1105,600010,4,1023,25023,43,258.0,2.15,3.59265,0.79728073
cold,0,1,0,0.001,0.1,512,3,5,4,256,6000,8.0,2633729,1,1,9974,1105,600010,4,1023,25023,44,264.0,2.2,3.6762,0.8032068
cold,0,1,0,0.001,0.1,512,3,5,4,256,6000,8.0,2633729,1,1,9974,1105,600010,4,1023,25023,45,270.0,2.25,3.75975,0.805646
cold,0,1,0,0.001,0.1,512,3,5,4,256,6000,8.0,2633729,1,1,9974,1105,600010,4,1023,25023,46,276.0,2.3,3.8433,0.80732632
cold,0,1,0,0.001,0.1,512,3,5,4,256,6000,8.0,2633729,1,1,9974,1105,600010,4,1023,25023,47,282.0,2.35,3.92685,0.81056255
cold,0,1,0,0.001,0.1,512,3,5,4,256,6000,8.0,2633729,1,1,9974,1105,600010,4,1023,25023,48,288.0,2.4,4.0104,0.8164748
cold,0,1,0,0.001,0.1,512,3,5,4,256,6000,8.0,2633729,1,1,9974,1105,600010,4,1023,25023,49,294.0,2.45,4.09395,0.82509202
cold,0,1,0,0.001,0.1,512,3,5,4,256,6000,8.0,2633729,1,1,9974,1105,600010,4,1023,25023,50,300.0,2.5,4.1775,0.83578438
cold,0,1,0,0.001,0.1,512,3,5,4,256,6000,8.0,2633729,1,1,9974,1105,600010,4,1023,25023,51,306.0,2.55,4.26105,0.84797883
cold,0,1,0,0.001,0.1,512,3,5,4,256,6000,8.0,2633729,1,1,9974,1105,600010,4,1023,25023,52,312.0,2.6,4.3446,0.86005509
cold,0,1,0,0.001,0.1,512,3,5,4,256,6000,8.0,2633729,1,1,9974,1105,600010,4,1023,25023,53,318.0,2.65,4.42815,0.86934525
cold,0,1,0,0.001,0.1,512,3,5,4,256,6000,8.0,2633729,1,1,9974,1105,600010,4,1023,25023,54,324.0,2.7,4.5117,0.87493527
cold,0,1,0,0.001,0.1,512,3,5,4,256,6000,8.0,2633729,1,1,9974,1105,600010,4,1023,25023,55,330.0,2.75,4.59525,0.8785904
cold,0,1,0,0.001,0.1,512,3,5,4,256,6000,8.0,2633729,1,1,9974,1105,600010,4,1023,25023,56,336.0,2.8,4.6788,0.883012
cold,0,1,0,0.001,0.1,512,3,5,4,256,6000,8.0,2633729,1,1,9974,1105,600010,4,1023,25023,57,342.0,2.85,4.76235,0.88973874
cold,0,1,0,0.001,0.1,512,3,5,4,256,6000,8.0,2633729,1,1,9974,1105,600010,4,1023,25023,58,348.0,2.9,4.8459,0.89765173
cold,0,1,0,0.001,0.1,512,3,5,4,256,6000,8.0,2633729,1,1,9974,1105,600010,4,1023,25023,59,354.0,2.95,4.92945,0.90332156
cold,0,1,0,0.001,0.1,512,3,5,4,256,6000,8.0,2633729,1,1,9974,1105,600010,4,1023,25023,60,360.0,3.0,5.013,0.90535569
cold,0,1,0,0.001,0.1,512,3,5,4,256,6000,8.0,2633729,1,1,9974,1105,600010,4,1023,25023,61,366.0,3.05,5.09655,0.90725172
cold,0,1,0,0.001,0.1,512,3,5,4,256,6000,8.0,2633729,1,1,9974,1105,600010,4,1023,25023,62,372.0,3.1,5.1801,0.91227061
cold,0,1,0,0.001,0.1,512,3,5,4,256,6000,8.0,2633729,1,1,9974,1105,600010,4,1023,25023,63,378.0,3.15,5.26365,0.91961306
cold,0,1,0,0.001,0.1,512,3,5,4,256,6000,8.0,2633729,1,1,9974,1105,600010,4,1023,25023,64,384.0,3.2,5.3472,0.92738754
cold,0,1,0,0.001,0.1,512,3,5,4,256,6000,8.0,2633729,1,1,9974,1105,600010,4,1023,25023,65,390.0,3.25,5.43075,0.93509024
cold,0,1,0,0.001,0.1,512,3,5,4,256,6000,8.0,2633729,1,1,9974,1105,600010,4,1023,25023,66,396.0,3.3,5.5143,0.94285989
cold,0,1,0,0.001,0.1,512,3,5,4,256,6000,8.0,2633729,1,1,9974,1105,600010,4,1023,25023,67,402.0,3.35,5.59785,0.94988167
cold,0,1,0,0.001,0.1,512,3,5,4,256,6000,8.0,2633729,1,1,9974,1105,600010,4,1023,25023,68,408.0,3.4,5.6814,0.95517063
cold,0,1,0,0.001,0.1,512,3,5,4,256,6000,8.0,2633729,1,1,9974,1105,600010,4,1023,25023,69,414.0,3.45,5.76495,0.9595167
cold,0,1,0,0.001,0.1,512,3,5,4,256,6000,8.0,2633729,1,1,9974,1105,600010,4,1023,25023,70,420.0,3.5,5.8485,0.96438164
cold,0,1,0,0.001,0.1,512,3,5,4,256,6000,8.0,2633729,1,1,9974,1105,600010,4,1023,25023,71,426.0,3.55,5.93205,0.96999818
cold,0,1,0,0.001,0.1,512,3,5,4,256,6000,8.0,2633729,1,1,9974,1105,600010,4,1023,25023,72,432.0,3.6,6.0156,0.97555739
cold,0,1,0,0.001,0.1,512,3,5,4,256,6000,8.0,2633729,1,1,9974,1105,600010,4,1023,25023,73,438.0,3.65,6.09915,0.98006964
cold,0,1,0,0.001,0.1,512,3,5,4,256,6000,8.0,2633729,1,1,9974,1105,600010,4,1023,25023,74,444.0,3.7,6.1827,0.98275316
cold,0,1,0,0.001,0.1,512,3,5,4,256,6000,8.0,2633729,1,1,9974,1105,600010,4,1023,25023,75,450.0,3.75,6.26625,0.98303187
cold,0,1,0,0.001,0.1,512,3,5,4,256,6000,8.0,2633729,1,1,9974,1105,600010,4,1023,25023,76,456.0,3.8,6.3498,0.98100609
cold,0,1,0,0.001,0.1,512,3,5,4,256,6000,8.0,2633729,1,1,9974,1105,600010,4,1023,25023,77,462.0,3.85,6.43335,0.97831345
cold,0,1,0,0.001,0.1,512,3,5,4,256,6000,8.0,2633729,1,1,9974,1105,600010,4,1023,25023,78,468.0,3.9,6.5169,0.97732437
cold,0,1,0,0.001,0.1,512,3,5,4,256,6000,8.0,2633729,1,1,9974,1105,600010,4,1023,25023,79,474.0,3.95,6.60045,0.97930223
cold,0,1,0,0.001,0.1,512,3,5,4,256,6000,8.0,2633729,1,1,9974,1105,600010,4,1023,25023,80,480.0,4.0,6.684,0.98317194
cold,0,1,0,0.001,0.1,512,3,5,4,256,6000,8.0,2633729,1,1,9974,1105,600010,4,1023,25023,81,486.0,4.05,6.76755,0.98680675
cold,0,1,0,0.001,0.1,512,3,5,4,256,6000,8.0,2633729,1,1,9974,1105,600010,4,1023,25023,82,492.0,4.1,6.8511,0.9888894
cold,0,1,0,0.001,0.1,512,3,5,4,256,6000,8.0,2633729,1,1,9974,1105,600010,4,1023,25023,83,498.0,4.15,6.93465,0.98972279
cold,0,1,0,0.001,0.1,512,3,5,4,256,6000,8.0,2633729,1,1,9974,1105,600010,4,1023,25023,84,504.0,4.2,7.0182,0.98963273
cold,0,1,0,0.001,0.1,512,3,5,4,256,6000,8.0,2633729,1,1,9974,1105,600010,4,1023,25023,85,510.0,4.25,7.10175,0.98840731
cold,0,1,0,0.001,0.1,512,3,5,4,256,6000,8.0,2633729,1,1,9974,1105,600010,4,1023,25023,86,516.0,4.3,7.1853,0.98648608
cold,0,1,0,0.001,0.1,512,3,5,4,256,6000,8.0,2633729,1,1,9974,1105,600010,4,1023,25023,87,522.0,4.35,7.26885,0.98538703
cold,0,1,0,0.001,0.1,512,3,5,4,256,6000,8.0,2633729,1,1,9974,1105,600010,4,1023,25023,88,528.0,4.4,7.3524,0.98558247
cold,0,1,0,0.001,0.1,512,3,5,4,256,6000,8.0,2633729,1,1,9974,1105,600010,4,1023,25023,89,534.0,4.45,7.43595,0.98540074
cold,0,1,0,0.001,0.1,512,3,5,4,256,6000,8.0,2633729,1,1,9974,1105,600010,4,1023,25023,90,540.0,4.5,7.5195,0.98444462
cold,0,1,0,0.001,0.1,512,3,5,4,256,6000,8.0,2633729,1,1,9974,1105,600010,4,1023,25023,91,546.0,4.55,7.60305,0.98492479
cold,0,1,0,0.001,0.1,512,3,5,4,256,6000,8.0,2633729,1,1,9974,1105,600010,4,1023,25023,92,552.0,4.6,7.6866,0.98823637
cold,0,1,0,0.001,0.1,512,3,5,4,256,6000,8.0,2633729,1,1,9974,1105,600010,4,1023,25023,93,558.0,4.65,7.77015,0.99345267
cold,0,1,0,0.001,0.1,512,3,5,4,256,6000,8.0,2633729,1,1,9974,1105,600010,4,1023,25023,94,564.0,4.7,7.8537,0.99837399
cold,0,1,0,0.001,0.1,512,3,5,4,256,6000,8.0,2633729,1,1,9974,1105,600010,4,1023,25023,95,570.0,4.75,7.93725,1.00160372
cold,0,1,0,0.001,0.1,512,3,5,4,256,6000,8.0,2633729,1,1,9974,1105,600010,4,1023,25023,96,576.0,4.8,8.0208,1.00280511
cold,0,1,0,0.001,0.1,512,3,5,4,256,6000,8.0,2633729,1,1,9974,1105,600010,4,1023,25023,97,582.0,4.85,8.10435,1.00189936
cold,0,1,0,0.001,0.1,512,3,5,4,256,6000,8.0,2633729,1,1,9974,1105,600010,4,1023,25023,98,588.0,4.9,8.1879,0.99909925
cold,0,1,0,0.001,0.1,512,3,5,4,256,6000,8.0,2633729,1,1,9974,1105,600010,4,1023,25023,99,594.0,4.95,8.27145,0.99450904
cold,0,1,0,0.001,0.1,512,3,5,4,256,6000,8.0,2633729,1,1,9974,1105,600010,4,1023,25023,100,600.0,5.0,8.355,0.99015844
cold,0,1,0,0.001,0.1,512,3,5,4,256,6000,8.0,2633729,1,1,9974,1105,600010,4,1023,25023,101,606.0,5.05,8.43855,0.98943436
cold,0,1,0,0.001,0.1,512,3,5,4,256,6000,8.0,2633729,1,1,9974,1105,600010,4,1023,25023,102,612.0,5.1,8.5221,0.99309289
cold,0,1,0,0.001,0.1,512,3,5,4,256,6000,8.0,2633729,1,1,9974,1105,600010,4,1023,25023,103,618.0,5.15,8.60565,0.99772763
cold,0,1,0,0.001,0.1,512,3,5,4,256,6000,8.0,2633729,1,1,9974,1105,600010,4,1023,25023,104,624.0,5.2,8.6892,0.999421
cold,0,1,0,0.001,0.1,512,3,5,4,256,6000,8.0,2633729,1,1,9974,1105,600010,4,1023,25023,105,630.0,5.25,8.77275,0.99744219
cold,0,1,0,0.001,0.1,512,3,5,4,256,6000,8.0,2633729,1,1,9974,1105,600010,4,1023,25023,106,636.0,5.3,8.8563,0.99296379
cold,0,1,0,0.001,0.1,512,3,5,4,256,6000,8.0,2633729,1,1,9974,1105,600010,4,1023,25023,107,642.0,5.35,8.93985,0.98735881
cold,0,1,0,0.001,0.1,512,3,5,4,256,6000,8.0,2633729,1,1,9974,1105,600010,4,1023,25023,108,648.0,5.4,9.0234,0.98257172
cold,0,1,0,0.001,0.1,512,3,5,4,256,6000,8.0,2633729,1,1,9974,1105,600010,4,1023,25023,109,654.0,5.45,9.10695,0.97990555
cold,0,1,0,0.001,0.1,512,3,5,4,256,6000,8.0,2633729,1,1,9974,1105,600010,4,1023,25023,110,660.0,5.5,9.1905,0.98029459
cold,0,1,0,0.001,0.1,512,3,5,4,256,6000,8.0,2633729,1,1,9974,1105,600010,4,1023,25023,111,666.0,5.55,9.27405,0.98409379
cold,0,1,0,0.001,0.1,512,3,5,4,256,6000,8.0,2633729,1,1,9974,1105,600010,4,1023,25023,112,672.0,5.6,9.3576,0.98993015
cold,0,1,0,0.001,0.1,512,3,5,4,256,6000,8.0,2633729,1,1,9974,1105,600010,4,1023,25023,113,678.0,5.65,9.44115,0.99536437
cold,0,1,0,0.001,0.1,512,3,5,4,256,6000,8.0,2633729,1,1,9974,1105,600010,4,1023,25023,114,684.0,5.7,9.5247,0.99850518
cold,0,1,0,0.001,0.1,512,3,5,4,256,6000,8.0,2633729,1,1,9974,1105,600010,4,1023,25023,115,690.0,5.75,9.60825,0.99896306
cold,0,1,0,0.001,0.1,512,3,5,4,256,6000,8.0,2633729,1,1,9974,1105,600010,4,1023,25023,116,696.0,5.8,9.6918,0.99766093
cold,0,1,0,0.001,0.1,512,3,5,4,256,6000,8.0,2633729,1,1,9974,1105,600010,4,1023,25023,117,702.0,5.85,9.77535,0.99530089
cold,0,1,0,0.001,0.1,512,3,5,4,256,6000,8.0,2633729,1,1,9974,1105,600010,4,1023,25023,118,708.0,5.9,9.8589,0.99156171
cold,0,1,0,0.001,0.1,512,3,5,4,256,6000,8.0,2633729,1,1,9974,1105,600010,4,1023,25023,119,714.0,5.95,9.94245,0.98633498
cold,0,1,0,0.001,0.1,512,3,5,4,256,6000,8.0,2633729,1,1,9974,1105,600010,4,1023,25023,120,720.0,6.0,10.026,0.98159176
cold,0,1,0,0.001,0.1,512,3,5,4,256,6000,8.0,2633729,1,1,9974,1105,600010,4,4468,28468,1,6.0,0.05,0.08355,0.03869047
cold,0,1,0,0.001,0.1,512,3,5,4,256,6000,8.0,2633729,1,1,9974,1105,600010,4,4468,28468,2,12.0,0.1,0.1671,0.04596396
cold,0,1,0,0.001,0.1,512,3,5,4,256,6000,8.0,2633729,1,1,9974,1105,600010,4,4468,28468,3,18.0,0.15,0.25065,0.05441355
cold,0,1,0,0.001,0.1,512,3,5,4,256,6000,8.0,2633729,1,1,9974,1105,600010,4,4468,28468,4,24.0,0.2,0.3342,0.06214286
cold,0,1,0,0.001,0.1,512,3,5,4,256,6000,8.0,2633729,1,1,9974,1105,600010,4,4468,28468,5,30.0,0.25,0.41775,0.06971839
cold,0,1,0,0.001,0.1,512,3,5,4,256,6000,8.0,2633729,1,1,9974,1105,600010,4,4468,28468,6,36.0,0.3,0.5013,0.08071749
cold,0,1,0,0.001,0.1,512,3,5,4,256,6000,8.0,2633729,1,1,9974,1105,600010,4,4468,28468,7,42.0,0.35,0.58485,0.09184641
cold,0,1,0,0.001,0.1,512,3,5,4,256,6000,8.0,2633729,1,1,9974,1105,600010,4,4468,28468,8,48.0,0.4,0.6684,0.10297247
cold,0,1,0,0.001,0.1,512,3,5,4,256,6000,8.0,2633729,1,1,9974,1105,600010,4,4468,28468,9,54.0,0.45,0.75195,0.11463875
cold,0,1,0,0.001,0.1,512,3,5,4,256,6000,8.0,2633729,1,1,9974,1105,600010,4,4468,28468,10,60.0,0.5,0.8355,0.12750171
cold,0,1,0,0.001,0.1,512,3,5,4,256,6000,8.0,2633729,1,1,9974,1105,600010,4,4468,28468,11,66.0,0.55,0.91905,0.14104997
cold,0,1,0,0.001,0.1,512,3,5,4,256,6000,8.0,2633729,1,1,9974,1105,600010,4,4468,28468,12,72.0,0.6,1.0026,0.15544245
cold,0,1,0,0.001,0.1,512,3,5,4,256,6000,8.0,2633729,1,1,9974,1105,600010,4,4468,28468,13,78.0,0.65,1.08615,0.17108215
cold,0,1,0,0.001,0.1,512,3,5,4,256,6000,8.0,2633729,1,1,9974,1105,600010,4,4468,28468,14,84.0,0.7,1.1697,0.18967912
cold,0,1,0,0.001,0.1,512,3,5,4,256,6000,8.0,2633729,1,1,9974,1105,600010,4,4468,28468,15,90.0,0.75,1.25325,0.21131976
cold,0,1,0,0.001,0.1,512,3,5,4,256,6000,8.0,2633729,1,1,9974,1105,600010,4,4468,28468,16,96.0,0.8,1.3368,0.23432986
cold,0,1,0,0.001,0.1,512,3,5,4,256,6000,8.0,2633729,1,1,9974,1105,600010,4,4468,28468,17,102.0,0.85,1.42035,0.25680307
cold,0,1,0,0.001,0.1,512,3,5,4,256,6000,8.0,2633729,1,1,9974,1105,600010,4,4468,28468,18,108.0,0.9,1.5039,0.27834335
cold,0,1,0,0.001,0.1,512,3,5,4,256,6000,8.0,2633729,1,1,9974,1105,600010,4,4468,28468,19,114.0,0.95,1.58745,0.29890382
cold,0,1,0,0.001,0.1,512,3,5,4,256,6000,8.0,2633729,1,1,9974,1105,600010,4,4468,28468,20,120.0,1.0,1.671,0.31920263
cold,0,1,0,0.001,0.1,512,3,5,4,256,6000,8.0,2633729,1,1,9974,1105,600010,4,4468,28468,21,126.0,1.05,1.75455,0.33923733
cold,0,1,0,0.001,0.1,512,3,5,4,256,6000,8.0,2633729,1,1,9974,1105,600010,4,4468,28468,22,132.0,1.1,1.8381,0.35864064
cold,0,1,0,0.001,0.1,512,3,5,4,256,6000,8.0,2633729,1,1,9974,1105,600010,4,4468,28468,23,138.0,1.15,1.92165,0.37879351
cold,0,1,0,0.001,0.1,512,3,5,4,256,6000,8.0,2633729,1,1,9974,1105,600010,4,4468,28468,24,144.0,1.2,2.0052,0.40065366
cold,0,1,0,0.001,0.1,512,3,5,4,256,6000,8.0,2633729,1,1,9974,1105,600010,4,4468,28468,25,150.0,1.25,2.08875,0.42408434
cold,0,1,0,0.001,0.1,512,3,5,4,256,6000,8.0,2633729,1,1,9974,1105,600010,4,4468,28468,26,156.0,1.3,2.1723,0.44924173
cold,0,1,0,0.001,0.1,512,3,5,4,256,6000,8.0,2633729,1,1,9974,1105,600010,4,4468,28468,27,162.0,1.35,2.25585,0.47534329
cold,0,1,0,0.001,0.1,512,3,5,4,256,6000,8.0,2633729,1,1,9974,1105,600010,4,4468,28468,28,168.0,1.4,2.3394,0.49989191
cold,0,1,0,0.001,0.1,512,3,5,4,256,6000,8.0,2633729,1,1,9974,1105,600010,4,4468,28468,29,174.0,1.45,2.42295,0.52156943
cold,0,1,0,0.001,0.1,512,3,5,4,256,6000,8.0,2633729,1,1,9974,1105,600010,4,4468,28468,30,180.0,1.5,2.5065,0.54248184
cold,0,1,0,0.001,0.1,512,3,5,4,256,6000,8.0,2633729,1,1,9974,1105,600010,4,4468,28468,31,186.0,1.55,2.59005,0.56274009
cold,0,1,0,0.001,0.1,512,3,5,4,256,6000,8.0,2633729,1,1,9974,1105,600010,4,4468,28468,32,192.0,1.6,2.6736,0.58038378
cold,0,1,0,0.001,0.1,512,3,5,4,256,6000,8.0,2633729,1,1,9974,1105,600010,4,4468,28468,33,198.0,1.65,2.75715,0.5954079
cold,0,1,0,0.001,0.1,512,3,5,4,256,6000,8.0,2633729,1,1,9974,1105,600010,4,4468,28468,34,204.0,1.7,2.8407,0.60970831
cold,0,1,0,0.001,0.1,512,3,5,4,256,6000,8.0,2633729,1,1,9974,1105,600010,4,4468,28468,35,210.0,1.75,2.92425,0.62479502
cold,0,1,0,0.001,0.1,512,3,5,4,256,6000,8.0,2633729,1,1,9974,1105,600010,4,4468,28468,36,216.0,1.8,3.0078,0.6417644
cold,0,1,0,0.001,0.1,512,3,5,4,256,6000,8.0,2633729,1,1,9974,1105,600010,4,4468,28468,37,222.0,1.85,3.09135,0.66166908
cold,0,1,0,0.001,0.1,512,3,5,4,256,6000,8.0,2633729,1,1,9974,1105,600010,4,4468,28468,38,228.0,1.9,3.1749,0.68502682
cold,0,1,0,0.001,0.1,512,3,5,4,256,6000,8.0,2633729,1,1,9974,1105,600010,4,4468,28468,39,234.0,1.95,3.25845,0.70886821
cold,0,1,0,0.001,0.1,512,3,5,4,256,6000,8.0,2633729,1,1,9974,1105,600010,4,4468,28468,40,240.0,2.0,3.342,0.73051471
cold,0,1,0,0.001,0.1,512,3,5,4,256,6000,8.0,2633729,1,1,9974,1105,600010,4,4468,28468,41,246.0,2.05,3.42555,0.74916965
cold,0,1,0,0.001,0.1,512,3,5,4,256,6000,8.0,2633729,1,1,9974,1105,600010,4,4468,28468,42,252.0,2.1,3.5091,0.76500499
cold,0,1,0,0.001,0.1,512,3,5,4,256,6000,8.0,2633729,1,1,9974,1105,600010,4,4468,28468,43,258.0,2.15,3.59265,0.77761418
cold,0,1,0,0.001,0.1,512,3,5,4,256,6000,8.0,2633729,1,1,9974,1105,600010,4,4468,28468,44,264.0,2.2,3.6762,0.78587097
cold,0,1,0,0.001,0.1,512,3,5,4,256,6000,8.0,2633729,1,1,9974,1105,600010,4,4468,28468,45,270.0,2.25,3.75975,0.79120088
cold,0,1,0,0.001,0.1,512,3,5,4,256,6000,8.0,2633729,1,1,9974,1105,600010,4,4468,28468,46,276.0,2.3,3.8433,0.79799348
cold,0,1,0,0.001,0.1,512,3,5,4,256,6000,8.0,2633729,1,1,9974,1105,600010,4,4468,28468,47,282.0,2.35,3.92685,0.80933911
cold,0,1,0,0.001,0.1,512,3,5,4,256,6000,8.0,2633729,1,1,9974,1105,600010,4,4468,28468,48,288.0,2.4,4.0104,0.82379293
cold,0,1,0,0.001,0.1,512,3,5,4,256,6000,8.0,2633729,1,1,9974,1105,600010,4,4468,28468,49,294.0,2.45,4.09395,0.8378765
cold,0,1,0,0.001,0.1,512,3,5,4,256,6000,8.0,2633729,1,1,9974,1105,600010,4,4468,28468,50,300.0,2.5,4.1775,0.84790808
cold,0,1,0,0.001,0.1,512,3,5,4,256,6000,8.0,2633729,1,1,9974,1105,600010,4,4468,28468,51,306.0,2.55,4.26105,0.85373354
cold,0,1,0,0.001,0.1,512,3,5,4,256,6000,8.0,2633729,1,1,9974,1105,600010,4,4468,28468,52,312.0,2.6,4.3446,0.85758644
cold,0,1,0,0.001,0.1,512,3,5,4,256,6000,8.0,2633729,1,1,9974,1105,600010,4,4468,28468,53,318.0,2.65,4.42815,0.86054265
cold,0,1,0,0.001,0.1,512,3,5,4,256,6000,8.0,2633729,1,1,9974,1105,600010,4,4468,28468,54,324.0,2.7,4.5117,0.86358041
cold,0,1,0,0.001,0.1,512,3,5,4,256,6000,8.0,2633729,1,1,9974,1105,600010,4,4468,28468,55,330.0,2.75,4.59525,0.86893165
cold,0,1,0,0.001,0.1,512,3,5,4,256,6000,8.0,2633729,1,1,9974,1105,600010,4,4468,28468,56,336.0,2.8,4.6788,0.87757415
cold,0,1,0,0.001,0.1,512,3,5,4,256,6000,8.0,2633729,1,1,9974,1105,600010,4,4468,28468,57,342.0,2.85,4.76235,0.88789886
cold,0,1,0,0.001,0.1,512,3,5,4,256,6000,8.0,2633729,1,1,9974,1105,600010,4,4468,28468,58,348.0,2.9,4.8459,0.89753389
cold,0,1,0,0.001,0.1,512,3,5,4,256,6000,8.0,2633729,1,1,9974,1105,600010,4,4468,28468,59,354.0,2.95,4.92945,0.90486866
cold,0,1,0,0.001,0.1,512,3,5,4,256,6000,8.0,2633729,1,1,9974,1105,600010,4,4468,28468,60,360.0,3.0,5.013,0.91012537
cold,0,1,0,0.001,0.1,512,3,5,4,256,6000,8.0,2633729,1,1,9974,1105,600010,4,4468,28468,61,366.0,3.05,5.09655,0.91457927
cold,0,1,0,0.001,0.1,512,3,5,4,256,6000,8.0,2633729,1,1,9974,1105,600010,4,4468,28468,62,372.0,3.1,5.1801,0.91897756
cold,0,1,0,0.001,0.1,512,3,5,4,256,6000,8.0,2633729,1,1,9974,1105,600010,4,4468,28468,63,378.0,3.15,5.26365,0.92359245
cold,0,1,0,0.001,0.1,512,3,5,4,256,6000,8.0,2633729,1,1,9974,1105,600010,4,4468,28468,64,384.0,3.2,5.3472,0.92929602
cold,0,1,0,0.001,0.1,512,3,5,4,256,6000,8.0,2633729,1,1,9974,1105,600010,4,4468,28468,65,390.0,3.25,5.43075,0.93642569
cold,0,1,0,0.001,0.1,512,3,5,4,256,6000,8.0,2633729,1,1,9974,1105,600010,4,4468,28468,66,396.0,3.3,5.5143,0.94359583
cold,0,1,0,0.001,0.1,512,3,5,4,256,6000,8.0,2633729,1,1,9974,1105,600010,4,4468,28468,67,402.0,3.35,5.59785,0.94984937
cold,0,1,0,0.001,0.1,512,3,5,4,256,6000,8.0,2633729,1,1,9974,1105,600010,4,4468,28468,68,408.0,3.4,5.6814,0.95598197
cold,0,1,0,0.001,0.1,512,3,5,4,256,6000,8.0,2633729,1,1,9974,1105,600010,4,4468,28468,69,414.0,3.45,5.76495,0.96186072
cold,0,1,0,0.001,0.1,512,3,5,4,256,6000,8.0,2633729,1,1,9974,1105,600010,4,4468,28468,70,420.0,3.5,5.8485,0.96613699
cold,0,1,0,0.001,0.1,512,3,5,4,256,6000,8.0,2633729,1,1,9974,1105,600010,4,4468,28468,71,426.0,3.55,5.93205,0.96743786
cold,0,1,0,0.001,0.1,512,3,5,4,256,6000,8.0,2633729,1,1,9974,1105,600010,4,4468,28468,72,432.0,3.6,6.0156,0.96744442
cold,0,1,0,0.001,0.1,512,3,5,4,256,6000,8.0,2633729,1,1,9974,1105,600010,4,4468,28468,73,438.0,3.65,6.09915,0.96784556
cold,0,1,0,0.001,0.1,512,3,5,4,256,6000,8.0,2633729,1,1,9974,1105,600010,4,4468,28468,74,444.0,3.7,6.1827,0.96934187
cold,0,1,0,0.001,0.1,512,3,5,4,256,6000,8.0,2633729,1,1,9974,1105,600010,4,4468,28468,75,450.0,3.75,6.26625,0.97074902
cold,0,1,0,0.001,0.1,512,3,5,4,256,6000,8.0,2633729,1,1,9974,1105,600010,4,4468,28468,76,456.0,3.8,6.3498,0.97134691
cold,0,1,0,0.001,0.1,512,3,5,4,256,6000,8.0,2633729,1,1,9974,1105,600010,4,4468,28468,77,462.0,3.85,6.43335,0.97073662
cold,0,1,0,0.001,0.1,512,3,5,4,256,6000,8.0,2633729,1,1,9974,1105,600010,4,4468,28468,78,468.0,3.9,6.5169,0.96965724
cold,0,1,0,0.001,0.1,512,3,5,4,256,6000,8.0,2633729,1,1,9974,1105,600010,4,4468,28468,79,474.0,3.95,6.60045,0.96913868
cold,0,1,0,0.001,0.1,512,3,5,4,256,6000,8.0,2633729,1,1,9974,1105,600010,4,4468,28468,80,480.0,4.0,6.684,0.97103268
cold,0,1,0,0.001,0.1,512,3,5,4,256,6000,8.0,2633729,1,1,9974,1105,600010,4,4468,28468,81,486.0,4.05,6.76755,0.9763124
cold,0,1,0,0.001,0.1,512,3,5,4,256,6000,8.0,2633729,1,1,9974,1105,600010,4,4468,28468,82,492.0,4.1,6.8511,0.98330498
cold,0,1,0,0.001,0.1,512,3,5,4,256,6000,8.0,2633729,1,1,9974,1105,600010,4,4468,28468,83,498.0,4.15,6.93465,0.98915738
cold,0,1,0,0.001,0.1,512,3,5,4,256,6000,8.0,2633729,1,1,9974,1105,600010,4,4468,28468,84,504.0,4.2,7.0182,0.99239588
cold,0,1,0,0.001,0.1,512,3,5,4,256,6000,8.0,2633729,1,1,9974,1105,600010,4,4468,28468,85,510.0,4.25,7.10175,0.99296415
cold,0,1,0,0.001,0.1,512,3,5,4,256,6000,8.0,2633729,1,1,9974,1105,600010,4,4468,28468,86,516.0,4.3,7.1853,0.99306083
cold,0,1,0,0.001,0.1,512,3,5,4,256,6000,8.0,2633729,1,1,9974,1105,600010,4,4468,28468,87,522.0,4.35,7.26885,0.99512506
cold,0,1,0,0.001,0.1,512,3,5,4,256,6000,8.0,2633729,1,1,9974,1105,600010,4,4468,28468,88,528.0,4.4,7.3524,0.99824333
cold,0,1,0,0.001,0.1,512,3,5,4,256,6000,8.0,2633729,1,1,9974,1105,600010,4,4468,28468,89,534.0,4.45,7.43595,1.00096571
cold,0,1,0,0.001,0.1,512,3,5,4,256,6000,8.0,2633729,1,1,9974,1105,600010,4,4468,28468,90,540.0,4.5,7.5195,1.00299716
cold,0,1,0,0.001,0.1,512,3,5,4,256,6000,8.0,2633729,1,1,9974,1105,600010,4,4468,28468,91,546.0,4.55,7.60305,1.00515902
cold,0,1,0,0.001,0.1,512,3,5,4,256,6000,8.0,2633729,1,1,9974,1105,600010,4,4468,28468,92,552.0,4.6,7.6866,1.00823653
cold,0,1,0,0.001,0.1,512,3,5,4,256,6000,8.0,2633729,1,1,9974,1105,600010,4,4468,28468,93,558.0,4.65,7.77015,1.01243532
cold,0,1,0,0.001,0.1,512,3,5,4,256,6000,8.0,2633729,1,1,9974,1105,600010,4,4468,28468,94,564.0,4.7,7.8537,1.01789069
cold,0,1,0,0.001,0.1,512,3,5,4,256,6000,8.0,2633729,1,1,9974,1105,600010,4,4468,28468,95,570.0,4.75,7.93725,1.02288127
cold,0,1,0,0.001,0.1,512,3,5,4,256,6000,8.0,2633729,1,1,9974,1105,600010,4,4468,28468,96,576.0,4.8,8.0208,1.02513945
cold,0,1,0,0.001,0.1,512,3,5,4,256,6000,8.0,2633729,1,1,9974,1105,600010,4,4468,28468,97,582.0,4.85,8.10435,1.02406001
cold,0,1,0,0.001,0.1,512,3,5,4,256,6000,8.0,2633729,1,1,9974,1105,600010,4,4468,28468,98,588.0,4.9,8.1879,1.02047491
cold,0,1,0,0.001,0.1,512,3,5,4,256,6000,8.0,2633729,1,1,9974,1105,600010,4,4468,28468,99,594.0,4.95,8.27145,1.01586699
cold,0,1,0,0.001,0.1,512,3,5,4,256,6000,8.0,2633729,1,1,9974,1105,600010,4,4468,28468,100,600.0,5.0,8.355,1.01193047
cold,0,1,0,0.001,0.1,512,3,5,4,256,6000,8.0,2633729,1,1,9974,1105,600010,4,4468,28468,101,606.0,5.05,8.43855,1.01001561
cold,0,1,0,0.001,0.1,512,3,5,4,256,6000,8.0,2633729,1,1,9974,1105,600010,4,4468,28468,102,612.0,5.1,8.5221,1.00998414
cold,0,1,0,0.001,0.1,512,3,5,4,256,6000,8.0,2633729,1,1,9974,1105,600010,4,4468,28468,103,618.0,5.15,8.60565,1.01119757
cold,0,1,0,0.001,0.1,512,3,5,4,256,6000,8.0,2633729,1,1,9974,1105,600010,4,4468,28468,104,624.0,5.2,8.6892,1.01265335
cold,0,1,0,0.001,0.1,512,3,5,4,256,6000,8.0,2633729,1,1,9974,1105,600010,4,4468,28468,105,630.0,5.25,8.77275,1.01312721
cold,0,1,0,0.001,0.1,512,3,5,4,256,6000,8.0,2633729,1,1,9974,1105,600010,4,4468,28468,106,636.0,5.3,8.8563,1.01256728
cold,0,1,0,0.001,0.1,512,3,5,4,256,6000,8.0,2633729,1,1,9974,1105,600010,4,4468,28468,107,642.0,5.35,8.93985,1.01099765
cold,0,1,0,0.001,0.1,512,3,5,4,256,6000,8.0,2633729,1,1,9974,1105,600010,4,4468,28468,108,648.0,5.4,9.0234,1.00865614
cold,0,1,0,0.001,0.1,512,3,5,4,256,6000,8.0,2633729,1,1,9974,1105,600010,4,4468,28468,109,654.0,5.45,9.10695,1.00609124
cold,0,1,0,0.001,0.1,512,3,5,4,256,6000,8.0,2633729,1,1,9974,1105,600010,4,4468,28468,110,660.0,5.5,9.1905,1.00481558
cold,0,1,0,0.001,0.1,512,3,5,4,256,6000,8.0,2633729,1,1,9974,1105,600010,4,4468,28468,111,666.0,5.55,9.27405,1.0062232
cold,0,1,0,0.001,0.1,512,3,5,4,256,6000,8.0,2633729,1,1,9974,1105,600010,4,4468,28468,112,672.0,5.6,9.3576,1.00981939
cold,0,1,0,0.001,0.1,512,3,5,4,256,6000,8.0,2633729,1,1,9974,1105,600010,4,4468,28468,113,678.0,5.65,9.44115,1.01499116
cold,0,1,0,0.001,0.1,512,3,5,4,256,6000,8.0,2633729,1,1,9974,1105,600010,4,4468,28468,114,684.0,5.7,9.5247,1.01995242
cold,0,1,0,0.001,0.1,512,3,5,4,256,6000,8.0,2633729,1,1,9974,1105,600010,4,4468,28468,115,690.0,5.75,9.60825,1.02211034
cold,0,1,0,0.001,0.1,512,3,5,4,256,6000,8.0,2633729,1,1,9974,1105,600010,4,4468,28468,116,696.0,5.8,9.6918,1.02025425
cold,0,1,0,0.001,0.1,512,3,5,4,256,6000,8.0,2633729,1,1,9974,1105,600010,4,4468,28468,117,702.0,5.85,9.77535,1.01577723
cold,0,1,0,0.001,0.1,512,3,5,4,256,6000,8.0,2633729,1,1,9974,1105,600010,4,4468,28468,118,708.0,5.9,9.8589,1.01088023
cold,0,1,0,0.001,0.1,512,3,5,4,256,6000,8.0,2633729,1,1,9974,1105,600010,4,4468,28468,119,714.0,5.95,9.94245,1.00592113
cold,0,1,0,0.001,0.1,512,3,5,4,256,6000,8.0,2633729,1,1,9974,1105,600010,4,4468,28468,120,720.0,6.0,10.026,1.00138509
cold,0,1,0,0.001,0.1,512,3,5,4,256,6000,8.0,2633729,1,1,9974,1105,600010,4,6000,30000,1,6.0,0.05,0.08355,0.04081891
cold,0,1,0,0.001,0.1,512,3,5,4,256,6000,8.0,2633729,1,1,9974,1105,600010,4,6000,30000,2,12.0,0.1,0.1671,0.04774173
cold,0,1,0,0.001,0.1,512,3,5,4,256,6000,8.0,2633729,1,1,9974,1105,600010,4,6000,30000,3,18.0,0.15,0.25065,0.05576877
cold,0,1,0,0.001,0.1,512,3,5,4,256,6000,8.0,2633729,1,1,9974,1105,600010,4,6000,30000,4,24.0,0.2,0.3342,0.0628803
cold,0,1,0,0.001,0.1,512,3,5,4,256,6000,8.0,2633729,1,1,9974,1105,600010,4,6000,30000,5,30.0,0.25,0.41775,0.0699126
cold,0,1,0,0.001,0.1,512,3,5,4,256,6000,8.0,2633729,1,1,9974,1105,600010,4,6000,30000,6,36.0,0.3,0.5013,0.08018395
cold,0,1,0,0.001,0.1,512,3,5,4,256,6000,8.0,2633729,1,1,9974,1105,600010,4,6000,30000,7,42.0,0.35,0.58485,0.09101735
cold,0,1,0,0.001,0.1,512,3,5,4,256,6000,8.0,2633729,1,1,9974,1105,600010,4,6000,30000,8,48.0,0.4,0.6684,0.10213881
cold,0,1,0,0.001,0.1,512,3,5,4,256,6000,8.0,2633729,1,1,9974,1105,600010,4,6000,30000,9,54.0,0.45,0.75195,0.11338444
cold,0,1,0,0.001,0.1,512,3,5,4,256,6000,8.0,2633729,1,1,9974,1105,600010,4,6000,30000,10,60.0,0.5,0.8355,0.12540017
cold,0,1,0,0.001,0.1,512,3,5,4,256,6000,8.0,2633729,1,1,9974,1105,600010,4,6000,30000,11,66.0,0.55,0.91905,0.13827202
cold,0,1,0,0.001,0.1,512,3,5,4,256,6000,8.0,2633729,1,1,9974,1105,600010,4,6000,30000,12,72.0,0.6,1.0026,0.1526303
cold,0,1,0,0.001,0.1,512,3,5,4,256,6000,8.0,2633729,1,1,9974,1105,600010,4,6000,30000,13,78.0,0.65,1.08615,0.16854341
cold,0,1,0,0.001,0.1,512,3,5,4,256,6000,8.0,2633729,1,1,9974,1105,600010,4,6000,30000,14,84.0,0.7,1.1697,0.18687449
cold,0,1,0,0.001,0.1,512,3,5,4,256,6000,8.0,2633729,1,1,9974,1105,600010,4,6000,30000,15,90.0,0.75,1.25325,0.20758076
cold,0,1,0,0.001,0.1,512,3,5,4,256,6000,8.0,2633729,1,1,9974,1105,600010,4,6000,30000,16,96.0,0.8,1.3368,0.23022495
cold,0,1,0,0.001,0.1,512,3,5,4,256,6000,8.0,2633729,1,1,9974,1105,600010,4,6000,30000,17,102.0,0.85,1.42035,0.25289765
cold,0,1,0,0.001,0.1,512,3,5,4,256,6000,8.0,2633729,1,1,9974,1105,600010,4,6000,30000,18,108.0,0.9,1.5039,0.27446643
cold,0,1,0,0.001,0.1,512,3,5,4,256,6000,8.0,2633729,1,1,9974,1105,600010,4,6000,30000,19,114.0,0.95,1.58745,0.29493564
cold,0,1,0,0.001,0.1,512,3,5,4,256,6000,8.0,2633729,1,1,9974,1105,600010,4,6000,30000,20,120.0,1.0,1.671,0.31533828
cold,0,1,0,0.001,0.1,512,3,5,4,256,6000,8.0,2633729,1,1,9974,1105,600010,4,6000,30000,21,126.0,1.05,1.75455,0.3362028
cold,0,1,0,0.001,0.1,512,3,5,4,256,6000,8.0,2633729,1,1,9974,1105,600010,4,6000,30000,22,132.0,1.1,1.8381,0.35814121
cold,0,1,0,0.001,0.1,512,3,5,4,256,6000,8.0,2633729,1,1,9974,1105,600010,4,6000,30000,23,138.0,1.15,1.92165,0.38143399
cold,0,1,0,0.001,0.1,512,3,5,4,256,6000,8.0,2633729,1,1,9974,1105,600010,4,6000,30000,24,144.0,1.2,2.0052,0.40574017
cold,0,1,0,0.001,0.1,512,3,5,4,256,6000,8.0,2633729,1,1,9974,1105,600010,4,6000,30000,25,150.0,1.25,2.08875,0.42948005
cold,0,1,0,0.001,0.1,512,3,5,4,256,6000,8.0,2633729,1,1,9974,1105,600010,4,6000,30000,26,156.0,1.3,2.1723,0.4521279
cold,0,1,0,0.001,0.1,512,3,5,4,256,6000,8.0,2633729,1,1,9974,1105,600010,4,6000,30000,27,162.0,1.35,2.25585,0.47507343
cold,0,1,0,0.001,0.1,512,3,5,4,256,6000,8.0,2633729,1,1,9974,1105,600010,4,6000,30000,28,168.0,1.4,2.3394,0.49770477
cold,0,1,0,0.001,0.1,512,3,5,4,256,6000,8.0,2633729,1,1,9974,1105,600010,4,6000,30000,29,174.0,1.45,2.42295,0.51833487
cold,0,1,0,0.001,0.1,512,3,5,4,256,6000,8.0,2633729,1,1,9974,1105,600010,4,6000,30000,30,180.0,1.5,2.5065,0.53744614
cold,0,1,0,0.001,0.1,512,3,5,4,256,6000,8.0,2633729,1,1,9974,1105,600010,4,6000,30000,31,186.0,1.55,2.59005,0.55603886
cold,0,1,0,0.001,0.1,512,3,5,4,256,6000,8.0,2633729,1,1,9974,1105,600010,4,6000,30000,32,192.0,1.6,2.6736,0.57449234
cold,0,1,0,0.001,0.1,512,3,5,4,256,6000,8.0,2633729,1,1,9974,1105,600010,4,6000,30000,33,198.0,1.65,2.75715,0.59265578
cold,0,1,0,0.001,0.1,512,3,5,4,256,6000,8.0,2633729,1,1,9974,1105,600010,4,6000,30000,34,204.0,1.7,2.8407,0.61040264
cold,0,1,0,0.001,0.1,512,3,5,4,256,6000,8.0,2633729,1,1,9974,1105,600010,4,6000,30000,35,210.0,1.75,2.92425,0.62820864
cold,0,1,0,0.001,0.1,512,3,5,4,256,6000,8.0,2633729,1,1,9974,1105,600010,4,6000,30000,36,216.0,1.8,3.0078,0.64572412
cold,0,1,0,0.001,0.1,512,3,5,4,256,6000,8.0,2633729,1,1,9974,1105,600010,4,6000,30000,37,222.0,1.85,3.09135,0.66339588
cold,0,1,0,0.001,0.1,512,3,5,4,256,6000,8.0,2633729,1,1,9974,1105,600010,4,6000,30000,38,228.0,1.9,3.1749,0.68183881
cold,0,1,0,0.001,0.1,512,3,5,4,256,6000,8.0,2633729,1,1,9974,1105,600010,4,6000,30000,39,234.0,1.95,3.25845,0.70063066
cold,0,1,0,0.001,0.1,512,3,5,4,256,6000,8.0,2633729,1,1,9974,1105,600010,4,6000,30000,40,240.0,2.0,3.342,0.71936744
cold,0,1,0,0.001,0.1,512,3,5,4,256,6000,8.0,2633729,1,1,9974,1105,600010,4,6000,30000,41,246.0,2.05,3.42555,0.73751432
cold,0,1,0,0.001,0.1,512,3,5,4,256,6000,8.0,2633729,1,1,9974,1105,600010,4,6000,30000,42,252.0,2.1,3.5091,0.75499612
cold,0,1,0,0.001,0.1,512,3,5,4,256,6000,8.0,2633729,1,1,9974,1105,600010,4,6000,30000,43,258.0,2.15,3.59265,0.77071667
cold,0,1,0,0.001,0.1,512,3,5,4,256,6000,8.0,2633729,1,1,9974,1105,600010,4,6000,30000,44,264.0,2.2,3.6762,0.78385574
cold,0,1,0,0.001,0.1,512,3,5,4,256,6000,8.0,2633729,1,1,9974,1105,600010,4,6000,30000,45,270.0,2.25,3.75975,0.79279554
cold,0,1,0,0.001,0.1,512,3,5,4,256,6000,8.0,2633729,1,1,9974,1105,600010,4,6000,30000,46,276.0,2.3,3.8433,0.79897225
cold,0,1,0,0.001,0.1,512,3,5,4,256,6000,8.0,2633729,1,1,9974,1105,600010,4,6000,30000,47,282.0,2.35,3.92685,0.80595702
cold,0,1,0,0.001,0.1,512,3,5,4,256,6000,8.0,2633729,1,1,9974,1105,600010,4,6000,30000,48,288.0,2.4,4.0104,0.81570613
cold,0,1,0,0.001,0.1,512,3,5,4,256,6000,8.0,2633729,1,1,9974,1105,600010,4,6000,30000,49,294.0,2.45,4.09395,0.82535088
cold,0,1,0,0.001,0.1,512,3,5,4,256,6000,8.0,2633729,1,1,9974,1105,600010,4,6000,30000,50,300.0,2.5,4.1775,0.83172935
cold,0,1,0,0.001,0.1,512,3,5,4,256,6000,8.0,2633729,1,1,9974,1105,600010,4,6000,30000,51,306.0,2.55,4.26105,0.83511662
cold,0,1,0,0.001,0.1,512,3,5,4,256,6000,8.0,2633729,1,1,9974,1105,600010,4,6000,30000,52,312.0,2.6,4.3446,0.83822268
cold,0,1,0,0.001,0.1,512,3,5,4,256,6000,8.0,2633729,1,1,9974,1105,600010,4,6000,30000,53,318.0,2.65,4.42815,0.84265333
cold,0,1,0,0.001,0.1,512,3,5,4,256,6000,8.0,2633729,1,1,9974,1105,600010,4,6000,30000,54,324.0,2.7,4.5117,0.8478592
cold,0,1,0,0.001,0.1,512,3,5,4,256,6000,8.0,2633729,1,1,9974,1105,600010,4,6000,30000,55,330.0,2.75,4.59525,0.85296965
cold,0,1,0,0.001,0.1,512,3,5,4,256,6000,8.0,2633729,1,1,9974,1105,600010,4,6000,30000,56,336.0,2.8,4.6788,0.85957426
cold,0,1,0,0.001,0.1,512,3,5,4,256,6000,8.0,2633729,1,1,9974,1105,600010,4,6000,30000,57,342.0,2.85,4.76235,0.86778748
cold,0,1,0,0.001,0.1,512,3,5,4,256,6000,8.0,2633729,1,1,9974,1105,600010,4,6000,30000,58,348.0,2.9,4.8459,0.87547815
cold,0,1,0,0.001,0.1,512,3,5,4,256,6000,8.0,2633729,1,1,9974,1105,600010,4,6000,30000,59,354.0,2.95,4.92945,0.88137323
cold,0,1,0,0.001,0.1,512,3,5,4,256,6000,8.0,2633729,1,1,9974,1105,600010,4,6000,30000,60,360.0,3.0,5.013,0.8875913
cold,0,1,0,0.001,0.1,512,3,5,4,256,6000,8.0,2633729,1,1,9974,1105,600010,4,6000,30000,61,366.0,3.05,5.09655,0.89577454
cold,0,1,0,0.001,0.1,512,3,5,4,256,6000,8.0,2633729,1,1,9974,1105,600010,4,6000,30000,62,372.0,3.1,5.1801,0.90531051
cold,0,1,0,0.001,0.1,512,3,5,4,256,6000,8.0,2633729,1,1,9974,1105,600010,4,6000,30000,63,378.0,3.15,5.26365,0.91397858
cold,0,1,0,0.001,0.1,512,3,5,4,256,6000,8.0,2633729,1,1,9974,1105,600010,4,6000,30000,64,384.0,3.2,5.3472,0.92039204
cold,0,1,0,0.001,0.1,512,3,5,4,256,6000,8.0,2633729,1,1,9974,1105,600010,4,6000,30000,65,390.0,3.25,5.43075,0.92442626
cold,0,1,0,0.001,0.1,512,3,5,4,256,6000,8.0,2633729,1,1,9974,1105,600010,4,6000,30000,66,396.0,3.3,5.5143,0.92732513
cold,0,1,0,0.001,0.1,512,3,5,4,256,6000,8.0,2633729,1,1,9974,1105,600010,4,6000,30000,67,402.0,3.35,5.59785,0.93056393
cold,0,1,0,0.001,0.1,512,3,5,4,256,6000,8.0,2633729,1,1,9974,1105,600010,4,6000,30000,68,408.0,3.4,5.6814,0.93453139
cold,0,1,0,0.001,0.1,512,3,5,4,256,6000,8.0,2633729,1,1,9974,1105,600010,4,6000,30000,69,414.0,3.45,5.76495,0.93737125
cold,0,1,0,0.001,0.1,512,3,5,4,256,6000,8.0,2633729,1,1,9974,1105,600010,4,6000,30000,70,420.0,3.5,5.8485,0.93911201
cold,0,1,0,0.001,0.1,512,3,5,4,256,6000,8.0,2633729,1,1,9974,1105,600010,4,6000,30000,71,426.0,3.55,5.93205,0.94068354
cold,0,1,0,0.001,0.1,512,3,5,4,256,6000,8.0,2633729,1,1,9974,1105,600010,4,6000,30000,72,432.0,3.6,6.0156,0.94266742
cold,0,1,0,0.001,0.1,512,3,5,4,256,6000,8.0,2633729,1,1,9974,1105,600010,4,6000,30000,73,438.0,3.65,6.09915,0.94480997
cold,0,1,0,0.001,0.1,512,3,5,4,256,6000,8.0,2633729,1,1,9974,1105,600010,4,6000,30000,74,444.0,3.7,6.1827,0.94717747
cold,0,1,0,0.001,0.1,512,3,5,4,256,6000,8.0,2633729,1,1,9974,1105,600010,4,6000,30000,75,450.0,3.75,6.26625,0.94915146
cold,0,1,0,0.001,0.1,512,3,5,4,256,6000,8.0,2633729,1,1,9974,1105,600010,4,6000,30000,76,456.0,3.8,6.3498,0.94982952
cold,0,1,0,0.001,0.1,512,3,5,4,256,6000,8.0,2633729,1,1,9974,1105,600010,4,6000,30000,77,462.0,3.85,6.43335,0.94920802
cold,0,1,0,0.001,0.1,512,3,5,4,256,6000,8.0,2633729,1,1,9974,1105,600010,4,6000,30000,78,468.0,3.9,6.5169,0.94716352
cold,0,1,0,0.001,0.1,512,3,5,4,256,6000,8.0,2633729,1,1,9974,1105,600010,4,6000,30000,79,474.0,3.95,6.60045,0.94459957
cold,0,1,0,0.001,0.1,512,3,5,4,256,6000,8.0,2633729,1,1,9974,1105,600010,4,6000,30000,80,480.0,4.0,6.684,0.94374162
cold,0,1,0,0.001,0.1,512,3,5,4,256,6000,8.0,2633729,1,1,9974,1105,600010,4,6000,30000,81,486.0,4.05,6.76755,0.94613951
cold,0,1,0,0.001,0.1,512,3,5,4,256,6000,8.0,2633729,1,1,9974,1105,600010,4,6000,30000,82,492.0,4.1,6.8511,0.95073527
cold,0,1,0,0.001,0.1,512,3,5,4,256,6000,8.0,2633729,1,1,9974,1105,600010,4,6000,30000,83,498.0,4.15,6.93465,0.95688623
cold,0,1,0,0.001,0.1,512,3,5,4,256,6000,8.0,2633729,1,1,9974,1105,600010,4,6000,30000,84,504.0,4.2,7.0182,0.96478599
cold,0,1,0,0.001,0.1,512,3,5,4,256,6000,8.0,2633729,1,1,9974,1105,600010,4,6000,30000,85,510.0,4.25,7.10175,0.97410077
cold,0,1,0,0.001,0.1,512,3,5,4,256,6000,8.0,2633729,1,1,9974,1105,600010,4,6000,30000,86,516.0,4.3,7.1853,0.98268211
cold,0,1,0,0.001,0.1,512,3,5,4,256,6000,8.0,2633729,1,1,9974,1105,600010,4,6000,30000,87,522.0,4.35,7.26885,0.98806959
cold,0,1,0,0.001,0.1,512,3,5,4,256,6000,8.0,2633729,1,1,9974,1105,600010,4,6000,30000,88,528.0,4.4,7.3524,0.98740888
cold,0,1,0,0.001,0.1,512,3,5,4,256,6000,8.0,2633729,1,1,9974,1105,600010,4,6000,30000,89,534.0,4.45,7.43595,0.98023796
cold,0,1,0,0.001,0.1,512,3,5,4,256,6000,8.0,2633729,1,1,9974,1105,600010,4,6000,30000,90,540.0,4.5,7.5195,0.96963573
cold,0,1,0,0.001,0.1,512,3,5,4,256,6000,8.0,2633729,1,1,9974,1105,600010,4,6000,30000,91,546.0,4.55,7.60305,0.96114063
cold,0,1,0,0.001,0.1,512,3,5,4,256,6000,8.0,2633729,1,1,9974,1105,600010,4,6000,30000,92,552.0,4.6,7.6866,0.95871055
cold,0,1,0,0.001,0.1,512,3,5,4,256,6000,8.0,2633729,1,1,9974,1105,600010,4,6000,30000,93,558.0,4.65,7.77015,0.96210122
cold,0,1,0,0.001,0.1,512,3,5,4,256,6000,8.0,2633729,1,1,9974,1105,600010,4,6000,30000,94,564.0,4.7,7.8537,0.96834207
cold,0,1,0,0.001,0.1,512,3,5,4,256,6000,8.0,2633729,1,1,9974,1105,600010,4,6000,30000,95,570.0,4.75,7.93725,0.97363365
cold,0,1,0,0.001,0.1,512,3,5,4,256,6000,8.0,2633729,1,1,9974,1105,600010,4,6000,30000,96,576.0,4.8,8.0208,0.97684473
cold,0,1,0,0.001,0.1,512,3,5,4,256,6000,8.0,2633729,1,1,9974,1105,600010,4,6000,30000,97,582.0,4.85,8.10435,0.97794288
cold,0,1,0,0.001,0.1,512,3,5,4,256,6000,8.0,2633729,1,1,9974,1105,600010,4,6000,30000,98,588.0,4.9,8.1879,0.9786526
cold,0,1,0,0.001,0.1,512,3,5,4,256,6000,8.0,2633729,1,1,9974,1105,600010,4,6000,30000,99,594.0,4.95,8.27145,0.98067254
cold,0,1,0,0.001,0.1,512,3,5,4,256,6000,8.0,2633729,1,1,9974,1105,600010,4,6000,30000,100,600.0,5.0,8.355,0.98509222
cold,0,1,0,0.001,0.1,512,3,5,4,256,6000,8.0,2633729,1,1,9974,1105,600010,4,6000,30000,101,606.0,5.05,8.43855,0.99085718
cold,0,1,0,0.001,0.1,512,3,5,4,256,6000,8.0,2633729,1,1,9974,1105,600010,4,6000,30000,102,612.0,5.1,8.5221,0.99514782
cold,0,1,0,0.001,0.1,512,3,5,4,256,6000,8.0,2633729,1,1,9974,1105,600010,4,6000,30000,103,618.0,5.15,8.60565,0.99564922
cold,0,1,0,0.001,0.1,512,3,5,4,256,6000,8.0,2633729,1,1,9974,1105,600010,4,6000,30000,104,624.0,5.2,8.6892,0.99311012
cold,0,1,0,0.001,0.1,512,3,5,4,256,6000,8.0,2633729,1,1,9974,1105,600010,4,6000,30000,105,630.0,5.25,8.77275,0.98952311
cold,0,1,0,0.001,0.1,512,3,5,4,256,6000,8.0,2633729,1,1,9974,1105,600010,4,6000,30000,106,636.0,5.3,8.8563,0.98581326
cold,0,1,0,0.001,0.1,512,3,5,4,256,6000,8.0,2633729,1,1,9974,1105,600010,4,6000,30000,107,642.0,5.35,8.93985,0.98282611
cold,0,1,0,0.001,0.1,512,3,5,4,256,6000,8.0,2633729,1,1,9974,1105,600010,4,6000,30000,108,648.0,5.4,9.0234,0.98017013
cold,0,1,0,0.001,0.1,512,3,5,4,256,6000,8.0,2633729,1,1,9974,1105,600010,4,6000,30000,109,654.0,5.45,9.10695,0.97877496
cold,0,1,0,0.001,0.1,512,3,5,4,256,6000,8.0,2633729,1,1,9974,1105,600010,4,6000,30000,110,660.0,5.5,9.1905,0.98044348
cold,0,1,0,0.001,0.1,512,3,5,4,256,6000,8.0,2633729,1,1,9974,1105,600010,4,6000,30000,111,666.0,5.55,9.27405,0.98448485
cold,0,1,0,0.001,0.1,512,3,5,4,256,6000,8.0,2633729,1,1,9974,1105,600010,4,6000,30000,112,672.0,5.6,9.3576,0.98790407
cold,0,1,0,0.001,0.1,512,3,5,4,256,6000,8.0,2633729,1,1,9974,1105,600010,4,6000,30000,113,678.0,5.65,9.44115,0.98836768
cold,0,1,0,0.001,0.1,512,3,5,4,256,6000,8.0,2633729,1,1,9974,1105,600010,4,6000,30000,114,684.0,5.7,9.5247,0.98718405
cold,0,1,0,0.001,0.1,512,3,5,4,256,6000,8.0,2633729,1,1,9974,1105,600010,4,6000,30000,115,690.0,5.75,9.60825,0.98608136
cold,0,1,0,0.001,0.1,512,3,5,4,256,6000,8.0,2633729,1,1,9974,1105,600010,4,6000,30000,116,696.0,5.8,9.6918,0.98600996
cold,0,1,0,0.001,0.1,512,3,5,4,256,6000,8.0,2633729,1,1,9974,1105,600010,4,6000,30000,117,702.0,5.85,9.77535,0.98671997
cold,0,1,0,0.001,0.1,512,3,5,4,256,6000,8.0,2633729,1,1,9974,1105,600010,4,6000,30000,118,708.0,5.9,9.8589,0.98729008
cold,0,1,0,0.001,0.1,512,3,5,4,256,6000,8.0,2633729,1,1,9974,1105,600010,4,6000,30000,119,714.0,5.95,9.94245,0.98699087
cold,0,1,0,0.001,0.1,512,3,5,4,256,6000,8.0,2633729,1,1,9974,1105,600010,4,6000,30000,120,720.0,6.0,10.026,0.9847275
cold,0,1,0,0.001,0.1,512,3,5,4,256,6000,8.0,2633729,1,1,9974,1106,600011,5,1,30001,1,6.0,0.05,0.08355,0.53181964
cold,0,1,0,0.001,0.1,512,3,5,4,256,6000,8.0,2633729,1,1,9974,1106,600011,5,1,30001,2,12.0,0.1,0.1671,1.03242767
cold,0,1,0,0.001,0.1,512,3,5,4,256,6000,8.0,2633729,1,1,9974,1106,600011,5,1,30001,3,18.0,0.15,0.25065,1.48411858
cold,0,1,0,0.001,0.1,512,3,5,4,256,6000,8.0,2633729,1,1,9974,1106,600011,5,1,30001,4,24.0,0.2,0.3342,1.91786647
cold,0,1,0,0.001,0.1,512,3,5,4,256,6000,8.0,2633729,1,1,9974,1106,600011,5,1,30001,5,30.0,0.25,0.41775,2.42343736
cold,0,1,0,0.001,0.1,512,3,5,4,256,6000,8.0,2633729,1,1,9974,1106,600011,5,1,30001,6,36.0,0.3,0.5013,3.0974431
cold,0,1,0,0.001,0.1,512,3,5,4,256,6000,8.0,2633729,1,1,9974,1106,600011,5,1,30001,7,42.0,0.35,0.58485,3.95068502
cold,0,1,0,0.001,0.1,512,3,5,4,256,6000,8.0,2633729,1,1,9974,1106,600011,5,1,30001,8,48.0,0.4,0.6684,5.01241207
cold,0,1,0,0.001,0.1,512,3,5,4,256,6000,8.0,2633729,1,1,9974,1106,600011,5,1,30001,9,54.0,0.45,0.75195,6.40914869
cold,0,1,0,0.001,0.1,512,3,5,4,256,6000,8.0,2633729,1,1,9974,1106,600011,5,1,30001,10,60.0,0.5,0.8355,8.31375885
cold,0,1,0,0.001,0.1,512,3,5,4,256,6000,8.0,2633729,1,1,9974,1106,600011,5,1,30001,11,66.0,0.55,0.91905,10.88128281
cold,0,1,0,0.001,0.1,512,3,5,4,256,6000,8.0,2633729,1,1,9974,1106,600011,5,1,30001,12,72.0,0.6,1.0026,14.32222366
cold,0,1,0,0.001,0.1,512,3,5,4,256,6000,8.0,2633729,1,1,9974,1106,600011,5,1,30001,13,78.0,0.65,1.08615,18.93611717
cold,0,1,0,0.001,0.1,512,3,5,4,256,6000,8.0,2633729,1,1,9974,1106,600011,5,1,30001,14,84.0,0.7,1.1697,25.15841103
cold,0,1,0,0.001,0.1,512,3,5,4,256,6000,8.0,2633729,1,1,9974,1106,600011,5,1,30001,15,90.0,0.75,1.25325,33.50704193
cold,0,1,0,0.001,0.1,512,3,5,4,256,6000,8.0,2633729,1,1,9974,1106,600011,5,1,30001,16,96.0,0.8,1.3368,44.66682053
cold,0,1,0,0.001,0.1,512,3,5,4,256,6000,8.0,2633729,1,1,9974,1106,600011,5,1,30001,17,102.0,0.85,1.42035,59.56332779
cold,0,1,0,0.001,0.1,512,3,5,4,256,6000,8.0,2633729,1,1,9974,1106,600011,5,1,30001,18,108.0,0.9,1.5039,79.39849091
cold,0,1,0,0.001,0.1,512,3,5,4,256,6000,8.0,2633729,1,1,9974,1106,600011,5,1,30001,19,114.0,0.95,1.58745,105.85694885
cold,0,1,0,0.001,0.1,512,3,5,4,256,6000,8.0,2633729,1,1,9974,1106,600011,5,1,30001,20,120.0,1.0,1.671,141.08514404
cold,0,1,0,0.001,0.1,512,3,5,4,256,6000,8.0,2633729,1,1,9974,1106,600011,5,1,30001,21,126.0,1.05,1.75455,188.0769043
cold,0,1,0,0.001,0.1,512,3,5,4,256,6000,8.0,2633729,1,1,9974,1106,600011,5,1,30001,22,132.0,1.1,1.8381,250.73866272
cold,0,1,0,0.001,0.1,512,3,5,4,256,6000,8.0,2633729,1,1,9974,1106,600011,5,1,30001,23,138.0,1.15,1.92165,334.3789978
cold,0,1,0,0.001,0.1,512,3,5,4,256,6000,8.0,2633729,1,1,9974,1106,600011,5,1,30001,24,144.0,1.2,2.0052,446.06387329
cold,0,1,0,0.001,0.1,512,3,5,4,256,6000,8.0,2633729,1,1,9974,1106,600011,5,1,30001,25,150.0,1.25,2.08875,595.24713135
cold,0,1,0,0.001,0.1,512,3,5,4,256,6000,8.0,2633729,1,1,9974,1106,600011,5,1,30001,26,156.0,1.3,2.1723,794.74279785
cold,0,1,0,0.001,0.1,512,3,5,4,256,6000,8.0,2633729,1,1,9974,1106,600011,5,1,30001,27,162.0,1.35,2.25585,1061.27526855
cold,0,1,0,0.001,0.1,512,3,5,4,256,6000,8.0,2633729,1,1,9974,1106,600011,5,1,30001,28,168.0,1.4,2.3394,1417.81958008
cold,0,1,0,0.001,0.1,512,3,5,4,256,6000,8.0,2633729,1,1,9974,1106,600011,5,1,30001,29,174.0,1.45,2.42295,1894.63720703
cold,0,1,0,0.001,0.1,512,3,5,4,256,6000,8.0,2633729,1,1,9974,1106,600011,5,1,30001,30,180.0,1.5,2.5065,2532.35913086
cold,0,1,0,0.001,0.1,512,3,5,4,256,6000,8.0,2633729,1,1,9974,1106,600011,5,1,30001,31,186.0,1.55,2.59005,3385.62304688
cold,0,1,0,0.001,0.1,512,3,5,4,256,6000,8.0,2633729,1,1,9974,1106,600011,5,1,30001,32,192.0,1.6,2.6736,4527.10009766
cold,0,1,0,0.001,0.1,512,3,5,4,256,6000,8.0,2633729,1,1,9974,1106,600011,5,1,30001,33,198.0,1.65,2.75715,6054.48779297
cold,0,1,0,0.001,0.1,512,3,5,4,256,6000,8.0,2633729,1,1,9974,1106,600011,5,1,30001,34,204.0,1.7,2.8407,8099.8359375
cold,0,1,0,0.001,0.1,512,3,5,4,256,6000,8.0,2633729,1,1,9974,1106,600011,5,1,30001,35,210.0,1.75,2.92425,10834.47558594
cold,0,1,0,0.001,0.1,512,3,5,4,256,6000,8.0,2633729,1,1,9974,1106,600011,5,1,30001,36,216.0,1.8,3.0078,14501.69433594
cold,0,1,0,0.001,0.1,512,3,5,4,256,6000,8.0,2633729,1,1,9974,1106,600011,5,1,30001,37,222.0,1.85,3.09135,19402.63671875
cold,0,1,0,0.001,0.1,512,3,5,4,256,6000,8.0,2633729,1,1,9974,1106,600011,5,1,30001,38,228.0,1.9,3.1749,25980.6875
cold,0,1,0,0.001,0.1,512,3,5,4,256,6000,8.0,2633729,1,1,9974,1106,600011,5,1,30001,39,234.0,1.95,3.25845,34772.67578125
cold,0,1,0,0.001,0.1,512,3,5,4,256,6000,8.0,2633729,1,1,9974,1106,600011,5,1,30001,40,240.0,2.0,3.342,46573.9453125
cold,0,1,0,0.001,0.1,512,3,5,4,256,6000,8.0,2633729,1,1,9974,1106,600011,5,1,30001,41,246.0,2.05,3.42555,62356.890625
cold,0,1,0,0.001,0.1,512,3,5,4,256,6000,8.0,2633729,1,1,9974,1106,600011,5,1,30001,42,252.0,2.1,3.5091,83534.296875
cold,0,1,0,0.001,0.1,512,3,5,4,256,6000,8.0,2633729,1,1,9974,1106,600011,5,1,30001,43,258.0,2.15,3.59265,111886.59375
cold,0,1,0,0.001,0.1,512,3,5,4,256,6000,8.0,2633729,1,1,9974,1106,600011,5,1,30001,44,264.0,2.2,3.6762,149905.59375
cold,0,1,0,0.001,0.1,512,3,5,4,256,6000,8.0,2633729,1,1,9974,1106,600011,5,1,30001,45,270.0,2.25,3.75975,200846.609375
cold,0,1,0,0.001,0.1,512,3,5,4,256,6000,8.0,2633729,1,1,9974,1106,600011,5,1,30001,46,276.0,2.3,3.8433,269133.1875
cold,0,1,0,0.001,0.1,512,3,5,4,256,6000,8.0,2633729,1,1,9974,1106,600011,5,1,30001,47,282.0,2.35,3.92685,360671.4375
cold,0,1,0,0.001,0.1,512,3,5,4,256,6000,8.0,2633729,1,1,9974,1106,600011,5,1,30001,48,288.0,2.4,4.0104,483419.09375
cold,0,1,0,0.001,0.1,512,3,5,4,256,6000,8.0,2633729,1,1,9974,1106,600011,5,1,30001,49,294.0,2.45,4.09395,647905.125
cold,0,1,0,0.001,0.1,512,3,5,4,256,6000,8.0,2633729,1,1,9974,1106,600011,5,1,30001,50,300.0,2.5,4.1775,868635.125
cold,0,1,0,0.001,0.1,512,3,5,4,256,6000,8.0,2633729,1,1,9974,1106,600011,5,1,30001,51,306.0,2.55,4.26105,1164360.0
cold,0,1,0,0.001,0.1,512,3,5,4,256,6000,8.0,2633729,1,1,9974,1106,600011,5,1,30001,52,312.0,2.6,4.3446,1561372.375
cold,0,1,0,0.001,0.1,512,3,5,4,256,6000,8.0,2633729,1,1,9974,1106,600011,5,1,30001,53,318.0,2.65,4.42815,2093278.375
cold,0,1,0,0.001,0.1,512,3,5,4,256,6000,8.0,2633729,1,1,9974,1106,600011,5,1,30001,54,324.0,2.7,4.5117,2807222.25
cold,0,1,0,0.001,0.1,512,3,5,4,256,6000,8.0,2633729,1,1,9974,1106,600011,5,1,30001,55,330.0,2.75,4.59525,3764827.75
cold,0,1,0,0.001,0.1,512,3,5,4,256,6000,8.0,2633729,1,1,9974,1106,600011,5,1,30001,56,336.0,2.8,4.6788,5048605.0
cold,0,1,0,0.001,0.1,512,3,5,4,256,6000,8.0,2633729,1,1,9974,1106,600011,5,1,30001,57,342.0,2.85,4.76235,6773017.5
cold,0,1,0,0.001,0.1,512,3,5,4,256,6000,8.0,2633729,1,1,9974,1106,600011,5,1,30001,58,348.0,2.9,4.8459,9083037.0
cold,0,1,0,0.001,0.1,512,3,5,4,256,6000,8.0,2633729,1,1,9974,1106,600011,5,1,30001,59,354.0,2.95,4.92945,12188154.0
cold,0,1,0,0.001,0.1,512,3,5,4,256,6000,8.0,2633729,1,1,9974,1106,600011,5,1,30001,60,360.0,3.0,5.013,16347013.0
cold,0,1,0,0.001,0.1,512,3,5,4,256,6000,8.0,2633729,1,1,9974,1106,600011,5,1,30001,61,366.0,3.05,5.09655,21937234.0
cold,0,1,0,0.001,0.1,512,3,5,4,256,6000,8.0,2633729,1,1,9974,1106,600011,5,1,30001,62,372.0,3.1,5.1801,29427900.0
cold,0,1,0,0.001,0.1,512,3,5,4,256,6000,8.0,2633729,1,1,9974,1106,600011,5,1,30001,63,378.0,3.15,5.26365,39490820.0
cold,0,1,0,0.001,0.1,512,3,5,4,256,6000,8.0,2633729,1,1,9974,1106,600011,5,1,30001,64,384.0,3.2,5.3472,52985244.0
cold,0,1,0,0.001,0.1,512,3,5,4,256,6000,8.0,2633729,1,1,9974,1106,600011,5,1,30001,65,390.0,3.25,5.43075,71105296.0
cold,0,1,0,0.001,0.1,512,3,5,4,256,6000,8.0,2633729,1,1,9974,1106,600011,5,1,30001,66,396.0,3.3,5.5143,95415640.0
cold,0,1,0,0.001,0.1,512,3,5,4,256,6000,8.0,2633729,1,1,9974,1106,600011,5,1,30001,67,402.0,3.35,5.59785,128059552.0
cold,0,1,0,0.001,0.1,512,3,5,4,256,6000,8.0,2633729,1,1,9974,1106,600011,5,1,30001,68,408.0,3.4,5.6814,171842672.0
cold,0,1,0,0.001,0.1,512,3,5,4,256,6000,8.0,2633729,1,1,9974,1106,600011,5,1,30001,69,414.0,3.45,5.76495,230667696.0
cold,0,1,0,0.001,0.1,512,3,5,4,256,6000,8.0,2633729,1,1,9974,1106,600011,5,1,30001,70,420.0,3.5,5.8485,309541920.0
cold,0,1,0,0.001,0.1,512,3,5,4,256,6000,8.0,2633729,1,1,9974,1106,600011,5,1,30001,71,426.0,3.55,5.93205,415580672.0
cold,0,1,0,0.001,0.1,512,3,5,4,256,6000,8.0,2633729,1,1,9974,1106,600011,5,1,30001,72,432.0,3.6,6.0156,557703744.0
cold,0,1,0,0.001,0.1,512,3,5,4,256,6000,8.0,2633729,1,1,9974,1106,600011,5,1,30001,73,438.0,3.65,6.09915,748836928.0
cold,0,1,0,0.001,0.1,512,3,5,4,256,6000,8.0,2633729,1,1,9974,1106,600011,5,1,30001,74,444.0,3.7,6.1827,1005126656.0
cold,0,1,0,0.001,0.1,512,3,5,4,256,6000,8.0,2633729,1,1,9974,1106,600011,5,1,30001,75,450.0,3.75,6.26625,1349490176.0
cold,0,1,0,0.001,0.1,512,3,5,4,256,6000,8.0,2633729,1,1,9974,1106,600011,5,1,30001,76,456.0,3.8,6.3498,1811778304.0
cold,0,1,0,0.001,0.1,512,3,5,4,256,6000,8.0,2633729,1,1,9974,1106,600011,5,1,30001,77,462.0,3.85,6.43335,2432247296.0
cold,0,1,0,0.001,0.1,512,3,5,4,256,6000,8.0,2633729,1,1,9974,1106,600011,5,1,30001,78,468.0,3.9,6.5169,3266003200.0
cold,0,1,0,0.001,0.1,512,3,5,4,256,6000,8.0,2633729,1,1,9974,1106,600011,5,1,30001,79,474.0,3.95,6.60045,4384537600.0
cold,0,1,0,0.001,0.1,512,3,5,4,256,6000,8.0,2633729,1,1,9974,1106,600011,5,1,30001,80,480.0,4.0,6.684,5887778304.0
cold,0,1,0,0.001,0.1,512,3,5,4,256,6000,8.0,2633729,1,1,9974,1106,600011,5,1,30001,81,486.0,4.05,6.76755,7904858112.0
cold,0,1,0,0.001,0.1,512,3,5,4,256,6000,8.0,2633729,1,1,9974,1106,600011,5,1,30001,82,492.0,4.1,6.8511,10614996992.0
cold,0,1,0,0.001,0.1,512,3,5,4,256,6000,8.0,2633729,1,1,9974,1106,600011,5,1,30001,83,498.0,4.15,6.93465,14252945408.0
cold,0,1,0,0.001,0.1,512,3,5,4,256,6000,8.0,2633729,1,1,9974,1106,600011,5,1,30001,84,504.0,4.2,7.0182,19138951168.0
cold,0,1,0,0.001,0.1,512,3,5,4,256,6000,8.0,2633729,1,1,9974,1106,600011,5,1,30001,85,510.0,4.25,7.10175,25700311040.0
cold,0,1,0,0.001,0.1,512,3,5,4,256,6000,8.0,2633729,1,1,9974,1106,600011,5,1,30001,86,516.0,4.3,7.1853,34512039936.0
cold,0,1,0,0.001,0.1,512,3,5,4,256,6000,8.0,2633729,1,1,9974,1106,600011,5,1,30001,87,522.0,4.35,7.26885,46342594560.0
cold,0,1,0,0.001,0.1,512,3,5,4,256,6000,8.0,2633729,1,1,9974,1106,600011,5,1,30001,88,528.0,4.4,7.3524,62240284672.0
cold,0,1,0,0.001,0.1,512,3,5,4,256,6000,8.0,2633729,1,1,9974,1106,600011,5,1,30001,89,534.0,4.45,7.43595,83572080640.0
cold,0,1,0,0.001,0.1,512,3,5,4,256,6000,8.0,2633729,1,1,9974,1106,600011,5,1,30001,90,540.0,4.5,7.5195,112257032192.0
cold,0,1,0,0.001,0.1,512,3,5,4,256,6000,8.0,2633729,1,1,9974,1106,600011,5,1,30001,91,546.0,4.55,7.60305,150726492160.0
cold,0,1,0,0.001,0.1,512,3,5,4,256,6000,8.0,2633729,1,1,9974,1106,600011,5,1,30001,92,552.0,4.6,7.6866,202478518272.0
cold,0,1,0,0.001,0.1,512,3,5,4,256,6000,8.0,2633729,1,1,9974,1106,600011,5,1,30001,93,558.0,4.65,7.77015,271889055744.0
cold,0,1,0,0.001,0.1,512,3,5,4,256,6000,8.0,2633729,1,1,9974,1106,600011,5,1,30001,94,564.0,4.7,7.8537,365208895488.0
cold,0,1,0,0.001,0.1,512,3,5,4,256,6000,8.0,2633729,1,1,9974,1106,600011,5,1,30001,95,570.0,4.75,7.93725,490488004608.0
cold,0,1,0,0.001,0.1,512,3,5,4,256,6000,8.0,2633729,1,1,9974,1106,600011,5,1,30001,96,576.0,4.8,8.0208,658784976896.0
cold,0,1,0,0.001,0.1,512,3,5,4,256,6000,8.0,2633729,1,1,9974,1106,600011,5,1,30001,97,582.0,4.85,8.10435,884839415808.0
cold,0,1,0,0.001,0.1,512,3,5,4,256,6000,8.0,2633729,1,1,9974,1106,600011,5,1,30001,98,588.0,4.9,8.1879,1188451450880.0
cold,0,1,0,0.001,0.1,512,3,5,4,256,6000,8.0,2633729,1,1,9974,1106,600011,5,1,30001,99,594.0,4.95,8.27145,1596303867904.0
cold,0,1,0,0.001,0.1,512,3,5,4,256,6000,8.0,2633729,1,1,9974,1106,600011,5,1,30001,100,600.0,5.0,8.355,2144162283520.0
cold,0,1,0,0.001,0.1,512,3,5,4,256,6000,8.0,2633729,1,1,9974,1106,600011,5,1,30001,101,606.0,5.05,8.43855,2880035880960.0
cold,0,1,0,0.001,0.1,512,3,5,4,256,6000,8.0,2633729,1,1,9974,1106,600011,5,1,30001,102,612.0,5.1,8.5221,3868622061568.0
cold,0,1,0,0.001,0.1,512,3,5,4,256,6000,8.0,2633729,1,1,9974,1106,600011,5,1,30001,103,618.0,5.15,8.60565,5196280233984.0
cold,0,1,0,0.001,0.1,512,3,5,4,256,6000,8.0,2633729,1,1,9974,1106,600011,5,1,30001,104,624.0,5.2,8.6892,6979990847488.0
cold,0,1,0,0.001,0.1,512,3,5,4,256,6000,8.0,2633729,1,1,9974,1106,600011,5,1,30001,105,630.0,5.25,8.77275,9375616860160.0
cold,0,1,0,0.001,0.1,512,3,5,4,256,6000,8.0,2633729,1,1,9974,1106,600011,5,1,30001,106,636.0,5.3,8.8563,12593909465088.0
cold,0,1,0,0.001,0.1,512,3,5,4,256,6000,8.0,2633729,1,1,9974,1106,600011,5,1,30001,107,642.0,5.35,8.93985,16918033465344.0
cold,0,1,0,0.001,0.1,512,3,5,4,256,6000,8.0,2633729,1,1,9974,1106,600011,5,1,30001,108,648.0,5.4,9.0234,22723810033664.0
cold,0,1,0,0.001,0.1,512,3,5,4,256,6000,8.0,2633729,1,1,9974,1106,600011,5,1,30001,109,654.0,5.45,9.10695,30528545751040.0
cold,0,1,0,0.001,0.1,512,3,5,4,256,6000,8.0,2633729,1,1,9974,1106,600011,5,1,30001,110,660.0,5.5,9.1905,41002299555840.0
cold,0,1,0,0.001,0.1,512,3,5,4,256,6000,8.0,2633729,1,1,9974,1106,600011,5,1,30001,111,666.0,5.55,9.27405,55088445915136.0
cold,0,1,0,0.001,0.1,512,3,5,4,256,6000,8.0,2633729,1,1,9974,1106,600011,5,1,30001,112,672.0,5.6,9.3576,73986960523264.0
cold,0,1,0,0.001,0.1,512,3,5,4,256,6000,8.0,2633729,1,1,9974,1106,600011,5,1,30001,113,678.0,5.65,9.44115,99401112485888.0
cold,0,1,0,0.001,0.1,512,3,5,4,256,6000,8.0,2633729,1,1,9974,1106,600011,5,1,30001,114,684.0,5.7,9.5247,133514527768576.0
cold,0,1,0,0.001,0.1,512,3,5,4,256,6000,8.0,2633729,1,1,9974,1106,600011,5,1,30001,115,690.0,5.75,9.60825,179366004785152.0
cold,0,1,0,0.001,0.1,512,3,5,4,256,6000,8.0,2633729,1,1,9974,1106,600011,5,1,30001,116,696.0,5.8,9.6918,240940333662208.0
cold,0,1,0,0.001,0.1,512,3,5,4,256,6000,8.0,2633729,1,1,9974,1106,600011,5,1,30001,117,702.0,5.85,9.77535,323671017127936.0
cold,0,1,0,0.001,0.1,512,3,5,4,256,6000,8.0,2633729,1,1,9974,1106,600011,5,1,30001,118,708.0,5.9,9.8589,434801483972608.0
cold,0,1,0,0.001,0.1,512,3,5,4,256,6000,8.0,2633729,1,1,9974,1106,600011,5,1,30001,119,714.0,5.95,9.94245,584099311910912.0
cold,0,1,0,0.001,0.1,512,3,5,4,256,6000,8.0,2633729,1,1,9974,1106,600011,5,1,30001,120,720.0,6.0,10.026,784678915145728.0
cold,0,1,0,0.001,0.1,512,3,5,4,256,6000,8.0,2633729,1,1,9974,1106,600011,5,12,30012,1,6.0,0.05,0.08355,0.16947785
cold,0,1,0,0.001,0.1,512,3,5,4,256,6000,8.0,2633729,1,1,9974,1106,600011,5,12,30012,2,12.0,0.1,0.1671,0.31532332
cold,0,1,0,0.001,0.1,512,3,5,4,256,6000,8.0,2633729,1,1,9974,1106,600011,5,12,30012,3,18.0,0.15,0.25065,0.45970124
cold,0,1,0,0.001,0.1,512,3,5,4,256,6000,8.0,2633729,1,1,9974,1106,600011,5,12,30012,4,24.0,0.2,0.3342,0.59202164
cold,0,1,0,0.001,0.1,512,3,5,4,256,6000,8.0,2633729,1,1,9974,1106,600011,5,12,30012,5,30.0,0.25,0.41775,0.70429146
cold,0,1,0,0.001,0.1,512,3,5,4,256,6000,8.0,2633729,1,1,9974,1106,600011,5,12,30012,6,36.0,0.3,0.5013,0.79931569
cold,0,1,0,0.001,0.1,512,3,5,4,256,6000,8.0,2633729,1,1,9974,1106,600011,5,12,30012,7,42.0,0.35,0.58485,0.87972647
cold,0,1,0,0.001,0.1,512,3,5,4,256,6000,8.0,2633729,1,1,9974,1106,600011,5,12,30012,8,48.0,0.4,0.6684,0.94724768
cold,0,1,0,0.001,0.1,512,3,5,4,256,6000,8.0,2633729,1,1,9974,1106,600011,5,12,30012,9,54.0,0.45,0.75195,1.0039829
cold,0,1,0,0.001,0.1,512,3,5,4,256,6000,8.0,2633729,1,1,9974,1106,600011,5,12,30012,10,60.0,0.5,0.8355,1.0527823
cold,0,1,0,0.001,0.1,512,3,5,4,256,6000,8.0,2633729,1,1,9974,1106,600011,5,12,30012,11,66.0,0.55,0.91905,1.09699297
cold,0,1,0,0.001,0.1,512,3,5,4,256,6000,8.0,2633729,1,1,9974,1106,600011,5,12,30012,12,72.0,0.6,1.0026,1.139449
cold,0,1,0,0.001,0.1,512,3,5,4,256,6000,8.0,2633729,1,1,9974,1106,600011,5,12,30012,13,78.0,0.65,1.08615,1.18093479
cold,0,1,0,0.001,0.1,512,3,5,4,256,6000,8.0,2633729,1,1,9974,1106,600011,5,12,30012,14,84.0,0.7,1.1697,1.21925914
cold,0,1,0,0.001,0.1,512,3,5,4,256,6000,8.0,2633729,1,1,9974,1106,600011,5,12,30012,15,90.0,0.75,1.25325,1.25059319
cold,0,1,0,0.001,0.1,512,3,5,4,256,6000,8.0,2633729,1,1,9974,1106,600011,5,12,30012,16,96.0,0.8,1.3368,1.2726171
cold,0,1,0,0.001,0.1,512,3,5,4,256,6000,8.0,2633729,1,1,9974,1106,600011,5,12,30012,17,102.0,0.85,1.42035,1.28645158
cold,0,1,0,0.001,0.1,512,3,5,4,256,6000,8.0,2633729,1,1,9974,1106,600011,5,12,30012,18,108.0,0.9,1.5039,1.29496777
cold,0,1,0,0.001,0.1,512,3,5,4,256,6000,8.0,2633729,1,1,9974,1106,600011,5,12,30012,19,114.0,0.95,1.58745,1.29990375
cold,0,1,0,0.001,0.1,512,3,5,4,256,6000,8.0,2633729,1,1,9974,1106,600011,5,12,30012,20,120.0,1.0,1.671,1.30124879
cold,0,1,0,0.001,0.1,512,3,5,4,256,6000,8.0,2633729,1,1,9974,1106,600011,5,12,30012,21,126.0,1.05,1.75455,1.2981292
cold,0,1,0,0.001,0.1,512,3,5,4,256,6000,8.0,2633729,1,1,9974,1106,600011,5,12,30012,22,132.0,1.1,1.8381,1.28999436
cold,0,1,0,0.001,0.1,512,3,5,4,256,6000,8.0,2633729,1,1,9974,1106,600011,5,12,30012,23,138.0,1.15,1.92165,1.27856708
cold,0,1,0,0.001,0.1,512,3,5,4,256,6000,8.0,2633729,1,1,9974,1106,600011,5,12,30012,24,144.0,1.2,2.0052,1.26748216
cold,0,1,0,0.001,0.1,512,3,5,4,256,6000,8.0,2633729,1,1,9974,1106,600011,5,12,30012,25,150.0,1.25,2.08875,1.25812912
cold,0,1,0,0.001,0.1,512,3,5,4,256,6000,8.0,2633729,1,1,9974,1106,600011,5,12,30012,26,156.0,1.3,2.1723,1.24873137
cold,0,1,0,0.001,0.1,512,3,5,4,256,6000,8.0,2633729,1,1,9974,1106,600011,5,12,30012,27,162.0,1.35,2.25585,1.23735607
cold,0,1,0,0.001,0.1,512,3,5,4,256,6000,8.0,2633729,1,1,9974,1106,600011,5,12,30012,28,168.0,1.4,2.3394,1.22290969
cold,0,1,0,0.001,0.1,512,3,5,4,256,6000,8.0,2633729,1,1,9974,1106,600011,5,12,30012,29,174.0,1.45,2.42295,1.20576096
cold,0,1,0,0.001,0.1,512,3,5,4,256,6000,8.0,2633729,1,1,9974,1106,600011,5,12,30012,30,180.0,1.5,2.5065,1.18792737
cold,0,1,0,0.001,0.1,512,3,5,4,256,6000,8.0,2633729,1,1,9974,1106,600011,5,12,30012,31,186.0,1.55,2.59005,1.17028642
cold,0,1,0,0.001,0.1,512,3,5,4,256,6000,8.0,2633729,1,1,9974,1106,600011,5,12,30012,32,192.0,1.6,2.6736,1.1523391
cold,0,1,0,0.001,0.1,512,3,5,4,256,6000,8.0,2633729,1,1,9974,1106,600011,5,12,30012,33,198.0,1.65,2.75715,1.1351794
cold,0,1,0,0.001,0.1,512,3,5,4,256,6000,8.0,2633729,1,1,9974,1106,600011,5,12,30012,34,204.0,1.7,2.8407,1.1215204
cold,0,1,0,0.001,0.1,512,3,5,4,256,6000,8.0,2633729,1,1,9974,1106,600011,5,12,30012,35,210.0,1.75,2.92425,1.11257672
cold,0,1,0,0.001,0.1,512,3,5,4,256,6000,8.0,2633729,1,1,9974,1106,600011,5,12,30012,36,216.0,1.8,3.0078,1.10736144
cold,0,1,0,0.001,0.1,512,3,5,4,256,6000,8.0,2633729,1,1,9974,1106,600011,5,12,30012,37,222.0,1.85,3.09135,1.10407376
cold,0,1,0,0.001,0.1,512,3,5,4,256,6000,8.0,2633729,1,1,9974,1106,600011,5,12,30012,38,228.0,1.9,3.1749,1.10084724
cold,0,1,0,0.001,0.1,512,3,5,4,256,6000,8.0,2633729,1,1,9974,1106,600011,5,12,30012,39,234.0,1.95,3.25845,1.09603524
cold,0,1,0,0.001,0.1,512,3,5,4,256,6000,8.0,2633729,1,1,9974,1106,600011,5,12,30012,40,240.0,2.0,3.342,1.08936238
cold,0,1,0,0.001,0.1,512,3,5,4,256,6000,8.0,2633729,1,1,9974,1106,600011,5,12,30012,41,246.0,2.05,3.42555,1.0827148
cold,0,1,0,0.001,0.1,512,3,5,4,256,6000,8.0,2633729,1,1,9974,1106,600011,5,12,30012,42,252.0,2.1,3.5091,1.07885242
cold,0,1,0,0.001,0.1,512,3,5,4,256,6000,8.0,2633729,1,1,9974,1106,600011,5,12,30012,43,258.0,2.15,3.59265,1.0785315
cold,0,1,0,0.001,0.1,512,3,5,4,256,6000,8.0,2633729,1,1,9974,1106,600011,5,12,30012,44,264.0,2.2,3.6762,1.07979238
cold,0,1,0,0.001,0.1,512,3,5,4,256,6000,8.0,2633729,1,1,9974,1106,600011,5,12,30012,45,270.0,2.25,3.75975,1.08104217
cold,0,1,0,0.001,0.1,512,3,5,4,256,6000,8.0,2633729,1,1,9974,1106,600011,5,12,30012,46,276.0,2.3,3.8433,1.08323598
cold,0,1,0,0.001,0.1,512,3,5,4,256,6000,8.0,2633729,1,1,9974,1106,600011,5,12,30012,47,282.0,2.35,3.92685,1.08829117
cold,0,1,0,0.001,0.1,512,3,5,4,256,6000,8.0,2633729,1,1,9974,1106,600011,5,12,30012,48,288.0,2.4,4.0104,1.09656286
cold,0,1,0,0.001,0.1,512,3,5,4,256,6000,8.0,2633729,1,1,9974,1106,600011,5,12,30012,49,294.0,2.45,4.09395,1.10602653
cold,0,1,0,0.001,0.1,512,3,5,4,256,6000,8.0,2633729,1,1,9974,1106,600011,5,12,30012,50,300.0,2.5,4.1775,1.11418808
cold,0,1,0,0.001,0.1,512,3,5,4,256,6000,8.0,2633729,1,1,9974,1106,600011,5,12,30012,51,306.0,2.55,4.26105,1.12071764
cold,0,1,0,0.001,0.1,512,3,5,4,256,6000,8.0,2633729,1,1,9974,1106,600011,5,12,30012,52,312.0,2.6,4.3446,1.12746477
cold,0,1,0,0.001,0.1,512,3,5,4,256,6000,8.0,2633729,1,1,9974,1106,600011,5,12,30012,53,318.0,2.65,4.42815,1.13604403
cold,0,1,0,0.001,0.1,512,3,5,4,256,6000,8.0,2633729,1,1,9974,1106,600011,5,12,30012,54,324.0,2.7,4.5117,1.14593065
cold,0,1,0,0.001,0.1,512,3,5,4,256,6000,8.0,2633729,1,1,9974,1106,600011,5,12,30012,55,330.0,2.75,4.59525,1.15461767
cold,0,1,0,0.001,0.1,512,3,5,4,256,6000,8.0,2633729,1,1,9974,1106,600011,5,12,30012,56,336.0,2.8,4.6788,1.15997601
cold,0,1,0,0.001,0.1,512,3,5,4,256,6000,8.0,2633729,1,1,9974,1106,600011,5,12,30012,57,342.0,2.85,4.76235,1.16324854
cold,0,1,0,0.001,0.1,512,3,5,4,256,6000,8.0,2633729,1,1,9974,1106,600011,5,12,30012,58,348.0,2.9,4.8459,1.16745734
cold,0,1,0,0.001,0.1,512,3,5,4,256,6000,8.0,2633729,1,1,9974,1106,600011,5,12,30012,59,354.0,2.95,4.92945,1.17331195
cold,0,1,0,0.001,0.1,512,3,5,4,256,6000,8.0,2633729,1,1,9974,1106,600011,5,12,30012,60,360.0,3.0,5.013,1.17947292
cold,0,1,0,0.001,0.1,512,3,5,4,256,6000,8.0,2633729,1,1,9974,1106,600011,5,12,30012,61,366.0,3.05,5.09655,1.1840688
cold,0,1,0,0.001,0.1,512,3,5,4,256,6000,8.0,2633729,1,1,9974,1106,600011,5,12,30012,62,372.0,3.1,5.1801,1.18550515
cold,0,1,0,0.001,0.1,512,3,5,4,256,6000,8.0,2633729,1,1,9974,1106,600011,5,12,30012,63,378.0,3.15,5.26365,1.18388021
cold,0,1,0,0.001,0.1,512,3,5,4,256,6000,8.0,2633729,1,1,9974,1106,600011,5,12,30012,64,384.0,3.2,5.3472,1.18162322
cold,0,1,0,0.001,0.1,512,3,5,4,256,6000,8.0,2633729,1,1,9974,1106,600011,5,12,30012,65,390.0,3.25,5.43075,1.18154621
cold,0,1,0,0.001,0.1,512,3,5,4,256,6000,8.0,2633729,1,1,9974,1106,600011,5,12,30012,66,396.0,3.3,5.5143,1.18357813
cold,0,1,0,0.001,0.1,512,3,5,4,256,6000,8.0,2633729,1,1,9974,1106,600011,5,12,30012,67,402.0,3.35,5.59785,1.18485606
cold,0,1,0,0.001,0.1,512,3,5,4,256,6000,8.0,2633729,1,1,9974,1106,600011,5,12,30012,68,408.0,3.4,5.6814,1.18301702
cold,0,1,0,0.001,0.1,512,3,5,4,256,6000,8.0,2633729,1,1,9974,1106,600011,5,12,30012,69,414.0,3.45,5.76495,1.17909753
cold,0,1,0,0.001,0.1,512,3,5,4,256,6000,8.0,2633729,1,1,9974,1106,600011,5,12,30012,70,420.0,3.5,5.8485,1.17589211
cold,0,1,0,0.001,0.1,512,3,5,4,256,6000,8.0,2633729,1,1,9974,1106,600011,5,12,30012,71,426.0,3.55,5.93205,1.1743685
cold,0,1,0,0.001,0.1,512,3,5,4,256,6000,8.0,2633729,1,1,9974,1106,600011,5,12,30012,72,432.0,3.6,6.0156,1.17326438
cold,0,1,0,0.001,0.1,512,3,5,4,256,6000,8.0,2633729,1,1,9974,1106,600011,5,12,30012,73,438.0,3.65,6.09915,1.17084026
cold,0,1,0,0.001,0.1,512,3,5,4,256,6000,8.0,2633729,1,1,9974,1106,600011,5,12,30012,74,444.0,3.7,6.1827,1.1670481
cold,0,1,0,0.001,0.1,512,3,5,4,256,6000,8.0,2633729,1,1,9974,1106,600011,5,12,30012,75,450.0,3.75,6.26625,1.16344714
cold,0,1,0,0.001,0.1,512,3,5,4,256,6000,8.0,2633729,1,1,9974,1106,600011,5,12,30012,76,456.0,3.8,6.3498,1.16132641
cold,0,1,0,0.001,0.1,512,3,5,4,256,6000,8.0,2633729,1,1,9974,1106,600011,5,12,30012,77,462.0,3.85,6.43335,1.16073167
cold,0,1,0,0.001,0.1,512,3,5,4,256,6000,8.0,2633729,1,1,9974,1106,600011,5,12,30012,78,468.0,3.9,6.5169,1.16071796
cold,0,1,0,0.001,0.1,512,3,5,4,256,6000,8.0,2633729,1,1,9974,1106,600011,5,12,30012,79,474.0,3.95,6.60045,1.15984583
cold,0,1,0,0.001,0.1,512,3,5,4,256,6000,8.0,2633729,1,1,9974,1106,600011,5,12,30012,80,480.0,4.0,6.684,1.15706265
cold,0,1,0,0.001,0.1,512,3,5,4,256,6000,8.0,2633729,1,1,9974,1106,600011,5,12,30012,81,486.0,4.05,6.76755,1.15349352
cold,0,1,0,0.001,0.1,512,3,5,4,256,6000,8.0,2633729,1,1,9974,1106,600011,5,12,30012,82,492.0,4.1,6.8511,1.15155661
cold,0,1,0,0.001,0.1,512,3,5,4,256,6000,8.0,2633729,1,1,9974,1106,600011,5,12,30012,83,498.0,4.15,6.93465,1.15207219
cold,0,1,0,0.001,0.1,512,3,5,4,256,6000,8.0,2633729,1,1,9974,1106,600011,5,12,30012,84,504.0,4.2,7.0182,1.15376282
cold,0,1,0,0.001,0.1,512,3,5,4,256,6000,8.0,2633729,1,1,9974,1106,600011,5,12,30012,85,510.0,4.25,7.10175,1.15473974
cold,0,1,0,0.001,0.1,512,3,5,4,256,6000,8.0,2633729,1,1,9974,1106,600011,5,12,30012,86,516.0,4.3,7.1853,1.1537044
cold,0,1,0,0.001,0.1,512,3,5,4,256,6000,8.0,2633729,1,1,9974,1106,600011,5,12,30012,87,522.0,4.35,7.26885,1.15041721
cold,0,1,0,0.001,0.1,512,3,5,4,256,6000,8.0,2633729,1,1,9974,1106,600011,5,12,30012,88,528.0,4.4,7.3524,1.14613342
cold,0,1,0,0.001,0.1,512,3,5,4,256,6000,8.0,2633729,1,1,9974,1106,600011,5,12,30012,89,534.0,4.45,7.43595,1.14229107
cold,0,1,0,0.001,0.1,512,3,5,4,256,6000,8.0,2633729,1,1,9974,1106,600011,5,12,30012,90,540.0,4.5,7.5195,1.13890302
cold,0,1,0,0.001,0.1,512,3,5,4,256,6000,8.0,2633729,1,1,9974,1106,600011,5,12,30012,91,546.0,4.55,7.60305,1.13536811
cold,0,1,0,0.001,0.1,512,3,5,4,256,6000,8.0,2633729,1,1,9974,1106,600011,5,12,30012,92,552.0,4.6,7.6866,1.1326803
cold,0,1,0,0.001,0.1,512,3,5,4,256,6000,8.0,2633729,1,1,9974,1106,600011,5,12,30012,93,558.0,4.65,7.77015,1.13285494
cold,0,1,0,0.001,0.1,512,3,5,4,256,6000,8.0,2633729,1,1,9974,1106,600011,5,12,30012,94,564.0,4.7,7.8537,1.13567269
cold,0,1,0,0.001,0.1,512,3,5,4,256,6000,8.0,2633729,1,1,9974,1106,600011,5,12,30012,95,570.0,4.75,7.93725,1.1386081
cold,0,1,0,0.001,0.1,512,3,5,4,256,6000,8.0,2633729,1,1,9974,1106,600011,5,12,30012,96,576.0,4.8,8.0208,1.14078546
cold,0,1,0,0.001,0.1,512,3,5,4,256,6000,8.0,2633729,1,1,9974,1106,600011,5,12,30012,97,582.0,4.85,8.10435,1.14462996
cold,0,1,0,0.001,0.1,512,3,5,4,256,6000,8.0,2633729,1,1,9974,1106,600011,5,12,30012,98,588.0,4.9,8.1879,1.15271831
cold,0,1,0,0.001,0.1,512,3,5,4,256,6000,8.0,2633729,1,1,9974,1106,600011,5,12,30012,99,594.0,4.95,8.27145,1.16428566
cold,0,1,0,0.001,0.1,512,3,5,4,256,6000,8.0,2633729,1,1,9974,1106,600011,5,12,30012,100,600.0,5.0,8.355,1.17602277
cold,0,1,0,0.001,0.1,512,3,5,4,256,6000,8.0,2633729,1,1,9974,1106,600011,5,12,30012,101,606.0,5.05,8.43855,1.1846981
cold,0,1,0,0.001,0.1,512,3,5,4,256,6000,8.0,2633729,1,1,9974,1106,600011,5,12,30012,102,612.0,5.1,8.5221,1.18868577
cold,0,1,0,0.001,0.1,512,3,5,4,256,6000,8.0,2633729,1,1,9974,1106,600011,5,12,30012,103,618.0,5.15,8.60565,1.18843734
cold,0,1,0,0.001,0.1,512,3,5,4,256,6000,8.0,2633729,1,1,9974,1106,600011,5,12,30012,104,624.0,5.2,8.6892,1.18594527
cold,0,1,0,0.001,0.1,512,3,5,4,256,6000,8.0,2633729,1,1,9974,1106,600011,5,12,30012,105,630.0,5.25,8.77275,1.18359733
cold,0,1,0,0.001,0.1,512,3,5,4,256,6000,8.0,2633729,1,1,9974,1106,600011,5,12,30012,106,636.0,5.3,8.8563,1.18278456
cold,0,1,0,0.001,0.1,512,3,5,4,256,6000,8.0,2633729,1,1,9974,1106,600011,5,12,30012,107,642.0,5.35,8.93985,1.18341076
cold,0,1,0,0.001,0.1,512,3,5,4,256,6000,8.0,2633729,1,1,9974,1106,600011,5,12,30012,108,648.0,5.4,9.0234,1.18442786
cold,0,1,0,0.001,0.1,512,3,5,4,256,6000,8.0,2633729,1,1,9974,1106,600011,5,12,30012,109,654.0,5.45,9.10695,1.18483794
cold,0,1,0,0.001,0.1,512,3,5,4,256,6000,8.0,2633729,1,1,9974,1106,600011,5,12,30012,110,660.0,5.5,9.1905,1.18415952
cold,0,1,0,0.001,0.1,512,3,5,4,256,6000,8.0,2633729,1,1,9974,1106,600011,5,12,30012,111,666.0,5.55,9.27405,1.18258142
cold,0,1,0,0.001,0.1,512,3,5,4,256,6000,8.0,2633729,1,1,9974,1106,600011,5,12,30012,112,672.0,5.6,9.3576,1.18122697
cold,0,1,0,0.001,0.1,512,3,5,4,256,6000,8.0,2633729,1,1,9974,1106,600011,5,12,30012,113,678.0,5.65,9.44115,1.18044102
cold,0,1,0,0.001,0.1,512,3,5,4,256,6000,8.0,2633729,1,1,9974,1106,600011,5,12,30012,114,684.0,5.7,9.5247,1.17879999
cold,0,1,0,0.001,0.1,512,3,5,4,256,6000,8.0,2633729,1,1,9974,1106,600011,5,12,30012,115,690.0,5.75,9.60825,1.17522728
cold,0,1,0,0.001,0.1,512,3,5,4,256,6000,8.0,2633729,1,1,9974,1106,600011,5,12,30012,116,696.0,5.8,9.6918,1.17076802
cold,0,1,0,0.001,0.1,512,3,5,4,256,6000,8.0,2633729,1,1,9974,1106,600011,5,12,30012,117,702.0,5.85,9.77535,1.16724956
cold,0,1,0,0.001,0.1,512,3,5,4,256,6000,8.0,2633729,1,1,9974,1106,600011,5,12,30012,118,708.0,5.9,9.8589,1.16499591
cold,0,1,0,0.001,0.1,512,3,5,4,256,6000,8.0,2633729,1,1,9974,1106,600011,5,12,30012,119,714.0,5.95,9.94245,1.16238201
cold,0,1,0,0.001,0.1,512,3,5,4,256,6000,8.0,2633729,1,1,9974,1106,600011,5,12,30012,120,720.0,6.0,10.026,1.1581887
cold,0,1,0,0.001,0.1,512,3,5,4,256,6000,8.0,2633729,1,1,9974,1106,600011,5,54,30054,1,6.0,0.05,0.08355,0.09541925
cold,0,1,0,0.001,0.1,512,3,5,4,256,6000,8.0,2633729,1,1,9974,1106,600011,5,54,30054,2,12.0,0.1,0.1671,0.14300071
cold,0,1,0,0.001,0.1,512,3,5,4,256,6000,8.0,2633729,1,1,9974,1106,600011,5,54,30054,3,18.0,0.15,0.25065,0.19516979
cold,0,1,0,0.001,0.1,512,3,5,4,256,6000,8.0,2633729,1,1,9974,1106,600011,5,54,30054,4,24.0,0.2,0.3342,0.24515903
cold,0,1,0,0.001,0.1,512,3,5,4,256,6000,8.0,2633729,1,1,9974,1106,600011,5,54,30054,5,30.0,0.25,0.41775,0.29164657
cold,0,1,0,0.001,0.1,512,3,5,4,256,6000,8.0,2633729,1,1,9974,1106,600011,5,54,30054,6,36.0,0.3,0.5013,0.33631834
cold,0,1,0,0.001,0.1,512,3,5,4,256,6000,8.0,2633729,1,1,9974,1106,600011,5,54,30054,7,42.0,0.35,0.58485,0.3803893
cold,0,1,0,0.001,0.1,512,3,5,4,256,6000,8.0,2633729,1,1,9974,1106,600011,5,54,30054,8,48.0,0.4,0.6684,0.42246866
cold,0,1,0,0.001,0.1,512,3,5,4,256,6000,8.0,2633729,1,1,9974,1106,600011,5,54,30054,9,54.0,0.45,0.75195,0.461238
cold,0,1,0,0.001,0.1,512,3,5,4,256,6000,8.0,2633729,1,1,9974,1106,600011,5,54,30054,10,60.0,0.5,0.8355,0.49662244
cold,0,1,0,0.001,0.1,512,3,5,4,256,6000,8.0,2633729,1,1,9974,1106,600011,5,54,30054,11,66.0,0.55,0.91905,0.52890873
cold,0,1,0,0.001,0.1,512,3,5,4,256,6000,8.0,2633729,1,1,9974,1106,600011,5,54,30054,12,72.0,0.6,1.0026,0.55778795
cold,0,1,0,0.001,0.1,512,3,5,4,256,6000,8.0,2633729,1,1,9974,1106,600011,5,54,30054,13,78.0,0.65,1.08615,0.58350337
cold,0,1,0,0.001,0.1,512,3,5,4,256,6000,8.0,2633729,1,1,9974,1106,600011,5,54,30054,14,84.0,0.7,1.1697,0.60722142
cold,0,1,0,0.001,0.1,512,3,5,4,256,6000,8.0,2633729,1,1,9974,1106,600011,5,54,30054,15,90.0,0.75,1.25325,0.62980121
cold,0,1,0,0.001,0.1,512,3,5,4,256,6000,8.0,2633729,1,1,9974,1106,600011,5,54,30054,16,96.0,0.8,1.3368,0.65120965
cold,0,1,0,0.001,0.1,512,3,5,4,256,6000,8.0,2633729,1,1,9974,1106,600011,5,54,30054,17,102.0,0.85,1.42035,0.67118591
cold,0,1,0,0.001,0.1,512,3,5,4,256,6000,8.0,2633729,1,1,9974,1106,600011,5,54,30054,18,108.0,0.9,1.5039,0.68950742
cold,0,1,0,0.001,0.1,512,3,5,4,256,6000,8.0,2633729,1,1,9974,1106,600011,5,54,30054,19,114.0,0.95,1.58745,0.70581353
cold,0,1,0,0.001,0.1,512,3,5,4,256,6000,8.0,2633729,1,1,9974,1106,600011,5,54,30054,20,120.0,1.0,1.671,0.7199825
cold,0,1,0,0.001,0.1,512,3,5,4,256,6000,8.0,2633729,1,1,9974,1106,600011,5,54,30054,21,126.0,1.05,1.75455,0.73220354
cold,0,1,0,0.001,0.1,512,3,5,4,256,6000,8.0,2633729,1,1,9974,1106,600011,5,54,30054,22,132.0,1.1,1.8381,0.74255633
cold,0,1,0,0.001,0.1,512,3,5,4,256,6000,8.0,2633729,1,1,9974,1106,600011,5,54,30054,23,138.0,1.15,1.92165,0.75139475
cold,0,1,0,0.001,0.1,512,3,5,4,256,6000,8.0,2633729,1,1,9974,1106,600011,5,54,30054,24,144.0,1.2,2.0052,0.7595706
cold,0,1,0,0.001,0.1,512,3,5,4,256,6000,8.0,2633729,1,1,9974,1106,600011,5,54,30054,25,150.0,1.25,2.08875,0.76779556
cold,0,1,0,0.001,0.1,512,3,5,4,256,6000,8.0,2633729,1,1,9974,1106,600011,5,54,30054,26,156.0,1.3,2.1723,0.77565908
cold,0,1,0,0.001,0.1,512,3,5,4,256,6000,8.0,2633729,1,1,9974,1106,600011,5,54,30054,27,162.0,1.35,2.25585,0.78162563
cold,0,1,0,0.001,0.1,512,3,5,4,256,6000,8.0,2633729,1,1,9974,1106,600011,5,54,30054,28,168.0,1.4,2.3394,0.78495389
cold,0,1,0,0.001,0.1,512,3,5,4,256,6000,8.0,2633729,1,1,9974,1106,600011,5,54,30054,29,174.0,1.45,2.42295,0.78754431
cold,0,1,0,0.001,0.1,512,3,5,4,256,6000,8.0,2633729,1,1,9974,1106,600011,5,54,30054,30,180.0,1.5,2.5065,0.79278094
cold,0,1,0,0.001,0.1,512,3,5,4,256,6000,8.0,2633729,1,1,9974,1106,600011,5,54,30054,31,186.0,1.55,2.59005,0.80229694
cold,0,1,0,0.001,0.1,512,3,5,4,256,6000,8.0,2633729,1,1,9974,1106,600011,5,54,30054,32,192.0,1.6,2.6736,0.81439865
cold,0,1,0,0.001,0.1,512,3,5,4,256,6000,8.0,2633729,1,1,9974,1106,600011,5,54,30054,33,198.0,1.65,2.75715,0.82585984
cold,0,1,0,0.001,0.1,512,3,5,4,256,6000,8.0,2633729,1,1,9974,1106,600011,5,54,30054,34,204.0,1.7,2.8407,0.83500963
cold,0,1,0,0.001,0.1,512,3,5,4,256,6000,8.0,2633729,1,1,9974,1106,600011,5,54,30054,35,210.0,1.75,2.92425,0.84254014
cold,0,1,0,0.001,0.1,512,3,5,4,256,6000,8.0,2633729,1,1,9974,1106,600011,5,54,30054,36,216.0,1.8,3.0078,0.84992766
cold,0,1,0,0.001,0.1,512,3,5,4,256,6000,8.0,2633729,1,1,9974,1106,600011,5,54,30054,37,222.0,1.85,3.09135,0.85732865
cold,0,1,0,0.001,0.1,512,3,5,4,256,6000,8.0,2633729,1,1,9974,1106,600011,5,54,30054,38,228.0,1.9,3.1749,0.86336893
cold,0,1,0,0.001,0.1,512,3,5,4,256,6000,8.0,2633729,1,1,9974,1106,600011,5,54,30054,39,234.0,1.95,3.25845,0.86730319
cold,0,1,0,0.001,0.1,512,3,5,4,256,6000,8.0,2633729,1,1,9974,1106,600011,5,54,30054,40,240.0,2.0,3.342,0.86977351
cold,0,1,0,0.001,0.1,512,3,5,4,256,6000,8.0,2633729,1,1,9974,1106,600011,5,54,30054,41,246.0,2.05,3.42555,0.87140912
cold,0,1,0,0.001,0.1,512,3,5,4,256,6000,8.0,2633729,1,1,9974,1106,600011,5,54,30054,42,252.0,2.1,3.5091,0.87233901
cold,0,1,0,0.001,0.1,512,3,5,4,256,6000,8.0,2633729,1,1,9974,1106,600011,5,54,30054,43,258.0,2.15,3.59265,0.87312907
cold,0,1,0,0.001,0.1,512,3,5,4,256,6000,8.0,2633729,1,1,9974,1106,600011,5,54,30054,44,264.0,2.2,3.6762,0.8747704
cold,0,1,0,0.001,0.1,512,3,5,4,256,6000,8.0,2633729,1,1,9974,1106,600011,5,54,30054,45,270.0,2.25,3.75975,0.87773043
cold,0,1,0,0.001,0.1,512,3,5,4,256,6000,8.0,2633729,1,1,9974,1106,600011,5,54,30054,46,276.0,2.3,3.8433,0.88134241
cold,0,1,0,0.001,0.1,512,3,5,4,256,6000,8.0,2633729,1,1,9974,1106,600011,5,54,30054,47,282.0,2.35,3.92685,0.88418293
cold,0,1,0,0.001,0.1,512,3,5,4,256,6000,8.0,2633729,1,1,9974,1106,600011,5,54,30054,48,288.0,2.4,4.0104,0.88585341
cold,0,1,0,0.001,0.1,512,3,5,4,256,6000,8.0,2633729,1,1,9974,1106,600011,5,54,30054,49,294.0,2.45,4.09395,0.88742393
cold,0,1,0,0.001,0.1,512,3,5,4,256,6000,8.0,2633729,1,1,9974,1106,600011,5,54,30054,50,300.0,2.5,4.1775,0.89050043
cold,0,1,0,0.001,0.1,512,3,5,4,256,6000,8.0,2633729,1,1,9974,1106,600011,5,54,30054,51,306.0,2.55,4.26105,0.89631546
cold,0,1,0,0.001,0.1,512,3,5,4,256,6000,8.0,2633729,1,1,9974,1106,600011,5,54,30054,52,312.0,2.6,4.3446,0.90433556
cold,0,1,0,0.001,0.1,512,3,5,4,256,6000,8.0,2633729,1,1,9974,1106,600011,5,54,30054,53,318.0,2.65,4.42815,0.91255921
cold,0,1,0,0.001,0.1,512,3,5,4,256,6000,8.0,2633729,1,1,9974,1106,600011,5,54,30054,54,324.0,2.7,4.5117,0.91962504
cold,0,1,0,0.001,0.1,512,3,5,4,256,6000,8.0,2633729,1,1,9974,1106,600011,5,54,30054,55,330.0,2.75,4.59525,0.92525142
cold,0,1,0,0.001,0.1,512,3,5,4,256,6000,8.0,2633729,1,1,9974,1106,600011,5,54,30054,56,336.0,2.8,4.6788,0.92891186
cold,0,1,0,0.001,0.1,512,3,5,4,256,6000,8.0,2633729,1,1,9974,1106,600011,5,54,30054,57,342.0,2.85,4.76235,0.92991775
cold,0,1,0,0.001,0.1,512,3,5,4,256,6000,8.0,2633729,1,1,9974,1106,600011,5,54,30054,58,348.0,2.9,4.8459,0.92838961
cold,0,1,0,0.001,0.1,512,3,5,4,256,6000,8.0,2633729,1,1,9974,1106,600011,5,54,30054,59,354.0,2.95,4.92945,0.92588109
cold,0,1,0,0.001,0.1,512,3,5,4,256,6000,8.0,2633729,1,1,9974,1106,600011,5,54,30054,60,360.0,3.0,5.013,0.92497134
cold,0,1,0,0.001,0.1,512,3,5,4,256,6000,8.0,2633729,1,1,9974,1106,600011,5,54,30054,61,366.0,3.05,5.09655,0.92626166
cold,0,1,0,0.001,0.1,512,3,5,4,256,6000,8.0,2633729,1,1,9974,1106,600011,5,54,30054,62,372.0,3.1,5.1801,0.92749244
cold,0,1,0,0.001,0.1,512,3,5,4,256,6000,8.0,2633729,1,1,9974,1106,600011,5,54,30054,63,378.0,3.15,5.26365,0.92750233
cold,0,1,0,0.001,0.1,512,3,5,4,256,6000,8.0,2633729,1,1,9974,1106,600011,5,54,30054,64,384.0,3.2,5.3472,0.92779338
cold,0,1,0,0.001,0.1,512,3,5,4,256,6000,8.0,2633729,1,1,9974,1106,600011,5,54,30054,65,390.0,3.25,5.43075,0.9296174
cold,0,1,0,0.001,0.1,512,3,5,4,256,6000,8.0,2633729,1,1,9974,1106,600011,5,54,30054,66,396.0,3.3,5.5143,0.93229073
cold,0,1,0,0.001,0.1,512,3,5,4,256,6000,8.0,2633729,1,1,9974,1106,600011,5,54,30054,67,402.0,3.35,5.59785,0.93458116
cold,0,1,0,0.001,0.1,512,3,5,4,256,6000,8.0,2633729,1,1,9974,1106,600011,5,54,30054,68,408.0,3.4,5.6814,0.9361006
cold,0,1,0,0.001,0.1,512,3,5,4,256,6000,8.0,2633729,1,1,9974,1106,600011,5,54,30054,69,414.0,3.45,5.76495,0.93735325
cold,0,1,0,0.001,0.1,512,3,5,4,256,6000,8.0,2633729,1,1,9974,1106,600011,5,54,30054,70,420.0,3.5,5.8485,0.93931961
cold,0,1,0,0.001,0.1,512,3,5,4,256,6000,8.0,2633729,1,1,9974,1106,600011,5,54,30054,71,426.0,3.55,5.93205,0.94201308
cold,0,1,0,0.001,0.1,512,3,5,4,256,6000,8.0,2633729,1,1,9974,1106,600011,5,54,30054,72,432.0,3.6,6.0156,0.94445753
cold,0,1,0,0.001,0.1,512,3,5,4,256,6000,8.0,2633729,1,1,9974,1106,600011,5,54,30054,73,438.0,3.65,6.09915,0.94657356
cold,0,1,0,0.001,0.1,512,3,5,4,256,6000,8.0,2633729,1,1,9974,1106,600011,5,54,30054,74,444.0,3.7,6.1827,0.94890666
cold,0,1,0,0.001,0.1,512,3,5,4,256,6000,8.0,2633729,1,1,9974,1106,600011,5,54,30054,75,450.0,3.75,6.26625,0.9503656
cold,0,1,0,0.001,0.1,512,3,5,4,256,6000,8.0,2633729,1,1,9974,1106,600011,5,54,30054,76,456.0,3.8,6.3498,0.94909823
cold,0,1,0,0.001,0.1,512,3,5,4,256,6000,8.0,2633729,1,1,9974,1106,600011,5,54,30054,77,462.0,3.85,6.43335,0.94528627
cold,0,1,0,0.001,0.1,512,3,5,4,256,6000,8.0,2633729,1,1,9974,1106,600011,5,54,30054,78,468.0,3.9,6.5169,0.94096684
cold,0,1,0,0.001,0.1,512,3,5,4,256,6000,8.0,2633729,1,1,9974,1106,600011,5,54,30054,79,474.0,3.95,6.60045,0.93833935
cold,0,1,0,0.001,0.1,512,3,5,4,256,6000,8.0,2633729,1,1,9974,1106,600011,5,54,30054,80,480.0,4.0,6.684,0.93937933
cold,0,1,0,0.001,0.1,512,3,5,4,256,6000,8.0,2633729,1,1,9974,1106,600011,5,54,30054,81,486.0,4.05,6.76755,0.94491982
cold,0,1,0,0.001,0.1,512,3,5,4,256,6000,8.0,2633729,1,1,9974,1106,600011,5,54,30054,82,492.0,4.1,6.8511,0.9534508
cold,0,1,0,0.001,0.1,512,3,5,4,256,6000,8.0,2633729,1,1,9974,1106,600011,5,54,30054,83,498.0,4.15,6.93465,0.96130228
cold,0,1,0,0.001,0.1,512,3,5,4,256,6000,8.0,2633729,1,1,9974,1106,600011,5,54,30054,84,504.0,4.2,7.0182,0.96475554
cold,0,1,0,0.001,0.1,512,3,5,4,256,6000,8.0,2633729,1,1,9974,1106,600011,5,54,30054,85,510.0,4.25,7.10175,0.96288341
cold,0,1,0,0.001,0.1,512,3,5,4,256,6000,8.0,2633729,1,1,9974,1106,600011,5,54,30054,86,516.0,4.3,7.1853,0.95763302
cold,0,1,0,0.001,0.1,512,3,5,4,256,6000,8.0,2633729,1,1,9974,1106,600011,5,54,30054,87,522.0,4.35,7.26885,0.95170665
cold,0,1,0,0.001,0.1,512,3,5,4,256,6000,8.0,2633729,1,1,9974,1106,600011,5,54,30054,88,528.0,4.4,7.3524,0.94685537
cold,0,1,0,0.001,0.1,512,3,5,4,256,6000,8.0,2633729,1,1,9974,1106,600011,5,54,30054,89,534.0,4.45,7.43595,0.94343263
cold,0,1,0,0.001,0.1,512,3,5,4,256,6000,8.0,2633729,1,1,9974,1106,600011,5,54,30054,90,540.0,4.5,7.5195,0.94151843
cold,0,1,0,0.001,0.1,512,3,5,4,256,6000,8.0,2633729,1,1,9974,1106,600011,5,54,30054,91,546.0,4.55,7.60305,0.94188684
cold,0,1,0,0.001,0.1,512,3,5,4,256,6000,8.0,2633729,1,1,9974,1106,600011,5,54,30054,92,552.0,4.6,7.6866,0.94540244
cold,0,1,0,0.001,0.1,512,3,5,4,256,6000,8.0,2633729,1,1,9974,1106,600011,5,54,30054,93,558.0,4.65,7.77015,0.95151973
cold,0,1,0,0.001,0.1,512,3,5,4,256,6000,8.0,2633729,1,1,9974,1106,600011,5,54,30054,94,564.0,4.7,7.8537,0.95774966
cold,0,1,0,0.001,0.1,512,3,5,4,256,6000,8.0,2633729,1,1,9974,1106,600011,5,54,30054,95,570.0,4.75,7.93725,0.9609921
cold,0,1,0,0.001,0.1,512,3,5,4,256,6000,8.0,2633729,1,1,9974,1106,600011,5,54,30054,96,576.0,4.8,8.0208,0.96001136
cold,0,1,0,0.001,0.1,512,3,5,4,256,6000,8.0,2633729,1,1,9974,1106,600011,5,54,30054,97,582.0,4.85,8.10435,0.95666963
cold,0,1,0,0.001,0.1,512,3,5,4,256,6000,8.0,2633729,1,1,9974,1106,600011,5,54,30054,98,588.0,4.9,8.1879,0.95373809
cold,0,1,0,0.001,0.1,512,3,5,4,256,6000,8.0,2633729,1,1,9974,1106,600011,5,54,30054,99,594.0,4.95,8.27145,0.95193344
cold,0,1,0,0.001,0.1,512,3,5,4,256,6000,8.0,2633729,1,1,9974,1106,600011,5,54,30054,100,600.0,5.0,8.355,0.9505474
cold,0,1,0,0.001,0.1,512,3,5,4,256,6000,8.0,2633729,1,1,9974,1106,600011,5,54,30054,101,606.0,5.05,8.43855,0.94978297
cold,0,1,0,0.001,0.1,512,3,5,4,256,6000,8.0,2633729,1,1,9974,1106,600011,5,54,30054,102,612.0,5.1,8.5221,0.95033449
cold,0,1,0,0.001,0.1,512,3,5,4,256,6000,8.0,2633729,1,1,9974,1106,600011,5,54,30054,103,618.0,5.15,8.60565,0.95221889
cold,0,1,0,0.001,0.1,512,3,5,4,256,6000,8.0,2633729,1,1,9974,1106,600011,5,54,30054,104,624.0,5.2,8.6892,0.95536423
cold,0,1,0,0.001,0.1,512,3,5,4,256,6000,8.0,2633729,1,1,9974,1106,600011,5,54,30054,105,630.0,5.25,8.77275,0.95937437
cold,0,1,0,0.001,0.1,512,3,5,4,256,6000,8.0,2633729,1,1,9974,1106,600011,5,54,30054,106,636.0,5.3,8.8563,0.96252751
cold,0,1,0,0.001,0.1,512,3,5,4,256,6000,8.0,2633729,1,1,9974,1106,600011,5,54,30054,107,642.0,5.35,8.93985,0.96291393
cold,0,1,0,0.001,0.1,512,3,5,4,256,6000,8.0,2633729,1,1,9974,1106,600011,5,54,30054,108,648.0,5.4,9.0234,0.9603281
cold,0,1,0,0.001,0.1,512,3,5,4,256,6000,8.0,2633729,1,1,9974,1106,600011,5,54,30054,109,654.0,5.45,9.10695,0.95616972
cold,0,1,0,0.001,0.1,512,3,5,4,256,6000,8.0,2633729,1,1,9974,1106,600011,5,54,30054,110,660.0,5.5,9.1905,0.95261717
cold,0,1,0,0.001,0.1,512,3,5,4,256,6000,8.0,2633729,1,1,9974,1106,600011,5,54,30054,111,666.0,5.55,9.27405,0.95113933
cold,0,1,0,0.001,0.1,512,3,5,4,256,6000,8.0,2633729,1,1,9974,1106,600011,5,54,30054,112,672.0,5.6,9.3576,0.95121825
cold,0,1,0,0.001,0.1,512,3,5,4,256,6000,8.0,2633729,1,1,9974,1106,600011,5,54,30054,113,678.0,5.65,9.44115,0.95103729
cold,0,1,0,0.001,0.1,512,3,5,4,256,6000,8.0,2633729,1,1,9974,1106,600011,5,54,30054,114,684.0,5.7,9.5247,0.94935769
cold,0,1,0,0.001,0.1,512,3,5,4,256,6000,8.0,2633729,1,1,9974,1106,600011,5,54,30054,115,690.0,5.75,9.60825,0.94664782
cold,0,1,0,0.001,0.1,512,3,5,4,256,6000,8.0,2633729,1,1,9974,1106,600011,5,54,30054,116,696.0,5.8,9.6918,0.94470149
cold,0,1,0,0.001,0.1,512,3,5,4,256,6000,8.0,2633729,1,1,9974,1106,600011,5,54,30054,117,702.0,5.85,9.77535,0.94542199
cold,0,1,0,0.001,0.1,512,3,5,4,256,6000,8.0,2633729,1,1,9974,1106,600011,5,54,30054,118,708.0,5.9,9.8589,0.9487558
cold,0,1,0,0.001,0.1,512,3,5,4,256,6000,8.0,2633729,1,1,9974,1106,600011,5,54,30054,119,714.0,5.95,9.94245,0.95219475
cold,0,1,0,0.001,0.1,512,3,5,4,256,6000,8.0,2633729,1,1,9974,1106,600011,5,54,30054,120,720.0,6.0,10.026,0.95350164
cold,0,1,0,0.001,0.1,512,3,5,4,256,6000,8.0,2633729,1,1,9974,1106,600011,5,234,30234,1,6.0,0.05,0.08355,0.04444028
cold,0,1,0,0.001,0.1,512,3,5,4,256,6000,8.0,2633729,1,1,9974,1106,600011,5,234,30234,2,12.0,0.1,0.1671,0.05221497
cold,0,1,0,0.001,0.1,512,3,5,4,256,6000,8.0,2633729,1,1,9974,1106,600011,5,234,30234,3,18.0,0.15,0.25065,0.06125204
cold,0,1,0,0.001,0.1,512,3,5,4,256,6000,8.0,2633729,1,1,9974,1106,600011,5,234,30234,4,24.0,0.2,0.3342,0.07120541
cold,0,1,0,0.001,0.1,512,3,5,4,256,6000,8.0,2633729,1,1,9974,1106,600011,5,234,30234,5,30.0,0.25,0.41775,0.0820096
cold,0,1,0,0.001,0.1,512,3,5,4,256,6000,8.0,2633729,1,1,9974,1106,600011,5,234,30234,6,36.0,0.3,0.5013,0.09416144
cold,0,1,0,0.001,0.1,512,3,5,4,256,6000,8.0,2633729,1,1,9974,1106,600011,5,234,30234,7,42.0,0.35,0.58485,0.10726497
cold,0,1,0,0.001,0.1,512,3,5,4,256,6000,8.0,2633729,1,1,9974,1106,600011,5,234,30234,8,48.0,0.4,0.6684,0.12151768
cold,0,1,0,0.001,0.1,512,3,5,4,256,6000,8.0,2633729,1,1,9974,1106,600011,5,234,30234,9,54.0,0.45,0.75195,0.13703273
cold,0,1,0,0.001,0.1,512,3,5,4,256,6000,8.0,2633729,1,1,9974,1106,600011,5,234,30234,10,60.0,0.5,0.8355,0.15429226
cold,0,1,0,0.001,0.1,512,3,5,4,256,6000,8.0,2633729,1,1,9974,1106,600011,5,234,30234,11,66.0,0.55,0.91905,0.1731777
cold,0,1,0,0.001,0.1,512,3,5,4,256,6000,8.0,2633729,1,1,9974,1106,600011,5,234,30234,12,72.0,0.6,1.0026,0.19240549
cold,0,1,0,0.001,0.1,512,3,5,4,256,6000,8.0,2633729,1,1,9974,1106,600011,5,234,30234,13,78.0,0.65,1.08615,0.21196701
cold,0,1,0,0.001,0.1,512,3,5,4,256,6000,8.0,2633729,1,1,9974,1106,600011,5,234,30234,14,84.0,0.7,1.1697,0.2334795
cold,0,1,0,0.001,0.1,512,3,5,4,256,6000,8.0,2633729,1,1,9974,1106,600011,5,234,30234,15,90.0,0.75,1.25325,0.25731727
cold,0,1,0,0.001,0.1,512,3,5,4,256,6000,8.0,2633729,1,1,9974,1106,600011,5,234,30234,16,96.0,0.8,1.3368,0.28216425
cold,0,1,0,0.001,0.1,512,3,5,4,256,6000,8.0,2633729,1,1,9974,1106,600011,5,234,30234,17,102.0,0.85,1.42035,0.30643535
cold,0,1,0,0.001,0.1,512,3,5,4,256,6000,8.0,2633729,1,1,9974,1106,600011,5,234,30234,18,108.0,0.9,1.5039,0.32988945
cold,0,1,0,0.001,0.1,512,3,5,4,256,6000,8.0,2633729,1,1,9974,1106,600011,5,234,30234,19,114.0,0.95,1.58745,0.35287544
cold,0,1,0,0.001,0.1,512,3,5,4,256,6000,8.0,2633729,1,1,9974,1106,600011,5,234,30234,20,120.0,1.0,1.671,0.37580749
cold,0,1,0,0.001,0.1,512,3,5,4,256,6000,8.0,2633729,1,1,9974,1106,600011,5,234,30234,21,126.0,1.05,1.75455,0.39892271
cold,0,1,0,0.001,0.1,512,3,5,4,256,6000,8.0,2633729,1,1,9974,1106,600011,5,234,30234,22,132.0,1.1,1.8381,0.42232376
cold,0,1,0,0.001,0.1,512,3,5,4,256,6000,8.0,2633729,1,1,9974,1106,600011,5,234,30234,23,138.0,1.15,1.92165,0.44685972
cold,0,1,0,0.001,0.1,512,3,5,4,256,6000,8.0,2633729,1,1,9974,1106,600011,5,234,30234,24,144.0,1.2,2.0052,0.47256988
cold,0,1,0,0.001,0.1,512,3,5,4,256,6000,8.0,2633729,1,1,9974,1106,600011,5,234,30234,25,150.0,1.25,2.08875,0.49803132
cold,0,1,0,0.001,0.1,512,3,5,4,256,6000,8.0,2633729,1,1,9974,1106,600011,5,234,30234,26,156.0,1.3,2.1723,0.52119619
cold,0,1,0,0.001,0.1,512,3,5,4,256,6000,8.0,2633729,1,1,9974,1106,600011,5,234,30234,27,162.0,1.35,2.25585,0.54185915
cold,0,1,0,0.001,0.1,512,3,5,4,256,6000,8.0,2633729,1,1,9974,1106,600011,5,234,30234,28,168.0,1.4,2.3394,0.56172049
cold,0,1,0,0.001,0.1,512,3,5,4,256,6000,8.0,2633729,1,1,9974,1106,600011,5,234,30234,29,174.0,1.45,2.42295,0.58216637
cold,0,1,0,0.001,0.1,512,3,5,4,256,6000,8.0,2633729,1,1,9974,1106,600011,5,234,30234,30,180.0,1.5,2.5065,0.60441703
cold,0,1,0,0.001,0.1,512,3,5,4,256,6000,8.0,2633729,1,1,9974,1106,600011,5,234,30234,31,186.0,1.55,2.59005,0.62958151
cold,0,1,0,0.001,0.1,512,3,5,4,256,6000,8.0,2633729,1,1,9974,1106,600011,5,234,30234,32,192.0,1.6,2.6736,0.65506083
cold,0,1,0,0.001,0.1,512,3,5,4,256,6000,8.0,2633729,1,1,9974,1106,600011,5,234,30234,33,198.0,1.65,2.75715,0.67661601
cold,0,1,0,0.001,0.1,512,3,5,4,256,6000,8.0,2633729,1,1,9974,1106,600011,5,234,30234,34,204.0,1.7,2.8407,0.69378877
cold,0,1,0,0.001,0.1,512,3,5,4,256,6000,8.0,2633729,1,1,9974,1106,600011,5,234,30234,35,210.0,1.75,2.92425,0.70914209
cold,0,1,0,0.001,0.1,512,3,5,4,256,6000,8.0,2633729,1,1,9974,1106,600011,5,234,30234,36,216.0,1.8,3.0078,0.72396505
cold,0,1,0,0.001,0.1,512,3,5,4,256,6000,8.0,2633729,1,1,9974,1106,600011,5,234,30234,37,222.0,1.85,3.09135,0.73797643
cold,0,1,0,0.001,0.1,512,3,5,4,256,6000,8.0,2633729,1,1,9974,1106,600011,5,234,30234,38,228.0,1.9,3.1749,0.75003487
cold,0,1,0,0.001,0.1,512,3,5,4,256,6000,8.0,2633729,1,1,9974,1106,600011,5,234,30234,39,234.0,1.95,3.25845,0.76052767
cold,0,1,0,0.001,0.1,512,3,5,4,256,6000,8.0,2633729,1,1,9974,1106,600011,5,234,30234,40,240.0,2.0,3.342,0.77174217
cold,0,1,0,0.001,0.1,512,3,5,4,256,6000,8.0,2633729,1,1,9974,1106,600011,5,234,30234,41,246.0,2.05,3.42555,0.78437829
cold,0,1,0,0.001,0.1,512,3,5,4,256,6000,8.0,2633729,1,1,9974,1106,600011,5,234,30234,42,252.0,2.1,3.5091,0.79758823
cold,0,1,0,0.001,0.1,512,3,5,4,256,6000,8.0,2633729,1,1,9974,1106,600011,5,234,30234,43,258.0,2.15,3.59265,0.8096593
cold,0,1,0,0.001,0.1,512,3,5,4,256,6000,8.0,2633729,1,1,9974,1106,600011,5,234,30234,44,264.0,2.2,3.6762,0.81994587
cold,0,1,0,0.001,0.1,512,3,5,4,256,6000,8.0,2633729,1,1,9974,1106,600011,5,234,30234,45,270.0,2.25,3.75975,0.82974631
cold,0,1,0,0.001,0.1,512,3,5,4,256,6000,8.0,2633729,1,1,9974,1106,600011,5,234,30234,46,276.0,2.3,3.8433,0.83946192
cold,0,1,0,0.001,0.1,512,3,5,4,256,6000,8.0,2633729,1,1,9974,1106,600011,5,234,30234,47,282.0,2.35,3.92685,0.84731209
cold,0,1,0,0.001,0.1,512,3,5,4,256,6000,8.0,2633729,1,1,9974,1106,600011,5,234,30234,48,288.0,2.4,4.0104,0.85255742
cold,0,1,0,0.001,0.1,512,3,5,4,256,6000,8.0,2633729,1,1,9974,1106,600011,5,234,30234,49,294.0,2.45,4.09395,0.85764146
cold,0,1,0,0.001,0.1,512,3,5,4,256,6000,8.0,2633729,1,1,9974,1106,600011,5,234,30234,50,300.0,2.5,4.1775,0.86500579
cold,0,1,0,0.001,0.1,512,3,5,4,256,6000,8.0,2633729,1,1,9974,1106,600011,5,234,30234,51,306.0,2.55,4.26105,0.87500441
cold,0,1,0,0.001,0.1,512,3,5,4,256,6000,8.0,2633729,1,1,9974,1106,600011,5,234,30234,52,312.0,2.6,4.3446,0.88623714
cold,0,1,0,0.001,0.1,512,3,5,4,256,6000,8.0,2633729,1,1,9974,1106,600011,5,234,30234,53,318.0,2.65,4.42815,0.89657062
cold,0,1,0,0.001,0.1,512,3,5,4,256,6000,8.0,2633729,1,1,9974,1106,600011,5,234,30234,54,324.0,2.7,4.5117,0.90425974
cold,0,1,0,0.001,0.1,512,3,5,4,256,6000,8.0,2633729,1,1,9974,1106,600011,5,234,30234,55,330.0,2.75,4.59525,0.90983385
cold,0,1,0,0.001,0.1,512,3,5,4,256,6000,8.0,2633729,1,1,9974,1106,600011,5,234,30234,56,336.0,2.8,4.6788,0.91483188
cold,0,1,0,0.001,0.1,512,3,5,4,256,6000,8.0,2633729,1,1,9974,1106,600011,5,234,30234,57,342.0,2.85,4.76235,0.91925174
cold,0,1,0,0.001,0.1,512,3,5,4,256,6000,8.0,2633729,1,1,9974,1106,600011,5,234,30234,58,348.0,2.9,4.8459,0.92217892
cold,0,1,0,0.001,0.1,512,3,5,4,256,6000,8.0,2633729,1,1,9974,1106,600011,5,234,30234,59,354.0,2.95,4.92945,0.92426163
cold,0,1,0,0.001,0.1,512,3,5,4,256,6000,8.0,2633729,1,1,9974,1106,600011,5,234,30234,60,360.0,3.0,5.013,0.92784673
cold,0,1,0,0.001,0.1,512,3,5,4,256,6000,8.0,2633729,1,1,9974,1106,600011,5,234,30234,61,366.0,3.05,5.09655,0.934448
cold,0,1,0,0.001,0.1,512,3,5,4,256,6000,8.0,2633729,1,1,9974,1106,600011,5,234,30234,62,372.0,3.1,5.1801,0.944085
cold,0,1,0,0.001,0.1,512,3,5,4,256,6000,8.0,2633729,1,1,9974,1106,600011,5,234,30234,63,378.0,3.15,5.26365,0.95511293
cold,0,1,0,0.001,0.1,512,3,5,4,256,6000,8.0,2633729,1,1,9974,1106,600011,5,234,30234,64,384.0,3.2,5.3472,0.96474028
cold,0,1,0,0.001,0.1,512,3,5,4,256,6000,8.0,2633729,1,1,9974,1106,600011,5,234,30234,65,390.0,3.25,5.43075,0.97072017
cold,0,1,0,0.001,0.1,512,3,5,4,256,6000,8.0,2633729,1,1,9974,1106,600011,5,234,30234,66,396.0,3.3,5.5143,0.97328448
cold,0,1,0,0.001,0.1,512,3,5,4,256,6000,8.0,2633729,1,1,9974,1106,600011,5,234,30234,67,402.0,3.35,5.59785,0.97494972
cold,0,1,0,0.001,0.1,512,3,5,4,256,6000,8.0,2633729,1,1,9974,1106,600011,5,234,30234,68,408.0,3.4,5.6814,0.9771629
cold,0,1,0,0.001,0.1,512,3,5,4,256,6000,8.0,2633729,1,1,9974,1106,600011,5,234,30234,69,414.0,3.45,5.76495,0.97910011
cold,0,1,0,0.001,0.1,512,3,5,4,256,6000,8.0,2633729,1,1,9974,1106,600011,5,234,30234,70,420.0,3.5,5.8485,0.98006392
cold,0,1,0,0.001,0.1,512,3,5,4,256,6000,8.0,2633729,1,1,9974,1106,600011,5,234,30234,71,426.0,3.55,5.93205,0.98110157
cold,0,1,0,0.001,0.1,512,3,5,4,256,6000,8.0,2633729,1,1,9974,1106,600011,5,234,30234,72,432.0,3.6,6.0156,0.98256445
cold,0,1,0,0.001,0.1,512,3,5,4,256,6000,8.0,2633729,1,1,9974,1106,600011,5,234,30234,73,438.0,3.65,6.09915,0.98335826
cold,0,1,0,0.001,0.1,512,3,5,4,256,6000,8.0,2633729,1,1,9974,1106,600011,5,234,30234,74,444.0,3.7,6.1827,0.98335963
cold,0,1,0,0.001,0.1,512,3,5,4,256,6000,8.0,2633729,1,1,9974,1106,600011,5,234,30234,75,450.0,3.75,6.26625,0.98338616
cold,0,1,0,0.001,0.1,512,3,5,4,256,6000,8.0,2633729,1,1,9974,1106,600011,5,234,30234,76,456.0,3.8,6.3498,0.98413736
cold,0,1,0,0.001,0.1,512,3,5,4,256,6000,8.0,2633729,1,1,9974,1106,600011,5,234,30234,77,462.0,3.85,6.43335,0.98623502
cold,0,1,0,0.001,0.1,512,3,5,4,256,6000,8.0,2633729,1,1,9974,1106,600011,5,234,30234,78,468.0,3.9,6.5169,0.98905659
cold,0,1,0,0.001,0.1,512,3,5,4,256,6000,8.0,2633729,1,1,9974,1106,600011,5,234,30234,79,474.0,3.95,6.60045,0.99167079
cold,0,1,0,0.001,0.1,512,3,5,4,256,6000,8.0,2633729,1,1,9974,1106,600011,5,234,30234,80,480.0,4.0,6.684,0.99463564
cold,0,1,0,0.001,0.1,512,3,5,4,256,6000,8.0,2633729,1,1,9974,1106,600011,5,234,30234,81,486.0,4.05,6.76755,0.99836272
cold,0,1,0,0.001,0.1,512,3,5,4,256,6000,8.0,2633729,1,1,9974,1106,600011,5,234,30234,82,492.0,4.1,6.8511,1.00144231
cold,0,1,0,0.001,0.1,512,3,5,4,256,6000,8.0,2633729,1,1,9974,1106,600011,5,234,30234,83,498.0,4.15,6.93465,1.00210309
cold,0,1,0,0.001,0.1,512,3,5,4,256,6000,8.0,2633729,1,1,9974,1106,600011,5,234,30234,84,504.0,4.2,7.0182,1.00076354
cold,0,1,0,0.001,0.1,512,3,5,4,256,6000,8.0,2633729,1,1,9974,1106,600011,5,234,30234,85,510.0,4.25,7.10175,0.9990958
cold,0,1,0,0.001,0.1,512,3,5,4,256,6000,8.0,2633729,1,1,9974,1106,600011,5,234,30234,86,516.0,4.3,7.1853,0.99799699
cold,0,1,0,0.001,0.1,512,3,5,4,256,6000,8.0,2633729,1,1,9974,1106,600011,5,234,30234,87,522.0,4.35,7.26885,0.99578911
cold,0,1,0,0.001,0.1,512,3,5,4,256,6000,8.0,2633729,1,1,9974,1106,600011,5,234,30234,88,528.0,4.4,7.3524,0.99108326
cold,0,1,0,0.001,0.1,512,3,5,4,256,6000,8.0,2633729,1,1,9974,1106,600011,5,234,30234,89,534.0,4.45,7.43595,0.9863314
cold,0,1,0,0.001,0.1,512,3,5,4,256,6000,8.0,2633729,1,1,9974,1106,600011,5,234,30234,90,540.0,4.5,7.5195,0.98506206
cold,0,1,0,0.001,0.1,512,3,5,4,256,6000,8.0,2633729,1,1,9974,1106,600011,5,234,30234,91,546.0,4.55,7.60305,0.98714912
cold,0,1,0,0.001,0.1,512,3,5,4,256,6000,8.0,2633729,1,1,9974,1106,600011,5,234,30234,92,552.0,4.6,7.6866,0.99053222
cold,0,1,0,0.001,0.1,512,3,5,4,256,6000,8.0,2633729,1,1,9974,1106,600011,5,234,30234,93,558.0,4.65,7.77015,0.99481905
cold,0,1,0,0.001,0.1,512,3,5,4,256,6000,8.0,2633729,1,1,9974,1106,600011,5,234,30234,94,564.0,4.7,7.8537,0.99907571
cold,0,1,0,0.001,0.1,512,3,5,4,256,6000,8.0,2633729,1,1,9974,1106,600011,5,234,30234,95,570.0,4.75,7.93725,1.00178194
cold,0,1,0,0.001,0.1,512,3,5,4,256,6000,8.0,2633729,1,1,9974,1106,600011,5,234,30234,96,576.0,4.8,8.0208,1.00324368
cold,0,1,0,0.001,0.1,512,3,5,4,256,6000,8.0,2633729,1,1,9974,1106,600011,5,234,30234,97,582.0,4.85,8.10435,1.00376832
cold,0,1,0,0.001,0.1,512,3,5,4,256,6000,8.0,2633729,1,1,9974,1106,600011,5,234,30234,98,588.0,4.9,8.1879,1.00278497
cold,0,1,0,0.001,0.1,512,3,5,4,256,6000,8.0,2633729,1,1,9974,1106,600011,5,234,30234,99,594.0,4.95,8.27145,1.00193489
cold,0,1,0,0.001,0.1,512,3,5,4,256,6000,8.0,2633729,1,1,9974,1106,600011,5,234,30234,100,600.0,5.0,8.355,1.00294864
cold,0,1,0,0.001,0.1,512,3,5,4,256,6000,8.0,2633729,1,1,9974,1106,600011,5,234,30234,101,606.0,5.05,8.43855,1.00544298
cold,0,1,0,0.001,0.1,512,3,5,4,256,6000,8.0,2633729,1,1,9974,1106,600011,5,234,30234,102,612.0,5.1,8.5221,1.00796199
cold,0,1,0,0.001,0.1,512,3,5,4,256,6000,8.0,2633729,1,1,9974,1106,600011,5,234,30234,103,618.0,5.15,8.60565,1.00891185
cold,0,1,0,0.001,0.1,512,3,5,4,256,6000,8.0,2633729,1,1,9974,1106,600011,5,234,30234,104,624.0,5.2,8.6892,1.00771368
cold,0,1,0,0.001,0.1,512,3,5,4,256,6000,8.0,2633729,1,1,9974,1106,600011,5,234,30234,105,630.0,5.25,8.77275,1.00594962
cold,0,1,0,0.001,0.1,512,3,5,4,256,6000,8.0,2633729,1,1,9974,1106,600011,5,234,30234,106,636.0,5.3,8.8563,1.00523603
cold,0,1,0,0.001,0.1,512,3,5,4,256,6000,8.0,2633729,1,1,9974,1106,600011,5,234,30234,107,642.0,5.35,8.93985,1.00481117
cold,0,1,0,0.001,0.1,512,3,5,4,256,6000,8.0,2633729,1,1,9974,1106,600011,5,234,30234,108,648.0,5.4,9.0234,1.00281477
cold,0,1,0,0.001,0.1,512,3,5,4,256,6000,8.0,2633729,1,1,9974,1106,600011,5,234,30234,109,654.0,5.45,9.10695,0.99904484
cold,0,1,0,0.001,0.1,512,3,5,4,256,6000,8.0,2633729,1,1,9974,1106,600011,5,234,30234,110,660.0,5.5,9.1905,0.99560905
cold,0,1,0,0.001,0.1,512,3,5,4,256,6000,8.0,2633729,1,1,9974,1106,600011,5,234,30234,111,666.0,5.55,9.27405,0.99446154
cold,0,1,0,0.001,0.1,512,3,5,4,256,6000,8.0,2633729,1,1,9974,1106,600011,5,234,30234,112,672.0,5.6,9.3576,0.99506164
cold,0,1,0,0.001,0.1,512,3,5,4,256,6000,8.0,2633729,1,1,9974,1106,600011,5,234,30234,113,678.0,5.65,9.44115,0.99727076
cold,0,1,0,0.001,0.1,512,3,5,4,256,6000,8.0,2633729,1,1,9974,1106,600011,5,234,30234,114,684.0,5.7,9.5247,1.00224853
cold,0,1,0,0.001,0.1,512,3,5,4,256,6000,8.0,2633729,1,1,9974,1106,600011,5,234,30234,115,690.0,5.75,9.60825,1.0095042
cold,0,1,0,0.001,0.1,512,3,5,4,256,6000,8.0,2633729,1,1,9974,1106,600011,5,234,30234,116,696.0,5.8,9.6918,1.0171386
cold,0,1,0,0.001,0.1,512,3,5,4,256,6000,8.0,2633729,1,1,9974,1106,600011,5,234,30234,117,702.0,5.85,9.77535,1.02339721
cold,0,1,0,0.001,0.1,512,3,5,4,256,6000,8.0,2633729,1,1,9974,1106,600011,5,234,30234,118,708.0,5.9,9.8589,1.02633011
cold,0,1,0,0.001,0.1,512,3,5,4,256,6000,8.0,2633729,1,1,9974,1106,600011,5,234,30234,119,714.0,5.95,9.94245,1.02557921
cold,0,1,0,0.001,0.1,512,3,5,4,256,6000,8.0,2633729,1,1,9974,1106,600011,5,234,30234,120,720.0,6.0,10.026,1.02267766
cold,0,1,0,0.001,0.1,512,3,5,4,256,6000,8.0,2633729,1,1,9974,1106,600011,5,1023,31023,1,6.0,0.05,0.08355,0.04082387
cold,0,1,0,0.001,0.1,512,3,5,4,256,6000,8.0,2633729,1,1,9974,1106,600011,5,1023,31023,2,12.0,0.1,0.1671,0.0487744
cold,0,1,0,0.001,0.1,512,3,5,4,256,6000,8.0,2633729,1,1,9974,1106,600011,5,1023,31023,3,18.0,0.15,0.25065,0.05787374
cold,0,1,0,0.001,0.1,512,3,5,4,256,6000,8.0,2633729,1,1,9974,1106,600011,5,1023,31023,4,24.0,0.2,0.3342,0.06681947
cold,0,1,0,0.001,0.1,512,3,5,4,256,6000,8.0,2633729,1,1,9974,1106,600011,5,1023,31023,5,30.0,0.25,0.41775,0.07613674
cold,0,1,0,0.001,0.1,512,3,5,4,256,6000,8.0,2633729,1,1,9974,1106,600011,5,1023,31023,6,36.0,0.3,0.5013,0.08790138
cold,0,1,0,0.001,0.1,512,3,5,4,256,6000,8.0,2633729,1,1,9974,1106,600011,5,1023,31023,7,42.0,0.35,0.58485,0.10054876
cold,0,1,0,0.001,0.1,512,3,5,4,256,6000,8.0,2633729,1,1,9974,1106,600011,5,1023,31023,8,48.0,0.4,0.6684,0.11425482
cold,0,1,0,0.001,0.1,512,3,5,4,256,6000,8.0,2633729,1,1,9974,1106,600011,5,1023,31023,9,54.0,0.45,0.75195,0.12954101
cold,0,1,0,0.001,0.1,512,3,5,4,256,6000,8.0,2633729,1,1,9974,1106,600011,5,1023,31023,10,60.0,0.5,0.8355,0.14687917
cold,0,1,0,0.001,0.1,512,3,5,4,256,6000,8.0,2633729,1,1,9974,1106,600011,5,1023,31023,11,66.0,0.55,0.91905,0.16591263
cold,0,1,0,0.001,0.1,512,3,5,4,256,6000,8.0,2633729,1,1,9974,1106,600011,5,1023,31023,12,72.0,0.6,1.0026,0.18636766
cold,0,1,0,0.001,0.1,512,3,5,4,256,6000,8.0,2633729,1,1,9974,1106,600011,5,1023,31023,13,78.0,0.65,1.08615,0.20872748
cold,0,1,0,0.001,0.1,512,3,5,4,256,6000,8.0,2633729,1,1,9974,1106,600011,5,1023,31023,14,84.0,0.7,1.1697,0.23404954
cold,0,1,0,0.001,0.1,512,3,5,4,256,6000,8.0,2633729,1,1,9974,1106,600011,5,1023,31023,15,90.0,0.75,1.25325,0.26144934
cold,0,1,0,0.001,0.1,512,3,5,4,256,6000,8.0,2633729,1,1,9974,1106,600011,5,1023,31023,16,96.0,0.8,1.3368,0.28882146
cold,0,1,0,0.001,0.1,512,3,5,4,256,6000,8.0,2633729,1,1,9974,1106,600011,5,1023,31023,17,102.0,0.85,1.42035,0.31494379
cold,0,1,0,0.001,0.1,512,3,5,4,256,6000,8.0,2633729,1,1,9974,1106,600011,5,1023,31023,18,108.0,0.9,1.5039,0.3400608
cold,0,1,0,0.001,0.1,512,3,5,4,256,6000,8.0,2633729,1,1,9974,1106,600011,5,1023,31023,19,114.0,0.95,1.58745,0.36478049
cold,0,1,0,0.001,0.1,512,3,5,4,256,6000,8.0,2633729,1,1,9974,1106,600011,5,1023,31023,20,120.0,1.0,1.671,0.38868916
cold,0,1,0,0.001,0.1,512,3,5,4,256,6000,8.0,2633729,1,1,9974,1106,600011,5,1023,31023,21,126.0,1.05,1.75455,0.41098508
cold,0,1,0,0.001,0.1,512,3,5,4,256,6000,8.0,2633729,1,1,9974,1106,600011,5,1023,31023,22,132.0,1.1,1.8381,0.43269739
cold,0,1,0,0.001,0.1,512,3,5,4,256,6000,8.0,2633729,1,1,9974,1106,600011,5,1023,31023,23,138.0,1.15,1.92165,0.456799
cold,0,1,0,0.001,0.1,512,3,5,4,256,6000,8.0,2633729,1,1,9974,1106,600011,5,1023,31023,24,144.0,1.2,2.0052,0.484299
cold,0,1,0,0.001,0.1,512,3,5,4,256,6000,8.0,2633729,1,1,9974,1106,600011,5,1023,31023,25,150.0,1.25,2.08875,0.51341689
cold,0,1,0,0.001,0.1,512,3,5,4,256,6000,8.0,2633729,1,1,9974,1106,600011,5,1023,31023,26,156.0,1.3,2.1723,0.54183584
cold,0,1,0,0.001,0.1,512,3,5,4,256,6000,8.0,2633729,1,1,9974,1106,600011,5,1023,31023,27,162.0,1.35,2.25585,0.56830889
cold,0,1,0,0.001,0.1,512,3,5,4,256,6000,8.0,2633729,1,1,9974,1106,600011,5,1023,31023,28,168.0,1.4,2.3394,0.59192371
cold,0,1,0,0.001,0.1,512,3,5,4,256,6000,8.0,2633729,1,1,9974,1106,600011,5,1023,31023,29,174.0,1.45,2.42295,0.61245912
cold,0,1,0,0.001,0.1,512,3,5,4,256,6000,8.0,2633729,1,1,9974,1106,600011,5,1023,31023,30,180.0,1.5,2.5065,0.6305663
cold,0,1,0,0.001,0.1,512,3,5,4,256,6000,8.0,2633729,1,1,9974,1106,600011,5,1023,31023,31,186.0,1.55,2.59005,0.64762682
cold,0,1,0,0.001,0.1,512,3,5,4,256,6000,8.0,2633729,1,1,9974,1106,600011,5,1023,31023,32,192.0,1.6,2.6736,0.66341245
cold,0,1,0,0.001,0.1,512,3,5,4,256,6000,8.0,2633729,1,1,9974,1106,600011,5,1023,31023,33,198.0,1.65,2.75715,0.67690092
cold,0,1,0,0.001,0.1,512,3,5,4,256,6000,8.0,2633729,1,1,9974,1106,600011,5,1023,31023,34,204.0,1.7,2.8407,0.68915433
cold,0,1,0,0.001,0.1,512,3,5,4,256,6000,8.0,2633729,1,1,9974,1106,600011,5,1023,31023,35,210.0,1.75,2.92425,0.70232499
cold,0,1,0,0.001,0.1,512,3,5,4,256,6000,8.0,2633729,1,1,9974,1106,600011,5,1023,31023,36,216.0,1.8,3.0078,0.71667886
cold,0,1,0,0.001,0.1,512,3,5,4,256,6000,8.0,2633729,1,1,9974,1106,600011,5,1023,31023,37,222.0,1.85,3.09135,0.73088408
cold,0,1,0,0.001,0.1,512,3,5,4,256,6000,8.0,2633729,1,1,9974,1106,600011,5,1023,31023,38,228.0,1.9,3.1749,0.74412805
cold,0,1,0,0.001,0.1,512,3,5,4,256,6000,8.0,2633729,1,1,9974,1106,600011,5,1023,31023,39,234.0,1.95,3.25845,0.75653768
cold,0,1,0,0.001,0.1,512,3,5,4,256,6000,8.0,2633729,1,1,9974,1106,600011,5,1023,31023,40,240.0,2.0,3.342,0.76810789
cold,0,1,0,0.001,0.1,512,3,5,4,256,6000,8.0,2633729,1,1,9974,1106,600011,5,1023,31023,41,246.0,2.05,3.42555,0.77880681
cold,0,1,0,0.001,0.1,512,3,5,4,256,6000,8.0,2633729,1,1,9974,1106,600011,5,1023,31023,42,252.0,2.1,3.5091,0.7898773
cold,0,1,0,0.001,0.1,512,3,5,4,256,6000,8.0,2633729,1,1,9974,1106,600011,5,1023,31023,43,258.0,2.15,3.59265,0.80293131
cold,0,1,0,0.001,0.1,512,3,5,4,256,6000,8.0,2633729,1,1,9974,1106,600011,5,1023,31023,44,264.0,2.2,3.6762,0.81719494
cold,0,1,0,0.001,0.1,512,3,5,4,256,6000,8.0,2633729,1,1,9974,1106,600011,5,1023,31023,45,270.0,2.25,3.75975,0.83037812
cold,0,1,0,0.001,0.1,512,3,5,4,256,6000,8.0,2633729,1,1,9974,1106,600011,5,1023,31023,46,276.0,2.3,3.8433,0.84091616
cold,0,1,0,0.001,0.1,512,3,5,4,256,6000,8.0,2633729,1,1,9974,1106,600011,5,1023,31023,47,282.0,2.35,3.92685,0.84760249
cold,0,1,0,0.001,0.1,512,3,5,4,256,6000,8.0,2633729,1,1,9974,1106,600011,5,1023,31023,48,288.0,2.4,4.0104,0.85021561
cold,0,1,0,0.001,0.1,512,3,5,4,256,6000,8.0,2633729,1,1,9974,1106,600011,5,1023,31023,49,294.0,2.45,4.09395,0.85136104
cold,0,1,0,0.001,0.1,512,3,5,4,256,6000,8.0,2633729,1,1,9974,1106,600011,5,1023,31023,50,300.0,2.5,4.1775,0.85413259
cold,0,1,0,0.001,0.1,512,3,5,4,256,6000,8.0,2633729,1,1,9974,1106,600011,5,1023,31023,51,306.0,2.55,4.26105,0.85882038
cold,0,1,0,0.001,0.1,512,3,5,4,256,6000,8.0,2633729,1,1,9974,1106,600011,5,1023,31023,52,312.0,2.6,4.3446,0.86456132
cold,0,1,0,0.001,0.1,512,3,5,4,256,6000,8.0,2633729,1,1,9974,1106,600011,5,1023,31023,53,318.0,2.65,4.42815,0.87196511
cold,0,1,0,0.001,0.1,512,3,5,4,256,6000,8.0,2633729,1,1,9974,1106,600011,5,1023,31023,54,324.0,2.7,4.5117,0.88130385
cold,0,1,0,0.001,0.1,512,3,5,4,256,6000,8.0,2633729,1,1,9974,1106,600011,5,1023,31023,55,330.0,2.75,4.59525,0.89145833
cold,0,1,0,0.001,0.1,512,3,5,4,256,6000,8.0,2633729,1,1,9974,1106,600011,5,1023,31023,56,336.0,2.8,4.6788,0.90144205
cold,0,1,0,0.001,0.1,512,3,5,4,256,6000,8.0,2633729,1,1,9974,1106,600011,5,1023,31023,57,342.0,2.85,4.76235,0.91021818
cold,0,1,0,0.001,0.1,512,3,5,4,256,6000,8.0,2633729,1,1,9974,1106,600011,5,1023,31023,58,348.0,2.9,4.8459,0.91699421
cold,0,1,0,0.001,0.1,512,3,5,4,256,6000,8.0,2633729,1,1,9974,1106,600011,5,1023,31023,59,354.0,2.95,4.92945,0.92179149
cold,0,1,0,0.001,0.1,512,3,5,4,256,6000,8.0,2633729,1,1,9974,1106,600011,5,1023,31023,60,360.0,3.0,5.013,0.92467541
cold,0,1,0,0.001,0.1,512,3,5,4,256,6000,8.0,2633729,1,1,9974,1106,600011,5,1023,31023,61,366.0,3.05,5.09655,0.92585152
cold,0,1,0,0.001,0.1,512,3,5,4,256,6000,8.0,2633729,1,1,9974,1106,600011,5,1023,31023,62,372.0,3.1,5.1801,0.92653978
cold,0,1,0,0.001,0.1,512,3,5,4,256,6000,8.0,2633729,1,1,9974,1106,600011,5,1023,31023,63,378.0,3.15,5.26365,0.92888051
cold,0,1,0,0.001,0.1,512,3,5,4,256,6000,8.0,2633729,1,1,9974,1106,600011,5,1023,31023,64,384.0,3.2,5.3472,0.93282419
cold,0,1,0,0.001,0.1,512,3,5,4,256,6000,8.0,2633729,1,1,9974,1106,600011,5,1023,31023,65,390.0,3.25,5.43075,0.93619591
cold,0,1,0,0.001,0.1,512,3,5,4,256,6000,8.0,2633729,1,1,9974,1106,600011,5,1023,31023,66,396.0,3.3,5.5143,0.93855697
cold,0,1,0,0.001,0.1,512,3,5,4,256,6000,8.0,2633729,1,1,9974,1106,600011,5,1023,31023,67,402.0,3.35,5.59785,0.94192475
cold,0,1,0,0.001,0.1,512,3,5,4,256,6000,8.0,2633729,1,1,9974,1106,600011,5,1023,31023,68,408.0,3.4,5.6814,0.94714671
cold,0,1,0,0.001,0.1,512,3,5,4,256,6000,8.0,2633729,1,1,9974,1106,600011,5,1023,31023,69,414.0,3.45,5.76495,0.95168817
cold,0,1,0,0.001,0.1,512,3,5,4,256,6000,8.0,2633729,1,1,9974,1106,600011,5,1023,31023,70,420.0,3.5,5.8485,0.95210212
cold,0,1,0,0.001,0.1,512,3,5,4,256,6000,8.0,2633729,1,1,9974,1106,600011,5,1023,31023,71,426.0,3.55,5.93205,0.94857353
cold,0,1,0,0.001,0.1,512,3,5,4,256,6000,8.0,2633729,1,1,9974,1106,600011,5,1023,31023,72,432.0,3.6,6.0156,0.94450921
cold,0,1,0,0.001,0.1,512,3,5,4,256,6000,8.0,2633729,1,1,9974,1106,600011,5,1023,31023,73,438.0,3.65,6.09915,0.94220597
cold,0,1,0,0.001,0.1,512,3,5,4,256,6000,8.0,2633729,1,1,9974,1106,600011,5,1023,31023,74,444.0,3.7,6.1827,0.94230974
cold,0,1,0,0.001,0.1,512,3,5,4,256,6000,8.0,2633729,1,1,9974,1106,600011,5,1023,31023,75,450.0,3.75,6.26625,0.94524682
cold,0,1,0,0.001,0.1,512,3,5,4,256,6000,8.0,2633729,1,1,9974,1106,600011,5,1023,31023,76,456.0,3.8,6.3498,0.95094097
cold,0,1,0,0.001,0.1,512,3,5,4,256,6000,8.0,2633729,1,1,9974,1106,600011,5,1023,31023,77,462.0,3.85,6.43335,0.95821041
cold,0,1,0,0.001,0.1,512,3,5,4,256,6000,8.0,2633729,1,1,9974,1106,600011,5,1023,31023,78,468.0,3.9,6.5169,0.96470511
cold,0,1,0,0.001,0.1,512,3,5,4,256,6000,8.0,2633729,1,1,9974,1106,600011,5,1023,31023,79,474.0,3.95,6.60045,0.96873915
cold,0,1,0,0.001,0.1,512,3,5,4,256,6000,8.0,2633729,1,1,9974,1106,600011,5,1023,31023,80,480.0,4.0,6.684,0.97085726
cold,0,1,0,0.001,0.1,512,3,5,4,256,6000,8.0,2633729,1,1,9974,1106,600011,5,1023,31023,81,486.0,4.05,6.76755,0.97280717
cold,0,1,0,0.001,0.1,512,3,5,4,256,6000,8.0,2633729,1,1,9974,1106,600011,5,1023,31023,82,492.0,4.1,6.8511,0.97550535
cold,0,1,0,0.001,0.1,512,3,5,4,256,6000,8.0,2633729,1,1,9974,1106,600011,5,1023,31023,83,498.0,4.15,6.93465,0.97944981
cold,0,1,0,0.001,0.1,512,3,5,4,256,6000,8.0,2633729,1,1,9974,1106,600011,5,1023,31023,84,504.0,4.2,7.0182,0.9857294
cold,0,1,0,0.001,0.1,512,3,5,4,256,6000,8.0,2633729,1,1,9974,1106,600011,5,1023,31023,85,510.0,4.25,7.10175,0.99375272
cold,0,1,0,0.001,0.1,512,3,5,4,256,6000,8.0,2633729,1,1,9974,1106,600011,5,1023,31023,86,516.0,4.3,7.1853,1.00042057
cold,0,1,0,0.001,0.1,512,3,5,4,256,6000,8.0,2633729,1,1,9974,1106,600011,5,1023,31023,87,522.0,4.35,7.26885,1.00352395
cold,0,1,0,0.001,0.1,512,3,5,4,256,6000,8.0,2633729,1,1,9974,1106,600011,5,1023,31023,88,528.0,4.4,7.3524,1.00300872
cold,0,1,0,0.001,0.1,512,3,5,4,256,6000,8.0,2633729,1,1,9974,1106,600011,5,1023,31023,89,534.0,4.45,7.43595,0.99947017
cold,0,1,0,0.001,0.1,512,3,5,4,256,6000,8.0,2633729,1,1,9974,1106,600011,5,1023,31023,90,540.0,4.5,7.5195,0.9945606
cold,0,1,0,0.001,0.1,512,3,5,4,256,6000,8.0,2633729,1,1,9974,1106,600011,5,1023,31023,91,546.0,4.55,7.60305,0.98950326
cold,0,1,0,0.001,0.1,512,3,5,4,256,6000,8.0,2633729,1,1,9974,1106,600011,5,1023,31023,92,552.0,4.6,7.6866,0.98413068
cold,0,1,0,0.001,0.1,512,3,5,4,256,6000,8.0,2633729,1,1,9974,1106,600011,5,1023,31023,93,558.0,4.65,7.77015,0.97878271
cold,0,1,0,0.001,0.1,512,3,5,4,256,6000,8.0,2633729,1,1,9974,1106,600011,5,1023,31023,94,564.0,4.7,7.8537,0.97524202
cold,0,1,0,0.001,0.1,512,3,5,4,256,6000,8.0,2633729,1,1,9974,1106,600011,5,1023,31023,95,570.0,4.75,7.93725,0.97507185
cold,0,1,0,0.001,0.1,512,3,5,4,256,6000,8.0,2633729,1,1,9974,1106,600011,5,1023,31023,96,576.0,4.8,8.0208,0.97735602
cold,0,1,0,0.001,0.1,512,3,5,4,256,6000,8.0,2633729,1,1,9974,1106,600011,5,1023,31023,97,582.0,4.85,8.10435,0.97983187
cold,0,1,0,0.001,0.1,512,3,5,4,256,6000,8.0,2633729,1,1,9974,1106,600011,5,1023,31023,98,588.0,4.9,8.1879,0.98165303
cold,0,1,0,0.001,0.1,512,3,5,4,256,6000,8.0,2633729,1,1,9974,1106,600011,5,1023,31023,99,594.0,4.95,8.27145,0.98326057
cold,0,1,0,0.001,0.1,512,3,5,4,256,6000,8.0,2633729,1,1,9974,1106,600011,5,1023,31023,100,600.0,5.0,8.355,0.98541576
cold,0,1,0,0.001,0.1,512,3,5,4,256,6000,8.0,2633729,1,1,9974,1106,600011,5,1023,31023,101,606.0,5.05,8.43855,0.98759943
cold,0,1,0,0.001,0.1,512,3,5,4,256,6000,8.0,2633729,1,1,9974,1106,600011,5,1023,31023,102,612.0,5.1,8.5221,0.98886311
cold,0,1,0,0.001,0.1,512,3,5,4,256,6000,8.0,2633729,1,1,9974,1106,600011,5,1023,31023,103,618.0,5.15,8.60565,0.98997164
cold,0,1,0,0.001,0.1,512,3,5,4,256,6000,8.0,2633729,1,1,9974,1106,600011,5,1023,31023,104,624.0,5.2,8.6892,0.99239302
cold,0,1,0,0.001,0.1,512,3,5,4,256,6000,8.0,2633729,1,1,9974,1106,600011,5,1023,31023,105,630.0,5.25,8.77275,0.99527985
cold,0,1,0,0.001,0.1,512,3,5,4,256,6000,8.0,2633729,1,1,9974,1106,600011,5,1023,31023,106,636.0,5.3,8.8563,0.997042
cold,0,1,0,0.001,0.1,512,3,5,4,256,6000,8.0,2633729,1,1,9974,1106,600011,5,1023,31023,107,642.0,5.35,8.93985,0.99721599
cold,0,1,0,0.001,0.1,512,3,5,4,256,6000,8.0,2633729,1,1,9974,1106,600011,5,1023,31023,108,648.0,5.4,9.0234,0.99479961
cold,0,1,0,0.001,0.1,512,3,5,4,256,6000,8.0,2633729,1,1,9974,1106,600011,5,1023,31023,109,654.0,5.45,9.10695,0.98968333
cold,0,1,0,0.001,0.1,512,3,5,4,256,6000,8.0,2633729,1,1,9974,1106,600011,5,1023,31023,110,660.0,5.5,9.1905,0.98558944
cold,0,1,0,0.001,0.1,512,3,5,4,256,6000,8.0,2633729,1,1,9974,1106,600011,5,1023,31023,111,666.0,5.55,9.27405,0.98570108
cold,0,1,0,0.001,0.1,512,3,5,4,256,6000,8.0,2633729,1,1,9974,1106,600011,5,1023,31023,112,672.0,5.6,9.3576,0.98829353
cold,0,1,0,0.001,0.1,512,3,5,4,256,6000,8.0,2633729,1,1,9974,1106,600011,5,1023,31023,113,678.0,5.65,9.44115,0.99035263
cold,0,1,0,0.001,0.1,512,3,5,4,256,6000,8.0,2633729,1,1,9974,1106,600011,5,1023,31023,114,684.0,5.7,9.5247,0.99200714
cold,0,1,0,0.001,0.1,512,3,5,4,256,6000,8.0,2633729,1,1,9974,1106,600011,5,1023,31023,115,690.0,5.75,9.60825,0.99484873
cold,0,1,0,0.001,0.1,512,3,5,4,256,6000,8.0,2633729,1,1,9974,1106,600011,5,1023,31023,116,696.0,5.8,9.6918,0.99852747
cold,0,1,0,0.001,0.1,512,3,5,4,256,6000,8.0,2633729,1,1,9974,1106,600011,5,1023,31023,117,702.0,5.85,9.77535,1.00165486
cold,0,1,0,0.001,0.1,512,3,5,4,256,6000,8.0,2633729,1,1,9974,1106,600011,5,1023,31023,118,708.0,5.9,9.8589,1.00333846
cold,0,1,0,0.001,0.1,512,3,5,4,256,6000,8.0,2633729,1,1,9974,1106,600011,5,1023,31023,119,714.0,5.95,9.94245,1.00320613
cold,0,1,0,0.001,0.1,512,3,5,4,256,6000,8.0,2633729,1,1,9974,1106,600011,5,1023,31023,120,720.0,6.0,10.026,1.00104618
cold,0,1,0,0.001,0.1,512,3,5,4,256,6000,8.0,2633729,1,1,9974,1106,600011,5,4468,34468,1,6.0,0.05,0.08355,0.03831268
cold,0,1,0,0.001,0.1,512,3,5,4,256,6000,8.0,2633729,1,1,9974,1106,600011,5,4468,34468,2,12.0,0.1,0.1671,0.04546906
cold,0,1,0,0.001,0.1,512,3,5,4,256,6000,8.0,2633729,1,1,9974,1106,600011,5,4468,34468,3,18.0,0.15,0.25065,0.05372711
cold,0,1,0,0.001,0.1,512,3,5,4,256,6000,8.0,2633729,1,1,9974,1106,600011,5,4468,34468,4,24.0,0.2,0.3342,0.06105974
cold,0,1,0,0.001,0.1,512,3,5,4,256,6000,8.0,2633729,1,1,9974,1106,600011,5,4468,34468,5,30.0,0.25,0.41775,0.06786001
cold,0,1,0,0.001,0.1,512,3,5,4,256,6000,8.0,2633729,1,1,9974,1106,600011,5,4468,34468,6,36.0,0.3,0.5013,0.07825106
cold,0,1,0,0.001,0.1,512,3,5,4,256,6000,8.0,2633729,1,1,9974,1106,600011,5,4468,34468,7,42.0,0.35,0.58485,0.08870436
cold,0,1,0,0.001,0.1,512,3,5,4,256,6000,8.0,2633729,1,1,9974,1106,600011,5,4468,34468,8,48.0,0.4,0.6684,0.09896316
cold,0,1,0,0.001,0.1,512,3,5,4,256,6000,8.0,2633729,1,1,9974,1106,600011,5,4468,34468,9,54.0,0.45,0.75195,0.10963887
cold,0,1,0,0.001,0.1,512,3,5,4,256,6000,8.0,2633729,1,1,9974,1106,600011,5,4468,34468,10,60.0,0.5,0.8355,0.121418
cold,0,1,0,0.001,0.1,512,3,5,4,256,6000,8.0,2633729,1,1,9974,1106,600011,5,4468,34468,11,66.0,0.55,0.91905,0.13445039
cold,0,1,0,0.001,0.1,512,3,5,4,256,6000,8.0,2633729,1,1,9974,1106,600011,5,4468,34468,12,72.0,0.6,1.0026,0.14880003
cold,0,1,0,0.001,0.1,512,3,5,4,256,6000,8.0,2633729,1,1,9974,1106,600011,5,4468,34468,13,78.0,0.65,1.08615,0.16537185
cold,0,1,0,0.001,0.1,512,3,5,4,256,6000,8.0,2633729,1,1,9974,1106,600011,5,4468,34468,14,84.0,0.7,1.1697,0.1852053
cold,0,1,0,0.001,0.1,512,3,5,4,256,6000,8.0,2633729,1,1,9974,1106,600011,5,4468,34468,15,90.0,0.75,1.25325,0.20748018
cold,0,1,0,0.001,0.1,512,3,5,4,256,6000,8.0,2633729,1,1,9974,1106,600011,5,4468,34468,16,96.0,0.8,1.3368,0.2301397
cold,0,1,0,0.001,0.1,512,3,5,4,256,6000,8.0,2633729,1,1,9974,1106,600011,5,4468,34468,17,102.0,0.85,1.42035,0.2514981
cold,0,1,0,0.001,0.1,512,3,5,4,256,6000,8.0,2633729,1,1,9974,1106,600011,5,4468,34468,18,108.0,0.9,1.5039,0.27126783
cold,0,1,0,0.001,0.1,512,3,5,4,256,6000,8.0,2633729,1,1,9974,1106,600011,5,4468,34468,19,114.0,0.95,1.58745,0.29033092
cold,0,1,0,0.001,0.1,512,3,5,4,256,6000,8.0,2633729,1,1,9974,1106,600011,5,4468,34468,20,120.0,1.0,1.671,0.31001246
cold,0,1,0,0.001,0.1,512,3,5,4,256,6000,8.0,2633729,1,1,9974,1106,600011,5,4468,34468,21,126.0,1.05,1.75455,0.33008012
cold,0,1,0,0.001,0.1,512,3,5,4,256,6000,8.0,2633729,1,1,9974,1106,600011,5,4468,34468,22,132.0,1.1,1.8381,0.35038048
cold,0,1,0,0.001,0.1,512,3,5,4,256,6000,8.0,2633729,1,1,9974,1106,600011,5,4468,34468,23,138.0,1.15,1.92165,0.3717185
cold,0,1,0,0.001,0.1,512,3,5,4,256,6000,8.0,2633729,1,1,9974,1106,600011,5,4468,34468,24,144.0,1.2,2.0052,0.39422205
cold,0,1,0,0.001,0.1,512,3,5,4,256,6000,8.0,2633729,1,1,9974,1106,600011,5,4468,34468,25,150.0,1.25,2.08875,0.41819009
cold,0,1,0,0.001,0.1,512,3,5,4,256,6000,8.0,2633729,1,1,9974,1106,600011,5,4468,34468,26,156.0,1.3,2.1723,0.44287321
cold,0,1,0,0.001,0.1,512,3,5,4,256,6000,8.0,2633729,1,1,9974,1106,600011,5,4468,34468,27,162.0,1.35,2.25585,0.46591917
cold,0,1,0,0.001,0.1,512,3,5,4,256,6000,8.0,2633729,1,1,9974,1106,600011,5,4468,34468,28,168.0,1.4,2.3394,0.48503625
cold,0,1,0,0.001,0.1,512,3,5,4,256,6000,8.0,2633729,1,1,9974,1106,600011,5,4468,34468,29,174.0,1.45,2.42295,0.5005846
cold,0,1,0,0.001,0.1,512,3,5,4,256,6000,8.0,2633729,1,1,9974,1106,600011,5,4468,34468,30,180.0,1.5,2.5065,0.51579487
cold,0,1,0,0.001,0.1,512,3,5,4,256,6000,8.0,2633729,1,1,9974,1106,600011,5,4468,34468,31,186.0,1.55,2.59005,0.53317565
cold,0,1,0,0.001,0.1,512,3,5,4,256,6000,8.0,2633729,1,1,9974,1106,600011,5,4468,34468,32,192.0,1.6,2.6736,0.55268168
cold,0,1,0,0.001,0.1,512,3,5,4,256,6000,8.0,2633729,1,1,9974,1106,600011,5,4468,34468,33,198.0,1.65,2.75715,0.57182717
cold,0,1,0,0.001,0.1,512,3,5,4,256,6000,8.0,2633729,1,1,9974,1106,600011,5,4468,34468,34,204.0,1.7,2.8407,0.58929449
cold,0,1,0,0.001,0.1,512,3,5,4,256,6000,8.0,2633729,1,1,9974,1106,600011,5,4468,34468,35,210.0,1.75,2.92425,0.60568321
cold,0,1,0,0.001,0.1,512,3,5,4,256,6000,8.0,2633729,1,1,9974,1106,600011,5,4468,34468,36,216.0,1.8,3.0078,0.62196094
cold,0,1,0,0.001,0.1,512,3,5,4,256,6000,8.0,2633729,1,1,9974,1106,600011,5,4468,34468,37,222.0,1.85,3.09135,0.63982546
cold,0,1,0,0.001,0.1,512,3,5,4,256,6000,8.0,2633729,1,1,9974,1106,600011,5,4468,34468,38,228.0,1.9,3.1749,0.65923411
cold,0,1,0,0.001,0.1,512,3,5,4,256,6000,8.0,2633729,1,1,9974,1106,600011,5,4468,34468,39,234.0,1.95,3.25845,0.67859256
cold,0,1,0,0.001,0.1,512,3,5,4,256,6000,8.0,2633729,1,1,9974,1106,600011,5,4468,34468,40,240.0,2.0,3.342,0.69691801
cold,0,1,0,0.001,0.1,512,3,5,4,256,6000,8.0,2633729,1,1,9974,1106,600011,5,4468,34468,41,246.0,2.05,3.42555,0.7135241
cold,0,1,0,0.001,0.1,512,3,5,4,256,6000,8.0,2633729,1,1,9974,1106,600011,5,4468,34468,42,252.0,2.1,3.5091,0.72869611
cold,0,1,0,0.001,0.1,512,3,5,4,256,6000,8.0,2633729,1,1,9974,1106,600011,5,4468,34468,43,258.0,2.15,3.59265,0.74457484
cold,0,1,0,0.001,0.1,512,3,5,4,256,6000,8.0,2633729,1,1,9974,1106,600011,5,4468,34468,44,264.0,2.2,3.6762,0.76244676
cold,0,1,0,0.001,0.1,512,3,5,4,256,6000,8.0,2633729,1,1,9974,1106,600011,5,4468,34468,45,270.0,2.25,3.75975,0.7801072
cold,0,1,0,0.001,0.1,512,3,5,4,256,6000,8.0,2633729,1,1,9974,1106,600011,5,4468,34468,46,276.0,2.3,3.8433,0.79501164
cold,0,1,0,0.001,0.1,512,3,5,4,256,6000,8.0,2633729,1,1,9974,1106,600011,5,4468,34468,47,282.0,2.35,3.92685,0.80608463
cold,0,1,0,0.001,0.1,512,3,5,4,256,6000,8.0,2633729,1,1,9974,1106,600011,5,4468,34468,48,288.0,2.4,4.0104,0.81494379
cold,0,1,0,0.001,0.1,512,3,5,4,256,6000,8.0,2633729,1,1,9974,1106,600011,5,4468,34468,49,294.0,2.45,4.09395,0.82378221
cold,0,1,0,0.001,0.1,512,3,5,4,256,6000,8.0,2633729,1,1,9974,1106,600011,5,4468,34468,50,300.0,2.5,4.1775,0.83205843
cold,0,1,0,0.001,0.1,512,3,5,4,256,6000,8.0,2633729,1,1,9974,1106,600011,5,4468,34468,51,306.0,2.55,4.26105,0.83707017
cold,0,1,0,0.001,0.1,512,3,5,4,256,6000,8.0,2633729,1,1,9974,1106,600011,5,4468,34468,52,312.0,2.6,4.3446,0.83827001
cold,0,1,0,0.001,0.1,512,3,5,4,256,6000,8.0,2633729,1,1,9974,1106,600011,5,4468,34468,53,318.0,2.65,4.42815,0.8375327
cold,0,1,0,0.001,0.1,512,3,5,4,256,6000,8.0,2633729,1,1,9974,1106,600011,5,4468,34468,54,324.0,2.7,4.5117,0.83777416
cold,0,1,0,0.001,0.1,512,3,5,4,256,6000,8.0,2633729,1,1,9974,1106,600011,5,4468,34468,55,330.0,2.75,4.59525,0.84113169
cold,0,1,0,0.001,0.1,512,3,5,4,256,6000,8.0,2633729,1,1,9974,1106,600011,5,4468,34468,56,336.0,2.8,4.6788,0.84786981
cold,0,1,0,0.001,0.1,512,3,5,4,256,6000,8.0,2633729,1,1,9974,1106,600011,5,4468,34468,57,342.0,2.85,4.76235,0.85591412
cold,0,1,0,0.001,0.1,512,3,5,4,256,6000,8.0,2633729,1,1,9974,1106,600011,5,4468,34468,58,348.0,2.9,4.8459,0.8633998
cold,0,1,0,0.001,0.1,512,3,5,4,256,6000,8.0,2633729,1,1,9974,1106,600011,5,4468,34468,59,354.0,2.95,4.92945,0.87018812
cold,0,1,0,0.001,0.1,512,3,5,4,256,6000,8.0,2633729,1,1,9974,1106,600011,5,4468,34468,60,360.0,3.0,5.013,0.87624013
cold,0,1,0,0.001,0.1,512,3,5,4,256,6000,8.0,2633729,1,1,9974,1106,600011,5,4468,34468,61,366.0,3.05,5.09655,0.88140458
cold,0,1,0,0.001,0.1,512,3,5,4,256,6000,8.0,2633729,1,1,9974,1106,600011,5,4468,34468,62,372.0,3.1,5.1801,0.88471836
cold,0,1,0,0.001,0.1,512,3,5,4,256,6000,8.0,2633729,1,1,9974,1106,600011,5,4468,34468,63,378.0,3.15,5.26365,0.88618928
cold,0,1,0,0.001,0.1,512,3,5,4,256,6000,8.0,2633729,1,1,9974,1106,600011,5,4468,34468,64,384.0,3.2,5.3472,0.8879171
cold,0,1,0,0.001,0.1,512,3,5,4,256,6000,8.0,2633729,1,1,9974,1106,600011,5,4468,34468,65,390.0,3.25,5.43075,0.89254034
cold,0,1,0,0.001,0.1,512,3,5,4,256,6000,8.0,2633729,1,1,9974,1106,600011,5,4468,34468,66,396.0,3.3,5.5143,0.9011302
cold,0,1,0,0.001,0.1,512,3,5,4,256,6000,8.0,2633729,1,1,9974,1106,600011,5,4468,34468,67,402.0,3.35,5.59785,0.91187477
cold,0,1,0,0.001,0.1,512,3,5,4,256,6000,8.0,2633729,1,1,9974,1106,600011,5,4468,34468,68,408.0,3.4,5.6814,0.92110676
cold,0,1,0,0.001,0.1,512,3,5,4,256,6000,8.0,2633729,1,1,9974,1106,600011,5,4468,34468,69,414.0,3.45,5.76495,0.92571318
cold,0,1,0,0.001,0.1,512,3,5,4,256,6000,8.0,2633729,1,1,9974,1106,600011,5,4468,34468,70,420.0,3.5,5.8485,0.92518896
cold,0,1,0,0.001,0.1,512,3,5,4,256,6000,8.0,2633729,1,1,9974,1106,600011,5,4468,34468,71,426.0,3.55,5.93205,0.92149806
cold,0,1,0,0.001,0.1,512,3,5,4,256,6000,8.0,2633729,1,1,9974,1106,600011,5,4468,34468,72,432.0,3.6,6.0156,0.91729707
cold,0,1,0,0.001,0.1,512,3,5,4,256,6000,8.0,2633729,1,1,9974,1106,600011,5,4468,34468,73,438.0,3.65,6.09915,0.9146561
cold,0,1,0,0.001,0.1,512,3,5,4,256,6000,8.0,2633729,1,1,9974,1106,600011,5,4468,34468,74,444.0,3.7,6.1827,0.91510803
cold,0,1,0,0.001,0.1,512,3,5,4,256,6000,8.0,2633729,1,1,9974,1106,600011,5,4468,34468,75,450.0,3.75,6.26625,0.91829401
cold,0,1,0,0.001,0.1,512,3,5,4,256,6000,8.0,2633729,1,1,9974,1106,600011,5,4468,34468,76,456.0,3.8,6.3498,0.92219853
cold,0,1,0,0.001,0.1,512,3,5,4,256,6000,8.0,2633729,1,1,9974,1106,600011,5,4468,34468,77,462.0,3.85,6.43335,0.92567366
cold,0,1,0,0.001,0.1,512,3,5,4,256,6000,8.0,2633729,1,1,9974,1106,600011,5,4468,34468,78,468.0,3.9,6.5169,0.92872179
cold,0,1,0,0.001,0.1,512,3,5,4,256,6000,8.0,2633729,1,1,9974,1106,600011,5,4468,34468,79,474.0,3.95,6.60045,0.93206817
cold,0,1,0,0.001,0.1,512,3,5,4,256,6000,8.0,2633729,1,1,9974,1106,600011,5,4468,34468,80,480.0,4.0,6.684,0.9360922
cold,0,1,0,0.001,0.1,512,3,5,4,256,6000,8.0,2633729,1,1,9974,1106,600011,5,4468,34468,81,486.0,4.05,6.76755,0.94079101
cold,0,1,0,0.001,0.1,512,3,5,4,256,6000,8.0,2633729,1,1,9974,1106,600011,5,4468,34468,82,492.0,4.1,6.8511,0.94533223
cold,0,1,0,0.001,0.1,512,3,5,4,256,6000,8.0,2633729,1,1,9974,1106,600011,5,4468,34468,83,498.0,4.15,6.93465,0.94800496
cold,0,1,0,0.001,0.1,512,3,5,4,256,6000,8.0,2633729,1,1,9974,1106,600011,5,4468,34468,84,504.0,4.2,7.0182,0.94795972
cold,0,1,0,0.001,0.1,512,3,5,4,256,6000,8.0,2633729,1,1,9974,1106,600011,5,4468,34468,85,510.0,4.25,7.10175,0.94578791
cold,0,1,0,0.001,0.1,512,3,5,4,256,6000,8.0,2633729,1,1,9974,1106,600011,5,4468,34468,86,516.0,4.3,7.1853,0.94273621
cold,0,1,0,0.001,0.1,512,3,5,4,256,6000,8.0,2633729,1,1,9974,1106,600011,5,4468,34468,87,522.0,4.35,7.26885,0.93996924
cold,0,1,0,0.001,0.1,512,3,5,4,256,6000,8.0,2633729,1,1,9974,1106,600011,5,4468,34468,88,528.0,4.4,7.3524,0.93862212
cold,0,1,0,0.001,0.1,512,3,5,4,256,6000,8.0,2633729,1,1,9974,1106,600011,5,4468,34468,89,534.0,4.45,7.43595,0.9397164
cold,0,1,0,0.001,0.1,512,3,5,4,256,6000,8.0,2633729,1,1,9974,1106,600011,5,4468,34468,90,540.0,4.5,7.5195,0.94337291
cold,0,1,0,0.001,0.1,512,3,5,4,256,6000,8.0,2633729,1,1,9974,1106,600011,5,4468,34468,91,546.0,4.55,7.60305,0.94875425
cold,0,1,0,0.001,0.1,512,3,5,4,256,6000,8.0,2633729,1,1,9974,1106,600011,5,4468,34468,92,552.0,4.6,7.6866,0.95419711
cold,0,1,0,0.001,0.1,512,3,5,4,256,6000,8.0,2633729,1,1,9974,1106,600011,5,4468,34468,93,558.0,4.65,7.77015,0.95770323
cold,0,1,0,0.001,0.1,512,3,5,4,256,6000,8.0,2633729,1,1,9974,1106,600011,5,4468,34468,94,564.0,4.7,7.8537,0.95771736
cold,0,1,0,0.001,0.1,512,3,5,4,256,6000,8.0,2633729,1,1,9974,1106,600011,5,4468,34468,95,570.0,4.75,7.93725,0.95450294
cold,0,1,0,0.001,0.1,512,3,5,4,256,6000,8.0,2633729,1,1,9974,1106,600011,5,4468,34468,96,576.0,4.8,8.0208,0.95120978
cold,0,1,0,0.001,0.1,512,3,5,4,256,6000,8.0,2633729,1,1,9974,1106,600011,5,4468,34468,97,582.0,4.85,8.10435,0.95124602
cold,0,1,0,0.001,0.1,512,3,5,4,256,6000,8.0,2633729,1,1,9974,1106,600011,5,4468,34468,98,588.0,4.9,8.1879,0.95443332
cold,0,1,0,0.001,0.1,512,3,5,4,256,6000,8.0,2633729,1,1,9974,1106,600011,5,4468,34468,99,594.0,4.95,8.27145,0.95833766
cold,0,1,0,0.001,0.1,512,3,5,4,256,6000,8.0,2633729,1,1,9974,1106,600011,5,4468,34468,100,600.0,5.0,8.355,0.96110058
cold,0,1,0,0.001,0.1,512,3,5,4,256,6000,8.0,2633729,1,1,9974,1106,600011,5,4468,34468,101,606.0,5.05,8.43855,0.96230543
cold,0,1,0,0.001,0.1,512,3,5,4,256,6000,8.0,2633729,1,1,9974,1106,600011,5,4468,34468,102,612.0,5.1,8.5221,0.96309823
cold,0,1,0,0.001,0.1,512,3,5,4,256,6000,8.0,2633729,1,1,9974,1106,600011,5,4468,34468,103,618.0,5.15,8.60565,0.96606344
cold,0,1,0,0.001,0.1,512,3,5,4,256,6000,8.0,2633729,1,1,9974,1106,600011,5,4468,34468,104,624.0,5.2,8.6892,0.96985477
cold,0,1,0,0.001,0.1,512,3,5,4,256,6000,8.0,2633729,1,1,9974,1106,600011,5,4468,34468,105,630.0,5.25,8.77275,0.97064435
cold,0,1,0,0.001,0.1,512,3,5,4,256,6000,8.0,2633729,1,1,9974,1106,600011,5,4468,34468,106,636.0,5.3,8.8563,0.96770102
cold,0,1,0,0.001,0.1,512,3,5,4,256,6000,8.0,2633729,1,1,9974,1106,600011,5,4468,34468,107,642.0,5.35,8.93985,0.96314454
cold,0,1,0,0.001,0.1,512,3,5,4,256,6000,8.0,2633729,1,1,9974,1106,600011,5,4468,34468,108,648.0,5.4,9.0234,0.95939642
cold,0,1,0,0.001,0.1,512,3,5,4,256,6000,8.0,2633729,1,1,9974,1106,600011,5,4468,34468,109,654.0,5.45,9.10695,0.95840973
cold,0,1,0,0.001,0.1,512,3,5,4,256,6000,8.0,2633729,1,1,9974,1106,600011,5,4468,34468,110,660.0,5.5,9.1905,0.96100193
cold,0,1,0,0.001,0.1,512,3,5,4,256,6000,8.0,2633729,1,1,9974,1106,600011,5,4468,34468,111,666.0,5.55,9.27405,0.96654475
cold,0,1,0,0.001,0.1,512,3,5,4,256,6000,8.0,2633729,1,1,9974,1106,600011,5,4468,34468,112,672.0,5.6,9.3576,0.97464895
cold,0,1,0,0.001,0.1,512,3,5,4,256,6000,8.0,2633729,1,1,9974,1106,600011,5,4468,34468,113,678.0,5.65,9.44115,0.98396325
cold,0,1,0,0.001,0.1,512,3,5,4,256,6000,8.0,2633729,1,1,9974,1106,600011,5,4468,34468,114,684.0,5.7,9.5247,0.99252057
cold,0,1,0,0.001,0.1,512,3,5,4,256,6000,8.0,2633729,1,1,9974,1106,600011,5,4468,34468,115,690.0,5.75,9.60825,0.9983834
cold,0,1,0,0.001,0.1,512,3,5,4,256,6000,8.0,2633729,1,1,9974,1106,600011,5,4468,34468,116,696.0,5.8,9.6918,1.00087309
cold,0,1,0,0.001,0.1,512,3,5,4,256,6000,8.0,2633729,1,1,9974,1106,600011,5,4468,34468,117,702.0,5.85,9.77535,0.99984902
cold,0,1,0,0.001,0.1,512,3,5,4,256,6000,8.0,2633729,1,1,9974,1106,600011,5,4468,34468,118,708.0,5.9,9.8589,0.99617821
cold,0,1,0,0.001,0.1,512,3,5,4,256,6000,8.0,2633729,1,1,9974,1106,600011,5,4468,34468,119,714.0,5.95,9.94245,0.99139315
cold,0,1,0,0.001,0.1,512,3,5,4,256,6000,8.0,2633729,1,1,9974,1106,600011,5,4468,34468,120,720.0,6.0,10.026,0.98724985
cold,0,1,0,0.001,0.1,512,3,5,4,256,6000,8.0,2633729,1,1,9974,1106,600011,5,6000,36000,1,6.0,0.05,0.08355,0.03992746
cold,0,1,0,0.001,0.1,512,3,5,4,256,6000,8.0,2633729,1,1,9974,1106,600011,5,6000,36000,2,12.0,0.1,0.1671,0.046715
cold,0,1,0,0.001,0.1,512,3,5,4,256,6000,8.0,2633729,1,1,9974,1106,600011,5,6000,36000,3,18.0,0.15,0.25065,0.0551763
cold,0,1,0,0.001,0.1,512,3,5,4,256,6000,8.0,2633729,1,1,9974,1106,600011,5,6000,36000,4,24.0,0.2,0.3342,0.06266864
cold,0,1,0,0.001,0.1,512,3,5,4,256,6000,8.0,2633729,1,1,9974,1106,600011,5,6000,36000,5,30.0,0.25,0.41775,0.06970011
cold,0,1,0,0.001,0.1,512,3,5,4,256,6000,8.0,2633729,1,1,9974,1106,600011,5,6000,36000,6,36.0,0.3,0.5013,0.07951849
cold,0,1,0,0.001,0.1,512,3,5,4,256,6000,8.0,2633729,1,1,9974,1106,600011,5,6000,36000,7,42.0,0.35,0.58485,0.08965924
cold,0,1,0,0.001,0.1,512,3,5,4,256,6000,8.0,2633729,1,1,9974,1106,600011,5,6000,36000,8,48.0,0.4,0.6684,0.09975181
cold,0,1,0,0.001,0.1,512,3,5,4,256,6000,8.0,2633729,1,1,9974,1106,600011,5,6000,36000,9,54.0,0.45,0.75195,0.11038061
cold,0,1,0,0.001,0.1,512,3,5,4,256,6000,8.0,2633729,1,1,9974,1106,600011,5,6000,36000,10,60.0,0.5,0.8355,0.12192268
cold,0,1,0,0.001,0.1,512,3,5,4,256,6000,8.0,2633729,1,1,9974,1106,600011,5,6000,36000,11,66.0,0.55,0.91905,0.13441733
cold,0,1,0,0.001,0.1,512,3,5,4,256,6000,8.0,2633729,1,1,9974,1106,600011,5,6000,36000,12,72.0,0.6,1.0026,0.1480642
cold,0,1,0,0.001,0.1,512,3,5,4,256,6000,8.0,2633729,1,1,9974,1106,600011,5,6000,36000,13,78.0,0.65,1.08615,0.16332993
cold,0,1,0,0.001,0.1,512,3,5,4,256,6000,8.0,2633729,1,1,9974,1106,600011,5,6000,36000,14,84.0,0.7,1.1697,0.18220419
cold,0,1,0,0.001,0.1,512,3,5,4,256,6000,8.0,2633729,1,1,9974,1106,600011,5,6000,36000,15,90.0,0.75,1.25325,0.20503238
cold,0,1,0,0.001,0.1,512,3,5,4,256,6000,8.0,2633729,1,1,9974,1106,600011,5,6000,36000,16,96.0,0.8,1.3368,0.229615
cold,0,1,0,0.001,0.1,512,3,5,4,256,6000,8.0,2633729,1,1,9974,1106,600011,5,6000,36000,17,102.0,0.85,1.42035,0.25315726
cold,0,1,0,0.001,0.1,512,3,5,4,256,6000,8.0,2633729,1,1,9974,1106,600011,5,6000,36000,18,108.0,0.9,1.5039,0.27500078
cold,0,1,0,0.001,0.1,512,3,5,4,256,6000,8.0,2633729,1,1,9974,1106,600011,5,6000,36000,19,114.0,0.95,1.58745,0.2948311
cold,0,1,0,0.001,0.1,512,3,5,4,256,6000,8.0,2633729,1,1,9974,1106,600011,5,6000,36000,20,120.0,1.0,1.671,0.31346545
cold,0,1,0,0.001,0.1,512,3,5,4,256,6000,8.0,2633729,1,1,9974,1106,600011,5,6000,36000,21,126.0,1.05,1.75455,0.33195785
cold,0,1,0,0.001,0.1,512,3,5,4,256,6000,8.0,2633729,1,1,9974,1106,600011,5,6000,36000,22,132.0,1.1,1.8381,0.3501865
cold,0,1,0,0.001,0.1,512,3,5,4,256,6000,8.0,2633729,1,1,9974,1106,600011,5,6000,36000,23,138.0,1.15,1.92165,0.36923522
cold,0,1,0,0.001,0.1,512,3,5,4,256,6000,8.0,2633729,1,1,9974,1106,600011,5,6000,36000,24,144.0,1.2,2.0052,0.39022306
cold,0,1,0,0.001,0.1,512,3,5,4,256,6000,8.0,2633729,1,1,9974,1106,600011,5,6000,36000,25,150.0,1.25,2.08875,0.41287491
cold,0,1,0,0.001,0.1,512,3,5,4,256,6000,8.0,2633729,1,1,9974,1106,600011,5,6000,36000,26,156.0,1.3,2.1723,0.43676072
cold,0,1,0,0.001,0.1,512,3,5,4,256,6000,8.0,2633729,1,1,9974,1106,600011,5,6000,36000,27,162.0,1.35,2.25585,0.46112293
cold,0,1,0,0.001,0.1,512,3,5,4,256,6000,8.0,2633729,1,1,9974,1106,600011,5,6000,36000,28,168.0,1.4,2.3394,0.48441967
cold,0,1,0,0.001,0.1,512,3,5,4,256,6000,8.0,2633729,1,1,9974,1106,600011,5,6000,36000,29,174.0,1.45,2.42295,0.50633895
cold,0,1,0,0.001,0.1,512,3,5,4,256,6000,8.0,2633729,1,1,9974,1106,600011,5,6000,36000,30,180.0,1.5,2.5065,0.5269289
cold,0,1,0,0.001,0.1,512,3,5,4,256,6000,8.0,2633729,1,1,9974,1106,600011,5,6000,36000,31,186.0,1.55,2.59005,0.54788107
cold,0,1,0,0.001,0.1,512,3,5,4,256,6000,8.0,2633729,1,1,9974,1106,600011,5,6000,36000,32,192.0,1.6,2.6736,0.56914693
cold,0,1,0,0.001,0.1,512,3,5,4,256,6000,8.0,2633729,1,1,9974,1106,600011,5,6000,36000,33,198.0,1.65,2.75715,0.58788007
cold,0,1,0,0.001,0.1,512,3,5,4,256,6000,8.0,2633729,1,1,9974,1106,600011,5,6000,36000,34,204.0,1.7,2.8407,0.60274327
cold,0,1,0,0.001,0.1,512,3,5,4,256,6000,8.0,2633729,1,1,9974,1106,600011,5,6000,36000,35,210.0,1.75,2.92425,0.61514658
cold,0,1,0,0.001,0.1,512,3,5,4,256,6000,8.0,2633729,1,1,9974,1106,600011,5,6000,36000,36,216.0,1.8,3.0078,0.62714052
cold,0,1,0,0.001,0.1,512,3,5,4,256,6000,8.0,2633729,1,1,9974,1106,600011,5,6000,36000,37,222.0,1.85,3.09135,0.64082825
cold,0,1,0,0.001,0.1,512,3,5,4,256,6000,8.0,2633729,1,1,9974,1106,600011,5,6000,36000,38,228.0,1.9,3.1749,0.65704662
cold,0,1,0,0.001,0.1,512,3,5,4,256,6000,8.0,2633729,1,1,9974,1106,600011,5,6000,36000,39,234.0,1.95,3.25845,0.67571431
cold,0,1,0,0.001,0.1,512,3,5,4,256,6000,8.0,2633729,1,1,9974,1106,600011,5,6000,36000,40,240.0,2.0,3.342,0.69645423
cold,0,1,0,0.001,0.1,512,3,5,4,256,6000,8.0,2633729,1,1,9974,1106,600011,5,6000,36000,41,246.0,2.05,3.42555,0.71758556
cold,0,1,0,0.001,0.1,512,3,5,4,256,6000,8.0,2633729,1,1,9974,1106,600011,5,6000,36000,42,252.0,2.1,3.5091,0.73569977
cold,0,1,0,0.001,0.1,512,3,5,4,256,6000,8.0,2633729,1,1,9974,1106,600011,5,6000,36000,43,258.0,2.15,3.59265,0.75017309
cold,0,1,0,0.001,0.1,512,3,5,4,256,6000,8.0,2633729,1,1,9974,1106,600011,5,6000,36000,44,264.0,2.2,3.6762,0.76297724
cold,0,1,0,0.001,0.1,512,3,5,4,256,6000,8.0,2633729,1,1,9974,1106,600011,5,6000,36000,45,270.0,2.25,3.75975,0.77541304
cold,0,1,0,0.001,0.1,512,3,5,4,256,6000,8.0,2633729,1,1,9974,1106,600011,5,6000,36000,46,276.0,2.3,3.8433,0.78724957
cold,0,1,0,0.001,0.1,512,3,5,4,256,6000,8.0,2633729,1,1,9974,1106,600011,5,6000,36000,47,282.0,2.35,3.92685,0.79688829
cold,0,1,0,0.001,0.1,512,3,5,4,256,6000,8.0,2633729,1,1,9974,1106,600011,5,6000,36000,48,288.0,2.4,4.0104,0.8043009
cold,0,1,0,0.001,0.1,512,3,5,4,256,6000,8.0,2633729,1,1,9974,1106,600011,5,6000,36000,49,294.0,2.45,4.09395,0.81163639
cold,0,1,0,0.001,0.1,512,3,5,4,256,6000,8.0,2633729,1,1,9974,1106,600011,5,6000,36000,50,300.0,2.5,4.1775,0.82010061
cold,0,1,0,0.001,0.1,512,3,5,4,256,6000,8.0,2633729,1,1,9974,1106,600011,5,6000,36000,51,306.0,2.55,4.26105,0.82876062
cold,0,1,0,0.001,0.1,512,3,5,4,256,6000,8.0,2633729,1,1,9974,1106,600011,5,6000,36000,52,312.0,2.6,4.3446,0.83612162
cold,0,1,0,0.001,0.1,512,3,5,4,256,6000,8.0,2633729,1,1,9974,1106,600011,5,6000,36000,53,318.0,2.65,4.42815,0.84160823
cold,0,1,0,0.001,0.1,512,3,5,4,256,6000,8.0,2633729,1,1,9974,1106,600011,5,6000,36000,54,324.0,2.7,4.5117,0.84710121
cold,0,1,0,0.001,0.1,512,3,5,4,256,6000,8.0,2633729,1,1,9974,1106,600011,5,6000,36000,55,330.0,2.75,4.59525,0.85413057
cold,0,1,0,0.001,0.1,512,3,5,4,256,6000,8.0,2633729,1,1,9974,1106,600011,5,6000,36000,56,336.0,2.8,4.6788,0.86414993
cold,0,1,0,0.001,0.1,512,3,5,4,256,6000,8.0,2633729,1,1,9974,1106,600011,5,6000,36000,57,342.0,2.85,4.76235,0.87548965
cold,0,1,0,0.001,0.1,512,3,5,4,256,6000,8.0,2633729,1,1,9974,1106,600011,5,6000,36000,58,348.0,2.9,4.8459,0.88455486
cold,0,1,0,0.001,0.1,512,3,5,4,256,6000,8.0,2633729,1,1,9974,1106,600011,5,6000,36000,59,354.0,2.95,4.92945,0.88922882
cold,0,1,0,0.001,0.1,512,3,5,4,256,6000,8.0,2633729,1,1,9974,1106,600011,5,6000,36000,60,360.0,3.0,5.013,0.89066732
cold,0,1,0,0.001,0.1,512,3,5,4,256,6000,8.0,2633729,1,1,9974,1106,600011,5,6000,36000,61,366.0,3.05,5.09655,0.89242595
cold,0,1,0,0.001,0.1,512,3,5,4,256,6000,8.0,2633729,1,1,9974,1106,600011,5,6000,36000,62,372.0,3.1,5.1801,0.89688516
cold,0,1,0,0.001,0.1,512,3,5,4,256,6000,8.0,2633729,1,1,9974,1106,600011,5,6000,36000,63,378.0,3.15,5.26365,0.9034276
cold,0,1,0,0.001,0.1,512,3,5,4,256,6000,8.0,2633729,1,1,9974,1106,600011,5,6000,36000,64,384.0,3.2,5.3472,0.90928787
cold,0,1,0,0.001,0.1,512,3,5,4,256,6000,8.0,2633729,1,1,9974,1106,600011,5,6000,36000,65,390.0,3.25,5.43075,0.91266924
cold,0,1,0,0.001,0.1,512,3,5,4,256,6000,8.0,2633729,1,1,9974,1106,600011,5,6000,36000,66,396.0,3.3,5.5143,0.91394347
cold,0,1,0,0.001,0.1,512,3,5,4,256,6000,8.0,2633729,1,1,9974,1106,600011,5,6000,36000,67,402.0,3.35,5.59785,0.91464937
cold,0,1,0,0.001,0.1,512,3,5,4,256,6000,8.0,2633729,1,1,9974,1106,600011,5,6000,36000,68,408.0,3.4,5.6814,0.91625601
cold,0,1,0,0.001,0.1,512,3,5,4,256,6000,8.0,2633729,1,1,9974,1106,600011,5,6000,36000,69,414.0,3.45,5.76495,0.91978991
cold,0,1,0,0.001,0.1,512,3,5,4,256,6000,8.0,2633729,1,1,9974,1106,600011,5,6000,36000,70,420.0,3.5,5.8485,0.92456996
cold,0,1,0,0.001,0.1,512,3,5,4,256,6000,8.0,2633729,1,1,9974,1106,600011,5,6000,36000,71,426.0,3.55,5.93205,0.92895693
cold,0,1,0,0.001,0.1,512,3,5,4,256,6000,8.0,2633729,1,1,9974,1106,600011,5,6000,36000,72,432.0,3.6,6.0156,0.93155575
cold,0,1,0,0.001,0.1,512,3,5,4,256,6000,8.0,2633729,1,1,9974,1106,600011,5,6000,36000,73,438.0,3.65,6.09915,0.93190926
cold,0,1,0,0.001,0.1,512,3,5,4,256,6000,8.0,2633729,1,1,9974,1106,600011,5,6000,36000,74,444.0,3.7,6.1827,0.93203259
cold,0,1,0,0.001,0.1,512,3,5,4,256,6000,8.0,2633729,1,1,9974,1106,600011,5,6000,36000,75,450.0,3.75,6.26625,0.93399143
cold,0,1,0,0.001,0.1,512,3,5,4,256,6000,8.0,2633729,1,1,9974,1106,600011,5,6000,36000,76,456.0,3.8,6.3498,0.93837833
cold,0,1,0,0.001,0.1,512,3,5,4,256,6000,8.0,2633729,1,1,9974,1106,600011,5,6000,36000,77,462.0,3.85,6.43335,0.94406205
cold,0,1,0,0.001,0.1,512,3,5,4,256,6000,8.0,2633729,1,1,9974,1106,600011,5,6000,36000,78,468.0,3.9,6.5169,0.94958347
cold,0,1,0,0.001,0.1,512,3,5,4,256,6000,8.0,2633729,1,1,9974,1106,600011,5,6000,36000,79,474.0,3.95,6.60045,0.95373803
cold,0,1,0,0.001,0.1,512,3,5,4,256,6000,8.0,2633729,1,1,9974,1106,600011,5,6000,36000,80,480.0,4.0,6.684,0.95603585
cold,0,1,0,0.001,0.1,512,3,5,4,256,6000,8.0,2633729,1,1,9974,1106,600011,5,6000,36000,81,486.0,4.05,6.76755,0.95820177
cold,0,1,0,0.001,0.1,512,3,5,4,256,6000,8.0,2633729,1,1,9974,1106,600011,5,6000,36000,82,492.0,4.1,6.8511,0.96155167
cold,0,1,0,0.001,0.1,512,3,5,4,256,6000,8.0,2633729,1,1,9974,1106,600011,5,6000,36000,83,498.0,4.15,6.93465,0.96374702
cold,0,1,0,0.001,0.1,512,3,5,4,256,6000,8.0,2633729,1,1,9974,1106,600011,5,6000,36000,84,504.0,4.2,7.0182,0.96305633
cold,0,1,0,0.001,0.1,512,3,5,4,256,6000,8.0,2633729,1,1,9974,1106,600011,5,6000,36000,85,510.0,4.25,7.10175,0.96027058
cold,0,1,0,0.001,0.1,512,3,5,4,256,6000,8.0,2633729,1,1,9974,1106,600011,5,6000,36000,86,516.0,4.3,7.1853,0.95669091
cold,0,1,0,0.001,0.1,512,3,5,4,256,6000,8.0,2633729,1,1,9974,1106,600011,5,6000,36000,87,522.0,4.35,7.26885,0.95473123
cold,0,1,0,0.001,0.1,512,3,5,4,256,6000,8.0,2633729,1,1,9974,1106,600011,5,6000,36000,88,528.0,4.4,7.3524,0.95643067
cold,0,1,0,0.001,0.1,512,3,5,4,256,6000,8.0,2633729,1,1,9974,1106,600011,5,6000,36000,89,534.0,4.45,7.43595,0.96070814
cold,0,1,0,0.001,0.1,512,3,5,4,256,6000,8.0,2633729,1,1,9974,1106,600011,5,6000,36000,90,540.0,4.5,7.5195,0.96463591
cold,0,1,0,0.001,0.1,512,3,5,4,256,6000,8.0,2633729,1,1,9974,1106,600011,5,6000,36000,91,546.0,4.55,7.60305,0.96695906
cold,0,1,0,0.001,0.1,512,3,5,4,256,6000,8.0,2633729,1,1,9974,1106,600011,5,6000,36000,92,552.0,4.6,7.6866,0.96855879
cold,0,1,0,0.001,0.1,512,3,5,4,256,6000,8.0,2633729,1,1,9974,1106,600011,5,6000,36000,93,558.0,4.65,7.77015,0.97047281
cold,0,1,0,0.001,0.1,512,3,5,4,256,6000,8.0,2633729,1,1,9974,1106,600011,5,6000,36000,94,564.0,4.7,7.8537,0.97263384
cold,0,1,0,0.001,0.1,512,3,5,4,256,6000,8.0,2633729,1,1,9974,1106,600011,5,6000,36000,95,570.0,4.75,7.93725,0.97440565
cold,0,1,0,0.001,0.1,512,3,5,4,256,6000,8.0,2633729,1,1,9974,1106,600011,5,6000,36000,96,576.0,4.8,8.0208,0.97530907
cold,0,1,0,0.001,0.1,512,3,5,4,256,6000,8.0,2633729,1,1,9974,1106,600011,5,6000,36000,97,582.0,4.85,8.10435,0.97496521
cold,0,1,0,0.001,0.1,512,3,5,4,256,6000,8.0,2633729,1,1,9974,1106,600011,5,6000,36000,98,588.0,4.9,8.1879,0.97348088
cold,0,1,0,0.001,0.1,512,3,5,4,256,6000,8.0,2633729,1,1,9974,1106,600011,5,6000,36000,99,594.0,4.95,8.27145,0.97123611
cold,0,1,0,0.001,0.1,512,3,5,4,256,6000,8.0,2633729,1,1,9974,1106,600011,5,6000,36000,100,600.0,5.0,8.355,0.96903908
cold,0,1,0,0.001,0.1,512,3,5,4,256,6000,8.0,2633729,1,1,9974,1106,600011,5,6000,36000,101,606.0,5.05,8.43855,0.9673481
cold,0,1,0,0.001,0.1,512,3,5,4,256,6000,8.0,2633729,1,1,9974,1106,600011,5,6000,36000,102,612.0,5.1,8.5221,0.96548361
cold,0,1,0,0.001,0.1,512,3,5,4,256,6000,8.0,2633729,1,1,9974,1106,600011,5,6000,36000,103,618.0,5.15,8.60565,0.96348459
cold,0,1,0,0.001,0.1,512,3,5,4,256,6000,8.0,2633729,1,1,9974,1106,600011,5,6000,36000,104,624.0,5.2,8.6892,0.96275908
cold,0,1,0,0.001,0.1,512,3,5,4,256,6000,8.0,2633729,1,1,9974,1106,600011,5,6000,36000,105,630.0,5.25,8.77275,0.96473092
cold,0,1,0,0.001,0.1,512,3,5,4,256,6000,8.0,2633729,1,1,9974,1106,600011,5,6000,36000,106,636.0,5.3,8.8563,0.96877271
cold,0,1,0,0.001,0.1,512,3,5,4,256,6000,8.0,2633729,1,1,9974,1106,600011,5,6000,36000,107,642.0,5.35,8.93985,0.97390789
cold,0,1,0,0.001,0.1,512,3,5,4,256,6000,8.0,2633729,1,1,9974,1106,600011,5,6000,36000,108,648.0,5.4,9.0234,0.97963244
cold,0,1,0,0.001,0.1,512,3,5,4,256,6000,8.0,2633729,1,1,9974,1106,600011,5,6000,36000,109,654.0,5.45,9.10695,0.98531264
cold,0,1,0,0.001,0.1,512,3,5,4,256,6000,8.0,2633729,1,1,9974,1106,600011,5,6000,36000,110,660.0,5.5,9.1905,0.98806047
cold,0,1,0,0.001,0.1,512,3,5,4,256,6000,8.0,2633729,1,1,9974,1106,600011,5,6000,36000,111,666.0,5.55,9.27405,0.98645198
cold,0,1,0,0.001,0.1,512,3,5,4,256,6000,8.0,2633729,1,1,9974,1106,600011,5,6000,36000,112,672.0,5.6,9.3576,0.98290604
cold,0,1,0,0.001,0.1,512,3,5,4,256,6000,8.0,2633729,1,1,9974,1106,600011,5,6000,36000,113,678.0,5.65,9.44115,0.98058689
cold,0,1,0,0.001,0.1,512,3,5,4,256,6000,8.0,2633729,1,1,9974,1106,600011,5,6000,36000,114,684.0,5.7,9.5247,0.98074549
cold,0,1,0,0.001,0.1,512,3,5,4,256,6000,8.0,2633729,1,1,9974,1106,600011,5,6000,36000,115,690.0,5.75,9.60825,0.98310971
cold,0,1,0,0.001,0.1,512,3,5,4,256,6000,8.0,2633729,1,1,9974,1106,600011,5,6000,36000,116,696.0,5.8,9.6918,0.9856174
cold,0,1,0,0.001,0.1,512,3,5,4,256,6000,8.0,2633729,1,1,9974,1106,600011,5,6000,36000,117,702.0,5.85,9.77535,0.98670101
cold,0,1,0,0.001,0.1,512,3,5,4,256,6000,8.0,2633729,1,1,9974,1106,600011,5,6000,36000,118,708.0,5.9,9.8589,0.98663616
cold,0,1,0,0.001,0.1,512,3,5,4,256,6000,8.0,2633729,1,1,9974,1106,600011,5,6000,36000,119,714.0,5.95,9.94245,0.98519325
cold,0,1,0,0.001,0.1,512,3,5,4,256,6000,8.0,2633729,1,1,9974,1106,600011,5,6000,36000,120,720.0,6.0,10.026,0.98205024
cold,0,1,0,0.001,0.1,512,3,5,4,256,6000,8.0,2633729,1,1,9974,1107,600012,6,1,36001,1,6.0,0.05,0.08355,0.54789311
cold,0,1,0,0.001,0.1,512,3,5,4,256,6000,8.0,2633729,1,1,9974,1107,600012,6,1,36001,2,12.0,0.1,0.1671,1.08266103
cold,0,1,0,0.001,0.1,512,3,5,4,256,6000,8.0,2633729,1,1,9974,1107,600012,6,1,36001,3,18.0,0.15,0.25065,1.61539674
cold,0,1,0,0.001,0.1,512,3,5,4,256,6000,8.0,2633729,1,1,9974,1107,600012,6,1,36001,4,24.0,0.2,0.3342,2.17842078
cold,0,1,0,0.001,0.1,512,3,5,4,256,6000,8.0,2633729,1,1,9974,1107,600012,6,1,36001,5,30.0,0.25,0.41775,2.90329289
cold,0,1,0,0.001,0.1,512,3,5,4,256,6000,8.0,2633729,1,1,9974,1107,600012,6,1,36001,6,36.0,0.3,0.5013,3.92050266
cold,0,1,0,0.001,0.1,512,3,5,4,256,6000,8.0,2633729,1,1,9974,1107,600012,6,1,36001,7,42.0,0.35,0.58485,5.28196049
cold,0,1,0,0.001,0.1,512,3,5,4,256,6000,8.0,2633729,1,1,9974,1107,600012,6,1,36001,8,48.0,0.4,0.6684,7.07495928
cold,0,1,0,0.001,0.1,512,3,5,4,256,6000,8.0,2633729,1,1,9974,1107,600012,6,1,36001,9,54.0,0.45,0.75195,9.50988388
cold,0,1,0,0.001,0.1,512,3,5,4,256,6000,8.0,2633729,1,1,9974,1107,600012,6,1,36001,10,60.0,0.5,0.8355,12.8875761
cold,0,1,0,0.001,0.1,512,3,5,4,256,6000,8.0,2633729,1,1,9974,1107,600012,6,1,36001,11,66.0,0.55,0.91905,17.56923485
cold,0,1,0,0.001,0.1,512,3,5,4,256,6000,8.0,2633729,1,1,9974,1107,600012,6,1,36001,12,72.0,0.6,1.0026,24.039114
cold,0,1,0,0.001,0.1,512,3,5,4,256,6000,8.0,2633729,1,1,9974,1107,600012,6,1,36001,13,78.0,0.65,1.08615,33.01038361
cold,0,1,0,0.001,0.1,512,3,5,4,256,6000,8.0,2633729,1,1,9974,1107,600012,6,1,36001,14,84.0,0.7,1.1697,45.48894501
cold,0,1,0,0.001,0.1,512,3,5,4,256,6000,8.0,2633729,1,1,9974,1107,600012,6,1,36001,15,90.0,0.75,1.25325,62.84784317
cold,0,1,0,0.001,0.1,512,3,5,4,256,6000,8.0,2633729,1,1,9974,1107,600012,6,1,36001,16,96.0,0.8,1.3368,86.96524811
cold,0,1,0,0.001,0.1,512,3,5,4,256,6000,8.0,2633729,1,1,9974,1107,600012,6,1,36001,17,102.0,0.85,1.42035,120.42726135
cold,0,1,0,0.001,0.1,512,3,5,4,256,6000,8.0,2633729,1,1,9974,1107,600012,6,1,36001,18,108.0,0.9,1.5039,166.87332153
cold,0,1,0,0.001,0.1,512,3,5,4,256,6000,8.0,2633729,1,1,9974,1107,600012,6,1,36001,19,114.0,0.95,1.58745,231.264328
cold,0,1,0,0.001,0.1,512,3,5,4,256,6000,8.0,2633729,1,1,9974,1107,600012,6,1,36001,20,120.0,1.0,1.671,320.69848633
cold,0,1,0,0.001,0.1,512,3,5,4,256,6000,8.0,2633729,1,1,9974,1107,600012,6,1,36001,21,126.0,1.05,1.75455,444.71609497
cold,0,1,0,0.001,0.1,512,3,5,4,256,6000,8.0,2633729,1,1,9974,1107,600012,6,1,36001,22,132.0,1.1,1.8381,617.06628418
cold,0,1,0,0.001,0.1,512,3,5,4,256,6000,8.0,2633729,1,1,9974,1107,600012,6,1,36001,23,138.0,1.15,1.92165,856.29290771
cold,0,1,0,0.001,0.1,512,3,5,4,256,6000,8.0,2633729,1,1,9974,1107,600012,6,1,36001,24,144.0,1.2,2.0052,1188.86743164
cold,0,1,0,0.001,0.1,512,3,5,4,256,6000,8.0,2633729,1,1,9974,1107,600012,6,1,36001,25,150.0,1.25,2.08875,1651.20605469
cold,0,1,0,0.001,0.1,512,3,5,4,256,6000,8.0,2633729,1,1,9974,1107,600012,6,1,36001,26,156.0,1.3,2.1723,2293.7902832
cold,0,1,0,0.001,0.1,512,3,5,4,256,6000,8.0,2633729,1,1,9974,1107,600012,6,1,36001,27,162.0,1.35,2.25585,3188.11108398
cold,0,1,0,0.001,0.1,512,3,5,4,256,6000,8.0,2633729,1,1,9974,1107,600012,6,1,36001,28,168.0,1.4,2.3394,4430.75341797
cold,0,1,0,0.001,0.1,512,3,5,4,256,6000,8.0,2633729,1,1,9974,1107,600012,6,1,36001,29,174.0,1.45,2.42295,6162.01025391
cold,0,1,0,0.001,0.1,512,3,5,4,256,6000,8.0,2633729,1,1,9974,1107,600012,6,1,36001,30,180.0,1.5,2.5065,8568.03417969
cold,0,1,0,0.001,0.1,512,3,5,4,256,6000,8.0,2633729,1,1,9974,1107,600012,6,1,36001,31,186.0,1.55,2.59005,11921.4921875
cold,0,1,0,0.001,0.1,512,3,5,4,256,6000,8.0,2633729,1,1,9974,1107,600012,6,1,36001,32,192.0,1.6,2.6736,16586.36914062
cold,0,1,0,0.001,0.1,512,3,5,4,256,6000,8.0,2633729,1,1,9974,1107,600012,6,1,36001,33,198.0,1.65,2.75715,23085.62109375
cold,0,1,0,0.001,0.1,512,3,5,4,256,6000,8.0,2633729,1,1,9974,1107,600012,6,1,36001,34,204.0,1.7,2.8407,32140.21289062
cold,0,1,0,0.001,0.1,512,3,5,4,256,6000,8.0,2633729,1,1,9974,1107,600012,6,1,36001,35,210.0,1.75,2.92425,44745.74609375
cold,0,1,0,0.001,0.1,512,3,5,4,256,6000,8.0,2633729,1,1,9974,1107,600012,6,1,36001,36,216.0,1.8,3.0078,62327.24609375
cold,0,1,0,0.001,0.1,512,3,5,4,256,6000,8.0,2633729,1,1,9974,1107,600012,6,1,36001,37,222.0,1.85,3.09135,86790.203125
cold,0,1,0,0.001,0.1,512,3,5,4,256,6000,8.0,2633729,1,1,9974,1107,600012,6,1,36001,38,228.0,1.9,3.1749,120933.4609375
cold,0,1,0,0.001,0.1,512,3,5,4,256,6000,8.0,2633729,1,1,9974,1107,600012,6,1,36001,39,234.0,1.95,3.25845,168467.609375
cold,0,1,0,0.001,0.1,512,3,5,4,256,6000,8.0,2633729,1,1,9974,1107,600012,6,1,36001,40,240.0,2.0,3.342,234791.625
cold,0,1,0,0.001,0.1,512,3,5,4,256,6000,8.0,2633729,1,1,9974,1107,600012,6,1,36001,41,246.0,2.05,3.42555,327244.34375
cold,0,1,0,0.001,0.1,512,3,5,4,256,6000,8.0,2633729,1,1,9974,1107,600012,6,1,36001,42,252.0,2.1,3.5091,456151.65625
cold,0,1,0,0.001,0.1,512,3,5,4,256,6000,8.0,2633729,1,1,9974,1107,600012,6,1,36001,43,258.0,2.15,3.59265,636087.125
cold,0,1,0,0.001,0.1,512,3,5,4,256,6000,8.0,2633729,1,1,9974,1107,600012,6,1,36001,44,264.0,2.2,3.6762,886816.4375
cold,0,1,0,0.001,0.1,512,3,5,4,256,6000,8.0,2633729,1,1,9974,1107,600012,6,1,36001,45,270.0,2.25,3.75975,1237086.25
cold,0,1,0,0.001,0.1,512,3,5,4,256,6000,8.0,2633729,1,1,9974,1107,600012,6,1,36001,46,276.0,2.3,3.8433,1724979.25
cold,0,1,0,0.001,0.1,512,3,5,4,256,6000,8.0,2633729,1,1,9974,1107,600012,6,1,36001,47,282.0,2.35,3.92685,2406862.5
cold,0,1,0,0.001,0.1,512,3,5,4,256,6000,8.0,2633729,1,1,9974,1107,600012,6,1,36001,48,288.0,2.4,4.0104,3357138.5
cold,0,1,0,0.001,0.1,512,3,5,4,256,6000,8.0,2633729,1,1,9974,1107,600012,6,1,36001,49,294.0,2.45,4.09395,4684690.0
cold,0,1,0,0.001,0.1,512,3,5,4,256,6000,8.0,2633729,1,1,9974,1107,600012,6,1,36001,50,300.0,2.5,4.1775,6537448.0
cold,0,1,0,0.001,0.1,512,3,5,4,256,6000,8.0,2633729,1,1,9974,1107,600012,6,1,36001,51,306.0,2.55,4.26105,9123396.0
cold,0,1,0,0.001,0.1,512,3,5,4,256,6000,8.0,2633729,1,1,9974,1107,600012,6,1,36001,52,312.0,2.6,4.3446,12736959.0
cold,0,1,0,0.001,0.1,512,3,5,4,256,6000,8.0,2633729,1,1,9974,1107,600012,6,1,36001,53,318.0,2.65,4.42815,17777168.0
cold,0,1,0,0.001,0.1,512,3,5,4,256,6000,8.0,2633729,1,1,9974,1107,600012,6,1,36001,54,324.0,2.7,4.5117,24825522.0
cold,0,1,0,0.001,0.1,512,3,5,4,256,6000,8.0,2633729,1,1,9974,1107,600012,6,1,36001,55,330.0,2.75,4.59525,34653256.0
cold,0,1,0,0.001,0.1,512,3,5,4,256,6000,8.0,2633729,1,1,9974,1107,600012,6,1,36001,56,336.0,2.8,4.6788,48397564.0
cold,0,1,0,0.001,0.1,512,3,5,4,256,6000,8.0,2633729,1,1,9974,1107,600012,6,1,36001,57,342.0,2.85,4.76235,67579048.0
cold,0,1,0,0.001,0.1,512,3,5,4,256,6000,8.0,2633729,1,1,9974,1107,600012,6,1,36001,58,348.0,2.9,4.8459,94392760.0
cold,0,1,0,0.001,0.1,512,3,5,4,256,6000,8.0,2633729,1,1,9974,1107,600012,6,1,36001,59,354.0,2.95,4.92945,131850432.0
cold,0,1,0,0.001,0.1,512,3,5,4,256,6000,8.0,2633729,1,1,9974,1107,600012,6,1,36001,60,360.0,3.0,5.013,184173984.0
cold,0,1,0,0.001,0.1,512,3,5,4,256,6000,8.0,2633729,1,1,9974,1107,600012,6,1,36001,61,366.0,3.05,5.09655,257364528.0
cold,0,1,0,0.001,0.1,512,3,5,4,256,6000,8.0,2633729,1,1,9974,1107,600012,6,1,36001,62,372.0,3.1,5.1801,359509568.0
cold,0,1,0,0.001,0.1,512,3,5,4,256,6000,8.0,2633729,1,1,9974,1107,600012,6,1,36001,63,378.0,3.15,5.26365,502499968.0
cold,0,1,0,0.001,0.1,512,3,5,4,256,6000,8.0,2633729,1,1,9974,1107,600012,6,1,36001,64,384.0,3.2,5.3472,702048512.0
cold,0,1,0,0.001,0.1,512,3,5,4,256,6000,8.0,2633729,1,1,9974,1107,600012,6,1,36001,65,390.0,3.25,5.43075,981314496.0
cold,0,1,0,0.001,0.1,512,3,5,4,256,6000,8.0,2633729,1,1,9974,1107,600012,6,1,36001,66,396.0,3.3,5.5143,1371353344.0
cold,0,1,0,0.001,0.1,512,3,5,4,256,6000,8.0,2633729,1,1,9974,1107,600012,6,1,36001,67,402.0,3.35,5.59785,1916978560.0
cold,0,1,0,0.001,0.1,512,3,5,4,256,6000,8.0,2633729,1,1,9974,1107,600012,6,1,36001,68,408.0,3.4,5.6814,2679909632.0
cold,0,1,0,0.001,0.1,512,3,5,4,256,6000,8.0,2633729,1,1,9974,1107,600012,6,1,36001,69,414.0,3.45,5.76495,3746253056.0
cold,0,1,0,0.001,0.1,512,3,5,4,256,6000,8.0,2633729,1,1,9974,1107,600012,6,1,36001,70,420.0,3.5,5.8485,5239277568.0
cold,0,1,0,0.001,0.1,512,3,5,4,256,6000,8.0,2633729,1,1,9974,1107,600012,6,1,36001,71,426.0,3.55,5.93205,7324016128.0
cold,0,1,0,0.001,0.1,512,3,5,4,256,6000,8.0,2633729,1,1,9974,1107,600012,6,1,36001,72,432.0,3.6,6.0156,10244534272.0
cold,0,1,0,0.001,0.1,512,3,5,4,256,6000,8.0,2633729,1,1,9974,1107,600012,6,1,36001,73,438.0,3.65,6.09915,14323408896.0
cold,0,1,0,0.001,0.1,512,3,5,4,256,6000,8.0,2633729,1,1,9974,1107,600012,6,1,36001,74,444.0,3.7,6.1827,20035559424.0
cold,0,1,0,0.001,0.1,512,3,5,4,256,6000,8.0,2633729,1,1,9974,1107,600012,6,1,36001,75,450.0,3.75,6.26625,28018903040.0
cold,0,1,0,0.001,0.1,512,3,5,4,256,6000,8.0,2633729,1,1,9974,1107,600012,6,1,36001,76,456.0,3.8,6.3498,39193088000.0
cold,0,1,0,0.001,0.1,512,3,5,4,256,6000,8.0,2633729,1,1,9974,1107,600012,6,1,36001,77,462.0,3.85,6.43335,54833438720.0
cold,0,1,0,0.001,0.1,512,3,5,4,256,6000,8.0,2633729,1,1,9974,1107,600012,6,1,36001,78,468.0,3.9,6.5169,76697419776.0
cold,0,1,0,0.001,0.1,512,3,5,4,256,6000,8.0,2633729,1,1,9974,1107,600012,6,1,36001,79,474.0,3.95,6.60045,107333681152.0
cold,0,1,0,0.001,0.1,512,3,5,4,256,6000,8.0,2633729,1,1,9974,1107,600012,6,1,36001,80,480.0,4.0,6.684,150130196480.0
cold,0,1,0,0.001,0.1,512,3,5,4,256,6000,8.0,2633729,1,1,9974,1107,600012,6,1,36001,81,486.0,4.05,6.76755,210128994304.0
cold,0,1,0,0.001,0.1,512,3,5,4,256,6000,8.0,2633729,1,1,9974,1107,600012,6,1,36001,82,492.0,4.1,6.8511,293976375296.0
cold,0,1,0,0.001,0.1,512,3,5,4,256,6000,8.0,2633729,1,1,9974,1107,600012,6,1,36001,83,498.0,4.15,6.93465,411461746688.0
cold,0,1,0,0.001,0.1,512,3,5,4,256,6000,8.0,2633729,1,1,9974,1107,600012,6,1,36001,84,504.0,4.2,7.0182,575779504128.0
cold,0,1,0,0.001,0.1,512,3,5,4,256,6000,8.0,2633729,1,1,9974,1107,600012,6,1,36001,85,510.0,4.25,7.10175,805821546496.0
cold,0,1,0,0.001,0.1,512,3,5,4,256,6000,8.0,2633729,1,1,9974,1107,600012,6,1,36001,86,516.0,4.3,7.1853,1128073789440.0
cold,0,1,0,0.001,0.1,512,3,5,4,256,6000,8.0,2633729,1,1,9974,1107,600012,6,1,36001,87,522.0,4.35,7.26885,1578648207360.0
cold,0,1,0,0.001,0.1,512,3,5,4,256,6000,8.0,2633729,1,1,9974,1107,600012,6,1,36001,88,528.0,4.4,7.3524,2210374615040.0
cold,0,1,0,0.001,0.1,512,3,5,4,256,6000,8.0,2633729,1,1,9974,1107,600012,6,1,36001,89,534.0,4.45,7.43595,3093274034176.0
cold,0,1,0,0.001,0.1,512,3,5,4,256,6000,8.0,2633729,1,1,9974,1107,600012,6,1,36001,90,540.0,4.5,7.5195,4331818713088.0
cold,0,1,0,0.001,0.1,512,3,5,4,256,6000,8.0,2633729,1,1,9974,1107,600012,6,1,36001,91,546.0,4.55,7.60305,6063599910912.0
cold,0,1,0,0.001,0.1,512,3,5,4,256,6000,8.0,2633729,1,1,9974,1107,600012,6,1,36001,92,552.0,4.6,7.6866,8490649124864.0
cold,0,1,0,0.001,0.1,512,3,5,4,256,6000,8.0,2633729,1,1,9974,1107,600012,6,1,36001,93,558.0,4.65,7.77015,11887798386688.0
cold,0,1,0,0.001,0.1,512,3,5,4,256,6000,8.0,2633729,1,1,9974,1107,600012,6,1,36001,94,564.0,4.7,7.8537,16644319477760.0
cold,0,1,0,0.001,0.1,512,3,5,4,256,6000,8.0,2633729,1,1,9974,1107,600012,6,1,36001,95,570.0,4.75,7.93725,23311494938624.0
cold,0,1,0,0.001,0.1,512,3,5,4,256,6000,8.0,2633729,1,1,9974,1107,600012,6,1,36001,96,576.0,4.8,8.0208,32636470820864.0
cold,0,1,0,0.001,0.1,512,3,5,4,256,6000,8.0,2633729,1,1,9974,1107,600012,6,1,36001,97,582.0,4.85,8.10435,45716516896768.0
cold,0,1,0,0.001,0.1,512,3,5,4,256,6000,8.0,2633729,1,1,9974,1107,600012,6,1,36001,98,588.0,4.9,8.1879,64005280366592.0
cold,0,1,0,0.001,0.1,512,3,5,4,256,6000,8.0,2633729,1,1,9974,1107,600012,6,1,36001,99,594.0,4.95,8.27145,89671199621120.0
cold,0,1,0,0.001,0.1,512,3,5,4,256,6000,8.0,2633729,1,1,9974,1107,600012,6,1,36001,100,600.0,5.0,8.355,125573309399040.0
cold,0,1,0,0.001,0.1,512,3,5,4,256,6000,8.0,2633729,1,1,9974,1107,600012,6,1,36001,101,606.0,5.05,8.43855,175903774605312.0
cold,0,1,0,0.001,0.1,512,3,5,4,256,6000,8.0,2633729,1,1,9974,1107,600012,6,1,36001,102,612.0,5.1,8.5221,246390244507648.0
cold,0,1,0,0.001,0.1,512,3,5,4,256,6000,8.0,2633729,1,1,9974,1107,600012,6,1,36001,103,618.0,5.15,8.60565,345089448607744.0
cold,0,1,0,0.001,0.1,512,3,5,4,256,6000,8.0,2633729,1,1,9974,1107,600012,6,1,36001,104,624.0,5.2,8.6892,483519969099776.0
cold,0,1,0,0.001,0.1,512,3,5,4,256,6000,8.0,2633729,1,1,9974,1107,600012,6,1,36001,105,630.0,5.25,8.77275,677137363238912.0
cold,0,1,0,0.001,0.1,512,3,5,4,256,6000,8.0,2633729,1,1,9974,1107,600012,6,1,36001,106,636.0,5.3,8.8563,948880816472064.0
cold,0,1,0,0.001,0.1,512,3,5,4,256,6000,8.0,2633729,1,1,9974,1107,600012,6,1,36001,107,642.0,5.35,8.93985,1328970389782528.0
cold,0,1,0,0.001,0.1,512,3,5,4,256,6000,8.0,2633729,1,1,9974,1107,600012,6,1,36001,108,648.0,5.4,9.0234,1862494851170304.0
cold,0,1,0,0.001,0.1,512,3,5,4,256,6000,8.0,2633729,1,1,9974,1107,600012,6,1,36001,109,654.0,5.45,9.10695,2609218402123776.0
cold,0,1,0,0.001,0.1,512,3,5,4,256,6000,8.0,2633729,1,1,9974,1107,600012,6,1,36001,110,660.0,5.5,9.1905,3656165267341312.0
cold,0,1,0,0.001,0.1,512,3,5,4,256,6000,8.0,2633729,1,1,9974,1107,600012,6,1,36001,111,666.0,5.55,9.27405,5123063297343488.0
cold,0,1,0,0.001,0.1,512,3,5,4,256,6000,8.0,2633729,1,1,9974,1107,600012,6,1,36001,112,672.0,5.6,9.3576,7177078256435200.0
cold,0,1,0,0.001,0.1,512,3,5,4,256,6000,8.0,2633729,1,1,9974,1107,600012,6,1,36001,113,678.0,5.65,9.44115,1.0059316992147456e+16
cold,0,1,0,0.001,0.1,512,3,5,4,256,6000,8.0,2633729,1,1,9974,1107,600012,6,1,36001,114,684.0,5.7,9.5247,1.4091189623980032e+16
cold,0,1,0,0.001,0.1,512,3,5,4,256,6000,8.0,2633729,1,1,9974,1107,600012,6,1,36001,115,690.0,5.75,9.60825,1.975221958685491e+16
cold,0,1,0,0.001,0.1,512,3,5,4,256,6000,8.0,2633729,1,1,9974,1107,600012,6,1,36001,116,696.0,5.8,9.6918,2.767336549384192e+16
cold,0,1,0,0.001,0.1,512,3,5,4,256,6000,8.0,2633729,1,1,9974,1107,600012,6,1,36001,117,702.0,5.85,9.77535,3.879277168269722e+16
cold,0,1,0,0.001,0.1,512,3,5,4,256,6000,8.0,2633729,1,1,9974,1107,600012,6,1,36001,118,708.0,5.9,9.8589,5.43624791022633e+16
cold,0,1,0,0.001,0.1,512,3,5,4,256,6000,8.0,2633729,1,1,9974,1107,600012,6,1,36001,119,714.0,5.95,9.94245,7.619265970149786e+16
cold,0,1,0,0.001,0.1,512,3,5,4,256,6000,8.0,2633729,1,1,9974,1107,600012,6,1,36001,120,720.0,6.0,10.026,1.0679540119712563e+17
cold,0,1,0,0.001,0.1,512,3,5,4,256,6000,8.0,2633729,1,1,9974,1107,600012,6,12,36012,1,6.0,0.05,0.08355,0.16065489
cold,0,1,0,0.001,0.1,512,3,5,4,256,6000,8.0,2633729,1,1,9974,1107,600012,6,12,36012,2,12.0,0.1,0.1671,0.29383492
cold,0,1,0,0.001,0.1,512,3,5,4,256,6000,8.0,2633729,1,1,9974,1107,600012,6,12,36012,3,18.0,0.15,0.25065,0.42597941
cold,0,1,0,0.001,0.1,512,3,5,4,256,6000,8.0,2633729,1,1,9974,1107,600012,6,12,36012,4,24.0,0.2,0.3342,0.54610658
cold,0,1,0,0.001,0.1,512,3,5,4,256,6000,8.0,2633729,1,1,9974,1107,600012,6,12,36012,5,30.0,0.25,0.41775,0.6486752
cold,0,1,0,0.001,0.1,512,3,5,4,256,6000,8.0,2633729,1,1,9974,1107,600012,6,12,36012,6,36.0,0.3,0.5013,0.73664969
cold,0,1,0,0.001,0.1,512,3,5,4,256,6000,8.0,2633729,1,1,9974,1107,600012,6,12,36012,7,42.0,0.35,0.58485,0.8128978
cold,0,1,0,0.001,0.1,512,3,5,4,256,6000,8.0,2633729,1,1,9974,1107,600012,6,12,36012,8,48.0,0.4,0.6684,0.87901253
cold,0,1,0,0.001,0.1,512,3,5,4,256,6000,8.0,2633729,1,1,9974,1107,600012,6,12,36012,9,54.0,0.45,0.75195,0.9364751
cold,0,1,0,0.001,0.1,512,3,5,4,256,6000,8.0,2633729,1,1,9974,1107,600012,6,12,36012,10,60.0,0.5,0.8355,0.98763072
cold,0,1,0,0.001,0.1,512,3,5,4,256,6000,8.0,2633729,1,1,9974,1107,600012,6,12,36012,11,66.0,0.55,0.91905,1.03508663
cold,0,1,0,0.001,0.1,512,3,5,4,256,6000,8.0,2633729,1,1,9974,1107,600012,6,12,36012,12,72.0,0.6,1.0026,1.08108759
cold,0,1,0,0.001,0.1,512,3,5,4,256,6000,8.0,2633729,1,1,9974,1107,600012,6,12,36012,13,78.0,0.65,1.08615,1.1275233
cold,0,1,0,0.001,0.1,512,3,5,4,256,6000,8.0,2633729,1,1,9974,1107,600012,6,12,36012,14,84.0,0.7,1.1697,1.17497122
cold,0,1,0,0.001,0.1,512,3,5,4,256,6000,8.0,2633729,1,1,9974,1107,600012,6,12,36012,15,90.0,0.75,1.25325,1.2212323
cold,0,1,0,0.001,0.1,512,3,5,4,256,6000,8.0,2633729,1,1,9974,1107,600012,6,12,36012,16,96.0,0.8,1.3368,1.26240218
cold,0,1,0,0.001,0.1,512,3,5,4,256,6000,8.0,2633729,1,1,9974,1107,600012,6,12,36012,17,102.0,0.85,1.42035,1.2967819
cold,0,1,0,0.001,0.1,512,3,5,4,256,6000,8.0,2633729,1,1,9974,1107,600012,6,12,36012,18,108.0,0.9,1.5039,1.32625353
cold,0,1,0,0.001,0.1,512,3,5,4,256,6000,8.0,2633729,1,1,9974,1107,600012,6,12,36012,19,114.0,0.95,1.58745,1.35291409
cold,0,1,0,0.001,0.1,512,3,5,4,256,6000,8.0,2633729,1,1,9974,1107,600012,6,12,36012,20,120.0,1.0,1.671,1.37643945
cold,0,1,0,0.001,0.1,512,3,5,4,256,6000,8.0,2633729,1,1,9974,1107,600012,6,12,36012,21,126.0,1.05,1.75455,1.39527225
cold,0,1,0,0.001,0.1,512,3,5,4,256,6000,8.0,2633729,1,1,9974,1107,600012,6,12,36012,22,132.0,1.1,1.8381,1.4082737
cold,0,1,0,0.001,0.1,512,3,5,4,256,6000,8.0,2633729,1,1,9974,1107,600012,6,12,36012,23,138.0,1.15,1.92165,1.41544569
cold,0,1,0,0.001,0.1,512,3,5,4,256,6000,8.0,2633729,1,1,9974,1107,600012,6,12,36012,24,144.0,1.2,2.0052,1.41880476
cold,0,1,0,0.001,0.1,512,3,5,4,256,6000,8.0,2633729,1,1,9974,1107,600012,6,12,36012,25,150.0,1.25,2.08875,1.42127967
cold,0,1,0,0.001,0.1,512,3,5,4,256,6000,8.0,2633729,1,1,9974,1107,600012,6,12,36012,26,156.0,1.3,2.1723,1.42451358
cold,0,1,0,0.001,0.1,512,3,5,4,256,6000,8.0,2633729,1,1,9974,1107,600012,6,12,36012,27,162.0,1.35,2.25585,1.42870677
cold,0,1,0,0.001,0.1,512,3,5,4,256,6000,8.0,2633729,1,1,9974,1107,600012,6,12,36012,28,168.0,1.4,2.3394,1.43300486
cold,0,1,0,0.001,0.1,512,3,5,4,256,6000,8.0,2633729,1,1,9974,1107,600012,6,12,36012,29,174.0,1.45,2.42295,1.43551469
cold,0,1,0,0.001,0.1,512,3,5,4,256,6000,8.0,2633729,1,1,9974,1107,600012,6,12,36012,30,180.0,1.5,2.5065,1.43530881
cold,0,1,0,0.001,0.1,512,3,5,4,256,6000,8.0,2633729,1,1,9974,1107,600012,6,12,36012,31,186.0,1.55,2.59005,1.43294346
cold,0,1,0,0.001,0.1,512,3,5,4,256,6000,8.0,2633729,1,1,9974,1107,600012,6,12,36012,32,192.0,1.6,2.6736,1.42781365
cold,0,1,0,0.001,0.1,512,3,5,4,256,6000,8.0,2633729,1,1,9974,1107,600012,6,12,36012,33,198.0,1.65,2.75715,1.41792893
cold,0,1,0,0.001,0.1,512,3,5,4,256,6000,8.0,2633729,1,1,9974,1107,600012,6,12,36012,34,204.0,1.7,2.8407,1.40381372
cold,0,1,0,0.001,0.1,512,3,5,4,256,6000,8.0,2633729,1,1,9974,1107,600012,6,12,36012,35,210.0,1.75,2.92425,1.38995302
cold,0,1,0,0.001,0.1,512,3,5,4,256,6000,8.0,2633729,1,1,9974,1107,600012,6,12,36012,36,216.0,1.8,3.0078,1.38086033
cold,0,1,0,0.001,0.1,512,3,5,4,256,6000,8.0,2633729,1,1,9974,1107,600012,6,12,36012,37,222.0,1.85,3.09135,1.37697697
cold,0,1,0,0.001,0.1,512,3,5,4,256,6000,8.0,2633729,1,1,9974,1107,600012,6,12,36012,38,228.0,1.9,3.1749,1.37528121
cold,0,1,0,0.001,0.1,512,3,5,4,256,6000,8.0,2633729,1,1,9974,1107,600012,6,12,36012,39,234.0,1.95,3.25845,1.37264621
cold,0,1,0,0.001,0.1,512,3,5,4,256,6000,8.0,2633729,1,1,9974,1107,600012,6,12,36012,40,240.0,2.0,3.342,1.36756289
cold,0,1,0,0.001,0.1,512,3,5,4,256,6000,8.0,2633729,1,1,9974,1107,600012,6,12,36012,41,246.0,2.05,3.42555,1.3601408
cold,0,1,0,0.001,0.1,512,3,5,4,256,6000,8.0,2633729,1,1,9974,1107,600012,6,12,36012,42,252.0,2.1,3.5091,1.35171294
cold,0,1,0,0.001,0.1,512,3,5,4,256,6000,8.0,2633729,1,1,9974,1107,600012,6,12,36012,43,258.0,2.15,3.59265,1.34406185
cold,0,1,0,0.001,0.1,512,3,5,4,256,6000,8.0,2633729,1,1,9974,1107,600012,6,12,36012,44,264.0,2.2,3.6762,1.33763134
cold,0,1,0,0.001,0.1,512,3,5,4,256,6000,8.0,2633729,1,1,9974,1107,600012,6,12,36012,45,270.0,2.25,3.75975,1.3310709
cold,0,1,0,0.001,0.1,512,3,5,4,256,6000,8.0,2633729,1,1,9974,1107,600012,6,12,36012,46,276.0,2.3,3.8433,1.32324827
cold,0,1,0,0.001,0.1,512,3,5,4,256,6000,8.0,2633729,1,1,9974,1107,600012,6,12,36012,47,282.0,2.35,3.92685,1.31464803
cold,0,1,0,0.001,0.1,512,3,5,4,256,6000,8.0,2633729,1,1,9974,1107,600012,6,12,36012,48,288.0,2.4,4.0104,1.30675721
cold,0,1,0,0.001,0.1,512,3,5,4,256,6000,8.0,2633729,1,1,9974,1107,600012,6,12,36012,49,294.0,2.45,4.09395,1.3011049
cold,0,1,0,0.001,0.1,512,3,5,4,256,6000,8.0,2633729,1,1,9974,1107,600012,6,12,36012,50,300.0,2.5,4.1775,1.29842234
cold,0,1,0,0.001,0.1,512,3,5,4,256,6000,8.0,2633729,1,1,9974,1107,600012,6,12,36012,51,306.0,2.55,4.26105,1.29743242
cold,0,1,0,0.001,0.1,512,3,5,4,256,6000,8.0,2633729,1,1,9974,1107,600012,6,12,36012,52,312.0,2.6,4.3446,1.2952348
cold,0,1,0,0.001,0.1,512,3,5,4,256,6000,8.0,2633729,1,1,9974,1107,600012,6,12,36012,53,318.0,2.65,4.42815,1.29059303
cold,0,1,0,0.001,0.1,512,3,5,4,256,6000,8.0,2633729,1,1,9974,1107,600012,6,12,36012,54,324.0,2.7,4.5117,1.28563356
cold,0,1,0,0.001,0.1,512,3,5,4,256,6000,8.0,2633729,1,1,9974,1107,600012,6,12,36012,55,330.0,2.75,4.59525,1.28315389
cold,0,1,0,0.001,0.1,512,3,5,4,256,6000,8.0,2633729,1,1,9974,1107,600012,6,12,36012,56,336.0,2.8,4.6788,1.28347993
cold,0,1,0,0.001,0.1,512,3,5,4,256,6000,8.0,2633729,1,1,9974,1107,600012,6,12,36012,57,342.0,2.85,4.76235,1.28395057
cold,0,1,0,0.001,0.1,512,3,5,4,256,6000,8.0,2633729,1,1,9974,1107,600012,6,12,36012,58,348.0,2.9,4.8459,1.28243768
cold,0,1,0,0.001,0.1,512,3,5,4,256,6000,8.0,2633729,1,1,9974,1107,600012,6,12,36012,59,354.0,2.95,4.92945,1.27968526
cold,0,1,0,0.001,0.1,512,3,5,4,256,6000,8.0,2633729,1,1,9974,1107,600012,6,12,36012,60,360.0,3.0,5.013,1.27659559
cold,0,1,0,0.001,0.1,512,3,5,4,256,6000,8.0,2633729,1,1,9974,1107,600012,6,12,36012,61,366.0,3.05,5.09655,1.27416062
cold,0,1,0,0.001,0.1,512,3,5,4,256,6000,8.0,2633729,1,1,9974,1107,600012,6,12,36012,62,372.0,3.1,5.1801,1.27469194
cold,0,1,0,0.001,0.1,512,3,5,4,256,6000,8.0,2633729,1,1,9974,1107,600012,6,12,36012,63,378.0,3.15,5.26365,1.27942097
cold,0,1,0,0.001,0.1,512,3,5,4,256,6000,8.0,2633729,1,1,9974,1107,600012,6,12,36012,64,384.0,3.2,5.3472,1.28644574
cold,0,1,0,0.001,0.1,512,3,5,4,256,6000,8.0,2633729,1,1,9974,1107,600012,6,12,36012,65,390.0,3.25,5.43075,1.29192233
cold,0,1,0,0.001,0.1,512,3,5,4,256,6000,8.0,2633729,1,1,9974,1107,600012,6,12,36012,66,396.0,3.3,5.5143,1.29318929
cold,0,1,0,0.001,0.1,512,3,5,4,256,6000,8.0,2633729,1,1,9974,1107,600012,6,12,36012,67,402.0,3.35,5.59785,1.29064631
cold,0,1,0,0.001,0.1,512,3,5,4,256,6000,8.0,2633729,1,1,9974,1107,600012,6,12,36012,68,408.0,3.4,5.6814,1.2872858
cold,0,1,0,0.001,0.1,512,3,5,4,256,6000,8.0,2633729,1,1,9974,1107,600012,6,12,36012,69,414.0,3.45,5.76495,1.28522897
cold,0,1,0,0.001,0.1,512,3,5,4,256,6000,8.0,2633729,1,1,9974,1107,600012,6,12,36012,70,420.0,3.5,5.8485,1.28387034
cold,0,1,0,0.001,0.1,512,3,5,4,256,6000,8.0,2633729,1,1,9974,1107,600012,6,12,36012,71,426.0,3.55,5.93205,1.28238404
cold,0,1,0,0.001,0.1,512,3,5,4,256,6000,8.0,2633729,1,1,9974,1107,600012,6,12,36012,72,432.0,3.6,6.0156,1.28186715
cold,0,1,0,0.001,0.1,512,3,5,4,256,6000,8.0,2633729,1,1,9974,1107,600012,6,12,36012,73,438.0,3.65,6.09915,1.28400266
cold,0,1,0,0.001,0.1,512,3,5,4,256,6000,8.0,2633729,1,1,9974,1107,600012,6,12,36012,74,444.0,3.7,6.1827,1.28880954
cold,0,1,0,0.001,0.1,512,3,5,4,256,6000,8.0,2633729,1,1,9974,1107,600012,6,12,36012,75,450.0,3.75,6.26625,1.29483557
cold,0,1,0,0.001,0.1,512,3,5,4,256,6000,8.0,2633729,1,1,9974,1107,600012,6,12,36012,76,456.0,3.8,6.3498,1.3001256
cold,0,1,0,0.001,0.1,512,3,5,4,256,6000,8.0,2633729,1,1,9974,1107,600012,6,12,36012,77,462.0,3.85,6.43335,1.30281425
cold,0,1,0,0.001,0.1,512,3,5,4,256,6000,8.0,2633729,1,1,9974,1107,600012,6,12,36012,78,468.0,3.9,6.5169,1.3021872
cold,0,1,0,0.001,0.1,512,3,5,4,256,6000,8.0,2633729,1,1,9974,1107,600012,6,12,36012,79,474.0,3.95,6.60045,1.29880488
cold,0,1,0,0.001,0.1,512,3,5,4,256,6000,8.0,2633729,1,1,9974,1107,600012,6,12,36012,80,480.0,4.0,6.684,1.2943958
cold,0,1,0,0.001,0.1,512,3,5,4,256,6000,8.0,2633729,1,1,9974,1107,600012,6,12,36012,81,486.0,4.05,6.76755,1.2909323
cold,0,1,0,0.001,0.1,512,3,5,4,256,6000,8.0,2633729,1,1,9974,1107,600012,6,12,36012,82,492.0,4.1,6.8511,1.28965938
cold,0,1,0,0.001,0.1,512,3,5,4,256,6000,8.0,2633729,1,1,9974,1107,600012,6,12,36012,83,498.0,4.15,6.93465,1.29044127
cold,0,1,0,0.001,0.1,512,3,5,4,256,6000,8.0,2633729,1,1,9974,1107,600012,6,12,36012,84,504.0,4.2,7.0182,1.29123318
cold,0,1,0,0.001,0.1,512,3,5,4,256,6000,8.0,2633729,1,1,9974,1107,600012,6,12,36012,85,510.0,4.25,7.10175,1.2898612
cold,0,1,0,0.001,0.1,512,3,5,4,256,6000,8.0,2633729,1,1,9974,1107,600012,6,12,36012,86,516.0,4.3,7.1853,1.28666306
cold,0,1,0,0.001,0.1,512,3,5,4,256,6000,8.0,2633729,1,1,9974,1107,600012,6,12,36012,87,522.0,4.35,7.26885,1.28463471
cold,0,1,0,0.001,0.1,512,3,5,4,256,6000,8.0,2633729,1,1,9974,1107,600012,6,12,36012,88,528.0,4.4,7.3524,1.28584766
cold,0,1,0,0.001,0.1,512,3,5,4,256,6000,8.0,2633729,1,1,9974,1107,600012,6,12,36012,89,534.0,4.45,7.43595,1.28910315
cold,0,1,0,0.001,0.1,512,3,5,4,256,6000,8.0,2633729,1,1,9974,1107,600012,6,12,36012,90,540.0,4.5,7.5195,1.29245389
cold,0,1,0,0.001,0.1,512,3,5,4,256,6000,8.0,2633729,1,1,9974,1107,600012,6,12,36012,91,546.0,4.55,7.60305,1.29557407
cold,0,1,0,0.001,0.1,512,3,5,4,256,6000,8.0,2633729,1,1,9974,1107,600012,6,12,36012,92,552.0,4.6,7.6866,1.29872179
cold,0,1,0,0.001,0.1,512,3,5,4,256,6000,8.0,2633729,1,1,9974,1107,600012,6,12,36012,93,558.0,4.65,7.77015,1.30184817
cold,0,1,0,0.001,0.1,512,3,5,4,256,6000,8.0,2633729,1,1,9974,1107,600012,6,12,36012,94,564.0,4.7,7.8537,1.30507767
cold,0,1,0,0.001,0.1,512,3,5,4,256,6000,8.0,2633729,1,1,9974,1107,600012,6,12,36012,95,570.0,4.75,7.93725,1.30900526
cold,0,1,0,0.001,0.1,512,3,5,4,256,6000,8.0,2633729,1,1,9974,1107,600012,6,12,36012,96,576.0,4.8,8.0208,1.31449008
cold,0,1,0,0.001,0.1,512,3,5,4,256,6000,8.0,2633729,1,1,9974,1107,600012,6,12,36012,97,582.0,4.85,8.10435,1.32149029
cold,0,1,0,0.001,0.1,512,3,5,4,256,6000,8.0,2633729,1,1,9974,1107,600012,6,12,36012,98,588.0,4.9,8.1879,1.32790089
cold,0,1,0,0.001,0.1,512,3,5,4,256,6000,8.0,2633729,1,1,9974,1107,600012,6,12,36012,99,594.0,4.95,8.27145,1.33157539
cold,0,1,0,0.001,0.1,512,3,5,4,256,6000,8.0,2633729,1,1,9974,1107,600012,6,12,36012,100,600.0,5.0,8.355,1.33256221
cold,0,1,0,0.001,0.1,512,3,5,4,256,6000,8.0,2633729,1,1,9974,1107,600012,6,12,36012,101,606.0,5.05,8.43855,1.33149719
cold,0,1,0,0.001,0.1,512,3,5,4,256,6000,8.0,2633729,1,1,9974,1107,600012,6,12,36012,102,612.0,5.1,8.5221,1.32848048
cold,0,1,0,0.001,0.1,512,3,5,4,256,6000,8.0,2633729,1,1,9974,1107,600012,6,12,36012,103,618.0,5.15,8.60565,1.32376814
cold,0,1,0,0.001,0.1,512,3,5,4,256,6000,8.0,2633729,1,1,9974,1107,600012,6,12,36012,104,624.0,5.2,8.6892,1.31854761
cold,0,1,0,0.001,0.1,512,3,5,4,256,6000,8.0,2633729,1,1,9974,1107,600012,6,12,36012,105,630.0,5.25,8.77275,1.31522024
cold,0,1,0,0.001,0.1,512,3,5,4,256,6000,8.0,2633729,1,1,9974,1107,600012,6,12,36012,106,636.0,5.3,8.8563,1.31534016
cold,0,1,0,0.001,0.1,512,3,5,4,256,6000,8.0,2633729,1,1,9974,1107,600012,6,12,36012,107,642.0,5.35,8.93985,1.31797612
cold,0,1,0,0.001,0.1,512,3,5,4,256,6000,8.0,2633729,1,1,9974,1107,600012,6,12,36012,108,648.0,5.4,9.0234,1.32111168
cold,0,1,0,0.001,0.1,512,3,5,4,256,6000,8.0,2633729,1,1,9974,1107,600012,6,12,36012,109,654.0,5.45,9.10695,1.32429135
cold,0,1,0,0.001,0.1,512,3,5,4,256,6000,8.0,2633729,1,1,9974,1107,600012,6,12,36012,110,660.0,5.5,9.1905,1.32789445
cold,0,1,0,0.001,0.1,512,3,5,4,256,6000,8.0,2633729,1,1,9974,1107,600012,6,12,36012,111,666.0,5.55,9.27405,1.33086097
cold,0,1,0,0.001,0.1,512,3,5,4,256,6000,8.0,2633729,1,1,9974,1107,600012,6,12,36012,112,672.0,5.6,9.3576,1.3315326
cold,0,1,0,0.001,0.1,512,3,5,4,256,6000,8.0,2633729,1,1,9974,1107,600012,6,12,36012,113,678.0,5.65,9.44115,1.33009589
cold,0,1,0,0.001,0.1,512,3,5,4,256,6000,8.0,2633729,1,1,9974,1107,600012,6,12,36012,114,684.0,5.7,9.5247,1.32858288
cold,0,1,0,0.001,0.1,512,3,5,4,256,6000,8.0,2633729,1,1,9974,1107,600012,6,12,36012,115,690.0,5.75,9.60825,1.3288486
cold,0,1,0,0.001,0.1,512,3,5,4,256,6000,8.0,2633729,1,1,9974,1107,600012,6,12,36012,116,696.0,5.8,9.6918,1.33121192
cold,0,1,0,0.001,0.1,512,3,5,4,256,6000,8.0,2633729,1,1,9974,1107,600012,6,12,36012,117,702.0,5.85,9.77535,1.33444941
cold,0,1,0,0.001,0.1,512,3,5,4,256,6000,8.0,2633729,1,1,9974,1107,600012,6,12,36012,118,708.0,5.9,9.8589,1.33774316
cold,0,1,0,0.001,0.1,512,3,5,4,256,6000,8.0,2633729,1,1,9974,1107,600012,6,12,36012,119,714.0,5.95,9.94245,1.34123635
cold,0,1,0,0.001,0.1,512,3,5,4,256,6000,8.0,2633729,1,1,9974,1107,600012,6,12,36012,120,720.0,6.0,10.026,1.34483838
cold,0,1,0,0.001,0.1,512,3,5,4,256,6000,8.0,2633729,1,1,9974,1107,600012,6,54,36054,1,6.0,0.05,0.08355,0.09710587
cold,0,1,0,0.001,0.1,512,3,5,4,256,6000,8.0,2633729,1,1,9974,1107,600012,6,54,36054,2,12.0,0.1,0.1671,0.1473773
cold,0,1,0,0.001,0.1,512,3,5,4,256,6000,8.0,2633729,1,1,9974,1107,600012,6,54,36054,3,18.0,0.15,0.25065,0.20195825
cold,0,1,0,0.001,0.1,512,3,5,4,256,6000,8.0,2633729,1,1,9974,1107,600012,6,54,36054,4,24.0,0.2,0.3342,0.25290009
cold,0,1,0,0.001,0.1,512,3,5,4,256,6000,8.0,2633729,1,1,9974,1107,600012,6,54,36054,5,30.0,0.25,0.41775,0.29827678
cold,0,1,0,0.001,0.1,512,3,5,4,256,6000,8.0,2633729,1,1,9974,1107,600012,6,54,36054,6,36.0,0.3,0.5013,0.33975452
cold,0,1,0,0.001,0.1,512,3,5,4,256,6000,8.0,2633729,1,1,9974,1107,600012,6,54,36054,7,42.0,0.35,0.58485,0.37941182
cold,0,1,0,0.001,0.1,512,3,5,4,256,6000,8.0,2633729,1,1,9974,1107,600012,6,54,36054,8,48.0,0.4,0.6684,0.41683218
cold,0,1,0,0.001,0.1,512,3,5,4,256,6000,8.0,2633729,1,1,9974,1107,600012,6,54,36054,9,54.0,0.45,0.75195,0.45050344
cold,0,1,0,0.001,0.1,512,3,5,4,256,6000,8.0,2633729,1,1,9974,1107,600012,6,54,36054,10,60.0,0.5,0.8355,0.47999278
cold,0,1,0,0.001,0.1,512,3,5,4,256,6000,8.0,2633729,1,1,9974,1107,600012,6,54,36054,11,66.0,0.55,0.91905,0.50609052
cold,0,1,0,0.001,0.1,512,3,5,4,256,6000,8.0,2633729,1,1,9974,1107,600012,6,54,36054,12,72.0,0.6,1.0026,0.5293023
cold,0,1,0,0.001,0.1,512,3,5,4,256,6000,8.0,2633729,1,1,9974,1107,600012,6,54,36054,13,78.0,0.65,1.08615,0.54940927
cold,0,1,0,0.001,0.1,512,3,5,4,256,6000,8.0,2633729,1,1,9974,1107,600012,6,54,36054,14,84.0,0.7,1.1697,0.56734461
cold,0,1,0,0.001,0.1,512,3,5,4,256,6000,8.0,2633729,1,1,9974,1107,600012,6,54,36054,15,90.0,0.75,1.25325,0.58508968
cold,0,1,0,0.001,0.1,512,3,5,4,256,6000,8.0,2633729,1,1,9974,1107,600012,6,54,36054,16,96.0,0.8,1.3368,0.60360098
cold,0,1,0,0.001,0.1,512,3,5,4,256,6000,8.0,2633729,1,1,9974,1107,600012,6,54,36054,17,102.0,0.85,1.42035,0.62231928
cold,0,1,0,0.001,0.1,512,3,5,4,256,6000,8.0,2633729,1,1,9974,1107,600012,6,54,36054,18,108.0,0.9,1.5039,0.63987124
cold,0,1,0,0.001,0.1,512,3,5,4,256,6000,8.0,2633729,1,1,9974,1107,600012,6,54,36054,19,114.0,0.95,1.58745,0.65531999
cold,0,1,0,0.001,0.1,512,3,5,4,256,6000,8.0,2633729,1,1,9974,1107,600012,6,54,36054,20,120.0,1.0,1.671,0.66895264
cold,0,1,0,0.001,0.1,512,3,5,4,256,6000,8.0,2633729,1,1,9974,1107,600012,6,54,36054,21,126.0,1.05,1.75455,0.68130136
cold,0,1,0,0.001,0.1,512,3,5,4,256,6000,8.0,2633729,1,1,9974,1107,600012,6,54,36054,22,132.0,1.1,1.8381,0.69220996
cold,0,1,0,0.001,0.1,512,3,5,4,256,6000,8.0,2633729,1,1,9974,1107,600012,6,54,36054,23,138.0,1.15,1.92165,0.70162112
cold,0,1,0,0.001,0.1,512,3,5,4,256,6000,8.0,2633729,1,1,9974,1107,600012,6,54,36054,24,144.0,1.2,2.0052,0.70996904
cold,0,1,0,0.001,0.1,512,3,5,4,256,6000,8.0,2633729,1,1,9974,1107,600012,6,54,36054,25,150.0,1.25,2.08875,0.71780562
cold,0,1,0,0.001,0.1,512,3,5,4,256,6000,8.0,2633729,1,1,9974,1107,600012,6,54,36054,26,156.0,1.3,2.1723,0.72537613
cold,0,1,0,0.001,0.1,512,3,5,4,256,6000,8.0,2633729,1,1,9974,1107,600012,6,54,36054,27,162.0,1.35,2.25585,0.73230231
cold,0,1,0,0.001,0.1,512,3,5,4,256,6000,8.0,2633729,1,1,9974,1107,600012,6,54,36054,28,168.0,1.4,2.3394,0.7378599
cold,0,1,0,0.001,0.1,512,3,5,4,256,6000,8.0,2633729,1,1,9974,1107,600012,6,54,36054,29,174.0,1.45,2.42295,0.74256068
cold,0,1,0,0.001,0.1,512,3,5,4,256,6000,8.0,2633729,1,1,9974,1107,600012,6,54,36054,30,180.0,1.5,2.5065,0.7487036
cold,0,1,0,0.001,0.1,512,3,5,4,256,6000,8.0,2633729,1,1,9974,1107,600012,6,54,36054,31,186.0,1.55,2.59005,0.7578584
cold,0,1,0,0.001,0.1,512,3,5,4,256,6000,8.0,2633729,1,1,9974,1107,600012,6,54,36054,32,192.0,1.6,2.6736,0.76927757
cold,0,1,0,0.001,0.1,512,3,5,4,256,6000,8.0,2633729,1,1,9974,1107,600012,6,54,36054,33,198.0,1.65,2.75715,0.78127015
cold,0,1,0,0.001,0.1,512,3,5,4,256,6000,8.0,2633729,1,1,9974,1107,600012,6,54,36054,34,204.0,1.7,2.8407,0.79292637
cold,0,1,0,0.001,0.1,512,3,5,4,256,6000,8.0,2633729,1,1,9974,1107,600012,6,54,36054,35,210.0,1.75,2.92425,0.80374688
cold,0,1,0,0.001,0.1,512,3,5,4,256,6000,8.0,2633729,1,1,9974,1107,600012,6,54,36054,36,216.0,1.8,3.0078,0.81302941
cold,0,1,0,0.001,0.1,512,3,5,4,256,6000,8.0,2633729,1,1,9974,1107,600012,6,54,36054,37,222.0,1.85,3.09135,0.82037801
cold,0,1,0,0.001,0.1,512,3,5,4,256,6000,8.0,2633729,1,1,9974,1107,600012,6,54,36054,38,228.0,1.9,3.1749,0.82563663
cold,0,1,0,0.001,0.1,512,3,5,4,256,6000,8.0,2633729,1,1,9974,1107,600012,6,54,36054,39,234.0,1.95,3.25845,0.8289274
cold,0,1,0,0.001,0.1,512,3,5,4,256,6000,8.0,2633729,1,1,9974,1107,600012,6,54,36054,40,240.0,2.0,3.342,0.83081192
cold,0,1,0,0.001,0.1,512,3,5,4,256,6000,8.0,2633729,1,1,9974,1107,600012,6,54,36054,41,246.0,2.05,3.42555,0.83171386
cold,0,1,0,0.001,0.1,512,3,5,4,256,6000,8.0,2633729,1,1,9974,1107,600012,6,54,36054,42,252.0,2.1,3.5091,0.83191526
cold,0,1,0,0.001,0.1,512,3,5,4,256,6000,8.0,2633729,1,1,9974,1107,600012,6,54,36054,43,258.0,2.15,3.59265,0.83263069
cold,0,1,0,0.001,0.1,512,3,5,4,256,6000,8.0,2633729,1,1,9974,1107,600012,6,54,36054,44,264.0,2.2,3.6762,0.83533281
cold,0,1,0,0.001,0.1,512,3,5,4,256,6000,8.0,2633729,1,1,9974,1107,600012,6,54,36054,45,270.0,2.25,3.75975,0.83971286
cold,0,1,0,0.001,0.1,512,3,5,4,256,6000,8.0,2633729,1,1,9974,1107,600012,6,54,36054,46,276.0,2.3,3.8433,0.84407669
cold,0,1,0,0.001,0.1,512,3,5,4,256,6000,8.0,2633729,1,1,9974,1107,600012,6,54,36054,47,282.0,2.35,3.92685,0.84733754
cold,0,1,0,0.001,0.1,512,3,5,4,256,6000,8.0,2633729,1,1,9974,1107,600012,6,54,36054,48,288.0,2.4,4.0104,0.84984517
cold,0,1,0,0.001,0.1,512,3,5,4,256,6000,8.0,2633729,1,1,9974,1107,600012,6,54,36054,49,294.0,2.45,4.09395,0.85232735
cold,0,1,0,0.001,0.1,512,3,5,4,256,6000,8.0,2633729,1,1,9974,1107,600012,6,54,36054,50,300.0,2.5,4.1775,0.85457098
cold,0,1,0,0.001,0.1,512,3,5,4,256,6000,8.0,2633729,1,1,9974,1107,600012,6,54,36054,51,306.0,2.55,4.26105,0.85596734
cold,0,1,0,0.001,0.1,512,3,5,4,256,6000,8.0,2633729,1,1,9974,1107,600012,6,54,36054,52,312.0,2.6,4.3446,0.85646927
cold,0,1,0,0.001,0.1,512,3,5,4,256,6000,8.0,2633729,1,1,9974,1107,600012,6,54,36054,53,318.0,2.65,4.42815,0.85661495
cold,0,1,0,0.001,0.1,512,3,5,4,256,6000,8.0,2633729,1,1,9974,1107,600012,6,54,36054,54,324.0,2.7,4.5117,0.85715556
cold,0,1,0,0.001,0.1,512,3,5,4,256,6000,8.0,2633729,1,1,9974,1107,600012,6,54,36054,55,330.0,2.75,4.59525,0.85827905
cold,0,1,0,0.001,0.1,512,3,5,4,256,6000,8.0,2633729,1,1,9974,1107,600012,6,54,36054,56,336.0,2.8,4.6788,0.8590607
cold,0,1,0,0.001,0.1,512,3,5,4,256,6000,8.0,2633729,1,1,9974,1107,600012,6,54,36054,57,342.0,2.85,4.76235,0.85816598
cold,0,1,0,0.001,0.1,512,3,5,4,256,6000,8.0,2633729,1,1,9974,1107,600012,6,54,36054,58,348.0,2.9,4.8459,0.85542661
cold,0,1,0,0.001,0.1,512,3,5,4,256,6000,8.0,2633729,1,1,9974,1107,600012,6,54,36054,59,354.0,2.95,4.92945,0.85251844
cold,0,1,0,0.001,0.1,512,3,5,4,256,6000,8.0,2633729,1,1,9974,1107,600012,6,54,36054,60,360.0,3.0,5.013,0.85195893
cold,0,1,0,0.001,0.1,512,3,5,4,256,6000,8.0,2633729,1,1,9974,1107,600012,6,54,36054,61,366.0,3.05,5.09655,0.85438895
cold,0,1,0,0.001,0.1,512,3,5,4,256,6000,8.0,2633729,1,1,9974,1107,600012,6,54,36054,62,372.0,3.1,5.1801,0.85755402
cold,0,1,0,0.001,0.1,512,3,5,4,256,6000,8.0,2633729,1,1,9974,1107,600012,6,54,36054,63,378.0,3.15,5.26365,0.85904729
cold,0,1,0,0.001,0.1,512,3,5,4,256,6000,8.0,2633729,1,1,9974,1107,600012,6,54,36054,64,384.0,3.2,5.3472,0.85875934
cold,0,1,0,0.001,0.1,512,3,5,4,256,6000,8.0,2633729,1,1,9974,1107,600012,6,54,36054,65,390.0,3.25,5.43075,0.85828483
cold,0,1,0,0.001,0.1,512,3,5,4,256,6000,8.0,2633729,1,1,9974,1107,600012,6,54,36054,66,396.0,3.3,5.5143,0.8586973
cold,0,1,0,0.001,0.1,512,3,5,4,256,6000,8.0,2633729,1,1,9974,1107,600012,6,54,36054,67,402.0,3.35,5.59785,0.85992122
cold,0,1,0,0.001,0.1,512,3,5,4,256,6000,8.0,2633729,1,1,9974,1107,600012,6,54,36054,68,408.0,3.4,5.6814,0.86174232
cold,0,1,0,0.001,0.1,512,3,5,4,256,6000,8.0,2633729,1,1,9974,1107,600012,6,54,36054,69,414.0,3.45,5.76495,0.86424297
cold,0,1,0,0.001,0.1,512,3,5,4,256,6000,8.0,2633729,1,1,9974,1107,600012,6,54,36054,70,420.0,3.5,5.8485,0.86785412
cold,0,1,0,0.001,0.1,512,3,5,4,256,6000,8.0,2633729,1,1,9974,1107,600012,6,54,36054,71,426.0,3.55,5.93205,0.87225938
cold,0,1,0,0.001,0.1,512,3,5,4,256,6000,8.0,2633729,1,1,9974,1107,600012,6,54,36054,72,432.0,3.6,6.0156,0.87595069
cold,0,1,0,0.001,0.1,512,3,5,4,256,6000,8.0,2633729,1,1,9974,1107,600012,6,54,36054,73,438.0,3.65,6.09915,0.87829208
cold,0,1,0,0.001,0.1,512,3,5,4,256,6000,8.0,2633729,1,1,9974,1107,600012,6,54,36054,74,444.0,3.7,6.1827,0.8800596
cold,0,1,0,0.001,0.1,512,3,5,4,256,6000,8.0,2633729,1,1,9974,1107,600012,6,54,36054,75,450.0,3.75,6.26625,0.88117397
cold,0,1,0,0.001,0.1,512,3,5,4,256,6000,8.0,2633729,1,1,9974,1107,600012,6,54,36054,76,456.0,3.8,6.3498,0.88031799
cold,0,1,0,0.001,0.1,512,3,5,4,256,6000,8.0,2633729,1,1,9974,1107,600012,6,54,36054,77,462.0,3.85,6.43335,0.87703121
cold,0,1,0,0.001,0.1,512,3,5,4,256,6000,8.0,2633729,1,1,9974,1107,600012,6,54,36054,78,468.0,3.9,6.5169,0.87250417
cold,0,1,0,0.001,0.1,512,3,5,4,256,6000,8.0,2633729,1,1,9974,1107,600012,6,54,36054,79,474.0,3.95,6.60045,0.86858046
cold,0,1,0,0.001,0.1,512,3,5,4,256,6000,8.0,2633729,1,1,9974,1107,600012,6,54,36054,80,480.0,4.0,6.684,0.86709195
cold,0,1,0,0.001,0.1,512,3,5,4,256,6000,8.0,2633729,1,1,9974,1107,600012,6,54,36054,81,486.0,4.05,6.76755,0.86918318
cold,0,1,0,0.001,0.1,512,3,5,4,256,6000,8.0,2633729,1,1,9974,1107,600012,6,54,36054,82,492.0,4.1,6.8511,0.87450784
cold,0,1,0,0.001,0.1,512,3,5,4,256,6000,8.0,2633729,1,1,9974,1107,600012,6,54,36054,83,498.0,4.15,6.93465,0.88140118
cold,0,1,0,0.001,0.1,512,3,5,4,256,6000,8.0,2633729,1,1,9974,1107,600012,6,54,36054,84,504.0,4.2,7.0182,0.887896
cold,0,1,0,0.001,0.1,512,3,5,4,256,6000,8.0,2633729,1,1,9974,1107,600012,6,54,36054,85,510.0,4.25,7.10175,0.89258188
cold,0,1,0,0.001,0.1,512,3,5,4,256,6000,8.0,2633729,1,1,9974,1107,600012,6,54,36054,86,516.0,4.3,7.1853,0.89419436
cold,0,1,0,0.001,0.1,512,3,5,4,256,6000,8.0,2633729,1,1,9974,1107,600012,6,54,36054,87,522.0,4.35,7.26885,0.89230573
cold,0,1,0,0.001,0.1,512,3,5,4,256,6000,8.0,2633729,1,1,9974,1107,600012,6,54,36054,88,528.0,4.4,7.3524,0.88847125
cold,0,1,0,0.001,0.1,512,3,5,4,256,6000,8.0,2633729,1,1,9974,1107,600012,6,54,36054,89,534.0,4.45,7.43595,0.88515115
cold,0,1,0,0.001,0.1,512,3,5,4,256,6000,8.0,2633729,1,1,9974,1107,600012,6,54,36054,90,540.0,4.5,7.5195,0.88412827
cold,0,1,0,0.001,0.1,512,3,5,4,256,6000,8.0,2633729,1,1,9974,1107,600012,6,54,36054,91,546.0,4.55,7.60305,0.88539332
cold,0,1,0,0.001,0.1,512,3,5,4,256,6000,8.0,2633729,1,1,9974,1107,600012,6,54,36054,92,552.0,4.6,7.6866,0.88728929
cold,0,1,0,0.001,0.1,512,3,5,4,256,6000,8.0,2633729,1,1,9974,1107,600012,6,54,36054,93,558.0,4.65,7.77015,0.88862431
cold,0,1,0,0.001,0.1,512,3,5,4,256,6000,8.0,2633729,1,1,9974,1107,600012,6,54,36054,94,564.0,4.7,7.8537,0.88993764
cold,0,1,0,0.001,0.1,512,3,5,4,256,6000,8.0,2633729,1,1,9974,1107,600012,6,54,36054,95,570.0,4.75,7.93725,0.89202082
cold,0,1,0,0.001,0.1,512,3,5,4,256,6000,8.0,2633729,1,1,9974,1107,600012,6,54,36054,96,576.0,4.8,8.0208,0.89431018
cold,0,1,0,0.001,0.1,512,3,5,4,256,6000,8.0,2633729,1,1,9974,1107,600012,6,54,36054,97,582.0,4.85,8.10435,0.89548749
cold,0,1,0,0.001,0.1,512,3,5,4,256,6000,8.0,2633729,1,1,9974,1107,600012,6,54,36054,98,588.0,4.9,8.1879,0.8952539
cold,0,1,0,0.001,0.1,512,3,5,4,256,6000,8.0,2633729,1,1,9974,1107,600012,6,54,36054,99,594.0,4.95,8.27145,0.89464986
cold,0,1,0,0.001,0.1,512,3,5,4,256,6000,8.0,2633729,1,1,9974,1107,600012,6,54,36054,100,600.0,5.0,8.355,0.89451402
cold,0,1,0,0.001,0.1,512,3,5,4,256,6000,8.0,2633729,1,1,9974,1107,600012,6,54,36054,101,606.0,5.05,8.43855,0.89491594
cold,0,1,0,0.001,0.1,512,3,5,4,256,6000,8.0,2633729,1,1,9974,1107,600012,6,54,36054,102,612.0,5.1,8.5221,0.89599246
cold,0,1,0,0.001,0.1,512,3,5,4,256,6000,8.0,2633729,1,1,9974,1107,600012,6,54,36054,103,618.0,5.15,8.60565,0.89778298
cold,0,1,0,0.001,0.1,512,3,5,4,256,6000,8.0,2633729,1,1,9974,1107,600012,6,54,36054,104,624.0,5.2,8.6892,0.89979333
cold,0,1,0,0.001,0.1,512,3,5,4,256,6000,8.0,2633729,1,1,9974,1107,600012,6,54,36054,105,630.0,5.25,8.77275,0.9014625
cold,0,1,0,0.001,0.1,512,3,5,4,256,6000,8.0,2633729,1,1,9974,1107,600012,6,54,36054,106,636.0,5.3,8.8563,0.90238082
cold,0,1,0,0.001,0.1,512,3,5,4,256,6000,8.0,2633729,1,1,9974,1107,600012,6,54,36054,107,642.0,5.35,8.93985,0.90225011
cold,0,1,0,0.001,0.1,512,3,5,4,256,6000,8.0,2633729,1,1,9974,1107,600012,6,54,36054,108,648.0,5.4,9.0234,0.90111268
cold,0,1,0,0.001,0.1,512,3,5,4,256,6000,8.0,2633729,1,1,9974,1107,600012,6,54,36054,109,654.0,5.45,9.10695,0.89980209
cold,0,1,0,0.001,0.1,512,3,5,4,256,6000,8.0,2633729,1,1,9974,1107,600012,6,54,36054,110,660.0,5.5,9.1905,0.89931822
cold,0,1,0,0.001,0.1,512,3,5,4,256,6000,8.0,2633729,1,1,9974,1107,600012,6,54,36054,111,666.0,5.55,9.27405,0.90000474
cold,0,1,0,0.001,0.1,512,3,5,4,256,6000,8.0,2633729,1,1,9974,1107,600012,6,54,36054,112,672.0,5.6,9.3576,0.9019435
cold,0,1,0,0.001,0.1,512,3,5,4,256,6000,8.0,2633729,1,1,9974,1107,600012,6,54,36054,113,678.0,5.65,9.44115,0.9047187
cold,0,1,0,0.001,0.1,512,3,5,4,256,6000,8.0,2633729,1,1,9974,1107,600012,6,54,36054,114,684.0,5.7,9.5247,0.90697163
cold,0,1,0,0.001,0.1,512,3,5,4,256,6000,8.0,2633729,1,1,9974,1107,600012,6,54,36054,115,690.0,5.75,9.60825,0.90755564
cold,0,1,0,0.001,0.1,512,3,5,4,256,6000,8.0,2633729,1,1,9974,1107,600012,6,54,36054,116,696.0,5.8,9.6918,0.9067151
cold,0,1,0,0.001,0.1,512,3,5,4,256,6000,8.0,2633729,1,1,9974,1107,600012,6,54,36054,117,702.0,5.85,9.77535,0.90576434
cold,0,1,0,0.001,0.1,512,3,5,4,256,6000,8.0,2633729,1,1,9974,1107,600012,6,54,36054,118,708.0,5.9,9.8589,0.90609467
cold,0,1,0,0.001,0.1,512,3,5,4,256,6000,8.0,2633729,1,1,9974,1107,600012,6,54,36054,119,714.0,5.95,9.94245,0.90818
cold,0,1,0,0.001,0.1,512,3,5,4,256,6000,8.0,2633729,1,1,9974,1107,600012,6,54,36054,120,720.0,6.0,10.026,0.91124022
cold,0,1,0,0.001,0.1,512,3,5,4,256,6000,8.0,2633729,1,1,9974,1107,600012,6,234,36234,1,6.0,0.05,0.08355,0.04461221
cold,0,1,0,0.001,0.1,512,3,5,4,256,6000,8.0,2633729,1,1,9974,1107,600012,6,234,36234,2,12.0,0.1,0.1671,0.05320561
cold,0,1,0,0.001,0.1,512,3,5,4,256,6000,8.0,2633729,1,1,9974,1107,600012,6,234,36234,3,18.0,0.15,0.25065,0.06347546
cold,0,1,0,0.001,0.1,512,3,5,4,256,6000,8.0,2633729,1,1,9974,1107,600012,6,234,36234,4,24.0,0.2,0.3342,0.07485165
cold,0,1,0,0.001,0.1,512,3,5,4,256,6000,8.0,2633729,1,1,9974,1107,600012,6,234,36234,5,30.0,0.25,0.41775,0.08701854
cold,0,1,0,0.001,0.1,512,3,5,4,256,6000,8.0,2633729,1,1,9974,1107,600012,6,234,36234,6,36.0,0.3,0.5013,0.10041489
cold,0,1,0,0.001,0.1,512,3,5,4,256,6000,8.0,2633729,1,1,9974,1107,600012,6,234,36234,7,42.0,0.35,0.58485,0.1148188
cold,0,1,0,0.001,0.1,512,3,5,4,256,6000,8.0,2633729,1,1,9974,1107,600012,6,234,36234,8,48.0,0.4,0.6684,0.13041551
cold,0,1,0,0.001,0.1,512,3,5,4,256,6000,8.0,2633729,1,1,9974,1107,600012,6,234,36234,9,54.0,0.45,0.75195,0.14735344
cold,0,1,0,0.001,0.1,512,3,5,4,256,6000,8.0,2633729,1,1,9974,1107,600012,6,234,36234,10,60.0,0.5,0.8355,0.16650112
cold,0,1,0,0.001,0.1,512,3,5,4,256,6000,8.0,2633729,1,1,9974,1107,600012,6,234,36234,11,66.0,0.55,0.91905,0.18761073
cold,0,1,0,0.001,0.1,512,3,5,4,256,6000,8.0,2633729,1,1,9974,1107,600012,6,234,36234,12,72.0,0.6,1.0026,0.20948935
cold,0,1,0,0.001,0.1,512,3,5,4,256,6000,8.0,2633729,1,1,9974,1107,600012,6,234,36234,13,78.0,0.65,1.08615,0.2315491
cold,0,1,0,0.001,0.1,512,3,5,4,256,6000,8.0,2633729,1,1,9974,1107,600012,6,234,36234,14,84.0,0.7,1.1697,0.25480592
cold,0,1,0,0.001,0.1,512,3,5,4,256,6000,8.0,2633729,1,1,9974,1107,600012,6,234,36234,15,90.0,0.75,1.25325,0.27973595
cold,0,1,0,0.001,0.1,512,3,5,4,256,6000,8.0,2633729,1,1,9974,1107,600012,6,234,36234,16,96.0,0.8,1.3368,0.30479097
cold,0,1,0,0.001,0.1,512,3,5,4,256,6000,8.0,2633729,1,1,9974,1107,600012,6,234,36234,17,102.0,0.85,1.42035,0.32801443
cold,0,1,0,0.001,0.1,512,3,5,4,256,6000,8.0,2633729,1,1,9974,1107,600012,6,234,36234,18,108.0,0.9,1.5039,0.3495062
cold,0,1,0,0.001,0.1,512,3,5,4,256,6000,8.0,2633729,1,1,9974,1107,600012,6,234,36234,19,114.0,0.95,1.58745,0.3711254
cold,0,1,0,0.001,0.1,512,3,5,4,256,6000,8.0,2633729,1,1,9974,1107,600012,6,234,36234,20,120.0,1.0,1.671,0.39457658
cold,0,1,0,0.001,0.1,512,3,5,4,256,6000,8.0,2633729,1,1,9974,1107,600012,6,234,36234,21,126.0,1.05,1.75455,0.41935995
cold,0,1,0,0.001,0.1,512,3,5,4,256,6000,8.0,2633729,1,1,9974,1107,600012,6,234,36234,22,132.0,1.1,1.8381,0.44484344
cold,0,1,0,0.001,0.1,512,3,5,4,256,6000,8.0,2633729,1,1,9974,1107,600012,6,234,36234,23,138.0,1.15,1.92165,0.47157025
cold,0,1,0,0.001,0.1,512,3,5,4,256,6000,8.0,2633729,1,1,9974,1107,600012,6,234,36234,24,144.0,1.2,2.0052,0.49989358
cold,0,1,0,0.001,0.1,512,3,5,4,256,6000,8.0,2633729,1,1,9974,1107,600012,6,234,36234,25,150.0,1.25,2.08875,0.52877796
cold,0,1,0,0.001,0.1,512,3,5,4,256,6000,8.0,2633729,1,1,9974,1107,600012,6,234,36234,26,156.0,1.3,2.1723,0.55589771
cold,0,1,0,0.001,0.1,512,3,5,4,256,6000,8.0,2633729,1,1,9974,1107,600012,6,234,36234,27,162.0,1.35,2.25585,0.57927263
cold,0,1,0,0.001,0.1,512,3,5,4,256,6000,8.0,2633729,1,1,9974,1107,600012,6,234,36234,28,168.0,1.4,2.3394,0.59856123
cold,0,1,0,0.001,0.1,512,3,5,4,256,6000,8.0,2633729,1,1,9974,1107,600012,6,234,36234,29,174.0,1.45,2.42295,0.61534631
cold,0,1,0,0.001,0.1,512,3,5,4,256,6000,8.0,2633729,1,1,9974,1107,600012,6,234,36234,30,180.0,1.5,2.5065,0.63300228
cold,0,1,0,0.001,0.1,512,3,5,4,256,6000,8.0,2633729,1,1,9974,1107,600012,6,234,36234,31,186.0,1.55,2.59005,0.65341109
cold,0,1,0,0.001,0.1,512,3,5,4,256,6000,8.0,2633729,1,1,9974,1107,600012,6,234,36234,32,192.0,1.6,2.6736,0.6741668
cold,0,1,0,0.001,0.1,512,3,5,4,256,6000,8.0,2633729,1,1,9974,1107,600012,6,234,36234,33,198.0,1.65,2.75715,0.69184637
cold,0,1,0,0.001,0.1,512,3,5,4,256,6000,8.0,2633729,1,1,9974,1107,600012,6,234,36234,34,204.0,1.7,2.8407,0.70629579
cold,0,1,0,0.001,0.1,512,3,5,4,256,6000,8.0,2633729,1,1,9974,1107,600012,6,234,36234,35,210.0,1.75,2.92425,0.71801448
cold,0,1,0,0.001,0.1,512,3,5,4,256,6000,8.0,2633729,1,1,9974,1107,600012,6,234,36234,36,216.0,1.8,3.0078,0.7271179
cold,0,1,0,0.001,0.1,512,3,5,4,256,6000,8.0,2633729,1,1,9974,1107,600012,6,234,36234,37,222.0,1.85,3.09135,0.73567808
cold,0,1,0,0.001,0.1,512,3,5,4,256,6000,8.0,2633729,1,1,9974,1107,600012,6,234,36234,38,228.0,1.9,3.1749,0.7460646
cold,0,1,0,0.001,0.1,512,3,5,4,256,6000,8.0,2633729,1,1,9974,1107,600012,6,234,36234,39,234.0,1.95,3.25845,0.75893068
cold,0,1,0,0.001,0.1,512,3,5,4,256,6000,8.0,2633729,1,1,9974,1107,600012,6,234,36234,40,240.0,2.0,3.342,0.77375227
cold,0,1,0,0.001,0.1,512,3,5,4,256,6000,8.0,2633729,1,1,9974,1107,600012,6,234,36234,41,246.0,2.05,3.42555,0.78939956
cold,0,1,0,0.001,0.1,512,3,5,4,256,6000,8.0,2633729,1,1,9974,1107,600012,6,234,36234,42,252.0,2.1,3.5091,0.80432898
cold,0,1,0,0.001,0.1,512,3,5,4,256,6000,8.0,2633729,1,1,9974,1107,600012,6,234,36234,43,258.0,2.15,3.59265,0.81588244
cold,0,1,0,0.001,0.1,512,3,5,4,256,6000,8.0,2633729,1,1,9974,1107,600012,6,234,36234,44,264.0,2.2,3.6762,0.82286519
cold,0,1,0,0.001,0.1,512,3,5,4,256,6000,8.0,2633729,1,1,9974,1107,600012,6,234,36234,45,270.0,2.25,3.75975,0.82748049
cold,0,1,0,0.001,0.1,512,3,5,4,256,6000,8.0,2633729,1,1,9974,1107,600012,6,234,36234,46,276.0,2.3,3.8433,0.83362997
cold,0,1,0,0.001,0.1,512,3,5,4,256,6000,8.0,2633729,1,1,9974,1107,600012,6,234,36234,47,282.0,2.35,3.92685,0.84296805
cold,0,1,0,0.001,0.1,512,3,5,4,256,6000,8.0,2633729,1,1,9974,1107,600012,6,234,36234,48,288.0,2.4,4.0104,0.85313731
cold,0,1,0,0.001,0.1,512,3,5,4,256,6000,8.0,2633729,1,1,9974,1107,600012,6,234,36234,49,294.0,2.45,4.09395,0.86146486
cold,0,1,0,0.001,0.1,512,3,5,4,256,6000,8.0,2633729,1,1,9974,1107,600012,6,234,36234,50,300.0,2.5,4.1775,0.86757469
cold,0,1,0,0.001,0.1,512,3,5,4,256,6000,8.0,2633729,1,1,9974,1107,600012,6,234,36234,51,306.0,2.55,4.26105,0.87292141
cold,0,1,0,0.001,0.1,512,3,5,4,256,6000,8.0,2633729,1,1,9974,1107,600012,6,234,36234,52,312.0,2.6,4.3446,0.87932211
cold,0,1,0,0.001,0.1,512,3,5,4,256,6000,8.0,2633729,1,1,9974,1107,600012,6,234,36234,53,318.0,2.65,4.42815,0.88741511
cold,0,1,0,0.001,0.1,512,3,5,4,256,6000,8.0,2633729,1,1,9974,1107,600012,6,234,36234,54,324.0,2.7,4.5117,0.89656019
cold,0,1,0,0.001,0.1,512,3,5,4,256,6000,8.0,2633729,1,1,9974,1107,600012,6,234,36234,55,330.0,2.75,4.59525,0.90524727
cold,0,1,0,0.001,0.1,512,3,5,4,256,6000,8.0,2633729,1,1,9974,1107,600012,6,234,36234,56,336.0,2.8,4.6788,0.91255295
cold,0,1,0,0.001,0.1,512,3,5,4,256,6000,8.0,2633729,1,1,9974,1107,600012,6,234,36234,57,342.0,2.85,4.76235,0.91869783
cold,0,1,0,0.001,0.1,512,3,5,4,256,6000,8.0,2633729,1,1,9974,1107,600012,6,234,36234,58,348.0,2.9,4.8459,0.92421061
cold,0,1,0,0.001,0.1,512,3,5,4,256,6000,8.0,2633729,1,1,9974,1107,600012,6,234,36234,59,354.0,2.95,4.92945,0.92919052
cold,0,1,0,0.001,0.1,512,3,5,4,256,6000,8.0,2633729,1,1,9974,1107,600012,6,234,36234,60,360.0,3.0,5.013,0.93350285
cold,0,1,0,0.001,0.1,512,3,5,4,256,6000,8.0,2633729,1,1,9974,1107,600012,6,234,36234,61,366.0,3.05,5.09655,0.93715274
cold,0,1,0,0.001,0.1,512,3,5,4,256,6000,8.0,2633729,1,1,9974,1107,600012,6,234,36234,62,372.0,3.1,5.1801,0.94023854
cold,0,1,0,0.001,0.1,512,3,5,4,256,6000,8.0,2633729,1,1,9974,1107,600012,6,234,36234,63,378.0,3.15,5.26365,0.9435181
cold,0,1,0,0.001,0.1,512,3,5,4,256,6000,8.0,2633729,1,1,9974,1107,600012,6,234,36234,64,384.0,3.2,5.3472,0.94795722
cold,0,1,0,0.001,0.1,512,3,5,4,256,6000,8.0,2633729,1,1,9974,1107,600012,6,234,36234,65,390.0,3.25,5.43075,0.95310831
cold,0,1,0,0.001,0.1,512,3,5,4,256,6000,8.0,2633729,1,1,9974,1107,600012,6,234,36234,66,396.0,3.3,5.5143,0.95709378
cold,0,1,0,0.001,0.1,512,3,5,4,256,6000,8.0,2633729,1,1,9974,1107,600012,6,234,36234,67,402.0,3.35,5.59785,0.95880824
cold,0,1,0,0.001,0.1,512,3,5,4,256,6000,8.0,2633729,1,1,9974,1107,600012,6,234,36234,68,408.0,3.4,5.6814,0.96018142
cold,0,1,0,0.001,0.1,512,3,5,4,256,6000,8.0,2633729,1,1,9974,1107,600012,6,234,36234,69,414.0,3.45,5.76495,0.96337545
cold,0,1,0,0.001,0.1,512,3,5,4,256,6000,8.0,2633729,1,1,9974,1107,600012,6,234,36234,70,420.0,3.5,5.8485,0.96756333
cold,0,1,0,0.001,0.1,512,3,5,4,256,6000,8.0,2633729,1,1,9974,1107,600012,6,234,36234,71,426.0,3.55,5.93205,0.97079819
cold,0,1,0,0.001,0.1,512,3,5,4,256,6000,8.0,2633729,1,1,9974,1107,600012,6,234,36234,72,432.0,3.6,6.0156,0.97275633
cold,0,1,0,0.001,0.1,512,3,5,4,256,6000,8.0,2633729,1,1,9974,1107,600012,6,234,36234,73,438.0,3.65,6.09915,0.97390747
cold,0,1,0,0.001,0.1,512,3,5,4,256,6000,8.0,2633729,1,1,9974,1107,600012,6,234,36234,74,444.0,3.7,6.1827,0.97440821
cold,0,1,0,0.001,0.1,512,3,5,4,256,6000,8.0,2633729,1,1,9974,1107,600012,6,234,36234,75,450.0,3.75,6.26625,0.9751066
cold,0,1,0,0.001,0.1,512,3,5,4,256,6000,8.0,2633729,1,1,9974,1107,600012,6,234,36234,76,456.0,3.8,6.3498,0.97770494
cold,0,1,0,0.001,0.1,512,3,5,4,256,6000,8.0,2633729,1,1,9974,1107,600012,6,234,36234,77,462.0,3.85,6.43335,0.98230457
cold,0,1,0,0.001,0.1,512,3,5,4,256,6000,8.0,2633729,1,1,9974,1107,600012,6,234,36234,78,468.0,3.9,6.5169,0.98637545
cold,0,1,0,0.001,0.1,512,3,5,4,256,6000,8.0,2633729,1,1,9974,1107,600012,6,234,36234,79,474.0,3.95,6.60045,0.9879995
cold,0,1,0,0.001,0.1,512,3,5,4,256,6000,8.0,2633729,1,1,9974,1107,600012,6,234,36234,80,480.0,4.0,6.684,0.98801374
cold,0,1,0,0.001,0.1,512,3,5,4,256,6000,8.0,2633729,1,1,9974,1107,600012,6,234,36234,81,486.0,4.05,6.76755,0.98779529
cold,0,1,0,0.001,0.1,512,3,5,4,256,6000,8.0,2633729,1,1,9974,1107,600012,6,234,36234,82,492.0,4.1,6.8511,0.98847014
cold,0,1,0,0.001,0.1,512,3,5,4,256,6000,8.0,2633729,1,1,9974,1107,600012,6,234,36234,83,498.0,4.15,6.93465,0.99012429
cold,0,1,0,0.001,0.1,512,3,5,4,256,6000,8.0,2633729,1,1,9974,1107,600012,6,234,36234,84,504.0,4.2,7.0182,0.9920696
cold,0,1,0,0.001,0.1,512,3,5,4,256,6000,8.0,2633729,1,1,9974,1107,600012,6,234,36234,85,510.0,4.25,7.10175,0.99400544
cold,0,1,0,0.001,0.1,512,3,5,4,256,6000,8.0,2633729,1,1,9974,1107,600012,6,234,36234,86,516.0,4.3,7.1853,0.99522352
cold,0,1,0,0.001,0.1,512,3,5,4,256,6000,8.0,2633729,1,1,9974,1107,600012,6,234,36234,87,522.0,4.35,7.26885,0.99569321
cold,0,1,0,0.001,0.1,512,3,5,4,256,6000,8.0,2633729,1,1,9974,1107,600012,6,234,36234,88,528.0,4.4,7.3524,0.99647528
cold,0,1,0,0.001,0.1,512,3,5,4,256,6000,8.0,2633729,1,1,9974,1107,600012,6,234,36234,89,534.0,4.45,7.43595,0.99804193
cold,0,1,0,0.001,0.1,512,3,5,4,256,6000,8.0,2633729,1,1,9974,1107,600012,6,234,36234,90,540.0,4.5,7.5195,0.9999004
cold,0,1,0,0.001,0.1,512,3,5,4,256,6000,8.0,2633729,1,1,9974,1107,600012,6,234,36234,91,546.0,4.55,7.60305,1.00122201
cold,0,1,0,0.001,0.1,512,3,5,4,256,6000,8.0,2633729,1,1,9974,1107,600012,6,234,36234,92,552.0,4.6,7.6866,1.00073481
cold,0,1,0,0.001,0.1,512,3,5,4,256,6000,8.0,2633729,1,1,9974,1107,600012,6,234,36234,93,558.0,4.65,7.77015,0.99808055
cold,0,1,0,0.001,0.1,512,3,5,4,256,6000,8.0,2633729,1,1,9974,1107,600012,6,234,36234,94,564.0,4.7,7.8537,0.99522203
cold,0,1,0,0.001,0.1,512,3,5,4,256,6000,8.0,2633729,1,1,9974,1107,600012,6,234,36234,95,570.0,4.75,7.93725,0.99450159
cold,0,1,0,0.001,0.1,512,3,5,4,256,6000,8.0,2633729,1,1,9974,1107,600012,6,234,36234,96,576.0,4.8,8.0208,0.99653655
cold,0,1,0,0.001,0.1,512,3,5,4,256,6000,8.0,2633729,1,1,9974,1107,600012,6,234,36234,97,582.0,4.85,8.10435,1.00042939
cold,0,1,0,0.001,0.1,512,3,5,4,256,6000,8.0,2633729,1,1,9974,1107,600012,6,234,36234,98,588.0,4.9,8.1879,1.00367904
cold,0,1,0,0.001,0.1,512,3,5,4,256,6000,8.0,2633729,1,1,9974,1107,600012,6,234,36234,99,594.0,4.95,8.27145,1.00440979
cold,0,1,0,0.001,0.1,512,3,5,4,256,6000,8.0,2633729,1,1,9974,1107,600012,6,234,36234,100,600.0,5.0,8.355,1.00415647
cold,0,1,0,0.001,0.1,512,3,5,4,256,6000,8.0,2633729,1,1,9974,1107,600012,6,234,36234,101,606.0,5.05,8.43855,1.00546169
cold,0,1,0,0.001,0.1,512,3,5,4,256,6000,8.0,2633729,1,1,9974,1107,600012,6,234,36234,102,612.0,5.1,8.5221,1.00845194
cold,0,1,0,0.001,0.1,512,3,5,4,256,6000,8.0,2633729,1,1,9974,1107,600012,6,234,36234,103,618.0,5.15,8.60565,1.01221156
cold,0,1,0,0.001,0.1,512,3,5,4,256,6000,8.0,2633729,1,1,9974,1107,600012,6,234,36234,104,624.0,5.2,8.6892,1.01610422
cold,0,1,0,0.001,0.1,512,3,5,4,256,6000,8.0,2633729,1,1,9974,1107,600012,6,234,36234,105,630.0,5.25,8.77275,1.01876068
cold,0,1,0,0.001,0.1,512,3,5,4,256,6000,8.0,2633729,1,1,9974,1107,600012,6,234,36234,106,636.0,5.3,8.8563,1.01849747
cold,0,1,0,0.001,0.1,512,3,5,4,256,6000,8.0,2633729,1,1,9974,1107,600012,6,234,36234,107,642.0,5.35,8.93985,1.01531744
cold,0,1,0,0.001,0.1,512,3,5,4,256,6000,8.0,2633729,1,1,9974,1107,600012,6,234,36234,108,648.0,5.4,9.0234,1.01071405
cold,0,1,0,0.001,0.1,512,3,5,4,256,6000,8.0,2633729,1,1,9974,1107,600012,6,234,36234,109,654.0,5.45,9.10695,1.00511396
cold,0,1,0,0.001,0.1,512,3,5,4,256,6000,8.0,2633729,1,1,9974,1107,600012,6,234,36234,110,660.0,5.5,9.1905,0.99995124
cold,0,1,0,0.001,0.1,512,3,5,4,256,6000,8.0,2633729,1,1,9974,1107,600012,6,234,36234,111,666.0,5.55,9.27405,0.9979769
cold,0,1,0,0.001,0.1,512,3,5,4,256,6000,8.0,2633729,1,1,9974,1107,600012,6,234,36234,112,672.0,5.6,9.3576,1.00089049
cold,0,1,0,0.001,0.1,512,3,5,4,256,6000,8.0,2633729,1,1,9974,1107,600012,6,234,36234,113,678.0,5.65,9.44115,1.00790691
cold,0,1,0,0.001,0.1,512,3,5,4,256,6000,8.0,2633729,1,1,9974,1107,600012,6,234,36234,114,684.0,5.7,9.5247,1.01512861
cold,0,1,0,0.001,0.1,512,3,5,4,256,6000,8.0,2633729,1,1,9974,1107,600012,6,234,36234,115,690.0,5.75,9.60825,1.01819515
cold,0,1,0,0.001,0.1,512,3,5,4,256,6000,8.0,2633729,1,1,9974,1107,600012,6,234,36234,116,696.0,5.8,9.6918,1.01691198
cold,0,1,0,0.001,0.1,512,3,5,4,256,6000,8.0,2633729,1,1,9974,1107,600012,6,234,36234,117,702.0,5.85,9.77535,1.01364994
cold,0,1,0,0.001,0.1,512,3,5,4,256,6000,8.0,2633729,1,1,9974,1107,600012,6,234,36234,118,708.0,5.9,9.8589,1.00971508
cold,0,1,0,0.001,0.1,512,3,5,4,256,6000,8.0,2633729,1,1,9974,1107,600012,6,234,36234,119,714.0,5.95,9.94245,1.00566339
cold,0,1,0,0.001,0.1,512,3,5,4,256,6000,8.0,2633729,1,1,9974,1107,600012,6,234,36234,120,720.0,6.0,10.026,1.00290096
cold,0,1,0,0.001,0.1,512,3,5,4,256,6000,8.0,2633729,1,1,9974,1107,600012,6,1023,37023,1,6.0,0.05,0.08355,0.04165319
cold,0,1,0,0.001,0.1,512,3,5,4,256,6000,8.0,2633729,1,1,9974,1107,600012,6,1023,37023,2,12.0,0.1,0.1671,0.04987195
cold,0,1,0,0.001,0.1,512,3,5,4,256,6000,8.0,2633729,1,1,9974,1107,600012,6,1023,37023,3,18.0,0.15,0.25065,0.0597047
cold,0,1,0,0.001,0.1,512,3,5,4,256,6000,8.0,2633729,1,1,9974,1107,600012,6,1023,37023,4,24.0,0.2,0.3342,0.0695633
cold,0,1,0,0.001,0.1,512,3,5,4,256,6000,8.0,2633729,1,1,9974,1107,600012,6,1023,37023,5,30.0,0.25,0.41775,0.08020406
cold,0,1,0,0.001,0.1,512,3,5,4,256,6000,8.0,2633729,1,1,9974,1107,600012,6,1023,37023,6,36.0,0.3,0.5013,0.09319178
cold,0,1,0,0.001,0.1,512,3,5,4,256,6000,8.0,2633729,1,1,9974,1107,600012,6,1023,37023,7,42.0,0.35,0.58485,0.10715074
cold,0,1,0,0.001,0.1,512,3,5,4,256,6000,8.0,2633729,1,1,9974,1107,600012,6,1023,37023,8,48.0,0.4,0.6684,0.12141686
cold,0,1,0,0.001,0.1,512,3,5,4,256,6000,8.0,2633729,1,1,9974,1107,600012,6,1023,37023,9,54.0,0.45,0.75195,0.13591313
cold,0,1,0,0.001,0.1,512,3,5,4,256,6000,8.0,2633729,1,1,9974,1107,600012,6,1023,37023,10,60.0,0.5,0.8355,0.15121856
cold,0,1,0,0.001,0.1,512,3,5,4,256,6000,8.0,2633729,1,1,9974,1107,600012,6,1023,37023,11,66.0,0.55,0.91905,0.16738071
cold,0,1,0,0.001,0.1,512,3,5,4,256,6000,8.0,2633729,1,1,9974,1107,600012,6,1023,37023,12,72.0,0.6,1.0026,0.18430254
cold,0,1,0,0.001,0.1,512,3,5,4,256,6000,8.0,2633729,1,1,9974,1107,600012,6,1023,37023,13,78.0,0.65,1.08615,0.20190284
cold,0,1,0,0.001,0.1,512,3,5,4,256,6000,8.0,2633729,1,1,9974,1107,600012,6,1023,37023,14,84.0,0.7,1.1697,0.22109921
cold,0,1,0,0.001,0.1,512,3,5,4,256,6000,8.0,2633729,1,1,9974,1107,600012,6,1023,37023,15,90.0,0.75,1.25325,0.24284339
cold,0,1,0,0.001,0.1,512,3,5,4,256,6000,8.0,2633729,1,1,9974,1107,600012,6,1023,37023,16,96.0,0.8,1.3368,0.26628399
cold,0,1,0,0.001,0.1,512,3,5,4,256,6000,8.0,2633729,1,1,9974,1107,600012,6,1023,37023,17,102.0,0.85,1.42035,0.2898379
cold,0,1,0,0.001,0.1,512,3,5,4,256,6000,8.0,2633729,1,1,9974,1107,600012,6,1023,37023,18,108.0,0.9,1.5039,0.31228891
cold,0,1,0,0.001,0.1,512,3,5,4,256,6000,8.0,2633729,1,1,9974,1107,600012,6,1023,37023,19,114.0,0.95,1.58745,0.33298224
cold,0,1,0,0.001,0.1,512,3,5,4,256,6000,8.0,2633729,1,1,9974,1107,600012,6,1023,37023,20,120.0,1.0,1.671,0.35221866
cold,0,1,0,0.001,0.1,512,3,5,4,256,6000,8.0,2633729,1,1,9974,1107,600012,6,1023,37023,21,126.0,1.05,1.75455,0.37100202
cold,0,1,0,0.001,0.1,512,3,5,4,256,6000,8.0,2633729,1,1,9974,1107,600012,6,1023,37023,22,132.0,1.1,1.8381,0.3896485
cold,0,1,0,0.001,0.1,512,3,5,4,256,6000,8.0,2633729,1,1,9974,1107,600012,6,1023,37023,23,138.0,1.15,1.92165,0.40860444
cold,0,1,0,0.001,0.1,512,3,5,4,256,6000,8.0,2633729,1,1,9974,1107,600012,6,1023,37023,24,144.0,1.2,2.0052,0.42817312
cold,0,1,0,0.001,0.1,512,3,5,4,256,6000,8.0,2633729,1,1,9974,1107,600012,6,1023,37023,25,150.0,1.25,2.08875,0.44734335
cold,0,1,0,0.001,0.1,512,3,5,4,256,6000,8.0,2633729,1,1,9974,1107,600012,6,1023,37023,26,156.0,1.3,2.1723,0.46550623
cold,0,1,0,0.001,0.1,512,3,5,4,256,6000,8.0,2633729,1,1,9974,1107,600012,6,1023,37023,27,162.0,1.35,2.25585,0.48337108
cold,0,1,0,0.001,0.1,512,3,5,4,256,6000,8.0,2633729,1,1,9974,1107,600012,6,1023,37023,28,168.0,1.4,2.3394,0.50199628
cold,0,1,0,0.001,0.1,512,3,5,4,256,6000,8.0,2633729,1,1,9974,1107,600012,6,1023,37023,29,174.0,1.45,2.42295,0.52084392
cold,0,1,0,0.001,0.1,512,3,5,4,256,6000,8.0,2633729,1,1,9974,1107,600012,6,1023,37023,30,180.0,1.5,2.5065,0.53861636
cold,0,1,0,0.001,0.1,512,3,5,4,256,6000,8.0,2633729,1,1,9974,1107,600012,6,1023,37023,31,186.0,1.55,2.59005,0.55540341
cold,0,1,0,0.001,0.1,512,3,5,4,256,6000,8.0,2633729,1,1,9974,1107,600012,6,1023,37023,32,192.0,1.6,2.6736,0.57228726
cold,0,1,0,0.001,0.1,512,3,5,4,256,6000,8.0,2633729,1,1,9974,1107,600012,6,1023,37023,33,198.0,1.65,2.75715,0.58888382
cold,0,1,0,0.001,0.1,512,3,5,4,256,6000,8.0,2633729,1,1,9974,1107,600012,6,1023,37023,34,204.0,1.7,2.8407,0.60406059
cold,0,1,0,0.001,0.1,512,3,5,4,256,6000,8.0,2633729,1,1,9974,1107,600012,6,1023,37023,35,210.0,1.75,2.92425,0.61908937
cold,0,1,0,0.001,0.1,512,3,5,4,256,6000,8.0,2633729,1,1,9974,1107,600012,6,1023,37023,36,216.0,1.8,3.0078,0.63541412
cold,0,1,0,0.001,0.1,512,3,5,4,256,6000,8.0,2633729,1,1,9974,1107,600012,6,1023,37023,37,222.0,1.85,3.09135,0.65274632
cold,0,1,0,0.001,0.1,512,3,5,4,256,6000,8.0,2633729,1,1,9974,1107,600012,6,1023,37023,38,228.0,1.9,3.1749,0.66984266
cold,0,1,0,0.001,0.1,512,3,5,4,256,6000,8.0,2633729,1,1,9974,1107,600012,6,1023,37023,39,234.0,1.95,3.25845,0.68545288
cold,0,1,0,0.001,0.1,512,3,5,4,256,6000,8.0,2633729,1,1,9974,1107,600012,6,1023,37023,40,240.0,2.0,3.342,0.6999523
cold,0,1,0,0.001,0.1,512,3,5,4,256,6000,8.0,2633729,1,1,9974,1107,600012,6,1023,37023,41,246.0,2.05,3.42555,0.71381104
cold,0,1,0,0.001,0.1,512,3,5,4,256,6000,8.0,2633729,1,1,9974,1107,600012,6,1023,37023,42,252.0,2.1,3.5091,0.7265721
cold,0,1,0,0.001,0.1,512,3,5,4,256,6000,8.0,2633729,1,1,9974,1107,600012,6,1023,37023,43,258.0,2.15,3.59265,0.73802775
cold,0,1,0,0.001,0.1,512,3,5,4,256,6000,8.0,2633729,1,1,9974,1107,600012,6,1023,37023,44,264.0,2.2,3.6762,0.74786168
cold,0,1,0,0.001,0.1,512,3,5,4,256,6000,8.0,2633729,1,1,9974,1107,600012,6,1023,37023,45,270.0,2.25,3.75975,0.7558921
cold,0,1,0,0.001,0.1,512,3,5,4,256,6000,8.0,2633729,1,1,9974,1107,600012,6,1023,37023,46,276.0,2.3,3.8433,0.76249295
cold,0,1,0,0.001,0.1,512,3,5,4,256,6000,8.0,2633729,1,1,9974,1107,600012,6,1023,37023,47,282.0,2.35,3.92685,0.76853257
cold,0,1,0,0.001,0.1,512,3,5,4,256,6000,8.0,2633729,1,1,9974,1107,600012,6,1023,37023,48,288.0,2.4,4.0104,0.77481115
cold,0,1,0,0.001,0.1,512,3,5,4,256,6000,8.0,2633729,1,1,9974,1107,600012,6,1023,37023,49,294.0,2.45,4.09395,0.78229606
cold,0,1,0,0.001,0.1,512,3,5,4,256,6000,8.0,2633729,1,1,9974,1107,600012,6,1023,37023,50,300.0,2.5,4.1775,0.79110843
cold,0,1,0,0.001,0.1,512,3,5,4,256,6000,8.0,2633729,1,1,9974,1107,600012,6,1023,37023,51,306.0,2.55,4.26105,0.80059582
cold,0,1,0,0.001,0.1,512,3,5,4,256,6000,8.0,2633729,1,1,9974,1107,600012,6,1023,37023,52,312.0,2.6,4.3446,0.80978388
cold,0,1,0,0.001,0.1,512,3,5,4,256,6000,8.0,2633729,1,1,9974,1107,600012,6,1023,37023,53,318.0,2.65,4.42815,0.8179763
cold,0,1,0,0.001,0.1,512,3,5,4,256,6000,8.0,2633729,1,1,9974,1107,600012,6,1023,37023,54,324.0,2.7,4.5117,0.82536608
cold,0,1,0,0.001,0.1,512,3,5,4,256,6000,8.0,2633729,1,1,9974,1107,600012,6,1023,37023,55,330.0,2.75,4.59525,0.83243817
cold,0,1,0,0.001,0.1,512,3,5,4,256,6000,8.0,2633729,1,1,9974,1107,600012,6,1023,37023,56,336.0,2.8,4.6788,0.8394776
cold,0,1,0,0.001,0.1,512,3,5,4,256,6000,8.0,2633729,1,1,9974,1107,600012,6,1023,37023,57,342.0,2.85,4.76235,0.84626615
cold,0,1,0,0.001,0.1,512,3,5,4,256,6000,8.0,2633729,1,1,9974,1107,600012,6,1023,37023,58,348.0,2.9,4.8459,0.85159612
cold,0,1,0,0.001,0.1,512,3,5,4,256,6000,8.0,2633729,1,1,9974,1107,600012,6,1023,37023,59,354.0,2.95,4.92945,0.85426617
cold,0,1,0,0.001,0.1,512,3,5,4,256,6000,8.0,2633729,1,1,9974,1107,600012,6,1023,37023,60,360.0,3.0,5.013,0.85529864
cold,0,1,0,0.001,0.1,512,3,5,4,256,6000,8.0,2633729,1,1,9974,1107,600012,6,1023,37023,61,366.0,3.05,5.09655,0.8573879
cold,0,1,0,0.001,0.1,512,3,5,4,256,6000,8.0,2633729,1,1,9974,1107,600012,6,1023,37023,62,372.0,3.1,5.1801,0.86221439
cold,0,1,0,0.001,0.1,512,3,5,4,256,6000,8.0,2633729,1,1,9974,1107,600012,6,1023,37023,63,378.0,3.15,5.26365,0.86930722
cold,0,1,0,0.001,0.1,512,3,5,4,256,6000,8.0,2633729,1,1,9974,1107,600012,6,1023,37023,64,384.0,3.2,5.3472,0.87659889
cold,0,1,0,0.001,0.1,512,3,5,4,256,6000,8.0,2633729,1,1,9974,1107,600012,6,1023,37023,65,390.0,3.25,5.43075,0.88277978
cold,0,1,0,0.001,0.1,512,3,5,4,256,6000,8.0,2633729,1,1,9974,1107,600012,6,1023,37023,66,396.0,3.3,5.5143,0.88817704
cold,0,1,0,0.001,0.1,512,3,5,4,256,6000,8.0,2633729,1,1,9974,1107,600012,6,1023,37023,67,402.0,3.35,5.59785,0.89296687
cold,0,1,0,0.001,0.1,512,3,5,4,256,6000,8.0,2633729,1,1,9974,1107,600012,6,1023,37023,68,408.0,3.4,5.6814,0.89651042
cold,0,1,0,0.001,0.1,512,3,5,4,256,6000,8.0,2633729,1,1,9974,1107,600012,6,1023,37023,69,414.0,3.45,5.76495,0.8985728
cold,0,1,0,0.001,0.1,512,3,5,4,256,6000,8.0,2633729,1,1,9974,1107,600012,6,1023,37023,70,420.0,3.5,5.8485,0.89883506
cold,0,1,0,0.001,0.1,512,3,5,4,256,6000,8.0,2633729,1,1,9974,1107,600012,6,1023,37023,71,426.0,3.55,5.93205,0.89749843
cold,0,1,0,0.001,0.1,512,3,5,4,256,6000,8.0,2633729,1,1,9974,1107,600012,6,1023,37023,72,432.0,3.6,6.0156,0.89627558
cold,0,1,0,0.001,0.1,512,3,5,4,256,6000,8.0,2633729,1,1,9974,1107,600012,6,1023,37023,73,438.0,3.65,6.09915,0.89648998
cold,0,1,0,0.001,0.1,512,3,5,4,256,6000,8.0,2633729,1,1,9974,1107,600012,6,1023,37023,74,444.0,3.7,6.1827,0.89868635
cold,0,1,0,0.001,0.1,512,3,5,4,256,6000,8.0,2633729,1,1,9974,1107,600012,6,1023,37023,75,450.0,3.75,6.26625,0.90338069
cold,0,1,0,0.001,0.1,512,3,5,4,256,6000,8.0,2633729,1,1,9974,1107,600012,6,1023,37023,76,456.0,3.8,6.3498,0.91079229
cold,0,1,0,0.001,0.1,512,3,5,4,256,6000,8.0,2633729,1,1,9974,1107,600012,6,1023,37023,77,462.0,3.85,6.43335,0.91954607
cold,0,1,0,0.001,0.1,512,3,5,4,256,6000,8.0,2633729,1,1,9974,1107,600012,6,1023,37023,78,468.0,3.9,6.5169,0.92654276
cold,0,1,0,0.001,0.1,512,3,5,4,256,6000,8.0,2633729,1,1,9974,1107,600012,6,1023,37023,79,474.0,3.95,6.60045,0.92970872
cold,0,1,0,0.001,0.1,512,3,5,4,256,6000,8.0,2633729,1,1,9974,1107,600012,6,1023,37023,80,480.0,4.0,6.684,0.93009377
cold,0,1,0,0.001,0.1,512,3,5,4,256,6000,8.0,2633729,1,1,9974,1107,600012,6,1023,37023,81,486.0,4.05,6.76755,0.93030745
cold,0,1,0,0.001,0.1,512,3,5,4,256,6000,8.0,2633729,1,1,9974,1107,600012,6,1023,37023,82,492.0,4.1,6.8511,0.93275291
cold,0,1,0,0.001,0.1,512,3,5,4,256,6000,8.0,2633729,1,1,9974,1107,600012,6,1023,37023,83,498.0,4.15,6.93465,0.93731415
cold,0,1,0,0.001,0.1,512,3,5,4,256,6000,8.0,2633729,1,1,9974,1107,600012,6,1023,37023,84,504.0,4.2,7.0182,0.94073069
cold,0,1,0,0.001,0.1,512,3,5,4,256,6000,8.0,2633729,1,1,9974,1107,600012,6,1023,37023,85,510.0,4.25,7.10175,0.94026804
cold,0,1,0,0.001,0.1,512,3,5,4,256,6000,8.0,2633729,1,1,9974,1107,600012,6,1023,37023,86,516.0,4.3,7.1853,0.93707979
cold,0,1,0,0.001,0.1,512,3,5,4,256,6000,8.0,2633729,1,1,9974,1107,600012,6,1023,37023,87,522.0,4.35,7.26885,0.9341144
cold,0,1,0,0.001,0.1,512,3,5,4,256,6000,8.0,2633729,1,1,9974,1107,600012,6,1023,37023,88,528.0,4.4,7.3524,0.93278307
cold,0,1,0,0.001,0.1,512,3,5,4,256,6000,8.0,2633729,1,1,9974,1107,600012,6,1023,37023,89,534.0,4.45,7.43595,0.93306351
cold,0,1,0,0.001,0.1,512,3,5,4,256,6000,8.0,2633729,1,1,9974,1107,600012,6,1023,37023,90,540.0,4.5,7.5195,0.93401653
cold,0,1,0,0.001,0.1,512,3,5,4,256,6000,8.0,2633729,1,1,9974,1107,600012,6,1023,37023,91,546.0,4.55,7.60305,0.9340077
cold,0,1,0,0.001,0.1,512,3,5,4,256,6000,8.0,2633729,1,1,9974,1107,600012,6,1023,37023,92,552.0,4.6,7.6866,0.93264765
cold,0,1,0,0.001,0.1,512,3,5,4,256,6000,8.0,2633729,1,1,9974,1107,600012,6,1023,37023,93,558.0,4.65,7.77015,0.93164039
cold,0,1,0,0.001,0.1,512,3,5,4,256,6000,8.0,2633729,1,1,9974,1107,600012,6,1023,37023,94,564.0,4.7,7.8537,0.93282306
cold,0,1,0,0.001,0.1,512,3,5,4,256,6000,8.0,2633729,1,1,9974,1107,600012,6,1023,37023,95,570.0,4.75,7.93725,0.93716764
cold,0,1,0,0.001,0.1,512,3,5,4,256,6000,8.0,2633729,1,1,9974,1107,600012,6,1023,37023,96,576.0,4.8,8.0208,0.94428587
cold,0,1,0,0.001,0.1,512,3,5,4,256,6000,8.0,2633729,1,1,9974,1107,600012,6,1023,37023,97,582.0,4.85,8.10435,0.95152181
cold,0,1,0,0.001,0.1,512,3,5,4,256,6000,8.0,2633729,1,1,9974,1107,600012,6,1023,37023,98,588.0,4.9,8.1879,0.95635599
cold,0,1,0,0.001,0.1,512,3,5,4,256,6000,8.0,2633729,1,1,9974,1107,600012,6,1023,37023,99,594.0,4.95,8.27145,0.95834416
cold,0,1,0,0.001,0.1,512,3,5,4,256,6000,8.0,2633729,1,1,9974,1107,600012,6,1023,37023,100,600.0,5.0,8.355,0.95800215
cold,0,1,0,0.001,0.1,512,3,5,4,256,6000,8.0,2633729,1,1,9974,1107,600012,6,1023,37023,101,606.0,5.05,8.43855,0.95640916
cold,0,1,0,0.001,0.1,512,3,5,4,256,6000,8.0,2633729,1,1,9974,1107,600012,6,1023,37023,102,612.0,5.1,8.5221,0.95554596
cold,0,1,0,0.001,0.1,512,3,5,4,256,6000,8.0,2633729,1,1,9974,1107,600012,6,1023,37023,103,618.0,5.15,8.60565,0.95613712
cold,0,1,0,0.001,0.1,512,3,5,4,256,6000,8.0,2633729,1,1,9974,1107,600012,6,1023,37023,104,624.0,5.2,8.6892,0.95678246
cold,0,1,0,0.001,0.1,512,3,5,4,256,6000,8.0,2633729,1,1,9974,1107,600012,6,1023,37023,105,630.0,5.25,8.77275,0.95595574
cold,0,1,0,0.001,0.1,512,3,5,4,256,6000,8.0,2633729,1,1,9974,1107,600012,6,1023,37023,106,636.0,5.3,8.8563,0.95347643
cold,0,1,0,0.001,0.1,512,3,5,4,256,6000,8.0,2633729,1,1,9974,1107,600012,6,1023,37023,107,642.0,5.35,8.93985,0.95041978
cold,0,1,0,0.001,0.1,512,3,5,4,256,6000,8.0,2633729,1,1,9974,1107,600012,6,1023,37023,108,648.0,5.4,9.0234,0.94823933
cold,0,1,0,0.001,0.1,512,3,5,4,256,6000,8.0,2633729,1,1,9974,1107,600012,6,1023,37023,109,654.0,5.45,9.10695,0.94714099
cold,0,1,0,0.001,0.1,512,3,5,4,256,6000,8.0,2633729,1,1,9974,1107,600012,6,1023,37023,110,660.0,5.5,9.1905,0.94590217
cold,0,1,0,0.001,0.1,512,3,5,4,256,6000,8.0,2633729,1,1,9974,1107,600012,6,1023,37023,111,666.0,5.55,9.27405,0.94350052
cold,0,1,0,0.001,0.1,512,3,5,4,256,6000,8.0,2633729,1,1,9974,1107,600012,6,1023,37023,112,672.0,5.6,9.3576,0.94053298
cold,0,1,0,0.001,0.1,512,3,5,4,256,6000,8.0,2633729,1,1,9974,1107,600012,6,1023,37023,113,678.0,5.65,9.44115,0.93893355
cold,0,1,0,0.001,0.1,512,3,5,4,256,6000,8.0,2633729,1,1,9974,1107,600012,6,1023,37023,114,684.0,5.7,9.5247,0.93930107
cold,0,1,0,0.001,0.1,512,3,5,4,256,6000,8.0,2633729,1,1,9974,1107,600012,6,1023,37023,115,690.0,5.75,9.60825,0.94044381
cold,0,1,0,0.001,0.1,512,3,5,4,256,6000,8.0,2633729,1,1,9974,1107,600012,6,1023,37023,116,696.0,5.8,9.6918,0.9417246
cold,0,1,0,0.001,0.1,512,3,5,4,256,6000,8.0,2633729,1,1,9974,1107,600012,6,1023,37023,117,702.0,5.85,9.77535,0.94352978
cold,0,1,0,0.001,0.1,512,3,5,4,256,6000,8.0,2633729,1,1,9974,1107,600012,6,1023,37023,118,708.0,5.9,9.8589,0.94564593
cold,0,1,0,0.001,0.1,512,3,5,4,256,6000,8.0,2633729,1,1,9974,1107,600012,6,1023,37023,119,714.0,5.95,9.94245,0.94710946
cold,0,1,0,0.001,0.1,512,3,5,4,256,6000,8.0,2633729,1,1,9974,1107,600012,6,1023,37023,120,720.0,6.0,10.026,0.94756591
cold,0,1,0,0.001,0.1,512,3,5,4,256,6000,8.0,2633729,1,1,9974,1107,600012,6,4468,40468,1,6.0,0.05,0.08355,0.03940019
cold,0,1,0,0.001,0.1,512,3,5,4,256,6000,8.0,2633729,1,1,9974,1107,600012,6,4468,40468,2,12.0,0.1,0.1671,0.0468328
cold,0,1,0,0.001,0.1,512,3,5,4,256,6000,8.0,2633729,1,1,9974,1107,600012,6,4468,40468,3,18.0,0.15,0.25065,0.05553878
cold,0,1,0,0.001,0.1,512,3,5,4,256,6000,8.0,2633729,1,1,9974,1107,600012,6,4468,40468,4,24.0,0.2,0.3342,0.06335476
cold,0,1,0,0.001,0.1,512,3,5,4,256,6000,8.0,2633729,1,1,9974,1107,600012,6,4468,40468,5,30.0,0.25,0.41775,0.0707597
cold,0,1,0,0.001,0.1,512,3,5,4,256,6000,8.0,2633729,1,1,9974,1107,600012,6,4468,40468,6,36.0,0.3,0.5013,0.08068882
cold,0,1,0,0.001,0.1,512,3,5,4,256,6000,8.0,2633729,1,1,9974,1107,600012,6,4468,40468,7,42.0,0.35,0.58485,0.09070579
cold,0,1,0,0.001,0.1,512,3,5,4,256,6000,8.0,2633729,1,1,9974,1107,600012,6,4468,40468,8,48.0,0.4,0.6684,0.10065812
cold,0,1,0,0.001,0.1,512,3,5,4,256,6000,8.0,2633729,1,1,9974,1107,600012,6,4468,40468,9,54.0,0.45,0.75195,0.11063311
cold,0,1,0,0.001,0.1,512,3,5,4,256,6000,8.0,2633729,1,1,9974,1107,600012,6,4468,40468,10,60.0,0.5,0.8355,0.12140527
cold,0,1,0,0.001,0.1,512,3,5,4,256,6000,8.0,2633729,1,1,9974,1107,600012,6,4468,40468,11,66.0,0.55,0.91905,0.13335782
cold,0,1,0,0.001,0.1,512,3,5,4,256,6000,8.0,2633729,1,1,9974,1107,600012,6,4468,40468,12,72.0,0.6,1.0026,0.14657356
cold,0,1,0,0.001,0.1,512,3,5,4,256,6000,8.0,2633729,1,1,9974,1107,600012,6,4468,40468,13,78.0,0.65,1.08615,0.16164617
cold,0,1,0,0.001,0.1,512,3,5,4,256,6000,8.0,2633729,1,1,9974,1107,600012,6,4468,40468,14,84.0,0.7,1.1697,0.18024385
cold,0,1,0,0.001,0.1,512,3,5,4,256,6000,8.0,2633729,1,1,9974,1107,600012,6,4468,40468,15,90.0,0.75,1.25325,0.20229077
cold,0,1,0,0.001,0.1,512,3,5,4,256,6000,8.0,2633729,1,1,9974,1107,600012,6,4468,40468,16,96.0,0.8,1.3368,0.22635034
cold,0,1,0,0.001,0.1,512,3,5,4,256,6000,8.0,2633729,1,1,9974,1107,600012,6,4468,40468,17,102.0,0.85,1.42035,0.250541
cold,0,1,0,0.001,0.1,512,3,5,4,256,6000,8.0,2633729,1,1,9974,1107,600012,6,4468,40468,18,108.0,0.9,1.5039,0.27373531
cold,0,1,0,0.001,0.1,512,3,5,4,256,6000,8.0,2633729,1,1,9974,1107,600012,6,4468,40468,19,114.0,0.95,1.58745,0.29577637
cold,0,1,0,0.001,0.1,512,3,5,4,256,6000,8.0,2633729,1,1,9974,1107,600012,6,4468,40468,20,120.0,1.0,1.671,0.31754509
cold,0,1,0,0.001,0.1,512,3,5,4,256,6000,8.0,2633729,1,1,9974,1107,600012,6,4468,40468,21,126.0,1.05,1.75455,0.33899564
cold,0,1,0,0.001,0.1,512,3,5,4,256,6000,8.0,2633729,1,1,9974,1107,600012,6,4468,40468,22,132.0,1.1,1.8381,0.35974538
cold,0,1,0,0.001,0.1,512,3,5,4,256,6000,8.0,2633729,1,1,9974,1107,600012,6,4468,40468,23,138.0,1.15,1.92165,0.38031095
cold,0,1,0,0.001,0.1,512,3,5,4,256,6000,8.0,2633729,1,1,9974,1107,600012,6,4468,40468,24,144.0,1.2,2.0052,0.40150958
cold,0,1,0,0.001,0.1,512,3,5,4,256,6000,8.0,2633729,1,1,9974,1107,600012,6,4468,40468,25,150.0,1.25,2.08875,0.42378363
cold,0,1,0,0.001,0.1,512,3,5,4,256,6000,8.0,2633729,1,1,9974,1107,600012,6,4468,40468,26,156.0,1.3,2.1723,0.44681975
cold,0,1,0,0.001,0.1,512,3,5,4,256,6000,8.0,2633729,1,1,9974,1107,600012,6,4468,40468,27,162.0,1.35,2.25585,0.47000891
cold,0,1,0,0.001,0.1,512,3,5,4,256,6000,8.0,2633729,1,1,9974,1107,600012,6,4468,40468,28,168.0,1.4,2.3394,0.49229011
cold,0,1,0,0.001,0.1,512,3,5,4,256,6000,8.0,2633729,1,1,9974,1107,600012,6,4468,40468,29,174.0,1.45,2.42295,0.51292861
cold,0,1,0,0.001,0.1,512,3,5,4,256,6000,8.0,2633729,1,1,9974,1107,600012,6,4468,40468,30,180.0,1.5,2.5065,0.53333497
cold,0,1,0,0.001,0.1,512,3,5,4,256,6000,8.0,2633729,1,1,9974,1107,600012,6,4468,40468,31,186.0,1.55,2.59005,0.55518425
cold,0,1,0,0.001,0.1,512,3,5,4,256,6000,8.0,2633729,1,1,9974,1107,600012,6,4468,40468,32,192.0,1.6,2.6736,0.57738984
cold,0,1,0,0.001,0.1,512,3,5,4,256,6000,8.0,2633729,1,1,9974,1107,600012,6,4468,40468,33,198.0,1.65,2.75715,0.59695894
cold,0,1,0,0.001,0.1,512,3,5,4,256,6000,8.0,2633729,1,1,9974,1107,600012,6,4468,40468,34,204.0,1.7,2.8407,0.61282843
cold,0,1,0,0.001,0.1,512,3,5,4,256,6000,8.0,2633729,1,1,9974,1107,600012,6,4468,40468,35,210.0,1.75,2.92425,0.62587571
cold,0,1,0,0.001,0.1,512,3,5,4,256,6000,8.0,2633729,1,1,9974,1107,600012,6,4468,40468,36,216.0,1.8,3.0078,0.63734621
cold,0,1,0,0.001,0.1,512,3,5,4,256,6000,8.0,2633729,1,1,9974,1107,600012,6,4468,40468,37,222.0,1.85,3.09135,0.64855057
cold,0,1,0,0.001,0.1,512,3,5,4,256,6000,8.0,2633729,1,1,9974,1107,600012,6,4468,40468,38,228.0,1.9,3.1749,0.66161376
cold,0,1,0,0.001,0.1,512,3,5,4,256,6000,8.0,2633729,1,1,9974,1107,600012,6,4468,40468,39,234.0,1.95,3.25845,0.67787176
cold,0,1,0,0.001,0.1,512,3,5,4,256,6000,8.0,2633729,1,1,9974,1107,600012,6,4468,40468,40,240.0,2.0,3.342,0.69788134
cold,0,1,0,0.001,0.1,512,3,5,4,256,6000,8.0,2633729,1,1,9974,1107,600012,6,4468,40468,41,246.0,2.05,3.42555,0.72047746
cold,0,1,0,0.001,0.1,512,3,5,4,256,6000,8.0,2633729,1,1,9974,1107,600012,6,4468,40468,42,252.0,2.1,3.5091,0.74255168
cold,0,1,0,0.001,0.1,512,3,5,4,256,6000,8.0,2633729,1,1,9974,1107,600012,6,4468,40468,43,258.0,2.15,3.59265,0.76081377
cold,0,1,0,0.001,0.1,512,3,5,4,256,6000,8.0,2633729,1,1,9974,1107,600012,6,4468,40468,44,264.0,2.2,3.6762,0.77402699
cold,0,1,0,0.001,0.1,512,3,5,4,256,6000,8.0,2633729,1,1,9974,1107,600012,6,4468,40468,45,270.0,2.25,3.75975,0.78295225
cold,0,1,0,0.001,0.1,512,3,5,4,256,6000,8.0,2633729,1,1,9974,1107,600012,6,4468,40468,46,276.0,2.3,3.8433,0.78934741
cold,0,1,0,0.001,0.1,512,3,5,4,256,6000,8.0,2633729,1,1,9974,1107,600012,6,4468,40468,47,282.0,2.35,3.92685,0.79476202
cold,0,1,0,0.001,0.1,512,3,5,4,256,6000,8.0,2633729,1,1,9974,1107,600012,6,4468,40468,48,288.0,2.4,4.0104,0.80085295
cold,0,1,0,0.001,0.1,512,3,5,4,256,6000,8.0,2633729,1,1,9974,1107,600012,6,4468,40468,49,294.0,2.45,4.09395,0.80888081
cold,0,1,0,0.001,0.1,512,3,5,4,256,6000,8.0,2633729,1,1,9974,1107,600012,6,4468,40468,50,300.0,2.5,4.1775,0.8188715
cold,0,1,0,0.001,0.1,512,3,5,4,256,6000,8.0,2633729,1,1,9974,1107,600012,6,4468,40468,51,306.0,2.55,4.26105,0.82965457
cold,0,1,0,0.001,0.1,512,3,5,4,256,6000,8.0,2633729,1,1,9974,1107,600012,6,4468,40468,52,312.0,2.6,4.3446,0.83964568
cold,0,1,0,0.001,0.1,512,3,5,4,256,6000,8.0,2633729,1,1,9974,1107,600012,6,4468,40468,53,318.0,2.65,4.42815,0.84806329
cold,0,1,0,0.001,0.1,512,3,5,4,256,6000,8.0,2633729,1,1,9974,1107,600012,6,4468,40468,54,324.0,2.7,4.5117,0.85555404
cold,0,1,0,0.001,0.1,512,3,5,4,256,6000,8.0,2633729,1,1,9974,1107,600012,6,4468,40468,55,330.0,2.75,4.59525,0.8630954
cold,0,1,0,0.001,0.1,512,3,5,4,256,6000,8.0,2633729,1,1,9974,1107,600012,6,4468,40468,56,336.0,2.8,4.6788,0.87094396
cold,0,1,0,0.001,0.1,512,3,5,4,256,6000,8.0,2633729,1,1,9974,1107,600012,6,4468,40468,57,342.0,2.85,4.76235,0.8779304
cold,0,1,0,0.001,0.1,512,3,5,4,256,6000,8.0,2633729,1,1,9974,1107,600012,6,4468,40468,58,348.0,2.9,4.8459,0.88420904
cold,0,1,0,0.001,0.1,512,3,5,4,256,6000,8.0,2633729,1,1,9974,1107,600012,6,4468,40468,59,354.0,2.95,4.92945,0.89021319
cold,0,1,0,0.001,0.1,512,3,5,4,256,6000,8.0,2633729,1,1,9974,1107,600012,6,4468,40468,60,360.0,3.0,5.013,0.89622283
cold,0,1,0,0.001,0.1,512,3,5,4,256,6000,8.0,2633729,1,1,9974,1107,600012,6,4468,40468,61,366.0,3.05,5.09655,0.90193069
cold,0,1,0,0.001,0.1,512,3,5,4,256,6000,8.0,2633729,1,1,9974,1107,600012,6,4468,40468,62,372.0,3.1,5.1801,0.90701425
cold,0,1,0,0.001,0.1,512,3,5,4,256,6000,8.0,2633729,1,1,9974,1107,600012,6,4468,40468,63,378.0,3.15,5.26365,0.91259366
cold,0,1,0,0.001,0.1,512,3,5,4,256,6000,8.0,2633729,1,1,9974,1107,600012,6,4468,40468,64,384.0,3.2,5.3472,0.92021155
cold,0,1,0,0.001,0.1,512,3,5,4,256,6000,8.0,2633729,1,1,9974,1107,600012,6,4468,40468,65,390.0,3.25,5.43075,0.92820483
cold,0,1,0,0.001,0.1,512,3,5,4,256,6000,8.0,2633729,1,1,9974,1107,600012,6,4468,40468,66,396.0,3.3,5.5143,0.93330568
cold,0,1,0,0.001,0.1,512,3,5,4,256,6000,8.0,2633729,1,1,9974,1107,600012,6,4468,40468,67,402.0,3.35,5.59785,0.9343195
cold,0,1,0,0.001,0.1,512,3,5,4,256,6000,8.0,2633729,1,1,9974,1107,600012,6,4468,40468,68,408.0,3.4,5.6814,0.93257505
cold,0,1,0,0.001,0.1,512,3,5,4,256,6000,8.0,2633729,1,1,9974,1107,600012,6,4468,40468,69,414.0,3.45,5.76495,0.93052846
cold,0,1,0,0.001,0.1,512,3,5,4,256,6000,8.0,2633729,1,1,9974,1107,600012,6,4468,40468,70,420.0,3.5,5.8485,0.9286142
cold,0,1,0,0.001,0.1,512,3,5,4,256,6000,8.0,2633729,1,1,9974,1107,600012,6,4468,40468,71,426.0,3.55,5.93205,0.92618531
cold,0,1,0,0.001,0.1,512,3,5,4,256,6000,8.0,2633729,1,1,9974,1107,600012,6,4468,40468,72,432.0,3.6,6.0156,0.92388105
cold,0,1,0,0.001,0.1,512,3,5,4,256,6000,8.0,2633729,1,1,9974,1107,600012,6,4468,40468,73,438.0,3.65,6.09915,0.92367131
cold,0,1,0,0.001,0.1,512,3,5,4,256,6000,8.0,2633729,1,1,9974,1107,600012,6,4468,40468,74,444.0,3.7,6.1827,0.92633724
cold,0,1,0,0.001,0.1,512,3,5,4,256,6000,8.0,2633729,1,1,9974,1107,600012,6,4468,40468,75,450.0,3.75,6.26625,0.93189132
cold,0,1,0,0.001,0.1,512,3,5,4,256,6000,8.0,2633729,1,1,9974,1107,600012,6,4468,40468,76,456.0,3.8,6.3498,0.93987989
cold,0,1,0,0.001,0.1,512,3,5,4,256,6000,8.0,2633729,1,1,9974,1107,600012,6,4468,40468,77,462.0,3.85,6.43335,0.9488647
cold,0,1,0,0.001,0.1,512,3,5,4,256,6000,8.0,2633729,1,1,9974,1107,600012,6,4468,40468,78,468.0,3.9,6.5169,0.95692414
cold,0,1,0,0.001,0.1,512,3,5,4,256,6000,8.0,2633729,1,1,9974,1107,600012,6,4468,40468,79,474.0,3.95,6.60045,0.96311104
cold,0,1,0,0.001,0.1,512,3,5,4,256,6000,8.0,2633729,1,1,9974,1107,600012,6,4468,40468,80,480.0,4.0,6.684,0.96738583
cold,0,1,0,0.001,0.1,512,3,5,4,256,6000,8.0,2633729,1,1,9974,1107,600012,6,4468,40468,81,486.0,4.05,6.76755,0.96901709
cold,0,1,0,0.001,0.1,512,3,5,4,256,6000,8.0,2633729,1,1,9974,1107,600012,6,4468,40468,82,492.0,4.1,6.8511,0.96774668
cold,0,1,0,0.001,0.1,512,3,5,4,256,6000,8.0,2633729,1,1,9974,1107,600012,6,4468,40468,83,498.0,4.15,6.93465,0.96488577
cold,0,1,0,0.001,0.1,512,3,5,4,256,6000,8.0,2633729,1,1,9974,1107,600012,6,4468,40468,84,504.0,4.2,7.0182,0.96215504
cold,0,1,0,0.001,0.1,512,3,5,4,256,6000,8.0,2633729,1,1,9974,1107,600012,6,4468,40468,85,510.0,4.25,7.10175,0.96011734
cold,0,1,0,0.001,0.1,512,3,5,4,256,6000,8.0,2633729,1,1,9974,1107,600012,6,4468,40468,86,516.0,4.3,7.1853,0.95848966
cold,0,1,0,0.001,0.1,512,3,5,4,256,6000,8.0,2633729,1,1,9974,1107,600012,6,4468,40468,87,522.0,4.35,7.26885,0.95651674
cold,0,1,0,0.001,0.1,512,3,5,4,256,6000,8.0,2633729,1,1,9974,1107,600012,6,4468,40468,88,528.0,4.4,7.3524,0.95383918
cold,0,1,0,0.001,0.1,512,3,5,4,256,6000,8.0,2633729,1,1,9974,1107,600012,6,4468,40468,89,534.0,4.45,7.43595,0.95045561
cold,0,1,0,0.001,0.1,512,3,5,4,256,6000,8.0,2633729,1,1,9974,1107,600012,6,4468,40468,90,540.0,4.5,7.5195,0.9481436
cold,0,1,0,0.001,0.1,512,3,5,4,256,6000,8.0,2633729,1,1,9974,1107,600012,6,4468,40468,91,546.0,4.55,7.60305,0.94923699
cold,0,1,0,0.001,0.1,512,3,5,4,256,6000,8.0,2633729,1,1,9974,1107,600012,6,4468,40468,92,552.0,4.6,7.6866,0.95344222
cold,0,1,0,0.001,0.1,512,3,5,4,256,6000,8.0,2633729,1,1,9974,1107,600012,6,4468,40468,93,558.0,4.65,7.77015,0.95851672
cold,0,1,0,0.001,0.1,512,3,5,4,256,6000,8.0,2633729,1,1,9974,1107,600012,6,4468,40468,94,564.0,4.7,7.8537,0.96259761
cold,0,1,0,0.001,0.1,512,3,5,4,256,6000,8.0,2633729,1,1,9974,1107,600012,6,4468,40468,95,570.0,4.75,7.93725,0.96502185
cold,0,1,0,0.001,0.1,512,3,5,4,256,6000,8.0,2633729,1,1,9974,1107,600012,6,4468,40468,96,576.0,4.8,8.0208,0.96599859
cold,0,1,0,0.001,0.1,512,3,5,4,256,6000,8.0,2633729,1,1,9974,1107,600012,6,4468,40468,97,582.0,4.85,8.10435,0.96699649
cold,0,1,0,0.001,0.1,512,3,5,4,256,6000,8.0,2633729,1,1,9974,1107,600012,6,4468,40468,98,588.0,4.9,8.1879,0.96957779
cold,0,1,0,0.001,0.1,512,3,5,4,256,6000,8.0,2633729,1,1,9974,1107,600012,6,4468,40468,99,594.0,4.95,8.27145,0.97276026
cold,0,1,0,0.001,0.1,512,3,5,4,256,6000,8.0,2633729,1,1,9974,1107,600012,6,4468,40468,100,600.0,5.0,8.355,0.97396904
cold,0,1,0,0.001,0.1,512,3,5,4,256,6000,8.0,2633729,1,1,9974,1107,600012,6,4468,40468,101,606.0,5.05,8.43855,0.97238243
cold,0,1,0,0.001,0.1,512,3,5,4,256,6000,8.0,2633729,1,1,9974,1107,600012,6,4468,40468,102,612.0,5.1,8.5221,0.9703837
cold,0,1,0,0.001,0.1,512,3,5,4,256,6000,8.0,2633729,1,1,9974,1107,600012,6,4468,40468,103,618.0,5.15,8.60565,0.97090852
cold,0,1,0,0.001,0.1,512,3,5,4,256,6000,8.0,2633729,1,1,9974,1107,600012,6,4468,40468,104,624.0,5.2,8.6892,0.97466648
cold,0,1,0,0.001,0.1,512,3,5,4,256,6000,8.0,2633729,1,1,9974,1107,600012,6,4468,40468,105,630.0,5.25,8.77275,0.97992659
cold,0,1,0,0.001,0.1,512,3,5,4,256,6000,8.0,2633729,1,1,9974,1107,600012,6,4468,40468,106,636.0,5.3,8.8563,0.98425603
cold,0,1,0,0.001,0.1,512,3,5,4,256,6000,8.0,2633729,1,1,9974,1107,600012,6,4468,40468,107,642.0,5.35,8.93985,0.98595279
cold,0,1,0,0.001,0.1,512,3,5,4,256,6000,8.0,2633729,1,1,9974,1107,600012,6,4468,40468,108,648.0,5.4,9.0234,0.98441011
cold,0,1,0,0.001,0.1,512,3,5,4,256,6000,8.0,2633729,1,1,9974,1107,600012,6,4468,40468,109,654.0,5.45,9.10695,0.98082048
cold,0,1,0,0.001,0.1,512,3,5,4,256,6000,8.0,2633729,1,1,9974,1107,600012,6,4468,40468,110,660.0,5.5,9.1905,0.97748226
cold,0,1,0,0.001,0.1,512,3,5,4,256,6000,8.0,2633729,1,1,9974,1107,600012,6,4468,40468,111,666.0,5.55,9.27405,0.97545737
cold,0,1,0,0.001,0.1,512,3,5,4,256,6000,8.0,2633729,1,1,9974,1107,600012,6,4468,40468,112,672.0,5.6,9.3576,0.97433281
cold,0,1,0,0.001,0.1,512,3,5,4,256,6000,8.0,2633729,1,1,9974,1107,600012,6,4468,40468,113,678.0,5.65,9.44115,0.97372264
cold,0,1,0,0.001,0.1,512,3,5,4,256,6000,8.0,2633729,1,1,9974,1107,600012,6,4468,40468,114,684.0,5.7,9.5247,0.97435856
cold,0,1,0,0.001,0.1,512,3,5,4,256,6000,8.0,2633729,1,1,9974,1107,600012,6,4468,40468,115,690.0,5.75,9.60825,0.97685903
cold,0,1,0,0.001,0.1,512,3,5,4,256,6000,8.0,2633729,1,1,9974,1107,600012,6,4468,40468,116,696.0,5.8,9.6918,0.98044962
cold,0,1,0,0.001,0.1,512,3,5,4,256,6000,8.0,2633729,1,1,9974,1107,600012,6,4468,40468,117,702.0,5.85,9.77535,0.98393416
cold,0,1,0,0.001,0.1,512,3,5,4,256,6000,8.0,2633729,1,1,9974,1107,600012,6,4468,40468,118,708.0,5.9,9.8589,0.98607731
cold,0,1,0,0.001,0.1,512,3,5,4,256,6000,8.0,2633729,1,1,9974,1107,600012,6,4468,40468,119,714.0,5.95,9.94245,0.98641151
cold,0,1,0,0.001,0.1,512,3,5,4,256,6000,8.0,2633729,1,1,9974,1107,600012,6,4468,40468,120,720.0,6.0,10.026,0.98700851
cold,0,1,0,0.001,0.1,512,3,5,4,256,6000,8.0,2633729,1,1,9974,1107,600012,6,6000,42000,1,6.0,0.05,0.08355,0.03952033
cold,0,1,0,0.001,0.1,512,3,5,4,256,6000,8.0,2633729,1,1,9974,1107,600012,6,6000,42000,2,12.0,0.1,0.1671,0.04673824
cold,0,1,0,0.001,0.1,512,3,5,4,256,6000,8.0,2633729,1,1,9974,1107,600012,6,6000,42000,3,18.0,0.15,0.25065,0.05532044
cold,0,1,0,0.001,0.1,512,3,5,4,256,6000,8.0,2633729,1,1,9974,1107,600012,6,6000,42000,4,24.0,0.2,0.3342,0.06274232
cold,0,1,0,0.001,0.1,512,3,5,4,256,6000,8.0,2633729,1,1,9974,1107,600012,6,6000,42000,5,30.0,0.25,0.41775,0.07011628
cold,0,1,0,0.001,0.1,512,3,5,4,256,6000,8.0,2633729,1,1,9974,1107,600012,6,6000,42000,6,36.0,0.3,0.5013,0.08066462
cold,0,1,0,0.001,0.1,512,3,5,4,256,6000,8.0,2633729,1,1,9974,1107,600012,6,6000,42000,7,42.0,0.35,0.58485,0.09139281
cold,0,1,0,0.001,0.1,512,3,5,4,256,6000,8.0,2633729,1,1,9974,1107,600012,6,6000,42000,8,48.0,0.4,0.6684,0.10235012
cold,0,1,0,0.001,0.1,512,3,5,4,256,6000,8.0,2633729,1,1,9974,1107,600012,6,6000,42000,9,54.0,0.45,0.75195,0.11353599
cold,0,1,0,0.001,0.1,512,3,5,4,256,6000,8.0,2633729,1,1,9974,1107,600012,6,6000,42000,10,60.0,0.5,0.8355,0.12604699
cold,0,1,0,0.001,0.1,512,3,5,4,256,6000,8.0,2633729,1,1,9974,1107,600012,6,6000,42000,11,66.0,0.55,0.91905,0.14001864
cold,0,1,0,0.001,0.1,512,3,5,4,256,6000,8.0,2633729,1,1,9974,1107,600012,6,6000,42000,12,72.0,0.6,1.0026,0.15488753
cold,0,1,0,0.001,0.1,512,3,5,4,256,6000,8.0,2633729,1,1,9974,1107,600012,6,6000,42000,13,78.0,0.65,1.08615,0.17140895
cold,0,1,0,0.001,0.1,512,3,5,4,256,6000,8.0,2633729,1,1,9974,1107,600012,6,6000,42000,14,84.0,0.7,1.1697,0.19121531
cold,0,1,0,0.001,0.1,512,3,5,4,256,6000,8.0,2633729,1,1,9974,1107,600012,6,6000,42000,15,90.0,0.75,1.25325,0.21386096
cold,0,1,0,0.001,0.1,512,3,5,4,256,6000,8.0,2633729,1,1,9974,1107,600012,6,6000,42000,16,96.0,0.8,1.3368,0.23803699
cold,0,1,0,0.001,0.1,512,3,5,4,256,6000,8.0,2633729,1,1,9974,1107,600012,6,6000,42000,17,102.0,0.85,1.42035,0.26178288
cold,0,1,0,0.001,0.1,512,3,5,4,256,6000,8.0,2633729,1,1,9974,1107,600012,6,6000,42000,18,108.0,0.9,1.5039,0.28472537
cold,0,1,0,0.001,0.1,512,3,5,4,256,6000,8.0,2633729,1,1,9974,1107,600012,6,6000,42000,19,114.0,0.95,1.58745,0.30606046
cold,0,1,0,0.001,0.1,512,3,5,4,256,6000,8.0,2633729,1,1,9974,1107,600012,6,6000,42000,20,120.0,1.0,1.671,0.32548487
cold,0,1,0,0.001,0.1,512,3,5,4,256,6000,8.0,2633729,1,1,9974,1107,600012,6,6000,42000,21,126.0,1.05,1.75455,0.3433159
cold,0,1,0,0.001,0.1,512,3,5,4,256,6000,8.0,2633729,1,1,9974,1107,600012,6,6000,42000,22,132.0,1.1,1.8381,0.36047849
cold,0,1,0,0.001,0.1,512,3,5,4,256,6000,8.0,2633729,1,1,9974,1107,600012,6,6000,42000,23,138.0,1.15,1.92165,0.37832093
cold,0,1,0,0.001,0.1,512,3,5,4,256,6000,8.0,2633729,1,1,9974,1107,600012,6,6000,42000,24,144.0,1.2,2.0052,0.39681518
cold,0,1,0,0.001,0.1,512,3,5,4,256,6000,8.0,2633729,1,1,9974,1107,600012,6,6000,42000,25,150.0,1.25,2.08875,0.41590616
cold,0,1,0,0.001,0.1,512,3,5,4,256,6000,8.0,2633729,1,1,9974,1107,600012,6,6000,42000,26,156.0,1.3,2.1723,0.43446171
cold,0,1,0,0.001,0.1,512,3,5,4,256,6000,8.0,2633729,1,1,9974,1107,600012,6,6000,42000,27,162.0,1.35,2.25585,0.45200047
cold,0,1,0,0.001,0.1,512,3,5,4,256,6000,8.0,2633729,1,1,9974,1107,600012,6,6000,42000,28,168.0,1.4,2.3394,0.4688547
cold,0,1,0,0.001,0.1,512,3,5,4,256,6000,8.0,2633729,1,1,9974,1107,600012,6,6000,42000,29,174.0,1.45,2.42295,0.48628518
cold,0,1,0,0.001,0.1,512,3,5,4,256,6000,8.0,2633729,1,1,9974,1107,600012,6,6000,42000,30,180.0,1.5,2.5065,0.50582129
cold,0,1,0,0.001,0.1,512,3,5,4,256,6000,8.0,2633729,1,1,9974,1107,600012,6,6000,42000,31,186.0,1.55,2.59005,0.52729106
cold,0,1,0,0.001,0.1,512,3,5,4,256,6000,8.0,2633729,1,1,9974,1107,600012,6,6000,42000,32,192.0,1.6,2.6736,0.54838824
cold,0,1,0,0.001,0.1,512,3,5,4,256,6000,8.0,2633729,1,1,9974,1107,600012,6,6000,42000,33,198.0,1.65,2.75715,0.56757379
cold,0,1,0,0.001,0.1,512,3,5,4,256,6000,8.0,2633729,1,1,9974,1107,600012,6,6000,42000,34,204.0,1.7,2.8407,0.58482581
cold,0,1,0,0.001,0.1,512,3,5,4,256,6000,8.0,2633729,1,1,9974,1107,600012,6,6000,42000,35,210.0,1.75,2.92425,0.60084283
cold,0,1,0,0.001,0.1,512,3,5,4,256,6000,8.0,2633729,1,1,9974,1107,600012,6,6000,42000,36,216.0,1.8,3.0078,0.61668593
cold,0,1,0,0.001,0.1,512,3,5,4,256,6000,8.0,2633729,1,1,9974,1107,600012,6,6000,42000,37,222.0,1.85,3.09135,0.63346696
cold,0,1,0,0.001,0.1,512,3,5,4,256,6000,8.0,2633729,1,1,9974,1107,600012,6,6000,42000,38,228.0,1.9,3.1749,0.65126354
cold,0,1,0,0.001,0.1,512,3,5,4,256,6000,8.0,2633729,1,1,9974,1107,600012,6,6000,42000,39,234.0,1.95,3.25845,0.66870224
cold,0,1,0,0.001,0.1,512,3,5,4,256,6000,8.0,2633729,1,1,9974,1107,600012,6,6000,42000,40,240.0,2.0,3.342,0.6853478
cold,0,1,0,0.001,0.1,512,3,5,4,256,6000,8.0,2633729,1,1,9974,1107,600012,6,6000,42000,41,246.0,2.05,3.42555,0.70162302
cold,0,1,0,0.001,0.1,512,3,5,4,256,6000,8.0,2633729,1,1,9974,1107,600012,6,6000,42000,42,252.0,2.1,3.5091,0.71694827
cold,0,1,0,0.001,0.1,512,3,5,4,256,6000,8.0,2633729,1,1,9974,1107,600012,6,6000,42000,43,258.0,2.15,3.59265,0.73106796
cold,0,1,0,0.001,0.1,512,3,5,4,256,6000,8.0,2633729,1,1,9974,1107,600012,6,6000,42000,44,264.0,2.2,3.6762,0.74302697
cold,0,1,0,0.001,0.1,512,3,5,4,256,6000,8.0,2633729,1,1,9974,1107,600012,6,6000,42000,45,270.0,2.25,3.75975,0.75255424
cold,0,1,0,0.001,0.1,512,3,5,4,256,6000,8.0,2633729,1,1,9974,1107,600012,6,6000,42000,46,276.0,2.3,3.8433,0.76085502
cold,0,1,0,0.001,0.1,512,3,5,4,256,6000,8.0,2633729,1,1,9974,1107,600012,6,6000,42000,47,282.0,2.35,3.92685,0.76877099
cold,0,1,0,0.001,0.1,512,3,5,4,256,6000,8.0,2633729,1,1,9974,1107,600012,6,6000,42000,48,288.0,2.4,4.0104,0.77662629
cold,0,1,0,0.001,0.1,512,3,5,4,256,6000,8.0,2633729,1,1,9974,1107,600012,6,6000,42000,49,294.0,2.45,4.09395,0.78458411
cold,0,1,0,0.001,0.1,512,3,5,4,256,6000,8.0,2633729,1,1,9974,1107,600012,6,6000,42000,50,300.0,2.5,4.1775,0.79389191
cold,0,1,0,0.001,0.1,512,3,5,4,256,6000,8.0,2633729,1,1,9974,1107,600012,6,6000,42000,51,306.0,2.55,4.26105,0.80445355
cold,0,1,0,0.001,0.1,512,3,5,4,256,6000,8.0,2633729,1,1,9974,1107,600012,6,6000,42000,52,312.0,2.6,4.3446,0.81529337
cold,0,1,0,0.001,0.1,512,3,5,4,256,6000,8.0,2633729,1,1,9974,1107,600012,6,6000,42000,53,318.0,2.65,4.42815,0.82524741
cold,0,1,0,0.001,0.1,512,3,5,4,256,6000,8.0,2633729,1,1,9974,1107,600012,6,6000,42000,54,324.0,2.7,4.5117,0.8331542
cold,0,1,0,0.001,0.1,512,3,5,4,256,6000,8.0,2633729,1,1,9974,1107,600012,6,6000,42000,55,330.0,2.75,4.59525,0.8387292
cold,0,1,0,0.001,0.1,512,3,5,4,256,6000,8.0,2633729,1,1,9974,1107,600012,6,6000,42000,56,336.0,2.8,4.6788,0.84294415
cold,0,1,0,0.001,0.1,512,3,5,4,256,6000,8.0,2633729,1,1,9974,1107,600012,6,6000,42000,57,342.0,2.85,4.76235,0.84696007
cold,0,1,0,0.001,0.1,512,3,5,4,256,6000,8.0,2633729,1,1,9974,1107,600012,6,6000,42000,58,348.0,2.9,4.8459,0.85161644
cold,0,1,0,0.001,0.1,512,3,5,4,256,6000,8.0,2633729,1,1,9974,1107,600012,6,6000,42000,59,354.0,2.95,4.92945,0.85653943
cold,0,1,0,0.001,0.1,512,3,5,4,256,6000,8.0,2633729,1,1,9974,1107,600012,6,6000,42000,60,360.0,3.0,5.013,0.86119592
cold,0,1,0,0.001,0.1,512,3,5,4,256,6000,8.0,2633729,1,1,9974,1107,600012,6,6000,42000,61,366.0,3.05,5.09655,0.86578059
cold,0,1,0,0.001,0.1,512,3,5,4,256,6000,8.0,2633729,1,1,9974,1107,600012,6,6000,42000,62,372.0,3.1,5.1801,0.87112314
cold,0,1,0,0.001,0.1,512,3,5,4,256,6000,8.0,2633729,1,1,9974,1107,600012,6,6000,42000,63,378.0,3.15,5.26365,0.87851518
cold,0,1,0,0.001,0.1,512,3,5,4,256,6000,8.0,2633729,1,1,9974,1107,600012,6,6000,42000,64,384.0,3.2,5.3472,0.88758039
cold,0,1,0,0.001,0.1,512,3,5,4,256,6000,8.0,2633729,1,1,9974,1107,600012,6,6000,42000,65,390.0,3.25,5.43075,0.89706051
cold,0,1,0,0.001,0.1,512,3,5,4,256,6000,8.0,2633729,1,1,9974,1107,600012,6,6000,42000,66,396.0,3.3,5.5143,0.90553367
cold,0,1,0,0.001,0.1,512,3,5,4,256,6000,8.0,2633729,1,1,9974,1107,600012,6,6000,42000,67,402.0,3.35,5.59785,0.91148448
cold,0,1,0,0.001,0.1,512,3,5,4,256,6000,8.0,2633729,1,1,9974,1107,600012,6,6000,42000,68,408.0,3.4,5.6814,0.91435319
cold,0,1,0,0.001,0.1,512,3,5,4,256,6000,8.0,2633729,1,1,9974,1107,600012,6,6000,42000,69,414.0,3.45,5.76495,0.91469145
cold,0,1,0,0.001,0.1,512,3,5,4,256,6000,8.0,2633729,1,1,9974,1107,600012,6,6000,42000,70,420.0,3.5,5.8485,0.91311145
cold,0,1,0,0.001,0.1,512,3,5,4,256,6000,8.0,2633729,1,1,9974,1107,600012,6,6000,42000,71,426.0,3.55,5.93205,0.91014445
cold,0,1,0,0.001,0.1,512,3,5,4,256,6000,8.0,2633729,1,1,9974,1107,600012,6,6000,42000,72,432.0,3.6,6.0156,0.90794128
cold,0,1,0,0.001,0.1,512,3,5,4,256,6000,8.0,2633729,1,1,9974,1107,600012,6,6000,42000,73,438.0,3.65,6.09915,0.90793395
cold,0,1,0,0.001,0.1,512,3,5,4,256,6000,8.0,2633729,1,1,9974,1107,600012,6,6000,42000,74,444.0,3.7,6.1827,0.91064095
cold,0,1,0,0.001,0.1,512,3,5,4,256,6000,8.0,2633729,1,1,9974,1107,600012,6,6000,42000,75,450.0,3.75,6.26625,0.91623986
cold,0,1,0,0.001,0.1,512,3,5,4,256,6000,8.0,2633729,1,1,9974,1107,600012,6,6000,42000,76,456.0,3.8,6.3498,0.924905
cold,0,1,0,0.001,0.1,512,3,5,4,256,6000,8.0,2633729,1,1,9974,1107,600012,6,6000,42000,77,462.0,3.85,6.43335,0.93434447
cold,0,1,0,0.001,0.1,512,3,5,4,256,6000,8.0,2633729,1,1,9974,1107,600012,6,6000,42000,78,468.0,3.9,6.5169,0.94024485
cold,0,1,0,0.001,0.1,512,3,5,4,256,6000,8.0,2633729,1,1,9974,1107,600012,6,6000,42000,79,474.0,3.95,6.60045,0.94108206
cold,0,1,0,0.001,0.1,512,3,5,4,256,6000,8.0,2633729,1,1,9974,1107,600012,6,6000,42000,80,480.0,4.0,6.684,0.9396112
cold,0,1,0,0.001,0.1,512,3,5,4,256,6000,8.0,2633729,1,1,9974,1107,600012,6,6000,42000,81,486.0,4.05,6.76755,0.93936419
cold,0,1,0,0.001,0.1,512,3,5,4,256,6000,8.0,2633729,1,1,9974,1107,600012,6,6000,42000,82,492.0,4.1,6.8511,0.94144511
cold,0,1,0,0.001,0.1,512,3,5,4,256,6000,8.0,2633729,1,1,9974,1107,600012,6,6000,42000,83,498.0,4.15,6.93465,0.94429463
cold,0,1,0,0.001,0.1,512,3,5,4,256,6000,8.0,2633729,1,1,9974,1107,600012,6,6000,42000,84,504.0,4.2,7.0182,0.94718438
cold,0,1,0,0.001,0.1,512,3,5,4,256,6000,8.0,2633729,1,1,9974,1107,600012,6,6000,42000,85,510.0,4.25,7.10175,0.95100361
cold,0,1,0,0.001,0.1,512,3,5,4,256,6000,8.0,2633729,1,1,9974,1107,600012,6,6000,42000,86,516.0,4.3,7.1853,0.95612997
cold,0,1,0,0.001,0.1,512,3,5,4,256,6000,8.0,2633729,1,1,9974,1107,600012,6,6000,42000,87,522.0,4.35,7.26885,0.96223587
cold,0,1,0,0.001,0.1,512,3,5,4,256,6000,8.0,2633729,1,1,9974,1107,600012,6,6000,42000,88,528.0,4.4,7.3524,0.96814448
cold,0,1,0,0.001,0.1,512,3,5,4,256,6000,8.0,2633729,1,1,9974,1107,600012,6,6000,42000,89,534.0,4.45,7.43595,0.97204608
cold,0,1,0,0.001,0.1,512,3,5,4,256,6000,8.0,2633729,1,1,9974,1107,600012,6,6000,42000,90,540.0,4.5,7.5195,0.97385603
cold,0,1,0,0.001,0.1,512,3,5,4,256,6000,8.0,2633729,1,1,9974,1107,600012,6,6000,42000,91,546.0,4.55,7.60305,0.97516972
cold,0,1,0,0.001,0.1,512,3,5,4,256,6000,8.0,2633729,1,1,9974,1107,600012,6,6000,42000,92,552.0,4.6,7.6866,0.97803265
cold,0,1,0,0.001,0.1,512,3,5,4,256,6000,8.0,2633729,1,1,9974,1107,600012,6,6000,42000,93,558.0,4.65,7.77015,0.98165065
cold,0,1,0,0.001,0.1,512,3,5,4,256,6000,8.0,2633729,1,1,9974,1107,600012,6,6000,42000,94,564.0,4.7,7.8537,0.98372799
cold,0,1,0,0.001,0.1,512,3,5,4,256,6000,8.0,2633729,1,1,9974,1107,600012,6,6000,42000,95,570.0,4.75,7.93725,0.98306346
cold,0,1,0,0.001,0.1,512,3,5,4,256,6000,8.0,2633729,1,1,9974,1107,600012,6,6000,42000,96,576.0,4.8,8.0208,0.97988093
cold,0,1,0,0.001,0.1,512,3,5,4,256,6000,8.0,2633729,1,1,9974,1107,600012,6,6000,42000,97,582.0,4.85,8.10435,0.97593683
cold,0,1,0,0.001,0.1,512,3,5,4,256,6000,8.0,2633729,1,1,9974,1107,600012,6,6000,42000,98,588.0,4.9,8.1879,0.97175956
cold,0,1,0,0.001,0.1,512,3,5,4,256,6000,8.0,2633729,1,1,9974,1107,600012,6,6000,42000,99,594.0,4.95,8.27145,0.96773851
cold,0,1,0,0.001,0.1,512,3,5,4,256,6000,8.0,2633729,1,1,9974,1107,600012,6,6000,42000,100,600.0,5.0,8.355,0.96472126
cold,0,1,0,0.001,0.1,512,3,5,4,256,6000,8.0,2633729,1,1,9974,1107,600012,6,6000,42000,101,606.0,5.05,8.43855,0.9641372
cold,0,1,0,0.001,0.1,512,3,5,4,256,6000,8.0,2633729,1,1,9974,1107,600012,6,6000,42000,102,612.0,5.1,8.5221,0.96638012
cold,0,1,0,0.001,0.1,512,3,5,4,256,6000,8.0,2633729,1,1,9974,1107,600012,6,6000,42000,103,618.0,5.15,8.60565,0.9696613
cold,0,1,0,0.001,0.1,512,3,5,4,256,6000,8.0,2633729,1,1,9974,1107,600012,6,6000,42000,104,624.0,5.2,8.6892,0.97195989
cold,0,1,0,0.001,0.1,512,3,5,4,256,6000,8.0,2633729,1,1,9974,1107,600012,6,6000,42000,105,630.0,5.25,8.77275,0.97230458
cold,0,1,0,0.001,0.1,512,3,5,4,256,6000,8.0,2633729,1,1,9974,1107,600012,6,6000,42000,106,636.0,5.3,8.8563,0.97153831
cold,0,1,0,0.001,0.1,512,3,5,4,256,6000,8.0,2633729,1,1,9974,1107,600012,6,6000,42000,107,642.0,5.35,8.93985,0.97135794
cold,0,1,0,0.001,0.1,512,3,5,4,256,6000,8.0,2633729,1,1,9974,1107,600012,6,6000,42000,108,648.0,5.4,9.0234,0.97254598
cold,0,1,0,0.001,0.1,512,3,5,4,256,6000,8.0,2633729,1,1,9974,1107,600012,6,6000,42000,109,654.0,5.45,9.10695,0.97400838
cold,0,1,0,0.001,0.1,512,3,5,4,256,6000,8.0,2633729,1,1,9974,1107,600012,6,6000,42000,110,660.0,5.5,9.1905,0.97457415
cold,0,1,0,0.001,0.1,512,3,5,4,256,6000,8.0,2633729,1,1,9974,1107,600012,6,6000,42000,111,666.0,5.55,9.27405,0.97473902
cold,0,1,0,0.001,0.1,512,3,5,4,256,6000,8.0,2633729,1,1,9974,1107,600012,6,6000,42000,112,672.0,5.6,9.3576,0.97632366
cold,0,1,0,0.001,0.1,512,3,5,4,256,6000,8.0,2633729,1,1,9974,1107,600012,6,6000,42000,113,678.0,5.65,9.44115,0.98060638
cold,0,1,0,0.001,0.1,512,3,5,4,256,6000,8.0,2633729,1,1,9974,1107,600012,6,6000,42000,114,684.0,5.7,9.5247,0.98694682
cold,0,1,0,0.001,0.1,512,3,5,4,256,6000,8.0,2633729,1,1,9974,1107,600012,6,6000,42000,115,690.0,5.75,9.60825,0.99318951
cold,0,1,0,0.001,0.1,512,3,5,4,256,6000,8.0,2633729,1,1,9974,1107,600012,6,6000,42000,116,696.0,5.8,9.6918,0.99651092
cold,0,1,0,0.001,0.1,512,3,5,4,256,6000,8.0,2633729,1,1,9974,1107,600012,6,6000,42000,117,702.0,5.85,9.77535,0.99472761
cold,0,1,0,0.001,0.1,512,3,5,4,256,6000,8.0,2633729,1,1,9974,1107,600012,6,6000,42000,118,708.0,5.9,9.8589,0.98855811
cold,0,1,0,0.001,0.1,512,3,5,4,256,6000,8.0,2633729,1,1,9974,1107,600012,6,6000,42000,119,714.0,5.95,9.94245,0.98135573
cold,0,1,0,0.001,0.1,512,3,5,4,256,6000,8.0,2633729,1,1,9974,1107,600012,6,6000,42000,120,720.0,6.0,10.026,0.97618228
cold,0,1,0,0.001,0.1,512,3,5,4,256,6000,8.0,2633729,1,1,9974,1108,600013,7,1,42001,1,6.0,0.05,0.08355,0.47909823
cold,0,1,0,0.001,0.1,512,3,5,4,256,6000,8.0,2633729,1,1,9974,1108,600013,7,1,42001,2,12.0,0.1,0.1671,0.91086769
cold,0,1,0,0.001,0.1,512,3,5,4,256,6000,8.0,2633729,1,1,9974,1108,600013,7,1,42001,3,18.0,0.15,0.25065,1.27132261
cold,0,1,0,0.001,0.1,512,3,5,4,256,6000,8.0,2633729,1,1,9974,1108,600013,7,1,42001,4,24.0,0.2,0.3342,1.57524335
cold,0,1,0,0.001,0.1,512,3,5,4,256,6000,8.0,2633729,1,1,9974,1108,600013,7,1,42001,5,30.0,0.25,0.41775,1.88879168
cold,0,1,0,0.001,0.1,512,3,5,4,256,6000,8.0,2633729,1,1,9974,1108,600013,7,1,42001,6,36.0,0.3,0.5013,2.26934743
cold,0,1,0,0.001,0.1,512,3,5,4,256,6000,8.0,2633729,1,1,9974,1108,600013,7,1,42001,7,42.0,0.35,0.58485,2.69545388
cold,0,1,0,0.001,0.1,512,3,5,4,256,6000,8.0,2633729,1,1,9974,1108,600013,7,1,42001,8,48.0,0.4,0.6684,3.15708995
cold,0,1,0,0.001,0.1,512,3,5,4,256,6000,8.0,2633729,1,1,9974,1108,600013,7,1,42001,9,54.0,0.45,0.75195,3.70081472
cold,0,1,0,0.001,0.1,512,3,5,4,256,6000,8.0,2633729,1,1,9974,1108,600013,7,1,42001,10,60.0,0.5,0.8355,4.39378166
cold,0,1,0,0.001,0.1,512,3,5,4,256,6000,8.0,2633729,1,1,9974,1108,600013,7,1,42001,11,66.0,0.55,0.91905,5.27205992
cold,0,1,0,0.001,0.1,512,3,5,4,256,6000,8.0,2633729,1,1,9974,1108,600013,7,1,42001,12,72.0,0.6,1.0026,6.36683226
cold,0,1,0,0.001,0.1,512,3,5,4,256,6000,8.0,2633729,1,1,9974,1108,600013,7,1,42001,13,78.0,0.65,1.08615,7.7361064
cold,0,1,0,0.001,0.1,512,3,5,4,256,6000,8.0,2633729,1,1,9974,1108,600013,7,1,42001,14,84.0,0.7,1.1697,9.4638176
cold,0,1,0,0.001,0.1,512,3,5,4,256,6000,8.0,2633729,1,1,9974,1108,600013,7,1,42001,15,90.0,0.75,1.25325,11.63040161
cold,0,1,0,0.001,0.1,512,3,5,4,256,6000,8.0,2633729,1,1,9974,1108,600013,7,1,42001,16,96.0,0.8,1.3368,14.31838417
cold,0,1,0,0.001,0.1,512,3,5,4,256,6000,8.0,2633729,1,1,9974,1108,600013,7,1,42001,17,102.0,0.85,1.42035,17.62364769
cold,0,1,0,0.001,0.1,512,3,5,4,256,6000,8.0,2633729,1,1,9974,1108,600013,7,1,42001,18,108.0,0.9,1.5039,21.67810059
cold,0,1,0,0.001,0.1,512,3,5,4,256,6000,8.0,2633729,1,1,9974,1108,600013,7,1,42001,19,114.0,0.95,1.58745,26.65491486
cold,0,1,0,0.001,0.1,512,3,5,4,256,6000,8.0,2633729,1,1,9974,1108,600013,7,1,42001,20,120.0,1.0,1.671,32.75634766
cold,0,1,0,0.001,0.1,512,3,5,4,256,6000,8.0,2633729,1,1,9974,1108,600013,7,1,42001,21,126.0,1.05,1.75455,40.24426651
cold,0,1,0,0.001,0.1,512,3,5,4,256,6000,8.0,2633729,1,1,9974,1108,600013,7,1,42001,22,132.0,1.1,1.8381,49.43486404
cold,0,1,0,0.001,0.1,512,3,5,4,256,6000,8.0,2633729,1,1,9974,1108,600013,7,1,42001,23,138.0,1.15,1.92165,60.73971939
cold,0,1,0,0.001,0.1,512,3,5,4,256,6000,8.0,2633729,1,1,9974,1108,600013,7,1,42001,24,144.0,1.2,2.0052,74.67571259
cold,0,1,0,0.001,0.1,512,3,5,4,256,6000,8.0,2633729,1,1,9974,1108,600013,7,1,42001,25,150.0,1.25,2.08875,91.85262299
cold,0,1,0,0.001,0.1,512,3,5,4,256,6000,8.0,2633729,1,1,9974,1108,600013,7,1,42001,26,156.0,1.3,2.1723,113.0901947
cold,0,1,0,0.001,0.1,512,3,5,4,256,6000,8.0,2633729,1,1,9974,1108,600013,7,1,42001,27,162.0,1.35,2.25585,139.23666382
cold,0,1,0,0.001,0.1,512,3,5,4,256,6000,8.0,2633729,1,1,9974,1108,600013,7,1,42001,28,168.0,1.4,2.3394,171.63555908
cold,0,1,0,0.001,0.1,512,3,5,4,256,6000,8.0,2633729,1,1,9974,1108,600013,7,1,42001,29,174.0,1.45,2.42295,211.48492432
cold,0,1,0,0.001,0.1,512,3,5,4,256,6000,8.0,2633729,1,1,9974,1108,600013,7,1,42001,30,180.0,1.5,2.5065,260.89785767
cold,0,1,0,0.001,0.1,512,3,5,4,256,6000,8.0,2633729,1,1,9974,1108,600013,7,1,42001,31,186.0,1.55,2.59005,321.66543579
cold,0,1,0,0.001,0.1,512,3,5,4,256,6000,8.0,2633729,1,1,9974,1108,600013,7,1,42001,32,192.0,1.6,2.6736,397.03833008
cold,0,1,0,0.001,0.1,512,3,5,4,256,6000,8.0,2633729,1,1,9974,1108,600013,7,1,42001,33,198.0,1.65,2.75715,489.75708008
cold,0,1,0,0.001,0.1,512,3,5,4,256,6000,8.0,2633729,1,1,9974,1108,600013,7,1,42001,34,204.0,1.7,2.8407,604.72137451
cold,0,1,0,0.001,0.1,512,3,5,4,256,6000,8.0,2633729,1,1,9974,1108,600013,7,1,42001,35,210.0,1.75,2.92425,746.28015137
cold,0,1,0,0.001,0.1,512,3,5,4,256,6000,8.0,2633729,1,1,9974,1108,600013,7,1,42001,36,216.0,1.8,3.0078,921.64666748
cold,0,1,0,0.001,0.1,512,3,5,4,256,6000,8.0,2633729,1,1,9974,1108,600013,7,1,42001,37,222.0,1.85,3.09135,1137.91455078
cold,0,1,0,0.001,0.1,512,3,5,4,256,6000,8.0,2633729,1,1,9974,1108,600013,7,1,42001,38,228.0,1.9,3.1749,1405.55407715
cold,0,1,0,0.001,0.1,512,3,5,4,256,6000,8.0,2633729,1,1,9974,1108,600013,7,1,42001,39,234.0,1.95,3.25845,1736.18041992
cold,0,1,0,0.001,0.1,512,3,5,4,256,6000,8.0,2633729,1,1,9974,1108,600013,7,1,42001,40,240.0,2.0,3.342,2144.94482422
cold,0,1,0,0.001,0.1,512,3,5,4,256,6000,8.0,2633729,1,1,9974,1108,600013,7,1,42001,41,246.0,2.05,3.42555,2650.55834961
cold,0,1,0,0.001,0.1,512,3,5,4,256,6000,8.0,2633729,1,1,9974,1108,600013,7,1,42001,42,252.0,2.1,3.5091,3275.29541016
cold,0,1,0,0.001,0.1,512,3,5,4,256,6000,8.0,2633729,1,1,9974,1108,600013,7,1,42001,43,258.0,2.15,3.59265,4048.79907227
cold,0,1,0,0.001,0.1,512,3,5,4,256,6000,8.0,2633729,1,1,9974,1108,600013,7,1,42001,44,264.0,2.2,3.6762,5004.11523438
cold,0,1,0,0.001,0.1,512,3,5,4,256,6000,8.0,2633729,1,1,9974,1108,600013,7,1,42001,45,270.0,2.25,3.75975,6187.97460938
cold,0,1,0,0.001,0.1,512,3,5,4,256,6000,8.0,2633729,1,1,9974,1108,600013,7,1,42001,46,276.0,2.3,3.8433,7649.27783203
cold,0,1,0,0.001,0.1,512,3,5,4,256,6000,8.0,2633729,1,1,9974,1108,600013,7,1,42001,47,282.0,2.35,3.92685,9462.66210938
cold,0,1,0,0.001,0.1,512,3,5,4,256,6000,8.0,2633729,1,1,9974,1108,600013,7,1,42001,48,288.0,2.4,4.0104,11698.25585938
cold,0,1,0,0.001,0.1,512,3,5,4,256,6000,8.0,2633729,1,1,9974,1108,600013,7,1,42001,49,294.0,2.45,4.09395,14475.61523438
cold,0,1,0,0.001,0.1,512,3,5,4,256,6000,8.0,2633729,1,1,9974,1108,600013,7,1,42001,50,300.0,2.5,4.1775,17897.34179688
cold,0,1,0,0.001,0.1,512,3,5,4,256,6000,8.0,2633729,1,1,9974,1108,600013,7,1,42001,51,306.0,2.55,4.26105,22151.30078125
cold,0,1,0,0.001,0.1,512,3,5,4,256,6000,8.0,2633729,1,1,9974,1108,600013,7,1,42001,52,312.0,2.6,4.3446,27390.94140625
cold,0,1,0,0.001,0.1,512,3,5,4,256,6000,8.0,2633729,1,1,9974,1108,600013,7,1,42001,53,318.0,2.65,4.42815,33908.71484375
cold,0,1,0,0.001,0.1,512,3,5,4,256,6000,8.0,2633729,1,1,9974,1108,600013,7,1,42001,54,324.0,2.7,4.5117,41938.62109375
cold,0,1,0,0.001,0.1,512,3,5,4,256,6000,8.0,2633729,1,1,9974,1108,600013,7,1,42001,55,330.0,2.75,4.59525,51924.8125
cold,0,1,0,0.001,0.1,512,3,5,4,256,6000,8.0,2633729,1,1,9974,1108,600013,7,1,42001,56,336.0,2.8,4.6788,64235.84765625
cold,0,1,0,0.001,0.1,512,3,5,4,256,6000,8.0,2633729,1,1,9974,1108,600013,7,1,42001,57,342.0,2.85,4.76235,79537.8984375
cold,0,1,0,0.001,0.1,512,3,5,4,256,6000,8.0,2633729,1,1,9974,1108,600013,7,1,42001,58,348.0,2.9,4.8459,98422.4921875
cold,0,1,0,0.001,0.1,512,3,5,4,256,6000,8.0,2633729,1,1,9974,1108,600013,7,1,42001,59,354.0,2.95,4.92945,121873.046875
cold,0,1,0,0.001,0.1,512,3,5,4,256,6000,8.0,2633729,1,1,9974,1108,600013,7,1,42001,60,360.0,3.0,5.013,150847.09375
cold,0,1,0,0.001,0.1,512,3,5,4,256,6000,8.0,2633729,1,1,9974,1108,600013,7,1,42001,61,366.0,3.05,5.09655,186797.4375
cold,0,1,0,0.001,0.1,512,3,5,4,256,6000,8.0,2633729,1,1,9974,1108,600013,7,1,42001,62,372.0,3.1,5.1801,231265.03125
cold,0,1,0,0.001,0.1,512,3,5,4,256,6000,8.0,2633729,1,1,9974,1108,600013,7,1,42001,63,378.0,3.15,5.26365,286371.5625
cold,0,1,0,0.001,0.1,512,3,5,4,256,6000,8.0,2633729,1,1,9974,1108,600013,7,1,42001,64,384.0,3.2,5.3472,354651.4375
cold,0,1,0,0.001,0.1,512,3,5,4,256,6000,8.0,2633729,1,1,9974,1108,600013,7,1,42001,65,390.0,3.25,5.43075,439115.84375
cold,0,1,0,0.001,0.1,512,3,5,4,256,6000,8.0,2633729,1,1,9974,1108,600013,7,1,42001,66,396.0,3.3,5.5143,543979.625
cold,0,1,0,0.001,0.1,512,3,5,4,256,6000,8.0,2633729,1,1,9974,1108,600013,7,1,42001,67,402.0,3.35,5.59785,673511.1875
cold,0,1,0,0.001,0.1,512,3,5,4,256,6000,8.0,2633729,1,1,9974,1108,600013,7,1,42001,68,408.0,3.4,5.6814,834548.25
cold,0,1,0,0.001,0.1,512,3,5,4,256,6000,8.0,2633729,1,1,9974,1108,600013,7,1,42001,69,414.0,3.45,5.76495,1033310.5
cold,0,1,0,0.001,0.1,512,3,5,4,256,6000,8.0,2633729,1,1,9974,1108,600013,7,1,42001,70,420.0,3.5,5.8485,1280632.5
cold,0,1,0,0.001,0.1,512,3,5,4,256,6000,8.0,2633729,1,1,9974,1108,600013,7,1,42001,71,426.0,3.55,5.93205,1585705.125
cold,0,1,0,0.001,0.1,512,3,5,4,256,6000,8.0,2633729,1,1,9974,1108,600013,7,1,42001,72,432.0,3.6,6.0156,1965438.5
cold,0,1,0,0.001,0.1,512,3,5,4,256,6000,8.0,2633729,1,1,9974,1108,600013,7,1,42001,73,438.0,3.65,6.09915,2433835.5
cold,0,1,0,0.001,0.1,512,3,5,4,256,6000,8.0,2633729,1,1,9974,1108,600013,7,1,42001,74,444.0,3.7,6.1827,3016904.5
cold,0,1,0,0.001,0.1,512,3,5,4,256,6000,8.0,2633729,1,1,9974,1108,600013,7,1,42001,75,450.0,3.75,6.26625,3736246.5
cold,0,1,0,0.001,0.1,512,3,5,4,256,6000,8.0,2633729,1,1,9974,1108,600013,7,1,42001,76,456.0,3.8,6.3498,4631662.5
cold,0,1,0,0.001,0.1,512,3,5,4,256,6000,8.0,2633729,1,1,9974,1108,600013,7,1,42001,77,462.0,3.85,6.43335,5736468.0
cold,0,1,0,0.001,0.1,512,3,5,4,256,6000,8.0,2633729,1,1,9974,1108,600013,7,1,42001,78,468.0,3.9,6.5169,7111740.5
cold,0,1,0,0.001,0.1,512,3,5,4,256,6000,8.0,2633729,1,1,9974,1108,600013,7,1,42001,79,474.0,3.95,6.60045,8809435.0
cold,0,1,0,0.001,0.1,512,3,5,4,256,6000,8.0,2633729,1,1,9974,1108,600013,7,1,42001,80,480.0,4.0,6.684,10921636.0
cold,0,1,0,0.001,0.1,512,3,5,4,256,6000,8.0,2633729,1,1,9974,1108,600013,7,1,42001,81,486.0,4.05,6.76755,13530666.0
cold,0,1,0,0.001,0.1,512,3,5,4,256,6000,8.0,2633729,1,1,9974,1108,600013,7,1,42001,82,492.0,4.1,6.8511,16773470.0
cold,0,1,0,0.001,0.1,512,3,5,4,256,6000,8.0,2633729,1,1,9974,1108,600013,7,1,42001,83,498.0,4.15,6.93465,20786492.0
cold,0,1,0,0.001,0.1,512,3,5,4,256,6000,8.0,2633729,1,1,9974,1108,600013,7,1,42001,84,504.0,4.2,7.0182,25764092.0
cold,0,1,0,0.001,0.1,512,3,5,4,256,6000,8.0,2633729,1,1,9974,1108,600013,7,1,42001,85,510.0,4.25,7.10175,31937978.0
cold,0,1,0,0.001,0.1,512,3,5,4,256,6000,8.0,2633729,1,1,9974,1108,600013,7,1,42001,86,516.0,4.3,7.1853,39579800.0
cold,0,1,0,0.001,0.1,512,3,5,4,256,6000,8.0,2633729,1,1,9974,1108,600013,7,1,42001,87,522.0,4.35,7.26885,49077280.0
cold,0,1,0,0.001,0.1,512,3,5,4,256,6000,8.0,2633729,1,1,9974,1108,600013,7,1,42001,88,528.0,4.4,7.3524,60813184.0
cold,0,1,0,0.001,0.1,512,3,5,4,256,6000,8.0,2633729,1,1,9974,1108,600013,7,1,42001,89,534.0,4.45,7.43595,75419440.0
cold,0,1,0,0.001,0.1,512,3,5,4,256,6000,8.0,2633729,1,1,9974,1108,600013,7,1,42001,90,540.0,4.5,7.5195,93447392.0
cold,0,1,0,0.001,0.1,512,3,5,4,256,6000,8.0,2633729,1,1,9974,1108,600013,7,1,42001,91,546.0,4.55,7.60305,115908456.0
cold,0,1,0,0.001,0.1,512,3,5,4,256,6000,8.0,2633729,1,1,9974,1108,600013,7,1,42001,92,552.0,4.6,7.6866,143615328.0
cold,0,1,0,0.001,0.1,512,3,5,4,256,6000,8.0,2633729,1,1,9974,1108,600013,7,1,42001,93,558.0,4.65,7.77015,178144656.0
cold,0,1,0,0.001,0.1,512,3,5,4,256,6000,8.0,2633729,1,1,9974,1108,600013,7,1,42001,94,564.0,4.7,7.8537,220736736.0
cold,0,1,0,0.001,0.1,512,3,5,4,256,6000,8.0,2633729,1,1,9974,1108,600013,7,1,42001,95,570.0,4.75,7.93725,273818112.0
cold,0,1,0,0.001,0.1,512,3,5,4,256,6000,8.0,2633729,1,1,9974,1108,600013,7,1,42001,96,576.0,4.8,8.0208,339297568.0
cold,0,1,0,0.001,0.1,512,3,5,4,256,6000,8.0,2633729,1,1,9974,1108,600013,7,1,42001,97,582.0,4.85,8.10435,420902752.0
cold,0,1,0,0.001,0.1,512,3,5,4,256,6000,8.0,2633729,1,1,9974,1108,600013,7,1,42001,98,588.0,4.9,8.1879,521590752.0
cold,0,1,0,0.001,0.1,512,3,5,4,256,6000,8.0,2633729,1,1,9974,1108,600013,7,1,42001,99,594.0,4.95,8.27145,647027904.0
cold,0,1,0,0.001,0.1,512,3,5,4,256,6000,8.0,2633729,1,1,9974,1108,600013,7,1,42001,100,600.0,5.0,8.355,801908416.0
cold,0,1,0,0.001,0.1,512,3,5,4,256,6000,8.0,2633729,1,1,9974,1108,600013,7,1,42001,101,606.0,5.05,8.43855,994728000.0
cold,0,1,0,0.001,0.1,512,3,5,4,256,6000,8.0,2633729,1,1,9974,1108,600013,7,1,42001,102,612.0,5.1,8.5221,1233066752.0
cold,0,1,0,0.001,0.1,512,3,5,4,256,6000,8.0,2633729,1,1,9974,1108,600013,7,1,42001,103,618.0,5.15,8.60565,1529384192.0
cold,0,1,0,0.001,0.1,512,3,5,4,256,6000,8.0,2633729,1,1,9974,1108,600013,7,1,42001,104,624.0,5.2,8.6892,1896193536.0
cold,0,1,0,0.001,0.1,512,3,5,4,256,6000,8.0,2633729,1,1,9974,1108,600013,7,1,42001,105,630.0,5.25,8.77275,2351497472.0
cold,0,1,0,0.001,0.1,512,3,5,4,256,6000,8.0,2633729,1,1,9974,1108,600013,7,1,42001,106,636.0,5.3,8.8563,2916112384.0
cold,0,1,0,0.001,0.1,512,3,5,4,256,6000,8.0,2633729,1,1,9974,1108,600013,7,1,42001,107,642.0,5.35,8.93985,3615725056.0
cold,0,1,0,0.001,0.1,512,3,5,4,256,6000,8.0,2633729,1,1,9974,1108,600013,7,1,42001,108,648.0,5.4,9.0234,4484916736.0
cold,0,1,0,0.001,0.1,512,3,5,4,256,6000,8.0,2633729,1,1,9974,1108,600013,7,1,42001,109,654.0,5.45,9.10695,5560077824.0
cold,0,1,0,0.001,0.1,512,3,5,4,256,6000,8.0,2633729,1,1,9974,1108,600013,7,1,42001,110,660.0,5.5,9.1905,6897802752.0
cold,0,1,0,0.001,0.1,512,3,5,4,256,6000,8.0,2633729,1,1,9974,1108,600013,7,1,42001,111,666.0,5.55,9.27405,8550546432.0
cold,0,1,0,0.001,0.1,512,3,5,4,256,6000,8.0,2633729,1,1,9974,1108,600013,7,1,42001,112,672.0,5.6,9.3576,10608933888.0
cold,0,1,0,0.001,0.1,512,3,5,4,256,6000,8.0,2633729,1,1,9974,1108,600013,7,1,42001,113,678.0,5.65,9.44115,13150116864.0
cold,0,1,0,0.001,0.1,512,3,5,4,256,6000,8.0,2633729,1,1,9974,1108,600013,7,1,42001,114,684.0,5.7,9.5247,16317330432.0
cold,0,1,0,0.001,0.1,512,3,5,4,256,6000,8.0,2633729,1,1,9974,1108,600013,7,1,42001,115,690.0,5.75,9.60825,20225028096.0
cold,0,1,0,0.001,0.1,512,3,5,4,256,6000,8.0,2633729,1,1,9974,1108,600013,7,1,42001,116,696.0,5.8,9.6918,25097910272.0
cold,0,1,0,0.001,0.1,512,3,5,4,256,6000,8.0,2633729,1,1,9974,1108,600013,7,1,42001,117,702.0,5.85,9.77535,31108923392.0
cold,0,1,0,0.001,0.1,512,3,5,4,256,6000,8.0,2633729,1,1,9974,1108,600013,7,1,42001,118,708.0,5.9,9.8589,38603870208.0
cold,0,1,0,0.001,0.1,512,3,5,4,256,6000,8.0,2633729,1,1,9974,1108,600013,7,1,42001,119,714.0,5.95,9.94245,47853809664.0
cold,0,1,0,0.001,0.1,512,3,5,4,256,6000,8.0,2633729,1,1,9974,1108,600013,7,1,42001,120,720.0,6.0,10.026,59382337536.0
cold,0,1,0,0.001,0.1,512,3,5,4,256,6000,8.0,2633729,1,1,9974,1108,600013,7,12,42012,1,6.0,0.05,0.08355,0.19477466
cold,0,1,0,0.001,0.1,512,3,5,4,256,6000,8.0,2633729,1,1,9974,1108,600013,7,12,42012,2,12.0,0.1,0.1671,0.37165263
cold,0,1,0,0.001,0.1,512,3,5,4,256,6000,8.0,2633729,1,1,9974,1108,600013,7,12,42012,3,18.0,0.15,0.25065,0.54863542
cold,0,1,0,0.001,0.1,512,3,5,4,256,6000,8.0,2633729,1,1,9974,1108,600013,7,12,42012,4,24.0,0.2,0.3342,0.71232671
cold,0,1,0,0.001,0.1,512,3,5,4,256,6000,8.0,2633729,1,1,9974,1108,600013,7,12,42012,5,30.0,0.25,0.41775,0.85211176
cold,0,1,0,0.001,0.1,512,3,5,4,256,6000,8.0,2633729,1,1,9974,1108,600013,7,12,42012,6,36.0,0.3,0.5013,0.97265261
cold,0,1,0,0.001,0.1,512,3,5,4,256,6000,8.0,2633729,1,1,9974,1108,600013,7,12,42012,7,42.0,0.35,0.58485,1.07871652
cold,0,1,0,0.001,0.1,512,3,5,4,256,6000,8.0,2633729,1,1,9974,1108,600013,7,12,42012,8,48.0,0.4,0.6684,1.17304921
cold,0,1,0,0.001,0.1,512,3,5,4,256,6000,8.0,2633729,1,1,9974,1108,600013,7,12,42012,9,54.0,0.45,0.75195,1.25619817
cold,0,1,0,0.001,0.1,512,3,5,4,256,6000,8.0,2633729,1,1,9974,1108,600013,7,12,42012,10,60.0,0.5,0.8355,1.33013439
cold,0,1,0,0.001,0.1,512,3,5,4,256,6000,8.0,2633729,1,1,9974,1108,600013,7,12,42012,11,66.0,0.55,0.91905,1.39950621
cold,0,1,0,0.001,0.1,512,3,5,4,256,6000,8.0,2633729,1,1,9974,1108,600013,7,12,42012,12,72.0,0.6,1.0026,1.46693397
cold,0,1,0,0.001,0.1,512,3,5,4,256,6000,8.0,2633729,1,1,9974,1108,600013,7,12,42012,13,78.0,0.65,1.08615,1.52978635
cold,0,1,0,0.001,0.1,512,3,5,4,256,6000,8.0,2633729,1,1,9974,1108,600013,7,12,42012,14,84.0,0.7,1.1697,1.58247316
cold,0,1,0,0.001,0.1,512,3,5,4,256,6000,8.0,2633729,1,1,9974,1108,600013,7,12,42012,15,90.0,0.75,1.25325,1.62250602
cold,0,1,0,0.001,0.1,512,3,5,4,256,6000,8.0,2633729,1,1,9974,1108,600013,7,12,42012,16,96.0,0.8,1.3368,1.65307224
cold,0,1,0,0.001,0.1,512,3,5,4,256,6000,8.0,2633729,1,1,9974,1108,600013,7,12,42012,17,102.0,0.85,1.42035,1.67855871
cold,0,1,0,0.001,0.1,512,3,5,4,256,6000,8.0,2633729,1,1,9974,1108,600013,7,12,42012,18,108.0,0.9,1.5039,1.70142436
cold,0,1,0,0.001,0.1,512,3,5,4,256,6000,8.0,2633729,1,1,9974,1108,600013,7,12,42012,19,114.0,0.95,1.58745,1.7223345
cold,0,1,0,0.001,0.1,512,3,5,4,256,6000,8.0,2633729,1,1,9974,1108,600013,7,12,42012,20,120.0,1.0,1.671,1.74079192
cold,0,1,0,0.001,0.1,512,3,5,4,256,6000,8.0,2633729,1,1,9974,1108,600013,7,12,42012,21,126.0,1.05,1.75455,1.75598657
cold,0,1,0,0.001,0.1,512,3,5,4,256,6000,8.0,2633729,1,1,9974,1108,600013,7,12,42012,22,132.0,1.1,1.8381,1.76842666
cold,0,1,0,0.001,0.1,512,3,5,4,256,6000,8.0,2633729,1,1,9974,1108,600013,7,12,42012,23,138.0,1.15,1.92165,1.78280306
cold,0,1,0,0.001,0.1,512,3,5,4,256,6000,8.0,2633729,1,1,9974,1108,600013,7,12,42012,24,144.0,1.2,2.0052,1.80248141
cold,0,1,0,0.001,0.1,512,3,5,4,256,6000,8.0,2633729,1,1,9974,1108,600013,7,12,42012,25,150.0,1.25,2.08875,1.82317173
cold,0,1,0,0.001,0.1,512,3,5,4,256,6000,8.0,2633729,1,1,9974,1108,600013,7,12,42012,26,156.0,1.3,2.1723,1.84135795
cold,0,1,0,0.001,0.1,512,3,5,4,256,6000,8.0,2633729,1,1,9974,1108,600013,7,12,42012,27,162.0,1.35,2.25585,1.85800898
cold,0,1,0,0.001,0.1,512,3,5,4,256,6000,8.0,2633729,1,1,9974,1108,600013,7,12,42012,28,168.0,1.4,2.3394,1.87308669
cold,0,1,0,0.001,0.1,512,3,5,4,256,6000,8.0,2633729,1,1,9974,1108,600013,7,12,42012,29,174.0,1.45,2.42295,1.88942242
cold,0,1,0,0.001,0.1,512,3,5,4,256,6000,8.0,2633729,1,1,9974,1108,600013,7,12,42012,30,180.0,1.5,2.5065,1.91146863
cold,0,1,0,0.001,0.1,512,3,5,4,256,6000,8.0,2633729,1,1,9974,1108,600013,7,12,42012,31,186.0,1.55,2.59005,1.93772686
cold,0,1,0,0.001,0.1,512,3,5,4,256,6000,8.0,2633729,1,1,9974,1108,600013,7,12,42012,32,192.0,1.6,2.6736,1.96435261
cold,0,1,0,0.001,0.1,512,3,5,4,256,6000,8.0,2633729,1,1,9974,1108,600013,7,12,42012,33,198.0,1.65,2.75715,1.99167633
cold,0,1,0,0.001,0.1,512,3,5,4,256,6000,8.0,2633729,1,1,9974,1108,600013,7,12,42012,34,204.0,1.7,2.8407,2.02355623
cold,0,1,0,0.001,0.1,512,3,5,4,256,6000,8.0,2633729,1,1,9974,1108,600013,7,12,42012,35,210.0,1.75,2.92425,2.06140614
cold,0,1,0,0.001,0.1,512,3,5,4,256,6000,8.0,2633729,1,1,9974,1108,600013,7,12,42012,36,216.0,1.8,3.0078,2.09888744
cold,0,1,0,0.001,0.1,512,3,5,4,256,6000,8.0,2633729,1,1,9974,1108,600013,7,12,42012,37,222.0,1.85,3.09135,2.12870574
cold,0,1,0,0.001,0.1,512,3,5,4,256,6000,8.0,2633729,1,1,9974,1108,600013,7,12,42012,38,228.0,1.9,3.1749,2.15331697
cold,0,1,0,0.001,0.1,512,3,5,4,256,6000,8.0,2633729,1,1,9974,1108,600013,7,12,42012,39,234.0,1.95,3.25845,2.17949772
cold,0,1,0,0.001,0.1,512,3,5,4,256,6000,8.0,2633729,1,1,9974,1108,600013,7,12,42012,40,240.0,2.0,3.342,2.21050358
cold,0,1,0,0.001,0.1,512,3,5,4,256,6000,8.0,2633729,1,1,9974,1108,600013,7,12,42012,41,246.0,2.05,3.42555,2.24665928
cold,0,1,0,0.001,0.1,512,3,5,4,256,6000,8.0,2633729,1,1,9974,1108,600013,7,12,42012,42,252.0,2.1,3.5091,2.2828691
cold,0,1,0,0.001,0.1,512,3,5,4,256,6000,8.0,2633729,1,1,9974,1108,600013,7,12,42012,43,258.0,2.15,3.59265,2.3120153
cold,0,1,0,0.001,0.1,512,3,5,4,256,6000,8.0,2633729,1,1,9974,1108,600013,7,12,42012,44,264.0,2.2,3.6762,2.33539438
cold,0,1,0,0.001,0.1,512,3,5,4,256,6000,8.0,2633729,1,1,9974,1108,600013,7,12,42012,45,270.0,2.25,3.75975,2.36146641
cold,0,1,0,0.001,0.1,512,3,5,4,256,6000,8.0,2633729,1,1,9974,1108,600013,7,12,42012,46,276.0,2.3,3.8433,2.39336991
cold,0,1,0,0.001,0.1,512,3,5,4,256,6000,8.0,2633729,1,1,9974,1108,600013,7,12,42012,47,282.0,2.35,3.92685,2.42656279
cold,0,1,0,0.001,0.1,512,3,5,4,256,6000,8.0,2633729,1,1,9974,1108,600013,7,12,42012,48,288.0,2.4,4.0104,2.45462608
cold,0,1,0,0.001,0.1,512,3,5,4,256,6000,8.0,2633729,1,1,9974,1108,600013,7,12,42012,49,294.0,2.45,4.09395,2.47524476
cold,0,1,0,0.001,0.1,512,3,5,4,256,6000,8.0,2633729,1,1,9974,1108,600013,7,12,42012,50,300.0,2.5,4.1775,2.49269414
cold,0,1,0,0.001,0.1,512,3,5,4,256,6000,8.0,2633729,1,1,9974,1108,600013,7,12,42012,51,306.0,2.55,4.26105,2.51130486
cold,0,1,0,0.001,0.1,512,3,5,4,256,6000,8.0,2633729,1,1,9974,1108,600013,7,12,42012,52,312.0,2.6,4.3446,2.53132606
cold,0,1,0,0.001,0.1,512,3,5,4,256,6000,8.0,2633729,1,1,9974,1108,600013,7,12,42012,53,318.0,2.65,4.42815,2.55150986
cold,0,1,0,0.001,0.1,512,3,5,4,256,6000,8.0,2633729,1,1,9974,1108,600013,7,12,42012,54,324.0,2.7,4.5117,2.5686574
cold,0,1,0,0.001,0.1,512,3,5,4,256,6000,8.0,2633729,1,1,9974,1108,600013,7,12,42012,55,330.0,2.75,4.59525,2.58087182
cold,0,1,0,0.001,0.1,512,3,5,4,256,6000,8.0,2633729,1,1,9974,1108,600013,7,12,42012,56,336.0,2.8,4.6788,2.59152198
cold,0,1,0,0.001,0.1,512,3,5,4,256,6000,8.0,2633729,1,1,9974,1108,600013,7,12,42012,57,342.0,2.85,4.76235,2.60406423
cold,0,1,0,0.001,0.1,512,3,5,4,256,6000,8.0,2633729,1,1,9974,1108,600013,7,12,42012,58,348.0,2.9,4.8459,2.6168673
cold,0,1,0,0.001,0.1,512,3,5,4,256,6000,8.0,2633729,1,1,9974,1108,600013,7,12,42012,59,354.0,2.95,4.92945,2.62709022
cold,0,1,0,0.001,0.1,512,3,5,4,256,6000,8.0,2633729,1,1,9974,1108,600013,7,12,42012,60,360.0,3.0,5.013,2.63480639
cold,0,1,0,0.001,0.1,512,3,5,4,256,6000,8.0,2633729,1,1,9974,1108,600013,7,12,42012,61,366.0,3.05,5.09655,2.64016104
cold,0,1,0,0.001,0.1,512,3,5,4,256,6000,8.0,2633729,1,1,9974,1108,600013,7,12,42012,62,372.0,3.1,5.1801,2.64584851
cold,0,1,0,0.001,0.1,512,3,5,4,256,6000,8.0,2633729,1,1,9974,1108,600013,7,12,42012,63,378.0,3.15,5.26365,2.65682483
cold,0,1,0,0.001,0.1,512,3,5,4,256,6000,8.0,2633729,1,1,9974,1108,600013,7,12,42012,64,384.0,3.2,5.3472,2.67373943
cold,0,1,0,0.001,0.1,512,3,5,4,256,6000,8.0,2633729,1,1,9974,1108,600013,7,12,42012,65,390.0,3.25,5.43075,2.69059229
cold,0,1,0,0.001,0.1,512,3,5,4,256,6000,8.0,2633729,1,1,9974,1108,600013,7,12,42012,66,396.0,3.3,5.5143,2.7004838
cold,0,1,0,0.001,0.1,512,3,5,4,256,6000,8.0,2633729,1,1,9974,1108,600013,7,12,42012,67,402.0,3.35,5.59785,2.70259762
cold,0,1,0,0.001,0.1,512,3,5,4,256,6000,8.0,2633729,1,1,9974,1108,600013,7,12,42012,68,408.0,3.4,5.6814,2.7039516
cold,0,1,0,0.001,0.1,512,3,5,4,256,6000,8.0,2633729,1,1,9974,1108,600013,7,12,42012,69,414.0,3.45,5.76495,2.71042013
cold,0,1,0,0.001,0.1,512,3,5,4,256,6000,8.0,2633729,1,1,9974,1108,600013,7,12,42012,70,420.0,3.5,5.8485,2.719203
cold,0,1,0,0.001,0.1,512,3,5,4,256,6000,8.0,2633729,1,1,9974,1108,600013,7,12,42012,71,426.0,3.55,5.93205,2.7275219
cold,0,1,0,0.001,0.1,512,3,5,4,256,6000,8.0,2633729,1,1,9974,1108,600013,7,12,42012,72,432.0,3.6,6.0156,2.73630881
cold,0,1,0,0.001,0.1,512,3,5,4,256,6000,8.0,2633729,1,1,9974,1108,600013,7,12,42012,73,438.0,3.65,6.09915,2.74459696
cold,0,1,0,0.001,0.1,512,3,5,4,256,6000,8.0,2633729,1,1,9974,1108,600013,7,12,42012,74,444.0,3.7,6.1827,2.75114036
cold,0,1,0,0.001,0.1,512,3,5,4,256,6000,8.0,2633729,1,1,9974,1108,600013,7,12,42012,75,450.0,3.75,6.26625,2.75851941
cold,0,1,0,0.001,0.1,512,3,5,4,256,6000,8.0,2633729,1,1,9974,1108,600013,7,12,42012,76,456.0,3.8,6.3498,2.7701211
cold,0,1,0,0.001,0.1,512,3,5,4,256,6000,8.0,2633729,1,1,9974,1108,600013,7,12,42012,77,462.0,3.85,6.43335,2.78300285
cold,0,1,0,0.001,0.1,512,3,5,4,256,6000,8.0,2633729,1,1,9974,1108,600013,7,12,42012,78,468.0,3.9,6.5169,2.79158115
cold,0,1,0,0.001,0.1,512,3,5,4,256,6000,8.0,2633729,1,1,9974,1108,600013,7,12,42012,79,474.0,3.95,6.60045,2.79669356
cold,0,1,0,0.001,0.1,512,3,5,4,256,6000,8.0,2633729,1,1,9974,1108,600013,7,12,42012,80,480.0,4.0,6.684,2.80479765
cold,0,1,0,0.001,0.1,512,3,5,4,256,6000,8.0,2633729,1,1,9974,1108,600013,7,12,42012,81,486.0,4.05,6.76755,2.81637478
cold,0,1,0,0.001,0.1,512,3,5,4,256,6000,8.0,2633729,1,1,9974,1108,600013,7,12,42012,82,492.0,4.1,6.8511,2.82466364
cold,0,1,0,0.001,0.1,512,3,5,4,256,6000,8.0,2633729,1,1,9974,1108,600013,7,12,42012,83,498.0,4.15,6.93465,2.82956457
cold,0,1,0,0.001,0.1,512,3,5,4,256,6000,8.0,2633729,1,1,9974,1108,600013,7,12,42012,84,504.0,4.2,7.0182,2.83675337
cold,0,1,0,0.001,0.1,512,3,5,4,256,6000,8.0,2633729,1,1,9974,1108,600013,7,12,42012,85,510.0,4.25,7.10175,2.84689379
cold,0,1,0,0.001,0.1,512,3,5,4,256,6000,8.0,2633729,1,1,9974,1108,600013,7,12,42012,86,516.0,4.3,7.1853,2.85728478
cold,0,1,0,0.001,0.1,512,3,5,4,256,6000,8.0,2633729,1,1,9974,1108,600013,7,12,42012,87,522.0,4.35,7.26885,2.86995435
cold,0,1,0,0.001,0.1,512,3,5,4,256,6000,8.0,2633729,1,1,9974,1108,600013,7,12,42012,88,528.0,4.4,7.3524,2.88705254
cold,0,1,0,0.001,0.1,512,3,5,4,256,6000,8.0,2633729,1,1,9974,1108,600013,7,12,42012,89,534.0,4.45,7.43595,2.90396786
cold,0,1,0,0.001,0.1,512,3,5,4,256,6000,8.0,2633729,1,1,9974,1108,600013,7,12,42012,90,540.0,4.5,7.5195,2.91618347
cold,0,1,0,0.001,0.1,512,3,5,4,256,6000,8.0,2633729,1,1,9974,1108,600013,7,12,42012,91,546.0,4.55,7.60305,2.92695332
cold,0,1,0,0.001,0.1,512,3,5,4,256,6000,8.0,2633729,1,1,9974,1108,600013,7,12,42012,92,552.0,4.6,7.6866,2.94155765
cold,0,1,0,0.001,0.1,512,3,5,4,256,6000,8.0,2633729,1,1,9974,1108,600013,7,12,42012,93,558.0,4.65,7.77015,2.95677114
cold,0,1,0,0.001,0.1,512,3,5,4,256,6000,8.0,2633729,1,1,9974,1108,600013,7,12,42012,94,564.0,4.7,7.8537,2.96671867
cold,0,1,0,0.001,0.1,512,3,5,4,256,6000,8.0,2633729,1,1,9974,1108,600013,7,12,42012,95,570.0,4.75,7.93725,2.97594023
cold,0,1,0,0.001,0.1,512,3,5,4,256,6000,8.0,2633729,1,1,9974,1108,600013,7,12,42012,96,576.0,4.8,8.0208,2.99164867
cold,0,1,0,0.001,0.1,512,3,5,4,256,6000,8.0,2633729,1,1,9974,1108,600013,7,12,42012,97,582.0,4.85,8.10435,3.00952339
cold,0,1,0,0.001,0.1,512,3,5,4,256,6000,8.0,2633729,1,1,9974,1108,600013,7,12,42012,98,588.0,4.9,8.1879,3.02175307
cold,0,1,0,0.001,0.1,512,3,5,4,256,6000,8.0,2633729,1,1,9974,1108,600013,7,12,42012,99,594.0,4.95,8.27145,3.03117585
cold,0,1,0,0.001,0.1,512,3,5,4,256,6000,8.0,2633729,1,1,9974,1108,600013,7,12,42012,100,600.0,5.0,8.355,3.04318261
cold,0,1,0,0.001,0.1,512,3,5,4,256,6000,8.0,2633729,1,1,9974,1108,600013,7,12,42012,101,606.0,5.05,8.43855,3.05379152
cold,0,1,0,0.001,0.1,512,3,5,4,256,6000,8.0,2633729,1,1,9974,1108,600013,7,12,42012,102,612.0,5.1,8.5221,3.05792451
cold,0,1,0,0.001,0.1,512,3,5,4,256,6000,8.0,2633729,1,1,9974,1108,600013,7,12,42012,103,618.0,5.15,8.60565,3.05998325
cold,0,1,0,0.001,0.1,512,3,5,4,256,6000,8.0,2633729,1,1,9974,1108,600013,7,12,42012,104,624.0,5.2,8.6892,3.06727958
cold,0,1,0,0.001,0.1,512,3,5,4,256,6000,8.0,2633729,1,1,9974,1108,600013,7,12,42012,105,630.0,5.25,8.77275,3.07690096
cold,0,1,0,0.001,0.1,512,3,5,4,256,6000,8.0,2633729,1,1,9974,1108,600013,7,12,42012,106,636.0,5.3,8.8563,3.08153892
cold,0,1,0,0.001,0.1,512,3,5,4,256,6000,8.0,2633729,1,1,9974,1108,600013,7,12,42012,107,642.0,5.35,8.93985,3.0828743
cold,0,1,0,0.001,0.1,512,3,5,4,256,6000,8.0,2633729,1,1,9974,1108,600013,7,12,42012,108,648.0,5.4,9.0234,3.08622694
cold,0,1,0,0.001,0.1,512,3,5,4,256,6000,8.0,2633729,1,1,9974,1108,600013,7,12,42012,109,654.0,5.45,9.10695,3.08924913
cold,0,1,0,0.001,0.1,512,3,5,4,256,6000,8.0,2633729,1,1,9974,1108,600013,7,12,42012,110,660.0,5.5,9.1905,3.08793807
cold,0,1,0,0.001,0.1,512,3,5,4,256,6000,8.0,2633729,1,1,9974,1108,600013,7,12,42012,111,666.0,5.55,9.27405,3.08577514
cold,0,1,0,0.001,0.1,512,3,5,4,256,6000,8.0,2633729,1,1,9974,1108,600013,7,12,42012,112,672.0,5.6,9.3576,3.08680511
cold,0,1,0,0.001,0.1,512,3,5,4,256,6000,8.0,2633729,1,1,9974,1108,600013,7,12,42012,113,678.0,5.65,9.44115,3.08703327
cold,0,1,0,0.001,0.1,512,3,5,4,256,6000,8.0,2633729,1,1,9974,1108,600013,7,12,42012,114,684.0,5.7,9.5247,3.08426046
cold,0,1,0,0.001,0.1,512,3,5,4,256,6000,8.0,2633729,1,1,9974,1108,600013,7,12,42012,115,690.0,5.75,9.60825,3.08411741
cold,0,1,0,0.001,0.1,512,3,5,4,256,6000,8.0,2633729,1,1,9974,1108,600013,7,12,42012,116,696.0,5.8,9.6918,3.08867717
cold,0,1,0,0.001,0.1,512,3,5,4,256,6000,8.0,2633729,1,1,9974,1108,600013,7,12,42012,117,702.0,5.85,9.77535,3.09107184
cold,0,1,0,0.001,0.1,512,3,5,4,256,6000,8.0,2633729,1,1,9974,1108,600013,7,12,42012,118,708.0,5.9,9.8589,3.08833408
cold,0,1,0,0.001,0.1,512,3,5,4,256,6000,8.0,2633729,1,1,9974,1108,600013,7,12,42012,119,714.0,5.95,9.94245,3.08694053
cold,0,1,0,0.001,0.1,512,3,5,4,256,6000,8.0,2633729,1,1,9974,1108,600013,7,12,42012,120,720.0,6.0,10.026,3.09112453
cold,0,1,0,0.001,0.1,512,3,5,4,256,6000,8.0,2633729,1,1,9974,1108,600013,7,54,42054,1,6.0,0.05,0.08355,0.08802422
cold,0,1,0,0.001,0.1,512,3,5,4,256,6000,8.0,2633729,1,1,9974,1108,600013,7,54,42054,2,12.0,0.1,0.1671,0.12483145
cold,0,1,0,0.001,0.1,512,3,5,4,256,6000,8.0,2633729,1,1,9974,1108,600013,7,54,42054,3,18.0,0.15,0.25065,0.1660282
cold,0,1,0,0.001,0.1,512,3,5,4,256,6000,8.0,2633729,1,1,9974,1108,600013,7,54,42054,4,24.0,0.2,0.3342,0.20604965
cold,0,1,0,0.001,0.1,512,3,5,4,256,6000,8.0,2633729,1,1,9974,1108,600013,7,54,42054,5,30.0,0.25,0.41775,0.24371815
cold,0,1,0,0.001,0.1,512,3,5,4,256,6000,8.0,2633729,1,1,9974,1108,600013,7,54,42054,6,36.0,0.3,0.5013,0.2809633
cold,0,1,0,0.001,0.1,512,3,5,4,256,6000,8.0,2633729,1,1,9974,1108,600013,7,54,42054,7,42.0,0.35,0.58485,0.31858489
cold,0,1,0,0.001,0.1,512,3,5,4,256,6000,8.0,2633729,1,1,9974,1108,600013,7,54,42054,8,48.0,0.4,0.6684,0.35441127
cold,0,1,0,0.001,0.1,512,3,5,4,256,6000,8.0,2633729,1,1,9974,1108,600013,7,54,42054,9,54.0,0.45,0.75195,0.38623947
cold,0,1,0,0.001,0.1,512,3,5,4,256,6000,8.0,2633729,1,1,9974,1108,600013,7,54,42054,10,60.0,0.5,0.8355,0.41444272
cold,0,1,0,0.001,0.1,512,3,5,4,256,6000,8.0,2633729,1,1,9974,1108,600013,7,54,42054,11,66.0,0.55,0.91905,0.4415099
cold,0,1,0,0.001,0.1,512,3,5,4,256,6000,8.0,2633729,1,1,9974,1108,600013,7,54,42054,12,72.0,0.6,1.0026,0.46880078
cold,0,1,0,0.001,0.1,512,3,5,4,256,6000,8.0,2633729,1,1,9974,1108,600013,7,54,42054,13,78.0,0.65,1.08615,0.49483356
cold,0,1,0,0.001,0.1,512,3,5,4,256,6000,8.0,2633729,1,1,9974,1108,600013,7,54,42054,14,84.0,0.7,1.1697,0.51749611
cold,0,1,0,0.001,0.1,512,3,5,4,256,6000,8.0,2633729,1,1,9974,1108,600013,7,54,42054,15,90.0,0.75,1.25325,0.53728253
cold,0,1,0,0.001,0.1,512,3,5,4,256,6000,8.0,2633729,1,1,9974,1108,600013,7,54,42054,16,96.0,0.8,1.3368,0.55623972
cold,0,1,0,0.001,0.1,512,3,5,4,256,6000,8.0,2633729,1,1,9974,1108,600013,7,54,42054,17,102.0,0.85,1.42035,0.5749653
cold,0,1,0,0.001,0.1,512,3,5,4,256,6000,8.0,2633729,1,1,9974,1108,600013,7,54,42054,18,108.0,0.9,1.5039,0.59263247
cold,0,1,0,0.001,0.1,512,3,5,4,256,6000,8.0,2633729,1,1,9974,1108,600013,7,54,42054,19,114.0,0.95,1.58745,0.60830575
cold,0,1,0,0.001,0.1,512,3,5,4,256,6000,8.0,2633729,1,1,9974,1108,600013,7,54,42054,20,120.0,1.0,1.671,0.62184507
cold,0,1,0,0.001,0.1,512,3,5,4,256,6000,8.0,2633729,1,1,9974,1108,600013,7,54,42054,21,126.0,1.05,1.75455,0.63416994
cold,0,1,0,0.001,0.1,512,3,5,4,256,6000,8.0,2633729,1,1,9974,1108,600013,7,54,42054,22,132.0,1.1,1.8381,0.64629048
cold,0,1,0,0.001,0.1,512,3,5,4,256,6000,8.0,2633729,1,1,9974,1108,600013,7,54,42054,23,138.0,1.15,1.92165,0.65877903
cold,0,1,0,0.001,0.1,512,3,5,4,256,6000,8.0,2633729,1,1,9974,1108,600013,7,54,42054,24,144.0,1.2,2.0052,0.67186278
cold,0,1,0,0.001,0.1,512,3,5,4,256,6000,8.0,2633729,1,1,9974,1108,600013,7,54,42054,25,150.0,1.25,2.08875,0.68562233
cold,0,1,0,0.001,0.1,512,3,5,4,256,6000,8.0,2633729,1,1,9974,1108,600013,7,54,42054,26,156.0,1.3,2.1723,0.69991863
cold,0,1,0,0.001,0.1,512,3,5,4,256,6000,8.0,2633729,1,1,9974,1108,600013,7,54,42054,27,162.0,1.35,2.25585,0.71387094
cold,0,1,0,0.001,0.1,512,3,5,4,256,6000,8.0,2633729,1,1,9974,1108,600013,7,54,42054,28,168.0,1.4,2.3394,0.72597599
cold,0,1,0,0.001,0.1,512,3,5,4,256,6000,8.0,2633729,1,1,9974,1108,600013,7,54,42054,29,174.0,1.45,2.42295,0.73547107
cold,0,1,0,0.001,0.1,512,3,5,4,256,6000,8.0,2633729,1,1,9974,1108,600013,7,54,42054,30,180.0,1.5,2.5065,0.74338824
cold,0,1,0,0.001,0.1,512,3,5,4,256,6000,8.0,2633729,1,1,9974,1108,600013,7,54,42054,31,186.0,1.55,2.59005,0.75117117
cold,0,1,0,0.001,0.1,512,3,5,4,256,6000,8.0,2633729,1,1,9974,1108,600013,7,54,42054,32,192.0,1.6,2.6736,0.7588951
cold,0,1,0,0.001,0.1,512,3,5,4,256,6000,8.0,2633729,1,1,9974,1108,600013,7,54,42054,33,198.0,1.65,2.75715,0.76598966
cold,0,1,0,0.001,0.1,512,3,5,4,256,6000,8.0,2633729,1,1,9974,1108,600013,7,54,42054,34,204.0,1.7,2.8407,0.77254361
cold,0,1,0,0.001,0.1,512,3,5,4,256,6000,8.0,2633729,1,1,9974,1108,600013,7,54,42054,35,210.0,1.75,2.92425,0.77914077
cold,0,1,0,0.001,0.1,512,3,5,4,256,6000,8.0,2633729,1,1,9974,1108,600013,7,54,42054,36,216.0,1.8,3.0078,0.78622234
cold,0,1,0,0.001,0.1,512,3,5,4,256,6000,8.0,2633729,1,1,9974,1108,600013,7,54,42054,37,222.0,1.85,3.09135,0.79354042
cold,0,1,0,0.001,0.1,512,3,5,4,256,6000,8.0,2633729,1,1,9974,1108,600013,7,54,42054,38,228.0,1.9,3.1749,0.80019748
cold,0,1,0,0.001,0.1,512,3,5,4,256,6000,8.0,2633729,1,1,9974,1108,600013,7,54,42054,39,234.0,1.95,3.25845,0.8055315
cold,0,1,0,0.001,0.1,512,3,5,4,256,6000,8.0,2633729,1,1,9974,1108,600013,7,54,42054,40,240.0,2.0,3.342,0.81002408
cold,0,1,0,0.001,0.1,512,3,5,4,256,6000,8.0,2633729,1,1,9974,1108,600013,7,54,42054,41,246.0,2.05,3.42555,0.81428128
cold,0,1,0,0.001,0.1,512,3,5,4,256,6000,8.0,2633729,1,1,9974,1108,600013,7,54,42054,42,252.0,2.1,3.5091,0.81794459
cold,0,1,0,0.001,0.1,512,3,5,4,256,6000,8.0,2633729,1,1,9974,1108,600013,7,54,42054,43,258.0,2.15,3.59265,0.82081813
cold,0,1,0,0.001,0.1,512,3,5,4,256,6000,8.0,2633729,1,1,9974,1108,600013,7,54,42054,44,264.0,2.2,3.6762,0.82355261
cold,0,1,0,0.001,0.1,512,3,5,4,256,6000,8.0,2633729,1,1,9974,1108,600013,7,54,42054,45,270.0,2.25,3.75975,0.82696038
cold,0,1,0,0.001,0.1,512,3,5,4,256,6000,8.0,2633729,1,1,9974,1108,600013,7,54,42054,46,276.0,2.3,3.8433,0.83136159
cold,0,1,0,0.001,0.1,512,3,5,4,256,6000,8.0,2633729,1,1,9974,1108,600013,7,54,42054,47,282.0,2.35,3.92685,0.83657587
cold,0,1,0,0.001,0.1,512,3,5,4,256,6000,8.0,2633729,1,1,9974,1108,600013,7,54,42054,48,288.0,2.4,4.0104,0.84219408
cold,0,1,0,0.001,0.1,512,3,5,4,256,6000,8.0,2633729,1,1,9974,1108,600013,7,54,42054,49,294.0,2.45,4.09395,0.84765816
cold,0,1,0,0.001,0.1,512,3,5,4,256,6000,8.0,2633729,1,1,9974,1108,600013,7,54,42054,50,300.0,2.5,4.1775,0.8519358
cold,0,1,0,0.001,0.1,512,3,5,4,256,6000,8.0,2633729,1,1,9974,1108,600013,7,54,42054,51,306.0,2.55,4.26105,0.85367781
cold,0,1,0,0.001,0.1,512,3,5,4,256,6000,8.0,2633729,1,1,9974,1108,600013,7,54,42054,52,312.0,2.6,4.3446,0.85273021
cold,0,1,0,0.001,0.1,512,3,5,4,256,6000,8.0,2633729,1,1,9974,1108,600013,7,54,42054,53,318.0,2.65,4.42815,0.85069543
cold,0,1,0,0.001,0.1,512,3,5,4,256,6000,8.0,2633729,1,1,9974,1108,600013,7,54,42054,54,324.0,2.7,4.5117,0.8495031
cold,0,1,0,0.001,0.1,512,3,5,4,256,6000,8.0,2633729,1,1,9974,1108,600013,7,54,42054,55,330.0,2.75,4.59525,0.84986794
cold,0,1,0,0.001,0.1,512,3,5,4,256,6000,8.0,2633729,1,1,9974,1108,600013,7,54,42054,56,336.0,2.8,4.6788,0.85121524
cold,0,1,0,0.001,0.1,512,3,5,4,256,6000,8.0,2633729,1,1,9974,1108,600013,7,54,42054,57,342.0,2.85,4.76235,0.85257131
cold,0,1,0,0.001,0.1,512,3,5,4,256,6000,8.0,2633729,1,1,9974,1108,600013,7,54,42054,58,348.0,2.9,4.8459,0.85340548
cold,0,1,0,0.001,0.1,512,3,5,4,256,6000,8.0,2633729,1,1,9974,1108,600013,7,54,42054,59,354.0,2.95,4.92945,0.85420775
cold,0,1,0,0.001,0.1,512,3,5,4,256,6000,8.0,2633729,1,1,9974,1108,600013,7,54,42054,60,360.0,3.0,5.013,0.85615999
cold,0,1,0,0.001,0.1,512,3,5,4,256,6000,8.0,2633729,1,1,9974,1108,600013,7,54,42054,61,366.0,3.05,5.09655,0.85987478
cold,0,1,0,0.001,0.1,512,3,5,4,256,6000,8.0,2633729,1,1,9974,1108,600013,7,54,42054,62,372.0,3.1,5.1801,0.86487603
cold,0,1,0,0.001,0.1,512,3,5,4,256,6000,8.0,2633729,1,1,9974,1108,600013,7,54,42054,63,378.0,3.15,5.26365,0.87039566
cold,0,1,0,0.001,0.1,512,3,5,4,256,6000,8.0,2633729,1,1,9974,1108,600013,7,54,42054,64,384.0,3.2,5.3472,0.87615389
cold,0,1,0,0.001,0.1,512,3,5,4,256,6000,8.0,2633729,1,1,9974,1108,600013,7,54,42054,65,390.0,3.25,5.43075,0.88169962
cold,0,1,0,0.001,0.1,512,3,5,4,256,6000,8.0,2633729,1,1,9974,1108,600013,7,54,42054,66,396.0,3.3,5.5143,0.88600647
cold,0,1,0,0.001,0.1,512,3,5,4,256,6000,8.0,2633729,1,1,9974,1108,600013,7,54,42054,67,402.0,3.35,5.59785,0.88841367
cold,0,1,0,0.001,0.1,512,3,5,4,256,6000,8.0,2633729,1,1,9974,1108,600013,7,54,42054,68,408.0,3.4,5.6814,0.88906038
cold,0,1,0,0.001,0.1,512,3,5,4,256,6000,8.0,2633729,1,1,9974,1108,600013,7,54,42054,69,414.0,3.45,5.76495,0.88857418
cold,0,1,0,0.001,0.1,512,3,5,4,256,6000,8.0,2633729,1,1,9974,1108,600013,7,54,42054,70,420.0,3.5,5.8485,0.88758713
cold,0,1,0,0.001,0.1,512,3,5,4,256,6000,8.0,2633729,1,1,9974,1108,600013,7,54,42054,71,426.0,3.55,5.93205,0.88631737
cold,0,1,0,0.001,0.1,512,3,5,4,256,6000,8.0,2633729,1,1,9974,1108,600013,7,54,42054,72,432.0,3.6,6.0156,0.88505054
cold,0,1,0,0.001,0.1,512,3,5,4,256,6000,8.0,2633729,1,1,9974,1108,600013,7,54,42054,73,438.0,3.65,6.09915,0.88438767
cold,0,1,0,0.001,0.1,512,3,5,4,256,6000,8.0,2633729,1,1,9974,1108,600013,7,54,42054,74,444.0,3.7,6.1827,0.88461041
cold,0,1,0,0.001,0.1,512,3,5,4,256,6000,8.0,2633729,1,1,9974,1108,600013,7,54,42054,75,450.0,3.75,6.26625,0.8859663
cold,0,1,0,0.001,0.1,512,3,5,4,256,6000,8.0,2633729,1,1,9974,1108,600013,7,54,42054,76,456.0,3.8,6.3498,0.88914531
cold,0,1,0,0.001,0.1,512,3,5,4,256,6000,8.0,2633729,1,1,9974,1108,600013,7,54,42054,77,462.0,3.85,6.43335,0.89380342
cold,0,1,0,0.001,0.1,512,3,5,4,256,6000,8.0,2633729,1,1,9974,1108,600013,7,54,42054,78,468.0,3.9,6.5169,0.89772564
cold,0,1,0,0.001,0.1,512,3,5,4,256,6000,8.0,2633729,1,1,9974,1108,600013,7,54,42054,79,474.0,3.95,6.60045,0.89891118
cold,0,1,0,0.001,0.1,512,3,5,4,256,6000,8.0,2633729,1,1,9974,1108,600013,7,54,42054,80,480.0,4.0,6.684,0.89727473
cold,0,1,0,0.001,0.1,512,3,5,4,256,6000,8.0,2633729,1,1,9974,1108,600013,7,54,42054,81,486.0,4.05,6.76755,0.893915
cold,0,1,0,0.001,0.1,512,3,5,4,256,6000,8.0,2633729,1,1,9974,1108,600013,7,54,42054,82,492.0,4.1,6.8511,0.89044952
cold,0,1,0,0.001,0.1,512,3,5,4,256,6000,8.0,2633729,1,1,9974,1108,600013,7,54,42054,83,498.0,4.15,6.93465,0.88873106
cold,0,1,0,0.001,0.1,512,3,5,4,256,6000,8.0,2633729,1,1,9974,1108,600013,7,54,42054,84,504.0,4.2,7.0182,0.88927406
cold,0,1,0,0.001,0.1,512,3,5,4,256,6000,8.0,2633729,1,1,9974,1108,600013,7,54,42054,85,510.0,4.25,7.10175,0.89064026
cold,0,1,0,0.001,0.1,512,3,5,4,256,6000,8.0,2633729,1,1,9974,1108,600013,7,54,42054,86,516.0,4.3,7.1853,0.89142537
cold,0,1,0,0.001,0.1,512,3,5,4,256,6000,8.0,2633729,1,1,9974,1108,600013,7,54,42054,87,522.0,4.35,7.26885,0.89153236
cold,0,1,0,0.001,0.1,512,3,5,4,256,6000,8.0,2633729,1,1,9974,1108,600013,7,54,42054,88,528.0,4.4,7.3524,0.8913514
cold,0,1,0,0.001,0.1,512,3,5,4,256,6000,8.0,2633729,1,1,9974,1108,600013,7,54,42054,89,534.0,4.45,7.43595,0.89138561
cold,0,1,0,0.001,0.1,512,3,5,4,256,6000,8.0,2633729,1,1,9974,1108,600013,7,54,42054,90,540.0,4.5,7.5195,0.8924349
cold,0,1,0,0.001,0.1,512,3,5,4,256,6000,8.0,2633729,1,1,9974,1108,600013,7,54,42054,91,546.0,4.55,7.60305,0.89478064
cold,0,1,0,0.001,0.1,512,3,5,4,256,6000,8.0,2633729,1,1,9974,1108,600013,7,54,42054,92,552.0,4.6,7.6866,0.89771473
cold,0,1,0,0.001,0.1,512,3,5,4,256,6000,8.0,2633729,1,1,9974,1108,600013,7,54,42054,93,558.0,4.65,7.77015,0.90022355
cold,0,1,0,0.001,0.1,512,3,5,4,256,6000,8.0,2633729,1,1,9974,1108,600013,7,54,42054,94,564.0,4.7,7.8537,0.90148956
cold,0,1,0,0.001,0.1,512,3,5,4,256,6000,8.0,2633729,1,1,9974,1108,600013,7,54,42054,95,570.0,4.75,7.93725,0.90125132
cold,0,1,0,0.001,0.1,512,3,5,4,256,6000,8.0,2633729,1,1,9974,1108,600013,7,54,42054,96,576.0,4.8,8.0208,0.90047652
cold,0,1,0,0.001,0.1,512,3,5,4,256,6000,8.0,2633729,1,1,9974,1108,600013,7,54,42054,97,582.0,4.85,8.10435,0.90083152
cold,0,1,0,0.001,0.1,512,3,5,4,256,6000,8.0,2633729,1,1,9974,1108,600013,7,54,42054,98,588.0,4.9,8.1879,0.90287566
cold,0,1,0,0.001,0.1,512,3,5,4,256,6000,8.0,2633729,1,1,9974,1108,600013,7,54,42054,99,594.0,4.95,8.27145,0.90553534
cold,0,1,0,0.001,0.1,512,3,5,4,256,6000,8.0,2633729,1,1,9974,1108,600013,7,54,42054,100,600.0,5.0,8.355,0.90742826
cold,0,1,0,0.001,0.1,512,3,5,4,256,6000,8.0,2633729,1,1,9974,1108,600013,7,54,42054,101,606.0,5.05,8.43855,0.90777028
cold,0,1,0,0.001,0.1,512,3,5,4,256,6000,8.0,2633729,1,1,9974,1108,600013,7,54,42054,102,612.0,5.1,8.5221,0.90653223
cold,0,1,0,0.001,0.1,512,3,5,4,256,6000,8.0,2633729,1,1,9974,1108,600013,7,54,42054,103,618.0,5.15,8.60565,0.90491921
cold,0,1,0,0.001,0.1,512,3,5,4,256,6000,8.0,2633729,1,1,9974,1108,600013,7,54,42054,104,624.0,5.2,8.6892,0.90444249
cold,0,1,0,0.001,0.1,512,3,5,4,256,6000,8.0,2633729,1,1,9974,1108,600013,7,54,42054,105,630.0,5.25,8.77275,0.90504968
cold,0,1,0,0.001,0.1,512,3,5,4,256,6000,8.0,2633729,1,1,9974,1108,600013,7,54,42054,106,636.0,5.3,8.8563,0.90525991
cold,0,1,0,0.001,0.1,512,3,5,4,256,6000,8.0,2633729,1,1,9974,1108,600013,7,54,42054,107,642.0,5.35,8.93985,0.9039191
cold,0,1,0,0.001,0.1,512,3,5,4,256,6000,8.0,2633729,1,1,9974,1108,600013,7,54,42054,108,648.0,5.4,9.0234,0.90144265
cold,0,1,0,0.001,0.1,512,3,5,4,256,6000,8.0,2633729,1,1,9974,1108,600013,7,54,42054,109,654.0,5.45,9.10695,0.89957452
cold,0,1,0,0.001,0.1,512,3,5,4,256,6000,8.0,2633729,1,1,9974,1108,600013,7,54,42054,110,660.0,5.5,9.1905,0.89962274
cold,0,1,0,0.001,0.1,512,3,5,4,256,6000,8.0,2633729,1,1,9974,1108,600013,7,54,42054,111,666.0,5.55,9.27405,0.90144563
cold,0,1,0,0.001,0.1,512,3,5,4,256,6000,8.0,2633729,1,1,9974,1108,600013,7,54,42054,112,672.0,5.6,9.3576,0.90389329
cold,0,1,0,0.001,0.1,512,3,5,4,256,6000,8.0,2633729,1,1,9974,1108,600013,7,54,42054,113,678.0,5.65,9.44115,0.90557891
cold,0,1,0,0.001,0.1,512,3,5,4,256,6000,8.0,2633729,1,1,9974,1108,600013,7,54,42054,114,684.0,5.7,9.5247,0.90568221
cold,0,1,0,0.001,0.1,512,3,5,4,256,6000,8.0,2633729,1,1,9974,1108,600013,7,54,42054,115,690.0,5.75,9.60825,0.90392512
cold,0,1,0,0.001,0.1,512,3,5,4,256,6000,8.0,2633729,1,1,9974,1108,600013,7,54,42054,116,696.0,5.8,9.6918,0.90069997
cold,0,1,0,0.001,0.1,512,3,5,4,256,6000,8.0,2633729,1,1,9974,1108,600013,7,54,42054,117,702.0,5.85,9.77535,0.89734519
cold,0,1,0,0.001,0.1,512,3,5,4,256,6000,8.0,2633729,1,1,9974,1108,600013,7,54,42054,118,708.0,5.9,9.8589,0.89530289
cold,0,1,0,0.001,0.1,512,3,5,4,256,6000,8.0,2633729,1,1,9974,1108,600013,7,54,42054,119,714.0,5.95,9.94245,0.89519548
cold,0,1,0,0.001,0.1,512,3,5,4,256,6000,8.0,2633729,1,1,9974,1108,600013,7,54,42054,120,720.0,6.0,10.026,0.89677966
cold,0,1,0,0.001,0.1,512,3,5,4,256,6000,8.0,2633729,1,1,9974,1108,600013,7,234,42234,1,6.0,0.05,0.08355,0.04350004
cold,0,1,0,0.001,0.1,512,3,5,4,256,6000,8.0,2633729,1,1,9974,1108,600013,7,234,42234,2,12.0,0.1,0.1671,0.0515229
cold,0,1,0,0.001,0.1,512,3,5,4,256,6000,8.0,2633729,1,1,9974,1108,600013,7,234,42234,3,18.0,0.15,0.25065,0.06069611
cold,0,1,0,0.001,0.1,512,3,5,4,256,6000,8.0,2633729,1,1,9974,1108,600013,7,234,42234,4,24.0,0.2,0.3342,0.07057423
cold,0,1,0,0.001,0.1,512,3,5,4,256,6000,8.0,2633729,1,1,9974,1108,600013,7,234,42234,5,30.0,0.25,0.41775,0.08136086
cold,0,1,0,0.001,0.1,512,3,5,4,256,6000,8.0,2633729,1,1,9974,1108,600013,7,234,42234,6,36.0,0.3,0.5013,0.09353012
cold,0,1,0,0.001,0.1,512,3,5,4,256,6000,8.0,2633729,1,1,9974,1108,600013,7,234,42234,7,42.0,0.35,0.58485,0.10648032
cold,0,1,0,0.001,0.1,512,3,5,4,256,6000,8.0,2633729,1,1,9974,1108,600013,7,234,42234,8,48.0,0.4,0.6684,0.12049993
cold,0,1,0,0.001,0.1,512,3,5,4,256,6000,8.0,2633729,1,1,9974,1108,600013,7,234,42234,9,54.0,0.45,0.75195,0.13549609
cold,0,1,0,0.001,0.1,512,3,5,4,256,6000,8.0,2633729,1,1,9974,1108,600013,7,234,42234,10,60.0,0.5,0.8355,0.1520309
cold,0,1,0,0.001,0.1,512,3,5,4,256,6000,8.0,2633729,1,1,9974,1108,600013,7,234,42234,11,66.0,0.55,0.91905,0.16994748
cold,0,1,0,0.001,0.1,512,3,5,4,256,6000,8.0,2633729,1,1,9974,1108,600013,7,234,42234,12,72.0,0.6,1.0026,0.18869042
cold,0,1,0,0.001,0.1,512,3,5,4,256,6000,8.0,2633729,1,1,9974,1108,600013,7,234,42234,13,78.0,0.65,1.08615,0.2085025
cold,0,1,0,0.001,0.1,512,3,5,4,256,6000,8.0,2633729,1,1,9974,1108,600013,7,234,42234,14,84.0,0.7,1.1697,0.23082815
cold,0,1,0,0.001,0.1,512,3,5,4,256,6000,8.0,2633729,1,1,9974,1108,600013,7,234,42234,15,90.0,0.75,1.25325,0.25544897
cold,0,1,0,0.001,0.1,512,3,5,4,256,6000,8.0,2633729,1,1,9974,1108,600013,7,234,42234,16,96.0,0.8,1.3368,0.27982807
cold,0,1,0,0.001,0.1,512,3,5,4,256,6000,8.0,2633729,1,1,9974,1108,600013,7,234,42234,17,102.0,0.85,1.42035,0.30221966
cold,0,1,0,0.001,0.1,512,3,5,4,256,6000,8.0,2633729,1,1,9974,1108,600013,7,234,42234,18,108.0,0.9,1.5039,0.32312658
cold,0,1,0,0.001,0.1,512,3,5,4,256,6000,8.0,2633729,1,1,9974,1108,600013,7,234,42234,19,114.0,0.95,1.58745,0.34347633
cold,0,1,0,0.001,0.1,512,3,5,4,256,6000,8.0,2633729,1,1,9974,1108,600013,7,234,42234,20,120.0,1.0,1.671,0.36378688
cold,0,1,0,0.001,0.1,512,3,5,4,256,6000,8.0,2633729,1,1,9974,1108,600013,7,234,42234,21,126.0,1.05,1.75455,0.38395789
cold,0,1,0,0.001,0.1,512,3,5,4,256,6000,8.0,2633729,1,1,9974,1108,600013,7,234,42234,22,132.0,1.1,1.8381,0.40350184
cold,0,1,0,0.001,0.1,512,3,5,4,256,6000,8.0,2633729,1,1,9974,1108,600013,7,234,42234,23,138.0,1.15,1.92165,0.42321575
cold,0,1,0,0.001,0.1,512,3,5,4,256,6000,8.0,2633729,1,1,9974,1108,600013,7,234,42234,24,144.0,1.2,2.0052,0.44428605
cold,0,1,0,0.001,0.1,512,3,5,4,256,6000,8.0,2633729,1,1,9974,1108,600013,7,234,42234,25,150.0,1.25,2.08875,0.46620181
cold,0,1,0,0.001,0.1,512,3,5,4,256,6000,8.0,2633729,1,1,9974,1108,600013,7,234,42234,26,156.0,1.3,2.1723,0.48787346
cold,0,1,0,0.001,0.1,512,3,5,4,256,6000,8.0,2633729,1,1,9974,1108,600013,7,234,42234,27,162.0,1.35,2.25585,0.5087198
cold,0,1,0,0.001,0.1,512,3,5,4,256,6000,8.0,2633729,1,1,9974,1108,600013,7,234,42234,28,168.0,1.4,2.3394,0.5283733
cold,0,1,0,0.001,0.1,512,3,5,4,256,6000,8.0,2633729,1,1,9974,1108,600013,7,234,42234,29,174.0,1.45,2.42295,0.54633129
cold,0,1,0,0.001,0.1,512,3,5,4,256,6000,8.0,2633729,1,1,9974,1108,600013,7,234,42234,30,180.0,1.5,2.5065,0.56292039
cold,0,1,0,0.001,0.1,512,3,5,4,256,6000,8.0,2633729,1,1,9974,1108,600013,7,234,42234,31,186.0,1.55,2.59005,0.57895577
cold,0,1,0,0.001,0.1,512,3,5,4,256,6000,8.0,2633729,1,1,9974,1108,600013,7,234,42234,32,192.0,1.6,2.6736,0.59473234
cold,0,1,0,0.001,0.1,512,3,5,4,256,6000,8.0,2633729,1,1,9974,1108,600013,7,234,42234,33,198.0,1.65,2.75715,0.6094225
cold,0,1,0,0.001,0.1,512,3,5,4,256,6000,8.0,2633729,1,1,9974,1108,600013,7,234,42234,34,204.0,1.7,2.8407,0.62369132
cold,0,1,0,0.001,0.1,512,3,5,4,256,6000,8.0,2633729,1,1,9974,1108,600013,7,234,42234,35,210.0,1.75,2.92425,0.6395269
cold,0,1,0,0.001,0.1,512,3,5,4,256,6000,8.0,2633729,1,1,9974,1108,600013,7,234,42234,36,216.0,1.8,3.0078,0.65716034
cold,0,1,0,0.001,0.1,512,3,5,4,256,6000,8.0,2633729,1,1,9974,1108,600013,7,234,42234,37,222.0,1.85,3.09135,0.67465401
cold,0,1,0,0.001,0.1,512,3,5,4,256,6000,8.0,2633729,1,1,9974,1108,600013,7,234,42234,38,228.0,1.9,3.1749,0.68979222
cold,0,1,0,0.001,0.1,512,3,5,4,256,6000,8.0,2633729,1,1,9974,1108,600013,7,234,42234,39,234.0,1.95,3.25845,0.70246047
cold,0,1,0,0.001,0.1,512,3,5,4,256,6000,8.0,2633729,1,1,9974,1108,600013,7,234,42234,40,240.0,2.0,3.342,0.71498221
cold,0,1,0,0.001,0.1,512,3,5,4,256,6000,8.0,2633729,1,1,9974,1108,600013,7,234,42234,41,246.0,2.05,3.42555,0.72894186
cold,0,1,0,0.001,0.1,512,3,5,4,256,6000,8.0,2633729,1,1,9974,1108,600013,7,234,42234,42,252.0,2.1,3.5091,0.74277437
cold,0,1,0,0.001,0.1,512,3,5,4,256,6000,8.0,2633729,1,1,9974,1108,600013,7,234,42234,43,258.0,2.15,3.59265,0.75439841
cold,0,1,0,0.001,0.1,512,3,5,4,256,6000,8.0,2633729,1,1,9974,1108,600013,7,234,42234,44,264.0,2.2,3.6762,0.76341546
cold,0,1,0,0.001,0.1,512,3,5,4,256,6000,8.0,2633729,1,1,9974,1108,600013,7,234,42234,45,270.0,2.25,3.75975,0.77100021
cold,0,1,0,0.001,0.1,512,3,5,4,256,6000,8.0,2633729,1,1,9974,1108,600013,7,234,42234,46,276.0,2.3,3.8433,0.77892977
cold,0,1,0,0.001,0.1,512,3,5,4,256,6000,8.0,2633729,1,1,9974,1108,600013,7,234,42234,47,282.0,2.35,3.92685,0.78724903
cold,0,1,0,0.001,0.1,512,3,5,4,256,6000,8.0,2633729,1,1,9974,1108,600013,7,234,42234,48,288.0,2.4,4.0104,0.79469621
cold,0,1,0,0.001,0.1,512,3,5,4,256,6000,8.0,2633729,1,1,9974,1108,600013,7,234,42234,49,294.0,2.45,4.09395,0.8021425
cold,0,1,0,0.001,0.1,512,3,5,4,256,6000,8.0,2633729,1,1,9974,1108,600013,7,234,42234,50,300.0,2.5,4.1775,0.81132901
cold,0,1,0,0.001,0.1,512,3,5,4,256,6000,8.0,2633729,1,1,9974,1108,600013,7,234,42234,51,306.0,2.55,4.26105,0.8218295
cold,0,1,0,0.001,0.1,512,3,5,4,256,6000,8.0,2633729,1,1,9974,1108,600013,7,234,42234,52,312.0,2.6,4.3446,0.83235043
cold,0,1,0,0.001,0.1,512,3,5,4,256,6000,8.0,2633729,1,1,9974,1108,600013,7,234,42234,53,318.0,2.65,4.42815,0.84328789
cold,0,1,0,0.001,0.1,512,3,5,4,256,6000,8.0,2633729,1,1,9974,1108,600013,7,234,42234,54,324.0,2.7,4.5117,0.8553195
cold,0,1,0,0.001,0.1,512,3,5,4,256,6000,8.0,2633729,1,1,9974,1108,600013,7,234,42234,55,330.0,2.75,4.59525,0.86733574
cold,0,1,0,0.001,0.1,512,3,5,4,256,6000,8.0,2633729,1,1,9974,1108,600013,7,234,42234,56,336.0,2.8,4.6788,0.8777262
cold,0,1,0,0.001,0.1,512,3,5,4,256,6000,8.0,2633729,1,1,9974,1108,600013,7,234,42234,57,342.0,2.85,4.76235,0.88606352
cold,0,1,0,0.001,0.1,512,3,5,4,256,6000,8.0,2633729,1,1,9974,1108,600013,7,234,42234,58,348.0,2.9,4.8459,0.89239061
cold,0,1,0,0.001,0.1,512,3,5,4,256,6000,8.0,2633729,1,1,9974,1108,600013,7,234,42234,59,354.0,2.95,4.92945,0.89635009
cold,0,1,0,0.001,0.1,512,3,5,4,256,6000,8.0,2633729,1,1,9974,1108,600013,7,234,42234,60,360.0,3.0,5.013,0.89785242
cold,0,1,0,0.001,0.1,512,3,5,4,256,6000,8.0,2633729,1,1,9974,1108,600013,7,234,42234,61,366.0,3.05,5.09655,0.89836615
cold,0,1,0,0.001,0.1,512,3,5,4,256,6000,8.0,2633729,1,1,9974,1108,600013,7,234,42234,62,372.0,3.1,5.1801,0.89971018
cold,0,1,0,0.001,0.1,512,3,5,4,256,6000,8.0,2633729,1,1,9974,1108,600013,7,234,42234,63,378.0,3.15,5.26365,0.90206432
cold,0,1,0,0.001,0.1,512,3,5,4,256,6000,8.0,2633729,1,1,9974,1108,600013,7,234,42234,64,384.0,3.2,5.3472,0.90486431
cold,0,1,0,0.001,0.1,512,3,5,4,256,6000,8.0,2633729,1,1,9974,1108,600013,7,234,42234,65,390.0,3.25,5.43075,0.90805644
cold,0,1,0,0.001,0.1,512,3,5,4,256,6000,8.0,2633729,1,1,9974,1108,600013,7,234,42234,66,396.0,3.3,5.5143,0.91198182
cold,0,1,0,0.001,0.1,512,3,5,4,256,6000,8.0,2633729,1,1,9974,1108,600013,7,234,42234,67,402.0,3.35,5.59785,0.91625232
cold,0,1,0,0.001,0.1,512,3,5,4,256,6000,8.0,2633729,1,1,9974,1108,600013,7,234,42234,68,408.0,3.4,5.6814,0.91990852
cold,0,1,0,0.001,0.1,512,3,5,4,256,6000,8.0,2633729,1,1,9974,1108,600013,7,234,42234,69,414.0,3.45,5.76495,0.92248577
cold,0,1,0,0.001,0.1,512,3,5,4,256,6000,8.0,2633729,1,1,9974,1108,600013,7,234,42234,70,420.0,3.5,5.8485,0.92442369
cold,0,1,0,0.001,0.1,512,3,5,4,256,6000,8.0,2633729,1,1,9974,1108,600013,7,234,42234,71,426.0,3.55,5.93205,0.92659235
cold,0,1,0,0.001,0.1,512,3,5,4,256,6000,8.0,2633729,1,1,9974,1108,600013,7,234,42234,72,432.0,3.6,6.0156,0.9297564
cold,0,1,0,0.001,0.1,512,3,5,4,256,6000,8.0,2633729,1,1,9974,1108,600013,7,234,42234,73,438.0,3.65,6.09915,0.93313998
cold,0,1,0,0.001,0.1,512,3,5,4,256,6000,8.0,2633729,1,1,9974,1108,600013,7,234,42234,74,444.0,3.7,6.1827,0.93516344
cold,0,1,0,0.001,0.1,512,3,5,4,256,6000,8.0,2633729,1,1,9974,1108,600013,7,234,42234,75,450.0,3.75,6.26625,0.9355371
cold,0,1,0,0.001,0.1,512,3,5,4,256,6000,8.0,2633729,1,1,9974,1108,600013,7,234,42234,76,456.0,3.8,6.3498,0.93553615
cold,0,1,0,0.001,0.1,512,3,5,4,256,6000,8.0,2633729,1,1,9974,1108,600013,7,234,42234,77,462.0,3.85,6.43335,0.93657655
cold,0,1,0,0.001,0.1,512,3,5,4,256,6000,8.0,2633729,1,1,9974,1108,600013,7,234,42234,78,468.0,3.9,6.5169,0.93873817
cold,0,1,0,0.001,0.1,512,3,5,4,256,6000,8.0,2633729,1,1,9974,1108,600013,7,234,42234,79,474.0,3.95,6.60045,0.940947
cold,0,1,0,0.001,0.1,512,3,5,4,256,6000,8.0,2633729,1,1,9974,1108,600013,7,234,42234,80,480.0,4.0,6.684,0.94264853
cold,0,1,0,0.001,0.1,512,3,5,4,256,6000,8.0,2633729,1,1,9974,1108,600013,7,234,42234,81,486.0,4.05,6.76755,0.94386846
cold,0,1,0,0.001,0.1,512,3,5,4,256,6000,8.0,2633729,1,1,9974,1108,600013,7,234,42234,82,492.0,4.1,6.8511,0.94421184
cold,0,1,0,0.001,0.1,512,3,5,4,256,6000,8.0,2633729,1,1,9974,1108,600013,7,234,42234,83,498.0,4.15,6.93465,0.94406313
cold,0,1,0,0.001,0.1,512,3,5,4,256,6000,8.0,2633729,1,1,9974,1108,600013,7,234,42234,84,504.0,4.2,7.0182,0.94505072
cold,0,1,0,0.001,0.1,512,3,5,4,256,6000,8.0,2633729,1,1,9974,1108,600013,7,234,42234,85,510.0,4.25,7.10175,0.94821185
cold,0,1,0,0.001,0.1,512,3,5,4,256,6000,8.0,2633729,1,1,9974,1108,600013,7,234,42234,86,516.0,4.3,7.1853,0.95282662
cold,0,1,0,0.001,0.1,512,3,5,4,256,6000,8.0,2633729,1,1,9974,1108,600013,7,234,42234,87,522.0,4.35,7.26885,0.9577058
cold,0,1,0,0.001,0.1,512,3,5,4,256,6000,8.0,2633729,1,1,9974,1108,600013,7,234,42234,88,528.0,4.4,7.3524,0.96345359
cold,0,1,0,0.001,0.1,512,3,5,4,256,6000,8.0,2633729,1,1,9974,1108,600013,7,234,42234,89,534.0,4.45,7.43595,0.97055936
cold,0,1,0,0.001,0.1,512,3,5,4,256,6000,8.0,2633729,1,1,9974,1108,600013,7,234,42234,90,540.0,4.5,7.5195,0.97795433
cold,0,1,0,0.001,0.1,512,3,5,4,256,6000,8.0,2633729,1,1,9974,1108,600013,7,234,42234,91,546.0,4.55,7.60305,0.9832558
cold,0,1,0,0.001,0.1,512,3,5,4,256,6000,8.0,2633729,1,1,9974,1108,600013,7,234,42234,92,552.0,4.6,7.6866,0.98485291
cold,0,1,0,0.001,0.1,512,3,5,4,256,6000,8.0,2633729,1,1,9974,1108,600013,7,234,42234,93,558.0,4.65,7.77015,0.98325253
cold,0,1,0,0.001,0.1,512,3,5,4,256,6000,8.0,2633729,1,1,9974,1108,600013,7,234,42234,94,564.0,4.7,7.8537,0.97961622
cold,0,1,0,0.001,0.1,512,3,5,4,256,6000,8.0,2633729,1,1,9974,1108,600013,7,234,42234,95,570.0,4.75,7.93725,0.97500461
cold,0,1,0,0.001,0.1,512,3,5,4,256,6000,8.0,2633729,1,1,9974,1108,600013,7,234,42234,96,576.0,4.8,8.0208,0.97075009
cold,0,1,0,0.001,0.1,512,3,5,4,256,6000,8.0,2633729,1,1,9974,1108,600013,7,234,42234,97,582.0,4.85,8.10435,0.96829766
cold,0,1,0,0.001,0.1,512,3,5,4,256,6000,8.0,2633729,1,1,9974,1108,600013,7,234,42234,98,588.0,4.9,8.1879,0.96757883
cold,0,1,0,0.001,0.1,512,3,5,4,256,6000,8.0,2633729,1,1,9974,1108,600013,7,234,42234,99,594.0,4.95,8.27145,0.96709818
cold,0,1,0,0.001,0.1,512,3,5,4,256,6000,8.0,2633729,1,1,9974,1108,600013,7,234,42234,100,600.0,5.0,8.355,0.96594238
cold,0,1,0,0.001,0.1,512,3,5,4,256,6000,8.0,2633729,1,1,9974,1108,600013,7,234,42234,101,606.0,5.05,8.43855,0.96369851
cold,0,1,0,0.001,0.1,512,3,5,4,256,6000,8.0,2633729,1,1,9974,1108,600013,7,234,42234,102,612.0,5.1,8.5221,0.96092767
cold,0,1,0,0.001,0.1,512,3,5,4,256,6000,8.0,2633729,1,1,9974,1108,600013,7,234,42234,103,618.0,5.15,8.60565,0.96101421
cold,0,1,0,0.001,0.1,512,3,5,4,256,6000,8.0,2633729,1,1,9974,1108,600013,7,234,42234,104,624.0,5.2,8.6892,0.96547306
cold,0,1,0,0.001,0.1,512,3,5,4,256,6000,8.0,2633729,1,1,9974,1108,600013,7,234,42234,105,630.0,5.25,8.77275,0.97084612
cold,0,1,0,0.001,0.1,512,3,5,4,256,6000,8.0,2633729,1,1,9974,1108,600013,7,234,42234,106,636.0,5.3,8.8563,0.97358793
cold,0,1,0,0.001,0.1,512,3,5,4,256,6000,8.0,2633729,1,1,9974,1108,600013,7,234,42234,107,642.0,5.35,8.93985,0.97280025
cold,0,1,0,0.001,0.1,512,3,5,4,256,6000,8.0,2633729,1,1,9974,1108,600013,7,234,42234,108,648.0,5.4,9.0234,0.96969467
cold,0,1,0,0.001,0.1,512,3,5,4,256,6000,8.0,2633729,1,1,9974,1108,600013,7,234,42234,109,654.0,5.45,9.10695,0.9665761
cold,0,1,0,0.001,0.1,512,3,5,4,256,6000,8.0,2633729,1,1,9974,1108,600013,7,234,42234,110,660.0,5.5,9.1905,0.96540731
cold,0,1,0,0.001,0.1,512,3,5,4,256,6000,8.0,2633729,1,1,9974,1108,600013,7,234,42234,111,666.0,5.55,9.27405,0.96614915
cold,0,1,0,0.001,0.1,512,3,5,4,256,6000,8.0,2633729,1,1,9974,1108,600013,7,234,42234,112,672.0,5.6,9.3576,0.9680441
cold,0,1,0,0.001,0.1,512,3,5,4,256,6000,8.0,2633729,1,1,9974,1108,600013,7,234,42234,113,678.0,5.65,9.44115,0.97125959
cold,0,1,0,0.001,0.1,512,3,5,4,256,6000,8.0,2633729,1,1,9974,1108,600013,7,234,42234,114,684.0,5.7,9.5247,0.97572356
cold,0,1,0,0.001,0.1,512,3,5,4,256,6000,8.0,2633729,1,1,9974,1108,600013,7,234,42234,115,690.0,5.75,9.60825,0.9799915
cold,0,1,0,0.001,0.1,512,3,5,4,256,6000,8.0,2633729,1,1,9974,1108,600013,7,234,42234,116,696.0,5.8,9.6918,0.98318589
cold,0,1,0,0.001,0.1,512,3,5,4,256,6000,8.0,2633729,1,1,9974,1108,600013,7,234,42234,117,702.0,5.85,9.77535,0.98635048
cold,0,1,0,0.001,0.1,512,3,5,4,256,6000,8.0,2633729,1,1,9974,1108,600013,7,234,42234,118,708.0,5.9,9.8589,0.98935229
cold,0,1,0,0.001,0.1,512,3,5,4,256,6000,8.0,2633729,1,1,9974,1108,600013,7,234,42234,119,714.0,5.95,9.94245,0.99088335
cold,0,1,0,0.001,0.1,512,3,5,4,256,6000,8.0,2633729,1,1,9974,1108,600013,7,234,42234,120,720.0,6.0,10.026,0.99203056
cold,0,1,0,0.001,0.1,512,3,5,4,256,6000,8.0,2633729,1,1,9974,1108,600013,7,1023,43023,1,6.0,0.05,0.08355,0.04036618
cold,0,1,0,0.001,0.1,512,3,5,4,256,6000,8.0,2633729,1,1,9974,1108,600013,7,1023,43023,2,12.0,0.1,0.1671,0.04815391
cold,0,1,0,0.001,0.1,512,3,5,4,256,6000,8.0,2633729,1,1,9974,1108,600013,7,1023,43023,3,18.0,0.15,0.25065,0.05708465
cold,0,1,0,0.001,0.1,512,3,5,4,256,6000,8.0,2633729,1,1,9974,1108,600013,7,1023,43023,4,24.0,0.2,0.3342,0.06602138
cold,0,1,0,0.001,0.1,512,3,5,4,256,6000,8.0,2633729,1,1,9974,1108,600013,7,1023,43023,5,30.0,0.25,0.41775,0.07505406
cold,0,1,0,0.001,0.1,512,3,5,4,256,6000,8.0,2633729,1,1,9974,1108,600013,7,1023,43023,6,36.0,0.3,0.5013,0.08671954
cold,0,1,0,0.001,0.1,512,3,5,4,256,6000,8.0,2633729,1,1,9974,1108,600013,7,1023,43023,7,42.0,0.35,0.58485,0.09915847
cold,0,1,0,0.001,0.1,512,3,5,4,256,6000,8.0,2633729,1,1,9974,1108,600013,7,1023,43023,8,48.0,0.4,0.6684,0.11229288
cold,0,1,0,0.001,0.1,512,3,5,4,256,6000,8.0,2633729,1,1,9974,1108,600013,7,1023,43023,9,54.0,0.45,0.75195,0.12633744
cold,0,1,0,0.001,0.1,512,3,5,4,256,6000,8.0,2633729,1,1,9974,1108,600013,7,1023,43023,10,60.0,0.5,0.8355,0.14183553
cold,0,1,0,0.001,0.1,512,3,5,4,256,6000,8.0,2633729,1,1,9974,1108,600013,7,1023,43023,11,66.0,0.55,0.91905,0.15873452
cold,0,1,0,0.001,0.1,512,3,5,4,256,6000,8.0,2633729,1,1,9974,1108,600013,7,1023,43023,12,72.0,0.6,1.0026,0.17708267
cold,0,1,0,0.001,0.1,512,3,5,4,256,6000,8.0,2633729,1,1,9974,1108,600013,7,1023,43023,13,78.0,0.65,1.08615,0.19708259
cold,0,1,0,0.001,0.1,512,3,5,4,256,6000,8.0,2633729,1,1,9974,1108,600013,7,1023,43023,14,84.0,0.7,1.1697,0.21949624
cold,0,1,0,0.001,0.1,512,3,5,4,256,6000,8.0,2633729,1,1,9974,1108,600013,7,1023,43023,15,90.0,0.75,1.25325,0.24345109
cold,0,1,0,0.001,0.1,512,3,5,4,256,6000,8.0,2633729,1,1,9974,1108,600013,7,1023,43023,16,96.0,0.8,1.3368,0.26745594
cold,0,1,0,0.001,0.1,512,3,5,4,256,6000,8.0,2633729,1,1,9974,1108,600013,7,1023,43023,17,102.0,0.85,1.42035,0.29077804
cold,0,1,0,0.001,0.1,512,3,5,4,256,6000,8.0,2633729,1,1,9974,1108,600013,7,1023,43023,18,108.0,0.9,1.5039,0.31388575
cold,0,1,0,0.001,0.1,512,3,5,4,256,6000,8.0,2633729,1,1,9974,1108,600013,7,1023,43023,19,114.0,0.95,1.58745,0.33766761
cold,0,1,0,0.001,0.1,512,3,5,4,256,6000,8.0,2633729,1,1,9974,1108,600013,7,1023,43023,20,120.0,1.0,1.671,0.36210442
cold,0,1,0,0.001,0.1,512,3,5,4,256,6000,8.0,2633729,1,1,9974,1108,600013,7,1023,43023,21,126.0,1.05,1.75455,0.38592118
cold,0,1,0,0.001,0.1,512,3,5,4,256,6000,8.0,2633729,1,1,9974,1108,600013,7,1023,43023,22,132.0,1.1,1.8381,0.40932754
cold,0,1,0,0.001,0.1,512,3,5,4,256,6000,8.0,2633729,1,1,9974,1108,600013,7,1023,43023,23,138.0,1.15,1.92165,0.43436933
cold,0,1,0,0.001,0.1,512,3,5,4,256,6000,8.0,2633729,1,1,9974,1108,600013,7,1023,43023,24,144.0,1.2,2.0052,0.46195182
cold,0,1,0,0.001,0.1,512,3,5,4,256,6000,8.0,2633729,1,1,9974,1108,600013,7,1023,43023,25,150.0,1.25,2.08875,0.49018335
cold,0,1,0,0.001,0.1,512,3,5,4,256,6000,8.0,2633729,1,1,9974,1108,600013,7,1023,43023,26,156.0,1.3,2.1723,0.51675439
cold,0,1,0,0.001,0.1,512,3,5,4,256,6000,8.0,2633729,1,1,9974,1108,600013,7,1023,43023,27,162.0,1.35,2.25585,0.54098004
cold,0,1,0,0.001,0.1,512,3,5,4,256,6000,8.0,2633729,1,1,9974,1108,600013,7,1023,43023,28,168.0,1.4,2.3394,0.56259483
cold,0,1,0,0.001,0.1,512,3,5,4,256,6000,8.0,2633729,1,1,9974,1108,600013,7,1023,43023,29,174.0,1.45,2.42295,0.58164221
cold,0,1,0,0.001,0.1,512,3,5,4,256,6000,8.0,2633729,1,1,9974,1108,600013,7,1023,43023,30,180.0,1.5,2.5065,0.59941757
cold,0,1,0,0.001,0.1,512,3,5,4,256,6000,8.0,2633729,1,1,9974,1108,600013,7,1023,43023,31,186.0,1.55,2.59005,0.61731207
cold,0,1,0,0.001,0.1,512,3,5,4,256,6000,8.0,2633729,1,1,9974,1108,600013,7,1023,43023,32,192.0,1.6,2.6736,0.63452661
cold,0,1,0,0.001,0.1,512,3,5,4,256,6000,8.0,2633729,1,1,9974,1108,600013,7,1023,43023,33,198.0,1.65,2.75715,0.64994991
cold,0,1,0,0.001,0.1,512,3,5,4,256,6000,8.0,2633729,1,1,9974,1108,600013,7,1023,43023,34,204.0,1.7,2.8407,0.66549301
cold,0,1,0,0.001,0.1,512,3,5,4,256,6000,8.0,2633729,1,1,9974,1108,600013,7,1023,43023,35,210.0,1.75,2.92425,0.68218136
cold,0,1,0,0.001,0.1,512,3,5,4,256,6000,8.0,2633729,1,1,9974,1108,600013,7,1023,43023,36,216.0,1.8,3.0078,0.69842839
cold,0,1,0,0.001,0.1,512,3,5,4,256,6000,8.0,2633729,1,1,9974,1108,600013,7,1023,43023,37,222.0,1.85,3.09135,0.71303684
cold,0,1,0,0.001,0.1,512,3,5,4,256,6000,8.0,2633729,1,1,9974,1108,600013,7,1023,43023,38,228.0,1.9,3.1749,0.72697341
cold,0,1,0,0.001,0.1,512,3,5,4,256,6000,8.0,2633729,1,1,9974,1108,600013,7,1023,43023,39,234.0,1.95,3.25845,0.74187994
cold,0,1,0,0.001,0.1,512,3,5,4,256,6000,8.0,2633729,1,1,9974,1108,600013,7,1023,43023,40,240.0,2.0,3.342,0.75756907
cold,0,1,0,0.001,0.1,512,3,5,4,256,6000,8.0,2633729,1,1,9974,1108,600013,7,1023,43023,41,246.0,2.05,3.42555,0.77183002
cold,0,1,0,0.001,0.1,512,3,5,4,256,6000,8.0,2633729,1,1,9974,1108,600013,7,1023,43023,42,252.0,2.1,3.5091,0.7834385
cold,0,1,0,0.001,0.1,512,3,5,4,256,6000,8.0,2633729,1,1,9974,1108,600013,7,1023,43023,43,258.0,2.15,3.59265,0.79345876
cold,0,1,0,0.001,0.1,512,3,5,4,256,6000,8.0,2633729,1,1,9974,1108,600013,7,1023,43023,44,264.0,2.2,3.6762,0.80294031
cold,0,1,0,0.001,0.1,512,3,5,4,256,6000,8.0,2633729,1,1,9974,1108,600013,7,1023,43023,45,270.0,2.25,3.75975,0.81169331
cold,0,1,0,0.001,0.1,512,3,5,4,256,6000,8.0,2633729,1,1,9974,1108,600013,7,1023,43023,46,276.0,2.3,3.8433,0.81985557
cold,0,1,0,0.001,0.1,512,3,5,4,256,6000,8.0,2633729,1,1,9974,1108,600013,7,1023,43023,47,282.0,2.35,3.92685,0.82776511
cold,0,1,0,0.001,0.1,512,3,5,4,256,6000,8.0,2633729,1,1,9974,1108,600013,7,1023,43023,48,288.0,2.4,4.0104,0.83608407
cold,0,1,0,0.001,0.1,512,3,5,4,256,6000,8.0,2633729,1,1,9974,1108,600013,7,1023,43023,49,294.0,2.45,4.09395,0.84486037
cold,0,1,0,0.001,0.1,512,3,5,4,256,6000,8.0,2633729,1,1,9974,1108,600013,7,1023,43023,50,300.0,2.5,4.1775,0.85311985
cold,0,1,0,0.001,0.1,512,3,5,4,256,6000,8.0,2633729,1,1,9974,1108,600013,7,1023,43023,51,306.0,2.55,4.26105,0.85961002
cold,0,1,0,0.001,0.1,512,3,5,4,256,6000,8.0,2633729,1,1,9974,1108,600013,7,1023,43023,52,312.0,2.6,4.3446,0.86403114
cold,0,1,0,0.001,0.1,512,3,5,4,256,6000,8.0,2633729,1,1,9974,1108,600013,7,1023,43023,53,318.0,2.65,4.42815,0.8664552
cold,0,1,0,0.001,0.1,512,3,5,4,256,6000,8.0,2633729,1,1,9974,1108,600013,7,1023,43023,54,324.0,2.7,4.5117,0.86808729
cold,0,1,0,0.001,0.1,512,3,5,4,256,6000,8.0,2633729,1,1,9974,1108,600013,7,1023,43023,55,330.0,2.75,4.59525,0.87202317
cold,0,1,0,0.001,0.1,512,3,5,4,256,6000,8.0,2633729,1,1,9974,1108,600013,7,1023,43023,56,336.0,2.8,4.6788,0.87913769
cold,0,1,0,0.001,0.1,512,3,5,4,256,6000,8.0,2633729,1,1,9974,1108,600013,7,1023,43023,57,342.0,2.85,4.76235,0.88751239
cold,0,1,0,0.001,0.1,512,3,5,4,256,6000,8.0,2633729,1,1,9974,1108,600013,7,1023,43023,58,348.0,2.9,4.8459,0.89501131
cold,0,1,0,0.001,0.1,512,3,5,4,256,6000,8.0,2633729,1,1,9974,1108,600013,7,1023,43023,59,354.0,2.95,4.92945,0.90076816
cold,0,1,0,0.001,0.1,512,3,5,4,256,6000,8.0,2633729,1,1,9974,1108,600013,7,1023,43023,60,360.0,3.0,5.013,0.90489006
cold,0,1,0,0.001,0.1,512,3,5,4,256,6000,8.0,2633729,1,1,9974,1108,600013,7,1023,43023,61,366.0,3.05,5.09655,0.9072814
cold,0,1,0,0.001,0.1,512,3,5,4,256,6000,8.0,2633729,1,1,9974,1108,600013,7,1023,43023,62,372.0,3.1,5.1801,0.90863389
cold,0,1,0,0.001,0.1,512,3,5,4,256,6000,8.0,2633729,1,1,9974,1108,600013,7,1023,43023,63,378.0,3.15,5.26365,0.91106498
cold,0,1,0,0.001,0.1,512,3,5,4,256,6000,8.0,2633729,1,1,9974,1108,600013,7,1023,43023,64,384.0,3.2,5.3472,0.91504234
cold,0,1,0,0.001,0.1,512,3,5,4,256,6000,8.0,2633729,1,1,9974,1108,600013,7,1023,43023,65,390.0,3.25,5.43075,0.91863656
cold,0,1,0,0.001,0.1,512,3,5,4,256,6000,8.0,2633729,1,1,9974,1108,600013,7,1023,43023,66,396.0,3.3,5.5143,0.92095673
cold,0,1,0,0.001,0.1,512,3,5,4,256,6000,8.0,2633729,1,1,9974,1108,600013,7,1023,43023,67,402.0,3.35,5.59785,0.92433292
cold,0,1,0,0.001,0.1,512,3,5,4,256,6000,8.0,2633729,1,1,9974,1108,600013,7,1023,43023,68,408.0,3.4,5.6814,0.93094766
cold,0,1,0,0.001,0.1,512,3,5,4,256,6000,8.0,2633729,1,1,9974,1108,600013,7,1023,43023,69,414.0,3.45,5.76495,0.93928516
cold,0,1,0,0.001,0.1,512,3,5,4,256,6000,8.0,2633729,1,1,9974,1108,600013,7,1023,43023,70,420.0,3.5,5.8485,0.94638956
cold,0,1,0,0.001,0.1,512,3,5,4,256,6000,8.0,2633729,1,1,9974,1108,600013,7,1023,43023,71,426.0,3.55,5.93205,0.95112884
cold,0,1,0,0.001,0.1,512,3,5,4,256,6000,8.0,2633729,1,1,9974,1108,600013,7,1023,43023,72,432.0,3.6,6.0156,0.95401949
cold,0,1,0,0.001,0.1,512,3,5,4,256,6000,8.0,2633729,1,1,9974,1108,600013,7,1023,43023,73,438.0,3.65,6.09915,0.95666957
cold,0,1,0,0.001,0.1,512,3,5,4,256,6000,8.0,2633729,1,1,9974,1108,600013,7,1023,43023,74,444.0,3.7,6.1827,0.96078956
cold,0,1,0,0.001,0.1,512,3,5,4,256,6000,8.0,2633729,1,1,9974,1108,600013,7,1023,43023,75,450.0,3.75,6.26625,0.96583265
cold,0,1,0,0.001,0.1,512,3,5,4,256,6000,8.0,2633729,1,1,9974,1108,600013,7,1023,43023,76,456.0,3.8,6.3498,0.96955764
cold,0,1,0,0.001,0.1,512,3,5,4,256,6000,8.0,2633729,1,1,9974,1108,600013,7,1023,43023,77,462.0,3.85,6.43335,0.97123039
cold,0,1,0,0.001,0.1,512,3,5,4,256,6000,8.0,2633729,1,1,9974,1108,600013,7,1023,43023,78,468.0,3.9,6.5169,0.97233081
cold,0,1,0,0.001,0.1,512,3,5,4,256,6000,8.0,2633729,1,1,9974,1108,600013,7,1023,43023,79,474.0,3.95,6.60045,0.97474539
cold,0,1,0,0.001,0.1,512,3,5,4,256,6000,8.0,2633729,1,1,9974,1108,600013,7,1023,43023,80,480.0,4.0,6.684,0.97947097
cold,0,1,0,0.001,0.1,512,3,5,4,256,6000,8.0,2633729,1,1,9974,1108,600013,7,1023,43023,81,486.0,4.05,6.76755,0.98450577
cold,0,1,0,0.001,0.1,512,3,5,4,256,6000,8.0,2633729,1,1,9974,1108,600013,7,1023,43023,82,492.0,4.1,6.8511,0.98647022
cold,0,1,0,0.001,0.1,512,3,5,4,256,6000,8.0,2633729,1,1,9974,1108,600013,7,1023,43023,83,498.0,4.15,6.93465,0.98404908
cold,0,1,0,0.001,0.1,512,3,5,4,256,6000,8.0,2633729,1,1,9974,1108,600013,7,1023,43023,84,504.0,4.2,7.0182,0.97955066
cold,0,1,0,0.001,0.1,512,3,5,4,256,6000,8.0,2633729,1,1,9974,1108,600013,7,1023,43023,85,510.0,4.25,7.10175,0.9761768
cold,0,1,0,0.001,0.1,512,3,5,4,256,6000,8.0,2633729,1,1,9974,1108,600013,7,1023,43023,86,516.0,4.3,7.1853,0.97418362
cold,0,1,0,0.001,0.1,512,3,5,4,256,6000,8.0,2633729,1,1,9974,1108,600013,7,1023,43023,87,522.0,4.35,7.26885,0.97253591
cold,0,1,0,0.001,0.1,512,3,5,4,256,6000,8.0,2633729,1,1,9974,1108,600013,7,1023,43023,88,528.0,4.4,7.3524,0.97141927
cold,0,1,0,0.001,0.1,512,3,5,4,256,6000,8.0,2633729,1,1,9974,1108,600013,7,1023,43023,89,534.0,4.45,7.43595,0.97071594
cold,0,1,0,0.001,0.1,512,3,5,4,256,6000,8.0,2633729,1,1,9974,1108,600013,7,1023,43023,90,540.0,4.5,7.5195,0.97039706
cold,0,1,0,0.001,0.1,512,3,5,4,256,6000,8.0,2633729,1,1,9974,1108,600013,7,1023,43023,91,546.0,4.55,7.60305,0.97074515
cold,0,1,0,0.001,0.1,512,3,5,4,256,6000,8.0,2633729,1,1,9974,1108,600013,7,1023,43023,92,552.0,4.6,7.6866,0.97146845
cold,0,1,0,0.001,0.1,512,3,5,4,256,6000,8.0,2633729,1,1,9974,1108,600013,7,1023,43023,93,558.0,4.65,7.77015,0.97243905
cold,0,1,0,0.001,0.1,512,3,5,4,256,6000,8.0,2633729,1,1,9974,1108,600013,7,1023,43023,94,564.0,4.7,7.8537,0.97447187
cold,0,1,0,0.001,0.1,512,3,5,4,256,6000,8.0,2633729,1,1,9974,1108,600013,7,1023,43023,95,570.0,4.75,7.93725,0.97791946
cold,0,1,0,0.001,0.1,512,3,5,4,256,6000,8.0,2633729,1,1,9974,1108,600013,7,1023,43023,96,576.0,4.8,8.0208,0.98138314
cold,0,1,0,0.001,0.1,512,3,5,4,256,6000,8.0,2633729,1,1,9974,1108,600013,7,1023,43023,97,582.0,4.85,8.10435,0.9831683
cold,0,1,0,0.001,0.1,512,3,5,4,256,6000,8.0,2633729,1,1,9974,1108,600013,7,1023,43023,98,588.0,4.9,8.1879,0.98247397
cold,0,1,0,0.001,0.1,512,3,5,4,256,6000,8.0,2633729,1,1,9974,1108,600013,7,1023,43023,99,594.0,4.95,8.27145,0.97897625
cold,0,1,0,0.001,0.1,512,3,5,4,256,6000,8.0,2633729,1,1,9974,1108,600013,7,1023,43023,100,600.0,5.0,8.355,0.97369796
cold,0,1,0,0.001,0.1,512,3,5,4,256,6000,8.0,2633729,1,1,9974,1108,600013,7,1023,43023,101,606.0,5.05,8.43855,0.96898085
cold,0,1,0,0.001,0.1,512,3,5,4,256,6000,8.0,2633729,1,1,9974,1108,600013,7,1023,43023,102,612.0,5.1,8.5221,0.96618867
cold,0,1,0,0.001,0.1,512,3,5,4,256,6000,8.0,2633729,1,1,9974,1108,600013,7,1023,43023,103,618.0,5.15,8.60565,0.96544069
cold,0,1,0,0.001,0.1,512,3,5,4,256,6000,8.0,2633729,1,1,9974,1108,600013,7,1023,43023,104,624.0,5.2,8.6892,0.9661293
cold,0,1,0,0.001,0.1,512,3,5,4,256,6000,8.0,2633729,1,1,9974,1108,600013,7,1023,43023,105,630.0,5.25,8.77275,0.96834183
cold,0,1,0,0.001,0.1,512,3,5,4,256,6000,8.0,2633729,1,1,9974,1108,600013,7,1023,43023,106,636.0,5.3,8.8563,0.97301966
cold,0,1,0,0.001,0.1,512,3,5,4,256,6000,8.0,2633729,1,1,9974,1108,600013,7,1023,43023,107,642.0,5.35,8.93985,0.97949523
cold,0,1,0,0.001,0.1,512,3,5,4,256,6000,8.0,2633729,1,1,9974,1108,600013,7,1023,43023,108,648.0,5.4,9.0234,0.98484445
cold,0,1,0,0.001,0.1,512,3,5,4,256,6000,8.0,2633729,1,1,9974,1108,600013,7,1023,43023,109,654.0,5.45,9.10695,0.98722529
cold,0,1,0,0.001,0.1,512,3,5,4,256,6000,8.0,2633729,1,1,9974,1108,600013,7,1023,43023,110,660.0,5.5,9.1905,0.98731399
cold,0,1,0,0.001,0.1,512,3,5,4,256,6000,8.0,2633729,1,1,9974,1108,600013,7,1023,43023,111,666.0,5.55,9.27405,0.98633707
cold,0,1,0,0.001,0.1,512,3,5,4,256,6000,8.0,2633729,1,1,9974,1108,600013,7,1023,43023,112,672.0,5.6,9.3576,0.98525816
cold,0,1,0,0.001,0.1,512,3,5,4,256,6000,8.0,2633729,1,1,9974,1108,600013,7,1023,43023,113,678.0,5.65,9.44115,0.98455226
cold,0,1,0,0.001,0.1,512,3,5,4,256,6000,8.0,2633729,1,1,9974,1108,600013,7,1023,43023,114,684.0,5.7,9.5247,0.9832707
cold,0,1,0,0.001,0.1,512,3,5,4,256,6000,8.0,2633729,1,1,9974,1108,600013,7,1023,43023,115,690.0,5.75,9.60825,0.98082066
cold,0,1,0,0.001,0.1,512,3,5,4,256,6000,8.0,2633729,1,1,9974,1108,600013,7,1023,43023,116,696.0,5.8,9.6918,0.97867262
cold,0,1,0,0.001,0.1,512,3,5,4,256,6000,8.0,2633729,1,1,9974,1108,600013,7,1023,43023,117,702.0,5.85,9.77535,0.97858608
cold,0,1,0,0.001,0.1,512,3,5,4,256,6000,8.0,2633729,1,1,9974,1108,600013,7,1023,43023,118,708.0,5.9,9.8589,0.98076087
cold,0,1,0,0.001,0.1,512,3,5,4,256,6000,8.0,2633729,1,1,9974,1108,600013,7,1023,43023,119,714.0,5.95,9.94245,0.98439586
cold,0,1,0,0.001,0.1,512,3,5,4,256,6000,8.0,2633729,1,1,9974,1108,600013,7,1023,43023,120,720.0,6.0,10.026,0.98847216
cold,0,1,0,0.001,0.1,512,3,5,4,256,6000,8.0,2633729,1,1,9974,1108,600013,7,4468,46468,1,6.0,0.05,0.08355,0.03887163
cold,0,1,0,0.001,0.1,512,3,5,4,256,6000,8.0,2633729,1,1,9974,1108,600013,7,4468,46468,2,12.0,0.1,0.1671,0.04624448
cold,0,1,0,0.001,0.1,512,3,5,4,256,6000,8.0,2633729,1,1,9974,1108,600013,7,4468,46468,3,18.0,0.15,0.25065,0.05458196
cold,0,1,0,0.001,0.1,512,3,5,4,256,6000,8.0,2633729,1,1,9974,1108,600013,7,4468,46468,4,24.0,0.2,0.3342,0.06168198
cold,0,1,0,0.001,0.1,512,3,5,4,256,6000,8.0,2633729,1,1,9974,1108,600013,7,4468,46468,5,30.0,0.25,0.41775,0.06842661
cold,0,1,0,0.001,0.1,512,3,5,4,256,6000,8.0,2633729,1,1,9974,1108,600013,7,4468,46468,6,36.0,0.3,0.5013,0.07854354
cold,0,1,0,0.001,0.1,512,3,5,4,256,6000,8.0,2633729,1,1,9974,1108,600013,7,4468,46468,7,42.0,0.35,0.58485,0.08907789
cold,0,1,0,0.001,0.1,512,3,5,4,256,6000,8.0,2633729,1,1,9974,1108,600013,7,4468,46468,8,48.0,0.4,0.6684,0.09977951
cold,0,1,0,0.001,0.1,512,3,5,4,256,6000,8.0,2633729,1,1,9974,1108,600013,7,4468,46468,9,54.0,0.45,0.75195,0.11090696
cold,0,1,0,0.001,0.1,512,3,5,4,256,6000,8.0,2633729,1,1,9974,1108,600013,7,4468,46468,10,60.0,0.5,0.8355,0.12295929
cold,0,1,0,0.001,0.1,512,3,5,4,256,6000,8.0,2633729,1,1,9974,1108,600013,7,4468,46468,11,66.0,0.55,0.91905,0.13592418
cold,0,1,0,0.001,0.1,512,3,5,4,256,6000,8.0,2633729,1,1,9974,1108,600013,7,4468,46468,12,72.0,0.6,1.0026,0.15022913
cold,0,1,0,0.001,0.1,512,3,5,4,256,6000,8.0,2633729,1,1,9974,1108,600013,7,4468,46468,13,78.0,0.65,1.08615,0.16681601
cold,0,1,0,0.001,0.1,512,3,5,4,256,6000,8.0,2633729,1,1,9974,1108,600013,7,4468,46468,14,84.0,0.7,1.1697,0.18682092
cold,0,1,0,0.001,0.1,512,3,5,4,256,6000,8.0,2633729,1,1,9974,1108,600013,7,4468,46468,15,90.0,0.75,1.25325,0.20935401
cold,0,1,0,0.001,0.1,512,3,5,4,256,6000,8.0,2633729,1,1,9974,1108,600013,7,4468,46468,16,96.0,0.8,1.3368,0.23266323
cold,0,1,0,0.001,0.1,512,3,5,4,256,6000,8.0,2633729,1,1,9974,1108,600013,7,4468,46468,17,102.0,0.85,1.42035,0.25560319
cold,0,1,0,0.001,0.1,512,3,5,4,256,6000,8.0,2633729,1,1,9974,1108,600013,7,4468,46468,18,108.0,0.9,1.5039,0.27772099
cold,0,1,0,0.001,0.1,512,3,5,4,256,6000,8.0,2633729,1,1,9974,1108,600013,7,4468,46468,19,114.0,0.95,1.58745,0.29950085
cold,0,1,0,0.001,0.1,512,3,5,4,256,6000,8.0,2633729,1,1,9974,1108,600013,7,4468,46468,20,120.0,1.0,1.671,0.32136613
cold,0,1,0,0.001,0.1,512,3,5,4,256,6000,8.0,2633729,1,1,9974,1108,600013,7,4468,46468,21,126.0,1.05,1.75455,0.34280986
cold,0,1,0,0.001,0.1,512,3,5,4,256,6000,8.0,2633729,1,1,9974,1108,600013,7,4468,46468,22,132.0,1.1,1.8381,0.36349747
cold,0,1,0,0.001,0.1,512,3,5,4,256,6000,8.0,2633729,1,1,9974,1108,600013,7,4468,46468,23,138.0,1.15,1.92165,0.38493788
cold,0,1,0,0.001,0.1,512,3,5,4,256,6000,8.0,2633729,1,1,9974,1108,600013,7,4468,46468,24,144.0,1.2,2.0052,0.4079507
cold,0,1,0,0.001,0.1,512,3,5,4,256,6000,8.0,2633729,1,1,9974,1108,600013,7,4468,46468,25,150.0,1.25,2.08875,0.43197766
cold,0,1,0,0.001,0.1,512,3,5,4,256,6000,8.0,2633729,1,1,9974,1108,600013,7,4468,46468,26,156.0,1.3,2.1723,0.45633903
cold,0,1,0,0.001,0.1,512,3,5,4,256,6000,8.0,2633729,1,1,9974,1108,600013,7,4468,46468,27,162.0,1.35,2.25585,0.48093331
cold,0,1,0,0.001,0.1,512,3,5,4,256,6000,8.0,2633729,1,1,9974,1108,600013,7,4468,46468,28,168.0,1.4,2.3394,0.50486249
cold,0,1,0,0.001,0.1,512,3,5,4,256,6000,8.0,2633729,1,1,9974,1108,600013,7,4468,46468,29,174.0,1.45,2.42295,0.52779686
cold,0,1,0,0.001,0.1,512,3,5,4,256,6000,8.0,2633729,1,1,9974,1108,600013,7,4468,46468,30,180.0,1.5,2.5065,0.55105102
cold,0,1,0,0.001,0.1,512,3,5,4,256,6000,8.0,2633729,1,1,9974,1108,600013,7,4468,46468,31,186.0,1.55,2.59005,0.57414931
cold,0,1,0,0.001,0.1,512,3,5,4,256,6000,8.0,2633729,1,1,9974,1108,600013,7,4468,46468,32,192.0,1.6,2.6736,0.59470171
cold,0,1,0,0.001,0.1,512,3,5,4,256,6000,8.0,2633729,1,1,9974,1108,600013,7,4468,46468,33,198.0,1.65,2.75715,0.61006862
cold,0,1,0,0.001,0.1,512,3,5,4,256,6000,8.0,2633729,1,1,9974,1108,600013,7,4468,46468,34,204.0,1.7,2.8407,0.62110251
cold,0,1,0,0.001,0.1,512,3,5,4,256,6000,8.0,2633729,1,1,9974,1108,600013,7,4468,46468,35,210.0,1.75,2.92425,0.63027096
cold,0,1,0,0.001,0.1,512,3,5,4,256,6000,8.0,2633729,1,1,9974,1108,600013,7,4468,46468,36,216.0,1.8,3.0078,0.64013195
cold,0,1,0,0.001,0.1,512,3,5,4,256,6000,8.0,2633729,1,1,9974,1108,600013,7,4468,46468,37,222.0,1.85,3.09135,0.6516456
cold,0,1,0,0.001,0.1,512,3,5,4,256,6000,8.0,2633729,1,1,9974,1108,600013,7,4468,46468,38,228.0,1.9,3.1749,0.66482455
cold,0,1,0,0.001,0.1,512,3,5,4,256,6000,8.0,2633729,1,1,9974,1108,600013,7,4468,46468,39,234.0,1.95,3.25845,0.67995709
cold,0,1,0,0.001,0.1,512,3,5,4,256,6000,8.0,2633729,1,1,9974,1108,600013,7,4468,46468,40,240.0,2.0,3.342,0.69672787
cold,0,1,0,0.001,0.1,512,3,5,4,256,6000,8.0,2633729,1,1,9974,1108,600013,7,4468,46468,41,246.0,2.05,3.42555,0.71303141
cold,0,1,0,0.001,0.1,512,3,5,4,256,6000,8.0,2633729,1,1,9974,1108,600013,7,4468,46468,42,252.0,2.1,3.5091,0.72721952
cold,0,1,0,0.001,0.1,512,3,5,4,256,6000,8.0,2633729,1,1,9974,1108,600013,7,4468,46468,43,258.0,2.15,3.59265,0.74016732
cold,0,1,0,0.001,0.1,512,3,5,4,256,6000,8.0,2633729,1,1,9974,1108,600013,7,4468,46468,44,264.0,2.2,3.6762,0.75348711
cold,0,1,0,0.001,0.1,512,3,5,4,256,6000,8.0,2633729,1,1,9974,1108,600013,7,4468,46468,45,270.0,2.25,3.75975,0.76717156
cold,0,1,0,0.001,0.1,512,3,5,4,256,6000,8.0,2633729,1,1,9974,1108,600013,7,4468,46468,46,276.0,2.3,3.8433,0.77998573
cold,0,1,0,0.001,0.1,512,3,5,4,256,6000,8.0,2633729,1,1,9974,1108,600013,7,4468,46468,47,282.0,2.35,3.92685,0.79089308
cold,0,1,0,0.001,0.1,512,3,5,4,256,6000,8.0,2633729,1,1,9974,1108,600013,7,4468,46468,48,288.0,2.4,4.0104,0.7994349
cold,0,1,0,0.001,0.1,512,3,5,4,256,6000,8.0,2633729,1,1,9974,1108,600013,7,4468,46468,49,294.0,2.45,4.09395,0.80751127
cold,0,1,0,0.001,0.1,512,3,5,4,256,6000,8.0,2633729,1,1,9974,1108,600013,7,4468,46468,50,300.0,2.5,4.1775,0.81860334
cold,0,1,0,0.001,0.1,512,3,5,4,256,6000,8.0,2633729,1,1,9974,1108,600013,7,4468,46468,51,306.0,2.55,4.26105,0.83242977
cold,0,1,0,0.001,0.1,512,3,5,4,256,6000,8.0,2633729,1,1,9974,1108,600013,7,4468,46468,52,312.0,2.6,4.3446,0.84531999
cold,0,1,0,0.001,0.1,512,3,5,4,256,6000,8.0,2633729,1,1,9974,1108,600013,7,4468,46468,53,318.0,2.65,4.42815,0.85399407
cold,0,1,0,0.001,0.1,512,3,5,4,256,6000,8.0,2633729,1,1,9974,1108,600013,7,4468,46468,54,324.0,2.7,4.5117,0.85859317
cold,0,1,0,0.001,0.1,512,3,5,4,256,6000,8.0,2633729,1,1,9974,1108,600013,7,4468,46468,55,330.0,2.75,4.59525,0.86201495
cold,0,1,0,0.001,0.1,512,3,5,4,256,6000,8.0,2633729,1,1,9974,1108,600013,7,4468,46468,56,336.0,2.8,4.6788,0.86736709
cold,0,1,0,0.001,0.1,512,3,5,4,256,6000,8.0,2633729,1,1,9974,1108,600013,7,4468,46468,57,342.0,2.85,4.76235,0.87609833
cold,0,1,0,0.001,0.1,512,3,5,4,256,6000,8.0,2633729,1,1,9974,1108,600013,7,4468,46468,58,348.0,2.9,4.8459,0.88511401
cold,0,1,0,0.001,0.1,512,3,5,4,256,6000,8.0,2633729,1,1,9974,1108,600013,7,4468,46468,59,354.0,2.95,4.92945,0.88977778
cold,0,1,0,0.001,0.1,512,3,5,4,256,6000,8.0,2633729,1,1,9974,1108,600013,7,4468,46468,60,360.0,3.0,5.013,0.88904047
cold,0,1,0,0.001,0.1,512,3,5,4,256,6000,8.0,2633729,1,1,9974,1108,600013,7,4468,46468,61,366.0,3.05,5.09655,0.88665926
cold,0,1,0,0.001,0.1,512,3,5,4,256,6000,8.0,2633729,1,1,9974,1108,600013,7,4468,46468,62,372.0,3.1,5.1801,0.88639677
cold,0,1,0,0.001,0.1,512,3,5,4,256,6000,8.0,2633729,1,1,9974,1108,600013,7,4468,46468,63,378.0,3.15,5.26365,0.88947898
cold,0,1,0,0.001,0.1,512,3,5,4,256,6000,8.0,2633729,1,1,9974,1108,600013,7,4468,46468,64,384.0,3.2,5.3472,0.89537144
cold,0,1,0,0.001,0.1,512,3,5,4,256,6000,8.0,2633729,1,1,9974,1108,600013,7,4468,46468,65,390.0,3.25,5.43075,0.90229672
cold,0,1,0,0.001,0.1,512,3,5,4,256,6000,8.0,2633729,1,1,9974,1108,600013,7,4468,46468,66,396.0,3.3,5.5143,0.9090057
cold,0,1,0,0.001,0.1,512,3,5,4,256,6000,8.0,2633729,1,1,9974,1108,600013,7,4468,46468,67,402.0,3.35,5.59785,0.91520822
cold,0,1,0,0.001,0.1,512,3,5,4,256,6000,8.0,2633729,1,1,9974,1108,600013,7,4468,46468,68,408.0,3.4,5.6814,0.92013991
cold,0,1,0,0.001,0.1,512,3,5,4,256,6000,8.0,2633729,1,1,9974,1108,600013,7,4468,46468,69,414.0,3.45,5.76495,0.92361379
cold,0,1,0,0.001,0.1,512,3,5,4,256,6000,8.0,2633729,1,1,9974,1108,600013,7,4468,46468,70,420.0,3.5,5.8485,0.92696857
cold,0,1,0,0.001,0.1,512,3,5,4,256,6000,8.0,2633729,1,1,9974,1108,600013,7,4468,46468,71,426.0,3.55,5.93205,0.93195659
cold,0,1,0,0.001,0.1,512,3,5,4,256,6000,8.0,2633729,1,1,9974,1108,600013,7,4468,46468,72,432.0,3.6,6.0156,0.93893111
cold,0,1,0,0.001,0.1,512,3,5,4,256,6000,8.0,2633729,1,1,9974,1108,600013,7,4468,46468,73,438.0,3.65,6.09915,0.94680715
cold,0,1,0,0.001,0.1,512,3,5,4,256,6000,8.0,2633729,1,1,9974,1108,600013,7,4468,46468,74,444.0,3.7,6.1827,0.95352864
cold,0,1,0,0.001,0.1,512,3,5,4,256,6000,8.0,2633729,1,1,9974,1108,600013,7,4468,46468,75,450.0,3.75,6.26625,0.95750684
cold,0,1,0,0.001,0.1,512,3,5,4,256,6000,8.0,2633729,1,1,9974,1108,600013,7,4468,46468,76,456.0,3.8,6.3498,0.95878899
cold,0,1,0,0.001,0.1,512,3,5,4,256,6000,8.0,2633729,1,1,9974,1108,600013,7,4468,46468,77,462.0,3.85,6.43335,0.9585104
cold,0,1,0,0.001,0.1,512,3,5,4,256,6000,8.0,2633729,1,1,9974,1108,600013,7,4468,46468,78,468.0,3.9,6.5169,0.95774877
cold,0,1,0,0.001,0.1,512,3,5,4,256,6000,8.0,2633729,1,1,9974,1108,600013,7,4468,46468,79,474.0,3.95,6.60045,0.95651513
cold,0,1,0,0.001,0.1,512,3,5,4,256,6000,8.0,2633729,1,1,9974,1108,600013,7,4468,46468,80,480.0,4.0,6.684,0.95523727
cold,0,1,0,0.001,0.1,512,3,5,4,256,6000,8.0,2633729,1,1,9974,1108,600013,7,4468,46468,81,486.0,4.05,6.76755,0.95539892
cold,0,1,0,0.001,0.1,512,3,5,4,256,6000,8.0,2633729,1,1,9974,1108,600013,7,4468,46468,82,492.0,4.1,6.8511,0.95795381
cold,0,1,0,0.001,0.1,512,3,5,4,256,6000,8.0,2633729,1,1,9974,1108,600013,7,4468,46468,83,498.0,4.15,6.93465,0.96173286
cold,0,1,0,0.001,0.1,512,3,5,4,256,6000,8.0,2633729,1,1,9974,1108,600013,7,4468,46468,84,504.0,4.2,7.0182,0.96541715
cold,0,1,0,0.001,0.1,512,3,5,4,256,6000,8.0,2633729,1,1,9974,1108,600013,7,4468,46468,85,510.0,4.25,7.10175,0.96809882
cold,0,1,0,0.001,0.1,512,3,5,4,256,6000,8.0,2633729,1,1,9974,1108,600013,7,4468,46468,86,516.0,4.3,7.1853,0.96920907
cold,0,1,0,0.001,0.1,512,3,5,4,256,6000,8.0,2633729,1,1,9974,1108,600013,7,4468,46468,87,522.0,4.35,7.26885,0.9682886
cold,0,1,0,0.001,0.1,512,3,5,4,256,6000,8.0,2633729,1,1,9974,1108,600013,7,4468,46468,88,528.0,4.4,7.3524,0.96527225
cold,0,1,0,0.001,0.1,512,3,5,4,256,6000,8.0,2633729,1,1,9974,1108,600013,7,4468,46468,89,534.0,4.45,7.43595,0.96071917
cold,0,1,0,0.001,0.1,512,3,5,4,256,6000,8.0,2633729,1,1,9974,1108,600013,7,4468,46468,90,540.0,4.5,7.5195,0.95659387
cold,0,1,0,0.001,0.1,512,3,5,4,256,6000,8.0,2633729,1,1,9974,1108,600013,7,4468,46468,91,546.0,4.55,7.60305,0.95496166
cold,0,1,0,0.001,0.1,512,3,5,4,256,6000,8.0,2633729,1,1,9974,1108,600013,7,4468,46468,92,552.0,4.6,7.6866,0.95628262
cold,0,1,0,0.001,0.1,512,3,5,4,256,6000,8.0,2633729,1,1,9974,1108,600013,7,4468,46468,93,558.0,4.65,7.77015,0.95951062
cold,0,1,0,0.001,0.1,512,3,5,4,256,6000,8.0,2633729,1,1,9974,1108,600013,7,4468,46468,94,564.0,4.7,7.8537,0.96368504
cold,0,1,0,0.001,0.1,512,3,5,4,256,6000,8.0,2633729,1,1,9974,1108,600013,7,4468,46468,95,570.0,4.75,7.93725,0.96999753
cold,0,1,0,0.001,0.1,512,3,5,4,256,6000,8.0,2633729,1,1,9974,1108,600013,7,4468,46468,96,576.0,4.8,8.0208,0.97899884
cold,0,1,0,0.001,0.1,512,3,5,4,256,6000,8.0,2633729,1,1,9974,1108,600013,7,4468,46468,97,582.0,4.85,8.10435,0.98738617
cold,0,1,0,0.001,0.1,512,3,5,4,256,6000,8.0,2633729,1,1,9974,1108,600013,7,4468,46468,98,588.0,4.9,8.1879,0.98956203
cold,0,1,0,0.001,0.1,512,3,5,4,256,6000,8.0,2633729,1,1,9974,1108,600013,7,4468,46468,99,594.0,4.95,8.27145,0.98560387
cold,0,1,0,0.001,0.1,512,3,5,4,256,6000,8.0,2633729,1,1,9974,1108,600013,7,4468,46468,100,600.0,5.0,8.355,0.98010099
cold,0,1,0,0.001,0.1,512,3,5,4,256,6000,8.0,2633729,1,1,9974,1108,600013,7,4468,46468,101,606.0,5.05,8.43855,0.97583658
cold,0,1,0,0.001,0.1,512,3,5,4,256,6000,8.0,2633729,1,1,9974,1108,600013,7,4468,46468,102,612.0,5.1,8.5221,0.9737699
cold,0,1,0,0.001,0.1,512,3,5,4,256,6000,8.0,2633729,1,1,9974,1108,600013,7,4468,46468,103,618.0,5.15,8.60565,0.97418851
cold,0,1,0,0.001,0.1,512,3,5,4,256,6000,8.0,2633729,1,1,9974,1108,600013,7,4468,46468,104,624.0,5.2,8.6892,0.97617739
cold,0,1,0,0.001,0.1,512,3,5,4,256,6000,8.0,2633729,1,1,9974,1108,600013,7,4468,46468,105,630.0,5.25,8.77275,0.97916543
cold,0,1,0,0.001,0.1,512,3,5,4,256,6000,8.0,2633729,1,1,9974,1108,600013,7,4468,46468,106,636.0,5.3,8.8563,0.98323667
cold,0,1,0,0.001,0.1,512,3,5,4,256,6000,8.0,2633729,1,1,9974,1108,600013,7,4468,46468,107,642.0,5.35,8.93985,0.98640877
cold,0,1,0,0.001,0.1,512,3,5,4,256,6000,8.0,2633729,1,1,9974,1108,600013,7,4468,46468,108,648.0,5.4,9.0234,0.98668724
cold,0,1,0,0.001,0.1,512,3,5,4,256,6000,8.0,2633729,1,1,9974,1108,600013,7,4468,46468,109,654.0,5.45,9.10695,0.98601484
cold,0,1,0,0.001,0.1,512,3,5,4,256,6000,8.0,2633729,1,1,9974,1108,600013,7,4468,46468,110,660.0,5.5,9.1905,0.98744291
cold,0,1,0,0.001,0.1,512,3,5,4,256,6000,8.0,2633729,1,1,9974,1108,600013,7,4468,46468,111,666.0,5.55,9.27405,0.99124539
cold,0,1,0,0.001,0.1,512,3,5,4,256,6000,8.0,2633729,1,1,9974,1108,600013,7,4468,46468,112,672.0,5.6,9.3576,0.99589616
cold,0,1,0,0.001,0.1,512,3,5,4,256,6000,8.0,2633729,1,1,9974,1108,600013,7,4468,46468,113,678.0,5.65,9.44115,0.99953443
cold,0,1,0,0.001,0.1,512,3,5,4,256,6000,8.0,2633729,1,1,9974,1108,600013,7,4468,46468,114,684.0,5.7,9.5247,1.00128603
cold,0,1,0,0.001,0.1,512,3,5,4,256,6000,8.0,2633729,1,1,9974,1108,600013,7,4468,46468,115,690.0,5.75,9.60825,1.00082362
cold,0,1,0,0.001,0.1,512,3,5,4,256,6000,8.0,2633729,1,1,9974,1108,600013,7,4468,46468,116,696.0,5.8,9.6918,0.99919397
cold,0,1,0,0.001,0.1,512,3,5,4,256,6000,8.0,2633729,1,1,9974,1108,600013,7,4468,46468,117,702.0,5.85,9.77535,0.99837285
cold,0,1,0,0.001,0.1,512,3,5,4,256,6000,8.0,2633729,1,1,9974,1108,600013,7,4468,46468,118,708.0,5.9,9.8589,0.99979669
cold,0,1,0,0.001,0.1,512,3,5,4,256,6000,8.0,2633729,1,1,9974,1108,600013,7,4468,46468,119,714.0,5.95,9.94245,1.0026741
cold,0,1,0,0.001,0.1,512,3,5,4,256,6000,8.0,2633729,1,1,9974,1108,600013,7,4468,46468,120,720.0,6.0,10.026,1.0052284
cold,0,1,0,0.001,0.1,512,3,5,4,256,6000,8.0,2633729,1,1,9974,1108,600013,7,6000,48000,1,6.0,0.05,0.08355,0.03924621
cold,0,1,0,0.001,0.1,512,3,5,4,256,6000,8.0,2633729,1,1,9974,1108,600013,7,6000,48000,2,12.0,0.1,0.1671,0.04606047
cold,0,1,0,0.001,0.1,512,3,5,4,256,6000,8.0,2633729,1,1,9974,1108,600013,7,6000,48000,3,18.0,0.15,0.25065,0.05415963
cold,0,1,0,0.001,0.1,512,3,5,4,256,6000,8.0,2633729,1,1,9974,1108,600013,7,6000,48000,4,24.0,0.2,0.3342,0.06141303
cold,0,1,0,0.001,0.1,512,3,5,4,256,6000,8.0,2633729,1,1,9974,1108,600013,7,6000,48000,5,30.0,0.25,0.41775,0.0681795
cold,0,1,0,0.001,0.1,512,3,5,4,256,6000,8.0,2633729,1,1,9974,1108,600013,7,6000,48000,6,36.0,0.3,0.5013,0.07809696
cold,0,1,0,0.001,0.1,512,3,5,4,256,6000,8.0,2633729,1,1,9974,1108,600013,7,6000,48000,7,42.0,0.35,0.58485,0.08851792
cold,0,1,0,0.001,0.1,512,3,5,4,256,6000,8.0,2633729,1,1,9974,1108,600013,7,6000,48000,8,48.0,0.4,0.6684,0.09918407
cold,0,1,0,0.001,0.1,512,3,5,4,256,6000,8.0,2633729,1,1,9974,1108,600013,7,6000,48000,9,54.0,0.45,0.75195,0.110498
cold,0,1,0,0.001,0.1,512,3,5,4,256,6000,8.0,2633729,1,1,9974,1108,600013,7,6000,48000,10,60.0,0.5,0.8355,0.12328818
cold,0,1,0,0.001,0.1,512,3,5,4,256,6000,8.0,2633729,1,1,9974,1108,600013,7,6000,48000,11,66.0,0.55,0.91905,0.13759634
cold,0,1,0,0.001,0.1,512,3,5,4,256,6000,8.0,2633729,1,1,9974,1108,600013,7,6000,48000,12,72.0,0.6,1.0026,0.15327954
cold,0,1,0,0.001,0.1,512,3,5,4,256,6000,8.0,2633729,1,1,9974,1108,600013,7,6000,48000,13,78.0,0.65,1.08615,0.17044005
cold,0,1,0,0.001,0.1,512,3,5,4,256,6000,8.0,2633729,1,1,9974,1108,600013,7,6000,48000,14,84.0,0.7,1.1697,0.19043739
cold,0,1,0,0.001,0.1,512,3,5,4,256,6000,8.0,2633729,1,1,9974,1108,600013,7,6000,48000,15,90.0,0.75,1.25325,0.21381125
cold,0,1,0,0.001,0.1,512,3,5,4,256,6000,8.0,2633729,1,1,9974,1108,600013,7,6000,48000,16,96.0,0.8,1.3368,0.23936591
cold,0,1,0,0.001,0.1,512,3,5,4,256,6000,8.0,2633729,1,1,9974,1108,600013,7,6000,48000,17,102.0,0.85,1.42035,0.26511708
cold,0,1,0,0.001,0.1,512,3,5,4,256,6000,8.0,2633729,1,1,9974,1108,600013,7,6000,48000,18,108.0,0.9,1.5039,0.28975824
cold,0,1,0,0.001,0.1,512,3,5,4,256,6000,8.0,2633729,1,1,9974,1108,600013,7,6000,48000,19,114.0,0.95,1.58745,0.3116976
cold,0,1,0,0.001,0.1,512,3,5,4,256,6000,8.0,2633729,1,1,9974,1108,600013,7,6000,48000,20,120.0,1.0,1.671,0.33175176
cold,0,1,0,0.001,0.1,512,3,5,4,256,6000,8.0,2633729,1,1,9974,1108,600013,7,6000,48000,21,126.0,1.05,1.75455,0.35193822
cold,0,1,0,0.001,0.1,512,3,5,4,256,6000,8.0,2633729,1,1,9974,1108,600013,7,6000,48000,22,132.0,1.1,1.8381,0.37293714
cold,0,1,0,0.001,0.1,512,3,5,4,256,6000,8.0,2633729,1,1,9974,1108,600013,7,6000,48000,23,138.0,1.15,1.92165,0.39557594
cold,0,1,0,0.001,0.1,512,3,5,4,256,6000,8.0,2633729,1,1,9974,1108,600013,7,6000,48000,24,144.0,1.2,2.0052,0.41985849
cold,0,1,0,0.001,0.1,512,3,5,4,256,6000,8.0,2633729,1,1,9974,1108,600013,7,6000,48000,25,150.0,1.25,2.08875,0.44559094
cold,0,1,0,0.001,0.1,512,3,5,4,256,6000,8.0,2633729,1,1,9974,1108,600013,7,6000,48000,26,156.0,1.3,2.1723,0.47176817
cold,0,1,0,0.001,0.1,512,3,5,4,256,6000,8.0,2633729,1,1,9974,1108,600013,7,6000,48000,27,162.0,1.35,2.25585,0.49703434
cold,0,1,0,0.001,0.1,512,3,5,4,256,6000,8.0,2633729,1,1,9974,1108,600013,7,6000,48000,28,168.0,1.4,2.3394,0.52002293
cold,0,1,0,0.001,0.1,512,3,5,4,256,6000,8.0,2633729,1,1,9974,1108,600013,7,6000,48000,29,174.0,1.45,2.42295,0.53987563
cold,0,1,0,0.001,0.1,512,3,5,4,256,6000,8.0,2633729,1,1,9974,1108,600013,7,6000,48000,30,180.0,1.5,2.5065,0.55787528
cold,0,1,0,0.001,0.1,512,3,5,4,256,6000,8.0,2633729,1,1,9974,1108,600013,7,6000,48000,31,186.0,1.55,2.59005,0.57669252
cold,0,1,0,0.001,0.1,512,3,5,4,256,6000,8.0,2633729,1,1,9974,1108,600013,7,6000,48000,32,192.0,1.6,2.6736,0.59676141
cold,0,1,0,0.001,0.1,512,3,5,4,256,6000,8.0,2633729,1,1,9974,1108,600013,7,6000,48000,33,198.0,1.65,2.75715,0.61626446
cold,0,1,0,0.001,0.1,512,3,5,4,256,6000,8.0,2633729,1,1,9974,1108,600013,7,6000,48000,34,204.0,1.7,2.8407,0.63463229
cold,0,1,0,0.001,0.1,512,3,5,4,256,6000,8.0,2633729,1,1,9974,1108,600013,7,6000,48000,35,210.0,1.75,2.92425,0.6534853
cold,0,1,0,0.001,0.1,512,3,5,4,256,6000,8.0,2633729,1,1,9974,1108,600013,7,6000,48000,36,216.0,1.8,3.0078,0.67343104
cold,0,1,0,0.001,0.1,512,3,5,4,256,6000,8.0,2633729,1,1,9974,1108,600013,7,6000,48000,37,222.0,1.85,3.09135,0.69392043
cold,0,1,0,0.001,0.1,512,3,5,4,256,6000,8.0,2633729,1,1,9974,1108,600013,7,6000,48000,38,228.0,1.9,3.1749,0.71270162
cold,0,1,0,0.001,0.1,512,3,5,4,256,6000,8.0,2633729,1,1,9974,1108,600013,7,6000,48000,39,234.0,1.95,3.25845,0.72848958
cold,0,1,0,0.001,0.1,512,3,5,4,256,6000,8.0,2633729,1,1,9974,1108,600013,7,6000,48000,40,240.0,2.0,3.342,0.74251801
cold,0,1,0,0.001,0.1,512,3,5,4,256,6000,8.0,2633729,1,1,9974,1108,600013,7,6000,48000,41,246.0,2.05,3.42555,0.75681281
cold,0,1,0,0.001,0.1,512,3,5,4,256,6000,8.0,2633729,1,1,9974,1108,600013,7,6000,48000,42,252.0,2.1,3.5091,0.77109575
cold,0,1,0,0.001,0.1,512,3,5,4,256,6000,8.0,2633729,1,1,9974,1108,600013,7,6000,48000,43,258.0,2.15,3.59265,0.78408206
cold,0,1,0,0.001,0.1,512,3,5,4,256,6000,8.0,2633729,1,1,9974,1108,600013,7,6000,48000,44,264.0,2.2,3.6762,0.79451561
cold,0,1,0,0.001,0.1,512,3,5,4,256,6000,8.0,2633729,1,1,9974,1108,600013,7,6000,48000,45,270.0,2.25,3.75975,0.80159342
cold,0,1,0,0.001,0.1,512,3,5,4,256,6000,8.0,2633729,1,1,9974,1108,600013,7,6000,48000,46,276.0,2.3,3.8433,0.8073566
cold,0,1,0,0.001,0.1,512,3,5,4,256,6000,8.0,2633729,1,1,9974,1108,600013,7,6000,48000,47,282.0,2.35,3.92685,0.81525254
cold,0,1,0,0.001,0.1,512,3,5,4,256,6000,8.0,2633729,1,1,9974,1108,600013,7,6000,48000,48,288.0,2.4,4.0104,0.82652301
cold,0,1,0,0.001,0.1,512,3,5,4,256,6000,8.0,2633729,1,1,9974,1108,600013,7,6000,48000,49,294.0,2.45,4.09395,0.83966964
cold,0,1,0,0.001,0.1,512,3,5,4,256,6000,8.0,2633729,1,1,9974,1108,600013,7,6000,48000,50,300.0,2.5,4.1775,0.85161787
cold,0,1,0,0.001,0.1,512,3,5,4,256,6000,8.0,2633729,1,1,9974,1108,600013,7,6000,48000,51,306.0,2.55,4.26105,0.86043781
cold,0,1,0,0.001,0.1,512,3,5,4,256,6000,8.0,2633729,1,1,9974,1108,600013,7,6000,48000,52,312.0,2.6,4.3446,0.86556637
cold,0,1,0,0.001,0.1,512,3,5,4,256,6000,8.0,2633729,1,1,9974,1108,600013,7,6000,48000,53,318.0,2.65,4.42815,0.86789316
cold,0,1,0,0.001,0.1,512,3,5,4,256,6000,8.0,2633729,1,1,9974,1108,600013,7,6000,48000,54,324.0,2.7,4.5117,0.86896521
cold,0,1,0,0.001,0.1,512,3,5,4,256,6000,8.0,2633729,1,1,9974,1108,600013,7,6000,48000,55,330.0,2.75,4.59525,0.87065947
cold,0,1,0,0.001,0.1,512,3,5,4,256,6000,8.0,2633729,1,1,9974,1108,600013,7,6000,48000,56,336.0,2.8,4.6788,0.87429762
cold,0,1,0,0.001,0.1,512,3,5,4,256,6000,8.0,2633729,1,1,9974,1108,600013,7,6000,48000,57,342.0,2.85,4.76235,0.88058329
cold,0,1,0,0.001,0.1,512,3,5,4,256,6000,8.0,2633729,1,1,9974,1108,600013,7,6000,48000,58,348.0,2.9,4.8459,0.889314
cold,0,1,0,0.001,0.1,512,3,5,4,256,6000,8.0,2633729,1,1,9974,1108,600013,7,6000,48000,59,354.0,2.95,4.92945,0.89872527
cold,0,1,0,0.001,0.1,512,3,5,4,256,6000,8.0,2633729,1,1,9974,1108,600013,7,6000,48000,60,360.0,3.0,5.013,0.90730041
cold,0,1,0,0.001,0.1,512,3,5,4,256,6000,8.0,2633729,1,1,9974,1108,600013,7,6000,48000,61,366.0,3.05,5.09655,0.9136337
cold,0,1,0,0.001,0.1,512,3,5,4,256,6000,8.0,2633729,1,1,9974,1108,600013,7,6000,48000,62,372.0,3.1,5.1801,0.91652012
cold,0,1,0,0.001,0.1,512,3,5,4,256,6000,8.0,2633729,1,1,9974,1108,600013,7,6000,48000,63,378.0,3.15,5.26365,0.91617471
cold,0,1,0,0.001,0.1,512,3,5,4,256,6000,8.0,2633729,1,1,9974,1108,600013,7,6000,48000,64,384.0,3.2,5.3472,0.91403222
cold,0,1,0,0.001,0.1,512,3,5,4,256,6000,8.0,2633729,1,1,9974,1108,600013,7,6000,48000,65,390.0,3.25,5.43075,0.91242856
cold,0,1,0,0.001,0.1,512,3,5,4,256,6000,8.0,2633729,1,1,9974,1108,600013,7,6000,48000,66,396.0,3.3,5.5143,0.91317469
cold,0,1,0,0.001,0.1,512,3,5,4,256,6000,8.0,2633729,1,1,9974,1108,600013,7,6000,48000,67,402.0,3.35,5.59785,0.91566598
cold,0,1,0,0.001,0.1,512,3,5,4,256,6000,8.0,2633729,1,1,9974,1108,600013,7,6000,48000,68,408.0,3.4,5.6814,0.91829443
cold,0,1,0,0.001,0.1,512,3,5,4,256,6000,8.0,2633729,1,1,9974,1108,600013,7,6000,48000,69,414.0,3.45,5.76495,0.92090702
cold,0,1,0,0.001,0.1,512,3,5,4,256,6000,8.0,2633729,1,1,9974,1108,600013,7,6000,48000,70,420.0,3.5,5.8485,0.92438394
cold,0,1,0,0.001,0.1,512,3,5,4,256,6000,8.0,2633729,1,1,9974,1108,600013,7,6000,48000,71,426.0,3.55,5.93205,0.92787969
cold,0,1,0,0.001,0.1,512,3,5,4,256,6000,8.0,2633729,1,1,9974,1108,600013,7,6000,48000,72,432.0,3.6,6.0156,0.93109864
cold,0,1,0,0.001,0.1,512,3,5,4,256,6000,8.0,2633729,1,1,9974,1108,600013,7,6000,48000,73,438.0,3.65,6.09915,0.9343462
cold,0,1,0,0.001,0.1,512,3,5,4,256,6000,8.0,2633729,1,1,9974,1108,600013,7,6000,48000,74,444.0,3.7,6.1827,0.93843329
cold,0,1,0,0.001,0.1,512,3,5,4,256,6000,8.0,2633729,1,1,9974,1108,600013,7,6000,48000,75,450.0,3.75,6.26625,0.94399065
cold,0,1,0,0.001,0.1,512,3,5,4,256,6000,8.0,2633729,1,1,9974,1108,600013,7,6000,48000,76,456.0,3.8,6.3498,0.94998169
cold,0,1,0,0.001,0.1,512,3,5,4,256,6000,8.0,2633729,1,1,9974,1108,600013,7,6000,48000,77,462.0,3.85,6.43335,0.95500118
cold,0,1,0,0.001,0.1,512,3,5,4,256,6000,8.0,2633729,1,1,9974,1108,600013,7,6000,48000,78,468.0,3.9,6.5169,0.95839435
cold,0,1,0,0.001,0.1,512,3,5,4,256,6000,8.0,2633729,1,1,9974,1108,600013,7,6000,48000,79,474.0,3.95,6.60045,0.96071821
cold,0,1,0,0.001,0.1,512,3,5,4,256,6000,8.0,2633729,1,1,9974,1108,600013,7,6000,48000,80,480.0,4.0,6.684,0.9637571
cold,0,1,0,0.001,0.1,512,3,5,4,256,6000,8.0,2633729,1,1,9974,1108,600013,7,6000,48000,81,486.0,4.05,6.76755,0.96905941
cold,0,1,0,0.001,0.1,512,3,5,4,256,6000,8.0,2633729,1,1,9974,1108,600013,7,6000,48000,82,492.0,4.1,6.8511,0.97537887
cold,0,1,0,0.001,0.1,512,3,5,4,256,6000,8.0,2633729,1,1,9974,1108,600013,7,6000,48000,83,498.0,4.15,6.93465,0.98019212
cold,0,1,0,0.001,0.1,512,3,5,4,256,6000,8.0,2633729,1,1,9974,1108,600013,7,6000,48000,84,504.0,4.2,7.0182,0.98159391
cold,0,1,0,0.001,0.1,512,3,5,4,256,6000,8.0,2633729,1,1,9974,1108,600013,7,6000,48000,85,510.0,4.25,7.10175,0.98086244
cold,0,1,0,0.001,0.1,512,3,5,4,256,6000,8.0,2633729,1,1,9974,1108,600013,7,6000,48000,86,516.0,4.3,7.1853,0.98085028
cold,0,1,0,0.001,0.1,512,3,5,4,256,6000,8.0,2633729,1,1,9974,1108,600013,7,6000,48000,87,522.0,4.35,7.26885,0.98112476
cold,0,1,0,0.001,0.1,512,3,5,4,256,6000,8.0,2633729,1,1,9974,1108,600013,7,6000,48000,88,528.0,4.4,7.3524,0.97962314
cold,0,1,0,0.001,0.1,512,3,5,4,256,6000,8.0,2633729,1,1,9974,1108,600013,7,6000,48000,89,534.0,4.45,7.43595,0.97572124
cold,0,1,0,0.001,0.1,512,3,5,4,256,6000,8.0,2633729,1,1,9974,1108,600013,7,6000,48000,90,540.0,4.5,7.5195,0.97115707
cold,0,1,0,0.001,0.1,512,3,5,4,256,6000,8.0,2633729,1,1,9974,1108,600013,7,6000,48000,91,546.0,4.55,7.60305,0.96948493
cold,0,1,0,0.001,0.1,512,3,5,4,256,6000,8.0,2633729,1,1,9974,1108,600013,7,6000,48000,92,552.0,4.6,7.6866,0.97213721
cold,0,1,0,0.001,0.1,512,3,5,4,256,6000,8.0,2633729,1,1,9974,1108,600013,7,6000,48000,93,558.0,4.65,7.77015,0.9764601
cold,0,1,0,0.001,0.1,512,3,5,4,256,6000,8.0,2633729,1,1,9974,1108,600013,7,6000,48000,94,564.0,4.7,7.8537,0.97921544
cold,0,1,0,0.001,0.1,512,3,5,4,256,6000,8.0,2633729,1,1,9974,1108,600013,7,6000,48000,95,570.0,4.75,7.93725,0.97880954
cold,0,1,0,0.001,0.1,512,3,5,4,256,6000,8.0,2633729,1,1,9974,1108,600013,7,6000,48000,96,576.0,4.8,8.0208,0.97602534
cold,0,1,0,0.001,0.1,512,3,5,4,256,6000,8.0,2633729,1,1,9974,1108,600013,7,6000,48000,97,582.0,4.85,8.10435,0.97307891
cold,0,1,0,0.001,0.1,512,3,5,4,256,6000,8.0,2633729,1,1,9974,1108,600013,7,6000,48000,98,588.0,4.9,8.1879,0.97136724
cold,0,1,0,0.001,0.1,512,3,5,4,256,6000,8.0,2633729,1,1,9974,1108,600013,7,6000,48000,99,594.0,4.95,8.27145,0.97118956
cold,0,1,0,0.001,0.1,512,3,5,4,256,6000,8.0,2633729,1,1,9974,1108,600013,7,6000,48000,100,600.0,5.0,8.355,0.9722259
cold,0,1,0,0.001,0.1,512,3,5,4,256,6000,8.0,2633729,1,1,9974,1108,600013,7,6000,48000,101,606.0,5.05,8.43855,0.97475666
cold,0,1,0,0.001,0.1,512,3,5,4,256,6000,8.0,2633729,1,1,9974,1108,600013,7,6000,48000,102,612.0,5.1,8.5221,0.9784531
cold,0,1,0,0.001,0.1,512,3,5,4,256,6000,8.0,2633729,1,1,9974,1108,600013,7,6000,48000,103,618.0,5.15,8.60565,0.98202306
cold,0,1,0,0.001,0.1,512,3,5,4,256,6000,8.0,2633729,1,1,9974,1108,600013,7,6000,48000,104,624.0,5.2,8.6892,0.98471391
cold,0,1,0,0.001,0.1,512,3,5,4,256,6000,8.0,2633729,1,1,9974,1108,600013,7,6000,48000,105,630.0,5.25,8.77275,0.98725128
cold,0,1,0,0.001,0.1,512,3,5,4,256,6000,8.0,2633729,1,1,9974,1108,600013,7,6000,48000,106,636.0,5.3,8.8563,0.98993498
cold,0,1,0,0.001,0.1,512,3,5,4,256,6000,8.0,2633729,1,1,9974,1108,600013,7,6000,48000,107,642.0,5.35,8.93985,0.99207968
cold,0,1,0,0.001,0.1,512,3,5,4,256,6000,8.0,2633729,1,1,9974,1108,600013,7,6000,48000,108,648.0,5.4,9.0234,0.99314529
cold,0,1,0,0.001,0.1,512,3,5,4,256,6000,8.0,2633729,1,1,9974,1108,600013,7,6000,48000,109,654.0,5.45,9.10695,0.9932484
cold,0,1,0,0.001,0.1,512,3,5,4,256,6000,8.0,2633729,1,1,9974,1108,600013,7,6000,48000,110,660.0,5.5,9.1905,0.99379683
cold,0,1,0,0.001,0.1,512,3,5,4,256,6000,8.0,2633729,1,1,9974,1108,600013,7,6000,48000,111,666.0,5.55,9.27405,0.99557388
cold,0,1,0,0.001,0.1,512,3,5,4,256,6000,8.0,2633729,1,1,9974,1108,600013,7,6000,48000,112,672.0,5.6,9.3576,0.99756324
cold,0,1,0,0.001,0.1,512,3,5,4,256,6000,8.0,2633729,1,1,9974,1108,600013,7,6000,48000,113,678.0,5.65,9.44115,0.99799436
cold,0,1,0,0.001,0.1,512,3,5,4,256,6000,8.0,2633729,1,1,9974,1108,600013,7,6000,48000,114,684.0,5.7,9.5247,0.99666727
cold,0,1,0,0.001,0.1,512,3,5,4,256,6000,8.0,2633729,1,1,9974,1108,600013,7,6000,48000,115,690.0,5.75,9.60825,0.99542892
cold,0,1,0,0.001,0.1,512,3,5,4,256,6000,8.0,2633729,1,1,9974,1108,600013,7,6000,48000,116,696.0,5.8,9.6918,0.9970355
cold,0,1,0,0.001,0.1,512,3,5,4,256,6000,8.0,2633729,1,1,9974,1108,600013,7,6000,48000,117,702.0,5.85,9.77535,1.00175965
cold,0,1,0,0.001,0.1,512,3,5,4,256,6000,8.0,2633729,1,1,9974,1108,600013,7,6000,48000,118,708.0,5.9,9.8589,1.00638855
cold,0,1,0,0.001,0.1,512,3,5,4,256,6000,8.0,2633729,1,1,9974,1108,600013,7,6000,48000,119,714.0,5.95,9.94245,1.00734699
cold,0,1,0,0.001,0.1,512,3,5,4,256,6000,8.0,2633729,1,1,9974,1108,600013,7,6000,48000,120,720.0,6.0,10.026,1.00429869
cold,0,1,0,0.001,0.1,512,3,5,4,256,6000,8.0,2633729,1,1,9974,1109,600014,8,1,48001,1,6.0,0.05,0.08355,0.55242091
cold,0,1,0,0.001,0.1,512,3,5,4,256,6000,8.0,2633729,1,1,9974,1109,600014,8,1,48001,2,12.0,0.1,0.1671,1.07530606
cold,0,1,0,0.001,0.1,512,3,5,4,256,6000,8.0,2633729,1,1,9974,1109,600014,8,1,48001,3,18.0,0.15,0.25065,1.56529188
cold,0,1,0,0.001,0.1,512,3,5,4,256,6000,8.0,2633729,1,1,9974,1109,600014,8,1,48001,4,24.0,0.2,0.3342,2.05619502
cold,0,1,0,0.001,0.1,512,3,5,4,256,6000,8.0,2633729,1,1,9974,1109,600014,8,1,48001,5,30.0,0.25,0.41775,2.65263915
cold,0,1,0,0.001,0.1,512,3,5,4,256,6000,8.0,2633729,1,1,9974,1109,600014,8,1,48001,6,36.0,0.3,0.5013,3.45021725
cold,0,1,0,0.001,0.1,512,3,5,4,256,6000,8.0,2633729,1,1,9974,1109,600014,8,1,48001,7,42.0,0.35,0.58485,4.46890163
cold,0,1,0,0.001,0.1,512,3,5,4,256,6000,8.0,2633729,1,1,9974,1109,600014,8,1,48001,8,48.0,0.4,0.6684,5.78011751
cold,0,1,0,0.001,0.1,512,3,5,4,256,6000,8.0,2633729,1,1,9974,1109,600014,8,1,48001,9,54.0,0.45,0.75195,7.5350194
cold,0,1,0,0.001,0.1,512,3,5,4,256,6000,8.0,2633729,1,1,9974,1109,600014,8,1,48001,10,60.0,0.5,0.8355,9.95397663
cold,0,1,0,0.001,0.1,512,3,5,4,256,6000,8.0,2633729,1,1,9974,1109,600014,8,1,48001,11,66.0,0.55,0.91905,13.26586342
cold,0,1,0,0.001,0.1,512,3,5,4,256,6000,8.0,2633729,1,1,9974,1109,600014,8,1,48001,12,72.0,0.6,1.0026,17.79369736
cold,0,1,0,0.001,0.1,512,3,5,4,256,6000,8.0,2633729,1,1,9974,1109,600014,8,1,48001,13,78.0,0.65,1.08615,23.9934864
cold,0,1,0,0.001,0.1,512,3,5,4,256,6000,8.0,2633729,1,1,9974,1109,600014,8,1,48001,14,84.0,0.7,1.1697,32.48809433
cold,0,1,0,0.001,0.1,512,3,5,4,256,6000,8.0,2633729,1,1,9974,1109,600014,8,1,48001,15,90.0,0.75,1.25325,44.07793045
cold,0,1,0,0.001,0.1,512,3,5,4,256,6000,8.0,2633729,1,1,9974,1109,600014,8,1,48001,16,96.0,0.8,1.3368,59.85607147
cold,0,1,0,0.001,0.1,512,3,5,4,256,6000,8.0,2633729,1,1,9974,1109,600014,8,1,48001,17,102.0,0.85,1.42035,81.2639389
cold,0,1,0,0.001,0.1,512,3,5,4,256,6000,8.0,2633729,1,1,9974,1109,600014,8,1,48001,18,108.0,0.9,1.5039,110.37405396
cold,0,1,0,0.001,0.1,512,3,5,4,256,6000,8.0,2633729,1,1,9974,1109,600014,8,1,48001,19,114.0,0.95,1.58745,149.85832214
cold,0,1,0,0.001,0.1,512,3,5,4,256,6000,8.0,2633729,1,1,9974,1109,600014,8,1,48001,20,120.0,1.0,1.671,203.5574646
cold,0,1,0,0.001,0.1,512,3,5,4,256,6000,8.0,2633729,1,1,9974,1109,600014,8,1,48001,21,126.0,1.05,1.75455,276.53573608
cold,0,1,0,0.001,0.1,512,3,5,4,256,6000,8.0,2633729,1,1,9974,1109,600014,8,1,48001,22,132.0,1.1,1.8381,375.87838745
cold,0,1,0,0.001,0.1,512,3,5,4,256,6000,8.0,2633729,1,1,9974,1109,600014,8,1,48001,23,138.0,1.15,1.92165,511.072052
cold,0,1,0,0.001,0.1,512,3,5,4,256,6000,8.0,2633729,1,1,9974,1109,600014,8,1,48001,24,144.0,1.2,2.0052,695.36767578
cold,0,1,0,0.001,0.1,512,3,5,4,256,6000,8.0,2633729,1,1,9974,1109,600014,8,1,48001,25,150.0,1.25,2.08875,946.22686768
cold,0,1,0,0.001,0.1,512,3,5,4,256,6000,8.0,2633729,1,1,9974,1109,600014,8,1,48001,26,156.0,1.3,2.1723,1288.58959961
cold,0,1,0,0.001,0.1,512,3,5,4,256,6000,8.0,2633729,1,1,9974,1109,600014,8,1,48001,27,162.0,1.35,2.25585,1754.9432373
cold,0,1,0,0.001,0.1,512,3,5,4,256,6000,8.0,2633729,1,1,9974,1109,600014,8,1,48001,28,168.0,1.4,2.3394,2391.72119141
cold,0,1,0,0.001,0.1,512,3,5,4,256,6000,8.0,2633729,1,1,9974,1109,600014,8,1,48001,29,174.0,1.45,2.42295,3259.59472656
cold,0,1,0,0.001,0.1,512,3,5,4,256,6000,8.0,2633729,1,1,9974,1109,600014,8,1,48001,30,180.0,1.5,2.5065,4444.03320312
cold,0,1,0,0.001,0.1,512,3,5,4,256,6000,8.0,2633729,1,1,9974,1109,600014,8,1,48001,31,186.0,1.55,2.59005,6060.70996094
cold,0,1,0,0.001,0.1,512,3,5,4,256,6000,8.0,2633729,1,1,9974,1109,600014,8,1,48001,32,192.0,1.6,2.6736,8267.42871094
cold,0,1,0,0.001,0.1,512,3,5,4,256,6000,8.0,2633729,1,1,9974,1109,600014,8,1,48001,33,198.0,1.65,2.75715,11279.62011719
cold,0,1,0,0.001,0.1,512,3,5,4,256,6000,8.0,2633729,1,1,9974,1109,600014,8,1,48001,34,204.0,1.7,2.8407,15396.00195312
cold,0,1,0,0.001,0.1,512,3,5,4,256,6000,8.0,2633729,1,1,9974,1109,600014,8,1,48001,35,210.0,1.75,2.92425,21010.59179688
cold,0,1,0,0.001,0.1,512,3,5,4,256,6000,8.0,2633729,1,1,9974,1109,600014,8,1,48001,36,216.0,1.8,3.0078,28691.20507812
cold,0,1,0,0.001,0.1,512,3,5,4,256,6000,8.0,2633729,1,1,9974,1109,600014,8,1,48001,37,222.0,1.85,3.09135,39171.11328125
cold,0,1,0,0.001,0.1,512,3,5,4,256,6000,8.0,2633729,1,1,9974,1109,600014,8,1,48001,38,228.0,1.9,3.1749,53506.55859375
cold,0,1,0,0.001,0.1,512,3,5,4,256,6000,8.0,2633729,1,1,9974,1109,600014,8,1,48001,39,234.0,1.95,3.25845,73085.453125
cold,0,1,0,0.001,0.1,512,3,5,4,256,6000,8.0,2633729,1,1,9974,1109,600014,8,1,48001,40,240.0,2.0,3.342,99845.203125
cold,0,1,0,0.001,0.1,512,3,5,4,256,6000,8.0,2633729,1,1,9974,1109,600014,8,1,48001,41,246.0,2.05,3.42555,136438.984375
cold,0,1,0,0.001,0.1,512,3,5,4,256,6000,8.0,2633729,1,1,9974,1109,600014,8,1,48001,42,252.0,2.1,3.5091,186448.78125
cold,0,1,0,0.001,0.1,512,3,5,4,256,6000,8.0,2633729,1,1,9974,1109,600014,8,1,48001,43,258.0,2.15,3.59265,254860.609375
cold,0,1,0,0.001,0.1,512,3,5,4,256,6000,8.0,2633729,1,1,9974,1109,600014,8,1,48001,44,264.0,2.2,3.6762,348444.84375
cold,0,1,0,0.001,0.1,512,3,5,4,256,6000,8.0,2633729,1,1,9974,1109,600014,8,1,48001,45,270.0,2.25,3.75975,476324.59375
cold,0,1,0,0.001,0.1,512,3,5,4,256,6000,8.0,2633729,1,1,9974,1109,600014,8,1,48001,46,276.0,2.3,3.8433,651447.25
cold,0,1,0,0.001,0.1,512,3,5,4,256,6000,8.0,2633729,1,1,9974,1109,600014,8,1,48001,47,282.0,2.35,3.92685,890713.625
cold,0,1,0,0.001,0.1,512,3,5,4,256,6000,8.0,2633729,1,1,9974,1109,600014,8,1,48001,48,288.0,2.4,4.0104,1218430.25
cold,0,1,0,0.001,0.1,512,3,5,4,256,6000,8.0,2633729,1,1,9974,1109,600014,8,1,48001,49,294.0,2.45,4.09395,1666655.25
cold,0,1,0,0.001,0.1,512,3,5,4,256,6000,8.0,2633729,1,1,9974,1109,600014,8,1,48001,50,300.0,2.5,4.1775,2279856.75
cold,0,1,0,0.001,0.1,512,3,5,4,256,6000,8.0,2633729,1,1,9974,1109,600014,8,1,48001,51,306.0,2.55,4.26105,3119420.25
cold,0,1,0,0.001,0.1,512,3,5,4,256,6000,8.0,2633729,1,1,9974,1109,600014,8,1,48001,52,312.0,2.6,4.3446,4267769.5
cold,0,1,0,0.001,0.1,512,3,5,4,256,6000,8.0,2633729,1,1,9974,1109,600014,8,1,48001,53,318.0,2.65,4.42815,5840676.0
cold,0,1,0,0.001,0.1,512,3,5,4,256,6000,8.0,2633729,1,1,9974,1109,600014,8,1,48001,54,324.0,2.7,4.5117,7993639.5
cold,0,1,0,0.001,0.1,512,3,5,4,256,6000,8.0,2633729,1,1,9974,1109,600014,8,1,48001,55,330.0,2.75,4.59525,10940163.0
cold,0,1,0,0.001,0.1,512,3,5,4,256,6000,8.0,2633729,1,1,9974,1109,600014,8,1,48001,56,336.0,2.8,4.6788,14977205.0
cold,0,1,0,0.001,0.1,512,3,5,4,256,6000,8.0,2633729,1,1,9974,1109,600014,8,1,48001,57,342.0,2.85,4.76235,20498972.0
cold,0,1,0,0.001,0.1,512,3,5,4,256,6000,8.0,2633729,1,1,9974,1109,600014,8,1,48001,58,348.0,2.9,4.8459,28068580.0
cold,0,1,0,0.001,0.1,512,3,5,4,256,6000,8.0,2633729,1,1,9974,1109,600014,8,1,48001,59,354.0,2.95,4.92945,38430776.0
cold,0,1,0,0.001,0.1,512,3,5,4,256,6000,8.0,2633729,1,1,9974,1109,600014,8,1,48001,60,360.0,3.0,5.013,52618596.0
cold,0,1,0,0.001,0.1,512,3,5,4,256,6000,8.0,2633729,1,1,9974,1109,600014,8,1,48001,61,366.0,3.05,5.09655,72060624.0
cold,0,1,0,0.001,0.1,512,3,5,4,256,6000,8.0,2633729,1,1,9974,1109,600014,8,1,48001,62,372.0,3.1,5.1801,98673248.0
cold,0,1,0,0.001,0.1,512,3,5,4,256,6000,8.0,2633729,1,1,9974,1109,600014,8,1,48001,63,378.0,3.15,5.26365,135155888.0
cold,0,1,0,0.001,0.1,512,3,5,4,256,6000,8.0,2633729,1,1,9974,1109,600014,8,1,48001,64,384.0,3.2,5.3472,185125328.0
cold,0,1,0,0.001,0.1,512,3,5,4,256,6000,8.0,2633729,1,1,9974,1109,600014,8,1,48001,65,390.0,3.25,5.43075,253578352.0
cold,0,1,0,0.001,0.1,512,3,5,4,256,6000,8.0,2633729,1,1,9974,1109,600014,8,1,48001,66,396.0,3.3,5.5143,347402752.0
cold,0,1,0,0.001,0.1,512,3,5,4,256,6000,8.0,2633729,1,1,9974,1109,600014,8,1,48001,67,402.0,3.35,5.59785,475854176.0
cold,0,1,0,0.001,0.1,512,3,5,4,256,6000,8.0,2633729,1,1,9974,1109,600014,8,1,48001,68,408.0,3.4,5.6814,652039040.0
cold,0,1,0,0.001,0.1,512,3,5,4,256,6000,8.0,2633729,1,1,9974,1109,600014,8,1,48001,69,414.0,3.45,5.76495,893357632.0
cold,0,1,0,0.001,0.1,512,3,5,4,256,6000,8.0,2633729,1,1,9974,1109,600014,8,1,48001,70,420.0,3.5,5.8485,1224077056.0
cold,0,1,0,0.001,0.1,512,3,5,4,256,6000,8.0,2633729,1,1,9974,1109,600014,8,1,48001,71,426.0,3.55,5.93205,1677549824.0
cold,0,1,0,0.001,0.1,512,3,5,4,256,6000,8.0,2633729,1,1,9974,1109,600014,8,1,48001,72,432.0,3.6,6.0156,2298615552.0
cold,0,1,0,0.001,0.1,512,3,5,4,256,6000,8.0,2633729,1,1,9974,1109,600014,8,1,48001,73,438.0,3.65,6.09915,3150550272.0
cold,0,1,0,0.001,0.1,512,3,5,4,256,6000,8.0,2633729,1,1,9974,1109,600014,8,1,48001,74,444.0,3.7,6.1827,4317998592.0
cold,0,1,0,0.001,0.1,512,3,5,4,256,6000,8.0,2633729,1,1,9974,1109,600014,8,1,48001,75,450.0,3.75,6.26625,5918647296.0
cold,0,1,0,0.001,0.1,512,3,5,4,256,6000,8.0,2633729,1,1,9974,1109,600014,8,1,48001,76,456.0,3.8,6.3498,8112926720.0
cold,0,1,0,0.001,0.1,512,3,5,4,256,6000,8.0,2633729,1,1,9974,1109,600014,8,1,48001,77,462.0,3.85,6.43335,11119558656.0
cold,0,1,0,0.001,0.1,512,3,5,4,256,6000,8.0,2633729,1,1,9974,1109,600014,8,1,48001,78,468.0,3.9,6.5169,15244697600.0
cold,0,1,0,0.001,0.1,512,3,5,4,256,6000,8.0,2633729,1,1,9974,1109,600014,8,1,48001,79,474.0,3.95,6.60045,20898439168.0
cold,0,1,0,0.001,0.1,512,3,5,4,256,6000,8.0,2633729,1,1,9974,1109,600014,8,1,48001,80,480.0,4.0,6.684,28652259328.0
cold,0,1,0,0.001,0.1,512,3,5,4,256,6000,8.0,2633729,1,1,9974,1109,600014,8,1,48001,81,486.0,4.05,6.76755,39287611392.0
cold,0,1,0,0.001,0.1,512,3,5,4,256,6000,8.0,2633729,1,1,9974,1109,600014,8,1,48001,82,492.0,4.1,6.8511,53862957056.0
cold,0,1,0,0.001,0.1,512,3,5,4,256,6000,8.0,2633729,1,1,9974,1109,600014,8,1,48001,83,498.0,4.15,6.93465,73864536064.0
cold,0,1,0,0.001,0.1,512,3,5,4,256,6000,8.0,2633729,1,1,9974,1109,600014,8,1,48001,84,504.0,4.2,7.0182,101285380096.0
cold,0,1,0,0.001,0.1,512,3,5,4,256,6000,8.0,2633729,1,1,9974,1109,600014,8,1,48001,85,510.0,4.25,7.10175,138902978560.0
cold,0,1,0,0.001,0.1,512,3,5,4,256,6000,8.0,2633729,1,1,9974,1109,600014,8,1,48001,86,516.0,4.3,7.1853,190488461312.0
cold,0,1,0,0.001,0.1,512,3,5,4,256,6000,8.0,2633729,1,1,9974,1109,600014,8,1,48001,87,522.0,4.35,7.26885,261219991552.0
cold,0,1,0,0.001,0.1,512,3,5,4,256,6000,8.0,2633729,1,1,9974,1109,600014,8,1,48001,88,528.0,4.4,7.3524,358276136960.0
cold,0,1,0,0.001,0.1,512,3,5,4,256,6000,8.0,2633729,1,1,9974,1109,600014,8,1,48001,89,534.0,4.45,7.43595,491368579072.0
cold,0,1,0,0.001,0.1,512,3,5,4,256,6000,8.0,2633729,1,1,9974,1109,600014,8,1,48001,90,540.0,4.5,7.5195,674003615744.0
cold,0,1,0,0.001,0.1,512,3,5,4,256,6000,8.0,2633729,1,1,9974,1109,600014,8,1,48001,91,546.0,4.55,7.60305,924584443904.0
cold,0,1,0,0.001,0.1,512,3,5,4,256,6000,8.0,2633729,1,1,9974,1109,600014,8,1,48001,92,552.0,4.6,7.6866,1268191330304.0
cold,0,1,0,0.001,0.1,512,3,5,4,256,6000,8.0,2633729,1,1,9974,1109,600014,8,1,48001,93,558.0,4.65,7.77015,1739891277824.0
cold,0,1,0,0.001,0.1,512,3,5,4,256,6000,8.0,2633729,1,1,9974,1109,600014,8,1,48001,94,564.0,4.7,7.8537,2386745360384.0
cold,0,1,0,0.001,0.1,512,3,5,4,256,6000,8.0,2633729,1,1,9974,1109,600014,8,1,48001,95,570.0,4.75,7.93725,3274546872320.0
cold,0,1,0,0.001,0.1,512,3,5,4,256,6000,8.0,2633729,1,1,9974,1109,600014,8,1,48001,96,576.0,4.8,8.0208,4492356485120.0
cold,0,1,0,0.001,0.1,512,3,5,4,256,6000,8.0,2633729,1,1,9974,1109,600014,8,1,48001,97,582.0,4.85,8.10435,6162997575680.0
cold,0,1,0,0.001,0.1,512,3,5,4,256,6000,8.0,2633729,1,1,9974,1109,600014,8,1,48001,98,588.0,4.9,8.1879,8455910326272.0
cold,0,1,0,0.001,0.1,512,3,5,4,256,6000,8.0,2633729,1,1,9974,1109,600014,8,1,48001,99,594.0,4.95,8.27145,11601232003072.0
cold,0,1,0,0.001,0.1,512,3,5,4,256,6000,8.0,2633729,1,1,9974,1109,600014,8,1,48001,100,600.0,5.0,8.355,15919266922496.0
cold,0,1,0,0.001,0.1,512,3,5,4,256,6000,8.0,2633729,1,1,9974,1109,600014,8,1,48001,101,606.0,5.05,8.43855,21845868806144.0
cold,0,1,0,0.001,0.1,512,3,5,4,256,6000,8.0,2633729,1,1,9974,1109,600014,8,1,48001,102,612.0,5.1,8.5221,29975870701568.0
cold,0,1,0,0.001,0.1,512,3,5,4,256,6000,8.0,2633729,1,1,9974,1109,600014,8,1,48001,103,618.0,5.15,8.60565,41139444908032.0
cold,0,1,0,0.001,0.1,512,3,5,4,256,6000,8.0,2633729,1,1,9974,1109,600014,8,1,48001,104,624.0,5.2,8.6892,56453322768384.0
cold,0,1,0,0.001,0.1,512,3,5,4,256,6000,8.0,2633729,1,1,9974,1109,600014,8,1,48001,105,630.0,5.25,8.77275,77478592774144.0
cold,0,1,0,0.001,0.1,512,3,5,4,256,6000,8.0,2633729,1,1,9974,1109,600014,8,1,48001,106,636.0,5.3,8.8563,106326696919040.0
cold,0,1,0,0.001,0.1,512,3,5,4,256,6000,8.0,2633729,1,1,9974,1109,600014,8,1,48001,107,642.0,5.35,8.93985,145914953990144.0
cold,0,1,0,0.001,0.1,512,3,5,4,256,6000,8.0,2633729,1,1,9974,1109,600014,8,1,48001,108,648.0,5.4,9.0234,200266271948800.0
cold,0,1,0,0.001,0.1,512,3,5,4,256,6000,8.0,2633729,1,1,9974,1109,600014,8,1,48001,109,654.0,5.45,9.10695,274840426643456.0
cold,0,1,0,0.001,0.1,512,3,5,4,256,6000,8.0,2633729,1,1,9974,1109,600014,8,1,48001,110,660.0,5.5,9.1905,377251136798720.0
cold,0,1,0,0.001,0.1,512,3,5,4,256,6000,8.0,2633729,1,1,9974,1109,600014,8,1,48001,111,666.0,5.55,9.27405,517846924787712.0
cold,0,1,0,0.001,0.1,512,3,5,4,256,6000,8.0,2633729,1,1,9974,1109,600014,8,1,48001,112,672.0,5.6,9.3576,710785881866240.0
cold,0,1,0,0.001,0.1,512,3,5,4,256,6000,8.0,2633729,1,1,9974,1109,600014,8,1,48001,113,678.0,5.65,9.44115,975772881780736.0
cold,0,1,0,0.001,0.1,512,3,5,4,256,6000,8.0,2633729,1,1,9974,1109,600014,8,1,48001,114,684.0,5.7,9.5247,1339376424452096.0
cold,0,1,0,0.001,0.1,512,3,5,4,256,6000,8.0,2633729,1,1,9974,1109,600014,8,1,48001,115,690.0,5.75,9.60825,1838676841594880.0
cold,0,1,0,0.001,0.1,512,3,5,4,256,6000,8.0,2633729,1,1,9974,1109,600014,8,1,48001,116,696.0,5.8,9.6918,2523953637621760.0
cold,0,1,0,0.001,0.1,512,3,5,4,256,6000,8.0,2633729,1,1,9974,1109,600014,8,1,48001,117,702.0,5.85,9.77535,3464648380645376.0
cold,0,1,0,0.001,0.1,512,3,5,4,256,6000,8.0,2633729,1,1,9974,1109,600014,8,1,48001,118,708.0,5.9,9.8589,4756424487862272.0
cold,0,1,0,0.001,0.1,512,3,5,4,256,6000,8.0,2633729,1,1,9974,1109,600014,8,1,48001,119,714.0,5.95,9.94245,6529133584580608.0
cold,0,1,0,0.001,0.1,512,3,5,4,256,6000,8.0,2633729,1,1,9974,1109,600014,8,1,48001,120,720.0,6.0,10.026,8964263003553792.0
cold,0,1,0,0.001,0.1,512,3,5,4,256,6000,8.0,2633729,1,1,9974,1109,600014,8,12,48012,1,6.0,0.05,0.08355,0.18868929
cold,0,1,0,0.001,0.1,512,3,5,4,256,6000,8.0,2633729,1,1,9974,1109,600014,8,12,48012,2,12.0,0.1,0.1671,0.3562789
cold,0,1,0,0.001,0.1,512,3,5,4,256,6000,8.0,2633729,1,1,9974,1109,600014,8,12,48012,3,18.0,0.15,0.25065,0.5256294
cold,0,1,0,0.001,0.1,512,3,5,4,256,6000,8.0,2633729,1,1,9974,1109,600014,8,12,48012,4,24.0,0.2,0.3342,0.68235594
cold,0,1,0,0.001,0.1,512,3,5,4,256,6000,8.0,2633729,1,1,9974,1109,600014,8,12,48012,5,30.0,0.25,0.41775,0.81642151
cold,0,1,0,0.001,0.1,512,3,5,4,256,6000,8.0,2633729,1,1,9974,1109,600014,8,12,48012,6,36.0,0.3,0.5013,0.93152153
cold,0,1,0,0.001,0.1,512,3,5,4,256,6000,8.0,2633729,1,1,9974,1109,600014,8,12,48012,7,42.0,0.35,0.58485,1.03102374
cold,0,1,0,0.001,0.1,512,3,5,4,256,6000,8.0,2633729,1,1,9974,1109,600014,8,12,48012,8,48.0,0.4,0.6684,1.11817741
cold,0,1,0,0.001,0.1,512,3,5,4,256,6000,8.0,2633729,1,1,9974,1109,600014,8,12,48012,9,54.0,0.45,0.75195,1.19493461
cold,0,1,0,0.001,0.1,512,3,5,4,256,6000,8.0,2633729,1,1,9974,1109,600014,8,12,48012,10,60.0,0.5,0.8355,1.26289022
cold,0,1,0,0.001,0.1,512,3,5,4,256,6000,8.0,2633729,1,1,9974,1109,600014,8,12,48012,11,66.0,0.55,0.91905,1.32598734
cold,0,1,0,0.001,0.1,512,3,5,4,256,6000,8.0,2633729,1,1,9974,1109,600014,8,12,48012,12,72.0,0.6,1.0026,1.38708103
cold,0,1,0,0.001,0.1,512,3,5,4,256,6000,8.0,2633729,1,1,9974,1109,600014,8,12,48012,13,78.0,0.65,1.08615,1.44287395
cold,0,1,0,0.001,0.1,512,3,5,4,256,6000,8.0,2633729,1,1,9974,1109,600014,8,12,48012,14,84.0,0.7,1.1697,1.48717272
cold,0,1,0,0.001,0.1,512,3,5,4,256,6000,8.0,2633729,1,1,9974,1109,600014,8,12,48012,15,90.0,0.75,1.25325,1.51736844
cold,0,1,0,0.001,0.1,512,3,5,4,256,6000,8.0,2633729,1,1,9974,1109,600014,8,12,48012,16,96.0,0.8,1.3368,1.5346992
cold,0,1,0,0.001,0.1,512,3,5,4,256,6000,8.0,2633729,1,1,9974,1109,600014,8,12,48012,17,102.0,0.85,1.42035,1.5425843
cold,0,1,0,0.001,0.1,512,3,5,4,256,6000,8.0,2633729,1,1,9974,1109,600014,8,12,48012,18,108.0,0.9,1.5039,1.54548323
cold,0,1,0,0.001,0.1,512,3,5,4,256,6000,8.0,2633729,1,1,9974,1109,600014,8,12,48012,19,114.0,0.95,1.58745,1.54460716
cold,0,1,0,0.001,0.1,512,3,5,4,256,6000,8.0,2633729,1,1,9974,1109,600014,8,12,48012,20,120.0,1.0,1.671,1.5386523
cold,0,1,0,0.001,0.1,512,3,5,4,256,6000,8.0,2633729,1,1,9974,1109,600014,8,12,48012,21,126.0,1.05,1.75455,1.52816308
cold,0,1,0,0.001,0.1,512,3,5,4,256,6000,8.0,2633729,1,1,9974,1109,600014,8,12,48012,22,132.0,1.1,1.8381,1.51488721
cold,0,1,0,0.001,0.1,512,3,5,4,256,6000,8.0,2633729,1,1,9974,1109,600014,8,12,48012,23,138.0,1.15,1.92165,1.50177562
cold,0,1,0,0.001,0.1,512,3,5,4,256,6000,8.0,2633729,1,1,9974,1109,600014,8,12,48012,24,144.0,1.2,2.0052,1.49137866
cold,0,1,0,0.001,0.1,512,3,5,4,256,6000,8.0,2633729,1,1,9974,1109,600014,8,12,48012,25,150.0,1.25,2.08875,1.48184013
cold,0,1,0,0.001,0.1,512,3,5,4,256,6000,8.0,2633729,1,1,9974,1109,600014,8,12,48012,26,156.0,1.3,2.1723,1.46923101
cold,0,1,0,0.001,0.1,512,3,5,4,256,6000,8.0,2633729,1,1,9974,1109,600014,8,12,48012,27,162.0,1.35,2.25585,1.45153606
cold,0,1,0,0.001,0.1,512,3,5,4,256,6000,8.0,2633729,1,1,9974,1109,600014,8,12,48012,28,168.0,1.4,2.3394,1.43147027
cold,0,1,0,0.001,0.1,512,3,5,4,256,6000,8.0,2633729,1,1,9974,1109,600014,8,12,48012,29,174.0,1.45,2.42295,1.41507828
cold,0,1,0,0.001,0.1,512,3,5,4,256,6000,8.0,2633729,1,1,9974,1109,600014,8,12,48012,30,180.0,1.5,2.5065,1.40289879
cold,0,1,0,0.001,0.1,512,3,5,4,256,6000,8.0,2633729,1,1,9974,1109,600014,8,12,48012,31,186.0,1.55,2.59005,1.39209592
cold,0,1,0,0.001,0.1,512,3,5,4,256,6000,8.0,2633729,1,1,9974,1109,600014,8,12,48012,32,192.0,1.6,2.6736,1.38419604
cold,0,1,0,0.001,0.1,512,3,5,4,256,6000,8.0,2633729,1,1,9974,1109,600014,8,12,48012,33,198.0,1.65,2.75715,1.38114095
cold,0,1,0,0.001,0.1,512,3,5,4,256,6000,8.0,2633729,1,1,9974,1109,600014,8,12,48012,34,204.0,1.7,2.8407,1.38312078
cold,0,1,0,0.001,0.1,512,3,5,4,256,6000,8.0,2633729,1,1,9974,1109,600014,8,12,48012,35,210.0,1.75,2.92425,1.39032722
cold,0,1,0,0.001,0.1,512,3,5,4,256,6000,8.0,2633729,1,1,9974,1109,600014,8,12,48012,36,216.0,1.8,3.0078,1.39927924
cold,0,1,0,0.001,0.1,512,3,5,4,256,6000,8.0,2633729,1,1,9974,1109,600014,8,12,48012,37,222.0,1.85,3.09135,1.40448439
cold,0,1,0,0.001,0.1,512,3,5,4,256,6000,8.0,2633729,1,1,9974,1109,600014,8,12,48012,38,228.0,1.9,3.1749,1.40582323
cold,0,1,0,0.001,0.1,512,3,5,4,256,6000,8.0,2633729,1,1,9974,1109,600014,8,12,48012,39,234.0,1.95,3.25845,1.40801644
cold,0,1,0,0.001,0.1,512,3,5,4,256,6000,8.0,2633729,1,1,9974,1109,600014,8,12,48012,40,240.0,2.0,3.342,1.41446269
cold,0,1,0,0.001,0.1,512,3,5,4,256,6000,8.0,2633729,1,1,9974,1109,600014,8,12,48012,41,246.0,2.05,3.42555,1.42445421
cold,0,1,0,0.001,0.1,512,3,5,4,256,6000,8.0,2633729,1,1,9974,1109,600014,8,12,48012,42,252.0,2.1,3.5091,1.43511903
cold,0,1,0,0.001,0.1,512,3,5,4,256,6000,8.0,2633729,1,1,9974,1109,600014,8,12,48012,43,258.0,2.15,3.59265,1.44404483
cold,0,1,0,0.001,0.1,512,3,5,4,256,6000,8.0,2633729,1,1,9974,1109,600014,8,12,48012,44,264.0,2.2,3.6762,1.45082164
cold,0,1,0,0.001,0.1,512,3,5,4,256,6000,8.0,2633729,1,1,9974,1109,600014,8,12,48012,45,270.0,2.25,3.75975,1.45915842
cold,0,1,0,0.001,0.1,512,3,5,4,256,6000,8.0,2633729,1,1,9974,1109,600014,8,12,48012,46,276.0,2.3,3.8433,1.47152901
cold,0,1,0,0.001,0.1,512,3,5,4,256,6000,8.0,2633729,1,1,9974,1109,600014,8,12,48012,47,282.0,2.35,3.92685,1.4821434
cold,0,1,0,0.001,0.1,512,3,5,4,256,6000,8.0,2633729,1,1,9974,1109,600014,8,12,48012,48,288.0,2.4,4.0104,1.48517215
cold,0,1,0,0.001,0.1,512,3,5,4,256,6000,8.0,2633729,1,1,9974,1109,600014,8,12,48012,49,294.0,2.45,4.09395,1.48290741
cold,0,1,0,0.001,0.1,512,3,5,4,256,6000,8.0,2633729,1,1,9974,1109,600014,8,12,48012,50,300.0,2.5,4.1775,1.48029196
cold,0,1,0,0.001,0.1,512,3,5,4,256,6000,8.0,2633729,1,1,9974,1109,600014,8,12,48012,51,306.0,2.55,4.26105,1.47914422
cold,0,1,0,0.001,0.1,512,3,5,4,256,6000,8.0,2633729,1,1,9974,1109,600014,8,12,48012,52,312.0,2.6,4.3446,1.47824848
cold,0,1,0,0.001,0.1,512,3,5,4,256,6000,8.0,2633729,1,1,9974,1109,600014,8,12,48012,53,318.0,2.65,4.42815,1.47542143
cold,0,1,0,0.001,0.1,512,3,5,4,256,6000,8.0,2633729,1,1,9974,1109,600014,8,12,48012,54,324.0,2.7,4.5117,1.47008026
cold,0,1,0,0.001,0.1,512,3,5,4,256,6000,8.0,2633729,1,1,9974,1109,600014,8,12,48012,55,330.0,2.75,4.59525,1.46399093
cold,0,1,0,0.001,0.1,512,3,5,4,256,6000,8.0,2633729,1,1,9974,1109,600014,8,12,48012,56,336.0,2.8,4.6788,1.45940268
cold,0,1,0,0.001,0.1,512,3,5,4,256,6000,8.0,2633729,1,1,9974,1109,600014,8,12,48012,57,342.0,2.85,4.76235,1.45630145
cold,0,1,0,0.001,0.1,512,3,5,4,256,6000,8.0,2633729,1,1,9974,1109,600014,8,12,48012,58,348.0,2.9,4.8459,1.4517349
cold,0,1,0,0.001,0.1,512,3,5,4,256,6000,8.0,2633729,1,1,9974,1109,600014,8,12,48012,59,354.0,2.95,4.92945,1.44401467
cold,0,1,0,0.001,0.1,512,3,5,4,256,6000,8.0,2633729,1,1,9974,1109,600014,8,12,48012,60,360.0,3.0,5.013,1.43374455
cold,0,1,0,0.001,0.1,512,3,5,4,256,6000,8.0,2633729,1,1,9974,1109,600014,8,12,48012,61,366.0,3.05,5.09655,1.42294049
cold,0,1,0,0.001,0.1,512,3,5,4,256,6000,8.0,2633729,1,1,9974,1109,600014,8,12,48012,62,372.0,3.1,5.1801,1.41560888
cold,0,1,0,0.001,0.1,512,3,5,4,256,6000,8.0,2633729,1,1,9974,1109,600014,8,12,48012,63,378.0,3.15,5.26365,1.41197944
cold,0,1,0,0.001,0.1,512,3,5,4,256,6000,8.0,2633729,1,1,9974,1109,600014,8,12,48012,64,384.0,3.2,5.3472,1.40766871
cold,0,1,0,0.001,0.1,512,3,5,4,256,6000,8.0,2633729,1,1,9974,1109,600014,8,12,48012,65,390.0,3.25,5.43075,1.40062988
cold,0,1,0,0.001,0.1,512,3,5,4,256,6000,8.0,2633729,1,1,9974,1109,600014,8,12,48012,66,396.0,3.3,5.5143,1.39215863
cold,0,1,0,0.001,0.1,512,3,5,4,256,6000,8.0,2633729,1,1,9974,1109,600014,8,12,48012,67,402.0,3.35,5.59785,1.38517594
cold,0,1,0,0.001,0.1,512,3,5,4,256,6000,8.0,2633729,1,1,9974,1109,600014,8,12,48012,68,408.0,3.4,5.6814,1.3828994
cold,0,1,0,0.001,0.1,512,3,5,4,256,6000,8.0,2633729,1,1,9974,1109,600014,8,12,48012,69,414.0,3.45,5.76495,1.38336337
cold,0,1,0,0.001,0.1,512,3,5,4,256,6000,8.0,2633729,1,1,9974,1109,600014,8,12,48012,70,420.0,3.5,5.8485,1.38184571
cold,0,1,0,0.001,0.1,512,3,5,4,256,6000,8.0,2633729,1,1,9974,1109,600014,8,12,48012,71,426.0,3.55,5.93205,1.37852573
cold,0,1,0,0.001,0.1,512,3,5,4,256,6000,8.0,2633729,1,1,9974,1109,600014,8,12,48012,72,432.0,3.6,6.0156,1.37689269
cold,0,1,0,0.001,0.1,512,3,5,4,256,6000,8.0,2633729,1,1,9974,1109,600014,8,12,48012,73,438.0,3.65,6.09915,1.37943912
cold,0,1,0,0.001,0.1,512,3,5,4,256,6000,8.0,2633729,1,1,9974,1109,600014,8,12,48012,74,444.0,3.7,6.1827,1.38573873
cold,0,1,0,0.001,0.1,512,3,5,4,256,6000,8.0,2633729,1,1,9974,1109,600014,8,12,48012,75,450.0,3.75,6.26625,1.39405537
cold,0,1,0,0.001,0.1,512,3,5,4,256,6000,8.0,2633729,1,1,9974,1109,600014,8,12,48012,76,456.0,3.8,6.3498,1.40291333
cold,0,1,0,0.001,0.1,512,3,5,4,256,6000,8.0,2633729,1,1,9974,1109,600014,8,12,48012,77,462.0,3.85,6.43335,1.40973258
cold,0,1,0,0.001,0.1,512,3,5,4,256,6000,8.0,2633729,1,1,9974,1109,600014,8,12,48012,78,468.0,3.9,6.5169,1.41464376
cold,0,1,0,0.001,0.1,512,3,5,4,256,6000,8.0,2633729,1,1,9974,1109,600014,8,12,48012,79,474.0,3.95,6.60045,1.42140329
cold,0,1,0,0.001,0.1,512,3,5,4,256,6000,8.0,2633729,1,1,9974,1109,600014,8,12,48012,80,480.0,4.0,6.684,1.43088996
cold,0,1,0,0.001,0.1,512,3,5,4,256,6000,8.0,2633729,1,1,9974,1109,600014,8,12,48012,81,486.0,4.05,6.76755,1.44060004
cold,0,1,0,0.001,0.1,512,3,5,4,256,6000,8.0,2633729,1,1,9974,1109,600014,8,12,48012,82,492.0,4.1,6.8511,1.44896066
cold,0,1,0,0.001,0.1,512,3,5,4,256,6000,8.0,2633729,1,1,9974,1109,600014,8,12,48012,83,498.0,4.15,6.93465,1.45561254
cold,0,1,0,0.001,0.1,512,3,5,4,256,6000,8.0,2633729,1,1,9974,1109,600014,8,12,48012,84,504.0,4.2,7.0182,1.46168137
cold,0,1,0,0.001,0.1,512,3,5,4,256,6000,8.0,2633729,1,1,9974,1109,600014,8,12,48012,85,510.0,4.25,7.10175,1.46921313
cold,0,1,0,0.001,0.1,512,3,5,4,256,6000,8.0,2633729,1,1,9974,1109,600014,8,12,48012,86,516.0,4.3,7.1853,1.47813129
cold,0,1,0,0.001,0.1,512,3,5,4,256,6000,8.0,2633729,1,1,9974,1109,600014,8,12,48012,87,522.0,4.35,7.26885,1.48634946
cold,0,1,0,0.001,0.1,512,3,5,4,256,6000,8.0,2633729,1,1,9974,1109,600014,8,12,48012,88,528.0,4.4,7.3524,1.49215865
cold,0,1,0,0.001,0.1,512,3,5,4,256,6000,8.0,2633729,1,1,9974,1109,600014,8,12,48012,89,534.0,4.45,7.43595,1.49570012
cold,0,1,0,0.001,0.1,512,3,5,4,256,6000,8.0,2633729,1,1,9974,1109,600014,8,12,48012,90,540.0,4.5,7.5195,1.49804354
cold,0,1,0,0.001,0.1,512,3,5,4,256,6000,8.0,2633729,1,1,9974,1109,600014,8,12,48012,91,546.0,4.55,7.60305,1.49933481
cold,0,1,0,0.001,0.1,512,3,5,4,256,6000,8.0,2633729,1,1,9974,1109,600014,8,12,48012,92,552.0,4.6,7.6866,1.49856269
cold,0,1,0,0.001,0.1,512,3,5,4,256,6000,8.0,2633729,1,1,9974,1109,600014,8,12,48012,93,558.0,4.65,7.77015,1.49458301
cold,0,1,0,0.001,0.1,512,3,5,4,256,6000,8.0,2633729,1,1,9974,1109,600014,8,12,48012,94,564.0,4.7,7.8537,1.48733366
cold,0,1,0,0.001,0.1,512,3,5,4,256,6000,8.0,2633729,1,1,9974,1109,600014,8,12,48012,95,570.0,4.75,7.93725,1.47928739
cold,0,1,0,0.001,0.1,512,3,5,4,256,6000,8.0,2633729,1,1,9974,1109,600014,8,12,48012,96,576.0,4.8,8.0208,1.47226107
cold,0,1,0,0.001,0.1,512,3,5,4,256,6000,8.0,2633729,1,1,9974,1109,600014,8,12,48012,97,582.0,4.85,8.10435,1.46419013
cold,0,1,0,0.001,0.1,512,3,5,4,256,6000,8.0,2633729,1,1,9974,1109,600014,8,12,48012,98,588.0,4.9,8.1879,1.45358098
cold,0,1,0,0.001,0.1,512,3,5,4,256,6000,8.0,2633729,1,1,9974,1109,600014,8,12,48012,99,594.0,4.95,8.27145,1.44171762
cold,0,1,0,0.001,0.1,512,3,5,4,256,6000,8.0,2633729,1,1,9974,1109,600014,8,12,48012,100,600.0,5.0,8.355,1.43027747
cold,0,1,0,0.001,0.1,512,3,5,4,256,6000,8.0,2633729,1,1,9974,1109,600014,8,12,48012,101,606.0,5.05,8.43855,1.42109847
cold,0,1,0,0.001,0.1,512,3,5,4,256,6000,8.0,2633729,1,1,9974,1109,600014,8,12,48012,102,612.0,5.1,8.5221,1.4150846
cold,0,1,0,0.001,0.1,512,3,5,4,256,6000,8.0,2633729,1,1,9974,1109,600014,8,12,48012,103,618.0,5.15,8.60565,1.41119552
cold,0,1,0,0.001,0.1,512,3,5,4,256,6000,8.0,2633729,1,1,9974,1109,600014,8,12,48012,104,624.0,5.2,8.6892,1.40841484
cold,0,1,0,0.001,0.1,512,3,5,4,256,6000,8.0,2633729,1,1,9974,1109,600014,8,12,48012,105,630.0,5.25,8.77275,1.40630555
cold,0,1,0,0.001,0.1,512,3,5,4,256,6000,8.0,2633729,1,1,9974,1109,600014,8,12,48012,106,636.0,5.3,8.8563,1.40520954
cold,0,1,0,0.001,0.1,512,3,5,4,256,6000,8.0,2633729,1,1,9974,1109,600014,8,12,48012,107,642.0,5.35,8.93985,1.40625823
cold,0,1,0,0.001,0.1,512,3,5,4,256,6000,8.0,2633729,1,1,9974,1109,600014,8,12,48012,108,648.0,5.4,9.0234,1.4087435
cold,0,1,0,0.001,0.1,512,3,5,4,256,6000,8.0,2633729,1,1,9974,1109,600014,8,12,48012,109,654.0,5.45,9.10695,1.41039002
cold,0,1,0,0.001,0.1,512,3,5,4,256,6000,8.0,2633729,1,1,9974,1109,600014,8,12,48012,110,660.0,5.5,9.1905,1.41101277
cold,0,1,0,0.001,0.1,512,3,5,4,256,6000,8.0,2633729,1,1,9974,1109,600014,8,12,48012,111,666.0,5.55,9.27405,1.41168571
cold,0,1,0,0.001,0.1,512,3,5,4,256,6000,8.0,2633729,1,1,9974,1109,600014,8,12,48012,112,672.0,5.6,9.3576,1.41263413
cold,0,1,0,0.001,0.1,512,3,5,4,256,6000,8.0,2633729,1,1,9974,1109,600014,8,12,48012,113,678.0,5.65,9.44115,1.4141171
cold,0,1,0,0.001,0.1,512,3,5,4,256,6000,8.0,2633729,1,1,9974,1109,600014,8,12,48012,114,684.0,5.7,9.5247,1.41775608
cold,0,1,0,0.001,0.1,512,3,5,4,256,6000,8.0,2633729,1,1,9974,1109,600014,8,12,48012,115,690.0,5.75,9.60825,1.4256959
cold,0,1,0,0.001,0.1,512,3,5,4,256,6000,8.0,2633729,1,1,9974,1109,600014,8,12,48012,116,696.0,5.8,9.6918,1.43752503
cold,0,1,0,0.001,0.1,512,3,5,4,256,6000,8.0,2633729,1,1,9974,1109,600014,8,12,48012,117,702.0,5.85,9.77535,1.44911277
cold,0,1,0,0.001,0.1,512,3,5,4,256,6000,8.0,2633729,1,1,9974,1109,600014,8,12,48012,118,708.0,5.9,9.8589,1.4569211
cold,0,1,0,0.001,0.1,512,3,5,4,256,6000,8.0,2633729,1,1,9974,1109,600014,8,12,48012,119,714.0,5.95,9.94245,1.46148503
cold,0,1,0,0.001,0.1,512,3,5,4,256,6000,8.0,2633729,1,1,9974,1109,600014,8,12,48012,120,720.0,6.0,10.026,1.46443915
cold,0,1,0,0.001,0.1,512,3,5,4,256,6000,8.0,2633729,1,1,9974,1109,600014,8,54,48054,1,6.0,0.05,0.08355,0.09414355
cold,0,1,0,0.001,0.1,512,3,5,4,256,6000,8.0,2633729,1,1,9974,1109,600014,8,54,48054,2,12.0,0.1,0.1671,0.14048344
cold,0,1,0,0.001,0.1,512,3,5,4,256,6000,8.0,2633729,1,1,9974,1109,600014,8,54,48054,3,18.0,0.15,0.25065,0.1911945
cold,0,1,0,0.001,0.1,512,3,5,4,256,6000,8.0,2633729,1,1,9974,1109,600014,8,54,48054,4,24.0,0.2,0.3342,0.24002825
cold,0,1,0,0.001,0.1,512,3,5,4,256,6000,8.0,2633729,1,1,9974,1109,600014,8,54,48054,5,30.0,0.25,0.41775,0.28588971
cold,0,1,0,0.001,0.1,512,3,5,4,256,6000,8.0,2633729,1,1,9974,1109,600014,8,54,48054,6,36.0,0.3,0.5013,0.33045432
cold,0,1,0,0.001,0.1,512,3,5,4,256,6000,8.0,2633729,1,1,9974,1109,600014,8,54,48054,7,42.0,0.35,0.58485,0.37441099
cold,0,1,0,0.001,0.1,512,3,5,4,256,6000,8.0,2633729,1,1,9974,1109,600014,8,54,48054,8,48.0,0.4,0.6684,0.41590476
cold,0,1,0,0.001,0.1,512,3,5,4,256,6000,8.0,2633729,1,1,9974,1109,600014,8,54,48054,9,54.0,0.45,0.75195,0.45330602
cold,0,1,0,0.001,0.1,512,3,5,4,256,6000,8.0,2633729,1,1,9974,1109,600014,8,54,48054,10,60.0,0.5,0.8355,0.48636648
cold,0,1,0,0.001,0.1,512,3,5,4,256,6000,8.0,2633729,1,1,9974,1109,600014,8,54,48054,11,66.0,0.55,0.91905,0.51571786
cold,0,1,0,0.001,0.1,512,3,5,4,256,6000,8.0,2633729,1,1,9974,1109,600014,8,54,48054,12,72.0,0.6,1.0026,0.54190564
cold,0,1,0,0.001,0.1,512,3,5,4,256,6000,8.0,2633729,1,1,9974,1109,600014,8,54,48054,13,78.0,0.65,1.08615,0.56545508
cold,0,1,0,0.001,0.1,512,3,5,4,256,6000,8.0,2633729,1,1,9974,1109,600014,8,54,48054,14,84.0,0.7,1.1697,0.58727902
cold,0,1,0,0.001,0.1,512,3,5,4,256,6000,8.0,2633729,1,1,9974,1109,600014,8,54,48054,15,90.0,0.75,1.25325,0.60818154
cold,0,1,0,0.001,0.1,512,3,5,4,256,6000,8.0,2633729,1,1,9974,1109,600014,8,54,48054,16,96.0,0.8,1.3368,0.62830526
cold,0,1,0,0.001,0.1,512,3,5,4,256,6000,8.0,2633729,1,1,9974,1109,600014,8,54,48054,17,102.0,0.85,1.42035,0.64754653
cold,0,1,0,0.001,0.1,512,3,5,4,256,6000,8.0,2633729,1,1,9974,1109,600014,8,54,48054,18,108.0,0.9,1.5039,0.66577798
cold,0,1,0,0.001,0.1,512,3,5,4,256,6000,8.0,2633729,1,1,9974,1109,600014,8,54,48054,19,114.0,0.95,1.58745,0.68285215
cold,0,1,0,0.001,0.1,512,3,5,4,256,6000,8.0,2633729,1,1,9974,1109,600014,8,54,48054,20,120.0,1.0,1.671,0.69891524
cold,0,1,0,0.001,0.1,512,3,5,4,256,6000,8.0,2633729,1,1,9974,1109,600014,8,54,48054,21,126.0,1.05,1.75455,0.71394837
cold,0,1,0,0.001,0.1,512,3,5,4,256,6000,8.0,2633729,1,1,9974,1109,600014,8,54,48054,22,132.0,1.1,1.8381,0.72711885
cold,0,1,0,0.001,0.1,512,3,5,4,256,6000,8.0,2633729,1,1,9974,1109,600014,8,54,48054,23,138.0,1.15,1.92165,0.73778903
cold,0,1,0,0.001,0.1,512,3,5,4,256,6000,8.0,2633729,1,1,9974,1109,600014,8,54,48054,24,144.0,1.2,2.0052,0.74648386
cold,0,1,0,0.001,0.1,512,3,5,4,256,6000,8.0,2633729,1,1,9974,1109,600014,8,54,48054,25,150.0,1.25,2.08875,0.75451541
cold,0,1,0,0.001,0.1,512,3,5,4,256,6000,8.0,2633729,1,1,9974,1109,600014,8,54,48054,26,156.0,1.3,2.1723,0.7622413
cold,0,1,0,0.001,0.1,512,3,5,4,256,6000,8.0,2633729,1,1,9974,1109,600014,8,54,48054,27,162.0,1.35,2.25585,0.76819474
cold,0,1,0,0.001,0.1,512,3,5,4,256,6000,8.0,2633729,1,1,9974,1109,600014,8,54,48054,28,168.0,1.4,2.3394,0.77140236
cold,0,1,0,0.001,0.1,512,3,5,4,256,6000,8.0,2633729,1,1,9974,1109,600014,8,54,48054,29,174.0,1.45,2.42295,0.77399075
cold,0,1,0,0.001,0.1,512,3,5,4,256,6000,8.0,2633729,1,1,9974,1109,600014,8,54,48054,30,180.0,1.5,2.5065,0.77964038
cold,0,1,0,0.001,0.1,512,3,5,4,256,6000,8.0,2633729,1,1,9974,1109,600014,8,54,48054,31,186.0,1.55,2.59005,0.78989655
cold,0,1,0,0.001,0.1,512,3,5,4,256,6000,8.0,2633729,1,1,9974,1109,600014,8,54,48054,32,192.0,1.6,2.6736,0.80323106
cold,0,1,0,0.001,0.1,512,3,5,4,256,6000,8.0,2633729,1,1,9974,1109,600014,8,54,48054,33,198.0,1.65,2.75715,0.81688046
cold,0,1,0,0.001,0.1,512,3,5,4,256,6000,8.0,2633729,1,1,9974,1109,600014,8,54,48054,34,204.0,1.7,2.8407,0.82898825
cold,0,1,0,0.001,0.1,512,3,5,4,256,6000,8.0,2633729,1,1,9974,1109,600014,8,54,48054,35,210.0,1.75,2.92425,0.83916658
cold,0,1,0,0.001,0.1,512,3,5,4,256,6000,8.0,2633729,1,1,9974,1109,600014,8,54,48054,36,216.0,1.8,3.0078,0.84777635
cold,0,1,0,0.001,0.1,512,3,5,4,256,6000,8.0,2633729,1,1,9974,1109,600014,8,54,48054,37,222.0,1.85,3.09135,0.85457903
cold,0,1,0,0.001,0.1,512,3,5,4,256,6000,8.0,2633729,1,1,9974,1109,600014,8,54,48054,38,228.0,1.9,3.1749,0.85847819
cold,0,1,0,0.001,0.1,512,3,5,4,256,6000,8.0,2633729,1,1,9974,1109,600014,8,54,48054,39,234.0,1.95,3.25845,0.85980332
cold,0,1,0,0.001,0.1,512,3,5,4,256,6000,8.0,2633729,1,1,9974,1109,600014,8,54,48054,40,240.0,2.0,3.342,0.8608129
cold,0,1,0,0.001,0.1,512,3,5,4,256,6000,8.0,2633729,1,1,9974,1109,600014,8,54,48054,41,246.0,2.05,3.42555,0.8627739
cold,0,1,0,0.001,0.1,512,3,5,4,256,6000,8.0,2633729,1,1,9974,1109,600014,8,54,48054,42,252.0,2.1,3.5091,0.86489004
cold,0,1,0,0.001,0.1,512,3,5,4,256,6000,8.0,2633729,1,1,9974,1109,600014,8,54,48054,43,258.0,2.15,3.59265,0.86671144
cold,0,1,0,0.001,0.1,512,3,5,4,256,6000,8.0,2633729,1,1,9974,1109,600014,8,54,48054,44,264.0,2.2,3.6762,0.8688789
cold,0,1,0,0.001,0.1,512,3,5,4,256,6000,8.0,2633729,1,1,9974,1109,600014,8,54,48054,45,270.0,2.25,3.75975,0.87160397
cold,0,1,0,0.001,0.1,512,3,5,4,256,6000,8.0,2633729,1,1,9974,1109,600014,8,54,48054,46,276.0,2.3,3.8433,0.87431413
cold,0,1,0,0.001,0.1,512,3,5,4,256,6000,8.0,2633729,1,1,9974,1109,600014,8,54,48054,47,282.0,2.35,3.92685,0.87655306
cold,0,1,0,0.001,0.1,512,3,5,4,256,6000,8.0,2633729,1,1,9974,1109,600014,8,54,48054,48,288.0,2.4,4.0104,0.87865084
cold,0,1,0,0.001,0.1,512,3,5,4,256,6000,8.0,2633729,1,1,9974,1109,600014,8,54,48054,49,294.0,2.45,4.09395,0.88089925
cold,0,1,0,0.001,0.1,512,3,5,4,256,6000,8.0,2633729,1,1,9974,1109,600014,8,54,48054,50,300.0,2.5,4.1775,0.8832987
cold,0,1,0,0.001,0.1,512,3,5,4,256,6000,8.0,2633729,1,1,9974,1109,600014,8,54,48054,51,306.0,2.55,4.26105,0.88663709
cold,0,1,0,0.001,0.1,512,3,5,4,256,6000,8.0,2633729,1,1,9974,1109,600014,8,54,48054,52,312.0,2.6,4.3446,0.89194357
cold,0,1,0,0.001,0.1,512,3,5,4,256,6000,8.0,2633729,1,1,9974,1109,600014,8,54,48054,53,318.0,2.65,4.42815,0.89907211
cold,0,1,0,0.001,0.1,512,3,5,4,256,6000,8.0,2633729,1,1,9974,1109,600014,8,54,48054,54,324.0,2.7,4.5117,0.90667289
cold,0,1,0,0.001,0.1,512,3,5,4,256,6000,8.0,2633729,1,1,9974,1109,600014,8,54,48054,55,330.0,2.75,4.59525,0.91293865
cold,0,1,0,0.001,0.1,512,3,5,4,256,6000,8.0,2633729,1,1,9974,1109,600014,8,54,48054,56,336.0,2.8,4.6788,0.91659272
cold,0,1,0,0.001,0.1,512,3,5,4,256,6000,8.0,2633729,1,1,9974,1109,600014,8,54,48054,57,342.0,2.85,4.76235,0.91782218
cold,0,1,0,0.001,0.1,512,3,5,4,256,6000,8.0,2633729,1,1,9974,1109,600014,8,54,48054,58,348.0,2.9,4.8459,0.91765189
cold,0,1,0,0.001,0.1,512,3,5,4,256,6000,8.0,2633729,1,1,9974,1109,600014,8,54,48054,59,354.0,2.95,4.92945,0.91721189
cold,0,1,0,0.001,0.1,512,3,5,4,256,6000,8.0,2633729,1,1,9974,1109,600014,8,54,48054,60,360.0,3.0,5.013,0.91786867
cold,0,1,0,0.001,0.1,512,3,5,4,256,6000,8.0,2633729,1,1,9974,1109,600014,8,54,48054,61,366.0,3.05,5.09655,0.91976923
cold,0,1,0,0.001,0.1,512,3,5,4,256,6000,8.0,2633729,1,1,9974,1109,600014,8,54,48054,62,372.0,3.1,5.1801,0.92106378
cold,0,1,0,0.001,0.1,512,3,5,4,256,6000,8.0,2633729,1,1,9974,1109,600014,8,54,48054,63,378.0,3.15,5.26365,0.92067748
cold,0,1,0,0.001,0.1,512,3,5,4,256,6000,8.0,2633729,1,1,9974,1109,600014,8,54,48054,64,384.0,3.2,5.3472,0.92017722
cold,0,1,0,0.001,0.1,512,3,5,4,256,6000,8.0,2633729,1,1,9974,1109,600014,8,54,48054,65,390.0,3.25,5.43075,0.92181528
cold,0,1,0,0.001,0.1,512,3,5,4,256,6000,8.0,2633729,1,1,9974,1109,600014,8,54,48054,66,396.0,3.3,5.5143,0.9251436
cold,0,1,0,0.001,0.1,512,3,5,4,256,6000,8.0,2633729,1,1,9974,1109,600014,8,54,48054,67,402.0,3.35,5.59785,0.92688209
cold,0,1,0,0.001,0.1,512,3,5,4,256,6000,8.0,2633729,1,1,9974,1109,600014,8,54,48054,68,408.0,3.4,5.6814,0.92531657
cold,0,1,0,0.001,0.1,512,3,5,4,256,6000,8.0,2633729,1,1,9974,1109,600014,8,54,48054,69,414.0,3.45,5.76495,0.92260379
cold,0,1,0,0.001,0.1,512,3,5,4,256,6000,8.0,2633729,1,1,9974,1109,600014,8,54,48054,70,420.0,3.5,5.8485,0.92196274
cold,0,1,0,0.001,0.1,512,3,5,4,256,6000,8.0,2633729,1,1,9974,1109,600014,8,54,48054,71,426.0,3.55,5.93205,0.9243204
cold,0,1,0,0.001,0.1,512,3,5,4,256,6000,8.0,2633729,1,1,9974,1109,600014,8,54,48054,72,432.0,3.6,6.0156,0.92830253
cold,0,1,0,0.001,0.1,512,3,5,4,256,6000,8.0,2633729,1,1,9974,1109,600014,8,54,48054,73,438.0,3.65,6.09915,0.93232083
cold,0,1,0,0.001,0.1,512,3,5,4,256,6000,8.0,2633729,1,1,9974,1109,600014,8,54,48054,74,444.0,3.7,6.1827,0.93553531
cold,0,1,0,0.001,0.1,512,3,5,4,256,6000,8.0,2633729,1,1,9974,1109,600014,8,54,48054,75,450.0,3.75,6.26625,0.9369294
cold,0,1,0,0.001,0.1,512,3,5,4,256,6000,8.0,2633729,1,1,9974,1109,600014,8,54,48054,76,456.0,3.8,6.3498,0.93572682
cold,0,1,0,0.001,0.1,512,3,5,4,256,6000,8.0,2633729,1,1,9974,1109,600014,8,54,48054,77,462.0,3.85,6.43335,0.93288064
cold,0,1,0,0.001,0.1,512,3,5,4,256,6000,8.0,2633729,1,1,9974,1109,600014,8,54,48054,78,468.0,3.9,6.5169,0.93038172
cold,0,1,0,0.001,0.1,512,3,5,4,256,6000,8.0,2633729,1,1,9974,1109,600014,8,54,48054,79,474.0,3.95,6.60045,0.92961043
cold,0,1,0,0.001,0.1,512,3,5,4,256,6000,8.0,2633729,1,1,9974,1109,600014,8,54,48054,80,480.0,4.0,6.684,0.93088925
cold,0,1,0,0.001,0.1,512,3,5,4,256,6000,8.0,2633729,1,1,9974,1109,600014,8,54,48054,81,486.0,4.05,6.76755,0.93368042
cold,0,1,0,0.001,0.1,512,3,5,4,256,6000,8.0,2633729,1,1,9974,1109,600014,8,54,48054,82,492.0,4.1,6.8511,0.93737316
cold,0,1,0,0.001,0.1,512,3,5,4,256,6000,8.0,2633729,1,1,9974,1109,600014,8,54,48054,83,498.0,4.15,6.93465,0.94129181
cold,0,1,0,0.001,0.1,512,3,5,4,256,6000,8.0,2633729,1,1,9974,1109,600014,8,54,48054,84,504.0,4.2,7.0182,0.94375759
cold,0,1,0,0.001,0.1,512,3,5,4,256,6000,8.0,2633729,1,1,9974,1109,600014,8,54,48054,85,510.0,4.25,7.10175,0.94312328
cold,0,1,0,0.001,0.1,512,3,5,4,256,6000,8.0,2633729,1,1,9974,1109,600014,8,54,48054,86,516.0,4.3,7.1853,0.93934822
cold,0,1,0,0.001,0.1,512,3,5,4,256,6000,8.0,2633729,1,1,9974,1109,600014,8,54,48054,87,522.0,4.35,7.26885,0.93410456
cold,0,1,0,0.001,0.1,512,3,5,4,256,6000,8.0,2633729,1,1,9974,1109,600014,8,54,48054,88,528.0,4.4,7.3524,0.92976063
cold,0,1,0,0.001,0.1,512,3,5,4,256,6000,8.0,2633729,1,1,9974,1109,600014,8,54,48054,89,534.0,4.45,7.43595,0.92763174
cold,0,1,0,0.001,0.1,512,3,5,4,256,6000,8.0,2633729,1,1,9974,1109,600014,8,54,48054,90,540.0,4.5,7.5195,0.92770672
cold,0,1,0,0.001,0.1,512,3,5,4,256,6000,8.0,2633729,1,1,9974,1109,600014,8,54,48054,91,546.0,4.55,7.60305,0.92933065
cold,0,1,0,0.001,0.1,512,3,5,4,256,6000,8.0,2633729,1,1,9974,1109,600014,8,54,48054,92,552.0,4.6,7.6866,0.93158239
cold,0,1,0,0.001,0.1,512,3,5,4,256,6000,8.0,2633729,1,1,9974,1109,600014,8,54,48054,93,558.0,4.65,7.77015,0.93377918
cold,0,1,0,0.001,0.1,512,3,5,4,256,6000,8.0,2633729,1,1,9974,1109,600014,8,54,48054,94,564.0,4.7,7.8537,0.93546277
cold,0,1,0,0.001,0.1,512,3,5,4,256,6000,8.0,2633729,1,1,9974,1109,600014,8,54,48054,95,570.0,4.75,7.93725,0.93627453
cold,0,1,0,0.001,0.1,512,3,5,4,256,6000,8.0,2633729,1,1,9974,1109,600014,8,54,48054,96,576.0,4.8,8.0208,0.93616068
cold,0,1,0,0.001,0.1,512,3,5,4,256,6000,8.0,2633729,1,1,9974,1109,600014,8,54,48054,97,582.0,4.85,8.10435,0.93544412
cold,0,1,0,0.001,0.1,512,3,5,4,256,6000,8.0,2633729,1,1,9974,1109,600014,8,54,48054,98,588.0,4.9,8.1879,0.93441993
cold,0,1,0,0.001,0.1,512,3,5,4,256,6000,8.0,2633729,1,1,9974,1109,600014,8,54,48054,99,594.0,4.95,8.27145,0.9331218
cold,0,1,0,0.001,0.1,512,3,5,4,256,6000,8.0,2633729,1,1,9974,1109,600014,8,54,48054,100,600.0,5.0,8.355,0.93211269
cold,0,1,0,0.001,0.1,512,3,5,4,256,6000,8.0,2633729,1,1,9974,1109,600014,8,54,48054,101,606.0,5.05,8.43855,0.93264931
cold,0,1,0,0.001,0.1,512,3,5,4,256,6000,8.0,2633729,1,1,9974,1109,600014,8,54,48054,102,612.0,5.1,8.5221,0.93523574
cold,0,1,0,0.001,0.1,512,3,5,4,256,6000,8.0,2633729,1,1,9974,1109,600014,8,54,48054,103,618.0,5.15,8.60565,0.93918175
cold,0,1,0,0.001,0.1,512,3,5,4,256,6000,8.0,2633729,1,1,9974,1109,600014,8,54,48054,104,624.0,5.2,8.6892,0.94331527
cold,0,1,0,0.001,0.1,512,3,5,4,256,6000,8.0,2633729,1,1,9974,1109,600014,8,54,48054,105,630.0,5.25,8.77275,0.9461081
cold,0,1,0,0.001,0.1,512,3,5,4,256,6000,8.0,2633729,1,1,9974,1109,600014,8,54,48054,106,636.0,5.3,8.8563,0.94633514
cold,0,1,0,0.001,0.1,512,3,5,4,256,6000,8.0,2633729,1,1,9974,1109,600014,8,54,48054,107,642.0,5.35,8.93985,0.94434237
cold,0,1,0,0.001,0.1,512,3,5,4,256,6000,8.0,2633729,1,1,9974,1109,600014,8,54,48054,108,648.0,5.4,9.0234,0.94133753
cold,0,1,0,0.001,0.1,512,3,5,4,256,6000,8.0,2633729,1,1,9974,1109,600014,8,54,48054,109,654.0,5.45,9.10695,0.93773472
cold,0,1,0,0.001,0.1,512,3,5,4,256,6000,8.0,2633729,1,1,9974,1109,600014,8,54,48054,110,660.0,5.5,9.1905,0.93403327
cold,0,1,0,0.001,0.1,512,3,5,4,256,6000,8.0,2633729,1,1,9974,1109,600014,8,54,48054,111,666.0,5.55,9.27405,0.93122941
cold,0,1,0,0.001,0.1,512,3,5,4,256,6000,8.0,2633729,1,1,9974,1109,600014,8,54,48054,112,672.0,5.6,9.3576,0.92954975
cold,0,1,0,0.001,0.1,512,3,5,4,256,6000,8.0,2633729,1,1,9974,1109,600014,8,54,48054,113,678.0,5.65,9.44115,0.92827356
cold,0,1,0,0.001,0.1,512,3,5,4,256,6000,8.0,2633729,1,1,9974,1109,600014,8,54,48054,114,684.0,5.7,9.5247,0.92720097
cold,0,1,0,0.001,0.1,512,3,5,4,256,6000,8.0,2633729,1,1,9974,1109,600014,8,54,48054,115,690.0,5.75,9.60825,0.92741054
cold,0,1,0,0.001,0.1,512,3,5,4,256,6000,8.0,2633729,1,1,9974,1109,600014,8,54,48054,116,696.0,5.8,9.6918,0.9295789
cold,0,1,0,0.001,0.1,512,3,5,4,256,6000,8.0,2633729,1,1,9974,1109,600014,8,54,48054,117,702.0,5.85,9.77535,0.93288982
cold,0,1,0,0.001,0.1,512,3,5,4,256,6000,8.0,2633729,1,1,9974,1109,600014,8,54,48054,118,708.0,5.9,9.8589,0.93574476
cold,0,1,0,0.001,0.1,512,3,5,4,256,6000,8.0,2633729,1,1,9974,1109,600014,8,54,48054,119,714.0,5.95,9.94245,0.93690401
cold,0,1,0,0.001,0.1,512,3,5,4,256,6000,8.0,2633729,1,1,9974,1109,600014,8,54,48054,120,720.0,6.0,10.026,0.9364298
cold,0,1,0,0.001,0.1,512,3,5,4,256,6000,8.0,2633729,1,1,9974,1109,600014,8,234,48234,1,6.0,0.05,0.08355,0.04465046
cold,0,1,0,0.001,0.1,512,3,5,4,256,6000,8.0,2633729,1,1,9974,1109,600014,8,234,48234,2,12.0,0.1,0.1671,0.05332481
cold,0,1,0,0.001,0.1,512,3,5,4,256,6000,8.0,2633729,1,1,9974,1109,600014,8,234,48234,3,18.0,0.15,0.25065,0.06361689
cold,0,1,0,0.001,0.1,512,3,5,4,256,6000,8.0,2633729,1,1,9974,1109,600014,8,234,48234,4,24.0,0.2,0.3342,0.07515116
cold,0,1,0,0.001,0.1,512,3,5,4,256,6000,8.0,2633729,1,1,9974,1109,600014,8,234,48234,5,30.0,0.25,0.41775,0.08745628
cold,0,1,0,0.001,0.1,512,3,5,4,256,6000,8.0,2633729,1,1,9974,1109,600014,8,234,48234,6,36.0,0.3,0.5013,0.10076924
cold,0,1,0,0.001,0.1,512,3,5,4,256,6000,8.0,2633729,1,1,9974,1109,600014,8,234,48234,7,42.0,0.35,0.58485,0.11489125
cold,0,1,0,0.001,0.1,512,3,5,4,256,6000,8.0,2633729,1,1,9974,1109,600014,8,234,48234,8,48.0,0.4,0.6684,0.13002218
cold,0,1,0,0.001,0.1,512,3,5,4,256,6000,8.0,2633729,1,1,9974,1109,600014,8,234,48234,9,54.0,0.45,0.75195,0.14631356
cold,0,1,0,0.001,0.1,512,3,5,4,256,6000,8.0,2633729,1,1,9974,1109,600014,8,234,48234,10,60.0,0.5,0.8355,0.16431582
cold,0,1,0,0.001,0.1,512,3,5,4,256,6000,8.0,2633729,1,1,9974,1109,600014,8,234,48234,11,66.0,0.55,0.91905,0.18365581
cold,0,1,0,0.001,0.1,512,3,5,4,256,6000,8.0,2633729,1,1,9974,1109,600014,8,234,48234,12,72.0,0.6,1.0026,0.20349894
cold,0,1,0,0.001,0.1,512,3,5,4,256,6000,8.0,2633729,1,1,9974,1109,600014,8,234,48234,13,78.0,0.65,1.08615,0.22369084
cold,0,1,0,0.001,0.1,512,3,5,4,256,6000,8.0,2633729,1,1,9974,1109,600014,8,234,48234,14,84.0,0.7,1.1697,0.24559435
cold,0,1,0,0.001,0.1,512,3,5,4,256,6000,8.0,2633729,1,1,9974,1109,600014,8,234,48234,15,90.0,0.75,1.25325,0.27009785
cold,0,1,0,0.001,0.1,512,3,5,4,256,6000,8.0,2633729,1,1,9974,1109,600014,8,234,48234,16,96.0,0.8,1.3368,0.29559544
cold,0,1,0,0.001,0.1,512,3,5,4,256,6000,8.0,2633729,1,1,9974,1109,600014,8,234,48234,17,102.0,0.85,1.42035,0.31993344
cold,0,1,0,0.001,0.1,512,3,5,4,256,6000,8.0,2633729,1,1,9974,1109,600014,8,234,48234,18,108.0,0.9,1.5039,0.34279177
cold,0,1,0,0.001,0.1,512,3,5,4,256,6000,8.0,2633729,1,1,9974,1109,600014,8,234,48234,19,114.0,0.95,1.58745,0.36519858
cold,0,1,0,0.001,0.1,512,3,5,4,256,6000,8.0,2633729,1,1,9974,1109,600014,8,234,48234,20,120.0,1.0,1.671,0.38818538
cold,0,1,0,0.001,0.1,512,3,5,4,256,6000,8.0,2633729,1,1,9974,1109,600014,8,234,48234,21,126.0,1.05,1.75455,0.41164809
cold,0,1,0,0.001,0.1,512,3,5,4,256,6000,8.0,2633729,1,1,9974,1109,600014,8,234,48234,22,132.0,1.1,1.8381,0.43470529
cold,0,1,0,0.001,0.1,512,3,5,4,256,6000,8.0,2633729,1,1,9974,1109,600014,8,234,48234,23,138.0,1.15,1.92165,0.45732361
cold,0,1,0,0.001,0.1,512,3,5,4,256,6000,8.0,2633729,1,1,9974,1109,600014,8,234,48234,24,144.0,1.2,2.0052,0.48091322
cold,0,1,0,0.001,0.1,512,3,5,4,256,6000,8.0,2633729,1,1,9974,1109,600014,8,234,48234,25,150.0,1.25,2.08875,0.50615555
cold,0,1,0,0.001,0.1,512,3,5,4,256,6000,8.0,2633729,1,1,9974,1109,600014,8,234,48234,26,156.0,1.3,2.1723,0.53243172
cold,0,1,0,0.001,0.1,512,3,5,4,256,6000,8.0,2633729,1,1,9974,1109,600014,8,234,48234,27,162.0,1.35,2.25585,0.55772251
cold,0,1,0,0.001,0.1,512,3,5,4,256,6000,8.0,2633729,1,1,9974,1109,600014,8,234,48234,28,168.0,1.4,2.3394,0.58010942
cold,0,1,0,0.001,0.1,512,3,5,4,256,6000,8.0,2633729,1,1,9974,1109,600014,8,234,48234,29,174.0,1.45,2.42295,0.5987848
cold,0,1,0,0.001,0.1,512,3,5,4,256,6000,8.0,2633729,1,1,9974,1109,600014,8,234,48234,30,180.0,1.5,2.5065,0.61574173
cold,0,1,0,0.001,0.1,512,3,5,4,256,6000,8.0,2633729,1,1,9974,1109,600014,8,234,48234,31,186.0,1.55,2.59005,0.63481539
cold,0,1,0,0.001,0.1,512,3,5,4,256,6000,8.0,2633729,1,1,9974,1109,600014,8,234,48234,32,192.0,1.6,2.6736,0.65692198
cold,0,1,0,0.001,0.1,512,3,5,4,256,6000,8.0,2633729,1,1,9974,1109,600014,8,234,48234,33,198.0,1.65,2.75715,0.67871153
cold,0,1,0,0.001,0.1,512,3,5,4,256,6000,8.0,2633729,1,1,9974,1109,600014,8,234,48234,34,204.0,1.7,2.8407,0.69675642
cold,0,1,0,0.001,0.1,512,3,5,4,256,6000,8.0,2633729,1,1,9974,1109,600014,8,234,48234,35,210.0,1.75,2.92425,0.71136409
cold,0,1,0,0.001,0.1,512,3,5,4,256,6000,8.0,2633729,1,1,9974,1109,600014,8,234,48234,36,216.0,1.8,3.0078,0.7243917
cold,0,1,0,0.001,0.1,512,3,5,4,256,6000,8.0,2633729,1,1,9974,1109,600014,8,234,48234,37,222.0,1.85,3.09135,0.73740262
cold,0,1,0,0.001,0.1,512,3,5,4,256,6000,8.0,2633729,1,1,9974,1109,600014,8,234,48234,38,228.0,1.9,3.1749,0.75198787
cold,0,1,0,0.001,0.1,512,3,5,4,256,6000,8.0,2633729,1,1,9974,1109,600014,8,234,48234,39,234.0,1.95,3.25845,0.76838893
cold,0,1,0,0.001,0.1,512,3,5,4,256,6000,8.0,2633729,1,1,9974,1109,600014,8,234,48234,40,240.0,2.0,3.342,0.78560495
cold,0,1,0,0.001,0.1,512,3,5,4,256,6000,8.0,2633729,1,1,9974,1109,600014,8,234,48234,41,246.0,2.05,3.42555,0.80185455
cold,0,1,0,0.001,0.1,512,3,5,4,256,6000,8.0,2633729,1,1,9974,1109,600014,8,234,48234,42,252.0,2.1,3.5091,0.81513685
cold,0,1,0,0.001,0.1,512,3,5,4,256,6000,8.0,2633729,1,1,9974,1109,600014,8,234,48234,43,258.0,2.15,3.59265,0.82491624
cold,0,1,0,0.001,0.1,512,3,5,4,256,6000,8.0,2633729,1,1,9974,1109,600014,8,234,48234,44,264.0,2.2,3.6762,0.83183903
cold,0,1,0,0.001,0.1,512,3,5,4,256,6000,8.0,2633729,1,1,9974,1109,600014,8,234,48234,45,270.0,2.25,3.75975,0.83642417
cold,0,1,0,0.001,0.1,512,3,5,4,256,6000,8.0,2633729,1,1,9974,1109,600014,8,234,48234,46,276.0,2.3,3.8433,0.84041643
cold,0,1,0,0.001,0.1,512,3,5,4,256,6000,8.0,2633729,1,1,9974,1109,600014,8,234,48234,47,282.0,2.35,3.92685,0.84680831
cold,0,1,0,0.001,0.1,512,3,5,4,256,6000,8.0,2633729,1,1,9974,1109,600014,8,234,48234,48,288.0,2.4,4.0104,0.85734272
cold,0,1,0,0.001,0.1,512,3,5,4,256,6000,8.0,2633729,1,1,9974,1109,600014,8,234,48234,49,294.0,2.45,4.09395,0.87179309
cold,0,1,0,0.001,0.1,512,3,5,4,256,6000,8.0,2633729,1,1,9974,1109,600014,8,234,48234,50,300.0,2.5,4.1775,0.88735306
cold,0,1,0,0.001,0.1,512,3,5,4,256,6000,8.0,2633729,1,1,9974,1109,600014,8,234,48234,51,306.0,2.55,4.26105,0.90125424
cold,0,1,0,0.001,0.1,512,3,5,4,256,6000,8.0,2633729,1,1,9974,1109,600014,8,234,48234,52,312.0,2.6,4.3446,0.91179621
cold,0,1,0,0.001,0.1,512,3,5,4,256,6000,8.0,2633729,1,1,9974,1109,600014,8,234,48234,53,318.0,2.65,4.42815,0.91820556
cold,0,1,0,0.001,0.1,512,3,5,4,256,6000,8.0,2633729,1,1,9974,1109,600014,8,234,48234,54,324.0,2.7,4.5117,0.92115021
cold,0,1,0,0.001,0.1,512,3,5,4,256,6000,8.0,2633729,1,1,9974,1109,600014,8,234,48234,55,330.0,2.75,4.59525,0.92348367
cold,0,1,0,0.001,0.1,512,3,5,4,256,6000,8.0,2633729,1,1,9974,1109,600014,8,234,48234,56,336.0,2.8,4.6788,0.9278869
cold,0,1,0,0.001,0.1,512,3,5,4,256,6000,8.0,2633729,1,1,9974,1109,600014,8,234,48234,57,342.0,2.85,4.76235,0.93463796
cold,0,1,0,0.001,0.1,512,3,5,4,256,6000,8.0,2633729,1,1,9974,1109,600014,8,234,48234,58,348.0,2.9,4.8459,0.94227523
cold,0,1,0,0.001,0.1,512,3,5,4,256,6000,8.0,2633729,1,1,9974,1109,600014,8,234,48234,59,354.0,2.95,4.92945,0.94865525
cold,0,1,0,0.001,0.1,512,3,5,4,256,6000,8.0,2633729,1,1,9974,1109,600014,8,234,48234,60,360.0,3.0,5.013,0.95296961
cold,0,1,0,0.001,0.1,512,3,5,4,256,6000,8.0,2633729,1,1,9974,1109,600014,8,234,48234,61,366.0,3.05,5.09655,0.95572239
cold,0,1,0,0.001,0.1,512,3,5,4,256,6000,8.0,2633729,1,1,9974,1109,600014,8,234,48234,62,372.0,3.1,5.1801,0.95685279
cold,0,1,0,0.001,0.1,512,3,5,4,256,6000,8.0,2633729,1,1,9974,1109,600014,8,234,48234,63,378.0,3.15,5.26365,0.95654368
cold,0,1,0,0.001,0.1,512,3,5,4,256,6000,8.0,2633729,1,1,9974,1109,600014,8,234,48234,64,384.0,3.2,5.3472,0.95608503
cold,0,1,0,0.001,0.1,512,3,5,4,256,6000,8.0,2633729,1,1,9974,1109,600014,8,234,48234,65,390.0,3.25,5.43075,0.95797503
cold,0,1,0,0.001,0.1,512,3,5,4,256,6000,8.0,2633729,1,1,9974,1109,600014,8,234,48234,66,396.0,3.3,5.5143,0.96413779
cold,0,1,0,0.001,0.1,512,3,5,4,256,6000,8.0,2633729,1,1,9974,1109,600014,8,234,48234,67,402.0,3.35,5.59785,0.97301662
cold,0,1,0,0.001,0.1,512,3,5,4,256,6000,8.0,2633729,1,1,9974,1109,600014,8,234,48234,68,408.0,3.4,5.6814,0.98001671
cold,0,1,0,0.001,0.1,512,3,5,4,256,6000,8.0,2633729,1,1,9974,1109,600014,8,234,48234,69,414.0,3.45,5.76495,0.98277593
cold,0,1,0,0.001,0.1,512,3,5,4,256,6000,8.0,2633729,1,1,9974,1109,600014,8,234,48234,70,420.0,3.5,5.8485,0.98367482
cold,0,1,0,0.001,0.1,512,3,5,4,256,6000,8.0,2633729,1,1,9974,1109,600014,8,234,48234,71,426.0,3.55,5.93205,0.98644632
cold,0,1,0,0.001,0.1,512,3,5,4,256,6000,8.0,2633729,1,1,9974,1109,600014,8,234,48234,72,432.0,3.6,6.0156,0.99184197
cold,0,1,0,0.001,0.1,512,3,5,4,256,6000,8.0,2633729,1,1,9974,1109,600014,8,234,48234,73,438.0,3.65,6.09915,0.99776393
cold,0,1,0,0.001,0.1,512,3,5,4,256,6000,8.0,2633729,1,1,9974,1109,600014,8,234,48234,74,444.0,3.7,6.1827,1.00251102
cold,0,1,0,0.001,0.1,512,3,5,4,256,6000,8.0,2633729,1,1,9974,1109,600014,8,234,48234,75,450.0,3.75,6.26625,1.00516057
cold,0,1,0,0.001,0.1,512,3,5,4,256,6000,8.0,2633729,1,1,9974,1109,600014,8,234,48234,76,456.0,3.8,6.3498,1.0052495
cold,0,1,0,0.001,0.1,512,3,5,4,256,6000,8.0,2633729,1,1,9974,1109,600014,8,234,48234,77,462.0,3.85,6.43335,1.0036006
cold,0,1,0,0.001,0.1,512,3,5,4,256,6000,8.0,2633729,1,1,9974,1109,600014,8,234,48234,78,468.0,3.9,6.5169,1.00237191
cold,0,1,0,0.001,0.1,512,3,5,4,256,6000,8.0,2633729,1,1,9974,1109,600014,8,234,48234,79,474.0,3.95,6.60045,1.00253844
cold,0,1,0,0.001,0.1,512,3,5,4,256,6000,8.0,2633729,1,1,9974,1109,600014,8,234,48234,80,480.0,4.0,6.684,1.00349367
cold,0,1,0,0.001,0.1,512,3,5,4,256,6000,8.0,2633729,1,1,9974,1109,600014,8,234,48234,81,486.0,4.05,6.76755,1.00366795
cold,0,1,0,0.001,0.1,512,3,5,4,256,6000,8.0,2633729,1,1,9974,1109,600014,8,234,48234,82,492.0,4.1,6.8511,1.00284946
cold,0,1,0,0.001,0.1,512,3,5,4,256,6000,8.0,2633729,1,1,9974,1109,600014,8,234,48234,83,498.0,4.15,6.93465,1.00214744
cold,0,1,0,0.001,0.1,512,3,5,4,256,6000,8.0,2633729,1,1,9974,1109,600014,8,234,48234,84,504.0,4.2,7.0182,1.00134313
cold,0,1,0,0.001,0.1,512,3,5,4,256,6000,8.0,2633729,1,1,9974,1109,600014,8,234,48234,85,510.0,4.25,7.10175,0.99862623
cold,0,1,0,0.001,0.1,512,3,5,4,256,6000,8.0,2633729,1,1,9974,1109,600014,8,234,48234,86,516.0,4.3,7.1853,0.99336255
cold,0,1,0,0.001,0.1,512,3,5,4,256,6000,8.0,2633729,1,1,9974,1109,600014,8,234,48234,87,522.0,4.35,7.26885,0.98801559
cold,0,1,0,0.001,0.1,512,3,5,4,256,6000,8.0,2633729,1,1,9974,1109,600014,8,234,48234,88,528.0,4.4,7.3524,0.98607224
cold,0,1,0,0.001,0.1,512,3,5,4,256,6000,8.0,2633729,1,1,9974,1109,600014,8,234,48234,89,534.0,4.45,7.43595,0.98901951
cold,0,1,0,0.001,0.1,512,3,5,4,256,6000,8.0,2633729,1,1,9974,1109,600014,8,234,48234,90,540.0,4.5,7.5195,0.99558491
cold,0,1,0,0.001,0.1,512,3,5,4,256,6000,8.0,2633729,1,1,9974,1109,600014,8,234,48234,91,546.0,4.55,7.60305,1.0027231
cold,0,1,0,0.001,0.1,512,3,5,4,256,6000,8.0,2633729,1,1,9974,1109,600014,8,234,48234,92,552.0,4.6,7.6866,1.0064652
cold,0,1,0,0.001,0.1,512,3,5,4,256,6000,8.0,2633729,1,1,9974,1109,600014,8,234,48234,93,558.0,4.65,7.77015,1.00546932
cold,0,1,0,0.001,0.1,512,3,5,4,256,6000,8.0,2633729,1,1,9974,1109,600014,8,234,48234,94,564.0,4.7,7.8537,1.00287771
cold,0,1,0,0.001,0.1,512,3,5,4,256,6000,8.0,2633729,1,1,9974,1109,600014,8,234,48234,95,570.0,4.75,7.93725,1.0023222
cold,0,1,0,0.001,0.1,512,3,5,4,256,6000,8.0,2633729,1,1,9974,1109,600014,8,234,48234,96,576.0,4.8,8.0208,1.00296032
cold,0,1,0,0.001,0.1,512,3,5,4,256,6000,8.0,2633729,1,1,9974,1109,600014,8,234,48234,97,582.0,4.85,8.10435,1.00168562
cold,0,1,0,0.001,0.1,512,3,5,4,256,6000,8.0,2633729,1,1,9974,1109,600014,8,234,48234,98,588.0,4.9,8.1879,0.99811059
cold,0,1,0,0.001,0.1,512,3,5,4,256,6000,8.0,2633729,1,1,9974,1109,600014,8,234,48234,99,594.0,4.95,8.27145,0.9944945
cold,0,1,0,0.001,0.1,512,3,5,4,256,6000,8.0,2633729,1,1,9974,1109,600014,8,234,48234,100,600.0,5.0,8.355,0.99253774
cold,0,1,0,0.001,0.1,512,3,5,4,256,6000,8.0,2633729,1,1,9974,1109,600014,8,234,48234,101,606.0,5.05,8.43855,0.99219149
cold,0,1,0,0.001,0.1,512,3,5,4,256,6000,8.0,2633729,1,1,9974,1109,600014,8,234,48234,102,612.0,5.1,8.5221,0.99256444
cold,0,1,0,0.001,0.1,512,3,5,4,256,6000,8.0,2633729,1,1,9974,1109,600014,8,234,48234,103,618.0,5.15,8.60565,0.99321175
cold,0,1,0,0.001,0.1,512,3,5,4,256,6000,8.0,2633729,1,1,9974,1109,600014,8,234,48234,104,624.0,5.2,8.6892,0.99415886
cold,0,1,0,0.001,0.1,512,3,5,4,256,6000,8.0,2633729,1,1,9974,1109,600014,8,234,48234,105,630.0,5.25,8.77275,0.9960146
cold,0,1,0,0.001,0.1,512,3,5,4,256,6000,8.0,2633729,1,1,9974,1109,600014,8,234,48234,106,636.0,5.3,8.8563,0.99919581
cold,0,1,0,0.001,0.1,512,3,5,4,256,6000,8.0,2633729,1,1,9974,1109,600014,8,234,48234,107,642.0,5.35,8.93985,1.00251508
cold,0,1,0,0.001,0.1,512,3,5,4,256,6000,8.0,2633729,1,1,9974,1109,600014,8,234,48234,108,648.0,5.4,9.0234,1.00476027
cold,0,1,0,0.001,0.1,512,3,5,4,256,6000,8.0,2633729,1,1,9974,1109,600014,8,234,48234,109,654.0,5.45,9.10695,1.00644851
cold,0,1,0,0.001,0.1,512,3,5,4,256,6000,8.0,2633729,1,1,9974,1109,600014,8,234,48234,110,660.0,5.5,9.1905,1.00890243
cold,0,1,0,0.001,0.1,512,3,5,4,256,6000,8.0,2633729,1,1,9974,1109,600014,8,234,48234,111,666.0,5.55,9.27405,1.01195514
cold,0,1,0,0.001,0.1,512,3,5,4,256,6000,8.0,2633729,1,1,9974,1109,600014,8,234,48234,112,672.0,5.6,9.3576,1.0150497
cold,0,1,0,0.001,0.1,512,3,5,4,256,6000,8.0,2633729,1,1,9974,1109,600014,8,234,48234,113,678.0,5.65,9.44115,1.01872468
cold,0,1,0,0.001,0.1,512,3,5,4,256,6000,8.0,2633729,1,1,9974,1109,600014,8,234,48234,114,684.0,5.7,9.5247,1.02340579
cold,0,1,0,0.001,0.1,512,3,5,4,256,6000,8.0,2633729,1,1,9974,1109,600014,8,234,48234,115,690.0,5.75,9.60825,1.02812183
cold,0,1,0,0.001,0.1,512,3,5,4,256,6000,8.0,2633729,1,1,9974,1109,600014,8,234,48234,116,696.0,5.8,9.6918,1.03142858
cold,0,1,0,0.001,0.1,512,3,5,4,256,6000,8.0,2633729,1,1,9974,1109,600014,8,234,48234,117,702.0,5.85,9.77535,1.03318477
cold,0,1,0,0.001,0.1,512,3,5,4,256,6000,8.0,2633729,1,1,9974,1109,600014,8,234,48234,118,708.0,5.9,9.8589,1.03397584
cold,0,1,0,0.001,0.1,512,3,5,4,256,6000,8.0,2633729,1,1,9974,1109,600014,8,234,48234,119,714.0,5.95,9.94245,1.0340879
cold,0,1,0,0.001,0.1,512,3,5,4,256,6000,8.0,2633729,1,1,9974,1109,600014,8,234,48234,120,720.0,6.0,10.026,1.03289676
cold,0,1,0,0.001,0.1,512,3,5,4,256,6000,8.0,2633729,1,1,9974,1109,600014,8,1023,49023,1,6.0,0.05,0.08355,0.04118788
cold,0,1,0,0.001,0.1,512,3,5,4,256,6000,8.0,2633729,1,1,9974,1109,600014,8,1023,49023,2,12.0,0.1,0.1671,0.04963716
cold,0,1,0,0.001,0.1,512,3,5,4,256,6000,8.0,2633729,1,1,9974,1109,600014,8,1023,49023,3,18.0,0.15,0.25065,0.05964137
cold,0,1,0,0.001,0.1,512,3,5,4,256,6000,8.0,2633729,1,1,9974,1109,600014,8,1023,49023,4,24.0,0.2,0.3342,0.0697424
cold,0,1,0,0.001,0.1,512,3,5,4,256,6000,8.0,2633729,1,1,9974,1109,600014,8,1023,49023,5,30.0,0.25,0.41775,0.08011542
cold,0,1,0,0.001,0.1,512,3,5,4,256,6000,8.0,2633729,1,1,9974,1109,600014,8,1023,49023,6,36.0,0.3,0.5013,0.09238916
cold,0,1,0,0.001,0.1,512,3,5,4,256,6000,8.0,2633729,1,1,9974,1109,600014,8,1023,49023,7,42.0,0.35,0.58485,0.10501443
cold,0,1,0,0.001,0.1,512,3,5,4,256,6000,8.0,2633729,1,1,9974,1109,600014,8,1023,49023,8,48.0,0.4,0.6684,0.11747698
cold,0,1,0,0.001,0.1,512,3,5,4,256,6000,8.0,2633729,1,1,9974,1109,600014,8,1023,49023,9,54.0,0.45,0.75195,0.12980153
cold,0,1,0,0.001,0.1,512,3,5,4,256,6000,8.0,2633729,1,1,9974,1109,600014,8,1023,49023,10,60.0,0.5,0.8355,0.14295512
cold,0,1,0,0.001,0.1,512,3,5,4,256,6000,8.0,2633729,1,1,9974,1109,600014,8,1023,49023,11,66.0,0.55,0.91905,0.15689598
cold,0,1,0,0.001,0.1,512,3,5,4,256,6000,8.0,2633729,1,1,9974,1109,600014,8,1023,49023,12,72.0,0.6,1.0026,0.17099901
cold,0,1,0,0.001,0.1,512,3,5,4,256,6000,8.0,2633729,1,1,9974,1109,600014,8,1023,49023,13,78.0,0.65,1.08615,0.1853317
cold,0,1,0,0.001,0.1,512,3,5,4,256,6000,8.0,2633729,1,1,9974,1109,600014,8,1023,49023,14,84.0,0.7,1.1697,0.20149168
cold,0,1,0,0.001,0.1,512,3,5,4,256,6000,8.0,2633729,1,1,9974,1109,600014,8,1023,49023,15,90.0,0.75,1.25325,0.22027121
cold,0,1,0,0.001,0.1,512,3,5,4,256,6000,8.0,2633729,1,1,9974,1109,600014,8,1023,49023,16,96.0,0.8,1.3368,0.24038383
cold,0,1,0,0.001,0.1,512,3,5,4,256,6000,8.0,2633729,1,1,9974,1109,600014,8,1023,49023,17,102.0,0.85,1.42035,0.26035789
cold,0,1,0,0.001,0.1,512,3,5,4,256,6000,8.0,2633729,1,1,9974,1109,600014,8,1023,49023,18,108.0,0.9,1.5039,0.27967337
cold,0,1,0,0.001,0.1,512,3,5,4,256,6000,8.0,2633729,1,1,9974,1109,600014,8,1023,49023,19,114.0,0.95,1.58745,0.29840448
cold,0,1,0,0.001,0.1,512,3,5,4,256,6000,8.0,2633729,1,1,9974,1109,600014,8,1023,49023,20,120.0,1.0,1.671,0.31723562
cold,0,1,0,0.001,0.1,512,3,5,4,256,6000,8.0,2633729,1,1,9974,1109,600014,8,1023,49023,21,126.0,1.05,1.75455,0.33654153
cold,0,1,0,0.001,0.1,512,3,5,4,256,6000,8.0,2633729,1,1,9974,1109,600014,8,1023,49023,22,132.0,1.1,1.8381,0.35637909
cold,0,1,0,0.001,0.1,512,3,5,4,256,6000,8.0,2633729,1,1,9974,1109,600014,8,1023,49023,23,138.0,1.15,1.92165,0.3775987
cold,0,1,0,0.001,0.1,512,3,5,4,256,6000,8.0,2633729,1,1,9974,1109,600014,8,1023,49023,24,144.0,1.2,2.0052,0.40067706
cold,0,1,0,0.001,0.1,512,3,5,4,256,6000,8.0,2633729,1,1,9974,1109,600014,8,1023,49023,25,150.0,1.25,2.08875,0.42459792
cold,0,1,0,0.001,0.1,512,3,5,4,256,6000,8.0,2633729,1,1,9974,1109,600014,8,1023,49023,26,156.0,1.3,2.1723,0.44811398
cold,0,1,0,0.001,0.1,512,3,5,4,256,6000,8.0,2633729,1,1,9974,1109,600014,8,1023,49023,27,162.0,1.35,2.25585,0.47075903
cold,0,1,0,0.001,0.1,512,3,5,4,256,6000,8.0,2633729,1,1,9974,1109,600014,8,1023,49023,28,168.0,1.4,2.3394,0.49187469
cold,0,1,0,0.001,0.1,512,3,5,4,256,6000,8.0,2633729,1,1,9974,1109,600014,8,1023,49023,29,174.0,1.45,2.42295,0.51007742
cold,0,1,0,0.001,0.1,512,3,5,4,256,6000,8.0,2633729,1,1,9974,1109,600014,8,1023,49023,30,180.0,1.5,2.5065,0.52563226
cold,0,1,0,0.001,0.1,512,3,5,4,256,6000,8.0,2633729,1,1,9974,1109,600014,8,1023,49023,31,186.0,1.55,2.59005,0.54029512
cold,0,1,0,0.001,0.1,512,3,5,4,256,6000,8.0,2633729,1,1,9974,1109,600014,8,1023,49023,32,192.0,1.6,2.6736,0.55468822
cold,0,1,0,0.001,0.1,512,3,5,4,256,6000,8.0,2633729,1,1,9974,1109,600014,8,1023,49023,33,198.0,1.65,2.75715,0.56838745
cold,0,1,0,0.001,0.1,512,3,5,4,256,6000,8.0,2633729,1,1,9974,1109,600014,8,1023,49023,34,204.0,1.7,2.8407,0.58260101
cold,0,1,0,0.001,0.1,512,3,5,4,256,6000,8.0,2633729,1,1,9974,1109,600014,8,1023,49023,35,210.0,1.75,2.92425,0.59932423
cold,0,1,0,0.001,0.1,512,3,5,4,256,6000,8.0,2633729,1,1,9974,1109,600014,8,1023,49023,36,216.0,1.8,3.0078,0.61778212
cold,0,1,0,0.001,0.1,512,3,5,4,256,6000,8.0,2633729,1,1,9974,1109,600014,8,1023,49023,37,222.0,1.85,3.09135,0.63514692
cold,0,1,0,0.001,0.1,512,3,5,4,256,6000,8.0,2633729,1,1,9974,1109,600014,8,1023,49023,38,228.0,1.9,3.1749,0.65003955
cold,0,1,0,0.001,0.1,512,3,5,4,256,6000,8.0,2633729,1,1,9974,1109,600014,8,1023,49023,39,234.0,1.95,3.25845,0.66318703
cold,0,1,0,0.001,0.1,512,3,5,4,256,6000,8.0,2633729,1,1,9974,1109,600014,8,1023,49023,40,240.0,2.0,3.342,0.67600852
cold,0,1,0,0.001,0.1,512,3,5,4,256,6000,8.0,2633729,1,1,9974,1109,600014,8,1023,49023,41,246.0,2.05,3.42555,0.68864876
cold,0,1,0,0.001,0.1,512,3,5,4,256,6000,8.0,2633729,1,1,9974,1109,600014,8,1023,49023,42,252.0,2.1,3.5091,0.69981599
cold,0,1,0,0.001,0.1,512,3,5,4,256,6000,8.0,2633729,1,1,9974,1109,600014,8,1023,49023,43,258.0,2.15,3.59265,0.70908105
cold,0,1,0,0.001,0.1,512,3,5,4,256,6000,8.0,2633729,1,1,9974,1109,600014,8,1023,49023,44,264.0,2.2,3.6762,0.71763086
cold,0,1,0,0.001,0.1,512,3,5,4,256,6000,8.0,2633729,1,1,9974,1109,600014,8,1023,49023,45,270.0,2.25,3.75975,0.72654754
cold,0,1,0,0.001,0.1,512,3,5,4,256,6000,8.0,2633729,1,1,9974,1109,600014,8,1023,49023,46,276.0,2.3,3.8433,0.73564959
cold,0,1,0,0.001,0.1,512,3,5,4,256,6000,8.0,2633729,1,1,9974,1109,600014,8,1023,49023,47,282.0,2.35,3.92685,0.74406117
cold,0,1,0,0.001,0.1,512,3,5,4,256,6000,8.0,2633729,1,1,9974,1109,600014,8,1023,49023,48,288.0,2.4,4.0104,0.751212
cold,0,1,0,0.001,0.1,512,3,5,4,256,6000,8.0,2633729,1,1,9974,1109,600014,8,1023,49023,49,294.0,2.45,4.09395,0.75761193
cold,0,1,0,0.001,0.1,512,3,5,4,256,6000,8.0,2633729,1,1,9974,1109,600014,8,1023,49023,50,300.0,2.5,4.1775,0.76377094
cold,0,1,0,0.001,0.1,512,3,5,4,256,6000,8.0,2633729,1,1,9974,1109,600014,8,1023,49023,51,306.0,2.55,4.26105,0.76999032
cold,0,1,0,0.001,0.1,512,3,5,4,256,6000,8.0,2633729,1,1,9974,1109,600014,8,1023,49023,52,312.0,2.6,4.3446,0.77670223
cold,0,1,0,0.001,0.1,512,3,5,4,256,6000,8.0,2633729,1,1,9974,1109,600014,8,1023,49023,53,318.0,2.65,4.42815,0.78475714
cold,0,1,0,0.001,0.1,512,3,5,4,256,6000,8.0,2633729,1,1,9974,1109,600014,8,1023,49023,54,324.0,2.7,4.5117,0.79452002
cold,0,1,0,0.001,0.1,512,3,5,4,256,6000,8.0,2633729,1,1,9974,1109,600014,8,1023,49023,55,330.0,2.75,4.59525,0.80499792
cold,0,1,0,0.001,0.1,512,3,5,4,256,6000,8.0,2633729,1,1,9974,1109,600014,8,1023,49023,56,336.0,2.8,4.6788,0.81520033
cold,0,1,0,0.001,0.1,512,3,5,4,256,6000,8.0,2633729,1,1,9974,1109,600014,8,1023,49023,57,342.0,2.85,4.76235,0.82517421
cold,0,1,0,0.001,0.1,512,3,5,4,256,6000,8.0,2633729,1,1,9974,1109,600014,8,1023,49023,58,348.0,2.9,4.8459,0.83518296
cold,0,1,0,0.001,0.1,512,3,5,4,256,6000,8.0,2633729,1,1,9974,1109,600014,8,1023,49023,59,354.0,2.95,4.92945,0.84432727
cold,0,1,0,0.001,0.1,512,3,5,4,256,6000,8.0,2633729,1,1,9974,1109,600014,8,1023,49023,60,360.0,3.0,5.013,0.85199279
cold,0,1,0,0.001,0.1,512,3,5,4,256,6000,8.0,2633729,1,1,9974,1109,600014,8,1023,49023,61,366.0,3.05,5.09655,0.85861248
cold,0,1,0,0.001,0.1,512,3,5,4,256,6000,8.0,2633729,1,1,9974,1109,600014,8,1023,49023,62,372.0,3.1,5.1801,0.86458838
cold,0,1,0,0.001,0.1,512,3,5,4,256,6000,8.0,2633729,1,1,9974,1109,600014,8,1023,49023,63,378.0,3.15,5.26365,0.87063569
cold,0,1,0,0.001,0.1,512,3,5,4,256,6000,8.0,2633729,1,1,9974,1109,600014,8,1023,49023,64,384.0,3.2,5.3472,0.87750834
cold,0,1,0,0.001,0.1,512,3,5,4,256,6000,8.0,2633729,1,1,9974,1109,600014,8,1023,49023,65,390.0,3.25,5.43075,0.88475764
cold,0,1,0,0.001,0.1,512,3,5,4,256,6000,8.0,2633729,1,1,9974,1109,600014,8,1023,49023,66,396.0,3.3,5.5143,0.89095527
cold,0,1,0,0.001,0.1,512,3,5,4,256,6000,8.0,2633729,1,1,9974,1109,600014,8,1023,49023,67,402.0,3.35,5.59785,0.89523178
cold,0,1,0,0.001,0.1,512,3,5,4,256,6000,8.0,2633729,1,1,9974,1109,600014,8,1023,49023,68,408.0,3.4,5.6814,0.89764136
cold,0,1,0,0.001,0.1,512,3,5,4,256,6000,8.0,2633729,1,1,9974,1109,600014,8,1023,49023,69,414.0,3.45,5.76495,0.89804381
cold,0,1,0,0.001,0.1,512,3,5,4,256,6000,8.0,2633729,1,1,9974,1109,600014,8,1023,49023,70,420.0,3.5,5.8485,0.89604634
cold,0,1,0,0.001,0.1,512,3,5,4,256,6000,8.0,2633729,1,1,9974,1109,600014,8,1023,49023,71,426.0,3.55,5.93205,0.89244902
cold,0,1,0,0.001,0.1,512,3,5,4,256,6000,8.0,2633729,1,1,9974,1109,600014,8,1023,49023,72,432.0,3.6,6.0156,0.88950801
cold,0,1,0,0.001,0.1,512,3,5,4,256,6000,8.0,2633729,1,1,9974,1109,600014,8,1023,49023,73,438.0,3.65,6.09915,0.88912034
cold,0,1,0,0.001,0.1,512,3,5,4,256,6000,8.0,2633729,1,1,9974,1109,600014,8,1023,49023,74,444.0,3.7,6.1827,0.89187318
cold,0,1,0,0.001,0.1,512,3,5,4,256,6000,8.0,2633729,1,1,9974,1109,600014,8,1023,49023,75,450.0,3.75,6.26625,0.89737135
cold,0,1,0,0.001,0.1,512,3,5,4,256,6000,8.0,2633729,1,1,9974,1109,600014,8,1023,49023,76,456.0,3.8,6.3498,0.90396303
cold,0,1,0,0.001,0.1,512,3,5,4,256,6000,8.0,2633729,1,1,9974,1109,600014,8,1023,49023,77,462.0,3.85,6.43335,0.90875947
cold,0,1,0,0.001,0.1,512,3,5,4,256,6000,8.0,2633729,1,1,9974,1109,600014,8,1023,49023,78,468.0,3.9,6.5169,0.91050512
cold,0,1,0,0.001,0.1,512,3,5,4,256,6000,8.0,2633729,1,1,9974,1109,600014,8,1023,49023,79,474.0,3.95,6.60045,0.91039234
cold,0,1,0,0.001,0.1,512,3,5,4,256,6000,8.0,2633729,1,1,9974,1109,600014,8,1023,49023,80,480.0,4.0,6.684,0.91057086
cold,0,1,0,0.001,0.1,512,3,5,4,256,6000,8.0,2633729,1,1,9974,1109,600014,8,1023,49023,81,486.0,4.05,6.76755,0.91201407
cold,0,1,0,0.001,0.1,512,3,5,4,256,6000,8.0,2633729,1,1,9974,1109,600014,8,1023,49023,82,492.0,4.1,6.8511,0.91445625
cold,0,1,0,0.001,0.1,512,3,5,4,256,6000,8.0,2633729,1,1,9974,1109,600014,8,1023,49023,83,498.0,4.15,6.93465,0.91774273
cold,0,1,0,0.001,0.1,512,3,5,4,256,6000,8.0,2633729,1,1,9974,1109,600014,8,1023,49023,84,504.0,4.2,7.0182,0.92090672
cold,0,1,0,0.001,0.1,512,3,5,4,256,6000,8.0,2633729,1,1,9974,1109,600014,8,1023,49023,85,510.0,4.25,7.10175,0.92296094
cold,0,1,0,0.001,0.1,512,3,5,4,256,6000,8.0,2633729,1,1,9974,1109,600014,8,1023,49023,86,516.0,4.3,7.1853,0.92428905
cold,0,1,0,0.001,0.1,512,3,5,4,256,6000,8.0,2633729,1,1,9974,1109,600014,8,1023,49023,87,522.0,4.35,7.26885,0.9254936
cold,0,1,0,0.001,0.1,512,3,5,4,256,6000,8.0,2633729,1,1,9974,1109,600014,8,1023,49023,88,528.0,4.4,7.3524,0.92672318
cold,0,1,0,0.001,0.1,512,3,5,4,256,6000,8.0,2633729,1,1,9974,1109,600014,8,1023,49023,89,534.0,4.45,7.43595,0.9283874
cold,0,1,0,0.001,0.1,512,3,5,4,256,6000,8.0,2633729,1,1,9974,1109,600014,8,1023,49023,90,540.0,4.5,7.5195,0.93098849
cold,0,1,0,0.001,0.1,512,3,5,4,256,6000,8.0,2633729,1,1,9974,1109,600014,8,1023,49023,91,546.0,4.55,7.60305,0.9330008
cold,0,1,0,0.001,0.1,512,3,5,4,256,6000,8.0,2633729,1,1,9974,1109,600014,8,1023,49023,92,552.0,4.6,7.6866,0.93189728
cold,0,1,0,0.001,0.1,512,3,5,4,256,6000,8.0,2633729,1,1,9974,1109,600014,8,1023,49023,93,558.0,4.65,7.77015,0.92761534
cold,0,1,0,0.001,0.1,512,3,5,4,256,6000,8.0,2633729,1,1,9974,1109,600014,8,1023,49023,94,564.0,4.7,7.8537,0.92191589
cold,0,1,0,0.001,0.1,512,3,5,4,256,6000,8.0,2633729,1,1,9974,1109,600014,8,1023,49023,95,570.0,4.75,7.93725,0.91670734
cold,0,1,0,0.001,0.1,512,3,5,4,256,6000,8.0,2633729,1,1,9974,1109,600014,8,1023,49023,96,576.0,4.8,8.0208,0.9141525
cold,0,1,0,0.001,0.1,512,3,5,4,256,6000,8.0,2633729,1,1,9974,1109,600014,8,1023,49023,97,582.0,4.85,8.10435,0.91453761
cold,0,1,0,0.001,0.1,512,3,5,4,256,6000,8.0,2633729,1,1,9974,1109,600014,8,1023,49023,98,588.0,4.9,8.1879,0.91577613
cold,0,1,0,0.001,0.1,512,3,5,4,256,6000,8.0,2633729,1,1,9974,1109,600014,8,1023,49023,99,594.0,4.95,8.27145,0.91571718
cold,0,1,0,0.001,0.1,512,3,5,4,256,6000,8.0,2633729,1,1,9974,1109,600014,8,1023,49023,100,600.0,5.0,8.355,0.91381907
cold,0,1,0,0.001,0.1,512,3,5,4,256,6000,8.0,2633729,1,1,9974,1109,600014,8,1023,49023,101,606.0,5.05,8.43855,0.91056794
cold,0,1,0,0.001,0.1,512,3,5,4,256,6000,8.0,2633729,1,1,9974,1109,600014,8,1023,49023,102,612.0,5.1,8.5221,0.90710789
cold,0,1,0,0.001,0.1,512,3,5,4,256,6000,8.0,2633729,1,1,9974,1109,600014,8,1023,49023,103,618.0,5.15,8.60565,0.90524554
cold,0,1,0,0.001,0.1,512,3,5,4,256,6000,8.0,2633729,1,1,9974,1109,600014,8,1023,49023,104,624.0,5.2,8.6892,0.90581483
cold,0,1,0,0.001,0.1,512,3,5,4,256,6000,8.0,2633729,1,1,9974,1109,600014,8,1023,49023,105,630.0,5.25,8.77275,0.90844202
cold,0,1,0,0.001,0.1,512,3,5,4,256,6000,8.0,2633729,1,1,9974,1109,600014,8,1023,49023,106,636.0,5.3,8.8563,0.91237241
cold,0,1,0,0.001,0.1,512,3,5,4,256,6000,8.0,2633729,1,1,9974,1109,600014,8,1023,49023,107,642.0,5.35,8.93985,0.9165588
cold,0,1,0,0.001,0.1,512,3,5,4,256,6000,8.0,2633729,1,1,9974,1109,600014,8,1023,49023,108,648.0,5.4,9.0234,0.92066276
cold,0,1,0,0.001,0.1,512,3,5,4,256,6000,8.0,2633729,1,1,9974,1109,600014,8,1023,49023,109,654.0,5.45,9.10695,0.92480612
cold,0,1,0,0.001,0.1,512,3,5,4,256,6000,8.0,2633729,1,1,9974,1109,600014,8,1023,49023,110,660.0,5.5,9.1905,0.92806464
cold,0,1,0,0.001,0.1,512,3,5,4,256,6000,8.0,2633729,1,1,9974,1109,600014,8,1023,49023,111,666.0,5.55,9.27405,0.92919469
cold,0,1,0,0.001,0.1,512,3,5,4,256,6000,8.0,2633729,1,1,9974,1109,600014,8,1023,49023,112,672.0,5.6,9.3576,0.92826855
cold,0,1,0,0.001,0.1,512,3,5,4,256,6000,8.0,2633729,1,1,9974,1109,600014,8,1023,49023,113,678.0,5.65,9.44115,0.92662984
cold,0,1,0,0.001,0.1,512,3,5,4,256,6000,8.0,2633729,1,1,9974,1109,600014,8,1023,49023,114,684.0,5.7,9.5247,0.92590052
cold,0,1,0,0.001,0.1,512,3,5,4,256,6000,8.0,2633729,1,1,9974,1109,600014,8,1023,49023,115,690.0,5.75,9.60825,0.92639935
cold,0,1,0,0.001,0.1,512,3,5,4,256,6000,8.0,2633729,1,1,9974,1109,600014,8,1023,49023,116,696.0,5.8,9.6918,0.92662024
cold,0,1,0,0.001,0.1,512,3,5,4,256,6000,8.0,2633729,1,1,9974,1109,600014,8,1023,49023,117,702.0,5.85,9.77535,0.92498624
cold,0,1,0,0.001,0.1,512,3,5,4,256,6000,8.0,2633729,1,1,9974,1109,600014,8,1023,49023,118,708.0,5.9,9.8589,0.92218173
cold,0,1,0,0.001,0.1,512,3,5,4,256,6000,8.0,2633729,1,1,9974,1109,600014,8,1023,49023,119,714.0,5.95,9.94245,0.92148662
cold,0,1,0,0.001,0.1,512,3,5,4,256,6000,8.0,2633729,1,1,9974,1109,600014,8,1023,49023,120,720.0,6.0,10.026,0.92572576
cold,0,1,0,0.001,0.1,512,3,5,4,256,6000,8.0,2633729,1,1,9974,1109,600014,8,4468,52468,1,6.0,0.05,0.08355,0.03828125
cold,0,1,0,0.001,0.1,512,3,5,4,256,6000,8.0,2633729,1,1,9974,1109,600014,8,4468,52468,2,12.0,0.1,0.1671,0.04538227
cold,0,1,0,0.001,0.1,512,3,5,4,256,6000,8.0,2633729,1,1,9974,1109,600014,8,4468,52468,3,18.0,0.15,0.25065,0.05363565
cold,0,1,0,0.001,0.1,512,3,5,4,256,6000,8.0,2633729,1,1,9974,1109,600014,8,4468,52468,4,24.0,0.2,0.3342,0.06110985
cold,0,1,0,0.001,0.1,512,3,5,4,256,6000,8.0,2633729,1,1,9974,1109,600014,8,4468,52468,5,30.0,0.25,0.41775,0.06824727
cold,0,1,0,0.001,0.1,512,3,5,4,256,6000,8.0,2633729,1,1,9974,1109,600014,8,4468,52468,6,36.0,0.3,0.5013,0.07859243
cold,0,1,0,0.001,0.1,512,3,5,4,256,6000,8.0,2633729,1,1,9974,1109,600014,8,4468,52468,7,42.0,0.35,0.58485,0.08926828
cold,0,1,0,0.001,0.1,512,3,5,4,256,6000,8.0,2633729,1,1,9974,1109,600014,8,4468,52468,8,48.0,0.4,0.6684,0.09983624
cold,0,1,0,0.001,0.1,512,3,5,4,256,6000,8.0,2633729,1,1,9974,1109,600014,8,4468,52468,9,54.0,0.45,0.75195,0.11059611
cold,0,1,0,0.001,0.1,512,3,5,4,256,6000,8.0,2633729,1,1,9974,1109,600014,8,4468,52468,10,60.0,0.5,0.8355,0.12229209
cold,0,1,0,0.001,0.1,512,3,5,4,256,6000,8.0,2633729,1,1,9974,1109,600014,8,4468,52468,11,66.0,0.55,0.91905,0.13476998
cold,0,1,0,0.001,0.1,512,3,5,4,256,6000,8.0,2633729,1,1,9974,1109,600014,8,4468,52468,12,72.0,0.6,1.0026,0.14785065
cold,0,1,0,0.001,0.1,512,3,5,4,256,6000,8.0,2633729,1,1,9974,1109,600014,8,4468,52468,13,78.0,0.65,1.08615,0.161605
cold,0,1,0,0.001,0.1,512,3,5,4,256,6000,8.0,2633729,1,1,9974,1109,600014,8,4468,52468,14,84.0,0.7,1.1697,0.17855293
cold,0,1,0,0.001,0.1,512,3,5,4,256,6000,8.0,2633729,1,1,9974,1109,600014,8,4468,52468,15,90.0,0.75,1.25325,0.19900429
cold,0,1,0,0.001,0.1,512,3,5,4,256,6000,8.0,2633729,1,1,9974,1109,600014,8,4468,52468,16,96.0,0.8,1.3368,0.2211975
cold,0,1,0,0.001,0.1,512,3,5,4,256,6000,8.0,2633729,1,1,9974,1109,600014,8,4468,52468,17,102.0,0.85,1.42035,0.24290551
cold,0,1,0,0.001,0.1,512,3,5,4,256,6000,8.0,2633729,1,1,9974,1109,600014,8,4468,52468,18,108.0,0.9,1.5039,0.26323992
cold,0,1,0,0.001,0.1,512,3,5,4,256,6000,8.0,2633729,1,1,9974,1109,600014,8,4468,52468,19,114.0,0.95,1.58745,0.2818296
cold,0,1,0,0.001,0.1,512,3,5,4,256,6000,8.0,2633729,1,1,9974,1109,600014,8,4468,52468,20,120.0,1.0,1.671,0.29947948
cold,0,1,0,0.001,0.1,512,3,5,4,256,6000,8.0,2633729,1,1,9974,1109,600014,8,4468,52468,21,126.0,1.05,1.75455,0.31704164
cold,0,1,0,0.001,0.1,512,3,5,4,256,6000,8.0,2633729,1,1,9974,1109,600014,8,4468,52468,22,132.0,1.1,1.8381,0.33529201
cold,0,1,0,0.001,0.1,512,3,5,4,256,6000,8.0,2633729,1,1,9974,1109,600014,8,4468,52468,23,138.0,1.15,1.92165,0.35512218
cold,0,1,0,0.001,0.1,512,3,5,4,256,6000,8.0,2633729,1,1,9974,1109,600014,8,4468,52468,24,144.0,1.2,2.0052,0.37650084
cold,0,1,0,0.001,0.1,512,3,5,4,256,6000,8.0,2633729,1,1,9974,1109,600014,8,4468,52468,25,150.0,1.25,2.08875,0.39848998
cold,0,1,0,0.001,0.1,512,3,5,4,256,6000,8.0,2633729,1,1,9974,1109,600014,8,4468,52468,26,156.0,1.3,2.1723,0.41989115
cold,0,1,0,0.001,0.1,512,3,5,4,256,6000,8.0,2633729,1,1,9974,1109,600014,8,4468,52468,27,162.0,1.35,2.25585,0.43974844
cold,0,1,0,0.001,0.1,512,3,5,4,256,6000,8.0,2633729,1,1,9974,1109,600014,8,4468,52468,28,168.0,1.4,2.3394,0.45812267
cold,0,1,0,0.001,0.1,512,3,5,4,256,6000,8.0,2633729,1,1,9974,1109,600014,8,4468,52468,29,174.0,1.45,2.42295,0.47550836
cold,0,1,0,0.001,0.1,512,3,5,4,256,6000,8.0,2633729,1,1,9974,1109,600014,8,4468,52468,30,180.0,1.5,2.5065,0.4929769
cold,0,1,0,0.001,0.1,512,3,5,4,256,6000,8.0,2633729,1,1,9974,1109,600014,8,4468,52468,31,186.0,1.55,2.59005,0.51130652
cold,0,1,0,0.001,0.1,512,3,5,4,256,6000,8.0,2633729,1,1,9974,1109,600014,8,4468,52468,32,192.0,1.6,2.6736,0.52926004
cold,0,1,0,0.001,0.1,512,3,5,4,256,6000,8.0,2633729,1,1,9974,1109,600014,8,4468,52468,33,198.0,1.65,2.75715,0.54502422
cold,0,1,0,0.001,0.1,512,3,5,4,256,6000,8.0,2633729,1,1,9974,1109,600014,8,4468,52468,34,204.0,1.7,2.8407,0.55940586
cold,0,1,0,0.001,0.1,512,3,5,4,256,6000,8.0,2633729,1,1,9974,1109,600014,8,4468,52468,35,210.0,1.75,2.92425,0.57500613
cold,0,1,0,0.001,0.1,512,3,5,4,256,6000,8.0,2633729,1,1,9974,1109,600014,8,4468,52468,36,216.0,1.8,3.0078,0.5933485
cold,0,1,0,0.001,0.1,512,3,5,4,256,6000,8.0,2633729,1,1,9974,1109,600014,8,4468,52468,37,222.0,1.85,3.09135,0.61437005
cold,0,1,0,0.001,0.1,512,3,5,4,256,6000,8.0,2633729,1,1,9974,1109,600014,8,4468,52468,38,228.0,1.9,3.1749,0.63662475
cold,0,1,0,0.001,0.1,512,3,5,4,256,6000,8.0,2633729,1,1,9974,1109,600014,8,4468,52468,39,234.0,1.95,3.25845,0.65940762
cold,0,1,0,0.001,0.1,512,3,5,4,256,6000,8.0,2633729,1,1,9974,1109,600014,8,4468,52468,40,240.0,2.0,3.342,0.68210554
cold,0,1,0,0.001,0.1,512,3,5,4,256,6000,8.0,2633729,1,1,9974,1109,600014,8,4468,52468,41,246.0,2.05,3.42555,0.70336115
cold,0,1,0,0.001,0.1,512,3,5,4,256,6000,8.0,2633729,1,1,9974,1109,600014,8,4468,52468,42,252.0,2.1,3.5091,0.72177118
cold,0,1,0,0.001,0.1,512,3,5,4,256,6000,8.0,2633729,1,1,9974,1109,600014,8,4468,52468,43,258.0,2.15,3.59265,0.7366277
cold,0,1,0,0.001,0.1,512,3,5,4,256,6000,8.0,2633729,1,1,9974,1109,600014,8,4468,52468,44,264.0,2.2,3.6762,0.74714977
cold,0,1,0,0.001,0.1,512,3,5,4,256,6000,8.0,2633729,1,1,9974,1109,600014,8,4468,52468,45,270.0,2.25,3.75975,0.75393182
cold,0,1,0,0.001,0.1,512,3,5,4,256,6000,8.0,2633729,1,1,9974,1109,600014,8,4468,52468,46,276.0,2.3,3.8433,0.76037478
cold,0,1,0,0.001,0.1,512,3,5,4,256,6000,8.0,2633729,1,1,9974,1109,600014,8,4468,52468,47,282.0,2.35,3.92685,0.76970714
cold,0,1,0,0.001,0.1,512,3,5,4,256,6000,8.0,2633729,1,1,9974,1109,600014,8,4468,52468,48,288.0,2.4,4.0104,0.78164065
cold,0,1,0,0.001,0.1,512,3,5,4,256,6000,8.0,2633729,1,1,9974,1109,600014,8,4468,52468,49,294.0,2.45,4.09395,0.79374701
cold,0,1,0,0.001,0.1,512,3,5,4,256,6000,8.0,2633729,1,1,9974,1109,600014,8,4468,52468,50,300.0,2.5,4.1775,0.80510753
cold,0,1,0,0.001,0.1,512,3,5,4,256,6000,8.0,2633729,1,1,9974,1109,600014,8,4468,52468,51,306.0,2.55,4.26105,0.81607127
cold,0,1,0,0.001,0.1,512,3,5,4,256,6000,8.0,2633729,1,1,9974,1109,600014,8,4468,52468,52,312.0,2.6,4.3446,0.82566679
cold,0,1,0,0.001,0.1,512,3,5,4,256,6000,8.0,2633729,1,1,9974,1109,600014,8,4468,52468,53,318.0,2.65,4.42815,0.83224607
cold,0,1,0,0.001,0.1,512,3,5,4,256,6000,8.0,2633729,1,1,9974,1109,600014,8,4468,52468,54,324.0,2.7,4.5117,0.83627653
cold,0,1,0,0.001,0.1,512,3,5,4,256,6000,8.0,2633729,1,1,9974,1109,600014,8,4468,52468,55,330.0,2.75,4.59525,0.83941162
cold,0,1,0,0.001,0.1,512,3,5,4,256,6000,8.0,2633729,1,1,9974,1109,600014,8,4468,52468,56,336.0,2.8,4.6788,0.84396219
cold,0,1,0,0.001,0.1,512,3,5,4,256,6000,8.0,2633729,1,1,9974,1109,600014,8,4468,52468,57,342.0,2.85,4.76235,0.85159153
cold,0,1,0,0.001,0.1,512,3,5,4,256,6000,8.0,2633729,1,1,9974,1109,600014,8,4468,52468,58,348.0,2.9,4.8459,0.86008596
cold,0,1,0,0.001,0.1,512,3,5,4,256,6000,8.0,2633729,1,1,9974,1109,600014,8,4468,52468,59,354.0,2.95,4.92945,0.8655749
cold,0,1,0,0.001,0.1,512,3,5,4,256,6000,8.0,2633729,1,1,9974,1109,600014,8,4468,52468,60,360.0,3.0,5.013,0.86756527
cold,0,1,0,0.001,0.1,512,3,5,4,256,6000,8.0,2633729,1,1,9974,1109,600014,8,4468,52468,61,366.0,3.05,5.09655,0.8698442
cold,0,1,0,0.001,0.1,512,3,5,4,256,6000,8.0,2633729,1,1,9974,1109,600014,8,4468,52468,62,372.0,3.1,5.1801,0.87513113
cold,0,1,0,0.001,0.1,512,3,5,4,256,6000,8.0,2633729,1,1,9974,1109,600014,8,4468,52468,63,378.0,3.15,5.26365,0.88103497
cold,0,1,0,0.001,0.1,512,3,5,4,256,6000,8.0,2633729,1,1,9974,1109,600014,8,4468,52468,64,384.0,3.2,5.3472,0.88453311
cold,0,1,0,0.001,0.1,512,3,5,4,256,6000,8.0,2633729,1,1,9974,1109,600014,8,4468,52468,65,390.0,3.25,5.43075,0.88671124
cold,0,1,0,0.001,0.1,512,3,5,4,256,6000,8.0,2633729,1,1,9974,1109,600014,8,4468,52468,66,396.0,3.3,5.5143,0.88989222
cold,0,1,0,0.001,0.1,512,3,5,4,256,6000,8.0,2633729,1,1,9974,1109,600014,8,4468,52468,67,402.0,3.35,5.59785,0.89447099
cold,0,1,0,0.001,0.1,512,3,5,4,256,6000,8.0,2633729,1,1,9974,1109,600014,8,4468,52468,68,408.0,3.4,5.6814,0.89865136
cold,0,1,0,0.001,0.1,512,3,5,4,256,6000,8.0,2633729,1,1,9974,1109,600014,8,4468,52468,69,414.0,3.45,5.76495,0.90176964
cold,0,1,0,0.001,0.1,512,3,5,4,256,6000,8.0,2633729,1,1,9974,1109,600014,8,4468,52468,70,420.0,3.5,5.8485,0.90491986
cold,0,1,0,0.001,0.1,512,3,5,4,256,6000,8.0,2633729,1,1,9974,1109,600014,8,4468,52468,71,426.0,3.55,5.93205,0.90866333
cold,0,1,0,0.001,0.1,512,3,5,4,256,6000,8.0,2633729,1,1,9974,1109,600014,8,4468,52468,72,432.0,3.6,6.0156,0.91188872
cold,0,1,0,0.001,0.1,512,3,5,4,256,6000,8.0,2633729,1,1,9974,1109,600014,8,4468,52468,73,438.0,3.65,6.09915,0.91426271
cold,0,1,0,0.001,0.1,512,3,5,4,256,6000,8.0,2633729,1,1,9974,1109,600014,8,4468,52468,74,444.0,3.7,6.1827,0.91671461
cold,0,1,0,0.001,0.1,512,3,5,4,256,6000,8.0,2633729,1,1,9974,1109,600014,8,4468,52468,75,450.0,3.75,6.26625,0.92084771
cold,0,1,0,0.001,0.1,512,3,5,4,256,6000,8.0,2633729,1,1,9974,1109,600014,8,4468,52468,76,456.0,3.8,6.3498,0.92696166
cold,0,1,0,0.001,0.1,512,3,5,4,256,6000,8.0,2633729,1,1,9974,1109,600014,8,4468,52468,77,462.0,3.85,6.43335,0.93310535
cold,0,1,0,0.001,0.1,512,3,5,4,256,6000,8.0,2633729,1,1,9974,1109,600014,8,4468,52468,78,468.0,3.9,6.5169,0.93667775
cold,0,1,0,0.001,0.1,512,3,5,4,256,6000,8.0,2633729,1,1,9974,1109,600014,8,4468,52468,79,474.0,3.95,6.60045,0.93732929
cold,0,1,0,0.001,0.1,512,3,5,4,256,6000,8.0,2633729,1,1,9974,1109,600014,8,4468,52468,80,480.0,4.0,6.684,0.93749267
cold,0,1,0,0.001,0.1,512,3,5,4,256,6000,8.0,2633729,1,1,9974,1109,600014,8,4468,52468,81,486.0,4.05,6.76755,0.9399209
cold,0,1,0,0.001,0.1,512,3,5,4,256,6000,8.0,2633729,1,1,9974,1109,600014,8,4468,52468,82,492.0,4.1,6.8511,0.94514787
cold,0,1,0,0.001,0.1,512,3,5,4,256,6000,8.0,2633729,1,1,9974,1109,600014,8,4468,52468,83,498.0,4.15,6.93465,0.95203835
cold,0,1,0,0.001,0.1,512,3,5,4,256,6000,8.0,2633729,1,1,9974,1109,600014,8,4468,52468,84,504.0,4.2,7.0182,0.95787191
cold,0,1,0,0.001,0.1,512,3,5,4,256,6000,8.0,2633729,1,1,9974,1109,600014,8,4468,52468,85,510.0,4.25,7.10175,0.96051371
cold,0,1,0,0.001,0.1,512,3,5,4,256,6000,8.0,2633729,1,1,9974,1109,600014,8,4468,52468,86,516.0,4.3,7.1853,0.96029395
cold,0,1,0,0.001,0.1,512,3,5,4,256,6000,8.0,2633729,1,1,9974,1109,600014,8,4468,52468,87,522.0,4.35,7.26885,0.95901948
cold,0,1,0,0.001,0.1,512,3,5,4,256,6000,8.0,2633729,1,1,9974,1109,600014,8,4468,52468,88,528.0,4.4,7.3524,0.95877326
cold,0,1,0,0.001,0.1,512,3,5,4,256,6000,8.0,2633729,1,1,9974,1109,600014,8,4468,52468,89,534.0,4.45,7.43595,0.95991737
cold,0,1,0,0.001,0.1,512,3,5,4,256,6000,8.0,2633729,1,1,9974,1109,600014,8,4468,52468,90,540.0,4.5,7.5195,0.96104568
cold,0,1,0,0.001,0.1,512,3,5,4,256,6000,8.0,2633729,1,1,9974,1109,600014,8,4468,52468,91,546.0,4.55,7.60305,0.96081424
cold,0,1,0,0.001,0.1,512,3,5,4,256,6000,8.0,2633729,1,1,9974,1109,600014,8,4468,52468,92,552.0,4.6,7.6866,0.9604705
cold,0,1,0,0.001,0.1,512,3,5,4,256,6000,8.0,2633729,1,1,9974,1109,600014,8,4468,52468,93,558.0,4.65,7.77015,0.96192437
cold,0,1,0,0.001,0.1,512,3,5,4,256,6000,8.0,2633729,1,1,9974,1109,600014,8,4468,52468,94,564.0,4.7,7.8537,0.96599627
cold,0,1,0,0.001,0.1,512,3,5,4,256,6000,8.0,2633729,1,1,9974,1109,600014,8,4468,52468,95,570.0,4.75,7.93725,0.9724558
cold,0,1,0,0.001,0.1,512,3,5,4,256,6000,8.0,2633729,1,1,9974,1109,600014,8,4468,52468,96,576.0,4.8,8.0208,0.97931647
cold,0,1,0,0.001,0.1,512,3,5,4,256,6000,8.0,2633729,1,1,9974,1109,600014,8,4468,52468,97,582.0,4.85,8.10435,0.98430115
cold,0,1,0,0.001,0.1,512,3,5,4,256,6000,8.0,2633729,1,1,9974,1109,600014,8,4468,52468,98,588.0,4.9,8.1879,0.98633122
cold,0,1,0,0.001,0.1,512,3,5,4,256,6000,8.0,2633729,1,1,9974,1109,600014,8,4468,52468,99,594.0,4.95,8.27145,0.98544258
cold,0,1,0,0.001,0.1,512,3,5,4,256,6000,8.0,2633729,1,1,9974,1109,600014,8,4468,52468,100,600.0,5.0,8.355,0.98210186
cold,0,1,0,0.001,0.1,512,3,5,4,256,6000,8.0,2633729,1,1,9974,1109,600014,8,4468,52468,101,606.0,5.05,8.43855,0.97683936
cold,0,1,0,0.001,0.1,512,3,5,4,256,6000,8.0,2633729,1,1,9974,1109,600014,8,4468,52468,102,612.0,5.1,8.5221,0.97040182
cold,0,1,0,0.001,0.1,512,3,5,4,256,6000,8.0,2633729,1,1,9974,1109,600014,8,4468,52468,103,618.0,5.15,8.60565,0.9642064
cold,0,1,0,0.001,0.1,512,3,5,4,256,6000,8.0,2633729,1,1,9974,1109,600014,8,4468,52468,104,624.0,5.2,8.6892,0.95876771
cold,0,1,0,0.001,0.1,512,3,5,4,256,6000,8.0,2633729,1,1,9974,1109,600014,8,4468,52468,105,630.0,5.25,8.77275,0.95461178
cold,0,1,0,0.001,0.1,512,3,5,4,256,6000,8.0,2633729,1,1,9974,1109,600014,8,4468,52468,106,636.0,5.3,8.8563,0.95381761
cold,0,1,0,0.001,0.1,512,3,5,4,256,6000,8.0,2633729,1,1,9974,1109,600014,8,4468,52468,107,642.0,5.35,8.93985,0.95780635
cold,0,1,0,0.001,0.1,512,3,5,4,256,6000,8.0,2633729,1,1,9974,1109,600014,8,4468,52468,108,648.0,5.4,9.0234,0.96458703
cold,0,1,0,0.001,0.1,512,3,5,4,256,6000,8.0,2633729,1,1,9974,1109,600014,8,4468,52468,109,654.0,5.45,9.10695,0.97112173
cold,0,1,0,0.001,0.1,512,3,5,4,256,6000,8.0,2633729,1,1,9974,1109,600014,8,4468,52468,110,660.0,5.5,9.1905,0.97614402
cold,0,1,0,0.001,0.1,512,3,5,4,256,6000,8.0,2633729,1,1,9974,1109,600014,8,4468,52468,111,666.0,5.55,9.27405,0.9796192
cold,0,1,0,0.001,0.1,512,3,5,4,256,6000,8.0,2633729,1,1,9974,1109,600014,8,4468,52468,112,672.0,5.6,9.3576,0.98080581
cold,0,1,0,0.001,0.1,512,3,5,4,256,6000,8.0,2633729,1,1,9974,1109,600014,8,4468,52468,113,678.0,5.65,9.44115,0.97917527
cold,0,1,0,0.001,0.1,512,3,5,4,256,6000,8.0,2633729,1,1,9974,1109,600014,8,4468,52468,114,684.0,5.7,9.5247,0.97624665
cold,0,1,0,0.001,0.1,512,3,5,4,256,6000,8.0,2633729,1,1,9974,1109,600014,8,4468,52468,115,690.0,5.75,9.60825,0.97416061
cold,0,1,0,0.001,0.1,512,3,5,4,256,6000,8.0,2633729,1,1,9974,1109,600014,8,4468,52468,116,696.0,5.8,9.6918,0.97291064
cold,0,1,0,0.001,0.1,512,3,5,4,256,6000,8.0,2633729,1,1,9974,1109,600014,8,4468,52468,117,702.0,5.85,9.77535,0.970321
cold,0,1,0,0.001,0.1,512,3,5,4,256,6000,8.0,2633729,1,1,9974,1109,600014,8,4468,52468,118,708.0,5.9,9.8589,0.96616477
cold,0,1,0,0.001,0.1,512,3,5,4,256,6000,8.0,2633729,1,1,9974,1109,600014,8,4468,52468,119,714.0,5.95,9.94245,0.96230954
cold,0,1,0,0.001,0.1,512,3,5,4,256,6000,8.0,2633729,1,1,9974,1109,600014,8,4468,52468,120,720.0,6.0,10.026,0.95940769
cold,0,1,0,0.001,0.1,512,3,5,4,256,6000,8.0,2633729,1,1,9974,1109,600014,8,6000,54000,1,6.0,0.05,0.08355,0.03874117
cold,0,1,0,0.001,0.1,512,3,5,4,256,6000,8.0,2633729,1,1,9974,1109,600014,8,6000,54000,2,12.0,0.1,0.1671,0.04658599
cold,0,1,0,0.001,0.1,512,3,5,4,256,6000,8.0,2633729,1,1,9974,1109,600014,8,6000,54000,3,18.0,0.15,0.25065,0.05549229
cold,0,1,0,0.001,0.1,512,3,5,4,256,6000,8.0,2633729,1,1,9974,1109,600014,8,6000,54000,4,24.0,0.2,0.3342,0.06377029
cold,0,1,0,0.001,0.1,512,3,5,4,256,6000,8.0,2633729,1,1,9974,1109,600014,8,6000,54000,5,30.0,0.25,0.41775,0.07205757
cold,0,1,0,0.001,0.1,512,3,5,4,256,6000,8.0,2633729,1,1,9974,1109,600014,8,6000,54000,6,36.0,0.3,0.5013,0.08394175
cold,0,1,0,0.001,0.1,512,3,5,4,256,6000,8.0,2633729,1,1,9974,1109,600014,8,6000,54000,7,42.0,0.35,0.58485,0.09673025
cold,0,1,0,0.001,0.1,512,3,5,4,256,6000,8.0,2633729,1,1,9974,1109,600014,8,6000,54000,8,48.0,0.4,0.6684,0.10942245
cold,0,1,0,0.001,0.1,512,3,5,4,256,6000,8.0,2633729,1,1,9974,1109,600014,8,6000,54000,9,54.0,0.45,0.75195,0.12233695
cold,0,1,0,0.001,0.1,512,3,5,4,256,6000,8.0,2633729,1,1,9974,1109,600014,8,6000,54000,10,60.0,0.5,0.8355,0.1358574
cold,0,1,0,0.001,0.1,512,3,5,4,256,6000,8.0,2633729,1,1,9974,1109,600014,8,6000,54000,11,66.0,0.55,0.91905,0.14987923
cold,0,1,0,0.001,0.1,512,3,5,4,256,6000,8.0,2633729,1,1,9974,1109,600014,8,6000,54000,12,72.0,0.6,1.0026,0.16465354
cold,0,1,0,0.001,0.1,512,3,5,4,256,6000,8.0,2633729,1,1,9974,1109,600014,8,6000,54000,13,78.0,0.65,1.08615,0.18104269
cold,0,1,0,0.001,0.1,512,3,5,4,256,6000,8.0,2633729,1,1,9974,1109,600014,8,6000,54000,14,84.0,0.7,1.1697,0.200416
cold,0,1,0,0.001,0.1,512,3,5,4,256,6000,8.0,2633729,1,1,9974,1109,600014,8,6000,54000,15,90.0,0.75,1.25325,0.2221733
cold,0,1,0,0.001,0.1,512,3,5,4,256,6000,8.0,2633729,1,1,9974,1109,600014,8,6000,54000,16,96.0,0.8,1.3368,0.24503015
cold,0,1,0,0.001,0.1,512,3,5,4,256,6000,8.0,2633729,1,1,9974,1109,600014,8,6000,54000,17,102.0,0.85,1.42035,0.26750576
cold,0,1,0,0.001,0.1,512,3,5,4,256,6000,8.0,2633729,1,1,9974,1109,600014,8,6000,54000,18,108.0,0.9,1.5039,0.28888133
cold,0,1,0,0.001,0.1,512,3,5,4,256,6000,8.0,2633729,1,1,9974,1109,600014,8,6000,54000,19,114.0,0.95,1.58745,0.30932176
cold,0,1,0,0.001,0.1,512,3,5,4,256,6000,8.0,2633729,1,1,9974,1109,600014,8,6000,54000,20,120.0,1.0,1.671,0.32943898
cold,0,1,0,0.001,0.1,512,3,5,4,256,6000,8.0,2633729,1,1,9974,1109,600014,8,6000,54000,21,126.0,1.05,1.75455,0.34849784
cold,0,1,0,0.001,0.1,512,3,5,4,256,6000,8.0,2633729,1,1,9974,1109,600014,8,6000,54000,22,132.0,1.1,1.8381,0.36682606
cold,0,1,0,0.001,0.1,512,3,5,4,256,6000,8.0,2633729,1,1,9974,1109,600014,8,6000,54000,23,138.0,1.15,1.92165,0.38629127
cold,0,1,0,0.001,0.1,512,3,5,4,256,6000,8.0,2633729,1,1,9974,1109,600014,8,6000,54000,24,144.0,1.2,2.0052,0.40778017
cold,0,1,0,0.001,0.1,512,3,5,4,256,6000,8.0,2633729,1,1,9974,1109,600014,8,6000,54000,25,150.0,1.25,2.08875,0.43115655
cold,0,1,0,0.001,0.1,512,3,5,4,256,6000,8.0,2633729,1,1,9974,1109,600014,8,6000,54000,26,156.0,1.3,2.1723,0.45553315
cold,0,1,0,0.001,0.1,512,3,5,4,256,6000,8.0,2633729,1,1,9974,1109,600014,8,6000,54000,27,162.0,1.35,2.25585,0.48013574
cold,0,1,0,0.001,0.1,512,3,5,4,256,6000,8.0,2633729,1,1,9974,1109,600014,8,6000,54000,28,168.0,1.4,2.3394,0.5038234
cold,0,1,0,0.001,0.1,512,3,5,4,256,6000,8.0,2633729,1,1,9974,1109,600014,8,6000,54000,29,174.0,1.45,2.42295,0.52542603
cold,0,1,0,0.001,0.1,512,3,5,4,256,6000,8.0,2633729,1,1,9974,1109,600014,8,6000,54000,30,180.0,1.5,2.5065,0.54526144
cold,0,1,0,0.001,0.1,512,3,5,4,256,6000,8.0,2633729,1,1,9974,1109,600014,8,6000,54000,31,186.0,1.55,2.59005,0.56347996
cold,0,1,0,0.001,0.1,512,3,5,4,256,6000,8.0,2633729,1,1,9974,1109,600014,8,6000,54000,32,192.0,1.6,2.6736,0.57973558
cold,0,1,0,0.001,0.1,512,3,5,4,256,6000,8.0,2633729,1,1,9974,1109,600014,8,6000,54000,33,198.0,1.65,2.75715,0.59357786
cold,0,1,0,0.001,0.1,512,3,5,4,256,6000,8.0,2633729,1,1,9974,1109,600014,8,6000,54000,34,204.0,1.7,2.8407,0.60624832
cold,0,1,0,0.001,0.1,512,3,5,4,256,6000,8.0,2633729,1,1,9974,1109,600014,8,6000,54000,35,210.0,1.75,2.92425,0.61931795
cold,0,1,0,0.001,0.1,512,3,5,4,256,6000,8.0,2633729,1,1,9974,1109,600014,8,6000,54000,36,216.0,1.8,3.0078,0.63362944
cold,0,1,0,0.001,0.1,512,3,5,4,256,6000,8.0,2633729,1,1,9974,1109,600014,8,6000,54000,37,222.0,1.85,3.09135,0.64973193
cold,0,1,0,0.001,0.1,512,3,5,4,256,6000,8.0,2633729,1,1,9974,1109,600014,8,6000,54000,38,228.0,1.9,3.1749,0.66863841
cold,0,1,0,0.001,0.1,512,3,5,4,256,6000,8.0,2633729,1,1,9974,1109,600014,8,6000,54000,39,234.0,1.95,3.25845,0.68921828
cold,0,1,0,0.001,0.1,512,3,5,4,256,6000,8.0,2633729,1,1,9974,1109,600014,8,6000,54000,40,240.0,2.0,3.342,0.70884734
cold,0,1,0,0.001,0.1,512,3,5,4,256,6000,8.0,2633729,1,1,9974,1109,600014,8,6000,54000,41,246.0,2.05,3.42555,0.7256785
cold,0,1,0,0.001,0.1,512,3,5,4,256,6000,8.0,2633729,1,1,9974,1109,600014,8,6000,54000,42,252.0,2.1,3.5091,0.73893213
cold,0,1,0,0.001,0.1,512,3,5,4,256,6000,8.0,2633729,1,1,9974,1109,600014,8,6000,54000,43,258.0,2.15,3.59265,0.74903286
cold,0,1,0,0.001,0.1,512,3,5,4,256,6000,8.0,2633729,1,1,9974,1109,600014,8,6000,54000,44,264.0,2.2,3.6762,0.75697452
cold,0,1,0,0.001,0.1,512,3,5,4,256,6000,8.0,2633729,1,1,9974,1109,600014,8,6000,54000,45,270.0,2.25,3.75975,0.76337081
cold,0,1,0,0.001,0.1,512,3,5,4,256,6000,8.0,2633729,1,1,9974,1109,600014,8,6000,54000,46,276.0,2.3,3.8433,0.76906407
cold,0,1,0,0.001,0.1,512,3,5,4,256,6000,8.0,2633729,1,1,9974,1109,600014,8,6000,54000,47,282.0,2.35,3.92685,0.77491903
cold,0,1,0,0.001,0.1,512,3,5,4,256,6000,8.0,2633729,1,1,9974,1109,600014,8,6000,54000,48,288.0,2.4,4.0104,0.78160727
cold,0,1,0,0.001,0.1,512,3,5,4,256,6000,8.0,2633729,1,1,9974,1109,600014,8,6000,54000,49,294.0,2.45,4.09395,0.78942961
cold,0,1,0,0.001,0.1,512,3,5,4,256,6000,8.0,2633729,1,1,9974,1109,600014,8,6000,54000,50,300.0,2.5,4.1775,0.79972875
cold,0,1,0,0.001,0.1,512,3,5,4,256,6000,8.0,2633729,1,1,9974,1109,600014,8,6000,54000,51,306.0,2.55,4.26105,0.81278509
cold,0,1,0,0.001,0.1,512,3,5,4,256,6000,8.0,2633729,1,1,9974,1109,600014,8,6000,54000,52,312.0,2.6,4.3446,0.8254559
cold,0,1,0,0.001,0.1,512,3,5,4,256,6000,8.0,2633729,1,1,9974,1109,600014,8,6000,54000,53,318.0,2.65,4.42815,0.83319736
cold,0,1,0,0.001,0.1,512,3,5,4,256,6000,8.0,2633729,1,1,9974,1109,600014,8,6000,54000,54,324.0,2.7,4.5117,0.83670944
cold,0,1,0,0.001,0.1,512,3,5,4,256,6000,8.0,2633729,1,1,9974,1109,600014,8,6000,54000,55,330.0,2.75,4.59525,0.8416062
cold,0,1,0,0.001,0.1,512,3,5,4,256,6000,8.0,2633729,1,1,9974,1109,600014,8,6000,54000,56,336.0,2.8,4.6788,0.8509689
cold,0,1,0,0.001,0.1,512,3,5,4,256,6000,8.0,2633729,1,1,9974,1109,600014,8,6000,54000,57,342.0,2.85,4.76235,0.86237299
cold,0,1,0,0.001,0.1,512,3,5,4,256,6000,8.0,2633729,1,1,9974,1109,600014,8,6000,54000,58,348.0,2.9,4.8459,0.87162787
cold,0,1,0,0.001,0.1,512,3,5,4,256,6000,8.0,2633729,1,1,9974,1109,600014,8,6000,54000,59,354.0,2.95,4.92945,0.87690395
cold,0,1,0,0.001,0.1,512,3,5,4,256,6000,8.0,2633729,1,1,9974,1109,600014,8,6000,54000,60,360.0,3.0,5.013,0.87927151
cold,0,1,0,0.001,0.1,512,3,5,4,256,6000,8.0,2633729,1,1,9974,1109,600014,8,6000,54000,61,366.0,3.05,5.09655,0.88138109
cold,0,1,0,0.001,0.1,512,3,5,4,256,6000,8.0,2633729,1,1,9974,1109,600014,8,6000,54000,62,372.0,3.1,5.1801,0.88479751
cold,0,1,0,0.001,0.1,512,3,5,4,256,6000,8.0,2633729,1,1,9974,1109,600014,8,6000,54000,63,378.0,3.15,5.26365,0.88984114
cold,0,1,0,0.001,0.1,512,3,5,4,256,6000,8.0,2633729,1,1,9974,1109,600014,8,6000,54000,64,384.0,3.2,5.3472,0.89649218
cold,0,1,0,0.001,0.1,512,3,5,4,256,6000,8.0,2633729,1,1,9974,1109,600014,8,6000,54000,65,390.0,3.25,5.43075,0.90440243
cold,0,1,0,0.001,0.1,512,3,5,4,256,6000,8.0,2633729,1,1,9974,1109,600014,8,6000,54000,66,396.0,3.3,5.5143,0.91318536
cold,0,1,0,0.001,0.1,512,3,5,4,256,6000,8.0,2633729,1,1,9974,1109,600014,8,6000,54000,67,402.0,3.35,5.59785,0.92220432
cold,0,1,0,0.001,0.1,512,3,5,4,256,6000,8.0,2633729,1,1,9974,1109,600014,8,6000,54000,68,408.0,3.4,5.6814,0.93020904
cold,0,1,0,0.001,0.1,512,3,5,4,256,6000,8.0,2633729,1,1,9974,1109,600014,8,6000,54000,69,414.0,3.45,5.76495,0.93606168
cold,0,1,0,0.001,0.1,512,3,5,4,256,6000,8.0,2633729,1,1,9974,1109,600014,8,6000,54000,70,420.0,3.5,5.8485,0.94044846
cold,0,1,0,0.001,0.1,512,3,5,4,256,6000,8.0,2633729,1,1,9974,1109,600014,8,6000,54000,71,426.0,3.55,5.93205,0.94447356
cold,0,1,0,0.001,0.1,512,3,5,4,256,6000,8.0,2633729,1,1,9974,1109,600014,8,6000,54000,72,432.0,3.6,6.0156,0.94784796
cold,0,1,0,0.001,0.1,512,3,5,4,256,6000,8.0,2633729,1,1,9974,1109,600014,8,6000,54000,73,438.0,3.65,6.09915,0.95026767
cold,0,1,0,0.001,0.1,512,3,5,4,256,6000,8.0,2633729,1,1,9974,1109,600014,8,6000,54000,74,444.0,3.7,6.1827,0.9522115
cold,0,1,0,0.001,0.1,512,3,5,4,256,6000,8.0,2633729,1,1,9974,1109,600014,8,6000,54000,75,450.0,3.75,6.26625,0.95468175
cold,0,1,0,0.001,0.1,512,3,5,4,256,6000,8.0,2633729,1,1,9974,1109,600014,8,6000,54000,76,456.0,3.8,6.3498,0.95778376
cold,0,1,0,0.001,0.1,512,3,5,4,256,6000,8.0,2633729,1,1,9974,1109,600014,8,6000,54000,77,462.0,3.85,6.43335,0.96045882
cold,0,1,0,0.001,0.1,512,3,5,4,256,6000,8.0,2633729,1,1,9974,1109,600014,8,6000,54000,78,468.0,3.9,6.5169,0.96134776
cold,0,1,0,0.001,0.1,512,3,5,4,256,6000,8.0,2633729,1,1,9974,1109,600014,8,6000,54000,79,474.0,3.95,6.60045,0.95968699
cold,0,1,0,0.001,0.1,512,3,5,4,256,6000,8.0,2633729,1,1,9974,1109,600014,8,6000,54000,80,480.0,4.0,6.684,0.95639187
cold,0,1,0,0.001,0.1,512,3,5,4,256,6000,8.0,2633729,1,1,9974,1109,600014,8,6000,54000,81,486.0,4.05,6.76755,0.95462853
cold,0,1,0,0.001,0.1,512,3,5,4,256,6000,8.0,2633729,1,1,9974,1109,600014,8,6000,54000,82,492.0,4.1,6.8511,0.95622241
cold,0,1,0,0.001,0.1,512,3,5,4,256,6000,8.0,2633729,1,1,9974,1109,600014,8,6000,54000,83,498.0,4.15,6.93465,0.95975524
cold,0,1,0,0.001,0.1,512,3,5,4,256,6000,8.0,2633729,1,1,9974,1109,600014,8,6000,54000,84,504.0,4.2,7.0182,0.96301645
cold,0,1,0,0.001,0.1,512,3,5,4,256,6000,8.0,2633729,1,1,9974,1109,600014,8,6000,54000,85,510.0,4.25,7.10175,0.96583992
cold,0,1,0,0.001,0.1,512,3,5,4,256,6000,8.0,2633729,1,1,9974,1109,600014,8,6000,54000,86,516.0,4.3,7.1853,0.97011018
cold,0,1,0,0.001,0.1,512,3,5,4,256,6000,8.0,2633729,1,1,9974,1109,600014,8,6000,54000,87,522.0,4.35,7.26885,0.9752301
cold,0,1,0,0.001,0.1,512,3,5,4,256,6000,8.0,2633729,1,1,9974,1109,600014,8,6000,54000,88,528.0,4.4,7.3524,0.97816288
cold,0,1,0,0.001,0.1,512,3,5,4,256,6000,8.0,2633729,1,1,9974,1109,600014,8,6000,54000,89,534.0,4.45,7.43595,0.97687167
cold,0,1,0,0.001,0.1,512,3,5,4,256,6000,8.0,2633729,1,1,9974,1109,600014,8,6000,54000,90,540.0,4.5,7.5195,0.97359645
cold,0,1,0,0.001,0.1,512,3,5,4,256,6000,8.0,2633729,1,1,9974,1109,600014,8,6000,54000,91,546.0,4.55,7.60305,0.97190851
cold,0,1,0,0.001,0.1,512,3,5,4,256,6000,8.0,2633729,1,1,9974,1109,600014,8,6000,54000,92,552.0,4.6,7.6866,0.97225678
cold,0,1,0,0.001,0.1,512,3,5,4,256,6000,8.0,2633729,1,1,9974,1109,600014,8,6000,54000,93,558.0,4.65,7.77015,0.9733749
cold,0,1,0,0.001,0.1,512,3,5,4,256,6000,8.0,2633729,1,1,9974,1109,600014,8,6000,54000,94,564.0,4.7,7.8537,0.97481018
cold,0,1,0,0.001,0.1,512,3,5,4,256,6000,8.0,2633729,1,1,9974,1109,600014,8,6000,54000,95,570.0,4.75,7.93725,0.97807467
cold,0,1,0,0.001,0.1,512,3,5,4,256,6000,8.0,2633729,1,1,9974,1109,600014,8,6000,54000,96,576.0,4.8,8.0208,0.98257881
cold,0,1,0,0.001,0.1,512,3,5,4,256,6000,8.0,2633729,1,1,9974,1109,600014,8,6000,54000,97,582.0,4.85,8.10435,0.98443067
cold,0,1,0,0.001,0.1,512,3,5,4,256,6000,8.0,2633729,1,1,9974,1109,600014,8,6000,54000,98,588.0,4.9,8.1879,0.98014587
cold,0,1,0,0.001,0.1,512,3,5,4,256,6000,8.0,2633729,1,1,9974,1109,600014,8,6000,54000,99,594.0,4.95,8.27145,0.97044116
cold,0,1,0,0.001,0.1,512,3,5,4,256,6000,8.0,2633729,1,1,9974,1109,600014,8,6000,54000,100,600.0,5.0,8.355,0.95936692
cold,0,1,0,0.001,0.1,512,3,5,4,256,6000,8.0,2633729,1,1,9974,1109,600014,8,6000,54000,101,606.0,5.05,8.43855,0.95294988
cold,0,1,0,0.001,0.1,512,3,5,4,256,6000,8.0,2633729,1,1,9974,1109,600014,8,6000,54000,102,612.0,5.1,8.5221,0.95564461
cold,0,1,0,0.001,0.1,512,3,5,4,256,6000,8.0,2633729,1,1,9974,1109,600014,8,6000,54000,103,618.0,5.15,8.60565,0.96628869
cold,0,1,0,0.001,0.1,512,3,5,4,256,6000,8.0,2633729,1,1,9974,1109,600014,8,6000,54000,104,624.0,5.2,8.6892,0.97866851
cold,0,1,0,0.001,0.1,512,3,5,4,256,6000,8.0,2633729,1,1,9974,1109,600014,8,6000,54000,105,630.0,5.25,8.77275,0.98797756
cold,0,1,0,0.001,0.1,512,3,5,4,256,6000,8.0,2633729,1,1,9974,1109,600014,8,6000,54000,106,636.0,5.3,8.8563,0.99487722
cold,0,1,0,0.001,0.1,512,3,5,4,256,6000,8.0,2633729,1,1,9974,1109,600014,8,6000,54000,107,642.0,5.35,8.93985,0.99976104
cold,0,1,0,0.001,0.1,512,3,5,4,256,6000,8.0,2633729,1,1,9974,1109,600014,8,6000,54000,108,648.0,5.4,9.0234,1.00054431
cold,0,1,0,0.001,0.1,512,3,5,4,256,6000,8.0,2633729,1,1,9974,1109,600014,8,6000,54000,109,654.0,5.45,9.10695,0.99719775
cold,0,1,0,0.001,0.1,512,3,5,4,256,6000,8.0,2633729,1,1,9974,1109,600014,8,6000,54000,110,660.0,5.5,9.1905,0.99194384
cold,0,1,0,0.001,0.1,512,3,5,4,256,6000,8.0,2633729,1,1,9974,1109,600014,8,6000,54000,111,666.0,5.55,9.27405,0.98623848
cold,0,1,0,0.001,0.1,512,3,5,4,256,6000,8.0,2633729,1,1,9974,1109,600014,8,6000,54000,112,672.0,5.6,9.3576,0.98122168
cold,0,1,0,0.001,0.1,512,3,5,4,256,6000,8.0,2633729,1,1,9974,1109,600014,8,6000,54000,113,678.0,5.65,9.44115,0.97814995
cold,0,1,0,0.001,0.1,512,3,5,4,256,6000,8.0,2633729,1,1,9974,1109,600014,8,6000,54000,114,684.0,5.7,9.5247,0.97770309
cold,0,1,0,0.001,0.1,512,3,5,4,256,6000,8.0,2633729,1,1,9974,1109,600014,8,6000,54000,115,690.0,5.75,9.60825,0.97889382
cold,0,1,0,0.001,0.1,512,3,5,4,256,6000,8.0,2633729,1,1,9974,1109,600014,8,6000,54000,116,696.0,5.8,9.6918,0.98096687
cold,0,1,0,0.001,0.1,512,3,5,4,256,6000,8.0,2633729,1,1,9974,1109,600014,8,6000,54000,117,702.0,5.85,9.77535,0.98381191
cold,0,1,0,0.001,0.1,512,3,5,4,256,6000,8.0,2633729,1,1,9974,1109,600014,8,6000,54000,118,708.0,5.9,9.8589,0.98602915
cold,0,1,0,0.001,0.1,512,3,5,4,256,6000,8.0,2633729,1,1,9974,1109,600014,8,6000,54000,119,714.0,5.95,9.94245,0.985241
cold,0,1,0,0.001,0.1,512,3,5,4,256,6000,8.0,2633729,1,1,9974,1109,600014,8,6000,54000,120,720.0,6.0,10.026,0.98102665
cold,0,1,0,0.001,0.1,512,3,5,4,256,6000,8.0,2633729,1,1,9974,1110,600015,9,1,54001,1,6.0,0.05,0.08355,0.515683
cold,0,1,0,0.001,0.1,512,3,5,4,256,6000,8.0,2633729,1,1,9974,1110,600015,9,1,54001,2,12.0,0.1,0.1671,0.99453753
cold,0,1,0,0.001,0.1,512,3,5,4,256,6000,8.0,2633729,1,1,9974,1110,600015,9,1,54001,3,18.0,0.15,0.25065,1.42323637
cold,0,1,0,0.001,0.1,512,3,5,4,256,6000,8.0,2633729,1,1,9974,1110,600015,9,1,54001,4,24.0,0.2,0.3342,1.80554104
cold,0,1,0,0.001,0.1,512,3,5,4,256,6000,8.0,2633729,1,1,9974,1110,600015,9,1,54001,5,30.0,0.25,0.41775,2.22124362
cold,0,1,0,0.001,0.1,512,3,5,4,256,6000,8.0,2633729,1,1,9974,1110,600015,9,1,54001,6,36.0,0.3,0.5013,2.75900769
cold,0,1,0,0.001,0.1,512,3,5,4,256,6000,8.0,2633729,1,1,9974,1110,600015,9,1,54001,7,42.0,0.35,0.58485,3.417943
cold,0,1,0,0.001,0.1,512,3,5,4,256,6000,8.0,2633729,1,1,9974,1110,600015,9,1,54001,8,48.0,0.4,0.6684,4.19651031
cold,0,1,0,0.001,0.1,512,3,5,4,256,6000,8.0,2633729,1,1,9974,1110,600015,9,1,54001,9,54.0,0.45,0.75195,5.17842817
cold,0,1,0,0.001,0.1,512,3,5,4,256,6000,8.0,2633729,1,1,9974,1110,600015,9,1,54001,10,60.0,0.5,0.8355,6.48451138
cold,0,1,0,0.001,0.1,512,3,5,4,256,6000,8.0,2633729,1,1,9974,1110,600015,9,1,54001,11,66.0,0.55,0.91905,8.22084713
cold,0,1,0,0.001,0.1,512,3,5,4,256,6000,8.0,2633729,1,1,9974,1110,600015,9,1,54001,12,72.0,0.6,1.0026,10.47798538
cold,0,1,0,0.001,0.1,512,3,5,4,256,6000,8.0,2633729,1,1,9974,1110,600015,9,1,54001,13,78.0,0.65,1.08615,13.43620586
cold,0,1,0,0.001,0.1,512,3,5,4,256,6000,8.0,2633729,1,1,9974,1110,600015,9,1,54001,14,84.0,0.7,1.1697,17.31699181
cold,0,1,0,0.001,0.1,512,3,5,4,256,6000,8.0,2633729,1,1,9974,1110,600015,9,1,54001,15,90.0,0.75,1.25325,22.39748383
cold,0,1,0,0.001,0.1,512,3,5,4,256,6000,8.0,2633729,1,1,9974,1110,600015,9,1,54001,16,96.0,0.8,1.3368,28.99902725
cold,0,1,0,0.001,0.1,512,3,5,4,256,6000,8.0,2633729,1,1,9974,1110,600015,9,1,54001,17,102.0,0.85,1.42035,37.53175354
cold,0,1,0,0.001,0.1,512,3,5,4,256,6000,8.0,2633729,1,1,9974,1110,600015,9,1,54001,18,108.0,0.9,1.5039,48.56208801
cold,0,1,0,0.001,0.1,512,3,5,4,256,6000,8.0,2633729,1,1,9974,1110,600015,9,1,54001,19,114.0,0.95,1.58745,62.81103897
cold,0,1,0,0.001,0.1,512,3,5,4,256,6000,8.0,2633729,1,1,9974,1110,600015,9,1,54001,20,120.0,1.0,1.671,81.22338867
cold,0,1,0,0.001,0.1,512,3,5,4,256,6000,8.0,2633729,1,1,9974,1110,600015,9,1,54001,21,126.0,1.05,1.75455,105.02501678
cold,0,1,0,0.001,0.1,512,3,5,4,256,6000,8.0,2633729,1,1,9974,1110,600015,9,1,54001,22,132.0,1.1,1.8381,135.80187988
cold,0,1,0,0.001,0.1,512,3,5,4,256,6000,8.0,2633729,1,1,9974,1110,600015,9,1,54001,23,138.0,1.15,1.92165,175.6698761
cold,0,1,0,0.001,0.1,512,3,5,4,256,6000,8.0,2633729,1,1,9974,1110,600015,9,1,54001,24,144.0,1.2,2.0052,227.28573608
cold,0,1,0,0.001,0.1,512,3,5,4,256,6000,8.0,2633729,1,1,9974,1110,600015,9,1,54001,25,150.0,1.25,2.08875,294.24057007
cold,0,1,0,0.001,0.1,512,3,5,4,256,6000,8.0,2633729,1,1,9974,1110,600015,9,1,54001,26,156.0,1.3,2.1723,381.00888062
cold,0,1,0,0.001,0.1,512,3,5,4,256,6000,8.0,2633729,1,1,9974,1110,600015,9,1,54001,27,162.0,1.35,2.25585,493.60202026
cold,0,1,0,0.001,0.1,512,3,5,4,256,6000,8.0,2633729,1,1,9974,1110,600015,9,1,54001,28,168.0,1.4,2.3394,639.63665771
cold,0,1,0,0.001,0.1,512,3,5,4,256,6000,8.0,2633729,1,1,9974,1110,600015,9,1,54001,29,174.0,1.45,2.42295,829.12475586
cold,0,1,0,0.001,0.1,512,3,5,4,256,6000,8.0,2633729,1,1,9974,1110,600015,9,1,54001,30,180.0,1.5,2.5065,1075.16259766
cold,0,1,0,0.001,0.1,512,3,5,4,256,6000,8.0,2633729,1,1,9974,1110,600015,9,1,54001,31,186.0,1.55,2.59005,1394.36669922
cold,0,1,0,0.001,0.1,512,3,5,4,256,6000,8.0,2633729,1,1,9974,1110,600015,9,1,54001,32,192.0,1.6,2.6736,1808.96289062
cold,0,1,0,0.001,0.1,512,3,5,4,256,6000,8.0,2633729,1,1,9974,1110,600015,9,1,54001,33,198.0,1.65,2.75715,2347.04223633
cold,0,1,0,0.001,0.1,512,3,5,4,256,6000,8.0,2633729,1,1,9974,1110,600015,9,1,54001,34,204.0,1.7,2.8407,3045.85864258
cold,0,1,0,0.001,0.1,512,3,5,4,256,6000,8.0,2633729,1,1,9974,1110,600015,9,1,54001,35,210.0,1.75,2.92425,3953.69238281
cold,0,1,0,0.001,0.1,512,3,5,4,256,6000,8.0,2633729,1,1,9974,1110,600015,9,1,54001,36,216.0,1.8,3.0078,5132.17333984
cold,0,1,0,0.001,0.1,512,3,5,4,256,6000,8.0,2633729,1,1,9974,1110,600015,9,1,54001,37,222.0,1.85,3.09135,6664.921875
cold,0,1,0,0.001,0.1,512,3,5,4,256,6000,8.0,2633729,1,1,9974,1110,600015,9,1,54001,38,228.0,1.9,3.1749,8653.61230469
cold,0,1,0,0.001,0.1,512,3,5,4,256,6000,8.0,2633729,1,1,9974,1110,600015,9,1,54001,39,234.0,1.95,3.25845,11241.59765625
cold,0,1,0,0.001,0.1,512,3,5,4,256,6000,8.0,2633729,1,1,9974,1110,600015,9,1,54001,40,240.0,2.0,3.342,14600.4609375
cold,0,1,0,0.001,0.1,512,3,5,4,256,6000,8.0,2633729,1,1,9974,1110,600015,9,1,54001,41,246.0,2.05,3.42555,18969.8984375
cold,0,1,0,0.001,0.1,512,3,5,4,256,6000,8.0,2633729,1,1,9974,1110,600015,9,1,54001,42,252.0,2.1,3.5091,24647.21679688
cold,0,1,0,0.001,0.1,512,3,5,4,256,6000,8.0,2633729,1,1,9974,1110,600015,9,1,54001,43,258.0,2.15,3.59265,32028.40820312
cold,0,1,0,0.001,0.1,512,3,5,4,256,6000,8.0,2633729,1,1,9974,1110,600015,9,1,54001,44,264.0,2.2,3.6762,41625.2578125
cold,0,1,0,0.001,0.1,512,3,5,4,256,6000,8.0,2633729,1,1,9974,1110,600015,9,1,54001,45,270.0,2.25,3.75975,54103.49609375
cold,0,1,0,0.001,0.1,512,3,5,4,256,6000,8.0,2633729,1,1,9974,1110,600015,9,1,54001,46,276.0,2.3,3.8433,70326.625
cold,0,1,0,0.001,0.1,512,3,5,4,256,6000,8.0,2633729,1,1,9974,1110,600015,9,1,54001,47,282.0,2.35,3.92685,91438.0234375
cold,0,1,0,0.001,0.1,512,3,5,4,256,6000,8.0,2633729,1,1,9974,1110,600015,9,1,54001,48,288.0,2.4,4.0104,118869.828125
cold,0,1,0,0.001,0.1,512,3,5,4,256,6000,8.0,2633729,1,1,9974,1110,600015,9,1,54001,49,294.0,2.45,4.09395,154604.671875
cold,0,1,0,0.001,0.1,512,3,5,4,256,6000,8.0,2633729,1,1,9974,1110,600015,9,1,54001,50,300.0,2.5,4.1775,201024.390625
cold,0,1,0,0.001,0.1,512,3,5,4,256,6000,8.0,2633729,1,1,9974,1110,600015,9,1,54001,51,306.0,2.55,4.26105,261512.6875
cold,0,1,0,0.001,0.1,512,3,5,4,256,6000,8.0,2633729,1,1,9974,1110,600015,9,1,54001,52,312.0,2.6,4.3446,340098.59375
cold,0,1,0,0.001,0.1,512,3,5,4,256,6000,8.0,2633729,1,1,9974,1110,600015,9,1,54001,53,318.0,2.65,4.42815,442496.84375
cold,0,1,0,0.001,0.1,512,3,5,4,256,6000,8.0,2633729,1,1,9974,1110,600015,9,1,54001,54,324.0,2.7,4.5117,575609.1875
cold,0,1,0,0.001,0.1,512,3,5,4,256,6000,8.0,2633729,1,1,9974,1110,600015,9,1,54001,55,330.0,2.75,4.59525,748951.0
cold,0,1,0,0.001,0.1,512,3,5,4,256,6000,8.0,2633729,1,1,9974,1110,600015,9,1,54001,56,336.0,2.8,4.6788,974471.9375
cold,0,1,0,0.001,0.1,512,3,5,4,256,6000,8.0,2633729,1,1,9974,1110,600015,9,1,54001,57,342.0,2.85,4.76235,1267959.375
cold,0,1,0,0.001,0.1,512,3,5,4,256,6000,8.0,2633729,1,1,9974,1110,600015,9,1,54001,58,348.0,2.9,4.8459,1650031.625
cold,0,1,0,0.001,0.1,512,3,5,4,256,6000,8.0,2633729,1,1,9974,1110,600015,9,1,54001,59,354.0,2.95,4.92945,2147273.5
cold,0,1,0,0.001,0.1,512,3,5,4,256,6000,8.0,2633729,1,1,9974,1110,600015,9,1,54001,60,360.0,3.0,5.013,2794555.25
cold,0,1,0,0.001,0.1,512,3,5,4,256,6000,8.0,2633729,1,1,9974,1110,600015,9,1,54001,61,366.0,3.05,5.09655,3637380.75
cold,0,1,0,0.001,0.1,512,3,5,4,256,6000,8.0,2633729,1,1,9974,1110,600015,9,1,54001,62,372.0,3.1,5.1801,4734009.0
cold,0,1,0,0.001,0.1,512,3,5,4,256,6000,8.0,2633729,1,1,9974,1110,600015,9,1,54001,63,378.0,3.15,5.26365,6162978.0
cold,0,1,0,0.001,0.1,512,3,5,4,256,6000,8.0,2633729,1,1,9974,1110,600015,9,1,54001,64,384.0,3.2,5.3472,8021790.5
cold,0,1,0,0.001,0.1,512,3,5,4,256,6000,8.0,2633729,1,1,9974,1110,600015,9,1,54001,65,390.0,3.25,5.43075,10444979.0
cold,0,1,0,0.001,0.1,512,3,5,4,256,6000,8.0,2633729,1,1,9974,1110,600015,9,1,54001,66,396.0,3.3,5.5143,13596745.0
cold,0,1,0,0.001,0.1,512,3,5,4,256,6000,8.0,2633729,1,1,9974,1110,600015,9,1,54001,67,402.0,3.35,5.59785,17705034.0
cold,0,1,0,0.001,0.1,512,3,5,4,256,6000,8.0,2633729,1,1,9974,1110,600015,9,1,54001,68,408.0,3.4,5.6814,23051160.0
cold,0,1,0,0.001,0.1,512,3,5,4,256,6000,8.0,2633729,1,1,9974,1110,600015,9,1,54001,69,414.0,3.45,5.76495,30015482.0
cold,0,1,0,0.001,0.1,512,3,5,4,256,6000,8.0,2633729,1,1,9974,1110,600015,9,1,54001,70,420.0,3.5,5.8485,39084240.0
cold,0,1,0,0.001,0.1,512,3,5,4,256,6000,8.0,2633729,1,1,9974,1110,600015,9,1,54001,71,426.0,3.55,5.93205,50895124.0
cold,0,1,0,0.001,0.1,512,3,5,4,256,6000,8.0,2633729,1,1,9974,1110,600015,9,1,54001,72,432.0,3.6,6.0156,66279620.0
cold,0,1,0,0.001,0.1,512,3,5,4,256,6000,8.0,2633729,1,1,9974,1110,600015,9,1,54001,73,438.0,3.65,6.09915,86313360.0
cold,0,1,0,0.001,0.1,512,3,5,4,256,6000,8.0,2633729,1,1,9974,1110,600015,9,1,54001,74,444.0,3.7,6.1827,112412912.0
cold,0,1,0,0.001,0.1,512,3,5,4,256,6000,8.0,2633729,1,1,9974,1110,600015,9,1,54001,75,450.0,3.75,6.26625,146407152.0
cold,0,1,0,0.001,0.1,512,3,5,4,256,6000,8.0,2633729,1,1,9974,1110,600015,9,1,54001,76,456.0,3.8,6.3498,190676080.0
cold,0,1,0,0.001,0.1,512,3,5,4,256,6000,8.0,2633729,1,1,9974,1110,600015,9,1,54001,77,462.0,3.85,6.43335,248364272.0
cold,0,1,0,0.001,0.1,512,3,5,4,256,6000,8.0,2633729,1,1,9974,1110,600015,9,1,54001,78,468.0,3.9,6.5169,323489088.0
cold,0,1,0,0.001,0.1,512,3,5,4,256,6000,8.0,2633729,1,1,9974,1110,600015,9,1,54001,79,474.0,3.95,6.60045,421385088.0
cold,0,1,0,0.001,0.1,512,3,5,4,256,6000,8.0,2633729,1,1,9974,1110,600015,9,1,54001,80,480.0,4.0,6.684,548916736.0
cold,0,1,0,0.001,0.1,512,3,5,4,256,6000,8.0,2633729,1,1,9974,1110,600015,9,1,54001,81,486.0,4.05,6.76755,715012800.0
cold,0,1,0,0.001,0.1,512,3,5,4,256,6000,8.0,2633729,1,1,9974,1110,600015,9,1,54001,82,492.0,4.1,6.8511,931584832.0
cold,0,1,0,0.001,0.1,512,3,5,4,256,6000,8.0,2633729,1,1,9974,1110,600015,9,1,54001,83,498.0,4.15,6.93465,1213429888.0
cold,0,1,0,0.001,0.1,512,3,5,4,256,6000,8.0,2633729,1,1,9974,1110,600015,9,1,54001,84,504.0,4.2,7.0182,1581171328.0
cold,0,1,0,0.001,0.1,512,3,5,4,256,6000,8.0,2633729,1,1,9974,1110,600015,9,1,54001,85,510.0,4.25,7.10175,2059576448.0
cold,0,1,0,0.001,0.1,512,3,5,4,256,6000,8.0,2633729,1,1,9974,1110,600015,9,1,54001,86,516.0,4.3,7.1853,2683808000.0
cold,0,1,0,0.001,0.1,512,3,5,4,256,6000,8.0,2633729,1,1,9974,1110,600015,9,1,54001,87,522.0,4.35,7.26885,3496229632.0
cold,0,1,0,0.001,0.1,512,3,5,4,256,6000,8.0,2633729,1,1,9974,1110,600015,9,1,54001,88,528.0,4.4,7.3524,4555512832.0
cold,0,1,0,0.001,0.1,512,3,5,4,256,6000,8.0,2633729,1,1,9974,1110,600015,9,1,54001,89,534.0,4.45,7.43595,5935058944.0
cold,0,1,0,0.001,0.1,512,3,5,4,256,6000,8.0,2633729,1,1,9974,1110,600015,9,1,54001,90,540.0,4.5,7.5195,7733103104.0
cold,0,1,0,0.001,0.1,512,3,5,4,256,6000,8.0,2633729,1,1,9974,1110,600015,9,1,54001,91,546.0,4.55,7.60305,10075426816.0
cold,0,1,0,0.001,0.1,512,3,5,4,256,6000,8.0,2633729,1,1,9974,1110,600015,9,1,54001,92,552.0,4.6,7.6866,13128508416.0
cold,0,1,0,0.001,0.1,512,3,5,4,256,6000,8.0,2633729,1,1,9974,1110,600015,9,1,54001,93,558.0,4.65,7.77015,17105839104.0
cold,0,1,0,0.001,0.1,512,3,5,4,256,6000,8.0,2633729,1,1,9974,1110,600015,9,1,54001,94,564.0,4.7,7.8537,22291402752.0
cold,0,1,0,0.001,0.1,512,3,5,4,256,6000,8.0,2633729,1,1,9974,1110,600015,9,1,54001,95,570.0,4.75,7.93725,29044975616.0
cold,0,1,0,0.001,0.1,512,3,5,4,256,6000,8.0,2633729,1,1,9974,1110,600015,9,1,54001,96,576.0,4.8,8.0208,37853159424.0
cold,0,1,0,0.001,0.1,512,3,5,4,256,6000,8.0,2633729,1,1,9974,1110,600015,9,1,54001,97,582.0,4.85,8.10435,49322545152.0
cold,0,1,0,0.001,0.1,512,3,5,4,256,6000,8.0,2633729,1,1,9974,1110,600015,9,1,54001,98,588.0,4.9,8.1879,64284991488.0
cold,0,1,0,0.001,0.1,512,3,5,4,256,6000,8.0,2633729,1,1,9974,1110,600015,9,1,54001,99,594.0,4.95,8.27145,83762880512.0
cold,0,1,0,0.001,0.1,512,3,5,4,256,6000,8.0,2633729,1,1,9974,1110,600015,9,1,54001,100,600.0,5.0,8.355,109178257408.0
cold,0,1,0,0.001,0.1,512,3,5,4,256,6000,8.0,2633729,1,1,9974,1110,600015,9,1,54001,101,606.0,5.05,8.43855,142259109888.0
cold,0,1,0,0.001,0.1,512,3,5,4,256,6000,8.0,2633729,1,1,9974,1110,600015,9,1,54001,102,612.0,5.1,8.5221,185421545472.0
cold,0,1,0,0.001,0.1,512,3,5,4,256,6000,8.0,2633729,1,1,9974,1110,600015,9,1,54001,103,618.0,5.15,8.60565,241613127680.0
cold,0,1,0,0.001,0.1,512,3,5,4,256,6000,8.0,2633729,1,1,9974,1110,600015,9,1,54001,104,624.0,5.2,8.6892,314917715968.0
cold,0,1,0,0.001,0.1,512,3,5,4,256,6000,8.0,2633729,1,1,9974,1110,600015,9,1,54001,105,630.0,5.25,8.77275,410366738432.0
cold,0,1,0,0.001,0.1,512,3,5,4,256,6000,8.0,2633729,1,1,9974,1110,600015,9,1,54001,106,636.0,5.3,8.8563,534864101376.0
cold,0,1,0,0.001,0.1,512,3,5,4,256,6000,8.0,2633729,1,1,9974,1110,600015,9,1,54001,107,642.0,5.35,8.93985,696991285248.0
cold,0,1,0,0.001,0.1,512,3,5,4,256,6000,8.0,2633729,1,1,9974,1110,600015,9,1,54001,108,648.0,5.4,9.0234,908496666624.0
cold,0,1,0,0.001,0.1,512,3,5,4,256,6000,8.0,2633729,1,1,9974,1110,600015,9,1,54001,109,654.0,5.45,9.10695,1183915835392.0
cold,0,1,0,0.001,0.1,512,3,5,4,256,6000,8.0,2633729,1,1,9974,1110,600015,9,1,54001,110,660.0,5.5,9.1905,1543216300032.0
cold,0,1,0,0.001,0.1,512,3,5,4,256,6000,8.0,2633729,1,1,9974,1110,600015,9,1,54001,111,666.0,5.55,9.27405,2011254489088.0
cold,0,1,0,0.001,0.1,512,3,5,4,256,6000,8.0,2633729,1,1,9974,1110,600015,9,1,54001,112,672.0,5.6,9.3576,2621551411200.0
cold,0,1,0,0.001,0.1,512,3,5,4,256,6000,8.0,2633729,1,1,9974,1110,600015,9,1,54001,113,678.0,5.65,9.44115,3417008766976.0
cold,0,1,0,0.001,0.1,512,3,5,4,256,6000,8.0,2633729,1,1,9974,1110,600015,9,1,54001,114,684.0,5.7,9.5247,4453609504768.0
cold,0,1,0,0.001,0.1,512,3,5,4,256,6000,8.0,2633729,1,1,9974,1110,600015,9,1,54001,115,690.0,5.75,9.60825,5805379682304.0
cold,0,1,0,0.001,0.1,512,3,5,4,256,6000,8.0,2633729,1,1,9974,1110,600015,9,1,54001,116,696.0,5.8,9.6918,7566415364096.0
cold,0,1,0,0.001,0.1,512,3,5,4,256,6000,8.0,2633729,1,1,9974,1110,600015,9,1,54001,117,702.0,5.85,9.77535,9863113474048.0
cold,0,1,0,0.001,0.1,512,3,5,4,256,6000,8.0,2633729,1,1,9974,1110,600015,9,1,54001,118,708.0,5.9,9.8589,12855226138624.0
cold,0,1,0,0.001,0.1,512,3,5,4,256,6000,8.0,2633729,1,1,9974,1110,600015,9,1,54001,119,714.0,5.95,9.94245,16757064466432.0
cold,0,1,0,0.001,0.1,512,3,5,4,256,6000,8.0,2633729,1,1,9974,1110,600015,9,1,54001,120,720.0,6.0,10.026,21840489611264.0
cold,0,1,0,0.001,0.1,512,3,5,4,256,6000,8.0,2633729,1,1,9974,1110,600015,9,12,54012,1,6.0,0.05,0.08355,0.19809163
cold,0,1,0,0.001,0.1,512,3,5,4,256,6000,8.0,2633729,1,1,9974,1110,600015,9,12,54012,2,12.0,0.1,0.1671,0.37496707
cold,0,1,0,0.001,0.1,512,3,5,4,256,6000,8.0,2633729,1,1,9974,1110,600015,9,12,54012,3,18.0,0.15,0.25065,0.54966235
cold,0,1,0,0.001,0.1,512,3,5,4,256,6000,8.0,2633729,1,1,9974,1110,600015,9,12,54012,4,24.0,0.2,0.3342,0.70856309
cold,0,1,0,0.001,0.1,512,3,5,4,256,6000,8.0,2633729,1,1,9974,1110,600015,9,12,54012,5,30.0,0.25,0.41775,0.84443957
cold,0,1,0,0.001,0.1,512,3,5,4,256,6000,8.0,2633729,1,1,9974,1110,600015,9,12,54012,6,36.0,0.3,0.5013,0.96149123
cold,0,1,0,0.001,0.1,512,3,5,4,256,6000,8.0,2633729,1,1,9974,1110,600015,9,12,54012,7,42.0,0.35,0.58485,1.06236005
cold,0,1,0,0.001,0.1,512,3,5,4,256,6000,8.0,2633729,1,1,9974,1110,600015,9,12,54012,8,48.0,0.4,0.6684,1.14878094
cold,0,1,0,0.001,0.1,512,3,5,4,256,6000,8.0,2633729,1,1,9974,1110,600015,9,12,54012,9,54.0,0.45,0.75195,1.2220819
cold,0,1,0,0.001,0.1,512,3,5,4,256,6000,8.0,2633729,1,1,9974,1110,600015,9,12,54012,10,60.0,0.5,0.8355,1.28441691
cold,0,1,0,0.001,0.1,512,3,5,4,256,6000,8.0,2633729,1,1,9974,1110,600015,9,12,54012,11,66.0,0.55,0.91905,1.34038723
cold,0,1,0,0.001,0.1,512,3,5,4,256,6000,8.0,2633729,1,1,9974,1110,600015,9,12,54012,12,72.0,0.6,1.0026,1.39326847
cold,0,1,0,0.001,0.1,512,3,5,4,256,6000,8.0,2633729,1,1,9974,1110,600015,9,12,54012,13,78.0,0.65,1.08615,1.44076443
cold,0,1,0,0.001,0.1,512,3,5,4,256,6000,8.0,2633729,1,1,9974,1110,600015,9,12,54012,14,84.0,0.7,1.1697,1.47840011
cold,0,1,0,0.001,0.1,512,3,5,4,256,6000,8.0,2633729,1,1,9974,1110,600015,9,12,54012,15,90.0,0.75,1.25325,1.50387621
cold,0,1,0,0.001,0.1,512,3,5,4,256,6000,8.0,2633729,1,1,9974,1110,600015,9,12,54012,16,96.0,0.8,1.3368,1.51844239
cold,0,1,0,0.001,0.1,512,3,5,4,256,6000,8.0,2633729,1,1,9974,1110,600015,9,12,54012,17,102.0,0.85,1.42035,1.5265789
cold,0,1,0,0.001,0.1,512,3,5,4,256,6000,8.0,2633729,1,1,9974,1110,600015,9,12,54012,18,108.0,0.9,1.5039,1.53162134
cold,0,1,0,0.001,0.1,512,3,5,4,256,6000,8.0,2633729,1,1,9974,1110,600015,9,12,54012,19,114.0,0.95,1.58745,1.53295553
cold,0,1,0,0.001,0.1,512,3,5,4,256,6000,8.0,2633729,1,1,9974,1110,600015,9,12,54012,20,120.0,1.0,1.671,1.52925968
cold,0,1,0,0.001,0.1,512,3,5,4,256,6000,8.0,2633729,1,1,9974,1110,600015,9,12,54012,21,126.0,1.05,1.75455,1.52126741
cold,0,1,0,0.001,0.1,512,3,5,4,256,6000,8.0,2633729,1,1,9974,1110,600015,9,12,54012,22,132.0,1.1,1.8381,1.51067114
cold,0,1,0,0.001,0.1,512,3,5,4,256,6000,8.0,2633729,1,1,9974,1110,600015,9,12,54012,23,138.0,1.15,1.92165,1.49971056
cold,0,1,0,0.001,0.1,512,3,5,4,256,6000,8.0,2633729,1,1,9974,1110,600015,9,12,54012,24,144.0,1.2,2.0052,1.49111509
cold,0,1,0,0.001,0.1,512,3,5,4,256,6000,8.0,2633729,1,1,9974,1110,600015,9,12,54012,25,150.0,1.25,2.08875,1.48472905
cold,0,1,0,0.001,0.1,512,3,5,4,256,6000,8.0,2633729,1,1,9974,1110,600015,9,12,54012,26,156.0,1.3,2.1723,1.47627091
cold,0,1,0,0.001,0.1,512,3,5,4,256,6000,8.0,2633729,1,1,9974,1110,600015,9,12,54012,27,162.0,1.35,2.25585,1.46253526
cold,0,1,0,0.001,0.1,512,3,5,4,256,6000,8.0,2633729,1,1,9974,1110,600015,9,12,54012,28,168.0,1.4,2.3394,1.44484568
cold,0,1,0,0.001,0.1,512,3,5,4,256,6000,8.0,2633729,1,1,9974,1110,600015,9,12,54012,29,174.0,1.45,2.42295,1.42761528
cold,0,1,0,0.001,0.1,512,3,5,4,256,6000,8.0,2633729,1,1,9974,1110,600015,9,12,54012,30,180.0,1.5,2.5065,1.41473544
cold,0,1,0,0.001,0.1,512,3,5,4,256,6000,8.0,2633729,1,1,9974,1110,600015,9,12,54012,31,186.0,1.55,2.59005,1.40638435
cold,0,1,0,0.001,0.1,512,3,5,4,256,6000,8.0,2633729,1,1,9974,1110,600015,9,12,54012,32,192.0,1.6,2.6736,1.40038192
cold,0,1,0,0.001,0.1,512,3,5,4,256,6000,8.0,2633729,1,1,9974,1110,600015,9,12,54012,33,198.0,1.65,2.75715,1.39613771
cold,0,1,0,0.001,0.1,512,3,5,4,256,6000,8.0,2633729,1,1,9974,1110,600015,9,12,54012,34,204.0,1.7,2.8407,1.39533508
cold,0,1,0,0.001,0.1,512,3,5,4,256,6000,8.0,2633729,1,1,9974,1110,600015,9,12,54012,35,210.0,1.75,2.92425,1.39904881
cold,0,1,0,0.001,0.1,512,3,5,4,256,6000,8.0,2633729,1,1,9974,1110,600015,9,12,54012,36,216.0,1.8,3.0078,1.40490234
cold,0,1,0,0.001,0.1,512,3,5,4,256,6000,8.0,2633729,1,1,9974,1110,600015,9,12,54012,37,222.0,1.85,3.09135,1.40792918
cold,0,1,0,0.001,0.1,512,3,5,4,256,6000,8.0,2633729,1,1,9974,1110,600015,9,12,54012,38,228.0,1.9,3.1749,1.40673327
cold,0,1,0,0.001,0.1,512,3,5,4,256,6000,8.0,2633729,1,1,9974,1110,600015,9,12,54012,39,234.0,1.95,3.25845,1.40598953
cold,0,1,0,0.001,0.1,512,3,5,4,256,6000,8.0,2633729,1,1,9974,1110,600015,9,12,54012,40,240.0,2.0,3.342,1.41055512
cold,0,1,0,0.001,0.1,512,3,5,4,256,6000,8.0,2633729,1,1,9974,1110,600015,9,12,54012,41,246.0,2.05,3.42555,1.42031384
cold,0,1,0,0.001,0.1,512,3,5,4,256,6000,8.0,2633729,1,1,9974,1110,600015,9,12,54012,42,252.0,2.1,3.5091,1.4311794
cold,0,1,0,0.001,0.1,512,3,5,4,256,6000,8.0,2633729,1,1,9974,1110,600015,9,12,54012,43,258.0,2.15,3.59265,1.43850493
cold,0,1,0,0.001,0.1,512,3,5,4,256,6000,8.0,2633729,1,1,9974,1110,600015,9,12,54012,44,264.0,2.2,3.6762,1.44167089
cold,0,1,0,0.001,0.1,512,3,5,4,256,6000,8.0,2633729,1,1,9974,1110,600015,9,12,54012,45,270.0,2.25,3.75975,1.44603789
cold,0,1,0,0.001,0.1,512,3,5,4,256,6000,8.0,2633729,1,1,9974,1110,600015,9,12,54012,46,276.0,2.3,3.8433,1.45641017
cold,0,1,0,0.001,0.1,512,3,5,4,256,6000,8.0,2633729,1,1,9974,1110,600015,9,12,54012,47,282.0,2.35,3.92685,1.47008872
cold,0,1,0,0.001,0.1,512,3,5,4,256,6000,8.0,2633729,1,1,9974,1110,600015,9,12,54012,48,288.0,2.4,4.0104,1.48073256
cold,0,1,0,0.001,0.1,512,3,5,4,256,6000,8.0,2633729,1,1,9974,1110,600015,9,12,54012,49,294.0,2.45,4.09395,1.48621857
cold,0,1,0,0.001,0.1,512,3,5,4,256,6000,8.0,2633729,1,1,9974,1110,600015,9,12,54012,50,300.0,2.5,4.1775,1.48936319
cold,0,1,0,0.001,0.1,512,3,5,4,256,6000,8.0,2633729,1,1,9974,1110,600015,9,12,54012,51,306.0,2.55,4.26105,1.49319232
cold,0,1,0,0.001,0.1,512,3,5,4,256,6000,8.0,2633729,1,1,9974,1110,600015,9,12,54012,52,312.0,2.6,4.3446,1.49896395
cold,0,1,0,0.001,0.1,512,3,5,4,256,6000,8.0,2633729,1,1,9974,1110,600015,9,12,54012,53,318.0,2.65,4.42815,1.50607157
cold,0,1,0,0.001,0.1,512,3,5,4,256,6000,8.0,2633729,1,1,9974,1110,600015,9,12,54012,54,324.0,2.7,4.5117,1.51061308
cold,0,1,0,0.001,0.1,512,3,5,4,256,6000,8.0,2633729,1,1,9974,1110,600015,9,12,54012,55,330.0,2.75,4.59525,1.50958598
cold,0,1,0,0.001,0.1,512,3,5,4,256,6000,8.0,2633729,1,1,9974,1110,600015,9,12,54012,56,336.0,2.8,4.6788,1.50725114
cold,0,1,0,0.001,0.1,512,3,5,4,256,6000,8.0,2633729,1,1,9974,1110,600015,9,12,54012,57,342.0,2.85,4.76235,1.50912499
cold,0,1,0,0.001,0.1,512,3,5,4,256,6000,8.0,2633729,1,1,9974,1110,600015,9,12,54012,58,348.0,2.9,4.8459,1.51232338
cold,0,1,0,0.001,0.1,512,3,5,4,256,6000,8.0,2633729,1,1,9974,1110,600015,9,12,54012,59,354.0,2.95,4.92945,1.51240396
cold,0,1,0,0.001,0.1,512,3,5,4,256,6000,8.0,2633729,1,1,9974,1110,600015,9,12,54012,60,360.0,3.0,5.013,1.51094353
cold,0,1,0,0.001,0.1,512,3,5,4,256,6000,8.0,2633729,1,1,9974,1110,600015,9,12,54012,61,366.0,3.05,5.09655,1.50898111
cold,0,1,0,0.001,0.1,512,3,5,4,256,6000,8.0,2633729,1,1,9974,1110,600015,9,12,54012,62,372.0,3.1,5.1801,1.50662923
cold,0,1,0,0.001,0.1,512,3,5,4,256,6000,8.0,2633729,1,1,9974,1110,600015,9,12,54012,63,378.0,3.15,5.26365,1.50735962
cold,0,1,0,0.001,0.1,512,3,5,4,256,6000,8.0,2633729,1,1,9974,1110,600015,9,12,54012,64,384.0,3.2,5.3472,1.51173079
cold,0,1,0,0.001,0.1,512,3,5,4,256,6000,8.0,2633729,1,1,9974,1110,600015,9,12,54012,65,390.0,3.25,5.43075,1.51384783
cold,0,1,0,0.001,0.1,512,3,5,4,256,6000,8.0,2633729,1,1,9974,1110,600015,9,12,54012,66,396.0,3.3,5.5143,1.50949967
cold,0,1,0,0.001,0.1,512,3,5,4,256,6000,8.0,2633729,1,1,9974,1110,600015,9,12,54012,67,402.0,3.35,5.59785,1.50104177
cold,0,1,0,0.001,0.1,512,3,5,4,256,6000,8.0,2633729,1,1,9974,1110,600015,9,12,54012,68,408.0,3.4,5.6814,1.49364698
cold,0,1,0,0.001,0.1,512,3,5,4,256,6000,8.0,2633729,1,1,9974,1110,600015,9,12,54012,69,414.0,3.45,5.76495,1.49020016
cold,0,1,0,0.001,0.1,512,3,5,4,256,6000,8.0,2633729,1,1,9974,1110,600015,9,12,54012,70,420.0,3.5,5.8485,1.48952723
cold,0,1,0,0.001,0.1,512,3,5,4,256,6000,8.0,2633729,1,1,9974,1110,600015,9,12,54012,71,426.0,3.55,5.93205,1.48900795
cold,0,1,0,0.001,0.1,512,3,5,4,256,6000,8.0,2633729,1,1,9974,1110,600015,9,12,54012,72,432.0,3.6,6.0156,1.48692262
cold,0,1,0,0.001,0.1,512,3,5,4,256,6000,8.0,2633729,1,1,9974,1110,600015,9,12,54012,73,438.0,3.65,6.09915,1.4838649
cold,0,1,0,0.001,0.1,512,3,5,4,256,6000,8.0,2633729,1,1,9974,1110,600015,9,12,54012,74,444.0,3.7,6.1827,1.48180389
cold,0,1,0,0.001,0.1,512,3,5,4,256,6000,8.0,2633729,1,1,9974,1110,600015,9,12,54012,75,450.0,3.75,6.26625,1.47996175
cold,0,1,0,0.001,0.1,512,3,5,4,256,6000,8.0,2633729,1,1,9974,1110,600015,9,12,54012,76,456.0,3.8,6.3498,1.47634709
cold,0,1,0,0.001,0.1,512,3,5,4,256,6000,8.0,2633729,1,1,9974,1110,600015,9,12,54012,77,462.0,3.85,6.43335,1.473212
cold,0,1,0,0.001,0.1,512,3,5,4,256,6000,8.0,2633729,1,1,9974,1110,600015,9,12,54012,78,468.0,3.9,6.5169,1.47371554
cold,0,1,0,0.001,0.1,512,3,5,4,256,6000,8.0,2633729,1,1,9974,1110,600015,9,12,54012,79,474.0,3.95,6.60045,1.47572589
cold,0,1,0,0.001,0.1,512,3,5,4,256,6000,8.0,2633729,1,1,9974,1110,600015,9,12,54012,80,480.0,4.0,6.684,1.47704422
cold,0,1,0,0.001,0.1,512,3,5,4,256,6000,8.0,2633729,1,1,9974,1110,600015,9,12,54012,81,486.0,4.05,6.76755,1.47859716
cold,0,1,0,0.001,0.1,512,3,5,4,256,6000,8.0,2633729,1,1,9974,1110,600015,9,12,54012,82,492.0,4.1,6.8511,1.4797045
cold,0,1,0,0.001,0.1,512,3,5,4,256,6000,8.0,2633729,1,1,9974,1110,600015,9,12,54012,83,498.0,4.15,6.93465,1.4796859
cold,0,1,0,0.001,0.1,512,3,5,4,256,6000,8.0,2633729,1,1,9974,1110,600015,9,12,54012,84,504.0,4.2,7.0182,1.48052967
cold,0,1,0,0.001,0.1,512,3,5,4,256,6000,8.0,2633729,1,1,9974,1110,600015,9,12,54012,85,510.0,4.25,7.10175,1.48271382
cold,0,1,0,0.001,0.1,512,3,5,4,256,6000,8.0,2633729,1,1,9974,1110,600015,9,12,54012,86,516.0,4.3,7.1853,1.48485899
cold,0,1,0,0.001,0.1,512,3,5,4,256,6000,8.0,2633729,1,1,9974,1110,600015,9,12,54012,87,522.0,4.35,7.26885,1.48835003
cold,0,1,0,0.001,0.1,512,3,5,4,256,6000,8.0,2633729,1,1,9974,1110,600015,9,12,54012,88,528.0,4.4,7.3524,1.49464941
cold,0,1,0,0.001,0.1,512,3,5,4,256,6000,8.0,2633729,1,1,9974,1110,600015,9,12,54012,89,534.0,4.45,7.43595,1.50098765
cold,0,1,0,0.001,0.1,512,3,5,4,256,6000,8.0,2633729,1,1,9974,1110,600015,9,12,54012,90,540.0,4.5,7.5195,1.50464964
cold,0,1,0,0.001,0.1,512,3,5,4,256,6000,8.0,2633729,1,1,9974,1110,600015,9,12,54012,91,546.0,4.55,7.60305,1.50786591
cold,0,1,0,0.001,0.1,512,3,5,4,256,6000,8.0,2633729,1,1,9974,1110,600015,9,12,54012,92,552.0,4.6,7.6866,1.51392388
cold,0,1,0,0.001,0.1,512,3,5,4,256,6000,8.0,2633729,1,1,9974,1110,600015,9,12,54012,93,558.0,4.65,7.77015,1.52046967
cold,0,1,0,0.001,0.1,512,3,5,4,256,6000,8.0,2633729,1,1,9974,1110,600015,9,12,54012,94,564.0,4.7,7.8537,1.52355826
cold,0,1,0,0.001,0.1,512,3,5,4,256,6000,8.0,2633729,1,1,9974,1110,600015,9,12,54012,95,570.0,4.75,7.93725,1.52425933
cold,0,1,0,0.001,0.1,512,3,5,4,256,6000,8.0,2633729,1,1,9974,1110,600015,9,12,54012,96,576.0,4.8,8.0208,1.52399623
cold,0,1,0,0.001,0.1,512,3,5,4,256,6000,8.0,2633729,1,1,9974,1110,600015,9,12,54012,97,582.0,4.85,8.10435,1.52161252
cold,0,1,0,0.001,0.1,512,3,5,4,256,6000,8.0,2633729,1,1,9974,1110,600015,9,12,54012,98,588.0,4.9,8.1879,1.51842117
cold,0,1,0,0.001,0.1,512,3,5,4,256,6000,8.0,2633729,1,1,9974,1110,600015,9,12,54012,99,594.0,4.95,8.27145,1.51627672
cold,0,1,0,0.001,0.1,512,3,5,4,256,6000,8.0,2633729,1,1,9974,1110,600015,9,12,54012,100,600.0,5.0,8.355,1.51362562
cold,0,1,0,0.001,0.1,512,3,5,4,256,6000,8.0,2633729,1,1,9974,1110,600015,9,12,54012,101,606.0,5.05,8.43855,1.51118386
cold,0,1,0,0.001,0.1,512,3,5,4,256,6000,8.0,2633729,1,1,9974,1110,600015,9,12,54012,102,612.0,5.1,8.5221,1.51237404
cold,0,1,0,0.001,0.1,512,3,5,4,256,6000,8.0,2633729,1,1,9974,1110,600015,9,12,54012,103,618.0,5.15,8.60565,1.51571429
cold,0,1,0,0.001,0.1,512,3,5,4,256,6000,8.0,2633729,1,1,9974,1110,600015,9,12,54012,104,624.0,5.2,8.6892,1.51552916
cold,0,1,0,0.001,0.1,512,3,5,4,256,6000,8.0,2633729,1,1,9974,1110,600015,9,12,54012,105,630.0,5.25,8.77275,1.50983489
cold,0,1,0,0.001,0.1,512,3,5,4,256,6000,8.0,2633729,1,1,9974,1110,600015,9,12,54012,106,636.0,5.3,8.8563,1.50250387
cold,0,1,0,0.001,0.1,512,3,5,4,256,6000,8.0,2633729,1,1,9974,1110,600015,9,12,54012,107,642.0,5.35,8.93985,1.49728739
cold,0,1,0,0.001,0.1,512,3,5,4,256,6000,8.0,2633729,1,1,9974,1110,600015,9,12,54012,108,648.0,5.4,9.0234,1.49445796
cold,0,1,0,0.001,0.1,512,3,5,4,256,6000,8.0,2633729,1,1,9974,1110,600015,9,12,54012,109,654.0,5.45,9.10695,1.49274075
cold,0,1,0,0.001,0.1,512,3,5,4,256,6000,8.0,2633729,1,1,9974,1110,600015,9,12,54012,110,660.0,5.5,9.1905,1.49017715
cold,0,1,0,0.001,0.1,512,3,5,4,256,6000,8.0,2633729,1,1,9974,1110,600015,9,12,54012,111,666.0,5.55,9.27405,1.48652923
cold,0,1,0,0.001,0.1,512,3,5,4,256,6000,8.0,2633729,1,1,9974,1110,600015,9,12,54012,112,672.0,5.6,9.3576,1.48543692
cold,0,1,0,0.001,0.1,512,3,5,4,256,6000,8.0,2633729,1,1,9974,1110,600015,9,12,54012,113,678.0,5.65,9.44115,1.48913312
cold,0,1,0,0.001,0.1,512,3,5,4,256,6000,8.0,2633729,1,1,9974,1110,600015,9,12,54012,114,684.0,5.7,9.5247,1.49356604
cold,0,1,0,0.001,0.1,512,3,5,4,256,6000,8.0,2633729,1,1,9974,1110,600015,9,12,54012,115,690.0,5.75,9.60825,1.49429178
cold,0,1,0,0.001,0.1,512,3,5,4,256,6000,8.0,2633729,1,1,9974,1110,600015,9,12,54012,116,696.0,5.8,9.6918,1.49160075
cold,0,1,0,0.001,0.1,512,3,5,4,256,6000,8.0,2633729,1,1,9974,1110,600015,9,12,54012,117,702.0,5.85,9.77535,1.48750329
cold,0,1,0,0.001,0.1,512,3,5,4,256,6000,8.0,2633729,1,1,9974,1110,600015,9,12,54012,118,708.0,5.9,9.8589,1.4836849
cold,0,1,0,0.001,0.1,512,3,5,4,256,6000,8.0,2633729,1,1,9974,1110,600015,9,12,54012,119,714.0,5.95,9.94245,1.48222268
cold,0,1,0,0.001,0.1,512,3,5,4,256,6000,8.0,2633729,1,1,9974,1110,600015,9,12,54012,120,720.0,6.0,10.026,1.4842242
cold,0,1,0,0.001,0.1,512,3,5,4,256,6000,8.0,2633729,1,1,9974,1110,600015,9,54,54054,1,6.0,0.05,0.08355,0.09479407
cold,0,1,0,0.001,0.1,512,3,5,4,256,6000,8.0,2633729,1,1,9974,1110,600015,9,54,54054,2,12.0,0.1,0.1671,0.14075312
cold,0,1,0,0.001,0.1,512,3,5,4,256,6000,8.0,2633729,1,1,9974,1110,600015,9,54,54054,3,18.0,0.15,0.25065,0.19048707
cold,0,1,0,0.001,0.1,512,3,5,4,256,6000,8.0,2633729,1,1,9974,1110,600015,9,54,54054,4,24.0,0.2,0.3342,0.23686685
cold,0,1,0,0.001,0.1,512,3,5,4,256,6000,8.0,2633729,1,1,9974,1110,600015,9,54,54054,5,30.0,0.25,0.41775,0.2783559
cold,0,1,0,0.001,0.1,512,3,5,4,256,6000,8.0,2633729,1,1,9974,1110,600015,9,54,54054,6,36.0,0.3,0.5013,0.31678024
cold,0,1,0,0.001,0.1,512,3,5,4,256,6000,8.0,2633729,1,1,9974,1110,600015,9,54,54054,7,42.0,0.35,0.58485,0.35403761
cold,0,1,0,0.001,0.1,512,3,5,4,256,6000,8.0,2633729,1,1,9974,1110,600015,9,54,54054,8,48.0,0.4,0.6684,0.38934678
cold,0,1,0,0.001,0.1,512,3,5,4,256,6000,8.0,2633729,1,1,9974,1110,600015,9,54,54054,9,54.0,0.45,0.75195,0.42125604
cold,0,1,0,0.001,0.1,512,3,5,4,256,6000,8.0,2633729,1,1,9974,1110,600015,9,54,54054,10,60.0,0.5,0.8355,0.44972107
cold,0,1,0,0.001,0.1,512,3,5,4,256,6000,8.0,2633729,1,1,9974,1110,600015,9,54,54054,11,66.0,0.55,0.91905,0.47580263
cold,0,1,0,0.001,0.1,512,3,5,4,256,6000,8.0,2633729,1,1,9974,1110,600015,9,54,54054,12,72.0,0.6,1.0026,0.49989438
cold,0,1,0,0.001,0.1,512,3,5,4,256,6000,8.0,2633729,1,1,9974,1110,600015,9,54,54054,13,78.0,0.65,1.08615,0.52106649
cold,0,1,0,0.001,0.1,512,3,5,4,256,6000,8.0,2633729,1,1,9974,1110,600015,9,54,54054,14,84.0,0.7,1.1697,0.53895515
cold,0,1,0,0.001,0.1,512,3,5,4,256,6000,8.0,2633729,1,1,9974,1110,600015,9,54,54054,15,90.0,0.75,1.25325,0.55481893
cold,0,1,0,0.001,0.1,512,3,5,4,256,6000,8.0,2633729,1,1,9974,1110,600015,9,54,54054,16,96.0,0.8,1.3368,0.57027477
cold,0,1,0,0.001,0.1,512,3,5,4,256,6000,8.0,2633729,1,1,9974,1110,600015,9,54,54054,17,102.0,0.85,1.42035,0.58593714
cold,0,1,0,0.001,0.1,512,3,5,4,256,6000,8.0,2633729,1,1,9974,1110,600015,9,54,54054,18,108.0,0.9,1.5039,0.60125571
cold,0,1,0,0.001,0.1,512,3,5,4,256,6000,8.0,2633729,1,1,9974,1110,600015,9,54,54054,19,114.0,0.95,1.58745,0.61551136
cold,0,1,0,0.001,0.1,512,3,5,4,256,6000,8.0,2633729,1,1,9974,1110,600015,9,54,54054,20,120.0,1.0,1.671,0.62889826
cold,0,1,0,0.001,0.1,512,3,5,4,256,6000,8.0,2633729,1,1,9974,1110,600015,9,54,54054,21,126.0,1.05,1.75455,0.64213693
cold,0,1,0,0.001,0.1,512,3,5,4,256,6000,8.0,2633729,1,1,9974,1110,600015,9,54,54054,22,132.0,1.1,1.8381,0.65542728
cold,0,1,0,0.001,0.1,512,3,5,4,256,6000,8.0,2633729,1,1,9974,1110,600015,9,54,54054,23,138.0,1.15,1.92165,0.66841775
cold,0,1,0,0.001,0.1,512,3,5,4,256,6000,8.0,2633729,1,1,9974,1110,600015,9,54,54054,24,144.0,1.2,2.0052,0.68044639
cold,0,1,0,0.001,0.1,512,3,5,4,256,6000,8.0,2633729,1,1,9974,1110,600015,9,54,54054,25,150.0,1.25,2.08875,0.69115818
cold,0,1,0,0.001,0.1,512,3,5,4,256,6000,8.0,2633729,1,1,9974,1110,600015,9,54,54054,26,156.0,1.3,2.1723,0.70082915
cold,0,1,0,0.001,0.1,512,3,5,4,256,6000,8.0,2633729,1,1,9974,1110,600015,9,54,54054,27,162.0,1.35,2.25585,0.70938981
cold,0,1,0,0.001,0.1,512,3,5,4,256,6000,8.0,2633729,1,1,9974,1110,600015,9,54,54054,28,168.0,1.4,2.3394,0.71571922
cold,0,1,0,0.001,0.1,512,3,5,4,256,6000,8.0,2633729,1,1,9974,1110,600015,9,54,54054,29,174.0,1.45,2.42295,0.71967757
cold,0,1,0,0.001,0.1,512,3,5,4,256,6000,8.0,2633729,1,1,9974,1110,600015,9,54,54054,30,180.0,1.5,2.5065,0.72398746
cold,0,1,0,0.001,0.1,512,3,5,4,256,6000,8.0,2633729,1,1,9974,1110,600015,9,54,54054,31,186.0,1.55,2.59005,0.73118013
cold,0,1,0,0.001,0.1,512,3,5,4,256,6000,8.0,2633729,1,1,9974,1110,600015,9,54,54054,32,192.0,1.6,2.6736,0.74083555
cold,0,1,0,0.001,0.1,512,3,5,4,256,6000,8.0,2633729,1,1,9974,1110,600015,9,54,54054,33,198.0,1.65,2.75715,0.7511887
cold,0,1,0,0.001,0.1,512,3,5,4,256,6000,8.0,2633729,1,1,9974,1110,600015,9,54,54054,34,204.0,1.7,2.8407,0.76113838
cold,0,1,0,0.001,0.1,512,3,5,4,256,6000,8.0,2633729,1,1,9974,1110,600015,9,54,54054,35,210.0,1.75,2.92425,0.76997679
cold,0,1,0,0.001,0.1,512,3,5,4,256,6000,8.0,2633729,1,1,9974,1110,600015,9,54,54054,36,216.0,1.8,3.0078,0.77721083
cold,0,1,0,0.001,0.1,512,3,5,4,256,6000,8.0,2633729,1,1,9974,1110,600015,9,54,54054,37,222.0,1.85,3.09135,0.7831775
cold,0,1,0,0.001,0.1,512,3,5,4,256,6000,8.0,2633729,1,1,9974,1110,600015,9,54,54054,38,228.0,1.9,3.1749,0.78837687
cold,0,1,0,0.001,0.1,512,3,5,4,256,6000,8.0,2633729,1,1,9974,1110,600015,9,54,54054,39,234.0,1.95,3.25845,0.79277378
cold,0,1,0,0.001,0.1,512,3,5,4,256,6000,8.0,2633729,1,1,9974,1110,600015,9,54,54054,40,240.0,2.0,3.342,0.79630888
cold,0,1,0,0.001,0.1,512,3,5,4,256,6000,8.0,2633729,1,1,9974,1110,600015,9,54,54054,41,246.0,2.05,3.42555,0.7991606
cold,0,1,0,0.001,0.1,512,3,5,4,256,6000,8.0,2633729,1,1,9974,1110,600015,9,54,54054,42,252.0,2.1,3.5091,0.80174154
cold,0,1,0,0.001,0.1,512,3,5,4,256,6000,8.0,2633729,1,1,9974,1110,600015,9,54,54054,43,258.0,2.15,3.59265,0.80493551
cold,0,1,0,0.001,0.1,512,3,5,4,256,6000,8.0,2633729,1,1,9974,1110,600015,9,54,54054,44,264.0,2.2,3.6762,0.8097508
cold,0,1,0,0.001,0.1,512,3,5,4,256,6000,8.0,2633729,1,1,9974,1110,600015,9,54,54054,45,270.0,2.25,3.75975,0.81619471
cold,0,1,0,0.001,0.1,512,3,5,4,256,6000,8.0,2633729,1,1,9974,1110,600015,9,54,54054,46,276.0,2.3,3.8433,0.82286417
cold,0,1,0,0.001,0.1,512,3,5,4,256,6000,8.0,2633729,1,1,9974,1110,600015,9,54,54054,47,282.0,2.35,3.92685,0.82806784
cold,0,1,0,0.001,0.1,512,3,5,4,256,6000,8.0,2633729,1,1,9974,1110,600015,9,54,54054,48,288.0,2.4,4.0104,0.83140713
cold,0,1,0,0.001,0.1,512,3,5,4,256,6000,8.0,2633729,1,1,9974,1110,600015,9,54,54054,49,294.0,2.45,4.09395,0.83374453
cold,0,1,0,0.001,0.1,512,3,5,4,256,6000,8.0,2633729,1,1,9974,1110,600015,9,54,54054,50,300.0,2.5,4.1775,0.83569229
cold,0,1,0,0.001,0.1,512,3,5,4,256,6000,8.0,2633729,1,1,9974,1110,600015,9,54,54054,51,306.0,2.55,4.26105,0.83736354
cold,0,1,0,0.001,0.1,512,3,5,4,256,6000,8.0,2633729,1,1,9974,1110,600015,9,54,54054,52,312.0,2.6,4.3446,0.83897251
cold,0,1,0,0.001,0.1,512,3,5,4,256,6000,8.0,2633729,1,1,9974,1110,600015,9,54,54054,53,318.0,2.65,4.42815,0.84052986
cold,0,1,0,0.001,0.1,512,3,5,4,256,6000,8.0,2633729,1,1,9974,1110,600015,9,54,54054,54,324.0,2.7,4.5117,0.84174907
cold,0,1,0,0.001,0.1,512,3,5,4,256,6000,8.0,2633729,1,1,9974,1110,600015,9,54,54054,55,330.0,2.75,4.59525,0.84252435
cold,0,1,0,0.001,0.1,512,3,5,4,256,6000,8.0,2633729,1,1,9974,1110,600015,9,54,54054,56,336.0,2.8,4.6788,0.84302711
cold,0,1,0,0.001,0.1,512,3,5,4,256,6000,8.0,2633729,1,1,9974,1110,600015,9,54,54054,57,342.0,2.85,4.76235,0.84339011
cold,0,1,0,0.001,0.1,512,3,5,4,256,6000,8.0,2633729,1,1,9974,1110,600015,9,54,54054,58,348.0,2.9,4.8459,0.8433978
cold,0,1,0,0.001,0.1,512,3,5,4,256,6000,8.0,2633729,1,1,9974,1110,600015,9,54,54054,59,354.0,2.95,4.92945,0.84285724
cold,0,1,0,0.001,0.1,512,3,5,4,256,6000,8.0,2633729,1,1,9974,1110,600015,9,54,54054,60,360.0,3.0,5.013,0.84282368
cold,0,1,0,0.001,0.1,512,3,5,4,256,6000,8.0,2633729,1,1,9974,1110,600015,9,54,54054,61,366.0,3.05,5.09655,0.84510869
cold,0,1,0,0.001,0.1,512,3,5,4,256,6000,8.0,2633729,1,1,9974,1110,600015,9,54,54054,62,372.0,3.1,5.1801,0.84986186
cold,0,1,0,0.001,0.1,512,3,5,4,256,6000,8.0,2633729,1,1,9974,1110,600015,9,54,54054,63,378.0,3.15,5.26365,0.85497236
cold,0,1,0,0.001,0.1,512,3,5,4,256,6000,8.0,2633729,1,1,9974,1110,600015,9,54,54054,64,384.0,3.2,5.3472,0.85810655
cold,0,1,0,0.001,0.1,512,3,5,4,256,6000,8.0,2633729,1,1,9974,1110,600015,9,54,54054,65,390.0,3.25,5.43075,0.85886359
cold,0,1,0,0.001,0.1,512,3,5,4,256,6000,8.0,2633729,1,1,9974,1110,600015,9,54,54054,66,396.0,3.3,5.5143,0.85853606
cold,0,1,0,0.001,0.1,512,3,5,4,256,6000,8.0,2633729,1,1,9974,1110,600015,9,54,54054,67,402.0,3.35,5.59785,0.85790044
cold,0,1,0,0.001,0.1,512,3,5,4,256,6000,8.0,2633729,1,1,9974,1110,600015,9,54,54054,68,408.0,3.4,5.6814,0.85667974
cold,0,1,0,0.001,0.1,512,3,5,4,256,6000,8.0,2633729,1,1,9974,1110,600015,9,54,54054,69,414.0,3.45,5.76495,0.85505193
cold,0,1,0,0.001,0.1,512,3,5,4,256,6000,8.0,2633729,1,1,9974,1110,600015,9,54,54054,70,420.0,3.5,5.8485,0.85418969
cold,0,1,0,0.001,0.1,512,3,5,4,256,6000,8.0,2633729,1,1,9974,1110,600015,9,54,54054,71,426.0,3.55,5.93205,0.85523021
cold,0,1,0,0.001,0.1,512,3,5,4,256,6000,8.0,2633729,1,1,9974,1110,600015,9,54,54054,72,432.0,3.6,6.0156,0.85807663
cold,0,1,0,0.001,0.1,512,3,5,4,256,6000,8.0,2633729,1,1,9974,1110,600015,9,54,54054,73,438.0,3.65,6.09915,0.86171943
cold,0,1,0,0.001,0.1,512,3,5,4,256,6000,8.0,2633729,1,1,9974,1110,600015,9,54,54054,74,444.0,3.7,6.1827,0.86557394
cold,0,1,0,0.001,0.1,512,3,5,4,256,6000,8.0,2633729,1,1,9974,1110,600015,9,54,54054,75,450.0,3.75,6.26625,0.86938864
cold,0,1,0,0.001,0.1,512,3,5,4,256,6000,8.0,2633729,1,1,9974,1110,600015,9,54,54054,76,456.0,3.8,6.3498,0.87235522
cold,0,1,0,0.001,0.1,512,3,5,4,256,6000,8.0,2633729,1,1,9974,1110,600015,9,54,54054,77,462.0,3.85,6.43335,0.8731336
cold,0,1,0,0.001,0.1,512,3,5,4,256,6000,8.0,2633729,1,1,9974,1110,600015,9,54,54054,78,468.0,3.9,6.5169,0.87103134
cold,0,1,0,0.001,0.1,512,3,5,4,256,6000,8.0,2633729,1,1,9974,1110,600015,9,54,54054,79,474.0,3.95,6.60045,0.86709583
cold,0,1,0,0.001,0.1,512,3,5,4,256,6000,8.0,2633729,1,1,9974,1110,600015,9,54,54054,80,480.0,4.0,6.684,0.86375958
cold,0,1,0,0.001,0.1,512,3,5,4,256,6000,8.0,2633729,1,1,9974,1110,600015,9,54,54054,81,486.0,4.05,6.76755,0.86304599
cold,0,1,0,0.001,0.1,512,3,5,4,256,6000,8.0,2633729,1,1,9974,1110,600015,9,54,54054,82,492.0,4.1,6.8511,0.86512691
cold,0,1,0,0.001,0.1,512,3,5,4,256,6000,8.0,2633729,1,1,9974,1110,600015,9,54,54054,83,498.0,4.15,6.93465,0.86851841
cold,0,1,0,0.001,0.1,512,3,5,4,256,6000,8.0,2633729,1,1,9974,1110,600015,9,54,54054,84,504.0,4.2,7.0182,0.87132329
cold,0,1,0,0.001,0.1,512,3,5,4,256,6000,8.0,2633729,1,1,9974,1110,600015,9,54,54054,85,510.0,4.25,7.10175,0.87291467
cold,0,1,0,0.001,0.1,512,3,5,4,256,6000,8.0,2633729,1,1,9974,1110,600015,9,54,54054,86,516.0,4.3,7.1853,0.87392128
cold,0,1,0,0.001,0.1,512,3,5,4,256,6000,8.0,2633729,1,1,9974,1110,600015,9,54,54054,87,522.0,4.35,7.26885,0.87425154
cold,0,1,0,0.001,0.1,512,3,5,4,256,6000,8.0,2633729,1,1,9974,1110,600015,9,54,54054,88,528.0,4.4,7.3524,0.87340271
cold,0,1,0,0.001,0.1,512,3,5,4,256,6000,8.0,2633729,1,1,9974,1110,600015,9,54,54054,89,534.0,4.45,7.43595,0.87235665
cold,0,1,0,0.001,0.1,512,3,5,4,256,6000,8.0,2633729,1,1,9974,1110,600015,9,54,54054,90,540.0,4.5,7.5195,0.87253684
cold,0,1,0,0.001,0.1,512,3,5,4,256,6000,8.0,2633729,1,1,9974,1110,600015,9,54,54054,91,546.0,4.55,7.60305,0.87390035
cold,0,1,0,0.001,0.1,512,3,5,4,256,6000,8.0,2633729,1,1,9974,1110,600015,9,54,54054,92,552.0,4.6,7.6866,0.87534356
cold,0,1,0,0.001,0.1,512,3,5,4,256,6000,8.0,2633729,1,1,9974,1110,600015,9,54,54054,93,558.0,4.65,7.77015,0.87637436
cold,0,1,0,0.001,0.1,512,3,5,4,256,6000,8.0,2633729,1,1,9974,1110,600015,9,54,54054,94,564.0,4.7,7.8537,0.87795568
cold,0,1,0,0.001,0.1,512,3,5,4,256,6000,8.0,2633729,1,1,9974,1110,600015,9,54,54054,95,570.0,4.75,7.93725,0.88082266
cold,0,1,0,0.001,0.1,512,3,5,4,256,6000,8.0,2633729,1,1,9974,1110,600015,9,54,54054,96,576.0,4.8,8.0208,0.88363272
cold,0,1,0,0.001,0.1,512,3,5,4,256,6000,8.0,2633729,1,1,9974,1110,600015,9,54,54054,97,582.0,4.85,8.10435,0.88444704
cold,0,1,0,0.001,0.1,512,3,5,4,256,6000,8.0,2633729,1,1,9974,1110,600015,9,54,54054,98,588.0,4.9,8.1879,0.88312596
cold,0,1,0,0.001,0.1,512,3,5,4,256,6000,8.0,2633729,1,1,9974,1110,600015,9,54,54054,99,594.0,4.95,8.27145,0.881109
cold,0,1,0,0.001,0.1,512,3,5,4,256,6000,8.0,2633729,1,1,9974,1110,600015,9,54,54054,100,600.0,5.0,8.355,0.88004339
cold,0,1,0,0.001,0.1,512,3,5,4,256,6000,8.0,2633729,1,1,9974,1110,600015,9,54,54054,101,606.0,5.05,8.43855,0.880831
cold,0,1,0,0.001,0.1,512,3,5,4,256,6000,8.0,2633729,1,1,9974,1110,600015,9,54,54054,102,612.0,5.1,8.5221,0.88302416
cold,0,1,0,0.001,0.1,512,3,5,4,256,6000,8.0,2633729,1,1,9974,1110,600015,9,54,54054,103,618.0,5.15,8.60565,0.88503492
cold,0,1,0,0.001,0.1,512,3,5,4,256,6000,8.0,2633729,1,1,9974,1110,600015,9,54,54054,104,624.0,5.2,8.6892,0.8854391
cold,0,1,0,0.001,0.1,512,3,5,4,256,6000,8.0,2633729,1,1,9974,1110,600015,9,54,54054,105,630.0,5.25,8.77275,0.88435668
cold,0,1,0,0.001,0.1,512,3,5,4,256,6000,8.0,2633729,1,1,9974,1110,600015,9,54,54054,106,636.0,5.3,8.8563,0.88253874
cold,0,1,0,0.001,0.1,512,3,5,4,256,6000,8.0,2633729,1,1,9974,1110,600015,9,54,54054,107,642.0,5.35,8.93985,0.87979883
cold,0,1,0,0.001,0.1,512,3,5,4,256,6000,8.0,2633729,1,1,9974,1110,600015,9,54,54054,108,648.0,5.4,9.0234,0.87596399
cold,0,1,0,0.001,0.1,512,3,5,4,256,6000,8.0,2633729,1,1,9974,1110,600015,9,54,54054,109,654.0,5.45,9.10695,0.87212819
cold,0,1,0,0.001,0.1,512,3,5,4,256,6000,8.0,2633729,1,1,9974,1110,600015,9,54,54054,110,660.0,5.5,9.1905,0.8699556
cold,0,1,0,0.001,0.1,512,3,5,4,256,6000,8.0,2633729,1,1,9974,1110,600015,9,54,54054,111,666.0,5.55,9.27405,0.87014902
cold,0,1,0,0.001,0.1,512,3,5,4,256,6000,8.0,2633729,1,1,9974,1110,600015,9,54,54054,112,672.0,5.6,9.3576,0.87237662
cold,0,1,0,0.001,0.1,512,3,5,4,256,6000,8.0,2633729,1,1,9974,1110,600015,9,54,54054,113,678.0,5.65,9.44115,0.87645811
cold,0,1,0,0.001,0.1,512,3,5,4,256,6000,8.0,2633729,1,1,9974,1110,600015,9,54,54054,114,684.0,5.7,9.5247,0.88222903
cold,0,1,0,0.001,0.1,512,3,5,4,256,6000,8.0,2633729,1,1,9974,1110,600015,9,54,54054,115,690.0,5.75,9.60825,0.8886106
cold,0,1,0,0.001,0.1,512,3,5,4,256,6000,8.0,2633729,1,1,9974,1110,600015,9,54,54054,116,696.0,5.8,9.6918,0.89415789
cold,0,1,0,0.001,0.1,512,3,5,4,256,6000,8.0,2633729,1,1,9974,1110,600015,9,54,54054,117,702.0,5.85,9.77535,0.89739859
cold,0,1,0,0.001,0.1,512,3,5,4,256,6000,8.0,2633729,1,1,9974,1110,600015,9,54,54054,118,708.0,5.9,9.8589,0.89712197
cold,0,1,0,0.001,0.1,512,3,5,4,256,6000,8.0,2633729,1,1,9974,1110,600015,9,54,54054,119,714.0,5.95,9.94245,0.89380628
cold,0,1,0,0.001,0.1,512,3,5,4,256,6000,8.0,2633729,1,1,9974,1110,600015,9,54,54054,120,720.0,6.0,10.026,0.88983804
cold,0,1,0,0.001,0.1,512,3,5,4,256,6000,8.0,2633729,1,1,9974,1110,600015,9,234,54234,1,6.0,0.05,0.08355,0.04397115
cold,0,1,0,0.001,0.1,512,3,5,4,256,6000,8.0,2633729,1,1,9974,1110,600015,9,234,54234,2,12.0,0.1,0.1671,0.05244489
cold,0,1,0,0.001,0.1,512,3,5,4,256,6000,8.0,2633729,1,1,9974,1110,600015,9,234,54234,3,18.0,0.15,0.25065,0.0623319
cold,0,1,0,0.001,0.1,512,3,5,4,256,6000,8.0,2633729,1,1,9974,1110,600015,9,234,54234,4,24.0,0.2,0.3342,0.07317656
cold,0,1,0,0.001,0.1,512,3,5,4,256,6000,8.0,2633729,1,1,9974,1110,600015,9,234,54234,5,30.0,0.25,0.41775,0.08482557
cold,0,1,0,0.001,0.1,512,3,5,4,256,6000,8.0,2633729,1,1,9974,1110,600015,9,234,54234,6,36.0,0.3,0.5013,0.09814981
cold,0,1,0,0.001,0.1,512,3,5,4,256,6000,8.0,2633729,1,1,9974,1110,600015,9,234,54234,7,42.0,0.35,0.58485,0.11270408
cold,0,1,0,0.001,0.1,512,3,5,4,256,6000,8.0,2633729,1,1,9974,1110,600015,9,234,54234,8,48.0,0.4,0.6684,0.12864074
cold,0,1,0,0.001,0.1,512,3,5,4,256,6000,8.0,2633729,1,1,9974,1110,600015,9,234,54234,9,54.0,0.45,0.75195,0.14632818
cold,0,1,0,0.001,0.1,512,3,5,4,256,6000,8.0,2633729,1,1,9974,1110,600015,9,234,54234,10,60.0,0.5,0.8355,0.16600877
cold,0,1,0,0.001,0.1,512,3,5,4,256,6000,8.0,2633729,1,1,9974,1110,600015,9,234,54234,11,66.0,0.55,0.91905,0.18705055
cold,0,1,0,0.001,0.1,512,3,5,4,256,6000,8.0,2633729,1,1,9974,1110,600015,9,234,54234,12,72.0,0.6,1.0026,0.20789149
cold,0,1,0,0.001,0.1,512,3,5,4,256,6000,8.0,2633729,1,1,9974,1110,600015,9,234,54234,13,78.0,0.65,1.08615,0.22795348
cold,0,1,0,0.001,0.1,512,3,5,4,256,6000,8.0,2633729,1,1,9974,1110,600015,9,234,54234,14,84.0,0.7,1.1697,0.2486417
cold,0,1,0,0.001,0.1,512,3,5,4,256,6000,8.0,2633729,1,1,9974,1110,600015,9,234,54234,15,90.0,0.75,1.25325,0.27100366
cold,0,1,0,0.001,0.1,512,3,5,4,256,6000,8.0,2633729,1,1,9974,1110,600015,9,234,54234,16,96.0,0.8,1.3368,0.29384604
cold,0,1,0,0.001,0.1,512,3,5,4,256,6000,8.0,2633729,1,1,9974,1110,600015,9,234,54234,17,102.0,0.85,1.42035,0.3153002
cold,0,1,0,0.001,0.1,512,3,5,4,256,6000,8.0,2633729,1,1,9974,1110,600015,9,234,54234,18,108.0,0.9,1.5039,0.3352344
cold,0,1,0,0.001,0.1,512,3,5,4,256,6000,8.0,2633729,1,1,9974,1110,600015,9,234,54234,19,114.0,0.95,1.58745,0.35537398
cold,0,1,0,0.001,0.1,512,3,5,4,256,6000,8.0,2633729,1,1,9974,1110,600015,9,234,54234,20,120.0,1.0,1.671,0.37732002
cold,0,1,0,0.001,0.1,512,3,5,4,256,6000,8.0,2633729,1,1,9974,1110,600015,9,234,54234,21,126.0,1.05,1.75455,0.40053579
cold,0,1,0,0.001,0.1,512,3,5,4,256,6000,8.0,2633729,1,1,9974,1110,600015,9,234,54234,22,132.0,1.1,1.8381,0.4240562
cold,0,1,0,0.001,0.1,512,3,5,4,256,6000,8.0,2633729,1,1,9974,1110,600015,9,234,54234,23,138.0,1.15,1.92165,0.44855508
cold,0,1,0,0.001,0.1,512,3,5,4,256,6000,8.0,2633729,1,1,9974,1110,600015,9,234,54234,24,144.0,1.2,2.0052,0.47387516
cold,0,1,0,0.001,0.1,512,3,5,4,256,6000,8.0,2633729,1,1,9974,1110,600015,9,234,54234,25,150.0,1.25,2.08875,0.4990052
cold,0,1,0,0.001,0.1,512,3,5,4,256,6000,8.0,2633729,1,1,9974,1110,600015,9,234,54234,26,156.0,1.3,2.1723,0.52256453
cold,0,1,0,0.001,0.1,512,3,5,4,256,6000,8.0,2633729,1,1,9974,1110,600015,9,234,54234,27,162.0,1.35,2.25585,0.54358971
cold,0,1,0,0.001,0.1,512,3,5,4,256,6000,8.0,2633729,1,1,9974,1110,600015,9,234,54234,28,168.0,1.4,2.3394,0.56184733
cold,0,1,0,0.001,0.1,512,3,5,4,256,6000,8.0,2633729,1,1,9974,1110,600015,9,234,54234,29,174.0,1.45,2.42295,0.57805806
cold,0,1,0,0.001,0.1,512,3,5,4,256,6000,8.0,2633729,1,1,9974,1110,600015,9,234,54234,30,180.0,1.5,2.5065,0.59538186
cold,0,1,0,0.001,0.1,512,3,5,4,256,6000,8.0,2633729,1,1,9974,1110,600015,9,234,54234,31,186.0,1.55,2.59005,0.61611456
cold,0,1,0,0.001,0.1,512,3,5,4,256,6000,8.0,2633729,1,1,9974,1110,600015,9,234,54234,32,192.0,1.6,2.6736,0.63936538
cold,0,1,0,0.001,0.1,512,3,5,4,256,6000,8.0,2633729,1,1,9974,1110,600015,9,234,54234,33,198.0,1.65,2.75715,0.66267717
cold,0,1,0,0.001,0.1,512,3,5,4,256,6000,8.0,2633729,1,1,9974,1110,600015,9,234,54234,34,204.0,1.7,2.8407,0.6841799
cold,0,1,0,0.001,0.1,512,3,5,4,256,6000,8.0,2633729,1,1,9974,1110,600015,9,234,54234,35,210.0,1.75,2.92425,0.70250022
cold,0,1,0,0.001,0.1,512,3,5,4,256,6000,8.0,2633729,1,1,9974,1110,600015,9,234,54234,36,216.0,1.8,3.0078,0.71608239
cold,0,1,0,0.001,0.1,512,3,5,4,256,6000,8.0,2633729,1,1,9974,1110,600015,9,234,54234,37,222.0,1.85,3.09135,0.72577858
cold,0,1,0,0.001,0.1,512,3,5,4,256,6000,8.0,2633729,1,1,9974,1110,600015,9,234,54234,38,228.0,1.9,3.1749,0.73460734
cold,0,1,0,0.001,0.1,512,3,5,4,256,6000,8.0,2633729,1,1,9974,1110,600015,9,234,54234,39,234.0,1.95,3.25845,0.74425095
cold,0,1,0,0.001,0.1,512,3,5,4,256,6000,8.0,2633729,1,1,9974,1110,600015,9,234,54234,40,240.0,2.0,3.342,0.75457317
cold,0,1,0,0.001,0.1,512,3,5,4,256,6000,8.0,2633729,1,1,9974,1110,600015,9,234,54234,41,246.0,2.05,3.42555,0.76597929
cold,0,1,0,0.001,0.1,512,3,5,4,256,6000,8.0,2633729,1,1,9974,1110,600015,9,234,54234,42,252.0,2.1,3.5091,0.77888751
cold,0,1,0,0.001,0.1,512,3,5,4,256,6000,8.0,2633729,1,1,9974,1110,600015,9,234,54234,43,258.0,2.15,3.59265,0.79236633
cold,0,1,0,0.001,0.1,512,3,5,4,256,6000,8.0,2633729,1,1,9974,1110,600015,9,234,54234,44,264.0,2.2,3.6762,0.80515474
cold,0,1,0,0.001,0.1,512,3,5,4,256,6000,8.0,2633729,1,1,9974,1110,600015,9,234,54234,45,270.0,2.25,3.75975,0.81727648
cold,0,1,0,0.001,0.1,512,3,5,4,256,6000,8.0,2633729,1,1,9974,1110,600015,9,234,54234,46,276.0,2.3,3.8433,0.82905322
cold,0,1,0,0.001,0.1,512,3,5,4,256,6000,8.0,2633729,1,1,9974,1110,600015,9,234,54234,47,282.0,2.35,3.92685,0.83975321
cold,0,1,0,0.001,0.1,512,3,5,4,256,6000,8.0,2633729,1,1,9974,1110,600015,9,234,54234,48,288.0,2.4,4.0104,0.8485285
cold,0,1,0,0.001,0.1,512,3,5,4,256,6000,8.0,2633729,1,1,9974,1110,600015,9,234,54234,49,294.0,2.45,4.09395,0.8554607
cold,0,1,0,0.001,0.1,512,3,5,4,256,6000,8.0,2633729,1,1,9974,1110,600015,9,234,54234,50,300.0,2.5,4.1775,0.86051667
cold,0,1,0,0.001,0.1,512,3,5,4,256,6000,8.0,2633729,1,1,9974,1110,600015,9,234,54234,51,306.0,2.55,4.26105,0.86386818
cold,0,1,0,0.001,0.1,512,3,5,4,256,6000,8.0,2633729,1,1,9974,1110,600015,9,234,54234,52,312.0,2.6,4.3446,0.86795986
cold,0,1,0,0.001,0.1,512,3,5,4,256,6000,8.0,2633729,1,1,9974,1110,600015,9,234,54234,53,318.0,2.65,4.42815,0.87576008
cold,0,1,0,0.001,0.1,512,3,5,4,256,6000,8.0,2633729,1,1,9974,1110,600015,9,234,54234,54,324.0,2.7,4.5117,0.88621628
cold,0,1,0,0.001,0.1,512,3,5,4,256,6000,8.0,2633729,1,1,9974,1110,600015,9,234,54234,55,330.0,2.75,4.59525,0.89444906
cold,0,1,0,0.001,0.1,512,3,5,4,256,6000,8.0,2633729,1,1,9974,1110,600015,9,234,54234,56,336.0,2.8,4.6788,0.89731407
cold,0,1,0,0.001,0.1,512,3,5,4,256,6000,8.0,2633729,1,1,9974,1110,600015,9,234,54234,57,342.0,2.85,4.76235,0.89771909
cold,0,1,0,0.001,0.1,512,3,5,4,256,6000,8.0,2633729,1,1,9974,1110,600015,9,234,54234,58,348.0,2.9,4.8459,0.9007473
cold,0,1,0,0.001,0.1,512,3,5,4,256,6000,8.0,2633729,1,1,9974,1110,600015,9,234,54234,59,354.0,2.95,4.92945,0.90721023
cold,0,1,0,0.001,0.1,512,3,5,4,256,6000,8.0,2633729,1,1,9974,1110,600015,9,234,54234,60,360.0,3.0,5.013,0.91528118
cold,0,1,0,0.001,0.1,512,3,5,4,256,6000,8.0,2633729,1,1,9974,1110,600015,9,234,54234,61,366.0,3.05,5.09655,0.92320848
cold,0,1,0,0.001,0.1,512,3,5,4,256,6000,8.0,2633729,1,1,9974,1110,600015,9,234,54234,62,372.0,3.1,5.1801,0.93045026
cold,0,1,0,0.001,0.1,512,3,5,4,256,6000,8.0,2633729,1,1,9974,1110,600015,9,234,54234,63,378.0,3.15,5.26365,0.93691057
cold,0,1,0,0.001,0.1,512,3,5,4,256,6000,8.0,2633729,1,1,9974,1110,600015,9,234,54234,64,384.0,3.2,5.3472,0.94238859
cold,0,1,0,0.001,0.1,512,3,5,4,256,6000,8.0,2633729,1,1,9974,1110,600015,9,234,54234,65,390.0,3.25,5.43075,0.94673955
cold,0,1,0,0.001,0.1,512,3,5,4,256,6000,8.0,2633729,1,1,9974,1110,600015,9,234,54234,66,396.0,3.3,5.5143,0.94960326
cold,0,1,0,0.001,0.1,512,3,5,4,256,6000,8.0,2633729,1,1,9974,1110,600015,9,234,54234,67,402.0,3.35,5.59785,0.9513796
cold,0,1,0,0.001,0.1,512,3,5,4,256,6000,8.0,2633729,1,1,9974,1110,600015,9,234,54234,68,408.0,3.4,5.6814,0.95407081
cold,0,1,0,0.001,0.1,512,3,5,4,256,6000,8.0,2633729,1,1,9974,1110,600015,9,234,54234,69,414.0,3.45,5.76495,0.95827085
cold,0,1,0,0.001,0.1,512,3,5,4,256,6000,8.0,2633729,1,1,9974,1110,600015,9,234,54234,70,420.0,3.5,5.8485,0.96274304
cold,0,1,0,0.001,0.1,512,3,5,4,256,6000,8.0,2633729,1,1,9974,1110,600015,9,234,54234,71,426.0,3.55,5.93205,0.96741039
cold,0,1,0,0.001,0.1,512,3,5,4,256,6000,8.0,2633729,1,1,9974,1110,600015,9,234,54234,72,432.0,3.6,6.0156,0.9726969
cold,0,1,0,0.001,0.1,512,3,5,4,256,6000,8.0,2633729,1,1,9974,1110,600015,9,234,54234,73,438.0,3.65,6.09915,0.97787213
cold,0,1,0,0.001,0.1,512,3,5,4,256,6000,8.0,2633729,1,1,9974,1110,600015,9,234,54234,74,444.0,3.7,6.1827,0.9826256
cold,0,1,0,0.001,0.1,512,3,5,4,256,6000,8.0,2633729,1,1,9974,1110,600015,9,234,54234,75,450.0,3.75,6.26625,0.98689872
cold,0,1,0,0.001,0.1,512,3,5,4,256,6000,8.0,2633729,1,1,9974,1110,600015,9,234,54234,76,456.0,3.8,6.3498,0.98932433
cold,0,1,0,0.001,0.1,512,3,5,4,256,6000,8.0,2633729,1,1,9974,1110,600015,9,234,54234,77,462.0,3.85,6.43335,0.98898399
cold,0,1,0,0.001,0.1,512,3,5,4,256,6000,8.0,2633729,1,1,9974,1110,600015,9,234,54234,78,468.0,3.9,6.5169,0.98679441
cold,0,1,0,0.001,0.1,512,3,5,4,256,6000,8.0,2633729,1,1,9974,1110,600015,9,234,54234,79,474.0,3.95,6.60045,0.98385465
cold,0,1,0,0.001,0.1,512,3,5,4,256,6000,8.0,2633729,1,1,9974,1110,600015,9,234,54234,80,480.0,4.0,6.684,0.98093456
cold,0,1,0,0.001,0.1,512,3,5,4,256,6000,8.0,2633729,1,1,9974,1110,600015,9,234,54234,81,486.0,4.05,6.76755,0.97934383
cold,0,1,0,0.001,0.1,512,3,5,4,256,6000,8.0,2633729,1,1,9974,1110,600015,9,234,54234,82,492.0,4.1,6.8511,0.97996002
cold,0,1,0,0.001,0.1,512,3,5,4,256,6000,8.0,2633729,1,1,9974,1110,600015,9,234,54234,83,498.0,4.15,6.93465,0.98263586
cold,0,1,0,0.001,0.1,512,3,5,4,256,6000,8.0,2633729,1,1,9974,1110,600015,9,234,54234,84,504.0,4.2,7.0182,0.98665822
cold,0,1,0,0.001,0.1,512,3,5,4,256,6000,8.0,2633729,1,1,9974,1110,600015,9,234,54234,85,510.0,4.25,7.10175,0.98987103
cold,0,1,0,0.001,0.1,512,3,5,4,256,6000,8.0,2633729,1,1,9974,1110,600015,9,234,54234,86,516.0,4.3,7.1853,0.98947304
cold,0,1,0,0.001,0.1,512,3,5,4,256,6000,8.0,2633729,1,1,9974,1110,600015,9,234,54234,87,522.0,4.35,7.26885,0.98507309
cold,0,1,0,0.001,0.1,512,3,5,4,256,6000,8.0,2633729,1,1,9974,1110,600015,9,234,54234,88,528.0,4.4,7.3524,0.98001796
cold,0,1,0,0.001,0.1,512,3,5,4,256,6000,8.0,2633729,1,1,9974,1110,600015,9,234,54234,89,534.0,4.45,7.43595,0.97678673
cold,0,1,0,0.001,0.1,512,3,5,4,256,6000,8.0,2633729,1,1,9974,1110,600015,9,234,54234,90,540.0,4.5,7.5195,0.97644532
cold,0,1,0,0.001,0.1,512,3,5,4,256,6000,8.0,2633729,1,1,9974,1110,600015,9,234,54234,91,546.0,4.55,7.60305,0.9781813
cold,0,1,0,0.001,0.1,512,3,5,4,256,6000,8.0,2633729,1,1,9974,1110,600015,9,234,54234,92,552.0,4.6,7.6866,0.97963291
cold,0,1,0,0.001,0.1,512,3,5,4,256,6000,8.0,2633729,1,1,9974,1110,600015,9,234,54234,93,558.0,4.65,7.77015,0.97987026
cold,0,1,0,0.001,0.1,512,3,5,4,256,6000,8.0,2633729,1,1,9974,1110,600015,9,234,54234,94,564.0,4.7,7.8537,0.97968686
cold,0,1,0,0.001,0.1,512,3,5,4,256,6000,8.0,2633729,1,1,9974,1110,600015,9,234,54234,95,570.0,4.75,7.93725,0.9808681
cold,0,1,0,0.001,0.1,512,3,5,4,256,6000,8.0,2633729,1,1,9974,1110,600015,9,234,54234,96,576.0,4.8,8.0208,0.98442984
cold,0,1,0,0.001,0.1,512,3,5,4,256,6000,8.0,2633729,1,1,9974,1110,600015,9,234,54234,97,582.0,4.85,8.10435,0.98944116
cold,0,1,0,0.001,0.1,512,3,5,4,256,6000,8.0,2633729,1,1,9974,1110,600015,9,234,54234,98,588.0,4.9,8.1879,0.99408668
cold,0,1,0,0.001,0.1,512,3,5,4,256,6000,8.0,2633729,1,1,9974,1110,600015,9,234,54234,99,594.0,4.95,8.27145,0.99688596
cold,0,1,0,0.001,0.1,512,3,5,4,256,6000,8.0,2633729,1,1,9974,1110,600015,9,234,54234,100,600.0,5.0,8.355,0.99755317
cold,0,1,0,0.001,0.1,512,3,5,4,256,6000,8.0,2633729,1,1,9974,1110,600015,9,234,54234,101,606.0,5.05,8.43855,0.99694806
cold,0,1,0,0.001,0.1,512,3,5,4,256,6000,8.0,2633729,1,1,9974,1110,600015,9,234,54234,102,612.0,5.1,8.5221,0.99602211
cold,0,1,0,0.001,0.1,512,3,5,4,256,6000,8.0,2633729,1,1,9974,1110,600015,9,234,54234,103,618.0,5.15,8.60565,0.99594349
cold,0,1,0,0.001,0.1,512,3,5,4,256,6000,8.0,2633729,1,1,9974,1110,600015,9,234,54234,104,624.0,5.2,8.6892,0.99698925
cold,0,1,0,0.001,0.1,512,3,5,4,256,6000,8.0,2633729,1,1,9974,1110,600015,9,234,54234,105,630.0,5.25,8.77275,0.99772459
cold,0,1,0,0.001,0.1,512,3,5,4,256,6000,8.0,2633729,1,1,9974,1110,600015,9,234,54234,106,636.0,5.3,8.8563,0.99731028
cold,0,1,0,0.001,0.1,512,3,5,4,256,6000,8.0,2633729,1,1,9974,1110,600015,9,234,54234,107,642.0,5.35,8.93985,0.99611223
cold,0,1,0,0.001,0.1,512,3,5,4,256,6000,8.0,2633729,1,1,9974,1110,600015,9,234,54234,108,648.0,5.4,9.0234,0.99479181
cold,0,1,0,0.001,0.1,512,3,5,4,256,6000,8.0,2633729,1,1,9974,1110,600015,9,234,54234,109,654.0,5.45,9.10695,0.99398452
cold,0,1,0,0.001,0.1,512,3,5,4,256,6000,8.0,2633729,1,1,9974,1110,600015,9,234,54234,110,660.0,5.5,9.1905,0.99349815
cold,0,1,0,0.001,0.1,512,3,5,4,256,6000,8.0,2633729,1,1,9974,1110,600015,9,234,54234,111,666.0,5.55,9.27405,0.99254745
cold,0,1,0,0.001,0.1,512,3,5,4,256,6000,8.0,2633729,1,1,9974,1110,600015,9,234,54234,112,672.0,5.6,9.3576,0.99064898
cold,0,1,0,0.001,0.1,512,3,5,4,256,6000,8.0,2633729,1,1,9974,1110,600015,9,234,54234,113,678.0,5.65,9.44115,0.98872256
cold,0,1,0,0.001,0.1,512,3,5,4,256,6000,8.0,2633729,1,1,9974,1110,600015,9,234,54234,114,684.0,5.7,9.5247,0.98942959
cold,0,1,0,0.001,0.1,512,3,5,4,256,6000,8.0,2633729,1,1,9974,1110,600015,9,234,54234,115,690.0,5.75,9.60825,0.99441051
cold,0,1,0,0.001,0.1,512,3,5,4,256,6000,8.0,2633729,1,1,9974,1110,600015,9,234,54234,116,696.0,5.8,9.6918,1.00209427
cold,0,1,0,0.001,0.1,512,3,5,4,256,6000,8.0,2633729,1,1,9974,1110,600015,9,234,54234,117,702.0,5.85,9.77535,1.00938737
cold,0,1,0,0.001,0.1,512,3,5,4,256,6000,8.0,2633729,1,1,9974,1110,600015,9,234,54234,118,708.0,5.9,9.8589,1.0145942
cold,0,1,0,0.001,0.1,512,3,5,4,256,6000,8.0,2633729,1,1,9974,1110,600015,9,234,54234,119,714.0,5.95,9.94245,1.01714075
cold,0,1,0,0.001,0.1,512,3,5,4,256,6000,8.0,2633729,1,1,9974,1110,600015,9,234,54234,120,720.0,6.0,10.026,1.01676631
cold,0,1,0,0.001,0.1,512,3,5,4,256,6000,8.0,2633729,1,1,9974,1110,600015,9,1023,55023,1,6.0,0.05,0.08355,0.03851357
cold,0,1,0,0.001,0.1,512,3,5,4,256,6000,8.0,2633729,1,1,9974,1110,600015,9,1023,55023,2,12.0,0.1,0.1671,0.04600288
cold,0,1,0,0.001,0.1,512,3,5,4,256,6000,8.0,2633729,1,1,9974,1110,600015,9,1023,55023,3,18.0,0.15,0.25065,0.05478636
cold,0,1,0,0.001,0.1,512,3,5,4,256,6000,8.0,2633729,1,1,9974,1110,600015,9,1023,55023,4,24.0,0.2,0.3342,0.06322052
cold,0,1,0,0.001,0.1,512,3,5,4,256,6000,8.0,2633729,1,1,9974,1110,600015,9,1023,55023,5,30.0,0.25,0.41775,0.07159977
cold,0,1,0,0.001,0.1,512,3,5,4,256,6000,8.0,2633729,1,1,9974,1110,600015,9,1023,55023,6,36.0,0.3,0.5013,0.08307096
cold,0,1,0,0.001,0.1,512,3,5,4,256,6000,8.0,2633729,1,1,9974,1110,600015,9,1023,55023,7,42.0,0.35,0.58485,0.09507492
cold,0,1,0,0.001,0.1,512,3,5,4,256,6000,8.0,2633729,1,1,9974,1110,600015,9,1023,55023,8,48.0,0.4,0.6684,0.1073974
cold,0,1,0,0.001,0.1,512,3,5,4,256,6000,8.0,2633729,1,1,9974,1110,600015,9,1023,55023,9,54.0,0.45,0.75195,0.12059066
cold,0,1,0,0.001,0.1,512,3,5,4,256,6000,8.0,2633729,1,1,9974,1110,600015,9,1023,55023,10,60.0,0.5,0.8355,0.13503045
cold,0,1,0,0.001,0.1,512,3,5,4,256,6000,8.0,2633729,1,1,9974,1110,600015,9,1023,55023,11,66.0,0.55,0.91905,0.15003045
cold,0,1,0,0.001,0.1,512,3,5,4,256,6000,8.0,2633729,1,1,9974,1110,600015,9,1023,55023,12,72.0,0.6,1.0026,0.16531658
cold,0,1,0,0.001,0.1,512,3,5,4,256,6000,8.0,2633729,1,1,9974,1110,600015,9,1023,55023,13,78.0,0.65,1.08615,0.18195732
cold,0,1,0,0.001,0.1,512,3,5,4,256,6000,8.0,2633729,1,1,9974,1110,600015,9,1023,55023,14,84.0,0.7,1.1697,0.20178568
cold,0,1,0,0.001,0.1,512,3,5,4,256,6000,8.0,2633729,1,1,9974,1110,600015,9,1023,55023,15,90.0,0.75,1.25325,0.22400105
cold,0,1,0,0.001,0.1,512,3,5,4,256,6000,8.0,2633729,1,1,9974,1110,600015,9,1023,55023,16,96.0,0.8,1.3368,0.24599232
cold,0,1,0,0.001,0.1,512,3,5,4,256,6000,8.0,2633729,1,1,9974,1110,600015,9,1023,55023,17,102.0,0.85,1.42035,0.26630533
cold,0,1,0,0.001,0.1,512,3,5,4,256,6000,8.0,2633729,1,1,9974,1110,600015,9,1023,55023,18,108.0,0.9,1.5039,0.2854028
cold,0,1,0,0.001,0.1,512,3,5,4,256,6000,8.0,2633729,1,1,9974,1110,600015,9,1023,55023,19,114.0,0.95,1.58745,0.30455688
cold,0,1,0,0.001,0.1,512,3,5,4,256,6000,8.0,2633729,1,1,9974,1110,600015,9,1023,55023,20,120.0,1.0,1.671,0.32411695
cold,0,1,0,0.001,0.1,512,3,5,4,256,6000,8.0,2633729,1,1,9974,1110,600015,9,1023,55023,21,126.0,1.05,1.75455,0.34358555
cold,0,1,0,0.001,0.1,512,3,5,4,256,6000,8.0,2633729,1,1,9974,1110,600015,9,1023,55023,22,132.0,1.1,1.8381,0.36303061
cold,0,1,0,0.001,0.1,512,3,5,4,256,6000,8.0,2633729,1,1,9974,1110,600015,9,1023,55023,23,138.0,1.15,1.92165,0.38345024
cold,0,1,0,0.001,0.1,512,3,5,4,256,6000,8.0,2633729,1,1,9974,1110,600015,9,1023,55023,24,144.0,1.2,2.0052,0.40532902
cold,0,1,0,0.001,0.1,512,3,5,4,256,6000,8.0,2633729,1,1,9974,1110,600015,9,1023,55023,25,150.0,1.25,2.08875,0.42749766
cold,0,1,0,0.001,0.1,512,3,5,4,256,6000,8.0,2633729,1,1,9974,1110,600015,9,1023,55023,26,156.0,1.3,2.1723,0.44854772
cold,0,1,0,0.001,0.1,512,3,5,4,256,6000,8.0,2633729,1,1,9974,1110,600015,9,1023,55023,27,162.0,1.35,2.25585,0.467895
cold,0,1,0,0.001,0.1,512,3,5,4,256,6000,8.0,2633729,1,1,9974,1110,600015,9,1023,55023,28,168.0,1.4,2.3394,0.48581204
cold,0,1,0,0.001,0.1,512,3,5,4,256,6000,8.0,2633729,1,1,9974,1110,600015,9,1023,55023,29,174.0,1.45,2.42295,0.50310254
cold,0,1,0,0.001,0.1,512,3,5,4,256,6000,8.0,2633729,1,1,9974,1110,600015,9,1023,55023,30,180.0,1.5,2.5065,0.52077603
cold,0,1,0,0.001,0.1,512,3,5,4,256,6000,8.0,2633729,1,1,9974,1110,600015,9,1023,55023,31,186.0,1.55,2.59005,0.53964281
cold,0,1,0,0.001,0.1,512,3,5,4,256,6000,8.0,2633729,1,1,9974,1110,600015,9,1023,55023,32,192.0,1.6,2.6736,0.55901241
cold,0,1,0,0.001,0.1,512,3,5,4,256,6000,8.0,2633729,1,1,9974,1110,600015,9,1023,55023,33,198.0,1.65,2.75715,0.57681531
cold,0,1,0,0.001,0.1,512,3,5,4,256,6000,8.0,2633729,1,1,9974,1110,600015,9,1023,55023,34,204.0,1.7,2.8407,0.59294128
cold,0,1,0,0.001,0.1,512,3,5,4,256,6000,8.0,2633729,1,1,9974,1110,600015,9,1023,55023,35,210.0,1.75,2.92425,0.60947293
cold,0,1,0,0.001,0.1,512,3,5,4,256,6000,8.0,2633729,1,1,9974,1110,600015,9,1023,55023,36,216.0,1.8,3.0078,0.6273914
cold,0,1,0,0.001,0.1,512,3,5,4,256,6000,8.0,2633729,1,1,9974,1110,600015,9,1023,55023,37,222.0,1.85,3.09135,0.64667124
cold,0,1,0,0.001,0.1,512,3,5,4,256,6000,8.0,2633729,1,1,9974,1110,600015,9,1023,55023,38,228.0,1.9,3.1749,0.66686231
cold,0,1,0,0.001,0.1,512,3,5,4,256,6000,8.0,2633729,1,1,9974,1110,600015,9,1023,55023,39,234.0,1.95,3.25845,0.68589014
cold,0,1,0,0.001,0.1,512,3,5,4,256,6000,8.0,2633729,1,1,9974,1110,600015,9,1023,55023,40,240.0,2.0,3.342,0.70180577
cold,0,1,0,0.001,0.1,512,3,5,4,256,6000,8.0,2633729,1,1,9974,1110,600015,9,1023,55023,41,246.0,2.05,3.42555,0.71508014
cold,0,1,0,0.001,0.1,512,3,5,4,256,6000,8.0,2633729,1,1,9974,1110,600015,9,1023,55023,42,252.0,2.1,3.5091,0.72683555
cold,0,1,0,0.001,0.1,512,3,5,4,256,6000,8.0,2633729,1,1,9974,1110,600015,9,1023,55023,43,258.0,2.15,3.59265,0.73777491
cold,0,1,0,0.001,0.1,512,3,5,4,256,6000,8.0,2633729,1,1,9974,1110,600015,9,1023,55023,44,264.0,2.2,3.6762,0.74835545
cold,0,1,0,0.001,0.1,512,3,5,4,256,6000,8.0,2633729,1,1,9974,1110,600015,9,1023,55023,45,270.0,2.25,3.75975,0.75830042
cold,0,1,0,0.001,0.1,512,3,5,4,256,6000,8.0,2633729,1,1,9974,1110,600015,9,1023,55023,46,276.0,2.3,3.8433,0.76804107
cold,0,1,0,0.001,0.1,512,3,5,4,256,6000,8.0,2633729,1,1,9974,1110,600015,9,1023,55023,47,282.0,2.35,3.92685,0.77820468
cold,0,1,0,0.001,0.1,512,3,5,4,256,6000,8.0,2633729,1,1,9974,1110,600015,9,1023,55023,48,288.0,2.4,4.0104,0.78740817
cold,0,1,0,0.001,0.1,512,3,5,4,256,6000,8.0,2633729,1,1,9974,1110,600015,9,1023,55023,49,294.0,2.45,4.09395,0.79552794
cold,0,1,0,0.001,0.1,512,3,5,4,256,6000,8.0,2633729,1,1,9974,1110,600015,9,1023,55023,50,300.0,2.5,4.1775,0.80337405
cold,0,1,0,0.001,0.1,512,3,5,4,256,6000,8.0,2633729,1,1,9974,1110,600015,9,1023,55023,51,306.0,2.55,4.26105,0.80969405
cold,0,1,0,0.001,0.1,512,3,5,4,256,6000,8.0,2633729,1,1,9974,1110,600015,9,1023,55023,52,312.0,2.6,4.3446,0.81430924
cold,0,1,0,0.001,0.1,512,3,5,4,256,6000,8.0,2633729,1,1,9974,1110,600015,9,1023,55023,53,318.0,2.65,4.42815,0.82070053
cold,0,1,0,0.001,0.1,512,3,5,4,256,6000,8.0,2633729,1,1,9974,1110,600015,9,1023,55023,54,324.0,2.7,4.5117,0.83220005
cold,0,1,0,0.001,0.1,512,3,5,4,256,6000,8.0,2633729,1,1,9974,1110,600015,9,1023,55023,55,330.0,2.75,4.59525,0.84781265
cold,0,1,0,0.001,0.1,512,3,5,4,256,6000,8.0,2633729,1,1,9974,1110,600015,9,1023,55023,56,336.0,2.8,4.6788,0.86430997
cold,0,1,0,0.001,0.1,512,3,5,4,256,6000,8.0,2633729,1,1,9974,1110,600015,9,1023,55023,57,342.0,2.85,4.76235,0.87830472
cold,0,1,0,0.001,0.1,512,3,5,4,256,6000,8.0,2633729,1,1,9974,1110,600015,9,1023,55023,58,348.0,2.9,4.8459,0.88620049
cold,0,1,0,0.001,0.1,512,3,5,4,256,6000,8.0,2633729,1,1,9974,1110,600015,9,1023,55023,59,354.0,2.95,4.92945,0.88706183
cold,0,1,0,0.001,0.1,512,3,5,4,256,6000,8.0,2633729,1,1,9974,1110,600015,9,1023,55023,60,360.0,3.0,5.013,0.88497287
cold,0,1,0,0.001,0.1,512,3,5,4,256,6000,8.0,2633729,1,1,9974,1110,600015,9,1023,55023,61,366.0,3.05,5.09655,0.88493717
cold,0,1,0,0.001,0.1,512,3,5,4,256,6000,8.0,2633729,1,1,9974,1110,600015,9,1023,55023,62,372.0,3.1,5.1801,0.88848054
cold,0,1,0,0.001,0.1,512,3,5,4,256,6000,8.0,2633729,1,1,9974,1110,600015,9,1023,55023,63,378.0,3.15,5.26365,0.89427292
cold,0,1,0,0.001,0.1,512,3,5,4,256,6000,8.0,2633729,1,1,9974,1110,600015,9,1023,55023,64,384.0,3.2,5.3472,0.9009856
cold,0,1,0,0.001,0.1,512,3,5,4,256,6000,8.0,2633729,1,1,9974,1110,600015,9,1023,55023,65,390.0,3.25,5.43075,0.90793103
cold,0,1,0,0.001,0.1,512,3,5,4,256,6000,8.0,2633729,1,1,9974,1110,600015,9,1023,55023,66,396.0,3.3,5.5143,0.91466278
cold,0,1,0,0.001,0.1,512,3,5,4,256,6000,8.0,2633729,1,1,9974,1110,600015,9,1023,55023,67,402.0,3.35,5.59785,0.92026705
cold,0,1,0,0.001,0.1,512,3,5,4,256,6000,8.0,2633729,1,1,9974,1110,600015,9,1023,55023,68,408.0,3.4,5.6814,0.92366493
cold,0,1,0,0.001,0.1,512,3,5,4,256,6000,8.0,2633729,1,1,9974,1110,600015,9,1023,55023,69,414.0,3.45,5.76495,0.92495507
cold,0,1,0,0.001,0.1,512,3,5,4,256,6000,8.0,2633729,1,1,9974,1110,600015,9,1023,55023,70,420.0,3.5,5.8485,0.92599863
cold,0,1,0,0.001,0.1,512,3,5,4,256,6000,8.0,2633729,1,1,9974,1110,600015,9,1023,55023,71,426.0,3.55,5.93205,0.92918998
cold,0,1,0,0.001,0.1,512,3,5,4,256,6000,8.0,2633729,1,1,9974,1110,600015,9,1023,55023,72,432.0,3.6,6.0156,0.93509603
cold,0,1,0,0.001,0.1,512,3,5,4,256,6000,8.0,2633729,1,1,9974,1110,600015,9,1023,55023,73,438.0,3.65,6.09915,0.94156212
cold,0,1,0,0.001,0.1,512,3,5,4,256,6000,8.0,2633729,1,1,9974,1110,600015,9,1023,55023,74,444.0,3.7,6.1827,0.94713688
cold,0,1,0,0.001,0.1,512,3,5,4,256,6000,8.0,2633729,1,1,9974,1110,600015,9,1023,55023,75,450.0,3.75,6.26625,0.95238608
cold,0,1,0,0.001,0.1,512,3,5,4,256,6000,8.0,2633729,1,1,9974,1110,600015,9,1023,55023,76,456.0,3.8,6.3498,0.95824313
cold,0,1,0,0.001,0.1,512,3,5,4,256,6000,8.0,2633729,1,1,9974,1110,600015,9,1023,55023,77,462.0,3.85,6.43335,0.96370608
cold,0,1,0,0.001,0.1,512,3,5,4,256,6000,8.0,2633729,1,1,9974,1110,600015,9,1023,55023,78,468.0,3.9,6.5169,0.96644127
cold,0,1,0,0.001,0.1,512,3,5,4,256,6000,8.0,2633729,1,1,9974,1110,600015,9,1023,55023,79,474.0,3.95,6.60045,0.96654087
cold,0,1,0,0.001,0.1,512,3,5,4,256,6000,8.0,2633729,1,1,9974,1110,600015,9,1023,55023,80,480.0,4.0,6.684,0.96655089
cold,0,1,0,0.001,0.1,512,3,5,4,256,6000,8.0,2633729,1,1,9974,1110,600015,9,1023,55023,81,486.0,4.05,6.76755,0.96839881
cold,0,1,0,0.001,0.1,512,3,5,4,256,6000,8.0,2633729,1,1,9974,1110,600015,9,1023,55023,82,492.0,4.1,6.8511,0.97212958
cold,0,1,0,0.001,0.1,512,3,5,4,256,6000,8.0,2633729,1,1,9974,1110,600015,9,1023,55023,83,498.0,4.15,6.93465,0.97672975
cold,0,1,0,0.001,0.1,512,3,5,4,256,6000,8.0,2633729,1,1,9974,1110,600015,9,1023,55023,84,504.0,4.2,7.0182,0.98142475
cold,0,1,0,0.001,0.1,512,3,5,4,256,6000,8.0,2633729,1,1,9974,1110,600015,9,1023,55023,85,510.0,4.25,7.10175,0.98569155
cold,0,1,0,0.001,0.1,512,3,5,4,256,6000,8.0,2633729,1,1,9974,1110,600015,9,1023,55023,86,516.0,4.3,7.1853,0.98857391
cold,0,1,0,0.001,0.1,512,3,5,4,256,6000,8.0,2633729,1,1,9974,1110,600015,9,1023,55023,87,522.0,4.35,7.26885,0.98873693
cold,0,1,0,0.001,0.1,512,3,5,4,256,6000,8.0,2633729,1,1,9974,1110,600015,9,1023,55023,88,528.0,4.4,7.3524,0.98689479
cold,0,1,0,0.001,0.1,512,3,5,4,256,6000,8.0,2633729,1,1,9974,1110,600015,9,1023,55023,89,534.0,4.45,7.43595,0.9855302
cold,0,1,0,0.001,0.1,512,3,5,4,256,6000,8.0,2633729,1,1,9974,1110,600015,9,1023,55023,90,540.0,4.5,7.5195,0.98554957
cold,0,1,0,0.001,0.1,512,3,5,4,256,6000,8.0,2633729,1,1,9974,1110,600015,9,1023,55023,91,546.0,4.55,7.60305,0.9869557
cold,0,1,0,0.001,0.1,512,3,5,4,256,6000,8.0,2633729,1,1,9974,1110,600015,9,1023,55023,92,552.0,4.6,7.6866,0.98979545
cold,0,1,0,0.001,0.1,512,3,5,4,256,6000,8.0,2633729,1,1,9974,1110,600015,9,1023,55023,93,558.0,4.65,7.77015,0.99269354
cold,0,1,0,0.001,0.1,512,3,5,4,256,6000,8.0,2633729,1,1,9974,1110,600015,9,1023,55023,94,564.0,4.7,7.8537,0.9951058
cold,0,1,0,0.001,0.1,512,3,5,4,256,6000,8.0,2633729,1,1,9974,1110,600015,9,1023,55023,95,570.0,4.75,7.93725,0.99802721
cold,0,1,0,0.001,0.1,512,3,5,4,256,6000,8.0,2633729,1,1,9974,1110,600015,9,1023,55023,96,576.0,4.8,8.0208,1.00139165
cold,0,1,0,0.001,0.1,512,3,5,4,256,6000,8.0,2633729,1,1,9974,1110,600015,9,1023,55023,97,582.0,4.85,8.10435,1.00302351
cold,0,1,0,0.001,0.1,512,3,5,4,256,6000,8.0,2633729,1,1,9974,1110,600015,9,1023,55023,98,588.0,4.9,8.1879,0.99991924
cold,0,1,0,0.001,0.1,512,3,5,4,256,6000,8.0,2633729,1,1,9974,1110,600015,9,1023,55023,99,594.0,4.95,8.27145,0.9921006
cold,0,1,0,0.001,0.1,512,3,5,4,256,6000,8.0,2633729,1,1,9974,1110,600015,9,1023,55023,100,600.0,5.0,8.355,0.98415625
cold,0,1,0,0.001,0.1,512,3,5,4,256,6000,8.0,2633729,1,1,9974,1110,600015,9,1023,55023,101,606.0,5.05,8.43855,0.98062038
cold,0,1,0,0.001,0.1,512,3,5,4,256,6000,8.0,2633729,1,1,9974,1110,600015,9,1023,55023,102,612.0,5.1,8.5221,0.98105466
cold,0,1,0,0.001,0.1,512,3,5,4,256,6000,8.0,2633729,1,1,9974,1110,600015,9,1023,55023,103,618.0,5.15,8.60565,0.9819994
cold,0,1,0,0.001,0.1,512,3,5,4,256,6000,8.0,2633729,1,1,9974,1110,600015,9,1023,55023,104,624.0,5.2,8.6892,0.98238969
cold,0,1,0,0.001,0.1,512,3,5,4,256,6000,8.0,2633729,1,1,9974,1110,600015,9,1023,55023,105,630.0,5.25,8.77275,0.98393029
cold,0,1,0,0.001,0.1,512,3,5,4,256,6000,8.0,2633729,1,1,9974,1110,600015,9,1023,55023,106,636.0,5.3,8.8563,0.9871704
cold,0,1,0,0.001,0.1,512,3,5,4,256,6000,8.0,2633729,1,1,9974,1110,600015,9,1023,55023,107,642.0,5.35,8.93985,0.99060792
cold,0,1,0,0.001,0.1,512,3,5,4,256,6000,8.0,2633729,1,1,9974,1110,600015,9,1023,55023,108,648.0,5.4,9.0234,0.99192953
cold,0,1,0,0.001,0.1,512,3,5,4,256,6000,8.0,2633729,1,1,9974,1110,600015,9,1023,55023,109,654.0,5.45,9.10695,0.98927218
cold,0,1,0,0.001,0.1,512,3,5,4,256,6000,8.0,2633729,1,1,9974,1110,600015,9,1023,55023,110,660.0,5.5,9.1905,0.98397988
cold,0,1,0,0.001,0.1,512,3,5,4,256,6000,8.0,2633729,1,1,9974,1110,600015,9,1023,55023,111,666.0,5.55,9.27405,0.97936952
cold,0,1,0,0.001,0.1,512,3,5,4,256,6000,8.0,2633729,1,1,9974,1110,600015,9,1023,55023,112,672.0,5.6,9.3576,0.97614676
cold,0,1,0,0.001,0.1,512,3,5,4,256,6000,8.0,2633729,1,1,9974,1110,600015,9,1023,55023,113,678.0,5.65,9.44115,0.97353846
cold,0,1,0,0.001,0.1,512,3,5,4,256,6000,8.0,2633729,1,1,9974,1110,600015,9,1023,55023,114,684.0,5.7,9.5247,0.97325736
cold,0,1,0,0.001,0.1,512,3,5,4,256,6000,8.0,2633729,1,1,9974,1110,600015,9,1023,55023,115,690.0,5.75,9.60825,0.97678196
cold,0,1,0,0.001,0.1,512,3,5,4,256,6000,8.0,2633729,1,1,9974,1110,600015,9,1023,55023,116,696.0,5.8,9.6918,0.98220479
cold,0,1,0,0.001,0.1,512,3,5,4,256,6000,8.0,2633729,1,1,9974,1110,600015,9,1023,55023,117,702.0,5.85,9.77535,0.98657823
cold,0,1,0,0.001,0.1,512,3,5,4,256,6000,8.0,2633729,1,1,9974,1110,600015,9,1023,55023,118,708.0,5.9,9.8589,0.98846877
cold,0,1,0,0.001,0.1,512,3,5,4,256,6000,8.0,2633729,1,1,9974,1110,600015,9,1023,55023,119,714.0,5.95,9.94245,0.98791057
cold,0,1,0,0.001,0.1,512,3,5,4,256,6000,8.0,2633729,1,1,9974,1110,600015,9,1023,55023,120,720.0,6.0,10.026,0.98561853
cold,0,1,0,0.001,0.1,512,3,5,4,256,6000,8.0,2633729,1,1,9974,1110,600015,9,4468,58468,1,6.0,0.05,0.08355,0.03798789
cold,0,1,0,0.001,0.1,512,3,5,4,256,6000,8.0,2633729,1,1,9974,1110,600015,9,4468,58468,2,12.0,0.1,0.1671,0.04507053
cold,0,1,0,0.001,0.1,512,3,5,4,256,6000,8.0,2633729,1,1,9974,1110,600015,9,4468,58468,3,18.0,0.15,0.25065,0.05342169
cold,0,1,0,0.001,0.1,512,3,5,4,256,6000,8.0,2633729,1,1,9974,1110,600015,9,4468,58468,4,24.0,0.2,0.3342,0.06066988
cold,0,1,0,0.001,0.1,512,3,5,4,256,6000,8.0,2633729,1,1,9974,1110,600015,9,4468,58468,5,30.0,0.25,0.41775,0.06708129
cold,0,1,0,0.001,0.1,512,3,5,4,256,6000,8.0,2633729,1,1,9974,1110,600015,9,4468,58468,6,36.0,0.3,0.5013,0.07666451
cold,0,1,0,0.001,0.1,512,3,5,4,256,6000,8.0,2633729,1,1,9974,1110,600015,9,4468,58468,7,42.0,0.35,0.58485,0.08669437
cold,0,1,0,0.001,0.1,512,3,5,4,256,6000,8.0,2633729,1,1,9974,1110,600015,9,4468,58468,8,48.0,0.4,0.6684,0.09666581
cold,0,1,0,0.001,0.1,512,3,5,4,256,6000,8.0,2633729,1,1,9974,1110,600015,9,4468,58468,9,54.0,0.45,0.75195,0.10695737
cold,0,1,0,0.001,0.1,512,3,5,4,256,6000,8.0,2633729,1,1,9974,1110,600015,9,4468,58468,10,60.0,0.5,0.8355,0.11830463
cold,0,1,0,0.001,0.1,512,3,5,4,256,6000,8.0,2633729,1,1,9974,1110,600015,9,4468,58468,11,66.0,0.55,0.91905,0.13080181
cold,0,1,0,0.001,0.1,512,3,5,4,256,6000,8.0,2633729,1,1,9974,1110,600015,9,4468,58468,12,72.0,0.6,1.0026,0.14417475
cold,0,1,0,0.001,0.1,512,3,5,4,256,6000,8.0,2633729,1,1,9974,1110,600015,9,4468,58468,13,78.0,0.65,1.08615,0.15873617
cold,0,1,0,0.001,0.1,512,3,5,4,256,6000,8.0,2633729,1,1,9974,1110,600015,9,4468,58468,14,84.0,0.7,1.1697,0.17621355
cold,0,1,0,0.001,0.1,512,3,5,4,256,6000,8.0,2633729,1,1,9974,1110,600015,9,4468,58468,15,90.0,0.75,1.25325,0.1972131
cold,0,1,0,0.001,0.1,512,3,5,4,256,6000,8.0,2633729,1,1,9974,1110,600015,9,4468,58468,16,96.0,0.8,1.3368,0.2200506
cold,0,1,0,0.001,0.1,512,3,5,4,256,6000,8.0,2633729,1,1,9974,1110,600015,9,4468,58468,17,102.0,0.85,1.42035,0.2427984
cold,0,1,0,0.001,0.1,512,3,5,4,256,6000,8.0,2633729,1,1,9974,1110,600015,9,4468,58468,18,108.0,0.9,1.5039,0.26444313
cold,0,1,0,0.001,0.1,512,3,5,4,256,6000,8.0,2633729,1,1,9974,1110,600015,9,4468,58468,19,114.0,0.95,1.58745,0.28476739
cold,0,1,0,0.001,0.1,512,3,5,4,256,6000,8.0,2633729,1,1,9974,1110,600015,9,4468,58468,20,120.0,1.0,1.671,0.30459332
cold,0,1,0,0.001,0.1,512,3,5,4,256,6000,8.0,2633729,1,1,9974,1110,600015,9,4468,58468,21,126.0,1.05,1.75455,0.32457778
cold,0,1,0,0.001,0.1,512,3,5,4,256,6000,8.0,2633729,1,1,9974,1110,600015,9,4468,58468,22,132.0,1.1,1.8381,0.34497675
cold,0,1,0,0.001,0.1,512,3,5,4,256,6000,8.0,2633729,1,1,9974,1110,600015,9,4468,58468,23,138.0,1.15,1.92165,0.36646968
cold,0,1,0,0.001,0.1,512,3,5,4,256,6000,8.0,2633729,1,1,9974,1110,600015,9,4468,58468,24,144.0,1.2,2.0052,0.38945809
cold,0,1,0,0.001,0.1,512,3,5,4,256,6000,8.0,2633729,1,1,9974,1110,600015,9,4468,58468,25,150.0,1.25,2.08875,0.41301751
cold,0,1,0,0.001,0.1,512,3,5,4,256,6000,8.0,2633729,1,1,9974,1110,600015,9,4468,58468,26,156.0,1.3,2.1723,0.4362517
cold,0,1,0,0.001,0.1,512,3,5,4,256,6000,8.0,2633729,1,1,9974,1110,600015,9,4468,58468,27,162.0,1.35,2.25585,0.45934364
cold,0,1,0,0.001,0.1,512,3,5,4,256,6000,8.0,2633729,1,1,9974,1110,600015,9,4468,58468,28,168.0,1.4,2.3394,0.48165387
cold,0,1,0,0.001,0.1,512,3,5,4,256,6000,8.0,2633729,1,1,9974,1110,600015,9,4468,58468,29,174.0,1.45,2.42295,0.50223362
cold,0,1,0,0.001,0.1,512,3,5,4,256,6000,8.0,2633729,1,1,9974,1110,600015,9,4468,58468,30,180.0,1.5,2.5065,0.52172732
cold,0,1,0,0.001,0.1,512,3,5,4,256,6000,8.0,2633729,1,1,9974,1110,600015,9,4468,58468,31,186.0,1.55,2.59005,0.54148108
cold,0,1,0,0.001,0.1,512,3,5,4,256,6000,8.0,2633729,1,1,9974,1110,600015,9,4468,58468,32,192.0,1.6,2.6736,0.56116843
cold,0,1,0,0.001,0.1,512,3,5,4,256,6000,8.0,2633729,1,1,9974,1110,600015,9,4468,58468,33,198.0,1.65,2.75715,0.57898748
cold,0,1,0,0.001,0.1,512,3,5,4,256,6000,8.0,2633729,1,1,9974,1110,600015,9,4468,58468,34,204.0,1.7,2.8407,0.59429061
cold,0,1,0,0.001,0.1,512,3,5,4,256,6000,8.0,2633729,1,1,9974,1110,600015,9,4468,58468,35,210.0,1.75,2.92425,0.60824853
cold,0,1,0,0.001,0.1,512,3,5,4,256,6000,8.0,2633729,1,1,9974,1110,600015,9,4468,58468,36,216.0,1.8,3.0078,0.62205952
cold,0,1,0,0.001,0.1,512,3,5,4,256,6000,8.0,2633729,1,1,9974,1110,600015,9,4468,58468,37,222.0,1.85,3.09135,0.63683116
cold,0,1,0,0.001,0.1,512,3,5,4,256,6000,8.0,2633729,1,1,9974,1110,600015,9,4468,58468,38,228.0,1.9,3.1749,0.65470296
cold,0,1,0,0.001,0.1,512,3,5,4,256,6000,8.0,2633729,1,1,9974,1110,600015,9,4468,58468,39,234.0,1.95,3.25845,0.67641431
cold,0,1,0,0.001,0.1,512,3,5,4,256,6000,8.0,2633729,1,1,9974,1110,600015,9,4468,58468,40,240.0,2.0,3.342,0.70093828
cold,0,1,0,0.001,0.1,512,3,5,4,256,6000,8.0,2633729,1,1,9974,1110,600015,9,4468,58468,41,246.0,2.05,3.42555,0.7263217
cold,0,1,0,0.001,0.1,512,3,5,4,256,6000,8.0,2633729,1,1,9974,1110,600015,9,4468,58468,42,252.0,2.1,3.5091,0.74834967
cold,0,1,0,0.001,0.1,512,3,5,4,256,6000,8.0,2633729,1,1,9974,1110,600015,9,4468,58468,43,258.0,2.15,3.59265,0.76359153
cold,0,1,0,0.001,0.1,512,3,5,4,256,6000,8.0,2633729,1,1,9974,1110,600015,9,4468,58468,44,264.0,2.2,3.6762,0.77211583
cold,0,1,0,0.001,0.1,512,3,5,4,256,6000,8.0,2633729,1,1,9974,1110,600015,9,4468,58468,45,270.0,2.25,3.75975,0.77591717
cold,0,1,0,0.001,0.1,512,3,5,4,256,6000,8.0,2633729,1,1,9974,1110,600015,9,4468,58468,46,276.0,2.3,3.8433,0.77808404
cold,0,1,0,0.001,0.1,512,3,5,4,256,6000,8.0,2633729,1,1,9974,1110,600015,9,4468,58468,47,282.0,2.35,3.92685,0.7818414
cold,0,1,0,0.001,0.1,512,3,5,4,256,6000,8.0,2633729,1,1,9974,1110,600015,9,4468,58468,48,288.0,2.4,4.0104,0.78847069
cold,0,1,0,0.001,0.1,512,3,5,4,256,6000,8.0,2633729,1,1,9974,1110,600015,9,4468,58468,49,294.0,2.45,4.09395,0.7980004
cold,0,1,0,0.001,0.1,512,3,5,4,256,6000,8.0,2633729,1,1,9974,1110,600015,9,4468,58468,50,300.0,2.5,4.1775,0.81035024
cold,0,1,0,0.001,0.1,512,3,5,4,256,6000,8.0,2633729,1,1,9974,1110,600015,9,4468,58468,51,306.0,2.55,4.26105,0.82403469
cold,0,1,0,0.001,0.1,512,3,5,4,256,6000,8.0,2633729,1,1,9974,1110,600015,9,4468,58468,52,312.0,2.6,4.3446,0.83595234
cold,0,1,0,0.001,0.1,512,3,5,4,256,6000,8.0,2633729,1,1,9974,1110,600015,9,4468,58468,53,318.0,2.65,4.42815,0.84390295
cold,0,1,0,0.001,0.1,512,3,5,4,256,6000,8.0,2633729,1,1,9974,1110,600015,9,4468,58468,54,324.0,2.7,4.5117,0.84856945
cold,0,1,0,0.001,0.1,512,3,5,4,256,6000,8.0,2633729,1,1,9974,1110,600015,9,4468,58468,55,330.0,2.75,4.59525,0.8518393
cold,0,1,0,0.001,0.1,512,3,5,4,256,6000,8.0,2633729,1,1,9974,1110,600015,9,4468,58468,56,336.0,2.8,4.6788,0.85512096
cold,0,1,0,0.001,0.1,512,3,5,4,256,6000,8.0,2633729,1,1,9974,1110,600015,9,4468,58468,57,342.0,2.85,4.76235,0.85936397
cold,0,1,0,0.001,0.1,512,3,5,4,256,6000,8.0,2633729,1,1,9974,1110,600015,9,4468,58468,58,348.0,2.9,4.8459,0.86496419
cold,0,1,0,0.001,0.1,512,3,5,4,256,6000,8.0,2633729,1,1,9974,1110,600015,9,4468,58468,59,354.0,2.95,4.92945,0.87119526
cold,0,1,0,0.001,0.1,512,3,5,4,256,6000,8.0,2633729,1,1,9974,1110,600015,9,4468,58468,60,360.0,3.0,5.013,0.87648684
cold,0,1,0,0.001,0.1,512,3,5,4,256,6000,8.0,2633729,1,1,9974,1110,600015,9,4468,58468,61,366.0,3.05,5.09655,0.88055998
cold,0,1,0,0.001,0.1,512,3,5,4,256,6000,8.0,2633729,1,1,9974,1110,600015,9,4468,58468,62,372.0,3.1,5.1801,0.88456333
cold,0,1,0,0.001,0.1,512,3,5,4,256,6000,8.0,2633729,1,1,9974,1110,600015,9,4468,58468,63,378.0,3.15,5.26365,0.89040357
cold,0,1,0,0.001,0.1,512,3,5,4,256,6000,8.0,2633729,1,1,9974,1110,600015,9,4468,58468,64,384.0,3.2,5.3472,0.8985554
cold,0,1,0,0.001,0.1,512,3,5,4,256,6000,8.0,2633729,1,1,9974,1110,600015,9,4468,58468,65,390.0,3.25,5.43075,0.90784603
cold,0,1,0,0.001,0.1,512,3,5,4,256,6000,8.0,2633729,1,1,9974,1110,600015,9,4468,58468,66,396.0,3.3,5.5143,0.9172399
cold,0,1,0,0.001,0.1,512,3,5,4,256,6000,8.0,2633729,1,1,9974,1110,600015,9,4468,58468,67,402.0,3.35,5.59785,0.92644358
cold,0,1,0,0.001,0.1,512,3,5,4,256,6000,8.0,2633729,1,1,9974,1110,600015,9,4468,58468,68,408.0,3.4,5.6814,0.93405724
cold,0,1,0,0.001,0.1,512,3,5,4,256,6000,8.0,2633729,1,1,9974,1110,600015,9,4468,58468,69,414.0,3.45,5.76495,0.93723541
cold,0,1,0,0.001,0.1,512,3,5,4,256,6000,8.0,2633729,1,1,9974,1110,600015,9,4468,58468,70,420.0,3.5,5.8485,0.93597269
cold,0,1,0,0.001,0.1,512,3,5,4,256,6000,8.0,2633729,1,1,9974,1110,600015,9,4468,58468,71,426.0,3.55,5.93205,0.93328279
cold,0,1,0,0.001,0.1,512,3,5,4,256,6000,8.0,2633729,1,1,9974,1110,600015,9,4468,58468,72,432.0,3.6,6.0156,0.93141866
cold,0,1,0,0.001,0.1,512,3,5,4,256,6000,8.0,2633729,1,1,9974,1110,600015,9,4468,58468,73,438.0,3.65,6.09915,0.93157381
cold,0,1,0,0.001,0.1,512,3,5,4,256,6000,8.0,2633729,1,1,9974,1110,600015,9,4468,58468,74,444.0,3.7,6.1827,0.93429261
cold,0,1,0,0.001,0.1,512,3,5,4,256,6000,8.0,2633729,1,1,9974,1110,600015,9,4468,58468,75,450.0,3.75,6.26625,0.9384076
cold,0,1,0,0.001,0.1,512,3,5,4,256,6000,8.0,2633729,1,1,9974,1110,600015,9,4468,58468,76,456.0,3.8,6.3498,0.94203144
cold,0,1,0,0.001,0.1,512,3,5,4,256,6000,8.0,2633729,1,1,9974,1110,600015,9,4468,58468,77,462.0,3.85,6.43335,0.94426131
cold,0,1,0,0.001,0.1,512,3,5,4,256,6000,8.0,2633729,1,1,9974,1110,600015,9,4468,58468,78,468.0,3.9,6.5169,0.9452582
cold,0,1,0,0.001,0.1,512,3,5,4,256,6000,8.0,2633729,1,1,9974,1110,600015,9,4468,58468,79,474.0,3.95,6.60045,0.94641215
cold,0,1,0,0.001,0.1,512,3,5,4,256,6000,8.0,2633729,1,1,9974,1110,600015,9,4468,58468,80,480.0,4.0,6.684,0.94973516
cold,0,1,0,0.001,0.1,512,3,5,4,256,6000,8.0,2633729,1,1,9974,1110,600015,9,4468,58468,81,486.0,4.05,6.76755,0.95605373
cold,0,1,0,0.001,0.1,512,3,5,4,256,6000,8.0,2633729,1,1,9974,1110,600015,9,4468,58468,82,492.0,4.1,6.8511,0.96347469
cold,0,1,0,0.001,0.1,512,3,5,4,256,6000,8.0,2633729,1,1,9974,1110,600015,9,4468,58468,83,498.0,4.15,6.93465,0.968485
cold,0,1,0,0.001,0.1,512,3,5,4,256,6000,8.0,2633729,1,1,9974,1110,600015,9,4468,58468,84,504.0,4.2,7.0182,0.96954638
cold,0,1,0,0.001,0.1,512,3,5,4,256,6000,8.0,2633729,1,1,9974,1110,600015,9,4468,58468,85,510.0,4.25,7.10175,0.96824843
cold,0,1,0,0.001,0.1,512,3,5,4,256,6000,8.0,2633729,1,1,9974,1110,600015,9,4468,58468,86,516.0,4.3,7.1853,0.96641302
cold,0,1,0,0.001,0.1,512,3,5,4,256,6000,8.0,2633729,1,1,9974,1110,600015,9,4468,58468,87,522.0,4.35,7.26885,0.9637056
cold,0,1,0,0.001,0.1,512,3,5,4,256,6000,8.0,2633729,1,1,9974,1110,600015,9,4468,58468,88,528.0,4.4,7.3524,0.95949751
cold,0,1,0,0.001,0.1,512,3,5,4,256,6000,8.0,2633729,1,1,9974,1110,600015,9,4468,58468,89,534.0,4.45,7.43595,0.95557475
cold,0,1,0,0.001,0.1,512,3,5,4,256,6000,8.0,2633729,1,1,9974,1110,600015,9,4468,58468,90,540.0,4.5,7.5195,0.95407909
cold,0,1,0,0.001,0.1,512,3,5,4,256,6000,8.0,2633729,1,1,9974,1110,600015,9,4468,58468,91,546.0,4.55,7.60305,0.95526659
cold,0,1,0,0.001,0.1,512,3,5,4,256,6000,8.0,2633729,1,1,9974,1110,600015,9,4468,58468,92,552.0,4.6,7.6866,0.95791966
cold,0,1,0,0.001,0.1,512,3,5,4,256,6000,8.0,2633729,1,1,9974,1110,600015,9,4468,58468,93,558.0,4.65,7.77015,0.96005994
cold,0,1,0,0.001,0.1,512,3,5,4,256,6000,8.0,2633729,1,1,9974,1110,600015,9,4468,58468,94,564.0,4.7,7.8537,0.96089971
cold,0,1,0,0.001,0.1,512,3,5,4,256,6000,8.0,2633729,1,1,9974,1110,600015,9,4468,58468,95,570.0,4.75,7.93725,0.96140665
cold,0,1,0,0.001,0.1,512,3,5,4,256,6000,8.0,2633729,1,1,9974,1110,600015,9,4468,58468,96,576.0,4.8,8.0208,0.96301931
cold,0,1,0,0.001,0.1,512,3,5,4,256,6000,8.0,2633729,1,1,9974,1110,600015,9,4468,58468,97,582.0,4.85,8.10435,0.96603036
cold,0,1,0,0.001,0.1,512,3,5,4,256,6000,8.0,2633729,1,1,9974,1110,600015,9,4468,58468,98,588.0,4.9,8.1879,0.96874082
cold,0,1,0,0.001,0.1,512,3,5,4,256,6000,8.0,2633729,1,1,9974,1110,600015,9,4468,58468,99,594.0,4.95,8.27145,0.9695031
cold,0,1,0,0.001,0.1,512,3,5,4,256,6000,8.0,2633729,1,1,9974,1110,600015,9,4468,58468,100,600.0,5.0,8.355,0.96849859
cold,0,1,0,0.001,0.1,512,3,5,4,256,6000,8.0,2633729,1,1,9974,1110,600015,9,4468,58468,101,606.0,5.05,8.43855,0.96792209
cold,0,1,0,0.001,0.1,512,3,5,4,256,6000,8.0,2633729,1,1,9974,1110,600015,9,4468,58468,102,612.0,5.1,8.5221,0.9690966
cold,0,1,0,0.001,0.1,512,3,5,4,256,6000,8.0,2633729,1,1,9974,1110,600015,9,4468,58468,103,618.0,5.15,8.60565,0.97125369
cold,0,1,0,0.001,0.1,512,3,5,4,256,6000,8.0,2633729,1,1,9974,1110,600015,9,4468,58468,104,624.0,5.2,8.6892,0.9733308
cold,0,1,0,0.001,0.1,512,3,5,4,256,6000,8.0,2633729,1,1,9974,1110,600015,9,4468,58468,105,630.0,5.25,8.77275,0.97521555
cold,0,1,0,0.001,0.1,512,3,5,4,256,6000,8.0,2633729,1,1,9974,1110,600015,9,4468,58468,106,636.0,5.3,8.8563,0.97693974
cold,0,1,0,0.001,0.1,512,3,5,4,256,6000,8.0,2633729,1,1,9974,1110,600015,9,4468,58468,107,642.0,5.35,8.93985,0.9770239
cold,0,1,0,0.001,0.1,512,3,5,4,256,6000,8.0,2633729,1,1,9974,1110,600015,9,4468,58468,108,648.0,5.4,9.0234,0.97401494
cold,0,1,0,0.001,0.1,512,3,5,4,256,6000,8.0,2633729,1,1,9974,1110,600015,9,4468,58468,109,654.0,5.45,9.10695,0.96887863
cold,0,1,0,0.001,0.1,512,3,5,4,256,6000,8.0,2633729,1,1,9974,1110,600015,9,4468,58468,110,660.0,5.5,9.1905,0.96480954
cold,0,1,0,0.001,0.1,512,3,5,4,256,6000,8.0,2633729,1,1,9974,1110,600015,9,4468,58468,111,666.0,5.55,9.27405,0.96403039
cold,0,1,0,0.001,0.1,512,3,5,4,256,6000,8.0,2633729,1,1,9974,1110,600015,9,4468,58468,112,672.0,5.6,9.3576,0.96656615
cold,0,1,0,0.001,0.1,512,3,5,4,256,6000,8.0,2633729,1,1,9974,1110,600015,9,4468,58468,113,678.0,5.65,9.44115,0.97028905
cold,0,1,0,0.001,0.1,512,3,5,4,256,6000,8.0,2633729,1,1,9974,1110,600015,9,4468,58468,114,684.0,5.7,9.5247,0.97265553
cold,0,1,0,0.001,0.1,512,3,5,4,256,6000,8.0,2633729,1,1,9974,1110,600015,9,4468,58468,115,690.0,5.75,9.60825,0.97268093
cold,0,1,0,0.001,0.1,512,3,5,4,256,6000,8.0,2633729,1,1,9974,1110,600015,9,4468,58468,116,696.0,5.8,9.6918,0.97071809
cold,0,1,0,0.001,0.1,512,3,5,4,256,6000,8.0,2633729,1,1,9974,1110,600015,9,4468,58468,117,702.0,5.85,9.77535,0.96816897
cold,0,1,0,0.001,0.1,512,3,5,4,256,6000,8.0,2633729,1,1,9974,1110,600015,9,4468,58468,118,708.0,5.9,9.8589,0.96737772
cold,0,1,0,0.001,0.1,512,3,5,4,256,6000,8.0,2633729,1,1,9974,1110,600015,9,4468,58468,119,714.0,5.95,9.94245,0.96918309
cold,0,1,0,0.001,0.1,512,3,5,4,256,6000,8.0,2633729,1,1,9974,1110,600015,9,4468,58468,120,720.0,6.0,10.026,0.97170758
cold,0,1,0,0.001,0.1,512,3,5,4,256,6000,8.0,2633729,1,1,9974,1110,600015,9,6000,60000,1,6.0,0.05,0.08355,0.03919359
cold,0,1,0,0.001,0.1,512,3,5,4,256,6000,8.0,2633729,1,1,9974,1110,600015,9,6000,60000,2,12.0,0.1,0.1671,0.04673377
cold,0,1,0,0.001,0.1,512,3,5,4,256,6000,8.0,2633729,1,1,9974,1110,600015,9,6000,60000,3,18.0,0.15,0.25065,0.05531213
cold,0,1,0,0.001,0.1,512,3,5,4,256,6000,8.0,2633729,1,1,9974,1110,600015,9,6000,60000,4,24.0,0.2,0.3342,0.06290226
cold,0,1,0,0.001,0.1,512,3,5,4,256,6000,8.0,2633729,1,1,9974,1110,600015,9,6000,60000,5,30.0,0.25,0.41775,0.06949217
cold,0,1,0,0.001,0.1,512,3,5,4,256,6000,8.0,2633729,1,1,9974,1110,600015,9,6000,60000,6,36.0,0.3,0.5013,0.07889213
cold,0,1,0,0.001,0.1,512,3,5,4,256,6000,8.0,2633729,1,1,9974,1110,600015,9,6000,60000,7,42.0,0.35,0.58485,0.08867459
cold,0,1,0,0.001,0.1,512,3,5,4,256,6000,8.0,2633729,1,1,9974,1110,600015,9,6000,60000,8,48.0,0.4,0.6684,0.09848384
cold,0,1,0,0.001,0.1,512,3,5,4,256,6000,8.0,2633729,1,1,9974,1110,600015,9,6000,60000,9,54.0,0.45,0.75195,0.10842212
cold,0,1,0,0.001,0.1,512,3,5,4,256,6000,8.0,2633729,1,1,9974,1110,600015,9,6000,60000,10,60.0,0.5,0.8355,0.11958437
cold,0,1,0,0.001,0.1,512,3,5,4,256,6000,8.0,2633729,1,1,9974,1110,600015,9,6000,60000,11,66.0,0.55,0.91905,0.13230994
cold,0,1,0,0.001,0.1,512,3,5,4,256,6000,8.0,2633729,1,1,9974,1110,600015,9,6000,60000,12,72.0,0.6,1.0026,0.14639488
cold,0,1,0,0.001,0.1,512,3,5,4,256,6000,8.0,2633729,1,1,9974,1110,600015,9,6000,60000,13,78.0,0.65,1.08615,0.16215356
cold,0,1,0,0.001,0.1,512,3,5,4,256,6000,8.0,2633729,1,1,9974,1110,600015,9,6000,60000,14,84.0,0.7,1.1697,0.18121445
cold,0,1,0,0.001,0.1,512,3,5,4,256,6000,8.0,2633729,1,1,9974,1110,600015,9,6000,60000,15,90.0,0.75,1.25325,0.20391457
cold,0,1,0,0.001,0.1,512,3,5,4,256,6000,8.0,2633729,1,1,9974,1110,600015,9,6000,60000,16,96.0,0.8,1.3368,0.22841646
cold,0,1,0,0.001,0.1,512,3,5,4,256,6000,8.0,2633729,1,1,9974,1110,600015,9,6000,60000,17,102.0,0.85,1.42035,0.25300106
cold,0,1,0,0.001,0.1,512,3,5,4,256,6000,8.0,2633729,1,1,9974,1110,600015,9,6000,60000,18,108.0,0.9,1.5039,0.27695253
cold,0,1,0,0.001,0.1,512,3,5,4,256,6000,8.0,2633729,1,1,9974,1110,600015,9,6000,60000,19,114.0,0.95,1.58745,0.30069181
cold,0,1,0,0.001,0.1,512,3,5,4,256,6000,8.0,2633729,1,1,9974,1110,600015,9,6000,60000,20,120.0,1.0,1.671,0.32503158
cold,0,1,0,0.001,0.1,512,3,5,4,256,6000,8.0,2633729,1,1,9974,1110,600015,9,6000,60000,21,126.0,1.05,1.75455,0.34970888
cold,0,1,0,0.001,0.1,512,3,5,4,256,6000,8.0,2633729,1,1,9974,1110,600015,9,6000,60000,22,132.0,1.1,1.8381,0.37414321
cold,0,1,0,0.001,0.1,512,3,5,4,256,6000,8.0,2633729,1,1,9974,1110,600015,9,6000,60000,23,138.0,1.15,1.92165,0.39897659
cold,0,1,0,0.001,0.1,512,3,5,4,256,6000,8.0,2633729,1,1,9974,1110,600015,9,6000,60000,24,144.0,1.2,2.0052,0.42482075
cold,0,1,0,0.001,0.1,512,3,5,4,256,6000,8.0,2633729,1,1,9974,1110,600015,9,6000,60000,25,150.0,1.25,2.08875,0.45138463
cold,0,1,0,0.001,0.1,512,3,5,4,256,6000,8.0,2633729,1,1,9974,1110,600015,9,6000,60000,26,156.0,1.3,2.1723,0.4770762
cold,0,1,0,0.001,0.1,512,3,5,4,256,6000,8.0,2633729,1,1,9974,1110,600015,9,6000,60000,27,162.0,1.35,2.25585,0.5001955
cold,0,1,0,0.001,0.1,512,3,5,4,256,6000,8.0,2633729,1,1,9974,1110,600015,9,6000,60000,28,168.0,1.4,2.3394,0.51950276
cold,0,1,0,0.001,0.1,512,3,5,4,256,6000,8.0,2633729,1,1,9974,1110,600015,9,6000,60000,29,174.0,1.45,2.42295,0.53523529
cold,0,1,0,0.001,0.1,512,3,5,4,256,6000,8.0,2633729,1,1,9974,1110,600015,9,6000,60000,30,180.0,1.5,2.5065,0.55050421
cold,0,1,0,0.001,0.1,512,3,5,4,256,6000,8.0,2633729,1,1,9974,1110,600015,9,6000,60000,31,186.0,1.55,2.59005,0.56855512
cold,0,1,0,0.001,0.1,512,3,5,4,256,6000,8.0,2633729,1,1,9974,1110,600015,9,6000,60000,32,192.0,1.6,2.6736,0.58848602
cold,0,1,0,0.001,0.1,512,3,5,4,256,6000,8.0,2633729,1,1,9974,1110,600015,9,6000,60000,33,198.0,1.65,2.75715,0.60761726
cold,0,1,0,0.001,0.1,512,3,5,4,256,6000,8.0,2633729,1,1,9974,1110,600015,9,6000,60000,34,204.0,1.7,2.8407,0.62501138
cold,0,1,0,0.001,0.1,512,3,5,4,256,6000,8.0,2633729,1,1,9974,1110,600015,9,6000,60000,35,210.0,1.75,2.92425,0.64124316
cold,0,1,0,0.001,0.1,512,3,5,4,256,6000,8.0,2633729,1,1,9974,1110,600015,9,6000,60000,36,216.0,1.8,3.0078,0.65614456
cold,0,1,0,0.001,0.1,512,3,5,4,256,6000,8.0,2633729,1,1,9974,1110,600015,9,6000,60000,37,222.0,1.85,3.09135,0.67097825
cold,0,1,0,0.001,0.1,512,3,5,4,256,6000,8.0,2633729,1,1,9974,1110,600015,9,6000,60000,38,228.0,1.9,3.1749,0.68876356
cold,0,1,0,0.001,0.1,512,3,5,4,256,6000,8.0,2633729,1,1,9974,1110,600015,9,6000,60000,39,234.0,1.95,3.25845,0.71129465
cold,0,1,0,0.001,0.1,512,3,5,4,256,6000,8.0,2633729,1,1,9974,1110,600015,9,6000,60000,40,240.0,2.0,3.342,0.73673904
cold,0,1,0,0.001,0.1,512,3,5,4,256,6000,8.0,2633729,1,1,9974,1110,600015,9,6000,60000,41,246.0,2.05,3.42555,0.76084602
cold,0,1,0,0.001,0.1,512,3,5,4,256,6000,8.0,2633729,1,1,9974,1110,600015,9,6000,60000,42,252.0,2.1,3.5091,0.78046525
cold,0,1,0,0.001,0.1,512,3,5,4,256,6000,8.0,2633729,1,1,9974,1110,600015,9,6000,60000,43,258.0,2.15,3.59265,0.79502934
cold,0,1,0,0.001,0.1,512,3,5,4,256,6000,8.0,2633729,1,1,9974,1110,600015,9,6000,60000,44,264.0,2.2,3.6762,0.80511481
cold,0,1,0,0.001,0.1,512,3,5,4,256,6000,8.0,2633729,1,1,9974,1110,600015,9,6000,60000,45,270.0,2.25,3.75975,0.81123966
cold,0,1,0,0.001,0.1,512,3,5,4,256,6000,8.0,2633729,1,1,9974,1110,600015,9,6000,60000,46,276.0,2.3,3.8433,0.8144505
cold,0,1,0,0.001,0.1,512,3,5,4,256,6000,8.0,2633729,1,1,9974,1110,600015,9,6000,60000,47,282.0,2.35,3.92685,0.81735659
cold,0,1,0,0.001,0.1,512,3,5,4,256,6000,8.0,2633729,1,1,9974,1110,600015,9,6000,60000,48,288.0,2.4,4.0104,0.82214087
cold,0,1,0,0.001,0.1,512,3,5,4,256,6000,8.0,2633729,1,1,9974,1110,600015,9,6000,60000,49,294.0,2.45,4.09395,0.82874209
cold,0,1,0,0.001,0.1,512,3,5,4,256,6000,8.0,2633729,1,1,9974,1110,600015,9,6000,60000,50,300.0,2.5,4.1775,0.83564073
cold,0,1,0,0.001,0.1,512,3,5,4,256,6000,8.0,2633729,1,1,9974,1110,600015,9,6000,60000,51,306.0,2.55,4.26105,0.84229159
cold,0,1,0,0.001,0.1,512,3,5,4,256,6000,8.0,2633729,1,1,9974,1110,600015,9,6000,60000,52,312.0,2.6,4.3446,0.85003036
cold,0,1,0,0.001,0.1,512,3,5,4,256,6000,8.0,2633729,1,1,9974,1110,600015,9,6000,60000,53,318.0,2.65,4.42815,0.85987645
cold,0,1,0,0.001,0.1,512,3,5,4,256,6000,8.0,2633729,1,1,9974,1110,600015,9,6000,60000,54,324.0,2.7,4.5117,0.87103617
cold,0,1,0,0.001,0.1,512,3,5,4,256,6000,8.0,2633729,1,1,9974,1110,600015,9,6000,60000,55,330.0,2.75,4.59525,0.88110501
cold,0,1,0,0.001,0.1,512,3,5,4,256,6000,8.0,2633729,1,1,9974,1110,600015,9,6000,60000,56,336.0,2.8,4.6788,0.88821995
cold,0,1,0,0.001,0.1,512,3,5,4,256,6000,8.0,2633729,1,1,9974,1110,600015,9,6000,60000,57,342.0,2.85,4.76235,0.89289045
cold,0,1,0,0.001,0.1,512,3,5,4,256,6000,8.0,2633729,1,1,9974,1110,600015,9,6000,60000,58,348.0,2.9,4.8459,0.89767444
cold,0,1,0,0.001,0.1,512,3,5,4,256,6000,8.0,2633729,1,1,9974,1110,600015,9,6000,60000,59,354.0,2.95,4.92945,0.90328652
cold,0,1,0,0.001,0.1,512,3,5,4,256,6000,8.0,2633729,1,1,9974,1110,600015,9,6000,60000,60,360.0,3.0,5.013,0.90873426
cold,0,1,0,0.001,0.1,512,3,5,4,256,6000,8.0,2633729,1,1,9974,1110,600015,9,6000,60000,61,366.0,3.05,5.09655,0.91351265
cold,0,1,0,0.001,0.1,512,3,5,4,256,6000,8.0,2633729,1,1,9974,1110,600015,9,6000,60000,62,372.0,3.1,5.1801,0.91819757
cold,0,1,0,0.001,0.1,512,3,5,4,256,6000,8.0,2633729,1,1,9974,1110,600015,9,6000,60000,63,378.0,3.15,5.26365,0.92300898
cold,0,1,0,0.001,0.1,512,3,5,4,256,6000,8.0,2633729,1,1,9974,1110,600015,9,6000,60000,64,384.0,3.2,5.3472,0.92798603
cold,0,1,0,0.001,0.1,512,3,5,4,256,6000,8.0,2633729,1,1,9974,1110,600015,9,6000,60000,65,390.0,3.25,5.43075,0.9332332
cold,0,1,0,0.001,0.1,512,3,5,4,256,6000,8.0,2633729,1,1,9974,1110,600015,9,6000,60000,66,396.0,3.3,5.5143,0.93819106
cold,0,1,0,0.001,0.1,512,3,5,4,256,6000,8.0,2633729,1,1,9974,1110,600015,9,6000,60000,67,402.0,3.35,5.59785,0.94143355
cold,0,1,0,0.001,0.1,512,3,5,4,256,6000,8.0,2633729,1,1,9974,1110,600015,9,6000,60000,68,408.0,3.4,5.6814,0.94283974
cold,0,1,0,0.001,0.1,512,3,5,4,256,6000,8.0,2633729,1,1,9974,1110,600015,9,6000,60000,69,414.0,3.45,5.76495,0.94441015
cold,0,1,0,0.001,0.1,512,3,5,4,256,6000,8.0,2633729,1,1,9974,1110,600015,9,6000,60000,70,420.0,3.5,5.8485,0.94686723
cold,0,1,0,0.001,0.1,512,3,5,4,256,6000,8.0,2633729,1,1,9974,1110,600015,9,6000,60000,71,426.0,3.55,5.93205,0.94840413
cold,0,1,0,0.001,0.1,512,3,5,4,256,6000,8.0,2633729,1,1,9974,1110,600015,9,6000,60000,72,432.0,3.6,6.0156,0.94718337
cold,0,1,0,0.001,0.1,512,3,5,4,256,6000,8.0,2633729,1,1,9974,1110,600015,9,6000,60000,73,438.0,3.65,6.09915,0.94380832
cold,0,1,0,0.001,0.1,512,3,5,4,256,6000,8.0,2633729,1,1,9974,1110,600015,9,6000,60000,74,444.0,3.7,6.1827,0.94138151
cold,0,1,0,0.001,0.1,512,3,5,4,256,6000,8.0,2633729,1,1,9974,1110,600015,9,6000,60000,75,450.0,3.75,6.26625,0.94329768
cold,0,1,0,0.001,0.1,512,3,5,4,256,6000,8.0,2633729,1,1,9974,1110,600015,9,6000,60000,76,456.0,3.8,6.3498,0.95049435
cold,0,1,0,0.001,0.1,512,3,5,4,256,6000,8.0,2633729,1,1,9974,1110,600015,9,6000,60000,77,462.0,3.85,6.43335,0.95845175
cold,0,1,0,0.001,0.1,512,3,5,4,256,6000,8.0,2633729,1,1,9974,1110,600015,9,6000,60000,78,468.0,3.9,6.5169,0.96201307
cold,0,1,0,0.001,0.1,512,3,5,4,256,6000,8.0,2633729,1,1,9974,1110,600015,9,6000,60000,79,474.0,3.95,6.60045,0.96146423
cold,0,1,0,0.001,0.1,512,3,5,4,256,6000,8.0,2633729,1,1,9974,1110,600015,9,6000,60000,80,480.0,4.0,6.684,0.96103883
cold,0,1,0,0.001,0.1,512,3,5,4,256,6000,8.0,2633729,1,1,9974,1110,600015,9,6000,60000,81,486.0,4.05,6.76755,0.96398371
cold,0,1,0,0.001,0.1,512,3,5,4,256,6000,8.0,2633729,1,1,9974,1110,600015,9,6000,60000,82,492.0,4.1,6.8511,0.97003317
cold,0,1,0,0.001,0.1,512,3,5,4,256,6000,8.0,2633729,1,1,9974,1110,600015,9,6000,60000,83,498.0,4.15,6.93465,0.97640991
cold,0,1,0,0.001,0.1,512,3,5,4,256,6000,8.0,2633729,1,1,9974,1110,600015,9,6000,60000,84,504.0,4.2,7.0182,0.98043734
cold,0,1,0,0.001,0.1,512,3,5,4,256,6000,8.0,2633729,1,1,9974,1110,600015,9,6000,60000,85,510.0,4.25,7.10175,0.98217827
cold,0,1,0,0.001,0.1,512,3,5,4,256,6000,8.0,2633729,1,1,9974,1110,600015,9,6000,60000,86,516.0,4.3,7.1853,0.98408622
cold,0,1,0,0.001,0.1,512,3,5,4,256,6000,8.0,2633729,1,1,9974,1110,600015,9,6000,60000,87,522.0,4.35,7.26885,0.98684013
cold,0,1,0,0.001,0.1,512,3,5,4,256,6000,8.0,2633729,1,1,9974,1110,600015,9,6000,60000,88,528.0,4.4,7.3524,0.9891336
cold,0,1,0,0.001,0.1,512,3,5,4,256,6000,8.0,2633729,1,1,9974,1110,600015,9,6000,60000,89,534.0,4.45,7.43595,0.99106419
cold,0,1,0,0.001,0.1,512,3,5,4,256,6000,8.0,2633729,1,1,9974,1110,600015,9,6000,60000,90,540.0,4.5,7.5195,0.99394798
cold,0,1,0,0.001,0.1,512,3,5,4,256,6000,8.0,2633729,1,1,9974,1110,600015,9,6000,60000,91,546.0,4.55,7.60305,0.99801469
cold,0,1,0,0.001,0.1,512,3,5,4,256,6000,8.0,2633729,1,1,9974,1110,600015,9,6000,60000,92,552.0,4.6,7.6866,1.00139356
cold,0,1,0,0.001,0.1,512,3,5,4,256,6000,8.0,2633729,1,1,9974,1110,600015,9,6000,60000,93,558.0,4.65,7.77015,1.00279152
cold,0,1,0,0.001,0.1,512,3,5,4,256,6000,8.0,2633729,1,1,9974,1110,600015,9,6000,60000,94,564.0,4.7,7.8537,1.00287199
cold,0,1,0,0.001,0.1,512,3,5,4,256,6000,8.0,2633729,1,1,9974,1110,600015,9,6000,60000,95,570.0,4.75,7.93725,1.00191855
cold,0,1,0,0.001,0.1,512,3,5,4,256,6000,8.0,2633729,1,1,9974,1110,600015,9,6000,60000,96,576.0,4.8,8.0208,0.99932712
cold,0,1,0,0.001,0.1,512,3,5,4,256,6000,8.0,2633729,1,1,9974,1110,600015,9,6000,60000,97,582.0,4.85,8.10435,0.99550664
cold,0,1,0,0.001,0.1,512,3,5,4,256,6000,8.0,2633729,1,1,9974,1110,600015,9,6000,60000,98,588.0,4.9,8.1879,0.99292344
cold,0,1,0,0.001,0.1,512,3,5,4,256,6000,8.0,2633729,1,1,9974,1110,600015,9,6000,60000,99,594.0,4.95,8.27145,0.99294323
cold,0,1,0,0.001,0.1,512,3,5,4,256,6000,8.0,2633729,1,1,9974,1110,600015,9,6000,60000,100,600.0,5.0,8.355,0.9951911
cold,0,1,0,0.001,0.1,512,3,5,4,256,6000,8.0,2633729,1,1,9974,1110,600015,9,6000,60000,101,606.0,5.05,8.43855,0.99750197
cold,0,1,0,0.001,0.1,512,3,5,4,256,6000,8.0,2633729,1,1,9974,1110,600015,9,6000,60000,102,612.0,5.1,8.5221,0.99744016
cold,0,1,0,0.001,0.1,512,3,5,4,256,6000,8.0,2633729,1,1,9974,1110,600015,9,6000,60000,103,618.0,5.15,8.60565,0.9942345
cold,0,1,0,0.001,0.1,512,3,5,4,256,6000,8.0,2633729,1,1,9974,1110,600015,9,6000,60000,104,624.0,5.2,8.6892,0.98934877
cold,0,1,0,0.001,0.1,512,3,5,4,256,6000,8.0,2633729,1,1,9974,1110,600015,9,6000,60000,105,630.0,5.25,8.77275,0.98525387
cold,0,1,0,0.001,0.1,512,3,5,4,256,6000,8.0,2633729,1,1,9974,1110,600015,9,6000,60000,106,636.0,5.3,8.8563,0.98398578
cold,0,1,0,0.001,0.1,512,3,5,4,256,6000,8.0,2633729,1,1,9974,1110,600015,9,6000,60000,107,642.0,5.35,8.93985,0.98542058
cold,0,1,0,0.001,0.1,512,3,5,4,256,6000,8.0,2633729,1,1,9974,1110,600015,9,6000,60000,108,648.0,5.4,9.0234,0.98820114
cold,0,1,0,0.001,0.1,512,3,5,4,256,6000,8.0,2633729,1,1,9974,1110,600015,9,6000,60000,109,654.0,5.45,9.10695,0.99265128
cold,0,1,0,0.001,0.1,512,3,5,4,256,6000,8.0,2633729,1,1,9974,1110,600015,9,6000,60000,110,660.0,5.5,9.1905,0.99939376
cold,0,1,0,0.001,0.1,512,3,5,4,256,6000,8.0,2633729,1,1,9974,1110,600015,9,6000,60000,111,666.0,5.55,9.27405,1.0064199
cold,0,1,0,0.001,0.1,512,3,5,4,256,6000,8.0,2633729,1,1,9974,1110,600015,9,6000,60000,112,672.0,5.6,9.3576,1.0103724
cold,0,1,0,0.001,0.1,512,3,5,4,256,6000,8.0,2633729,1,1,9974,1110,600015,9,6000,60000,113,678.0,5.65,9.44115,1.01168275
cold,0,1,0,0.001,0.1,512,3,5,4,256,6000,8.0,2633729,1,1,9974,1110,600015,9,6000,60000,114,684.0,5.7,9.5247,1.01323867
cold,0,1,0,0.001,0.1,512,3,5,4,256,6000,8.0,2633729,1,1,9974,1110,600015,9,6000,60000,115,690.0,5.75,9.60825,1.01657546
cold,0,1,0,0.001,0.1,512,3,5,4,256,6000,8.0,2633729,1,1,9974,1110,600015,9,6000,60000,116,696.0,5.8,9.6918,1.02089775
cold,0,1,0,0.001,0.1,512,3,5,4,256,6000,8.0,2633729,1,1,9974,1110,600015,9,6000,60000,117,702.0,5.85,9.77535,1.02493203
cold,0,1,0,0.001,0.1,512,3,5,4,256,6000,8.0,2633729,1,1,9974,1110,600015,9,6000,60000,118,708.0,5.9,9.8589,1.02701509
cold,0,1,0,0.001,0.1,512,3,5,4,256,6000,8.0,2633729,1,1,9974,1110,600015,9,6000,60000,119,714.0,5.95,9.94245,1.02532971
cold,0,1,0,0.001,0.1,512,3,5,4,256,6000,8.0,2633729,1,1,9974,1110,600015,9,6000,60000,120,720.0,6.0,10.026,1.02025545
