arm,warm_start,data_all,frozen,lr,noise,hidden,n_layers,kernel,history,batch_size,step_budget,F,n_params,seed,data_seed,noise_seed,init_seed,shuffle_seed,cycle,step,cum_step,lead_step,lead_hours,lead_mtu,lead_lyapunov,nrmse
frozen,1,1,1,0.001,0.1,512,3,5,4,256,6000,8.0,2633729,0,0,9973,101,500003,0,1,1,1,6.0,0.05,0.08355,0.50552493
frozen,1,1,1,0.001,0.1,512,3,5,4,256,6000,8.0,2633729,0,0,9973,101,500003,0,1,1,2,12.0,0.1,0.1671,0.9658922
frozen,1,1,1,0.001,0.1,512,3,5,4,256,6000,8.0,2633729,0,0,9973,101,500003,0,1,1,3,18.0,0.15,0.25065,1.37579644
frozen,1,1,1,0.001,0.1,512,3,5,4,256,6000,8.0,2633729,0,0,9973,101,500003,0,1,1,4,24.0,0.2,0.3342,1.74920416
frozen,1,1,1,0.001,0.1,512,3,5,4,256,6000,8.0,2633729,0,0,9973,101,500003,0,1,1,5,30.0,0.25,0.41775,2.14588785
frozen,1,1,1,0.001,0.1,512,3,5,4,256,6000,8.0,2633729,0,0,9973,101,500003,0,1,1,6,36.0,0.3,0.5013,2.64145017
frozen,1,1,1,0.001,0.1,512,3,5,4,256,6000,8.0,2633729,0,0,9973,101,500003,0,1,1,7,42.0,0.35,0.58485,3.23954773
frozen,1,1,1,0.001,0.1,512,3,5,4,256,6000,8.0,2633729,0,0,9973,101,500003,0,1,1,8,48.0,0.4,0.6684,3.94458246
frozen,1,1,1,0.001,0.1,512,3,5,4,256,6000,8.0,2633729,0,0,9973,101,500003,0,1,1,9,54.0,0.45,0.75195,4.81055212
frozen,1,1,1,0.001,0.1,512,3,5,4,256,6000,8.0,2633729,0,0,9973,101,500003,0,1,1,10,60.0,0.5,0.8355,5.9211688
frozen,1,1,1,0.001,0.1,512,3,5,4,256,6000,8.0,2633729,0,0,9973,101,500003,0,1,1,11,66.0,0.55,0.91905,7.35487938
frozen,1,1,1,0.001,0.1,512,3,5,4,256,6000,8.0,2633729,0,0,9973,101,500003,0,1,1,12,72.0,0.6,1.0026,9.20040512
frozen,1,1,1,0.001,0.1,512,3,5,4,256,6000,8.0,2633729,0,0,9973,101,500003,0,1,1,13,78.0,0.65,1.08615,11.59041214
frozen,1,1,1,0.001,0.1,512,3,5,4,256,6000,8.0,2633729,0,0,9973,101,500003,0,1,1,14,84.0,0.7,1.1697,14.68945503
frozen,1,1,1,0.001,0.1,512,3,5,4,256,6000,8.0,2633729,0,0,9973,101,500003,0,1,1,15,90.0,0.75,1.25325,18.69799042
frozen,1,1,1,0.001,0.1,512,3,5,4,256,6000,8.0,2633729,0,0,9973,101,500003,0,1,1,16,96.0,0.8,1.3368,23.85243034
frozen,1,1,1,0.001,0.1,512,3,5,4,256,6000,8.0,2633729,0,0,9973,101,500003,0,1,1,17,102.0,0.85,1.42035,30.44499207
frozen,1,1,1,0.001,0.1,512,3,5,4,256,6000,8.0,2633729,0,0,9973,101,500003,0,1,1,18,108.0,0.9,1.5039,38.85326004
frozen,1,1,1,0.001,0.1,512,3,5,4,256,6000,8.0,2633729,0,0,9973,101,500003,0,1,1,19,114.0,0.95,1.58745,49.57156372
frozen,1,1,1,0.001,0.1,512,3,5,4,256,6000,8.0,2633729,0,0,9973,101,500003,0,1,1,20,120.0,1.0,1.671,63.20320892
frozen,1,1,1,0.001,0.1,512,3,5,4,256,6000,8.0,2633729,0,0,9973,101,500003,0,1,1,21,126.0,1.05,1.75455,80.54772186
frozen,1,1,1,0.001,0.1,512,3,5,4,256,6000,8.0,2633729,0,0,9973,101,500003,0,1,1,22,132.0,1.1,1.8381,102.62073517
frozen,1,1,1,0.001,0.1,512,3,5,4,256,6000,8.0,2633729,0,0,9973,101,500003,0,1,1,23,138.0,1.15,1.92165,130.72293091
frozen,1,1,1,0.001,0.1,512,3,5,4,256,6000,8.0,2633729,0,0,9973,101,500003,0,1,1,24,144.0,1.2,2.0052,166.52249146
frozen,1,1,1,0.001,0.1,512,3,5,4,256,6000,8.0,2633729,0,0,9973,101,500003,0,1,1,25,150.0,1.25,2.08875,212.17201233
frozen,1,1,1,0.001,0.1,512,3,5,4,256,6000,8.0,2633729,0,0,9973,101,500003,0,1,1,26,156.0,1.3,2.1723,270.37945557
frozen,1,1,1,0.001,0.1,512,3,5,4,256,6000,8.0,2633729,0,0,9973,101,500003,0,1,1,27,162.0,1.35,2.25585,344.68878174
frozen,1,1,1,0.001,0.1,512,3,5,4,256,6000,8.0,2633729,0,0,9973,101,500003,0,1,1,28,168.0,1.4,2.3394,439.56872559
frozen,1,1,1,0.001,0.1,512,3,5,4,256,6000,8.0,2633729,0,0,9973,101,500003,0,1,1,29,174.0,1.45,2.42295,560.69085693
frozen,1,1,1,0.001,0.1,512,3,5,4,256,6000,8.0,2633729,0,0,9973,101,500003,0,1,1,30,180.0,1.5,2.5065,715.4230957
frozen,1,1,1,0.001,0.1,512,3,5,4,256,6000,8.0,2633729,0,0,9973,101,500003,0,1,1,31,186.0,1.55,2.59005,912.88134766
frozen,1,1,1,0.001,0.1,512,3,5,4,256,6000,8.0,2633729,0,0,9973,101,500003,0,1,1,32,192.0,1.6,2.6736,1165.18762207
frozen,1,1,1,0.001,0.1,512,3,5,4,256,6000,8.0,2633729,0,0,9973,101,500003,0,1,1,33,198.0,1.65,2.75715,1487.21557617
frozen,1,1,1,0.001,0.1,512,3,5,4,256,6000,8.0,2633729,0,0,9973,101,500003,0,1,1,34,204.0,1.7,2.8407,1898.45678711
frozen,1,1,1,0.001,0.1,512,3,5,4,256,6000,8.0,2633729,0,0,9973,101,500003,0,1,1,35,210.0,1.75,2.92425,2423.671875
frozen,1,1,1,0.001,0.1,512,3,5,4,256,6000,8.0,2633729,0,0,9973,101,500003,0,1,1,36,216.0,1.8,3.0078,3094.29174805
frozen,1,1,1,0.001,0.1,512,3,5,4,256,6000,8.0,2633729,0,0,9973,101,500003,0,1,1,37,222.0,1.85,3.09135,3951.05908203
frozen,1,1,1,0.001,0.1,512,3,5,4,256,6000,8.0,2633729,0,0,9973,101,500003,0,1,1,38,228.0,1.9,3.1749,5045.44628906
frozen,1,1,1,0.001,0.1,512,3,5,4,256,6000,8.0,2633729,0,0,9973,101,500003,0,1,1,39,234.0,1.95,3.25845,6444.10595703
frozen,1,1,1,0.001,0.1,512,3,5,4,256,6000,8.0,2633729,0,0,9973,101,500003,0,1,1,40,240.0,2.0,3.342,8230.80761719
frozen,1,1,1,0.001,0.1,512,3,5,4,256,6000,8.0,2633729,0,0,9973,101,500003,0,1,1,41,246.0,2.05,3.42555,10514.18847656
frozen,1,1,1,0.001,0.1,512,3,5,4,256,6000,8.0,2633729,0,0,9973,101,500003,0,1,1,42,252.0,2.1,3.5091,13432.640625
frozen,1,1,1,0.001,0.1,512,3,5,4,256,6000,8.0,2633729,0,0,9973,101,500003,0,1,1,43,258.0,2.15,3.59265,17162.34570312
frozen,1,1,1,0.001,0.1,512,3,5,4,256,6000,8.0,2633729,0,0,9973,101,500003,0,1,1,44,264.0,2.2,3.6762,21929.3515625
frozen,1,1,1,0.001,0.1,512,3,5,4,256,6000,8.0,2633729,0,0,9973,101,500003,0,1,1,45,270.0,2.25,3.75975,28023.2109375
frozen,1,1,1,0.001,0.1,512,3,5,4,256,6000,8.0,2633729,0,0,9973,101,500003,0,1,1,46,276.0,2.3,3.8433,35810.875
frozen,1,1,1,0.001,0.1,512,3,5,4,256,6000,8.0,2633729,0,0,9973,101,500003,0,1,1,47,282.0,2.35,3.92685,45766.41796875
frozen,1,1,1,0.001,0.1,512,3,5,4,256,6000,8.0,2633729,0,0,9973,101,500003,0,1,1,48,288.0,2.4,4.0104,58492.7578125
frozen,1,1,1,0.001,0.1,512,3,5,4,256,6000,8.0,2633729,0,0,9973,101,500003,0,1,1,49,294.0,2.45,4.09395,74759.3125
frozen,1,1,1,0.001,0.1,512,3,5,4,256,6000,8.0,2633729,0,0,9973,101,500003,0,1,1,50,300.0,2.5,4.1775,95556.1015625
frozen,1,1,1,0.001,0.1,512,3,5,4,256,6000,8.0,2633729,0,0,9973,101,500003,0,1,1,51,306.0,2.55,4.26105,122144.21875
frozen,1,1,1,0.001,0.1,512,3,5,4,256,6000,8.0,2633729,0,0,9973,101,500003,0,1,1,52,312.0,2.6,4.3446,156136.4375
frozen,1,1,1,0.001,0.1,512,3,5,4,256,6000,8.0,2633729,0,0,9973,101,500003,0,1,1,53,318.0,2.65,4.42815,199592.96875
frozen,1,1,1,0.001,0.1,512,3,5,4,256,6000,8.0,2633729,0,0,9973,101,500003,0,1,1,54,324.0,2.7,4.5117,255169.109375
frozen,1,1,1,0.001,0.1,512,3,5,4,256,6000,8.0,2633729,0,0,9973,101,500003,0,1,1,55,330.0,2.75,4.59525,326198.40625
frozen,1,1,1,0.001,0.1,512,3,5,4,256,6000,8.0,2633729,0,0,9973,101,500003,0,1,1,56,336.0,2.8,4.6788,417085.125
frozen,1,1,1,0.001,0.1,512,3,5,4,256,6000,8.0,2633729,0,0,9973,101,500003,0,1,1,57,342.0,2.85,4.76235,533211.75
frozen,1,1,1,0.001,0.1,512,3,5,4,256,6000,8.0,2633729,0,0,9973,101,500003,0,1,1,58,348.0,2.9,4.8459,681846.625
frozen,1,1,1,0.001,0.1,512,3,5,4,256,6000,8.0,2633729,0,0,9973,101,500003,0,1,1,59,354.0,2.95,4.92945,871754.3125
frozen,1,1,1,0.001,0.1,512,3,5,4,256,6000,8.0,2633729,0,0,9973,101,500003,0,1,1,60,360.0,3.0,5.013,1114888.375
frozen,1,1,1,0.001,0.1,512,3,5,4,256,6000,8.0,2633729,0,0,9973,101,500003,0,1,1,61,366.0,3.05,5.09655,1425523.125
frozen,1,1,1,0.001,0.1,512,3,5,4,256,6000,8.0,2633729,0,0,9973,101,500003,0,1,1,62,372.0,3.1,5.1801,1823276.75
frozen,1,1,1,0.001,0.1,512,3,5,4,256,6000,8.0,2633729,0,0,9973,101,500003,0,1,1,63,378.0,3.15,5.26365,2331544.5
frozen,1,1,1,0.001,0.1,512,3,5,4,256,6000,8.0,2633729,0,0,9973,101,500003,0,1,1,64,384.0,3.2,5.3472,2982108.5
frozen,1,1,1,0.001,0.1,512,3,5,4,256,6000,8.0,2633729,0,0,9973,101,500003,0,1,1,65,390.0,3.25,5.43075,3813824.25
frozen,1,1,1,0.001,0.1,512,3,5,4,256,6000,8.0,2633729,0,0,9973,101,500003,0,1,1,66,396.0,3.3,5.5143,4877895.0
frozen,1,1,1,0.001,0.1,512,3,5,4,256,6000,8.0,2633729,0,0,9973,101,500003,0,1,1,67,402.0,3.35,5.59785,6239068.0
frozen,1,1,1,0.001,0.1,512,3,5,4,256,6000,8.0,2633729,0,0,9973,101,500003,0,1,1,68,408.0,3.4,5.6814,7979750.5
frozen,1,1,1,0.001,0.1,512,3,5,4,256,6000,8.0,2633729,0,0,9973,101,500003,0,1,1,69,414.0,3.45,5.76495,10207701.0
frozen,1,1,1,0.001,0.1,512,3,5,4,256,6000,8.0,2633729,0,0,9973,101,500003,0,1,1,70,420.0,3.5,5.8485,13055724.0
frozen,1,1,1,0.001,0.1,512,3,5,4,256,6000,8.0,2633729,0,0,9973,101,500003,0,1,1,71,426.0,3.55,5.93205,16703097.0
frozen,1,1,1,0.001,0.1,512,3,5,4,256,6000,8.0,2633729,0,0,9973,101,500003,0,1,1,72,432.0,3.6,6.0156,21363746.0
frozen,1,1,1,0.001,0.1,512,3,5,4,256,6000,8.0,2633729,0,0,9973,101,500003,0,1,1,73,438.0,3.65,6.09915,27334136.0
frozen,1,1,1,0.001,0.1,512,3,5,4,256,6000,8.0,2633729,0,0,9973,101,500003,0,1,1,74,444.0,3.7,6.1827,34963180.0
frozen,1,1,1,0.001,0.1,512,3,5,4,256,6000,8.0,2633729,0,0,9973,101,500003,0,1,1,75,450.0,3.75,6.26625,44737632.0
frozen,1,1,1,0.001,0.1,512,3,5,4,256,6000,8.0,2633729,0,0,9973,101,500003,0,1,1,76,456.0,3.8,6.3498,57226660.0
frozen,1,1,1,0.001,0.1,512,3,5,4,256,6000,8.0,2633729,0,0,9973,101,500003,0,1,1,77,462.0,3.85,6.43335,73228048.0
frozen,1,1,1,0.001,0.1,512,3,5,4,256,6000,8.0,2633729,0,0,9973,101,500003,0,1,1,78,468.0,3.9,6.5169,93676200.0
frozen,1,1,1,0.001,0.1,512,3,5,4,256,6000,8.0,2633729,0,0,9973,101,500003,0,1,1,79,474.0,3.95,6.60045,119867152.0
frozen,1,1,1,0.001,0.1,512,3,5,4,256,6000,8.0,2633729,0,0,9973,101,500003,0,1,1,80,480.0,4.0,6.684,153352992.0
frozen,1,1,1,0.001,0.1,512,3,5,4,256,6000,8.0,2633729,0,0,9973,101,500003,0,1,1,81,486.0,4.05,6.76755,196225424.0
frozen,1,1,1,0.001,0.1,512,3,5,4,256,6000,8.0,2633729,0,0,9973,101,500003,0,1,1,82,492.0,4.1,6.8511,251057216.0
frozen,1,1,1,0.001,0.1,512,3,5,4,256,6000,8.0,2633729,0,0,9973,101,500003,0,1,1,83,498.0,4.15,6.93465,321230912.0
frozen,1,1,1,0.001,0.1,512,3,5,4,256,6000,8.0,2633729,0,0,9973,101,500003,0,1,1,84,504.0,4.2,7.0182,411000704.0
frozen,1,1,1,0.001,0.1,512,3,5,4,256,6000,8.0,2633729,0,0,9973,101,500003,0,1,1,85,510.0,4.25,7.10175,525866080.0
frozen,1,1,1,0.001,0.1,512,3,5,4,256,6000,8.0,2633729,0,0,9973,101,500003,0,1,1,86,516.0,4.3,7.1853,672859328.0
frozen,1,1,1,0.001,0.1,512,3,5,4,256,6000,8.0,2633729,0,0,9973,101,500003,0,1,1,87,522.0,4.35,7.26885,860867392.0
frozen,1,1,1,0.001,0.1,512,3,5,4,256,6000,8.0,2633729,0,0,9973,101,500003,0,1,1,88,528.0,4.4,7.3524,1101652608.0
frozen,1,1,1,0.001,0.1,512,3,5,4,256,6000,8.0,2633729,0,0,9973,101,500003,0,1,1,89,534.0,4.45,7.43595,1409405312.0
frozen,1,1,1,0.001,0.1,512,3,5,4,256,6000,8.0,2633729,0,0,9973,101,500003,0,1,1,90,540.0,4.5,7.5195,1803809408.0
frozen,1,1,1,0.001,0.1,512,3,5,4,256,6000,8.0,2633729,0,0,9973,101,500003,0,1,1,91,546.0,4.55,7.60305,2307643392.0
frozen,1,1,1,0.001,0.1,512,3,5,4,256,6000,8.0,2633729,0,0,9973,101,500003,0,1,1,92,552.0,4.6,7.6866,2953523200.0
frozen,1,1,1,0.001,0.1,512,3,5,4,256,6000,8.0,2633729,0,0,9973,101,500003,0,1,1,93,558.0,4.65,7.77015,3778501376.0
frozen,1,1,1,0.001,0.1,512,3,5,4,256,6000,8.0,2633729,0,0,9973,101,500003,0,1,1,94,564.0,4.7,7.8537,4836243968.0
frozen,1,1,1,0.001,0.1,512,3,5,4,256,6000,8.0,2633729,0,0,9973,101,500003,0,1,1,95,570.0,4.75,7.93725,6187503616.0
frozen,1,1,1,0.001,0.1,512,3,5,4,256,6000,8.0,2633729,0,0,9973,101,500003,0,1,1,96,576.0,4.8,8.0208,7919358976.0
frozen,1,1,1,0.001,0.1,512,3,5,4,256,6000,8.0,2633729,0,0,9973,101,500003,0,1,1,97,582.0,4.85,8.10435,10132985856.0
frozen,1,1,1,0.001,0.1,512,3,5,4,256,6000,8.0,2633729,0,0,9973,101,500003,0,1,1,98,588.0,4.9,8.1879,12968572928.0
frozen,1,1,1,0.001,0.1,512,3,5,4,256,6000,8.0,2633729,0,0,9973,101,500003,0,1,1,99,594.0,4.95,8.27145,16594824192.0
frozen,1,1,1,0.001,0.1,512,3,5,4,256,6000,8.0,2633729,0,0,9973,101,500003,0,1,1,100,600.0,5.0,8.355,21237600256.0
frozen,1,1,1,0.001,0.1,512,3,5,4,256,6000,8.0,2633729,0,0,9973,101,500003,0,1,1,101,606.0,5.05,8.43855,27178819584.0
frozen,1,1,1,0.001,0.1,512,3,5,4,256,6000,8.0,2633729,0,0,9973,101,500003,0,1,1,102,612.0,5.1,8.5221,34780626944.0
frozen,1,1,1,0.001,0.1,512,3,5,4,256,6000,8.0,2633729,0,0,9973,101,500003,0,1,1,103,618.0,5.15,8.60565,44514979840.0
frozen,1,1,1,0.001,0.1,512,3,5,4,256,6000,8.0,2633729,0,0,9973,101,500003,0,1,1,104,624.0,5.2,8.6892,56961667072.0
frozen,1,1,1,0.001,0.1,512,3,5,4,256,6000,8.0,2633729,0,0,9973,101,500003,0,1,1,105,630.0,5.25,8.77275,72911020032.0
frozen,1,1,1,0.001,0.1,512,3,5,4,256,6000,8.0,2633729,0,0,9973,101,500003,0,1,1,106,636.0,5.3,8.8563,93293371392.0
frozen,1,1,1,0.001,0.1,512,3,5,4,256,6000,8.0,2633729,0,0,9973,101,500003,0,1,1,107,642.0,5.35,8.93985,119423754240.0
frozen,1,1,1,0.001,0.1,512,3,5,4,256,6000,8.0,2633729,0,0,9973,101,500003,0,1,1,108,648.0,5.4,9.0234,152804212736.0
frozen,1,1,1,0.001,0.1,512,3,5,4,256,6000,8.0,2633729,0,0,9973,101,500003,0,1,1,109,654.0,5.45,9.10695,195613622272.0
frozen,1,1,1,0.001,0.1,512,3,5,4,256,6000,8.0,2633729,0,0,9973,101,500003,0,1,1,110,660.0,5.5,9.1905,250291617792.0
frozen,1,1,1,0.001,0.1,512,3,5,4,256,6000,8.0,2633729,0,0,9973,101,500003,0,1,1,111,666.0,5.55,9.27405,320417660928.0
frozen,1,1,1,0.001,0.1,512,3,5,4,256,6000,8.0,2633729,0,0,9973,101,500003,0,1,1,112,672.0,5.6,9.3576,409992790016.0
frozen,1,1,1,0.001,0.1,512,3,5,4,256,6000,8.0,2633729,0,0,9973,101,500003,0,1,1,113,678.0,5.65,9.44115,524863111168.0
frozen,1,1,1,0.001,0.1,512,3,5,4,256,6000,8.0,2633729,0,0,9973,101,500003,0,1,1,114,684.0,5.7,9.5247,671611813888.0
frozen,1,1,1,0.001,0.1,512,3,5,4,256,6000,8.0,2633729,0,0,9973,101,500003,0,1,1,115,690.0,5.75,9.60825,859738472448.0
frozen,1,1,1,0.001,0.1,512,3,5,4,256,6000,8.0,2633729,0,0,9973,101,500003,0,1,1,116,696.0,5.8,9.6918,1100157288448.0
frozen,1,1,1,0.001,0.1,512,3,5,4,256,6000,8.0,2633729,0,0,9973,101,500003,0,1,1,117,702.0,5.85,9.77535,1408204013568.0
frozen,1,1,1,0.001,0.1,512,3,5,4,256,6000,8.0,2633729,0,0,9973,101,500003,0,1,1,118,708.0,5.9,9.8589,1802131996672.0
frozen,1,1,1,0.001,0.1,512,3,5,4,256,6000,8.0,2633729,0,0,9973,101,500003,0,1,1,119,714.0,5.95,9.94245,2306567569408.0
frozen,1,1,1,0.001,0.1,512,3,5,4,256,6000,8.0,2633729,0,0,9973,101,500003,0,1,1,120,720.0,6.0,10.026,2951975796736.0
frozen,1,1,1,0.001,0.1,512,3,5,4,256,6000,8.0,2633729,0,0,9973,101,500003,0,12,12,1,6.0,0.05,0.08355,0.21801165
frozen,1,1,1,0.001,0.1,512,3,5,4,256,6000,8.0,2633729,0,0,9973,101,500003,0,12,12,2,12.0,0.1,0.1671,0.41771373
frozen,1,1,1,0.001,0.1,512,3,5,4,256,6000,8.0,2633729,0,0,9973,101,500003,0,12,12,3,18.0,0.15,0.25065,0.62048328
frozen,1,1,1,0.001,0.1,512,3,5,4,256,6000,8.0,2633729,0,0,9973,101,500003,0,12,12,4,24.0,0.2,0.3342,0.81202275
frozen,1,1,1,0.001,0.1,512,3,5,4,256,6000,8.0,2633729,0,0,9973,101,500003,0,12,12,5,30.0,0.25,0.41775,0.97854072
frozen,1,1,1,0.001,0.1,512,3,5,4,256,6000,8.0,2633729,0,0,9973,101,500003,0,12,12,6,36.0,0.3,0.5013,1.12435532
frozen,1,1,1,0.001,0.1,512,3,5,4,256,6000,8.0,2633729,0,0,9973,101,500003,0,12,12,7,42.0,0.35,0.58485,1.25377464
frozen,1,1,1,0.001,0.1,512,3,5,4,256,6000,8.0,2633729,0,0,9973,101,500003,0,12,12,8,48.0,0.4,0.6684,1.37130439
frozen,1,1,1,0.001,0.1,512,3,5,4,256,6000,8.0,2633729,0,0,9973,101,500003,0,12,12,9,54.0,0.45,0.75195,1.47870874
frozen,1,1,1,0.001,0.1,512,3,5,4,256,6000,8.0,2633729,0,0,9973,101,500003,0,12,12,10,60.0,0.5,0.8355,1.57801259
frozen,1,1,1,0.001,0.1,512,3,5,4,256,6000,8.0,2633729,0,0,9973,101,500003,0,12,12,11,66.0,0.55,0.91905,1.66893566
frozen,1,1,1,0.001,0.1,512,3,5,4,256,6000,8.0,2633729,0,0,9973,101,500003,0,12,12,12,72.0,0.6,1.0026,1.74746478
frozen,1,1,1,0.001,0.1,512,3,5,4,256,6000,8.0,2633729,0,0,9973,101,500003,0,12,12,13,78.0,0.65,1.08615,1.80898249
frozen,1,1,1,0.001,0.1,512,3,5,4,256,6000,8.0,2633729,0,0,9973,101,500003,0,12,12,14,84.0,0.7,1.1697,1.84968758
frozen,1,1,1,0.001,0.1,512,3,5,4,256,6000,8.0,2633729,0,0,9973,101,500003,0,12,12,15,90.0,0.75,1.25325,1.86922944
frozen,1,1,1,0.001,0.1,512,3,5,4,256,6000,8.0,2633729,0,0,9973,101,500003,0,12,12,16,96.0,0.8,1.3368,1.87244284
frozen,1,1,1,0.001,0.1,512,3,5,4,256,6000,8.0,2633729,0,0,9973,101,500003,0,12,12,17,102.0,0.85,1.42035,1.866166
frozen,1,1,1,0.001,0.1,512,3,5,4,256,6000,8.0,2633729,0,0,9973,101,500003,0,12,12,18,108.0,0.9,1.5039,1.85261083
frozen,1,1,1,0.001,0.1,512,3,5,4,256,6000,8.0,2633729,0,0,9973,101,500003,0,12,12,19,114.0,0.95,1.58745,1.82906246
frozen,1,1,1,0.001,0.1,512,3,5,4,256,6000,8.0,2633729,0,0,9973,101,500003,0,12,12,20,120.0,1.0,1.671,1.7937789
frozen,1,1,1,0.001,0.1,512,3,5,4,256,6000,8.0,2633729,0,0,9973,101,500003,0,12,12,21,126.0,1.05,1.75455,1.74810922
frozen,1,1,1,0.001,0.1,512,3,5,4,256,6000,8.0,2633729,0,0,9973,101,500003,0,12,12,22,132.0,1.1,1.8381,1.69417691
frozen,1,1,1,0.001,0.1,512,3,5,4,256,6000,8.0,2633729,0,0,9973,101,500003,0,12,12,23,138.0,1.15,1.92165,1.63413978
frozen,1,1,1,0.001,0.1,512,3,5,4,256,6000,8.0,2633729,0,0,9973,101,500003,0,12,12,24,144.0,1.2,2.0052,1.57031035
frozen,1,1,1,0.001,0.1,512,3,5,4,256,6000,8.0,2633729,0,0,9973,101,500003,0,12,12,25,150.0,1.25,2.08875,1.50406694
frozen,1,1,1,0.001,0.1,512,3,5,4,256,6000,8.0,2633729,0,0,9973,101,500003,0,12,12,26,156.0,1.3,2.1723,1.43639386
frozen,1,1,1,0.001,0.1,512,3,5,4,256,6000,8.0,2633729,0,0,9973,101,500003,0,12,12,27,162.0,1.35,2.25585,1.36765456
frozen,1,1,1,0.001,0.1,512,3,5,4,256,6000,8.0,2633729,0,0,9973,101,500003,0,12,12,28,168.0,1.4,2.3394,1.29798794
frozen,1,1,1,0.001,0.1,512,3,5,4,256,6000,8.0,2633729,0,0,9973,101,500003,0,12,12,29,174.0,1.45,2.42295,1.22885799
frozen,1,1,1,0.001,0.1,512,3,5,4,256,6000,8.0,2633729,0,0,9973,101,500003,0,12,12,30,180.0,1.5,2.5065,1.1626246
frozen,1,1,1,0.001,0.1,512,3,5,4,256,6000,8.0,2633729,0,0,9973,101,500003,0,12,12,31,186.0,1.55,2.59005,1.10081649
frozen,1,1,1,0.001,0.1,512,3,5,4,256,6000,8.0,2633729,0,0,9973,101,500003,0,12,12,32,192.0,1.6,2.6736,1.04354835
frozen,1,1,1,0.001,0.1,512,3,5,4,256,6000,8.0,2633729,0,0,9973,101,500003,0,12,12,33,198.0,1.65,2.75715,0.99099708
frozen,1,1,1,0.001,0.1,512,3,5,4,256,6000,8.0,2633729,0,0,9973,101,500003,0,12,12,34,204.0,1.7,2.8407,0.94433749
frozen,1,1,1,0.001,0.1,512,3,5,4,256,6000,8.0,2633729,0,0,9973,101,500003,0,12,12,35,210.0,1.75,2.92425,0.90505028
frozen,1,1,1,0.001,0.1,512,3,5,4,256,6000,8.0,2633729,0,0,9973,101,500003,0,12,12,36,216.0,1.8,3.0078,0.87411499
frozen,1,1,1,0.001,0.1,512,3,5,4,256,6000,8.0,2633729,0,0,9973,101,500003,0,12,12,37,222.0,1.85,3.09135,0.85218984
frozen,1,1,1,0.001,0.1,512,3,5,4,256,6000,8.0,2633729,0,0,9973,101,500003,0,12,12,38,228.0,1.9,3.1749,0.84024829
frozen,1,1,1,0.001,0.1,512,3,5,4,256,6000,8.0,2633729,0,0,9973,101,500003,0,12,12,39,234.0,1.95,3.25845,0.83975947
frozen,1,1,1,0.001,0.1,512,3,5,4,256,6000,8.0,2633729,0,0,9973,101,500003,0,12,12,40,240.0,2.0,3.342,0.85154766
frozen,1,1,1,0.001,0.1,512,3,5,4,256,6000,8.0,2633729,0,0,9973,101,500003,0,12,12,41,246.0,2.05,3.42555,0.87514502
frozen,1,1,1,0.001,0.1,512,3,5,4,256,6000,8.0,2633729,0,0,9973,101,500003,0,12,12,42,252.0,2.1,3.5091,0.91076481
frozen,1,1,1,0.001,0.1,512,3,5,4,256,6000,8.0,2633729,0,0,9973,101,500003,0,12,12,43,258.0,2.15,3.59265,0.95873779
frozen,1,1,1,0.001,0.1,512,3,5,4,256,6000,8.0,2633729,0,0,9973,101,500003,0,12,12,44,264.0,2.2,3.6762,1.01632428
frozen,1,1,1,0.001,0.1,512,3,5,4,256,6000,8.0,2633729,0,0,9973,101,500003,0,12,12,45,270.0,2.25,3.75975,1.07854855
frozen,1,1,1,0.001,0.1,512,3,5,4,256,6000,8.0,2633729,0,0,9973,101,500003,0,12,12,46,276.0,2.3,3.8433,1.14168096
frozen,1,1,1,0.001,0.1,512,3,5,4,256,6000,8.0,2633729,0,0,9973,101,500003,0,12,12,47,282.0,2.35,3.92685,1.20611
frozen,1,1,1,0.001,0.1,512,3,5,4,256,6000,8.0,2633729,0,0,9973,101,500003,0,12,12,48,288.0,2.4,4.0104,1.27343309
frozen,1,1,1,0.001,0.1,512,3,5,4,256,6000,8.0,2633729,0,0,9973,101,500003,0,12,12,49,294.0,2.45,4.09395,1.34172583
frozen,1,1,1,0.001,0.1,512,3,5,4,256,6000,8.0,2633729,0,0,9973,101,500003,0,12,12,50,300.0,2.5,4.1775,1.40822625
frozen,1,1,1,0.001,0.1,512,3,5,4,256,6000,8.0,2633729,0,0,9973,101,500003,0,12,12,51,306.0,2.55,4.26105,1.47192502
frozen,1,1,1,0.001,0.1,512,3,5,4,256,6000,8.0,2633729,0,0,9973,101,500003,0,12,12,52,312.0,2.6,4.3446,1.53104472
frozen,1,1,1,0.001,0.1,512,3,5,4,256,6000,8.0,2633729,0,0,9973,101,500003,0,12,12,53,318.0,2.65,4.42815,1.58298552
frozen,1,1,1,0.001,0.1,512,3,5,4,256,6000,8.0,2633729,0,0,9973,101,500003,0,12,12,54,324.0,2.7,4.5117,1.62774241
frozen,1,1,1,0.001,0.1,512,3,5,4,256,6000,8.0,2633729,0,0,9973,101,500003,0,12,12,55,330.0,2.75,4.59525,1.66571331
frozen,1,1,1,0.001,0.1,512,3,5,4,256,6000,8.0,2633729,0,0,9973,101,500003,0,12,12,56,336.0,2.8,4.6788,1.69601035
frozen,1,1,1,0.001,0.1,512,3,5,4,256,6000,8.0,2633729,0,0,9973,101,500003,0,12,12,57,342.0,2.85,4.76235,1.71911037
frozen,1,1,1,0.001,0.1,512,3,5,4,256,6000,8.0,2633729,0,0,9973,101,500003,0,12,12,58,348.0,2.9,4.8459,1.73681068
frozen,1,1,1,0.001,0.1,512,3,5,4,256,6000,8.0,2633729,0,0,9973,101,500003,0,12,12,59,354.0,2.95,4.92945,1.74863744
frozen,1,1,1,0.001,0.1,512,3,5,4,256,6000,8.0,2633729,0,0,9973,101,500003,0,12,12,60,360.0,3.0,5.013,1.7510165
frozen,1,1,1,0.001,0.1,512,3,5,4,256,6000,8.0,2633729,0,0,9973,101,500003,0,12,12,61,366.0,3.05,5.09655,1.74154115
frozen,1,1,1,0.001,0.1,512,3,5,4,256,6000,8.0,2633729,0,0,9973,101,500003,0,12,12,62,372.0,3.1,5.1801,1.71994853
frozen,1,1,1,0.001,0.1,512,3,5,4,256,6000,8.0,2633729,0,0,9973,101,500003,0,12,12,63,378.0,3.15,5.26365,1.68741393
frozen,1,1,1,0.001,0.1,512,3,5,4,256,6000,8.0,2633729,0,0,9973,101,500003,0,12,12,64,384.0,3.2,5.3472,1.64679551
frozen,1,1,1,0.001,0.1,512,3,5,4,256,6000,8.0,2633729,0,0,9973,101,500003,0,12,12,65,390.0,3.25,5.43075,1.60084581
frozen,1,1,1,0.001,0.1,512,3,5,4,256,6000,8.0,2633729,0,0,9973,101,500003,0,12,12,66,396.0,3.3,5.5143,1.55101192
frozen,1,1,1,0.001,0.1,512,3,5,4,256,6000,8.0,2633729,0,0,9973,101,500003,0,12,12,67,402.0,3.35,5.59785,1.49789786
frozen,1,1,1,0.001,0.1,512,3,5,4,256,6000,8.0,2633729,0,0,9973,101,500003,0,12,12,68,408.0,3.4,5.6814,1.44146657
frozen,1,1,1,0.001,0.1,512,3,5,4,256,6000,8.0,2633729,0,0,9973,101,500003,0,12,12,69,414.0,3.45,5.76495,1.38180792
frozen,1,1,1,0.001,0.1,512,3,5,4,256,6000,8.0,2633729,0,0,9973,101,500003,0,12,12,70,420.0,3.5,5.8485,1.3198539
frozen,1,1,1,0.001,0.1,512,3,5,4,256,6000,8.0,2633729,0,0,9973,101,500003,0,12,12,71,426.0,3.55,5.93205,1.25730932
frozen,1,1,1,0.001,0.1,512,3,5,4,256,6000,8.0,2633729,0,0,9973,101,500003,0,12,12,72,432.0,3.6,6.0156,1.19628811
frozen,1,1,1,0.001,0.1,512,3,5,4,256,6000,8.0,2633729,0,0,9973,101,500003,0,12,12,73,438.0,3.65,6.09915,1.13939726
frozen,1,1,1,0.001,0.1,512,3,5,4,256,6000,8.0,2633729,0,0,9973,101,500003,0,12,12,74,444.0,3.7,6.1827,1.08855164
frozen,1,1,1,0.001,0.1,512,3,5,4,256,6000,8.0,2633729,0,0,9973,101,500003,0,12,12,75,450.0,3.75,6.26625,1.0440706
frozen,1,1,1,0.001,0.1,512,3,5,4,256,6000,8.0,2633729,0,0,9973,101,500003,0,12,12,76,456.0,3.8,6.3498,1.00585806
frozen,1,1,1,0.001,0.1,512,3,5,4,256,6000,8.0,2633729,0,0,9973,101,500003,0,12,12,77,462.0,3.85,6.43335,0.97438574
frozen,1,1,1,0.001,0.1,512,3,5,4,256,6000,8.0,2633729,0,0,9973,101,500003,0,12,12,78,468.0,3.9,6.5169,0.95038396
frozen,1,1,1,0.001,0.1,512,3,5,4,256,6000,8.0,2633729,0,0,9973,101,500003,0,12,12,79,474.0,3.95,6.60045,0.93424058
frozen,1,1,1,0.001,0.1,512,3,5,4,256,6000,8.0,2633729,0,0,9973,101,500003,0,12,12,80,480.0,4.0,6.684,0.92546237
frozen,1,1,1,0.001,0.1,512,3,5,4,256,6000,8.0,2633729,0,0,9973,101,500003,0,12,12,81,486.0,4.05,6.76755,0.92317879
frozen,1,1,1,0.001,0.1,512,3,5,4,256,6000,8.0,2633729,0,0,9973,101,500003,0,12,12,82,492.0,4.1,6.8511,0.92832667
frozen,1,1,1,0.001,0.1,512,3,5,4,256,6000,8.0,2633729,0,0,9973,101,500003,0,12,12,83,498.0,4.15,6.93465,0.94357228
frozen,1,1,1,0.001,0.1,512,3,5,4,256,6000,8.0,2633729,0,0,9973,101,500003,0,12,12,84,504.0,4.2,7.0182,0.96918875
frozen,1,1,1,0.001,0.1,512,3,5,4,256,6000,8.0,2633729,0,0,9973,101,500003,0,12,12,85,510.0,4.25,7.10175,1.00159466
frozen,1,1,1,0.001,0.1,512,3,5,4,256,6000,8.0,2633729,0,0,9973,101,500003,0,12,12,86,516.0,4.3,7.1853,1.03736031
frozen,1,1,1,0.001,0.1,512,3,5,4,256,6000,8.0,2633729,0,0,9973,101,500003,0,12,12,87,522.0,4.35,7.26885,1.07603323
frozen,1,1,1,0.001,0.1,512,3,5,4,256,6000,8.0,2633729,0,0,9973,101,500003,0,12,12,88,528.0,4.4,7.3524,1.11808455
frozen,1,1,1,0.001,0.1,512,3,5,4,256,6000,8.0,2633729,0,0,9973,101,500003,0,12,12,89,534.0,4.45,7.43595,1.16263616
frozen,1,1,1,0.001,0.1,512,3,5,4,256,6000,8.0,2633729,0,0,9973,101,500003,0,12,12,90,540.0,4.5,7.5195,1.20985341
frozen,1,1,1,0.001,0.1,512,3,5,4,256,6000,8.0,2633729,0,0,9973,101,500003,0,12,12,91,546.0,4.55,7.60305,1.25940847
frozen,1,1,1,0.001,0.1,512,3,5,4,256,6000,8.0,2633729,0,0,9973,101,500003,0,12,12,92,552.0,4.6,7.6866,1.31046772
frozen,1,1,1,0.001,0.1,512,3,5,4,256,6000,8.0,2633729,0,0,9973,101,500003,0,12,12,93,558.0,4.65,7.77015,1.36438537
frozen,1,1,1,0.001,0.1,512,3,5,4,256,6000,8.0,2633729,0,0,9973,101,500003,0,12,12,94,564.0,4.7,7.8537,1.42027891
frozen,1,1,1,0.001,0.1,512,3,5,4,256,6000,8.0,2633729,0,0,9973,101,500003,0,12,12,95,570.0,4.75,7.93725,1.47343147
frozen,1,1,1,0.001,0.1,512,3,5,4,256,6000,8.0,2633729,0,0,9973,101,500003,0,12,12,96,576.0,4.8,8.0208,1.52069461
frozen,1,1,1,0.001,0.1,512,3,5,4,256,6000,8.0,2633729,0,0,9973,101,500003,0,12,12,97,582.0,4.85,8.10435,1.56244564
frozen,1,1,1,0.001,0.1,512,3,5,4,256,6000,8.0,2633729,0,0,9973,101,500003,0,12,12,98,588.0,4.9,8.1879,1.59925616
frozen,1,1,1,0.001,0.1,512,3,5,4,256,6000,8.0,2633729,0,0,9973,101,500003,0,12,12,99,594.0,4.95,8.27145,1.63206375
frozen,1,1,1,0.001,0.1,512,3,5,4,256,6000,8.0,2633729,0,0,9973,101,500003,0,12,12,100,600.0,5.0,8.355,1.6608727
frozen,1,1,1,0.001,0.1,512,3,5,4,256,6000,8.0,2633729,0,0,9973,101,500003,0,12,12,101,606.0,5.05,8.43855,1.68260086
frozen,1,1,1,0.001,0.1,512,3,5,4,256,6000,8.0,2633729,0,0,9973,101,500003,0,12,12,102,612.0,5.1,8.5221,1.69474792
frozen,1,1,1,0.001,0.1,512,3,5,4,256,6000,8.0,2633729,0,0,9973,101,500003,0,12,12,103,618.0,5.15,8.60565,1.69799888
frozen,1,1,1,0.001,0.1,512,3,5,4,256,6000,8.0,2633729,0,0,9973,101,500003,0,12,12,104,624.0,5.2,8.6892,1.69401336
frozen,1,1,1,0.001,0.1,512,3,5,4,256,6000,8.0,2633729,0,0,9973,101,500003,0,12,12,105,630.0,5.25,8.77275,1.6829375
frozen,1,1,1,0.001,0.1,512,3,5,4,256,6000,8.0,2633729,0,0,9973,101,500003,0,12,12,106,636.0,5.3,8.8563,1.663625
frozen,1,1,1,0.001,0.1,512,3,5,4,256,6000,8.0,2633729,0,0,9973,101,500003,0,12,12,107,642.0,5.35,8.93985,1.63638294
frozen,1,1,1,0.001,0.1,512,3,5,4,256,6000,8.0,2633729,0,0,9973,101,500003,0,12,12,108,648.0,5.4,9.0234,1.60276914
frozen,1,1,1,0.001,0.1,512,3,5,4,256,6000,8.0,2633729,0,0,9973,101,500003,0,12,12,109,654.0,5.45,9.10695,1.56374276
frozen,1,1,1,0.001,0.1,512,3,5,4,256,6000,8.0,2633729,0,0,9973,101,500003,0,12,12,110,660.0,5.5,9.1905,1.52022612
frozen,1,1,1,0.001,0.1,512,3,5,4,256,6000,8.0,2633729,0,0,9973,101,500003,0,12,12,111,666.0,5.55,9.27405,1.4733845
frozen,1,1,1,0.001,0.1,512,3,5,4,256,6000,8.0,2633729,0,0,9973,101,500003,0,12,12,112,672.0,5.6,9.3576,1.42354572
frozen,1,1,1,0.001,0.1,512,3,5,4,256,6000,8.0,2633729,0,0,9973,101,500003,0,12,12,113,678.0,5.65,9.44115,1.37062871
frozen,1,1,1,0.001,0.1,512,3,5,4,256,6000,8.0,2633729,0,0,9973,101,500003,0,12,12,114,684.0,5.7,9.5247,1.31658804
frozen,1,1,1,0.001,0.1,512,3,5,4,256,6000,8.0,2633729,0,0,9973,101,500003,0,12,12,115,690.0,5.75,9.60825,1.26459479
frozen,1,1,1,0.001,0.1,512,3,5,4,256,6000,8.0,2633729,0,0,9973,101,500003,0,12,12,116,696.0,5.8,9.6918,1.21612358
frozen,1,1,1,0.001,0.1,512,3,5,4,256,6000,8.0,2633729,0,0,9973,101,500003,0,12,12,117,702.0,5.85,9.77535,1.17052114
frozen,1,1,1,0.001,0.1,512,3,5,4,256,6000,8.0,2633729,0,0,9973,101,500003,0,12,12,118,708.0,5.9,9.8589,1.12746477
frozen,1,1,1,0.001,0.1,512,3,5,4,256,6000,8.0,2633729,0,0,9973,101,500003,0,12,12,119,714.0,5.95,9.94245,1.08791113
frozen,1,1,1,0.001,0.1,512,3,5,4,256,6000,8.0,2633729,0,0,9973,101,500003,0,12,12,120,720.0,6.0,10.026,1.05257237
frozen,1,1,1,0.001,0.1,512,3,5,4,256,6000,8.0,2633729,0,0,9973,101,500003,0,54,54,1,6.0,0.05,0.08355,0.09190287
frozen,1,1,1,0.001,0.1,512,3,5,4,256,6000,8.0,2633729,0,0,9973,101,500003,0,54,54,2,12.0,0.1,0.1671,0.13340543
frozen,1,1,1,0.001,0.1,512,3,5,4,256,6000,8.0,2633729,0,0,9973,101,500003,0,54,54,3,18.0,0.15,0.25065,0.17892417
frozen,1,1,1,0.001,0.1,512,3,5,4,256,6000,8.0,2633729,0,0,9973,101,500003,0,54,54,4,24.0,0.2,0.3342,0.22264263
frozen,1,1,1,0.001,0.1,512,3,5,4,256,6000,8.0,2633729,0,0,9973,101,500003,0,54,54,5,30.0,0.25,0.41775,0.26395568
frozen,1,1,1,0.001,0.1,512,3,5,4,256,6000,8.0,2633729,0,0,9973,101,500003,0,54,54,6,36.0,0.3,0.5013,0.3049359
frozen,1,1,1,0.001,0.1,512,3,5,4,256,6000,8.0,2633729,0,0,9973,101,500003,0,54,54,7,42.0,0.35,0.58485,0.34557039
frozen,1,1,1,0.001,0.1,512,3,5,4,256,6000,8.0,2633729,0,0,9973,101,500003,0,54,54,8,48.0,0.4,0.6684,0.38291693
frozen,1,1,1,0.001,0.1,512,3,5,4,256,6000,8.0,2633729,0,0,9973,101,500003,0,54,54,9,54.0,0.45,0.75195,0.41494137
frozen,1,1,1,0.001,0.1,512,3,5,4,256,6000,8.0,2633729,0,0,9973,101,500003,0,54,54,10,60.0,0.5,0.8355,0.44375399
frozen,1,1,1,0.001,0.1,512,3,5,4,256,6000,8.0,2633729,0,0,9973,101,500003,0,54,54,11,66.0,0.55,0.91905,0.46980125
frozen,1,1,1,0.001,0.1,512,3,5,4,256,6000,8.0,2633729,0,0,9973,101,500003,0,54,54,12,72.0,0.6,1.0026,0.49202001
frozen,1,1,1,0.001,0.1,512,3,5,4,256,6000,8.0,2633729,0,0,9973,101,500003,0,54,54,13,78.0,0.65,1.08615,0.51155508
frozen,1,1,1,0.001,0.1,512,3,5,4,256,6000,8.0,2633729,0,0,9973,101,500003,0,54,54,14,84.0,0.7,1.1697,0.52992928
frozen,1,1,1,0.001,0.1,512,3,5,4,256,6000,8.0,2633729,0,0,9973,101,500003,0,54,54,15,90.0,0.75,1.25325,0.54804629
frozen,1,1,1,0.001,0.1,512,3,5,4,256,6000,8.0,2633729,0,0,9973,101,500003,0,54,54,16,96.0,0.8,1.3368,0.5662095
frozen,1,1,1,0.001,0.1,512,3,5,4,256,6000,8.0,2633729,0,0,9973,101,500003,0,54,54,17,102.0,0.85,1.42035,0.58337152
frozen,1,1,1,0.001,0.1,512,3,5,4,256,6000,8.0,2633729,0,0,9973,101,500003,0,54,54,18,108.0,0.9,1.5039,0.59886122
frozen,1,1,1,0.001,0.1,512,3,5,4,256,6000,8.0,2633729,0,0,9973,101,500003,0,54,54,19,114.0,0.95,1.58745,0.61370009
frozen,1,1,1,0.001,0.1,512,3,5,4,256,6000,8.0,2633729,0,0,9973,101,500003,0,54,54,20,120.0,1.0,1.671,0.62931585
frozen,1,1,1,0.001,0.1,512,3,5,4,256,6000,8.0,2633729,0,0,9973,101,500003,0,54,54,21,126.0,1.05,1.75455,0.64611256
frozen,1,1,1,0.001,0.1,512,3,5,4,256,6000,8.0,2633729,0,0,9973,101,500003,0,54,54,22,132.0,1.1,1.8381,0.66348648
frozen,1,1,1,0.001,0.1,512,3,5,4,256,6000,8.0,2633729,0,0,9973,101,500003,0,54,54,23,138.0,1.15,1.92165,0.68029851
frozen,1,1,1,0.001,0.1,512,3,5,4,256,6000,8.0,2633729,0,0,9973,101,500003,0,54,54,24,144.0,1.2,2.0052,0.69520706
frozen,1,1,1,0.001,0.1,512,3,5,4,256,6000,8.0,2633729,0,0,9973,101,500003,0,54,54,25,150.0,1.25,2.08875,0.70777118
frozen,1,1,1,0.001,0.1,512,3,5,4,256,6000,8.0,2633729,0,0,9973,101,500003,0,54,54,26,156.0,1.3,2.1723,0.71913564
frozen,1,1,1,0.001,0.1,512,3,5,4,256,6000,8.0,2633729,0,0,9973,101,500003,0,54,54,27,162.0,1.35,2.25585,0.73029715
frozen,1,1,1,0.001,0.1,512,3,5,4,256,6000,8.0,2633729,0,0,9973,101,500003,0,54,54,28,168.0,1.4,2.3394,0.74151897
frozen,1,1,1,0.001,0.1,512,3,5,4,256,6000,8.0,2633729,0,0,9973,101,500003,0,54,54,29,174.0,1.45,2.42295,0.75214028
frozen,1,1,1,0.001,0.1,512,3,5,4,256,6000,8.0,2633729,0,0,9973,101,500003,0,54,54,30,180.0,1.5,2.5065,0.761253
frozen,1,1,1,0.001,0.1,512,3,5,4,256,6000,8.0,2633729,0,0,9973,101,500003,0,54,54,31,186.0,1.55,2.59005,0.76906264
frozen,1,1,1,0.001,0.1,512,3,5,4,256,6000,8.0,2633729,0,0,9973,101,500003,0,54,54,32,192.0,1.6,2.6736,0.77646101
frozen,1,1,1,0.001,0.1,512,3,5,4,256,6000,8.0,2633729,0,0,9973,101,500003,0,54,54,33,198.0,1.65,2.75715,0.78419513
frozen,1,1,1,0.001,0.1,512,3,5,4,256,6000,8.0,2633729,0,0,9973,101,500003,0,54,54,34,204.0,1.7,2.8407,0.79301542
frozen,1,1,1,0.001,0.1,512,3,5,4,256,6000,8.0,2633729,0,0,9973,101,500003,0,54,54,35,210.0,1.75,2.92425,0.80282414
frozen,1,1,1,0.001,0.1,512,3,5,4,256,6000,8.0,2633729,0,0,9973,101,500003,0,54,54,36,216.0,1.8,3.0078,0.81270933
frozen,1,1,1,0.001,0.1,512,3,5,4,256,6000,8.0,2633729,0,0,9973,101,500003,0,54,54,37,222.0,1.85,3.09135,0.8217079
frozen,1,1,1,0.001,0.1,512,3,5,4,256,6000,8.0,2633729,0,0,9973,101,500003,0,54,54,38,228.0,1.9,3.1749,0.82906979
frozen,1,1,1,0.001,0.1,512,3,5,4,256,6000,8.0,2633729,0,0,9973,101,500003,0,54,54,39,234.0,1.95,3.25845,0.83484697
frozen,1,1,1,0.001,0.1,512,3,5,4,256,6000,8.0,2633729,0,0,9973,101,500003,0,54,54,40,240.0,2.0,3.342,0.84011894
frozen,1,1,1,0.001,0.1,512,3,5,4,256,6000,8.0,2633729,0,0,9973,101,500003,0,54,54,41,246.0,2.05,3.42555,0.84577256
frozen,1,1,1,0.001,0.1,512,3,5,4,256,6000,8.0,2633729,0,0,9973,101,500003,0,54,54,42,252.0,2.1,3.5091,0.85155725
frozen,1,1,1,0.001,0.1,512,3,5,4,256,6000,8.0,2633729,0,0,9973,101,500003,0,54,54,43,258.0,2.15,3.59265,0.85608029
frozen,1,1,1,0.001,0.1,512,3,5,4,256,6000,8.0,2633729,0,0,9973,101,500003,0,54,54,44,264.0,2.2,3.6762,0.85761297
frozen,1,1,1,0.001,0.1,512,3,5,4,256,6000,8.0,2633729,0,0,9973,101,500003,0,54,54,45,270.0,2.25,3.75975,0.85637295
frozen,1,1,1,0.001,0.1,512,3,5,4,256,6000,8.0,2633729,0,0,9973,101,500003,0,54,54,46,276.0,2.3,3.8433,0.85518521
frozen,1,1,1,0.001,0.1,512,3,5,4,256,6000,8.0,2633729,0,0,9973,101,500003,0,54,54,47,282.0,2.35,3.92685,0.85681844
frozen,1,1,1,0.001,0.1,512,3,5,4,256,6000,8.0,2633729,0,0,9973,101,500003,0,54,54,48,288.0,2.4,4.0104,0.8621192
frozen,1,1,1,0.001,0.1,512,3,5,4,256,6000,8.0,2633729,0,0,9973,101,500003,0,54,54,49,294.0,2.45,4.09395,0.86970335
frozen,1,1,1,0.001,0.1,512,3,5,4,256,6000,8.0,2633729,0,0,9973,101,500003,0,54,54,50,300.0,2.5,4.1775,0.87706524
frozen,1,1,1,0.001,0.1,512,3,5,4,256,6000,8.0,2633729,0,0,9973,101,500003,0,54,54,51,306.0,2.55,4.26105,0.88302034
frozen,1,1,1,0.001,0.1,512,3,5,4,256,6000,8.0,2633729,0,0,9973,101,500003,0,54,54,52,312.0,2.6,4.3446,0.88785547
frozen,1,1,1,0.001,0.1,512,3,5,4,256,6000,8.0,2633729,0,0,9973,101,500003,0,54,54,53,318.0,2.65,4.42815,0.89120036
frozen,1,1,1,0.001,0.1,512,3,5,4,256,6000,8.0,2633729,0,0,9973,101,500003,0,54,54,54,324.0,2.7,4.5117,0.89198065
frozen,1,1,1,0.001,0.1,512,3,5,4,256,6000,8.0,2633729,0,0,9973,101,500003,0,54,54,55,330.0,2.75,4.59525,0.89008439
frozen,1,1,1,0.001,0.1,512,3,5,4,256,6000,8.0,2633729,0,0,9973,101,500003,0,54,54,56,336.0,2.8,4.6788,0.88726115
frozen,1,1,1,0.001,0.1,512,3,5,4,256,6000,8.0,2633729,0,0,9973,101,500003,0,54,54,57,342.0,2.85,4.76235,0.88589364
frozen,1,1,1,0.001,0.1,512,3,5,4,256,6000,8.0,2633729,0,0,9973,101,500003,0,54,54,58,348.0,2.9,4.8459,0.88702828
frozen,1,1,1,0.001,0.1,512,3,5,4,256,6000,8.0,2633729,0,0,9973,101,500003,0,54,54,59,354.0,2.95,4.92945,0.89025134
frozen,1,1,1,0.001,0.1,512,3,5,4,256,6000,8.0,2633729,0,0,9973,101,500003,0,54,54,60,360.0,3.0,5.013,0.89445639
frozen,1,1,1,0.001,0.1,512,3,5,4,256,6000,8.0,2633729,0,0,9973,101,500003,0,54,54,61,366.0,3.05,5.09655,0.89837211
frozen,1,1,1,0.001,0.1,512,3,5,4,256,6000,8.0,2633729,0,0,9973,101,500003,0,54,54,62,372.0,3.1,5.1801,0.90114224
frozen,1,1,1,0.001,0.1,512,3,5,4,256,6000,8.0,2633729,0,0,9973,101,500003,0,54,54,63,378.0,3.15,5.26365,0.90273529
frozen,1,1,1,0.001,0.1,512,3,5,4,256,6000,8.0,2633729,0,0,9973,101,500003,0,54,54,64,384.0,3.2,5.3472,0.90404558
frozen,1,1,1,0.001,0.1,512,3,5,4,256,6000,8.0,2633729,0,0,9973,101,500003,0,54,54,65,390.0,3.25,5.43075,0.9060728
frozen,1,1,1,0.001,0.1,512,3,5,4,256,6000,8.0,2633729,0,0,9973,101,500003,0,54,54,66,396.0,3.3,5.5143,0.90887731
frozen,1,1,1,0.001,0.1,512,3,5,4,256,6000,8.0,2633729,0,0,9973,101,500003,0,54,54,67,402.0,3.35,5.59785,0.91156572
frozen,1,1,1,0.001,0.1,512,3,5,4,256,6000,8.0,2633729,0,0,9973,101,500003,0,54,54,68,408.0,3.4,5.6814,0.91374522
frozen,1,1,1,0.001,0.1,512,3,5,4,256,6000,8.0,2633729,0,0,9973,101,500003,0,54,54,69,414.0,3.45,5.76495,0.91637552
frozen,1,1,1,0.001,0.1,512,3,5,4,256,6000,8.0,2633729,0,0,9973,101,500003,0,54,54,70,420.0,3.5,5.8485,0.91966784
frozen,1,1,1,0.001,0.1,512,3,5,4,256,6000,8.0,2633729,0,0,9973,101,500003,0,54,54,71,426.0,3.55,5.93205,0.92265397
frozen,1,1,1,0.001,0.1,512,3,5,4,256,6000,8.0,2633729,0,0,9973,101,500003,0,54,54,72,432.0,3.6,6.0156,0.9246828
frozen,1,1,1,0.001,0.1,512,3,5,4,256,6000,8.0,2633729,0,0,9973,101,500003,0,54,54,73,438.0,3.65,6.09915,0.92566735
frozen,1,1,1,0.001,0.1,512,3,5,4,256,6000,8.0,2633729,0,0,9973,101,500003,0,54,54,74,444.0,3.7,6.1827,0.92560732
frozen,1,1,1,0.001,0.1,512,3,5,4,256,6000,8.0,2633729,0,0,9973,101,500003,0,54,54,75,450.0,3.75,6.26625,0.92440909
frozen,1,1,1,0.001,0.1,512,3,5,4,256,6000,8.0,2633729,0,0,9973,101,500003,0,54,54,76,456.0,3.8,6.3498,0.92262691
frozen,1,1,1,0.001,0.1,512,3,5,4,256,6000,8.0,2633729,0,0,9973,101,500003,0,54,54,77,462.0,3.85,6.43335,0.92164135
frozen,1,1,1,0.001,0.1,512,3,5,4,256,6000,8.0,2633729,0,0,9973,101,500003,0,54,54,78,468.0,3.9,6.5169,0.92246711
frozen,1,1,1,0.001,0.1,512,3,5,4,256,6000,8.0,2633729,0,0,9973,101,500003,0,54,54,79,474.0,3.95,6.60045,0.92501545
frozen,1,1,1,0.001,0.1,512,3,5,4,256,6000,8.0,2633729,0,0,9973,101,500003,0,54,54,80,480.0,4.0,6.684,0.92846113
frozen,1,1,1,0.001,0.1,512,3,5,4,256,6000,8.0,2633729,0,0,9973,101,500003,0,54,54,81,486.0,4.05,6.76755,0.93198776
frozen,1,1,1,0.001,0.1,512,3,5,4,256,6000,8.0,2633729,0,0,9973,101,500003,0,54,54,82,492.0,4.1,6.8511,0.9353022
frozen,1,1,1,0.001,0.1,512,3,5,4,256,6000,8.0,2633729,0,0,9973,101,500003,0,54,54,83,498.0,4.15,6.93465,0.93828166
frozen,1,1,1,0.001,0.1,512,3,5,4,256,6000,8.0,2633729,0,0,9973,101,500003,0,54,54,84,504.0,4.2,7.0182,0.94035965
frozen,1,1,1,0.001,0.1,512,3,5,4,256,6000,8.0,2633729,0,0,9973,101,500003,0,54,54,85,510.0,4.25,7.10175,0.94048834
frozen,1,1,1,0.001,0.1,512,3,5,4,256,6000,8.0,2633729,0,0,9973,101,500003,0,54,54,86,516.0,4.3,7.1853,0.93752348
frozen,1,1,1,0.001,0.1,512,3,5,4,256,6000,8.0,2633729,0,0,9973,101,500003,0,54,54,87,522.0,4.35,7.26885,0.93229401
frozen,1,1,1,0.001,0.1,512,3,5,4,256,6000,8.0,2633729,0,0,9973,101,500003,0,54,54,88,528.0,4.4,7.3524,0.9278385
frozen,1,1,1,0.001,0.1,512,3,5,4,256,6000,8.0,2633729,0,0,9973,101,500003,0,54,54,89,534.0,4.45,7.43595,0.92616558
frozen,1,1,1,0.001,0.1,512,3,5,4,256,6000,8.0,2633729,0,0,9973,101,500003,0,54,54,90,540.0,4.5,7.5195,0.92666411
frozen,1,1,1,0.001,0.1,512,3,5,4,256,6000,8.0,2633729,0,0,9973,101,500003,0,54,54,91,546.0,4.55,7.60305,0.92766225
frozen,1,1,1,0.001,0.1,512,3,5,4,256,6000,8.0,2633729,0,0,9973,101,500003,0,54,54,92,552.0,4.6,7.6866,0.92878073
frozen,1,1,1,0.001,0.1,512,3,5,4,256,6000,8.0,2633729,0,0,9973,101,500003,0,54,54,93,558.0,4.65,7.77015,0.930471
frozen,1,1,1,0.001,0.1,512,3,5,4,256,6000,8.0,2633729,0,0,9973,101,500003,0,54,54,94,564.0,4.7,7.8537,0.93219185
frozen,1,1,1,0.001,0.1,512,3,5,4,256,6000,8.0,2633729,0,0,9973,101,500003,0,54,54,95,570.0,4.75,7.93725,0.9324103
frozen,1,1,1,0.001,0.1,512,3,5,4,256,6000,8.0,2633729,0,0,9973,101,500003,0,54,54,96,576.0,4.8,8.0208,0.93081158
frozen,1,1,1,0.001,0.1,512,3,5,4,256,6000,8.0,2633729,0,0,9973,101,500003,0,54,54,97,582.0,4.85,8.10435,0.92919165
frozen,1,1,1,0.001,0.1,512,3,5,4,256,6000,8.0,2633729,0,0,9973,101,500003,0,54,54,98,588.0,4.9,8.1879,0.92899442
frozen,1,1,1,0.001,0.1,512,3,5,4,256,6000,8.0,2633729,0,0,9973,101,500003,0,54,54,99,594.0,4.95,8.27145,0.92983168
frozen,1,1,1,0.001,0.1,512,3,5,4,256,6000,8.0,2633729,0,0,9973,101,500003,0,54,54,100,600.0,5.0,8.355,0.93086559
frozen,1,1,1,0.001,0.1,512,3,5,4,256,6000,8.0,2633729,0,0,9973,101,500003,0,54,54,101,606.0,5.05,8.43855,0.93187124
frozen,1,1,1,0.001,0.1,512,3,5,4,256,6000,8.0,2633729,0,0,9973,101,500003,0,54,54,102,612.0,5.1,8.5221,0.93325686
frozen,1,1,1,0.001,0.1,512,3,5,4,256,6000,8.0,2633729,0,0,9973,101,500003,0,54,54,103,618.0,5.15,8.60565,0.93557823
frozen,1,1,1,0.001,0.1,512,3,5,4,256,6000,8.0,2633729,0,0,9973,101,500003,0,54,54,104,624.0,5.2,8.6892,0.93818033
frozen,1,1,1,0.001,0.1,512,3,5,4,256,6000,8.0,2633729,0,0,9973,101,500003,0,54,54,105,630.0,5.25,8.77275,0.93897474
frozen,1,1,1,0.001,0.1,512,3,5,4,256,6000,8.0,2633729,0,0,9973,101,500003,0,54,54,106,636.0,5.3,8.8563,0.93735707
frozen,1,1,1,0.001,0.1,512,3,5,4,256,6000,8.0,2633729,0,0,9973,101,500003,0,54,54,107,642.0,5.35,8.93985,0.93547821
frozen,1,1,1,0.001,0.1,512,3,5,4,256,6000,8.0,2633729,0,0,9973,101,500003,0,54,54,108,648.0,5.4,9.0234,0.9356724
frozen,1,1,1,0.001,0.1,512,3,5,4,256,6000,8.0,2633729,0,0,9973,101,500003,0,54,54,109,654.0,5.45,9.10695,0.93854499
frozen,1,1,1,0.001,0.1,512,3,5,4,256,6000,8.0,2633729,0,0,9973,101,500003,0,54,54,110,660.0,5.5,9.1905,0.94291234
frozen,1,1,1,0.001,0.1,512,3,5,4,256,6000,8.0,2633729,0,0,9973,101,500003,0,54,54,111,666.0,5.55,9.27405,0.94740903
frozen,1,1,1,0.001,0.1,512,3,5,4,256,6000,8.0,2633729,0,0,9973,101,500003,0,54,54,112,672.0,5.6,9.3576,0.95153779
frozen,1,1,1,0.001,0.1,512,3,5,4,256,6000,8.0,2633729,0,0,9973,101,500003,0,54,54,113,678.0,5.65,9.44115,0.9546262
frozen,1,1,1,0.001,0.1,512,3,5,4,256,6000,8.0,2633729,0,0,9973,101,500003,0,54,54,114,684.0,5.7,9.5247,0.95556551
frozen,1,1,1,0.001,0.1,512,3,5,4,256,6000,8.0,2633729,0,0,9973,101,500003,0,54,54,115,690.0,5.75,9.60825,0.95353591
frozen,1,1,1,0.001,0.1,512,3,5,4,256,6000,8.0,2633729,0,0,9973,101,500003,0,54,54,116,696.0,5.8,9.6918,0.94921064
frozen,1,1,1,0.001,0.1,512,3,5,4,256,6000,8.0,2633729,0,0,9973,101,500003,0,54,54,117,702.0,5.85,9.77535,0.94522685
frozen,1,1,1,0.001,0.1,512,3,5,4,256,6000,8.0,2633729,0,0,9973,101,500003,0,54,54,118,708.0,5.9,9.8589,0.94390345
frozen,1,1,1,0.001,0.1,512,3,5,4,256,6000,8.0,2633729,0,0,9973,101,500003,0,54,54,119,714.0,5.95,9.94245,0.944938
frozen,1,1,1,0.001,0.1,512,3,5,4,256,6000,8.0,2633729,0,0,9973,101,500003,0,54,54,120,720.0,6.0,10.026,0.94671178
frozen,1,1,1,0.001,0.1,512,3,5,4,256,6000,8.0,2633729,0,0,9973,101,500003,0,234,234,1,6.0,0.05,0.08355,0.05078476
frozen,1,1,1,0.001,0.1,512,3,5,4,256,6000,8.0,2633729,0,0,9973,101,500003,0,234,234,2,12.0,0.1,0.1671,0.06260661
frozen,1,1,1,0.001,0.1,512,3,5,4,256,6000,8.0,2633729,0,0,9973,101,500003,0,234,234,3,18.0,0.15,0.25065,0.07649049
frozen,1,1,1,0.001,0.1,512,3,5,4,256,6000,8.0,2633729,0,0,9973,101,500003,0,234,234,4,24.0,0.2,0.3342,0.09262168
frozen,1,1,1,0.001,0.1,512,3,5,4,256,6000,8.0,2633729,0,0,9973,101,500003,0,234,234,5,30.0,0.25,0.41775,0.11206388
frozen,1,1,1,0.001,0.1,512,3,5,4,256,6000,8.0,2633729,0,0,9973,101,500003,0,234,234,6,36.0,0.3,0.5013,0.13489158
frozen,1,1,1,0.001,0.1,512,3,5,4,256,6000,8.0,2633729,0,0,9973,101,500003,0,234,234,7,42.0,0.35,0.58485,0.16056676
frozen,1,1,1,0.001,0.1,512,3,5,4,256,6000,8.0,2633729,0,0,9973,101,500003,0,234,234,8,48.0,0.4,0.6684,0.18787004
frozen,1,1,1,0.001,0.1,512,3,5,4,256,6000,8.0,2633729,0,0,9973,101,500003,0,234,234,9,54.0,0.45,0.75195,0.21695751
frozen,1,1,1,0.001,0.1,512,3,5,4,256,6000,8.0,2633729,0,0,9973,101,500003,0,234,234,10,60.0,0.5,0.8355,0.24849111
frozen,1,1,1,0.001,0.1,512,3,5,4,256,6000,8.0,2633729,0,0,9973,101,500003,0,234,234,11,66.0,0.55,0.91905,0.28264329
frozen,1,1,1,0.001,0.1,512,3,5,4,256,6000,8.0,2633729,0,0,9973,101,500003,0,234,234,12,72.0,0.6,1.0026,0.31805152
frozen,1,1,1,0.001,0.1,512,3,5,4,256,6000,8.0,2633729,0,0,9973,101,500003,0,234,234,13,78.0,0.65,1.08615,0.35273895
frozen,1,1,1,0.001,0.1,512,3,5,4,256,6000,8.0,2633729,0,0,9973,101,500003,0,234,234,14,84.0,0.7,1.1697,0.38600522
frozen,1,1,1,0.001,0.1,512,3,5,4,256,6000,8.0,2633729,0,0,9973,101,500003,0,234,234,15,90.0,0.75,1.25325,0.41783762
frozen,1,1,1,0.001,0.1,512,3,5,4,256,6000,8.0,2633729,0,0,9973,101,500003,0,234,234,16,96.0,0.8,1.3368,0.44782978
frozen,1,1,1,0.001,0.1,512,3,5,4,256,6000,8.0,2633729,0,0,9973,101,500003,0,234,234,17,102.0,0.85,1.42035,0.47607061
frozen,1,1,1,0.001,0.1,512,3,5,4,256,6000,8.0,2633729,0,0,9973,101,500003,0,234,234,18,108.0,0.9,1.5039,0.5044117
frozen,1,1,1,0.001,0.1,512,3,5,4,256,6000,8.0,2633729,0,0,9973,101,500003,0,234,234,19,114.0,0.95,1.58745,0.5347876
frozen,1,1,1,0.001,0.1,512,3,5,4,256,6000,8.0,2633729,0,0,9973,101,500003,0,234,234,20,120.0,1.0,1.671,0.5653758
frozen,1,1,1,0.001,0.1,512,3,5,4,256,6000,8.0,2633729,0,0,9973,101,500003,0,234,234,21,126.0,1.05,1.75455,0.59248644
frozen,1,1,1,0.001,0.1,512,3,5,4,256,6000,8.0,2633729,0,0,9973,101,500003,0,234,234,22,132.0,1.1,1.8381,0.6157921
frozen,1,1,1,0.001,0.1,512,3,5,4,256,6000,8.0,2633729,0,0,9973,101,500003,0,234,234,23,138.0,1.15,1.92165,0.63685203
frozen,1,1,1,0.001,0.1,512,3,5,4,256,6000,8.0,2633729,0,0,9973,101,500003,0,234,234,24,144.0,1.2,2.0052,0.65693212
frozen,1,1,1,0.001,0.1,512,3,5,4,256,6000,8.0,2633729,0,0,9973,101,500003,0,234,234,25,150.0,1.25,2.08875,0.67769879
frozen,1,1,1,0.001,0.1,512,3,5,4,256,6000,8.0,2633729,0,0,9973,101,500003,0,234,234,26,156.0,1.3,2.1723,0.70059574
frozen,1,1,1,0.001,0.1,512,3,5,4,256,6000,8.0,2633729,0,0,9973,101,500003,0,234,234,27,162.0,1.35,2.25585,0.72611338
frozen,1,1,1,0.001,0.1,512,3,5,4,256,6000,8.0,2633729,0,0,9973,101,500003,0,234,234,28,168.0,1.4,2.3394,0.75108391
frozen,1,1,1,0.001,0.1,512,3,5,4,256,6000,8.0,2633729,0,0,9973,101,500003,0,234,234,29,174.0,1.45,2.42295,0.77248466
frozen,1,1,1,0.001,0.1,512,3,5,4,256,6000,8.0,2633729,0,0,9973,101,500003,0,234,234,30,180.0,1.5,2.5065,0.79019898
frozen,1,1,1,0.001,0.1,512,3,5,4,256,6000,8.0,2633729,0,0,9973,101,500003,0,234,234,31,186.0,1.55,2.59005,0.80421376
frozen,1,1,1,0.001,0.1,512,3,5,4,256,6000,8.0,2633729,0,0,9973,101,500003,0,234,234,32,192.0,1.6,2.6736,0.81568283
frozen,1,1,1,0.001,0.1,512,3,5,4,256,6000,8.0,2633729,0,0,9973,101,500003,0,234,234,33,198.0,1.65,2.75715,0.82665306
frozen,1,1,1,0.001,0.1,512,3,5,4,256,6000,8.0,2633729,0,0,9973,101,500003,0,234,234,34,204.0,1.7,2.8407,0.8390854
frozen,1,1,1,0.001,0.1,512,3,5,4,256,6000,8.0,2633729,0,0,9973,101,500003,0,234,234,35,210.0,1.75,2.92425,0.85194719
frozen,1,1,1,0.001,0.1,512,3,5,4,256,6000,8.0,2633729,0,0,9973,101,500003,0,234,234,36,216.0,1.8,3.0078,0.86219096
frozen,1,1,1,0.001,0.1,512,3,5,4,256,6000,8.0,2633729,0,0,9973,101,500003,0,234,234,37,222.0,1.85,3.09135,0.86893851
frozen,1,1,1,0.001,0.1,512,3,5,4,256,6000,8.0,2633729,0,0,9973,101,500003,0,234,234,38,228.0,1.9,3.1749,0.87504053
frozen,1,1,1,0.001,0.1,512,3,5,4,256,6000,8.0,2633729,0,0,9973,101,500003,0,234,234,39,234.0,1.95,3.25845,0.88419157
frozen,1,1,1,0.001,0.1,512,3,5,4,256,6000,8.0,2633729,0,0,9973,101,500003,0,234,234,40,240.0,2.0,3.342,0.89691603
frozen,1,1,1,0.001,0.1,512,3,5,4,256,6000,8.0,2633729,0,0,9973,101,500003,0,234,234,41,246.0,2.05,3.42555,0.91011298
frozen,1,1,1,0.001,0.1,512,3,5,4,256,6000,8.0,2633729,0,0,9973,101,500003,0,234,234,42,252.0,2.1,3.5091,0.92169446
frozen,1,1,1,0.001,0.1,512,3,5,4,256,6000,8.0,2633729,0,0,9973,101,500003,0,234,234,43,258.0,2.15,3.59265,0.93267
frozen,1,1,1,0.001,0.1,512,3,5,4,256,6000,8.0,2633729,0,0,9973,101,500003,0,234,234,44,264.0,2.2,3.6762,0.94247413
frozen,1,1,1,0.001,0.1,512,3,5,4,256,6000,8.0,2633729,0,0,9973,101,500003,0,234,234,45,270.0,2.25,3.75975,0.94999099
frozen,1,1,1,0.001,0.1,512,3,5,4,256,6000,8.0,2633729,0,0,9973,101,500003,0,234,234,46,276.0,2.3,3.8433,0.95581979
frozen,1,1,1,0.001,0.1,512,3,5,4,256,6000,8.0,2633729,0,0,9973,101,500003,0,234,234,47,282.0,2.35,3.92685,0.96042627
frozen,1,1,1,0.001,0.1,512,3,5,4,256,6000,8.0,2633729,0,0,9973,101,500003,0,234,234,48,288.0,2.4,4.0104,0.96421981
frozen,1,1,1,0.001,0.1,512,3,5,4,256,6000,8.0,2633729,0,0,9973,101,500003,0,234,234,49,294.0,2.45,4.09395,0.9693352
frozen,1,1,1,0.001,0.1,512,3,5,4,256,6000,8.0,2633729,0,0,9973,101,500003,0,234,234,50,300.0,2.5,4.1775,0.97673804
frozen,1,1,1,0.001,0.1,512,3,5,4,256,6000,8.0,2633729,0,0,9973,101,500003,0,234,234,51,306.0,2.55,4.26105,0.98532802
frozen,1,1,1,0.001,0.1,512,3,5,4,256,6000,8.0,2633729,0,0,9973,101,500003,0,234,234,52,312.0,2.6,4.3446,0.99365324
frozen,1,1,1,0.001,0.1,512,3,5,4,256,6000,8.0,2633729,0,0,9973,101,500003,0,234,234,53,318.0,2.65,4.42815,0.99913269
frozen,1,1,1,0.001,0.1,512,3,5,4,256,6000,8.0,2633729,0,0,9973,101,500003,0,234,234,54,324.0,2.7,4.5117,0.99964982
frozen,1,1,1,0.001,0.1,512,3,5,4,256,6000,8.0,2633729,0,0,9973,101,500003,0,234,234,55,330.0,2.75,4.59525,0.99742579
frozen,1,1,1,0.001,0.1,512,3,5,4,256,6000,8.0,2633729,0,0,9973,101,500003,0,234,234,56,336.0,2.8,4.6788,0.99533439
frozen,1,1,1,0.001,0.1,512,3,5,4,256,6000,8.0,2633729,0,0,9973,101,500003,0,234,234,57,342.0,2.85,4.76235,0.99392629
frozen,1,1,1,0.001,0.1,512,3,5,4,256,6000,8.0,2633729,0,0,9973,101,500003,0,234,234,58,348.0,2.9,4.8459,0.9940505
frozen,1,1,1,0.001,0.1,512,3,5,4,256,6000,8.0,2633729,0,0,9973,101,500003,0,234,234,59,354.0,2.95,4.92945,0.99736518
frozen,1,1,1,0.001,0.1,512,3,5,4,256,6000,8.0,2633729,0,0,9973,101,500003,0,234,234,60,360.0,3.0,5.013,1.00491822
frozen,1,1,1,0.001,0.1,512,3,5,4,256,6000,8.0,2633729,0,0,9973,101,500003,0,234,234,61,366.0,3.05,5.09655,1.01511848
frozen,1,1,1,0.001,0.1,512,3,5,4,256,6000,8.0,2633729,0,0,9973,101,500003,0,234,234,62,372.0,3.1,5.1801,1.02377427
frozen,1,1,1,0.001,0.1,512,3,5,4,256,6000,8.0,2633729,0,0,9973,101,500003,0,234,234,63,378.0,3.15,5.26365,1.02888703
frozen,1,1,1,0.001,0.1,512,3,5,4,256,6000,8.0,2633729,0,0,9973,101,500003,0,234,234,64,384.0,3.2,5.3472,1.03186882
frozen,1,1,1,0.001,0.1,512,3,5,4,256,6000,8.0,2633729,0,0,9973,101,500003,0,234,234,65,390.0,3.25,5.43075,1.0326041
frozen,1,1,1,0.001,0.1,512,3,5,4,256,6000,8.0,2633729,0,0,9973,101,500003,0,234,234,66,396.0,3.3,5.5143,1.02875471
frozen,1,1,1,0.001,0.1,512,3,5,4,256,6000,8.0,2633729,0,0,9973,101,500003,0,234,234,67,402.0,3.35,5.59785,1.02222073
frozen,1,1,1,0.001,0.1,512,3,5,4,256,6000,8.0,2633729,0,0,9973,101,500003,0,234,234,68,408.0,3.4,5.6814,1.01856673
frozen,1,1,1,0.001,0.1,512,3,5,4,256,6000,8.0,2633729,0,0,9973,101,500003,0,234,234,69,414.0,3.45,5.76495,1.019117
frozen,1,1,1,0.001,0.1,512,3,5,4,256,6000,8.0,2633729,0,0,9973,101,500003,0,234,234,70,420.0,3.5,5.8485,1.02154756
frozen,1,1,1,0.001,0.1,512,3,5,4,256,6000,8.0,2633729,0,0,9973,101,500003,0,234,234,71,426.0,3.55,5.93205,1.02587032
frozen,1,1,1,0.001,0.1,512,3,5,4,256,6000,8.0,2633729,0,0,9973,101,500003,0,234,234,72,432.0,3.6,6.0156,1.03295135
frozen,1,1,1,0.001,0.1,512,3,5,4,256,6000,8.0,2633729,0,0,9973,101,500003,0,234,234,73,438.0,3.65,6.09915,1.04166043
frozen,1,1,1,0.001,0.1,512,3,5,4,256,6000,8.0,2633729,0,0,9973,101,500003,0,234,234,74,444.0,3.7,6.1827,1.04915285
frozen,1,1,1,0.001,0.1,512,3,5,4,256,6000,8.0,2633729,0,0,9973,101,500003,0,234,234,75,450.0,3.75,6.26625,1.05378497
frozen,1,1,1,0.001,0.1,512,3,5,4,256,6000,8.0,2633729,0,0,9973,101,500003,0,234,234,76,456.0,3.8,6.3498,1.05479169
frozen,1,1,1,0.001,0.1,512,3,5,4,256,6000,8.0,2633729,0,0,9973,101,500003,0,234,234,77,462.0,3.85,6.43335,1.05218446
frozen,1,1,1,0.001,0.1,512,3,5,4,256,6000,8.0,2633729,0,0,9973,101,500003,0,234,234,78,468.0,3.9,6.5169,1.04820657
frozen,1,1,1,0.001,0.1,512,3,5,4,256,6000,8.0,2633729,0,0,9973,101,500003,0,234,234,79,474.0,3.95,6.60045,1.04502046
frozen,1,1,1,0.001,0.1,512,3,5,4,256,6000,8.0,2633729,0,0,9973,101,500003,0,234,234,80,480.0,4.0,6.684,1.04307151
frozen,1,1,1,0.001,0.1,512,3,5,4,256,6000,8.0,2633729,0,0,9973,101,500003,0,234,234,81,486.0,4.05,6.76755,1.04174519
frozen,1,1,1,0.001,0.1,512,3,5,4,256,6000,8.0,2633729,0,0,9973,101,500003,0,234,234,82,492.0,4.1,6.8511,1.03979897
frozen,1,1,1,0.001,0.1,512,3,5,4,256,6000,8.0,2633729,0,0,9973,101,500003,0,234,234,83,498.0,4.15,6.93465,1.03780973
frozen,1,1,1,0.001,0.1,512,3,5,4,256,6000,8.0,2633729,0,0,9973,101,500003,0,234,234,84,504.0,4.2,7.0182,1.03716791
frozen,1,1,1,0.001,0.1,512,3,5,4,256,6000,8.0,2633729,0,0,9973,101,500003,0,234,234,85,510.0,4.25,7.10175,1.03860152
frozen,1,1,1,0.001,0.1,512,3,5,4,256,6000,8.0,2633729,0,0,9973,101,500003,0,234,234,86,516.0,4.3,7.1853,1.04089272
frozen,1,1,1,0.001,0.1,512,3,5,4,256,6000,8.0,2633729,0,0,9973,101,500003,0,234,234,87,522.0,4.35,7.26885,1.043383
frozen,1,1,1,0.001,0.1,512,3,5,4,256,6000,8.0,2633729,0,0,9973,101,500003,0,234,234,88,528.0,4.4,7.3524,1.04611409
frozen,1,1,1,0.001,0.1,512,3,5,4,256,6000,8.0,2633729,0,0,9973,101,500003,0,234,234,89,534.0,4.45,7.43595,1.04948723
frozen,1,1,1,0.001,0.1,512,3,5,4,256,6000,8.0,2633729,0,0,9973,101,500003,0,234,234,90,540.0,4.5,7.5195,1.0533632
frozen,1,1,1,0.001,0.1,512,3,5,4,256,6000,8.0,2633729,0,0,9973,101,500003,0,234,234,91,546.0,4.55,7.60305,1.05578828
frozen,1,1,1,0.001,0.1,512,3,5,4,256,6000,8.0,2633729,0,0,9973,101,500003,0,234,234,92,552.0,4.6,7.6866,1.05468214
frozen,1,1,1,0.001,0.1,512,3,5,4,256,6000,8.0,2633729,0,0,9973,101,500003,0,234,234,93,558.0,4.65,7.77015,1.05097091
frozen,1,1,1,0.001,0.1,512,3,5,4,256,6000,8.0,2633729,0,0,9973,101,500003,0,234,234,94,564.0,4.7,7.8537,1.04799891
frozen,1,1,1,0.001,0.1,512,3,5,4,256,6000,8.0,2633729,0,0,9973,101,500003,0,234,234,95,570.0,4.75,7.93725,1.04820728
frozen,1,1,1,0.001,0.1,512,3,5,4,256,6000,8.0,2633729,0,0,9973,101,500003,0,234,234,96,576.0,4.8,8.0208,1.05109704
frozen,1,1,1,0.001,0.1,512,3,5,4,256,6000,8.0,2633729,0,0,9973,101,500003,0,234,234,97,582.0,4.85,8.10435,1.054582
frozen,1,1,1,0.001,0.1,512,3,5,4,256,6000,8.0,2633729,0,0,9973,101,500003,0,234,234,98,588.0,4.9,8.1879,1.05625248
frozen,1,1,1,0.001,0.1,512,3,5,4,256,6000,8.0,2633729,0,0,9973,101,500003,0,234,234,99,594.0,4.95,8.27145,1.05521011
frozen,1,1,1,0.001,0.1,512,3,5,4,256,6000,8.0,2633729,0,0,9973,101,500003,0,234,234,100,600.0,5.0,8.355,1.0525533
frozen,1,1,1,0.001,0.1,512,3,5,4,256,6000,8.0,2633729,0,0,9973,101,500003,0,234,234,101,606.0,5.05,8.43855,1.04932141
frozen,1,1,1,0.001,0.1,512,3,5,4,256,6000,8.0,2633729,0,0,9973,101,500003,0,234,234,102,612.0,5.1,8.5221,1.04678357
frozen,1,1,1,0.001,0.1,512,3,5,4,256,6000,8.0,2633729,0,0,9973,101,500003,0,234,234,103,618.0,5.15,8.60565,1.04593897
frozen,1,1,1,0.001,0.1,512,3,5,4,256,6000,8.0,2633729,0,0,9973,101,500003,0,234,234,104,624.0,5.2,8.6892,1.04663837
frozen,1,1,1,0.001,0.1,512,3,5,4,256,6000,8.0,2633729,0,0,9973,101,500003,0,234,234,105,630.0,5.25,8.77275,1.0484848
frozen,1,1,1,0.001,0.1,512,3,5,4,256,6000,8.0,2633729,0,0,9973,101,500003,0,234,234,106,636.0,5.3,8.8563,1.05033684
frozen,1,1,1,0.001,0.1,512,3,5,4,256,6000,8.0,2633729,0,0,9973,101,500003,0,234,234,107,642.0,5.35,8.93985,1.05168176
frozen,1,1,1,0.001,0.1,512,3,5,4,256,6000,8.0,2633729,0,0,9973,101,500003,0,234,234,108,648.0,5.4,9.0234,1.0538069
frozen,1,1,1,0.001,0.1,512,3,5,4,256,6000,8.0,2633729,0,0,9973,101,500003,0,234,234,109,654.0,5.45,9.10695,1.05697024
frozen,1,1,1,0.001,0.1,512,3,5,4,256,6000,8.0,2633729,0,0,9973,101,500003,0,234,234,110,660.0,5.5,9.1905,1.05933869
frozen,1,1,1,0.001,0.1,512,3,5,4,256,6000,8.0,2633729,0,0,9973,101,500003,0,234,234,111,666.0,5.55,9.27405,1.06033039
frozen,1,1,1,0.001,0.1,512,3,5,4,256,6000,8.0,2633729,0,0,9973,101,500003,0,234,234,112,672.0,5.6,9.3576,1.06100488
frozen,1,1,1,0.001,0.1,512,3,5,4,256,6000,8.0,2633729,0,0,9973,101,500003,0,234,234,113,678.0,5.65,9.44115,1.06033432
frozen,1,1,1,0.001,0.1,512,3,5,4,256,6000,8.0,2633729,0,0,9973,101,500003,0,234,234,114,684.0,5.7,9.5247,1.05600798
frozen,1,1,1,0.001,0.1,512,3,5,4,256,6000,8.0,2633729,0,0,9973,101,500003,0,234,234,115,690.0,5.75,9.60825,1.04926074
frozen,1,1,1,0.001,0.1,512,3,5,4,256,6000,8.0,2633729,0,0,9973,101,500003,0,234,234,116,696.0,5.8,9.6918,1.0441463
frozen,1,1,1,0.001,0.1,512,3,5,4,256,6000,8.0,2633729,0,0,9973,101,500003,0,234,234,117,702.0,5.85,9.77535,1.04280138
frozen,1,1,1,0.001,0.1,512,3,5,4,256,6000,8.0,2633729,0,0,9973,101,500003,0,234,234,118,708.0,5.9,9.8589,1.04520655
frozen,1,1,1,0.001,0.1,512,3,5,4,256,6000,8.0,2633729,0,0,9973,101,500003,0,234,234,119,714.0,5.95,9.94245,1.05037928
frozen,1,1,1,0.001,0.1,512,3,5,4,256,6000,8.0,2633729,0,0,9973,101,500003,0,234,234,120,720.0,6.0,10.026,1.05515623
frozen,1,1,1,0.001,0.1,512,3,5,4,256,6000,8.0,2633729,0,0,9973,101,500003,0,1023,1023,1,6.0,0.05,0.08355,0.03991248
frozen,1,1,1,0.001,0.1,512,3,5,4,256,6000,8.0,2633729,0,0,9973,101,500003,0,1023,1023,2,12.0,0.1,0.1671,0.04742644
frozen,1,1,1,0.001,0.1,512,3,5,4,256,6000,8.0,2633729,0,0,9973,101,500003,0,1023,1023,3,18.0,0.15,0.25065,0.05554416
frozen,1,1,1,0.001,0.1,512,3,5,4,256,6000,8.0,2633729,0,0,9973,101,500003,0,1023,1023,4,24.0,0.2,0.3342,0.06332394
frozen,1,1,1,0.001,0.1,512,3,5,4,256,6000,8.0,2633729,0,0,9973,101,500003,0,1023,1023,5,30.0,0.25,0.41775,0.07115335
frozen,1,1,1,0.001,0.1,512,3,5,4,256,6000,8.0,2633729,0,0,9973,101,500003,0,1023,1023,6,36.0,0.3,0.5013,0.08154018
frozen,1,1,1,0.001,0.1,512,3,5,4,256,6000,8.0,2633729,0,0,9973,101,500003,0,1023,1023,7,42.0,0.35,0.58485,0.09184457
frozen,1,1,1,0.001,0.1,512,3,5,4,256,6000,8.0,2633729,0,0,9973,101,500003,0,1023,1023,8,48.0,0.4,0.6684,0.10206034
frozen,1,1,1,0.001,0.1,512,3,5,4,256,6000,8.0,2633729,0,0,9973,101,500003,0,1023,1023,9,54.0,0.45,0.75195,0.11293309
frozen,1,1,1,0.001,0.1,512,3,5,4,256,6000,8.0,2633729,0,0,9973,101,500003,0,1023,1023,10,60.0,0.5,0.8355,0.12547933
frozen,1,1,1,0.001,0.1,512,3,5,4,256,6000,8.0,2633729,0,0,9973,101,500003,0,1023,1023,11,66.0,0.55,0.91905,0.13950361
frozen,1,1,1,0.001,0.1,512,3,5,4,256,6000,8.0,2633729,0,0,9973,101,500003,0,1023,1023,12,72.0,0.6,1.0026,0.15517493
frozen,1,1,1,0.001,0.1,512,3,5,4,256,6000,8.0,2633729,0,0,9973,101,500003,0,1023,1023,13,78.0,0.65,1.08615,0.17298009
frozen,1,1,1,0.001,0.1,512,3,5,4,256,6000,8.0,2633729,0,0,9973,101,500003,0,1023,1023,14,84.0,0.7,1.1697,0.1937225
frozen,1,1,1,0.001,0.1,512,3,5,4,256,6000,8.0,2633729,0,0,9973,101,500003,0,1023,1023,15,90.0,0.75,1.25325,0.21711852
frozen,1,1,1,0.001,0.1,512,3,5,4,256,6000,8.0,2633729,0,0,9973,101,500003,0,1023,1023,16,96.0,0.8,1.3368,0.2417201
frozen,1,1,1,0.001,0.1,512,3,5,4,256,6000,8.0,2633729,0,0,9973,101,500003,0,1023,1023,17,102.0,0.85,1.42035,0.26557863
frozen,1,1,1,0.001,0.1,512,3,5,4,256,6000,8.0,2633729,0,0,9973,101,500003,0,1023,1023,18,108.0,0.9,1.5039,0.28701797
frozen,1,1,1,0.001,0.1,512,3,5,4,256,6000,8.0,2633729,0,0,9973,101,500003,0,1023,1023,19,114.0,0.95,1.58745,0.30577245
frozen,1,1,1,0.001,0.1,512,3,5,4,256,6000,8.0,2633729,0,0,9973,101,500003,0,1023,1023,20,120.0,1.0,1.671,0.3227005
frozen,1,1,1,0.001,0.1,512,3,5,4,256,6000,8.0,2633729,0,0,9973,101,500003,0,1023,1023,21,126.0,1.05,1.75455,0.33878881
frozen,1,1,1,0.001,0.1,512,3,5,4,256,6000,8.0,2633729,0,0,9973,101,500003,0,1023,1023,22,132.0,1.1,1.8381,0.35486364
frozen,1,1,1,0.001,0.1,512,3,5,4,256,6000,8.0,2633729,0,0,9973,101,500003,0,1023,1023,23,138.0,1.15,1.92165,0.37121272
frozen,1,1,1,0.001,0.1,512,3,5,4,256,6000,8.0,2633729,0,0,9973,101,500003,0,1023,1023,24,144.0,1.2,2.0052,0.38836119
frozen,1,1,1,0.001,0.1,512,3,5,4,256,6000,8.0,2633729,0,0,9973,101,500003,0,1023,1023,25,150.0,1.25,2.08875,0.40643147
frozen,1,1,1,0.001,0.1,512,3,5,4,256,6000,8.0,2633729,0,0,9973,101,500003,0,1023,1023,26,156.0,1.3,2.1723,0.42520842
frozen,1,1,1,0.001,0.1,512,3,5,4,256,6000,8.0,2633729,0,0,9973,101,500003,0,1023,1023,27,162.0,1.35,2.25585,0.44584569
frozen,1,1,1,0.001,0.1,512,3,5,4,256,6000,8.0,2633729,0,0,9973,101,500003,0,1023,1023,28,168.0,1.4,2.3394,0.46887824
frozen,1,1,1,0.001,0.1,512,3,5,4,256,6000,8.0,2633729,0,0,9973,101,500003,0,1023,1023,29,174.0,1.45,2.42295,0.49244142
frozen,1,1,1,0.001,0.1,512,3,5,4,256,6000,8.0,2633729,0,0,9973,101,500003,0,1023,1023,30,180.0,1.5,2.5065,0.5148086
frozen,1,1,1,0.001,0.1,512,3,5,4,256,6000,8.0,2633729,0,0,9973,101,500003,0,1023,1023,31,186.0,1.55,2.59005,0.53534472
frozen,1,1,1,0.001,0.1,512,3,5,4,256,6000,8.0,2633729,0,0,9973,101,500003,0,1023,1023,32,192.0,1.6,2.6736,0.55407518
frozen,1,1,1,0.001,0.1,512,3,5,4,256,6000,8.0,2633729,0,0,9973,101,500003,0,1023,1023,33,198.0,1.65,2.75715,0.57207
frozen,1,1,1,0.001,0.1,512,3,5,4,256,6000,8.0,2633729,0,0,9973,101,500003,0,1023,1023,34,204.0,1.7,2.8407,0.59016556
frozen,1,1,1,0.001,0.1,512,3,5,4,256,6000,8.0,2633729,0,0,9973,101,500003,0,1023,1023,35,210.0,1.75,2.92425,0.60791063
frozen,1,1,1,0.001,0.1,512,3,5,4,256,6000,8.0,2633729,0,0,9973,101,500003,0,1023,1023,36,216.0,1.8,3.0078,0.6251092
frozen,1,1,1,0.001,0.1,512,3,5,4,256,6000,8.0,2633729,0,0,9973,101,500003,0,1023,1023,37,222.0,1.85,3.09135,0.64228648
frozen,1,1,1,0.001,0.1,512,3,5,4,256,6000,8.0,2633729,0,0,9973,101,500003,0,1023,1023,38,228.0,1.9,3.1749,0.65994787
frozen,1,1,1,0.001,0.1,512,3,5,4,256,6000,8.0,2633729,0,0,9973,101,500003,0,1023,1023,39,234.0,1.95,3.25845,0.67819524
frozen,1,1,1,0.001,0.1,512,3,5,4,256,6000,8.0,2633729,0,0,9973,101,500003,0,1023,1023,40,240.0,2.0,3.342,0.69681454
frozen,1,1,1,0.001,0.1,512,3,5,4,256,6000,8.0,2633729,0,0,9973,101,500003,0,1023,1023,41,246.0,2.05,3.42555,0.71470582
frozen,1,1,1,0.001,0.1,512,3,5,4,256,6000,8.0,2633729,0,0,9973,101,500003,0,1023,1023,42,252.0,2.1,3.5091,0.73042524
frozen,1,1,1,0.001,0.1,512,3,5,4,256,6000,8.0,2633729,0,0,9973,101,500003,0,1023,1023,43,258.0,2.15,3.59265,0.74353009
frozen,1,1,1,0.001,0.1,512,3,5,4,256,6000,8.0,2633729,0,0,9973,101,500003,0,1023,1023,44,264.0,2.2,3.6762,0.75441694
frozen,1,1,1,0.001,0.1,512,3,5,4,256,6000,8.0,2633729,0,0,9973,101,500003,0,1023,1023,45,270.0,2.25,3.75975,0.76407033
frozen,1,1,1,0.001,0.1,512,3,5,4,256,6000,8.0,2633729,0,0,9973,101,500003,0,1023,1023,46,276.0,2.3,3.8433,0.77395242
frozen,1,1,1,0.001,0.1,512,3,5,4,256,6000,8.0,2633729,0,0,9973,101,500003,0,1023,1023,47,282.0,2.35,3.92685,0.78487492
frozen,1,1,1,0.001,0.1,512,3,5,4,256,6000,8.0,2633729,0,0,9973,101,500003,0,1023,1023,48,288.0,2.4,4.0104,0.79629463
frozen,1,1,1,0.001,0.1,512,3,5,4,256,6000,8.0,2633729,0,0,9973,101,500003,0,1023,1023,49,294.0,2.45,4.09395,0.80750436
frozen,1,1,1,0.001,0.1,512,3,5,4,256,6000,8.0,2633729,0,0,9973,101,500003,0,1023,1023,50,300.0,2.5,4.1775,0.8183189
frozen,1,1,1,0.001,0.1,512,3,5,4,256,6000,8.0,2633729,0,0,9973,101,500003,0,1023,1023,51,306.0,2.55,4.26105,0.82864952
frozen,1,1,1,0.001,0.1,512,3,5,4,256,6000,8.0,2633729,0,0,9973,101,500003,0,1023,1023,52,312.0,2.6,4.3446,0.8378334
frozen,1,1,1,0.001,0.1,512,3,5,4,256,6000,8.0,2633729,0,0,9973,101,500003,0,1023,1023,53,318.0,2.65,4.42815,0.84582859
frozen,1,1,1,0.001,0.1,512,3,5,4,256,6000,8.0,2633729,0,0,9973,101,500003,0,1023,1023,54,324.0,2.7,4.5117,0.85247153
frozen,1,1,1,0.001,0.1,512,3,5,4,256,6000,8.0,2633729,0,0,9973,101,500003,0,1023,1023,55,330.0,2.75,4.59525,0.85745168
frozen,1,1,1,0.001,0.1,512,3,5,4,256,6000,8.0,2633729,0,0,9973,101,500003,0,1023,1023,56,336.0,2.8,4.6788,0.86022377
frozen,1,1,1,0.001,0.1,512,3,5,4,256,6000,8.0,2633729,0,0,9973,101,500003,0,1023,1023,57,342.0,2.85,4.76235,0.86082959
frozen,1,1,1,0.001,0.1,512,3,5,4,256,6000,8.0,2633729,0,0,9973,101,500003,0,1023,1023,58,348.0,2.9,4.8459,0.86179143
frozen,1,1,1,0.001,0.1,512,3,5,4,256,6000,8.0,2633729,0,0,9973,101,500003,0,1023,1023,59,354.0,2.95,4.92945,0.86554897
frozen,1,1,1,0.001,0.1,512,3,5,4,256,6000,8.0,2633729,0,0,9973,101,500003,0,1023,1023,60,360.0,3.0,5.013,0.87174356
frozen,1,1,1,0.001,0.1,512,3,5,4,256,6000,8.0,2633729,0,0,9973,101,500003,0,1023,1023,61,366.0,3.05,5.09655,0.87856507
frozen,1,1,1,0.001,0.1,512,3,5,4,256,6000,8.0,2633729,0,0,9973,101,500003,0,1023,1023,62,372.0,3.1,5.1801,0.88468552
frozen,1,1,1,0.001,0.1,512,3,5,4,256,6000,8.0,2633729,0,0,9973,101,500003,0,1023,1023,63,378.0,3.15,5.26365,0.8902607
frozen,1,1,1,0.001,0.1,512,3,5,4,256,6000,8.0,2633729,0,0,9973,101,500003,0,1023,1023,64,384.0,3.2,5.3472,0.89591312
frozen,1,1,1,0.001,0.1,512,3,5,4,256,6000,8.0,2633729,0,0,9973,101,500003,0,1023,1023,65,390.0,3.25,5.43075,0.90070826
frozen,1,1,1,0.001,0.1,512,3,5,4,256,6000,8.0,2633729,0,0,9973,101,500003,0,1023,1023,66,396.0,3.3,5.5143,0.90361625
frozen,1,1,1,0.001,0.1,512,3,5,4,256,6000,8.0,2633729,0,0,9973,101,500003,0,1023,1023,67,402.0,3.35,5.59785,0.90451491
frozen,1,1,1,0.001,0.1,512,3,5,4,256,6000,8.0,2633729,0,0,9973,101,500003,0,1023,1023,68,408.0,3.4,5.6814,0.90462089
frozen,1,1,1,0.001,0.1,512,3,5,4,256,6000,8.0,2633729,0,0,9973,101,500003,0,1023,1023,69,414.0,3.45,5.76495,0.90627539
frozen,1,1,1,0.001,0.1,512,3,5,4,256,6000,8.0,2633729,0,0,9973,101,500003,0,1023,1023,70,420.0,3.5,5.8485,0.91115946
frozen,1,1,1,0.001,0.1,512,3,5,4,256,6000,8.0,2633729,0,0,9973,101,500003,0,1023,1023,71,426.0,3.55,5.93205,0.9196189
frozen,1,1,1,0.001,0.1,512,3,5,4,256,6000,8.0,2633729,0,0,9973,101,500003,0,1023,1023,72,432.0,3.6,6.0156,0.93045896
frozen,1,1,1,0.001,0.1,512,3,5,4,256,6000,8.0,2633729,0,0,9973,101,500003,0,1023,1023,73,438.0,3.65,6.09915,0.94178081
frozen,1,1,1,0.001,0.1,512,3,5,4,256,6000,8.0,2633729,0,0,9973,101,500003,0,1023,1023,74,444.0,3.7,6.1827,0.95297819
frozen,1,1,1,0.001,0.1,512,3,5,4,256,6000,8.0,2633729,0,0,9973,101,500003,0,1023,1023,75,450.0,3.75,6.26625,0.96363717
frozen,1,1,1,0.001,0.1,512,3,5,4,256,6000,8.0,2633729,0,0,9973,101,500003,0,1023,1023,76,456.0,3.8,6.3498,0.97231317
frozen,1,1,1,0.001,0.1,512,3,5,4,256,6000,8.0,2633729,0,0,9973,101,500003,0,1023,1023,77,462.0,3.85,6.43335,0.9772197
frozen,1,1,1,0.001,0.1,512,3,5,4,256,6000,8.0,2633729,0,0,9973,101,500003,0,1023,1023,78,468.0,3.9,6.5169,0.97768325
frozen,1,1,1,0.001,0.1,512,3,5,4,256,6000,8.0,2633729,0,0,9973,101,500003,0,1023,1023,79,474.0,3.95,6.60045,0.97487694
frozen,1,1,1,0.001,0.1,512,3,5,4,256,6000,8.0,2633729,0,0,9973,101,500003,0,1023,1023,80,480.0,4.0,6.684,0.97069049
frozen,1,1,1,0.001,0.1,512,3,5,4,256,6000,8.0,2633729,0,0,9973,101,500003,0,1023,1023,81,486.0,4.05,6.76755,0.96601152
frozen,1,1,1,0.001,0.1,512,3,5,4,256,6000,8.0,2633729,0,0,9973,101,500003,0,1023,1023,82,492.0,4.1,6.8511,0.96069878
frozen,1,1,1,0.001,0.1,512,3,5,4,256,6000,8.0,2633729,0,0,9973,101,500003,0,1023,1023,83,498.0,4.15,6.93465,0.95579451
frozen,1,1,1,0.001,0.1,512,3,5,4,256,6000,8.0,2633729,0,0,9973,101,500003,0,1023,1023,84,504.0,4.2,7.0182,0.95321578
frozen,1,1,1,0.001,0.1,512,3,5,4,256,6000,8.0,2633729,0,0,9973,101,500003,0,1023,1023,85,510.0,4.25,7.10175,0.9547286
frozen,1,1,1,0.001,0.1,512,3,5,4,256,6000,8.0,2633729,0,0,9973,101,500003,0,1023,1023,86,516.0,4.3,7.1853,0.95961237
frozen,1,1,1,0.001,0.1,512,3,5,4,256,6000,8.0,2633729,0,0,9973,101,500003,0,1023,1023,87,522.0,4.35,7.26885,0.96437138
frozen,1,1,1,0.001,0.1,512,3,5,4,256,6000,8.0,2633729,0,0,9973,101,500003,0,1023,1023,88,528.0,4.4,7.3524,0.96697062
frozen,1,1,1,0.001,0.1,512,3,5,4,256,6000,8.0,2633729,0,0,9973,101,500003,0,1023,1023,89,534.0,4.45,7.43595,0.96816701
frozen,1,1,1,0.001,0.1,512,3,5,4,256,6000,8.0,2633729,0,0,9973,101,500003,0,1023,1023,90,540.0,4.5,7.5195,0.96891809
frozen,1,1,1,0.001,0.1,512,3,5,4,256,6000,8.0,2633729,0,0,9973,101,500003,0,1023,1023,91,546.0,4.55,7.60305,0.97019279
frozen,1,1,1,0.001,0.1,512,3,5,4,256,6000,8.0,2633729,0,0,9973,101,500003,0,1023,1023,92,552.0,4.6,7.6866,0.97355884
frozen,1,1,1,0.001,0.1,512,3,5,4,256,6000,8.0,2633729,0,0,9973,101,500003,0,1023,1023,93,558.0,4.65,7.77015,0.97881699
frozen,1,1,1,0.001,0.1,512,3,5,4,256,6000,8.0,2633729,0,0,9973,101,500003,0,1023,1023,94,564.0,4.7,7.8537,0.98380607
frozen,1,1,1,0.001,0.1,512,3,5,4,256,6000,8.0,2633729,0,0,9973,101,500003,0,1023,1023,95,570.0,4.75,7.93725,0.9873966
frozen,1,1,1,0.001,0.1,512,3,5,4,256,6000,8.0,2633729,0,0,9973,101,500003,0,1023,1023,96,576.0,4.8,8.0208,0.99021345
frozen,1,1,1,0.001,0.1,512,3,5,4,256,6000,8.0,2633729,0,0,9973,101,500003,0,1023,1023,97,582.0,4.85,8.10435,0.99317086
frozen,1,1,1,0.001,0.1,512,3,5,4,256,6000,8.0,2633729,0,0,9973,101,500003,0,1023,1023,98,588.0,4.9,8.1879,0.99599528
frozen,1,1,1,0.001,0.1,512,3,5,4,256,6000,8.0,2633729,0,0,9973,101,500003,0,1023,1023,99,594.0,4.95,8.27145,0.99744624
frozen,1,1,1,0.001,0.1,512,3,5,4,256,6000,8.0,2633729,0,0,9973,101,500003,0,1023,1023,100,600.0,5.0,8.355,0.9963116
frozen,1,1,1,0.001,0.1,512,3,5,4,256,6000,8.0,2633729,0,0,9973,101,500003,0,1023,1023,101,606.0,5.05,8.43855,0.99225301
frozen,1,1,1,0.001,0.1,512,3,5,4,256,6000,8.0,2633729,0,0,9973,101,500003,0,1023,1023,102,612.0,5.1,8.5221,0.98650616
frozen,1,1,1,0.001,0.1,512,3,5,4,256,6000,8.0,2633729,0,0,9973,101,500003,0,1023,1023,103,618.0,5.15,8.60565,0.98130721
frozen,1,1,1,0.001,0.1,512,3,5,4,256,6000,8.0,2633729,0,0,9973,101,500003,0,1023,1023,104,624.0,5.2,8.6892,0.97792095
frozen,1,1,1,0.001,0.1,512,3,5,4,256,6000,8.0,2633729,0,0,9973,101,500003,0,1023,1023,105,630.0,5.25,8.77275,0.97597897
frozen,1,1,1,0.001,0.1,512,3,5,4,256,6000,8.0,2633729,0,0,9973,101,500003,0,1023,1023,106,636.0,5.3,8.8563,0.97389537
frozen,1,1,1,0.001,0.1,512,3,5,4,256,6000,8.0,2633729,0,0,9973,101,500003,0,1023,1023,107,642.0,5.35,8.93985,0.97139776
frozen,1,1,1,0.001,0.1,512,3,5,4,256,6000,8.0,2633729,0,0,9973,101,500003,0,1023,1023,108,648.0,5.4,9.0234,0.97054642
frozen,1,1,1,0.001,0.1,512,3,5,4,256,6000,8.0,2633729,0,0,9973,101,500003,0,1023,1023,109,654.0,5.45,9.10695,0.9733904
frozen,1,1,1,0.001,0.1,512,3,5,4,256,6000,8.0,2633729,0,0,9973,101,500003,0,1023,1023,110,660.0,5.5,9.1905,0.97898299
frozen,1,1,1,0.001,0.1,512,3,5,4,256,6000,8.0,2633729,0,0,9973,101,500003,0,1023,1023,111,666.0,5.55,9.27405,0.98375314
frozen,1,1,1,0.001,0.1,512,3,5,4,256,6000,8.0,2633729,0,0,9973,101,500003,0,1023,1023,112,672.0,5.6,9.3576,0.98532081
frozen,1,1,1,0.001,0.1,512,3,5,4,256,6000,8.0,2633729,0,0,9973,101,500003,0,1023,1023,113,678.0,5.65,9.44115,0.98430479
frozen,1,1,1,0.001,0.1,512,3,5,4,256,6000,8.0,2633729,0,0,9973,101,500003,0,1023,1023,114,684.0,5.7,9.5247,0.98173308
frozen,1,1,1,0.001,0.1,512,3,5,4,256,6000,8.0,2633729,0,0,9973,101,500003,0,1023,1023,115,690.0,5.75,9.60825,0.97835964
frozen,1,1,1,0.001,0.1,512,3,5,4,256,6000,8.0,2633729,0,0,9973,101,500003,0,1023,1023,116,696.0,5.8,9.6918,0.97553128
frozen,1,1,1,0.001,0.1,512,3,5,4,256,6000,8.0,2633729,0,0,9973,101,500003,0,1023,1023,117,702.0,5.85,9.77535,0.9744724
frozen,1,1,1,0.001,0.1,512,3,5,4,256,6000,8.0,2633729,0,0,9973,101,500003,0,1023,1023,118,708.0,5.9,9.8589,0.97647923
frozen,1,1,1,0.001,0.1,512,3,5,4,256,6000,8.0,2633729,0,0,9973,101,500003,0,1023,1023,119,714.0,5.95,9.94245,0.98123181
frozen,1,1,1,0.001,0.1,512,3,5,4,256,6000,8.0,2633729,0,0,9973,101,500003,0,1023,1023,120,720.0,6.0,10.026,0.98733109
frozen,1,1,1,0.001,0.1,512,3,5,4,256,6000,8.0,2633729,0,0,9973,101,500003,0,4468,4468,1,6.0,0.05,0.08355,0.08579393
frozen,1,1,1,0.001,0.1,512,3,5,4,256,6000,8.0,2633729,0,0,9973,101,500003,0,4468,4468,2,12.0,0.1,0.1671,0.08482727
frozen,1,1,1,0.001,0.1,512,3,5,4,256,6000,8.0,2633729,0,0,9973,101,500003,0,4468,4468,3,18.0,0.15,0.25065,0.09274922
frozen,1,1,1,0.001,0.1,512,3,5,4,256,6000,8.0,2633729,0,0,9973,101,500003,0,4468,4468,4,24.0,0.2,0.3342,0.1063628
frozen,1,1,1,0.001,0.1,512,3,5,4,256,6000,8.0,2633729,0,0,9973,101,500003,0,4468,4468,5,30.0,0.25,0.41775,0.12488133
frozen,1,1,1,0.001,0.1,512,3,5,4,256,6000,8.0,2633729,0,0,9973,101,500003,0,4468,4468,6,36.0,0.3,0.5013,0.14049771
frozen,1,1,1,0.001,0.1,512,3,5,4,256,6000,8.0,2633729,0,0,9973,101,500003,0,4468,4468,7,42.0,0.35,0.58485,0.16044867
frozen,1,1,1,0.001,0.1,512,3,5,4,256,6000,8.0,2633729,0,0,9973,101,500003,0,4468,4468,8,48.0,0.4,0.6684,0.18204369
frozen,1,1,1,0.001,0.1,512,3,5,4,256,6000,8.0,2633729,0,0,9973,101,500003,0,4468,4468,9,54.0,0.45,0.75195,0.20506859
frozen,1,1,1,0.001,0.1,512,3,5,4,256,6000,8.0,2633729,0,0,9973,101,500003,0,4468,4468,10,60.0,0.5,0.8355,0.22738107
frozen,1,1,1,0.001,0.1,512,3,5,4,256,6000,8.0,2633729,0,0,9973,101,500003,0,4468,4468,11,66.0,0.55,0.91905,0.2535525
frozen,1,1,1,0.001,0.1,512,3,5,4,256,6000,8.0,2633729,0,0,9973,101,500003,0,4468,4468,12,72.0,0.6,1.0026,0.28211001
frozen,1,1,1,0.001,0.1,512,3,5,4,256,6000,8.0,2633729,0,0,9973,101,500003,0,4468,4468,13,78.0,0.65,1.08615,0.31117839
frozen,1,1,1,0.001,0.1,512,3,5,4,256,6000,8.0,2633729,0,0,9973,101,500003,0,4468,4468,14,84.0,0.7,1.1697,0.34106535
frozen,1,1,1,0.001,0.1,512,3,5,4,256,6000,8.0,2633729,0,0,9973,101,500003,0,4468,4468,15,90.0,0.75,1.25325,0.37399238
frozen,1,1,1,0.001,0.1,512,3,5,4,256,6000,8.0,2633729,0,0,9973,101,500003,0,4468,4468,16,96.0,0.8,1.3368,0.40390411
frozen,1,1,1,0.001,0.1,512,3,5,4,256,6000,8.0,2633729,0,0,9973,101,500003,0,4468,4468,17,102.0,0.85,1.42035,0.43263343
frozen,1,1,1,0.001,0.1,512,3,5,4,256,6000,8.0,2633729,0,0,9973,101,500003,0,4468,4468,18,108.0,0.9,1.5039,0.45858565
frozen,1,1,1,0.001,0.1,512,3,5,4,256,6000,8.0,2633729,0,0,9973,101,500003,0,4468,4468,19,114.0,0.95,1.58745,0.48326689
frozen,1,1,1,0.001,0.1,512,3,5,4,256,6000,8.0,2633729,0,0,9973,101,500003,0,4468,4468,20,120.0,1.0,1.671,0.50581443
frozen,1,1,1,0.001,0.1,512,3,5,4,256,6000,8.0,2633729,0,0,9973,101,500003,0,4468,4468,21,126.0,1.05,1.75455,0.5303483
frozen,1,1,1,0.001,0.1,512,3,5,4,256,6000,8.0,2633729,0,0,9973,101,500003,0,4468,4468,22,132.0,1.1,1.8381,0.55217069
frozen,1,1,1,0.001,0.1,512,3,5,4,256,6000,8.0,2633729,0,0,9973,101,500003,0,4468,4468,23,138.0,1.15,1.92165,0.56954181
frozen,1,1,1,0.001,0.1,512,3,5,4,256,6000,8.0,2633729,0,0,9973,101,500003,0,4468,4468,24,144.0,1.2,2.0052,0.58633339
frozen,1,1,1,0.001,0.1,512,3,5,4,256,6000,8.0,2633729,0,0,9973,101,500003,0,4468,4468,25,150.0,1.25,2.08875,0.60242385
frozen,1,1,1,0.001,0.1,512,3,5,4,256,6000,8.0,2633729,0,0,9973,101,500003,0,4468,4468,26,156.0,1.3,2.1723,0.62013155
frozen,1,1,1,0.001,0.1,512,3,5,4,256,6000,8.0,2633729,0,0,9973,101,500003,0,4468,4468,27,162.0,1.35,2.25585,0.63824177
frozen,1,1,1,0.001,0.1,512,3,5,4,256,6000,8.0,2633729,0,0,9973,101,500003,0,4468,4468,28,168.0,1.4,2.3394,0.66135079
frozen,1,1,1,0.001,0.1,512,3,5,4,256,6000,8.0,2633729,0,0,9973,101,500003,0,4468,4468,29,174.0,1.45,2.42295,0.68364954
frozen,1,1,1,0.001,0.1,512,3,5,4,256,6000,8.0,2633729,0,0,9973,101,500003,0,4468,4468,30,180.0,1.5,2.5065,0.7038244
frozen,1,1,1,0.001,0.1,512,3,5,4,256,6000,8.0,2633729,0,0,9973,101,500003,0,4468,4468,31,186.0,1.55,2.59005,0.71845889
frozen,1,1,1,0.001,0.1,512,3,5,4,256,6000,8.0,2633729,0,0,9973,101,500003,0,4468,4468,32,192.0,1.6,2.6736,0.73183978
frozen,1,1,1,0.001,0.1,512,3,5,4,256,6000,8.0,2633729,0,0,9973,101,500003,0,4468,4468,33,198.0,1.65,2.75715,0.7434628
frozen,1,1,1,0.001,0.1,512,3,5,4,256,6000,8.0,2633729,0,0,9973,101,500003,0,4468,4468,34,204.0,1.7,2.8407,0.75414473
frozen,1,1,1,0.001,0.1,512,3,5,4,256,6000,8.0,2633729,0,0,9973,101,500003,0,4468,4468,35,210.0,1.75,2.92425,0.76302528
frozen,1,1,1,0.001,0.1,512,3,5,4,256,6000,8.0,2633729,0,0,9973,101,500003,0,4468,4468,36,216.0,1.8,3.0078,0.77131999
frozen,1,1,1,0.001,0.1,512,3,5,4,256,6000,8.0,2633729,0,0,9973,101,500003,0,4468,4468,37,222.0,1.85,3.09135,0.77935416
frozen,1,1,1,0.001,0.1,512,3,5,4,256,6000,8.0,2633729,0,0,9973,101,500003,0,4468,4468,38,228.0,1.9,3.1749,0.78740472
frozen,1,1,1,0.001,0.1,512,3,5,4,256,6000,8.0,2633729,0,0,9973,101,500003,0,4468,4468,39,234.0,1.95,3.25845,0.79635769
frozen,1,1,1,0.001,0.1,512,3,5,4,256,6000,8.0,2633729,0,0,9973,101,500003,0,4468,4468,40,240.0,2.0,3.342,0.80569637
frozen,1,1,1,0.001,0.1,512,3,5,4,256,6000,8.0,2633729,0,0,9973,101,500003,0,4468,4468,41,246.0,2.05,3.42555,0.81661844
frozen,1,1,1,0.001,0.1,512,3,5,4,256,6000,8.0,2633729,0,0,9973,101,500003,0,4468,4468,42,252.0,2.1,3.5091,0.8265956
frozen,1,1,1,0.001,0.1,512,3,5,4,256,6000,8.0,2633729,0,0,9973,101,500003,0,4468,4468,43,258.0,2.15,3.59265,0.83362108
frozen,1,1,1,0.001,0.1,512,3,5,4,256,6000,8.0,2633729,0,0,9973,101,500003,0,4468,4468,44,264.0,2.2,3.6762,0.83953857
frozen,1,1,1,0.001,0.1,512,3,5,4,256,6000,8.0,2633729,0,0,9973,101,500003,0,4468,4468,45,270.0,2.25,3.75975,0.84599817
frozen,1,1,1,0.001,0.1,512,3,5,4,256,6000,8.0,2633729,0,0,9973,101,500003,0,4468,4468,46,276.0,2.3,3.8433,0.85625982
frozen,1,1,1,0.001,0.1,512,3,5,4,256,6000,8.0,2633729,0,0,9973,101,500003,0,4468,4468,47,282.0,2.35,3.92685,0.86535764
frozen,1,1,1,0.001,0.1,512,3,5,4,256,6000,8.0,2633729,0,0,9973,101,500003,0,4468,4468,48,288.0,2.4,4.0104,0.8727296
frozen,1,1,1,0.001,0.1,512,3,5,4,256,6000,8.0,2633729,0,0,9973,101,500003,0,4468,4468,49,294.0,2.45,4.09395,0.87713343
frozen,1,1,1,0.001,0.1,512,3,5,4,256,6000,8.0,2633729,0,0,9973,101,500003,0,4468,4468,50,300.0,2.5,4.1775,0.88173223
frozen,1,1,1,0.001,0.1,512,3,5,4,256,6000,8.0,2633729,0,0,9973,101,500003,0,4468,4468,51,306.0,2.55,4.26105,0.88659769
frozen,1,1,1,0.001,0.1,512,3,5,4,256,6000,8.0,2633729,0,0,9973,101,500003,0,4468,4468,52,312.0,2.6,4.3446,0.89252174
frozen,1,1,1,0.001,0.1,512,3,5,4,256,6000,8.0,2633729,0,0,9973,101,500003,0,4468,4468,53,318.0,2.65,4.42815,0.9006815
frozen,1,1,1,0.001,0.1,512,3,5,4,256,6000,8.0,2633729,0,0,9973,101,500003,0,4468,4468,54,324.0,2.7,4.5117,0.90673071
frozen,1,1,1,0.001,0.1,512,3,5,4,256,6000,8.0,2633729,0,0,9973,101,500003,0,4468,4468,55,330.0,2.75,4.59525,0.90695328
frozen,1,1,1,0.001,0.1,512,3,5,4,256,6000,8.0,2633729,0,0,9973,101,500003,0,4468,4468,56,336.0,2.8,4.6788,0.90877515
frozen,1,1,1,0.001,0.1,512,3,5,4,256,6000,8.0,2633729,0,0,9973,101,500003,0,4468,4468,57,342.0,2.85,4.76235,0.90953541
frozen,1,1,1,0.001,0.1,512,3,5,4,256,6000,8.0,2633729,0,0,9973,101,500003,0,4468,4468,58,348.0,2.9,4.8459,0.91229582
frozen,1,1,1,0.001,0.1,512,3,5,4,256,6000,8.0,2633729,0,0,9973,101,500003,0,4468,4468,59,354.0,2.95,4.92945,0.91615653
frozen,1,1,1,0.001,0.1,512,3,5,4,256,6000,8.0,2633729,0,0,9973,101,500003,0,4468,4468,60,360.0,3.0,5.013,0.92297351
frozen,1,1,1,0.001,0.1,512,3,5,4,256,6000,8.0,2633729,0,0,9973,101,500003,0,4468,4468,61,366.0,3.05,5.09655,0.93036538
frozen,1,1,1,0.001,0.1,512,3,5,4,256,6000,8.0,2633729,0,0,9973,101,500003,0,4468,4468,62,372.0,3.1,5.1801,0.93871135
frozen,1,1,1,0.001,0.1,512,3,5,4,256,6000,8.0,2633729,0,0,9973,101,500003,0,4468,4468,63,378.0,3.15,5.26365,0.94326997
frozen,1,1,1,0.001,0.1,512,3,5,4,256,6000,8.0,2633729,0,0,9973,101,500003,0,4468,4468,64,384.0,3.2,5.3472,0.94422674
frozen,1,1,1,0.001,0.1,512,3,5,4,256,6000,8.0,2633729,0,0,9973,101,500003,0,4468,4468,65,390.0,3.25,5.43075,0.94445199
frozen,1,1,1,0.001,0.1,512,3,5,4,256,6000,8.0,2633729,0,0,9973,101,500003,0,4468,4468,66,396.0,3.3,5.5143,0.94262028
frozen,1,1,1,0.001,0.1,512,3,5,4,256,6000,8.0,2633729,0,0,9973,101,500003,0,4468,4468,67,402.0,3.35,5.59785,0.94101286
frozen,1,1,1,0.001,0.1,512,3,5,4,256,6000,8.0,2633729,0,0,9973,101,500003,0,4468,4468,68,408.0,3.4,5.6814,0.93972135
frozen,1,1,1,0.001,0.1,512,3,5,4,256,6000,8.0,2633729,0,0,9973,101,500003,0,4468,4468,69,414.0,3.45,5.76495,0.93878537
frozen,1,1,1,0.001,0.1,512,3,5,4,256,6000,8.0,2633729,0,0,9973,101,500003,0,4468,4468,70,420.0,3.5,5.8485,0.94059956
frozen,1,1,1,0.001,0.1,512,3,5,4,256,6000,8.0,2633729,0,0,9973,101,500003,0,4468,4468,71,426.0,3.55,5.93205,0.9427157
frozen,1,1,1,0.001,0.1,512,3,5,4,256,6000,8.0,2633729,0,0,9973,101,500003,0,4468,4468,72,432.0,3.6,6.0156,0.95038992
frozen,1,1,1,0.001,0.1,512,3,5,4,256,6000,8.0,2633729,0,0,9973,101,500003,0,4468,4468,73,438.0,3.65,6.09915,0.95912659
frozen,1,1,1,0.001,0.1,512,3,5,4,256,6000,8.0,2633729,0,0,9973,101,500003,0,4468,4468,74,444.0,3.7,6.1827,0.96584105
frozen,1,1,1,0.001,0.1,512,3,5,4,256,6000,8.0,2633729,0,0,9973,101,500003,0,4468,4468,75,450.0,3.75,6.26625,0.97140729
frozen,1,1,1,0.001,0.1,512,3,5,4,256,6000,8.0,2633729,0,0,9973,101,500003,0,4468,4468,76,456.0,3.8,6.3498,0.97025996
frozen,1,1,1,0.001,0.1,512,3,5,4,256,6000,8.0,2633729,0,0,9973,101,500003,0,4468,4468,77,462.0,3.85,6.43335,0.96624541
frozen,1,1,1,0.001,0.1,512,3,5,4,256,6000,8.0,2633729,0,0,9973,101,500003,0,4468,4468,78,468.0,3.9,6.5169,0.96044767
frozen,1,1,1,0.001,0.1,512,3,5,4,256,6000,8.0,2633729,0,0,9973,101,500003,0,4468,4468,79,474.0,3.95,6.60045,0.95390499
frozen,1,1,1,0.001,0.1,512,3,5,4,256,6000,8.0,2633729,0,0,9973,101,500003,0,4468,4468,80,480.0,4.0,6.684,0.94801521
frozen,1,1,1,0.001,0.1,512,3,5,4,256,6000,8.0,2633729,0,0,9973,101,500003,0,4468,4468,81,486.0,4.05,6.76755,0.94483793
frozen,1,1,1,0.001,0.1,512,3,5,4,256,6000,8.0,2633729,0,0,9973,101,500003,0,4468,4468,82,492.0,4.1,6.8511,0.94132459
frozen,1,1,1,0.001,0.1,512,3,5,4,256,6000,8.0,2633729,0,0,9973,101,500003,0,4468,4468,83,498.0,4.15,6.93465,0.94091111
frozen,1,1,1,0.001,0.1,512,3,5,4,256,6000,8.0,2633729,0,0,9973,101,500003,0,4468,4468,84,504.0,4.2,7.0182,0.94667137
frozen,1,1,1,0.001,0.1,512,3,5,4,256,6000,8.0,2633729,0,0,9973,101,500003,0,4468,4468,85,510.0,4.25,7.10175,0.95318925
frozen,1,1,1,0.001,0.1,512,3,5,4,256,6000,8.0,2633729,0,0,9973,101,500003,0,4468,4468,86,516.0,4.3,7.1853,0.96178603
frozen,1,1,1,0.001,0.1,512,3,5,4,256,6000,8.0,2633729,0,0,9973,101,500003,0,4468,4468,87,522.0,4.35,7.26885,0.97071445
frozen,1,1,1,0.001,0.1,512,3,5,4,256,6000,8.0,2633729,0,0,9973,101,500003,0,4468,4468,88,528.0,4.4,7.3524,0.97905672
frozen,1,1,1,0.001,0.1,512,3,5,4,256,6000,8.0,2633729,0,0,9973,101,500003,0,4468,4468,89,534.0,4.45,7.43595,0.98684776
frozen,1,1,1,0.001,0.1,512,3,5,4,256,6000,8.0,2633729,0,0,9973,101,500003,0,4468,4468,90,540.0,4.5,7.5195,0.98974299
frozen,1,1,1,0.001,0.1,512,3,5,4,256,6000,8.0,2633729,0,0,9973,101,500003,0,4468,4468,91,546.0,4.55,7.60305,0.99340558
frozen,1,1,1,0.001,0.1,512,3,5,4,256,6000,8.0,2633729,0,0,9973,101,500003,0,4468,4468,92,552.0,4.6,7.6866,0.99837571
frozen,1,1,1,0.001,0.1,512,3,5,4,256,6000,8.0,2633729,0,0,9973,101,500003,0,4468,4468,93,558.0,4.65,7.77015,1.00140595
frozen,1,1,1,0.001,0.1,512,3,5,4,256,6000,8.0,2633729,0,0,9973,101,500003,0,4468,4468,94,564.0,4.7,7.8537,1.00127792
frozen,1,1,1,0.001,0.1,512,3,5,4,256,6000,8.0,2633729,0,0,9973,101,500003,0,4468,4468,95,570.0,4.75,7.93725,0.99956584
frozen,1,1,1,0.001,0.1,512,3,5,4,256,6000,8.0,2633729,0,0,9973,101,500003,0,4468,4468,96,576.0,4.8,8.0208,0.99541599
frozen,1,1,1,0.001,0.1,512,3,5,4,256,6000,8.0,2633729,0,0,9973,101,500003,0,4468,4468,97,582.0,4.85,8.10435,0.99083
frozen,1,1,1,0.001,0.1,512,3,5,4,256,6000,8.0,2633729,0,0,9973,101,500003,0,4468,4468,98,588.0,4.9,8.1879,0.98840749
frozen,1,1,1,0.001,0.1,512,3,5,4,256,6000,8.0,2633729,0,0,9973,101,500003,0,4468,4468,99,594.0,4.95,8.27145,0.98944169
frozen,1,1,1,0.001,0.1,512,3,5,4,256,6000,8.0,2633729,0,0,9973,101,500003,0,4468,4468,100,600.0,5.0,8.355,0.99010825
frozen,1,1,1,0.001,0.1,512,3,5,4,256,6000,8.0,2633729,0,0,9973,101,500003,0,4468,4468,101,606.0,5.05,8.43855,0.99164802
frozen,1,1,1,0.001,0.1,512,3,5,4,256,6000,8.0,2633729,0,0,9973,101,500003,0,4468,4468,102,612.0,5.1,8.5221,0.99089921
frozen,1,1,1,0.001,0.1,512,3,5,4,256,6000,8.0,2633729,0,0,9973,101,500003,0,4468,4468,103,618.0,5.15,8.60565,0.98709434
frozen,1,1,1,0.001,0.1,512,3,5,4,256,6000,8.0,2633729,0,0,9973,101,500003,0,4468,4468,104,624.0,5.2,8.6892,0.98215801
frozen,1,1,1,0.001,0.1,512,3,5,4,256,6000,8.0,2633729,0,0,9973,101,500003,0,4468,4468,105,630.0,5.25,8.77275,0.9770323
frozen,1,1,1,0.001,0.1,512,3,5,4,256,6000,8.0,2633729,0,0,9973,101,500003,0,4468,4468,106,636.0,5.3,8.8563,0.97327071
frozen,1,1,1,0.001,0.1,512,3,5,4,256,6000,8.0,2633729,0,0,9973,101,500003,0,4468,4468,107,642.0,5.35,8.93985,0.9724943
frozen,1,1,1,0.001,0.1,512,3,5,4,256,6000,8.0,2633729,0,0,9973,101,500003,0,4468,4468,108,648.0,5.4,9.0234,0.97072911
frozen,1,1,1,0.001,0.1,512,3,5,4,256,6000,8.0,2633729,0,0,9973,101,500003,0,4468,4468,109,654.0,5.45,9.10695,0.96902907
frozen,1,1,1,0.001,0.1,512,3,5,4,256,6000,8.0,2633729,0,0,9973,101,500003,0,4468,4468,110,660.0,5.5,9.1905,0.97222757
frozen,1,1,1,0.001,0.1,512,3,5,4,256,6000,8.0,2633729,0,0,9973,101,500003,0,4468,4468,111,666.0,5.55,9.27405,0.97810507
frozen,1,1,1,0.001,0.1,512,3,5,4,256,6000,8.0,2633729,0,0,9973,101,500003,0,4468,4468,112,672.0,5.6,9.3576,0.98333967
frozen,1,1,1,0.001,0.1,512,3,5,4,256,6000,8.0,2633729,0,0,9973,101,500003,0,4468,4468,113,678.0,5.65,9.44115,0.98714519
frozen,1,1,1,0.001,0.1,512,3,5,4,256,6000,8.0,2633729,0,0,9973,101,500003,0,4468,4468,114,684.0,5.7,9.5247,0.99004006
frozen,1,1,1,0.001,0.1,512,3,5,4,256,6000,8.0,2633729,0,0,9973,101,500003,0,4468,4468,115,690.0,5.75,9.60825,0.98765481
frozen,1,1,1,0.001,0.1,512,3,5,4,256,6000,8.0,2633729,0,0,9973,101,500003,0,4468,4468,116,696.0,5.8,9.6918,0.98233795
frozen,1,1,1,0.001,0.1,512,3,5,4,256,6000,8.0,2633729,0,0,9973,101,500003,0,4468,4468,117,702.0,5.85,9.77535,0.97664726
frozen,1,1,1,0.001,0.1,512,3,5,4,256,6000,8.0,2633729,0,0,9973,101,500003,0,4468,4468,118,708.0,5.9,9.8589,0.976192
frozen,1,1,1,0.001,0.1,512,3,5,4,256,6000,8.0,2633729,0,0,9973,101,500003,0,4468,4468,119,714.0,5.95,9.94245,0.98107207
frozen,1,1,1,0.001,0.1,512,3,5,4,256,6000,8.0,2633729,0,0,9973,101,500003,0,4468,4468,120,720.0,6.0,10.026,0.98515773
frozen,1,1,1,0.001,0.1,512,3,5,4,256,6000,8.0,2633729,0,0,9973,101,500003,0,6000,6000,1,6.0,0.05,0.08355,0.11788917
frozen,1,1,1,0.001,0.1,512,3,5,4,256,6000,8.0,2633729,0,0,9973,101,500003,0,6000,6000,2,12.0,0.1,0.1671,0.1178699
frozen,1,1,1,0.001,0.1,512,3,5,4,256,6000,8.0,2633729,0,0,9973,101,500003,0,6000,6000,3,18.0,0.15,0.25065,0.12902395
frozen,1,1,1,0.001,0.1,512,3,5,4,256,6000,8.0,2633729,0,0,9973,101,500003,0,6000,6000,4,24.0,0.2,0.3342,0.14413641
frozen,1,1,1,0.001,0.1,512,3,5,4,256,6000,8.0,2633729,0,0,9973,101,500003,0,6000,6000,5,30.0,0.25,0.41775,0.17159359
frozen,1,1,1,0.001,0.1,512,3,5,4,256,6000,8.0,2633729,0,0,9973,101,500003,0,6000,6000,6,36.0,0.3,0.5013,0.18492277
frozen,1,1,1,0.001,0.1,512,3,5,4,256,6000,8.0,2633729,0,0,9973,101,500003,0,6000,6000,7,42.0,0.35,0.58485,0.2083751
frozen,1,1,1,0.001,0.1,512,3,5,4,256,6000,8.0,2633729,0,0,9973,101,500003,0,6000,6000,8,48.0,0.4,0.6684,0.23239648
frozen,1,1,1,0.001,0.1,512,3,5,4,256,6000,8.0,2633729,0,0,9973,101,500003,0,6000,6000,9,54.0,0.45,0.75195,0.25720754
frozen,1,1,1,0.001,0.1,512,3,5,4,256,6000,8.0,2633729,0,0,9973,101,500003,0,6000,6000,10,60.0,0.5,0.8355,0.28393814
frozen,1,1,1,0.001,0.1,512,3,5,4,256,6000,8.0,2633729,0,0,9973,101,500003,0,6000,6000,11,66.0,0.55,0.91905,0.31939235
frozen,1,1,1,0.001,0.1,512,3,5,4,256,6000,8.0,2633729,0,0,9973,101,500003,0,6000,6000,12,72.0,0.6,1.0026,0.37014848
frozen,1,1,1,0.001,0.1,512,3,5,4,256,6000,8.0,2633729,0,0,9973,101,500003,0,6000,6000,13,78.0,0.65,1.08615,0.44424096
frozen,1,1,1,0.001,0.1,512,3,5,4,256,6000,8.0,2633729,0,0,9973,101,500003,0,6000,6000,14,84.0,0.7,1.1697,0.51825941
frozen,1,1,1,0.001,0.1,512,3,5,4,256,6000,8.0,2633729,0,0,9973,101,500003,0,6000,6000,15,90.0,0.75,1.25325,0.60074133
frozen,1,1,1,0.001,0.1,512,3,5,4,256,6000,8.0,2633729,0,0,9973,101,500003,0,6000,6000,16,96.0,0.8,1.3368,0.54701769
frozen,1,1,1,0.001,0.1,512,3,5,4,256,6000,8.0,2633729,0,0,9973,101,500003,0,6000,6000,17,102.0,0.85,1.42035,0.59537369
frozen,1,1,1,0.001,0.1,512,3,5,4,256,6000,8.0,2633729,0,0,9973,101,500003,0,6000,6000,18,108.0,0.9,1.5039,0.57143611
frozen,1,1,1,0.001,0.1,512,3,5,4,256,6000,8.0,2633729,0,0,9973,101,500003,0,6000,6000,19,114.0,0.95,1.58745,0.6246736
frozen,1,1,1,0.001,0.1,512,3,5,4,256,6000,8.0,2633729,0,0,9973,101,500003,0,6000,6000,20,120.0,1.0,1.671,0.63587898
frozen,1,1,1,0.001,0.1,512,3,5,4,256,6000,8.0,2633729,0,0,9973,101,500003,0,6000,6000,21,126.0,1.05,1.75455,0.6529088
frozen,1,1,1,0.001,0.1,512,3,5,4,256,6000,8.0,2633729,0,0,9973,101,500003,0,6000,6000,22,132.0,1.1,1.8381,0.70013118
frozen,1,1,1,0.001,0.1,512,3,5,4,256,6000,8.0,2633729,0,0,9973,101,500003,0,6000,6000,23,138.0,1.15,1.92165,0.68876642
frozen,1,1,1,0.001,0.1,512,3,5,4,256,6000,8.0,2633729,0,0,9973,101,500003,0,6000,6000,24,144.0,1.2,2.0052,0.7226764
frozen,1,1,1,0.001,0.1,512,3,5,4,256,6000,8.0,2633729,0,0,9973,101,500003,0,6000,6000,25,150.0,1.25,2.08875,0.78786522
frozen,1,1,1,0.001,0.1,512,3,5,4,256,6000,8.0,2633729,0,0,9973,101,500003,0,6000,6000,26,156.0,1.3,2.1723,0.82111067
frozen,1,1,1,0.001,0.1,512,3,5,4,256,6000,8.0,2633729,0,0,9973,101,500003,0,6000,6000,27,162.0,1.35,2.25585,0.90706456
frozen,1,1,1,0.001,0.1,512,3,5,4,256,6000,8.0,2633729,0,0,9973,101,500003,0,6000,6000,28,168.0,1.4,2.3394,0.81795096
frozen,1,1,1,0.001,0.1,512,3,5,4,256,6000,8.0,2633729,0,0,9973,101,500003,0,6000,6000,29,174.0,1.45,2.42295,0.81730694
frozen,1,1,1,0.001,0.1,512,3,5,4,256,6000,8.0,2633729,0,0,9973,101,500003,0,6000,6000,30,180.0,1.5,2.5065,0.82320148
frozen,1,1,1,0.001,0.1,512,3,5,4,256,6000,8.0,2633729,0,0,9973,101,500003,0,6000,6000,31,186.0,1.55,2.59005,0.83159351
frozen,1,1,1,0.001,0.1,512,3,5,4,256,6000,8.0,2633729,0,0,9973,101,500003,0,6000,6000,32,192.0,1.6,2.6736,0.84158522
frozen,1,1,1,0.001,0.1,512,3,5,4,256,6000,8.0,2633729,0,0,9973,101,500003,0,6000,6000,33,198.0,1.65,2.75715,0.85217136
frozen,1,1,1,0.001,0.1,512,3,5,4,256,6000,8.0,2633729,0,0,9973,101,500003,0,6000,6000,34,204.0,1.7,2.8407,0.90248609
frozen,1,1,1,0.001,0.1,512,3,5,4,256,6000,8.0,2633729,0,0,9973,101,500003,0,6000,6000,35,210.0,1.75,2.92425,0.8810212
frozen,1,1,1,0.001,0.1,512,3,5,4,256,6000,8.0,2633729,0,0,9973,101,500003,0,6000,6000,36,216.0,1.8,3.0078,0.89201832
frozen,1,1,1,0.001,0.1,512,3,5,4,256,6000,8.0,2633729,0,0,9973,101,500003,0,6000,6000,37,222.0,1.85,3.09135,0.90901023
frozen,1,1,1,0.001,0.1,512,3,5,4,256,6000,8.0,2633729,0,0,9973,101,500003,0,6000,6000,38,228.0,1.9,3.1749,0.88497436
frozen,1,1,1,0.001,0.1,512,3,5,4,256,6000,8.0,2633729,0,0,9973,101,500003,0,6000,6000,39,234.0,1.95,3.25845,0.92078584
frozen,1,1,1,0.001,0.1,512,3,5,4,256,6000,8.0,2633729,0,0,9973,101,500003,0,6000,6000,40,240.0,2.0,3.342,0.94206536
frozen,1,1,1,0.001,0.1,512,3,5,4,256,6000,8.0,2633729,0,0,9973,101,500003,0,6000,6000,41,246.0,2.05,3.42555,0.94689691
frozen,1,1,1,0.001,0.1,512,3,5,4,256,6000,8.0,2633729,0,0,9973,101,500003,0,6000,6000,42,252.0,2.1,3.5091,0.97382832
frozen,1,1,1,0.001,0.1,512,3,5,4,256,6000,8.0,2633729,0,0,9973,101,500003,0,6000,6000,43,258.0,2.15,3.59265,0.94467783
frozen,1,1,1,0.001,0.1,512,3,5,4,256,6000,8.0,2633729,0,0,9973,101,500003,0,6000,6000,44,264.0,2.2,3.6762,0.97035843
frozen,1,1,1,0.001,0.1,512,3,5,4,256,6000,8.0,2633729,0,0,9973,101,500003,0,6000,6000,45,270.0,2.25,3.75975,0.94294733
frozen,1,1,1,0.001,0.1,512,3,5,4,256,6000,8.0,2633729,0,0,9973,101,500003,0,6000,6000,46,276.0,2.3,3.8433,0.96570176
frozen,1,1,1,0.001,0.1,512,3,5,4,256,6000,8.0,2633729,0,0,9973,101,500003,0,6000,6000,47,282.0,2.35,3.92685,0.95415705
frozen,1,1,1,0.001,0.1,512,3,5,4,256,6000,8.0,2633729,0,0,9973,101,500003,0,6000,6000,48,288.0,2.4,4.0104,0.9725467
frozen,1,1,1,0.001,0.1,512,3,5,4,256,6000,8.0,2633729,0,0,9973,101,500003,0,6000,6000,49,294.0,2.45,4.09395,0.9553237
frozen,1,1,1,0.001,0.1,512,3,5,4,256,6000,8.0,2633729,0,0,9973,101,500003,0,6000,6000,50,300.0,2.5,4.1775,0.97876644
frozen,1,1,1,0.001,0.1,512,3,5,4,256,6000,8.0,2633729,0,0,9973,101,500003,0,6000,6000,51,306.0,2.55,4.26105,0.96693379
frozen,1,1,1,0.001,0.1,512,3,5,4,256,6000,8.0,2633729,0,0,9973,101,500003,0,6000,6000,52,312.0,2.6,4.3446,0.96475768
frozen,1,1,1,0.001,0.1,512,3,5,4,256,6000,8.0,2633729,0,0,9973,101,500003,0,6000,6000,53,318.0,2.65,4.42815,0.98051012
frozen,1,1,1,0.001,0.1,512,3,5,4,256,6000,8.0,2633729,0,0,9973,101,500003,0,6000,6000,54,324.0,2.7,4.5117,0.99858356
frozen,1,1,1,0.001,0.1,512,3,5,4,256,6000,8.0,2633729,0,0,9973,101,500003,0,6000,6000,55,330.0,2.75,4.59525,1.00568509
frozen,1,1,1,0.001,0.1,512,3,5,4,256,6000,8.0,2633729,0,0,9973,101,500003,0,6000,6000,56,336.0,2.8,4.6788,1.02568042
frozen,1,1,1,0.001,0.1,512,3,5,4,256,6000,8.0,2633729,0,0,9973,101,500003,0,6000,6000,57,342.0,2.85,4.76235,1.03350508
frozen,1,1,1,0.001,0.1,512,3,5,4,256,6000,8.0,2633729,0,0,9973,101,500003,0,6000,6000,58,348.0,2.9,4.8459,1.07935214
frozen,1,1,1,0.001,0.1,512,3,5,4,256,6000,8.0,2633729,0,0,9973,101,500003,0,6000,6000,59,354.0,2.95,4.92945,1.07494223
frozen,1,1,1,0.001,0.1,512,3,5,4,256,6000,8.0,2633729,0,0,9973,101,500003,0,6000,6000,60,360.0,3.0,5.013,1.12611449
frozen,1,1,1,0.001,0.1,512,3,5,4,256,6000,8.0,2633729,0,0,9973,101,500003,0,6000,6000,61,366.0,3.05,5.09655,1.05726731
frozen,1,1,1,0.001,0.1,512,3,5,4,256,6000,8.0,2633729,0,0,9973,101,500003,0,6000,6000,62,372.0,3.1,5.1801,1.10551333
frozen,1,1,1,0.001,0.1,512,3,5,4,256,6000,8.0,2633729,0,0,9973,101,500003,0,6000,6000,63,378.0,3.15,5.26365,1.0825268
frozen,1,1,1,0.001,0.1,512,3,5,4,256,6000,8.0,2633729,0,0,9973,101,500003,0,6000,6000,64,384.0,3.2,5.3472,1.06781411
frozen,1,1,1,0.001,0.1,512,3,5,4,256,6000,8.0,2633729,0,0,9973,101,500003,0,6000,6000,65,390.0,3.25,5.43075,1.06078851
frozen,1,1,1,0.001,0.1,512,3,5,4,256,6000,8.0,2633729,0,0,9973,101,500003,0,6000,6000,66,396.0,3.3,5.5143,1.03976905
frozen,1,1,1,0.001,0.1,512,3,5,4,256,6000,8.0,2633729,0,0,9973,101,500003,0,6000,6000,67,402.0,3.35,5.59785,1.0337975
frozen,1,1,1,0.001,0.1,512,3,5,4,256,6000,8.0,2633729,0,0,9973,101,500003,0,6000,6000,68,408.0,3.4,5.6814,1.03728902
frozen,1,1,1,0.001,0.1,512,3,5,4,256,6000,8.0,2633729,0,0,9973,101,500003,0,6000,6000,69,414.0,3.45,5.76495,1.03716791
frozen,1,1,1,0.001,0.1,512,3,5,4,256,6000,8.0,2633729,0,0,9973,101,500003,0,6000,6000,70,420.0,3.5,5.8485,1.04032803
frozen,1,1,1,0.001,0.1,512,3,5,4,256,6000,8.0,2633729,0,0,9973,101,500003,0,6000,6000,71,426.0,3.55,5.93205,1.0335896
frozen,1,1,1,0.001,0.1,512,3,5,4,256,6000,8.0,2633729,0,0,9973,101,500003,0,6000,6000,72,432.0,3.6,6.0156,1.06043375
frozen,1,1,1,0.001,0.1,512,3,5,4,256,6000,8.0,2633729,0,0,9973,101,500003,0,6000,6000,73,438.0,3.65,6.09915,1.02286255
frozen,1,1,1,0.001,0.1,512,3,5,4,256,6000,8.0,2633729,0,0,9973,101,500003,0,6000,6000,74,444.0,3.7,6.1827,1.04639506
frozen,1,1,1,0.001,0.1,512,3,5,4,256,6000,8.0,2633729,0,0,9973,101,500003,0,6000,6000,75,450.0,3.75,6.26625,1.02519202
frozen,1,1,1,0.001,0.1,512,3,5,4,256,6000,8.0,2633729,0,0,9973,101,500003,0,6000,6000,76,456.0,3.8,6.3498,1.02643728
frozen,1,1,1,0.001,0.1,512,3,5,4,256,6000,8.0,2633729,0,0,9973,101,500003,0,6000,6000,77,462.0,3.85,6.43335,1.03505135
frozen,1,1,1,0.001,0.1,512,3,5,4,256,6000,8.0,2633729,0,0,9973,101,500003,0,6000,6000,78,468.0,3.9,6.5169,1.04410446
frozen,1,1,1,0.001,0.1,512,3,5,4,256,6000,8.0,2633729,0,0,9973,101,500003,0,6000,6000,79,474.0,3.95,6.60045,1.05215776
frozen,1,1,1,0.001,0.1,512,3,5,4,256,6000,8.0,2633729,0,0,9973,101,500003,0,6000,6000,80,480.0,4.0,6.684,1.08279908
frozen,1,1,1,0.001,0.1,512,3,5,4,256,6000,8.0,2633729,0,0,9973,101,500003,0,6000,6000,81,486.0,4.05,6.76755,1.10111499
frozen,1,1,1,0.001,0.1,512,3,5,4,256,6000,8.0,2633729,0,0,9973,101,500003,0,6000,6000,82,492.0,4.1,6.8511,1.11245894
frozen,1,1,1,0.001,0.1,512,3,5,4,256,6000,8.0,2633729,0,0,9973,101,500003,0,6000,6000,83,498.0,4.15,6.93465,1.14913368
frozen,1,1,1,0.001,0.1,512,3,5,4,256,6000,8.0,2633729,0,0,9973,101,500003,0,6000,6000,84,504.0,4.2,7.0182,1.09640908
frozen,1,1,1,0.001,0.1,512,3,5,4,256,6000,8.0,2633729,0,0,9973,101,500003,0,6000,6000,85,510.0,4.25,7.10175,1.1213069
frozen,1,1,1,0.001,0.1,512,3,5,4,256,6000,8.0,2633729,0,0,9973,101,500003,0,6000,6000,86,516.0,4.3,7.1853,1.10373175
frozen,1,1,1,0.001,0.1,512,3,5,4,256,6000,8.0,2633729,0,0,9973,101,500003,0,6000,6000,87,522.0,4.35,7.26885,1.08537889
frozen,1,1,1,0.001,0.1,512,3,5,4,256,6000,8.0,2633729,0,0,9973,101,500003,0,6000,6000,88,528.0,4.4,7.3524,1.09185147
frozen,1,1,1,0.001,0.1,512,3,5,4,256,6000,8.0,2633729,0,0,9973,101,500003,0,6000,6000,89,534.0,4.45,7.43595,1.0496912
frozen,1,1,1,0.001,0.1,512,3,5,4,256,6000,8.0,2633729,0,0,9973,101,500003,0,6000,6000,90,540.0,4.5,7.5195,1.0447253
frozen,1,1,1,0.001,0.1,512,3,5,4,256,6000,8.0,2633729,0,0,9973,101,500003,0,6000,6000,91,546.0,4.55,7.60305,1.05238438
frozen,1,1,1,0.001,0.1,512,3,5,4,256,6000,8.0,2633729,0,0,9973,101,500003,0,6000,6000,92,552.0,4.6,7.6866,1.05333805
frozen,1,1,1,0.001,0.1,512,3,5,4,256,6000,8.0,2633729,0,0,9973,101,500003,0,6000,6000,93,558.0,4.65,7.77015,1.06491125
frozen,1,1,1,0.001,0.1,512,3,5,4,256,6000,8.0,2633729,0,0,9973,101,500003,0,6000,6000,94,564.0,4.7,7.8537,1.05992115
frozen,1,1,1,0.001,0.1,512,3,5,4,256,6000,8.0,2633729,0,0,9973,101,500003,0,6000,6000,95,570.0,4.75,7.93725,1.06574094
frozen,1,1,1,0.001,0.1,512,3,5,4,256,6000,8.0,2633729,0,0,9973,101,500003,0,6000,6000,96,576.0,4.8,8.0208,1.12750649
frozen,1,1,1,0.001,0.1,512,3,5,4,256,6000,8.0,2633729,0,0,9973,101,500003,0,6000,6000,97,582.0,4.85,8.10435,1.13699031
frozen,1,1,1,0.001,0.1,512,3,5,4,256,6000,8.0,2633729,0,0,9973,101,500003,0,6000,6000,98,588.0,4.9,8.1879,1.20702636
frozen,1,1,1,0.001,0.1,512,3,5,4,256,6000,8.0,2633729,0,0,9973,101,500003,0,6000,6000,99,594.0,4.95,8.27145,1.12539697
frozen,1,1,1,0.001,0.1,512,3,5,4,256,6000,8.0,2633729,0,0,9973,101,500003,0,6000,6000,100,600.0,5.0,8.355,1.10730922
frozen,1,1,1,0.001,0.1,512,3,5,4,256,6000,8.0,2633729,0,0,9973,101,500003,0,6000,6000,101,606.0,5.05,8.43855,1.1173408
frozen,1,1,1,0.001,0.1,512,3,5,4,256,6000,8.0,2633729,0,0,9973,101,500003,0,6000,6000,102,612.0,5.1,8.5221,1.12039018
frozen,1,1,1,0.001,0.1,512,3,5,4,256,6000,8.0,2633729,0,0,9973,101,500003,0,6000,6000,103,618.0,5.15,8.60565,1.13715708
frozen,1,1,1,0.001,0.1,512,3,5,4,256,6000,8.0,2633729,0,0,9973,101,500003,0,6000,6000,104,624.0,5.2,8.6892,1.1566335
frozen,1,1,1,0.001,0.1,512,3,5,4,256,6000,8.0,2633729,0,0,9973,101,500003,0,6000,6000,105,630.0,5.25,8.77275,1.14078224
frozen,1,1,1,0.001,0.1,512,3,5,4,256,6000,8.0,2633729,0,0,9973,101,500003,0,6000,6000,106,636.0,5.3,8.8563,1.22682691
frozen,1,1,1,0.001,0.1,512,3,5,4,256,6000,8.0,2633729,0,0,9973,101,500003,0,6000,6000,107,642.0,5.35,8.93985,1.15426314
frozen,1,1,1,0.001,0.1,512,3,5,4,256,6000,8.0,2633729,0,0,9973,101,500003,0,6000,6000,108,648.0,5.4,9.0234,1.19869053
frozen,1,1,1,0.001,0.1,512,3,5,4,256,6000,8.0,2633729,0,0,9973,101,500003,0,6000,6000,109,654.0,5.45,9.10695,1.20605111
frozen,1,1,1,0.001,0.1,512,3,5,4,256,6000,8.0,2633729,0,0,9973,101,500003,0,6000,6000,110,660.0,5.5,9.1905,1.24463582
frozen,1,1,1,0.001,0.1,512,3,5,4,256,6000,8.0,2633729,0,0,9973,101,500003,0,6000,6000,111,666.0,5.55,9.27405,1.32001805
frozen,1,1,1,0.001,0.1,512,3,5,4,256,6000,8.0,2633729,0,0,9973,101,500003,0,6000,6000,112,672.0,5.6,9.3576,1.24424267
frozen,1,1,1,0.001,0.1,512,3,5,4,256,6000,8.0,2633729,0,0,9973,101,500003,0,6000,6000,113,678.0,5.65,9.44115,1.26506519
frozen,1,1,1,0.001,0.1,512,3,5,4,256,6000,8.0,2633729,0,0,9973,101,500003,0,6000,6000,114,684.0,5.7,9.5247,1.25972342
frozen,1,1,1,0.001,0.1,512,3,5,4,256,6000,8.0,2633729,0,0,9973,101,500003,0,6000,6000,115,690.0,5.75,9.60825,1.15387166
frozen,1,1,1,0.001,0.1,512,3,5,4,256,6000,8.0,2633729,0,0,9973,101,500003,0,6000,6000,116,696.0,5.8,9.6918,1.17793441
frozen,1,1,1,0.001,0.1,512,3,5,4,256,6000,8.0,2633729,0,0,9973,101,500003,0,6000,6000,117,702.0,5.85,9.77535,1.14563549
frozen,1,1,1,0.001,0.1,512,3,5,4,256,6000,8.0,2633729,0,0,9973,101,500003,0,6000,6000,118,708.0,5.9,9.8589,1.14384091
frozen,1,1,1,0.001,0.1,512,3,5,4,256,6000,8.0,2633729,0,0,9973,101,500003,0,6000,6000,119,714.0,5.95,9.94245,1.12380791
frozen,1,1,1,0.001,0.1,512,3,5,4,256,6000,8.0,2633729,0,0,9973,101,500003,0,6000,6000,120,720.0,6.0,10.026,1.13126481
frozen,1,1,1,0.001,0.1,512,3,5,4,256,6000,8.0,2633729,0,0,9973,102,500004,1,0,6000,1,6.0,0.05,0.08355,0.06740903
frozen,1,1,1,0.001,0.1,512,3,5,4,256,6000,8.0,2633729,0,0,9973,102,500004,1,0,6000,2,12.0,0.1,0.1671,0.08178312
frozen,1,1,1,0.001,0.1,512,3,5,4,256,6000,8.0,2633729,0,0,9973,102,500004,1,0,6000,3,18.0,0.15,0.25065,0.10019527
frozen,1,1,1,0.001,0.1,512,3,5,4,256,6000,8.0,2633729,0,0,9973,102,500004,1,0,6000,4,24.0,0.2,0.3342,0.12021206
frozen,1,1,1,0.001,0.1,512,3,5,4,256,6000,8.0,2633729,0,0,9973,102,500004,1,0,6000,5,30.0,0.25,0.41775,0.14115198
frozen,1,1,1,0.001,0.1,512,3,5,4,256,6000,8.0,2633729,0,0,9973,102,500004,1,0,6000,6,36.0,0.3,0.5013,0.16349727
frozen,1,1,1,0.001,0.1,512,3,5,4,256,6000,8.0,2633729,0,0,9973,102,500004,1,0,6000,7,42.0,0.35,0.58485,0.18654433
frozen,1,1,1,0.001,0.1,512,3,5,4,256,6000,8.0,2633729,0,0,9973,102,500004,1,0,6000,8,48.0,0.4,0.6684,0.20980756
frozen,1,1,1,0.001,0.1,512,3,5,4,256,6000,8.0,2633729,0,0,9973,102,500004,1,0,6000,9,54.0,0.45,0.75195,0.23410293
frozen,1,1,1,0.001,0.1,512,3,5,4,256,6000,8.0,2633729,0,0,9973,102,500004,1,0,6000,10,60.0,0.5,0.8355,0.25987965
frozen,1,1,1,0.001,0.1,512,3,5,4,256,6000,8.0,2633729,0,0,9973,102,500004,1,0,6000,11,66.0,0.55,0.91905,0.28573397
frozen,1,1,1,0.001,0.1,512,3,5,4,256,6000,8.0,2633729,0,0,9973,102,500004,1,0,6000,12,72.0,0.6,1.0026,0.31118929
frozen,1,1,1,0.001,0.1,512,3,5,4,256,6000,8.0,2633729,0,0,9973,102,500004,1,0,6000,13,78.0,0.65,1.08615,0.33642006
frozen,1,1,1,0.001,0.1,512,3,5,4,256,6000,8.0,2633729,0,0,9973,102,500004,1,0,6000,14,84.0,0.7,1.1697,0.36232689
frozen,1,1,1,0.001,0.1,512,3,5,4,256,6000,8.0,2633729,0,0,9973,102,500004,1,0,6000,15,90.0,0.75,1.25325,0.38883114
frozen,1,1,1,0.001,0.1,512,3,5,4,256,6000,8.0,2633729,0,0,9973,102,500004,1,0,6000,16,96.0,0.8,1.3368,0.41462353
frozen,1,1,1,0.001,0.1,512,3,5,4,256,6000,8.0,2633729,0,0,9973,102,500004,1,0,6000,17,102.0,0.85,1.42035,0.43880719
frozen,1,1,1,0.001,0.1,512,3,5,4,256,6000,8.0,2633729,0,0,9973,102,500004,1,0,6000,18,108.0,0.9,1.5039,0.46099102
frozen,1,1,1,0.001,0.1,512,3,5,4,256,6000,8.0,2633729,0,0,9973,102,500004,1,0,6000,19,114.0,0.95,1.58745,0.48174322
frozen,1,1,1,0.001,0.1,512,3,5,4,256,6000,8.0,2633729,0,0,9973,102,500004,1,0,6000,20,120.0,1.0,1.671,0.50192744
frozen,1,1,1,0.001,0.1,512,3,5,4,256,6000,8.0,2633729,0,0,9973,102,500004,1,0,6000,21,126.0,1.05,1.75455,0.52171314
frozen,1,1,1,0.001,0.1,512,3,5,4,256,6000,8.0,2633729,0,0,9973,102,500004,1,0,6000,22,132.0,1.1,1.8381,0.5405913
frozen,1,1,1,0.001,0.1,512,3,5,4,256,6000,8.0,2633729,0,0,9973,102,500004,1,0,6000,23,138.0,1.15,1.92165,0.55804694
frozen,1,1,1,0.001,0.1,512,3,5,4,256,6000,8.0,2633729,0,0,9973,102,500004,1,0,6000,24,144.0,1.2,2.0052,0.57497752
frozen,1,1,1,0.001,0.1,512,3,5,4,256,6000,8.0,2633729,0,0,9973,102,500004,1,0,6000,25,150.0,1.25,2.08875,0.59265846
frozen,1,1,1,0.001,0.1,512,3,5,4,256,6000,8.0,2633729,0,0,9973,102,500004,1,0,6000,26,156.0,1.3,2.1723,0.61027771
frozen,1,1,1,0.001,0.1,512,3,5,4,256,6000,8.0,2633729,0,0,9973,102,500004,1,0,6000,27,162.0,1.35,2.25585,0.62742805
frozen,1,1,1,0.001,0.1,512,3,5,4,256,6000,8.0,2633729,0,0,9973,102,500004,1,0,6000,28,168.0,1.4,2.3394,0.64405489
frozen,1,1,1,0.001,0.1,512,3,5,4,256,6000,8.0,2633729,0,0,9973,102,500004,1,0,6000,29,174.0,1.45,2.42295,0.65914071
frozen,1,1,1,0.001,0.1,512,3,5,4,256,6000,8.0,2633729,0,0,9973,102,500004,1,0,6000,30,180.0,1.5,2.5065,0.67272145
frozen,1,1,1,0.001,0.1,512,3,5,4,256,6000,8.0,2633729,0,0,9973,102,500004,1,0,6000,31,186.0,1.55,2.59005,0.68534642
frozen,1,1,1,0.001,0.1,512,3,5,4,256,6000,8.0,2633729,0,0,9973,102,500004,1,0,6000,32,192.0,1.6,2.6736,0.69691634
frozen,1,1,1,0.001,0.1,512,3,5,4,256,6000,8.0,2633729,0,0,9973,102,500004,1,0,6000,33,198.0,1.65,2.75715,0.70751083
frozen,1,1,1,0.001,0.1,512,3,5,4,256,6000,8.0,2633729,0,0,9973,102,500004,1,0,6000,34,204.0,1.7,2.8407,0.71752858
frozen,1,1,1,0.001,0.1,512,3,5,4,256,6000,8.0,2633729,0,0,9973,102,500004,1,0,6000,35,210.0,1.75,2.92425,0.72702402
frozen,1,1,1,0.001,0.1,512,3,5,4,256,6000,8.0,2633729,0,0,9973,102,500004,1,0,6000,36,216.0,1.8,3.0078,0.73648667
frozen,1,1,1,0.001,0.1,512,3,5,4,256,6000,8.0,2633729,0,0,9973,102,500004,1,0,6000,37,222.0,1.85,3.09135,0.74591064
frozen,1,1,1,0.001,0.1,512,3,5,4,256,6000,8.0,2633729,0,0,9973,102,500004,1,0,6000,38,228.0,1.9,3.1749,0.75493091
frozen,1,1,1,0.001,0.1,512,3,5,4,256,6000,8.0,2633729,0,0,9973,102,500004,1,0,6000,39,234.0,1.95,3.25845,0.7647351
frozen,1,1,1,0.001,0.1,512,3,5,4,256,6000,8.0,2633729,0,0,9973,102,500004,1,0,6000,40,240.0,2.0,3.342,0.77641386
frozen,1,1,1,0.001,0.1,512,3,5,4,256,6000,8.0,2633729,0,0,9973,102,500004,1,0,6000,41,246.0,2.05,3.42555,0.78883147
frozen,1,1,1,0.001,0.1,512,3,5,4,256,6000,8.0,2633729,0,0,9973,102,500004,1,0,6000,42,252.0,2.1,3.5091,0.8001467
frozen,1,1,1,0.001,0.1,512,3,5,4,256,6000,8.0,2633729,0,0,9973,102,500004,1,0,6000,43,258.0,2.15,3.59265,0.80936706
frozen,1,1,1,0.001,0.1,512,3,5,4,256,6000,8.0,2633729,0,0,9973,102,500004,1,0,6000,44,264.0,2.2,3.6762,0.81524789
frozen,1,1,1,0.001,0.1,512,3,5,4,256,6000,8.0,2633729,0,0,9973,102,500004,1,0,6000,45,270.0,2.25,3.75975,0.8170864
frozen,1,1,1,0.001,0.1,512,3,5,4,256,6000,8.0,2633729,0,0,9973,102,500004,1,0,6000,46,276.0,2.3,3.8433,0.81673342
frozen,1,1,1,0.001,0.1,512,3,5,4,256,6000,8.0,2633729,0,0,9973,102,500004,1,0,6000,47,282.0,2.35,3.92685,0.81845069
frozen,1,1,1,0.001,0.1,512,3,5,4,256,6000,8.0,2633729,0,0,9973,102,500004,1,0,6000,48,288.0,2.4,4.0104,0.82541907
frozen,1,1,1,0.001,0.1,512,3,5,4,256,6000,8.0,2633729,0,0,9973,102,500004,1,0,6000,49,294.0,2.45,4.09395,0.83678329
frozen,1,1,1,0.001,0.1,512,3,5,4,256,6000,8.0,2633729,0,0,9973,102,500004,1,0,6000,50,300.0,2.5,4.1775,0.8489089
frozen,1,1,1,0.001,0.1,512,3,5,4,256,6000,8.0,2633729,0,0,9973,102,500004,1,0,6000,51,306.0,2.55,4.26105,0.85768801
frozen,1,1,1,0.001,0.1,512,3,5,4,256,6000,8.0,2633729,0,0,9973,102,500004,1,0,6000,52,312.0,2.6,4.3446,0.86157954
frozen,1,1,1,0.001,0.1,512,3,5,4,256,6000,8.0,2633729,0,0,9973,102,500004,1,0,6000,53,318.0,2.65,4.42815,0.86270106
frozen,1,1,1,0.001,0.1,512,3,5,4,256,6000,8.0,2633729,0,0,9973,102,500004,1,0,6000,54,324.0,2.7,4.5117,0.86381418
frozen,1,1,1,0.001,0.1,512,3,5,4,256,6000,8.0,2633729,0,0,9973,102,500004,1,0,6000,55,330.0,2.75,4.59525,0.86534166
frozen,1,1,1,0.001,0.1,512,3,5,4,256,6000,8.0,2633729,0,0,9973,102,500004,1,0,6000,56,336.0,2.8,4.6788,0.86645317
frozen,1,1,1,0.001,0.1,512,3,5,4,256,6000,8.0,2633729,0,0,9973,102,500004,1,0,6000,57,342.0,2.85,4.76235,0.86707568
frozen,1,1,1,0.001,0.1,512,3,5,4,256,6000,8.0,2633729,0,0,9973,102,500004,1,0,6000,58,348.0,2.9,4.8459,0.8682037
frozen,1,1,1,0.001,0.1,512,3,5,4,256,6000,8.0,2633729,0,0,9973,102,500004,1,0,6000,59,354.0,2.95,4.92945,0.87100738
frozen,1,1,1,0.001,0.1,512,3,5,4,256,6000,8.0,2633729,0,0,9973,102,500004,1,0,6000,60,360.0,3.0,5.013,0.87559891
frozen,1,1,1,0.001,0.1,512,3,5,4,256,6000,8.0,2633729,0,0,9973,102,500004,1,0,6000,61,366.0,3.05,5.09655,0.88074851
frozen,1,1,1,0.001,0.1,512,3,5,4,256,6000,8.0,2633729,0,0,9973,102,500004,1,0,6000,62,372.0,3.1,5.1801,0.88452107
frozen,1,1,1,0.001,0.1,512,3,5,4,256,6000,8.0,2633729,0,0,9973,102,500004,1,0,6000,63,378.0,3.15,5.26365,0.88590753
frozen,1,1,1,0.001,0.1,512,3,5,4,256,6000,8.0,2633729,0,0,9973,102,500004,1,0,6000,64,384.0,3.2,5.3472,0.88576424
frozen,1,1,1,0.001,0.1,512,3,5,4,256,6000,8.0,2633729,0,0,9973,102,500004,1,0,6000,65,390.0,3.25,5.43075,0.88601488
frozen,1,1,1,0.001,0.1,512,3,5,4,256,6000,8.0,2633729,0,0,9973,102,500004,1,0,6000,66,396.0,3.3,5.5143,0.88774836
frozen,1,1,1,0.001,0.1,512,3,5,4,256,6000,8.0,2633729,0,0,9973,102,500004,1,0,6000,67,402.0,3.35,5.59785,0.89105737
frozen,1,1,1,0.001,0.1,512,3,5,4,256,6000,8.0,2633729,0,0,9973,102,500004,1,0,6000,68,408.0,3.4,5.6814,0.89598364
frozen,1,1,1,0.001,0.1,512,3,5,4,256,6000,8.0,2633729,0,0,9973,102,500004,1,0,6000,69,414.0,3.45,5.76495,0.90092361
frozen,1,1,1,0.001,0.1,512,3,5,4,256,6000,8.0,2633729,0,0,9973,102,500004,1,0,6000,70,420.0,3.5,5.8485,0.90384203
frozen,1,1,1,0.001,0.1,512,3,5,4,256,6000,8.0,2633729,0,0,9973,102,500004,1,0,6000,71,426.0,3.55,5.93205,0.90632552
frozen,1,1,1,0.001,0.1,512,3,5,4,256,6000,8.0,2633729,0,0,9973,102,500004,1,0,6000,72,432.0,3.6,6.0156,0.91088039
frozen,1,1,1,0.001,0.1,512,3,5,4,256,6000,8.0,2633729,0,0,9973,102,500004,1,0,6000,73,438.0,3.65,6.09915,0.91605371
frozen,1,1,1,0.001,0.1,512,3,5,4,256,6000,8.0,2633729,0,0,9973,102,500004,1,0,6000,74,444.0,3.7,6.1827,0.91891015
frozen,1,1,1,0.001,0.1,512,3,5,4,256,6000,8.0,2633729,0,0,9973,102,500004,1,0,6000,75,450.0,3.75,6.26625,0.91904861
frozen,1,1,1,0.001,0.1,512,3,5,4,256,6000,8.0,2633729,0,0,9973,102,500004,1,0,6000,76,456.0,3.8,6.3498,0.91798431
frozen,1,1,1,0.001,0.1,512,3,5,4,256,6000,8.0,2633729,0,0,9973,102,500004,1,0,6000,77,462.0,3.85,6.43335,0.91727394
frozen,1,1,1,0.001,0.1,512,3,5,4,256,6000,8.0,2633729,0,0,9973,102,500004,1,0,6000,78,468.0,3.9,6.5169,0.91771662
frozen,1,1,1,0.001,0.1,512,3,5,4,256,6000,8.0,2633729,0,0,9973,102,500004,1,0,6000,79,474.0,3.95,6.60045,0.91916138
frozen,1,1,1,0.001,0.1,512,3,5,4,256,6000,8.0,2633729,0,0,9973,102,500004,1,0,6000,80,480.0,4.0,6.684,0.92094743
frozen,1,1,1,0.001,0.1,512,3,5,4,256,6000,8.0,2633729,0,0,9973,102,500004,1,0,6000,81,486.0,4.05,6.76755,0.92226976
frozen,1,1,1,0.001,0.1,512,3,5,4,256,6000,8.0,2633729,0,0,9973,102,500004,1,0,6000,82,492.0,4.1,6.8511,0.92237538
frozen,1,1,1,0.001,0.1,512,3,5,4,256,6000,8.0,2633729,0,0,9973,102,500004,1,0,6000,83,498.0,4.15,6.93465,0.92081934
frozen,1,1,1,0.001,0.1,512,3,5,4,256,6000,8.0,2633729,0,0,9973,102,500004,1,0,6000,84,504.0,4.2,7.0182,0.91756946
frozen,1,1,1,0.001,0.1,512,3,5,4,256,6000,8.0,2633729,0,0,9973,102,500004,1,0,6000,85,510.0,4.25,7.10175,0.91410482
frozen,1,1,1,0.001,0.1,512,3,5,4,256,6000,8.0,2633729,0,0,9973,102,500004,1,0,6000,86,516.0,4.3,7.1853,0.9128871
frozen,1,1,1,0.001,0.1,512,3,5,4,256,6000,8.0,2633729,0,0,9973,102,500004,1,0,6000,87,522.0,4.35,7.26885,0.91461444
frozen,1,1,1,0.001,0.1,512,3,5,4,256,6000,8.0,2633729,0,0,9973,102,500004,1,0,6000,88,528.0,4.4,7.3524,0.91846633
frozen,1,1,1,0.001,0.1,512,3,5,4,256,6000,8.0,2633729,0,0,9973,102,500004,1,0,6000,89,534.0,4.45,7.43595,0.92276943
frozen,1,1,1,0.001,0.1,512,3,5,4,256,6000,8.0,2633729,0,0,9973,102,500004,1,0,6000,90,540.0,4.5,7.5195,0.92462003
frozen,1,1,1,0.001,0.1,512,3,5,4,256,6000,8.0,2633729,0,0,9973,102,500004,1,0,6000,91,546.0,4.55,7.60305,0.92254364
frozen,1,1,1,0.001,0.1,512,3,5,4,256,6000,8.0,2633729,0,0,9973,102,500004,1,0,6000,92,552.0,4.6,7.6866,0.91832632
frozen,1,1,1,0.001,0.1,512,3,5,4,256,6000,8.0,2633729,0,0,9973,102,500004,1,0,6000,93,558.0,4.65,7.77015,0.91533768
frozen,1,1,1,0.001,0.1,512,3,5,4,256,6000,8.0,2633729,0,0,9973,102,500004,1,0,6000,94,564.0,4.7,7.8537,0.91540438
frozen,1,1,1,0.001,0.1,512,3,5,4,256,6000,8.0,2633729,0,0,9973,102,500004,1,0,6000,95,570.0,4.75,7.93725,0.91786796
frozen,1,1,1,0.001,0.1,512,3,5,4,256,6000,8.0,2633729,0,0,9973,102,500004,1,0,6000,96,576.0,4.8,8.0208,0.92133546
frozen,1,1,1,0.001,0.1,512,3,5,4,256,6000,8.0,2633729,0,0,9973,102,500004,1,0,6000,97,582.0,4.85,8.10435,0.92512494
frozen,1,1,1,0.001,0.1,512,3,5,4,256,6000,8.0,2633729,0,0,9973,102,500004,1,0,6000,98,588.0,4.9,8.1879,0.92841154
frozen,1,1,1,0.001,0.1,512,3,5,4,256,6000,8.0,2633729,0,0,9973,102,500004,1,0,6000,99,594.0,4.95,8.27145,0.93019789
frozen,1,1,1,0.001,0.1,512,3,5,4,256,6000,8.0,2633729,0,0,9973,102,500004,1,0,6000,100,600.0,5.0,8.355,0.93073797
frozen,1,1,1,0.001,0.1,512,3,5,4,256,6000,8.0,2633729,0,0,9973,102,500004,1,0,6000,101,606.0,5.05,8.43855,0.93109196
frozen,1,1,1,0.001,0.1,512,3,5,4,256,6000,8.0,2633729,0,0,9973,102,500004,1,0,6000,102,612.0,5.1,8.5221,0.93204957
frozen,1,1,1,0.001,0.1,512,3,5,4,256,6000,8.0,2633729,0,0,9973,102,500004,1,0,6000,103,618.0,5.15,8.60565,0.93371987
frozen,1,1,1,0.001,0.1,512,3,5,4,256,6000,8.0,2633729,0,0,9973,102,500004,1,0,6000,104,624.0,5.2,8.6892,0.93599838
frozen,1,1,1,0.001,0.1,512,3,5,4,256,6000,8.0,2633729,0,0,9973,102,500004,1,0,6000,105,630.0,5.25,8.77275,0.93843693
frozen,1,1,1,0.001,0.1,512,3,5,4,256,6000,8.0,2633729,0,0,9973,102,500004,1,0,6000,106,636.0,5.3,8.8563,0.94034046
frozen,1,1,1,0.001,0.1,512,3,5,4,256,6000,8.0,2633729,0,0,9973,102,500004,1,0,6000,107,642.0,5.35,8.93985,0.94182402
frozen,1,1,1,0.001,0.1,512,3,5,4,256,6000,8.0,2633729,0,0,9973,102,500004,1,0,6000,108,648.0,5.4,9.0234,0.94248313
frozen,1,1,1,0.001,0.1,512,3,5,4,256,6000,8.0,2633729,0,0,9973,102,500004,1,0,6000,109,654.0,5.45,9.10695,0.94120479
frozen,1,1,1,0.001,0.1,512,3,5,4,256,6000,8.0,2633729,0,0,9973,102,500004,1,0,6000,110,660.0,5.5,9.1905,0.93904757
frozen,1,1,1,0.001,0.1,512,3,5,4,256,6000,8.0,2633729,0,0,9973,102,500004,1,0,6000,111,666.0,5.55,9.27405,0.93836057
frozen,1,1,1,0.001,0.1,512,3,5,4,256,6000,8.0,2633729,0,0,9973,102,500004,1,0,6000,112,672.0,5.6,9.3576,0.93952024
frozen,1,1,1,0.001,0.1,512,3,5,4,256,6000,8.0,2633729,0,0,9973,102,500004,1,0,6000,113,678.0,5.65,9.44115,0.94133705
frozen,1,1,1,0.001,0.1,512,3,5,4,256,6000,8.0,2633729,0,0,9973,102,500004,1,0,6000,114,684.0,5.7,9.5247,0.94346005
frozen,1,1,1,0.001,0.1,512,3,5,4,256,6000,8.0,2633729,0,0,9973,102,500004,1,0,6000,115,690.0,5.75,9.60825,0.94587195
frozen,1,1,1,0.001,0.1,512,3,5,4,256,6000,8.0,2633729,0,0,9973,102,500004,1,0,6000,116,696.0,5.8,9.6918,0.94830132
frozen,1,1,1,0.001,0.1,512,3,5,4,256,6000,8.0,2633729,0,0,9973,102,500004,1,0,6000,117,702.0,5.85,9.77535,0.95112479
frozen,1,1,1,0.001,0.1,512,3,5,4,256,6000,8.0,2633729,0,0,9973,102,500004,1,0,6000,118,708.0,5.9,9.8589,0.95420629
frozen,1,1,1,0.001,0.1,512,3,5,4,256,6000,8.0,2633729,0,0,9973,102,500004,1,0,6000,119,714.0,5.95,9.94245,0.95558834
frozen,1,1,1,0.001,0.1,512,3,5,4,256,6000,8.0,2633729,0,0,9973,102,500004,1,0,6000,120,720.0,6.0,10.026,0.95359904
frozen,1,1,1,0.001,0.1,512,3,5,4,256,6000,8.0,2633729,0,0,9973,103,500005,2,0,6000,1,6.0,0.05,0.08355,0.06740903
frozen,1,1,1,0.001,0.1,512,3,5,4,256,6000,8.0,2633729,0,0,9973,103,500005,2,0,6000,2,12.0,0.1,0.1671,0.08178312
frozen,1,1,1,0.001,0.1,512,3,5,4,256,6000,8.0,2633729,0,0,9973,103,500005,2,0,6000,3,18.0,0.15,0.25065,0.10019527
frozen,1,1,1,0.001,0.1,512,3,5,4,256,6000,8.0,2633729,0,0,9973,103,500005,2,0,6000,4,24.0,0.2,0.3342,0.12021206
frozen,1,1,1,0.001,0.1,512,3,5,4,256,6000,8.0,2633729,0,0,9973,103,500005,2,0,6000,5,30.0,0.25,0.41775,0.14115198
frozen,1,1,1,0.001,0.1,512,3,5,4,256,6000,8.0,2633729,0,0,9973,103,500005,2,0,6000,6,36.0,0.3,0.5013,0.16349727
frozen,1,1,1,0.001,0.1,512,3,5,4,256,6000,8.0,2633729,0,0,9973,103,500005,2,0,6000,7,42.0,0.35,0.58485,0.18654433
frozen,1,1,1,0.001,0.1,512,3,5,4,256,6000,8.0,2633729,0,0,9973,103,500005,2,0,6000,8,48.0,0.4,0.6684,0.20980756
frozen,1,1,1,0.001,0.1,512,3,5,4,256,6000,8.0,2633729,0,0,9973,103,500005,2,0,6000,9,54.0,0.45,0.75195,0.23410293
frozen,1,1,1,0.001,0.1,512,3,5,4,256,6000,8.0,2633729,0,0,9973,103,500005,2,0,6000,10,60.0,0.5,0.8355,0.25987965
frozen,1,1,1,0.001,0.1,512,3,5,4,256,6000,8.0,2633729,0,0,9973,103,500005,2,0,6000,11,66.0,0.55,0.91905,0.28573397
frozen,1,1,1,0.001,0.1,512,3,5,4,256,6000,8.0,2633729,0,0,9973,103,500005,2,0,6000,12,72.0,0.6,1.0026,0.31118929
frozen,1,1,1,0.001,0.1,512,3,5,4,256,6000,8.0,2633729,0,0,9973,103,500005,2,0,6000,13,78.0,0.65,1.08615,0.33642006
frozen,1,1,1,0.001,0.1,512,3,5,4,256,6000,8.0,2633729,0,0,9973,103,500005,2,0,6000,14,84.0,0.7,1.1697,0.36232689
frozen,1,1,1,0.001,0.1,512,3,5,4,256,6000,8.0,2633729,0,0,9973,103,500005,2,0,6000,15,90.0,0.75,1.25325,0.38883114
frozen,1,1,1,0.001,0.1,512,3,5,4,256,6000,8.0,2633729,0,0,9973,103,500005,2,0,6000,16,96.0,0.8,1.3368,0.41462353
frozen,1,1,1,0.001,0.1,512,3,5,4,256,6000,8.0,2633729,0,0,9973,103,500005,2,0,6000,17,102.0,0.85,1.42035,0.43880719
frozen,1,1,1,0.001,0.1,512,3,5,4,256,6000,8.0,2633729,0,0,9973,103,500005,2,0,6000,18,108.0,0.9,1.5039,0.46099102
frozen,1,1,1,0.001,0.1,512,3,5,4,256,6000,8.0,2633729,0,0,9973,103,500005,2,0,6000,19,114.0,0.95,1.58745,0.48174322
frozen,1,1,1,0.001,0.1,512,3,5,4,256,6000,8.0,2633729,0,0,9973,103,500005,2,0,6000,20,120.0,1.0,1.671,0.50192744
frozen,1,1,1,0.001,0.1,512,3,5,4,256,6000,8.0,2633729,0,0,9973,103,500005,2,0,6000,21,126.0,1.05,1.75455,0.52171314
frozen,1,1,1,0.001,0.1,512,3,5,4,256,6000,8.0,2633729,0,0,9973,103,500005,2,0,6000,22,132.0,1.1,1.8381,0.5405913
frozen,1,1,1,0.001,0.1,512,3,5,4,256,6000,8.0,2633729,0,0,9973,103,500005,2,0,6000,23,138.0,1.15,1.92165,0.55804694
frozen,1,1,1,0.001,0.1,512,3,5,4,256,6000,8.0,2633729,0,0,9973,103,500005,2,0,6000,24,144.0,1.2,2.0052,0.57497752
frozen,1,1,1,0.001,0.1,512,3,5,4,256,6000,8.0,2633729,0,0,9973,103,500005,2,0,6000,25,150.0,1.25,2.08875,0.59265846
frozen,1,1,1,0.001,0.1,512,3,5,4,256,6000,8.0,2633729,0,0,9973,103,500005,2,0,6000,26,156.0,1.3,2.1723,0.61027771
frozen,1,1,1,0.001,0.1,512,3,5,4,256,6000,8.0,2633729,0,0,9973,103,500005,2,0,6000,27,162.0,1.35,2.25585,0.62742805
frozen,1,1,1,0.001,0.1,512,3,5,4,256,6000,8.0,2633729,0,0,9973,103,500005,2,0,6000,28,168.0,1.4,2.3394,0.64405489
frozen,1,1,1,0.001,0.1,512,3,5,4,256,6000,8.0,2633729,0,0,9973,103,500005,2,0,6000,29,174.0,1.45,2.42295,0.65914071
frozen,1,1,1,0.001,0.1,512,3,5,4,256,6000,8.0,2633729,0,0,9973,103,500005,2,0,6000,30,180.0,1.5,2.5065,0.67272145
frozen,1,1,1,0.001,0.1,512,3,5,4,256,6000,8.0,2633729,0,0,9973,103,500005,2,0,6000,31,186.0,1.55,2.59005,0.68534642
frozen,1,1,1,0.001,0.1,512,3,5,4,256,6000,8.0,2633729,0,0,9973,103,500005,2,0,6000,32,192.0,1.6,2.6736,0.69691634
frozen,1,1,1,0.001,0.1,512,3,5,4,256,6000,8.0,2633729,0,0,9973,103,500005,2,0,6000,33,198.0,1.65,2.75715,0.70751083
frozen,1,1,1,0.001,0.1,512,3,5,4,256,6000,8.0,2633729,0,0,9973,103,500005,2,0,6000,34,204.0,1.7,2.8407,0.71752858
frozen,1,1,1,0.001,0.1,512,3,5,4,256,6000,8.0,2633729,0,0,9973,103,500005,2,0,6000,35,210.0,1.75,2.92425,0.72702402
frozen,1,1,1,0.001,0.1,512,3,5,4,256,6000,8.0,2633729,0,0,9973,103,500005,2,0,6000,36,216.0,1.8,3.0078,0.73648667
frozen,1,1,1,0.001,0.1,512,3,5,4,256,6000,8.0,2633729,0,0,9973,103,500005,2,0,6000,37,222.0,1.85,3.09135,0.74591064
frozen,1,1,1,0.001,0.1,512,3,5,4,256,6000,8.0,2633729,0,0,9973,103,500005,2,0,6000,38,228.0,1.9,3.1749,0.75493091
frozen,1,1,1,0.001,0.1,512,3,5,4,256,6000,8.0,2633729,0,0,9973,103,500005,2,0,6000,39,234.0,1.95,3.25845,0.7647351
frozen,1,1,1,0.001,0.1,512,3,5,4,256,6000,8.0,2633729,0,0,9973,103,500005,2,0,6000,40,240.0,2.0,3.342,0.77641386
frozen,1,1,1,0.001,0.1,512,3,5,4,256,6000,8.0,2633729,0,0,9973,103,500005,2,0,6000,41,246.0,2.05,3.42555,0.78883147
frozen,1,1,1,0.001,0.1,512,3,5,4,256,6000,8.0,2633729,0,0,9973,103,500005,2,0,6000,42,252.0,2.1,3.5091,0.8001467
frozen,1,1,1,0.001,0.1,512,3,5,4,256,6000,8.0,2633729,0,0,9973,103,500005,2,0,6000,43,258.0,2.15,3.59265,0.80936706
frozen,1,1,1,0.001,0.1,512,3,5,4,256,6000,8.0,2633729,0,0,9973,103,500005,2,0,6000,44,264.0,2.2,3.6762,0.81524789
frozen,1,1,1,0.001,0.1,512,3,5,4,256,6000,8.0,2633729,0,0,9973,103,500005,2,0,6000,45,270.0,2.25,3.75975,0.8170864
frozen,1,1,1,0.001,0.1,512,3,5,4,256,6000,8.0,2633729,0,0,9973,103,500005,2,0,6000,46,276.0,2.3,3.8433,0.81673342
frozen,1,1,1,0.001,0.1,512,3,5,4,256,6000,8.0,2633729,0,0,9973,103,500005,2,0,6000,47,282.0,2.35,3.92685,0.81845069
frozen,1,1,1,0.001,0.1,512,3,5,4,256,6000,8.0,2633729,0,0,9973,103,500005,2,0,6000,48,288.0,2.4,4.0104,0.82541907
frozen,1,1,1,0.001,0.1,512,3,5,4,256,6000,8.0,2633729,0,0,9973,103,500005,2,0,6000,49,294.0,2.45,4.09395,0.83678329
frozen,1,1,1,0.001,0.1,512,3,5,4,256,6000,8.0,2633729,0,0,9973,103,500005,2,0,6000,50,300.0,2.5,4.1775,0.8489089
frozen,1,1,1,0.001,0.1,512,3,5,4,256,6000,8.0,2633729,0,0,9973,103,500005,2,0,6000,51,306.0,2.55,4.26105,0.85768801
frozen,1,1,1,0.001,0.1,512,3,5,4,256,6000,8.0,2633729,0,0,9973,103,500005,2,0,6000,52,312.0,2.6,4.3446,0.86157954
frozen,1,1,1,0.001,0.1,512,3,5,4,256,6000,8.0,2633729,0,0,9973,103,500005,2,0,6000,53,318.0,2.65,4.42815,0.86270106
frozen,1,1,1,0.001,0.1,512,3,5,4,256,6000,8.0,2633729,0,0,9973,103,500005,2,0,6000,54,324.0,2.7,4.5117,0.86381418
frozen,1,1,1,0.001,0.1,512,3,5,4,256,6000,8.0,2633729,0,0,9973,103,500005,2,0,6000,55,330.0,2.75,4.59525,0.86534166
frozen,1,1,1,0.001,0.1,512,3,5,4,256,6000,8.0,2633729,0,0,9973,103,500005,2,0,6000,56,336.0,2.8,4.6788,0.86645317
frozen,1,1,1,0.001,0.1,512,3,5,4,256,6000,8.0,2633729,0,0,9973,103,500005,2,0,6000,57,342.0,2.85,4.76235,0.86707568
frozen,1,1,1,0.001,0.1,512,3,5,4,256,6000,8.0,2633729,0,0,9973,103,500005,2,0,6000,58,348.0,2.9,4.8459,0.8682037
frozen,1,1,1,0.001,0.1,512,3,5,4,256,6000,8.0,2633729,0,0,9973,103,500005,2,0,6000,59,354.0,2.95,4.92945,0.87100738
frozen,1,1,1,0.001,0.1,512,3,5,4,256,6000,8.0,2633729,0,0,9973,103,500005,2,0,6000,60,360.0,3.0,5.013,0.87559891
frozen,1,1,1,0.001,0.1,512,3,5,4,256,6000,8.0,2633729,0,0,9973,103,500005,2,0,6000,61,366.0,3.05,5.09655,0.88074851
frozen,1,1,1,0.001,0.1,512,3,5,4,256,6000,8.0,2633729,0,0,9973,103,500005,2,0,6000,62,372.0,3.1,5.1801,0.88452107
frozen,1,1,1,0.001,0.1,512,3,5,4,256,6000,8.0,2633729,0,0,9973,103,500005,2,0,6000,63,378.0,3.15,5.26365,0.88590753
frozen,1,1,1,0.001,0.1,512,3,5,4,256,6000,8.0,2633729,0,0,9973,103,500005,2,0,6000,64,384.0,3.2,5.3472,0.88576424
frozen,1,1,1,0.001,0.1,512,3,5,4,256,6000,8.0,2633729,0,0,9973,103,500005,2,0,6000,65,390.0,3.25,5.43075,0.88601488
frozen,1,1,1,0.001,0.1,512,3,5,4,256,6000,8.0,2633729,0,0,9973,103,500005,2,0,6000,66,396.0,3.3,5.5143,0.88774836
frozen,1,1,1,0.001,0.1,512,3,5,4,256,6000,8.0,2633729,0,0,9973,103,500005,2,0,6000,67,402.0,3.35,5.59785,0.89105737
frozen,1,1,1,0.001,0.1,512,3,5,4,256,6000,8.0,2633729,0,0,9973,103,500005,2,0,6000,68,408.0,3.4,5.6814,0.89598364
frozen,1,1,1,0.001,0.1,512,3,5,4,256,6000,8.0,2633729,0,0,9973,103,500005,2,0,6000,69,414.0,3.45,5.76495,0.90092361
frozen,1,1,1,0.001,0.1,512,3,5,4,256,6000,8.0,2633729,0,0,9973,103,500005,2,0,6000,70,420.0,3.5,5.8485,0.90384203
frozen,1,1,1,0.001,0.1,512,3,5,4,256,6000,8.0,2633729,0,0,9973,103,500005,2,0,6000,71,426.0,3.55,5.93205,0.90632552
frozen,1,1,1,0.001,0.1,512,3,5,4,256,6000,8.0,2633729,0,0,9973,103,500005,2,0,6000,72,432.0,3.6,6.0156,0.91088039
frozen,1,1,1,0.001,0.1,512,3,5,4,256,6000,8.0,2633729,0,0,9973,103,500005,2,0,6000,73,438.0,3.65,6.09915,0.91605371
frozen,1,1,1,0.001,0.1,512,3,5,4,256,6000,8.0,2633729,0,0,9973,103,500005,2,0,6000,74,444.0,3.7,6.1827,0.91891015
frozen,1,1,1,0.001,0.1,512,3,5,4,256,6000,8.0,2633729,0,0,9973,103,500005,2,0,6000,75,450.0,3.75,6.26625,0.91904861
frozen,1,1,1,0.001,0.1,512,3,5,4,256,6000,8.0,2633729,0,0,9973,103,500005,2,0,6000,76,456.0,3.8,6.3498,0.91798431
frozen,1,1,1,0.001,0.1,512,3,5,4,256,6000,8.0,2633729,0,0,9973,103,500005,2,0,6000,77,462.0,3.85,6.43335,0.91727394
frozen,1,1,1,0.001,0.1,512,3,5,4,256,6000,8.0,2633729,0,0,9973,103,500005,2,0,6000,78,468.0,3.9,6.5169,0.91771662
frozen,1,1,1,0.001,0.1,512,3,5,4,256,6000,8.0,2633729,0,0,9973,103,500005,2,0,6000,79,474.0,3.95,6.60045,0.91916138
frozen,1,1,1,0.001,0.1,512,3,5,4,256,6000,8.0,2633729,0,0,9973,103,500005,2,0,6000,80,480.0,4.0,6.684,0.92094743
frozen,1,1,1,0.001,0.1,512,3,5,4,256,6000,8.0,2633729,0,0,9973,103,500005,2,0,6000,81,486.0,4.05,6.76755,0.92226976
frozen,1,1,1,0.001,0.1,512,3,5,4,256,6000,8.0,2633729,0,0,9973,103,500005,2,0,6000,82,492.0,4.1,6.8511,0.92237538
frozen,1,1,1,0.001,0.1,512,3,5,4,256,6000,8.0,2633729,0,0,9973,103,500005,2,0,6000,83,498.0,4.15,6.93465,0.92081934
frozen,1,1,1,0.001,0.1,512,3,5,4,256,6000,8.0,2633729,0,0,9973,103,500005,2,0,6000,84,504.0,4.2,7.0182,0.91756946
frozen,1,1,1,0.001,0.1,512,3,5,4,256,6000,8.0,2633729,0,0,9973,103,500005,2,0,6000,85,510.0,4.25,7.10175,0.91410482
frozen,1,1,1,0.001,0.1,512,3,5,4,256,6000,8.0,2633729,0,0,9973,103,500005,2,0,6000,86,516.0,4.3,7.1853,0.9128871
frozen,1,1,1,0.001,0.1,512,3,5,4,256,6000,8.0,2633729,0,0,9973,103,500005,2,0,6000,87,522.0,4.35,7.26885,0.91461444
frozen,1,1,1,0.001,0.1,512,3,5,4,256,6000,8.0,2633729,0,0,9973,103,500005,2,0,6000,88,528.0,4.4,7.3524,0.91846633
frozen,1,1,1,0.001,0.1,512,3,5,4,256,6000,8.0,2633729,0,0,9973,103,500005,2,0,6000,89,534.0,4.45,7.43595,0.92276943
frozen,1,1,1,0.001,0.1,512,3,5,4,256,6000,8.0,2633729,0,0,9973,103,500005,2,0,6000,90,540.0,4.5,7.5195,0.92462003
frozen,1,1,1,0.001,0.1,512,3,5,4,256,6000,8.0,2633729,0,0,9973,103,500005,2,0,6000,91,546.0,4.55,7.60305,0.92254364
frozen,1,1,1,0.001,0.1,512,3,5,4,256,6000,8.0,2633729,0,0,9973,103,500005,2,0,6000,92,552.0,4.6,7.6866,0.91832632
frozen,1,1,1,0.001,0.1,512,3,5,4,256,6000,8.0,2633729,0,0,9973,103,500005,2,0,6000,93,558.0,4.65,7.77015,0.91533768
frozen,1,1,1,0.001,0.1,512,3,5,4,256,6000,8.0,2633729,0,0,9973,103,500005,2,0,6000,94,564.0,4.7,7.8537,0.91540438
frozen,1,1,1,0.001,0.1,512,3,5,4,256,6000,8.0,2633729,0,0,9973,103,500005,2,0,6000,95,570.0,4.75,7.93725,0.91786796
frozen,1,1,1,0.001,0.1,512,3,5,4,256,6000,8.0,2633729,0,0,9973,103,500005,2,0,6000,96,576.0,4.8,8.0208,0.92133546
frozen,1,1,1,0.001,0.1,512,3,5,4,256,6000,8.0,2633729,0,0,9973,103,500005,2,0,6000,97,582.0,4.85,8.10435,0.92512494
frozen,1,1,1,0.001,0.1,512,3,5,4,256,6000,8.0,2633729,0,0,9973,103,500005,2,0,6000,98,588.0,4.9,8.1879,0.92841154
frozen,1,1,1,0.001,0.1,512,3,5,4,256,6000,8.0,2633729,0,0,9973,103,500005,2,0,6000,99,594.0,4.95,8.27145,0.93019789
frozen,1,1,1,0.001,0.1,512,3,5,4,256,6000,8.0,2633729,0,0,9973,103,500005,2,0,6000,100,600.0,5.0,8.355,0.93073797
frozen,1,1,1,0.001,0.1,512,3,5,4,256,6000,8.0,2633729,0,0,9973,103,500005,2,0,6000,101,606.0,5.05,8.43855,0.93109196
frozen,1,1,1,0.001,0.1,512,3,5,4,256,6000,8.0,2633729,0,0,9973,103,500005,2,0,6000,102,612.0,5.1,8.5221,0.93204957
frozen,1,1,1,0.001,0.1,512,3,5,4,256,6000,8.0,2633729,0,0,9973,103,500005,2,0,6000,103,618.0,5.15,8.60565,0.93371987
frozen,1,1,1,0.001,0.1,512,3,5,4,256,6000,8.0,2633729,0,0,9973,103,500005,2,0,6000,104,624.0,5.2,8.6892,0.93599838
frozen,1,1,1,0.001,0.1,512,3,5,4,256,6000,8.0,2633729,0,0,9973,103,500005,2,0,6000,105,630.0,5.25,8.77275,0.93843693
frozen,1,1,1,0.001,0.1,512,3,5,4,256,6000,8.0,2633729,0,0,9973,103,500005,2,0,6000,106,636.0,5.3,8.8563,0.94034046
frozen,1,1,1,0.001,0.1,512,3,5,4,256,6000,8.0,2633729,0,0,9973,103,500005,2,0,6000,107,642.0,5.35,8.93985,0.94182402
frozen,1,1,1,0.001,0.1,512,3,5,4,256,6000,8.0,2633729,0,0,9973,103,500005,2,0,6000,108,648.0,5.4,9.0234,0.94248313
frozen,1,1,1,0.001,0.1,512,3,5,4,256,6000,8.0,2633729,0,0,9973,103,500005,2,0,6000,109,654.0,5.45,9.10695,0.94120479
frozen,1,1,1,0.001,0.1,512,3,5,4,256,6000,8.0,2633729,0,0,9973,103,500005,2,0,6000,110,660.0,5.5,9.1905,0.93904757
frozen,1,1,1,0.001,0.1,512,3,5,4,256,6000,8.0,2633729,0,0,9973,103,500005,2,0,6000,111,666.0,5.55,9.27405,0.93836057
frozen,1,1,1,0.001,0.1,512,3,5,4,256,6000,8.0,2633729,0,0,9973,103,500005,2,0,6000,112,672.0,5.6,9.3576,0.93952024
frozen,1,1,1,0.001,0.1,512,3,5,4,256,6000,8.0,2633729,0,0,9973,103,500005,2,0,6000,113,678.0,5.65,9.44115,0.94133705
frozen,1,1,1,0.001,0.1,512,3,5,4,256,6000,8.0,2633729,0,0,9973,103,500005,2,0,6000,114,684.0,5.7,9.5247,0.94346005
frozen,1,1,1,0.001,0.1,512,3,5,4,256,6000,8.0,2633729,0,0,9973,103,500005,2,0,6000,115,690.0,5.75,9.60825,0.94587195
frozen,1,1,1,0.001,0.1,512,3,5,4,256,6000,8.0,2633729,0,0,9973,103,500005,2,0,6000,116,696.0,5.8,9.6918,0.94830132
frozen,1,1,1,0.001,0.1,512,3,5,4,256,6000,8.0,2633729,0,0,9973,103,500005,2,0,6000,117,702.0,5.85,9.77535,0.95112479
frozen,1,1,1,0.001,0.1,512,3,5,4,256,6000,8.0,2633729,0,0,9973,103,500005,2,0,6000,118,708.0,5.9,9.8589,0.95420629
frozen,1,1,1,0.001,0.1,512,3,5,4,256,6000,8.0,2633729,0,0,9973,103,500005,2,0,6000,119,714.0,5.95,9.94245,0.95558834
frozen,1,1,1,0.001,0.1,512,3,5,4,256,6000,8.0,2633729,0,0,9973,103,500005,2,0,6000,120,720.0,6.0,10.026,0.95359904
frozen,1,1,1,0.001,0.1,512,3,5,4,256,6000,8.0,2633729,0,0,9973,104,500006,3,0,6000,1,6.0,0.05,0.08355,0.06740903
frozen,1,1,1,0.001,0.1,512,3,5,4,256,6000,8.0,2633729,0,0,9973,104,500006,3,0,6000,2,12.0,0.1,0.1671,0.08178312
frozen,1,1,1,0.001,0.1,512,3,5,4,256,6000,8.0,2633729,0,0,9973,104,500006,3,0,6000,3,18.0,0.15,0.25065,0.10019527
frozen,1,1,1,0.001,0.1,512,3,5,4,256,6000,8.0,2633729,0,0,9973,104,500006,3,0,6000,4,24.0,0.2,0.3342,0.12021206
frozen,1,1,1,0.001,0.1,512,3,5,4,256,6000,8.0,2633729,0,0,9973,104,500006,3,0,6000,5,30.0,0.25,0.41775,0.14115198
frozen,1,1,1,0.001,0.1,512,3,5,4,256,6000,8.0,2633729,0,0,9973,104,500006,3,0,6000,6,36.0,0.3,0.5013,0.16349727
frozen,1,1,1,0.001,0.1,512,3,5,4,256,6000,8.0,2633729,0,0,9973,104,500006,3,0,6000,7,42.0,0.35,0.58485,0.18654433
frozen,1,1,1,0.001,0.1,512,3,5,4,256,6000,8.0,2633729,0,0,9973,104,500006,3,0,6000,8,48.0,0.4,0.6684,0.20980756
frozen,1,1,1,0.001,0.1,512,3,5,4,256,6000,8.0,2633729,0,0,9973,104,500006,3,0,6000,9,54.0,0.45,0.75195,0.23410293
frozen,1,1,1,0.001,0.1,512,3,5,4,256,6000,8.0,2633729,0,0,9973,104,500006,3,0,6000,10,60.0,0.5,0.8355,0.25987965
frozen,1,1,1,0.001,0.1,512,3,5,4,256,6000,8.0,2633729,0,0,9973,104,500006,3,0,6000,11,66.0,0.55,0.91905,0.28573397
frozen,1,1,1,0.001,0.1,512,3,5,4,256,6000,8.0,2633729,0,0,9973,104,500006,3,0,6000,12,72.0,0.6,1.0026,0.31118929
frozen,1,1,1,0.001,0.1,512,3,5,4,256,6000,8.0,2633729,0,0,9973,104,500006,3,0,6000,13,78.0,0.65,1.08615,0.33642006
frozen,1,1,1,0.001,0.1,512,3,5,4,256,6000,8.0,2633729,0,0,9973,104,500006,3,0,6000,14,84.0,0.7,1.1697,0.36232689
frozen,1,1,1,0.001,0.1,512,3,5,4,256,6000,8.0,2633729,0,0,9973,104,500006,3,0,6000,15,90.0,0.75,1.25325,0.38883114
frozen,1,1,1,0.001,0.1,512,3,5,4,256,6000,8.0,2633729,0,0,9973,104,500006,3,0,6000,16,96.0,0.8,1.3368,0.41462353
frozen,1,1,1,0.001,0.1,512,3,5,4,256,6000,8.0,2633729,0,0,9973,104,500006,3,0,6000,17,102.0,0.85,1.42035,0.43880719
frozen,1,1,1,0.001,0.1,512,3,5,4,256,6000,8.0,2633729,0,0,9973,104,500006,3,0,6000,18,108.0,0.9,1.5039,0.46099102
frozen,1,1,1,0.001,0.1,512,3,5,4,256,6000,8.0,2633729,0,0,9973,104,500006,3,0,6000,19,114.0,0.95,1.58745,0.48174322
frozen,1,1,1,0.001,0.1,512,3,5,4,256,6000,8.0,2633729,0,0,9973,104,500006,3,0,6000,20,120.0,1.0,1.671,0.50192744
frozen,1,1,1,0.001,0.1,512,3,5,4,256,6000,8.0,2633729,0,0,9973,104,500006,3,0,6000,21,126.0,1.05,1.75455,0.52171314
frozen,1,1,1,0.001,0.1,512,3,5,4,256,6000,8.0,2633729,0,0,9973,104,500006,3,0,6000,22,132.0,1.1,1.8381,0.5405913
frozen,1,1,1,0.001,0.1,512,3,5,4,256,6000,8.0,2633729,0,0,9973,104,500006,3,0,6000,23,138.0,1.15,1.92165,0.55804694
frozen,1,1,1,0.001,0.1,512,3,5,4,256,6000,8.0,2633729,0,0,9973,104,500006,3,0,6000,24,144.0,1.2,2.0052,0.57497752
frozen,1,1,1,0.001,0.1,512,3,5,4,256,6000,8.0,2633729,0,0,9973,104,500006,3,0,6000,25,150.0,1.25,2.08875,0.59265846
frozen,1,1,1,0.001,0.1,512,3,5,4,256,6000,8.0,2633729,0,0,9973,104,500006,3,0,6000,26,156.0,1.3,2.1723,0.61027771
frozen,1,1,1,0.001,0.1,512,3,5,4,256,6000,8.0,2633729,0,0,9973,104,500006,3,0,6000,27,162.0,1.35,2.25585,0.62742805
frozen,1,1,1,0.001,0.1,512,3,5,4,256,6000,8.0,2633729,0,0,9973,104,500006,3,0,6000,28,168.0,1.4,2.3394,0.64405489
frozen,1,1,1,0.001,0.1,512,3,5,4,256,6000,8.0,2633729,0,0,9973,104,500006,3,0,6000,29,174.0,1.45,2.42295,0.65914071
frozen,1,1,1,0.001,0.1,512,3,5,4,256,6000,8.0,2633729,0,0,9973,104,500006,3,0,6000,30,180.0,1.5,2.5065,0.67272145
frozen,1,1,1,0.001,0.1,512,3,5,4,256,6000,8.0,2633729,0,0,9973,104,500006,3,0,6000,31,186.0,1.55,2.59005,0.68534642
frozen,1,1,1,0.001,0.1,512,3,5,4,256,6000,8.0,2633729,0,0,9973,104,500006,3,0,6000,32,192.0,1.6,2.6736,0.69691634
frozen,1,1,1,0.001,0.1,512,3,5,4,256,6000,8.0,2633729,0,0,9973,104,500006,3,0,6000,33,198.0,1.65,2.75715,0.70751083
frozen,1,1,1,0.001,0.1,512,3,5,4,256,6000,8.0,2633729,0,0,9973,104,500006,3,0,6000,34,204.0,1.7,2.8407,0.71752858
frozen,1,1,1,0.001,0.1,512,3,5,4,256,6000,8.0,2633729,0,0,9973,104,500006,3,0,6000,35,210.0,1.75,2.92425,0.72702402
frozen,1,1,1,0.001,0.1,512,3,5,4,256,6000,8.0,2633729,0,0,9973,104,500006,3,0,6000,36,216.0,1.8,3.0078,0.73648667
frozen,1,1,1,0.001,0.1,512,3,5,4,256,6000,8.0,2633729,0,0,9973,104,500006,3,0,6000,37,222.0,1.85,3.09135,0.74591064
frozen,1,1,1,0.001,0.1,512,3,5,4,256,6000,8.0,2633729,0,0,9973,104,500006,3,0,6000,38,228.0,1.9,3.1749,0.75493091
frozen,1,1,1,0.001,0.1,512,3,5,4,256,6000,8.0,2633729,0,0,9973,104,500006,3,0,6000,39,234.0,1.95,3.25845,0.7647351
frozen,1,1,1,0.001,0.1,512,3,5,4,256,6000,8.0,2633729,0,0,9973,104,500006,3,0,6000,40,240.0,2.0,3.342,0.77641386
frozen,1,1,1,0.001,0.1,512,3,5,4,256,6000,8.0,2633729,0,0,9973,104,500006,3,0,6000,41,246.0,2.05,3.42555,0.78883147
frozen,1,1,1,0.001,0.1,512,3,5,4,256,6000,8.0,2633729,0,0,9973,104,500006,3,0,6000,42,252.0,2.1,3.5091,0.8001467
frozen,1,1,1,0.001,0.1,512,3,5,4,256,6000,8.0,2633729,0,0,9973,104,500006,3,0,6000,43,258.0,2.15,3.59265,0.80936706
frozen,1,1,1,0.001,0.1,512,3,5,4,256,6000,8.0,2633729,0,0,9973,104,500006,3,0,6000,44,264.0,2.2,3.6762,0.81524789
frozen,1,1,1,0.001,0.1,512,3,5,4,256,6000,8.0,2633729,0,0,9973,104,500006,3,0,6000,45,270.0,2.25,3.75975,0.8170864
frozen,1,1,1,0.001,0.1,512,3,5,4,256,6000,8.0,2633729,0,0,9973,104,500006,3,0,6000,46,276.0,2.3,3.8433,0.81673342
frozen,1,1,1,0.001,0.1,512,3,5,4,256,6000,8.0,2633729,0,0,9973,104,500006,3,0,6000,47,282.0,2.35,3.92685,0.81845069
frozen,1,1,1,0.001,0.1,512,3,5,4,256,6000,8.0,2633729,0,0,9973,104,500006,3,0,6000,48,288.0,2.4,4.0104,0.82541907
frozen,1,1,1,0.001,0.1,512,3,5,4,256,6000,8.0,2633729,0,0,9973,104,500006,3,0,6000,49,294.0,2.45,4.09395,0.83678329
frozen,1,1,1,0.001,0.1,512,3,5,4,256,6000,8.0,2633729,0,0,9973,104,500006,3,0,6000,50,300.0,2.5,4.1775,0.8489089
frozen,1,1,1,0.001,0.1,512,3,5,4,256,6000,8.0,2633729,0,0,9973,104,500006,3,0,6000,51,306.0,2.55,4.26105,0.85768801
frozen,1,1,1,0.001,0.1,512,3,5,4,256,6000,8.0,2633729,0,0,9973,104,500006,3,0,6000,52,312.0,2.6,4.3446,0.86157954
frozen,1,1,1,0.001,0.1,512,3,5,4,256,6000,8.0,2633729,0,0,9973,104,500006,3,0,6000,53,318.0,2.65,4.42815,0.86270106
frozen,1,1,1,0.001,0.1,512,3,5,4,256,6000,8.0,2633729,0,0,9973,104,500006,3,0,6000,54,324.0,2.7,4.5117,0.86381418
frozen,1,1,1,0.001,0.1,512,3,5,4,256,6000,8.0,2633729,0,0,9973,104,500006,3,0,6000,55,330.0,2.75,4.59525,0.86534166
frozen,1,1,1,0.001,0.1,512,3,5,4,256,6000,8.0,2633729,0,0,9973,104,500006,3,0,6000,56,336.0,2.8,4.6788,0.86645317
frozen,1,1,1,0.001,0.1,512,3,5,4,256,6000,8.0,2633729,0,0,9973,104,500006,3,0,6000,57,342.0,2.85,4.76235,0.86707568
frozen,1,1,1,0.001,0.1,512,3,5,4,256,6000,8.0,2633729,0,0,9973,104,500006,3,0,6000,58,348.0,2.9,4.8459,0.8682037
frozen,1,1,1,0.001,0.1,512,3,5,4,256,6000,8.0,2633729,0,0,9973,104,500006,3,0,6000,59,354.0,2.95,4.92945,0.87100738
frozen,1,1,1,0.001,0.1,512,3,5,4,256,6000,8.0,2633729,0,0,9973,104,500006,3,0,6000,60,360.0,3.0,5.013,0.87559891
frozen,1,1,1,0.001,0.1,512,3,5,4,256,6000,8.0,2633729,0,0,9973,104,500006,3,0,6000,61,366.0,3.05,5.09655,0.88074851
frozen,1,1,1,0.001,0.1,512,3,5,4,256,6000,8.0,2633729,0,0,9973,104,500006,3,0,6000,62,372.0,3.1,5.1801,0.88452107
frozen,1,1,1,0.001,0.1,512,3,5,4,256,6000,8.0,2633729,0,0,9973,104,500006,3,0,6000,63,378.0,3.15,5.26365,0.88590753
frozen,1,1,1,0.001,0.1,512,3,5,4,256,6000,8.0,2633729,0,0,9973,104,500006,3,0,6000,64,384.0,3.2,5.3472,0.88576424
frozen,1,1,1,0.001,0.1,512,3,5,4,256,6000,8.0,2633729,0,0,9973,104,500006,3,0,6000,65,390.0,3.25,5.43075,0.88601488
frozen,1,1,1,0.001,0.1,512,3,5,4,256,6000,8.0,2633729,0,0,9973,104,500006,3,0,6000,66,396.0,3.3,5.5143,0.88774836
frozen,1,1,1,0.001,0.1,512,3,5,4,256,6000,8.0,2633729,0,0,9973,104,500006,3,0,6000,67,402.0,3.35,5.59785,0.89105737
frozen,1,1,1,0.001,0.1,512,3,5,4,256,6000,8.0,2633729,0,0,9973,104,500006,3,0,6000,68,408.0,3.4,5.6814,0.89598364
frozen,1,1,1,0.001,0.1,512,3,5,4,256,6000,8.0,2633729,0,0,9973,104,500006,3,0,6000,69,414.0,3.45,5.76495,0.90092361
frozen,1,1,1,0.001,0.1,512,3,5,4,256,6000,8.0,2633729,0,0,9973,104,500006,3,0,6000,70,420.0,3.5,5.8485,0.90384203
frozen,1,1,1,0.001,0.1,512,3,5,4,256,6000,8.0,2633729,0,0,9973,104,500006,3,0,6000,71,426.0,3.55,5.93205,0.90632552
frozen,1,1,1,0.001,0.1,512,3,5,4,256,6000,8.0,2633729,0,0,9973,104,500006,3,0,6000,72,432.0,3.6,6.0156,0.91088039
frozen,1,1,1,0.001,0.1,512,3,5,4,256,6000,8.0,2633729,0,0,9973,104,500006,3,0,6000,73,438.0,3.65,6.09915,0.91605371
frozen,1,1,1,0.001,0.1,512,3,5,4,256,6000,8.0,2633729,0,0,9973,104,500006,3,0,6000,74,444.0,3.7,6.1827,0.91891015
frozen,1,1,1,0.001,0.1,512,3,5,4,256,6000,8.0,2633729,0,0,9973,104,500006,3,0,6000,75,450.0,3.75,6.26625,0.91904861
frozen,1,1,1,0.001,0.1,512,3,5,4,256,6000,8.0,2633729,0,0,9973,104,500006,3,0,6000,76,456.0,3.8,6.3498,0.91798431
frozen,1,1,1,0.001,0.1,512,3,5,4,256,6000,8.0,2633729,0,0,9973,104,500006,3,0,6000,77,462.0,3.85,6.43335,0.91727394
frozen,1,1,1,0.001,0.1,512,3,5,4,256,6000,8.0,2633729,0,0,9973,104,500006,3,0,6000,78,468.0,3.9,6.5169,0.91771662
frozen,1,1,1,0.001,0.1,512,3,5,4,256,6000,8.0,2633729,0,0,9973,104,500006,3,0,6000,79,474.0,3.95,6.60045,0.91916138
frozen,1,1,1,0.001,0.1,512,3,5,4,256,6000,8.0,2633729,0,0,9973,104,500006,3,0,6000,80,480.0,4.0,6.684,0.92094743
frozen,1,1,1,0.001,0.1,512,3,5,4,256,6000,8.0,2633729,0,0,9973,104,500006,3,0,6000,81,486.0,4.05,6.76755,0.92226976
frozen,1,1,1,0.001,0.1,512,3,5,4,256,6000,8.0,2633729,0,0,9973,104,500006,3,0,6000,82,492.0,4.1,6.8511,0.92237538
frozen,1,1,1,0.001,0.1,512,3,5,4,256,6000,8.0,2633729,0,0,9973,104,500006,3,0,6000,83,498.0,4.15,6.93465,0.92081934
frozen,1,1,1,0.001,0.1,512,3,5,4,256,6000,8.0,2633729,0,0,9973,104,500006,3,0,6000,84,504.0,4.2,7.0182,0.91756946
frozen,1,1,1,0.001,0.1,512,3,5,4,256,6000,8.0,2633729,0,0,9973,104,500006,3,0,6000,85,510.0,4.25,7.10175,0.91410482
frozen,1,1,1,0.001,0.1,512,3,5,4,256,6000,8.0,2633729,0,0,9973,104,500006,3,0,6000,86,516.0,4.3,7.1853,0.9128871
frozen,1,1,1,0.001,0.1,512,3,5,4,256,6000,8.0,2633729,0,0,9973,104,500006,3,0,6000,87,522.0,4.35,7.26885,0.91461444
frozen,1,1,1,0.001,0.1,512,3,5,4,256,6000,8.0,2633729,0,0,9973,104,500006,3,0,6000,88,528.0,4.4,7.3524,0.91846633
frozen,1,1,1,0.001,0.1,512,3,5,4,256,6000,8.0,2633729,0,0,9973,104,500006,3,0,6000,89,534.0,4.45,7.43595,0.92276943
frozen,1,1,1,0.001,0.1,512,3,5,4,256,6000,8.0,2633729,0,0,9973,104,500006,3,0,6000,90,540.0,4.5,7.5195,0.92462003
frozen,1,1,1,0.001,0.1,512,3,5,4,256,6000,8.0,2633729,0,0,9973,104,500006,3,0,6000,91,546.0,4.55,7.60305,0.92254364
frozen,1,1,1,0.001,0.1,512,3,5,4,256,6000,8.0,2633729,0,0,9973,104,500006,3,0,6000,92,552.0,4.6,7.6866,0.91832632
frozen,1,1,1,0.001,0.1,512,3,5,4,256,6000,8.0,2633729,0,0,9973,104,500006,3,0,6000,93,558.0,4.65,7.77015,0.91533768
frozen,1,1,1,0.001,0.1,512,3,5,4,256,6000,8.0,2633729,0,0,9973,104,500006,3,0,6000,94,564.0,4.7,7.8537,0.91540438
frozen,1,1,1,0.001,0.1,512,3,5,4,256,6000,8.0,2633729,0,0,9973,104,500006,3,0,6000,95,570.0,4.75,7.93725,0.91786796
frozen,1,1,1,0.001,0.1,512,3,5,4,256,6000,8.0,2633729,0,0,9973,104,500006,3,0,6000,96,576.0,4.8,8.0208,0.92133546
frozen,1,1,1,0.001,0.1,512,3,5,4,256,6000,8.0,2633729,0,0,9973,104,500006,3,0,6000,97,582.0,4.85,8.10435,0.92512494
frozen,1,1,1,0.001,0.1,512,3,5,4,256,6000,8.0,2633729,0,0,9973,104,500006,3,0,6000,98,588.0,4.9,8.1879,0.92841154
frozen,1,1,1,0.001,0.1,512,3,5,4,256,6000,8.0,2633729,0,0,9973,104,500006,3,0,6000,99,594.0,4.95,8.27145,0.93019789
frozen,1,1,1,0.001,0.1,512,3,5,4,256,6000,8.0,2633729,0,0,9973,104,500006,3,0,6000,100,600.0,5.0,8.355,0.93073797
frozen,1,1,1,0.001,0.1,512,3,5,4,256,6000,8.0,2633729,0,0,9973,104,500006,3,0,6000,101,606.0,5.05,8.43855,0.93109196
frozen,1,1,1,0.001,0.1,512,3,5,4,256,6000,8.0,2633729,0,0,9973,104,500006,3,0,6000,102,612.0,5.1,8.5221,0.93204957
frozen,1,1,1,0.001,0.1,512,3,5,4,256,6000,8.0,2633729,0,0,9973,104,500006,3,0,6000,103,618.0,5.15,8.60565,0.93371987
frozen,1,1,1,0.001,0.1,512,3,5,4,256,6000,8.0,2633729,0,0,9973,104,500006,3,0,6000,104,624.0,5.2,8.6892,0.93599838
frozen,1,1,1,0.001,0.1,512,3,5,4,256,6000,8.0,2633729,0,0,9973,104,500006,3,0,6000,105,630.0,5.25,8.77275,0.93843693
frozen,1,1,1,0.001,0.1,512,3,5,4,256,6000,8.0,2633729,0,0,9973,104,500006,3,0,6000,106,636.0,5.3,8.8563,0.94034046
frozen,1,1,1,0.001,0.1,512,3,5,4,256,6000,8.0,2633729,0,0,9973,104,500006,3,0,6000,107,642.0,5.35,8.93985,0.94182402
frozen,1,1,1,0.001,0.1,512,3,5,4,256,6000,8.0,2633729,0,0,9973,104,500006,3,0,6000,108,648.0,5.4,9.0234,0.94248313
frozen,1,1,1,0.001,0.1,512,3,5,4,256,6000,8.0,2633729,0,0,9973,104,500006,3,0,6000,109,654.0,5.45,9.10695,0.94120479
frozen,1,1,1,0.001,0.1,512,3,5,4,256,6000,8.0,2633729,0,0,9973,104,500006,3,0,6000,110,660.0,5.5,9.1905,0.93904757
frozen,1,1,1,0.001,0.1,512,3,5,4,256,6000,8.0,2633729,0,0,9973,104,500006,3,0,6000,111,666.0,5.55,9.27405,0.93836057
frozen,1,1,1,0.001,0.1,512,3,5,4,256,6000,8.0,2633729,0,0,9973,104,500006,3,0,6000,112,672.0,5.6,9.3576,0.93952024
frozen,1,1,1,0.001,0.1,512,3,5,4,256,6000,8.0,2633729,0,0,9973,104,500006,3,0,6000,113,678.0,5.65,9.44115,0.94133705
frozen,1,1,1,0.001,0.1,512,3,5,4,256,6000,8.0,2633729,0,0,9973,104,500006,3,0,6000,114,684.0,5.7,9.5247,0.94346005
frozen,1,1,1,0.001,0.1,512,3,5,4,256,6000,8.0,2633729,0,0,9973,104,500006,3,0,6000,115,690.0,5.75,9.60825,0.94587195
frozen,1,1,1,0.001,0.1,512,3,5,4,256,6000,8.0,2633729,0,0,9973,104,500006,3,0,6000,116,696.0,5.8,9.6918,0.94830132
frozen,1,1,1,0.001,0.1,512,3,5,4,256,6000,8.0,2633729,0,0,9973,104,500006,3,0,6000,117,702.0,5.85,9.77535,0.95112479
frozen,1,1,1,0.001,0.1,512,3,5,4,256,6000,8.0,2633729,0,0,9973,104,500006,3,0,6000,118,708.0,5.9,9.8589,0.95420629
frozen,1,1,1,0.001,0.1,512,3,5,4,256,6000,8.0,2633729,0,0,9973,104,500006,3,0,6000,119,714.0,5.95,9.94245,0.95558834
frozen,1,1,1,0.001,0.1,512,3,5,4,256,6000,8.0,2633729,0,0,9973,104,500006,3,0,6000,120,720.0,6.0,10.026,0.95359904
frozen,1,1,1,0.001,0.1,512,3,5,4,256,6000,8.0,2633729,0,0,9973,105,500007,4,0,6000,1,6.0,0.05,0.08355,0.06740903
frozen,1,1,1,0.001,0.1,512,3,5,4,256,6000,8.0,2633729,0,0,9973,105,500007,4,0,6000,2,12.0,0.1,0.1671,0.08178312
frozen,1,1,1,0.001,0.1,512,3,5,4,256,6000,8.0,2633729,0,0,9973,105,500007,4,0,6000,3,18.0,0.15,0.25065,0.10019527
frozen,1,1,1,0.001,0.1,512,3,5,4,256,6000,8.0,2633729,0,0,9973,105,500007,4,0,6000,4,24.0,0.2,0.3342,0.12021206
frozen,1,1,1,0.001,0.1,512,3,5,4,256,6000,8.0,2633729,0,0,9973,105,500007,4,0,6000,5,30.0,0.25,0.41775,0.14115198
frozen,1,1,1,0.001,0.1,512,3,5,4,256,6000,8.0,2633729,0,0,9973,105,500007,4,0,6000,6,36.0,0.3,0.5013,0.16349727
frozen,1,1,1,0.001,0.1,512,3,5,4,256,6000,8.0,2633729,0,0,9973,105,500007,4,0,6000,7,42.0,0.35,0.58485,0.18654433
frozen,1,1,1,0.001,0.1,512,3,5,4,256,6000,8.0,2633729,0,0,9973,105,500007,4,0,6000,8,48.0,0.4,0.6684,0.20980756
frozen,1,1,1,0.001,0.1,512,3,5,4,256,6000,8.0,2633729,0,0,9973,105,500007,4,0,6000,9,54.0,0.45,0.75195,0.23410293
frozen,1,1,1,0.001,0.1,512,3,5,4,256,6000,8.0,2633729,0,0,9973,105,500007,4,0,6000,10,60.0,0.5,0.8355,0.25987965
frozen,1,1,1,0.001,0.1,512,3,5,4,256,6000,8.0,2633729,0,0,9973,105,500007,4,0,6000,11,66.0,0.55,0.91905,0.28573397
frozen,1,1,1,0.001,0.1,512,3,5,4,256,6000,8.0,2633729,0,0,9973,105,500007,4,0,6000,12,72.0,0.6,1.0026,0.31118929
frozen,1,1,1,0.001,0.1,512,3,5,4,256,6000,8.0,2633729,0,0,9973,105,500007,4,0,6000,13,78.0,0.65,1.08615,0.33642006
frozen,1,1,1,0.001,0.1,512,3,5,4,256,6000,8.0,2633729,0,0,9973,105,500007,4,0,6000,14,84.0,0.7,1.1697,0.36232689
frozen,1,1,1,0.001,0.1,512,3,5,4,256,6000,8.0,2633729,0,0,9973,105,500007,4,0,6000,15,90.0,0.75,1.25325,0.38883114
frozen,1,1,1,0.001,0.1,512,3,5,4,256,6000,8.0,2633729,0,0,9973,105,500007,4,0,6000,16,96.0,0.8,1.3368,0.41462353
frozen,1,1,1,0.001,0.1,512,3,5,4,256,6000,8.0,2633729,0,0,9973,105,500007,4,0,6000,17,102.0,0.85,1.42035,0.43880719
frozen,1,1,1,0.001,0.1,512,3,5,4,256,6000,8.0,2633729,0,0,9973,105,500007,4,0,6000,18,108.0,0.9,1.5039,0.46099102
frozen,1,1,1,0.001,0.1,512,3,5,4,256,6000,8.0,2633729,0,0,9973,105,500007,4,0,6000,19,114.0,0.95,1.58745,0.48174322
frozen,1,1,1,0.001,0.1,512,3,5,4,256,6000,8.0,2633729,0,0,9973,105,500007,4,0,6000,20,120.0,1.0,1.671,0.50192744
frozen,1,1,1,0.001,0.1,512,3,5,4,256,6000,8.0,2633729,0,0,9973,105,500007,4,0,6000,21,126.0,1.05,1.75455,0.52171314
frozen,1,1,1,0.001,0.1,512,3,5,4,256,6000,8.0,2633729,0,0,9973,105,500007,4,0,6000,22,132.0,1.1,1.8381,0.5405913
frozen,1,1,1,0.001,0.1,512,3,5,4,256,6000,8.0,2633729,0,0,9973,105,500007,4,0,6000,23,138.0,1.15,1.92165,0.55804694
frozen,1,1,1,0.001,0.1,512,3,5,4,256,6000,8.0,2633729,0,0,9973,105,500007,4,0,6000,24,144.0,1.2,2.0052,0.57497752
frozen,1,1,1,0.001,0.1,512,3,5,4,256,6000,8.0,2633729,0,0,9973,105,500007,4,0,6000,25,150.0,1.25,2.08875,0.59265846
frozen,1,1,1,0.001,0.1,512,3,5,4,256,6000,8.0,2633729,0,0,9973,105,500007,4,0,6000,26,156.0,1.3,2.1723,0.61027771
frozen,1,1,1,0.001,0.1,512,3,5,4,256,6000,8.0,2633729,0,0,9973,105,500007,4,0,6000,27,162.0,1.35,2.25585,0.62742805
frozen,1,1,1,0.001,0.1,512,3,5,4,256,6000,8.0,2633729,0,0,9973,105,500007,4,0,6000,28,168.0,1.4,2.3394,0.64405489
frozen,1,1,1,0.001,0.1,512,3,5,4,256,6000,8.0,2633729,0,0,9973,105,500007,4,0,6000,29,174.0,1.45,2.42295,0.65914071
frozen,1,1,1,0.001,0.1,512,3,5,4,256,6000,8.0,2633729,0,0,9973,105,500007,4,0,6000,30,180.0,1.5,2.5065,0.67272145
frozen,1,1,1,0.001,0.1,512,3,5,4,256,6000,8.0,2633729,0,0,9973,105,500007,4,0,6000,31,186.0,1.55,2.59005,0.68534642
frozen,1,1,1,0.001,0.1,512,3,5,4,256,6000,8.0,2633729,0,0,9973,105,500007,4,0,6000,32,192.0,1.6,2.6736,0.69691634
frozen,1,1,1,0.001,0.1,512,3,5,4,256,6000,8.0,2633729,0,0,9973,105,500007,4,0,6000,33,198.0,1.65,2.75715,0.70751083
frozen,1,1,1,0.001,0.1,512,3,5,4,256,6000,8.0,2633729,0,0,9973,105,500007,4,0,6000,34,204.0,1.7,2.8407,0.71752858
frozen,1,1,1,0.001,0.1,512,3,5,4,256,6000,8.0,2633729,0,0,9973,105,500007,4,0,6000,35,210.0,1.75,2.92425,0.72702402
frozen,1,1,1,0.001,0.1,512,3,5,4,256,6000,8.0,2633729,0,0,9973,105,500007,4,0,6000,36,216.0,1.8,3.0078,0.73648667
frozen,1,1,1,0.001,0.1,512,3,5,4,256,6000,8.0,2633729,0,0,9973,105,500007,4,0,6000,37,222.0,1.85,3.09135,0.74591064
frozen,1,1,1,0.001,0.1,512,3,5,4,256,6000,8.0,2633729,0,0,9973,105,500007,4,0,6000,38,228.0,1.9,3.1749,0.75493091
frozen,1,1,1,0.001,0.1,512,3,5,4,256,6000,8.0,2633729,0,0,9973,105,500007,4,0,6000,39,234.0,1.95,3.25845,0.7647351
frozen,1,1,1,0.001,0.1,512,3,5,4,256,6000,8.0,2633729,0,0,9973,105,500007,4,0,6000,40,240.0,2.0,3.342,0.77641386
frozen,1,1,1,0.001,0.1,512,3,5,4,256,6000,8.0,2633729,0,0,9973,105,500007,4,0,6000,41,246.0,2.05,3.42555,0.78883147
frozen,1,1,1,0.001,0.1,512,3,5,4,256,6000,8.0,2633729,0,0,9973,105,500007,4,0,6000,42,252.0,2.1,3.5091,0.8001467
frozen,1,1,1,0.001,0.1,512,3,5,4,256,6000,8.0,2633729,0,0,9973,105,500007,4,0,6000,43,258.0,2.15,3.59265,0.80936706
frozen,1,1,1,0.001,0.1,512,3,5,4,256,6000,8.0,2633729,0,0,9973,105,500007,4,0,6000,44,264.0,2.2,3.6762,0.81524789
frozen,1,1,1,0.001,0.1,512,3,5,4,256,6000,8.0,2633729,0,0,9973,105,500007,4,0,6000,45,270.0,2.25,3.75975,0.8170864
frozen,1,1,1,0.001,0.1,512,3,5,4,256,6000,8.0,2633729,0,0,9973,105,500007,4,0,6000,46,276.0,2.3,3.8433,0.81673342
frozen,1,1,1,0.001,0.1,512,3,5,4,256,6000,8.0,2633729,0,0,9973,105,500007,4,0,6000,47,282.0,2.35,3.92685,0.81845069
frozen,1,1,1,0.001,0.1,512,3,5,4,256,6000,8.0,2633729,0,0,9973,105,500007,4,0,6000,48,288.0,2.4,4.0104,0.82541907
frozen,1,1,1,0.001,0.1,512,3,5,4,256,6000,8.0,2633729,0,0,9973,105,500007,4,0,6000,49,294.0,2.45,4.09395,0.83678329
frozen,1,1,1,0.001,0.1,512,3,5,4,256,6000,8.0,2633729,0,0,9973,105,500007,4,0,6000,50,300.0,2.5,4.1775,0.8489089
frozen,1,1,1,0.001,0.1,512,3,5,4,256,6000,8.0,2633729,0,0,9973,105,500007,4,0,6000,51,306.0,2.55,4.26105,0.85768801
frozen,1,1,1,0.001,0.1,512,3,5,4,256,6000,8.0,2633729,0,0,9973,105,500007,4,0,6000,52,312.0,2.6,4.3446,0.86157954
frozen,1,1,1,0.001,0.1,512,3,5,4,256,6000,8.0,2633729,0,0,9973,105,500007,4,0,6000,53,318.0,2.65,4.42815,0.86270106
frozen,1,1,1,0.001,0.1,512,3,5,4,256,6000,8.0,2633729,0,0,9973,105,500007,4,0,6000,54,324.0,2.7,4.5117,0.86381418
frozen,1,1,1,0.001,0.1,512,3,5,4,256,6000,8.0,2633729,0,0,9973,105,500007,4,0,6000,55,330.0,2.75,4.59525,0.86534166
frozen,1,1,1,0.001,0.1,512,3,5,4,256,6000,8.0,2633729,0,0,9973,105,500007,4,0,6000,56,336.0,2.8,4.6788,0.86645317
frozen,1,1,1,0.001,0.1,512,3,5,4,256,6000,8.0,2633729,0,0,9973,105,500007,4,0,6000,57,342.0,2.85,4.76235,0.86707568
frozen,1,1,1,0.001,0.1,512,3,5,4,256,6000,8.0,2633729,0,0,9973,105,500007,4,0,6000,58,348.0,2.9,4.8459,0.8682037
frozen,1,1,1,0.001,0.1,512,3,5,4,256,6000,8.0,2633729,0,0,9973,105,500007,4,0,6000,59,354.0,2.95,4.92945,0.87100738
frozen,1,1,1,0.001,0.1,512,3,5,4,256,6000,8.0,2633729,0,0,9973,105,500007,4,0,6000,60,360.0,3.0,5.013,0.87559891
frozen,1,1,1,0.001,0.1,512,3,5,4,256,6000,8.0,2633729,0,0,9973,105,500007,4,0,6000,61,366.0,3.05,5.09655,0.88074851
frozen,1,1,1,0.001,0.1,512,3,5,4,256,6000,8.0,2633729,0,0,9973,105,500007,4,0,6000,62,372.0,3.1,5.1801,0.88452107
frozen,1,1,1,0.001,0.1,512,3,5,4,256,6000,8.0,2633729,0,0,9973,105,500007,4,0,6000,63,378.0,3.15,5.26365,0.88590753
frozen,1,1,1,0.001,0.1,512,3,5,4,256,6000,8.0,2633729,0,0,9973,105,500007,4,0,6000,64,384.0,3.2,5.3472,0.88576424
frozen,1,1,1,0.001,0.1,512,3,5,4,256,6000,8.0,2633729,0,0,9973,105,500007,4,0,6000,65,390.0,3.25,5.43075,0.88601488
frozen,1,1,1,0.001,0.1,512,3,5,4,256,6000,8.0,2633729,0,0,9973,105,500007,4,0,6000,66,396.0,3.3,5.5143,0.88774836
frozen,1,1,1,0.001,0.1,512,3,5,4,256,6000,8.0,2633729,0,0,9973,105,500007,4,0,6000,67,402.0,3.35,5.59785,0.89105737
frozen,1,1,1,0.001,0.1,512,3,5,4,256,6000,8.0,2633729,0,0,9973,105,500007,4,0,6000,68,408.0,3.4,5.6814,0.89598364
frozen,1,1,1,0.001,0.1,512,3,5,4,256,6000,8.0,2633729,0,0,9973,105,500007,4,0,6000,69,414.0,3.45,5.76495,0.90092361
frozen,1,1,1,0.001,0.1,512,3,5,4,256,6000,8.0,2633729,0,0,9973,105,500007,4,0,6000,70,420.0,3.5,5.8485,0.90384203
frozen,1,1,1,0.001,0.1,512,3,5,4,256,6000,8.0,2633729,0,0,9973,105,500007,4,0,6000,71,426.0,3.55,5.93205,0.90632552
frozen,1,1,1,0.001,0.1,512,3,5,4,256,6000,8.0,2633729,0,0,9973,105,500007,4,0,6000,72,432.0,3.6,6.0156,0.91088039
frozen,1,1,1,0.001,0.1,512,3,5,4,256,6000,8.0,2633729,0,0,9973,105,500007,4,0,6000,73,438.0,3.65,6.09915,0.91605371
frozen,1,1,1,0.001,0.1,512,3,5,4,256,6000,8.0,2633729,0,0,9973,105,500007,4,0,6000,74,444.0,3.7,6.1827,0.91891015
frozen,1,1,1,0.001,0.1,512,3,5,4,256,6000,8.0,2633729,0,0,9973,105,500007,4,0,6000,75,450.0,3.75,6.26625,0.91904861
frozen,1,1,1,0.001,0.1,512,3,5,4,256,6000,8.0,2633729,0,0,9973,105,500007,4,0,6000,76,456.0,3.8,6.3498,0.91798431
frozen,1,1,1,0.001,0.1,512,3,5,4,256,6000,8.0,2633729,0,0,9973,105,500007,4,0,6000,77,462.0,3.85,6.43335,0.91727394
frozen,1,1,1,0.001,0.1,512,3,5,4,256,6000,8.0,2633729,0,0,9973,105,500007,4,0,6000,78,468.0,3.9,6.5169,0.91771662
frozen,1,1,1,0.001,0.1,512,3,5,4,256,6000,8.0,2633729,0,0,9973,105,500007,4,0,6000,79,474.0,3.95,6.60045,0.91916138
frozen,1,1,1,0.001,0.1,512,3,5,4,256,6000,8.0,2633729,0,0,9973,105,500007,4,0,6000,80,480.0,4.0,6.684,0.92094743
frozen,1,1,1,0.001,0.1,512,3,5,4,256,6000,8.0,2633729,0,0,9973,105,500007,4,0,6000,81,486.0,4.05,6.76755,0.92226976
frozen,1,1,1,0.001,0.1,512,3,5,4,256,6000,8.0,2633729,0,0,9973,105,500007,4,0,6000,82,492.0,4.1,6.8511,0.92237538
frozen,1,1,1,0.001,0.1,512,3,5,4,256,6000,8.0,2633729,0,0,9973,105,500007,4,0,6000,83,498.0,4.15,6.93465,0.92081934
frozen,1,1,1,0.001,0.1,512,3,5,4,256,6000,8.0,2633729,0,0,9973,105,500007,4,0,6000,84,504.0,4.2,7.0182,0.91756946
frozen,1,1,1,0.001,0.1,512,3,5,4,256,6000,8.0,2633729,0,0,9973,105,500007,4,0,6000,85,510.0,4.25,7.10175,0.91410482
frozen,1,1,1,0.001,0.1,512,3,5,4,256,6000,8.0,2633729,0,0,9973,105,500007,4,0,6000,86,516.0,4.3,7.1853,0.9128871
frozen,1,1,1,0.001,0.1,512,3,5,4,256,6000,8.0,2633729,0,0,9973,105,500007,4,0,6000,87,522.0,4.35,7.26885,0.91461444
frozen,1,1,1,0.001,0.1,512,3,5,4,256,6000,8.0,2633729,0,0,9973,105,500007,4,0,6000,88,528.0,4.4,7.3524,0.91846633
frozen,1,1,1,0.001,0.1,512,3,5,4,256,6000,8.0,2633729,0,0,9973,105,500007,4,0,6000,89,534.0,4.45,7.43595,0.92276943
frozen,1,1,1,0.001,0.1,512,3,5,4,256,6000,8.0,2633729,0,0,9973,105,500007,4,0,6000,90,540.0,4.5,7.5195,0.92462003
frozen,1,1,1,0.001,0.1,512,3,5,4,256,6000,8.0,2633729,0,0,9973,105,500007,4,0,6000,91,546.0,4.55,7.60305,0.92254364
frozen,1,1,1,0.001,0.1,512,3,5,4,256,6000,8.0,2633729,0,0,9973,105,500007,4,0,6000,92,552.0,4.6,7.6866,0.91832632
frozen,1,1,1,0.001,0.1,512,3,5,4,256,6000,8.0,2633729,0,0,9973,105,500007,4,0,6000,93,558.0,4.65,7.77015,0.91533768
frozen,1,1,1,0.001,0.1,512,3,5,4,256,6000,8.0,2633729,0,0,9973,105,500007,4,0,6000,94,564.0,4.7,7.8537,0.91540438
frozen,1,1,1,0.001,0.1,512,3,5,4,256,6000,8.0,2633729,0,0,9973,105,500007,4,0,6000,95,570.0,4.75,7.93725,0.91786796
frozen,1,1,1,0.001,0.1,512,3,5,4,256,6000,8.0,2633729,0,0,9973,105,500007,4,0,6000,96,576.0,4.8,8.0208,0.92133546
frozen,1,1,1,0.001,0.1,512,3,5,4,256,6000,8.0,2633729,0,0,9973,105,500007,4,0,6000,97,582.0,4.85,8.10435,0.92512494
frozen,1,1,1,0.001,0.1,512,3,5,4,256,6000,8.0,2633729,0,0,9973,105,500007,4,0,6000,98,588.0,4.9,8.1879,0.92841154
frozen,1,1,1,0.001,0.1,512,3,5,4,256,6000,8.0,2633729,0,0,9973,105,500007,4,0,6000,99,594.0,4.95,8.27145,0.93019789
frozen,1,1,1,0.001,0.1,512,3,5,4,256,6000,8.0,2633729,0,0,9973,105,500007,4,0,6000,100,600.0,5.0,8.355,0.93073797
frozen,1,1,1,0.001,0.1,512,3,5,4,256,6000,8.0,2633729,0,0,9973,105,500007,4,0,6000,101,606.0,5.05,8.43855,0.93109196
frozen,1,1,1,0.001,0.1,512,3,5,4,256,6000,8.0,2633729,0,0,9973,105,500007,4,0,6000,102,612.0,5.1,8.5221,0.93204957
frozen,1,1,1,0.001,0.1,512,3,5,4,256,6000,8.0,2633729,0,0,9973,105,500007,4,0,6000,103,618.0,5.15,8.60565,0.93371987
frozen,1,1,1,0.001,0.1,512,3,5,4,256,6000,8.0,2633729,0,0,9973,105,500007,4,0,6000,104,624.0,5.2,8.6892,0.93599838
frozen,1,1,1,0.001,0.1,512,3,5,4,256,6000,8.0,2633729,0,0,9973,105,500007,4,0,6000,105,630.0,5.25,8.77275,0.93843693
frozen,1,1,1,0.001,0.1,512,3,5,4,256,6000,8.0,2633729,0,0,9973,105,500007,4,0,6000,106,636.0,5.3,8.8563,0.94034046
frozen,1,1,1,0.001,0.1,512,3,5,4,256,6000,8.0,2633729,0,0,9973,105,500007,4,0,6000,107,642.0,5.35,8.93985,0.94182402
frozen,1,1,1,0.001,0.1,512,3,5,4,256,6000,8.0,2633729,0,0,9973,105,500007,4,0,6000,108,648.0,5.4,9.0234,0.94248313
frozen,1,1,1,0.001,0.1,512,3,5,4,256,6000,8.0,2633729,0,0,9973,105,500007,4,0,6000,109,654.0,5.45,9.10695,0.94120479
frozen,1,1,1,0.001,0.1,512,3,5,4,256,6000,8.0,2633729,0,0,9973,105,500007,4,0,6000,110,660.0,5.5,9.1905,0.93904757
frozen,1,1,1,0.001,0.1,512,3,5,4,256,6000,8.0,2633729,0,0,9973,105,500007,4,0,6000,111,666.0,5.55,9.27405,0.93836057
frozen,1,1,1,0.001,0.1,512,3,5,4,256,6000,8.0,2633729,0,0,9973,105,500007,4,0,6000,112,672.0,5.6,9.3576,0.93952024
frozen,1,1,1,0.001,0.1,512,3,5,4,256,6000,8.0,2633729,0,0,9973,105,500007,4,0,6000,113,678.0,5.65,9.44115,0.94133705
frozen,1,1,1,0.001,0.1,512,3,5,4,256,6000,8.0,2633729,0,0,9973,105,500007,4,0,6000,114,684.0,5.7,9.5247,0.94346005
frozen,1,1,1,0.001,0.1,512,3,5,4,256,6000,8.0,2633729,0,0,9973,105,500007,4,0,6000,115,690.0,5.75,9.60825,0.94587195
frozen,1,1,1,0.001,0.1,512,3,5,4,256,6000,8.0,2633729,0,0,9973,105,500007,4,0,6000,116,696.0,5.8,9.6918,0.94830132
frozen,1,1,1,0.001,0.1,512,3,5,4,256,6000,8.0,2633729,0,0,9973,105,500007,4,0,6000,117,702.0,5.85,9.77535,0.95112479
frozen,1,1,1,0.001,0.1,512,3,5,4,256,6000,8.0,2633729,0,0,9973,105,500007,4,0,6000,118,708.0,5.9,9.8589,0.95420629
frozen,1,1,1,0.001,0.1,512,3,5,4,256,6000,8.0,2633729,0,0,9973,105,500007,4,0,6000,119,714.0,5.95,9.94245,0.95558834
frozen,1,1,1,0.001,0.1,512,3,5,4,256,6000,8.0,2633729,0,0,9973,105,500007,4,0,6000,120,720.0,6.0,10.026,0.95359904
frozen,1,1,1,0.001,0.1,512,3,5,4,256,6000,8.0,2633729,0,0,9973,106,500008,5,0,6000,1,6.0,0.05,0.08355,0.06740903
frozen,1,1,1,0.001,0.1,512,3,5,4,256,6000,8.0,2633729,0,0,9973,106,500008,5,0,6000,2,12.0,0.1,0.1671,0.08178312
frozen,1,1,1,0.001,0.1,512,3,5,4,256,6000,8.0,2633729,0,0,9973,106,500008,5,0,6000,3,18.0,0.15,0.25065,0.10019527
frozen,1,1,1,0.001,0.1,512,3,5,4,256,6000,8.0,2633729,0,0,9973,106,500008,5,0,6000,4,24.0,0.2,0.3342,0.12021206
frozen,1,1,1,0.001,0.1,512,3,5,4,256,6000,8.0,2633729,0,0,9973,106,500008,5,0,6000,5,30.0,0.25,0.41775,0.14115198
frozen,1,1,1,0.001,0.1,512,3,5,4,256,6000,8.0,2633729,0,0,9973,106,500008,5,0,6000,6,36.0,0.3,0.5013,0.16349727
frozen,1,1,1,0.001,0.1,512,3,5,4,256,6000,8.0,2633729,0,0,9973,106,500008,5,0,6000,7,42.0,0.35,0.58485,0.18654433
frozen,1,1,1,0.001,0.1,512,3,5,4,256,6000,8.0,2633729,0,0,9973,106,500008,5,0,6000,8,48.0,0.4,0.6684,0.20980756
frozen,1,1,1,0.001,0.1,512,3,5,4,256,6000,8.0,2633729,0,0,9973,106,500008,5,0,6000,9,54.0,0.45,0.75195,0.23410293
frozen,1,1,1,0.001,0.1,512,3,5,4,256,6000,8.0,2633729,0,0,9973,106,500008,5,0,6000,10,60.0,0.5,0.8355,0.25987965
frozen,1,1,1,0.001,0.1,512,3,5,4,256,6000,8.0,2633729,0,0,9973,106,500008,5,0,6000,11,66.0,0.55,0.91905,0.28573397
frozen,1,1,1,0.001,0.1,512,3,5,4,256,6000,8.0,2633729,0,0,9973,106,500008,5,0,6000,12,72.0,0.6,1.0026,0.31118929
frozen,1,1,1,0.001,0.1,512,3,5,4,256,6000,8.0,2633729,0,0,9973,106,500008,5,0,6000,13,78.0,0.65,1.08615,0.33642006
frozen,1,1,1,0.001,0.1,512,3,5,4,256,6000,8.0,2633729,0,0,9973,106,500008,5,0,6000,14,84.0,0.7,1.1697,0.36232689
frozen,1,1,1,0.001,0.1,512,3,5,4,256,6000,8.0,2633729,0,0,9973,106,500008,5,0,6000,15,90.0,0.75,1.25325,0.38883114
frozen,1,1,1,0.001,0.1,512,3,5,4,256,6000,8.0,2633729,0,0,9973,106,500008,5,0,6000,16,96.0,0.8,1.3368,0.41462353
frozen,1,1,1,0.001,0.1,512,3,5,4,256,6000,8.0,2633729,0,0,9973,106,500008,5,0,6000,17,102.0,0.85,1.42035,0.43880719
frozen,1,1,1,0.001,0.1,512,3,5,4,256,6000,8.0,2633729,0,0,9973,106,500008,5,0,6000,18,108.0,0.9,1.5039,0.46099102
frozen,1,1,1,0.001,0.1,512,3,5,4,256,6000,8.0,2633729,0,0,9973,106,500008,5,0,6000,19,114.0,0.95,1.58745,0.48174322
frozen,1,1,1,0.001,0.1,512,3,5,4,256,6000,8.0,2633729,0,0,9973,106,500008,5,0,6000,20,120.0,1.0,1.671,0.50192744
frozen,1,1,1,0.001,0.1,512,3,5,4,256,6000,8.0,2633729,0,0,9973,106,500008,5,0,6000,21,126.0,1.05,1.75455,0.52171314
frozen,1,1,1,0.001,0.1,512,3,5,4,256,6000,8.0,2633729,0,0,9973,106,500008,5,0,6000,22,132.0,1.1,1.8381,0.5405913
frozen,1,1,1,0.001,0.1,512,3,5,4,256,6000,8.0,2633729,0,0,9973,106,500008,5,0,6000,23,138.0,1.15,1.92165,0.55804694
frozen,1,1,1,0.001,0.1,512,3,5,4,256,6000,8.0,2633729,0,0,9973,106,500008,5,0,6000,24,144.0,1.2,2.0052,0.57497752
frozen,1,1,1,0.001,0.1,512,3,5,4,256,6000,8.0,2633729,0,0,9973,106,500008,5,0,6000,25,150.0,1.25,2.08875,0.59265846
frozen,1,1,1,0.001,0.1,512,3,5,4,256,6000,8.0,2633729,0,0,9973,106,500008,5,0,6000,26,156.0,1.3,2.1723,0.61027771
frozen,1,1,1,0.001,0.1,512,3,5,4,256,6000,8.0,2633729,0,0,9973,106,500008,5,0,6000,27,162.0,1.35,2.25585,0.62742805
frozen,1,1,1,0.001,0.1,512,3,5,4,256,6000,8.0,2633729,0,0,9973,106,500008,5,0,6000,28,168.0,1.4,2.3394,0.64405489
frozen,1,1,1,0.001,0.1,512,3,5,4,256,6000,8.0,2633729,0,0,9973,106,500008,5,0,6000,29,174.0,1.45,2.42295,0.65914071
frozen,1,1,1,0.001,0.1,512,3,5,4,256,6000,8.0,2633729,0,0,9973,106,500008,5,0,6000,30,180.0,1.5,2.5065,0.67272145
frozen,1,1,1,0.001,0.1,512,3,5,4,256,6000,8.0,2633729,0,0,9973,106,500008,5,0,6000,31,186.0,1.55,2.59005,0.68534642
frozen,1,1,1,0.001,0.1,512,3,5,4,256,6000,8.0,2633729,0,0,9973,106,500008,5,0,6000,32,192.0,1.6,2.6736,0.69691634
frozen,1,1,1,0.001,0.1,512,3,5,4,256,6000,8.0,2633729,0,0,9973,106,500008,5,0,6000,33,198.0,1.65,2.75715,0.70751083
frozen,1,1,1,0.001,0.1,512,3,5,4,256,6000,8.0,2633729,0,0,9973,106,500008,5,0,6000,34,204.0,1.7,2.8407,0.71752858
frozen,1,1,1,0.001,0.1,512,3,5,4,256,6000,8.0,2633729,0,0,9973,106,500008,5,0,6000,35,210.0,1.75,2.92425,0.72702402
frozen,1,1,1,0.001,0.1,512,3,5,4,256,6000,8.0,2633729,0,0,9973,106,500008,5,0,6000,36,216.0,1.8,3.0078,0.73648667
frozen,1,1,1,0.001,0.1,512,3,5,4,256,6000,8.0,2633729,0,0,9973,106,500008,5,0,6000,37,222.0,1.85,3.09135,0.74591064
frozen,1,1,1,0.001,0.1,512,3,5,4,256,6000,8.0,2633729,0,0,9973,106,500008,5,0,6000,38,228.0,1.9,3.1749,0.75493091
frozen,1,1,1,0.001,0.1,512,3,5,4,256,6000,8.0,2633729,0,0,9973,106,500008,5,0,6000,39,234.0,1.95,3.25845,0.7647351
frozen,1,1,1,0.001,0.1,512,3,5,4,256,6000,8.0,2633729,0,0,9973,106,500008,5,0,6000,40,240.0,2.0,3.342,0.77641386
frozen,1,1,1,0.001,0.1,512,3,5,4,256,6000,8.0,2633729,0,0,9973,106,500008,5,0,6000,41,246.0,2.05,3.42555,0.78883147
frozen,1,1,1,0.001,0.1,512,3,5,4,256,6000,8.0,2633729,0,0,9973,106,500008,5,0,6000,42,252.0,2.1,3.5091,0.8001467
frozen,1,1,1,0.001,0.1,512,3,5,4,256,6000,8.0,2633729,0,0,9973,106,500008,5,0,6000,43,258.0,2.15,3.59265,0.80936706
frozen,1,1,1,0.001,0.1,512,3,5,4,256,6000,8.0,2633729,0,0,9973,106,500008,5,0,6000,44,264.0,2.2,3.6762,0.81524789
frozen,1,1,1,0.001,0.1,512,3,5,4,256,6000,8.0,2633729,0,0,9973,106,500008,5,0,6000,45,270.0,2.25,3.75975,0.8170864
frozen,1,1,1,0.001,0.1,512,3,5,4,256,6000,8.0,2633729,0,0,9973,106,500008,5,0,6000,46,276.0,2.3,3.8433,0.81673342
frozen,1,1,1,0.001,0.1,512,3,5,4,256,6000,8.0,2633729,0,0,9973,106,500008,5,0,6000,47,282.0,2.35,3.92685,0.81845069
frozen,1,1,1,0.001,0.1,512,3,5,4,256,6000,8.0,2633729,0,0,9973,106,500008,5,0,6000,48,288.0,2.4,4.0104,0.82541907
frozen,1,1,1,0.001,0.1,512,3,5,4,256,6000,8.0,2633729,0,0,9973,106,500008,5,0,6000,49,294.0,2.45,4.09395,0.83678329
frozen,1,1,1,0.001,0.1,512,3,5,4,256,6000,8.0,2633729,0,0,9973,106,500008,5,0,6000,50,300.0,2.5,4.1775,0.8489089
frozen,1,1,1,0.001,0.1,512,3,5,4,256,6000,8.0,2633729,0,0,9973,106,500008,5,0,6000,51,306.0,2.55,4.26105,0.85768801
frozen,1,1,1,0.001,0.1,512,3,5,4,256,6000,8.0,2633729,0,0,9973,106,500008,5,0,6000,52,312.0,2.6,4.3446,0.86157954
frozen,1,1,1,0.001,0.1,512,3,5,4,256,6000,8.0,2633729,0,0,9973,106,500008,5,0,6000,53,318.0,2.65,4.42815,0.86270106
frozen,1,1,1,0.001,0.1,512,3,5,4,256,6000,8.0,2633729,0,0,9973,106,500008,5,0,6000,54,324.0,2.7,4.5117,0.86381418
frozen,1,1,1,0.001,0.1,512,3,5,4,256,6000,8.0,2633729,0,0,9973,106,500008,5,0,6000,55,330.0,2.75,4.59525,0.86534166
frozen,1,1,1,0.001,0.1,512,3,5,4,256,6000,8.0,2633729,0,0,9973,106,500008,5,0,6000,56,336.0,2.8,4.6788,0.86645317
frozen,1,1,1,0.001,0.1,512,3,5,4,256,6000,8.0,2633729,0,0,9973,106,500008,5,0,6000,57,342.0,2.85,4.76235,0.86707568
frozen,1,1,1,0.001,0.1,512,3,5,4,256,6000,8.0,2633729,0,0,9973,106,500008,5,0,6000,58,348.0,2.9,4.8459,0.8682037
frozen,1,1,1,0.001,0.1,512,3,5,4,256,6000,8.0,2633729,0,0,9973,106,500008,5,0,6000,59,354.0,2.95,4.92945,0.87100738
frozen,1,1,1,0.001,0.1,512,3,5,4,256,6000,8.0,2633729,0,0,9973,106,500008,5,0,6000,60,360.0,3.0,5.013,0.87559891
frozen,1,1,1,0.001,0.1,512,3,5,4,256,6000,8.0,2633729,0,0,9973,106,500008,5,0,6000,61,366.0,3.05,5.09655,0.88074851
frozen,1,1,1,0.001,0.1,512,3,5,4,256,6000,8.0,2633729,0,0,9973,106,500008,5,0,6000,62,372.0,3.1,5.1801,0.88452107
frozen,1,1,1,0.001,0.1,512,3,5,4,256,6000,8.0,2633729,0,0,9973,106,500008,5,0,6000,63,378.0,3.15,5.26365,0.88590753
frozen,1,1,1,0.001,0.1,512,3,5,4,256,6000,8.0,2633729,0,0,9973,106,500008,5,0,6000,64,384.0,3.2,5.3472,0.88576424
frozen,1,1,1,0.001,0.1,512,3,5,4,256,6000,8.0,2633729,0,0,9973,106,500008,5,0,6000,65,390.0,3.25,5.43075,0.88601488
frozen,1,1,1,0.001,0.1,512,3,5,4,256,6000,8.0,2633729,0,0,9973,106,500008,5,0,6000,66,396.0,3.3,5.5143,0.88774836
frozen,1,1,1,0.001,0.1,512,3,5,4,256,6000,8.0,2633729,0,0,9973,106,500008,5,0,6000,67,402.0,3.35,5.59785,0.89105737
frozen,1,1,1,0.001,0.1,512,3,5,4,256,6000,8.0,2633729,0,0,9973,106,500008,5,0,6000,68,408.0,3.4,5.6814,0.89598364
frozen,1,1,1,0.001,0.1,512,3,5,4,256,6000,8.0,2633729,0,0,9973,106,500008,5,0,6000,69,414.0,3.45,5.76495,0.90092361
frozen,1,1,1,0.001,0.1,512,3,5,4,256,6000,8.0,2633729,0,0,9973,106,500008,5,0,6000,70,420.0,3.5,5.8485,0.90384203
frozen,1,1,1,0.001,0.1,512,3,5,4,256,6000,8.0,2633729,0,0,9973,106,500008,5,0,6000,71,426.0,3.55,5.93205,0.90632552
frozen,1,1,1,0.001,0.1,512,3,5,4,256,6000,8.0,2633729,0,0,9973,106,500008,5,0,6000,72,432.0,3.6,6.0156,0.91088039
frozen,1,1,1,0.001,0.1,512,3,5,4,256,6000,8.0,2633729,0,0,9973,106,500008,5,0,6000,73,438.0,3.65,6.09915,0.91605371
frozen,1,1,1,0.001,0.1,512,3,5,4,256,6000,8.0,2633729,0,0,9973,106,500008,5,0,6000,74,444.0,3.7,6.1827,0.91891015
frozen,1,1,1,0.001,0.1,512,3,5,4,256,6000,8.0,2633729,0,0,9973,106,500008,5,0,6000,75,450.0,3.75,6.26625,0.91904861
frozen,1,1,1,0.001,0.1,512,3,5,4,256,6000,8.0,2633729,0,0,9973,106,500008,5,0,6000,76,456.0,3.8,6.3498,0.91798431
frozen,1,1,1,0.001,0.1,512,3,5,4,256,6000,8.0,2633729,0,0,9973,106,500008,5,0,6000,77,462.0,3.85,6.43335,0.91727394
frozen,1,1,1,0.001,0.1,512,3,5,4,256,6000,8.0,2633729,0,0,9973,106,500008,5,0,6000,78,468.0,3.9,6.5169,0.91771662
frozen,1,1,1,0.001,0.1,512,3,5,4,256,6000,8.0,2633729,0,0,9973,106,500008,5,0,6000,79,474.0,3.95,6.60045,0.91916138
frozen,1,1,1,0.001,0.1,512,3,5,4,256,6000,8.0,2633729,0,0,9973,106,500008,5,0,6000,80,480.0,4.0,6.684,0.92094743
frozen,1,1,1,0.001,0.1,512,3,5,4,256,6000,8.0,2633729,0,0,9973,106,500008,5,0,6000,81,486.0,4.05,6.76755,0.92226976
frozen,1,1,1,0.001,0.1,512,3,5,4,256,6000,8.0,2633729,0,0,9973,106,500008,5,0,6000,82,492.0,4.1,6.8511,0.92237538
frozen,1,1,1,0.001,0.1,512,3,5,4,256,6000,8.0,2633729,0,0,9973,106,500008,5,0,6000,83,498.0,4.15,6.93465,0.92081934
frozen,1,1,1,0.001,0.1,512,3,5,4,256,6000,8.0,2633729,0,0,9973,106,500008,5,0,6000,84,504.0,4.2,7.0182,0.91756946
frozen,1,1,1,0.001,0.1,512,3,5,4,256,6000,8.0,2633729,0,0,9973,106,500008,5,0,6000,85,510.0,4.25,7.10175,0.91410482
frozen,1,1,1,0.001,0.1,512,3,5,4,256,6000,8.0,2633729,0,0,9973,106,500008,5,0,6000,86,516.0,4.3,7.1853,0.9128871
frozen,1,1,1,0.001,0.1,512,3,5,4,256,6000,8.0,2633729,0,0,9973,106,500008,5,0,6000,87,522.0,4.35,7.26885,0.91461444
frozen,1,1,1,0.001,0.1,512,3,5,4,256,6000,8.0,2633729,0,0,9973,106,500008,5,0,6000,88,528.0,4.4,7.3524,0.91846633
frozen,1,1,1,0.001,0.1,512,3,5,4,256,6000,8.0,2633729,0,0,9973,106,500008,5,0,6000,89,534.0,4.45,7.43595,0.92276943
frozen,1,1,1,0.001,0.1,512,3,5,4,256,6000,8.0,2633729,0,0,9973,106,500008,5,0,6000,90,540.0,4.5,7.5195,0.92462003
frozen,1,1,1,0.001,0.1,512,3,5,4,256,6000,8.0,2633729,0,0,9973,106,500008,5,0,6000,91,546.0,4.55,7.60305,0.92254364
frozen,1,1,1,0.001,0.1,512,3,5,4,256,6000,8.0,2633729,0,0,9973,106,500008,5,0,6000,92,552.0,4.6,7.6866,0.91832632
frozen,1,1,1,0.001,0.1,512,3,5,4,256,6000,8.0,2633729,0,0,9973,106,500008,5,0,6000,93,558.0,4.65,7.77015,0.91533768
frozen,1,1,1,0.001,0.1,512,3,5,4,256,6000,8.0,2633729,0,0,9973,106,500008,5,0,6000,94,564.0,4.7,7.8537,0.91540438
frozen,1,1,1,0.001,0.1,512,3,5,4,256,6000,8.0,2633729,0,0,9973,106,500008,5,0,6000,95,570.0,4.75,7.93725,0.91786796
frozen,1,1,1,0.001,0.1,512,3,5,4,256,6000,8.0,2633729,0,0,9973,106,500008,5,0,6000,96,576.0,4.8,8.0208,0.92133546
frozen,1,1,1,0.001,0.1,512,3,5,4,256,6000,8.0,2633729,0,0,9973,106,500008,5,0,6000,97,582.0,4.85,8.10435,0.92512494
frozen,1,1,1,0.001,0.1,512,3,5,4,256,6000,8.0,2633729,0,0,9973,106,500008,5,0,6000,98,588.0,4.9,8.1879,0.92841154
frozen,1,1,1,0.001,0.1,512,3,5,4,256,6000,8.0,2633729,0,0,9973,106,500008,5,0,6000,99,594.0,4.95,8.27145,0.93019789
frozen,1,1,1,0.001,0.1,512,3,5,4,256,6000,8.0,2633729,0,0,9973,106,500008,5,0,6000,100,600.0,5.0,8.355,0.93073797
frozen,1,1,1,0.001,0.1,512,3,5,4,256,6000,8.0,2633729,0,0,9973,106,500008,5,0,6000,101,606.0,5.05,8.43855,0.93109196
frozen,1,1,1,0.001,0.1,512,3,5,4,256,6000,8.0,2633729,0,0,9973,106,500008,5,0,6000,102,612.0,5.1,8.5221,0.93204957
frozen,1,1,1,0.001,0.1,512,3,5,4,256,6000,8.0,2633729,0,0,9973,106,500008,5,0,6000,103,618.0,5.15,8.60565,0.93371987
frozen,1,1,1,0.001,0.1,512,3,5,4,256,6000,8.0,2633729,0,0,9973,106,500008,5,0,6000,104,624.0,5.2,8.6892,0.93599838
frozen,1,1,1,0.001,0.1,512,3,5,4,256,6000,8.0,2633729,0,0,9973,106,500008,5,0,6000,105,630.0,5.25,8.77275,0.93843693
frozen,1,1,1,0.001,0.1,512,3,5,4,256,6000,8.0,2633729,0,0,9973,106,500008,5,0,6000,106,636.0,5.3,8.8563,0.94034046
frozen,1,1,1,0.001,0.1,512,3,5,4,256,6000,8.0,2633729,0,0,9973,106,500008,5,0,6000,107,642.0,5.35,8.93985,0.94182402
frozen,1,1,1,0.001,0.1,512,3,5,4,256,6000,8.0,2633729,0,0,9973,106,500008,5,0,6000,108,648.0,5.4,9.0234,0.94248313
frozen,1,1,1,0.001,0.1,512,3,5,4,256,6000,8.0,2633729,0,0,9973,106,500008,5,0,6000,109,654.0,5.45,9.10695,0.94120479
frozen,1,1,1,0.001,0.1,512,3,5,4,256,6000,8.0,2633729,0,0,9973,106,500008,5,0,6000,110,660.0,5.5,9.1905,0.93904757
frozen,1,1,1,0.001,0.1,512,3,5,4,256,6000,8.0,2633729,0,0,9973,106,500008,5,0,6000,111,666.0,5.55,9.27405,0.93836057
frozen,1,1,1,0.001,0.1,512,3,5,4,256,6000,8.0,2633729,0,0,9973,106,500008,5,0,6000,112,672.0,5.6,9.3576,0.93952024
frozen,1,1,1,0.001,0.1,512,3,5,4,256,6000,8.0,2633729,0,0,9973,106,500008,5,0,6000,113,678.0,5.65,9.44115,0.94133705
frozen,1,1,1,0.001,0.1,512,3,5,4,256,6000,8.0,2633729,0,0,9973,106,500008,5,0,6000,114,684.0,5.7,9.5247,0.94346005
frozen,1,1,1,0.001,0.1,512,3,5,4,256,6000,8.0,2633729,0,0,9973,106,500008,5,0,6000,115,690.0,5.75,9.60825,0.94587195
frozen,1,1,1,0.001,0.1,512,3,5,4,256,6000,8.0,2633729,0,0,9973,106,500008,5,0,6000,116,696.0,5.8,9.6918,0.94830132
frozen,1,1,1,0.001,0.1,512,3,5,4,256,6000,8.0,2633729,0,0,9973,106,500008,5,0,6000,117,702.0,5.85,9.77535,0.95112479
frozen,1,1,1,0.001,0.1,512,3,5,4,256,6000,8.0,2633729,0,0,9973,106,500008,5,0,6000,118,708.0,5.9,9.8589,0.95420629
frozen,1,1,1,0.001,0.1,512,3,5,4,256,6000,8.0,2633729,0,0,9973,106,500008,5,0,6000,119,714.0,5.95,9.94245,0.95558834
frozen,1,1,1,0.001,0.1,512,3,5,4,256,6000,8.0,2633729,0,0,9973,106,500008,5,0,6000,120,720.0,6.0,10.026,0.95359904
frozen,1,1,1,0.001,0.1,512,3,5,4,256,6000,8.0,2633729,0,0,9973,107,500009,6,0,6000,1,6.0,0.05,0.08355,0.06740903
frozen,1,1,1,0.001,0.1,512,3,5,4,256,6000,8.0,2633729,0,0,9973,107,500009,6,0,6000,2,12.0,0.1,0.1671,0.08178312
frozen,1,1,1,0.001,0.1,512,3,5,4,256,6000,8.0,2633729,0,0,9973,107,500009,6,0,6000,3,18.0,0.15,0.25065,0.10019527
frozen,1,1,1,0.001,0.1,512,3,5,4,256,6000,8.0,2633729,0,0,9973,107,500009,6,0,6000,4,24.0,0.2,0.3342,0.12021206
frozen,1,1,1,0.001,0.1,512,3,5,4,256,6000,8.0,2633729,0,0,9973,107,500009,6,0,6000,5,30.0,0.25,0.41775,0.14115198
frozen,1,1,1,0.001,0.1,512,3,5,4,256,6000,8.0,2633729,0,0,9973,107,500009,6,0,6000,6,36.0,0.3,0.5013,0.16349727
frozen,1,1,1,0.001,0.1,512,3,5,4,256,6000,8.0,2633729,0,0,9973,107,500009,6,0,6000,7,42.0,0.35,0.58485,0.18654433
frozen,1,1,1,0.001,0.1,512,3,5,4,256,6000,8.0,2633729,0,0,9973,107,500009,6,0,6000,8,48.0,0.4,0.6684,0.20980756
frozen,1,1,1,0.001,0.1,512,3,5,4,256,6000,8.0,2633729,0,0,9973,107,500009,6,0,6000,9,54.0,0.45,0.75195,0.23410293
frozen,1,1,1,0.001,0.1,512,3,5,4,256,6000,8.0,2633729,0,0,9973,107,500009,6,0,6000,10,60.0,0.5,0.8355,0.25987965
frozen,1,1,1,0.001,0.1,512,3,5,4,256,6000,8.0,2633729,0,0,9973,107,500009,6,0,6000,11,66.0,0.55,0.91905,0.28573397
frozen,1,1,1,0.001,0.1,512,3,5,4,256,6000,8.0,2633729,0,0,9973,107,500009,6,0,6000,12,72.0,0.6,1.0026,0.31118929
frozen,1,1,1,0.001,0.1,512,3,5,4,256,6000,8.0,2633729,0,0,9973,107,500009,6,0,6000,13,78.0,0.65,1.08615,0.33642006
frozen,1,1,1,0.001,0.1,512,3,5,4,256,6000,8.0,2633729,0,0,9973,107,500009,6,0,6000,14,84.0,0.7,1.1697,0.36232689
frozen,1,1,1,0.001,0.1,512,3,5,4,256,6000,8.0,2633729,0,0,9973,107,500009,6,0,6000,15,90.0,0.75,1.25325,0.38883114
frozen,1,1,1,0.001,0.1,512,3,5,4,256,6000,8.0,2633729,0,0,9973,107,500009,6,0,6000,16,96.0,0.8,1.3368,0.41462353
frozen,1,1,1,0.001,0.1,512,3,5,4,256,6000,8.0,2633729,0,0,9973,107,500009,6,0,6000,17,102.0,0.85,1.42035,0.43880719
frozen,1,1,1,0.001,0.1,512,3,5,4,256,6000,8.0,2633729,0,0,9973,107,500009,6,0,6000,18,108.0,0.9,1.5039,0.46099102
frozen,1,1,1,0.001,0.1,512,3,5,4,256,6000,8.0,2633729,0,0,9973,107,500009,6,0,6000,19,114.0,0.95,1.58745,0.48174322
frozen,1,1,1,0.001,0.1,512,3,5,4,256,6000,8.0,2633729,0,0,9973,107,500009,6,0,6000,20,120.0,1.0,1.671,0.50192744
frozen,1,1,1,0.001,0.1,512,3,5,4,256,6000,8.0,2633729,0,0,9973,107,500009,6,0,6000,21,126.0,1.05,1.75455,0.52171314
frozen,1,1,1,0.001,0.1,512,3,5,4,256,6000,8.0,2633729,0,0,9973,107,500009,6,0,6000,22,132.0,1.1,1.8381,0.5405913
frozen,1,1,1,0.001,0.1,512,3,5,4,256,6000,8.0,2633729,0,0,9973,107,500009,6,0,6000,23,138.0,1.15,1.92165,0.55804694
frozen,1,1,1,0.001,0.1,512,3,5,4,256,6000,8.0,2633729,0,0,9973,107,500009,6,0,6000,24,144.0,1.2,2.0052,0.57497752
frozen,1,1,1,0.001,0.1,512,3,5,4,256,6000,8.0,2633729,0,0,9973,107,500009,6,0,6000,25,150.0,1.25,2.08875,0.59265846
frozen,1,1,1,0.001,0.1,512,3,5,4,256,6000,8.0,2633729,0,0,9973,107,500009,6,0,6000,26,156.0,1.3,2.1723,0.61027771
frozen,1,1,1,0.001,0.1,512,3,5,4,256,6000,8.0,2633729,0,0,9973,107,500009,6,0,6000,27,162.0,1.35,2.25585,0.62742805
frozen,1,1,1,0.001,0.1,512,3,5,4,256,6000,8.0,2633729,0,0,9973,107,500009,6,0,6000,28,168.0,1.4,2.3394,0.64405489
frozen,1,1,1,0.001,0.1,512,3,5,4,256,6000,8.0,2633729,0,0,9973,107,500009,6,0,6000,29,174.0,1.45,2.42295,0.65914071
frozen,1,1,1,0.001,0.1,512,3,5,4,256,6000,8.0,2633729,0,0,9973,107,500009,6,0,6000,30,180.0,1.5,2.5065,0.67272145
frozen,1,1,1,0.001,0.1,512,3,5,4,256,6000,8.0,2633729,0,0,9973,107,500009,6,0,6000,31,186.0,1.55,2.59005,0.68534642
frozen,1,1,1,0.001,0.1,512,3,5,4,256,6000,8.0,2633729,0,0,9973,107,500009,6,0,6000,32,192.0,1.6,2.6736,0.69691634
frozen,1,1,1,0.001,0.1,512,3,5,4,256,6000,8.0,2633729,0,0,9973,107,500009,6,0,6000,33,198.0,1.65,2.75715,0.70751083
frozen,1,1,1,0.001,0.1,512,3,5,4,256,6000,8.0,2633729,0,0,9973,107,500009,6,0,6000,34,204.0,1.7,2.8407,0.71752858
frozen,1,1,1,0.001,0.1,512,3,5,4,256,6000,8.0,2633729,0,0,9973,107,500009,6,0,6000,35,210.0,1.75,2.92425,0.72702402
frozen,1,1,1,0.001,0.1,512,3,5,4,256,6000,8.0,2633729,0,0,9973,107,500009,6,0,6000,36,216.0,1.8,3.0078,0.73648667
frozen,1,1,1,0.001,0.1,512,3,5,4,256,6000,8.0,2633729,0,0,9973,107,500009,6,0,6000,37,222.0,1.85,3.09135,0.74591064
frozen,1,1,1,0.001,0.1,512,3,5,4,256,6000,8.0,2633729,0,0,9973,107,500009,6,0,6000,38,228.0,1.9,3.1749,0.75493091
frozen,1,1,1,0.001,0.1,512,3,5,4,256,6000,8.0,2633729,0,0,9973,107,500009,6,0,6000,39,234.0,1.95,3.25845,0.7647351
frozen,1,1,1,0.001,0.1,512,3,5,4,256,6000,8.0,2633729,0,0,9973,107,500009,6,0,6000,40,240.0,2.0,3.342,0.77641386
frozen,1,1,1,0.001,0.1,512,3,5,4,256,6000,8.0,2633729,0,0,9973,107,500009,6,0,6000,41,246.0,2.05,3.42555,0.78883147
frozen,1,1,1,0.001,0.1,512,3,5,4,256,6000,8.0,2633729,0,0,9973,107,500009,6,0,6000,42,252.0,2.1,3.5091,0.8001467
frozen,1,1,1,0.001,0.1,512,3,5,4,256,6000,8.0,2633729,0,0,9973,107,500009,6,0,6000,43,258.0,2.15,3.59265,0.80936706
frozen,1,1,1,0.001,0.1,512,3,5,4,256,6000,8.0,2633729,0,0,9973,107,500009,6,0,6000,44,264.0,2.2,3.6762,0.81524789
frozen,1,1,1,0.001,0.1,512,3,5,4,256,6000,8.0,2633729,0,0,9973,107,500009,6,0,6000,45,270.0,2.25,3.75975,0.8170864
frozen,1,1,1,0.001,0.1,512,3,5,4,256,6000,8.0,2633729,0,0,9973,107,500009,6,0,6000,46,276.0,2.3,3.8433,0.81673342
frozen,1,1,1,0.001,0.1,512,3,5,4,256,6000,8.0,2633729,0,0,9973,107,500009,6,0,6000,47,282.0,2.35,3.92685,0.81845069
frozen,1,1,1,0.001,0.1,512,3,5,4,256,6000,8.0,2633729,0,0,9973,107,500009,6,0,6000,48,288.0,2.4,4.0104,0.82541907
frozen,1,1,1,0.001,0.1,512,3,5,4,256,6000,8.0,2633729,0,0,9973,107,500009,6,0,6000,49,294.0,2.45,4.09395,0.83678329
frozen,1,1,1,0.001,0.1,512,3,5,4,256,6000,8.0,2633729,0,0,9973,107,500009,6,0,6000,50,300.0,2.5,4.1775,0.8489089
frozen,1,1,1,0.001,0.1,512,3,5,4,256,6000,8.0,2633729,0,0,9973,107,500009,6,0,6000,51,306.0,2.55,4.26105,0.85768801
frozen,1,1,1,0.001,0.1,512,3,5,4,256,6000,8.0,2633729,0,0,9973,107,500009,6,0,6000,52,312.0,2.6,4.3446,0.86157954
frozen,1,1,1,0.001,0.1,512,3,5,4,256,6000,8.0,2633729,0,0,9973,107,500009,6,0,6000,53,318.0,2.65,4.42815,0.86270106
frozen,1,1,1,0.001,0.1,512,3,5,4,256,6000,8.0,2633729,0,0,9973,107,500009,6,0,6000,54,324.0,2.7,4.5117,0.86381418
frozen,1,1,1,0.001,0.1,512,3,5,4,256,6000,8.0,2633729,0,0,9973,107,500009,6,0,6000,55,330.0,2.75,4.59525,0.86534166
frozen,1,1,1,0.001,0.1,512,3,5,4,256,6000,8.0,2633729,0,0,9973,107,500009,6,0,6000,56,336.0,2.8,4.6788,0.86645317
frozen,1,1,1,0.001,0.1,512,3,5,4,256,6000,8.0,2633729,0,0,9973,107,500009,6,0,6000,57,342.0,2.85,4.76235,0.86707568
frozen,1,1,1,0.001,0.1,512,3,5,4,256,6000,8.0,2633729,0,0,9973,107,500009,6,0,6000,58,348.0,2.9,4.8459,0.8682037
frozen,1,1,1,0.001,0.1,512,3,5,4,256,6000,8.0,2633729,0,0,9973,107,500009,6,0,6000,59,354.0,2.95,4.92945,0.87100738
frozen,1,1,1,0.001,0.1,512,3,5,4,256,6000,8.0,2633729,0,0,9973,107,500009,6,0,6000,60,360.0,3.0,5.013,0.87559891
frozen,1,1,1,0.001,0.1,512,3,5,4,256,6000,8.0,2633729,0,0,9973,107,500009,6,0,6000,61,366.0,3.05,5.09655,0.88074851
frozen,1,1,1,0.001,0.1,512,3,5,4,256,6000,8.0,2633729,0,0,9973,107,500009,6,0,6000,62,372.0,3.1,5.1801,0.88452107
frozen,1,1,1,0.001,0.1,512,3,5,4,256,6000,8.0,2633729,0,0,9973,107,500009,6,0,6000,63,378.0,3.15,5.26365,0.88590753
frozen,1,1,1,0.001,0.1,512,3,5,4,256,6000,8.0,2633729,0,0,9973,107,500009,6,0,6000,64,384.0,3.2,5.3472,0.88576424
frozen,1,1,1,0.001,0.1,512,3,5,4,256,6000,8.0,2633729,0,0,9973,107,500009,6,0,6000,65,390.0,3.25,5.43075,0.88601488
frozen,1,1,1,0.001,0.1,512,3,5,4,256,6000,8.0,2633729,0,0,9973,107,500009,6,0,6000,66,396.0,3.3,5.5143,0.88774836
frozen,1,1,1,0.001,0.1,512,3,5,4,256,6000,8.0,2633729,0,0,9973,107,500009,6,0,6000,67,402.0,3.35,5.59785,0.89105737
frozen,1,1,1,0.001,0.1,512,3,5,4,256,6000,8.0,2633729,0,0,9973,107,500009,6,0,6000,68,408.0,3.4,5.6814,0.89598364
frozen,1,1,1,0.001,0.1,512,3,5,4,256,6000,8.0,2633729,0,0,9973,107,500009,6,0,6000,69,414.0,3.45,5.76495,0.90092361
frozen,1,1,1,0.001,0.1,512,3,5,4,256,6000,8.0,2633729,0,0,9973,107,500009,6,0,6000,70,420.0,3.5,5.8485,0.90384203
frozen,1,1,1,0.001,0.1,512,3,5,4,256,6000,8.0,2633729,0,0,9973,107,500009,6,0,6000,71,426.0,3.55,5.93205,0.90632552
frozen,1,1,1,0.001,0.1,512,3,5,4,256,6000,8.0,2633729,0,0,9973,107,500009,6,0,6000,72,432.0,3.6,6.0156,0.91088039
frozen,1,1,1,0.001,0.1,512,3,5,4,256,6000,8.0,2633729,0,0,9973,107,500009,6,0,6000,73,438.0,3.65,6.09915,0.91605371
frozen,1,1,1,0.001,0.1,512,3,5,4,256,6000,8.0,2633729,0,0,9973,107,500009,6,0,6000,74,444.0,3.7,6.1827,0.91891015
frozen,1,1,1,0.001,0.1,512,3,5,4,256,6000,8.0,2633729,0,0,9973,107,500009,6,0,6000,75,450.0,3.75,6.26625,0.91904861
frozen,1,1,1,0.001,0.1,512,3,5,4,256,6000,8.0,2633729,0,0,9973,107,500009,6,0,6000,76,456.0,3.8,6.3498,0.91798431
frozen,1,1,1,0.001,0.1,512,3,5,4,256,6000,8.0,2633729,0,0,9973,107,500009,6,0,6000,77,462.0,3.85,6.43335,0.91727394
frozen,1,1,1,0.001,0.1,512,3,5,4,256,6000,8.0,2633729,0,0,9973,107,500009,6,0,6000,78,468.0,3.9,6.5169,0.91771662
frozen,1,1,1,0.001,0.1,512,3,5,4,256,6000,8.0,2633729,0,0,9973,107,500009,6,0,6000,79,474.0,3.95,6.60045,0.91916138
frozen,1,1,1,0.001,0.1,512,3,5,4,256,6000,8.0,2633729,0,0,9973,107,500009,6,0,6000,80,480.0,4.0,6.684,0.92094743
frozen,1,1,1,0.001,0.1,512,3,5,4,256,6000,8.0,2633729,0,0,9973,107,500009,6,0,6000,81,486.0,4.05,6.76755,0.92226976
frozen,1,1,1,0.001,0.1,512,3,5,4,256,6000,8.0,2633729,0,0,9973,107,500009,6,0,6000,82,492.0,4.1,6.8511,0.92237538
frozen,1,1,1,0.001,0.1,512,3,5,4,256,6000,8.0,2633729,0,0,9973,107,500009,6,0,6000,83,498.0,4.15,6.93465,0.92081934
frozen,1,1,1,0.001,0.1,512,3,5,4,256,6000,8.0,2633729,0,0,9973,107,500009,6,0,6000,84,504.0,4.2,7.0182,0.91756946
frozen,1,1,1,0.001,0.1,512,3,5,4,256,6000,8.0,2633729,0,0,9973,107,500009,6,0,6000,85,510.0,4.25,7.10175,0.91410482
frozen,1,1,1,0.001,0.1,512,3,5,4,256,6000,8.0,2633729,0,0,9973,107,500009,6,0,6000,86,516.0,4.3,7.1853,0.9128871
frozen,1,1,1,0.001,0.1,512,3,5,4,256,6000,8.0,2633729,0,0,9973,107,500009,6,0,6000,87,522.0,4.35,7.26885,0.91461444
frozen,1,1,1,0.001,0.1,512,3,5,4,256,6000,8.0,2633729,0,0,9973,107,500009,6,0,6000,88,528.0,4.4,7.3524,0.91846633
frozen,1,1,1,0.001,0.1,512,3,5,4,256,6000,8.0,2633729,0,0,9973,107,500009,6,0,6000,89,534.0,4.45,7.43595,0.92276943
frozen,1,1,1,0.001,0.1,512,3,5,4,256,6000,8.0,2633729,0,0,9973,107,500009,6,0,6000,90,540.0,4.5,7.5195,0.92462003
frozen,1,1,1,0.001,0.1,512,3,5,4,256,6000,8.0,2633729,0,0,9973,107,500009,6,0,6000,91,546.0,4.55,7.60305,0.92254364
frozen,1,1,1,0.001,0.1,512,3,5,4,256,6000,8.0,2633729,0,0,9973,107,500009,6,0,6000,92,552.0,4.6,7.6866,0.91832632
frozen,1,1,1,0.001,0.1,512,3,5,4,256,6000,8.0,2633729,0,0,9973,107,500009,6,0,6000,93,558.0,4.65,7.77015,0.91533768
frozen,1,1,1,0.001,0.1,512,3,5,4,256,6000,8.0,2633729,0,0,9973,107,500009,6,0,6000,94,564.0,4.7,7.8537,0.91540438
frozen,1,1,1,0.001,0.1,512,3,5,4,256,6000,8.0,2633729,0,0,9973,107,500009,6,0,6000,95,570.0,4.75,7.93725,0.91786796
frozen,1,1,1,0.001,0.1,512,3,5,4,256,6000,8.0,2633729,0,0,9973,107,500009,6,0,6000,96,576.0,4.8,8.0208,0.92133546
frozen,1,1,1,0.001,0.1,512,3,5,4,256,6000,8.0,2633729,0,0,9973,107,500009,6,0,6000,97,582.0,4.85,8.10435,0.92512494
frozen,1,1,1,0.001,0.1,512,3,5,4,256,6000,8.0,2633729,0,0,9973,107,500009,6,0,6000,98,588.0,4.9,8.1879,0.92841154
frozen,1,1,1,0.001,0.1,512,3,5,4,256,6000,8.0,2633729,0,0,9973,107,500009,6,0,6000,99,594.0,4.95,8.27145,0.93019789
frozen,1,1,1,0.001,0.1,512,3,5,4,256,6000,8.0,2633729,0,0,9973,107,500009,6,0,6000,100,600.0,5.0,8.355,0.93073797
frozen,1,1,1,0.001,0.1,512,3,5,4,256,6000,8.0,2633729,0,0,9973,107,500009,6,0,6000,101,606.0,5.05,8.43855,0.93109196
frozen,1,1,1,0.001,0.1,512,3,5,4,256,6000,8.0,2633729,0,0,9973,107,500009,6,0,6000,102,612.0,5.1,8.5221,0.93204957
frozen,1,1,1,0.001,0.1,512,3,5,4,256,6000,8.0,2633729,0,0,9973,107,500009,6,0,6000,103,618.0,5.15,8.60565,0.93371987
frozen,1,1,1,0.001,0.1,512,3,5,4,256,6000,8.0,2633729,0,0,9973,107,500009,6,0,6000,104,624.0,5.2,8.6892,0.93599838
frozen,1,1,1,0.001,0.1,512,3,5,4,256,6000,8.0,2633729,0,0,9973,107,500009,6,0,6000,105,630.0,5.25,8.77275,0.93843693
frozen,1,1,1,0.001,0.1,512,3,5,4,256,6000,8.0,2633729,0,0,9973,107,500009,6,0,6000,106,636.0,5.3,8.8563,0.94034046
frozen,1,1,1,0.001,0.1,512,3,5,4,256,6000,8.0,2633729,0,0,9973,107,500009,6,0,6000,107,642.0,5.35,8.93985,0.94182402
frozen,1,1,1,0.001,0.1,512,3,5,4,256,6000,8.0,2633729,0,0,9973,107,500009,6,0,6000,108,648.0,5.4,9.0234,0.94248313
frozen,1,1,1,0.001,0.1,512,3,5,4,256,6000,8.0,2633729,0,0,9973,107,500009,6,0,6000,109,654.0,5.45,9.10695,0.94120479
frozen,1,1,1,0.001,0.1,512,3,5,4,256,6000,8.0,2633729,0,0,9973,107,500009,6,0,6000,110,660.0,5.5,9.1905,0.93904757
frozen,1,1,1,0.001,0.1,512,3,5,4,256,6000,8.0,2633729,0,0,9973,107,500009,6,0,6000,111,666.0,5.55,9.27405,0.93836057
frozen,1,1,1,0.001,0.1,512,3,5,4,256,6000,8.0,2633729,0,0,9973,107,500009,6,0,6000,112,672.0,5.6,9.3576,0.93952024
frozen,1,1,1,0.001,0.1,512,3,5,4,256,6000,8.0,2633729,0,0,9973,107,500009,6,0,6000,113,678.0,5.65,9.44115,0.94133705
frozen,1,1,1,0.001,0.1,512,3,5,4,256,6000,8.0,2633729,0,0,9973,107,500009,6,0,6000,114,684.0,5.7,9.5247,0.94346005
frozen,1,1,1,0.001,0.1,512,3,5,4,256,6000,8.0,2633729,0,0,9973,107,500009,6,0,6000,115,690.0,5.75,9.60825,0.94587195
frozen,1,1,1,0.001,0.1,512,3,5,4,256,6000,8.0,2633729,0,0,9973,107,500009,6,0,6000,116,696.0,5.8,9.6918,0.94830132
frozen,1,1,1,0.001,0.1,512,3,5,4,256,6000,8.0,2633729,0,0,9973,107,500009,6,0,6000,117,702.0,5.85,9.77535,0.95112479
frozen,1,1,1,0.001,0.1,512,3,5,4,256,6000,8.0,2633729,0,0,9973,107,500009,6,0,6000,118,708.0,5.9,9.8589,0.95420629
frozen,1,1,1,0.001,0.1,512,3,5,4,256,6000,8.0,2633729,0,0,9973,107,500009,6,0,6000,119,714.0,5.95,9.94245,0.95558834
frozen,1,1,1,0.001,0.1,512,3,5,4,256,6000,8.0,2633729,0,0,9973,107,500009,6,0,6000,120,720.0,6.0,10.026,0.95359904
frozen,1,1,1,0.001,0.1,512,3,5,4,256,6000,8.0,2633729,0,0,9973,108,500010,7,0,6000,1,6.0,0.05,0.08355,0.06740903
frozen,1,1,1,0.001,0.1,512,3,5,4,256,6000,8.0,2633729,0,0,9973,108,500010,7,0,6000,2,12.0,0.1,0.1671,0.08178312
frozen,1,1,1,0.001,0.1,512,3,5,4,256,6000,8.0,2633729,0,0,9973,108,500010,7,0,6000,3,18.0,0.15,0.25065,0.10019527
frozen,1,1,1,0.001,0.1,512,3,5,4,256,6000,8.0,2633729,0,0,9973,108,500010,7,0,6000,4,24.0,0.2,0.3342,0.12021206
frozen,1,1,1,0.001,0.1,512,3,5,4,256,6000,8.0,2633729,0,0,9973,108,500010,7,0,6000,5,30.0,0.25,0.41775,0.14115198
frozen,1,1,1,0.001,0.1,512,3,5,4,256,6000,8.0,2633729,0,0,9973,108,500010,7,0,6000,6,36.0,0.3,0.5013,0.16349727
frozen,1,1,1,0.001,0.1,512,3,5,4,256,6000,8.0,2633729,0,0,9973,108,500010,7,0,6000,7,42.0,0.35,0.58485,0.18654433
frozen,1,1,1,0.001,0.1,512,3,5,4,256,6000,8.0,2633729,0,0,9973,108,500010,7,0,6000,8,48.0,0.4,0.6684,0.20980756
frozen,1,1,1,0.001,0.1,512,3,5,4,256,6000,8.0,2633729,0,0,9973,108,500010,7,0,6000,9,54.0,0.45,0.75195,0.23410293
frozen,1,1,1,0.001,0.1,512,3,5,4,256,6000,8.0,2633729,0,0,9973,108,500010,7,0,6000,10,60.0,0.5,0.8355,0.25987965
frozen,1,1,1,0.001,0.1,512,3,5,4,256,6000,8.0,2633729,0,0,9973,108,500010,7,0,6000,11,66.0,0.55,0.91905,0.28573397
frozen,1,1,1,0.001,0.1,512,3,5,4,256,6000,8.0,2633729,0,0,9973,108,500010,7,0,6000,12,72.0,0.6,1.0026,0.31118929
frozen,1,1,1,0.001,0.1,512,3,5,4,256,6000,8.0,2633729,0,0,9973,108,500010,7,0,6000,13,78.0,0.65,1.08615,0.33642006
frozen,1,1,1,0.001,0.1,512,3,5,4,256,6000,8.0,2633729,0,0,9973,108,500010,7,0,6000,14,84.0,0.7,1.1697,0.36232689
frozen,1,1,1,0.001,0.1,512,3,5,4,256,6000,8.0,2633729,0,0,9973,108,500010,7,0,6000,15,90.0,0.75,1.25325,0.38883114
frozen,1,1,1,0.001,0.1,512,3,5,4,256,6000,8.0,2633729,0,0,9973,108,500010,7,0,6000,16,96.0,0.8,1.3368,0.41462353
frozen,1,1,1,0.001,0.1,512,3,5,4,256,6000,8.0,2633729,0,0,9973,108,500010,7,0,6000,17,102.0,0.85,1.42035,0.43880719
frozen,1,1,1,0.001,0.1,512,3,5,4,256,6000,8.0,2633729,0,0,9973,108,500010,7,0,6000,18,108.0,0.9,1.5039,0.46099102
frozen,1,1,1,0.001,0.1,512,3,5,4,256,6000,8.0,2633729,0,0,9973,108,500010,7,0,6000,19,114.0,0.95,1.58745,0.48174322
frozen,1,1,1,0.001,0.1,512,3,5,4,256,6000,8.0,2633729,0,0,9973,108,500010,7,0,6000,20,120.0,1.0,1.671,0.50192744
frozen,1,1,1,0.001,0.1,512,3,5,4,256,6000,8.0,2633729,0,0,9973,108,500010,7,0,6000,21,126.0,1.05,1.75455,0.52171314
frozen,1,1,1,0.001,0.1,512,3,5,4,256,6000,8.0,2633729,0,0,9973,108,500010,7,0,6000,22,132.0,1.1,1.8381,0.5405913
frozen,1,1,1,0.001,0.1,512,3,5,4,256,6000,8.0,2633729,0,0,9973,108,500010,7,0,6000,23,138.0,1.15,1.92165,0.55804694
frozen,1,1,1,0.001,0.1,512,3,5,4,256,6000,8.0,2633729,0,0,9973,108,500010,7,0,6000,24,144.0,1.2,2.0052,0.57497752
frozen,1,1,1,0.001,0.1,512,3,5,4,256,6000,8.0,2633729,0,0,9973,108,500010,7,0,6000,25,150.0,1.25,2.08875,0.59265846
frozen,1,1,1,0.001,0.1,512,3,5,4,256,6000,8.0,2633729,0,0,9973,108,500010,7,0,6000,26,156.0,1.3,2.1723,0.61027771
frozen,1,1,1,0.001,0.1,512,3,5,4,256,6000,8.0,2633729,0,0,9973,108,500010,7,0,6000,27,162.0,1.35,2.25585,0.62742805
frozen,1,1,1,0.001,0.1,512,3,5,4,256,6000,8.0,2633729,0,0,9973,108,500010,7,0,6000,28,168.0,1.4,2.3394,0.64405489
frozen,1,1,1,0.001,0.1,512,3,5,4,256,6000,8.0,2633729,0,0,9973,108,500010,7,0,6000,29,174.0,1.45,2.42295,0.65914071
frozen,1,1,1,0.001,0.1,512,3,5,4,256,6000,8.0,2633729,0,0,9973,108,500010,7,0,6000,30,180.0,1.5,2.5065,0.67272145
frozen,1,1,1,0.001,0.1,512,3,5,4,256,6000,8.0,2633729,0,0,9973,108,500010,7,0,6000,31,186.0,1.55,2.59005,0.68534642
frozen,1,1,1,0.001,0.1,512,3,5,4,256,6000,8.0,2633729,0,0,9973,108,500010,7,0,6000,32,192.0,1.6,2.6736,0.69691634
frozen,1,1,1,0.001,0.1,512,3,5,4,256,6000,8.0,2633729,0,0,9973,108,500010,7,0,6000,33,198.0,1.65,2.75715,0.70751083
frozen,1,1,1,0.001,0.1,512,3,5,4,256,6000,8.0,2633729,0,0,9973,108,500010,7,0,6000,34,204.0,1.7,2.8407,0.71752858
frozen,1,1,1,0.001,0.1,512,3,5,4,256,6000,8.0,2633729,0,0,9973,108,500010,7,0,6000,35,210.0,1.75,2.92425,0.72702402
frozen,1,1,1,0.001,0.1,512,3,5,4,256,6000,8.0,2633729,0,0,9973,108,500010,7,0,6000,36,216.0,1.8,3.0078,0.73648667
frozen,1,1,1,0.001,0.1,512,3,5,4,256,6000,8.0,2633729,0,0,9973,108,500010,7,0,6000,37,222.0,1.85,3.09135,0.74591064
frozen,1,1,1,0.001,0.1,512,3,5,4,256,6000,8.0,2633729,0,0,9973,108,500010,7,0,6000,38,228.0,1.9,3.1749,0.75493091
frozen,1,1,1,0.001,0.1,512,3,5,4,256,6000,8.0,2633729,0,0,9973,108,500010,7,0,6000,39,234.0,1.95,3.25845,0.7647351
frozen,1,1,1,0.001,0.1,512,3,5,4,256,6000,8.0,2633729,0,0,9973,108,500010,7,0,6000,40,240.0,2.0,3.342,0.77641386
frozen,1,1,1,0.001,0.1,512,3,5,4,256,6000,8.0,2633729,0,0,9973,108,500010,7,0,6000,41,246.0,2.05,3.42555,0.78883147
frozen,1,1,1,0.001,0.1,512,3,5,4,256,6000,8.0,2633729,0,0,9973,108,500010,7,0,6000,42,252.0,2.1,3.5091,0.8001467
frozen,1,1,1,0.001,0.1,512,3,5,4,256,6000,8.0,2633729,0,0,9973,108,500010,7,0,6000,43,258.0,2.15,3.59265,0.80936706
frozen,1,1,1,0.001,0.1,512,3,5,4,256,6000,8.0,2633729,0,0,9973,108,500010,7,0,6000,44,264.0,2.2,3.6762,0.81524789
frozen,1,1,1,0.001,0.1,512,3,5,4,256,6000,8.0,2633729,0,0,9973,108,500010,7,0,6000,45,270.0,2.25,3.75975,0.8170864
frozen,1,1,1,0.001,0.1,512,3,5,4,256,6000,8.0,2633729,0,0,9973,108,500010,7,0,6000,46,276.0,2.3,3.8433,0.81673342
frozen,1,1,1,0.001,0.1,512,3,5,4,256,6000,8.0,2633729,0,0,9973,108,500010,7,0,6000,47,282.0,2.35,3.92685,0.81845069
frozen,1,1,1,0.001,0.1,512,3,5,4,256,6000,8.0,2633729,0,0,9973,108,500010,7,0,6000,48,288.0,2.4,4.0104,0.82541907
frozen,1,1,1,0.001,0.1,512,3,5,4,256,6000,8.0,2633729,0,0,9973,108,500010,7,0,6000,49,294.0,2.45,4.09395,0.83678329
frozen,1,1,1,0.001,0.1,512,3,5,4,256,6000,8.0,2633729,0,0,9973,108,500010,7,0,6000,50,300.0,2.5,4.1775,0.8489089
frozen,1,1,1,0.001,0.1,512,3,5,4,256,6000,8.0,2633729,0,0,9973,108,500010,7,0,6000,51,306.0,2.55,4.26105,0.85768801
frozen,1,1,1,0.001,0.1,512,3,5,4,256,6000,8.0,2633729,0,0,9973,108,500010,7,0,6000,52,312.0,2.6,4.3446,0.86157954
frozen,1,1,1,0.001,0.1,512,3,5,4,256,6000,8.0,2633729,0,0,9973,108,500010,7,0,6000,53,318.0,2.65,4.42815,0.86270106
frozen,1,1,1,0.001,0.1,512,3,5,4,256,6000,8.0,2633729,0,0,9973,108,500010,7,0,6000,54,324.0,2.7,4.5117,0.86381418
frozen,1,1,1,0.001,0.1,512,3,5,4,256,6000,8.0,2633729,0,0,9973,108,500010,7,0,6000,55,330.0,2.75,4.59525,0.86534166
frozen,1,1,1,0.001,0.1,512,3,5,4,256,6000,8.0,2633729,0,0,9973,108,500010,7,0,6000,56,336.0,2.8,4.6788,0.86645317
frozen,1,1,1,0.001,0.1,512,3,5,4,256,6000,8.0,2633729,0,0,9973,108,500010,7,0,6000,57,342.0,2.85,4.76235,0.86707568
frozen,1,1,1,0.001,0.1,512,3,5,4,256,6000,8.0,2633729,0,0,9973,108,500010,7,0,6000,58,348.0,2.9,4.8459,0.8682037
frozen,1,1,1,0.001,0.1,512,3,5,4,256,6000,8.0,2633729,0,0,9973,108,500010,7,0,6000,59,354.0,2.95,4.92945,0.87100738
frozen,1,1,1,0.001,0.1,512,3,5,4,256,6000,8.0,2633729,0,0,9973,108,500010,7,0,6000,60,360.0,3.0,5.013,0.87559891
frozen,1,1,1,0.001,0.1,512,3,5,4,256,6000,8.0,2633729,0,0,9973,108,500010,7,0,6000,61,366.0,3.05,5.09655,0.88074851
frozen,1,1,1,0.001,0.1,512,3,5,4,256,6000,8.0,2633729,0,0,9973,108,500010,7,0,6000,62,372.0,3.1,5.1801,0.88452107
frozen,1,1,1,0.001,0.1,512,3,5,4,256,6000,8.0,2633729,0,0,9973,108,500010,7,0,6000,63,378.0,3.15,5.26365,0.88590753
frozen,1,1,1,0.001,0.1,512,3,5,4,256,6000,8.0,2633729,0,0,9973,108,500010,7,0,6000,64,384.0,3.2,5.3472,0.88576424
frozen,1,1,1,0.001,0.1,512,3,5,4,256,6000,8.0,2633729,0,0,9973,108,500010,7,0,6000,65,390.0,3.25,5.43075,0.88601488
frozen,1,1,1,0.001,0.1,512,3,5,4,256,6000,8.0,2633729,0,0,9973,108,500010,7,0,6000,66,396.0,3.3,5.5143,0.88774836
frozen,1,1,1,0.001,0.1,512,3,5,4,256,6000,8.0,2633729,0,0,9973,108,500010,7,0,6000,67,402.0,3.35,5.59785,0.89105737
frozen,1,1,1,0.001,0.1,512,3,5,4,256,6000,8.0,2633729,0,0,9973,108,500010,7,0,6000,68,408.0,3.4,5.6814,0.89598364
frozen,1,1,1,0.001,0.1,512,3,5,4,256,6000,8.0,2633729,0,0,9973,108,500010,7,0,6000,69,414.0,3.45,5.76495,0.90092361
frozen,1,1,1,0.001,0.1,512,3,5,4,256,6000,8.0,2633729,0,0,9973,108,500010,7,0,6000,70,420.0,3.5,5.8485,0.90384203
frozen,1,1,1,0.001,0.1,512,3,5,4,256,6000,8.0,2633729,0,0,9973,108,500010,7,0,6000,71,426.0,3.55,5.93205,0.90632552
frozen,1,1,1,0.001,0.1,512,3,5,4,256,6000,8.0,2633729,0,0,9973,108,500010,7,0,6000,72,432.0,3.6,6.0156,0.91088039
frozen,1,1,1,0.001,0.1,512,3,5,4,256,6000,8.0,2633729,0,0,9973,108,500010,7,0,6000,73,438.0,3.65,6.09915,0.91605371
frozen,1,1,1,0.001,0.1,512,3,5,4,256,6000,8.0,2633729,0,0,9973,108,500010,7,0,6000,74,444.0,3.7,6.1827,0.91891015
frozen,1,1,1,0.001,0.1,512,3,5,4,256,6000,8.0,2633729,0,0,9973,108,500010,7,0,6000,75,450.0,3.75,6.26625,0.91904861
frozen,1,1,1,0.001,0.1,512,3,5,4,256,6000,8.0,2633729,0,0,9973,108,500010,7,0,6000,76,456.0,3.8,6.3498,0.91798431
frozen,1,1,1,0.001,0.1,512,3,5,4,256,6000,8.0,2633729,0,0,9973,108,500010,7,0,6000,77,462.0,3.85,6.43335,0.91727394
frozen,1,1,1,0.001,0.1,512,3,5,4,256,6000,8.0,2633729,0,0,9973,108,500010,7,0,6000,78,468.0,3.9,6.5169,0.91771662
frozen,1,1,1,0.001,0.1,512,3,5,4,256,6000,8.0,2633729,0,0,9973,108,500010,7,0,6000,79,474.0,3.95,6.60045,0.91916138
frozen,1,1,1,0.001,0.1,512,3,5,4,256,6000,8.0,2633729,0,0,9973,108,500010,7,0,6000,80,480.0,4.0,6.684,0.92094743
frozen,1,1,1,0.001,0.1,512,3,5,4,256,6000,8.0,2633729,0,0,9973,108,500010,7,0,6000,81,486.0,4.05,6.76755,0.92226976
frozen,1,1,1,0.001,0.1,512,3,5,4,256,6000,8.0,2633729,0,0,9973,108,500010,7,0,6000,82,492.0,4.1,6.8511,0.92237538
frozen,1,1,1,0.001,0.1,512,3,5,4,256,6000,8.0,2633729,0,0,9973,108,500010,7,0,6000,83,498.0,4.15,6.93465,0.92081934
frozen,1,1,1,0.001,0.1,512,3,5,4,256,6000,8.0,2633729,0,0,9973,108,500010,7,0,6000,84,504.0,4.2,7.0182,0.91756946
frozen,1,1,1,0.001,0.1,512,3,5,4,256,6000,8.0,2633729,0,0,9973,108,500010,7,0,6000,85,510.0,4.25,7.10175,0.91410482
frozen,1,1,1,0.001,0.1,512,3,5,4,256,6000,8.0,2633729,0,0,9973,108,500010,7,0,6000,86,516.0,4.3,7.1853,0.9128871
frozen,1,1,1,0.001,0.1,512,3,5,4,256,6000,8.0,2633729,0,0,9973,108,500010,7,0,6000,87,522.0,4.35,7.26885,0.91461444
frozen,1,1,1,0.001,0.1,512,3,5,4,256,6000,8.0,2633729,0,0,9973,108,500010,7,0,6000,88,528.0,4.4,7.3524,0.91846633
frozen,1,1,1,0.001,0.1,512,3,5,4,256,6000,8.0,2633729,0,0,9973,108,500010,7,0,6000,89,534.0,4.45,7.43595,0.92276943
frozen,1,1,1,0.001,0.1,512,3,5,4,256,6000,8.0,2633729,0,0,9973,108,500010,7,0,6000,90,540.0,4.5,7.5195,0.92462003
frozen,1,1,1,0.001,0.1,512,3,5,4,256,6000,8.0,2633729,0,0,9973,108,500010,7,0,6000,91,546.0,4.55,7.60305,0.92254364
frozen,1,1,1,0.001,0.1,512,3,5,4,256,6000,8.0,2633729,0,0,9973,108,500010,7,0,6000,92,552.0,4.6,7.6866,0.91832632
frozen,1,1,1,0.001,0.1,512,3,5,4,256,6000,8.0,2633729,0,0,9973,108,500010,7,0,6000,93,558.0,4.65,7.77015,0.91533768
frozen,1,1,1,0.001,0.1,512,3,5,4,256,6000,8.0,2633729,0,0,9973,108,500010,7,0,6000,94,564.0,4.7,7.8537,0.91540438
frozen,1,1,1,0.001,0.1,512,3,5,4,256,6000,8.0,2633729,0,0,9973,108,500010,7,0,6000,95,570.0,4.75,7.93725,0.91786796
frozen,1,1,1,0.001,0.1,512,3,5,4,256,6000,8.0,2633729,0,0,9973,108,500010,7,0,6000,96,576.0,4.8,8.0208,0.92133546
frozen,1,1,1,0.001,0.1,512,3,5,4,256,6000,8.0,2633729,0,0,9973,108,500010,7,0,6000,97,582.0,4.85,8.10435,0.92512494
frozen,1,1,1,0.001,0.1,512,3,5,4,256,6000,8.0,2633729,0,0,9973,108,500010,7,0,6000,98,588.0,4.9,8.1879,0.92841154
frozen,1,1,1,0.001,0.1,512,3,5,4,256,6000,8.0,2633729,0,0,9973,108,500010,7,0,6000,99,594.0,4.95,8.27145,0.93019789
frozen,1,1,1,0.001,0.1,512,3,5,4,256,6000,8.0,2633729,0,0,9973,108,500010,7,0,6000,100,600.0,5.0,8.355,0.93073797
frozen,1,1,1,0.001,0.1,512,3,5,4,256,6000,8.0,2633729,0,0,9973,108,500010,7,0,6000,101,606.0,5.05,8.43855,0.93109196
frozen,1,1,1,0.001,0.1,512,3,5,4,256,6000,8.0,2633729,0,0,9973,108,500010,7,0,6000,102,612.0,5.1,8.5221,0.93204957
frozen,1,1,1,0.001,0.1,512,3,5,4,256,6000,8.0,2633729,0,0,9973,108,500010,7,0,6000,103,618.0,5.15,8.60565,0.93371987
frozen,1,1,1,0.001,0.1,512,3,5,4,256,6000,8.0,2633729,0,0,9973,108,500010,7,0,6000,104,624.0,5.2,8.6892,0.93599838
frozen,1,1,1,0.001,0.1,512,3,5,4,256,6000,8.0,2633729,0,0,9973,108,500010,7,0,6000,105,630.0,5.25,8.77275,0.93843693
frozen,1,1,1,0.001,0.1,512,3,5,4,256,6000,8.0,2633729,0,0,9973,108,500010,7,0,6000,106,636.0,5.3,8.8563,0.94034046
frozen,1,1,1,0.001,0.1,512,3,5,4,256,6000,8.0,2633729,0,0,9973,108,500010,7,0,6000,107,642.0,5.35,8.93985,0.94182402
frozen,1,1,1,0.001,0.1,512,3,5,4,256,6000,8.0,2633729,0,0,9973,108,500010,7,0,6000,108,648.0,5.4,9.0234,0.94248313
frozen,1,1,1,0.001,0.1,512,3,5,4,256,6000,8.0,2633729,0,0,9973,108,500010,7,0,6000,109,654.0,5.45,9.10695,0.94120479
frozen,1,1,1,0.001,0.1,512,3,5,4,256,6000,8.0,2633729,0,0,9973,108,500010,7,0,6000,110,660.0,5.5,9.1905,0.93904757
frozen,1,1,1,0.001,0.1,512,3,5,4,256,6000,8.0,2633729,0,0,9973,108,500010,7,0,6000,111,666.0,5.55,9.27405,0.93836057
frozen,1,1,1,0.001,0.1,512,3,5,4,256,6000,8.0,2633729,0,0,9973,108,500010,7,0,6000,112,672.0,5.6,9.3576,0.93952024
frozen,1,1,1,0.001,0.1,512,3,5,4,256,6000,8.0,2633729,0,0,9973,108,500010,7,0,6000,113,678.0,5.65,9.44115,0.94133705
frozen,1,1,1,0.001,0.1,512,3,5,4,256,6000,8.0,2633729,0,0,9973,108,500010,7,0,6000,114,684.0,5.7,9.5247,0.94346005
frozen,1,1,1,0.001,0.1,512,3,5,4,256,6000,8.0,2633729,0,0,9973,108,500010,7,0,6000,115,690.0,5.75,9.60825,0.94587195
frozen,1,1,1,0.001,0.1,512,3,5,4,256,6000,8.0,2633729,0,0,9973,108,500010,7,0,6000,116,696.0,5.8,9.6918,0.94830132
frozen,1,1,1,0.001,0.1,512,3,5,4,256,6000,8.0,2633729,0,0,9973,108,500010,7,0,6000,117,702.0,5.85,9.77535,0.95112479
frozen,1,1,1,0.001,0.1,512,3,5,4,256,6000,8.0,2633729,0,0,9973,108,500010,7,0,6000,118,708.0,5.9,9.8589,0.95420629
frozen,1,1,1,0.001,0.1,512,3,5,4,256,6000,8.0,2633729,0,0,9973,108,500010,7,0,6000,119,714.0,5.95,9.94245,0.95558834
frozen,1,1,1,0.001,0.1,512,3,5,4,256,6000,8.0,2633729,0,0,9973,108,500010,7,0,6000,120,720.0,6.0,10.026,0.95359904
frozen,1,1,1,0.001,0.1,512,3,5,4,256,6000,8.0,2633729,0,0,9973,109,500011,8,0,6000,1,6.0,0.05,0.08355,0.06740903
frozen,1,1,1,0.001,0.1,512,3,5,4,256,6000,8.0,2633729,0,0,9973,109,500011,8,0,6000,2,12.0,0.1,0.1671,0.08178312
frozen,1,1,1,0.001,0.1,512,3,5,4,256,6000,8.0,2633729,0,0,9973,109,500011,8,0,6000,3,18.0,0.15,0.25065,0.10019527
frozen,1,1,1,0.001,0.1,512,3,5,4,256,6000,8.0,2633729,0,0,9973,109,500011,8,0,6000,4,24.0,0.2,0.3342,0.12021206
frozen,1,1,1,0.001,0.1,512,3,5,4,256,6000,8.0,2633729,0,0,9973,109,500011,8,0,6000,5,30.0,0.25,0.41775,0.14115198
frozen,1,1,1,0.001,0.1,512,3,5,4,256,6000,8.0,2633729,0,0,9973,109,500011,8,0,6000,6,36.0,0.3,0.5013,0.16349727
frozen,1,1,1,0.001,0.1,512,3,5,4,256,6000,8.0,2633729,0,0,9973,109,500011,8,0,6000,7,42.0,0.35,0.58485,0.18654433
frozen,1,1,1,0.001,0.1,512,3,5,4,256,6000,8.0,2633729,0,0,9973,109,500011,8,0,6000,8,48.0,0.4,0.6684,0.20980756
frozen,1,1,1,0.001,0.1,512,3,5,4,256,6000,8.0,2633729,0,0,9973,109,500011,8,0,6000,9,54.0,0.45,0.75195,0.23410293
frozen,1,1,1,0.001,0.1,512,3,5,4,256,6000,8.0,2633729,0,0,9973,109,500011,8,0,6000,10,60.0,0.5,0.8355,0.25987965
frozen,1,1,1,0.001,0.1,512,3,5,4,256,6000,8.0,2633729,0,0,9973,109,500011,8,0,6000,11,66.0,0.55,0.91905,0.28573397
frozen,1,1,1,0.001,0.1,512,3,5,4,256,6000,8.0,2633729,0,0,9973,109,500011,8,0,6000,12,72.0,0.6,1.0026,0.31118929
frozen,1,1,1,0.001,0.1,512,3,5,4,256,6000,8.0,2633729,0,0,9973,109,500011,8,0,6000,13,78.0,0.65,1.08615,0.33642006
frozen,1,1,1,0.001,0.1,512,3,5,4,256,6000,8.0,2633729,0,0,9973,109,500011,8,0,6000,14,84.0,0.7,1.1697,0.36232689
frozen,1,1,1,0.001,0.1,512,3,5,4,256,6000,8.0,2633729,0,0,9973,109,500011,8,0,6000,15,90.0,0.75,1.25325,0.38883114
frozen,1,1,1,0.001,0.1,512,3,5,4,256,6000,8.0,2633729,0,0,9973,109,500011,8,0,6000,16,96.0,0.8,1.3368,0.41462353
frozen,1,1,1,0.001,0.1,512,3,5,4,256,6000,8.0,2633729,0,0,9973,109,500011,8,0,6000,17,102.0,0.85,1.42035,0.43880719
frozen,1,1,1,0.001,0.1,512,3,5,4,256,6000,8.0,2633729,0,0,9973,109,500011,8,0,6000,18,108.0,0.9,1.5039,0.46099102
frozen,1,1,1,0.001,0.1,512,3,5,4,256,6000,8.0,2633729,0,0,9973,109,500011,8,0,6000,19,114.0,0.95,1.58745,0.48174322
frozen,1,1,1,0.001,0.1,512,3,5,4,256,6000,8.0,2633729,0,0,9973,109,500011,8,0,6000,20,120.0,1.0,1.671,0.50192744
frozen,1,1,1,0.001,0.1,512,3,5,4,256,6000,8.0,2633729,0,0,9973,109,500011,8,0,6000,21,126.0,1.05,1.75455,0.52171314
frozen,1,1,1,0.001,0.1,512,3,5,4,256,6000,8.0,2633729,0,0,9973,109,500011,8,0,6000,22,132.0,1.1,1.8381,0.5405913
frozen,1,1,1,0.001,0.1,512,3,5,4,256,6000,8.0,2633729,0,0,9973,109,500011,8,0,6000,23,138.0,1.15,1.92165,0.55804694
frozen,1,1,1,0.001,0.1,512,3,5,4,256,6000,8.0,2633729,0,0,9973,109,500011,8,0,6000,24,144.0,1.2,2.0052,0.57497752
frozen,1,1,1,0.001,0.1,512,3,5,4,256,6000,8.0,2633729,0,0,9973,109,500011,8,0,6000,25,150.0,1.25,2.08875,0.59265846
frozen,1,1,1,0.001,0.1,512,3,5,4,256,6000,8.0,2633729,0,0,9973,109,500011,8,0,6000,26,156.0,1.3,2.1723,0.61027771
frozen,1,1,1,0.001,0.1,512,3,5,4,256,6000,8.0,2633729,0,0,9973,109,500011,8,0,6000,27,162.0,1.35,2.25585,0.62742805
frozen,1,1,1,0.001,0.1,512,3,5,4,256,6000,8.0,2633729,0,0,9973,109,500011,8,0,6000,28,168.0,1.4,2.3394,0.64405489
frozen,1,1,1,0.001,0.1,512,3,5,4,256,6000,8.0,2633729,0,0,9973,109,500011,8,0,6000,29,174.0,1.45,2.42295,0.65914071
frozen,1,1,1,0.001,0.1,512,3,5,4,256,6000,8.0,2633729,0,0,9973,109,500011,8,0,6000,30,180.0,1.5,2.5065,0.67272145
frozen,1,1,1,0.001,0.1,512,3,5,4,256,6000,8.0,2633729,0,0,9973,109,500011,8,0,6000,31,186.0,1.55,2.59005,0.68534642
frozen,1,1,1,0.001,0.1,512,3,5,4,256,6000,8.0,2633729,0,0,9973,109,500011,8,0,6000,32,192.0,1.6,2.6736,0.69691634
frozen,1,1,1,0.001,0.1,512,3,5,4,256,6000,8.0,2633729,0,0,9973,109,500011,8,0,6000,33,198.0,1.65,2.75715,0.70751083
frozen,1,1,1,0.001,0.1,512,3,5,4,256,6000,8.0,2633729,0,0,9973,109,500011,8,0,6000,34,204.0,1.7,2.8407,0.71752858
frozen,1,1,1,0.001,0.1,512,3,5,4,256,6000,8.0,2633729,0,0,9973,109,500011,8,0,6000,35,210.0,1.75,2.92425,0.72702402
frozen,1,1,1,0.001,0.1,512,3,5,4,256,6000,8.0,2633729,0,0,9973,109,500011,8,0,6000,36,216.0,1.8,3.0078,0.73648667
frozen,1,1,1,0.001,0.1,512,3,5,4,256,6000,8.0,2633729,0,0,9973,109,500011,8,0,6000,37,222.0,1.85,3.09135,0.74591064
frozen,1,1,1,0.001,0.1,512,3,5,4,256,6000,8.0,2633729,0,0,9973,109,500011,8,0,6000,38,228.0,1.9,3.1749,0.75493091
frozen,1,1,1,0.001,0.1,512,3,5,4,256,6000,8.0,2633729,0,0,9973,109,500011,8,0,6000,39,234.0,1.95,3.25845,0.7647351
frozen,1,1,1,0.001,0.1,512,3,5,4,256,6000,8.0,2633729,0,0,9973,109,500011,8,0,6000,40,240.0,2.0,3.342,0.77641386
frozen,1,1,1,0.001,0.1,512,3,5,4,256,6000,8.0,2633729,0,0,9973,109,500011,8,0,6000,41,246.0,2.05,3.42555,0.78883147
frozen,1,1,1,0.001,0.1,512,3,5,4,256,6000,8.0,2633729,0,0,9973,109,500011,8,0,6000,42,252.0,2.1,3.5091,0.8001467
frozen,1,1,1,0.001,0.1,512,3,5,4,256,6000,8.0,2633729,0,0,9973,109,500011,8,0,6000,43,258.0,2.15,3.59265,0.80936706
frozen,1,1,1,0.001,0.1,512,3,5,4,256,6000,8.0,2633729,0,0,9973,109,500011,8,0,6000,44,264.0,2.2,3.6762,0.81524789
frozen,1,1,1,0.001,0.1,512,3,5,4,256,6000,8.0,2633729,0,0,9973,109,500011,8,0,6000,45,270.0,2.25,3.75975,0.8170864
frozen,1,1,1,0.001,0.1,512,3,5,4,256,6000,8.0,2633729,0,0,9973,109,500011,8,0,6000,46,276.0,2.3,3.8433,0.81673342
frozen,1,1,1,0.001,0.1,512,3,5,4,256,6000,8.0,2633729,0,0,9973,109,500011,8,0,6000,47,282.0,2.35,3.92685,0.81845069
frozen,1,1,1,0.001,0.1,512,3,5,4,256,6000,8.0,2633729,0,0,9973,109,500011,8,0,6000,48,288.0,2.4,4.0104,0.82541907
frozen,1,1,1,0.001,0.1,512,3,5,4,256,6000,8.0,2633729,0,0,9973,109,500011,8,0,6000,49,294.0,2.45,4.09395,0.83678329
frozen,1,1,1,0.001,0.1,512,3,5,4,256,6000,8.0,2633729,0,0,9973,109,500011,8,0,6000,50,300.0,2.5,4.1775,0.8489089
frozen,1,1,1,0.001,0.1,512,3,5,4,256,6000,8.0,2633729,0,0,9973,109,500011,8,0,6000,51,306.0,2.55,4.26105,0.85768801
frozen,1,1,1,0.001,0.1,512,3,5,4,256,6000,8.0,2633729,0,0,9973,109,500011,8,0,6000,52,312.0,2.6,4.3446,0.86157954
frozen,1,1,1,0.001,0.1,512,3,5,4,256,6000,8.0,2633729,0,0,9973,109,500011,8,0,6000,53,318.0,2.65,4.42815,0.86270106
frozen,1,1,1,0.001,0.1,512,3,5,4,256,6000,8.0,2633729,0,0,9973,109,500011,8,0,6000,54,324.0,2.7,4.5117,0.86381418
frozen,1,1,1,0.001,0.1,512,3,5,4,256,6000,8.0,2633729,0,0,9973,109,500011,8,0,6000,55,330.0,2.75,4.59525,0.86534166
frozen,1,1,1,0.001,0.1,512,3,5,4,256,6000,8.0,2633729,0,0,9973,109,500011,8,0,6000,56,336.0,2.8,4.6788,0.86645317
frozen,1,1,1,0.001,0.1,512,3,5,4,256,6000,8.0,2633729,0,0,9973,109,500011,8,0,6000,57,342.0,2.85,4.76235,0.86707568
frozen,1,1,1,0.001,0.1,512,3,5,4,256,6000,8.0,2633729,0,0,9973,109,500011,8,0,6000,58,348.0,2.9,4.8459,0.8682037
frozen,1,1,1,0.001,0.1,512,3,5,4,256,6000,8.0,2633729,0,0,9973,109,500011,8,0,6000,59,354.0,2.95,4.92945,0.87100738
frozen,1,1,1,0.001,0.1,512,3,5,4,256,6000,8.0,2633729,0,0,9973,109,500011,8,0,6000,60,360.0,3.0,5.013,0.87559891
frozen,1,1,1,0.001,0.1,512,3,5,4,256,6000,8.0,2633729,0,0,9973,109,500011,8,0,6000,61,366.0,3.05,5.09655,0.88074851
frozen,1,1,1,0.001,0.1,512,3,5,4,256,6000,8.0,2633729,0,0,9973,109,500011,8,0,6000,62,372.0,3.1,5.1801,0.88452107
frozen,1,1,1,0.001,0.1,512,3,5,4,256,6000,8.0,2633729,0,0,9973,109,500011,8,0,6000,63,378.0,3.15,5.26365,0.88590753
frozen,1,1,1,0.001,0.1,512,3,5,4,256,6000,8.0,2633729,0,0,9973,109,500011,8,0,6000,64,384.0,3.2,5.3472,0.88576424
frozen,1,1,1,0.001,0.1,512,3,5,4,256,6000,8.0,2633729,0,0,9973,109,500011,8,0,6000,65,390.0,3.25,5.43075,0.88601488
frozen,1,1,1,0.001,0.1,512,3,5,4,256,6000,8.0,2633729,0,0,9973,109,500011,8,0,6000,66,396.0,3.3,5.5143,0.88774836
frozen,1,1,1,0.001,0.1,512,3,5,4,256,6000,8.0,2633729,0,0,9973,109,500011,8,0,6000,67,402.0,3.35,5.59785,0.89105737
frozen,1,1,1,0.001,0.1,512,3,5,4,256,6000,8.0,2633729,0,0,9973,109,500011,8,0,6000,68,408.0,3.4,5.6814,0.89598364
frozen,1,1,1,0.001,0.1,512,3,5,4,256,6000,8.0,2633729,0,0,9973,109,500011,8,0,6000,69,414.0,3.45,5.76495,0.90092361
frozen,1,1,1,0.001,0.1,512,3,5,4,256,6000,8.0,2633729,0,0,9973,109,500011,8,0,6000,70,420.0,3.5,5.8485,0.90384203
frozen,1,1,1,0.001,0.1,512,3,5,4,256,6000,8.0,2633729,0,0,9973,109,500011,8,0,6000,71,426.0,3.55,5.93205,0.90632552
frozen,1,1,1,0.001,0.1,512,3,5,4,256,6000,8.0,2633729,0,0,9973,109,500011,8,0,6000,72,432.0,3.6,6.0156,0.91088039
frozen,1,1,1,0.001,0.1,512,3,5,4,256,6000,8.0,2633729,0,0,9973,109,500011,8,0,6000,73,438.0,3.65,6.09915,0.91605371
frozen,1,1,1,0.001,0.1,512,3,5,4,256,6000,8.0,2633729,0,0,9973,109,500011,8,0,6000,74,444.0,3.7,6.1827,0.91891015
frozen,1,1,1,0.001,0.1,512,3,5,4,256,6000,8.0,2633729,0,0,9973,109,500011,8,0,6000,75,450.0,3.75,6.26625,0.91904861
frozen,1,1,1,0.001,0.1,512,3,5,4,256,6000,8.0,2633729,0,0,9973,109,500011,8,0,6000,76,456.0,3.8,6.3498,0.91798431
frozen,1,1,1,0.001,0.1,512,3,5,4,256,6000,8.0,2633729,0,0,9973,109,500011,8,0,6000,77,462.0,3.85,6.43335,0.91727394
frozen,1,1,1,0.001,0.1,512,3,5,4,256,6000,8.0,2633729,0,0,9973,109,500011,8,0,6000,78,468.0,3.9,6.5169,0.91771662
frozen,1,1,1,0.001,0.1,512,3,5,4,256,6000,8.0,2633729,0,0,9973,109,500011,8,0,6000,79,474.0,3.95,6.60045,0.91916138
frozen,1,1,1,0.001,0.1,512,3,5,4,256,6000,8.0,2633729,0,0,9973,109,500011,8,0,6000,80,480.0,4.0,6.684,0.92094743
frozen,1,1,1,0.001,0.1,512,3,5,4,256,6000,8.0,2633729,0,0,9973,109,500011,8,0,6000,81,486.0,4.05,6.76755,0.92226976
frozen,1,1,1,0.001,0.1,512,3,5,4,256,6000,8.0,2633729,0,0,9973,109,500011,8,0,6000,82,492.0,4.1,6.8511,0.92237538
frozen,1,1,1,0.001,0.1,512,3,5,4,256,6000,8.0,2633729,0,0,9973,109,500011,8,0,6000,83,498.0,4.15,6.93465,0.92081934
frozen,1,1,1,0.001,0.1,512,3,5,4,256,6000,8.0,2633729,0,0,9973,109,500011,8,0,6000,84,504.0,4.2,7.0182,0.91756946
frozen,1,1,1,0.001,0.1,512,3,5,4,256,6000,8.0,2633729,0,0,9973,109,500011,8,0,6000,85,510.0,4.25,7.10175,0.91410482
frozen,1,1,1,0.001,0.1,512,3,5,4,256,6000,8.0,2633729,0,0,9973,109,500011,8,0,6000,86,516.0,4.3,7.1853,0.9128871
frozen,1,1,1,0.001,0.1,512,3,5,4,256,6000,8.0,2633729,0,0,9973,109,500011,8,0,6000,87,522.0,4.35,7.26885,0.91461444
frozen,1,1,1,0.001,0.1,512,3,5,4,256,6000,8.0,2633729,0,0,9973,109,500011,8,0,6000,88,528.0,4.4,7.3524,0.91846633
frozen,1,1,1,0.001,0.1,512,3,5,4,256,6000,8.0,2633729,0,0,9973,109,500011,8,0,6000,89,534.0,4.45,7.43595,0.92276943
frozen,1,1,1,0.001,0.1,512,3,5,4,256,6000,8.0,2633729,0,0,9973,109,500011,8,0,6000,90,540.0,4.5,7.5195,0.92462003
frozen,1,1,1,0.001,0.1,512,3,5,4,256,6000,8.0,2633729,0,0,9973,109,500011,8,0,6000,91,546.0,4.55,7.60305,0.92254364
frozen,1,1,1,0.001,0.1,512,3,5,4,256,6000,8.0,2633729,0,0,9973,109,500011,8,0,6000,92,552.0,4.6,7.6866,0.91832632
frozen,1,1,1,0.001,0.1,512,3,5,4,256,6000,8.0,2633729,0,0,9973,109,500011,8,0,6000,93,558.0,4.65,7.77015,0.91533768
frozen,1,1,1,0.001,0.1,512,3,5,4,256,6000,8.0,2633729,0,0,9973,109,500011,8,0,6000,94,564.0,4.7,7.8537,0.91540438
frozen,1,1,1,0.001,0.1,512,3,5,4,256,6000,8.0,2633729,0,0,9973,109,500011,8,0,6000,95,570.0,4.75,7.93725,0.91786796
frozen,1,1,1,0.001,0.1,512,3,5,4,256,6000,8.0,2633729,0,0,9973,109,500011,8,0,6000,96,576.0,4.8,8.0208,0.92133546
frozen,1,1,1,0.001,0.1,512,3,5,4,256,6000,8.0,2633729,0,0,9973,109,500011,8,0,6000,97,582.0,4.85,8.10435,0.92512494
frozen,1,1,1,0.001,0.1,512,3,5,4,256,6000,8.0,2633729,0,0,9973,109,500011,8,0,6000,98,588.0,4.9,8.1879,0.92841154
frozen,1,1,1,0.001,0.1,512,3,5,4,256,6000,8.0,2633729,0,0,9973,109,500011,8,0,6000,99,594.0,4.95,8.27145,0.93019789
frozen,1,1,1,0.001,0.1,512,3,5,4,256,6000,8.0,2633729,0,0,9973,109,500011,8,0,6000,100,600.0,5.0,8.355,0.93073797
frozen,1,1,1,0.001,0.1,512,3,5,4,256,6000,8.0,2633729,0,0,9973,109,500011,8,0,6000,101,606.0,5.05,8.43855,0.93109196
frozen,1,1,1,0.001,0.1,512,3,5,4,256,6000,8.0,2633729,0,0,9973,109,500011,8,0,6000,102,612.0,5.1,8.5221,0.93204957
frozen,1,1,1,0.001,0.1,512,3,5,4,256,6000,8.0,2633729,0,0,9973,109,500011,8,0,6000,103,618.0,5.15,8.60565,0.93371987
frozen,1,1,1,0.001,0.1,512,3,5,4,256,6000,8.0,2633729,0,0,9973,109,500011,8,0,6000,104,624.0,5.2,8.6892,0.93599838
frozen,1,1,1,0.001,0.1,512,3,5,4,256,6000,8.0,2633729,0,0,9973,109,500011,8,0,6000,105,630.0,5.25,8.77275,0.93843693
frozen,1,1,1,0.001,0.1,512,3,5,4,256,6000,8.0,2633729,0,0,9973,109,500011,8,0,6000,106,636.0,5.3,8.8563,0.94034046
frozen,1,1,1,0.001,0.1,512,3,5,4,256,6000,8.0,2633729,0,0,9973,109,500011,8,0,6000,107,642.0,5.35,8.93985,0.94182402
frozen,1,1,1,0.001,0.1,512,3,5,4,256,6000,8.0,2633729,0,0,9973,109,500011,8,0,6000,108,648.0,5.4,9.0234,0.94248313
frozen,1,1,1,0.001,0.1,512,3,5,4,256,6000,8.0,2633729,0,0,9973,109,500011,8,0,6000,109,654.0,5.45,9.10695,0.94120479
frozen,1,1,1,0.001,0.1,512,3,5,4,256,6000,8.0,2633729,0,0,9973,109,500011,8,0,6000,110,660.0,5.5,9.1905,0.93904757
frozen,1,1,1,0.001,0.1,512,3,5,4,256,6000,8.0,2633729,0,0,9973,109,500011,8,0,6000,111,666.0,5.55,9.27405,0.93836057
frozen,1,1,1,0.001,0.1,512,3,5,4,256,6000,8.0,2633729,0,0,9973,109,500011,8,0,6000,112,672.0,5.6,9.3576,0.93952024
frozen,1,1,1,0.001,0.1,512,3,5,4,256,6000,8.0,2633729,0,0,9973,109,500011,8,0,6000,113,678.0,5.65,9.44115,0.94133705
frozen,1,1,1,0.001,0.1,512,3,5,4,256,6000,8.0,2633729,0,0,9973,109,500011,8,0,6000,114,684.0,5.7,9.5247,0.94346005
frozen,1,1,1,0.001,0.1,512,3,5,4,256,6000,8.0,2633729,0,0,9973,109,500011,8,0,6000,115,690.0,5.75,9.60825,0.94587195
frozen,1,1,1,0.001,0.1,512,3,5,4,256,6000,8.0,2633729,0,0,9973,109,500011,8,0,6000,116,696.0,5.8,9.6918,0.94830132
frozen,1,1,1,0.001,0.1,512,3,5,4,256,6000,8.0,2633729,0,0,9973,109,500011,8,0,6000,117,702.0,5.85,9.77535,0.95112479
frozen,1,1,1,0.001,0.1,512,3,5,4,256,6000,8.0,2633729,0,0,9973,109,500011,8,0,6000,118,708.0,5.9,9.8589,0.95420629
frozen,1,1,1,0.001,0.1,512,3,5,4,256,6000,8.0,2633729,0,0,9973,109,500011,8,0,6000,119,714.0,5.95,9.94245,0.95558834
frozen,1,1,1,0.001,0.1,512,3,5,4,256,6000,8.0,2633729,0,0,9973,109,500011,8,0,6000,120,720.0,6.0,10.026,0.95359904
frozen,1,1,1,0.001,0.1,512,3,5,4,256,6000,8.0,2633729,0,0,9973,110,500012,9,0,6000,1,6.0,0.05,0.08355,0.06740903
frozen,1,1,1,0.001,0.1,512,3,5,4,256,6000,8.0,2633729,0,0,9973,110,500012,9,0,6000,2,12.0,0.1,0.1671,0.08178312
frozen,1,1,1,0.001,0.1,512,3,5,4,256,6000,8.0,2633729,0,0,9973,110,500012,9,0,6000,3,18.0,0.15,0.25065,0.10019527
frozen,1,1,1,0.001,0.1,512,3,5,4,256,6000,8.0,2633729,0,0,9973,110,500012,9,0,6000,4,24.0,0.2,0.3342,0.12021206
frozen,1,1,1,0.001,0.1,512,3,5,4,256,6000,8.0,2633729,0,0,9973,110,500012,9,0,6000,5,30.0,0.25,0.41775,0.14115198
frozen,1,1,1,0.001,0.1,512,3,5,4,256,6000,8.0,2633729,0,0,9973,110,500012,9,0,6000,6,36.0,0.3,0.5013,0.16349727
frozen,1,1,1,0.001,0.1,512,3,5,4,256,6000,8.0,2633729,0,0,9973,110,500012,9,0,6000,7,42.0,0.35,0.58485,0.18654433
frozen,1,1,1,0.001,0.1,512,3,5,4,256,6000,8.0,2633729,0,0,9973,110,500012,9,0,6000,8,48.0,0.4,0.6684,0.20980756
frozen,1,1,1,0.001,0.1,512,3,5,4,256,6000,8.0,2633729,0,0,9973,110,500012,9,0,6000,9,54.0,0.45,0.75195,0.23410293
frozen,1,1,1,0.001,0.1,512,3,5,4,256,6000,8.0,2633729,0,0,9973,110,500012,9,0,6000,10,60.0,0.5,0.8355,0.25987965
frozen,1,1,1,0.001,0.1,512,3,5,4,256,6000,8.0,2633729,0,0,9973,110,500012,9,0,6000,11,66.0,0.55,0.91905,0.28573397
frozen,1,1,1,0.001,0.1,512,3,5,4,256,6000,8.0,2633729,0,0,9973,110,500012,9,0,6000,12,72.0,0.6,1.0026,0.31118929
frozen,1,1,1,0.001,0.1,512,3,5,4,256,6000,8.0,2633729,0,0,9973,110,500012,9,0,6000,13,78.0,0.65,1.08615,0.33642006
frozen,1,1,1,0.001,0.1,512,3,5,4,256,6000,8.0,2633729,0,0,9973,110,500012,9,0,6000,14,84.0,0.7,1.1697,0.36232689
frozen,1,1,1,0.001,0.1,512,3,5,4,256,6000,8.0,2633729,0,0,9973,110,500012,9,0,6000,15,90.0,0.75,1.25325,0.38883114
frozen,1,1,1,0.001,0.1,512,3,5,4,256,6000,8.0,2633729,0,0,9973,110,500012,9,0,6000,16,96.0,0.8,1.3368,0.41462353
frozen,1,1,1,0.001,0.1,512,3,5,4,256,6000,8.0,2633729,0,0,9973,110,500012,9,0,6000,17,102.0,0.85,1.42035,0.43880719
frozen,1,1,1,0.001,0.1,512,3,5,4,256,6000,8.0,2633729,0,0,9973,110,500012,9,0,6000,18,108.0,0.9,1.5039,0.46099102
frozen,1,1,1,0.001,0.1,512,3,5,4,256,6000,8.0,2633729,0,0,9973,110,500012,9,0,6000,19,114.0,0.95,1.58745,0.48174322
frozen,1,1,1,0.001,0.1,512,3,5,4,256,6000,8.0,2633729,0,0,9973,110,500012,9,0,6000,20,120.0,1.0,1.671,0.50192744
frozen,1,1,1,0.001,0.1,512,3,5,4,256,6000,8.0,2633729,0,0,9973,110,500012,9,0,6000,21,126.0,1.05,1.75455,0.52171314
frozen,1,1,1,0.001,0.1,512,3,5,4,256,6000,8.0,2633729,0,0,9973,110,500012,9,0,6000,22,132.0,1.1,1.8381,0.5405913
frozen,1,1,1,0.001,0.1,512,3,5,4,256,6000,8.0,2633729,0,0,9973,110,500012,9,0,6000,23,138.0,1.15,1.92165,0.55804694
frozen,1,1,1,0.001,0.1,512,3,5,4,256,6000,8.0,2633729,0,0,9973,110,500012,9,0,6000,24,144.0,1.2,2.0052,0.57497752
frozen,1,1,1,0.001,0.1,512,3,5,4,256,6000,8.0,2633729,0,0,9973,110,500012,9,0,6000,25,150.0,1.25,2.08875,0.59265846
frozen,1,1,1,0.001,0.1,512,3,5,4,256,6000,8.0,2633729,0,0,9973,110,500012,9,0,6000,26,156.0,1.3,2.1723,0.61027771
frozen,1,1,1,0.001,0.1,512,3,5,4,256,6000,8.0,2633729,0,0,9973,110,500012,9,0,6000,27,162.0,1.35,2.25585,0.62742805
frozen,1,1,1,0.001,0.1,512,3,5,4,256,6000,8.0,2633729,0,0,9973,110,500012,9,0,6000,28,168.0,1.4,2.3394,0.64405489
frozen,1,1,1,0.001,0.1,512,3,5,4,256,6000,8.0,2633729,0,0,9973,110,500012,9,0,6000,29,174.0,1.45,2.42295,0.65914071
frozen,1,1,1,0.001,0.1,512,3,5,4,256,6000,8.0,2633729,0,0,9973,110,500012,9,0,6000,30,180.0,1.5,2.5065,0.67272145
frozen,1,1,1,0.001,0.1,512,3,5,4,256,6000,8.0,2633729,0,0,9973,110,500012,9,0,6000,31,186.0,1.55,2.59005,0.68534642
frozen,1,1,1,0.001,0.1,512,3,5,4,256,6000,8.0,2633729,0,0,9973,110,500012,9,0,6000,32,192.0,1.6,2.6736,0.69691634
frozen,1,1,1,0.001,0.1,512,3,5,4,256,6000,8.0,2633729,0,0,9973,110,500012,9,0,6000,33,198.0,1.65,2.75715,0.70751083
frozen,1,1,1,0.001,0.1,512,3,5,4,256,6000,8.0,2633729,0,0,9973,110,500012,9,0,6000,34,204.0,1.7,2.8407,0.71752858
frozen,1,1,1,0.001,0.1,512,3,5,4,256,6000,8.0,2633729,0,0,9973,110,500012,9,0,6000,35,210.0,1.75,2.92425,0.72702402
frozen,1,1,1,0.001,0.1,512,3,5,4,256,6000,8.0,2633729,0,0,9973,110,500012,9,0,6000,36,216.0,1.8,3.0078,0.73648667
frozen,1,1,1,0.001,0.1,512,3,5,4,256,6000,8.0,2633729,0,0,9973,110,500012,9,0,6000,37,222.0,1.85,3.09135,0.74591064
frozen,1,1,1,0.001,0.1,512,3,5,4,256,6000,8.0,2633729,0,0,9973,110,500012,9,0,6000,38,228.0,1.9,3.1749,0.75493091
frozen,1,1,1,0.001,0.1,512,3,5,4,256,6000,8.0,2633729,0,0,9973,110,500012,9,0,6000,39,234.0,1.95,3.25845,0.7647351
frozen,1,1,1,0.001,0.1,512,3,5,4,256,6000,8.0,2633729,0,0,9973,110,500012,9,0,6000,40,240.0,2.0,3.342,0.77641386
frozen,1,1,1,0.001,0.1,512,3,5,4,256,6000,8.0,2633729,0,0,9973,110,500012,9,0,6000,41,246.0,2.05,3.42555,0.78883147
frozen,1,1,1,0.001,0.1,512,3,5,4,256,6000,8.0,2633729,0,0,9973,110,500012,9,0,6000,42,252.0,2.1,3.5091,0.8001467
frozen,1,1,1,0.001,0.1,512,3,5,4,256,6000,8.0,2633729,0,0,9973,110,500012,9,0,6000,43,258.0,2.15,3.59265,0.80936706
frozen,1,1,1,0.001,0.1,512,3,5,4,256,6000,8.0,2633729,0,0,9973,110,500012,9,0,6000,44,264.0,2.2,3.6762,0.81524789
frozen,1,1,1,0.001,0.1,512,3,5,4,256,6000,8.0,2633729,0,0,9973,110,500012,9,0,6000,45,270.0,2.25,3.75975,0.8170864
frozen,1,1,1,0.001,0.1,512,3,5,4,256,6000,8.0,2633729,0,0,9973,110,500012,9,0,6000,46,276.0,2.3,3.8433,0.81673342
frozen,1,1,1,0.001,0.1,512,3,5,4,256,6000,8.0,2633729,0,0,9973,110,500012,9,0,6000,47,282.0,2.35,3.92685,0.81845069
frozen,1,1,1,0.001,0.1,512,3,5,4,256,6000,8.0,2633729,0,0,9973,110,500012,9,0,6000,48,288.0,2.4,4.0104,0.82541907
frozen,1,1,1,0.001,0.1,512,3,5,4,256,6000,8.0,2633729,0,0,9973,110,500012,9,0,6000,49,294.0,2.45,4.09395,0.83678329
frozen,1,1,1,0.001,0.1,512,3,5,4,256,6000,8.0,2633729,0,0,9973,110,500012,9,0,6000,50,300.0,2.5,4.1775,0.8489089
frozen,1,1,1,0.001,0.1,512,3,5,4,256,6000,8.0,2633729,0,0,9973,110,500012,9,0,6000,51,306.0,2.55,4.26105,0.85768801
frozen,1,1,1,0.001,0.1,512,3,5,4,256,6000,8.0,2633729,0,0,9973,110,500012,9,0,6000,52,312.0,2.6,4.3446,0.86157954
frozen,1,1,1,0.001,0.1,512,3,5,4,256,6000,8.0,2633729,0,0,9973,110,500012,9,0,6000,53,318.0,2.65,4.42815,0.86270106
frozen,1,1,1,0.001,0.1,512,3,5,4,256,6000,8.0,2633729,0,0,9973,110,500012,9,0,6000,54,324.0,2.7,4.5117,0.86381418
frozen,1,1,1,0.001,0.1,512,3,5,4,256,6000,8.0,2633729,0,0,9973,110,500012,9,0,6000,55,330.0,2.75,4.59525,0.86534166
frozen,1,1,1,0.001,0.1,512,3,5,4,256,6000,8.0,2633729,0,0,9973,110,500012,9,0,6000,56,336.0,2.8,4.6788,0.86645317
frozen,1,1,1,0.001,0.1,512,3,5,4,256,6000,8.0,2633729,0,0,9973,110,500012,9,0,6000,57,342.0,2.85,4.76235,0.86707568
frozen,1,1,1,0.001,0.1,512,3,5,4,256,6000,8.0,2633729,0,0,9973,110,500012,9,0,6000,58,348.0,2.9,4.8459,0.8682037
frozen,1,1,1,0.001,0.1,512,3,5,4,256,6000,8.0,2633729,0,0,9973,110,500012,9,0,6000,59,354.0,2.95,4.92945,0.87100738
frozen,1,1,1,0.001,0.1,512,3,5,4,256,6000,8.0,2633729,0,0,9973,110,500012,9,0,6000,60,360.0,3.0,5.013,0.87559891
frozen,1,1,1,0.001,0.1,512,3,5,4,256,6000,8.0,2633729,0,0,9973,110,500012,9,0,6000,61,366.0,3.05,5.09655,0.88074851
frozen,1,1,1,0.001,0.1,512,3,5,4,256,6000,8.0,2633729,0,0,9973,110,500012,9,0,6000,62,372.0,3.1,5.1801,0.88452107
frozen,1,1,1,0.001,0.1,512,3,5,4,256,6000,8.0,2633729,0,0,9973,110,500012,9,0,6000,63,378.0,3.15,5.26365,0.88590753
frozen,1,1,1,0.001,0.1,512,3,5,4,256,6000,8.0,2633729,0,0,9973,110,500012,9,0,6000,64,384.0,3.2,5.3472,0.88576424
frozen,1,1,1,0.001,0.1,512,3,5,4,256,6000,8.0,2633729,0,0,9973,110,500012,9,0,6000,65,390.0,3.25,5.43075,0.88601488
frozen,1,1,1,0.001,0.1,512,3,5,4,256,6000,8.0,2633729,0,0,9973,110,500012,9,0,6000,66,396.0,3.3,5.5143,0.88774836
frozen,1,1,1,0.001,0.1,512,3,5,4,256,6000,8.0,2633729,0,0,9973,110,500012,9,0,6000,67,402.0,3.35,5.59785,0.89105737
frozen,1,1,1,0.001,0.1,512,3,5,4,256,6000,8.0,2633729,0,0,9973,110,500012,9,0,6000,68,408.0,3.4,5.6814,0.89598364
frozen,1,1,1,0.001,0.1,512,3,5,4,256,6000,8.0,2633729,0,0,9973,110,500012,9,0,6000,69,414.0,3.45,5.76495,0.90092361
frozen,1,1,1,0.001,0.1,512,3,5,4,256,6000,8.0,2633729,0,0,9973,110,500012,9,0,6000,70,420.0,3.5,5.8485,0.90384203
frozen,1,1,1,0.001,0.1,512,3,5,4,256,6000,8.0,2633729,0,0,9973,110,500012,9,0,6000,71,426.0,3.55,5.93205,0.90632552
frozen,1,1,1,0.001,0.1,512,3,5,4,256,6000,8.0,2633729,0,0,9973,110,500012,9,0,6000,72,432.0,3.6,6.0156,0.91088039
frozen,1,1,1,0.001,0.1,512,3,5,4,256,6000,8.0,2633729,0,0,9973,110,500012,9,0,6000,73,438.0,3.65,6.09915,0.91605371
frozen,1,1,1,0.001,0.1,512,3,5,4,256,6000,8.0,2633729,0,0,9973,110,500012,9,0,6000,74,444.0,3.7,6.1827,0.91891015
frozen,1,1,1,0.001,0.1,512,3,5,4,256,6000,8.0,2633729,0,0,9973,110,500012,9,0,6000,75,450.0,3.75,6.26625,0.91904861
frozen,1,1,1,0.001,0.1,512,3,5,4,256,6000,8.0,2633729,0,0,9973,110,500012,9,0,6000,76,456.0,3.8,6.3498,0.91798431
frozen,1,1,1,0.001,0.1,512,3,5,4,256,6000,8.0,2633729,0,0,9973,110,500012,9,0,6000,77,462.0,3.85,6.43335,0.91727394
frozen,1,1,1,0.001,0.1,512,3,5,4,256,6000,8.0,2633729,0,0,9973,110,500012,9,0,6000,78,468.0,3.9,6.5169,0.91771662
frozen,1,1,1,0.001,0.1,512,3,5,4,256,6000,8.0,2633729,0,0,9973,110,500012,9,0,6000,79,474.0,3.95,6.60045,0.91916138
frozen,1,1,1,0.001,0.1,512,3,5,4,256,6000,8.0,2633729,0,0,9973,110,500012,9,0,6000,80,480.0,4.0,6.684,0.92094743
frozen,1,1,1,0.001,0.1,512,3,5,4,256,6000,8.0,2633729,0,0,9973,110,500012,9,0,6000,81,486.0,4.05,6.76755,0.92226976
frozen,1,1,1,0.001,0.1,512,3,5,4,256,6000,8.0,2633729,0,0,9973,110,500012,9,0,6000,82,492.0,4.1,6.8511,0.92237538
frozen,1,1,1,0.001,0.1,512,3,5,4,256,6000,8.0,2633729,0,0,9973,110,500012,9,0,6000,83,498.0,4.15,6.93465,0.92081934
frozen,1,1,1,0.001,0.1,512,3,5,4,256,6000,8.0,2633729,0,0,9973,110,500012,9,0,6000,84,504.0,4.2,7.0182,0.91756946
frozen,1,1,1,0.001,0.1,512,3,5,4,256,6000,8.0,2633729,0,0,9973,110,500012,9,0,6000,85,510.0,4.25,7.10175,0.91410482
frozen,1,1,1,0.001,0.1,512,3,5,4,256,6000,8.0,2633729,0,0,9973,110,500012,9,0,6000,86,516.0,4.3,7.1853,0.9128871
frozen,1,1,1,0.001,0.1,512,3,5,4,256,6000,8.0,2633729,0,0,9973,110,500012,9,0,6000,87,522.0,4.35,7.26885,0.91461444
frozen,1,1,1,0.001,0.1,512,3,5,4,256,6000,8.0,2633729,0,0,9973,110,500012,9,0,6000,88,528.0,4.4,7.3524,0.91846633
frozen,1,1,1,0.001,0.1,512,3,5,4,256,6000,8.0,2633729,0,0,9973,110,500012,9,0,6000,89,534.0,4.45,7.43595,0.92276943
frozen,1,1,1,0.001,0.1,512,3,5,4,256,6000,8.0,2633729,0,0,9973,110,500012,9,0,6000,90,540.0,4.5,7.5195,0.92462003
frozen,1,1,1,0.001,0.1,512,3,5,4,256,6000,8.0,2633729,0,0,9973,110,500012,9,0,6000,91,546.0,4.55,7.60305,0.92254364
frozen,1,1,1,0.001,0.1,512,3,5,4,256,6000,8.0,2633729,0,0,9973,110,500012,9,0,6000,92,552.0,4.6,7.6866,0.91832632
frozen,1,1,1,0.001,0.1,512,3,5,4,256,6000,8.0,2633729,0,0,9973,110,500012,9,0,6000,93,558.0,4.65,7.77015,0.91533768
frozen,1,1,1,0.001,0.1,512,3,5,4,256,6000,8.0,2633729,0,0,9973,110,500012,9,0,6000,94,564.0,4.7,7.8537,0.91540438
frozen,1,1,1,0.001,0.1,512,3,5,4,256,6000,8.0,2633729,0,0,9973,110,500012,9,0,6000,95,570.0,4.75,7.93725,0.91786796
frozen,1,1,1,0.001,0.1,512,3,5,4,256,6000,8.0,2633729,0,0,9973,110,500012,9,0,6000,96,576.0,4.8,8.0208,0.92133546
frozen,1,1,1,0.001,0.1,512,3,5,4,256,6000,8.0,2633729,0,0,9973,110,500012,9,0,6000,97,582.0,4.85,8.10435,0.92512494
frozen,1,1,1,0.001,0.1,512,3,5,4,256,6000,8.0,2633729,0,0,9973,110,500012,9,0,6000,98,588.0,4.9,8.1879,0.92841154
frozen,1,1,1,0.001,0.1,512,3,5,4,256,6000,8.0,2633729,0,0,9973,110,500012,9,0,6000,99,594.0,4.95,8.27145,0.93019789
frozen,1,1,1,0.001,0.1,512,3,5,4,256,6000,8.0,2633729,0,0,9973,110,500012,9,0,6000,100,600.0,5.0,8.355,0.93073797
frozen,1,1,1,0.001,0.1,512,3,5,4,256,6000,8.0,2633729,0,0,9973,110,500012,9,0,6000,101,606.0,5.05,8.43855,0.93109196
frozen,1,1,1,0.001,0.1,512,3,5,4,256,6000,8.0,2633729,0,0,9973,110,500012,9,0,6000,102,612.0,5.1,8.5221,0.93204957
frozen,1,1,1,0.001,0.1,512,3,5,4,256,6000,8.0,2633729,0,0,9973,110,500012,9,0,6000,103,618.0,5.15,8.60565,0.93371987
frozen,1,1,1,0.001,0.1,512,3,5,4,256,6000,8.0,2633729,0,0,9973,110,500012,9,0,6000,104,624.0,5.2,8.6892,0.93599838
frozen,1,1,1,0.001,0.1,512,3,5,4,256,6000,8.0,2633729,0,0,9973,110,500012,9,0,6000,105,630.0,5.25,8.77275,0.93843693
frozen,1,1,1,0.001,0.1,512,3,5,4,256,6000,8.0,2633729,0,0,9973,110,500012,9,0,6000,106,636.0,5.3,8.8563,0.94034046
frozen,1,1,1,0.001,0.1,512,3,5,4,256,6000,8.0,2633729,0,0,9973,110,500012,9,0,6000,107,642.0,5.35,8.93985,0.94182402
frozen,1,1,1,0.001,0.1,512,3,5,4,256,6000,8.0,2633729,0,0,9973,110,500012,9,0,6000,108,648.0,5.4,9.0234,0.94248313
frozen,1,1,1,0.001,0.1,512,3,5,4,256,6000,8.0,2633729,0,0,9973,110,500012,9,0,6000,109,654.0,5.45,9.10695,0.94120479
frozen,1,1,1,0.001,0.1,512,3,5,4,256,6000,8.0,2633729,0,0,9973,110,500012,9,0,6000,110,660.0,5.5,9.1905,0.93904757
frozen,1,1,1,0.001,0.1,512,3,5,4,256,6000,8.0,2633729,0,0,9973,110,500012,9,0,6000,111,666.0,5.55,9.27405,0.93836057
frozen,1,1,1,0.001,0.1,512,3,5,4,256,6000,8.0,2633729,0,0,9973,110,500012,9,0,6000,112,672.0,5.6,9.3576,0.93952024
frozen,1,1,1,0.001,0.1,512,3,5,4,256,6000,8.0,2633729,0,0,9973,110,500012,9,0,6000,113,678.0,5.65,9.44115,0.94133705
frozen,1,1,1,0.001,0.1,512,3,5,4,256,6000,8.0,2633729,0,0,9973,110,500012,9,0,6000,114,684.0,5.7,9.5247,0.94346005
frozen,1,1,1,0.001,0.1,512,3,5,4,256,6000,8.0,2633729,0,0,9973,110,500012,9,0,6000,115,690.0,5.75,9.60825,0.94587195
frozen,1,1,1,0.001,0.1,512,3,5,4,256,6000,8.0,2633729,0,0,9973,110,500012,9,0,6000,116,696.0,5.8,9.6918,0.94830132
frozen,1,1,1,0.001,0.1,512,3,5,4,256,6000,8.0,2633729,0,0,9973,110,500012,9,0,6000,117,702.0,5.85,9.77535,0.95112479
frozen,1,1,1,0.001,0.1,512,3,5,4,256,6000,8.0,2633729,0,0,9973,110,500012,9,0,6000,118,708.0,5.9,9.8589,0.95420629
frozen,1,1,1,0.001,0.1,512,3,5,4,256,6000,8.0,2633729,0,0,9973,110,500012,9,0,6000,119,714.0,5.95,9.94245,0.95558834
frozen,1,1,1,0.001,0.1,512,3,5,4,256,6000,8.0,2633729,0,0,9973,110,500012,9,0,6000,120,720.0,6.0,10.026,0.95359904
